IdentityID,CanonicalName,DOBApprox,LinkedAccusedIDs,ResolutionConfidence,ResolutionMethod
1,Ekaraj Bal,,"7,24",0.97,fuzzy_name_district
2,Krishna Devan,,"34,353,2350",0.86,fuzzy_name_district
3,Anmol Taneja,,"36,321,2147",0.85,fuzzy_name_district
4,Chandresh Ghosh,,"40,410,679,1074,6146,21517",0.94,fuzzy_name_district
5,Ekapad Garde,,"42,44,64,164,345,4516,6076,7533",0.9,fuzzy_name_district
6,William Sama,,"45,75,1130,3535,4589,16873,22672",0.86,fuzzy_name_district
7,Upma Kothari,,"51,277",0.87,fuzzy_name_district
8,Chatresh Bath,,"61,105,1139",0.91,fuzzy_name_district
9,Tarak Subramanian,,"66,309,2616,19860,19980",0.98,fuzzy_name_district
10,Dakshesh Raju,,"92,96,249,2239,6005,10589,12670,18667",0.92,fuzzy_name_district
11,Caleb Borah,,"99,103,4835,8719",0.9,fuzzy_name_district
12,Balhaar Parmar,,"102,731,737,903,3902",0.85,fuzzy_name_district
13,Vihaan Bora,,"109,2161",0.82,fuzzy_name_district
14,Vincent Thaker,,"120,399,474,1387,1556",0.98,fuzzy_name_district
15,Imaran Sura,,"122,652,1308,18599",0.87,fuzzy_name_district
16,Azad Lalla,,"123,3004,4289",0.92,fuzzy_name_district
17,Rishi Singh,,"124,184,568,14417,14676,24077",0.97,fuzzy_name_district
18,Bakhshi Karpe,,"138,6668,8303",0.92,fuzzy_name_district
19,Jyoti Subramaniam,,"142,1178",0.9,fuzzy_name_district
20,Ekalinga Kumar,,"144,2803",0.88,fuzzy_name_district
21,Girindra Ahluwalia,,"145,1671,7860,9156",0.92,fuzzy_name_district
22,Qadim Majumdar,,"148,947,12247,13537",0.86,fuzzy_name_district
23,Gunbir Sha,,"165,937,1707,7544,15569",0.88,fuzzy_name_district
24,Imaran Karpe,,"170,256",0.88,fuzzy_name_district
25,Harish Keer,,"174,461,529,8154,14035",0.86,fuzzy_name_district
26,Quincy Murty,,"177,727,1100,2768,12254,22209",0.82,fuzzy_name_district
27,Umang Sachdev,,"197,360,3469,10091",0.88,fuzzy_name_district
28,Laban Saxena,,"205,6840",0.85,fuzzy_name_district
29,Tejas Rana,,"211,2790,3690,7930",0.94,fuzzy_name_district
30,Faris Biswas,,"234,538,2463,3668",0.9,fuzzy_name_district
31,Farhan Walla,,"250,13250",0.85,fuzzy_name_district
32,Chakradhar Ratta,,"255,1640",0.95,fuzzy_name_district
33,Gabriel Sura,,"258,2941,12111,12540,21174",0.89,fuzzy_name_district
34,Ishaan Apte,,"260,559,6593",0.95,fuzzy_name_district
35,Ronith Divan,,"264,685,1028,1182,1997,2111,16262",0.96,fuzzy_name_district
36,Pooja Bajwa,,"270,1399,6330,17609,20118",0.97,fuzzy_name_district
37,Jatin Sane,,"297,576,1143,4913,11858",0.98,fuzzy_name_district
38,Anthony Garde,,"308,15353",0.92,fuzzy_name_district
39,Warinder Desai,,"319,3320,3499,4608",0.83,fuzzy_name_district
40,Peter Dayal,,"323,2165",0.87,fuzzy_name_district
41,Noah Nigam,,"330,367",0.88,fuzzy_name_district
42,Robert Grover,,"335,3359,5412,16407",0.92,fuzzy_name_district
43,Nikita Murty,,"336,547",0.98,fuzzy_name_district
44,Vivaan Batra,,"346,776",0.92,fuzzy_name_district
45,Falguni Dugar,,"350,9765,21624",0.86,fuzzy_name_district
46,Nachiket Nigam,,"354,654,4930,16964",0.87,fuzzy_name_district
47,Lohit Balasubramanian,,"372,451,765,785,17774,20302",0.89,fuzzy_name_district
48,Sarthak Shah,,"377,633,8862,20022",0.97,fuzzy_name_district
49,Balvan Zacharia,,"383,1680,3719,7339",0.99,fuzzy_name_district
50,Ganga Tandon,,"390,412,493,573,754,828,1741",0.86,fuzzy_name_district
51,Jonathan Menon,,"401,490,3558",0.87,fuzzy_name_district
52,Falan Acharya,,"409,1156,10555",0.83,fuzzy_name_district
53,William Sarin,,411,0.97,fuzzy_name_district
54,Frederick Bhatt,,426,0.84,fuzzy_name_district
55,Sarthak Ganguly,,"431,746,5108,5305,13661",0.96,fuzzy_name_district
56,Jacob Handa,,"437,740",0.9,fuzzy_name_district
57,Anthony Chawla,,"441,918",0.96,fuzzy_name_district
58,Ekanta Choudhry,,"452,566,4744,5181,23854",0.9,fuzzy_name_district
59,Vihaan Mallick,,"454,3650,6817,24066",0.85,fuzzy_name_district
60,Simon Wali,,"458,8439,14738",0.92,fuzzy_name_district
61,Hemang Buch,,"462,1017,1806",0.83,fuzzy_name_district
62,Anmol Pau,,464,0.95,fuzzy_name_district
63,William Kadakia,,"466,3399,5912,6634,9810",0.94,fuzzy_name_district
64,Tripti Oza,,477,0.93,fuzzy_name_district
65,Chakrika Yohannan,,"491,3276,7634",0.89,fuzzy_name_district
66,Matthew Modi,,"499,861",0.92,fuzzy_name_district
67,Kai Gaba,,"504,1508,1721,6440,10187",0.87,fuzzy_name_district
68,Matthew Anne,,"517,3738",0.9,fuzzy_name_district
69,Elijah Mall,,"518,949,1240,7001,13012",0.91,fuzzy_name_district
70,Qadim Goyal,,"522,814,6948,14768",0.84,fuzzy_name_district
71,Abeer Swamy,,"531,1777,3402,5072,15593",0.93,fuzzy_name_district
72,Qadim Palla,,"549,1121,1879",0.82,fuzzy_name_district
73,Harrison Taneja,,"558,1362,6862,20571",0.87,fuzzy_name_district
74,Balvan Mittal,,"562,672,1019,2677,8610,24274",0.89,fuzzy_name_district
75,Nitesh Ramakrishnan,,"578,683,3446,12449,21374",0.95,fuzzy_name_district
76,Yatan Sinha,,"586,1248,21206",0.93,fuzzy_name_district
77,Naksh Butala,,"590,862,897,1000,2611,11257",0.86,fuzzy_name_district
78,Sarthak Pillai,,594,0.82,fuzzy_name_district
79,Frederick Dalal,,"597,645,1705",0.86,fuzzy_name_district
80,Jonathan Thaman,,"606,2470,2480,14225",0.93,fuzzy_name_district
81,Vinaya Deo,,608,0.9,fuzzy_name_district
82,Karan Lalla,,"611,1487,2935,21974",0.86,fuzzy_name_district
83,Mason Dixit,,"634,790,1337,1881,2448,10864",0.85,fuzzy_name_district
84,Caleb Mitra,,"646,1265,1560,7265,8132",0.9,fuzzy_name_district
85,Vivaan Deep,,"656,1460,19315",0.91,fuzzy_name_district
86,Divya Jaggi,,"667,8394,12803",0.98,fuzzy_name_district
87,Ishaan Devi,,"670,1244,2043",0.9,fuzzy_name_district
88,Samuel Rout,,"671,16801",0.94,fuzzy_name_district
89,Abdul Varughese,,"673,9366,14611",0.9,fuzzy_name_district
90,Daniel Prabhu,,"695,718,915,1662,5488",0.92,fuzzy_name_district
91,Darpan Ben,,712,0.86,fuzzy_name_district
92,Lohit Bath,,"722,1553,2114,12081,14920",0.86,fuzzy_name_district
93,Onveer Lal,,"724,1713,5012,21294",0.89,fuzzy_name_district
94,Aarnav Andra,,"728,1412,13663,20731,24426",0.98,fuzzy_name_district
95,Chakradev Mitter,,"733,6603",0.93,fuzzy_name_district
96,Jackson Tak,,"734,10077",0.89,fuzzy_name_district
97,Andrew Mand,,735,0.88,fuzzy_name_district
98,Devansh Lad,,"739,4816,21518",0.83,fuzzy_name_district
99,Viraj Tandon,,743,0.91,fuzzy_name_district
100,Amrita Srinivasan,,"748,15393",0.93,fuzzy_name_district
101,Devansh Bhatia,,"752,1169,2733,7638",0.87,fuzzy_name_district
102,Tristan Grewal,,"758,1148,6275",0.95,fuzzy_name_district
103,Ekapad Basu,,"759,2394,2431,5186,13880",0.89,fuzzy_name_district
104,Praneel Mukhopadhyay,,"761,15209",0.99,fuzzy_name_district
105,Siddharth Padmanabhan,,"763,9079,13015",0.98,fuzzy_name_district
106,Yug Kanda,,"766,1468,6946,18624",0.97,fuzzy_name_district
107,Ishanvi Ratta,,"767,11258,18391,19876",0.86,fuzzy_name_district
108,Ria Garg,,"775,1005,6897",0.83,fuzzy_name_district
109,Nidhi Maharaj,,"794,1786",0.97,fuzzy_name_district
110,Ekapad Lal,,"795,1059",0.83,fuzzy_name_district
111,Manya Jaggi,,"813,1360,5096,5166,5857,7770",0.86,fuzzy_name_district
112,Chatresh Parikh,,"835,4052",0.93,fuzzy_name_district
113,Imaran Bhatti,,"837,847,1271,1740,3316",0.9,fuzzy_name_district
114,Harsh Keer,,"852,6096",0.86,fuzzy_name_district
115,Rayaan Sane,,857,0.87,fuzzy_name_district
116,Chatura Padmanabhan,,"871,904,6865",0.91,fuzzy_name_district
117,Vasatika Ratti,,"881,4222,4464,13475,17528,18494",0.91,fuzzy_name_district
118,Devansh Tank,,"886,21476",0.91,fuzzy_name_district
119,Matthew Sibal,,887,0.87,fuzzy_name_district
120,Logan Kannan,,890,0.93,fuzzy_name_district
121,Vedant Din,,"898,1815,17946,20645",0.88,fuzzy_name_district
122,Gautam Rajagopalan,,"919,20961",0.98,fuzzy_name_district
123,Yash Bhatt,,922,0.93,fuzzy_name_district
124,Brijesh Dash,,"925,1804,2797",0.83,fuzzy_name_district
125,Simon Dhar,,"933,1840",0.94,fuzzy_name_district
126,Teerth Raghavan,,"934,9969",0.94,fuzzy_name_district
127,Ojas Mahajan,,"938,1001,1775,3855",0.96,fuzzy_name_district
128,Abdul Samra,,"952,7258",0.84,fuzzy_name_district
129,Peter Saraf,,"968,3091",0.85,fuzzy_name_district
130,Ucchal Narula,,"969,4967,5435,15829",0.86,fuzzy_name_district
131,Zashil Ramachandran,,"972,1724,3227",0.85,fuzzy_name_district
132,Jagat Majumdar,,"991,3516,6748,12014",0.98,fuzzy_name_district
133,Max Kannan,,"1003,1329,1498,1708,2928,4662,7898,11716",0.9,fuzzy_name_district
134,Chakradhar Tandon,,"1012,1436,3188,3935,4856,16434",0.91,fuzzy_name_district
135,Dalaja Vaidya,,"1022,1847,5456,14325",0.88,fuzzy_name_district
136,Ekavir Agarwal,,1023,0.98,fuzzy_name_district
137,Robert Sekhon,,1031,0.88,fuzzy_name_district
138,Ekapad Korpal,,1035,0.95,fuzzy_name_district
139,Ranbir Bal,,1042,0.83,fuzzy_name_district
140,Qadim Dhaliwal,,"1043,5577",0.83,fuzzy_name_district
141,Maanav Parsa,,"1064,11486",0.88,fuzzy_name_district
142,Utkarsh Murthy,,"1066,2013,2462",0.98,fuzzy_name_district
143,Rachit Chacko,,1072,0.88,fuzzy_name_district
144,Charles Mannan,,"1075,21774",0.91,fuzzy_name_district
145,Harish Ratti,,"1078,2228,8847,16469,24579",0.84,fuzzy_name_district
146,Jagvi Bajaj,,"1083,4649,11879",0.83,fuzzy_name_district
147,Abdul Issac,,"1088,2781,5149,5328,20394",0.96,fuzzy_name_district
148,Karan Verma,,"1091,1136,5942",0.86,fuzzy_name_district
149,Amrita Brar,,"1109,10412",0.87,fuzzy_name_district
150,Praneel Grover,,"1111,3598",0.96,fuzzy_name_district
151,Veda Das,,"1114,1677,9237,10262,11670",0.87,fuzzy_name_district
152,Tarak Sehgal,,1126,0.97,fuzzy_name_district
153,Nirja Das,,1133,0.83,fuzzy_name_district
154,Naksh Tak,,"1144,1259,1672",0.92,fuzzy_name_district
155,Baljiwan Talwar,,"1152,5820,6675,9658,19128",0.91,fuzzy_name_district
156,Akshay Soni,,"1160,3152,8717,11953",0.94,fuzzy_name_district
157,Maanas Aggarwal,,"1170,3039,8126",0.97,fuzzy_name_district
158,Ethan Shukla,,"1189,4316,5033",0.91,fuzzy_name_district
159,Maanav Gaba,,1190,0.85,fuzzy_name_district
160,Tarak Buch,,"1194,2606,14694",0.88,fuzzy_name_district
161,Manan Bera,,"1202,1310,3089",0.88,fuzzy_name_district
162,Harish Contractor,,"1206,6380",0.83,fuzzy_name_district
163,Maya Mitter,,1219,0.96,fuzzy_name_district
164,Zaid Soni,,"1224,22602",0.96,fuzzy_name_district
165,Maanas Borde,,"1237,7172",0.95,fuzzy_name_district
166,Advika Mand,,"1272,14136,19181",0.99,fuzzy_name_district
167,Ayush Buch,,"1277,5948",0.96,fuzzy_name_district
168,Azaan Lad,,"1280,2209",0.96,fuzzy_name_district
169,Falan Bal,,"1286,5958,16036,19818",0.92,fuzzy_name_district
170,Hritik Radhakrishnan,,"1288,1928,4010,23153",0.92,fuzzy_name_district
171,Falan Raj,,"1289,2049,5520",0.87,fuzzy_name_district
172,Warinder Vohra,,"1290,5740",0.9,fuzzy_name_district
173,Devika Khosla,,"1293,22444",0.89,fuzzy_name_district
174,Jai Memon,,"1304,2895,3377",0.96,fuzzy_name_district
175,Nathaniel Gokhale,,"1311,4033,16628",0.92,fuzzy_name_district
176,Peter Brar,,"1321,4196",0.89,fuzzy_name_district
177,Nisha Barad,,"1322,3284",0.86,fuzzy_name_district
178,Aarna Korpal,,"1323,7508",0.98,fuzzy_name_district
179,Yash Ramanathan,,"1330,1444,14824",0.97,fuzzy_name_district
180,Shaurya Rastogi,,"1359,2841,12609",0.89,fuzzy_name_district
181,Neel Prabhu,,1361,0.83,fuzzy_name_district
182,Abdul Nadkarni,,"1365,2252,3521",0.94,fuzzy_name_district
183,Girish Raja,,"1382,4440",0.95,fuzzy_name_district
184,Jatin Morar,,"1396,3050",0.93,fuzzy_name_district
185,Fariq Sama,,"1409,20032",0.94,fuzzy_name_district
186,Sai Balakrishnan,,"1413,2093",0.94,fuzzy_name_district
187,Victor Acharya,,"1415,1479",0.82,fuzzy_name_district
188,Faraj Prasad,,"1417,8096,11889",0.95,fuzzy_name_district
189,Jairaj Char,,"1419,7295",0.92,fuzzy_name_district
190,Oliver Warrior,,1429,0.84,fuzzy_name_district
191,Jairaj Bawa,,"1446,2131,9097",0.88,fuzzy_name_district
192,Nicholas Kant,,"1452,1658,10486,17585",0.9,fuzzy_name_district
193,Maanas Sharma,,"1453,2221,8964,10015",0.85,fuzzy_name_district
194,Tristan Doshi,,"1455,9299,20035",0.84,fuzzy_name_district
195,Zaid Kade,,1456,0.84,fuzzy_name_district
196,Isaiah Raval,,"1465,2066,2646",0.96,fuzzy_name_district
197,Shaurya Sahota,,"1470,9545,9952",0.94,fuzzy_name_district
198,Victor Konda,,1477,0.93,fuzzy_name_district
199,Thomas Sangha,,"1485,5265",0.92,fuzzy_name_district
200,Kalpit Oommen,,1488,0.98,fuzzy_name_district
201,Harrison Patla,,"1501,1811,4728",0.86,fuzzy_name_district
202,Vincent Chaudhari,,"1509,1550,4409,8045,13864",0.86,fuzzy_name_district
203,Tanveer Choudhury,,1511,0.96,fuzzy_name_district
204,Nathaniel Wali,,"1517,7719",0.83,fuzzy_name_district
205,Faras Naik,,"1519,2164,2313,2697,3783,4118",0.92,fuzzy_name_district
206,Laksh Chhabra,,"1527,2079,4482,4938",0.87,fuzzy_name_district
207,Onveer Majumdar,,"1530,14830",0.96,fuzzy_name_district
208,Nakul Karpe,,"1549,8283,9692",0.97,fuzzy_name_district
209,Ryan Chaudhry,,"1561,20613",0.96,fuzzy_name_district
210,Devansh Venkataraman,,"1565,8855",0.93,fuzzy_name_district
211,Farhan Saini,,"1566,2491",0.84,fuzzy_name_district
212,Harita Venkataraman,,"1567,12083",0.89,fuzzy_name_district
213,Gautam Patla,,1568,0.87,fuzzy_name_district
214,Vihaan Venkatesh,,"1580,1924",0.83,fuzzy_name_district
215,Girik Kumer,,"1587,14877,14891",0.96,fuzzy_name_district
216,Dayamai Dara,,"1591,4143",0.93,fuzzy_name_district
217,Fiyaz Prasad,,"1595,6513",0.91,fuzzy_name_district
218,Ekansh Mital,,"1599,2083,13824",0.96,fuzzy_name_district
219,Nihal Apte,,"1604,3362",0.94,fuzzy_name_district
220,Urishilla Lata,,"1615,7498",0.9,fuzzy_name_district
221,Anusha Palan,,"1617,2694,5132",0.91,fuzzy_name_district
222,Yug Kapur,,"1630,3061,5416,6018",0.84,fuzzy_name_district
223,Advay Sen,,"1638,3053,8537,17660",0.9,fuzzy_name_district
224,Upkaar Mukherjee,,1642,0.92,fuzzy_name_district
225,Aarnav Narain,,"1653,1878,5351",0.98,fuzzy_name_district
226,Nachiket Manne,,1657,0.84,fuzzy_name_district
227,Bhanumati Srinivasan,,1663,0.92,fuzzy_name_district
228,Saksham Saran,,"1665,3795,13471",0.83,fuzzy_name_district
229,Teerth Trivedi,,"1670,8788,15078",0.84,fuzzy_name_district
230,Maanav Agrawal,,"1674,2075",0.85,fuzzy_name_district
231,Ishaan Prabhu,,"1676,3768,6801,21906",0.9,fuzzy_name_district
232,Widisha Kulkarni,,"1679,16308",0.94,fuzzy_name_district
233,Rudra Barman,,"1681,16865",0.87,fuzzy_name_district
234,Gavin Yadav,,"1683,3491,7906",0.89,fuzzy_name_district
235,Wriddhish Chopra,,"1686,1820,2471,5930,10329",0.86,fuzzy_name_district
236,Jeremiah Pai,,1702,0.94,fuzzy_name_district
237,Suhani Hora,,"1718,2858,8021",0.95,fuzzy_name_district
238,William Garde,,1728,0.88,fuzzy_name_district
239,Bakhshi Goel,,"1730,2564,3257",0.88,fuzzy_name_district
240,George Tripathi,,"1749,2176,17616,21561,24428",0.87,fuzzy_name_district
241,Ishaan Gaba,,"1752,1887,1901,2091,5947",0.83,fuzzy_name_district
242,Faraj Dhar,,"1760,11249",0.9,fuzzy_name_district
243,Zaid Sant,,"1765,14074,20931",0.93,fuzzy_name_district
244,Ishwar Khalsa,,"1773,4333",0.93,fuzzy_name_district
245,Rehaan Divan,,"1774,2038,5308",0.82,fuzzy_name_district
246,Naksh Chokshi,,"1785,3080",0.83,fuzzy_name_district
247,Neel Randhawa,,"1788,5953",0.92,fuzzy_name_district
248,Omisha Banerjee,,"1789,3208",0.88,fuzzy_name_district
249,Neel Ram,,"1798,16081",0.92,fuzzy_name_district
250,Max Patel,,"1808,3231",0.89,fuzzy_name_district
251,Baljiwan Mammen,,"1818,7732",0.96,fuzzy_name_district
252,Udarsh Agarwal,,"1828,15636,23217",0.84,fuzzy_name_district
253,Isaiah Setty,,"1841,7714,8242",0.87,fuzzy_name_district
254,Henry Char,,"1842,10542",0.98,fuzzy_name_district
255,Manbir Dara,,"1844,12034",0.96,fuzzy_name_district
256,Yatan Balay,,1848,0.93,fuzzy_name_district
257,Siddharth Panchal,,"1849,8416,10383,23194",0.94,fuzzy_name_district
258,Chandresh Gala,,"1860,5652,16214",0.88,fuzzy_name_district
259,Caleb Grover,,"1866,6559",0.89,fuzzy_name_district
260,Radhika Kar,,"1873,5458",0.87,fuzzy_name_district
261,David Puri,,"1888,4659",0.9,fuzzy_name_district
262,Teerth Raju,,1900,0.87,fuzzy_name_district
263,Urmi Viswanathan,,"1904,2647,16118,21880",0.93,fuzzy_name_district
264,Naveen Bail,,"1905,5801,14430",0.95,fuzzy_name_district
265,Harshil Pradhan,,1907,0.92,fuzzy_name_district
266,Ikbal Murthy,,"1908,4786",0.96,fuzzy_name_district
267,Balveer Vohra,,"1917,3501,4074,15448",0.96,fuzzy_name_district
268,Upkaar Dixit,,"1918,6169,22541",0.91,fuzzy_name_district
269,Rudra Raval,,1932,0.9,fuzzy_name_district
270,Dalbir Sachar,,"1934,5546,12164",0.83,fuzzy_name_district
271,Quincy Jayaraman,,"1939,4966",0.97,fuzzy_name_district
272,Ekalinga Hayer,,"1951,3580,16227",0.92,fuzzy_name_district
273,Jason Kara,,"1955,1992,4275,7608,19141",0.89,fuzzy_name_district
274,Nitesh Upadhyay,,"1957,2040,6914",0.92,fuzzy_name_district
275,Samaksh Sankaran,,"1961,4672",0.9,fuzzy_name_district
276,Anmol Gandhi,,"1970,4628",0.9,fuzzy_name_district
277,Noah Chaudhry,,"1971,2010,5219",0.82,fuzzy_name_district
278,Vihaan Dixit,,"1980,3432,16440",0.89,fuzzy_name_district
279,Falan Borah,,"1981,11159,20193",0.95,fuzzy_name_district
280,Arjun Borra,,1999,0.85,fuzzy_name_district
281,Hitesh Ganesh,,2014,0.88,fuzzy_name_district
282,Aarush Murty,,"2017,17960",0.83,fuzzy_name_district
283,Chatresh Sood,,"2033,13621,13742",0.87,fuzzy_name_district
284,Charles Badal,,2036,0.95,fuzzy_name_district
285,Henry Choudhry,,"2046,7473,7793",0.83,fuzzy_name_district
286,Unni Atwal,,2054,0.94,fuzzy_name_district
287,Harish Majumdar,,"2057,14428,17789",0.89,fuzzy_name_district
288,Jacob Sunder,,"2059,2441,6979,9228,18901,24772",0.86,fuzzy_name_district
289,Dayamai Loyal,,"2061,3656,23869",0.98,fuzzy_name_district
290,Chatresh Khurana,,"2062,2104,2929,12537",0.9,fuzzy_name_district
291,Jason Nair,,2067,0.99,fuzzy_name_district
292,Vivaan Sachar,,"2071,9275",0.85,fuzzy_name_district
293,Andrew Kunda,,"2073,2229,3388,7644,13024",0.83,fuzzy_name_district
294,Azad Dutt,,"2084,2174,2488,6467,8310,18733",0.89,fuzzy_name_district
295,Ranbir Amble,,"2085,2267,20192",0.96,fuzzy_name_district
296,Kiaan Venkatesh,,"2087,2196,8348",0.88,fuzzy_name_district
297,Ekansh Bera,,"2092,3015,3852",0.89,fuzzy_name_district
298,Ayush Bal,,"2103,10021,13456",0.88,fuzzy_name_district
299,Jeremiah Butala,,"2121,3961",0.85,fuzzy_name_district
300,Anusha Ramakrishnan,,"2122,2305,10498,11283",0.97,fuzzy_name_district
301,Daksh Datta,,"2138,7771,9935,12088",0.89,fuzzy_name_district
302,Balhaar Nagi,,2151,0.92,fuzzy_name_district
303,Chatura Sunder,,"2153,3198",0.94,fuzzy_name_district
304,Manbir Dhillon,,"2163,6065,8646,12020",0.93,fuzzy_name_district
305,Samar Bajaj,,2168,0.98,fuzzy_name_district
306,Dhruv Devan,,"2190,2515,8297,11402,18057",0.9,fuzzy_name_district
307,Vinaya Buch,,2194,0.89,fuzzy_name_district
308,Frederick Grover,,"2205,3995",0.87,fuzzy_name_district
309,Shaurya Garg,,"2206,3056",0.85,fuzzy_name_district
310,Ronith Pau,,2216,0.95,fuzzy_name_district
311,Abhiram Dutt,,"2220,4544,6812",0.83,fuzzy_name_district
312,Jeremiah Tripathi,,2222,0.92,fuzzy_name_district
313,Vihaan Talwar,,2226,0.84,fuzzy_name_district
314,Girik Koshy,,"2232,4777,16494",0.86,fuzzy_name_district
315,Qabil Kade,,"2243,10042",0.86,fuzzy_name_district
316,Om Uppal,,"2256,2784,4217,9269",0.97,fuzzy_name_district
317,Lucky Mitter,,"2263,3780,8306",0.91,fuzzy_name_district
318,Girish Bhatnagar,,"2268,2866,2925,10733",0.9,fuzzy_name_district
319,Fariq Jani,,2271,0.98,fuzzy_name_district
320,Ekansh Raghavan,,"2274,2789,7033,8860",0.88,fuzzy_name_district
321,Viraj Venkataraman,,"2291,6458",0.93,fuzzy_name_district
322,Charles Dayal,,2304,0.86,fuzzy_name_district
323,Ansh Dara,,"2306,7277",0.98,fuzzy_name_district
324,Ikshita Samra,,"2316,9737",0.84,fuzzy_name_district
325,Avi Sami,,"2319,4004",0.96,fuzzy_name_district
326,Brijesh Sankar,,"2322,2953,7087,11185,23367",0.98,fuzzy_name_district
327,Siddharth Morar,,"2326,2937,3408",0.91,fuzzy_name_district
328,Deepa Hegde,,2339,0.88,fuzzy_name_district
329,Thomas Kumar,,"2345,5845,13903,20239",0.82,fuzzy_name_district
330,Ekapad Soman,,"2346,5938",0.97,fuzzy_name_district
331,Dalbir Bedi,,"2349,9685,11354",0.99,fuzzy_name_district
332,Nathan Gera,,"2353,5341,18962",0.98,fuzzy_name_district
333,Leela Chandran,,2364,0.83,fuzzy_name_district
334,Hredhaan Chowdhury,,2386,0.89,fuzzy_name_district
335,Aarav Rattan,,2392,0.92,fuzzy_name_district
336,Raghav Mahal,,"2403,3865,13727",0.96,fuzzy_name_district
337,Oliver Palan,,"2410,6186,18141",0.93,fuzzy_name_district
338,Zayan Krishnamurthy,,"2414,2706",0.95,fuzzy_name_district
339,Laban Sehgal,,2418,0.9,fuzzy_name_district
340,Leena Lala,,"2437,5126",0.89,fuzzy_name_district
341,Aadi Sekhon,,2459,0.96,fuzzy_name_district
342,Warinder Wadhwa,,"2464,8155",0.84,fuzzy_name_district
343,Elijah Mand,,2472,0.9,fuzzy_name_district
344,Saksham Devi,,"2473,3647,6604,8728,18293",0.88,fuzzy_name_district
345,Ekavir Date,,"2478,14110",0.96,fuzzy_name_district
346,Yadavi Acharya,,2479,0.9,fuzzy_name_district
347,Xavier Venkatesh,,"2483,7848",0.9,fuzzy_name_district
348,Robert Prakash,,"2484,22442",0.85,fuzzy_name_district
349,Samuel Padmanabhan,,"2494,4445",0.83,fuzzy_name_district
350,Om Doshi,,"2500,15817",0.87,fuzzy_name_district
351,Amol Sarma,,"2518,3731",0.84,fuzzy_name_district
352,Abeer Bahl,,"2527,21635",0.97,fuzzy_name_district
353,Dev Kamdar,,"2529,7845",0.86,fuzzy_name_district
354,Abdul Bora,,"2534,4561",0.91,fuzzy_name_district
355,Ronith Sawhney,,"2543,10413",0.96,fuzzy_name_district
356,Gaurav Anand,,2547,0.92,fuzzy_name_district
357,Frado Sood,,"2557,2615",0.95,fuzzy_name_district
358,Balhaar Singh,,"2568,2769",0.84,fuzzy_name_district
359,Sathvik Ramaswamy,,"2573,9552,15415",0.96,fuzzy_name_district
360,Ronith Pathak,,"2576,4402,6910,14701",0.97,fuzzy_name_district
361,Charles Badami,,"2599,4673,20374",0.86,fuzzy_name_district
362,Aarav Choudhury,,"2610,7560,8493",0.92,fuzzy_name_district
363,Rushil Wadhwa,,"2613,9678",0.93,fuzzy_name_district
364,Caleb Tripathi,,2622,0.85,fuzzy_name_district
365,Harish Raj,,"2625,6689,10441",0.88,fuzzy_name_district
366,Indrajit Goswami,,"2627,23057",0.91,fuzzy_name_district
367,Aarush Sunder,,"2635,12430",0.95,fuzzy_name_district
368,Wazir Bath,,"2638,15875",0.89,fuzzy_name_district
369,Mohammed Saran,,"2656,6622",0.88,fuzzy_name_district
370,Gopal Mangat,,"2678,3417",0.84,fuzzy_name_district
371,Ansh Mittal,,"2679,9762,10411,11658",0.91,fuzzy_name_district
372,Jack Seshadri,,2688,0.98,fuzzy_name_district
373,Omkaar Golla,,2695,0.91,fuzzy_name_district
374,Aayush Deshpande,,"2696,7648",0.88,fuzzy_name_district
375,Tanay Dhar,,"2701,5764",0.88,fuzzy_name_district
376,Ayush Ghose,,"2703,8019,11806",0.89,fuzzy_name_district
377,Ayush Sarna,,"2709,10628",0.98,fuzzy_name_district
378,Faraj Singh,,"2712,23243",0.83,fuzzy_name_district
379,Xavier Manne,,"2719,4991,10410",0.98,fuzzy_name_district
380,Agastya Nori,,"2742,12901,15302",0.89,fuzzy_name_district
381,Urishilla Sahni,,"2746,11216,20649",0.9,fuzzy_name_district
382,Abhiram Mody,,"2753,4075",0.87,fuzzy_name_district
383,Chanakya Dyal,,2758,0.94,fuzzy_name_district
384,Devansh Sibal,,2778,0.89,fuzzy_name_district
385,Gaurav Badal,,2780,0.96,fuzzy_name_district
386,Ekanta Bajaj,,2786,0.98,fuzzy_name_district
387,Chatresh Rai,,2792,0.82,fuzzy_name_district
388,Michael Zachariah,,2801,0.84,fuzzy_name_district
389,Atharv Thakkar,,2808,0.82,fuzzy_name_district
390,Manan Sarraf,,"2815,3816,5129",0.9,fuzzy_name_district
391,Wriddhish Ramachandran,,2817,0.97,fuzzy_name_district
392,Maanas Nath,,"2819,19806",0.95,fuzzy_name_district
393,Dalbir Thakkar,,2823,0.99,fuzzy_name_district
394,Ojas Kashyap,,"2828,17814",0.84,fuzzy_name_district
395,Shivansh Chacko,,"2831,6021,7128,20252",0.96,fuzzy_name_district
396,Rayaan Taneja,,"2839,3313,7863",0.86,fuzzy_name_district
397,Balveer Maharaj,,"2853,18836",0.9,fuzzy_name_district
398,Mason Kala,,"2864,10219",0.84,fuzzy_name_district
399,Daksh Khalsa,,"2886,5270,6637,20650",0.96,fuzzy_name_district
400,Rehaan Madan,,"2889,5704,7373,12562",0.84,fuzzy_name_district
401,Advika Lanka,,"2906,15027",0.93,fuzzy_name_district
402,Gabriel Saini,,"2907,12525",0.96,fuzzy_name_district
403,Ayushman Char,,"2913,4898,11586,12834",0.84,fuzzy_name_district
404,Aarush Sha,,"2918,5512,23913,24551",0.88,fuzzy_name_district
405,Ekbal Chander,,"2920,5560,7744,17832",0.9,fuzzy_name_district
406,Brijesh Sarkar,,"2930,13518,13611,18800,20916",0.97,fuzzy_name_district
407,Nicholas Karpe,,"2931,3069",0.88,fuzzy_name_district
408,Nitesh Agarwal,,"2936,5159,16138",0.93,fuzzy_name_district
409,Kai Narayan,,"2949,6490",0.9,fuzzy_name_district
410,Ayush Devi,,"2954,19359",0.97,fuzzy_name_district
411,Yuvraj Lala,,"2959,3498,6399,19451",0.97,fuzzy_name_district
412,Chatresh D’Alia,,"2962,13500,16488,19609",0.85,fuzzy_name_district
413,Harish Datta,,2965,0.89,fuzzy_name_district
414,Naksh Magar,,"2981,5384,7656",0.87,fuzzy_name_district
415,Anya Gopal,,2988,0.86,fuzzy_name_district
416,Chaitanya Majumdar,,2994,0.98,fuzzy_name_district
417,Darpan Bose,,2998,0.96,fuzzy_name_district
418,Ayaan Karan,,"3002,15128",0.9,fuzzy_name_district
419,Anmol Sem,,"3006,3082,18410",0.89,fuzzy_name_district
420,Daniel Korpal,,"3013,4787",0.86,fuzzy_name_district
421,Xalak Tiwari,,"3026,22119",0.97,fuzzy_name_district
422,Saanvi Jhaveri,,"3040,22502",0.94,fuzzy_name_district
423,Harish Sahota,,"3047,21724",0.93,fuzzy_name_district
424,Zaid Nori,,3049,0.88,fuzzy_name_district
425,Victor More,,"3093,4711,7978,9735,21595",0.92,fuzzy_name_district
426,Fariq Walia,,"3101,17940,20441",0.97,fuzzy_name_district
427,Gautam Amble,,3107,0.9,fuzzy_name_district
428,Tanveer Tailor,,"3109,6586",0.83,fuzzy_name_district
429,Tanmayi Gera,,3114,0.97,fuzzy_name_district
430,Hamsini Mital,,"3120,7541,16863,20479",0.94,fuzzy_name_district
431,Shaurya Bail,,3130,0.96,fuzzy_name_district
432,Irya Madan,,"3135,7464",0.89,fuzzy_name_district
433,Bakhshi Solanki,,3143,0.93,fuzzy_name_district
434,Kiaan Brahmbhatt,,"3147,12806,17116",0.96,fuzzy_name_district
435,Fitan Parmer,,"3150,6052",0.87,fuzzy_name_district
436,Chakradev Raman,,"3157,3482",0.9,fuzzy_name_district
437,Karan Sane,,"3159,3853",0.92,fuzzy_name_district
438,Qabil Sabharwal,,"3170,9576",0.94,fuzzy_name_district
439,Faras Sachar,,3195,0.93,fuzzy_name_district
440,Ekalinga Badal,,3203,0.83,fuzzy_name_district
441,Darpan Shan,,3204,0.82,fuzzy_name_district
442,Kevin Mand,,"3206,9901,21942",0.86,fuzzy_name_district
443,Anvi Pandey,,"3213,3279,16408",0.87,fuzzy_name_district
444,Patrick Seth,,"3215,10983,23442",0.9,fuzzy_name_district
445,Ria Mukherjee,,3219,0.93,fuzzy_name_district
446,Harish Wable,,"3230,13845",0.92,fuzzy_name_district
447,Kalpit Rattan,,3239,0.98,fuzzy_name_district
448,Dominic Agrawal,,"3241,4233",0.97,fuzzy_name_district
449,Caleb Gola,,"3248,4114",0.9,fuzzy_name_district
450,Sarthak Dave,,"3250,3864,22141",0.83,fuzzy_name_district
451,Chaitanya Subramanian,,"3253,13057",0.98,fuzzy_name_district
452,Fiyaz Yohannan,,"3254,15219,15645",0.9,fuzzy_name_district
453,Dalbir Rao,,"3258,20026",0.83,fuzzy_name_district
454,Henry Raja,,"3263,4183,5772",0.95,fuzzy_name_district
455,Ansh Ganguly,,"3267,11546",0.91,fuzzy_name_district
456,Hritik Rama,,3282,0.93,fuzzy_name_district
457,Qasim Basu,,"3285,7315",0.96,fuzzy_name_district
458,Daniel Gala,,"3287,5508",0.86,fuzzy_name_district
459,Farhan Ganesh,,3297,0.99,fuzzy_name_district
460,Abeer Keer,,3298,0.95,fuzzy_name_district
461,Udarsh Anne,,"3301,6447,7800",0.85,fuzzy_name_district
462,Sai Misra,,"3330,9766",0.92,fuzzy_name_district
463,Yug Madan,,"3334,3936,6905,7133,21569",0.95,fuzzy_name_district
464,Teerth Solanki,,"3335,5976",0.9,fuzzy_name_district
465,Adweta Agrawal,,"3347,22645",0.93,fuzzy_name_district
466,Gavin Seshadri,,3348,0.87,fuzzy_name_district
467,Yashawini Swamy,,"3350,23293",0.82,fuzzy_name_district
468,Faraj Jaggi,,"3357,7038",0.95,fuzzy_name_district
469,Reyansh Viswanathan,,"3363,4945,21686,22135",0.93,fuzzy_name_district
470,Madhav Bhandari,,"3364,19695",0.96,fuzzy_name_district
471,Jason Kannan,,3391,0.86,fuzzy_name_district
472,Umang Thakkar,,3401,0.91,fuzzy_name_district
473,Laban Sem,,"3404,6298,7725",0.88,fuzzy_name_district
474,Aryan Issac,,3426,0.98,fuzzy_name_district
475,Ronith Walla,,"3428,24478",0.9,fuzzy_name_district
476,Max Gade,,"3439,5736,9231,10636,14853",0.89,fuzzy_name_district
477,Warinder Kumar,,"3442,4501,6069",0.82,fuzzy_name_district
478,Abeer Edwin,,"3445,3691,11618",0.98,fuzzy_name_district
479,Balendra Narang,,3457,0.85,fuzzy_name_district
480,Darpan Mahal,,3459,0.94,fuzzy_name_district
481,Onveer Bhatt,,"3468,5563",0.85,fuzzy_name_district
482,Yachana Saran,,"3475,8441,10306",0.99,fuzzy_name_district
483,Yashasvi Behl,,"3476,4750,6183,6347",0.85,fuzzy_name_district
484,Chanakya Mann,,"3489,3564,9270,10749",0.83,fuzzy_name_district
485,Devansh Deshmukh,,"3492,5859,7513",0.97,fuzzy_name_district
486,Warjas Pingle,,"3508,3687,4230,14633",0.84,fuzzy_name_district
487,Zashil Sanghvi,,"3517,11860",0.96,fuzzy_name_district
488,Lohit Bath,,"3539,6048",0.89,fuzzy_name_district
489,Urishilla Tak,,"3541,5570",0.9,fuzzy_name_district
490,Jatin Manne,,"3546,15606",0.91,fuzzy_name_district
491,Abhiram Deshmukh,,"3552,15628,16659",0.89,fuzzy_name_district
492,Frado Krish,,"3559,14587,19287",0.93,fuzzy_name_district
493,Dhriti Pall,,3560,0.86,fuzzy_name_district
494,Baljiwan Agate,,3565,0.97,fuzzy_name_district
495,Zehaan Kant,,"3567,10849",0.95,fuzzy_name_district
496,Alexander Pingle,,3568,0.96,fuzzy_name_district
497,Tripti Rege,,"3575,23329",0.93,fuzzy_name_district
498,Alexander Murthy,,3583,0.88,fuzzy_name_district
499,Balhaar Bajwa,,"3586,4627,16884",0.92,fuzzy_name_district
500,Abhimanyu Nagar,,3593,0.98,fuzzy_name_district
501,Amara Mittal,,"3615,8023",0.97,fuzzy_name_district
502,Praneel Khosla,,"3616,17905",0.94,fuzzy_name_district
503,Samaksh Raja,,3617,0.97,fuzzy_name_district
504,Praneel Amble,,"3620,10669,12805",0.97,fuzzy_name_district
505,Hitesh Prakash,,"3621,23182",0.87,fuzzy_name_district
506,Wishi Sur,,3622,0.91,fuzzy_name_district
507,Raghav Mann,,"3628,4925",0.97,fuzzy_name_district
508,Upkaar Tara,,"3630,6321,7958",0.96,fuzzy_name_district
509,Ayush Padmanabhan,,"3632,5262,7208",0.84,fuzzy_name_district
510,Ekapad Radhakrishnan,,"3641,3980,10624",0.87,fuzzy_name_district
511,Ekbal Lad,,"3645,14442",0.9,fuzzy_name_district
512,Pooja Thakkar,,"3646,13476,20660",0.98,fuzzy_name_district
513,Charan Swaminathan,,"3648,4295,4980,19545",0.97,fuzzy_name_district
514,Ekani Bajwa,,3678,0.96,fuzzy_name_district
515,Rachit Bedi,,"3679,4412",0.89,fuzzy_name_district
516,Umang Lala,,"3692,5762,10801",0.9,fuzzy_name_district
517,Samaksh Vyas,,"3693,6100,21570",0.94,fuzzy_name_district
518,Girish Amble,,3710,0.98,fuzzy_name_district
519,Wyatt Soman,,"3711,4801",0.95,fuzzy_name_district
520,Gunbir Mani,,"3721,14275,23728",0.93,fuzzy_name_district
521,Ekapad Raghavan,,"3724,8743,16875",0.86,fuzzy_name_district
522,Lucky Sridhar,,"3726,4460,8129",0.83,fuzzy_name_district
523,Shaurya Andra,,3729,0.83,fuzzy_name_district
524,Ekaraj Reddy,,"3736,9946,23179",0.89,fuzzy_name_district
525,Ayush Barad,,"3745,6108,12096",0.91,fuzzy_name_district
526,Max Shanker,,"3750,3911,12216",0.88,fuzzy_name_district
527,Imaran Borah,,3752,0.84,fuzzy_name_district
528,Samarth Keer,,"3760,7270",0.98,fuzzy_name_district
529,Adya Dasgupta,,3777,0.85,fuzzy_name_district
530,Andrew Tak,,"3778,8016,12845,22157",0.82,fuzzy_name_district
531,Krish Toor,,3790,0.83,fuzzy_name_district
532,Neelima Karnik,,3791,0.94,fuzzy_name_district
533,Upadhriti Dutta,,"3792,4150,4403,5697",0.94,fuzzy_name_district
534,Pranav Bajwa,,"3798,6120,8638",0.9,fuzzy_name_district
535,Nakul Madan,,"3801,4125",0.98,fuzzy_name_district
536,Gavin Padmanabhan,,"3809,7445,10993,11623,20873,24642",0.85,fuzzy_name_district
537,Yug Kapoor,,"3811,17550",0.95,fuzzy_name_district
538,Janaki Mand,,3825,0.86,fuzzy_name_district
539,Chatresh Koshy,,"3830,5566",0.9,fuzzy_name_district
540,Ranbir Shukla,,3831,0.9,fuzzy_name_district
541,Timothy Kamdar,,"3841,14636",0.82,fuzzy_name_district
542,Dominic Purohit,,"3846,19150",0.89,fuzzy_name_district
543,Ranveer Arora,,3861,0.9,fuzzy_name_district
544,Ekavir Sandal,,"3874,6054,13100",0.93,fuzzy_name_district
545,Girik Merchant,,"3882,24648",0.86,fuzzy_name_district
546,Sarthak Lala,,3883,0.88,fuzzy_name_district
547,Ayush Rajagopal,,3888,0.83,fuzzy_name_district
548,Krish Bansal,,"3906,9285",0.96,fuzzy_name_district
549,Wridesh Mallick,,3909,0.83,fuzzy_name_district
550,Jeremiah Nadkarni,,3916,0.92,fuzzy_name_district
551,Omya Chander,,3920,0.97,fuzzy_name_district
552,Teerth Munshi,,"3927,5701,16926",0.97,fuzzy_name_district
553,Daniel Varma,,"3931,12642",0.97,fuzzy_name_district
554,Girindra Madan,,"3942,4954",0.83,fuzzy_name_district
555,Veer Dash,,"3950,5031",0.86,fuzzy_name_district
556,Ekansh Trivedi,,3951,0.91,fuzzy_name_district
557,Advaith Char,,3957,0.92,fuzzy_name_district
558,Hemang Pillai,,"3960,4997",0.92,fuzzy_name_district
559,Noah Sehgal,,3965,0.98,fuzzy_name_district
560,Hemang Agarwal,,"3971,10526",0.88,fuzzy_name_district
561,Zayan Natt,,"3986,6245",0.96,fuzzy_name_district
562,Robert Shroff,,"3987,6469",0.97,fuzzy_name_district
563,Kevin Doctor,,"3989,16281",0.86,fuzzy_name_district
564,Tara Pradhan,,"3993,4674",0.83,fuzzy_name_district
565,Jason Oommen,,3996,0.88,fuzzy_name_district
566,Nikita Pathak,,3999,0.83,fuzzy_name_district
567,Falak Babu,,4006,0.96,fuzzy_name_district
568,Girik Taneja,,"4008,12393",0.86,fuzzy_name_district
569,Matthew Dave,,4015,0.87,fuzzy_name_district
570,Chakradev Jani,,"4018,12605",0.87,fuzzy_name_district
571,Baljiwan Garde,,"4023,20808",0.9,fuzzy_name_district
572,Noah Patel,,4024,0.84,fuzzy_name_district
573,Chaitanya Hegde,,"4032,4668",0.92,fuzzy_name_district
574,Chandresh Batta,,4036,0.9,fuzzy_name_district
575,Ranveer Chander,,"4041,10778",0.87,fuzzy_name_district
576,Sai Garde,,"4046,5317,18671",0.86,fuzzy_name_district
577,Girik Basu,,"4051,9796",0.83,fuzzy_name_district
578,Maanas Balakrishnan,,"4054,8746,9699",0.98,fuzzy_name_district
579,Gavin Lala,,"4055,10086,10632,21149",0.88,fuzzy_name_district
580,Aayush Mammen,,"4063,19581",0.82,fuzzy_name_district
581,Yoshita Naidu,,4065,0.97,fuzzy_name_district
582,Harish Bumb,,4079,0.91,fuzzy_name_district
583,Farhan Sangha,,"4082,15672",0.87,fuzzy_name_district
584,Neel Dara,,"4083,7247,7477",0.84,fuzzy_name_district
585,Christopher Randhawa,,4088,0.86,fuzzy_name_district
586,Rachit Vyas,,4095,0.97,fuzzy_name_district
587,Mason Bhatnagar,,4098,0.87,fuzzy_name_district
588,Ansh Garde,,4100,0.94,fuzzy_name_district
589,Tanish Majumdar,,"4108,8782,19749",0.91,fuzzy_name_district
590,Warinder Tailor,,"4113,4877,4949",0.99,fuzzy_name_district
591,Pratyush Thaker,,4126,0.98,fuzzy_name_district
592,Matthew Sawhney,,4128,0.83,fuzzy_name_district
593,Samaksh Kar,,4142,0.85,fuzzy_name_district
594,Gautam Prasad,,"4151,9347,14837,17612",0.9,fuzzy_name_district
595,Manthan De,,"4168,5192,20654",0.97,fuzzy_name_district
596,Chakrika Agrawal,,"4175,13274",0.96,fuzzy_name_district
597,Jonathan Raja,,4184,0.98,fuzzy_name_district
598,Vanya Rajan,,"4185,10407",0.98,fuzzy_name_district
599,Dalbir Setty,,"4186,4834,9286",0.85,fuzzy_name_district
600,Rishi Mammen,,"4187,12506,14235,17161",0.83,fuzzy_name_district
601,Pratyush Mann,,"4197,8264,10209",0.83,fuzzy_name_district
602,Krish Bakshi,,"4199,11527,17486",0.85,fuzzy_name_district
603,Ojasvi Dey,,4210,0.91,fuzzy_name_district
604,Gunbir Goswami,,4228,0.86,fuzzy_name_district
605,Udant Dube,,"4240,20457,21644",0.9,fuzzy_name_district
606,Parth Borah,,"4245,6607,6611",0.88,fuzzy_name_district
607,Jack Bera,,"4262,4407",0.91,fuzzy_name_district
608,Dev Kapoor,,4268,0.97,fuzzy_name_district
609,Sarthak Srivastava,,4271,0.83,fuzzy_name_district
610,Jeet Nair,,4279,0.99,fuzzy_name_district
611,Timothy Patla,,"4281,4292,7086,12252",0.84,fuzzy_name_district
612,Isaiah Hegde,,"4282,9631",0.83,fuzzy_name_district
613,Yashodhara Chaudhari,,"4285,9981,22370",0.84,fuzzy_name_district
614,Vyanjana Kulkarni,,"4288,9029,12880",0.92,fuzzy_name_district
615,Kritika Deo,,"4293,14786,19508,22548",0.95,fuzzy_name_district
616,Praneel Taneja,,"4303,5054,12375,14418",0.92,fuzzy_name_district
617,Samesh Desai,,"4304,4795",0.96,fuzzy_name_district
618,Lucky Sahni,,"4310,5829,7977",0.99,fuzzy_name_district
619,Aryan Kalita,,"4311,4830,14308",0.85,fuzzy_name_district
620,Shivansh Bath,,"4314,7385,9760,24613",0.98,fuzzy_name_district
621,Faras Sura,,"4317,10206,10858",0.9,fuzzy_name_district
622,Adya Shukla,,4319,0.92,fuzzy_name_district
623,Oscar Sangha,,"4329,5418,9179,11021",0.88,fuzzy_name_district
624,Om Nagi,,"4334,9283",0.87,fuzzy_name_district
625,Nirja Madan,,"4341,7347",0.9,fuzzy_name_district
626,Farhan Murty,,4363,0.92,fuzzy_name_district
627,Nimrat Seshadri,,4365,0.86,fuzzy_name_district
628,Shravya Mani,,"4372,10917,19144",0.97,fuzzy_name_district
629,Parth Kaur,,"4375,16487",0.98,fuzzy_name_district
630,Thomas Mannan,,"4379,16937,24255",0.93,fuzzy_name_district
631,Avi Shah,,4382,0.89,fuzzy_name_district
632,Girik Munshi,,4429,0.85,fuzzy_name_district
633,Sarthak Kurian,,"4430,4702,11873",0.9,fuzzy_name_district
634,Owen Bhalla,,4433,0.83,fuzzy_name_district
635,Rushil Rana,,4436,0.83,fuzzy_name_district
636,Advika Basak,,"4448,5370,5482,23350",0.92,fuzzy_name_district
637,Bachittar Dugar,,"4457,5757,8496",0.83,fuzzy_name_district
638,Jai Nagy,,"4462,8614",0.95,fuzzy_name_district
639,Maanav Narula,,"4470,5567,9002,9481",0.82,fuzzy_name_district
640,Panini Issac,,4479,0.94,fuzzy_name_district
641,Vincent Barad,,"4490,5529",0.83,fuzzy_name_district
642,Owen Ganesh,,4491,0.85,fuzzy_name_district
643,Dev Shukla,,4496,0.95,fuzzy_name_district
644,Kai Keer,,"4500,9711,11255",0.98,fuzzy_name_district
645,Christopher Bassi,,"4503,5134",0.87,fuzzy_name_district
646,Ikbal Mohan,,"4510,6468",0.89,fuzzy_name_district
647,Amara Agate,,4512,0.91,fuzzy_name_district
648,Anmol Roy,,4522,0.84,fuzzy_name_district
649,Faraj Ganguly,,"4526,8954,13650",0.86,fuzzy_name_district
650,Reyansh Minhas,,4528,0.83,fuzzy_name_district
651,Tristan Prasad,,4539,0.91,fuzzy_name_district
652,Amaira Srinivasan,,4547,0.91,fuzzy_name_district
653,Jackson Sheth,,"4549,8278",0.97,fuzzy_name_district
654,Neel Swaminathan,,"4552,11999",0.88,fuzzy_name_district
655,Rajeshri Thakur,,"4554,7352",0.91,fuzzy_name_district
656,Ekansh Vala,,"4560,7506",0.83,fuzzy_name_district
657,Brijesh Chada,,"4570,15060",0.91,fuzzy_name_district
658,Warinder Mangal,,"4573,22365",0.96,fuzzy_name_district
659,Owen Mani,,4577,0.96,fuzzy_name_district
660,Qabil Solanki,,"4579,19021,21227",0.87,fuzzy_name_district
661,Madhav Baral,,"4584,11613",0.82,fuzzy_name_district
662,Wahab Kumer,,4600,0.93,fuzzy_name_district
663,Udant Mody,,"4601,13157",0.89,fuzzy_name_district
664,Robert Vora,,"4632,8833,11009",0.94,fuzzy_name_district
665,Udarsh Kara,,"4640,8282,12305",0.98,fuzzy_name_district
666,Gabriel Hans,,"4644,7779,12085",0.93,fuzzy_name_district
667,Jackson Wable,,4652,0.98,fuzzy_name_district
668,Yagnesh Sachar,,"4660,23870",0.95,fuzzy_name_district
669,Veer Mammen,,"4667,21319",0.85,fuzzy_name_district
670,Dakshesh Mital,,"4678,8845,11774,15689",0.91,fuzzy_name_district
671,Harsh Baria,,4683,0.99,fuzzy_name_district
672,William Nadig,,"4689,12580,18837",0.89,fuzzy_name_district
673,Aayush Chadha,,4691,0.9,fuzzy_name_district
674,Tarak Goda,,"4693,24055",0.97,fuzzy_name_district
675,Agastya Gandhi,,4694,0.94,fuzzy_name_district
676,Harshil Dutt,,"4704,6397,12031,17764",0.91,fuzzy_name_district
677,Yug Setty,,"4707,5794",0.94,fuzzy_name_district
678,Ryan Shenoy,,4713,0.86,fuzzy_name_district
679,Manthan Kale,,4718,0.87,fuzzy_name_district
680,Samaksh Nazareth,,"4719,7687,10058",0.92,fuzzy_name_district
681,Yug Jhaveri,,4725,0.96,fuzzy_name_district
682,Daniel Chaudry,,4733,0.99,fuzzy_name_district
683,Chandran Saxena,,"4745,6974,11547",0.98,fuzzy_name_district
684,Tanish Narayan,,"4753,11380,16656",0.88,fuzzy_name_district
685,George Kaur,,4757,0.82,fuzzy_name_district
686,Anirudh Vig,,"4767,5095",0.92,fuzzy_name_district
687,Om Goyal,,"4771,4846,5656,5737",0.96,fuzzy_name_district
688,Fitan Ravi,,"4774,9575",0.85,fuzzy_name_district
689,Vincent Dugar,,"4811,9601",0.84,fuzzy_name_district
690,Maanav Balan,,4812,0.91,fuzzy_name_district
691,Chaitanya Acharya,,4821,0.84,fuzzy_name_district
692,Rayaan Ganguly,,"4822,19289",0.83,fuzzy_name_district
693,Girik Garde,,"4831,13089",0.91,fuzzy_name_district
694,Noah Ramachandran,,"4844,9585,13731",0.94,fuzzy_name_district
695,Rudra Dugar,,"4849,13161",0.9,fuzzy_name_district
696,William Rau,,"4857,17925",0.98,fuzzy_name_district
697,Pranav Nayar,,"4869,8352",0.83,fuzzy_name_district
698,Finn Chakraborty,,"4889,8814",0.89,fuzzy_name_district
699,Urishilla Anand,,"4901,6636",0.83,fuzzy_name_district
700,Krishna Ratta,,4903,0.88,fuzzy_name_district
701,Gautam Chokshi,,"4909,5709,9182,12298",0.97,fuzzy_name_district
702,Arin Dixit,,4916,0.86,fuzzy_name_district
703,Nachiket Merchant,,"4924,10894,13772,24336",0.97,fuzzy_name_district
704,Jeet Krishnamurthy,,"4927,6110",0.87,fuzzy_name_district
705,Dhruv Bhakta,,"4932,6558",0.97,fuzzy_name_district
706,Banjeet Mall,,"4936,5842",0.92,fuzzy_name_district
707,Qadim Dube,,4947,0.94,fuzzy_name_district
708,Tejas Kanda,,"4950,5236,7482,8035,17971",0.96,fuzzy_name_district
709,Hitesh Thakur,,"4961,8176",0.9,fuzzy_name_district
710,Rushil Bali,,4965,0.97,fuzzy_name_district
711,Omkaar Palla,,"4972,18604",0.96,fuzzy_name_district
712,Vihaan Sane,,"4976,23983",0.9,fuzzy_name_district
713,Wazir Sura,,4977,0.82,fuzzy_name_district
714,Kabir Bora,,"4979,9332,15155",0.94,fuzzy_name_district
715,Zashil Radhakrishnan,,"5000,12333",0.95,fuzzy_name_district
716,Agastya Khalsa,,"5008,7110",0.87,fuzzy_name_district
717,Henry Bhakta,,"5013,8691",0.83,fuzzy_name_district
718,Anamika Grewal,,5026,0.89,fuzzy_name_district
719,Charan Johal,,"5030,15030",0.97,fuzzy_name_district
720,Samaksh Patla,,"5034,6058,13199",0.9,fuzzy_name_district
721,Varsha Taneja,,5071,0.87,fuzzy_name_district
722,Noah Patla,,"5075,19258",0.87,fuzzy_name_district
723,Raghav Mitra,,"5078,7668,12494",0.84,fuzzy_name_district
724,Jai Mann,,"5083,14396",0.85,fuzzy_name_district
725,Warjas Chakrabarti,,5088,0.95,fuzzy_name_district
726,Fariq Chander,,"5090,6657,15405",0.98,fuzzy_name_district
727,Amol Gupta,,5097,0.84,fuzzy_name_district
728,Ikbal Sant,,"5098,9961,12403",0.87,fuzzy_name_district
729,Rishi Bhatt,,"5117,9027,11163,15617",0.84,fuzzy_name_district
730,Kalpit Kumer,,"5123,18060,21949",0.97,fuzzy_name_district
731,Nicholas Butala,,5127,0.9,fuzzy_name_district
732,Oscar Bains,,"5128,9617",0.84,fuzzy_name_district
733,Kiaan Palla,,5138,0.82,fuzzy_name_district
734,Mitali Nori,,5144,0.84,fuzzy_name_district
735,Adweta Prabhakar,,5158,0.97,fuzzy_name_district
736,Onkar Gara,,"5168,17772",0.89,fuzzy_name_district
737,Abeer Singh,,5180,0.98,fuzzy_name_district
738,Simon Din,,"5182,7584,11909,14388",0.94,fuzzy_name_district
739,Dipta De,,"5199,21562,22396",0.98,fuzzy_name_district
740,Jagdish Prakash,,"5201,11101,12191,12332",0.96,fuzzy_name_district
741,William Kalita,,"5208,11583,21477",0.84,fuzzy_name_district
742,William Prakash,,5210,0.99,fuzzy_name_district
743,Umang Pandey,,5223,0.85,fuzzy_name_district
744,Ayushman Bir,,"5225,13546",0.97,fuzzy_name_district
745,Qasim Sen,,5229,0.9,fuzzy_name_district
746,Warinder Bawa,,"5238,6929",0.94,fuzzy_name_district
747,Balvan Behl,,"5240,10984,11427,14615",0.97,fuzzy_name_district
748,Rushil Gupta,,"5250,9337",0.93,fuzzy_name_district
749,Ekaraj Munshi,,"5261,6852",0.91,fuzzy_name_district
750,Thomas Baral,,"5263,9152",0.94,fuzzy_name_district
751,Nachiket Desai,,"5266,7348",0.87,fuzzy_name_district
752,Zayyan Saha,,5281,0.94,fuzzy_name_district
753,Parth Menon,,"5285,9801,11965",0.95,fuzzy_name_district
754,Samuel Joshi,,"5286,5604,5696",0.9,fuzzy_name_district
755,Dayamai Chaudhary,,5287,0.92,fuzzy_name_district
756,Bachittar Swamy,,"5290,6777,9161,10141",0.82,fuzzy_name_district
757,Pranav Sampath,,"5314,11438",0.95,fuzzy_name_district
758,Saanvi Bose,,5316,0.98,fuzzy_name_district
759,Onkar Thaker,,5323,0.93,fuzzy_name_district
760,Pratyush Mallick,,5327,0.88,fuzzy_name_district
761,Ayushman Chander,,"5348,15442",0.87,fuzzy_name_district
762,Harish Lanka,,"5362,6277,9101",0.97,fuzzy_name_district
763,Gopal Deol,,"5367,10276",0.85,fuzzy_name_district
764,Dev Shankar,,"5377,12689",0.9,fuzzy_name_district
765,Vedhika Kari,,5379,0.85,fuzzy_name_district
766,Mohini Raghavan,,"5380,6913",0.99,fuzzy_name_district
767,Praneel Dugal,,"5389,12352",0.83,fuzzy_name_district
768,Udarsh Hans,,"5393,8688,14477,20620",0.86,fuzzy_name_district
769,Finn Purohit,,"5398,18694",0.85,fuzzy_name_district
770,Zayyan Buch,,"5399,9371",0.98,fuzzy_name_district
771,Timothy Salvi,,"5402,21614",0.86,fuzzy_name_district
772,Abeer Devi,,5407,0.89,fuzzy_name_district
773,Reyansh Raja,,"5409,6130,15735,22458",0.93,fuzzy_name_district
774,Siddharth Tak,,5425,0.93,fuzzy_name_district
775,Krishna Naik,,"5430,7345",0.94,fuzzy_name_district
776,Kai Rattan,,"5431,9368",0.84,fuzzy_name_district
777,Tanveer Lata,,5440,0.91,fuzzy_name_district
778,Vrinda Joshi,,"5445,8108,13042",0.88,fuzzy_name_district
779,Advaith Amble,,5449,0.92,fuzzy_name_district
780,Tanay Basu,,"5453,7163",0.99,fuzzy_name_district
781,Balveer Sura,,"5454,6829,14690,16338,24629",0.92,fuzzy_name_district
782,Praneel Sridhar,,5455,0.88,fuzzy_name_district
783,Aarush Mann,,"5464,19000",0.93,fuzzy_name_district
784,Patrick Dass,,"5469,15308",0.82,fuzzy_name_district
785,Mason Majumdar,,5474,0.93,fuzzy_name_district
786,Kabir Kota,,"5478,6762",0.93,fuzzy_name_district
787,Faraj Ramaswamy,,5481,0.83,fuzzy_name_district
788,Lucky Devan,,"5492,5595,22128",0.9,fuzzy_name_district
789,Azaan Dhaliwal,,5500,0.85,fuzzy_name_district
790,Vivaan Sule,,5506,0.89,fuzzy_name_district
791,Chasmum Gole,,"5511,11215,22697",0.85,fuzzy_name_district
792,Bhanumati Chaudhari,,"5516,16945",0.88,fuzzy_name_district
793,Vansha Solanki,,5518,0.9,fuzzy_name_district
794,Umang Choudhury,,5519,0.86,fuzzy_name_district
795,Ladli Gupta,,"5525,6955,14478",0.87,fuzzy_name_district
796,Ayaan Sheth,,"5527,6144,17384",0.86,fuzzy_name_district
797,Fitan Sathe,,5528,0.83,fuzzy_name_district
798,Wazir Sehgal,,5534,0.97,fuzzy_name_district
799,Meghana Rau,,"5535,11590,13756",0.84,fuzzy_name_district
800,Qushi Srinivasan,,"5548,17183",0.94,fuzzy_name_district
801,Victor Sankaran,,5555,0.89,fuzzy_name_district
802,Tanay Naik,,5571,0.86,fuzzy_name_district
803,Ishaan Keer,,"5572,8280",0.89,fuzzy_name_district
804,Jatin Bala,,"5573,15514,20098",0.82,fuzzy_name_district
805,Anika Chowdhury,,"5583,7534,11376",0.89,fuzzy_name_district
806,Abhimanyu Amble,,"5584,10925,19841",0.92,fuzzy_name_district
807,Gaurav Jayaraman,,"5590,7145,7257",0.92,fuzzy_name_district
808,Anmol Mistry,,5600,0.92,fuzzy_name_district
809,Gunbir Chakraborty,,5617,0.89,fuzzy_name_district
810,Joshua Bhalla,,5618,0.98,fuzzy_name_district
811,Akshay Char,,5622,0.86,fuzzy_name_district
812,Yashawini Gaba,,5627,0.98,fuzzy_name_district
813,Gagan Shanker,,"5631,11792",0.98,fuzzy_name_district
814,Rehaan Mangat,,"5634,10515",0.86,fuzzy_name_district
815,Kritika Nath,,5638,0.91,fuzzy_name_district
816,Christopher Das,,"5646,11063",0.98,fuzzy_name_district
817,Laban Swaminathan,,5647,0.93,fuzzy_name_district
818,Harsh Naidu,,"5649,17848",0.91,fuzzy_name_district
819,Charan Chokshi,,"5660,9858",0.92,fuzzy_name_district
820,Laban Shan,,"5671,7777",0.89,fuzzy_name_district
821,Vrinda Warrior,,"5672,8372",0.95,fuzzy_name_district
822,Frederick Chahal,,5680,0.9,fuzzy_name_district
823,Chaitanya Tella,,5681,0.97,fuzzy_name_district
824,Frederick Narayanan,,"5687,20089",0.88,fuzzy_name_district
825,Nathaniel Kant,,5698,0.92,fuzzy_name_district
826,Dhruv Saraf,,"5700,7633",0.96,fuzzy_name_district
827,Advay Madan,,5702,0.9,fuzzy_name_district
828,Christopher Chokshi,,"5719,14808",0.9,fuzzy_name_district
829,Shivansh Mangal,,"5725,6046,6180",0.97,fuzzy_name_district
830,Joshua Deshpande,,"5726,10612,23985",0.92,fuzzy_name_district
831,William Ganguly,,5728,0.93,fuzzy_name_district
832,Fiyaz Bandi,,5729,0.93,fuzzy_name_district
833,Vihaan Choudhury,,5730,0.91,fuzzy_name_district
834,Advika Om,,"5752,8408",0.89,fuzzy_name_district
835,Naksh Dar,,"5753,7045,8640,11281",0.93,fuzzy_name_district
836,Bahadurjit Dave,,5758,0.93,fuzzy_name_district
837,Hardik Chada,,5761,0.99,fuzzy_name_district
838,Robert Goswami,,"5763,14864",0.85,fuzzy_name_district
839,Aayush Banik,,5773,0.93,fuzzy_name_district
840,Yashawini Sachar,,5778,0.88,fuzzy_name_district
841,Jatin Dutt,,"5783,7083,11330",0.89,fuzzy_name_district
842,Dominic Mody,,"5799,11487,12445,15229",0.87,fuzzy_name_district
843,Jack More,,"5821,17484",0.85,fuzzy_name_district
844,Harish Arya,,5825,0.96,fuzzy_name_district
845,Tanveer Bansal,,5830,0.9,fuzzy_name_district
846,Samaksh Manda,,"5847,7700,8260",0.85,fuzzy_name_district
847,Pranav Goel,,5848,0.9,fuzzy_name_district
848,Harinakshi Pathak,,"5877,10561",0.9,fuzzy_name_district
849,Jacob Johal,,"5881,9498",0.92,fuzzy_name_district
850,Pratyush Nadkarni,,5886,0.82,fuzzy_name_district
851,Charles Agarwal,,"5889,23485",0.82,fuzzy_name_district
852,Ubika Badami,,"5891,10013",0.93,fuzzy_name_district
853,Yatan Mani,,5894,0.97,fuzzy_name_district
854,Baljiwan Sani,,"5896,19243",0.83,fuzzy_name_district
855,Gaurangi Sahni,,"5905,6472",0.93,fuzzy_name_district
856,Charles Divan,,"5923,14079",0.95,fuzzy_name_district
857,Krishna Morar,,5946,0.86,fuzzy_name_district
858,Fariq Roy,,5960,0.83,fuzzy_name_district
859,Naveen Majumdar,,"5964,14435,15839,22240,23158",0.97,fuzzy_name_district
860,Farhan Comar,,5984,0.89,fuzzy_name_district
861,Isaac Ganesan,,5986,0.89,fuzzy_name_district
862,Hardik Loke,,6000,0.94,fuzzy_name_district
863,Girik Sachdev,,6029,0.87,fuzzy_name_district
864,Wishi Krishnamurthy,,"6031,16536",0.92,fuzzy_name_district
865,Qarin Madan,,6033,0.91,fuzzy_name_district
866,Benjamin Ghosh,,"6037,9233,9374,21443",0.9,fuzzy_name_district
867,Onkar Kashyap,,"6038,11001",0.93,fuzzy_name_district
868,Alexander Kalla,,6045,0.89,fuzzy_name_district
869,Siddharth Sur,,6049,0.9,fuzzy_name_district
870,Qarin Thakur,,6063,0.98,fuzzy_name_district
871,Samesh Saxena,,6067,0.91,fuzzy_name_district
872,Hredhaan Talwar,,6072,0.95,fuzzy_name_district
873,Patrick Master,,"6075,7570,15685",0.98,fuzzy_name_district
874,Tristan Chaudhari,,"6082,13114",0.94,fuzzy_name_district
875,Anirudh Nagar,,6105,0.91,fuzzy_name_district
876,Madhav Goswami,,6116,0.96,fuzzy_name_district
877,Samesh Vora,,6125,0.95,fuzzy_name_district
878,Nakul Rau,,6128,0.89,fuzzy_name_district
879,Christopher Arora,,"6131,10128",0.88,fuzzy_name_district
880,Jack Ramachandran,,"6141,9694",0.88,fuzzy_name_district
881,Indrajit Tripathi,,"6147,7511",0.98,fuzzy_name_district
882,Tejas Chakraborty,,6196,0.91,fuzzy_name_district
883,Nachiket Nayak,,6197,0.85,fuzzy_name_district
884,Jacob Palla,,"6202,16049,22574",0.98,fuzzy_name_district
885,Manbir Gour,,6203,0.98,fuzzy_name_district
886,Abhimanyu Thaker,,6209,0.95,fuzzy_name_district
887,Gabriel Edwin,,6215,0.87,fuzzy_name_district
888,Vidhi Kata,,"6218,11453",0.99,fuzzy_name_district
889,Oliver Toor,,6240,0.95,fuzzy_name_district
890,Harshil Chhabra,,6247,0.86,fuzzy_name_district
891,Brijesh Bains,,"6254,23681",0.96,fuzzy_name_district
892,Aryan Walla,,"6263,8423",0.84,fuzzy_name_district
893,Azad Kashyap,,"6271,6319",0.97,fuzzy_name_district
894,Gabriel Deshmukh,,"6272,15407,17527",0.89,fuzzy_name_district
895,Qadim Badal,,6282,0.97,fuzzy_name_district
896,Irya Joshi,,6289,0.94,fuzzy_name_district
897,Girik Amble,,"6290,7622,13188",0.97,fuzzy_name_district
898,Udarsh Dara,,"6294,6976,21926",0.86,fuzzy_name_district
899,Sathvik Kara,,"6297,17933",0.93,fuzzy_name_district
900,Sarthak Narain,,"6300,14349",0.89,fuzzy_name_district
901,Advay Ganguly,,"6301,7635",0.95,fuzzy_name_district
902,Dalbir Dugar,,6310,0.98,fuzzy_name_district
903,Wahab Lalla,,6312,0.88,fuzzy_name_district
904,Nathan Mannan,,6320,0.95,fuzzy_name_district
905,Dev Karnik,,"6325,16024,21527",0.92,fuzzy_name_district
906,Kalpit Ratta,,6328,0.85,fuzzy_name_district
907,Liam Sami,,6329,0.91,fuzzy_name_district
908,Chaitanya Das,,6351,0.87,fuzzy_name_district
909,Anay Sarna,,"6359,14123",0.83,fuzzy_name_district
910,Jagdish Johal,,6365,0.87,fuzzy_name_district
911,Wriddhish Gara,,6371,0.95,fuzzy_name_district
912,Naveen Tripathi,,"6379,15811",0.92,fuzzy_name_district
913,Imaran Shetty,,6382,0.97,fuzzy_name_district
914,Oeshi Bhat,,6395,0.96,fuzzy_name_district
915,Nicholas Saini,,6404,0.83,fuzzy_name_district
916,Yahvi Mutti,,6407,0.85,fuzzy_name_district
917,Ladli Shere,,"6413,17089,18503",0.98,fuzzy_name_district
918,Lohit Randhawa,,6415,0.96,fuzzy_name_district
919,Frederick Chhabra,,"6417,14367,24766",0.97,fuzzy_name_district
920,Rishi Gulati,,"6421,6820,9613",0.92,fuzzy_name_district
921,Chandresh Sachdev,,6424,0.83,fuzzy_name_district
922,Tanmayi Keer,,6432,0.93,fuzzy_name_district
923,Vritti Ramakrishnan,,6452,0.9,fuzzy_name_district
924,Vrinda De,,6455,0.93,fuzzy_name_district
925,Girik Shetty,,6459,0.89,fuzzy_name_district
926,Chatresh Dugal,,"6476,12684",0.93,fuzzy_name_district
927,Reyansh Kibe,,6482,0.93,fuzzy_name_district
928,Timothy Gandhi,,6489,0.82,fuzzy_name_district
929,Mohini Garg,,"6507,9786",0.9,fuzzy_name_district
930,Frederick Munshi,,6511,0.87,fuzzy_name_district
931,Vrishti Chacko,,"6512,16847",0.87,fuzzy_name_district
932,Wridesh Ravi,,6516,0.95,fuzzy_name_district
933,Baljiwan Tata,,"6522,12188",0.95,fuzzy_name_district
934,Faqid Choudhry,,6541,0.9,fuzzy_name_district
935,Chakradev Goda,,6545,0.93,fuzzy_name_district
936,Arjun Rao,,6547,0.93,fuzzy_name_district
937,Mitali Dalal,,"6556,24506",0.97,fuzzy_name_district
938,Karan Pillay,,"6563,7787,18752",0.98,fuzzy_name_district
939,Girindra Agrawal,,"6564,8341",0.88,fuzzy_name_district
940,Ira Sabharwal,,6582,0.92,fuzzy_name_district
941,Theodore Buch,,"6583,7126,21188",0.85,fuzzy_name_district
942,Rishi Apte,,6606,0.94,fuzzy_name_district
943,Ranbir Rastogi,,6608,0.83,fuzzy_name_district
944,Kai Kurian,,6616,0.89,fuzzy_name_district
945,Anthony Magar,,6617,0.89,fuzzy_name_district
946,Abhimanyu Sastry,,6628,0.94,fuzzy_name_district
947,Atharv Muni,,6641,0.87,fuzzy_name_district
948,Udarsh Bhargava,,"6652,24113",0.93,fuzzy_name_district
949,Rachit Pandey,,6658,0.87,fuzzy_name_district
950,Wahab Bedi,,6671,0.95,fuzzy_name_district
951,Ishwar Lalla,,"6673,18248",0.87,fuzzy_name_district
952,Yug Tiwari,,6682,0.89,fuzzy_name_district
953,Nitesh Rajagopal,,"6696,8228",0.95,fuzzy_name_district
954,Mitesh Parikh,,"6699,7596",0.91,fuzzy_name_district
955,Naveen Choudhary,,6713,0.87,fuzzy_name_district
956,Rohan Prabhu,,6720,0.98,fuzzy_name_district
957,Sathvik Dixit,,"6728,12775",0.89,fuzzy_name_district
958,Arjun Shenoy,,6733,0.93,fuzzy_name_district
959,Shivansh Biswas,,"6734,11839",0.92,fuzzy_name_district
960,Nachiket Singh,,6735,0.92,fuzzy_name_district
961,Tarak Mody,,"6750,6821",0.82,fuzzy_name_district
962,Madhav Morar,,"6755,7872",0.86,fuzzy_name_district
963,Gaurav Doshi,,"6760,14129",0.98,fuzzy_name_district
964,Jacob Krishnamurthy,,6774,0.84,fuzzy_name_district
965,Ekansh Sahota,,"6784,7636,8170,9781",0.89,fuzzy_name_district
966,Hitesh Sura,,"6791,7468",0.83,fuzzy_name_district
967,Ojas Comar,,6796,0.97,fuzzy_name_district
968,Samar Kunda,,6798,0.83,fuzzy_name_district
969,Ucchal Halder,,6805,0.97,fuzzy_name_district
970,Ekaraj Kala,,6808,0.88,fuzzy_name_district
971,Laban Kadakia,,"6813,18426",0.89,fuzzy_name_district
972,Fiyaz Bajwa,,6828,0.83,fuzzy_name_district
973,Isaiah Chatterjee,,"6833,12177",0.89,fuzzy_name_district
974,Benjamin Keer,,"6836,10018",0.96,fuzzy_name_district
975,Chandran Thakkar,,6854,0.87,fuzzy_name_district
976,Omkaar Karan,,"6861,11177",0.96,fuzzy_name_district
977,Yagnesh Puri,,"6863,11536",0.91,fuzzy_name_district
978,Chaitanya Krishnan,,"6864,7846,9243",0.92,fuzzy_name_district
979,Teerth Chopra,,6882,0.98,fuzzy_name_district
980,Darsh Wadhwa,,6893,0.98,fuzzy_name_district
981,Ekbal Sachdev,,"6918,7453,12406,21971",0.87,fuzzy_name_district
982,Harsh Kumer,,6920,0.95,fuzzy_name_district
983,Warjas Tripathi,,"6924,8912",0.85,fuzzy_name_district
984,Aarush Mody,,"6931,13947",0.87,fuzzy_name_district
985,Fariq Sachdev,,6941,0.92,fuzzy_name_district
986,Noah Bhatti,,"6956,8981",0.92,fuzzy_name_district
987,Tejas Andra,,6970,0.98,fuzzy_name_district
988,Qadim Mannan,,6973,0.83,fuzzy_name_district
989,Nakul Srinivas,,6980,0.86,fuzzy_name_district
990,Tanveer Raghavan,,6983,0.91,fuzzy_name_district
991,Advaith Gala,,"6984,14068",0.83,fuzzy_name_district
992,Hredhaan Karpe,,6985,0.89,fuzzy_name_district
993,Upkaar Narasimhan,,"6986,8868,10433",0.9,fuzzy_name_district
994,Osha Pathak,,"6987,7169",0.93,fuzzy_name_district
995,Dalbir Varkey,,"6991,13367",0.86,fuzzy_name_district
996,Kalpit Nath,,6993,0.93,fuzzy_name_district
997,Wriddhish Subramaniam,,"7024,9107",0.96,fuzzy_name_district
998,Ekavir Rout,,"7029,10131,12388,21573",0.96,fuzzy_name_district
999,Frederick Bava,,7035,0.97,fuzzy_name_district
1000,Peter Koshy,,"7037,12584",0.94,fuzzy_name_district
1001,Anmol Barad,,7040,0.86,fuzzy_name_district
1002,Baljiwan Varghese,,"7053,8433",0.91,fuzzy_name_district
1003,Yashodhara Contractor,,"7054,18704,22120",0.98,fuzzy_name_district
1004,Aditya Prasad,,"7059,15340",0.84,fuzzy_name_district
1005,Dominic Bhargava,,"7061,9509",0.88,fuzzy_name_district
1006,Kashvi Agarwal,,"7063,7582,12826",0.92,fuzzy_name_district
1007,Girik Dutt,,7069,0.89,fuzzy_name_district
1008,Rayaan Divan,,7072,0.97,fuzzy_name_district
1009,Wakeeta Talwar,,7085,0.96,fuzzy_name_district
1010,Ikbal Bassi,,7109,0.98,fuzzy_name_district
1011,Hitesh Bakshi,,7111,0.9,fuzzy_name_district
1012,Gagan Bal,,"7112,9543,11848,20902",0.85,fuzzy_name_district
1013,Harrison Saraf,,"7115,11372",0.98,fuzzy_name_district
1014,Tristan Chhabra,,"7121,8652,21057",0.86,fuzzy_name_district
1015,Harrison Seth,,"7124,11332,17558",0.84,fuzzy_name_district
1016,Nachiket Sane,,"7129,19305",0.94,fuzzy_name_district
1017,Saksham Kapoor,,7155,0.82,fuzzy_name_district
1018,Bimala Shenoy,,"7158,9920,15086",0.95,fuzzy_name_district
1019,Jeevika Krish,,"7162,13764,17671,20058",0.85,fuzzy_name_district
1020,Mekhala Zachariah,,7165,0.94,fuzzy_name_district
1021,Devansh Kunda,,7166,0.85,fuzzy_name_district
1022,Fiyaz Basu,,"7178,9559",0.98,fuzzy_name_district
1023,Samuel Bassi,,"7183,15154,22006",0.93,fuzzy_name_district
1024,Faris Dubey,,"7185,20661",0.99,fuzzy_name_district
1025,Girish Anne,,7186,0.83,fuzzy_name_district
1026,Amara Palla,,"7195,7568",0.84,fuzzy_name_district
1027,Tanish Sidhu,,7197,0.95,fuzzy_name_district
1028,Arya Parsa,,7211,0.91,fuzzy_name_district
1029,Champak Bhandari,,"7216,10934,14048",0.93,fuzzy_name_district
1030,Abhimanyu Mutti,,"7218,7377",0.84,fuzzy_name_district
1031,Shravya Dara,,"7230,18802,18983",0.9,fuzzy_name_district
1032,Thomas Patla,,"7231,9800,24513,24523",0.9,fuzzy_name_district
1033,Maanas Bose,,"7232,8763,24030",0.95,fuzzy_name_district
1034,Vihaan Chahal,,7233,0.87,fuzzy_name_district
1035,Rohan Chana,,"7240,9653,12552,18189",0.91,fuzzy_name_district
1036,Ekani Saini,,7243,0.87,fuzzy_name_district
1037,Chakradev Mitra,,"7284,10604,16727",0.84,fuzzy_name_district
1038,Frederick Dyal,,7292,0.84,fuzzy_name_district
1039,Laksh Aggarwal,,7298,0.89,fuzzy_name_district
1040,Elijah Sundaram,,"7307,10953",0.93,fuzzy_name_district
1041,Farhan Gulati,,"7313,11758",0.82,fuzzy_name_district
1042,William Dayal,,7318,0.83,fuzzy_name_district
1043,Aarnav Sama,,"7319,8220",0.9,fuzzy_name_district
1044,Krish Krish,,7321,0.87,fuzzy_name_district
1045,Gabriel Natarajan,,7322,0.92,fuzzy_name_district
1046,Kritika Iyer,,7326,0.9,fuzzy_name_district
1047,Sai Majumdar,,7335,0.93,fuzzy_name_district
1048,Alexander Sharma,,"7338,10772,15270",0.86,fuzzy_name_district
1049,Anmol Maharaj,,7346,0.94,fuzzy_name_district
1050,Dakshesh Cheema,,7355,0.96,fuzzy_name_district
1051,Falan Ravel,,7369,0.92,fuzzy_name_district
1052,Utkarsh Gokhale,,7378,0.85,fuzzy_name_district
1053,Krishna Agarwal,,"7381,11558,22377",0.98,fuzzy_name_district
1054,Ayushman Kala,,"7400,13007,13097,22609",0.94,fuzzy_name_district
1055,Yachana Manne,,7401,0.93,fuzzy_name_district
1056,Zayan Doshi,,7406,0.85,fuzzy_name_district
1057,Ryan Hari,,7431,0.93,fuzzy_name_district
1058,Balvan Padmanabhan,,7434,0.86,fuzzy_name_district
1059,Azaan Varma,,7437,0.97,fuzzy_name_district
1060,Udant Sekhon,,"7443,8589",0.98,fuzzy_name_district
1061,Azaan Dubey,,"7454,13936",0.83,fuzzy_name_district
1062,Michael Uppal,,"7463,12015,15969,19419",0.89,fuzzy_name_district
1063,Karan Sarma,,7467,0.94,fuzzy_name_district
1064,Udant Bhatia,,7469,0.86,fuzzy_name_district
1065,Parth Sehgal,,"7478,7522",0.86,fuzzy_name_district
1066,Tanish Walia,,"7502,17709",0.99,fuzzy_name_district
1067,Inaya Randhawa,,"7505,7813",0.94,fuzzy_name_district
1068,Jacob Saini,,"7507,12592,18288",0.91,fuzzy_name_district
1069,Ethan Dey,,7510,0.92,fuzzy_name_district
1070,Charles Pillay,,"7515,11146,11349,16273",0.97,fuzzy_name_district
1071,Qarin Palla,,"7516,21276",0.84,fuzzy_name_district
1072,Krishna Salvi,,7518,0.99,fuzzy_name_district
1073,Jai Saha,,7519,0.89,fuzzy_name_district
1074,Pooja Lata,,"7520,17098",0.88,fuzzy_name_district
1075,Shivansh Venkatesh,,7526,0.94,fuzzy_name_district
1076,Gaurav Padmanabhan,,7532,0.91,fuzzy_name_district
1077,Harsh Pingle,,7539,0.88,fuzzy_name_district
1078,Chandran Agarwal,,"7540,11265,11273",0.83,fuzzy_name_district
1079,Kalpit Dhawan,,"7543,9004,17250",0.91,fuzzy_name_district
1080,Peter Jha,,7547,0.97,fuzzy_name_district
1081,Aadhya Barad,,7552,0.94,fuzzy_name_district
1082,Fitan Nadkarni,,7554,0.91,fuzzy_name_district
1083,Naksh Iyengar,,"7573,22558",0.96,fuzzy_name_district
1084,Parth Sharma,,"7578,8373,10912,12067",0.99,fuzzy_name_district
1085,Ekapad Char,,"7581,8465",0.97,fuzzy_name_district
1086,Qarin Varty,,"7612,10708",0.85,fuzzy_name_district
1087,Abdul Gopal,,7613,0.95,fuzzy_name_district
1088,Yuvraj Pal,,"7617,9261,17123",0.87,fuzzy_name_district
1089,Mitesh Mallick,,"7618,8655,22360",0.96,fuzzy_name_district
1090,Timothy Bhakta,,"7632,10868",0.87,fuzzy_name_district
1091,Nihal Cheema,,"7640,21265",0.98,fuzzy_name_district
1092,Ayushman Prasad,,7649,0.99,fuzzy_name_district
1093,Manthan Bhardwaj,,"7653,15914",0.97,fuzzy_name_district
1094,David Puri,,7654,0.87,fuzzy_name_district
1095,Krishna Gokhale,,"7657,24482",0.88,fuzzy_name_district
1096,Hredhaan Thakkar,,"7662,12546",0.94,fuzzy_name_district
1097,Benjamin Basu,,7674,0.85,fuzzy_name_district
1098,Girik Mahal,,7676,0.98,fuzzy_name_district
1099,Arjun Varkey,,"7690,8236",0.85,fuzzy_name_district
1100,Aryan Grewal,,7693,0.98,fuzzy_name_district
1101,Jatin Koshy,,7698,0.87,fuzzy_name_district
1102,Ryan Narayan,,7712,0.93,fuzzy_name_district
1103,Baljiwan Raghavan,,"7715,8696",0.88,fuzzy_name_district
1104,Kashish Narain,,7724,0.91,fuzzy_name_district
1105,Shaurya Nigam,,7736,0.96,fuzzy_name_district
1106,Isaac Sachdeva,,"7737,8578,9323",0.98,fuzzy_name_district
1107,Utkarsh Wadhwa,,"7741,13969",0.99,fuzzy_name_district
1108,Kai Dayal,,7753,0.89,fuzzy_name_district
1109,Girish D’Alia,,"7757,8157,10870",0.86,fuzzy_name_district
1110,Falan Sane,,"7758,24682",0.99,fuzzy_name_district
1111,Yagnesh Ray,,"7761,10309",0.92,fuzzy_name_district
1112,Hema Bhakta,,"7783,14466",0.89,fuzzy_name_district
1113,Jai Subramaniam,,7785,0.99,fuzzy_name_district
1114,Henry Korpal,,7789,0.94,fuzzy_name_district
1115,Ekapad Menon,,"7790,10935,10973,16919",0.93,fuzzy_name_district
1116,Chandresh Wali,,7795,0.91,fuzzy_name_district
1117,Chakradhar Rajagopal,,"7796,8705",0.85,fuzzy_name_district
1118,Teerth Guha,,7797,0.99,fuzzy_name_district
1119,Jai Rastogi,,"7799,14691",0.86,fuzzy_name_district
1120,Madhav Seth,,7803,0.88,fuzzy_name_district
1121,Ekbal Bhandari,,7805,0.93,fuzzy_name_district
1122,Jai Borde,,"7817,17874,18685,18840,24229",0.97,fuzzy_name_district
1123,Zinal Ghosh,,7824,0.97,fuzzy_name_district
1124,Parth Rao,,7828,0.83,fuzzy_name_district
1125,Rachit Ahluwalia,,7836,0.84,fuzzy_name_district
1126,Simon Lala,,7838,0.82,fuzzy_name_district
1127,Naveen Ramachandran,,7858,0.85,fuzzy_name_district
1128,Brinda Devan,,"7875,22287",0.89,fuzzy_name_district
1129,Aryan Tripathi,,"7887,20890",0.85,fuzzy_name_district
1130,Wazir Choudhury,,"7891,9976",0.93,fuzzy_name_district
1131,Isaac Bhargava,,"7896,14922,21492",0.98,fuzzy_name_district
1132,Krishna Kunda,,7905,0.97,fuzzy_name_district
1133,Pranav Magar,,"7908,10842",0.82,fuzzy_name_district
1134,Thomas Dara,,7917,0.86,fuzzy_name_district
1135,Darsh Chaudhry,,7929,0.92,fuzzy_name_district
1136,Mohammed Hayre,,7932,0.87,fuzzy_name_district
1137,Lucky Setty,,7933,0.97,fuzzy_name_district
1138,Harinakshi Mohan,,7938,0.86,fuzzy_name_district
1139,Zayan Gola,,7942,0.91,fuzzy_name_district
1140,Henry Chada,,7944,0.84,fuzzy_name_district
1141,Chatresh Sandhu,,"7946,14043",0.82,fuzzy_name_district
1142,Faraj Rai,,7960,0.99,fuzzy_name_district
1143,Faraj Dutta,,7962,0.91,fuzzy_name_district
1144,Reyansh Nigam,,"7965,18230",0.88,fuzzy_name_district
1145,Atharv Prashad,,7971,0.86,fuzzy_name_district
1146,Girindra Mannan,,7972,0.85,fuzzy_name_district
1147,Joshua Agrawal,,"7976,10698",0.9,fuzzy_name_district
1148,Tanay Lal,,7982,0.85,fuzzy_name_district
1149,Madhav Edwin,,7983,0.95,fuzzy_name_district
1150,Aarav Vyas,,8004,0.91,fuzzy_name_district
1151,Aarush Tata,,"8006,24071",0.9,fuzzy_name_district
1152,Nathaniel Char,,8008,0.95,fuzzy_name_district
1153,Anmol Choudhary,,"8010,20535",0.97,fuzzy_name_district
1154,Pratyush Choudhury,,8011,0.9,fuzzy_name_district
1155,Sanaya Sagar,,8043,0.83,fuzzy_name_district
1156,Ronith Saxena,,8064,0.96,fuzzy_name_district
1157,Pranav Walia,,8070,0.82,fuzzy_name_district
1158,Gaurav Grover,,"8074,10602",0.89,fuzzy_name_district
1159,Aarna Chowdhury,,8075,0.89,fuzzy_name_district
1160,Liam Yohannan,,"8093,19782",0.84,fuzzy_name_district
1161,Jackson Nath,,8146,0.9,fuzzy_name_district
1162,Eesha Narayan,,8151,0.93,fuzzy_name_district
1163,Pranav Shroff,,"8169,21286",0.93,fuzzy_name_district
1164,Rohan Venkatesh,,8175,0.95,fuzzy_name_district
1165,Fitan Sridhar,,8182,0.9,fuzzy_name_district
1166,Tristan Rao,,8183,0.84,fuzzy_name_district
1167,Atharv Samra,,8198,0.92,fuzzy_name_district
1168,Ucchal Mangat,,8205,0.93,fuzzy_name_district
1169,Sarthak Modi,,8207,0.99,fuzzy_name_district
1170,Janya Dayal,,"8213,23008,24676",0.92,fuzzy_name_district
1171,Udant Sanghvi,,"8224,18122",0.86,fuzzy_name_district
1172,George Warrior,,8231,0.91,fuzzy_name_district
1173,Agastya Vaidya,,8247,0.84,fuzzy_name_district
1174,Banjeet Pall,,"8259,13801,14329,17223",0.89,fuzzy_name_district
1175,Pranav Sarin,,8261,0.99,fuzzy_name_district
1176,Ridhi Chada,,"8263,17406",0.98,fuzzy_name_district
1177,Ekanta Tiwari,,8272,0.84,fuzzy_name_district
1178,Pranit Dhawan,,"8273,15009",0.88,fuzzy_name_district
1179,Chakrika Ram,,8292,0.99,fuzzy_name_district
1180,Anamika Bawa,,"8302,14400",0.84,fuzzy_name_district
1181,Ojas Setty,,8305,0.9,fuzzy_name_district
1182,Ekavir Randhawa,,"8311,10825,14981,21335",0.9,fuzzy_name_district
1183,Charan Sangha,,"8315,8616",0.96,fuzzy_name_district
1184,Sai Chandran,,8336,0.97,fuzzy_name_district
1185,Urishilla Chopra,,8337,0.94,fuzzy_name_district
1186,Krishna Amble,,8338,0.91,fuzzy_name_district
1187,Christopher Prasad,,8339,0.88,fuzzy_name_district
1188,Yagnesh Kala,,"8342,20701",0.93,fuzzy_name_district
1189,Jagdish Dewan,,8355,0.88,fuzzy_name_district
1190,Fiyaz Datta,,8374,0.85,fuzzy_name_district
1191,Jason Kapur,,"8375,14682,23333",0.93,fuzzy_name_district
1192,Janaki Banik,,8379,0.87,fuzzy_name_district
1193,Utkarsh Mandal,,"8425,10305,19217",0.85,fuzzy_name_district
1194,Zayan Goel,,"8427,9464,9583,11174",0.91,fuzzy_name_district
1195,Aayush Sidhu,,"8431,8830,15557",0.85,fuzzy_name_district
1196,Zayan Karan,,"8442,9056,14245",0.94,fuzzy_name_district
1197,Matthew Dugar,,8443,0.88,fuzzy_name_district
1198,Alexander Jhaveri,,"8444,11120,22173",0.89,fuzzy_name_district
1199,Indali Agrawal,,8463,0.93,fuzzy_name_district
1200,Turvi Sule,,"8466,14084",0.94,fuzzy_name_district
1201,Ekaraj Dube,,"8475,21105",0.94,fuzzy_name_district
1202,Guneet Bath,,8477,0.96,fuzzy_name_district
1203,Hardik Bajwa,,"8482,15565",0.92,fuzzy_name_district
1204,Faras Bajaj,,"8483,10821",0.94,fuzzy_name_district
1205,Bachittar More,,"8484,15938,20315",0.84,fuzzy_name_district
1206,Urvashi Roy,,8487,0.98,fuzzy_name_district
1207,Laksh Sidhu,,"8510,22007",0.84,fuzzy_name_district
1208,Abha Kumer,,8512,0.86,fuzzy_name_district
1209,Indrajit Mital,,8518,0.95,fuzzy_name_district
1210,Samarth Hayre,,8527,0.96,fuzzy_name_district
1211,Vedant Chakrabarti,,8535,0.86,fuzzy_name_district
1212,Akshay Khanna,,8544,0.92,fuzzy_name_district
1213,Timothy Varty,,"8565,8629",0.95,fuzzy_name_district
1214,Theodore Mallick,,"8567,17855,22223",0.9,fuzzy_name_district
1215,Hitesh Ghosh,,"8569,18852",0.87,fuzzy_name_district
1216,Jackson Batta,,"8573,10474,22511",0.9,fuzzy_name_district
1217,Bhavna Shroff,,"8579,16763",0.9,fuzzy_name_district
1218,Qadim Salvi,,"8590,9149,23662",0.95,fuzzy_name_district
1219,Libni Raju,,"8597,12512",0.94,fuzzy_name_district
1220,Bahadurjit Viswanathan,,"8604,18886",0.83,fuzzy_name_district
1221,Yauvani Kothari,,"8626,10130,16885,22661",0.95,fuzzy_name_district
1222,Abdul Viswanathan,,8627,0.91,fuzzy_name_district
1223,Benjamin Dhar,,"8639,9247,20670",0.89,fuzzy_name_district
1224,Zehaan Pandya,,"8643,20907",0.92,fuzzy_name_district
1225,Amol Nair,,8645,0.91,fuzzy_name_district
1226,Upkaar Tara,,"8647,16499,17480,19078",0.83,fuzzy_name_district
1227,Balvan Bhatia,,8653,0.89,fuzzy_name_district
1228,William Dar,,8659,0.88,fuzzy_name_district
1229,Ekansh Radhakrishnan,,8670,0.98,fuzzy_name_district
1230,Jacob Sarna,,"8673,14932",0.93,fuzzy_name_district
1231,Bimala Sekhon,,8682,0.86,fuzzy_name_district
1232,Onkar Aurora,,8692,0.83,fuzzy_name_district
1233,Sarthak Radhakrishnan,,"8694,16878",0.83,fuzzy_name_district
1234,Zehaan Gokhale,,8699,0.96,fuzzy_name_district
1235,Isaiah Dyal,,8714,0.98,fuzzy_name_district
1236,Ranbir Hora,,8725,0.86,fuzzy_name_district
1237,Sai Mammen,,"8727,18618",0.97,fuzzy_name_district
1238,Parth Warrior,,"8730,11633",0.88,fuzzy_name_district
1239,Falan Shukla,,"8741,8879,12261",0.83,fuzzy_name_district
1240,Ranbir Borra,,8744,0.94,fuzzy_name_district
1241,Raghav Palan,,"8749,24502",0.92,fuzzy_name_district
1242,Aarav Parsa,,8761,0.94,fuzzy_name_district
1243,David Choudhury,,"8770,14488",0.87,fuzzy_name_district
1244,Fariq Memon,,8771,0.96,fuzzy_name_district
1245,Charles Sahni,,8773,0.89,fuzzy_name_district
1246,Yashawini Raghavan,,8774,0.9,fuzzy_name_district
1247,Yatin Bhandari,,"8775,10103,18872",0.95,fuzzy_name_district
1248,Krishna Jhaveri,,8785,0.91,fuzzy_name_district
1249,Samesh Morar,,"8789,8805,12979",0.84,fuzzy_name_district
1250,Udant Menon,,8791,0.9,fuzzy_name_district
1251,Pratyush Bava,,8801,0.82,fuzzy_name_district
1252,Januja Desai,,"8802,10740,16714",0.87,fuzzy_name_district
1253,Darsh Sarkar,,8809,0.93,fuzzy_name_district
1254,Harish Sethi,,"8820,10667",0.92,fuzzy_name_district
1255,Charles Memon,,8823,0.95,fuzzy_name_district
1256,Bishakha Nayak,,8865,0.95,fuzzy_name_district
1257,Christopher Bhatt,,8871,0.87,fuzzy_name_district
1258,Yagnesh Tella,,"8881,17922,20540",0.86,fuzzy_name_district
1259,Oscar Agate,,"8888,16224",0.85,fuzzy_name_district
1260,Nachiket Sami,,8908,0.94,fuzzy_name_district
1261,Shivansh Vaidya,,"8916,13272",0.87,fuzzy_name_district
1262,Charan Dewan,,8917,0.85,fuzzy_name_district
1263,Gabriel Saha,,8920,0.99,fuzzy_name_district
1264,Harrison Deo,,8922,0.94,fuzzy_name_district
1265,Onkar Raval,,8926,0.83,fuzzy_name_district
1266,Gopal Chhabra,,8928,0.98,fuzzy_name_district
1267,Sanaya Hari,,"8930,11130",0.94,fuzzy_name_district
1268,Karan Chahal,,8933,0.94,fuzzy_name_district
1269,Raksha Chaudhry,,"8934,18937",0.9,fuzzy_name_district
1270,Dhruv Kashyap,,8942,0.99,fuzzy_name_district
1271,Bachittar Bhatti,,8944,0.94,fuzzy_name_district
1272,Kabir Dass,,8946,0.91,fuzzy_name_district
1273,Zashil Mitter,,"8977,12843,16862,18544,20254",0.85,fuzzy_name_district
1274,Balendra Singh,,8979,0.82,fuzzy_name_district
1275,Parth Chacko,,8982,0.96,fuzzy_name_district
1276,Jason Bhalla,,8988,0.89,fuzzy_name_district
1277,Gavin Dar,,8998,0.86,fuzzy_name_district
1278,Rushil Nair,,"9001,13751",0.97,fuzzy_name_district
1279,Vihaan Dutt,,"9003,9959,14692",0.9,fuzzy_name_district
1280,Chandran Balasubramanian,,9006,0.84,fuzzy_name_district
1281,Chandresh Mody,,9021,0.93,fuzzy_name_district
1282,Pratyush Sen,,9040,0.97,fuzzy_name_district
1283,Laksh Gokhale,,9041,0.89,fuzzy_name_district
1284,Ekaraj Loyal,,9058,0.89,fuzzy_name_district
1285,Darpan Datta,,"9059,20262",0.94,fuzzy_name_district
1286,Urishilla Raj,,"9077,11430,15051",0.84,fuzzy_name_district
1287,Ayaan Narain,,"9082,10638,16663",0.83,fuzzy_name_district
1288,Daksh Bassi,,"9090,14930",0.92,fuzzy_name_district
1289,Yatan Dash,,9091,0.88,fuzzy_name_district
1290,Lakshit Sanghvi,,9103,0.93,fuzzy_name_district
1291,Lavanya Mahajan,,9106,0.86,fuzzy_name_district
1292,Xavier Pradhan,,9113,0.87,fuzzy_name_district
1293,Gauri Dass,,"9119,14174,22825",0.97,fuzzy_name_district
1294,Arjun Johal,,"9123,18601,19518",0.82,fuzzy_name_district
1295,Akshay Boase,,"9133,11322,19285",0.85,fuzzy_name_district
1296,Janani Mutti,,9136,0.88,fuzzy_name_district
1297,Bakhshi Zachariah,,"9143,16750,23716",0.84,fuzzy_name_district
1298,Yash Gara,,"9146,18953",0.93,fuzzy_name_district
1299,Aryan Kalita,,"9147,15810",0.96,fuzzy_name_district
1300,Naveen Batta,,9155,0.88,fuzzy_name_district
1301,Nathan Deo,,"9160,14810",0.97,fuzzy_name_district
1302,Xavier Venkatesh,,9162,0.84,fuzzy_name_district
1303,Abdul Sawhney,,"9163,18954,24298",0.87,fuzzy_name_district
1304,Chaitaly Ray,,"9164,9533",0.9,fuzzy_name_district
1305,Anirudh Sharaf,,9166,0.84,fuzzy_name_district
1306,Hemal Date,,"9171,9525",0.89,fuzzy_name_district
1307,Banjeet Sura,,"9172,14580",0.93,fuzzy_name_district
1308,Balvan Cheema,,9183,0.97,fuzzy_name_district
1309,Neel Memon,,9184,0.87,fuzzy_name_district
1310,Harrison Kar,,"9194,22478",0.92,fuzzy_name_district
1311,Nicholas Gala,,"9197,19854",0.95,fuzzy_name_district
1312,Tristan Wadhwa,,"9218,19952,21256",0.93,fuzzy_name_district
1313,Aarush Bandi,,"9226,11138",0.87,fuzzy_name_district
1314,Peter Dhawan,,9229,0.99,fuzzy_name_district
1315,Hredhaan Dugar,,"9240,19471",0.92,fuzzy_name_district
1316,Maanas Golla,,"9257,16206",0.84,fuzzy_name_district
1317,Dev Viswanathan,,9267,0.89,fuzzy_name_district
1318,Benjamin Agarwal,,9282,0.92,fuzzy_name_district
1319,Harrison Mistry,,9288,0.82,fuzzy_name_district
1320,Reyansh Sha,,"9290,9633,15399",0.84,fuzzy_name_district
1321,Bahadurjit Yogi,,9291,0.94,fuzzy_name_district
1322,Madhav Savant,,9293,0.93,fuzzy_name_district
1323,Parth Das,,9302,0.97,fuzzy_name_district
1324,Kabir Ganesh,,9306,0.91,fuzzy_name_district
1325,William Andra,,"9312,14443",0.87,fuzzy_name_district
1326,Arjun Guha,,9316,0.88,fuzzy_name_district
1327,Saksham Purohit,,"9320,16208",0.84,fuzzy_name_district
1328,Manbir Shetty,,"9327,11854",0.87,fuzzy_name_district
1329,Laksh Badal,,9331,0.85,fuzzy_name_district
1330,Chandresh Mangat,,9341,0.85,fuzzy_name_district
1331,Ronith Tara,,"9349,9799",0.99,fuzzy_name_district
1332,Vaishnavi Bera,,"9362,15541,24232",0.86,fuzzy_name_district
1333,Naveen Mallick,,9363,0.85,fuzzy_name_district
1334,Hritik Kadakia,,9380,0.87,fuzzy_name_district
1335,Theodore Mangal,,"9382,17795",0.93,fuzzy_name_district
1336,Chakradhar Ghosh,,"9393,12691,13320",0.95,fuzzy_name_district
1337,Bahadurjit Kaur,,9395,0.86,fuzzy_name_district
1338,Naveen Som,,9397,0.86,fuzzy_name_district
1339,Guneet Sabharwal,,9400,0.94,fuzzy_name_district
1340,Isaac Chahal,,"9401,18911,22342",0.86,fuzzy_name_district
1341,Wakeeta Kade,,"9431,21801",0.82,fuzzy_name_district
1342,Zaitra Sarraf,,"9432,9837",0.98,fuzzy_name_district
1343,Jack Handa,,"9434,9894",0.93,fuzzy_name_district
1344,Qasim Solanki,,9438,0.95,fuzzy_name_district
1345,Mitesh Pal,,"9443,16649",0.93,fuzzy_name_district
1346,Joshua Saran,,9455,0.98,fuzzy_name_district
1347,Ekbal Ramachandran,,"9475,11392",0.94,fuzzy_name_district
1348,Chanakya Ramesh,,9486,0.93,fuzzy_name_district
1349,Hritik Panchal,,9501,0.9,fuzzy_name_district
1350,Dakshesh Pandit,,9504,0.97,fuzzy_name_district
1351,Dipta Shankar,,9528,0.91,fuzzy_name_district
1352,Rishi Shan,,"9531,15005",0.89,fuzzy_name_district
1353,Anjali Barad,,"9535,13776,16124",0.95,fuzzy_name_district
1354,Rishi Sant,,9556,0.97,fuzzy_name_district
1355,Warjas Parsa,,9558,0.89,fuzzy_name_district
1356,Nathaniel Golla,,"9573,13325",0.82,fuzzy_name_district
1357,Om Ratti,,9574,0.92,fuzzy_name_district
1358,Saksham Nath,,9578,0.9,fuzzy_name_district
1359,Max Naik,,9580,0.94,fuzzy_name_district
1360,Reyansh Walia,,9589,0.85,fuzzy_name_district
1361,Anirudh Baral,,"9605,23975",0.84,fuzzy_name_district
1362,Ekaraj Thakur,,9614,0.97,fuzzy_name_district
1363,Aryan Mohan,,9628,0.89,fuzzy_name_district
1364,Nidra Mammen,,9630,0.99,fuzzy_name_district
1365,Orinder Deo,,9632,0.94,fuzzy_name_district
1366,Jatin Subramaniam,,9648,0.95,fuzzy_name_district
1367,Om Patla,,9656,0.98,fuzzy_name_district
1368,Orinder Rajagopal,,"9660,10811",0.89,fuzzy_name_district
1369,Ishaan Dayal,,"9665,10327",0.88,fuzzy_name_district
1370,Tejas Batta,,9679,0.96,fuzzy_name_district
1371,Isaac Tailor,,9687,0.89,fuzzy_name_district
1372,Samar Dara,,9695,0.93,fuzzy_name_district
1373,Manan Dhar,,9727,0.95,fuzzy_name_district
1374,Naksh Wason,,"9736,10198",0.98,fuzzy_name_district
1375,Bachittar Oommen,,9740,0.86,fuzzy_name_district
1376,Hemani Sant,,"9747,24738",0.87,fuzzy_name_district
1377,Yatan Iyengar,,"9750,14706",0.94,fuzzy_name_district
1378,Yamini Bora,,9753,0.95,fuzzy_name_district
1379,Wahab Upadhyay,,9761,0.92,fuzzy_name_district
1380,Logan Sanghvi,,"9768,12288,12791",0.93,fuzzy_name_district
1381,David Buch,,9771,0.92,fuzzy_name_district
1382,Jacob Lad,,"9777,10683",0.96,fuzzy_name_district
1383,Kiaan Ranganathan,,9779,0.89,fuzzy_name_district
1384,Nakul Sridhar,,"9806,10148",0.84,fuzzy_name_district
1385,Bakhshi Sarma,,"9808,17087",0.9,fuzzy_name_district
1386,Darsh Khanna,,"9816,22476",0.97,fuzzy_name_district
1387,Onkar Kalita,,"9854,11055,23720",0.95,fuzzy_name_district
1388,Girindra Ranganathan,,9855,0.86,fuzzy_name_district
1389,Osha Zachariah,,"9861,13602",0.95,fuzzy_name_district
1390,Jai Pandya,,9862,0.87,fuzzy_name_district
1391,Isaac Nayak,,9867,0.98,fuzzy_name_district
1392,Jatin Bala,,"9869,10418",0.87,fuzzy_name_district
1393,Kiaan Hora,,"9874,15475",0.92,fuzzy_name_district
1394,Zayan Chaudry,,"9882,11742",0.87,fuzzy_name_district
1395,Ladli Raju,,9892,0.96,fuzzy_name_district
1396,Jason Manne,,"9895,12819",0.84,fuzzy_name_district
1397,Joshua Tank,,9905,0.9,fuzzy_name_district
1398,Chandresh Narain,,9913,0.88,fuzzy_name_district
1399,Aarini Nagi,,9916,0.95,fuzzy_name_district
1400,Wyatt Batra,,"9918,12349,15777",0.84,fuzzy_name_district
1401,Jason Rai,,9922,0.97,fuzzy_name_district
1402,Michael Iyengar,,9938,0.9,fuzzy_name_district
1403,Logan Puri,,"9939,15250",0.88,fuzzy_name_district
1404,Samuel Dua,,9942,0.91,fuzzy_name_district
1405,Shaurya Devi,,9949,0.96,fuzzy_name_district
1406,William Kuruvilla,,"9953,10716",0.96,fuzzy_name_district
1407,Hemang Taneja,,9957,0.92,fuzzy_name_district
1408,Umang Shere,,"9962,12595",0.82,fuzzy_name_district
1409,Faras Taneja,,"9972,23086",0.98,fuzzy_name_district
1410,Lekha Tripathi,,9986,0.92,fuzzy_name_district
1411,Rohan Pillay,,9987,0.82,fuzzy_name_district
1412,Shivansh Raman,,"9989,19971",0.97,fuzzy_name_district
1413,Daniel Ahluwalia,,10014,0.93,fuzzy_name_district
1414,Champak Bains,,10029,0.92,fuzzy_name_district
1415,Sathvik Sarna,,10036,0.95,fuzzy_name_district
1416,Shravya Dasgupta,,10050,0.95,fuzzy_name_district
1417,Maanas Pandya,,"10053,22010",0.97,fuzzy_name_district
1418,Maanav Bawa,,"10064,11864",0.95,fuzzy_name_district
1419,Amol Bansal,,10079,0.92,fuzzy_name_district
1420,Dhruv Basu,,10093,0.97,fuzzy_name_district
1421,Vedhika Kapur,,10101,0.87,fuzzy_name_district
1422,Laksh Manda,,10106,0.98,fuzzy_name_district
1423,Timothy Palla,,10110,0.98,fuzzy_name_district
1424,Jagdish Toor,,10112,0.86,fuzzy_name_district
1425,Tanay Raval,,10117,0.91,fuzzy_name_district
1426,Fariq Dubey,,10123,0.93,fuzzy_name_district
1427,Yug Dash,,10132,0.85,fuzzy_name_district
1428,Nilima Sehgal,,10133,0.91,fuzzy_name_district
1429,Anamika Pau,,10146,0.82,fuzzy_name_district
1430,Rachana Sood,,10155,0.86,fuzzy_name_district
1431,Girindra Deo,,"10156,19492",0.96,fuzzy_name_district
1432,Chaitanya Sood,,10167,0.83,fuzzy_name_district
1433,Nitesh Natt,,10171,0.83,fuzzy_name_district
1434,Avi Comar,,10172,0.82,fuzzy_name_district
1435,Alexander Varkey,,"10174,13140",0.88,fuzzy_name_district
1436,Tanish Bera,,10178,0.95,fuzzy_name_district
1437,Nandini Chawla,,"10188,11639",0.9,fuzzy_name_district
1438,Yashodhara Mahal,,10192,0.96,fuzzy_name_district
1439,Amol Uppal,,10201,0.96,fuzzy_name_district
1440,Ayaan Chowdhury,,10203,0.96,fuzzy_name_district
1441,Chatresh Morar,,"10213,24452",0.83,fuzzy_name_district
1442,Libni Garde,,10235,0.97,fuzzy_name_district
1443,Sathvik Krishnamurthy,,"10238,17983",0.95,fuzzy_name_district
1444,Reyansh Mani,,"10241,14194,14844,21099",0.91,fuzzy_name_district
1445,Dev Dada,,10244,0.95,fuzzy_name_district
1446,Yashvi Saini,,"10256,18462",0.85,fuzzy_name_district
1447,Ranveer Gandhi,,10266,0.93,fuzzy_name_district
1448,Bahadurjit Dugal,,10277,0.98,fuzzy_name_district
1449,Wahab Bhagat,,"10292,13495",0.97,fuzzy_name_district
1450,Balvan Dalal,,10293,0.88,fuzzy_name_district
1451,Hredhaan Kanda,,10295,0.88,fuzzy_name_district
1452,Xavier Sarin,,10300,0.88,fuzzy_name_district
1453,Ganga Lall,,"10307,21417",0.9,fuzzy_name_district
1454,Ayush Toor,,10315,0.87,fuzzy_name_district
1455,Kabir Atwal,,"10318,22782",0.93,fuzzy_name_district
1456,Turvi Apte,,10320,0.84,fuzzy_name_district
1457,Bachittar Walia,,"10325,13630",0.94,fuzzy_name_district
1458,Ishaan Mitter,,10338,0.92,fuzzy_name_district
1459,Jeremiah Nayar,,"10350,12653,12725",0.93,fuzzy_name_district
1460,Amol Rastogi,,10351,0.93,fuzzy_name_district
1461,Falan Bir,,10353,0.9,fuzzy_name_district
1462,Samar Agrawal,,10354,0.98,fuzzy_name_district
1463,Jonathan Nagy,,10363,0.82,fuzzy_name_district
1464,Michael Raja,,"10366,12214",0.98,fuzzy_name_district
1465,Darsh Korpal,,10370,0.83,fuzzy_name_district
1466,Gaurav Mahajan,,"10371,23351",0.9,fuzzy_name_district
1467,Gagan Amble,,10378,0.84,fuzzy_name_district
1468,Jackson Nadig,,10387,0.97,fuzzy_name_district
1469,Lipika Chad,,"10389,18221",0.95,fuzzy_name_district
1470,Manan Koshy,,"10391,16719",0.84,fuzzy_name_district
1471,Xavier Ray,,10394,0.93,fuzzy_name_district
1472,Gopal Mishra,,10416,0.89,fuzzy_name_district
1473,Advaith Devi,,10417,0.89,fuzzy_name_district
1474,Ryan Kuruvilla,,10420,0.85,fuzzy_name_district
1475,Advay Modi,,10427,0.95,fuzzy_name_district
1476,Robert Savant,,"10437,11115,18341",0.9,fuzzy_name_district
1477,Dakshesh Sem,,10442,0.99,fuzzy_name_district
1478,Orinder Sagar,,10448,0.9,fuzzy_name_district
1479,Upkaar Raman,,10457,0.96,fuzzy_name_district
1480,Isaac Rout,,10462,0.96,fuzzy_name_district
1481,Wahab Dani,,"10466,10476",0.83,fuzzy_name_district
1482,Farhan Rana,,"10468,22400",0.97,fuzzy_name_district
1483,Abeer Kant,,10472,0.88,fuzzy_name_district
1484,Dalbir Panchal,,10473,0.95,fuzzy_name_district
1485,Gunbir Arya,,10480,0.84,fuzzy_name_district
1486,Bahadurjit Kale,,"10489,17506,20570,23358",0.98,fuzzy_name_district
1487,Guneet Sarma,,10495,0.82,fuzzy_name_district
1488,Yagnesh Mukherjee,,10502,0.96,fuzzy_name_district
1489,Qabil Tailor,,10510,0.87,fuzzy_name_district
1490,Pavani Balakrishnan,,"10517,19394",0.84,fuzzy_name_district
1491,Aarush Dar,,10533,0.84,fuzzy_name_district
1492,Aayush Balakrishnan,,"10536,17429",0.88,fuzzy_name_district
1493,Chandran Baral,,"10543,18871",0.83,fuzzy_name_district
1494,Wridesh Ramachandran,,"10544,16812",0.92,fuzzy_name_district
1495,Kevin Chaudhuri,,10554,0.95,fuzzy_name_district
1496,Charan Sandhu,,10559,0.86,fuzzy_name_district
1497,Krish Bansal,,10564,0.92,fuzzy_name_district
1498,Nimrat Oommen,,10570,0.94,fuzzy_name_district
1499,Ekaraj Sibal,,10574,0.9,fuzzy_name_district
1500,Luke Sandhu,,10579,0.88,fuzzy_name_district
1501,Faqid Bhatti,,10580,0.92,fuzzy_name_district
1502,Jackson Rama,,10605,0.9,fuzzy_name_district
1503,Charan Krishnamurthy,,10606,0.98,fuzzy_name_district
1504,Xavier Naidu,,"10615,10843",0.82,fuzzy_name_district
1505,Chandran Sodhi,,"10617,16538",0.89,fuzzy_name_district
1506,Zaid Manda,,10619,0.97,fuzzy_name_district
1507,Rohan Tata,,10633,0.82,fuzzy_name_district
1508,Xavier Cheema,,10642,0.85,fuzzy_name_district
1509,Neel Bhatt,,10646,0.88,fuzzy_name_district
1510,Aadi Baria,,"10648,14339",0.87,fuzzy_name_district
1511,Hemal Bains,,10655,0.93,fuzzy_name_district
1512,Abhiram Nanda,,10664,0.83,fuzzy_name_district
1513,Vihaan Dada,,"10672,23670",0.98,fuzzy_name_district
1514,Xavier Koshy,,"10678,12306",0.94,fuzzy_name_district
1515,Theodore Chandra,,10679,0.91,fuzzy_name_district
1516,Michael Khalsa,,10699,0.92,fuzzy_name_district
1517,Lipika Dara,,"10715,11823",0.97,fuzzy_name_district
1518,Dalbir Dyal,,"10718,11871,17099",0.82,fuzzy_name_district
1519,Mohammed Warrior,,"10752,21678",0.92,fuzzy_name_district
1520,Ekaraj Ramakrishnan,,10756,0.87,fuzzy_name_district
1521,Bhavani Kale,,"10759,18179",0.93,fuzzy_name_district
1522,Darsh Kota,,10762,0.92,fuzzy_name_district
1523,Abhiram Tandon,,10765,0.82,fuzzy_name_district
1524,Akshay Karan,,10767,0.84,fuzzy_name_district
1525,Tanay Soni,,"10768,19839,22267",0.83,fuzzy_name_district
1526,Yatan Khare,,10789,0.93,fuzzy_name_district
1527,Zashil Kota,,10806,0.98,fuzzy_name_district
1528,Niharika Magar,,"10810,13618,24094",0.98,fuzzy_name_district
1529,Onveer Madan,,"10816,11996",0.93,fuzzy_name_district
1530,Oliver Mody,,"10829,18577",0.91,fuzzy_name_district
1531,Viraj Gaba,,"10871,21097,22169",0.87,fuzzy_name_district
1532,Kalpit Wali,,10873,0.85,fuzzy_name_district
1533,Baljiwan Badal,,"10880,11956",0.83,fuzzy_name_district
1534,Nachiket Keer,,10885,0.9,fuzzy_name_district
1535,Dakshesh Din,,10890,0.92,fuzzy_name_district
1536,Yatan Prashad,,10891,0.89,fuzzy_name_district
1537,Anmol Goswami,,"10893,18870",0.92,fuzzy_name_district
1538,Suhani Nagar,,10911,0.92,fuzzy_name_district
1539,Anirudh Tara,,"10920,14809",0.94,fuzzy_name_district
1540,Madhav Naidu,,10933,0.97,fuzzy_name_district
1541,Zayyan Rout,,10938,0.89,fuzzy_name_district
1542,Akshay Sampath,,"10940,16347,20573",0.93,fuzzy_name_district
1543,Nachiket Soni,,10944,0.92,fuzzy_name_district
1544,Udant Sama,,10947,0.97,fuzzy_name_district
1545,Rushil Boase,,"10949,14141",0.82,fuzzy_name_district
1546,Oscar Bhatt,,10952,0.9,fuzzy_name_district
1547,Bhavna Hayre,,10960,0.99,fuzzy_name_district
1548,Balvan De,,10967,0.85,fuzzy_name_district
1549,Vasudha Vig,,10968,0.94,fuzzy_name_district
1550,Balveer Contractor,,10972,0.82,fuzzy_name_district
1551,Upasna Saini,,10976,0.84,fuzzy_name_district
1552,Pratyush Prabhakar,,10978,0.98,fuzzy_name_district
1553,Charan Reddy,,"10985,21183",0.86,fuzzy_name_district
1554,Tejas Ratti,,10988,0.89,fuzzy_name_district
1555,Chanakya Acharya,,10996,0.95,fuzzy_name_district
1556,Omisha Venkatesh,,10997,0.95,fuzzy_name_district
1557,Upadhriti Sawhney,,"11007,13214",0.96,fuzzy_name_district
1558,Dominic Chaudhari,,"11010,19953",0.97,fuzzy_name_district
1559,Aayush Bhatti,,11011,0.86,fuzzy_name_district
1560,Isaac Misra,,"11022,24635",0.87,fuzzy_name_district
1561,Sai Raghavan,,11046,0.85,fuzzy_name_district
1562,Ekbal Sankar,,"11052,15325",0.99,fuzzy_name_district
1563,Gaurika Sarin,,11067,0.84,fuzzy_name_district
1564,Reyansh Tandon,,11085,0.99,fuzzy_name_district
1565,Dominic Mangat,,11086,0.87,fuzzy_name_district
1566,Fiyaz Majumdar,,11090,0.84,fuzzy_name_district
1567,Harini Trivedi,,11099,0.99,fuzzy_name_district
1568,Amol Kamdar,,"11104,12468",0.86,fuzzy_name_district
1569,Samuel Bassi,,11107,0.92,fuzzy_name_district
1570,Hemang Brahmbhatt,,11116,0.87,fuzzy_name_district
1571,Rayaan Chander,,11123,0.98,fuzzy_name_district
1572,Falan Andra,,11125,0.87,fuzzy_name_district
1573,Ekalinga Oak,,11133,0.94,fuzzy_name_district
1574,Ubika Salvi,,"11137,11162,12797",0.83,fuzzy_name_district
1575,Udarsh Banik,,11142,0.88,fuzzy_name_district
1576,Jeremiah Buch,,11147,0.99,fuzzy_name_district
1577,Umang Mitra,,11164,0.89,fuzzy_name_district
1578,Qadim Sachdev,,11166,0.94,fuzzy_name_district
1579,Hardik Choudhary,,"11167,11358,15596",0.84,fuzzy_name_district
1580,Jason Devi,,"11170,11711,22779",0.9,fuzzy_name_district
1581,Madhavi Chauhan,,"11171,23135",0.94,fuzzy_name_district
1582,Lakshmi Sant,,"11172,21777",0.95,fuzzy_name_district
1583,Anvi Bhatia,,11183,0.89,fuzzy_name_district
1584,Owen Natt,,11196,0.9,fuzzy_name_district
1585,Balvan Murty,,"11204,18043",0.95,fuzzy_name_district
1586,Jeet Radhakrishnan,,"11205,12877",0.92,fuzzy_name_district
1587,Henry Dayal,,11212,0.96,fuzzy_name_district
1588,Gagan Hegde,,11224,0.95,fuzzy_name_district
1589,Ekavir Pillay,,11226,0.89,fuzzy_name_district
1590,Balhaar Madan,,11228,0.88,fuzzy_name_district
1591,Dhruv Nayak,,11232,0.89,fuzzy_name_district
1592,Yochana Som,,11237,0.82,fuzzy_name_district
1593,Abeer Ramakrishnan,,"11242,12941",0.9,fuzzy_name_district
1594,Yuvraj Bhatti,,11262,0.84,fuzzy_name_district
1595,Dominic Kanda,,"11274,18342,22331",0.87,fuzzy_name_district
1596,Eta Jha,,11276,0.94,fuzzy_name_district
1597,Hema Choudhury,,"11277,19044",0.87,fuzzy_name_district
1598,Bhavna Kumar,,"11280,21283",0.89,fuzzy_name_district
1599,Yochana Keer,,"11289,12382,19178",0.94,fuzzy_name_district
1600,Ayushman Dara,,11291,0.94,fuzzy_name_district
1601,Chakrika Swaminathan,,11302,0.94,fuzzy_name_district
1602,Samarth Manne,,11304,0.95,fuzzy_name_district
1603,Onkar Rastogi,,"11312,19605",0.89,fuzzy_name_district
1604,Gaurang Venkatesh,,11315,0.99,fuzzy_name_district
1605,Naksh Korpal,,11323,0.83,fuzzy_name_district
1606,Naveen Nadig,,11335,0.9,fuzzy_name_district
1607,Rushil Jaggi,,"11339,20810",0.87,fuzzy_name_district
1608,Jatin Mody,,11346,0.86,fuzzy_name_district
1609,Ojasvi Natt,,11351,0.84,fuzzy_name_district
1610,Gavin Shere,,11352,0.83,fuzzy_name_district
1611,Anthony Madan,,"11356,21918",0.82,fuzzy_name_district
1612,Hemani Nadkarni,,11366,0.95,fuzzy_name_district
1613,Abhimanyu Morar,,11369,0.87,fuzzy_name_district
1614,Alexander Gopal,,11379,0.84,fuzzy_name_district
1615,Ekiya Sethi,,11382,0.83,fuzzy_name_district
1616,Jagat Dhaliwal,,"11400,11810",0.86,fuzzy_name_district
1617,Praneel Tailor,,11406,0.82,fuzzy_name_district
1618,Vrinda Verma,,11407,0.9,fuzzy_name_district
1619,Yug Handa,,11408,0.84,fuzzy_name_district
1620,Maanas Barad,,11417,0.97,fuzzy_name_district
1621,Harsh Bala,,"11418,22182",0.93,fuzzy_name_district
1622,Chakradhar Badal,,11419,0.96,fuzzy_name_district
1623,Amruta Bhardwaj,,11432,0.83,fuzzy_name_district
1624,Dakshesh Balasubramanian,,11434,0.89,fuzzy_name_district
1625,Krish Sule,,11455,0.89,fuzzy_name_district
1626,Chandresh Verma,,11461,0.86,fuzzy_name_district
1627,Indrajit Mohanty,,11465,0.91,fuzzy_name_district
1628,Vincent Cheema,,11469,0.87,fuzzy_name_district
1629,Advay Rege,,11470,0.91,fuzzy_name_district
1630,Darpan Gopal,,11477,0.86,fuzzy_name_district
1631,Jonathan Bhandari,,11480,0.94,fuzzy_name_district
1632,Imaran Issac,,11484,0.85,fuzzy_name_district
1633,Vedant Karan,,11499,0.9,fuzzy_name_district
1634,Peter Sharaf,,11509,0.83,fuzzy_name_district
1635,Amol Handa,,11510,0.83,fuzzy_name_district
1636,Girish Narang,,11519,0.88,fuzzy_name_district
1637,Max Vora,,11524,0.9,fuzzy_name_district
1638,Raghav Modi,,11526,0.87,fuzzy_name_district
1639,Kashvi Ratta,,11533,0.91,fuzzy_name_district
1640,Abhiram Nayak,,"11538,11900",0.87,fuzzy_name_district
1641,Tejas Goyal,,"11540,24474",0.96,fuzzy_name_district
1642,Ekaraj Rajagopal,,"11541,19383",0.87,fuzzy_name_district
1643,Ekavir Deol,,"11551,12439",0.97,fuzzy_name_district
1644,Vrishti Dewan,,11562,0.96,fuzzy_name_district
1645,Chatura Agate,,11570,0.93,fuzzy_name_district
1646,Mohammed Bobal,,11596,0.98,fuzzy_name_district
1647,Inaya Raju,,11597,0.95,fuzzy_name_district
1648,Azaan Shukla,,11601,0.96,fuzzy_name_district
1649,Madhav Bhandari,,"11603,13133",0.83,fuzzy_name_district
1650,Theodore Padmanabhan,,11611,0.88,fuzzy_name_district
1651,Timothy Parikh,,"11612,18295,23851",0.83,fuzzy_name_district
1652,Nitesh Patla,,11624,0.96,fuzzy_name_district
1653,Balveer Lall,,11625,0.88,fuzzy_name_district
1654,Abdul Mallick,,11643,0.98,fuzzy_name_district
1655,Ayush Narula,,11648,0.95,fuzzy_name_district
1656,Girik Dhar,,11654,0.99,fuzzy_name_district
1657,Henry Thakur,,11660,0.9,fuzzy_name_district
1658,Farhan Char,,11681,0.84,fuzzy_name_district
1659,Zayyan Kumer,,"11699,16959",0.95,fuzzy_name_district
1660,Alexander Ganesh,,11704,0.83,fuzzy_name_district
1661,Krish Padmanabhan,,11715,0.88,fuzzy_name_district
1662,Maanas Dua,,"11725,18769",0.88,fuzzy_name_district
1663,Nakul Oza,,11726,0.88,fuzzy_name_district
1664,Anmol Yogi,,11737,0.87,fuzzy_name_district
1665,Dakshesh Arya,,11740,0.82,fuzzy_name_district
1666,Ekansh Dey,,11754,0.91,fuzzy_name_district
1667,Advay Munshi,,11762,0.85,fuzzy_name_district
1668,Mitali Pandya,,"11764,12827",0.87,fuzzy_name_district
1669,Parth Khosla,,11766,0.83,fuzzy_name_district
1670,Manthan Ghose,,"11776,13225",0.87,fuzzy_name_district
1671,Harsh Kalla,,"11778,11986",0.92,fuzzy_name_district
1672,Ganga Bedi,,11783,0.97,fuzzy_name_district
1673,Mohammed Bhatnagar,,11791,0.89,fuzzy_name_district
1674,Wriddhish Deo,,11808,0.92,fuzzy_name_district
1675,Logan Minhas,,11809,0.83,fuzzy_name_district
1676,Aarnav Bhatnagar,,11813,0.85,fuzzy_name_district
1677,Reyansh Balan,,11814,0.89,fuzzy_name_district
1678,Nachiket Ram,,11820,0.88,fuzzy_name_district
1679,Ayushman Samra,,11821,0.95,fuzzy_name_district
1680,Sathvik Bhatti,,11829,0.92,fuzzy_name_district
1681,Jhalak Mandal,,11845,0.86,fuzzy_name_district
1682,Alexander Nagarajan,,11866,0.82,fuzzy_name_district
1683,Chatresh Savant,,"11870,23799",0.85,fuzzy_name_district
1684,Krisha Wason,,"11874,13002",0.93,fuzzy_name_district
1685,Yuvraj Deshpande,,"11888,24286",0.89,fuzzy_name_district
1686,Raagini Sarna,,11897,0.9,fuzzy_name_district
1687,Ojas Dhar,,11913,0.91,fuzzy_name_district
1688,Ansh Baral,,11914,0.88,fuzzy_name_district
1689,Gaurangi Prasad,,"11923,16063",0.94,fuzzy_name_district
1690,Orinder Goswami,,11927,0.92,fuzzy_name_district
1691,Advay Bhat,,"11930,14693,20443",0.95,fuzzy_name_district
1692,Veda Patel,,"11935,19525",0.87,fuzzy_name_district
1693,Harshil Ghose,,11939,0.97,fuzzy_name_district
1694,Viraj Balay,,11943,0.83,fuzzy_name_district
1695,Ayushman Sen,,11960,0.95,fuzzy_name_district
1696,Raagini Bhat,,"11961,19832,24176",0.92,fuzzy_name_district
1697,Lohit Nayar,,11963,0.87,fuzzy_name_district
1698,Daksh Jhaveri,,"11964,18616",0.82,fuzzy_name_district
1699,Ranbir Puri,,11966,0.87,fuzzy_name_district
1700,Amol Kadakia,,11967,0.86,fuzzy_name_district
1701,Girik Contractor,,"11984,16042",0.95,fuzzy_name_district
1702,Fariq Comar,,11991,0.98,fuzzy_name_district
1703,Harrison Chakrabarti,,"11998,12611",0.9,fuzzy_name_district
1704,Yash Mandal,,"12012,18155",0.85,fuzzy_name_district
1705,Yashica Kalita,,"12033,16221",0.97,fuzzy_name_district
1706,Yagnesh Pandey,,12041,0.88,fuzzy_name_district
1707,Rohan Dara,,12042,0.9,fuzzy_name_district
1708,Ekapad Vala,,12043,0.97,fuzzy_name_district
1709,Daksh Randhawa,,"12050,15440",0.97,fuzzy_name_district
1710,Azad Agarwal,,12065,0.91,fuzzy_name_district
1711,Upkaar Shetty,,12090,0.9,fuzzy_name_district
1712,Tarak Choudhary,,"12094,12633",0.97,fuzzy_name_district
1713,Sarthak Bhardwaj,,"12108,21787",0.83,fuzzy_name_district
1714,Yagnesh Sharma,,12109,0.87,fuzzy_name_district
1715,Faraj Khosla,,12115,0.97,fuzzy_name_district
1716,Waida Parekh,,12117,0.84,fuzzy_name_district
1717,Darpan Shanker,,12120,0.99,fuzzy_name_district
1718,Mitesh Sant,,12122,0.99,fuzzy_name_district
1719,Ranbir Karan,,"12123,15910,18017",0.86,fuzzy_name_district
1720,Maanas Menon,,12142,0.95,fuzzy_name_district
1721,Siya Vyas,,12146,0.85,fuzzy_name_district
1722,Isaac Kale,,"12151,12433",0.98,fuzzy_name_district
1723,Agastya Kari,,12161,0.84,fuzzy_name_district
1724,Fiyaz Sawhney,,"12174,13867",0.96,fuzzy_name_district
1725,Bachittar Swamy,,12179,0.86,fuzzy_name_district
1726,Frederick Varma,,"12193,14153,20554,22114",0.83,fuzzy_name_district
1727,Tarak Wali,,12195,0.93,fuzzy_name_district
1728,Amaira Banik,,12205,0.93,fuzzy_name_district
1729,Chandani Setty,,12213,0.97,fuzzy_name_district
1730,Tanveer Nayak,,"12237,18173",0.98,fuzzy_name_district
1731,Faras Bhatia,,12245,0.91,fuzzy_name_district
1732,Abdul Joshi,,12262,0.88,fuzzy_name_district
1733,Bachittar Ray,,12270,0.92,fuzzy_name_district
1734,Rachit Kapadia,,12271,0.87,fuzzy_name_district
1735,Gautam Maharaj,,12272,0.82,fuzzy_name_district
1736,Alexander Naidu,,12280,0.96,fuzzy_name_district
1737,Gopal Gara,,12286,0.85,fuzzy_name_district
1738,Hema Kannan,,"12296,14250",0.92,fuzzy_name_district
1739,Rehaan Raja,,"12311,17076",0.94,fuzzy_name_district
1740,Ekansh Karan,,12312,0.98,fuzzy_name_district
1741,Yashoda Sehgal,,12324,0.86,fuzzy_name_district
1742,Chanakya Sami,,12328,0.9,fuzzy_name_district
1743,Advika Badal,,12330,0.98,fuzzy_name_district
1744,Lakshmi Mander,,"12331,15057",0.84,fuzzy_name_district
1745,Darsh Korpal,,12335,0.9,fuzzy_name_district
1746,Reyansh Borah,,12339,0.87,fuzzy_name_district
1747,Amruta Dyal,,12341,0.87,fuzzy_name_district
1748,Owen Nadkarni,,"12343,18823",0.87,fuzzy_name_district
1749,Rohan Peri,,12370,0.93,fuzzy_name_district
1750,Anmol Randhawa,,12371,0.9,fuzzy_name_district
1751,Wyatt Narain,,12394,0.83,fuzzy_name_district
1752,Nathaniel Ravel,,12396,0.85,fuzzy_name_district
1753,Lakshit Bansal,,"12399,20870",0.98,fuzzy_name_district
1754,Tristan Vig,,12407,0.89,fuzzy_name_district
1755,Yatin Grewal,,12409,0.86,fuzzy_name_district
1756,Gaurika Kohli,,"12416,19164",0.96,fuzzy_name_district
1757,Vidhi Savant,,"12426,19358",0.97,fuzzy_name_district
1758,Farhan Hegde,,"12428,16693",0.99,fuzzy_name_district
1759,Patrick Chakraborty,,12453,0.93,fuzzy_name_district
1760,Yatin Shenoy,,12467,0.97,fuzzy_name_district
1761,Tanish Pall,,12479,0.97,fuzzy_name_district
1762,Inaya Master,,"12496,15702",0.83,fuzzy_name_district
1763,Aarnav Baria,,12505,0.95,fuzzy_name_district
1764,Shivansh Sampath,,12515,0.95,fuzzy_name_district
1765,Kai Dada,,"12520,12566,14740",0.85,fuzzy_name_district
1766,Megha Babu,,12521,0.9,fuzzy_name_district
1767,Sathvik Mani,,"12536,18001",0.98,fuzzy_name_district
1768,Ekbal Sangha,,12542,0.87,fuzzy_name_district
1769,Noah Thakkar,,12551,0.94,fuzzy_name_district
1770,Aachal Ben,,"12557,13643,17111",0.88,fuzzy_name_district
1771,Saksham Chaudhuri,,12560,0.94,fuzzy_name_district
1772,Hardik Desai,,12567,0.93,fuzzy_name_district
1773,Gaurav Rajagopalan,,12574,0.93,fuzzy_name_district
1774,Onveer Edwin,,"12575,14215",0.97,fuzzy_name_district
1775,Bhavna Sodhi,,12576,0.9,fuzzy_name_district
1776,Aarav Palan,,12586,0.96,fuzzy_name_district
1777,Azad Buch,,"12589,13870",0.9,fuzzy_name_district
1778,Utkarsh Rana,,12596,0.88,fuzzy_name_district
1779,Peter Shetty,,"12600,19449,24206",0.92,fuzzy_name_district
1780,Yatan Ravi,,"12613,18687",0.85,fuzzy_name_district
1781,Timothy Dugar,,12621,0.96,fuzzy_name_district
1782,Reyansh Kalita,,12631,0.92,fuzzy_name_district
1783,Dakshesh Sarin,,"12638,12754",0.92,fuzzy_name_district
1784,Yatan Kata,,12648,0.92,fuzzy_name_district
1785,Ayushman Menon,,"12662,20836",0.93,fuzzy_name_district
1786,Chatura Sagar,,12664,0.92,fuzzy_name_district
1787,Gauri Sant,,"12665,21218",0.87,fuzzy_name_district
1788,Hritik Pandit,,"12673,15139",0.96,fuzzy_name_district
1789,Rehaan Tiwari,,"12685,16070,22812",0.89,fuzzy_name_district
1790,Owen Barad,,12686,0.89,fuzzy_name_district
1791,Umang Mahal,,"12695,18392",0.92,fuzzy_name_district
1792,Anay Savant,,12696,0.88,fuzzy_name_district
1793,Advay Loyal,,"12716,14201,21967",0.96,fuzzy_name_district
1794,Rehaan Loke,,"12719,15813",0.97,fuzzy_name_district
1795,Ikbal Handa,,"12728,15967",0.87,fuzzy_name_district
1796,Aayush Dutt,,12733,0.86,fuzzy_name_district
1797,Lohit Dewan,,12743,0.88,fuzzy_name_district
1798,Samaksh Kala,,12747,0.82,fuzzy_name_district
1799,Owen Balay,,12753,0.89,fuzzy_name_district
1800,Niharika Lata,,"12763,24804",0.82,fuzzy_name_district
1801,Shivansh Chandran,,12766,0.99,fuzzy_name_district
1802,Mason Mishra,,12767,0.9,fuzzy_name_district
1803,Jatin Cheema,,"12777,23429",0.84,fuzzy_name_district
1804,Rajata Seth,,12778,0.98,fuzzy_name_district
1805,Tanay Pillai,,12779,0.88,fuzzy_name_district
1806,Siddharth Acharya,,"12780,18242",0.97,fuzzy_name_district
1807,Adya Sundaram,,"12781,21649",0.86,fuzzy_name_district
1808,Teerth Kadakia,,12786,0.82,fuzzy_name_district
1809,Faqid Atwal,,12802,0.99,fuzzy_name_district
1810,Ekavir Nagar,,12810,0.98,fuzzy_name_district
1811,Samesh Chana,,"12823,13474",0.86,fuzzy_name_district
1812,Rudra Agrawal,,12829,0.93,fuzzy_name_district
1813,Mohammed Rout,,"12831,16940",0.86,fuzzy_name_district
1814,Ekta Bal,,"12836,18349",0.88,fuzzy_name_district
1815,Elijah Tara,,12838,0.93,fuzzy_name_district
1816,Dalbir Singhal,,12848,0.97,fuzzy_name_district
1817,Caleb Sidhu,,12850,0.88,fuzzy_name_district
1818,Radha Bedi,,"12852,18002",0.91,fuzzy_name_district
1819,Aarini Iyengar,,12855,0.86,fuzzy_name_district
1820,Robert Kashyap,,12859,0.95,fuzzy_name_district
1821,Utkarsh Sur,,12861,0.88,fuzzy_name_district
1822,Xavier Patil,,12863,0.83,fuzzy_name_district
1823,Tanish Sharaf,,12900,0.96,fuzzy_name_district
1824,Kiaan Khanna,,12911,0.89,fuzzy_name_district
1825,Tristan Talwar,,12916,0.93,fuzzy_name_district
1826,Rachit Yadav,,"12919,15930",0.97,fuzzy_name_district
1827,Gunbir Borde,,12925,0.98,fuzzy_name_district
1828,Yahvi Kapoor,,12928,0.84,fuzzy_name_district
1829,Balvan Prashad,,12929,0.89,fuzzy_name_district
1830,Charles Kalla,,"12948,14900",0.86,fuzzy_name_district
1831,Balveer Nadig,,12949,0.83,fuzzy_name_district
1832,Samaksh Dar,,12952,0.97,fuzzy_name_district
1833,Faqid Kaur,,12971,0.83,fuzzy_name_district
1834,Jai Koshy,,12972,0.84,fuzzy_name_district
1835,Max Kumar,,12978,0.88,fuzzy_name_district
1836,Pranit Joshi,,"12981,20832",0.84,fuzzy_name_district
1837,Kalpit Rattan,,12984,0.84,fuzzy_name_district
1838,Faqid Dhaliwal,,"12985,23855",0.89,fuzzy_name_district
1839,Charles Singhal,,"12999,13181",0.95,fuzzy_name_district
1840,Elijah Modi,,13009,0.92,fuzzy_name_district
1841,Maanas Rai,,"13025,17297",0.82,fuzzy_name_district
1842,Udarsh Saran,,13027,0.87,fuzzy_name_district
1843,Jackson Gola,,"13037,16608",0.93,fuzzy_name_district
1844,Yuvraj Ramanathan,,13047,0.91,fuzzy_name_district
1845,Udarsh Prabhu,,"13061,13906",0.94,fuzzy_name_district
1846,Ekaraj Agrawal,,"13071,20409",0.95,fuzzy_name_district
1847,Aradhana Padmanabhan,,13073,0.82,fuzzy_name_district
1848,Gaurika Narasimhan,,13080,0.99,fuzzy_name_district
1849,Orinder Konda,,13081,0.92,fuzzy_name_district
1850,Forum Mannan,,13091,0.98,fuzzy_name_district
1851,Joshua Saran,,13096,0.95,fuzzy_name_district
1852,Abeer Ghose,,"13124,19388",0.96,fuzzy_name_district
1853,Raghav Varma,,"13125,15522",0.89,fuzzy_name_district
1854,Quincy Shroff,,"13127,21898",0.96,fuzzy_name_district
1855,Wriddhish Goswami,,"13136,21789",0.87,fuzzy_name_district
1856,Robert Venkataraman,,13137,0.97,fuzzy_name_district
1857,Karan Krish,,"13147,13553,20710",0.94,fuzzy_name_district
1858,Raghav Dar,,13158,0.95,fuzzy_name_district
1859,Ridhi Datta,,13159,0.83,fuzzy_name_district
1860,Parth Din,,13163,0.92,fuzzy_name_district
1861,Kai Ramachandran,,13166,0.95,fuzzy_name_district
1862,Frado Sundaram,,13179,0.98,fuzzy_name_district
1863,Omkaar Pillay,,13187,0.9,fuzzy_name_district
1864,Ayaan Sibal,,"13193,13794,14263,15983",0.83,fuzzy_name_district
1865,Dalbir Comar,,13200,0.94,fuzzy_name_district
1866,Vihaan Mallick,,13205,0.96,fuzzy_name_district
1867,Aarav Chowdhury,,13221,0.96,fuzzy_name_district
1868,Zehaan Menon,,"13235,17812",0.95,fuzzy_name_district
1869,David Salvi,,13257,0.97,fuzzy_name_district
1870,Isaiah Chauhan,,13262,0.88,fuzzy_name_district
1871,Sanya Date,,13277,0.99,fuzzy_name_district
1872,Lucky Bahl,,"13278,14470",0.97,fuzzy_name_district
1873,Ronith Nanda,,"13280,14233",0.9,fuzzy_name_district
1874,Udyati Manda,,"13281,14856",0.94,fuzzy_name_district
1875,Tarak Karnik,,"13287,17985",0.84,fuzzy_name_district
1876,Falan Thaman,,"13294,16486",0.89,fuzzy_name_district
1877,Daksh Anne,,"13303,17309,22122",0.86,fuzzy_name_district
1878,Dev Puri,,13307,0.88,fuzzy_name_district
1879,Nitesh Mammen,,13310,0.91,fuzzy_name_district
1880,Yachana Saini,,13311,0.9,fuzzy_name_district
1881,Faqid Srinivas,,"13321,19531",0.95,fuzzy_name_district
1882,Aayush Saha,,13326,0.98,fuzzy_name_district
1883,Rudra Brar,,13327,0.96,fuzzy_name_district
1884,Harrison Ramaswamy,,"13348,24198",0.88,fuzzy_name_district
1885,Ethan Wagle,,13392,0.97,fuzzy_name_district
1886,William Dubey,,13395,0.94,fuzzy_name_district
1887,Raghav Lal,,13404,0.96,fuzzy_name_district
1888,Alexander Goda,,13408,0.85,fuzzy_name_district
1889,Anirudh Gokhale,,"13416,14026",0.9,fuzzy_name_district
1890,Zayyan Singh,,13435,0.95,fuzzy_name_district
1891,Abhimanyu Guha,,13439,0.98,fuzzy_name_district
1892,Caleb Pal,,"13446,16767",0.92,fuzzy_name_district
1893,Samaksh Nair,,13521,0.98,fuzzy_name_district
1894,Gagan Bandi,,13528,0.91,fuzzy_name_district
1895,Ishaan Om,,"13532,14696",0.96,fuzzy_name_district
1896,Anmol Bhandari,,13535,0.84,fuzzy_name_district
1897,Rehaan Nori,,13541,0.96,fuzzy_name_district
1898,Mekhala Menon,,"13542,19693",0.84,fuzzy_name_district
1899,Jason Dash,,13544,0.84,fuzzy_name_district
1900,Wriddhish Prabhakar,,13545,0.9,fuzzy_name_district
1901,Daniel Chana,,13550,0.97,fuzzy_name_district
1902,Waida Mohan,,13568,0.96,fuzzy_name_district
1903,Abha Tiwari,,13569,0.93,fuzzy_name_district
1904,Matthew Doctor,,13581,0.96,fuzzy_name_district
1905,Zinal Contractor,,"13587,15621",0.9,fuzzy_name_district
1906,Victor Bakshi,,13600,0.95,fuzzy_name_district
1907,Yuvraj Shankar,,13604,0.91,fuzzy_name_district
1908,Dalbir Cheema,,13607,0.99,fuzzy_name_district
1909,Zarna Mangat,,13624,0.87,fuzzy_name_district
1910,Zehaan Parmer,,13625,0.87,fuzzy_name_district
1911,Maya Kuruvilla,,"13645,20635",0.96,fuzzy_name_district
1912,Jacob Nazareth,,13664,0.88,fuzzy_name_district
1913,Aryan Subramaniam,,13677,0.91,fuzzy_name_district
1914,Shaurya Bedi,,13689,0.89,fuzzy_name_district
1915,Sathvik Parmer,,13696,0.93,fuzzy_name_district
1916,Azad Garg,,13698,0.97,fuzzy_name_district
1917,Harrison Arora,,13699,0.98,fuzzy_name_district
1918,Balendra Ravi,,"13705,15802",0.89,fuzzy_name_district
1919,Krish Bhargava,,13711,0.85,fuzzy_name_district
1920,Samarth Sawhney,,13716,0.87,fuzzy_name_district
1921,Lucky Sane,,13722,0.87,fuzzy_name_district
1922,Jonathan Bera,,13724,0.82,fuzzy_name_district
1923,Ati Buch,,"13737,16489,17122",0.9,fuzzy_name_district
1924,Anthony Palla,,13748,0.84,fuzzy_name_district
1925,Damyanti Chaudhuri,,13750,0.96,fuzzy_name_district
1926,Qarin Dar,,13761,0.85,fuzzy_name_district
1927,Zehaan Saraf,,13765,0.95,fuzzy_name_district
1928,Balhaar Sidhu,,13767,0.91,fuzzy_name_district
1929,Pushti Bhavsar,,13773,0.91,fuzzy_name_district
1930,Nihal Uppal,,13781,0.88,fuzzy_name_district
1931,Aayush Walia,,13787,0.83,fuzzy_name_district
1932,Hritik Kannan,,13795,0.93,fuzzy_name_district
1933,Praneel Dutt,,13832,0.96,fuzzy_name_district
1934,Harrison Nadig,,13833,0.85,fuzzy_name_district
1935,Devansh Dayal,,"13843,21938,22774",0.99,fuzzy_name_district
1936,Brijesh Badal,,13854,0.93,fuzzy_name_district
1937,Faqid Kaur,,13862,0.89,fuzzy_name_district
1938,Yashica Purohit,,13866,0.91,fuzzy_name_district
1939,Agastya Sule,,13869,0.84,fuzzy_name_district
1940,Owen Wason,,13871,0.9,fuzzy_name_district
1941,Hemangini Hans,,13873,0.98,fuzzy_name_district
1942,Rachana Sarna,,13897,0.97,fuzzy_name_district
1943,Ekanta Kala,,13899,0.97,fuzzy_name_district
1944,Rajata Talwar,,13908,0.96,fuzzy_name_district
1945,Zashil Dube,,13914,0.88,fuzzy_name_district
1946,Frado Gaba,,13924,0.96,fuzzy_name_district
1947,George Ratta,,13926,0.92,fuzzy_name_district
1948,Chaitanya Sha,,13928,0.86,fuzzy_name_district
1949,Bina Arya,,"13930,18793",0.88,fuzzy_name_district
1950,Rajeshri Balakrishnan,,13933,0.86,fuzzy_name_district
1951,Ranbir Kade,,"13940,18759,22427",0.92,fuzzy_name_district
1952,Timothy Khare,,13943,0.9,fuzzy_name_district
1953,Chandran Lad,,"13967,23448",0.95,fuzzy_name_district
1954,Jack Ahuja,,13976,0.85,fuzzy_name_district
1955,Warinder Taneja,,13991,0.9,fuzzy_name_district
1956,Hredhaan Swamy,,"14011,16886",0.98,fuzzy_name_district
1957,Viraj Gola,,14015,0.88,fuzzy_name_district
1958,Qabil Sangha,,14024,0.87,fuzzy_name_district
1959,Abdul Cheema,,14032,0.95,fuzzy_name_district
1960,Zaid Kar,,14040,0.83,fuzzy_name_district
1961,Wyatt Joshi,,"14042,16159",0.97,fuzzy_name_district
1962,David Bedi,,"14055,20913",0.89,fuzzy_name_district
1963,Triya Chahal,,14064,0.88,fuzzy_name_district
1964,Garima Yohannan,,14076,0.96,fuzzy_name_district
1965,Triya Hari,,14085,0.98,fuzzy_name_district
1966,Yug Devi,,14086,0.84,fuzzy_name_district
1967,Darpan Warrior,,14092,0.94,fuzzy_name_district
1968,Oscar Issac,,"14093,14410",0.92,fuzzy_name_district
1969,Sudiksha Wadhwa,,14095,0.91,fuzzy_name_district
1970,Rudra Ganesh,,14097,0.91,fuzzy_name_district
1971,Maanav Rout,,14100,0.9,fuzzy_name_district
1972,Orinder Bhasin,,14102,0.98,fuzzy_name_district
1973,Dhriti Loyal,,14122,0.89,fuzzy_name_district
1974,Suhani Dash,,14132,0.99,fuzzy_name_district
1975,Yutika Seshadri,,"14137,18153,20248",0.98,fuzzy_name_district
1976,Yoshita Tripathi,,14149,0.86,fuzzy_name_district
1977,Laban Chandran,,"14151,22571",0.92,fuzzy_name_district
1978,Tanay Srinivasan,,14159,0.88,fuzzy_name_district
1979,Vivaan Sur,,14176,0.93,fuzzy_name_district
1980,Andrew Kapur,,14177,0.84,fuzzy_name_district
1981,Saksham Sarma,,14178,0.87,fuzzy_name_district
1982,Yash Dube,,"14183,15101",0.84,fuzzy_name_district
1983,Faras Kurian,,14184,0.86,fuzzy_name_district
1984,Warjas Shukla,,"14187,18022",0.92,fuzzy_name_district
1985,Jonathan Warrior,,"14188,21216",0.93,fuzzy_name_district
1986,Tejas Kibe,,14196,0.97,fuzzy_name_district
1987,Kamya Vig,,14197,0.86,fuzzy_name_district
1988,Oviya Bhatnagar,,14203,0.89,fuzzy_name_district
1989,Andrew Goyal,,14205,0.87,fuzzy_name_district
1990,Jonathan Batta,,14213,0.85,fuzzy_name_district
1991,Dakshesh Jayaraman,,14220,0.91,fuzzy_name_district
1992,Pranav Keer,,"14227,23518",0.83,fuzzy_name_district
1993,Irya Amble,,14234,0.93,fuzzy_name_district
1994,Yuvraj Mane,,14246,0.92,fuzzy_name_district
1995,Viraj Ramesh,,"14252,18508",0.98,fuzzy_name_district
1996,Fariq Batta,,14272,0.95,fuzzy_name_district
1997,Xavier Walla,,14273,0.91,fuzzy_name_district
1998,Anirudh Chakraborty,,14274,0.94,fuzzy_name_district
1999,Anusha Bhat,,"14281,20349",0.96,fuzzy_name_district
2000,Maanav Wadhwa,,14284,0.95,fuzzy_name_district
2001,Praneel Nayak,,"14305,14491",0.85,fuzzy_name_district
2002,Guneet Shere,,14323,0.94,fuzzy_name_district
2003,Simon Choudhry,,14343,0.89,fuzzy_name_district
2004,Nachiket Toor,,14345,0.85,fuzzy_name_district
2005,Faras Dayal,,14353,0.95,fuzzy_name_district
2006,Gunbir Gandhi,,14361,0.93,fuzzy_name_district
2007,Ijaya Dua,,"14362,14552",0.9,fuzzy_name_district
2008,Faraj D’Alia,,"14375,15099",0.87,fuzzy_name_district
2009,Laksh Comar,,14377,0.97,fuzzy_name_district
2010,Nathan Gola,,14384,0.91,fuzzy_name_district
2011,Laksh Iyer,,14392,0.82,fuzzy_name_district
2012,Lucky Din,,14397,0.97,fuzzy_name_district
2013,Krish Desai,,14401,0.9,fuzzy_name_district
2014,Samarth Khare,,"14405,20181",0.9,fuzzy_name_district
2015,Qadim Rama,,14429,0.85,fuzzy_name_district
2016,Ekalinga Venkataraman,,"14449,23878",0.84,fuzzy_name_district
2017,Advik Ghose,,"14458,17801",0.96,fuzzy_name_district
2018,Lohit Bedi,,"14459,21826",0.93,fuzzy_name_district
2019,Rajeshri Palla,,14468,0.96,fuzzy_name_district
2020,Ridhi Toor,,14469,0.82,fuzzy_name_district
2021,Azad Das,,"14484,20549",0.88,fuzzy_name_district
2022,Upkaar Deshpande,,14485,0.86,fuzzy_name_district
2023,Jai Sachdev,,"14496,23570",0.91,fuzzy_name_district
2024,Aarush Jhaveri,,14498,0.96,fuzzy_name_district
2025,Dalbir Sama,,14499,0.85,fuzzy_name_district
2026,Daksh Sarkar,,"14516,21041",0.94,fuzzy_name_district
2027,Azaan Kurian,,14519,0.83,fuzzy_name_district
2028,Pranav More,,14525,0.95,fuzzy_name_district
2029,Qadim Tella,,14544,0.84,fuzzy_name_district
2030,Eesha Walla,,14546,0.89,fuzzy_name_district
2031,Krishna Oza,,14550,0.93,fuzzy_name_district
2032,Ekaraj Ratti,,14554,0.96,fuzzy_name_district
2033,Tristan Bassi,,"14557,22924",0.84,fuzzy_name_district
2034,Leela Chowdhury,,14562,0.85,fuzzy_name_district
2035,Wyatt Tiwari,,"14563,17449",0.99,fuzzy_name_district
2036,Charan Walla,,14566,0.97,fuzzy_name_district
2037,Harsh Bassi,,14583,0.95,fuzzy_name_district
2038,Nihal Dhillon,,14584,0.98,fuzzy_name_district
2039,Dayita Gola,,14586,0.91,fuzzy_name_district
2040,Gabriel Dugar,,14588,0.87,fuzzy_name_district
2041,Hiral Parikh,,14594,0.85,fuzzy_name_district
2042,Praneel Tak,,"14619,20250",0.84,fuzzy_name_district
2043,Zehaan Sridhar,,14624,0.97,fuzzy_name_district
2044,Henry Barad,,14626,0.97,fuzzy_name_district
2045,Jack Gara,,"14630,20095,22401",0.87,fuzzy_name_district
2046,Utkarsh Kalita,,"14646,23834,24542",0.83,fuzzy_name_district
2047,Lopa Sankaran,,"14655,18496",0.96,fuzzy_name_district
2048,Lavanya Warrior,,14656,0.98,fuzzy_name_district
2049,Rehaan Gade,,14661,0.83,fuzzy_name_district
2050,Udarsh Buch,,14664,0.94,fuzzy_name_district
2051,Ganga Pai,,"14673,21046",0.96,fuzzy_name_district
2052,Jonathan Deo,,"14687,16234",0.94,fuzzy_name_district
2053,Raksha Halder,,14698,0.92,fuzzy_name_district
2054,Dayamai Chhabra,,"14700,18274",0.92,fuzzy_name_district
2055,Pranav Lalla,,14707,0.98,fuzzy_name_district
2056,Avi Bhardwaj,,14708,0.94,fuzzy_name_district
2057,Aryan Som,,"14718,16443,20301",0.88,fuzzy_name_district
2058,Jai Jha,,"14720,16700",0.83,fuzzy_name_district
2059,Chaitanya Bera,,14736,0.88,fuzzy_name_district
2060,Qabil Gara,,14748,0.97,fuzzy_name_district
2061,Nathan Lall,,14755,0.93,fuzzy_name_district
2062,Kashish Gole,,14756,0.82,fuzzy_name_district
2063,Krish Sama,,14763,0.85,fuzzy_name_district
2064,Manthan Chandran,,14792,0.88,fuzzy_name_district
2065,Wridesh Muni,,14802,0.99,fuzzy_name_district
2066,Henry Prashad,,14807,0.87,fuzzy_name_district
2067,Hemang Chhabra,,14816,0.94,fuzzy_name_district
2068,Warjas Thakur,,14826,0.94,fuzzy_name_district
2069,Wyatt Kunda,,14845,0.88,fuzzy_name_district
2070,Simon Yohannan,,14849,0.84,fuzzy_name_district
2071,Andrew Sridhar,,14851,0.84,fuzzy_name_district
2072,Wriddhish Venkatesh,,"14857,22372",0.88,fuzzy_name_district
2073,Shaurya Anand,,14873,0.95,fuzzy_name_district
2074,Fariq Vig,,14874,0.83,fuzzy_name_district
2075,Anthony Kade,,14875,0.86,fuzzy_name_district
2076,Jai Narula,,"14878,21910",0.9,fuzzy_name_district
2077,Rayaan Bawa,,14880,0.92,fuzzy_name_district
2078,Banjeet Sankaran,,14897,0.92,fuzzy_name_district
2079,Aashi Kara,,"14913,22731",0.92,fuzzy_name_district
2080,Aditya Arora,,14924,0.84,fuzzy_name_district
2081,Varsha Shenoy,,14926,0.87,fuzzy_name_district
2082,Girik Borah,,14939,0.9,fuzzy_name_district
2083,Ikbal Mane,,14941,0.89,fuzzy_name_district
2084,Gauri Kunda,,14943,0.87,fuzzy_name_district
2085,Jackson Das,,14949,0.93,fuzzy_name_district
2086,Sai Dayal,,"14961,17341",0.93,fuzzy_name_district
2087,Banjeet Kale,,14971,0.84,fuzzy_name_district
2088,Owen Dara,,14972,0.94,fuzzy_name_district
2089,Ansh Rajan,,14976,0.82,fuzzy_name_district
2090,Charan Pillai,,"14979,22587",0.89,fuzzy_name_district
2091,Kai Bhargava,,"14989,21054",0.95,fuzzy_name_district
2092,Teerth Mander,,15010,0.94,fuzzy_name_district
2093,Vasatika Chandra,,15013,0.94,fuzzy_name_district
2094,George Kaur,,15019,0.96,fuzzy_name_district
2095,Liam Saran,,15022,0.88,fuzzy_name_district
2096,Jalsa Mody,,"15031,15699",0.92,fuzzy_name_district
2097,Warjas Iyengar,,15033,0.92,fuzzy_name_district
2098,Sanaya Madan,,15034,0.92,fuzzy_name_district
2099,Patrick Setty,,15041,0.93,fuzzy_name_district
2100,Qasim Chaudry,,"15044,17862",0.97,fuzzy_name_district
2101,Akshay Kohli,,15045,0.92,fuzzy_name_district
2102,Naveen Mital,,15055,0.87,fuzzy_name_district
2103,Hemang Minhas,,15061,0.93,fuzzy_name_district
2104,Laksh Sanghvi,,15066,0.86,fuzzy_name_district
2105,Kai Savant,,15077,0.92,fuzzy_name_district
2106,Agastya Kala,,"15087,19576",0.93,fuzzy_name_district
2107,Adya Sachdeva,,15100,0.91,fuzzy_name_district
2108,Januja Shere,,"15109,17373",0.96,fuzzy_name_district
2109,Ethan Tiwari,,15116,0.93,fuzzy_name_district
2110,Neel Shere,,"15120,21904,24381",0.84,fuzzy_name_district
2111,Advay Gole,,"15131,15162",0.87,fuzzy_name_district
2112,Dhruv Natarajan,,15153,0.87,fuzzy_name_district
2113,Ishani Sood,,"15174,19522",0.95,fuzzy_name_district
2114,Ekansh Bhatnagar,,15178,0.92,fuzzy_name_district
2115,Karan Kulkarni,,"15188,23460",0.86,fuzzy_name_district
2116,Bakhshi Choudhury,,15205,0.84,fuzzy_name_district
2117,Anthony Kunda,,15211,0.95,fuzzy_name_district
2118,Ria Apte,,"15215,17360",0.82,fuzzy_name_district
2119,Anirudh Borah,,15224,0.99,fuzzy_name_district
2120,Farhan Soman,,15225,0.95,fuzzy_name_district
2121,Baljiwan Sood,,15231,0.94,fuzzy_name_district
2122,Ishaan Bala,,15232,0.91,fuzzy_name_district
2123,Frederick Nayak,,15234,0.98,fuzzy_name_district
2124,Aarnav Tandon,,"15239,19426",0.84,fuzzy_name_district
2125,Chandresh Ratta,,15253,0.98,fuzzy_name_district
2126,Rajata Date,,"15260,17421",0.97,fuzzy_name_district
2127,Omkaar Dhawan,,15263,0.9,fuzzy_name_district
2128,Farhan Pingle,,15266,0.84,fuzzy_name_district
2129,Tanay Hayer,,"15277,18421",0.86,fuzzy_name_district
2130,Girish Luthra,,15280,0.92,fuzzy_name_district
2131,Sai Nadig,,"15288,15321",0.92,fuzzy_name_district
2132,Nicholas Gara,,15299,0.95,fuzzy_name_district
2133,Chandresh Ramanathan,,15316,0.92,fuzzy_name_district
2134,Vrinda Bassi,,15319,0.95,fuzzy_name_district
2135,Tanish Varkey,,"15320,22247",0.94,fuzzy_name_district
2136,Oliver Kohli,,15331,0.91,fuzzy_name_district
2137,Rishi Deshmukh,,15333,0.84,fuzzy_name_district
2138,Omisha Sarma,,15334,0.97,fuzzy_name_district
2139,Devansh Krishna,,15335,0.9,fuzzy_name_district
2140,Daksh Batta,,15338,0.85,fuzzy_name_district
2141,Faqid Bhandari,,15339,0.85,fuzzy_name_district
2142,Hitesh Dani,,15343,0.97,fuzzy_name_district
2143,Jason Sha,,15344,0.92,fuzzy_name_district
2144,Kai Warrior,,"15349,21125",0.94,fuzzy_name_district
2145,Ranveer Sankar,,15362,0.9,fuzzy_name_district
2146,Max Shah,,15371,0.95,fuzzy_name_district
2147,Warinder Jani,,15382,0.84,fuzzy_name_district
2148,Nachiket Joshi,,15384,0.82,fuzzy_name_district
2149,Ayush Sahni,,15387,0.9,fuzzy_name_district
2150,Charles Sem,,"15395,19656",0.9,fuzzy_name_district
2151,Mahika Raghavan,,"15397,15456",0.96,fuzzy_name_district
2152,Mitesh Vohra,,"15400,20278,20439,21934",0.83,fuzzy_name_district
2153,Warinder Bhavsar,,15403,0.95,fuzzy_name_district
2154,Kiaan Brahmbhatt,,15416,0.94,fuzzy_name_district
2155,Ekalinga Lad,,"15417,18101",0.93,fuzzy_name_district
2156,Jonathan Bhattacharyya,,15420,0.9,fuzzy_name_district
2157,Gopal Divan,,15430,0.96,fuzzy_name_district
2158,Girish Rattan,,15434,0.9,fuzzy_name_district
2159,Daksh Chacko,,15445,0.88,fuzzy_name_district
2160,Yashvi Savant,,15447,0.93,fuzzy_name_district
2161,Onveer Deshmukh,,15450,0.83,fuzzy_name_district
2162,Yatan Taneja,,15469,0.91,fuzzy_name_district
2163,Isaac Deo,,"15472,19815",0.89,fuzzy_name_district
2164,Ayaan Bhakta,,15476,0.94,fuzzy_name_district
2165,Dhruv Shah,,15478,0.92,fuzzy_name_district
2166,Gaurang Kalita,,15486,0.83,fuzzy_name_district
2167,Sarthak Vora,,"15488,20075",0.84,fuzzy_name_district
2168,Abhiram Loyal,,15490,0.85,fuzzy_name_district
2169,Rudra Nath,,15491,0.87,fuzzy_name_district
2170,Hemang Bera,,15493,0.86,fuzzy_name_district
2171,Amrita Verma,,15494,0.98,fuzzy_name_district
2172,Caleb Sarna,,15511,0.83,fuzzy_name_district
2173,Yadavi Radhakrishnan,,"15518,24170",0.83,fuzzy_name_district
2174,Hemang Uppal,,"15526,18891",0.93,fuzzy_name_district
2175,Bachittar Brar,,15530,0.88,fuzzy_name_district
2176,Gopal Mall,,15532,0.95,fuzzy_name_district
2177,Nachiket Ratta,,15534,0.91,fuzzy_name_district
2178,Michael De,,"15546,18398",0.88,fuzzy_name_district
2179,Kevin Din,,15550,0.86,fuzzy_name_district
2180,Faqid Toor,,15553,0.88,fuzzy_name_district
2181,Kai Kota,,15555,0.86,fuzzy_name_district
2182,Hemang Manne,,15566,0.93,fuzzy_name_district
2183,Abeer Saraf,,15567,0.87,fuzzy_name_district
2184,Daniel Dash,,15582,0.93,fuzzy_name_district
2185,Yash Kota,,15588,0.87,fuzzy_name_district
2186,Rudra Bora,,15589,0.88,fuzzy_name_district
2187,Akshay Issac,,15591,0.93,fuzzy_name_district
2188,Yatan Srivastava,,15599,0.9,fuzzy_name_district
2189,Harinakshi Bhalla,,15600,0.88,fuzzy_name_district
2190,Deepa Din,,15603,0.92,fuzzy_name_district
2191,Elijah Gala,,15608,0.87,fuzzy_name_district
2192,Atharv Korpal,,15609,0.88,fuzzy_name_district
2193,Mohammed Sagar,,15619,0.93,fuzzy_name_district
2194,Ekalinga Jha,,15637,0.93,fuzzy_name_district
2195,Chaaya Soman,,"15643,19335",0.93,fuzzy_name_district
2196,Atharv Nadig,,"15654,17243,21322",0.85,fuzzy_name_district
2197,Tanay Tiwari,,15686,0.93,fuzzy_name_district
2198,Zayan Oza,,15690,0.96,fuzzy_name_district
2199,Lopa Kakar,,15709,0.88,fuzzy_name_district
2200,Orinder Mittal,,15716,0.96,fuzzy_name_district
2201,Akshay Mane,,15718,0.87,fuzzy_name_district
2202,Ijaya Jayaraman,,"15728,24092",0.83,fuzzy_name_district
2203,Faraj Gera,,"15730,16666",0.93,fuzzy_name_district
2204,Elijah Rai,,15738,0.86,fuzzy_name_district
2205,Wriddhish Jaggi,,15740,0.93,fuzzy_name_district
2206,Chakradev Iyer,,"15743,18411",0.95,fuzzy_name_district
2207,Tanay Bhat,,"15755,21199",0.84,fuzzy_name_district
2208,Urvashi Tara,,15759,0.84,fuzzy_name_district
2209,Aayush Naik,,15762,0.95,fuzzy_name_district
2210,Kai Bora,,15764,0.89,fuzzy_name_district
2211,Mitesh Ganesan,,15772,0.94,fuzzy_name_district
2212,Madhav Kibe,,15774,0.84,fuzzy_name_district
2213,Imaran Wali,,15779,0.91,fuzzy_name_district
2214,Noah Buch,,15781,0.85,fuzzy_name_district
2215,Charles Narasimhan,,15791,0.86,fuzzy_name_district
2216,Samaksh Handa,,15792,0.87,fuzzy_name_district
2217,Tejas Thakkar,,15793,0.87,fuzzy_name_district
2218,Charles Gandhi,,15798,0.9,fuzzy_name_district
2219,Lipika Yadav,,15799,0.84,fuzzy_name_district
2220,Omkaar Arya,,15807,0.87,fuzzy_name_district
2221,Harish Basu,,"15820,21857",0.94,fuzzy_name_district
2222,Warjas Dube,,15825,0.9,fuzzy_name_district
2223,Ranveer Mishra,,15840,0.92,fuzzy_name_district
2224,Ojas Kumar,,15842,0.99,fuzzy_name_district
2225,Max Maharaj,,15852,0.86,fuzzy_name_district
2226,Veda Nadig,,"15859,19829",0.9,fuzzy_name_district
2227,Owen Reddy,,15861,0.96,fuzzy_name_district
2228,Manthan Kanda,,15863,0.89,fuzzy_name_district
2229,Ekaraj Rattan,,15870,0.98,fuzzy_name_district
2230,Zaid De,,15872,0.96,fuzzy_name_district
2231,Darika Purohit,,15876,0.91,fuzzy_name_district
2232,Jagdish Mody,,15877,0.94,fuzzy_name_district
2233,Mason Varma,,15889,0.88,fuzzy_name_district
2234,Lakshit Agarwal,,15896,0.84,fuzzy_name_district
2235,Oliver Bhattacharyya,,15897,0.88,fuzzy_name_district
2236,Aryan Keer,,15899,0.91,fuzzy_name_district
2237,Ekaraj Ratta,,15902,0.97,fuzzy_name_district
2238,Jacob Thakkar,,"15903,17543",0.93,fuzzy_name_district
2239,Ekavir Sachdev,,15905,0.91,fuzzy_name_district
2240,Yasti Natarajan,,15912,0.95,fuzzy_name_district
2241,Tanmayi Sama,,15916,0.84,fuzzy_name_district
2242,Sanya Taneja,,15923,0.92,fuzzy_name_district
2243,Reyansh Comar,,15957,0.84,fuzzy_name_district
2244,Warjas Naidu,,15960,0.91,fuzzy_name_district
2245,Rudra Ramaswamy,,"15961,20949",0.92,fuzzy_name_district
2246,Faris Merchant,,15982,0.82,fuzzy_name_district
2247,Chatura Grover,,15985,0.97,fuzzy_name_district
2248,Zayan Bahl,,"15995,20697",0.83,fuzzy_name_district
2249,Luke Balasubramanian,,16000,0.94,fuzzy_name_district
2250,Dominic Banik,,16004,0.95,fuzzy_name_district
2251,Chaitanya Borah,,"16005,18385",0.83,fuzzy_name_district
2252,Warjas Mital,,16013,0.87,fuzzy_name_district
2253,Harish Loyal,,"16016,19110",0.83,fuzzy_name_district
2254,Ekbal Majumdar,,"16019,22702",0.85,fuzzy_name_district
2255,Arunima Loyal,,16027,0.93,fuzzy_name_district
2256,Raagini Madan,,16035,0.84,fuzzy_name_district
2257,Gunbir Mishra,,16040,0.86,fuzzy_name_district
2258,Charan Khosla,,16044,0.87,fuzzy_name_district
2259,Aadhya Kuruvilla,,"16055,18580",0.98,fuzzy_name_district
2260,Saumya Tak,,16067,0.93,fuzzy_name_district
2261,Warinder Dubey,,16082,0.97,fuzzy_name_district
2262,Akshay Kamdar,,16083,0.85,fuzzy_name_district
2263,Brijesh Khosla,,16086,0.86,fuzzy_name_district
2264,Chandresh Krish,,16096,0.87,fuzzy_name_district
2265,Teerth Gaba,,"16112,24253",0.94,fuzzy_name_district
2266,Azaan Munshi,,16117,0.84,fuzzy_name_district
2267,Sai Bath,,16119,0.82,fuzzy_name_district
2268,Pranit Malhotra,,16133,0.95,fuzzy_name_district
2269,Darpan Butala,,"16148,17214",0.98,fuzzy_name_district
2270,Brijesh Kade,,16165,0.88,fuzzy_name_district
2271,Ishaan Mammen,,"16168,22878",0.97,fuzzy_name_district
2272,Rudra Palan,,16175,0.91,fuzzy_name_district
2273,Ronith Ramaswamy,,16176,0.99,fuzzy_name_district
2274,Raghav Dasgupta,,16177,0.87,fuzzy_name_district
2275,Rehaan Din,,16190,0.82,fuzzy_name_district
2276,Krishna Dugal,,"16202,23927",0.83,fuzzy_name_district
2277,Andrew Shetty,,"16205,18347,23354",0.9,fuzzy_name_district
2278,Abhiram Loke,,"16222,22409",0.97,fuzzy_name_district
2279,Jyoti Koshy,,16232,0.93,fuzzy_name_district
2280,Yadavi Chand,,16237,0.92,fuzzy_name_district
2281,Qadim Barman,,"16238,20630",0.89,fuzzy_name_district
2282,Joshua Babu,,"16244,23600",0.94,fuzzy_name_district
2283,Veer Pandey,,16260,0.91,fuzzy_name_district
2284,Gaurav Varkey,,16265,0.82,fuzzy_name_district
2285,Ikbal Guha,,16267,0.83,fuzzy_name_district
2286,Benjamin Jayaraman,,"16271,23208",0.96,fuzzy_name_district
2287,Maanav Sem,,16294,0.85,fuzzy_name_district
2288,Qabil Buch,,16295,0.95,fuzzy_name_district
2289,Zayan Padmanabhan,,16297,0.92,fuzzy_name_district
2290,Udant Sengupta,,"16300,20526",0.99,fuzzy_name_district
2291,Ekbal Iyengar,,"16306,20461",0.86,fuzzy_name_district
2292,Tanay Bala,,16307,0.93,fuzzy_name_district
2293,Maanav Vasa,,16309,0.91,fuzzy_name_district
2294,Samar Ratta,,16313,0.89,fuzzy_name_district
2295,Benjamin Bhatti,,16322,0.93,fuzzy_name_district
2296,Gavin Oommen,,16331,0.86,fuzzy_name_district
2297,Dominic Dube,,16332,0.82,fuzzy_name_district
2298,Qushi Bhat,,"16340,23305",0.87,fuzzy_name_district
2299,Laban Gole,,16361,0.92,fuzzy_name_district
2300,Bhavna Narang,,16362,0.85,fuzzy_name_district
2301,Michael Sen,,"16365,17885,18700",0.85,fuzzy_name_district
2302,Faqid Din,,16372,0.91,fuzzy_name_district
2303,Hemang Sarraf,,16378,0.88,fuzzy_name_district
2304,Samarth Mody,,16379,0.86,fuzzy_name_district
2305,Hitesh Bobal,,16390,0.9,fuzzy_name_district
2306,Yug Yogi,,16395,0.91,fuzzy_name_district
2307,Ekta Ahluwalia,,16397,0.84,fuzzy_name_district
2308,Guneet Ramakrishnan,,16400,0.91,fuzzy_name_district
2309,Sathvik Barad,,16411,0.96,fuzzy_name_district
2310,Kalpit Parekh,,16418,0.89,fuzzy_name_district
2311,Lakshit Dua,,16419,0.94,fuzzy_name_district
2312,Gavin Kala,,16420,0.93,fuzzy_name_district
2313,Finn Kuruvilla,,16421,0.99,fuzzy_name_district
2314,Henry Yadav,,"16422,16543",0.88,fuzzy_name_district
2315,Sathvik Pandya,,16433,0.86,fuzzy_name_district
2316,Manthan Dhaliwal,,16436,0.89,fuzzy_name_district
2317,Vihaan Dube,,16441,0.9,fuzzy_name_district
2318,Tristan Chander,,16457,0.83,fuzzy_name_district
2319,Ayushman Pathak,,16472,0.96,fuzzy_name_district
2320,Fitan Prasad,,16475,0.94,fuzzy_name_district
2321,Faris Bhattacharyya,,16476,0.9,fuzzy_name_district
2322,Siddharth Karpe,,"16508,20777",0.84,fuzzy_name_district
2323,Abhiram Ravi,,16511,0.91,fuzzy_name_district
2324,Jeet Sandhu,,16515,0.96,fuzzy_name_district
2325,Rachit Dhar,,16524,0.99,fuzzy_name_district
2326,Gaurav Mander,,"16531,18778",0.98,fuzzy_name_district
2327,Utkarsh Sani,,16541,0.95,fuzzy_name_district
2328,Dakshesh Morar,,16545,0.94,fuzzy_name_district
2329,Praneel Chaudry,,16548,0.96,fuzzy_name_district
2330,Dayamai Walia,,16560,0.86,fuzzy_name_district
2331,Madhav Menon,,16562,0.85,fuzzy_name_district
2332,Arjun Mohanty,,16565,0.83,fuzzy_name_district
2333,Jeevika Chadha,,16570,0.96,fuzzy_name_district
2334,David Kadakia,,"16577,17367",0.94,fuzzy_name_district
2335,Dev Balay,,16581,0.96,fuzzy_name_district
2336,Rudra Karpe,,"16582,18140",0.94,fuzzy_name_district
2337,Samar Chacko,,"16590,18563",0.86,fuzzy_name_district
2338,Jacob Lad,,16592,0.91,fuzzy_name_district
2339,Faqid Sathe,,16604,0.99,fuzzy_name_district
2340,Simon Char,,16606,0.9,fuzzy_name_district
2341,Farhan Sharaf,,16611,0.93,fuzzy_name_district
2342,Oliver Parmar,,"16615,20577",0.89,fuzzy_name_district
2343,Abhimanyu Kaur,,16640,0.83,fuzzy_name_district
2344,Banjeet Murthy,,16641,0.96,fuzzy_name_district
2345,Kiaan Saraf,,16642,0.97,fuzzy_name_district
2346,Advik Shenoy,,16652,0.93,fuzzy_name_district
2347,Theodore Radhakrishnan,,16654,0.92,fuzzy_name_district
2348,Zaid Gupta,,16676,0.92,fuzzy_name_district
2349,Xavier Andra,,"16678,19401,22419",0.9,fuzzy_name_district
2350,Gunbir Kar,,"16679,17446",0.86,fuzzy_name_district
2351,Girik Kalla,,16680,0.89,fuzzy_name_district
2352,Radhika Madan,,16683,0.88,fuzzy_name_district
2353,Naveen Batra,,16691,0.91,fuzzy_name_district
2354,Hemang Saran,,16701,0.93,fuzzy_name_district
2355,Yagnesh Tandon,,16708,0.93,fuzzy_name_district
2356,Advaith Manne,,16721,0.91,fuzzy_name_district
2357,Kai Nigam,,"16726,17423",0.96,fuzzy_name_district
2358,Ethan Chandra,,16733,0.99,fuzzy_name_district
2359,Aarav Wable,,"16737,18476,24467",0.97,fuzzy_name_district
2360,Isha Dutt,,16738,0.86,fuzzy_name_district
2361,Unnati Shankar,,"16742,18591",0.93,fuzzy_name_district
2362,Hemangini Bhatt,,16745,0.89,fuzzy_name_district
2363,Chaitanya Seth,,16754,0.87,fuzzy_name_district
2364,Joshua Hans,,16756,0.97,fuzzy_name_district
2365,Isaiah Saran,,16777,0.99,fuzzy_name_district
2366,Kalpit Talwar,,16781,0.87,fuzzy_name_district
2367,Irya Chahal,,"16788,23614",0.94,fuzzy_name_district
2368,Utkarsh Devan,,16792,0.85,fuzzy_name_district
2369,Lavanya Dubey,,16796,0.84,fuzzy_name_district
2370,Hritik Kalita,,16808,0.83,fuzzy_name_district
2371,Rohan Parekh,,"16818,20366",0.89,fuzzy_name_district
2372,Samuel Mangal,,16826,0.85,fuzzy_name_district
2373,Nitesh Saha,,16828,0.9,fuzzy_name_district
2374,Ayaan Arya,,16833,0.9,fuzzy_name_district
2375,David Gour,,16840,0.82,fuzzy_name_district
2376,Falguni Walla,,16841,0.87,fuzzy_name_district
2377,Liam Mangal,,16855,0.85,fuzzy_name_district
2378,Krish Khare,,16861,0.89,fuzzy_name_district
2379,Sai Ray,,"16866,19877",0.96,fuzzy_name_district
2380,Oscar Taneja,,16867,0.91,fuzzy_name_district
2381,Ekalinga Batta,,16877,0.84,fuzzy_name_district
2382,Chakradhar Sawhney,,16882,0.98,fuzzy_name_district
2383,Gaurang Sathe,,16898,0.85,fuzzy_name_district
2384,Rohan Deep,,16900,0.82,fuzzy_name_district
2385,Xiti Tiwari,,16901,0.89,fuzzy_name_district
2386,Abdul Chaudhary,,16902,0.92,fuzzy_name_district
2387,Frado Warrior,,16913,0.89,fuzzy_name_district
2388,Ekbal Chad,,16942,0.95,fuzzy_name_district
2389,Fitan Wable,,16955,0.83,fuzzy_name_district
2390,Maanas Kannan,,16960,0.96,fuzzy_name_district
2391,Vedant Raja,,16963,0.94,fuzzy_name_district
2392,Balvan Ghosh,,16966,0.98,fuzzy_name_district
2393,Raghav Narayan,,16970,0.84,fuzzy_name_district
2394,Balveer Goswami,,16974,0.91,fuzzy_name_district
2395,Balendra Jain,,16975,0.82,fuzzy_name_district
2396,Jacob Khurana,,16980,0.82,fuzzy_name_district
2397,Leela Sengupta,,16983,0.87,fuzzy_name_district
2398,Nihal Baria,,16986,0.93,fuzzy_name_district
2399,Falan Dar,,16988,0.91,fuzzy_name_district
2400,Falan Gokhale,,"16989,18976",0.99,fuzzy_name_district
2401,Ethan Sandhu,,16999,0.96,fuzzy_name_district
2402,Peter Sachar,,17000,0.82,fuzzy_name_district
2403,Anthony Upadhyay,,17002,0.97,fuzzy_name_district
2404,Balveer Batta,,"17014,22160",0.92,fuzzy_name_district
2405,Rajata Gera,,"17017,20433",0.96,fuzzy_name_district
2406,Sai Ranganathan,,17019,0.86,fuzzy_name_district
2407,Harish Nori,,17022,0.94,fuzzy_name_district
2408,Chameli Sharma,,17025,0.97,fuzzy_name_district
2409,Oliver Bali,,"17038,22991",0.89,fuzzy_name_district
2410,Brinda Bajwa,,17041,0.87,fuzzy_name_district
2411,Maanas Brahmbhatt,,17042,0.98,fuzzy_name_district
2412,Bachittar Sanghvi,,17046,0.84,fuzzy_name_district
2413,Fitan Kala,,17047,0.96,fuzzy_name_district
2414,Peter Dhingra,,17056,0.93,fuzzy_name_district
2415,Jacob Vala,,17057,0.94,fuzzy_name_district
2416,Xavier Sood,,17092,0.86,fuzzy_name_district
2417,Jai Deshmukh,,17113,0.89,fuzzy_name_district
2418,Balvan Kalla,,17129,0.94,fuzzy_name_district
2419,Frado Pandey,,17140,0.92,fuzzy_name_district
2420,Hritik Jaggi,,17145,0.92,fuzzy_name_district
2421,Zashil Prabhakar,,17149,0.96,fuzzy_name_district
2422,Chatura Varty,,17159,0.99,fuzzy_name_district
2423,Advaith Kara,,"17169,22925",0.91,fuzzy_name_district
2424,Ekavir Uppal,,17181,0.91,fuzzy_name_district
2425,Kiaan Pillai,,17182,0.83,fuzzy_name_district
2426,Jagdish Dugar,,17185,0.93,fuzzy_name_district
2427,Xiti Kanda,,17193,0.93,fuzzy_name_district
2428,Udant Chowdhury,,17207,0.96,fuzzy_name_district
2429,Wriddhish Bora,,17212,0.91,fuzzy_name_district
2430,Ishaan Bansal,,17226,0.94,fuzzy_name_district
2431,Nihal Prashad,,"17232,17303",0.91,fuzzy_name_district
2432,Kashvi Ratti,,17237,0.94,fuzzy_name_district
2433,Parth Dugar,,"17238,20858,22441",0.85,fuzzy_name_district
2434,Sarthak Pandit,,17247,0.96,fuzzy_name_district
2435,Wriddhish Tiwari,,17263,0.86,fuzzy_name_district
2436,Jason Sarna,,"17271,20440",0.97,fuzzy_name_district
2437,Balvan Tara,,"17272,20894",0.82,fuzzy_name_district
2438,Laban Kashyap,,17292,0.89,fuzzy_name_district
2439,Sathvik Chana,,17299,0.92,fuzzy_name_district
2440,Theodore Palla,,17300,0.91,fuzzy_name_district
2441,Devansh Buch,,17318,0.91,fuzzy_name_district
2442,Akshay Batta,,17320,0.95,fuzzy_name_district
2443,Maanav Divan,,17321,0.85,fuzzy_name_district
2444,Vincent Parmar,,17323,0.82,fuzzy_name_district
2445,Jagat Roy,,17324,0.9,fuzzy_name_district
2446,Samar Khanna,,17326,0.88,fuzzy_name_district
2447,Saksham Bora,,"17348,19142",0.87,fuzzy_name_district
2448,Kabir Chakraborty,,17353,0.97,fuzzy_name_district
2449,Om Sarma,,17358,0.92,fuzzy_name_district
2450,Frederick Hegde,,17361,0.9,fuzzy_name_district
2451,Qadim Agate,,17370,0.84,fuzzy_name_district
2452,Dev Ramesh,,17378,0.82,fuzzy_name_district
2453,Faraj Acharya,,17379,0.91,fuzzy_name_district
2454,Benjamin Deshpande,,17381,0.96,fuzzy_name_district
2455,Xavier More,,17388,0.87,fuzzy_name_district
2456,Aarnav Rajagopal,,17392,0.93,fuzzy_name_district
2457,Faras Gara,,17393,0.93,fuzzy_name_district
2458,Noah Issac,,17398,0.98,fuzzy_name_district
2459,Bachittar Vohra,,17405,0.92,fuzzy_name_district
2460,Victor Bajwa,,17410,0.96,fuzzy_name_district
2461,Hardik Bahri,,"17425,17574,23036",0.97,fuzzy_name_district
2462,Zashil Chahal,,17428,0.96,fuzzy_name_district
2463,Samuel Sami,,"17434,22320",0.92,fuzzy_name_district
2464,Madhav Sandhu,,17447,0.97,fuzzy_name_district
2465,Kiaan Parsa,,"17451,18370",0.83,fuzzy_name_district
2466,Isaiah Bandi,,"17461,17803",0.94,fuzzy_name_district
2467,Om Bhatt,,17475,0.91,fuzzy_name_district
2468,Andrew Choudhury,,17479,0.86,fuzzy_name_district
2469,Rudra Agrawal,,17491,0.88,fuzzy_name_district
2470,Farhan Sane,,17494,0.94,fuzzy_name_district
2471,Neel Dayal,,17503,0.97,fuzzy_name_district
2472,Harsh Chokshi,,"17512,20497",0.84,fuzzy_name_district
2473,Sneha Nath,,17521,0.99,fuzzy_name_district
2474,Jyoti Narasimhan,,17531,0.92,fuzzy_name_district
2475,Veer Mandal,,17532,0.93,fuzzy_name_district
2476,Indira Rattan,,17572,0.82,fuzzy_name_district
2477,Gabriel Dara,,"17579,17634",0.9,fuzzy_name_district
2478,Jeet Jha,,17583,0.85,fuzzy_name_district
2479,Yatin Shanker,,17586,0.9,fuzzy_name_district
2480,David Thaman,,17598,0.91,fuzzy_name_district
2481,Darsh Bajwa,,17613,0.94,fuzzy_name_district
2482,Zashil Ratti,,17624,0.96,fuzzy_name_district
2483,Mugdha Edwin,,"17626,23511",0.93,fuzzy_name_district
2484,Wriddhish Mohan,,17643,0.87,fuzzy_name_district
2485,Tanay Cheema,,"17650,22805",0.89,fuzzy_name_district
2486,Ayaan Viswanathan,,17654,0.93,fuzzy_name_district
2487,Yug Kamdar,,17656,0.92,fuzzy_name_district
2488,Wriddhish Mohanty,,17658,0.91,fuzzy_name_district
2489,Caleb Pradhan,,"17661,23129,24302",0.84,fuzzy_name_district
2490,Vincent Zachariah,,17665,0.98,fuzzy_name_district
2491,Rishi Ravel,,17666,0.96,fuzzy_name_district
2492,Fiyaz Singh,,17673,0.93,fuzzy_name_district
2493,Dhruv Sarna,,"17681,20740,21513",0.99,fuzzy_name_district
2494,Laksh Palla,,17686,0.83,fuzzy_name_district
2495,Samarth Sarkar,,17687,0.97,fuzzy_name_district
2496,Elijah Sane,,17693,0.86,fuzzy_name_district
2497,William Setty,,17701,0.95,fuzzy_name_district
2498,Rushil Dash,,17708,0.84,fuzzy_name_district
2499,Fitan Talwar,,17717,0.85,fuzzy_name_district
2500,Harrison Atwal,,"17718,19239",0.89,fuzzy_name_district
2501,Quincy Baral,,17719,0.86,fuzzy_name_district
2502,Chatura Edwin,,17726,0.86,fuzzy_name_district
2503,Girish Choudhury,,"17734,22728",0.99,fuzzy_name_district
2504,Amol Mangat,,17735,0.9,fuzzy_name_district
2505,Gagan Bali,,17763,0.83,fuzzy_name_district
2506,William Desai,,17767,0.89,fuzzy_name_district
2507,Simon Yogi,,"17785,18331",0.82,fuzzy_name_district
2508,Gavin Koshy,,"17791,18228",0.83,fuzzy_name_district
2509,Chandani Mallick,,17806,0.91,fuzzy_name_district
2510,Diya Chadha,,"17807,19032",0.98,fuzzy_name_district
2511,Daniel Narain,,17809,0.94,fuzzy_name_district
2512,Anthony Dara,,17819,0.92,fuzzy_name_district
2513,Dominic Prakash,,17821,0.88,fuzzy_name_district
2514,Balhaar Bajaj,,17823,0.83,fuzzy_name_district
2515,Dalbir Chaudry,,17833,0.94,fuzzy_name_district
2516,Naveen Lala,,17836,0.84,fuzzy_name_district
2517,Ryan Borde,,17840,0.84,fuzzy_name_district
2518,Faras Goswami,,"17842,23066",0.89,fuzzy_name_district
2519,Gaurang Kant,,17845,0.9,fuzzy_name_district
2520,Vihaan Sangha,,17860,0.91,fuzzy_name_district
2521,Brijesh Sankar,,"17867,24022",0.96,fuzzy_name_district
2522,Balhaar Batta,,17868,0.84,fuzzy_name_district
2523,Gaurang Joshi,,17888,0.87,fuzzy_name_district
2524,Hritik Kalita,,17899,0.98,fuzzy_name_district
2525,Akshay Jaggi,,"17907,22917",0.95,fuzzy_name_district
2526,Amol Dasgupta,,17910,0.93,fuzzy_name_district
2527,Darsh Mohanty,,17920,0.91,fuzzy_name_district
2528,Daksh Rajagopal,,17931,0.92,fuzzy_name_district
2529,Tanay Shankar,,17953,0.86,fuzzy_name_district
2530,Ansh Singh,,"17957,20107",0.88,fuzzy_name_district
2531,Advay Dhingra,,17966,0.96,fuzzy_name_district
2532,Nakul Morar,,"17984,18362",0.95,fuzzy_name_district
2533,Rudra Muni,,17989,0.96,fuzzy_name_district
2534,Banjeet Modi,,"17991,18357",0.83,fuzzy_name_district
2535,Yatin Banerjee,,17994,0.89,fuzzy_name_district
2536,Maanas Kunda,,18007,0.88,fuzzy_name_district
2537,Siddharth Kar,,"18008,22255",0.9,fuzzy_name_district
2538,Frado Raghavan,,18012,0.89,fuzzy_name_district
2539,Faraj Deshmukh,,18025,0.92,fuzzy_name_district
2540,Tarak Dhawan,,18031,0.95,fuzzy_name_district
2541,Gagan Chakraborty,,18032,0.92,fuzzy_name_district
2542,Samesh Sathe,,18036,0.91,fuzzy_name_district
2543,Samaksh Sarin,,18039,0.96,fuzzy_name_district
2544,Faqid Joshi,,18045,0.87,fuzzy_name_district
2545,Samar Sura,,18061,0.92,fuzzy_name_district
2546,Lohit Iyer,,18093,0.95,fuzzy_name_district
2547,Gaurika Srinivas,,18099,0.88,fuzzy_name_district
2548,Kai Sibal,,18103,0.96,fuzzy_name_district
2549,Veer Bal,,18125,0.93,fuzzy_name_district
2550,Hardik Tella,,"18127,18430",0.98,fuzzy_name_district
2551,Urishilla Balan,,18142,0.89,fuzzy_name_district
2552,Bachittar Jaggi,,18143,0.94,fuzzy_name_district
2553,Dhruv Gupta,,18177,0.94,fuzzy_name_district
2554,Qarin Sidhu,,"18208,19779",0.96,fuzzy_name_district
2555,Darpan Yadav,,18210,0.97,fuzzy_name_district
2556,Jagdish Bhat,,18217,0.9,fuzzy_name_district
2557,Manbir Solanki,,18233,0.88,fuzzy_name_district
2558,Vedant Brahmbhatt,,18239,0.92,fuzzy_name_district
2559,Yash Nath,,18245,0.92,fuzzy_name_district
2560,Ishwar Khanna,,"18246,22298",0.95,fuzzy_name_district
2561,Manbir Jha,,18252,0.92,fuzzy_name_district
2562,Umang Bora,,18260,0.94,fuzzy_name_district
2563,Girik Randhawa,,18266,0.82,fuzzy_name_district
2564,Tanay Narayanan,,18271,0.89,fuzzy_name_district
2565,Anirudh Chand,,18281,0.93,fuzzy_name_district
2566,Elijah Gulati,,18283,0.86,fuzzy_name_district
2567,Abeer Doctor,,18284,0.94,fuzzy_name_district
2568,Hitesh Kakar,,18287,0.94,fuzzy_name_district
2569,Champak Jain,,18291,0.99,fuzzy_name_district
2570,William Kaul,,18294,0.97,fuzzy_name_district
2571,Xiti Dalal,,"18303,21454",0.89,fuzzy_name_district
2572,Parth Nayar,,"18306,19788",0.9,fuzzy_name_district
2573,Harrison Chandran,,"18307,20162",0.98,fuzzy_name_district
2574,Nicholas Lala,,18315,0.91,fuzzy_name_district
2575,Aahana Keer,,"18319,23069",0.91,fuzzy_name_district
2576,Chatresh Anne,,18320,0.94,fuzzy_name_district
2577,Ishwar Gaba,,18323,0.89,fuzzy_name_district
2578,Harrison Din,,18332,0.83,fuzzy_name_district
2579,Sai Soni,,18335,0.91,fuzzy_name_district
2580,Sarthak Naik,,18344,0.85,fuzzy_name_district
2581,Urishilla Thaker,,18367,0.88,fuzzy_name_district
2582,Om Sathe,,"18378,23582",0.87,fuzzy_name_district
2583,Charan Srinivas,,18383,0.85,fuzzy_name_district
2584,Bahadurjit Bath,,18384,0.89,fuzzy_name_district
2585,Noah Sundaram,,18389,0.91,fuzzy_name_district
2586,Praneel Kar,,18393,0.87,fuzzy_name_district
2587,Pranit Banerjee,,18394,0.98,fuzzy_name_district
2588,Indrajit Deshpande,,18412,0.96,fuzzy_name_district
2589,Zayyan Bava,,18427,0.89,fuzzy_name_district
2590,Nathaniel Goyal,,18429,0.86,fuzzy_name_district
2591,Ishaan Kari,,18432,0.83,fuzzy_name_district
2592,Lohit Buch,,18435,0.96,fuzzy_name_district
2593,Jatin Walla,,18447,0.87,fuzzy_name_district
2594,Wridesh Rout,,18453,0.84,fuzzy_name_district
2595,Nihal Bath,,18458,0.84,fuzzy_name_district
2596,Max Nigam,,"18463,19579",0.97,fuzzy_name_district
2597,Charvi Palla,,18470,0.93,fuzzy_name_district
2598,Warjas Pillay,,18473,0.94,fuzzy_name_district
2599,Devika Randhawa,,18485,0.84,fuzzy_name_district
2600,Christopher Nagarajan,,"18488,20629",0.97,fuzzy_name_district
2601,Zayyan Sampath,,18489,0.87,fuzzy_name_district
2602,Wriddhish Parikh,,18522,0.97,fuzzy_name_district
2603,Anirudh Shanker,,"18523,18548",0.85,fuzzy_name_district
2604,Jacob Konda,,18539,0.93,fuzzy_name_district
2605,Anirudh Venkataraman,,18549,0.87,fuzzy_name_district
2606,Anay Dhawan,,18560,0.88,fuzzy_name_district
2607,Daksh Anne,,"18564,22349",0.97,fuzzy_name_district
2608,Dipta Sampath,,18571,0.86,fuzzy_name_district
2609,Qarin Dhar,,18581,0.84,fuzzy_name_district
2610,Alexander Shanker,,18583,0.86,fuzzy_name_district
2611,Anay Ratti,,"18593,19158",0.94,fuzzy_name_district
2612,Benjamin Murthy,,18600,0.96,fuzzy_name_district
2613,Krishna Kade,,18603,0.85,fuzzy_name_district
2614,Ekbal Kapadia,,18610,0.98,fuzzy_name_district
2615,Oni Mander,,18627,0.97,fuzzy_name_district
2616,Isaiah Rau,,"18628,21389",0.87,fuzzy_name_district
2617,Patrick Bal,,18632,0.88,fuzzy_name_district
2618,Luke Kaul,,18636,0.87,fuzzy_name_district
2619,Vincent Borde,,18638,0.86,fuzzy_name_district
2620,Christopher Shroff,,18640,0.96,fuzzy_name_district
2621,Yash Arora,,18652,0.9,fuzzy_name_district
2622,Balveer Uppal,,18664,0.9,fuzzy_name_district
2623,Hemani Kara,,18665,0.94,fuzzy_name_district
2624,Isaiah Kanda,,"18669,22305",0.87,fuzzy_name_district
2625,Niharika Rastogi,,18670,0.86,fuzzy_name_district
2626,Aadi Soman,,"18677,20988",0.82,fuzzy_name_district
2627,Alexander Dhingra,,18689,0.88,fuzzy_name_district
2628,Avni Toor,,"18711,19343",0.96,fuzzy_name_district
2629,Liam Raval,,18716,0.91,fuzzy_name_district
2630,Yug Srinivasan,,18717,0.87,fuzzy_name_district
2631,Kashish Bhatt,,18720,0.87,fuzzy_name_district
2632,Victor Narang,,18729,0.82,fuzzy_name_district
2633,Mason Morar,,18731,0.93,fuzzy_name_district
2634,Matthew Chandran,,18742,0.95,fuzzy_name_district
2635,Varenya Dasgupta,,18746,0.92,fuzzy_name_district
2636,Chaitanya Krishna,,18751,0.89,fuzzy_name_district
2637,Arin Bhattacharyya,,18763,0.97,fuzzy_name_district
2638,Geetika Bath,,18773,0.86,fuzzy_name_district
2639,Bhavini Golla,,18782,0.98,fuzzy_name_district
2640,Qabil Banerjee,,"18801,19180",0.93,fuzzy_name_district
2641,Aarav Nazareth,,18806,0.84,fuzzy_name_district
2642,Jonathan Loyal,,18807,0.89,fuzzy_name_district
2643,Yug Bandi,,18811,0.95,fuzzy_name_district
2644,Patrick Goda,,"18815,22314",0.96,fuzzy_name_district
2645,Aarav Dhillon,,18816,0.94,fuzzy_name_district
2646,Naksh Uppal,,18826,0.95,fuzzy_name_district
2647,Balvan Chokshi,,18829,0.83,fuzzy_name_district
2648,Chanakya Desai,,18831,0.98,fuzzy_name_district
2649,Faris Gandhi,,18833,0.93,fuzzy_name_district
2650,Orinder Bora,,"18835,22232",0.91,fuzzy_name_district
2651,Chakradev Pandya,,18843,0.92,fuzzy_name_district
2652,Gagan Gandhi,,"18850,20274",0.91,fuzzy_name_district
2653,Hredhaan Yogi,,18854,0.88,fuzzy_name_district
2654,Oliver Boase,,18860,0.99,fuzzy_name_district
2655,Abeer Kala,,18873,0.85,fuzzy_name_district
2656,Tanmayi Chhabra,,18876,0.85,fuzzy_name_district
2657,Indrajit Lall,,"18879,23846",0.83,fuzzy_name_district
2658,Amrita Rajagopal,,18880,0.88,fuzzy_name_district
2659,Harish Guha,,18885,0.92,fuzzy_name_district
2660,Sai Ratta,,18907,0.93,fuzzy_name_district
2661,Qasim Bera,,18910,0.96,fuzzy_name_district
2662,Ekavir Kulkarni,,18912,0.84,fuzzy_name_district
2663,Reyansh Shere,,"18913,22700",0.85,fuzzy_name_district
2664,Timothy Basak,,18915,0.87,fuzzy_name_district
2665,Vivaan Chatterjee,,18921,0.98,fuzzy_name_district
2666,Fariq Kadakia,,18928,0.9,fuzzy_name_district
2667,Vivaan Walla,,18929,0.97,fuzzy_name_district
2668,Dalaja Sangha,,18951,0.96,fuzzy_name_district
2669,Oliver Lalla,,18956,0.92,fuzzy_name_district
2670,Ekalinga Raman,,18965,0.94,fuzzy_name_district
2671,Rajata Ram,,18979,0.84,fuzzy_name_district
2672,Ishwar Garg,,18992,0.86,fuzzy_name_district
2673,Harsh Chacko,,"19003,22879",0.83,fuzzy_name_district
2674,Ayaan Majumdar,,19012,0.83,fuzzy_name_district
2675,Henry Narula,,19015,0.93,fuzzy_name_district
2676,Ronith Borah,,19027,0.84,fuzzy_name_district
2677,Yatin Sahota,,19040,0.95,fuzzy_name_district
2678,Mekhala Kale,,19042,0.89,fuzzy_name_district
2679,Rehaan Gola,,19043,0.84,fuzzy_name_district
2680,Jackson Barad,,19045,0.99,fuzzy_name_district
2681,Kai Swamy,,19049,0.99,fuzzy_name_district
2682,Viraj Master,,19055,0.99,fuzzy_name_district
2683,Ati Rattan,,19061,0.95,fuzzy_name_district
2684,Ladli Dave,,19065,0.88,fuzzy_name_district
2685,Qasim Goda,,19073,0.87,fuzzy_name_district
2686,Lipika Chahal,,"19076,19933",0.95,fuzzy_name_district
2687,Sudiksha Mann,,"19091,21117",0.99,fuzzy_name_district
2688,Nakul Khurana,,"19095,19614",0.96,fuzzy_name_district
2689,Aarnav Madan,,"19100,21467",0.86,fuzzy_name_district
2690,Onveer Dada,,19102,0.96,fuzzy_name_district
2691,Garima Subramaniam,,"19103,19130",0.99,fuzzy_name_district
2692,Frederick Dewan,,19105,0.85,fuzzy_name_district
2693,Kalpit Raja,,"19147,19257",0.91,fuzzy_name_district
2694,Abhimanyu Rajagopal,,19171,0.99,fuzzy_name_district
2695,Logan Keer,,19176,0.87,fuzzy_name_district
2696,Dakshesh Saran,,"19182,24538",0.85,fuzzy_name_district
2697,Pratyush D’Alia,,19183,0.86,fuzzy_name_district
2698,Ikshita Bassi,,19185,0.94,fuzzy_name_district
2699,Kai Bhagat,,"19187,20434",0.83,fuzzy_name_district
2700,Anmol Nayar,,19191,0.87,fuzzy_name_district
2701,Arin Sachdev,,19195,0.87,fuzzy_name_district
2702,Umang Naidu,,19200,0.95,fuzzy_name_district
2703,Frederick Saxena,,19206,0.91,fuzzy_name_district
2704,Qasim Vohra,,19209,0.83,fuzzy_name_district
2705,Yuvraj Tripathi,,19212,0.86,fuzzy_name_district
2706,Samarth Buch,,19214,0.96,fuzzy_name_district
2707,Balhaar Sastry,,19220,0.86,fuzzy_name_district
2708,Harsh Om,,19222,0.87,fuzzy_name_district
2709,Warjas Pai,,19242,0.95,fuzzy_name_district
2710,Warinder Kibe,,19253,0.92,fuzzy_name_district
2711,Meghana Wable,,19254,0.88,fuzzy_name_district
2712,Amol Subramanian,,"19259,21315",0.87,fuzzy_name_district
2713,Naveen Parekh,,19281,0.82,fuzzy_name_district
2714,Balendra Nigam,,19284,0.86,fuzzy_name_district
2715,Viraj Goyal,,19294,0.95,fuzzy_name_district
2716,Maya Arya,,19307,0.85,fuzzy_name_district
2717,Dipta Hayer,,19323,0.9,fuzzy_name_district
2718,Indrajit Kata,,19325,0.88,fuzzy_name_district
2719,Jack Apte,,19329,0.99,fuzzy_name_district
2720,Samuel Divan,,19333,0.98,fuzzy_name_district
2721,Eshana Manne,,19334,0.95,fuzzy_name_district
2722,Neel Sawhney,,19336,0.92,fuzzy_name_district
2723,Yashawini Kashyap,,"19341,20883",0.91,fuzzy_name_district
2724,Guneet Datta,,19347,0.84,fuzzy_name_district
2725,Nicholas Munshi,,19352,0.93,fuzzy_name_district
2726,Vanya Kanda,,19353,0.87,fuzzy_name_district
2727,Rayaan Menon,,19354,0.9,fuzzy_name_district
2728,Advaith Taneja,,19355,0.85,fuzzy_name_district
2729,Gavin Master,,19368,0.84,fuzzy_name_district
2730,Benjamin Sridhar,,19369,0.93,fuzzy_name_district
2731,Anthony Prabhu,,19378,0.83,fuzzy_name_district
2732,Lohit Mammen,,19398,0.82,fuzzy_name_district
2733,Ayushman Mand,,19406,0.89,fuzzy_name_district
2734,Qarin Menon,,19425,0.99,fuzzy_name_district
2735,Ayushman Mahajan,,19437,0.98,fuzzy_name_district
2736,Dhruv Dua,,19440,0.98,fuzzy_name_district
2737,David Kanda,,"19442,21383",0.96,fuzzy_name_district
2738,Daniel Chaudhary,,19456,0.96,fuzzy_name_district
2739,Nathaniel Mukherjee,,19459,0.85,fuzzy_name_district
2740,Manan Hari,,"19461,22076",0.99,fuzzy_name_district
2741,Baljiwan Vyas,,19468,0.84,fuzzy_name_district
2742,Samesh Saxena,,19472,0.96,fuzzy_name_district
2743,Oliver Peri,,19474,0.86,fuzzy_name_district
2744,Kevin Singhal,,19478,0.91,fuzzy_name_district
2745,Jhalak Dalal,,19479,0.9,fuzzy_name_district
2746,Daksh Master,,19495,0.95,fuzzy_name_district
2747,Brijesh Gara,,19496,0.84,fuzzy_name_district
2748,Vihaan Ganesan,,19497,0.86,fuzzy_name_district
2749,Yashica Jhaveri,,19515,0.93,fuzzy_name_district
2750,Riya Ratti,,19524,0.84,fuzzy_name_district
2751,Gabriel Dugar,,"19532,22627",0.92,fuzzy_name_district
2752,Ayushman Sani,,"19546,23914",0.9,fuzzy_name_district
2753,Edhitha Chanda,,19566,0.87,fuzzy_name_district
2754,Oscar Ray,,19568,0.85,fuzzy_name_district
2755,Onveer Savant,,19570,0.98,fuzzy_name_district
2756,Laksh Mukherjee,,19587,0.87,fuzzy_name_district
2757,Falan Lata,,19595,0.87,fuzzy_name_district
2758,Ekapad Gopal,,"19608,23922",0.91,fuzzy_name_district
2759,Krishna Narayan,,"19620,24755",0.93,fuzzy_name_district
2760,Jatin Das,,19621,0.86,fuzzy_name_district
2761,Shivansh Morar,,19645,0.95,fuzzy_name_district
2762,Abeer Narayanan,,19646,0.82,fuzzy_name_district
2763,Jeremiah Bumb,,19647,0.94,fuzzy_name_district
2764,Jatin Agrawal,,19649,0.83,fuzzy_name_district
2765,Aayush Chacko,,19650,0.9,fuzzy_name_district
2766,Lohit Shukla,,"19653,20300",0.83,fuzzy_name_district
2767,Vasatika Sandal,,"19663,23805",0.9,fuzzy_name_district
2768,Tejas Kata,,19669,0.97,fuzzy_name_district
2769,Onveer Ghosh,,19675,0.85,fuzzy_name_district
2770,Guneet Tata,,19687,0.88,fuzzy_name_district
2771,Faraj Pandit,,19689,0.93,fuzzy_name_district
2772,Gaurang Misra,,"19692,22864",0.95,fuzzy_name_district
2773,Ekbal Mander,,19698,0.88,fuzzy_name_district
2774,Ladli Narula,,19706,0.97,fuzzy_name_district
2775,Fitan Dutta,,19709,0.89,fuzzy_name_district
2776,Teerth Oommen,,19712,0.86,fuzzy_name_district
2777,David Narayanan,,19713,0.88,fuzzy_name_district
2778,Urmi Oak,,19728,0.97,fuzzy_name_district
2779,Arya Jhaveri,,19729,0.96,fuzzy_name_district
2780,Chatresh Oza,,19742,0.89,fuzzy_name_district
2781,Ayushman Gulati,,19743,0.99,fuzzy_name_district
2782,Lila Bains,,19744,0.86,fuzzy_name_district
2783,Azaan Murty,,19745,0.99,fuzzy_name_district
2784,Saumya Mann,,19752,0.85,fuzzy_name_district
2785,Azaan Jhaveri,,19760,0.86,fuzzy_name_district
2786,Owen Bal,,19765,0.99,fuzzy_name_district
2787,Oviya Buch,,19769,0.83,fuzzy_name_district
2788,Rishi Murty,,19780,0.97,fuzzy_name_district
2789,Arjun Korpal,,19790,0.92,fuzzy_name_district
2790,Michael Divan,,19791,0.94,fuzzy_name_district
2791,Lajita Konda,,"19814,19911",0.96,fuzzy_name_district
2792,Vidhi Sangha,,"19820,22677",0.95,fuzzy_name_district
2793,Viraj Dara,,19834,0.97,fuzzy_name_district
2794,Rachit Vora,,19849,0.99,fuzzy_name_district
2795,Neel Keer,,"19856,22747",0.82,fuzzy_name_district
2796,Tanay Dutta,,19859,0.94,fuzzy_name_district
2797,Om Raj,,19863,0.92,fuzzy_name_district
2798,Veer Sagar,,19865,0.91,fuzzy_name_district
2799,Patrick Rout,,19868,0.94,fuzzy_name_district
2800,Banjeet Yadav,,19871,0.87,fuzzy_name_district
2801,Ikshita Wali,,19875,0.97,fuzzy_name_district
2802,Manbir Agate,,19880,0.93,fuzzy_name_district
2803,Hritik Sami,,19881,0.84,fuzzy_name_district
2804,Chakradev Chakraborty,,19883,0.97,fuzzy_name_district
2805,Balveer Sura,,19887,0.95,fuzzy_name_district
2806,Imaran Kade,,19912,0.84,fuzzy_name_district
2807,Henry Saini,,19936,0.93,fuzzy_name_district
2808,Timothy Warrior,,19937,0.84,fuzzy_name_district
2809,Ekansh Sehgal,,19938,0.83,fuzzy_name_district
2810,Banjeet Bhatia,,19943,0.96,fuzzy_name_district
2811,Lucky Dara,,"19945,22625",0.98,fuzzy_name_district
2812,Hamsini Mohanty,,19956,0.94,fuzzy_name_district
2813,Yuvraj Gera,,19959,0.98,fuzzy_name_district
2814,Shaurya Bhatti,,19961,0.85,fuzzy_name_district
2815,Indrajit Sur,,19962,0.91,fuzzy_name_district
2816,Manbir Balasubramanian,,19989,0.98,fuzzy_name_district
2817,Vivaan Mammen,,19994,0.85,fuzzy_name_district
2818,Zayyan Goel,,20000,0.95,fuzzy_name_district
2819,Zayan Rao,,20006,0.88,fuzzy_name_district
2820,Balvan Deo,,20018,0.85,fuzzy_name_district
2821,Guneet Patla,,20028,0.98,fuzzy_name_district
2822,Aarav Dar,,20042,0.83,fuzzy_name_district
2823,Azad Bhardwaj,,"20044,21682",0.83,fuzzy_name_district
2824,Pushti Bala,,"20057,22988",0.92,fuzzy_name_district
2825,Kalpit Bava,,20068,0.97,fuzzy_name_district
2826,Yatin Rout,,20072,0.95,fuzzy_name_district
2827,Jason Prashad,,20074,0.9,fuzzy_name_district
2828,Aryan Ghose,,20079,0.93,fuzzy_name_district
2829,Tanveer Vyas,,20101,0.9,fuzzy_name_district
2830,Parth Oza,,20119,0.89,fuzzy_name_district
2831,Lila Sabharwal,,20122,0.83,fuzzy_name_district
2832,Peter Kala,,20129,0.91,fuzzy_name_district
2833,Girindra Bhatia,,20131,0.9,fuzzy_name_district
2834,Reyansh Ahuja,,20135,0.89,fuzzy_name_district
2835,Reyansh Mammen,,20137,0.83,fuzzy_name_district
2836,Ekaraj Sethi,,20141,0.97,fuzzy_name_district
2837,Om Shetty,,20153,0.9,fuzzy_name_district
2838,Jhalak Nayar,,20158,0.94,fuzzy_name_district
2839,Yachana Gulati,,20166,0.89,fuzzy_name_district
2840,Gagan Cheema,,20177,0.89,fuzzy_name_district
2841,Wyatt Zacharia,,20178,0.92,fuzzy_name_district
2842,Krishna Varma,,20191,0.91,fuzzy_name_district
2843,Upkaar Ganesh,,20194,0.97,fuzzy_name_district
2844,Gaurang Mittal,,20195,0.92,fuzzy_name_district
2845,Yuvraj Bora,,20196,0.98,fuzzy_name_district
2846,Joshua Sarma,,20224,0.92,fuzzy_name_district
2847,Ekapad Sarna,,20227,0.88,fuzzy_name_district
2848,Qabil Bir,,20231,0.84,fuzzy_name_district
2849,Aarna Tank,,20233,0.98,fuzzy_name_district
2850,Rehaan Radhakrishnan,,"20240,20618,24498",0.94,fuzzy_name_district
2851,David Thaker,,20244,0.83,fuzzy_name_district
2852,Banjeet Dhawan,,"20249,20734",0.88,fuzzy_name_district
2853,Janani Gokhale,,"20253,24514",0.91,fuzzy_name_district
2854,Elijah Prabhu,,20255,0.85,fuzzy_name_district
2855,Jack Maharaj,,20260,0.87,fuzzy_name_district
2856,Lohit Raval,,20270,0.87,fuzzy_name_district
2857,Amol Bath,,20289,0.88,fuzzy_name_district
2858,Robert Tella,,20290,0.91,fuzzy_name_district
2859,Onveer Thaman,,20291,0.84,fuzzy_name_district
2860,Baljiwan Buch,,20322,0.9,fuzzy_name_district
2861,Rishi Vora,,20333,0.85,fuzzy_name_district
2862,Arjun Suresh,,20339,0.85,fuzzy_name_district
2863,Zansi Warrior,,20341,0.92,fuzzy_name_district
2864,Ekavir Singhal,,20357,0.98,fuzzy_name_district
2865,Victor Acharya,,20361,0.97,fuzzy_name_district
2866,Gopal Ratta,,20388,0.93,fuzzy_name_district
2867,Matthew Sridhar,,20396,0.91,fuzzy_name_district
2868,Fitan Biswas,,20398,0.98,fuzzy_name_district
2869,Kai Sani,,20406,0.85,fuzzy_name_district
2870,Faras Mukhopadhyay,,20423,0.89,fuzzy_name_district
2871,Barkha Bumb,,20426,0.82,fuzzy_name_district
2872,Unnati Lal,,20438,0.93,fuzzy_name_district
2873,Caleb Soni,,20448,0.88,fuzzy_name_district
2874,Rohan Sahni,,20460,0.87,fuzzy_name_district
2875,Aadi Bala,,20468,0.94,fuzzy_name_district
2876,Ishwar Dar,,20478,0.95,fuzzy_name_district
2877,Rachit Batra,,20480,0.93,fuzzy_name_district
2878,Henry Chacko,,20485,0.84,fuzzy_name_district
2879,Quincy Mital,,20507,0.9,fuzzy_name_district
2880,Gopal Bassi,,20510,0.82,fuzzy_name_district
2881,Lucky Thaker,,20512,0.84,fuzzy_name_district
2882,Advika Sankar,,20527,0.83,fuzzy_name_district
2883,Champak Chowdhury,,"20532,24510",0.91,fuzzy_name_district
2884,Simon Sekhon,,20537,0.9,fuzzy_name_district
2885,Jeremiah Sarkar,,20541,0.96,fuzzy_name_district
2886,Ayaan Shankar,,20542,0.88,fuzzy_name_district
2887,Matthew Dixit,,20555,0.92,fuzzy_name_district
2888,Balendra Kata,,20561,0.88,fuzzy_name_district
2889,Lavanya Varughese,,20563,0.85,fuzzy_name_district
2890,Timothy Madan,,20566,0.97,fuzzy_name_district
2891,Yatin Kapadia,,"20583,23143",0.87,fuzzy_name_district
2892,Onveer Baral,,20591,0.86,fuzzy_name_district
2893,Elijah Deo,,"20615,23641",0.98,fuzzy_name_district
2894,Dakshesh Gandhi,,20619,0.9,fuzzy_name_district
2895,Nathaniel Narayan,,20624,0.96,fuzzy_name_district
2896,Jackson Savant,,20631,0.9,fuzzy_name_district
2897,Qabil Zacharia,,20647,0.89,fuzzy_name_district
2898,Mason Pingle,,"20653,23979",0.84,fuzzy_name_district
2899,Faraj Karpe,,20655,0.83,fuzzy_name_district
2900,Girish Sandhu,,20656,0.95,fuzzy_name_district
2901,Rachita Sankaran,,20668,0.83,fuzzy_name_district
2902,Qabil Upadhyay,,20669,0.97,fuzzy_name_district
2903,Lakshit Pingle,,20674,0.96,fuzzy_name_district
2904,Maanas Savant,,20677,0.86,fuzzy_name_district
2905,Jeremiah Sengupta,,20678,0.91,fuzzy_name_district
2906,Balveer Kara,,20683,0.86,fuzzy_name_district
2907,Elijah Tata,,20684,0.91,fuzzy_name_district
2908,Omkaar Patil,,20686,0.89,fuzzy_name_district
2909,Balendra Jain,,20700,0.99,fuzzy_name_district
2910,Gagan Varghese,,20716,0.85,fuzzy_name_district
2911,Chaitanya Chaudhary,,20718,0.84,fuzzy_name_district
2912,Mahika Saini,,20728,0.84,fuzzy_name_district
2913,Nitesh Parekh,,"20736,24644",0.95,fuzzy_name_district
2914,Sanya Chakraborty,,20743,0.92,fuzzy_name_district
2915,Dakshesh Tank,,20748,0.93,fuzzy_name_district
2916,Aarav Raghavan,,20760,0.92,fuzzy_name_district
2917,Daksh Zacharia,,20762,0.86,fuzzy_name_district
2918,Aarush Bala,,"20763,23388",0.86,fuzzy_name_district
2919,Pushti Venkatesh,,20768,0.86,fuzzy_name_district
2920,Rudra Saraf,,20771,0.92,fuzzy_name_district
2921,Ekantika Chander,,20774,0.92,fuzzy_name_district
2922,Bahadurjit Dugar,,20778,0.9,fuzzy_name_district
2923,Rehaan Sawhney,,20789,0.82,fuzzy_name_district
2924,Aarush Dube,,20795,0.84,fuzzy_name_district
2925,Zaitra Sachdev,,20797,0.92,fuzzy_name_district
2926,Megha Vig,,20805,0.84,fuzzy_name_district
2927,Vivaan Seshadri,,20812,0.97,fuzzy_name_district
2928,Pratyush Bhatia,,20819,0.98,fuzzy_name_district
2929,Atharv Sibal,,20840,0.83,fuzzy_name_district
2930,Joshua Gulati,,20843,0.86,fuzzy_name_district
2931,Simon Johal,,20847,0.92,fuzzy_name_district
2932,Parth Kala,,20849,0.82,fuzzy_name_district
2933,Elijah Bath,,"20852,23331",0.9,fuzzy_name_district
2934,Gautam Mitra,,20856,0.93,fuzzy_name_district
2935,Maanas Muni,,20857,0.86,fuzzy_name_district
2936,Aadi Narain,,20868,0.98,fuzzy_name_district
2937,Tanish Dani,,20876,0.87,fuzzy_name_district
2938,Shivansh Nair,,20880,0.82,fuzzy_name_district
2939,Fitan Dave,,20889,0.99,fuzzy_name_district
2940,Victor Pall,,20893,0.93,fuzzy_name_district
2941,Xavier Sha,,20906,0.96,fuzzy_name_district
2942,Reyansh Karan,,20909,0.84,fuzzy_name_district
2943,Kabir Dass,,"20915,23827",0.86,fuzzy_name_district
2944,Darpan Dalal,,20937,0.86,fuzzy_name_district
2945,Zashil Randhawa,,20938,0.84,fuzzy_name_district
2946,Anmol Barad,,20940,0.83,fuzzy_name_district
2947,Vincent Kashyap,,20941,0.83,fuzzy_name_district
2948,Tristan Shah,,20946,0.89,fuzzy_name_district
2949,Chaitanya Ganesh,,"20947,22129",0.83,fuzzy_name_district
2950,Niharika Bawa,,20965,0.88,fuzzy_name_district
2951,Daksh Loyal,,20975,0.83,fuzzy_name_district
2952,Qadim Rattan,,20981,0.89,fuzzy_name_district
2953,Siddharth Swamy,,20982,0.92,fuzzy_name_district
2954,Ansh Koshy,,20984,0.97,fuzzy_name_district
2955,Pranit Handa,,20985,0.89,fuzzy_name_district
2956,Chatura Aggarwal,,20997,0.82,fuzzy_name_district
2957,Pranit Sant,,20998,0.97,fuzzy_name_district
2958,Thomas Parsa,,21000,0.89,fuzzy_name_district
2959,Frederick Mane,,21001,0.93,fuzzy_name_district
2960,Chandresh Prasad,,21005,0.95,fuzzy_name_district
2961,Caleb Ahuja,,21006,0.92,fuzzy_name_district
2962,Rayaan Oak,,21025,0.93,fuzzy_name_district
2963,Tristan Warrior,,21029,0.93,fuzzy_name_district
2964,Faris Srivastava,,21035,0.82,fuzzy_name_district
2965,Praneel Mand,,21037,0.93,fuzzy_name_district
2966,Wakeeta Raj,,21048,0.83,fuzzy_name_district
2967,Bimala Khalsa,,21059,0.83,fuzzy_name_district
2968,Gautam Sekhon,,21069,0.82,fuzzy_name_district
2969,Alexander Hans,,21076,0.88,fuzzy_name_district
2970,Shaurya Palla,,21086,0.98,fuzzy_name_district
2971,Hitesh Sethi,,21093,0.84,fuzzy_name_district
2972,Owen Keer,,21098,0.96,fuzzy_name_district
2973,Zashil Tak,,"21106,22527",0.99,fuzzy_name_district
2974,Ganga Shanker,,21107,0.85,fuzzy_name_district
2975,Charan Mand,,21113,0.94,fuzzy_name_district
2976,Yuvraj Ravel,,21115,0.92,fuzzy_name_district
2977,Wahab Sahni,,21132,0.92,fuzzy_name_district
2978,Ayushman Baral,,21134,0.96,fuzzy_name_district
2979,Pratyush Raval,,21138,0.82,fuzzy_name_district
2980,Logan D’Alia,,21146,0.84,fuzzy_name_district
2981,Indrajit Bath,,21161,0.99,fuzzy_name_district
2982,Amol Gola,,21180,0.96,fuzzy_name_district
2983,Oscar Sha,,21181,0.93,fuzzy_name_district
2984,Reyansh Bora,,21189,0.91,fuzzy_name_district
2985,Sanya Singhal,,21211,0.9,fuzzy_name_district
2986,Daksha Morar,,21215,0.86,fuzzy_name_district
2987,Tanveer Subramaniam,,21220,0.95,fuzzy_name_district
2988,Alexander Gill,,21224,0.97,fuzzy_name_district
2989,Daniel Rajagopal,,21228,0.94,fuzzy_name_district
2990,Rachit Gandhi,,"21230,23610",0.93,fuzzy_name_district
2991,Anirudh Solanki,,21241,0.83,fuzzy_name_district
2992,Max Ahuja,,21244,0.88,fuzzy_name_district
2993,Liam Suresh,,21250,0.97,fuzzy_name_district
2994,Dev Sharma,,21259,0.98,fuzzy_name_district
2995,Andrew Joshi,,21264,0.93,fuzzy_name_district
2996,Akshay Sarna,,21272,0.97,fuzzy_name_district
2997,Aryan Wable,,"21273,21965",0.96,fuzzy_name_district
2998,Harsh Ravi,,21277,0.98,fuzzy_name_district
2999,Isaac Tiwari,,21278,0.89,fuzzy_name_district
3000,Aishani Chaudry,,21285,0.98,fuzzy_name_district
3001,Upkaar Murty,,21312,0.85,fuzzy_name_district
3002,Darpan Gade,,21317,0.87,fuzzy_name_district
3003,Jagdish Dada,,21327,0.98,fuzzy_name_district
3004,Owen Oza,,21329,0.95,fuzzy_name_district
3005,Odika Tak,,21340,0.88,fuzzy_name_district
3006,Ekaraj Bath,,21343,0.95,fuzzy_name_district
3007,Nidra Tara,,21349,0.89,fuzzy_name_district
3008,Chandran Kapoor,,21350,0.99,fuzzy_name_district
3009,Zayyan Ben,,21357,0.83,fuzzy_name_district
3010,Jeremiah Basu,,21378,0.99,fuzzy_name_district
3011,Manbir Rama,,21380,0.95,fuzzy_name_district
3012,Shaurya Grewal,,21393,0.98,fuzzy_name_district
3013,Faras Ganguly,,21395,0.89,fuzzy_name_district
3014,Kritika Singhal,,21398,0.91,fuzzy_name_district
3015,Jagat Sathe,,21401,0.84,fuzzy_name_district
3016,Yachana Batra,,"21403,24661",0.85,fuzzy_name_district
3017,Arin Pandey,,21415,0.86,fuzzy_name_district
3018,Zilmil Suri,,21419,0.83,fuzzy_name_district
3019,Yatan Bhatia,,21423,0.9,fuzzy_name_district
3020,Champak Dugar,,21433,0.96,fuzzy_name_district
3021,Pratyush Garg,,21442,0.97,fuzzy_name_district
3022,Chandran Solanki,,21451,0.86,fuzzy_name_district
3023,Jatin Solanki,,21455,0.83,fuzzy_name_district
3024,Anusha Kalita,,21484,0.85,fuzzy_name_district
3025,Qasim Kala,,21489,0.93,fuzzy_name_district
3026,Ekavir Sundaram,,21515,0.83,fuzzy_name_district
3027,Ayaan Gulati,,21531,0.93,fuzzy_name_district
3028,Onkar Sampath,,21540,0.88,fuzzy_name_district
3029,Ojas Shankar,,21547,0.88,fuzzy_name_district
3030,Ekapad Chander,,"21556,21760",0.86,fuzzy_name_district
3031,Abdul Oommen,,21557,0.89,fuzzy_name_district
3032,Jack Samra,,21567,0.94,fuzzy_name_district
3033,Gaurang Dass,,21572,0.99,fuzzy_name_district
3034,Anmol Halder,,21577,0.86,fuzzy_name_district
3035,Ronith Vohra,,21606,0.9,fuzzy_name_district
3036,Onkar Gera,,21611,0.93,fuzzy_name_district
3037,Wazir Murty,,21612,0.97,fuzzy_name_district
3038,Zayan Divan,,21615,0.93,fuzzy_name_district
3039,Advay Patil,,21621,0.97,fuzzy_name_district
3040,Udarsh Suri,,21626,0.87,fuzzy_name_district
3041,Faras Solanki,,21629,0.9,fuzzy_name_district
3042,Anmol Naidu,,21637,0.86,fuzzy_name_district
3043,Liam Kothari,,21643,0.87,fuzzy_name_district
3044,Tanveer Nagi,,21668,0.82,fuzzy_name_district
3045,Samar Chacko,,21670,0.93,fuzzy_name_district
3046,Kabir Chaudhuri,,21679,0.85,fuzzy_name_district
3047,Champak Deo,,21702,0.99,fuzzy_name_district
3048,Krish Suri,,21705,0.89,fuzzy_name_district
3049,Gaurang Mitter,,21726,0.95,fuzzy_name_district
3050,Bakhshi Ratta,,21729,0.9,fuzzy_name_district
3051,Vivaan Muni,,21744,0.84,fuzzy_name_district
3052,Simon Maharaj,,21746,0.88,fuzzy_name_district
3053,Champak Batra,,21747,0.92,fuzzy_name_district
3054,Daniel Sharaf,,21748,0.95,fuzzy_name_district
3055,Wridesh Shukla,,21755,0.85,fuzzy_name_district
3056,Joshua Yogi,,21758,0.98,fuzzy_name_district
3057,Dev Minhas,,21761,0.9,fuzzy_name_district
3058,Chatresh Agarwal,,21771,0.93,fuzzy_name_district
3059,Luke Kamdar,,21780,0.97,fuzzy_name_district
3060,Ranbir Shankar,,21790,0.92,fuzzy_name_district
3061,Samuel Tiwari,,21796,0.92,fuzzy_name_district
3062,Rohan Dugal,,21806,0.88,fuzzy_name_district
3063,Gaurav Saxena,,21835,0.96,fuzzy_name_district
3064,Xavier Goswami,,21837,0.94,fuzzy_name_district
3065,Bakhshi Sur,,21849,0.87,fuzzy_name_district
3066,Chandresh Sehgal,,"21854,24128",0.93,fuzzy_name_district
3067,Megha Karan,,"21865,22889",0.92,fuzzy_name_district
3068,Ubika Kibe,,21867,0.9,fuzzy_name_district
3069,Isaac Devi,,21868,0.91,fuzzy_name_district
3070,Simon Kapoor,,21874,0.85,fuzzy_name_district
3071,Girish Master,,21919,0.94,fuzzy_name_district
3072,Omya Talwar,,21937,0.97,fuzzy_name_district
3073,Dev Krishna,,21946,0.96,fuzzy_name_district
3074,Michael Mani,,"21980,23532",0.99,fuzzy_name_district
3075,Banjeet Dhingra,,21981,0.96,fuzzy_name_district
3076,Girik Raju,,21999,0.83,fuzzy_name_district
3077,Kamya Nanda,,22011,0.97,fuzzy_name_district
3078,Indali Bhatt,,22019,0.93,fuzzy_name_district
3079,Warda Koshy,,22032,0.88,fuzzy_name_district
3080,Chatura Tata,,22039,0.86,fuzzy_name_district
3081,Abhimanyu Radhakrishnan,,22041,0.88,fuzzy_name_district
3082,Isaiah Sarma,,22046,0.99,fuzzy_name_district
3083,Hamsini Sem,,22050,0.91,fuzzy_name_district
3084,Pooja Swamy,,22053,0.94,fuzzy_name_district
3085,Ishwar Sidhu,,22065,0.93,fuzzy_name_district
3086,Mason Char,,22068,0.9,fuzzy_name_district
3087,Quincy Ben,,22079,0.89,fuzzy_name_district
3088,Nitesh Palan,,22089,0.82,fuzzy_name_district
3089,Ekapad Saraf,,22094,0.89,fuzzy_name_district
3090,Aarna Sharma,,22097,0.87,fuzzy_name_district
3091,Oscar Gera,,22098,0.87,fuzzy_name_district
3092,Vivaan Sarna,,22099,0.96,fuzzy_name_district
3093,Ryan Nigam,,22125,0.84,fuzzy_name_district
3094,Hritik Ghosh,,22134,0.94,fuzzy_name_district
3095,Wazir Dua,,22136,0.95,fuzzy_name_district
3096,Lakshit Dutta,,22139,0.92,fuzzy_name_district
3097,Kiaan Varughese,,22145,0.98,fuzzy_name_district
3098,Ojas Natt,,22156,0.99,fuzzy_name_district
3099,Henry Barad,,22172,0.97,fuzzy_name_district
3100,Ishani Bhasin,,22179,0.94,fuzzy_name_district
3101,Theodore Padmanabhan,,22184,0.85,fuzzy_name_district
3102,Rajata Bassi,,22188,0.89,fuzzy_name_district
3103,Om Bhandari,,22191,0.96,fuzzy_name_district
3104,Osha Dhawan,,22192,0.91,fuzzy_name_district
3105,Balendra Mannan,,22193,0.85,fuzzy_name_district
3106,Kai Bhargava,,22203,0.86,fuzzy_name_district
3107,Girik Majumdar,,22222,0.89,fuzzy_name_district
3108,Atharv Dhillon,,22231,0.93,fuzzy_name_district
3109,Harsh Chauhan,,22233,0.9,fuzzy_name_district
3110,Arjun Arya,,22234,0.94,fuzzy_name_district
3111,Wriddhish Basak,,22237,0.83,fuzzy_name_district
3112,Wyatt Sachdeva,,22242,0.98,fuzzy_name_district
3113,Bahadurjit D’Alia,,22245,0.98,fuzzy_name_district
3114,Tarak Hari,,22253,0.96,fuzzy_name_district
3115,Omkaar Parikh,,22260,0.93,fuzzy_name_district
3116,Fiyaz Parmar,,22264,0.96,fuzzy_name_district
3117,Praneel Shenoy,,22270,0.82,fuzzy_name_district
3118,Simon Bhatt,,22277,0.83,fuzzy_name_district
3119,Thomas Morar,,22281,0.94,fuzzy_name_district
3120,Pooja Kara,,22299,0.83,fuzzy_name_district
3121,Vanya Butala,,22308,0.94,fuzzy_name_district
3122,Frederick Singhal,,22312,0.85,fuzzy_name_district
3123,Wazir Dube,,22316,0.97,fuzzy_name_district
3124,Gaurav Bumb,,22317,0.91,fuzzy_name_district
3125,Udarsh Koshy,,22329,0.92,fuzzy_name_district
3126,Oscar Raman,,22340,0.82,fuzzy_name_district
3127,Aditya Dua,,22352,0.92,fuzzy_name_district
3128,Krishna Biswas,,22367,0.86,fuzzy_name_district
3129,Arya Vasa,,22385,0.88,fuzzy_name_district
3130,Darpan Kamdar,,22386,0.85,fuzzy_name_district
3131,Max Bera,,22389,0.87,fuzzy_name_district
3132,Patrick Kala,,22393,0.95,fuzzy_name_district
3133,Idika Khare,,22411,0.91,fuzzy_name_district
3134,Jairaj Ramaswamy,,22420,0.91,fuzzy_name_district
3135,Chakradhar Khalsa,,22423,0.84,fuzzy_name_district
3136,Finn Naidu,,22431,0.9,fuzzy_name_district
3137,Abdul Patla,,22435,0.96,fuzzy_name_district
3138,Ayush Bhatti,,22462,0.96,fuzzy_name_district
3139,Praneel D’Alia,,22468,0.98,fuzzy_name_district
3140,Mohammed Prabhakar,,22474,0.92,fuzzy_name_district
3141,Samesh Kannan,,22484,0.9,fuzzy_name_district
3142,Ronith Khosla,,22486,0.91,fuzzy_name_district
3143,Oliver Varma,,22488,0.87,fuzzy_name_district
3144,Tanay Natt,,22492,0.88,fuzzy_name_district
3145,Luke Narayanan,,22495,0.88,fuzzy_name_district
3146,Chanchal Parmer,,22500,0.96,fuzzy_name_district
3147,Wazir Kumer,,22503,0.94,fuzzy_name_district
3148,Hritik Dhaliwal,,22508,0.97,fuzzy_name_district
3149,Krishna Gour,,22510,0.84,fuzzy_name_district
3150,Wyatt Rama,,22512,0.83,fuzzy_name_district
3151,Om Sur,,"22520,24315",0.95,fuzzy_name_district
3152,Fariq Vala,,22524,0.88,fuzzy_name_district
3153,Aayush Bose,,22533,0.97,fuzzy_name_district
3154,Arjun Rajagopalan,,22550,0.94,fuzzy_name_district
3155,Jacob Chaudhuri,,"22553,23527",0.83,fuzzy_name_district
3156,Ronith Tiwari,,22566,0.98,fuzzy_name_district
3157,Amara Buch,,"22581,23489",0.84,fuzzy_name_district
3158,Balhaar Issac,,22622,0.93,fuzzy_name_district
3159,Xavier Sagar,,22624,0.92,fuzzy_name_district
3160,Kai Chada,,22636,0.88,fuzzy_name_district
3161,Saksham Sahota,,22652,0.9,fuzzy_name_district
3162,Dhruv Dayal,,22663,0.98,fuzzy_name_district
3163,Jagrati Nadig,,22664,0.91,fuzzy_name_district
3164,Isaiah Sunder,,22668,0.93,fuzzy_name_district
3165,Mitesh Kala,,22678,0.94,fuzzy_name_district
3166,Yash Ray,,22683,0.96,fuzzy_name_district
3167,Tanay Upadhyay,,22685,0.88,fuzzy_name_district
3168,Raghav Prabhu,,22701,0.96,fuzzy_name_district
3169,Luke Dube,,22704,0.89,fuzzy_name_district
3170,Balveer Bhagat,,22727,0.85,fuzzy_name_district
3171,Ayush Narain,,22742,0.89,fuzzy_name_district
3172,Harsh Ganguly,,22748,0.84,fuzzy_name_district
3173,Ayushman Badami,,22749,0.94,fuzzy_name_district
3174,Harrison Kohli,,22757,0.9,fuzzy_name_district
3175,Rishi Kala,,22767,0.96,fuzzy_name_district
3176,Samarth Aurora,,22768,0.98,fuzzy_name_district
3177,Aahana Tripathi,,22773,0.9,fuzzy_name_district
3178,Janya Dalal,,22793,0.83,fuzzy_name_district
3179,Rayaan Rama,,22801,0.96,fuzzy_name_district
3180,Dhruv Kurian,,22813,0.96,fuzzy_name_district
3181,Kevin Soni,,22833,0.92,fuzzy_name_district
3182,Nathan Grover,,22835,0.97,fuzzy_name_district
3183,Oscar Ganesan,,"22842,23792",0.86,fuzzy_name_district
3184,Henry Cheema,,22843,0.86,fuzzy_name_district
3185,Ranveer Baral,,22846,0.84,fuzzy_name_district
3186,Janani Boase,,22847,0.83,fuzzy_name_district
3187,Amol Prabhu,,"22873,23541",0.99,fuzzy_name_district
3188,Theodore Bera,,22884,0.96,fuzzy_name_district
3189,Orinder Misra,,22901,0.86,fuzzy_name_district
3190,Tarak Memon,,22907,0.91,fuzzy_name_district
3191,Yutika Raja,,22931,0.9,fuzzy_name_district
3192,Sathvik Pandit,,22934,0.94,fuzzy_name_district
3193,Frederick Wason,,22939,0.94,fuzzy_name_district
3194,Tanveer Suresh,,22949,0.99,fuzzy_name_district
3195,Krish Sarkar,,22953,0.88,fuzzy_name_district
3196,Rehaan Sule,,22956,0.91,fuzzy_name_district
3197,Logan Kant,,22961,0.85,fuzzy_name_district
3198,Harsh Choudhury,,22964,0.94,fuzzy_name_district
3199,Ekaraj Kata,,22967,0.84,fuzzy_name_district
3200,Zinal Shanker,,22992,0.92,fuzzy_name_district
3201,Girish Merchant,,22994,0.92,fuzzy_name_district
3202,Jackson Gola,,"22996,23553",0.85,fuzzy_name_district
3203,Chakradev Ghose,,22997,0.96,fuzzy_name_district
3204,Jonathan Karnik,,23013,0.98,fuzzy_name_district
3205,Dakshesh Behl,,23025,0.87,fuzzy_name_district
3206,Gavin Das,,23028,0.86,fuzzy_name_district
3207,Nicholas Bera,,23039,0.98,fuzzy_name_district
3208,Anmol Nagar,,23041,0.88,fuzzy_name_district
3209,Anusha Venkataraman,,23042,0.98,fuzzy_name_district
3210,Gunbir Bala,,23046,0.97,fuzzy_name_district
3211,Zashil Wali,,23053,0.89,fuzzy_name_district
3212,Tejas Ray,,23055,0.91,fuzzy_name_district
3213,Kashvi Roy,,23059,0.86,fuzzy_name_district
3214,Abhimanyu Halder,,23074,0.84,fuzzy_name_district
3215,Devansh Chaudry,,23077,0.98,fuzzy_name_district
3216,Aditya Thaman,,23089,0.82,fuzzy_name_district
3217,Gabriel Dua,,23093,0.84,fuzzy_name_district
3218,Jonathan Kanda,,23108,0.83,fuzzy_name_district
3219,Farhan Tandon,,"23109,23650",0.94,fuzzy_name_district
3220,Jhalak Rana,,23122,0.94,fuzzy_name_district
3221,Hitesh Kumar,,23126,0.93,fuzzy_name_district
3222,Sara Lal,,23130,0.89,fuzzy_name_district
3223,Gautam Mangal,,23167,0.85,fuzzy_name_district
3224,Isaiah Gokhale,,23168,0.99,fuzzy_name_district
3225,Onveer Mukherjee,,23172,0.96,fuzzy_name_district
3226,Logan Gola,,23173,0.97,fuzzy_name_district
3227,Ekavir Bakshi,,23176,0.96,fuzzy_name_district
3228,Wriddhish Borra,,23181,0.89,fuzzy_name_district
3229,Vincent Venkataraman,,23184,0.99,fuzzy_name_district
3230,Orinder Mangal,,23191,0.84,fuzzy_name_district
3231,Lohit Munshi,,23195,0.95,fuzzy_name_district
3232,Zashil Ravi,,23198,0.94,fuzzy_name_district
3233,Hitesh Krishnamurthy,,23204,0.93,fuzzy_name_district
3234,Ekaja Agate,,23205,0.88,fuzzy_name_district
3235,Avi Wason,,23212,0.85,fuzzy_name_district
3236,Naveen Sha,,23220,0.87,fuzzy_name_district
3237,Fitan Aurora,,23224,0.98,fuzzy_name_district
3238,Irya Agrawal,,23230,0.98,fuzzy_name_district
3239,Triya Shukla,,23239,0.86,fuzzy_name_district
3240,Daniel Nanda,,23240,0.93,fuzzy_name_district
3241,Shaurya Kanda,,23247,0.96,fuzzy_name_district
3242,Ekapad Kaul,,23261,0.86,fuzzy_name_district
3243,Gaurav Suri,,23262,0.88,fuzzy_name_district
3244,Naveen Kaul,,23266,0.9,fuzzy_name_district
3245,Sarthak Yohannan,,23269,0.89,fuzzy_name_district
3246,Teerth Narasimhan,,23272,0.91,fuzzy_name_district
3247,Girik Bedi,,23273,0.86,fuzzy_name_district
3248,Gopal Ghose,,23275,0.92,fuzzy_name_district
3249,Yash Walla,,23280,0.99,fuzzy_name_district
3250,Imaran Kaur,,23284,0.86,fuzzy_name_district
3251,Ansh Bakshi,,23287,0.9,fuzzy_name_district
3252,Alexander Barad,,23310,0.83,fuzzy_name_district
3253,Anay Karnik,,23315,0.87,fuzzy_name_district
3254,Aarnav Raja,,23319,0.95,fuzzy_name_district
3255,Azaan Gupta,,23323,0.83,fuzzy_name_district
3256,Aryan Mandal,,23336,0.82,fuzzy_name_district
3257,Bakhshi Devan,,23338,0.85,fuzzy_name_district
3258,Manan Chopra,,23346,0.94,fuzzy_name_district
3259,Shaurya Gala,,23353,0.97,fuzzy_name_district
3260,Tanmayi Mane,,23359,0.86,fuzzy_name_district
3261,Harshil Srivastava,,23365,0.98,fuzzy_name_district
3262,Harish Viswanathan,,23366,0.86,fuzzy_name_district
3263,Balendra Borah,,23368,0.96,fuzzy_name_district
3264,Banjeet Lalla,,23374,0.89,fuzzy_name_district
3265,Ekbal Sarraf,,23382,0.9,fuzzy_name_district
3266,Karan Mahal,,23383,0.86,fuzzy_name_district
3267,Chatura Sharaf,,23406,0.86,fuzzy_name_district
3268,Baljiwan Dugar,,"23420,24212",0.89,fuzzy_name_district
3269,Garima Agrawal,,23438,0.95,fuzzy_name_district
3270,Karan Mani,,23439,0.9,fuzzy_name_district
3271,Zayan Bhardwaj,,23444,0.96,fuzzy_name_district
3272,Tristan Mandal,,23445,0.84,fuzzy_name_district
3273,Dev Mani,,23450,0.85,fuzzy_name_district
3274,Mitali Kamdar,,23455,0.9,fuzzy_name_district
3275,Chanakya Nath,,23457,0.97,fuzzy_name_district
3276,Darika Pau,,23467,0.98,fuzzy_name_district
3277,Ira Sidhu,,23469,0.99,fuzzy_name_district
3278,Krish Hora,,23473,0.9,fuzzy_name_district
3279,Manbir Kala,,23475,0.94,fuzzy_name_district
3280,Fariq Swamy,,23508,0.93,fuzzy_name_district
3281,Gaurang Shah,,23521,0.91,fuzzy_name_district
3282,Wahab Dhingra,,23556,0.92,fuzzy_name_district
3283,Aadhya Sant,,23567,0.84,fuzzy_name_district
3284,Onveer Deshmukh,,23577,0.97,fuzzy_name_district
3285,Shravya Mohan,,23585,0.98,fuzzy_name_district
3286,Abeer Sandhu,,23587,0.89,fuzzy_name_district
3287,Aarav Batra,,23590,0.95,fuzzy_name_district
3288,Advik Bains,,23604,0.99,fuzzy_name_district
3289,Charles Suresh,,23611,0.98,fuzzy_name_district
3290,Samesh Dyal,,23621,0.95,fuzzy_name_district
3291,Om Kapoor,,23626,0.82,fuzzy_name_district
3292,Mitesh Narula,,23628,0.94,fuzzy_name_district
3293,Vamakshi Nagar,,23630,0.95,fuzzy_name_district
3294,Aarnav Bajaj,,23634,0.93,fuzzy_name_district
3295,Udarsh Bhatnagar,,23661,0.85,fuzzy_name_district
3296,Mitesh Narayanan,,23664,0.82,fuzzy_name_district
3297,Samuel Jain,,23665,0.83,fuzzy_name_district
3298,Rishi Deo,,23680,0.9,fuzzy_name_district
3299,Utkarsh Sekhon,,23685,0.92,fuzzy_name_district
3300,Forum Ghosh,,23689,0.92,fuzzy_name_district
3301,Jatin Pall,,23696,0.88,fuzzy_name_district
3302,Girik Thakkar,,23700,0.97,fuzzy_name_district
3303,Aayush Sandal,,23707,0.9,fuzzy_name_district
3304,Bachittar Bhardwaj,,23710,0.89,fuzzy_name_district
3305,Hemani Trivedi,,23714,0.98,fuzzy_name_district
3306,Rudra Tara,,23727,0.96,fuzzy_name_district
3307,Charita Borde,,23740,0.85,fuzzy_name_district
3308,Yauvani Sahni,,23756,0.88,fuzzy_name_district
3309,Raghav Balan,,23758,0.82,fuzzy_name_district
3310,Simon Pathak,,23765,0.87,fuzzy_name_district
3311,Bakhshi Baria,,23768,0.98,fuzzy_name_district
3312,Frederick Joshi,,23778,0.89,fuzzy_name_district
3313,Hredhaan Rai,,23780,0.83,fuzzy_name_district
3314,Zashil Gopal,,23781,0.91,fuzzy_name_district
3315,Frederick Mangal,,23785,0.86,fuzzy_name_district
3316,Maanav Roy,,23796,0.83,fuzzy_name_district
3317,Vasana Sridhar,,23800,0.94,fuzzy_name_district
3318,Devansh Kapadia,,23820,0.94,fuzzy_name_district
3319,Amol Narang,,23821,0.9,fuzzy_name_district
3320,Gunbir Sheth,,23831,0.85,fuzzy_name_district
3321,Nakul Bera,,23832,0.85,fuzzy_name_district
3322,Frederick Hayer,,23835,0.98,fuzzy_name_district
3323,Nathaniel Sant,,23864,0.94,fuzzy_name_district
3324,Zaid Krishnan,,23867,0.94,fuzzy_name_district
3325,Zashil Dhar,,23882,0.93,fuzzy_name_district
3326,Amol Varma,,23883,0.85,fuzzy_name_district
3327,Nilima Dutta,,23891,0.92,fuzzy_name_district
3328,Wyatt Kale,,23896,0.96,fuzzy_name_district
3329,Reyansh Panchal,,23904,0.89,fuzzy_name_district
3330,Harshil Kibe,,23907,0.93,fuzzy_name_district
3331,Hredhaan Prashad,,23908,0.91,fuzzy_name_district
3332,Parth Lala,,23909,0.85,fuzzy_name_district
3333,Timothy Varughese,,23911,0.97,fuzzy_name_district
3334,Harsh Setty,,23919,0.86,fuzzy_name_district
3335,Janani Jayaraman,,23920,0.83,fuzzy_name_district
3336,Chakradhar Dugar,,23928,0.89,fuzzy_name_district
3337,Aayush Hans,,23939,0.93,fuzzy_name_district
3338,Bhanumati Wason,,23941,0.93,fuzzy_name_district
3339,Jagat Magar,,23943,0.98,fuzzy_name_district
3340,Advaith Bhagat,,23945,0.85,fuzzy_name_district
3341,Krish Puri,,23955,0.89,fuzzy_name_district
3342,Mohammed Upadhyay,,23963,0.91,fuzzy_name_district
3343,Rachita Walia,,23970,0.86,fuzzy_name_district
3344,Hredhaan Sane,,23977,0.82,fuzzy_name_district
3345,Ojas Bansal,,"23978,24080",0.92,fuzzy_name_district
3346,Avi Bhagat,,23980,0.86,fuzzy_name_district
3347,Darika Uppal,,23984,0.95,fuzzy_name_district
3348,Laban Tella,,23986,0.99,fuzzy_name_district
3349,Nilima Lanka,,23995,0.91,fuzzy_name_district
3350,Mitesh Ratta,,23999,0.98,fuzzy_name_district
3351,Urvi Grover,,24004,0.84,fuzzy_name_district
3352,Krishna Nadig,,24014,0.82,fuzzy_name_district
3353,Charles Bahri,,24023,0.98,fuzzy_name_district
3354,Gagan Behl,,24025,0.9,fuzzy_name_district
3355,Advaith Swaminathan,,24031,0.83,fuzzy_name_district
3356,Onveer Pal,,24036,0.99,fuzzy_name_district
3357,Abdul Bhatt,,24046,0.94,fuzzy_name_district
3358,Nicholas Mitter,,24047,0.86,fuzzy_name_district
3359,Vrinda Goyal,,24049,0.95,fuzzy_name_district
3360,Omya Toor,,24059,0.93,fuzzy_name_district
3361,Amol Goel,,24078,0.86,fuzzy_name_district
3362,Sathvik Sood,,24083,0.96,fuzzy_name_district
3363,Vanya Vala,,24123,0.99,fuzzy_name_district
3364,Gabriel Das,,24131,0.93,fuzzy_name_district
3365,Jack Lall,,24142,0.91,fuzzy_name_district
3366,Qasim Oza,,24143,0.84,fuzzy_name_district
3367,Ishaan Raj,,24146,0.93,fuzzy_name_district
3368,Chatresh Oommen,,24150,0.88,fuzzy_name_district
3369,Logan Chada,,24158,0.97,fuzzy_name_district
3370,Joshua Pau,,"24160,24324",0.84,fuzzy_name_district
3371,Agastya Patla,,24162,0.95,fuzzy_name_district
3372,Shaurya Mannan,,24166,0.97,fuzzy_name_district
3373,Gunbir Manne,,24169,0.97,fuzzy_name_district
3374,Mitesh Padmanabhan,,24179,0.97,fuzzy_name_district
3375,Reyansh Cheema,,24201,0.94,fuzzy_name_district
3376,Tarak Zachariah,,24205,0.92,fuzzy_name_district
3377,Vincent Raghavan,,24209,0.92,fuzzy_name_district
3378,Samarth Kota,,24214,0.86,fuzzy_name_district
3379,Raghav Dugar,,24220,0.96,fuzzy_name_district
3380,Upkaar Narula,,24223,0.84,fuzzy_name_district
3381,David Bhattacharyya,,24224,0.97,fuzzy_name_district
3382,Pranit Keer,,24228,0.99,fuzzy_name_district
3383,Azad Arora,,24235,0.96,fuzzy_name_district
3384,Ansh Ganesan,,24236,0.83,fuzzy_name_district
3385,Jeremiah Mitter,,24248,0.88,fuzzy_name_district
3386,Vedant Ratta,,24251,0.92,fuzzy_name_district
3387,Tarak Natt,,24257,0.96,fuzzy_name_district
3388,Jagdish Dyal,,24258,0.88,fuzzy_name_district
3389,Jagat Ramesh,,24259,0.92,fuzzy_name_district
3390,Chandresh Pai,,24260,0.91,fuzzy_name_district
3391,Garima Rajan,,24262,0.82,fuzzy_name_district
3392,Advaith Mandal,,24270,0.95,fuzzy_name_district
3393,Nathaniel Tailor,,24271,0.91,fuzzy_name_district
3394,Fariq Kara,,24273,0.84,fuzzy_name_district
3395,Triya Palla,,24275,0.93,fuzzy_name_district
3396,Rishi Khatri,,24278,0.91,fuzzy_name_district
3397,Anika Suri,,24287,0.88,fuzzy_name_district
3398,Advaith Raval,,24301,0.91,fuzzy_name_district
3399,Jonathan Lata,,24312,0.91,fuzzy_name_district
3400,Chanakya Pall,,24317,0.97,fuzzy_name_district
3401,Quincy Sen,,24323,0.88,fuzzy_name_district
3402,Robert Dada,,24325,0.94,fuzzy_name_district
3403,Victor Bath,,24327,0.86,fuzzy_name_district
3404,Udarsh Behl,,24328,0.91,fuzzy_name_district
3405,Qarin Soman,,24332,0.89,fuzzy_name_district
3406,Banjeet Gill,,"24333,24350",0.91,fuzzy_name_district
3407,Hitesh Kala,,24338,0.86,fuzzy_name_district
3408,Jonathan Sagar,,24341,0.84,fuzzy_name_district
3409,Vedant Verma,,24343,0.9,fuzzy_name_district
3410,Janaki Shah,,24346,0.93,fuzzy_name_district
3411,Hemani Ravel,,24358,0.82,fuzzy_name_district
3412,Jhalak Narayanan,,24360,0.82,fuzzy_name_district
3413,Hredhaan Narayan,,24362,0.86,fuzzy_name_district
3414,Simon Bali,,24364,0.96,fuzzy_name_district
3415,Alexander Panchal,,24365,0.84,fuzzy_name_district
3416,Girish Nagarajan,,24369,0.96,fuzzy_name_district
3417,Chatura Jain,,24375,0.98,fuzzy_name_district
3418,Aarna Dugar,,24376,0.89,fuzzy_name_district
3419,Isha Sharma,,24385,0.97,fuzzy_name_district
3420,Fiyaz Mand,,24386,0.88,fuzzy_name_district
3421,Zaid Kumer,,24409,0.94,fuzzy_name_district
3422,Manthan Ahuja,,24433,0.91,fuzzy_name_district
3423,Quincy Mallick,,24442,0.88,fuzzy_name_district
3424,Nicholas Brahmbhatt,,24447,0.95,fuzzy_name_district
3425,Kiaan Grewal,,24455,0.85,fuzzy_name_district
3426,Ikbal Bail,,24459,0.84,fuzzy_name_district
3427,Samaksh Vaidya,,24464,0.82,fuzzy_name_district
3428,Vamakshi Talwar,,24470,0.91,fuzzy_name_district
3429,Ayushman Karnik,,24473,0.93,fuzzy_name_district
3430,Ekalinga Ganesan,,24487,0.95,fuzzy_name_district
3431,Anjali Boase,,24491,0.99,fuzzy_name_district
3432,Hemani Varghese,,24493,0.82,fuzzy_name_district
3433,Vedant Karpe,,24507,0.97,fuzzy_name_district
3434,Ishita Dara,,24515,0.91,fuzzy_name_district
3435,Theodore Chad,,24518,0.84,fuzzy_name_district
3436,Peter Sahni,,24519,0.96,fuzzy_name_district
3437,Manya Mitra,,24526,0.83,fuzzy_name_district
3438,Kevin Badal,,24529,0.84,fuzzy_name_district
3439,Anthony Menon,,24530,0.95,fuzzy_name_district
3440,Lohit Munshi,,24552,0.96,fuzzy_name_district
3441,William Dixit,,24569,0.95,fuzzy_name_district
3442,Ekapad Tak,,24576,0.88,fuzzy_name_district
3443,Raksha Chacko,,24577,0.82,fuzzy_name_district
3444,Gaurang Chacko,,24594,0.97,fuzzy_name_district
3445,Fitan Dar,,24595,0.85,fuzzy_name_district
3446,Gaurangi Krishna,,24597,0.93,fuzzy_name_district
3447,Triya Kale,,24598,0.84,fuzzy_name_district
3448,Shivani Iyengar,,24600,0.93,fuzzy_name_district
3449,Harrison Seshadri,,24618,0.85,fuzzy_name_district
3450,Aarush Dani,,24624,0.92,fuzzy_name_district
3451,Advaith Dora,,24626,0.93,fuzzy_name_district
3452,Aarush Banik,,24628,0.95,fuzzy_name_district
3453,Nimrat Nagar,,24633,0.88,fuzzy_name_district
3454,Gauri Chaudhari,,24638,0.87,fuzzy_name_district
3455,Daksh Chana,,24647,0.92,fuzzy_name_district
3456,Pranav Samra,,24652,0.93,fuzzy_name_district
3457,Rushil Prabhakar,,24662,0.94,fuzzy_name_district
3458,Wriddhish Khare,,24681,0.87,fuzzy_name_district
3459,Nikita Morar,,24698,0.89,fuzzy_name_district
3460,Finn Sama,,24705,0.93,fuzzy_name_district
3461,Farhan Chaudhry,,24711,0.94,fuzzy_name_district
3462,Ayaan Walla,,24716,0.94,fuzzy_name_district
3463,Aarav Bhat,,24722,0.84,fuzzy_name_district
3464,Michael Zachariah,,24723,0.9,fuzzy_name_district
3465,Gautam Behl,,24746,0.94,fuzzy_name_district
3466,Henry Loke,,24762,0.84,fuzzy_name_district
3467,Siddharth Seshadri,,24771,0.94,fuzzy_name_district
3468,Kevin Chakraborty,,24786,0.85,fuzzy_name_district
3469,Benjamin Manne,,24800,0.9,fuzzy_name_district
3470,Timothy Mitter,,24805,0.85,fuzzy_name_district
