AccusedMasterID,CaseMasterID,AccusedName,AgeYear,GenderID,PersonID
1,1,Isaiah Jhaveri,23,M,A1
2,1,Samarth Varghese,36,M,A2
3,1,Aayush Som,26,M,A3
4,2,Priya Sharaf,44,F,A1
5,3,Wridesh Bhatt,23,M,A1
6,3,Lakshit Nair,31,M,A2
7,4,Ekaraj Bal,27,M,A1
8,4,Manbir Lad,18,M,A2
9,4,Samaksh Rama,35,M,A3
10,5,Praneel Tripathi,42,M,A1
11,5,Harinakshi Golla,32,F,A2
12,5,Chanakya Sinha,34,M,A3
13,6,Peter Kapoor,31,M,A1
14,6,Ucchal Narula,24,F,A2
15,6,Kalpit Menon,33,M,A3
16,6,Daniel Singhal,36,M,A4
17,7,Rayaan Wagle,41,M,A1
18,7,Samuel Bhagat,27,M,A2
19,8,Banjeet Sura,27,M,A1
20,9,Laksh Kadakia,35,M,A1
21,9,Fariq Suri,31,M,A2
22,9,Dhruv Saraf,41,M,A3
23,10,Rachit Atwal,47,M,A1
24,11,Ekaraj Bal,26,M,A1
25,11,Dalaja Rajagopal,39,F,A2
26,11,Fiyaz Bhattacharyya,33,M,A3
27,11,Manthan Mannan,25,M,A4
28,12,Girindra Gala,26,M,A1
29,12,Adya Kari,28,F,A2
30,13,Raghav Kumer,43,M,A1
31,14,David Krishnan,24,M,A1
32,14,Faraj Jha,27,M,A2
33,14,Matthew Salvi,23,M,A3
34,14,Krishna Devan,28,M,A4
35,15,Hardik Iyengar,38,M,A1
36,16,Anmol Taneja,33,M,A1
37,16,Wridesh Narayanan,30,M,A2
38,16,Aarav Arya,41,M,A3
39,16,Dayamai Tak,41,F,A4
40,17,Chandresh Ghosh,35,M,A1
41,17,Maanav Parsa,26,M,A2
42,18,Ekapad Garde,25,M,A1
43,19,Vedant Magar,37,M,A1
44,19,Ekapad Garde,25,M,A2
45,19,William Sama,47,M,A3
46,19,Daksh Deo,42,M,A4
47,20,Gautam Raghavan,21,M,A1
48,21,Azad Lal,33,M,A1
49,21,Abeer Vohra,44,M,A2
50,21,Omkaar Venkataraman,29,M,A3
51,21,Upma Kothari,21,F,A4
52,22,Farhan Tiwari,27,M,A1
53,22,Yug Gandhi,24,M,A2
54,22,Yatan Nagi,24,M,A3
55,23,Balveer Sharaf,19,M,A1
56,23,Udarsh Chakrabarti,20,M,A2
57,24,Charan Raval,33,M,A1
58,24,Andrew Acharya,34,M,A2
59,25,Isaac Sha,41,M,A1
60,26,Peter Manne,31,M,A1
61,26,Chatresh Bath,31,M,A2
62,26,Yatin Dey,42,M,A3
63,27,Dipta Ramaswamy,35,F,A1
64,28,Ekapad Garde,22,M,A1
65,28,Zaid Agrawal,38,M,A2
66,28,Tarak Subramanian,22,M,A3
67,29,Yashawini Rajagopalan,25,F,A1
68,29,Jeet Mahal,40,M,A2
69,29,Onveer Menon,34,M,A3
70,29,Ekalinga Devi,48,M,A4
71,30,Orinder Deo,26,M,A1
72,31,Udyati Arya,23,F,A1
73,32,Luke Krishna,27,M,A1
74,32,Azaan Merchant,33,M,A2
75,32,William Sama,47,M,A3
76,32,Amol Parmer,29,M,A4
77,33,Maanas Batta,43,M,A1
78,33,Sara Saha,24,F,A2
79,33,Avi Arya,29,M,A3
80,34,Gunbir Menon,24,M,A1
81,35,Liam Lalla,20,M,A1
82,35,Faris Kumer,31,M,A2
83,35,Noah Shukla,20,M,A3
84,35,Anmol Dube,22,M,A4
85,36,Nathan Vora,27,M,A1
86,36,Hiral Verma,21,F,A2
87,36,Zayyan Dutta,36,M,A3
88,36,Tamanna Chanda,24,F,A4
89,37,Aarna Contractor,42,F,A1
90,37,Udant Khosla,45,M,A2
91,37,Anusha Nagi,28,F,A3
92,37,Dakshesh Raju,37,M,A4
93,38,Yagnesh Bassi,34,M,A1
94,38,Inaya Nagi,36,F,A2
95,38,Chasmum Ganesh,25,F,A3
96,38,Dakshesh Raju,37,M,A4
97,39,Balendra Dube,31,M,A1
98,39,Victor Narula,44,M,A2
99,39,Caleb Borah,20,M,A3
100,39,Gaurav Krishnamurthy,43,M,A4
101,40,Aarini Bhatnagar,38,F,A1
102,40,Balhaar Parmar,25,M,A2
103,41,Caleb Borah,19,M,A1
104,41,Theodore Raj,22,M,A2
105,41,Chatresh Bath,32,M,A3
106,42,Ekbal Misra,33,M,A1
107,42,Abdul Dhaliwal,31,M,A2
108,43,Faris Gour,36,M,A1
109,44,Vihaan Bora,43,M,A1
110,45,Jacob Chaudhry,43,M,A1
111,45,Bakhshi Hari,33,M,A2
112,46,Qabil Mutti,29,M,A1
113,46,Frado Agrawal,39,M,A2
114,46,Jatin Kant,24,M,A3
115,46,Lakshit Parsa,36,M,A4
116,47,Michael Sur,43,M,A1
117,48,Karan Bose,23,M,A1
118,49,Falan Pau,34,M,A1
119,49,Jasmit Mannan,36,F,A2
120,49,Vincent Thaker,46,M,A3
121,49,Rushil Patla,42,M,A4
122,50,Imaran Sura,28,M,A1
123,50,Azad Lalla,22,M,A2
124,51,Rishi Singh,23,M,A1
125,51,Arin Baral,32,M,A2
126,52,Raghav Radhakrishnan,36,M,A1
127,53,Orinder Sur,45,M,A1
128,53,Aarush Thaker,27,M,A2
129,53,Urvi Gandhi,32,F,A3
130,53,Balvan Varkey,38,M,A4
131,54,Noah Comar,23,M,A1
132,55,Yashvi Baral,22,F,A1
133,55,Ayaan Ganesan,36,M,A2
134,55,Gautam Varughese,24,M,A3
135,55,Adya Mander,30,F,A4
136,56,Eshana Gopal,41,F,A1
137,56,Fiyaz Oommen,31,M,A2
138,56,Bakhshi Karpe,40,M,A3
139,57,Chanakya Goel,41,M,A1
140,57,Anirudh Wali,39,M,A2
141,58,Reva Bassi,21,F,A1
142,58,Jyoti Subramaniam,30,F,A2
143,58,Parth Chaudhari,43,M,A3
144,58,Ekalinga Kumar,29,M,A4
145,59,Girindra Ahluwalia,45,M,A1
146,60,Chatresh Dubey,20,M,A1
147,60,Jonathan Lal,18,M,A2
148,60,Qadim Majumdar,40,M,A3
149,61,Nikita Padmanabhan,41,F,A1
150,61,Ekapad Dani,28,M,A2
151,61,Vansha Edwin,19,F,A3
152,61,Hredhaan Trivedi,33,M,A4
153,62,Chandani Dhillon,30,F,A1
154,62,Teerth Chakrabarti,33,M,A2
155,62,Lekha Kapadia,31,F,A3
156,62,Chaaya Barad,23,F,A4
157,63,Yug Sarna,36,M,A1
158,63,Harrison Vasa,42,M,A2
159,63,Gunbir Bandi,25,M,A3
160,64,Farhan Chadha,24,M,A1
161,64,Ryan Pandit,30,M,A2
162,64,Samaksh Iyer,26,M,A3
163,65,Oscar Malhotra,28,M,A1
164,65,Ekapad Garde,26,M,A2
165,65,Gunbir Sha,43,M,A3
166,65,Aarnav Lal,34,M,A4
167,66,Onkar Dada,28,M,A1
168,67,Akshay Subramaniam,25,M,A1
169,67,Kai Bir,31,M,A2
170,67,Imaran Karpe,44,M,A3
171,67,Samuel Pandit,31,M,A4
172,68,Onveer Borra,43,M,A1
173,69,Gavin Gupta,19,M,A1
174,69,Harish Keer,44,M,A2
175,69,Kevin Jhaveri,43,M,A3
176,69,Harrison Krish,19,M,A4
177,70,Quincy Murty,25,M,A1
178,70,Laksh Swaminathan,43,M,A2
179,71,William Zachariah,22,M,A1
180,71,Zayan Palan,26,M,A2
181,72,Nakul Anand,26,M,A1
182,73,Karan Khalsa,30,M,A1
183,73,Warinder Oza,45,M,A2
184,74,Rishi Singh,22,M,A1
185,75,Daksha Madan,29,F,A1
186,75,Tarak Raj,27,M,A2
187,76,Nakul Sur,23,M,A1
188,76,Jeremiah Batta,33,M,A2
189,76,Chandran Gade,30,M,A3
190,76,Hritik Kumar,22,M,A4
191,77,Advaith Sabharwal,30,M,A1
192,77,Pushti Issac,30,F,A2
193,77,Lucky Pant,21,M,A3
194,78,Geetika Nazareth,33,F,A1
195,78,Samaksh Bora,28,M,A2
196,78,Faris Oza,41,M,A3
197,79,Umang Sachdev,39,M,A1
198,79,George Bajaj,34,M,A2
199,80,Rushil Chauhan,34,M,A1
200,81,Sneha Viswanathan,25,F,A1
201,81,Charles Lala,35,M,A2
202,82,Dominic Vyas,23,M,A1
203,82,Akshay Banerjee,41,M,A2
204,82,Omaja Soni,25,F,A3
205,82,Laban Saxena,22,M,A4
206,83,Prisha Subramaniam,33,F,A1
207,84,Kalpit Dugal,20,M,A1
208,84,Abdul Acharya,24,M,A2
209,85,Yatan Sood,28,M,A1
210,86,Rachit Gulati,43,M,A1
211,86,Tejas Rana,26,M,A2
212,86,Finn Ramakrishnan,22,M,A3
213,86,Imaran Lall,43,M,A4
214,87,Bakhshi Gopal,36,M,A1
215,87,Maanav Choudhry,30,M,A2
216,88,Naveen Bahl,33,M,A1
217,89,Lohit Luthra,22,M,A1
218,89,Theodore Anand,31,M,A2
219,90,Zaid Prabhu,37,M,A1
220,90,Amol Narayanan,24,M,A2
221,90,Elijah Bhalla,28,M,A3
222,90,Rohan Bora,35,M,A4
223,91,Darsh Kothari,19,M,A1
224,92,Warjas Ramachandran,20,M,A1
225,92,Neel Dutt,37,M,A2
226,93,Daksh Keer,19,M,A1
227,93,Nicholas Aurora,33,M,A2
228,93,Lakshit Dar,42,M,A3
229,94,Farhan Tata,26,M,A1
230,95,Jackson Nadig,26,M,A1
231,96,Ekalinga Krishna,26,M,A1
232,97,Ikshita Grover,25,F,A1
233,97,Neel Sidhu,26,M,A2
234,97,Faris Biswas,23,M,A3
235,97,Umang Merchant,41,M,A4
236,98,Sara Gupta,21,F,A1
237,98,Faraj Mandal,28,M,A2
238,98,Samarth Nagy,21,M,A3
239,98,Chasmum Virk,31,F,A4
240,99,Chandran Balay,21,M,A1
241,99,Yash Vora,31,M,A2
242,99,Aryan Peri,44,M,A3
243,99,Balendra Arya,29,M,A4
244,100,Kiaan Wadhwa,22,M,A1
245,100,Balendra Modi,23,M,A2
246,101,Reyansh Gupta,34,M,A1
247,102,Charles Ganesan,40,M,A1
248,102,Sai Thaman,39,M,A2
249,102,Dakshesh Raju,35,M,A3
250,102,Farhan Walla,39,M,A4
251,103,Joshua Parsa,41,M,A1
252,104,Adweta Vasa,22,F,A1
253,104,Matthew Ahuja,43,M,A2
254,105,Anirudh Sharma,45,M,A1
255,106,Chakradhar Ratta,40,M,A1
256,106,Imaran Karpe,44,M,A2
257,106,Balvan Nair,27,M,A3
258,106,Gabriel Sura,22,M,A4
259,107,Teerth Saha,33,M,A1
260,107,Ishaan Apte,37,M,A2
261,107,Avi Mody,45,M,A3
262,107,Nathaniel Zacharia,28,M,A4
263,108,Indrajit Sankaran,37,M,A1
264,108,Ronith Divan,45,M,A2
265,108,Om Butala,36,M,A3
266,108,Arya Rastogi,32,F,A4
267,109,Yagnesh Rana,23,M,A1
268,109,Jatin Kibe,24,M,A2
269,110,Owen Halder,30,M,A1
270,110,Pooja Bajwa,42,F,A2
271,111,Brijesh Chowdhury,19,M,A1
272,112,Warinder Bajaj,44,M,A1
273,112,Henry Yogi,44,M,A2
274,112,Harsh Virk,36,M,A3
275,113,Lucky Iyer,38,M,A1
276,113,Avi Shroff,37,M,A2
277,114,Upma Kothari,23,F,A1
278,115,Girik Issac,26,M,A1
279,115,Advay Baral,44,M,A2
280,115,Zilmil Mody,26,F,A3
281,116,Patrick Pant,21,M,A1
282,117,Rishi Balan,32,M,A1
283,118,Sathvik Khosla,31,M,A1
284,118,Tanay Muni,22,M,A2
285,118,Udarsh Deep,27,M,A3
286,118,Ekapad Jain,22,M,A4
287,119,Farhan Nadkarni,29,M,A1
288,119,Daniel Gour,32,M,A2
289,119,Eta Balan,23,F,A3
290,120,Dominic Goyal,38,M,A1
291,120,Kiaan Kashyap,34,M,A2
292,120,Jack Bal,26,M,A3
293,121,Yatan Som,28,M,A1
294,121,Finn Hans,46,M,A2
295,122,Bachittar Goel,25,M,A1
296,122,Yash Nair,43,M,A2
297,122,Jatin Sane,31,M,A3
298,123,Ansh Korpal,26,M,A1
299,123,Anmol Ram,29,M,A2
300,123,Girish Manne,36,M,A3
301,123,Rushil Modi,38,M,A4
302,124,Ekavir Sheth,26,M,A1
303,124,Chakradev Tella,38,M,A2
304,125,Utkarsh Jaggi,33,M,A1
305,125,Chakradev Krishna,27,M,A2
306,125,Finn Dasgupta,34,M,A3
307,126,Fariq Radhakrishnan,31,M,A1
308,126,Anthony Garde,43,M,A2
309,127,Tarak Subramanian,20,M,A1
310,127,Shaurya Morar,37,M,A2
311,128,Harrison Aggarwal,41,M,A1
312,128,Abeer Shanker,40,M,A2
313,128,Zaid Ahluwalia,34,M,A3
314,129,Aarush Konda,22,M,A1
315,130,Amol Misra,19,M,A1
316,130,Caleb Bawa,45,M,A2
317,130,Turvi Gokhale,19,F,A3
318,131,Tanay Bhattacharyya,26,M,A1
319,131,Warinder Desai,25,M,A2
320,131,Laksh Narayan,42,M,A3
321,131,Anmol Taneja,35,M,A4
322,132,Tanay Nadig,43,M,A1
323,132,Peter Dayal,25,M,A2
324,132,Yuvraj Tailor,27,M,A3
325,132,Jackson Mannan,39,M,A4
326,133,Arin Nath,22,M,A1
327,133,Hitesh Apte,26,M,A2
328,133,Lohit Kumar,42,M,A3
329,133,Mitesh Mital,29,M,A4
330,134,Noah Nigam,37,M,A1
331,134,Warjas Banik,21,M,A2
332,134,Warda Dugal,41,F,A3
333,135,Hemang Narula,28,M,A1
334,135,Bachittar Dixit,23,M,A2
335,136,Robert Grover,29,M,A1
336,136,Nikita Murty,21,F,A2
337,136,Laban Sachdev,43,M,A3
338,136,Yuvraj Khanna,45,M,A4
339,137,Gagan Choudhury,39,M,A1
340,137,Anirudh Jaggi,27,M,A2
341,138,Mohammed Narang,24,M,A1
342,138,Chandran Varty,22,M,A2
343,138,Harshil Bansal,41,M,A3
344,139,Anthony Chahal,21,M,A1
345,139,Ekapad Garde,25,M,A2
346,139,Vivaan Batra,25,M,A3
347,139,Nachiket Bajaj,30,M,A4
348,140,Lakshit Walia,45,M,A1
349,140,Thomas Dalal,22,M,A2
350,140,Falguni Dugar,33,F,A3
351,141,Krishna Dhaliwal,45,M,A1
352,141,Jason Garg,41,M,A2
353,141,Krishna Devan,28,M,A3
354,141,Nachiket Nigam,35,M,A4
355,142,Chatresh Rajagopal,36,M,A1
356,143,Pranav Muni,33,M,A1
357,144,Wahab Kata,23,M,A1
358,145,Noah Nair,34,M,A1
359,145,Yagnesh Balan,25,M,A2
360,145,Umang Sachdev,38,M,A3
361,146,Devansh Trivedi,46,M,A1
362,146,Samaksh Chhabra,30,M,A2
363,147,Bhavini Oak,45,F,A1
364,147,Tanveer Saran,35,M,A2
365,148,Vincent Nanda,33,M,A1
366,149,Yug Bhat,31,M,A1
367,149,Noah Nigam,36,M,A2
368,150,Robert Sekhon,46,M,A1
369,150,Harshil Nadig,28,M,A2
370,150,Max Saran,22,M,A3
371,150,Chaitanya Anand,36,M,A4
372,151,Lohit Balasubramanian,27,M,A1
373,151,Tarak Ramesh,42,M,A2
374,151,Rayaan Ravi,36,M,A3
375,151,Teerth Kakar,28,M,A4
376,152,Edhitha Desai,46,F,A1
377,153,Sarthak Shah,28,M,A1
378,153,Gautam Sha,24,M,A2
379,154,Jagat Thaker,21,M,A1
380,155,Balveer Dhar,41,M,A1
381,155,Viraj Varughese,31,M,A2
382,155,Chaitanya Korpal,35,M,A3
383,155,Balvan Zacharia,30,M,A4
384,156,Noah Sama,25,M,A1
385,157,Kalpit Bhat,38,M,A1
386,157,Frado Behl,25,M,A2
387,158,Jonathan Deo,40,M,A1
388,158,Laksh Kurian,41,M,A2
389,158,Daksh Ghosh,39,M,A3
390,159,Ganga Tandon,22,F,A1
391,159,Rehaan Khanna,26,M,A2
392,160,Fiyaz Shetty,31,M,A1
393,161,Abeer Mani,28,M,A1
394,162,Peter Sankaran,27,M,A1
395,162,Oliver Madan,37,M,A2
396,162,Chandran Kumer,26,M,A3
397,162,Vihaan Khurana,25,M,A4
398,163,Samesh Chaudhari,31,M,A1
399,163,Vincent Thaker,46,M,A2
400,164,Chakradhar Bhandari,32,M,A1
401,165,Jonathan Menon,27,M,A1
402,165,Baljiwan Setty,41,M,A2
403,166,Kai Lanka,34,M,A1
404,166,Thomas Boase,35,M,A2
405,166,Harish Ramaswamy,32,M,A3
406,166,Yatan Chopra,22,M,A4
407,167,Bina Bobal,29,F,A1
408,167,Udant Bahl,43,M,A2
409,167,Falan Acharya,34,M,A3
410,168,Chandresh Ghosh,36,M,A1
411,168,William Sarin,28,M,A2
412,168,Ganga Tandon,24,F,A3
413,168,Bhavya Zachariah,37,F,A4
414,169,Ayaan Chana,36,M,A1
415,169,Onkar Buch,39,M,A2
416,169,Maanav Jain,23,M,A3
417,170,Chatresh Parmer,27,M,A1
418,170,Brijesh Sarma,28,M,A2
419,170,Ekiya Banik,41,F,A3
420,171,Mitesh Tata,42,M,A1
421,171,Abhiram Bansal,36,M,A2
422,171,Ayaan Nazareth,35,M,A3
423,171,Samaksh Dani,24,M,A4
424,172,Andrew Dhaliwal,20,M,A1
425,172,Aditya Sinha,30,M,A2
426,173,Frederick Bhatt,25,M,A1
427,173,Deepa Tank,39,F,A2
428,174,Naveen Kala,38,M,A1
429,174,Gabriel Nayak,32,M,A2
430,174,Dipta Mahal,22,F,A3
431,174,Sarthak Ganguly,23,M,A4
432,175,Aarush Amble,32,M,A1
433,176,Harshil Dhar,42,M,A1
434,176,Yutika Seshadri,44,F,A2
435,176,Jagdish Ghosh,22,M,A3
436,177,Owen Sahota,26,M,A1
437,177,Jacob Handa,38,M,A2
438,178,Falan Som,41,M,A1
439,178,Gaurang Dutta,47,M,A2
440,178,Avi Patla,42,M,A3
441,179,Anthony Chawla,31,M,A1
442,179,Gaurang Dugar,28,M,A2
443,180,Vamakshi Nanda,36,F,A1
444,180,Hardik Nanda,23,M,A2
445,180,Christopher Nanda,38,M,A3
446,180,Chandran Khalsa,23,M,A4
447,181,Elijah Kalita,36,M,A1
448,181,Gaurav Ram,40,M,A2
449,181,Ekanta Shankar,43,F,A3
450,181,Praneel Madan,30,M,A4
451,182,Lohit Balasubramanian,25,M,A1
452,182,Ekanta Choudhry,45,F,A2
453,182,Vasudha Sahota,33,F,A3
454,183,Vihaan Mallick,35,M,A1
455,183,Tanish Koshy,34,M,A2
456,183,Nihal Saraf,24,M,A3
457,183,Falan Ahluwalia,38,M,A4
458,184,Simon Wali,28,M,A1
459,185,Benjamin Arora,38,M,A1
460,186,Chakradev Babu,38,M,A1
461,187,Harish Keer,41,M,A1
462,188,Hemang Buch,40,M,A1
463,188,Ayaan Varma,40,M,A2
464,189,Anmol Pau,45,M,A1
465,189,Gagan Bhavsar,26,M,A2
466,190,William Kadakia,36,M,A1
467,191,Quincy Pai,36,M,A1
468,191,Xavier Thaker,26,M,A2
469,191,Vrinda Wali,32,F,A3
470,191,Upkaar Pillai,36,M,A4
471,192,Gaurav Mani,42,M,A1
472,192,Chatura Gala,29,M,A2
473,192,Dayita Divan,34,F,A3
474,192,Vincent Thaker,45,M,A4
475,193,Sathvik Deo,41,M,A1
476,193,Oscar Salvi,30,M,A2
477,194,Tripti Oza,30,F,A1
478,194,Watika Wagle,22,F,A2
479,194,Veer Modi,40,M,A3
480,195,Ria Mani,18,F,A1
481,195,Ethan Pandit,33,M,A2
482,196,Faris Khanna,20,M,A1
483,196,Ansh Nadig,32,M,A2
484,197,Ethan Pradhan,28,M,A1
485,197,Finn Walla,21,M,A2
486,198,Aahana Tripathi,33,F,A1
487,198,Manbir Som,28,M,A2
488,198,Ethan Sathe,35,M,A3
489,199,Mitesh Bakshi,23,M,A1
490,199,Jonathan Menon,24,M,A2
491,200,Chakrika Yohannan,22,F,A1
492,200,Caleb Vala,27,M,A2
493,201,Ganga Tandon,22,F,A1
494,201,Tanay Pingle,22,M,A2
495,201,Quincy Arora,22,M,A3
496,202,Timothy Mani,24,M,A1
497,202,Simon Sachdeva,36,M,A2
498,203,Chaitanya Ahuja,37,M,A1
499,204,Matthew Modi,36,M,A1
500,205,David Mani,31,M,A1
501,205,Gaurav Swamy,42,M,A2
502,205,Akshay Dar,30,M,A3
503,205,Xiti Bhavsar,26,F,A4
504,206,Kai Gaba,42,M,A1
505,206,Eta Nagarajan,43,F,A2
506,206,Ekansh Parikh,42,M,A3
507,207,Balvan Varkey,40,M,A1
508,207,Gavin Chandra,39,M,A2
509,207,Neel Mutti,43,M,A3
510,208,Xavier Sabharwal,48,M,A1
511,208,Finn Chaudry,27,M,A2
512,209,Wakeeta Pall,41,F,A1
513,210,Ekta Karan,33,F,A1
514,211,Guneet Chokshi,22,M,A1
515,211,Ayushman Singh,38,M,A2
516,211,Jonathan Bassi,40,M,A3
517,211,Matthew Anne,40,M,A4
518,212,Elijah Mall,36,M,A1
519,212,Patrick Dyal,28,M,A2
520,212,Zayyan Bir,26,M,A3
521,213,Chandran Kala,27,M,A1
522,213,Qadim Goyal,43,M,A2
523,213,Chatresh Golla,21,M,A3
524,213,Ranveer Samra,39,M,A4
525,214,David Shukla,34,M,A1
526,215,Anmol Butala,27,M,A1
527,215,Yatin D’Alia,31,M,A2
528,215,Lucky Shan,43,M,A3
529,216,Harish Keer,42,M,A1
530,216,Wazir Pillai,37,M,A2
531,216,Abeer Swamy,29,M,A3
532,216,Rudra Sarma,31,M,A4
533,217,Hardik Nigam,26,M,A1
534,217,Saksham Das,29,M,A2
535,218,Ethan Sha,33,M,A1
536,219,Avi Bir,40,M,A1
537,219,Agastya Gola,21,M,A2
538,219,Faris Biswas,22,M,A3
539,220,Harrison Memon,36,M,A1
540,220,Xalak Thaman,27,F,A2
541,221,Tanveer Dani,37,M,A1
542,221,Umang Murty,38,M,A2
543,221,Timothy Sharaf,43,M,A3
544,221,Amol Goel,34,M,A4
545,222,Xalak Zacharia,22,F,A1
546,222,Wazir Dugar,22,M,A2
547,222,Nikita Murty,20,F,A3
548,222,Rohan Lall,19,M,A4
549,223,Qadim Palla,27,M,A1
550,224,Ayaan Konda,37,M,A1
551,224,Jacob Muni,26,M,A2
552,224,Bachittar Mody,38,M,A3
553,224,Om Gara,37,M,A4
554,225,Kiaan Bahri,31,M,A1
555,225,Advay Nadig,30,M,A2
556,225,Robert Naidu,25,M,A3
557,225,Yash Chaudhry,27,M,A4
558,226,Harrison Taneja,38,M,A1
559,226,Ishaan Apte,37,M,A2
560,226,Hredhaan Mani,22,M,A3
561,227,Tanay Kadakia,35,M,A1
562,227,Balvan Mittal,22,M,A2
563,227,Tarak Zacharia,32,M,A3
564,228,Zaid Kala,43,M,A1
565,228,Krish Walia,38,M,A2
566,229,Ekanta Choudhry,42,F,A1
567,229,Nathaniel Bhatt,22,M,A2
568,230,Rishi Singh,22,M,A1
569,230,Jacob Ravi,29,M,A2
570,230,Dakshesh Doctor,23,M,A3
571,230,Akshay Korpal,35,M,A4
572,231,Kai Mall,37,M,A1
573,231,Ganga Tandon,24,F,A2
574,231,Ansh Sunder,44,M,A3
575,232,Samar Patla,24,M,A1
576,233,Jatin Sane,29,M,A1
577,233,Jagat Das,26,M,A2
578,233,Nitesh Ramakrishnan,23,M,A3
579,233,Siddharth Kamdar,36,M,A4
580,234,Yatan Walla,38,M,A1
581,234,Daksh Nadig,25,M,A2
582,235,Advaith Banerjee,30,M,A1
583,236,Pratyush Dara,41,M,A1
584,236,Timothy Rama,35,M,A2
585,236,Ronith Kumer,25,M,A3
586,237,Yatan Sinha,23,M,A1
587,237,Osha Sami,36,F,A2
588,237,Faris Lal,34,M,A3
589,238,Sai Iyengar,31,M,A1
590,238,Naksh Butala,21,M,A2
591,238,Farhan Krish,31,M,A3
592,239,Kalpit Ghose,38,M,A1
593,239,Lohit Issac,32,M,A2
594,239,Sarthak Pillai,45,M,A3
595,239,Ronith Purohit,23,M,A4
596,240,Vihaan Issac,26,M,A1
597,241,Frederick Dalal,40,M,A1
598,242,Harsh Halder,47,M,A1
599,242,Maanas Talwar,23,M,A2
600,242,Dhruv Sankar,22,M,A3
601,243,Maanav Lala,21,M,A1
602,243,Umang Kothari,37,M,A2
603,243,Veer Chada,25,M,A3
604,244,Rehaan Sampath,28,M,A1
605,245,Peter Bath,42,M,A1
606,245,Jonathan Thaman,42,M,A2
607,246,Zayan Tailor,30,M,A1
608,246,Vinaya Deo,41,F,A2
609,246,Nathan Wali,31,M,A3
610,246,Ekta Lad,42,F,A4
611,247,Karan Lalla,36,M,A1
612,247,Tejas Gala,36,M,A2
613,247,Xalak Dora,19,F,A3
614,247,Avni Gulati,46,F,A4
615,248,Tejas D’Alia,41,M,A1
616,248,Anmol Sathe,32,M,A2
617,248,Xavier Shankar,27,M,A3
618,249,Frado Trivedi,43,M,A1
619,250,Champak Narasimhan,29,M,A1
620,250,Lucky Dara,26,M,A2
621,250,Rachit Cherian,37,M,A3
622,250,Faraj Balakrishnan,37,M,A4
623,251,Nicholas Dayal,21,M,A1
624,251,Arjun Mandal,27,M,A2
625,251,Ayaan Bobal,42,M,A3
626,252,Ryan Chakraborty,26,M,A1
627,252,Hemang Gaba,36,M,A2
628,253,Xalak Sankaran,25,F,A1
629,253,Dominic Parmer,36,M,A2
630,253,Qarin Vala,38,M,A3
631,254,Siddharth Chana,42,M,A1
632,255,Yachana Vyas,39,F,A1
633,255,Sarthak Shah,28,M,A2
634,256,Mason Dixit,27,M,A1
635,256,Mason Kothari,24,M,A2
636,256,Neelima Batta,27,F,A3
637,256,Arin Varghese,21,M,A4
638,257,Banjeet Thakur,20,M,A1
639,258,Manthan Murthy,44,M,A1
640,258,Umang Lanka,48,M,A2
641,258,Girik Kakar,36,M,A3
642,259,Abeer Garg,41,M,A1
643,259,Victor Ravel,24,M,A2
644,260,Dev Deshmukh,38,M,A1
645,261,Frederick Dalal,43,M,A1
646,261,Caleb Mitra,40,M,A2
647,262,Watika Sinha,25,F,A1
648,263,Atharv Nath,41,M,A1
649,263,Charan Sankaran,44,M,A2
650,263,Yachana Mannan,34,F,A3
651,264,Jack Bhat,43,M,A1
652,264,Imaran Sura,27,M,A2
653,264,Siddharth Mutti,26,M,A3
654,265,Nachiket Nigam,34,M,A1
655,266,Zehaan Kanda,34,M,A1
656,266,Vivaan Deep,25,M,A2
657,266,Saumya Saha,28,F,A3
658,267,Chameli Subramanian,22,F,A1
659,268,Aditya Parmer,21,M,A1
660,268,Pranav Dutt,22,M,A2
661,269,Jasmit Sur,38,F,A1
662,269,Onkar Pant,38,M,A2
663,269,Kiaan Dora,47,M,A3
664,270,Fiyaz Dalal,27,M,A1
665,270,Pratyush Dugar,29,M,A2
666,270,Timothy Toor,27,M,A3
667,271,Divya Jaggi,32,F,A1
668,271,Sarthak Ahuja,18,M,A2
669,272,Brijesh Lata,34,M,A1
670,273,Ishaan Devi,37,M,A1
671,273,Samuel Rout,31,M,A2
672,274,Balvan Mittal,21,M,A1
673,274,Abdul Varughese,36,M,A2
674,275,Andrew Dora,20,M,A1
675,275,Manbir Saini,41,M,A2
676,275,Max Murthy,33,M,A3
677,276,Orinder Ravel,23,M,A1
678,276,Matthew Chad,39,M,A2
679,277,Chandresh Ghosh,37,M,A1
680,278,Max Sami,24,M,A1
681,278,Ayushman Pradhan,21,M,A2
682,279,Udarsh Misra,31,M,A1
683,279,Nitesh Ramakrishnan,21,M,A2
684,279,Utkarsh Nori,40,M,A3
685,279,Ronith Divan,46,M,A4
686,280,Ranbir Venkatesh,21,M,A1
687,281,Vasana Chaudhari,35,F,A1
688,281,Simon Sabharwal,43,M,A2
689,282,Qasim Vora,46,M,A1
690,283,Finn Dhawan,18,M,A1
691,283,Xavier Shankar,21,M,A2
692,283,Daniel Kala,45,M,A3
693,283,Warjas Bali,37,M,A4
694,284,Anmol Virk,47,M,A1
695,284,Daniel Prabhu,32,M,A2
696,285,Hritik Goswami,22,M,A1
697,285,Aarav Das,30,M,A2
698,285,Bahadurjit Basu,20,M,A3
699,285,Wridesh Mukherjee,26,M,A4
700,286,Udarsh Dixit,26,M,A1
701,287,Gayathri Bakshi,39,F,A1
702,287,Diya Chada,43,F,A2
703,287,Avi Vig,30,M,A3
704,287,Wazir Thakkar,24,M,A4
705,288,Brijesh Walla,36,M,A1
706,288,Sai Bath,32,M,A2
707,288,Advay Oak,38,M,A3
708,289,Luke Dhawan,43,M,A1
709,289,Joshua Chakraborty,24,M,A2
710,289,Mitesh Reddy,34,M,A3
711,290,Ojasvi Kuruvilla,38,F,A1
712,290,Darpan Ben,27,M,A2
713,290,Kashvi Khalsa,30,F,A3
714,290,Zayyan Rajan,45,M,A4
715,291,Samar Kaur,44,M,A1
716,291,Krish Chaudhuri,47,M,A2
717,291,Dev Modi,44,M,A3
718,292,Daniel Prabhu,29,M,A1
719,292,Upkaar Barman,34,M,A2
720,292,Vedika Mann,45,F,A3
721,293,Ranveer Panchal,39,M,A1
722,293,Lohit Bath,42,M,A2
723,293,Bhavya Mital,40,F,A3
724,294,Onveer Lal,22,M,A1
725,295,Victor Narasimhan,43,M,A1
726,295,Ekalinga Agate,36,M,A2
727,295,Quincy Murty,23,M,A3
728,295,Aarnav Andra,25,M,A4
729,296,Tristan Dasgupta,30,M,A1
730,296,Raghav Parmar,40,M,A2
731,297,Balhaar Parmar,24,M,A1
732,297,Gopal Saxena,33,M,A2
733,298,Chakradev Mitter,47,M,A1
734,298,Jackson Tak,30,M,A2
735,298,Andrew Mand,26,M,A3
736,298,Henry Amble,45,M,A4
737,299,Balhaar Parmar,26,M,A1
738,299,Bhavini Dave,45,F,A2
739,299,Devansh Lad,28,M,A3
740,300,Jacob Handa,38,M,A1
741,300,Atharv Naidu,33,M,A2
742,300,Samar Mahal,29,M,A3
743,300,Viraj Tandon,42,M,A4
744,301,Nakul Ahluwalia,45,M,A1
745,301,Gunbir Natt,29,M,A2
746,301,Sarthak Ganguly,26,M,A3
747,302,Nachiket Bhatnagar,22,M,A1
748,302,Amrita Srinivasan,31,F,A2
749,303,Avni Nath,47,F,A1
750,303,Bina Sarna,21,F,A2
751,304,Ranbir Munshi,30,M,A1
752,304,Devansh Bhatia,22,M,A2
753,304,Ayaan Mitra,27,M,A3
754,305,Ganga Tandon,24,F,A1
755,306,Omkaar Bal,26,M,A1
756,306,Yauvani Narasimhan,26,F,A2
757,306,Chatura Chauhan,23,M,A3
758,307,Tristan Grewal,27,M,A1
759,307,Ekapad Basu,31,M,A2
760,307,Devansh Muni,19,M,A3
761,307,Praneel Mukhopadhyay,26,M,A4
762,308,Ayush Khanna,33,M,A1
763,308,Siddharth Padmanabhan,42,M,A2
764,308,Harish Jaggi,41,M,A3
765,309,Lohit Balasubramanian,27,M,A1
766,310,Yug Kanda,36,M,A1
767,311,Ishanvi Ratta,24,F,A1
768,311,Aarush Patil,48,M,A2
769,312,Pranit Bassi,32,M,A1
770,312,Hardik Hora,28,M,A2
771,312,Gagan Kanda,39,M,A3
772,313,Ekapad Raghavan,29,M,A1
773,313,Pallavi Kade,28,F,A2
774,313,Vedant Khatri,30,M,A3
775,313,Ria Garg,45,F,A4
776,314,Vivaan Batra,25,M,A1
777,314,Rachit Nadkarni,22,M,A2
778,315,Falan Narang,21,M,A1
779,315,Avi Mammen,26,M,A2
780,315,Yash Kadakia,29,M,A3
781,315,Wahab Bhattacharyya,33,M,A4
782,316,Vincent Gola,23,M,A1
783,317,Krish Rattan,38,M,A1
784,318,Rudra Kamdar,38,M,A1
785,319,Lohit Balasubramanian,26,M,A1
786,319,Joshua Chad,45,M,A2
787,320,Jyoti Barman,36,F,A1
788,320,Om Sandhu,38,M,A2
789,321,Amaira Gola,44,F,A1
790,321,Mason Dixit,26,M,A2
791,321,Jackson Lanka,41,M,A3
792,321,Praneel Butala,34,M,A4
793,322,Balendra Parsa,41,M,A1
794,323,Nidhi Maharaj,43,F,A1
795,323,Ekapad Lal,41,M,A2
796,323,Mason Manda,44,M,A3
797,324,Falan Rao,31,M,A1
798,325,Naksh Guha,33,M,A1
799,325,Sathvik Kadakia,27,M,A2
800,325,Umang Balan,29,M,A3
801,326,Shaurya Sandal,27,M,A1
802,326,Mason Nanda,38,M,A2
803,326,Amol Dewan,39,M,A3
804,326,Noah Raman,29,M,A4
805,327,Nitesh Seth,28,M,A1
806,327,Charita Garg,38,F,A2
807,328,Girik Issac,27,M,A1
808,329,Bakhshi Sha,30,M,A1
809,329,Qarin Vasa,30,M,A2
810,330,Dayamai Dayal,39,F,A1
811,330,Waida Biswas,22,F,A2
812,330,Ishanvi De,32,F,A3
813,331,Manya Jaggi,26,F,A1
814,332,Qadim Goyal,41,M,A1
815,332,Vedhika Baral,43,F,A2
816,333,Hemal Sankaran,25,F,A1
817,333,Rehaan Goswami,22,M,A2
818,334,Raksha Bose,20,F,A1
819,335,Vihaan Bala,25,M,A1
820,335,Vihaan Raj,39,M,A2
821,335,Ryan Hayer,19,M,A3
822,336,Vihaan Bir,35,M,A1
823,336,Jairaj Sarma,29,M,A2
824,336,Vrishti Mallick,30,F,A3
825,337,Laban Dube,25,M,A1
826,337,Praneel Gokhale,27,M,A2
827,337,Anay Walia,45,M,A3
828,338,Ganga Tandon,22,F,A1
829,339,Ranbir Jaggi,25,M,A1
830,339,Rachit Khare,26,M,A2
831,339,Chakradev Babu,27,M,A3
832,340,Imaran Char,19,M,A1
833,340,Fiyaz Basu,30,M,A2
834,341,Darpan Kata,31,M,A1
835,341,Chatresh Parikh,43,M,A2
836,342,Robert Kala,22,M,A1
837,342,Imaran Bhatti,43,M,A2
838,342,Qarin Bassi,44,M,A3
839,342,Ikbal Roy,42,M,A4
840,343,Ekalinga Natarajan,30,M,A1
841,343,Nathan Subramaniam,24,M,A2
842,343,Oliver Badami,41,M,A3
843,344,Mohammed Khalsa,38,M,A1
844,344,Jairaj Buch,22,M,A2
845,344,Ekapad Prasad,41,M,A3
846,345,Anirudh Khanna,30,M,A1
847,345,Imaran Bhatti,44,M,A2
848,346,Ishwar Narula,29,M,A1
849,346,Jairaj Jha,28,M,A2
850,346,Kritika Kapadia,31,F,A3
851,347,Dev Chand,32,M,A1
852,347,Harsh Keer,38,M,A2
853,347,Tanay Sibal,34,M,A3
854,347,Fitan Hora,32,M,A4
855,348,Laban Srivastava,44,M,A1
856,348,Pranit Rao,41,M,A2
857,349,Rayaan Sane,36,M,A1
858,349,Mason Yogi,28,M,A2
859,349,Gagan Kurian,33,M,A3
860,350,Ekansh Singh,37,M,A1
861,350,Matthew Modi,39,M,A2
862,351,Naksh Butala,24,M,A1
863,352,Balendra Rege,30,M,A1
864,352,David Rajan,45,M,A2
865,352,Gunbir Sarin,40,M,A3
866,352,Priya Upadhyay,39,F,A4
867,353,Keya Sridhar,46,F,A1
868,353,Pratyush Bala,18,M,A2
869,354,Chakradhar Rajagopalan,40,M,A1
870,355,Mitesh Sabharwal,37,M,A1
871,355,Chatura Padmanabhan,34,M,A2
872,355,Krish Kadakia,28,M,A3
873,356,Frederick Goda,22,M,A1
874,356,Idika Desai,38,F,A2
875,357,Kai Rege,30,M,A1
876,358,Jacob Sridhar,26,M,A1
877,358,Chandresh Andra,35,M,A2
878,359,Raghav Venkatesh,23,M,A1
879,360,Ranbir Bhandari,27,M,A1
880,360,Noah Chaudhry,23,M,A2
881,360,Vasatika Ratti,24,F,A3
882,361,Samuel Guha,25,M,A1
883,361,Naveen Badal,22,M,A2
884,361,Arin Nanda,28,M,A3
885,361,Jackson Sundaram,33,M,A4
886,362,Devansh Tank,34,M,A1
887,362,Matthew Sibal,46,M,A2
888,362,Vansha D’Alia,24,F,A3
889,363,Faris Narain,44,M,A1
890,363,Logan Kannan,26,M,A2
891,364,Bachittar Oza,20,M,A1
892,364,Rayaan Sarkar,38,M,A2
893,365,Ijaya D’Alia,27,F,A1
894,366,Azaan Wason,42,M,A1
895,367,Yoshita Kapadia,24,F,A1
896,367,Siya Andra,30,F,A2
897,367,Naksh Butala,24,M,A3
898,368,Vedant Din,33,M,A1
899,368,Elijah Banerjee,29,M,A2
900,368,Mohammed Thakkar,22,M,A3
901,369,Raghav Bhargava,19,M,A1
902,369,Ganga Kade,39,F,A2
903,370,Balhaar Parmar,24,M,A1
904,370,Chatura Padmanabhan,34,M,A2
905,370,Owen Raman,21,M,A3
906,370,Balendra Wable,46,M,A4
907,371,Dominic Naik,33,M,A1
908,371,Nidra Shankar,44,F,A2
909,371,Ekapad Sathe,24,M,A3
910,371,Mugdha Dhillon,34,F,A4
911,372,Frado Bhalla,27,M,A1
912,372,Pranav Som,32,M,A2
913,372,Atharv Dalal,20,M,A3
914,373,Yash Mittal,22,M,A1
915,374,Daniel Prabhu,30,M,A1
916,374,Tristan Pillai,48,M,A2
917,375,Wriddhish Mahal,29,M,A1
918,375,Anthony Chawla,30,M,A2
919,375,Gautam Rajagopalan,43,M,A3
920,375,Teerth Misra,44,M,A4
921,376,Samaksh Bahri,43,M,A1
922,376,Yash Bhatt,35,M,A2
923,377,Vansha Murthy,30,F,A1
924,377,Anmol Dave,23,M,A2
925,378,Brijesh Dash,45,M,A1
926,378,Rajata Garg,32,F,A2
927,378,Aadi Kothari,33,M,A3
928,378,Arin Venkataraman,43,M,A4
929,379,Andrew Guha,20,M,A1
930,379,Mason Kale,32,M,A2
931,379,Hritik Parmer,22,M,A3
932,379,Devansh Sami,22,M,A4
933,380,Simon Dhar,25,M,A1
934,381,Teerth Raghavan,26,M,A1
935,381,Jatin Brahmbhatt,26,M,A2
936,381,David Wali,31,M,A3
937,382,Gunbir Sha,42,M,A1
938,382,Ojas Mahajan,21,M,A2
939,383,Janya Radhakrishnan,19,F,A1
940,384,Champak Wadhwa,28,M,A1
941,384,Lohit Madan,26,M,A2
942,384,Arunima Garde,30,F,A3
943,384,Robert Golla,39,M,A4
944,385,Dev Dhar,39,M,A1
945,385,Kiaan Bera,43,M,A2
946,386,Peter Sidhu,25,M,A1
947,386,Qadim Majumdar,37,M,A2
948,387,Caleb Mody,24,M,A1
949,387,Elijah Mall,33,M,A2
950,387,Naksh Chana,36,M,A3
951,388,Brijesh Mangal,32,M,A1
952,388,Abdul Samra,33,M,A2
953,388,Wriddhish Tank,24,M,A3
954,389,Simon Warrior,27,M,A1
955,389,Jason Wable,27,M,A2
956,389,Udarsh Ganguly,37,M,A3
957,390,Ati Sami,33,F,A1
958,390,Sachi Garde,27,F,A2
959,391,Mohini Mistry,44,F,A1
960,391,Manan Lanka,40,M,A2
961,392,Pranav Ahuja,28,M,A1
962,393,Peter Andra,19,M,A1
963,393,Tanveer Swamy,35,M,A2
964,394,Faras Krishna,32,M,A1
965,394,Wahab Rana,28,M,A2
966,394,Mason Patla,35,M,A3
967,395,Theodore Edwin,24,M,A1
968,395,Peter Saraf,29,M,A2
969,396,Ucchal Narula,25,F,A1
970,396,Faris Issac,48,M,A2
971,396,Kiaan Dani,23,M,A3
972,397,Zashil Ramachandran,36,M,A1
973,397,Christopher Chokshi,36,M,A2
974,397,Dev Dugal,23,M,A3
975,398,Wriddhish Mann,30,M,A1
976,398,Xavier Butala,20,M,A2
977,398,Jatin Dua,43,M,A3
978,398,Kritika Mand,37,F,A4
979,399,Charan Thakkar,38,M,A1
980,400,Gopal Dhingra,39,M,A1
981,401,Tanvi Vohra,21,F,A1
982,401,Jack Kapadia,27,M,A2
983,401,Tanay Srinivas,42,M,A3
984,401,Tanay Behl,30,M,A4
985,402,Arjun Gopal,44,M,A1
986,402,Aadi Ben,18,M,A2
987,402,Hitesh Mangal,41,M,A3
988,402,Logan Chaudhuri,40,M,A4
989,403,Abeer De,20,M,A1
990,403,Radha Pathak,24,F,A2
991,403,Jagat Majumdar,37,M,A3
992,403,Rehaan Chahal,25,M,A4
993,404,Udant Chaudhary,34,M,A1
994,404,Onveer Mitra,33,M,A2
995,404,Harrison Walla,41,M,A3
996,404,Anya Datta,28,F,A4
997,405,Zayan Bains,44,M,A1
998,405,Laksh Dayal,34,M,A2
999,406,Baljiwan Gandhi,23,M,A1
1000,406,Naksh Butala,20,M,A2
1001,406,Ojas Mahajan,23,M,A3
1002,407,Madhavi Jhaveri,30,F,A1
1003,408,Max Kannan,30,M,A1
1004,408,Krish Dani,22,M,A2
1005,408,Ria Garg,44,F,A3
1006,408,Isaac Bath,24,M,A4
1007,409,Henry Warrior,21,M,A1
1008,409,Aadi Palan,45,M,A2
1009,410,Samarth Menon,30,M,A1
1010,411,Chatresh Raja,21,M,A1
1011,411,Harshil Sathe,32,M,A2
1012,412,Chakradhar Tandon,37,M,A1
1013,413,Mohammed Gaba,22,M,A1
1014,414,Saksham Chaudhry,34,M,A1
1015,414,Abha Chaudhry,23,F,A2
1016,414,Rehaan Bail,36,M,A3
1017,415,Hemang Buch,37,M,A1
1018,415,Aayush Cherian,38,M,A2
1019,416,Balvan Mittal,24,M,A1
1020,416,Wriddhish Dubey,28,M,A2
1021,417,Anthony Chauhan,19,M,A1
1022,417,Dalaja Vaidya,31,F,A2
1023,417,Ekavir Agarwal,31,M,A3
1024,418,Sanaya Chowdhury,24,F,A1
1025,418,Frado Choudhary,33,M,A2
1026,418,Charan Manda,27,M,A3
1027,418,Balvan Nath,28,M,A4
1028,419,Ronith Divan,45,M,A1
1029,419,Matthew Mangat,33,M,A2
1030,419,Damini Madan,39,F,A3
1031,420,Robert Sekhon,33,M,A1
1032,420,Bahadurjit Chowdhury,21,M,A2
1033,420,Liam Dhillon,46,M,A3
1034,421,Wridesh Sachdev,35,M,A1
1035,421,Ekapad Korpal,47,M,A2
1036,421,Shaurya Tank,36,M,A3
1037,422,Caleb Keer,40,M,A1
1038,422,Aarav Jani,44,M,A2
1039,423,Owen Patel,35,M,A1
1040,423,Nandini Sharma,32,F,A2
1041,424,Ekapad Dalal,35,M,A1
1042,424,Ranbir Bal,31,M,A2
1043,425,Qadim Dhaliwal,25,M,A1
1044,425,Jason Bose,30,M,A2
1045,425,Sathvik Doctor,32,M,A3
1046,425,Wahab Dey,37,M,A4
1047,426,Luke Choudhry,28,M,A1
1048,426,Ayushman Balay,44,M,A2
1049,427,Madhavi Chanda,37,F,A1
1050,427,Dev Kakar,22,M,A2
1051,427,Ayaan Kanda,28,M,A3
1052,427,George Brahmbhatt,27,M,A4
1053,428,Charles Brahmbhatt,37,M,A1
1054,428,Oviya Bala,21,F,A2
1055,428,Lohit Gaba,30,M,A3
1056,428,Bachittar Kakar,35,M,A4
1057,429,Kavya Luthra,34,F,A1
1058,430,Chakradhar More,39,M,A1
1059,430,Ekapad Lal,41,M,A2
1060,431,Samar Thakur,37,M,A1
1061,432,Faqid Sheth,46,M,A1
1062,433,Yamini Varty,29,F,A1
1063,433,Udarsh Deep,42,M,A2
1064,433,Maanav Parsa,31,M,A3
1065,433,Anmol Ram,35,M,A4
1066,434,Utkarsh Murthy,41,M,A1
1067,434,Manbir Edwin,23,M,A2
1068,434,Logan Patla,42,M,A3
1069,434,Chaitanya Bobal,39,M,A4
1070,435,Sai Rege,43,M,A1
1071,435,Thomas Peri,36,M,A2
1072,435,Rachit Chacko,48,M,A3
1073,435,Zehaan Sengupta,24,M,A4
1074,436,Chandresh Ghosh,35,M,A1
1075,436,Charles Mannan,43,M,A2
1076,436,Gauri Rastogi,23,F,A3
1077,436,Isaac Rama,30,M,A4
1078,437,Harish Ratti,20,M,A1
1079,437,Bachittar Nadig,37,M,A2
1080,438,Nathaniel Balay,22,M,A1
1081,438,Azaan Pathak,39,M,A2
1082,438,Warjas Kala,26,M,A3
1083,438,Jagvi Bajaj,47,F,A4
1084,439,Banjeet Misra,43,M,A1
1085,439,Shaurya Vohra,44,M,A2
1086,440,Wridesh Soman,32,M,A1
1087,440,Tejas Pant,42,M,A2
1088,440,Abdul Issac,47,M,A3
1089,440,Elijah Naik,45,M,A4
1090,441,Nathan Comar,42,M,A1
1091,441,Karan Verma,21,M,A2
1092,441,Umang Dass,41,M,A3
1093,441,Chanakya Bansal,25,M,A4
1094,442,Girish Atwal,43,M,A1
1095,442,Qabil Babu,39,M,A2
1096,443,Patrick Sandhu,37,M,A1
1097,443,Dakshesh Goda,29,M,A2
1098,443,Tanish Prakash,29,M,A3
1099,444,Charles Chakraborty,35,M,A1
1100,444,Quincy Murty,26,M,A2
1101,444,Samesh Chawla,37,M,A3
1102,444,Chandresh Sawhney,42,M,A4
1103,445,Wahab Dash,26,M,A1
1104,446,Krish Lalla,41,M,A1
1105,447,Oliver Garde,29,M,A1
1106,447,Jai Raman,26,M,A2
1107,448,Tejas Kashyap,25,M,A1
1108,449,Urmi Apte,47,F,A1
1109,449,Amrita Brar,45,F,A2
1110,449,Amaira De,27,F,A3
1111,449,Praneel Grover,28,M,A4
1112,450,Laksh Butala,22,M,A1
1113,450,Advay Chauhan,31,M,A2
1114,450,Veda Das,20,F,A3
1115,450,Ekavir Mandal,44,M,A4
1116,451,Hemang Raman,45,M,A1
1117,451,Yatan Bains,18,M,A2
1118,451,Bina Sur,38,F,A3
1119,451,Henry Saini,47,M,A4
1120,452,Abdul Gokhale,25,M,A1
1121,452,Qadim Palla,28,M,A2
1122,453,Darsh Hans,33,M,A1
1123,453,Advay Vasa,22,M,A2
1124,454,Benjamin Date,43,M,A1
1125,455,Gopal Krishna,36,M,A1
1126,456,Tarak Sehgal,39,M,A1
1127,457,Tanish Iyengar,22,M,A1
1128,457,Rachit Bhatt,42,M,A2
1129,458,Sneha Balan,23,F,A1
1130,458,William Sama,45,M,A2
1131,458,Gautam Naidu,40,M,A3
1132,459,Quincy Prabhu,25,M,A1
1133,459,Nirja Das,30,F,A2
1134,460,Ikbal Chauhan,43,M,A1
1135,460,Baljiwan Sama,33,M,A2
1136,461,Karan Verma,20,M,A1
1137,461,Yatin Tara,42,M,A2
1138,462,Jagat Bail,23,M,A1
1139,462,Chatresh Bath,30,M,A2
1140,462,Aditya Agrawal,29,M,A3
1141,462,Lucky Deep,25,M,A4
1142,463,Charvi Sagar,27,F,A1
1143,463,Jatin Sane,30,M,A2
1144,464,Naksh Tak,31,M,A1
1145,465,Rachit Chauhan,43,M,A1
1146,465,Isaac Batta,30,M,A2
1147,466,Raksha Yogi,42,F,A1
1148,466,Tristan Grewal,26,M,A2
1149,467,Nitesh Raghavan,37,M,A1
1150,467,Frederick Devi,30,M,A2
1151,468,Naveen Subramanian,38,M,A1
1152,469,Baljiwan Talwar,21,M,A1
1153,470,Girindra Sura,46,M,A1
1154,470,Onkar Joshi,36,M,A2
1155,470,Nachiket Setty,41,M,A3
1156,471,Falan Acharya,31,M,A1
1157,471,Liam Sampath,27,M,A2
1158,472,Christopher Khosla,43,M,A1
1159,472,Victor Grover,41,M,A2
1160,472,Akshay Soni,28,M,A3
1161,472,Patrick Lanka,34,M,A4
1162,473,Thomas Mahajan,38,M,A1
1163,473,Chandran Bawa,30,M,A2
1164,473,Siddharth Hari,43,M,A3
1165,474,Aryan Kothari,32,M,A1
1166,474,Imaran Contractor,32,M,A2
1167,475,Rohan Ramaswamy,39,M,A1
1168,475,Imaran Loyal,20,M,A2
1169,475,Devansh Bhatia,19,M,A3
1170,476,Maanas Aggarwal,43,M,A1
1171,477,Jagdish Garde,38,M,A1
1172,478,Ekta Arya,44,F,A1
1173,479,Brinda Garde,39,F,A1
1174,479,Patrick Som,43,M,A2
1175,479,Yash Kota,39,M,A3
1176,479,Christopher Bath,44,M,A4
1177,480,Ethan Chandra,43,M,A1
1178,480,Jyoti Subramaniam,28,F,A2
1179,481,Qabil Shanker,46,M,A1
1180,481,Qushi Mitra,38,F,A2
1181,482,Ethan Roy,44,M,A1
1182,482,Ronith Divan,45,M,A2
1183,482,Ekta Parikh,39,F,A3
1184,482,Alexander Konda,35,M,A4
1185,483,Zansi Gill,26,F,A1
1186,483,Owen Narula,36,M,A2
1187,483,Turvi Majumdar,41,F,A3
1188,483,Ikshita Barman,47,F,A4
1189,484,Ethan Shukla,42,M,A1
1190,484,Maanav Gaba,47,M,A2
1191,484,Widisha Mani,41,F,A3
1192,485,Tanveer Pandey,39,M,A1
1193,485,Aryan Krishnamurthy,41,M,A2
1194,486,Tarak Buch,39,M,A1
1195,487,Nachiket Ghose,34,M,A1
1196,488,Michael Chada,47,M,A1
1197,488,Vihaan Goswami,21,M,A2
1198,489,Vivaan Pandya,42,M,A1
1199,489,Vidhi Salvi,29,F,A2
1200,489,Vihaan Bala,27,M,A3
1201,490,Yashvi Prakash,44,F,A1
1202,490,Manan Bera,33,M,A2
1203,491,Krishna Chhabra,27,M,A1
1204,492,Azaan Dara,43,M,A1
1205,492,Harsh Varty,22,M,A2
1206,493,Harish Contractor,20,M,A1
1207,493,Aadi Dua,19,M,A2
1208,493,Chanakya Kota,26,M,A3
1209,493,Charles Som,44,M,A4
1210,494,George Keer,33,M,A1
1211,494,Theodore Dasgupta,27,M,A2
1212,494,Elijah Bains,25,M,A3
1213,495,Mohini Chaudhry,28,F,A1
1214,495,Qarin Maharaj,40,M,A2
1215,495,Sanya Chhabra,28,F,A3
1216,495,Sathvik Sandal,19,M,A4
1217,496,Ekaraj Sidhu,39,M,A1
1218,497,Priya Vohra,46,F,A1
1219,498,Maya Mitter,38,F,A1
1220,498,Bhavna Sule,44,F,A2
1221,498,Warinder Gole,35,M,A3
1222,498,Dhruv Naik,24,M,A4
1223,499,Kala Char,48,F,A1
1224,499,Zaid Soni,47,M,A2
1225,499,Jack Khalsa,40,M,A3
1226,500,Alexander Ghosh,30,M,A1
1227,500,Chatura Sengupta,46,M,A2
1228,500,Ekalinga Iyengar,32,M,A3
1229,501,Gopal Chadha,19,M,A1
1230,501,Chanakya Jani,40,M,A2
1231,501,Ekaraj Ahluwalia,44,M,A3
1232,501,Samar Bora,40,M,A4
1233,502,Warjas Tella,35,M,A1
1234,502,Pranav Devi,29,M,A2
1235,502,Theodore Sane,24,M,A3
1236,503,Jack Behl,42,M,A1
1237,504,Maanas Borde,44,M,A1
1238,504,Zashil Muni,31,M,A2
1239,504,Barkha Choudhry,24,F,A3
1240,504,Elijah Mall,34,M,A4
1241,505,Bhanumati Dewan,26,F,A1
1242,505,Nitesh Bhatia,34,M,A2
1243,506,Balendra Saha,33,M,A1
1244,506,Ishaan Devi,33,M,A2
1245,506,Wriddhish Dayal,21,M,A3
1246,507,Max Kari,21,M,A1
1247,507,Ayaan Bal,43,M,A2
1248,508,Yatan Sinha,26,M,A1
1249,508,Tanveer Sane,42,M,A2
1250,509,Gunbir Oza,20,M,A1
1251,509,Barkha Khanna,29,F,A2
1252,509,Charita Anne,24,F,A3
1253,509,Triveni Yadav,32,F,A4
1254,510,Lohit Bassi,29,M,A1
1255,510,Parth Konda,29,M,A2
1256,510,Dhruv Rao,37,M,A3
1257,510,Darsh Bose,29,M,A4
1258,511,Tristan Mittal,29,M,A1
1259,511,Naksh Tak,32,M,A2
1260,511,Madhav Konda,44,M,A3
1261,512,Balveer Jani,27,M,A1
1262,513,Quincy Dhar,28,M,A1
1263,513,Jacob Sarraf,24,M,A2
1264,513,Dakshesh Bail,28,M,A3
1265,513,Caleb Mitra,41,M,A4
1266,514,Sanaya Tandon,43,F,A1
1267,514,Rayaan Rajagopalan,41,M,A2
1268,515,Niharika Balay,28,F,A1
1269,516,Ayush Chopra,24,M,A1
1270,516,Maanas Warrior,21,M,A2
1271,516,Imaran Bhatti,44,M,A3
1272,517,Advika Mand,46,F,A1
1273,518,Abeer Dash,27,M,A1
1274,518,Oeshi Lalla,20,F,A2
1275,518,Tristan Shere,41,M,A3
1276,518,Thomas Andra,35,M,A4
1277,519,Ayush Buch,28,M,A1
1278,519,Naksh Bhatt,47,M,A2
1279,520,Ethan Bawa,22,M,A1
1280,521,Azaan Lad,45,M,A1
1281,521,Adweta Pandit,26,F,A2
1282,521,Jacob Palla,23,M,A3
1283,522,Jagat Jani,32,M,A1
1284,523,Ekbal Bakshi,35,M,A1
1285,523,Pranit Nayak,41,M,A2
1286,524,Falan Bal,41,M,A1
1287,524,Hitesh Munshi,44,M,A2
1288,524,Hritik Radhakrishnan,21,M,A3
1289,524,Falan Raj,30,M,A4
1290,525,Warinder Vohra,33,M,A1
1291,525,Nathan Luthra,31,M,A2
1292,525,Manan Kohli,31,M,A3
1293,526,Devika Khosla,36,F,A1
1294,526,Samarth Pathak,40,M,A2
1295,526,Patrick Tiwari,44,M,A3
1296,526,Pratyush Sule,20,M,A4
1297,527,Luke Om,20,M,A1
1298,527,Daniel Bumb,45,M,A2
1299,527,Shivansh Tiwari,38,M,A3
1300,528,Karan Singhal,43,M,A1
1301,528,Dev Bandi,33,M,A2
1302,528,Advik Ganesan,28,M,A3
1303,529,Peter Datta,45,M,A1
1304,529,Jai Memon,35,M,A2
1305,530,Maanav Sood,21,M,A1
1306,531,Qasim Setty,35,M,A1
1307,531,Naveen Sarna,43,M,A2
1308,531,Imaran Sura,27,M,A3
1309,532,Yatin Om,28,M,A1
1310,533,Manan Bera,34,M,A1
1311,533,Nathaniel Gokhale,30,M,A2
1312,534,Lucky Gandhi,48,M,A1
1313,534,Maanas Mahal,35,M,A2
1314,534,Theodore Kapur,37,M,A3
1315,535,Liam Dhaliwal,37,M,A1
1316,536,Gunbir Ahuja,32,M,A1
1317,536,Agastya Pingle,31,M,A2
1318,537,Darpan Saxena,30,M,A1
1319,537,Yatin Lall,28,M,A2
1320,537,Ekapad Mallick,32,M,A3
1321,537,Peter Brar,18,M,A4
1322,538,Nisha Barad,46,F,A1
1323,539,Aarna Korpal,30,F,A1
1324,539,Raghav Kannan,46,M,A2
1325,540,Yuvraj Mandal,34,M,A1
1326,540,Hardik Chakrabarti,35,M,A2
1327,541,Lekha Rai,36,F,A1
1328,542,Jack Master,40,M,A1
1329,542,Max Kannan,31,M,A2
1330,542,Yash Ramanathan,36,M,A3
1331,542,Wridesh Merchant,30,M,A4
1332,543,Dalbir Goda,38,M,A1
1333,544,Kamya Balakrishnan,30,F,A1
1334,545,Simon Rastogi,20,M,A1
1335,545,Avi Loyal,44,M,A2
1336,546,Harshil Choudhary,38,M,A1
1337,546,Mason Dixit,26,M,A2
1338,547,Pratyush Wason,41,M,A1
1339,548,Samuel Kale,30,M,A1
1340,548,Abeer Banik,37,M,A2
1341,549,Anay Magar,21,M,A1
1342,549,Ranbir Rattan,21,M,A2
1343,549,Lopa Chad,35,F,A3
1344,550,Gunbir Muni,33,M,A1
1345,550,Unnati Vala,31,F,A2
1346,550,Matthew Mahal,31,M,A3
1347,551,Indrajit Ray,41,M,A1
1348,551,Wyatt Mane,23,M,A2
1349,551,Rayaan Badal,19,M,A3
1350,552,Isaac Bakshi,43,M,A1
1351,552,Jack Sekhon,40,M,A2
1352,553,Hemang Suri,34,M,A1
1353,554,Forum Bansal,45,F,A1
1354,555,Zaid Munshi,26,M,A1
1355,555,Naveen Shenoy,37,M,A2
1356,556,Raghav Datta,41,M,A1
1357,556,Faris Venkatesh,38,M,A2
1358,557,Zaitra Sur,31,F,A1
1359,557,Shaurya Rastogi,40,M,A2
1360,557,Manya Jaggi,25,F,A3
1361,558,Neel Prabhu,38,M,A1
1362,558,Harrison Taneja,37,M,A2
1363,559,Vihaan Kade,33,M,A1
1364,559,Ekanta Gala,43,F,A2
1365,559,Abdul Nadkarni,20,M,A3
1366,559,Gaurav Doctor,38,M,A4
1367,560,Champak Yogi,31,M,A1
1368,560,Noah Chandra,33,M,A2
1369,560,Vivaan Dugar,23,M,A3
1370,560,Parth Kara,25,M,A4
1371,561,Joshua Jain,31,M,A1
1372,561,Faraj Chauhan,21,M,A2
1373,561,Logan Gokhale,45,M,A3
1374,562,Lakshit Solanki,25,M,A1
1375,562,Frado Agate,31,M,A2
1376,562,Hritik Chand,38,M,A3
1377,562,Ekbal Gala,44,M,A4
1378,563,Thomas Sandal,36,M,A1
1379,563,Nihal Mittal,37,M,A2
1380,564,Balveer Kala,41,M,A1
1381,565,Jeremiah Dara,20,M,A1
1382,566,Girish Raja,26,M,A1
1383,566,Gaurav Anne,23,M,A2
1384,566,Timothy Patel,33,M,A3
1385,566,Aarnav Mukherjee,28,M,A4
1386,567,Wriddhish Rao,41,M,A1
1387,568,Vincent Thaker,45,M,A1
1388,569,Chakrika Saini,47,F,A1
1389,569,Ayaan Sawhney,29,M,A2
1390,569,Naksh Chatterjee,33,M,A3
1391,570,Saksham Saha,48,M,A1
1392,570,Bachittar Hans,43,M,A2
1393,571,Gabriel Aggarwal,29,M,A1
1394,571,Laksh Panchal,40,M,A2
1395,572,Gavin Chadha,21,M,A1
1396,573,Jatin Morar,26,M,A1
1397,573,Dominic Mukherjee,33,M,A2
1398,573,Ranveer Mangat,32,M,A3
1399,573,Pooja Bajwa,39,F,A4
1400,574,Harish Goel,21,M,A1
1401,574,Leela Sarraf,26,F,A2
1402,575,Umang Garde,19,M,A1
1403,575,Reyansh Dugal,31,M,A2
1404,575,Teerth Palan,40,M,A3
1405,576,Henry Kuruvilla,20,M,A1
1406,576,Vivaan Lal,43,M,A2
1407,577,Ranbir Bandi,27,M,A1
1408,577,Damini Parmer,24,F,A2
1409,577,Fariq Sama,29,M,A3
1410,577,Oliver Nayar,30,M,A4
1411,578,Warjas Kohli,29,M,A1
1412,578,Aarnav Andra,23,M,A2
1413,579,Sai Balakrishnan,40,M,A1
1414,579,Fiyaz Mital,46,M,A2
1415,580,Victor Acharya,29,M,A1
1416,580,Harish Gera,47,M,A2
1417,581,Faraj Prasad,23,M,A1
1418,581,William Dutta,40,M,A2
1419,582,Jairaj Char,25,M,A1
1420,582,Devansh Nadkarni,37,M,A2
1421,582,Ryan Narain,36,M,A3
1422,583,Gaurav Keer,40,M,A1
1423,584,Zaid Guha,39,M,A1
1424,584,Hitesh Mittal,37,M,A2
1425,585,Faqid Mane,47,M,A1
1426,586,Chatresh Shroff,46,M,A1
1427,587,Nathaniel Dave,34,M,A1
1428,587,Utkarsh Apte,38,M,A2
1429,588,Oliver Warrior,25,M,A1
1430,588,Daksh Gola,29,M,A2
1431,588,Rehaan Buch,44,M,A3
1432,588,Aarush Nazareth,40,M,A4
1433,589,Anmol Dara,40,M,A1
1434,589,Victor Peri,32,M,A2
1435,589,Qasim Krishnan,29,M,A3
1436,589,Chakradhar Tandon,34,M,A4
1437,590,Abhiram Sekhon,35,M,A1
1438,590,Neha Banik,30,F,A2
1439,591,Gagan Chad,34,M,A1
1440,591,Dev Dhillon,37,M,A2
1441,591,Tanveer Maharaj,35,M,A3
1442,591,Veer Kohli,40,M,A4
1443,592,Balveer Nazareth,38,M,A1
1444,592,Yash Ramanathan,37,M,A2
1445,592,Siddharth Rattan,32,M,A3
1446,593,Jairaj Bawa,27,M,A1
1447,593,Vritti Kale,36,F,A2
1448,593,Laksh Grewal,25,M,A3
1449,593,Yamini Bath,24,F,A4
1450,594,Vihaan Nadkarni,27,M,A1
1451,594,Indrajit Kar,23,M,A2
1452,594,Nicholas Kant,33,M,A3
1453,594,Maanas Sharma,23,M,A4
1454,595,Onkar Nagarajan,41,M,A1
1455,595,Tristan Doshi,29,M,A2
1456,595,Zaid Kade,29,M,A3
1457,596,Hemang Wagle,20,M,A1
1458,597,Alexander Dugal,23,M,A1
1459,598,Dominic Radhakrishnan,34,M,A1
1460,598,Vivaan Deep,25,M,A2
1461,598,Chanakya Randhawa,39,M,A3
1462,598,Hitesh Choudhry,22,M,A4
1463,599,Janani Sahota,48,F,A1
1464,599,Nathaniel Patil,40,M,A2
1465,600,Isaiah Raval,38,M,A1
1466,600,Vincent Mangat,47,M,A2
1467,600,Farhan Goel,39,M,A3
1468,601,Yug Kanda,35,M,A1
1469,601,Gabriel Chaudhari,29,M,A2
1470,601,Shaurya Sahota,42,M,A3
1471,601,Girindra Balakrishnan,39,M,A4
1472,602,Warinder Chand,27,M,A1
1473,602,Advay Ramachandran,19,M,A2
1474,602,Faris Shankar,48,M,A3
1475,603,Ekaja Memon,41,F,A1
1476,603,Amruta Jhaveri,34,F,A2
1477,603,Victor Konda,42,M,A3
1478,603,Jai Goel,40,M,A4
1479,604,Victor Acharya,28,M,A1
1480,604,Jason Shere,32,M,A2
1481,604,Aarush Bali,34,M,A3
1482,605,Advik Sarna,21,M,A1
1483,605,Ayushman Master,39,M,A2
1484,605,Anmol Patla,45,M,A3
1485,605,Thomas Sangha,35,M,A4
1486,606,Qadim Sachar,26,M,A1
1487,606,Karan Lalla,38,M,A2
1488,607,Kalpit Oommen,29,M,A1
1489,607,Tristan Narayanan,39,M,A2
1490,608,Amara Kant,45,F,A1
1491,608,Pratyush Manne,45,M,A2
1492,609,Madhav Rajagopalan,24,M,A1
1493,609,Jhalak Bala,23,F,A2
1494,610,Rajata Trivedi,40,F,A1
1495,610,William Garde,29,M,A2
1496,611,Ranbir Sundaram,45,M,A1
1497,612,Bachittar Oommen,32,M,A1
1498,612,Max Kannan,33,M,A2
1499,612,Mohammed Jhaveri,47,M,A3
1500,613,Abeer Viswanathan,40,M,A1
1501,613,Harrison Patla,41,M,A2
1502,613,Ryan Chaudhary,23,M,A3
1503,614,Jason Kunda,26,M,A1
1504,614,Jason Kari,36,M,A2
1505,614,Hema Baria,35,F,A3
1506,615,Max Bhat,33,M,A1
1507,615,Jhalak Kohli,39,F,A2
1508,615,Kai Gaba,44,M,A3
1509,615,Vincent Chaudhari,23,M,A4
1510,616,Yagnesh Mital,30,M,A1
1511,616,Tanveer Choudhury,18,M,A2
1512,616,Indali Shan,39,F,A3
1513,617,Kevin Wali,40,M,A1
1514,618,Yashoda Singhal,41,F,A1
1515,619,Champak Savant,35,M,A1
1516,620,Mitesh Thaker,36,M,A1
1517,620,Nathaniel Wali,36,M,A2
1518,620,Dalaja Mital,33,F,A3
1519,620,Faras Naik,48,M,A4
1520,621,Sathvik Luthra,36,M,A1
1521,621,Karan Sodhi,47,M,A2
1522,621,Qasim Dhillon,35,M,A3
1523,622,Aarnav Raval,19,M,A1
1524,622,Samarth Pandya,22,M,A2
1525,623,Rayaan Nanda,31,M,A1
1526,623,Hritik Thakur,29,M,A2
1527,623,Laksh Chhabra,38,M,A3
1528,624,Jeet Mammen,35,M,A1
1529,624,Ayushman Chaudhuri,43,M,A2
1530,624,Onveer Majumdar,20,M,A3
1531,625,Faqid Dora,27,M,A1
1532,626,Advay Dey,30,M,A1
1533,626,Naksh Patel,41,M,A2
1534,626,Hredhaan Gour,33,M,A3
1535,626,Vivaan Kari,48,M,A4
1536,627,Advay Dey,35,M,A1
1537,628,Ayushman Vala,31,M,A1
1538,628,Abhiram Sarkar,30,M,A2
1539,628,Zayyan Narain,41,M,A3
1540,628,Lohit Nath,38,M,A4
1541,629,Caleb Sidhu,21,M,A1
1542,629,Balhaar Sankar,34,M,A2
1543,629,Viraj Seth,43,M,A3
1544,629,Noah Bora,46,M,A4
1545,630,Sai Memon,21,M,A1
1546,630,Saumya Bahl,21,F,A2
1547,631,Girindra Divan,37,M,A1
1548,631,Mitesh Golla,30,M,A2
1549,632,Nakul Karpe,44,M,A1
1550,632,Vincent Chaudhari,23,M,A2
1551,632,Harrison Mitter,27,M,A3
1552,632,Simon Madan,43,M,A4
1553,633,Lohit Bath,41,M,A1
1554,633,Tristan Joshi,48,M,A2
1555,633,Arya Sekhon,31,F,A3
1556,634,Vincent Thaker,43,M,A1
1557,634,Chakradhar Gill,37,M,A2
1558,634,Finn Kadakia,44,M,A3
1559,635,William Kumer,38,M,A1
1560,635,Caleb Mitra,39,M,A2
1561,636,Ryan Chaudhry,20,M,A1
1562,636,Pranit Mukherjee,23,M,A2
1563,636,Urishilla Mital,37,F,A3
1564,637,Jeet Goel,44,M,A1
1565,637,Devansh Venkataraman,27,M,A2
1566,638,Farhan Saini,21,M,A1
1567,638,Harita Venkataraman,23,F,A2
1568,638,Gautam Patla,32,M,A3
1569,638,Finn Balan,34,M,A4
1570,639,Noah Balakrishnan,21,M,A1
1571,639,Anay Dhawan,39,M,A2
1572,639,Arin Zacharia,28,M,A3
1573,639,Zaitra Gara,22,F,A4
1574,640,Thomas Desai,40,M,A1
1575,640,Nachiket Soni,22,M,A2
1576,641,Indira Dass,35,F,A1
1577,641,Dhruv Dhar,27,M,A2
1578,641,Benjamin Chandran,26,M,A3
1579,642,George Mitra,22,M,A1
1580,642,Vihaan Venkatesh,24,M,A2
1581,642,Dominic Narang,40,M,A3
1582,642,Rachit Dhillon,42,M,A4
1583,643,Faris Ranganathan,24,M,A1
1584,643,Abdul Srivastava,28,M,A2
1585,644,Thomas Dalal,28,M,A1
1586,644,Yasti Nazareth,29,F,A2
1587,644,Girik Kumer,44,M,A3
1588,644,Widisha Shan,47,F,A4
1589,645,Unni Bal,23,F,A1
1590,645,Champak Karan,30,M,A2
1591,645,Dayamai Dara,24,F,A3
1592,646,Rushil Vaidya,34,M,A1
1593,646,Ekavir Kapadia,34,M,A2
1594,646,Hardik Pandya,36,M,A3
1595,647,Fiyaz Prasad,39,M,A1
1596,648,Arya Rattan,31,F,A1
1597,648,Robert Vig,22,M,A2
1598,648,Wazir Sidhu,43,M,A3
1599,648,Ekansh Mital,27,M,A4
1600,649,Ekaraj Dhawan,46,M,A1
1601,649,Gaurika Kibe,37,F,A2
1602,649,Fariq Saini,45,M,A3
1603,649,Indali Kothari,34,F,A4
1604,650,Nihal Apte,40,M,A1
1605,650,Nachiket Viswanathan,32,M,A2
1606,651,Utkarsh Dube,43,M,A1
1607,651,Onkar Magar,32,M,A2
1608,651,Rayaan Kumer,20,M,A3
1609,651,Viraj Sandhu,39,M,A4
1610,652,Chaitanya Patil,33,M,A1
1611,652,Yug Sankaran,25,M,A2
1612,653,Jeremiah Parikh,31,M,A1
1613,653,Abeer Chaudhuri,40,M,A2
1614,653,Jairaj Talwar,28,M,A3
1615,653,Urishilla Lata,37,F,A4
1616,654,Pranit Sama,28,M,A1
1617,654,Anusha Palan,38,F,A2
1618,654,Victor Virk,36,M,A3
1619,655,Madhav Sachar,44,M,A1
1620,656,Arjun Nair,33,M,A1
1621,656,Karan Dyal,19,M,A2
1622,657,Chandresh Chana,33,M,A1
1623,657,Naksh Tank,43,M,A2
1624,657,Rayaan Jain,30,M,A3
1625,658,Abhiram Choudhury,24,M,A1
1626,658,Mohammed Toor,25,M,A2
1627,658,Hemal Rao,39,F,A3
1628,659,Rushil Deol,46,M,A1
1629,659,Charles Memon,20,M,A2
1630,660,Yug Kapur,45,M,A1
1631,660,Jason Kara,25,M,A2
1632,660,Hritik Dhillon,22,M,A3
1633,660,Manbir Kohli,27,M,A4
1634,661,Rishi Lal,22,M,A1
1635,662,Nathaniel Zachariah,35,M,A1
1636,663,Naksh Cheema,33,M,A1
1637,664,Tejas Bhattacharyya,34,M,A1
1638,664,Advay Sen,38,M,A2
1639,665,Amrita Swaminathan,34,F,A1
1640,665,Chakradhar Ratta,40,M,A2
1641,665,Ekalinga Randhawa,44,M,A3
1642,665,Upkaar Mukherjee,41,M,A4
1643,666,Darpan Bobal,35,M,A1
1644,666,Zilmil Sachdev,29,F,A2
1645,667,Alexander Talwar,29,M,A1
1646,667,Noah Chakraborty,39,M,A2
1647,667,Saksham Ram,43,M,A3
1648,668,Zaid Chana,22,M,A1
1649,668,Leena Ratti,46,F,A2
1650,668,Ishaan Panchal,35,M,A3
1651,669,Rachit Chandran,27,M,A1
1652,669,Aadi Wadhwa,19,M,A2
1653,669,Aarnav Narain,31,M,A3
1654,669,Michael Bala,33,M,A4
1655,670,Garima Prasad,20,F,A1
1656,670,Thomas Goel,36,M,A2
1657,671,Nachiket Manne,36,M,A1
1658,672,Nicholas Kant,35,M,A1
1659,672,Faras Nazareth,27,M,A2
1660,672,Saumya Sem,45,F,A3
1661,672,Bachittar Nigam,36,M,A4
1662,673,Daniel Prabhu,31,M,A1
1663,673,Bhanumati Srinivasan,46,F,A2
1664,673,Chakradev Nagi,21,M,A3
1665,674,Saksham Saran,38,M,A1
1666,674,Chakrika Swaminathan,34,F,A2
1667,674,Yatan Chawla,47,M,A3
1668,675,Ayaan Wable,23,M,A1
1669,676,Girindra Pandey,38,M,A1
1670,676,Teerth Trivedi,44,M,A2
1671,676,Girindra Ahluwalia,46,M,A3
1672,677,Naksh Tak,30,M,A1
1673,677,Odika Bora,26,F,A2
1674,678,Maanav Agrawal,38,M,A1
1675,678,Noah Goel,26,M,A2
1676,678,Ishaan Prabhu,42,M,A3
1677,678,Veda Das,19,F,A4
1678,679,Madhavi Rout,45,F,A1
1679,680,Widisha Kulkarni,22,F,A1
1680,680,Balvan Zacharia,31,M,A2
1681,680,Rudra Barman,41,M,A3
1682,681,Gauri Suresh,45,F,A1
1683,681,Gavin Yadav,39,M,A2
1684,681,Fiyaz Kunda,36,M,A3
1685,682,Harrison Chadha,37,M,A1
1686,683,Wriddhish Chopra,27,M,A1
1687,683,Ishwar Barad,44,M,A2
1688,683,George Chacko,30,M,A3
1689,684,Zayan Gulati,30,M,A1
1690,685,Pushti Shere,34,F,A1
1691,685,Ayaan Raman,24,M,A2
1692,685,Faraj Manne,35,M,A3
1693,686,Amaira Sastry,29,F,A1
1694,686,Jason Wadhwa,45,M,A2
1695,687,Dayita Bhattacharyya,41,F,A1
1696,687,Abhiram Gara,18,M,A2
1697,687,Qasim Barad,28,M,A3
1698,687,Charles Kaur,36,M,A4
1699,688,Balhaar Bahri,37,M,A1
1700,688,Reyansh Mandal,39,M,A2
1701,688,Umang Khanna,27,M,A3
1702,688,Jeremiah Pai,29,M,A4
1703,689,Gagan Rama,34,M,A1
1704,689,Faris Pillai,32,M,A2
1705,690,Frederick Dalal,44,M,A1
1706,690,Dev Pandit,25,M,A2
1707,691,Gunbir Sha,44,M,A1
1708,691,Max Kannan,32,M,A2
1709,691,Tristan Rama,42,M,A3
1710,692,Harshil Korpal,31,M,A1
1711,692,Girish Hayer,42,M,A2
1712,692,Vincent Rege,27,M,A3
1713,693,Onveer Lal,18,M,A1
1714,693,Samuel Behl,45,M,A2
1715,694,Tarak Gole,30,M,A1
1716,694,Advik Jhaveri,27,M,A2
1717,694,Gabriel Mahajan,33,M,A3
1718,694,Suhani Hora,18,F,A4
1719,695,Chanakya Bhattacharyya,45,M,A1
1720,696,Naksh Parikh,47,M,A1
1721,696,Kai Gaba,46,M,A2
1722,696,Faqid Kala,21,M,A3
1723,696,Bachittar Patil,19,M,A4
1724,697,Zashil Ramachandran,39,M,A1
1725,697,Faqid Gade,24,M,A2
1726,698,Chanakya Baral,21,M,A1
1727,698,Rayaan Solanki,19,M,A2
1728,698,William Garde,24,M,A3
1729,699,Omkaar Chada,44,M,A1
1730,699,Bakhshi Goel,38,M,A2
1731,699,Mason Ramesh,39,M,A3
1732,700,Sathvik Gara,43,M,A1
1733,700,Jonathan Handa,28,M,A2
1734,701,Karan Sen,34,M,A1
1735,702,Aashi Bahl,43,F,A1
1736,702,Ranveer Iyengar,36,M,A2
1737,703,Oviya Peri,40,F,A1
1738,704,Lila Chacko,19,F,A1
1739,704,Brijesh Nagar,36,M,A2
1740,705,Imaran Bhatti,41,M,A1
1741,705,Ganga Tandon,23,F,A2
1742,705,Faraj Khalsa,34,M,A3
1743,705,Baljiwan Andra,45,M,A4
1744,706,Chatresh Dara,21,M,A1
1745,706,Ekaraj Iyengar,38,M,A2
1746,707,Balveer Ram,35,M,A1
1747,707,Zilmil Hans,37,F,A2
1748,708,Maanas Bhat,42,M,A1
1749,708,George Tripathi,28,M,A2
1750,709,Girindra Dasgupta,42,M,A1
1751,709,Girindra Grover,42,M,A2
1752,709,Ishaan Gaba,37,M,A3
1753,709,Neelima Sachar,35,F,A4
1754,710,Faris Bhattacharyya,35,M,A1
1755,710,Azad Tak,43,M,A2
1756,710,Bhanumati Sani,24,F,A3
1757,711,Umang Parmar,40,M,A1
1758,711,Reva Tata,21,F,A2
1759,712,Samarth Shroff,29,M,A1
1760,713,Faraj Dhar,28,M,A1
1761,713,Shaurya Bakshi,24,M,A2
1762,713,Nathan Raj,33,M,A3
1763,714,Champak Babu,40,M,A1
1764,715,Ishaan Gupta,33,M,A1
1765,715,Zaid Sant,33,M,A2
1766,715,Fariq Sura,39,M,A3
1767,716,Mohini Dhaliwal,27,F,A1
1768,716,Yug Kalita,37,M,A2
1769,717,Onkar Prakash,34,M,A1
1770,718,Reva Sahni,30,F,A1
1771,718,Henry Narain,28,M,A2
1772,718,Naksh Soni,32,M,A3
1773,719,Ishwar Khalsa,38,M,A1
1774,720,Rehaan Divan,37,M,A1
1775,720,Ojas Mahajan,23,M,A2
1776,720,Chaitaly Wadhwa,44,F,A3
1777,720,Abeer Swamy,27,M,A4
1778,721,Gopal Majumdar,26,M,A1
1779,721,Qabil Bhargava,41,M,A2
1780,722,Nathaniel Sundaram,28,M,A1
1781,722,Harish Guha,45,M,A2
1782,722,Manbir Bhat,26,M,A3
1783,723,Advik Balakrishnan,28,M,A1
1784,723,Balveer Pillay,21,M,A2
1785,724,Naksh Chokshi,23,M,A1
1786,724,Nidhi Maharaj,40,F,A2
1787,725,Abhiram Dasgupta,41,M,A1
1788,726,Neel Randhawa,38,M,A1
1789,726,Omisha Banerjee,30,F,A2
1790,726,Neel Baral,30,M,A3
1791,726,Dominic Taneja,33,M,A4
1792,727,Samuel Oza,39,M,A1
1793,727,Yatin Rattan,25,M,A2
1794,727,Sathvik Randhawa,41,M,A3
1795,728,Isaiah Srinivas,40,M,A1
1796,728,Ansh Kanda,27,M,A2
1797,728,Faraj Devan,29,M,A3
1798,728,Neel Ram,31,M,A4
1799,729,Ishwar Swamy,22,M,A1
1800,730,Rushil Kala,23,M,A1
1801,730,Aarush Manda,39,M,A2
1802,731,Kabir Natt,38,M,A1
1803,732,Upkaar Balakrishnan,43,M,A1
1804,732,Brijesh Dash,45,M,A2
1805,732,Samaksh Jayaraman,19,M,A3
1806,732,Hemang Buch,41,M,A4
1807,733,Harish Misra,28,M,A1
1808,733,Max Patel,39,M,A2
1809,733,Avi Karpe,34,M,A3
1810,733,Ikbal Vaidya,35,M,A4
1811,734,Harrison Patla,43,M,A1
1812,734,Nihal Shankar,37,M,A2
1813,734,Fitan Swamy,21,M,A3
1814,734,Luke Kothari,23,M,A4
1815,735,Vedant Din,33,M,A1
1816,736,Avi Pillai,31,M,A1
1817,736,Ikshita Sampath,39,F,A2
1818,736,Baljiwan Mammen,23,M,A3
1819,736,Advay Mishra,46,M,A4
1820,737,Wriddhish Chopra,29,M,A1
1821,737,Harsh Dara,27,M,A2
1822,738,Krishna Bajaj,38,M,A1
1823,738,Azad Dua,40,M,A2
1824,739,Yuvraj Sankaran,28,M,A1
1825,740,Meera Manda,30,F,A1
1826,740,Harrison Loke,23,M,A2
1827,740,Laban Guha,29,M,A3
1828,740,Udarsh Agarwal,33,M,A4
1829,741,Qabil Chakrabarti,39,M,A1
1830,741,Vedant Sodhi,37,M,A2
1831,741,Ridhi Prabhu,18,F,A3
1832,742,Madhav Divan,38,M,A1
1833,742,Samar Parsa,33,M,A2
1834,743,Vidhi Seshadri,30,F,A1
1835,744,Rudra Bumb,48,M,A1
1836,744,Daksh Thaker,35,M,A2
1837,744,Charles Agrawal,46,M,A3
1838,745,Yutika Ramaswamy,35,F,A1
1839,745,Parth Reddy,42,M,A2
1840,745,Simon Dhar,24,M,A3
1841,745,Isaiah Setty,24,M,A4
1842,746,Henry Char,29,M,A1
1843,746,Advik Babu,47,M,A2
1844,746,Manbir Dara,22,M,A3
1845,747,Saksham Anne,25,M,A1
1846,748,Tanish Sridhar,28,M,A1
1847,748,Dalaja Vaidya,34,F,A2
1848,748,Yatan Balay,33,M,A3
1849,749,Siddharth Panchal,32,M,A1
1850,749,Amara Rai,24,F,A2
1851,750,Utkarsh Raghavan,34,M,A1
1852,751,Upkaar Kalita,28,M,A1
1853,751,Champak Anne,47,M,A2
1854,751,Amrita Toor,35,F,A3
1855,751,Bakhshi Thakkar,29,M,A4
1856,752,Gagan Seth,29,M,A1
1857,753,Hardik Subramaniam,35,M,A1
1858,754,Isaac Oak,42,M,A1
1859,754,Ishwar Saxena,22,M,A2
1860,754,Chandresh Gala,43,M,A3
1861,755,Chatresh Sahota,20,M,A1
1862,755,Anay Mallick,21,M,A2
1863,756,Praneel Soman,23,M,A1
1864,756,Zehaan Kohli,37,M,A2
1865,756,Darpan Bajwa,39,M,A3
1866,756,Caleb Grover,23,M,A4
1867,757,Dalbir Baral,27,M,A1
1868,757,Harrison Din,34,M,A2
1869,757,Ekalinga Raman,37,M,A3
1870,758,Zaitra Lata,37,F,A1
1871,759,Chandran Gera,27,M,A1
1872,760,Fitan Koshy,38,M,A1
1873,760,Radhika Kar,40,F,A2
1874,761,Ridhi Raman,46,F,A1
1875,761,Isaiah Datta,31,M,A2
1876,761,Samar Dugar,38,M,A3
1877,762,Elijah Baral,44,M,A1
1878,762,Aarnav Narain,29,M,A2
1879,762,Qadim Palla,25,M,A3
1880,763,Mitesh Singhal,30,M,A1
1881,764,Mason Dixit,28,M,A1
1882,765,Nirja Naik,36,F,A1
1883,766,Yochana Sabharwal,33,F,A1
1884,766,Kevin Samra,40,M,A2
1885,767,Harshil Nazareth,22,M,A1
1886,767,Yadavi Prasad,38,F,A2
1887,768,Ishaan Gaba,41,M,A1
1888,769,David Puri,34,M,A1
1889,769,Aarav Bhavsar,42,M,A2
1890,770,Tanay Suri,29,M,A1
1891,771,Pratyush Bhagat,22,M,A1
1892,771,Bhavya Mall,21,F,A2
1893,772,Anmol Bhasin,24,M,A1
1894,773,Imaran Loke,26,M,A1
1895,773,Jagat Doshi,44,M,A2
1896,774,Krishna Sunder,26,M,A1
1897,774,Champak Koshy,27,M,A2
1898,774,Indrajit Khurana,47,M,A3
1899,774,Fitan Ghose,48,M,A4
1900,775,Teerth Raju,29,M,A1
1901,775,Ishaan Gaba,38,M,A2
1902,775,Jalsa Kata,22,F,A3
1903,775,Banjeet Rege,30,M,A4
1904,776,Urmi Viswanathan,29,F,A1
1905,776,Naveen Bail,23,M,A2
1906,776,Zehaan Rama,23,M,A3
1907,776,Harshil Pradhan,40,M,A4
1908,777,Ikbal Murthy,44,M,A1
1909,777,Samaksh Mahal,36,M,A2
1910,777,Maanav Kashyap,25,M,A3
1911,778,Upkaar Bains,39,M,A1
1912,779,Chaitanya Sarkar,27,M,A1
1913,779,Owen Karnik,29,M,A2
1914,780,Imaran Varughese,21,M,A1
1915,780,Andrew Raj,35,M,A2
1916,780,Arjun Karnik,22,M,A3
1917,781,Balveer Vohra,43,M,A1
1918,781,Upkaar Dixit,22,M,A2
1919,781,Ekavir Sarin,25,M,A3
1920,781,Idika Karnik,47,F,A4
1921,782,Mitali Singhal,38,F,A1
1922,782,Fiyaz Keer,39,M,A2
1923,783,Gaurav Walla,46,M,A1
1924,783,Vihaan Venkatesh,24,M,A2
1925,783,Vihaan Pillay,32,M,A3
1926,783,Faraj Walla,34,M,A4
1927,784,Arjun Singh,27,M,A1
1928,784,Hritik Radhakrishnan,22,M,A2
1929,784,Ekaja Khurana,31,F,A3
1930,784,Liam Shere,44,M,A4
1931,785,Ansh Bhavsar,33,M,A1
1932,786,Rudra Raval,46,M,A1
1933,787,Balhaar Pillai,22,M,A1
1934,787,Dalbir Sachar,44,M,A2
1935,788,Hritik Saran,41,M,A1
1936,788,Umang Dey,30,M,A2
1937,788,Rudra Konda,19,M,A3
1938,788,Abhiram Karan,36,M,A4
1939,789,Quincy Jayaraman,30,M,A1
1940,789,Dhruv Sagar,22,M,A2
1941,790,Avi Palla,36,M,A1
1942,790,Reyansh Sant,29,M,A2
1943,790,Manan Pant,47,M,A3
1944,790,Anusha Srinivas,37,F,A4
1945,791,Krishna Bhasin,39,M,A1
1946,791,Ikbal Verma,40,M,A2
1947,791,Advik Sen,21,M,A3
1948,792,Theodore Sura,24,M,A1
1949,793,Ekavir Hegde,24,M,A1
1950,794,Anya Mitter,34,F,A1
1951,794,Ekalinga Hayer,23,M,A2
1952,795,Wyatt Bhatti,36,M,A1
1953,796,Veda Oommen,41,F,A1
1954,796,Vrinda Kuruvilla,31,F,A2
1955,797,Jason Kara,46,M,A1
1956,797,Teerth Subramanian,36,M,A2
1957,797,Nitesh Upadhyay,27,M,A3
1958,798,Faraj Chaudhari,19,M,A1
1959,798,Samuel Ratta,24,M,A2
1960,798,Noah Mistry,32,M,A3
1961,799,Samaksh Sankaran,29,M,A1
1962,799,Sarthak Solanki,28,M,A2
1963,800,Hredhaan Ravi,31,M,A1
1964,800,Jacob Mangat,28,M,A2
1965,800,Gayathri Nayar,28,F,A3
1966,801,Benjamin Anand,38,M,A1
1967,801,Tanish Tailor,28,M,A2
1968,801,Faqid Behl,28,M,A3
1969,802,Qadim Parikh,38,M,A1
1970,802,Anmol Gandhi,45,M,A2
1971,802,Noah Chaudhry,47,M,A3
1972,803,Frederick Raman,25,M,A1
1973,803,Darika Loke,31,F,A2
1974,803,Balendra Mane,42,M,A3
1975,803,Bhavini Shere,46,F,A4
1976,804,Lucky Balay,24,M,A1
1977,805,Michael Memon,41,M,A1
1978,805,Shaurya Keer,41,M,A2
1979,805,Nihal Kade,30,M,A3
1980,805,Vihaan Dixit,29,M,A4
1981,806,Falan Borah,35,M,A1
1982,807,Anay Patla,26,M,A1
1983,808,Girik Tank,41,M,A1
1984,808,Rushil Naik,24,M,A2
1985,808,Ekalinga Narain,38,M,A3
1986,808,Nisha Gour,32,F,A4
1987,809,Ekaraj Khatri,35,M,A1
1988,810,Quincy Nazareth,46,M,A1
1989,810,Charles Subramanian,28,M,A2
1990,810,Hitesh Divan,32,M,A3
1991,810,Zayyan Mahal,25,M,A4
1992,811,Jason Kara,45,M,A1
1993,811,Ojas Badami,22,M,A2
1994,811,Azad Som,31,M,A3
1995,811,Vincent Kashyap,37,M,A4
1996,812,Ishwar Kumar,36,M,A1
1997,813,Ronith Divan,47,M,A1
1998,813,Rushil Agate,24,M,A2
1999,813,Arjun Borra,34,M,A3
2000,814,Dalbir Keer,27,M,A1
2001,814,Nitesh Goel,37,M,A2
2002,815,Wriddhish Bail,41,M,A1
2003,816,Ishani Gade,39,F,A1
2004,816,Chanakya Mani,46,M,A2
2005,816,Bakhshi Bose,45,M,A3
2006,816,Darsh Aggarwal,38,M,A4
2007,817,Om Dara,36,M,A1
2008,817,Darsh Srivastava,46,M,A2
2009,817,Benjamin Parekh,39,M,A3
2010,818,Noah Chaudhry,45,M,A1
2011,819,Onkar Ramachandran,22,M,A1
2012,819,Damini Vala,22,F,A2
2013,819,Utkarsh Murthy,43,M,A3
2014,819,Hitesh Ganesh,21,M,A4
2015,820,Rishi Nagy,34,M,A1
2016,820,Hardik Barman,25,M,A2
2017,821,Aarush Murty,33,M,A1
2018,822,Ekansh Solanki,29,M,A1
2019,823,Jason Muni,23,M,A1
2020,823,Manan Barad,26,M,A2
2021,823,Baghyawati Mital,29,F,A3
2022,823,Kai Raghavan,28,M,A4
2023,824,Baljiwan Tara,30,M,A1
2024,824,Mason Ray,43,M,A2
2025,824,Agastya Mane,42,M,A3
2026,824,George Chander,22,M,A4
2027,825,Gavin Kala,44,M,A1
2028,825,Jack Bawa,22,M,A2
2029,825,Nachiket Buch,33,M,A3
2030,825,Manthan Chaudhry,35,M,A4
2031,826,Krish Ben,33,M,A1
2032,826,Bakhshi Chandra,21,M,A2
2033,826,Chatresh Sood,38,M,A3
2034,827,Gauri Kota,29,F,A1
2035,827,Oliver Ganguly,25,M,A2
2036,827,Charles Badal,23,M,A3
2037,828,Girindra Tailor,26,M,A1
2038,828,Rehaan Divan,37,M,A2
2039,828,Bhanumati Sani,36,F,A3
2040,828,Nitesh Upadhyay,27,M,A4
2041,829,Maanas Luthra,31,M,A1
2042,829,David Salvi,45,M,A2
2043,829,Ishaan Devi,36,M,A3
2044,830,Darpan Kothari,34,M,A1
2045,830,Anmol Kashyap,27,M,A2
2046,831,Henry Choudhry,26,M,A1
2047,831,Samuel Chhabra,38,M,A2
2048,831,Harshil Sekhon,32,M,A3
2049,832,Falan Raj,29,M,A1
2050,833,Yash Suresh,24,M,A1
2051,833,Tejas Bawa,34,M,A2
2052,833,Aarav Sant,19,M,A3
2053,833,Fariq Bhat,26,M,A4
2054,834,Unni Atwal,26,F,A1
2055,834,Bachittar Sha,32,M,A2
2056,834,Max Kapur,18,M,A3
2057,834,Harish Majumdar,46,M,A4
2058,835,Theodore Deol,44,M,A1
2059,835,Jacob Sunder,44,M,A2
2060,835,Imaran Upadhyay,30,M,A3
2061,835,Dayamai Loyal,35,F,A4
2062,836,Chatresh Khurana,28,M,A1
2063,837,Yuvraj Wadhwa,27,M,A1
2064,838,Simon Krishnamurthy,38,M,A1
2065,839,Ranveer Sodhi,39,M,A1
2066,839,Isaiah Raval,38,M,A2
2067,839,Jason Nair,41,M,A3
2068,839,Om Parikh,34,M,A4
2069,840,Charan Devan,25,M,A1
2070,840,Samesh Bassi,26,M,A2
2071,840,Vivaan Sachar,24,M,A3
2072,840,Charan Sastry,35,M,A4
2073,841,Andrew Kunda,21,M,A1
2074,842,Chakradhar Oak,37,M,A1
2075,843,Maanav Agrawal,40,M,A1
2076,843,Fiyaz Ahuja,36,M,A2
2077,844,Aachal Sane,35,F,A1
2078,844,Pranav Sethi,39,M,A2
2079,845,Laksh Chhabra,35,M,A1
2080,845,Jackson Bath,21,M,A2
2081,845,Guneet Kadakia,25,M,A3
2082,845,Dominic Merchant,21,M,A4
2083,846,Ekansh Mital,25,M,A1
2084,846,Azad Dutt,38,M,A2
2085,846,Ranbir Amble,38,M,A3
2086,847,Hitesh Bora,27,M,A1
2087,848,Kiaan Venkatesh,38,M,A1
2088,849,Kalpit Kala,22,M,A1
2089,849,Guneet Ravi,28,M,A2
2090,849,Raghav Wason,24,M,A3
2091,849,Ishaan Gaba,41,M,A4
2092,850,Ekansh Bera,28,M,A1
2093,850,Sai Balakrishnan,39,M,A2
2094,851,Omkaar Vohra,44,M,A1
2095,851,Leela Lal,48,F,A2
2096,852,Chaitanya Vasa,37,M,A1
2097,852,Timothy Bora,26,M,A2
2098,852,Banjeet Nagy,38,M,A3
2099,852,Fitan Majumdar,35,M,A4
2100,853,Fitan Bumb,29,M,A1
2101,853,Ikshita Srivastava,23,F,A2
2102,853,Theodore Yohannan,32,M,A3
2103,853,Ayush Bal,41,M,A4
2104,854,Chatresh Khurana,29,M,A1
2105,854,Brijesh Divan,42,M,A2
2106,854,Maanas Swaminathan,35,M,A3
2107,855,Naksh Raghavan,33,M,A1
2108,856,Anthony Bawa,35,M,A1
2109,857,Falan Ravel,37,M,A1
2110,857,Darsh Keer,29,M,A2
2111,857,Ronith Divan,43,M,A3
2112,857,Falan Luthra,39,M,A4
2113,858,Anmol Singhal,43,M,A1
2114,858,Lohit Bath,42,M,A2
2115,859,Raagini Badal,35,F,A1
2116,859,Dev Bhattacharyya,39,M,A2
2117,860,David Wadhwa,27,M,A1
2118,861,Ranbir Guha,26,M,A1
2119,862,Ekta Ratta,38,F,A1
2120,863,Manthan Dutt,18,M,A1
2121,864,Jeremiah Butala,31,M,A1
2122,864,Anusha Ramakrishnan,46,F,A2
2123,864,Robert Dugar,34,M,A3
2124,865,Advay Chad,29,M,A1
2125,866,Zayyan Bajaj,28,M,A1
2126,867,Manya Narula,39,F,A1
2127,868,Barkha Manne,44,F,A1
2128,868,Harsh Kalita,46,M,A2
2129,868,Peter Hari,34,M,A3
2130,869,Utkarsh Vora,33,M,A1
2131,869,Jairaj Bawa,26,M,A2
2132,870,Chakradev Hora,26,M,A1
2133,870,Hritik Desai,30,M,A2
2134,870,Ojasvi Kara,30,F,A3
2135,870,Samar Banerjee,36,M,A4
2136,871,Ishita Bala,21,F,A1
2137,871,Chatresh Natt,19,M,A2
2138,871,Daksh Datta,39,M,A3
2139,872,Sarthak Aggarwal,28,M,A1
2140,872,Rohan Pillai,26,M,A2
2141,873,Chatura Zacharia,37,M,A1
2142,873,Isaiah Kashyap,39,M,A2
2143,874,Balhaar Khatri,26,M,A1
2144,874,Laksh Nayak,41,M,A2
2145,874,Shaurya Bose,46,M,A3
2146,875,Om Khanna,43,M,A1
2147,875,Anmol Taneja,33,M,A2
2148,876,Devika Dave,19,F,A1
2149,876,Aditya Basak,38,M,A2
2150,877,Reyansh Dube,30,M,A1
2151,877,Balhaar Nagi,45,M,A2
2152,878,Yashoda Goswami,33,F,A1
2153,878,Chatura Sunder,28,M,A2
2154,878,Simon Dhar,41,M,A3
2155,879,Max Ahluwalia,44,M,A1
2156,879,Gunbir Oommen,32,M,A2
2157,879,Jagat Sood,42,M,A3
2158,879,Samar Batra,36,M,A4
2159,880,Aditya Batta,39,M,A1
2160,880,Bhavini Mann,33,F,A2
2161,880,Vihaan Bora,39,M,A3
2162,880,Gavin Babu,22,M,A4
2163,881,Manbir Dhillon,32,M,A1
2164,881,Faras Naik,44,M,A2
2165,881,Peter Dayal,26,M,A3
2166,882,Gunbir Gill,39,M,A1
2167,882,Chatura Goyal,39,M,A2
2168,883,Samar Bajaj,38,M,A1
2169,883,Faras Rao,34,M,A2
2170,884,Pratyush Kohli,44,M,A1
2171,884,Abhiram Mane,23,M,A2
2172,884,Orinder Reddy,40,M,A3
2173,885,Samaksh Parmer,31,M,A1
2174,885,Azad Dutt,40,M,A2
2175,885,Teerth Lata,24,M,A3
2176,886,George Tripathi,28,M,A1
2177,886,Tanay Chaudhari,39,M,A2
2178,886,Girish Wadhwa,30,M,A3
2179,887,Anusha Balan,31,F,A1
2180,888,Ayaan Dada,47,M,A1
2181,888,Zayan Jaggi,36,M,A2
2182,889,Arjun Bhatti,24,M,A1
2183,889,Ayaan Mallick,43,M,A2
2184,889,Manan Bora,28,M,A3
2185,890,Timothy Sabharwal,19,M,A1
2186,890,Aryan Pillay,31,M,A2
2187,890,Logan Madan,39,M,A3
2188,890,Yachana Sastry,36,F,A4
2189,891,Ekaraj Rau,19,M,A1
2190,891,Dhruv Devan,41,M,A2
2191,891,Aditya Chanda,31,M,A3
2192,892,Karan Bhavsar,25,M,A1
2193,893,Dominic Murthy,32,M,A1
2194,894,Vinaya Buch,33,F,A1
2195,894,Abdul Jayaraman,28,M,A2
2196,894,Kiaan Venkatesh,38,M,A3
2197,894,Charan Brar,42,M,A4
2198,895,Dominic Sibal,27,M,A1
2199,895,Orinder Puri,46,M,A2
2200,895,Girish Kamdar,30,M,A3
2201,895,Baljiwan Minhas,22,M,A4
2202,896,Ekavir Randhawa,29,M,A1
2203,896,Anthony Chandra,38,M,A2
2204,896,Lakshit Mane,23,M,A3
2205,897,Frederick Grover,36,M,A1
2206,898,Shaurya Garg,18,M,A1
2207,898,Yatan Sarma,34,M,A2
2208,898,Tanay Kata,38,M,A3
2209,899,Azaan Lad,46,M,A1
2210,899,Umang Bajaj,32,M,A2
2211,899,Tanish Rau,42,M,A3
2212,899,Utkarsh Sridhar,44,M,A4
2213,900,Abhimanyu Patla,27,M,A1
2214,900,Riya Zachariah,29,F,A2
2215,900,Brijesh Garg,25,M,A3
2216,901,Ronith Pau,40,M,A1
2217,901,Oliver Zacharia,33,M,A2
2218,901,Charles Lanka,30,M,A3
2219,902,Ekaraj Narang,39,M,A1
2220,903,Abhiram Dutt,34,M,A1
2221,903,Maanas Sharma,23,M,A2
2222,904,Jeremiah Tripathi,41,M,A1
2223,905,Brijesh Mander,42,M,A1
2224,906,Robert Sridhar,47,M,A1
2225,907,Ranveer Brahmbhatt,33,M,A1
2226,907,Vihaan Talwar,20,M,A2
2227,908,Guneet Tak,23,M,A1
2228,909,Harish Ratti,21,M,A1
2229,909,Andrew Kunda,24,M,A2
2230,910,Meera Goda,45,F,A1
2231,911,Ekaraj Pandit,28,M,A1
2232,911,Girik Koshy,29,M,A2
2233,911,Krish Raman,31,M,A3
2234,911,Gunbir Chauhan,43,M,A4
2235,912,Wyatt Gokhale,22,M,A1
2236,912,Robert Ganesh,36,M,A2
2237,912,Saksham Kant,42,M,A3
2238,913,Rohan Pingle,18,M,A1
2239,913,Dakshesh Raju,37,M,A2
2240,913,Agastya Suri,35,M,A3
2241,914,Aarush Hari,29,M,A1
2242,915,Wridesh Sule,28,M,A1
2243,916,Qabil Kade,41,M,A1
2244,916,Nikita Chakrabarti,38,F,A2
2245,916,Manan Setty,37,M,A3
2246,917,Gabriel Pau,21,M,A1
2247,917,Ubika Soni,33,F,A2
2248,918,Darika Mander,22,F,A1
2249,918,Andrew Pandya,35,M,A2
2250,918,Vedant Rajagopal,40,M,A3
2251,918,Warjas Bhasin,31,M,A4
2252,919,Abdul Nadkarni,19,M,A1
2253,919,Sai Gaba,20,M,A2
2254,919,Noah Sangha,43,M,A3
2255,919,Ayush Nair,25,M,A4
2256,920,Om Uppal,45,M,A1
2257,920,Logan Nori,25,M,A2
2258,920,Qabil Nadig,29,M,A3
2259,920,Hemal Thakkar,18,F,A4
2260,921,Anusha Basak,43,F,A1
2261,922,Hemang Ahluwalia,25,M,A1
2262,923,Simon Gopal,34,M,A1
2263,923,Lucky Mitter,39,M,A2
2264,923,Rehaan Raju,26,M,A3
2265,923,Ekbal Tata,38,M,A4
2266,924,Qadim Varma,44,M,A1
2267,924,Ranbir Amble,40,M,A2
2268,925,Girish Bhatnagar,46,M,A1
2269,926,Chakradev Venkatesh,35,M,A1
2270,926,Sarthak Lala,24,M,A2
2271,926,Fariq Jani,35,M,A3
2272,927,Vedant Goel,44,M,A1
2273,928,Pratyush Lata,25,M,A1
2274,928,Ekansh Raghavan,22,M,A2
2275,929,Rohan Bera,45,M,A1
2276,930,Vasudha Kale,37,F,A1
2277,930,Timothy Kalla,34,M,A2
2278,930,Akshay Nanda,43,M,A3
2279,931,Frederick Chaudhuri,43,M,A1
2280,932,Jagat Ganesan,35,M,A1
2281,932,Qabil Konda,44,M,A2
2282,932,Nathaniel Morar,26,M,A3
2283,933,Ojas Lal,32,M,A1
2284,933,Zaid Dada,29,M,A2
2285,933,Udant Sarna,21,M,A3
2286,934,Vivaan Vyas,40,M,A1
2287,934,Daksh Kala,40,M,A2
2288,934,Omisha Devi,47,F,A3
2289,934,Dhruv Dixit,40,M,A4
2290,935,Anya Lanka,45,F,A1
2291,935,Viraj Venkataraman,27,M,A2
2292,935,Owen Kade,35,M,A3
2293,935,Yasti Parikh,39,F,A4
2294,936,Harrison Badal,41,M,A1
2295,936,Matthew Keer,21,M,A2
2296,936,Banjeet Nagi,45,M,A3
2297,937,Chakradhar Bajaj,25,M,A1
2298,937,Geetika Pall,29,F,A2
2299,938,Vrinda Butala,39,F,A1
2300,938,Yahvi Chander,21,F,A2
2301,938,Eta Rao,30,F,A3
2302,938,Faqid Doshi,27,M,A4
2303,939,Dayita Raja,39,F,A1
2304,939,Charles Dayal,37,M,A2
2305,939,Anusha Ramakrishnan,43,F,A3
2306,939,Ansh Dara,26,M,A4
2307,940,Andrew Memon,43,M,A1
2308,940,Tanveer Rai,36,M,A2
2309,940,Hemang Yadav,34,M,A3
2310,941,Chandresh Chana,40,M,A1
2311,941,Advay Rana,23,M,A2
2312,941,Om Anand,20,M,A3
2313,941,Faras Naik,48,M,A4
2314,942,Devansh Badal,43,M,A1
2315,943,Yuvraj Badal,40,M,A1
2316,944,Ikshita Samra,28,F,A1
2317,944,Omisha Zacharia,32,F,A2
2318,944,Rishi Mohanty,22,M,A3
2319,945,Avi Sami,37,M,A1
2320,945,Pratyush Edwin,45,M,A2
2321,945,Kala Talwar,46,F,A3
2322,946,Brijesh Sankar,21,M,A1
2323,947,Onveer Nagarajan,21,M,A1
2324,947,Gauri Amble,44,F,A2
2325,948,Yuvraj Seth,34,M,A1
2326,948,Siddharth Morar,45,M,A2
2327,948,Qasim Savant,33,M,A3
2328,949,Jeremiah Srinivasan,26,M,A1
2329,949,Ekapad Krishnamurthy,41,M,A2
2330,949,Teerth Agate,29,M,A3
2331,949,Anya Bhargava,42,F,A4
2332,950,Umang Rastogi,47,M,A1
2333,950,Chakradev Suresh,23,M,A2
2334,951,Ethan Balasubramanian,35,M,A1
2335,951,Onveer Bhat,31,M,A2
2336,952,Upkaar Chaudry,32,M,A1
2337,952,Avi Shere,39,M,A2
2338,953,Harish Rattan,33,M,A1
2339,953,Deepa Hegde,45,F,A2
2340,953,Adweta Saran,42,F,A3
2341,953,Owen Wali,25,M,A4
2342,954,Alexander Jayaraman,32,M,A1
2343,954,Aarnav Nath,35,M,A2
2344,954,Harish Rau,47,M,A3
2345,954,Thomas Kumar,30,M,A4
2346,955,Ekapad Soman,35,M,A1
2347,956,Simon Chaudhry,27,M,A1
2348,956,Oni Bakshi,32,F,A2
2349,956,Dalbir Bedi,44,M,A3
2350,956,Krishna Devan,25,M,A4
2351,957,Bahadurjit Madan,36,M,A1
2352,957,Nakul Krish,34,M,A2
2353,957,Nathan Gera,39,M,A3
2354,957,Joshua Thaker,19,M,A4
2355,958,Isaac Bhattacharyya,37,M,A1
2356,958,Vincent Sarna,20,M,A2
2357,958,Sarthak Raja,45,M,A3
2358,959,Aryan Sundaram,23,M,A1
2359,960,Yasti Mann,23,F,A1
2360,960,Udant Aurora,39,M,A2
2361,960,Kevin Gandhi,43,M,A3
2362,960,Ekaraj Bal,28,M,A4
2363,961,Baghyawati Dutt,36,F,A1
2364,961,Leela Chandran,33,F,A2
2365,961,Jacob Pingle,32,M,A3
2366,961,Ethan Choudhury,34,M,A4
2367,962,Sudiksha Lad,26,F,A1
2368,962,Ekapad Dyal,32,M,A2
2369,963,Theodore Apte,30,M,A1
2370,963,Azaan Bal,36,M,A2
2371,964,Saksham Chand,26,M,A1
2372,965,Siddharth Thaman,23,M,A1
2373,965,Vincent Ramanathan,34,M,A2
2374,965,Aryan Loke,21,M,A3
2375,965,Peter Karnik,19,M,A4
2376,966,Peter Sane,25,M,A1
2377,966,Yug Kothari,28,M,A2
2378,966,Yagnesh Mander,20,M,A3
2379,967,Raghav Rajagopal,40,M,A1
2380,967,Kevin Sanghvi,27,M,A2
2381,967,Kiaan Sethi,36,M,A3
2382,968,Ekavir Dutta,33,M,A1
2383,969,Yashasvi Kapadia,23,F,A1
2384,970,Tejas Devan,38,M,A1
2385,970,Rudra Srinivasan,22,M,A2
2386,971,Hredhaan Chowdhury,32,M,A1
2387,972,Girik Kothari,24,M,A1
2388,973,Gayathri Parsa,29,F,A1
2389,973,Matthew Tandon,43,M,A2
2390,974,Maanav Mahal,38,M,A1
2391,975,Kai Yohannan,37,M,A1
2392,975,Aarav Rattan,32,M,A2
2393,976,Ronith Puri,39,M,A1
2394,976,Ekapad Basu,33,M,A2
2395,976,Siddharth Yohannan,29,M,A3
2396,977,Nachiket Chana,32,M,A1
2397,978,Ayush Sridhar,32,M,A1
2398,978,Jatin Raj,43,M,A2
2399,978,Parth Comar,22,M,A3
2400,979,Naksh Kothari,32,M,A1
2401,980,Advik Mitra,37,M,A1
2402,981,Arjun Memon,31,M,A1
2403,981,Raghav Mahal,37,M,A2
2404,981,Tanveer Tank,22,M,A3
2405,982,Siddharth Patla,28,M,A1
2406,982,Timothy Oak,24,M,A2
2407,982,Umang Morar,38,M,A3
2408,983,Kai Ravel,39,M,A1
2409,983,Dhruv Gour,25,M,A2
2410,984,Oliver Palan,27,M,A1
2411,985,Nandini Golla,43,F,A1
2412,986,Balveer Goel,33,M,A1
2413,986,Chandresh Chanda,47,M,A2
2414,986,Zayan Krishnamurthy,40,M,A3
2415,987,Wridesh Talwar,32,M,A1
2416,987,Guneet Buch,30,M,A2
2417,987,Praneel Sawhney,37,M,A3
2418,987,Laban Sehgal,34,M,A4
2419,988,Ishwar Srinivas,33,M,A1
2420,988,Ishaan Sani,43,M,A2
2421,988,Sanya Walia,22,F,A3
2422,989,Gagan Mukherjee,35,M,A1
2423,990,Pratyush Loyal,30,M,A1
2424,991,Luke Sibal,32,M,A1
2425,991,Elijah Hegde,42,M,A2
2426,991,Daksh Dey,23,M,A3
2427,991,Faraj Sem,40,M,A4
2428,992,Harshil Kibe,37,M,A1
2429,993,Azaan Bhavsar,22,M,A1
2430,993,Krishna Barman,26,F,A2
2431,993,Ekapad Basu,34,M,A3
2432,993,Nitesh Hayer,38,M,A4
2433,994,Kiaan Karnik,45,M,A1
2434,994,Ishwar Mody,38,M,A2
2435,994,Andrew Chawla,42,M,A3
2436,995,Joshua Kumar,24,M,A1
2437,995,Leena Lala,43,F,A2
2438,995,Avi Wali,44,M,A3
2439,995,Pratyush Bhatti,41,M,A4
2440,996,Falak Yadav,40,F,A1
2441,996,Jacob Sunder,47,M,A2
2442,997,Wridesh Deol,26,M,A1
2443,998,Chaitanya Zachariah,35,M,A1
2444,999,Jeevika Sengupta,40,F,A1
2445,999,Jacob Khanna,35,M,A2
2446,999,Faqid Chowdhury,30,M,A3
2447,1000,Hitesh Ganesh,18,M,A1
2448,1001,Mason Dixit,28,M,A1
2449,1002,Reyansh Shenoy,21,M,A1
2450,1002,Ranveer Contractor,44,M,A2
2451,1002,Amruta Trivedi,38,F,A3
2452,1003,Chakradhar Mani,27,M,A1
2453,1004,Arjun Subramanian,41,M,A1
2454,1005,Anay Aggarwal,21,M,A1
2455,1005,Abhiram Shankar,41,M,A2
2456,1005,Gavin Aggarwal,40,M,A3
2457,1006,Baljiwan Narula,47,M,A1
2458,1007,Abeer Ramaswamy,39,M,A1
2459,1008,Aadi Sekhon,39,M,A1
2460,1009,Shaurya Jain,32,M,A1
2461,1010,Rishi Sharaf,20,M,A1
2462,1010,Utkarsh Murthy,44,M,A2
2463,1011,Faris Biswas,26,M,A1
2464,1011,Warinder Wadhwa,30,M,A2
2465,1011,Balhaar Patla,23,M,A3
2466,1011,Qasim Sanghvi,26,M,A4
2467,1012,Advay Chahal,29,M,A1
2468,1012,Tanveer Parmer,46,M,A2
2469,1013,Balhaar Shenoy,31,M,A1
2470,1014,Jonathan Thaman,43,M,A1
2471,1014,Wriddhish Chopra,28,M,A2
2472,1015,Elijah Mand,24,M,A1
2473,1015,Saksham Devi,41,M,A2
2474,1015,Kiaan Goel,25,M,A3
2475,1016,Rajeshri Lata,40,F,A1
2476,1017,Aradhana Nagar,35,F,A1
2477,1017,Zayyan Date,42,M,A2
2478,1017,Ekavir Date,25,M,A3
2479,1017,Yadavi Acharya,45,F,A4
2480,1018,Jonathan Thaman,42,M,A1
2481,1018,Ekansh Mallick,39,M,A2
2482,1018,Gaurang Thakur,40,M,A3
2483,1019,Xavier Venkatesh,37,M,A1
2484,1020,Robert Prakash,29,M,A1
2485,1020,Wridesh Bhatti,42,M,A2
2486,1020,Parth Bhargava,24,M,A3
2487,1020,Dalbir Prabhu,38,M,A4
2488,1021,Azad Dutt,38,M,A1
2489,1021,Anya Patil,44,F,A2
2490,1021,Urvi Bera,24,F,A3
2491,1022,Farhan Saini,19,M,A1
2492,1022,Tanveer Murthy,47,M,A2
2493,1022,Aarnav Sule,34,M,A3
2494,1023,Samuel Padmanabhan,34,M,A1
2495,1023,Kabir Mallick,27,M,A2
2496,1024,Benjamin Kala,28,M,A1
2497,1024,Andrew Kuruvilla,27,M,A2
2498,1024,Arin Dube,43,M,A3
2499,1025,Theodore Kunda,20,M,A1
2500,1025,Om Doshi,39,M,A2
2501,1025,Ayushman Ravi,26,M,A3
2502,1026,Zayan Hayer,33,M,A1
2503,1026,Hema Nadkarni,34,F,A2
2504,1026,Rayaan Misra,43,M,A3
2505,1026,Ekapad Zachariah,25,M,A4
2506,1027,Pranit Sen,34,M,A1
2507,1027,Patrick Buch,37,M,A2
2508,1028,Nicholas Chhabra,22,M,A1
2509,1028,Yatin More,35,M,A2
2510,1028,Charan Kaur,26,M,A3
2511,1028,Chakrika Chaudhry,43,F,A4
2512,1029,Frado Bajwa,46,M,A1
2513,1029,Qasim Kaur,25,M,A2
2514,1030,Naksh Parikh,41,M,A1
2515,1030,Dhruv Devan,42,M,A2
2516,1030,Abdul Dugar,33,M,A3
2517,1030,Aryan Brar,31,M,A4
2518,1031,Amol Sarma,26,M,A1
2519,1032,Peter Pau,45,M,A1
2520,1033,Maanas Kalita,35,M,A1
2521,1033,Abeer Jani,37,M,A2
2522,1033,Aarav Mall,28,M,A3
2523,1034,Indrajit Nayar,33,M,A1
2524,1034,Praneel Pal,32,M,A2
2525,1034,Rachit Oak,23,M,A3
2526,1035,Ayushman Reddy,22,M,A1
2527,1035,Abeer Bahl,30,M,A2
2528,1035,Tanish Bhargava,31,M,A3
2529,1036,Dev Kamdar,24,M,A1
2530,1036,Maanas Mohanty,33,M,A2
2531,1036,Isaiah Bail,24,M,A3
2532,1036,Ronith Swaminathan,40,M,A4
2533,1037,Ikbal Dyal,26,M,A1
2534,1037,Abdul Bora,31,M,A2
2535,1037,Hitesh Raghavan,21,M,A3
2536,1038,Chatresh Sharaf,21,M,A1
2537,1038,George Bhat,24,M,A2
2538,1039,Champak Boase,21,M,A1
2539,1039,Amol Baral,31,M,A2
2540,1039,Arin Parekh,31,M,A3
2541,1039,Aarnav Zachariah,40,M,A4
2542,1040,Dalbir Chakrabarti,25,M,A1
2543,1040,Ronith Sawhney,33,M,A2
2544,1041,Oliver Seshadri,31,M,A1
2545,1041,Girik Chahal,27,M,A2
2546,1042,Jack Khosla,38,M,A1
2547,1042,Gaurav Anand,36,M,A2
2548,1042,Veer Pingle,38,M,A3
2549,1043,Advik Date,40,M,A1
2550,1044,Girindra Sankar,42,M,A1
2551,1044,Chandran Garg,26,M,A2
2552,1044,Patrick Vohra,42,M,A3
2553,1045,Chatresh Choudhury,32,M,A1
2554,1046,Anthony Bedi,34,M,A1
2555,1046,Jagat Srinivas,42,M,A2
2556,1046,Bahadurjit Prashad,23,M,A3
2557,1047,Frado Sood,28,M,A1
2558,1047,Aachal Bhagat,38,F,A2
2559,1048,Jonathan Chakrabarti,41,M,A1
2560,1048,Maya Sur,27,F,A2
2561,1048,Hitesh Deep,37,M,A3
2562,1049,Manya Dixit,31,F,A1
2563,1050,Eesha Chauhan,35,F,A1
2564,1050,Bakhshi Goel,38,M,A2
2565,1051,Guneet Agate,35,M,A1
2566,1051,Orinder Kashyap,22,M,A2
2567,1051,Vedant Sharaf,41,M,A3
2568,1052,Balhaar Singh,22,M,A1
2569,1052,Ranbir Baria,40,M,A2
2570,1052,Ikbal Dar,34,M,A3
2571,1052,Karan Kota,25,M,A4
2572,1053,Shaurya Sur,29,M,A1
2573,1054,Sathvik Ramaswamy,26,M,A1
2574,1054,Anmol Rajagopal,23,M,A2
2575,1054,Ronith Dua,30,M,A3
2576,1054,Ronith Pathak,25,M,A4
2577,1055,Mason Bansal,41,M,A1
2578,1056,Aayush Mittal,45,M,A1
2579,1057,Daniel Chakrabarti,22,M,A1
2580,1057,Ethan Kumer,28,M,A2
2581,1057,Samesh Devan,24,M,A3
2582,1057,Naveen Lata,43,M,A4
2583,1058,Ranveer Lall,29,M,A1
2584,1059,Victor Grover,29,M,A1
2585,1059,Ayush Patla,38,M,A2
2586,1059,Isaiah Korpal,20,M,A3
2587,1060,Samaksh Bala,42,M,A1
2588,1060,Kiaan Pingle,23,M,A2
2589,1061,Sai Loyal,35,M,A1
2590,1061,Harish Patel,30,M,A2
2591,1062,Logan Date,18,M,A1
2592,1062,Hema Oza,45,F,A2
2593,1062,Qasim Bains,45,M,A3
2594,1063,George Rastogi,20,M,A1
2595,1064,Daksh Khatri,20,M,A1
2596,1064,Utkarsh Majumdar,37,M,A2
2597,1064,Jagdish Pillai,31,M,A3
2598,1065,Jatin Dugar,23,M,A1
2599,1066,Charles Badami,39,M,A1
2600,1067,Ekavir Dara,30,M,A1
2601,1067,Qarin Sekhon,39,M,A2
2602,1067,Meera Nadkarni,35,F,A3
2603,1067,Henry Patil,24,M,A4
2604,1068,Daksh Tank,24,M,A1
2605,1068,Finn Bakshi,20,M,A2
2606,1068,Tarak Buch,41,M,A3
2607,1068,Panini Divan,38,F,A4
2608,1069,Ryan Naik,22,M,A1
2609,1069,Girindra Hayer,24,M,A2
2610,1069,Aarav Choudhury,45,M,A3
2611,1070,Naksh Butala,21,M,A1
2612,1071,Girik Nagarajan,23,M,A1
2613,1072,Rushil Wadhwa,44,M,A1
2614,1072,Yachana Gala,48,F,A2
2615,1072,Frado Sood,30,M,A3
2616,1073,Tarak Subramanian,23,M,A1
2617,1073,Parth Dube,43,M,A2
2618,1074,Jacob Divan,37,M,A1
2619,1074,Faqid Savant,23,M,A2
2620,1074,Girish Vig,28,M,A3
2621,1074,Aadi Mani,44,M,A4
2622,1075,Caleb Tripathi,41,M,A1
2623,1075,Anay Singh,34,M,A2
2624,1075,Chandani Bawa,28,F,A3
2625,1076,Harish Raj,20,M,A1
2626,1077,Rudra Chaudhry,38,M,A1
2627,1077,Indrajit Goswami,24,M,A2
2628,1077,Yatin Saran,38,M,A3
2629,1078,Timothy Lala,29,M,A1
2630,1079,Damyanti Master,32,F,A1
2631,1079,Faraj Pal,38,M,A2
2632,1079,George Gokhale,37,M,A3
2633,1080,Robert Kibe,40,M,A1
2634,1081,Lakshit Cheema,27,M,A1
2635,1081,Aarush Sunder,19,M,A2
2636,1082,Sanya Ghosh,47,F,A1
2637,1083,Azad Murthy,35,M,A1
2638,1083,Wazir Bath,47,M,A2
2639,1083,Odika Krishnamurthy,22,F,A3
2640,1084,Onveer Narayan,33,M,A1
2641,1084,Laban Badal,40,M,A2
2642,1084,Raghav Kakar,24,M,A3
2643,1084,Umang Taneja,29,M,A4
2644,1085,Teerth Dutt,43,M,A1
2645,1085,Balendra Taneja,21,M,A2
2646,1085,Isaiah Raval,40,M,A3
2647,1086,Urmi Viswanathan,32,F,A1
2648,1086,Saksham Shere,34,M,A2
2649,1087,Tanay Swaminathan,34,M,A1
2650,1088,Theodore Ramachandran,36,M,A1
2651,1089,Hemang More,31,M,A1
2652,1089,Devika Chand,25,F,A2
2653,1089,Nitesh More,24,M,A3
2654,1090,Arin Dutt,34,M,A1
2655,1091,Ranbir Magar,48,M,A1
2656,1092,Mohammed Saran,27,M,A1
2657,1093,Harrison Rajan,44,M,A1
2658,1093,Tanay Bandi,40,M,A2
2659,1093,Oni Bali,24,F,A3
2660,1094,Wahab Issac,44,M,A1
2661,1094,Sanya Magar,22,F,A2
2662,1095,Isaac Nagi,45,M,A1
2663,1095,Aryan Prabhakar,39,M,A2
2664,1095,Aayush Gola,32,M,A3
2665,1095,Pushti Choudhary,22,F,A4
2666,1096,Naksh Mann,41,M,A1
2667,1096,Ronith Palla,24,M,A2
2668,1097,Lekha Master,45,F,A1
2669,1097,Mitesh Kurian,22,M,A2
2670,1097,Michael Dara,26,M,A3
2671,1097,Jason Kibe,40,M,A4
2672,1098,Frederick Dhingra,27,M,A1
2673,1098,Arjun Narasimhan,43,M,A2
2674,1098,Devansh Sood,27,M,A3
2675,1098,Krishna Chaudhry,41,M,A4
2676,1099,Nihal Mitra,31,M,A1
2677,1099,Balvan Mittal,22,M,A2
2678,1099,Gopal Mangat,28,M,A3
2679,1100,Ansh Mittal,21,M,A1
2680,1101,Ekta Parekh,27,F,A1
2681,1101,Ekansh Contractor,31,M,A2
2682,1101,Vihaan Nath,47,M,A3
2683,1102,Ikbal Biswas,45,M,A1
2684,1103,Chaman Bora,41,F,A1
2685,1103,Qasim Bava,39,M,A2
2686,1104,Ekansh Bandi,38,M,A1
2687,1105,Chatura Bahl,24,M,A1
2688,1105,Jack Seshadri,41,M,A2
2689,1105,Zayyan Randhawa,23,M,A3
2690,1105,Amol Murthy,22,M,A4
2691,1106,Luke Bhatt,30,M,A1
2692,1107,Arjun Gade,21,M,A1
2693,1107,Logan Sami,31,M,A2
2694,1107,Anusha Palan,38,F,A3
2695,1107,Omkaar Golla,44,M,A4
2696,1108,Aayush Deshpande,35,M,A1
2697,1109,Faras Naik,47,M,A1
2698,1109,Advay Kanda,43,M,A2
2699,1109,Jonathan Rege,20,M,A3
2700,1109,Thomas Bir,21,M,A4
2701,1110,Tanay Dhar,37,M,A1
2702,1110,Oscar Murty,45,M,A2
2703,1110,Ayush Ghose,24,M,A3
2704,1110,Qasim Kade,44,M,A4
2705,1111,Janaki Madan,34,F,A1
2706,1111,Zayan Krishnamurthy,42,M,A2
2707,1111,Arin Datta,23,M,A3
2708,1111,Veer Bir,44,M,A4
2709,1112,Ayush Sarna,22,M,A1
2710,1112,Kai Shere,34,M,A2
2711,1112,Wazir Tandon,45,M,A3
2712,1113,Faraj Singh,26,M,A1
2713,1114,Sanya Ramesh,31,F,A1
2714,1114,Joshua Tripathi,45,M,A2
2715,1114,Jatin Sunder,45,M,A3
2716,1114,Girindra Seth,27,M,A4
2717,1115,Prisha Sagar,28,F,A1
2718,1115,Balhaar Sha,29,M,A2
2719,1115,Xavier Manne,40,M,A3
2720,1115,Isaiah Dora,29,M,A4
2721,1116,Gabriel Gill,39,M,A1
2722,1117,Falan Dhawan,26,M,A1
2723,1117,Riya Goda,44,F,A2
2724,1117,Naveen Lad,29,M,A3
2725,1117,Gopal Hayer,47,M,A4
2726,1118,Timothy Badami,18,M,A1
2727,1118,Zayan Venkataraman,24,M,A2
2728,1118,Noah Arora,37,M,A3
2729,1118,Vincent Bail,31,M,A4
2730,1119,Udarsh Taneja,34,M,A1
2731,1119,Gavin Ranganathan,46,M,A2
2732,1120,Jackson Loyal,26,M,A1
2733,1121,Devansh Bhatia,21,M,A1
2734,1121,Fariq Parmer,21,M,A2
2735,1121,Abhiram Sahota,39,M,A3
2736,1122,Ekani Bala,22,F,A1
2737,1122,Farhan Dora,28,M,A2
2738,1123,Nakul Ratti,27,M,A1
2739,1123,Tejas Konda,26,M,A2
2740,1124,Ansh Sankar,39,M,A1
2741,1124,Baljiwan Nayak,39,M,A2
2742,1124,Agastya Nori,33,M,A3
2743,1125,Anthony Mahajan,35,M,A1
2744,1125,Farhan Bhatt,27,M,A2
2745,1125,Gaurang Doshi,23,M,A3
2746,1126,Urishilla Sahni,40,F,A1
2747,1127,Zilmil Narain,38,F,A1
2748,1127,Barkha Ramachandran,22,F,A2
2749,1128,Timothy Vohra,26,M,A1
2750,1128,Jason Murthy,43,M,A2
2751,1129,Ikbal Minhas,44,M,A1
2752,1130,Bishakha Hans,37,F,A1
2753,1130,Abhiram Mody,22,M,A2
2754,1130,Arin Mane,25,M,A3
2755,1130,Jonathan Wali,46,M,A4
2756,1131,Chakradev Sinha,31,M,A1
2757,1131,Faraj Ray,28,M,A2
2758,1131,Chanakya Dyal,26,M,A3
2759,1131,Christopher Bahri,32,M,A4
2760,1132,Faris Zacharia,19,M,A1
2761,1132,Gunbir Randhawa,33,M,A2
2762,1132,Chanakya Aggarwal,23,M,A3
2763,1133,Faris Sahni,24,M,A1
2764,1133,Azaan Bhasin,37,M,A2
2765,1133,Rushil Walla,21,M,A3
2766,1133,Finn Shankar,37,M,A4
2767,1134,Samar Chacko,33,M,A1
2768,1134,Quincy Murty,24,M,A2
2769,1135,Balhaar Singh,18,M,A1
2770,1135,Charles Kota,40,M,A2
2771,1135,Michael Chopra,48,M,A3
2772,1136,Chandran Zachariah,36,M,A1
2773,1136,Owen Grover,35,M,A2
2774,1136,Bhavika Wadhwa,24,F,A3
2775,1136,Omaja Bahri,43,F,A4
2776,1137,Aarush Yohannan,39,M,A1
2777,1137,Kiaan Kota,26,M,A2
2778,1137,Devansh Sibal,23,M,A3
2779,1138,Netra Palla,39,F,A1
2780,1138,Gaurav Badal,34,M,A2
2781,1138,Abdul Issac,47,M,A3
2782,1139,Frederick Pandya,38,M,A1
2783,1139,Ekapad Naik,36,M,A2
2784,1139,Om Uppal,42,M,A3
2785,1139,Harsh Morar,30,M,A4
2786,1140,Ekanta Bajaj,42,F,A1
2787,1140,Krish Soman,42,M,A2
2788,1141,Advay Aggarwal,37,M,A1
2789,1142,Ekansh Raghavan,19,M,A1
2790,1142,Tejas Rana,29,M,A2
2791,1143,Onveer Jhaveri,32,M,A1
2792,1143,Chatresh Rai,25,M,A2
2793,1143,Akshay Lanka,44,M,A3
2794,1143,Nakul Anne,32,M,A4
2795,1144,Dhriti Balay,26,F,A1
2796,1144,Ryan Dewan,44,M,A2
2797,1144,Brijesh Dash,45,M,A3
2798,1145,Aditya Gola,39,M,A1
2799,1145,Jonathan Parmer,24,M,A2
2800,1146,Ansh Narayan,30,M,A1
2801,1146,Michael Zachariah,43,M,A2
2802,1146,Warjas Lala,26,M,A3
2803,1146,Ekalinga Kumar,32,M,A4
2804,1147,Udant Prabhakar,41,M,A1
2805,1147,Arunima Acharya,41,F,A2
2806,1148,Rachana Jani,23,F,A1
2807,1148,Rachita Ram,30,F,A2
2808,1149,Atharv Thakkar,41,M,A1
2809,1150,Sarthak Banerjee,27,M,A1
2810,1151,Manbir Mitter,36,M,A1
2811,1151,Ekaja Bassi,28,F,A2
2812,1151,Warhi Mahal,41,F,A3
2813,1152,Orinder Sarin,36,M,A1
2814,1153,Noah Keer,28,M,A1
2815,1153,Manan Sarraf,42,M,A2
2816,1153,Kai Tara,25,M,A3
2817,1153,Wriddhish Ramachandran,31,M,A4
2818,1154,Kala Warrior,41,F,A1
2819,1155,Maanas Nath,19,M,A1
2820,1156,Warinder Khalsa,37,M,A1
2821,1157,Naveen Nair,25,M,A1
2822,1157,Gautam Mody,32,M,A2
2823,1158,Dalbir Thakkar,42,M,A1
2824,1159,Atharv Wadhwa,36,M,A1
2825,1159,Pratyush Morar,25,M,A2
2826,1160,Hredhaan Parikh,22,M,A1
2827,1160,Neha Sarma,33,F,A2
2828,1161,Ojas Kashyap,24,M,A1
2829,1161,Alexander Kapadia,31,M,A2
2830,1161,David Wagle,30,M,A3
2831,1161,Shivansh Chacko,40,M,A4
2832,1162,Zehaan Warrior,36,M,A1
2833,1162,Bhavna Pandit,25,F,A2
2834,1163,Azad Munshi,24,M,A1
2835,1163,Darsh Saxena,30,M,A2
2836,1163,Samarth Narain,40,M,A3
2837,1164,Rachana Sandal,44,F,A1
2838,1164,Ijaya Master,30,F,A2
2839,1164,Rayaan Taneja,44,M,A3
2840,1164,Wriddhish Savant,26,M,A4
2841,1165,Shaurya Rastogi,42,M,A1
2842,1166,Onkar Ben,31,M,A1
2843,1167,Wriddhish Kari,32,M,A1
2844,1167,Jackson Oak,46,M,A2
2845,1167,Champak Chada,33,M,A3
2846,1168,Lakshit Varkey,23,M,A1
2847,1168,Veer Prabhakar,26,M,A2
2848,1169,Dev Vasa,40,M,A1
2849,1170,Ekapad Mistry,24,M,A1
2850,1171,Mason Lala,22,M,A1
2851,1172,Charles Butala,21,M,A1
2852,1173,Banjeet Korpal,32,M,A1
2853,1173,Balveer Maharaj,40,M,A2
2854,1173,Abdul Bajaj,27,M,A3
2855,1173,Damini Saxena,47,F,A4
2856,1174,Rachit Chakraborty,43,M,A1
2857,1174,Zayyan Yohannan,35,M,A2
2858,1174,Suhani Hora,20,F,A3
2859,1175,Darsh Khosla,22,M,A1
2860,1175,Abdul Kothari,40,M,A2
2861,1176,Darsh Kohli,30,M,A1
2862,1176,Ansh Bhargava,23,M,A2
2863,1177,Nihal Bhat,21,M,A1
2864,1177,Mason Kala,20,M,A2
2865,1177,Ishanvi Rattan,30,F,A3
2866,1177,Girish Bhatnagar,43,M,A4
2867,1178,Balveer Kalla,22,M,A1
2868,1178,Sai Korpal,44,M,A2
2869,1178,Qushi Khurana,28,F,A3
2870,1178,Aarini Nath,27,F,A4
2871,1179,Sanya Prashad,37,F,A1
2872,1179,Yagnesh Grewal,46,M,A2
2873,1180,Krishna Ramaswamy,43,F,A1
2874,1180,Ekalinga Trivedi,37,M,A2
2875,1181,Gauri Sama,39,F,A1
2876,1182,Bakhshi Sachar,24,M,A1
2877,1183,Samarth Lanka,27,M,A1
2878,1184,Ekanta Swaminathan,38,F,A1
2879,1184,Aayush Lalla,30,M,A2
2880,1184,Yagnesh Saini,38,M,A3
2881,1184,Siddharth Desai,21,M,A4
2882,1185,Ishwar Nadig,33,M,A1
2883,1185,Advay Sabharwal,41,M,A2
2884,1185,Shaurya Tandon,42,M,A3
2885,1186,Zayyan Yadav,23,M,A1
2886,1187,Daksh Khalsa,45,M,A1
2887,1187,Utkarsh Deshpande,48,M,A2
2888,1188,Simon Dar,37,M,A1
2889,1188,Rehaan Madan,41,M,A2
2890,1188,Harrison Mody,26,M,A3
2891,1189,Harshil Singhal,27,M,A1
2892,1189,Praneel Vala,25,M,A2
2893,1189,Jackson Kala,40,M,A3
2894,1190,Abeer Chowdhury,35,M,A1
2895,1190,Jai Memon,32,M,A2
2896,1190,Gopal Vala,44,M,A3
2897,1191,Bahadurjit Garde,23,M,A1
2898,1191,Brijesh Banerjee,42,M,A2
2899,1191,Umang Shenoy,21,M,A3
2900,1192,Ayaan Talwar,30,M,A1
2901,1192,Daksha Kale,27,F,A2
2902,1193,Ekbal Dhawan,34,M,A1
2903,1193,Viraj Bala,28,M,A2
2904,1193,Faqid Ramakrishnan,45,M,A3
2905,1193,Samar Jayaraman,44,M,A4
2906,1194,Advika Lanka,39,F,A1
2907,1194,Gabriel Saini,33,M,A2
2908,1195,Tanveer Chaudhary,46,M,A1
2909,1196,Ayaan Doshi,46,M,A1
2910,1196,Amol Nayak,20,M,A2
2911,1196,Rohan Sachdeva,22,M,A3
2912,1197,Vyanjana Munshi,23,F,A1
2913,1197,Ayushman Char,22,M,A2
2914,1198,Upkaar Garg,27,M,A1
2915,1199,Baljiwan Ramakrishnan,47,M,A1
2916,1200,Daksh Tandon,32,M,A1
2917,1200,Fiyaz Biswas,21,M,A2
2918,1200,Aarush Sha,29,M,A3
2919,1200,Niharika Konda,38,F,A4
2920,1201,Ekbal Chander,43,M,A1
2921,1202,Abhiram Magar,26,M,A1
2922,1202,Udant Som,23,M,A2
2923,1203,Isaiah De,44,M,A1
2924,1204,Daksh Raja,45,M,A1
2925,1205,Girish Bhatnagar,46,M,A1
2926,1205,Samaksh Mangal,38,M,A2
2927,1206,Ranveer Bhargava,26,M,A1
2928,1207,Max Kannan,33,M,A1
2929,1208,Chatresh Khurana,28,M,A1
2930,1208,Brijesh Sarkar,42,M,A2
2931,1209,Nicholas Karpe,25,M,A1
2932,1209,Lipika Uppal,34,F,A2
2933,1210,Nathaniel Mahal,46,M,A1
2934,1210,Girik Divan,37,M,A2
2935,1210,Karan Lalla,36,M,A3
2936,1211,Nitesh Agarwal,43,M,A1
2937,1211,Siddharth Morar,43,M,A2
2938,1211,Ikbal Agate,22,M,A3
2939,1211,Advaith Badami,46,M,A4
2940,1212,Darsh Krishnan,42,M,A1
2941,1212,Gabriel Sura,23,M,A2
2942,1213,Faqid Keer,29,M,A1
2943,1213,Yug Jaggi,29,M,A2
2944,1213,Victor Basu,27,M,A3
2945,1213,Aayush Nayar,25,M,A4
2946,1214,Advay Varma,40,M,A1
2947,1215,Chanakya Virk,40,M,A1
2948,1215,Nitara Chanda,40,F,A2
2949,1215,Kai Narayan,38,M,A3
2950,1216,Abeer Biswas,32,M,A1
2951,1216,Ishani Naik,35,F,A2
2952,1217,Lucky Mahajan,18,M,A1
2953,1217,Brijesh Sankar,19,M,A2
2954,1218,Ayush Devi,26,M,A1
2955,1218,Abhiram Dewan,38,M,A2
2956,1219,Mitali Agarwal,22,F,A1
2957,1219,Rohan Dhaliwal,29,M,A2
2958,1219,Oscar Tella,41,M,A3
2959,1219,Yuvraj Lala,33,M,A4
2960,1220,Samesh Muni,39,M,A1
2961,1221,Champak Dewan,33,M,A1
2962,1221,Chatresh D’Alia,46,M,A2
2963,1221,Bhavya Goda,21,F,A3
2964,1222,Kevin Sandhu,24,M,A1
2965,1223,Harish Datta,25,M,A1
2966,1224,Abdul Tank,35,M,A1
2967,1225,Hema Dhawan,31,F,A1
2968,1225,Shaurya Kanda,38,M,A2
2969,1226,Zaid Jayaraman,38,M,A1
2970,1226,Yatan Dixit,43,M,A2
2971,1226,Jacob Palla,32,M,A3
2972,1226,Benjamin Swaminathan,29,M,A4
2973,1227,Veer Goswami,23,M,A1
2974,1227,Upkaar Aggarwal,23,M,A2
2975,1227,Shaurya Ram,25,M,A3
2976,1227,Sudiksha Dua,28,F,A4
2977,1228,Manan Solanki,46,M,A1
2978,1228,Banjeet Dutta,44,M,A2
2979,1229,Zashil Subramanian,24,M,A1
2980,1229,Elijah Dass,18,M,A2
2981,1229,Naksh Magar,40,M,A3
2982,1230,Caleb Nayar,33,M,A1
2983,1231,Lakshit Mandal,38,M,A1
2984,1231,Diya Chaudhuri,30,F,A2
2985,1232,Kamala Mohanty,31,F,A1
2986,1232,Om Mani,34,M,A2
2987,1233,Advay Ravel,32,M,A1
2988,1234,Anya Gopal,45,F,A1
2989,1234,Faris Prabhakar,41,M,A2
2990,1234,Guneet Mallick,25,M,A3
2991,1234,Girik Kota,31,M,A4
2992,1235,Aahana Khatri,36,F,A1
2993,1236,Vansha Bawa,22,F,A1
2994,1236,Chaitanya Majumdar,32,M,A2
2995,1236,Abha Kadakia,33,F,A3
2996,1237,Arin Cheema,43,M,A1
2997,1237,Faras Pant,24,M,A2
2998,1238,Darpan Bose,39,M,A1
2999,1238,Theodore Oak,41,M,A2
3000,1238,Om Wagle,25,M,A3
3001,1238,Darpan Bajaj,26,M,A4
3002,1239,Ayaan Karan,42,M,A1
3003,1240,Christopher Singhal,23,M,A1
3004,1240,Azad Lalla,19,M,A2
3005,1240,Dhruv Jain,25,M,A3
3006,1241,Anmol Sem,22,M,A1
3007,1241,Chatresh Amble,23,M,A2
3008,1241,Mekhala Aurora,33,F,A3
3009,1242,Frado Kurian,37,M,A1
3010,1243,Anirudh Rajagopalan,24,M,A1
3011,1243,Qushi Shah,43,F,A2
3012,1243,Rushil Sodhi,38,M,A3
3013,1244,Daniel Korpal,21,M,A1
3014,1244,Ekta Chakraborty,18,F,A2
3015,1245,Ekansh Bera,28,M,A1
3016,1245,Wriddhish Andra,37,M,A2
3017,1245,Hardik Patla,34,M,A3
3018,1246,Indrajit Devan,33,M,A1
3019,1246,Mugdha Thakur,37,F,A2
3020,1246,Imaran Bajwa,19,M,A3
3021,1246,Matthew Chhabra,34,M,A4
3022,1247,Bimala Purohit,38,F,A1
3023,1247,Rajata Rama,36,F,A2
3024,1247,Saksham Konda,44,M,A3
3025,1247,Omya Kaul,28,F,A4
3026,1248,Xalak Tiwari,45,F,A1
3027,1248,Darsh Nagarajan,30,M,A2
3028,1249,Nitesh Chaudhari,45,M,A1
3029,1250,Faras Puri,41,M,A1
3030,1251,Teerth Pingle,28,M,A1
3031,1251,Udyati Shere,29,F,A2
3032,1251,Ekavir Bansal,40,M,A3
3033,1252,Divya Pathak,34,F,A1
3034,1252,Karan Srivastava,38,M,A2
3035,1253,Abhiram Grewal,26,M,A1
3036,1253,Manbir Bora,37,M,A2
3037,1253,Yashasvi Nair,35,F,A3
3038,1254,Saksham Divan,38,M,A1
3039,1254,Maanas Aggarwal,41,M,A2
3040,1255,Saanvi Jhaveri,41,F,A1
3041,1255,William Bir,29,M,A2
3042,1255,Omkaar Joshi,36,M,A3
3043,1255,Wazir Sahni,22,M,A4
3044,1256,Ronith Kaur,45,M,A1
3045,1256,Ayush Natt,31,M,A2
3046,1256,Jacob Lad,23,M,A3
3047,1257,Harish Sahota,39,M,A1
3048,1257,Nihal Sengupta,25,M,A2
3049,1258,Zaid Nori,39,M,A1
3050,1259,Jatin Morar,24,M,A1
3051,1259,Ethan Golla,38,M,A2
3052,1259,Henry Rau,24,M,A3
3053,1260,Advay Sen,37,M,A1
3054,1261,Xalak Chhabra,40,F,A1
3055,1261,Fitan Bhandari,28,M,A2
3056,1261,Shaurya Garg,19,M,A3
3057,1262,Ridhi Gill,45,F,A1
3058,1262,Simon Anand,35,M,A2
3059,1262,Hemal Grover,34,F,A3
3060,1263,Krish Tandon,27,M,A1
3061,1263,Yug Kapur,45,M,A2
3062,1263,Azaan Sami,35,M,A3
3063,1263,Balendra Seshadri,22,M,A4
3064,1264,Udant Baral,46,M,A1
3065,1265,Hemani Kulkarni,22,F,A1
3066,1266,Liam Sawhney,32,M,A1
3067,1266,Jai Ahluwalia,27,M,A2
3068,1267,Chatura Kanda,37,M,A1
3069,1267,Nicholas Karpe,24,M,A2
3070,1267,Devansh Shere,43,M,A3
3071,1268,Owen Batta,38,M,A1
3072,1269,Upkaar Rana,38,M,A1
3073,1269,Harinakshi Setty,46,F,A2
3074,1269,Nidra Parekh,38,F,A3
3075,1270,Matthew Agate,26,M,A1
3076,1270,Yug Patla,33,M,A2
3077,1271,Mason Khanna,29,M,A1
3078,1271,Logan Lad,26,M,A2
3079,1271,Isaiah Ghose,23,M,A3
3080,1271,Naksh Chokshi,22,M,A4
3081,1272,Praneel Bhavsar,42,M,A1
3082,1272,Anmol Sem,18,M,A2
3083,1272,Ganga Prasad,41,F,A3
3084,1273,Meghana Narasimhan,32,F,A1
3085,1273,Isaiah Ravel,23,M,A2
3086,1273,Hemang Hari,26,M,A3
3087,1273,Inaya Gaba,40,F,A4
3088,1274,Aarush Yogi,29,M,A1
3089,1275,Manan Bera,37,M,A1
3090,1276,Tristan Nath,31,M,A1
3091,1277,Peter Saraf,28,M,A1
3092,1277,Hardik Borra,43,M,A2
3093,1277,Victor More,39,M,A3
3094,1277,Liam Dutta,32,M,A4
3095,1278,Chavvi Deo,19,F,A1
3096,1278,Rudra Sekhon,38,M,A2
3097,1278,Ishwar Chaudhry,25,M,A3
3098,1278,Quincy Kata,34,M,A4
3099,1279,Jeremiah Rajagopal,20,M,A1
3100,1279,Ekavir Bal,36,M,A2
3101,1280,Fariq Walia,43,M,A1
3102,1280,Nisha Devan,23,F,A2
3103,1281,Champak Madan,26,M,A1
3104,1282,Xavier Shenoy,30,M,A1
3105,1282,Kalpit Shukla,22,M,A2
3106,1282,Rachit Krishnamurthy,31,M,A3
3107,1283,Gautam Amble,34,M,A1
3108,1283,Wyatt Tailor,38,M,A2
3109,1283,Tanveer Tailor,22,M,A3
3110,1284,Ayush Gandhi,30,M,A1
3111,1284,Vivaan Mann,24,M,A2
3112,1284,Laksh Bhandari,35,M,A3
3113,1284,Zayan Parmer,26,M,A4
3114,1285,Tanmayi Gera,41,F,A1
3115,1285,Kiaan Rao,41,M,A2
3116,1285,Edhitha Ganguly,26,F,A3
3117,1285,Michael Kalita,41,M,A4
3118,1286,Parth Anand,29,M,A1
3119,1286,Gavin Pandit,23,M,A2
3120,1286,Hamsini Mital,19,F,A3
3121,1286,Gabriel Sabharwal,23,M,A4
3122,1287,Abdul Arya,31,M,A1
3123,1287,Ronith Garde,42,M,A2
3124,1288,Karan Oommen,35,M,A1
3125,1288,Pranit Sani,18,M,A2
3126,1288,George Bhavsar,31,M,A3
3127,1288,Lucky Baral,22,M,A4
3128,1289,Jason Prabhakar,20,M,A1
3129,1290,Sai Ahluwalia,36,F,A1
3130,1290,Shaurya Bail,24,M,A2
3131,1290,Vihaan Sunder,32,M,A3
3132,1290,Naveen Ratta,45,M,A4
3133,1291,Abdul Aurora,41,M,A1
3134,1291,Ishaan Sheth,37,M,A2
3135,1291,Irya Madan,22,F,A3
3136,1291,Chakradev Saxena,35,M,A4
3137,1292,Tripti Contractor,43,F,A1
3138,1292,Kai Mandal,30,M,A2
3139,1292,Urishilla Mistry,23,F,A3
3140,1292,Irya Chaudhary,39,F,A4
3141,1293,Wahab Rama,36,M,A1
3142,1294,Arin Mall,37,M,A1
3143,1294,Bakhshi Solanki,45,M,A2
3144,1294,Onkar Chaudhry,19,M,A3
3145,1294,Advaith Chadha,41,M,A4
3146,1295,Tristan Morar,39,M,A1
3147,1295,Kiaan Brahmbhatt,37,M,A2
3148,1295,Frado Kanda,23,M,A3
3149,1296,Joshua Sen,34,M,A1
3150,1296,Fitan Parmer,23,M,A2
3151,1296,Qasim Kar,34,M,A3
3152,1297,Akshay Soni,27,M,A1
3153,1297,Vivaan Ghose,38,M,A2
3154,1297,Yauvani Saraf,26,F,A3
3155,1298,Zashil Nazareth,23,M,A1
3156,1298,Wridesh Loyal,20,M,A2
3157,1298,Chakradev Raman,40,M,A3
3158,1298,Jacob Nagi,42,M,A4
3159,1299,Karan Sane,33,M,A1
3160,1299,Niharika Suresh,26,F,A2
3161,1299,Champak Memon,35,M,A3
3162,1299,Vedant Tiwari,31,M,A4
3163,1300,Raghav Butala,26,M,A1
3164,1301,Dominic Rama,24,M,A1
3165,1301,Saksham Bhavsar,42,M,A2
3166,1301,Manthan Chahal,22,M,A3
3167,1301,Anay Bhasin,40,M,A4
3168,1302,Anmol Sha,28,M,A1
3169,1302,Aishani Mannan,20,F,A2
3170,1302,Qabil Sabharwal,43,M,A3
3171,1302,Anika Nazareth,30,F,A4
3172,1303,Agastya Randhawa,26,M,A1
3173,1304,Gavin Salvi,40,M,A1
3174,1304,Wazir Mand,40,M,A2
3175,1304,Abhiram Vala,33,M,A3
3176,1304,Zehaan Sankar,24,M,A4
3177,1305,Harsh Modi,31,M,A1
3178,1305,Zayan Subramaniam,29,M,A2
3179,1305,Amaira Murty,39,F,A3
3180,1306,Karan Sami,43,M,A1
3181,1306,Suhani Savant,42,F,A2
3182,1306,Samar Raman,39,M,A3
3183,1307,Hema Upadhyay,30,F,A1
3184,1307,Fariq Swaminathan,41,M,A2
3185,1308,Aarush Walla,22,M,A1
3186,1309,Farhan Balan,37,M,A1
3187,1309,Jacob Chahal,24,M,A2
3188,1310,Chakradhar Tandon,35,M,A1
3189,1310,Umang Bala,38,M,A2
3190,1311,Kai Wali,47,M,A1
3191,1312,Baljiwan Shukla,32,M,A1
3192,1313,Dakshesh Oza,21,M,A1
3193,1313,Dalaja Raghavan,26,F,A2
3194,1314,Dakshesh Soni,21,M,A1
3195,1314,Faras Sachar,41,M,A2
3196,1314,Ansh Sehgal,34,M,A3
3197,1315,Fariq Ratti,29,M,A1
3198,1316,Chatura Sunder,27,M,A1
3199,1316,Alexander Bahl,29,M,A2
3200,1317,Vivaan Majumdar,28,M,A1
3201,1317,Baljiwan Saini,21,M,A2
3202,1317,Siddharth Chowdhury,33,M,A3
3203,1318,Ekalinga Badal,24,M,A1
3204,1318,Darpan Shan,22,M,A2
3205,1318,Gagan Sama,46,M,A3
3206,1318,Kevin Mand,42,M,A4
3207,1319,Aarush Bumb,18,M,A1
3208,1319,Omisha Banerjee,31,F,A2
3209,1319,Abdul Merchant,43,M,A3
3210,1319,Manthan Gaba,34,M,A4
3211,1320,Faras Kapoor,41,M,A1
3212,1321,Jeet Puri,36,M,A1
3213,1322,Anvi Pandey,31,F,A1
3214,1323,Zinal Sarraf,41,F,A1
3215,1324,Patrick Seth,33,M,A1
3216,1324,Jeet Vasa,36,M,A2
3217,1324,Lakshit Ratta,23,M,A3
3218,1325,Lucky Borah,38,M,A1
3219,1325,Ria Mukherjee,35,F,A2
3220,1325,Gagan Deshmukh,25,M,A3
3221,1326,Eesha Apte,26,F,A1
3222,1326,Sathvik Rao,37,M,A2
3223,1326,Utkarsh Reddy,29,M,A3
3224,1327,Hritik Nagi,40,M,A1
3225,1327,Sudiksha Varma,36,F,A2
3226,1327,Yug Seshadri,26,M,A3
3227,1327,Zashil Ramachandran,39,M,A4
3228,1328,Aryan Virk,25,M,A1
3229,1328,Krishna Chandran,38,F,A2
3230,1328,Harish Wable,19,M,A3
3231,1329,Max Patel,41,M,A1
3232,1330,Ishaan Bandi,32,M,A1
3233,1330,Bimala Kalla,29,F,A2
3234,1330,Daniel Badal,21,M,A3
3235,1331,Nihal Rajagopal,42,M,A1
3236,1331,Fariq Deshmukh,34,M,A2
3237,1331,Abdul Narayan,37,M,A3
3238,1331,Ayaan Venkataraman,40,M,A4
3239,1332,Kalpit Rattan,21,M,A1
3240,1332,Anay Pingle,33,M,A2
3241,1332,Dominic Agrawal,31,M,A3
3242,1333,Samarth Rege,37,M,A1
3243,1334,Mitesh Swaminathan,32,M,A1
3244,1334,Darpan Gade,28,M,A2
3245,1335,Yachana Hegde,21,F,A1
3246,1335,Bina Taneja,36,F,A2
3247,1335,Azaan Kara,20,M,A3
3248,1335,Caleb Gola,36,M,A4
3249,1336,Girish Misra,26,M,A1
3250,1337,Sarthak Dave,20,M,A1
3251,1337,Nakul Bhatti,34,M,A2
3252,1337,Vrinda Sachdev,41,F,A3
3253,1338,Chaitanya Subramanian,37,M,A1
3254,1338,Fiyaz Yohannan,44,M,A2
3255,1338,Balveer Loyal,31,M,A3
3256,1339,Orinder Pal,22,M,A1
3257,1339,Bakhshi Goel,35,M,A2
3258,1340,Dalbir Rao,25,M,A1
3259,1340,Yatan Solanki,27,M,A2
3260,1340,Arya Mane,40,F,A3
3261,1340,Jason Arora,35,M,A4
3262,1341,Gaurav Bumb,28,M,A1
3263,1341,Henry Raja,41,M,A2
3264,1342,Tristan Walla,45,M,A1
3265,1343,Tejas Jhaveri,45,M,A1
3266,1344,Mason Lall,34,M,A1
3267,1345,Ansh Ganguly,32,M,A1
3268,1345,Daniel Chanda,46,M,A2
3269,1345,Indrajit Brar,24,M,A3
3270,1345,Harish Dhillon,43,M,A4
3271,1346,Pallavi Batta,26,F,A1
3272,1346,Finn Rastogi,39,M,A2
3273,1346,Girik Dar,30,M,A3
3274,1347,Ethan Badami,26,M,A1
3275,1348,Neelima Srinivasan,32,F,A1
3276,1349,Chakrika Yohannan,24,F,A1
3277,1350,Dominic Reddy,44,M,A1
3278,1350,Kritika Narain,43,F,A2
3279,1350,Anvi Pandey,32,F,A3
3280,1350,Aarav Patla,33,M,A4
3281,1351,Watika Sen,31,F,A1
3282,1351,Hritik Rama,21,M,A2
3283,1351,Arjun Narayanan,38,M,A3
3284,1352,Nisha Barad,45,F,A1
3285,1352,Qasim Basu,31,M,A2
3286,1352,Caleb Sanghvi,35,M,A3
3287,1353,Daniel Gala,40,M,A1
3288,1353,Jagat Balakrishnan,22,M,A2
3289,1353,Rajata Deshmukh,33,F,A3
3290,1353,Karan Nori,19,M,A4
3291,1354,Rohan Barman,20,M,A1
3292,1355,Kabir Mahajan,42,M,A1
3293,1355,Anthony Nagar,41,M,A2
3294,1356,Robert Pall,32,M,A1
3295,1356,Hitesh Mander,21,M,A2
3296,1356,Oni Rao,37,F,A3
3297,1356,Farhan Ganesh,32,M,A4
3298,1357,Abeer Keer,23,M,A1
3299,1357,Charan Salvi,41,M,A2
3300,1357,Mohammed Sampath,22,M,A3
3301,1357,Udarsh Anne,41,M,A4
3302,1358,Dominic Hegde,24,M,A1
3303,1358,Bhavika Pau,25,F,A2
3304,1359,Chakradev Sampath,33,M,A1
3305,1359,Charvi Mutti,25,F,A2
3306,1360,Joshua Mittal,47,M,A1
3307,1361,Timothy Lanka,41,M,A1
3308,1361,Raghav Lalla,29,M,A2
3309,1362,Balveer Vohra,24,M,A1
3310,1362,Teerth Mital,31,M,A2
3311,1363,Yug Lalla,42,M,A1
3312,1364,Jason Ahuja,36,M,A1
3313,1364,Rayaan Taneja,44,M,A2
3314,1365,Ikshita Dhawan,37,F,A1
3315,1365,Hitesh Deol,41,M,A2
3316,1366,Imaran Bhatti,42,M,A1
3317,1366,Finn Rana,45,M,A2
3318,1367,Warjas Khalsa,23,M,A1
3319,1367,Isaac Warrior,37,M,A2
3320,1368,Warinder Desai,27,M,A1
3321,1369,Siddharth Gulati,26,M,A1
3322,1369,Gagan Varty,34,M,A2
3323,1369,Manan Devi,35,M,A3
3324,1369,Manthan Talwar,18,M,A4
3325,1370,Brijesh Narasimhan,28,M,A1
3326,1371,Isha Kant,26,F,A1
3327,1372,Hredhaan Dubey,19,M,A1
3328,1373,Ishani Borra,31,F,A1
3329,1373,Zehaan Bandi,25,M,A2
3330,1373,Sai Misra,25,M,A3
3331,1373,Akshay Savant,37,M,A4
3332,1374,Anay Nayak,43,M,A1
3333,1374,Hamsini Thakur,44,F,A2
3334,1375,Yug Madan,20,M,A1
3335,1375,Teerth Solanki,36,M,A2
3336,1376,Tanveer Dutta,43,M,A1
3337,1376,Anmol Konda,38,M,A2
3338,1376,Ikshita Trivedi,38,F,A3
3339,1376,Saksham Lala,33,M,A4
3340,1377,Charles Virk,28,M,A1
3341,1377,Xavier Mall,31,M,A2
3342,1377,Kabir Toor,21,M,A3
3343,1378,Hemang Dhar,35,M,A1
3344,1378,Tejas Minhas,46,M,A2
3345,1378,Devansh Deep,44,M,A3
3346,1379,Omkaar Kari,32,M,A1
3347,1379,Adweta Agrawal,22,F,A2
3348,1379,Gavin Seshadri,43,M,A3
3349,1379,Finn Devan,28,M,A4
3350,1380,Yashawini Swamy,34,F,A1
3351,1381,Harsh Seshadri,31,M,A1
3352,1381,Ayush Narayan,37,M,A2
3353,1381,Bahadurjit Rama,28,M,A3
3354,1381,Rehaan Bose,32,M,A4
3355,1382,Nicholas Varma,24,M,A1
3356,1383,Jai Aggarwal,18,M,A1
3357,1383,Faraj Jaggi,42,M,A2
3358,1383,Darpan Bedi,21,M,A3
3359,1384,Robert Grover,31,M,A1
3360,1384,Shaurya Naidu,35,M,A2
3361,1385,Neel Narang,22,M,A1
3362,1386,Nihal Apte,38,M,A1
3363,1386,Reyansh Viswanathan,25,M,A2
3364,1387,Madhav Bhandari,48,M,A1
3365,1387,Balendra Sachdeva,40,M,A2
3366,1388,Kalpit Biswas,35,M,A1
3367,1388,Manbir Ahluwalia,27,M,A2
3368,1388,Isha Jaggi,37,F,A3
3369,1388,Tanay Badal,44,M,A4
3370,1389,Krish Dube,30,M,A1
3371,1389,Samesh Bhat,45,M,A2
3372,1389,Arin Natarajan,33,M,A3
3373,1390,Upma Bhatti,27,F,A1
3374,1390,Watika Sur,20,F,A2
3375,1390,Laban Nayar,47,M,A3
3376,1391,Manthan Nadkarni,21,M,A1
3377,1391,Jai Memon,34,M,A2
3378,1391,Vincent Jayaraman,40,M,A3
3379,1392,Naveen Tara,36,M,A1
3380,1392,Jeremiah Bahl,32,M,A2
3381,1393,Jeremiah Madan,43,M,A1
3382,1393,Anthony Kaul,37,M,A2
3383,1394,Girish Muni,43,M,A1
3384,1394,Anmol Karan,44,M,A2
3385,1394,Thomas Sharaf,25,M,A3
3386,1394,Luke Walia,24,M,A4
3387,1395,Kiaan Virk,28,M,A1
3388,1395,Andrew Kunda,23,M,A2
3389,1395,Isha Aggarwal,34,F,A3
3390,1395,Nathaniel Venkatesh,45,M,A4
3391,1396,Jason Kannan,42,M,A1
3392,1396,Tanish Balasubramanian,29,M,A2
3393,1397,Wridesh Master,25,M,A1
3394,1397,Chavvi Sawhney,44,F,A2
3395,1398,Chakradev Sidhu,40,M,A1
3396,1398,Manan Din,26,M,A2
3397,1398,Pratyush Oak,38,M,A3
3398,1399,Ekalinga Sharma,32,M,A1
3399,1399,William Kadakia,39,M,A2
3400,1399,Imaran Som,46,M,A3
3401,1399,Umang Thakkar,44,M,A4
3402,1400,Abeer Swamy,26,M,A1
3403,1400,Andrew Sangha,46,M,A2
3404,1400,Laban Sem,46,M,A3
3405,1401,Balendra Saxena,38,M,A1
3406,1402,Vihaan Varkey,26,M,A1
3407,1402,Patrick Bhattacharyya,23,M,A2
3408,1402,Siddharth Morar,44,M,A3
3409,1402,Yatin Bhardwaj,41,M,A4
3410,1403,Tanmayi Kade,23,F,A1
3411,1404,Ryan Buch,27,M,A1
3412,1404,Jagat Rastogi,30,M,A2
3413,1405,Rishi Chaudhari,22,M,A1
3414,1406,Andrew Dani,33,M,A1
3415,1407,Max Sha,43,M,A1
3416,1407,Jairaj Mutti,23,M,A2
3417,1407,Gopal Mangat,26,M,A3
3418,1407,Shivansh Swaminathan,24,M,A4
3419,1408,Vansha Arya,34,F,A1
3420,1408,Vaishnavi Keer,44,F,A2
3421,1408,Frederick Kamdar,45,M,A3
3422,1409,Thomas Bali,24,M,A1
3423,1409,Devansh Chander,25,M,A2
3424,1409,Indrajit Varty,43,M,A3
3425,1410,Charles Bose,37,M,A1
3426,1411,Aryan Issac,37,M,A1
3427,1411,Tristan Comar,34,M,A2
3428,1411,Ronith Walla,33,M,A3
3429,1411,Anirudh Sarma,46,M,A4
3430,1412,Matthew Loke,18,M,A1
3431,1412,Tanay Vala,24,M,A2
3432,1413,Vihaan Dixit,29,M,A1
3433,1413,Jack Sampath,30,M,A2
3434,1414,Ikbal Tara,37,M,A1
3435,1414,Daniel Pant,26,M,A2
3436,1414,Qadim Sethi,25,M,A3
3437,1415,Hemang Barad,33,M,A1
3438,1415,Chaitanya Narula,39,M,A2
3439,1415,Max Gade,21,M,A3
3440,1416,Quincy Biswas,39,M,A1
3441,1417,Mason Manne,21,M,A1
3442,1417,Warinder Kumar,40,M,A2
3443,1417,Gaurang Das,22,M,A3
3444,1418,Timothy Aggarwal,22,M,A1
3445,1418,Abeer Edwin,30,M,A2
3446,1418,Nitesh Ramakrishnan,25,M,A3
3447,1418,Balvan Varghese,36,M,A4
3448,1419,Mason Mahal,22,M,A1
3449,1420,Agastya Dave,45,M,A1
3450,1420,Samaksh Mani,45,M,A2
3451,1421,Dalbir Gulati,32,M,A1
3452,1421,Ranbir Sethi,28,M,A2
3453,1422,Balvan Agarwal,28,M,A1
3454,1422,Naksh Ramesh,27,M,A2
3455,1423,Ekalinga Kannan,23,M,A1
3456,1424,Indrajit Sama,27,M,A1
3457,1425,Balendra Narang,32,M,A1
3458,1425,Max Majumdar,27,M,A2
3459,1425,Darpan Mahal,24,M,A3
3460,1425,Amara Gala,35,F,A4
3461,1426,Rudra Patel,37,M,A1
3462,1427,Eesha Raghavan,26,F,A1
3463,1427,Bahadurjit Parikh,32,M,A2
3464,1427,Oliver Parekh,37,M,A3
3465,1428,Chakradhar Misra,22,M,A1
3466,1428,Agastya Kalita,41,M,A2
3467,1428,Aarav Gola,48,M,A3
3468,1428,Onveer Bhatt,25,M,A4
3469,1429,Umang Sachdev,41,M,A1
3470,1430,Ridhi Subramaniam,36,F,A1
3471,1430,Hardik Dixit,37,M,A2
3472,1430,Chakradhar Contractor,32,M,A3
3473,1430,Veer Vora,36,M,A4
3474,1431,Luke Kohli,22,M,A1
3475,1431,Yachana Saran,33,F,A2
3476,1432,Yashasvi Behl,21,F,A1
3477,1432,Chandresh Wason,37,M,A2
3478,1432,Jairaj Chada,30,M,A3
3479,1432,Harshil Chad,45,M,A4
3480,1433,Xavier Brahmbhatt,23,M,A1
3481,1433,Chanakya Bath,47,M,A2
3482,1433,Chakradev Raman,38,M,A3
3483,1434,Aarav Dhar,30,M,A1
3484,1434,Hardik Konda,27,M,A2
3485,1434,Quincy Lall,39,M,A3
3486,1435,Hiral Hayer,29,F,A1
3487,1436,Aditya Narain,29,M,A1
3488,1436,Frado Mani,29,M,A2
3489,1436,Chanakya Mann,32,M,A3
3490,1437,Kabir Nagarajan,43,M,A1
3491,1437,Gavin Yadav,41,M,A2
3492,1438,Devansh Deshmukh,40,M,A1
3493,1438,Liam Barad,24,M,A2
3494,1438,Nathaniel Kata,26,M,A3
3495,1438,George Goda,34,M,A4
3496,1439,Hemang Kunda,34,M,A1
3497,1439,Henry Kapoor,19,M,A2
3498,1440,Yuvraj Lala,35,M,A1
3499,1441,Warinder Desai,24,M,A1
3500,1441,Tripti Mander,34,F,A2
3501,1441,Balveer Vohra,42,M,A3
3502,1442,Kevin Vala,26,M,A1
3503,1443,Utkarsh Solanki,47,M,A1
3504,1444,Oviya Goel,31,F,A1
3505,1444,Saksham Prabhakar,28,M,A2
3506,1444,Bachittar Loke,27,M,A3
3507,1444,Saumya Dugar,27,F,A4
3508,1445,Warjas Pingle,19,M,A1
3509,1445,Kritika Ravel,46,F,A2
3510,1445,Fariq Mani,39,M,A3
3511,1445,Krishna Ramesh,38,M,A4
3512,1446,Devansh Nori,34,M,A1
3513,1446,Faraj Mann,23,M,A2
3514,1446,Rishi Tak,22,M,A3
3515,1446,Manthan Chauhan,39,M,A4
3516,1447,Jagat Majumdar,40,M,A1
3517,1448,Zashil Sanghvi,32,M,A1
3518,1448,Agastya Sachar,29,M,A2
3519,1448,Ronith Yohannan,44,M,A3
3520,1448,Neelima Singhal,41,F,A4
3521,1449,Abdul Nadkarni,21,M,A1
3522,1449,Yamini Chacko,33,F,A2
3523,1449,Ronith Varma,43,M,A3
3524,1449,Vihaan Chakrabarti,31,M,A4
3525,1450,Warinder Ganesan,29,M,A1
3526,1450,Champak Mahal,26,M,A2
3527,1451,Dominic Das,24,M,A1
3528,1451,Sneha Hegde,24,F,A2
3529,1451,Timothy Ranganathan,47,M,A3
3530,1452,Harshil Halder,24,M,A1
3531,1452,Victor Dewan,31,M,A2
3532,1453,Rehaan Master,28,M,A1
3533,1453,Chaitanya Rout,25,M,A2
3534,1454,Nitesh Kannan,47,M,A1
3535,1454,William Sama,46,M,A2
3536,1455,Sai Koshy,44,M,A1
3537,1455,Anay Bumb,34,M,A2
3538,1456,Harshil Mahal,39,M,A1
3539,1456,Lohit Bath,22,M,A2
3540,1456,Chaitanya Bhatia,34,M,A3
3541,1456,Urishilla Tak,37,F,A4
3542,1457,Suhani Anne,26,F,A1
3543,1458,Anirudh Dora,35,M,A1
3544,1458,Sathvik Dani,23,M,A2
3545,1458,Anamika Bora,40,F,A3
3546,1458,Jatin Manne,32,M,A4
3547,1459,Matthew Lal,37,M,A1
3548,1459,Ayushman Kadakia,40,M,A2
3549,1460,Harshil Raja,26,M,A1
3550,1460,Balveer Naik,30,M,A2
3551,1461,Ekansh Chaudhari,21,M,A1
3552,1461,Abhiram Deshmukh,27,M,A2
3553,1462,Maanav Chanda,36,M,A1
3554,1462,Dominic Walla,36,M,A2
3555,1462,Mason Nadig,25,M,A3
3556,1462,Xavier Borde,43,M,A4
3557,1463,Ranveer Menon,34,M,A1
3558,1463,Jonathan Menon,27,M,A2
3559,1464,Frado Krish,38,M,A1
3560,1464,Dhriti Pall,46,F,A2
3561,1464,Arjun Borra,38,M,A3
3562,1465,Rishi Bhavsar,26,M,A1
3563,1466,Gagan Taneja,42,M,A1
3564,1466,Chanakya Mann,33,M,A2
3565,1466,Baljiwan Agate,47,M,A3
3566,1467,Tanay Ramakrishnan,35,M,A1
3567,1467,Zehaan Kant,20,M,A2
3568,1467,Alexander Pingle,20,M,A3
3569,1468,Zayyan Minhas,43,M,A1
3570,1468,George Sen,27,M,A2
3571,1468,Vedant Dugal,29,M,A3
3572,1468,Tamanna Deol,28,F,A4
3573,1469,Mahika Choudhry,36,F,A1
3574,1470,Charan Ahluwalia,29,M,A1
3575,1470,Tripti Rege,26,F,A2
3576,1471,Darsh Panchal,44,M,A1
3577,1471,Ekaraj Karnik,19,M,A2
3578,1471,Ethan Golla,26,M,A3
3579,1472,Gopal Parmar,33,M,A1
3580,1472,Ekalinga Hayer,23,M,A2
3581,1472,Amol Agarwal,32,M,A3
3582,1472,Chakradhar Barad,31,M,A4
3583,1473,Alexander Murthy,33,M,A1
3584,1474,Aarush Sarkar,30,M,A1
3585,1474,Daniel Parsa,26,M,A2
3586,1475,Balhaar Bajwa,36,M,A1
3587,1475,Dalaja Mani,44,F,A2
3588,1475,Jairaj Mitra,25,M,A3
3589,1476,Utkarsh Mani,44,M,A1
3590,1476,Andrew Gill,27,M,A2
3591,1476,Isaac Bajaj,45,M,A3
3592,1476,Indrajit Padmanabhan,22,M,A4
3593,1477,Abhimanyu Nagar,41,M,A1
3594,1478,Arya Misra,22,F,A1
3595,1478,Faraj Venkatesh,26,M,A2
3596,1478,Advika Purohit,28,F,A3
3597,1479,Laban Prabhu,34,M,A1
3598,1479,Praneel Grover,31,M,A2
3599,1480,Isaac Sahota,22,M,A1
3600,1481,Gunbir Srinivas,25,M,A1
3601,1481,Faris Rao,38,M,A2
3602,1481,Krish Mitra,43,M,A3
3603,1481,Zaid Gole,31,M,A4
3604,1482,Amol Mahal,42,M,A1
3605,1482,Vasana Date,37,F,A2
3606,1482,Dayamai Narayanan,33,F,A3
3607,1482,Jatin Rao,27,M,A4
3608,1483,Lohit Balakrishnan,25,M,A1
3609,1483,Harita Tara,21,F,A2
3610,1484,Omkaar Manne,41,M,A1
3611,1484,Gautam Kapadia,21,M,A2
3612,1485,Advaith Dey,24,M,A1
3613,1485,Rohan Gour,33,M,A2
3614,1486,Farhan Dewan,26,M,A1
3615,1486,Amara Mittal,42,F,A2
3616,1487,Praneel Khosla,25,M,A1
3617,1487,Samaksh Raja,33,M,A2
3618,1488,Darsh Kashyap,24,M,A1
3619,1488,Zashil Bath,32,M,A2
3620,1488,Praneel Amble,24,M,A3
3621,1489,Hitesh Prakash,28,M,A1
3622,1489,Wishi Sur,44,F,A2
3623,1489,Azaan Agate,24,M,A3
3624,1489,Alka Gour,39,F,A4
3625,1490,Onkar Puri,36,M,A1
3626,1491,Nilima Agate,22,F,A1
3627,1492,Benjamin Rajan,26,M,A1
3628,1493,Raghav Mann,39,M,A1
3629,1493,Maanas Konda,36,M,A2
3630,1494,Upkaar Tara,19,M,A1
3631,1494,Shivansh Sangha,41,M,A2
3632,1494,Ayush Padmanabhan,35,M,A3
3633,1494,Warinder Sahota,28,M,A4
3634,1495,Naveen Sood,23,M,A1
3635,1495,Samar Borah,43,M,A2
3636,1495,Garima Deo,42,F,A3
3637,1495,Bakhshi Comar,31,M,A4
3638,1496,Jason Deshmukh,30,M,A1
3639,1496,Hardik Sunder,31,M,A2
3640,1496,Pranav Dugal,42,M,A3
3641,1496,Ekapad Radhakrishnan,46,M,A4
3642,1497,Benjamin Chacko,38,M,A1
3643,1497,Faqid Muni,37,M,A2
3644,1497,Advay Baria,44,M,A3
3645,1498,Ekbal Lad,34,M,A1
3646,1498,Pooja Thakkar,38,F,A2
3647,1498,Saksham Devi,43,M,A3
3648,1499,Charan Swaminathan,32,M,A1
3649,1500,Ansh Chandra,32,M,A1
3650,1501,Vihaan Mallick,35,M,A1
3651,1501,George Sankar,28,M,A2
3652,1501,Imaran Pillay,41,M,A3
3653,1501,Ekbal Sura,23,M,A4
3654,1502,Tripti Lad,26,F,A1
3655,1502,Manan Sandhu,35,M,A2
3656,1502,Dayamai Loyal,36,F,A3
3657,1503,Samar Devi,26,M,A1
3658,1504,Shivansh Date,20,M,A1
3659,1504,Sathvik Tailor,40,M,A2
3660,1505,Kabir Luthra,37,M,A1
3661,1505,Balhaar Deep,21,M,A2
3662,1505,Matthew Sarkar,23,M,A3
3663,1505,Aarnav Grewal,45,M,A4
3664,1506,Luke Pai,23,M,A1
3665,1507,Harsh Karpe,33,M,A1
3666,1507,Chakradhar Master,21,M,A2
3667,1507,Ekbal Kibe,33,M,A3
3668,1507,Faris Biswas,23,M,A4
3669,1508,Ryan Saxena,46,M,A1
3670,1508,Siya Hegde,31,F,A2
3671,1508,Imaran Dey,40,M,A3
3672,1509,Yochana Master,26,F,A1
3673,1509,Dev Rama,41,M,A2
3674,1509,Ishani Jayaraman,26,F,A3
3675,1509,Siddharth Seth,30,M,A4
3676,1510,Rayaan Anand,33,M,A1
3677,1510,Jonathan Mangal,42,M,A2
3678,1510,Ekani Bajwa,44,F,A3
3679,1511,Rachit Bedi,22,M,A1
3680,1511,Brinda Chokshi,21,F,A2
3681,1512,Ayushman Zachariah,35,M,A1
3682,1512,Janaki Viswanathan,37,F,A2
3683,1513,Azad Pall,33,M,A1
3684,1513,Reyansh Upadhyay,33,M,A2
3685,1513,Bishakha Kala,42,F,A3
3686,1513,Girish Vig,35,M,A4
3687,1514,Warjas Pingle,21,M,A1
3688,1514,Ansh Arora,32,M,A2
3689,1514,Saksham Varty,25,M,A3
3690,1515,Tejas Rana,27,M,A1
3691,1515,Abeer Edwin,29,M,A2
3692,1515,Umang Lala,32,M,A3
3693,1516,Samaksh Vyas,28,M,A1
3694,1517,Daksh Chada,29,M,A1
3695,1517,Sanya Sarna,32,F,A2
3696,1518,Vyanjana Barman,42,F,A1
3697,1518,Akshay Natarajan,36,M,A2
3698,1519,Thomas Doctor,34,M,A1
3699,1520,Lohit Dutta,23,M,A1
3700,1520,Ryan Dhar,40,M,A2
3701,1520,Vivaan Subramaniam,20,M,A3
3702,1520,Anthony Bhavsar,29,M,A4
3703,1521,Aarnav Jain,29,M,A1
3704,1521,Faqid Varma,28,M,A2
3705,1521,Harsh Dugar,40,M,A3
3706,1521,Hemal Srinivas,19,F,A4
3707,1522,Nathaniel Dass,37,M,A1
3708,1522,Netra Sandhu,29,F,A2
3709,1522,Jagdish Agrawal,47,M,A3
3710,1522,Girish Amble,25,M,A4
3711,1523,Wyatt Soman,47,M,A1
3712,1523,Vedant D’Alia,35,M,A2
3713,1523,Zashil Master,25,M,A3
3714,1523,Nathaniel Dave,42,M,A4
3715,1524,Aayush Savant,25,M,A1
3716,1524,Elijah Bora,33,M,A2
3717,1525,Atharv Palla,38,M,A1
3718,1526,Qabil Saraf,39,M,A1
3719,1526,Balvan Zacharia,31,M,A2
3720,1526,Ryan Rau,39,M,A3
3721,1527,Gunbir Mani,26,M,A1
3722,1527,Abhiram Badal,24,M,A2
3723,1527,Faqid Edwin,39,M,A3
3724,1527,Ekapad Raghavan,33,M,A4
3725,1528,Veer Bail,28,M,A1
3726,1528,Lucky Sridhar,39,M,A2
3727,1529,Anirudh Char,37,M,A1
3728,1529,Bakhshi Ranganathan,36,M,A2
3729,1529,Shaurya Andra,30,M,A3
3730,1529,Zayyan Bali,46,M,A4
3731,1530,Amol Sarma,27,M,A1
3732,1530,Harsh Kannan,23,M,A2
3733,1530,Maanas Tripathi,33,M,A3
3734,1531,Chakradev Krishnan,39,M,A1
3735,1532,Hemang Chand,29,M,A1
3736,1532,Ekaraj Reddy,44,M,A2
3737,1533,Libni Ganesan,39,F,A1
3738,1533,Matthew Anne,36,M,A2
3739,1533,Devansh Mannan,45,M,A3
3740,1534,Aryan Chadha,45,M,A1
3741,1534,Saanvi Badal,21,F,A2
3742,1535,Hemang Dhar,38,M,A1
3743,1535,Dakshesh Rattan,27,M,A2
3744,1535,Ayush Hora,34,M,A3
3745,1536,Ayush Barad,41,M,A1
3746,1537,Gabriel Vyas,36,M,A1
3747,1537,Oliver Mallick,41,M,A2
3748,1537,Oliver Gole,27,M,A3
3749,1538,Frederick Walla,22,M,A1
3750,1539,Max Shanker,25,M,A1
3751,1539,Veer Aggarwal,31,M,A2
3752,1539,Imaran Borah,36,M,A3
3753,1539,Andrew Palla,44,M,A4
3754,1540,Harrison Sem,19,M,A1
3755,1540,Ekaraj Chandra,25,M,A2
3756,1540,Mitesh Dey,26,M,A3
3757,1540,Kamala Som,37,F,A4
3758,1541,Yashoda Tandon,40,F,A1
3759,1541,Rushil Dass,20,M,A2
3760,1541,Samarth Keer,39,M,A3
3761,1542,Victor Ratti,31,M,A1
3762,1542,Fariq Gour,29,M,A2
3763,1542,Tarak Saran,42,M,A3
3764,1542,Abdul Hayer,45,M,A4
3765,1543,Vincent Manne,46,M,A1
3766,1543,Nitara Wason,45,F,A2
3767,1543,Ekansh Naik,31,M,A3
3768,1544,Ishaan Prabhu,43,M,A1
3769,1544,Reva Wali,38,F,A2
3770,1544,Nathan Balan,30,M,A3
3771,1544,Maanav Dash,31,M,A4
3772,1545,Bakhshi Dewan,35,M,A1
3773,1545,Rudra Panchal,43,M,A2
3774,1545,Thomas Buch,38,M,A3
3775,1546,Gautam Virk,26,M,A1
3776,1547,Adweta Dhaliwal,28,F,A1
3777,1547,Adya Dasgupta,28,F,A2
3778,1548,Andrew Tak,24,M,A1
3779,1549,Girindra Reddy,27,M,A1
3780,1549,Lucky Mitter,36,M,A2
3781,1549,Daniel Babu,33,M,A3
3782,1549,Frado Barman,32,M,A4
3783,1550,Faras Naik,44,M,A1
3784,1551,Advik Narain,23,M,A1
3785,1551,Chakradhar Malhotra,32,M,A2
3786,1551,Rohan Pillai,35,M,A3
3787,1552,Jonathan Pradhan,31,M,A1
3788,1552,Joshua Narayanan,30,M,A2
3789,1553,Peter Varkey,36,M,A1
3790,1553,Krish Toor,47,M,A2
3791,1553,Neelima Karnik,40,F,A3
3792,1553,Upadhriti Dutta,25,F,A4
3793,1554,Faraj Balan,40,M,A1
3794,1554,Vritti Patla,20,F,A2
3795,1555,Saksham Saran,38,M,A1
3796,1556,Mason Kohli,43,M,A1
3797,1556,Om Wason,46,M,A2
3798,1556,Pranav Bajwa,23,M,A3
3799,1557,Krish Rattan,38,M,A1
3800,1558,Ishaan Suri,23,M,A1
3801,1558,Nakul Madan,35,M,A2
3802,1558,Aarnav Khurana,33,M,A3
3803,1558,Bhavika Sama,26,F,A4
3804,1559,Pavani Bajaj,46,F,A1
3805,1559,Champak Muni,38,M,A2
3806,1560,Balveer Chaudhry,45,M,A1
3807,1560,Ekavir Khare,26,M,A2
3808,1560,Akshay Maharaj,28,M,A3
3809,1561,Gavin Padmanabhan,38,M,A1
3810,1561,Atharv Viswanathan,39,M,A2
3811,1561,Yug Kapoor,23,M,A3
3812,1562,Banjeet Kata,43,M,A1
3813,1563,Utkarsh Balay,41,M,A1
3814,1563,Ekansh Som,34,M,A2
3815,1563,Chatura Sagar,40,M,A3
3816,1564,Manan Sarraf,44,M,A1
3817,1564,Champak Dey,33,M,A2
3818,1564,Nitara Soni,22,F,A3
3819,1564,Udyati Ganesan,21,F,A4
3820,1565,Kabir Vora,37,M,A1
3821,1565,Timothy Ramanathan,24,M,A2
3822,1566,Tanveer Khosla,27,M,A1
3823,1567,Ayushman Mukhopadhyay,26,M,A1
3824,1568,Jhalak Chaudhry,30,F,A1
3825,1568,Janaki Mand,33,F,A2
3826,1568,Zilmil Wali,33,F,A3
3827,1569,Qasim Kibe,36,M,A1
3828,1569,Manthan Peri,25,M,A2
3829,1569,Elijah Gill,30,M,A3
3830,1569,Chatresh Koshy,30,M,A4
3831,1570,Ranbir Shukla,23,M,A1
3832,1570,Azad Choudhary,33,M,A2
3833,1570,Madhav Bajwa,39,M,A3
3834,1571,Anirudh Dugar,44,M,A1
3835,1572,Tanvi Din,22,F,A1
3836,1572,Vivaan Date,21,M,A2
3837,1572,Omkaar Bhatt,36,M,A3
3838,1572,Hredhaan Edwin,40,M,A4
3839,1573,Zayan Suresh,21,M,A1
3840,1573,Faras Dugar,31,M,A2
3841,1574,Timothy Kamdar,35,M,A1
3842,1575,Yagnesh Agarwal,37,M,A1
3843,1576,Guneet Bhalla,37,M,A1
3844,1576,Laksh Nadkarni,42,M,A2
3845,1576,Abdul Goel,29,M,A3
3846,1576,Dominic Purohit,28,M,A4
3847,1577,Ayaan Garde,25,M,A1
3848,1578,Aarna Jha,22,F,A1
3849,1578,Samar Sharaf,33,M,A2
3850,1578,Manthan Biswas,36,M,A3
3851,1578,Jagdish Samra,27,M,A4
3852,1579,Ekansh Bera,28,M,A1
3853,1579,Karan Sane,33,M,A2
3854,1579,Jason Mand,43,M,A3
3855,1579,Ojas Mahajan,23,M,A4
3856,1580,Jacob Wason,30,M,A1
3857,1580,Pratyush Keer,44,M,A2
3858,1580,Anamika Hegde,24,F,A3
3859,1580,Sara Virk,39,F,A4
3860,1581,Caleb Srinivas,39,M,A1
3861,1581,Ranveer Arora,36,M,A2
3862,1581,Michael Sunder,27,M,A3
3863,1581,Wridesh Gour,30,M,A4
3864,1582,Sarthak Dave,23,M,A1
3865,1582,Raghav Mahal,37,M,A2
3866,1582,Warjas Andra,23,M,A3
3867,1582,Dakshesh Saraf,42,M,A4
3868,1583,Charles Gole,30,M,A1
3869,1583,Vasudha Ahuja,27,F,A2
3870,1583,Banjeet Choudhary,35,M,A3
3871,1583,Kevin Modi,32,M,A4
3872,1584,Rudra Padmanabhan,22,M,A1
3873,1585,Tanish Tara,30,M,A1
3874,1586,Ekavir Sandal,22,M,A1
3875,1586,Peter Rattan,18,M,A2
3876,1587,Yug Johal,28,M,A1
3877,1587,Chandran Hayre,19,M,A2
3878,1587,Mekhala Batra,22,F,A3
3879,1588,Rayaan Goda,26,M,A1
3880,1589,Turvi Chatterjee,37,F,A1
3881,1589,Gagan Chaudry,45,M,A2
3882,1589,Girik Merchant,32,M,A3
3883,1590,Sarthak Lala,20,M,A1
3884,1591,Advay Kalita,44,M,A1
3885,1591,Jack Aggarwal,40,M,A2
3886,1591,Liam Kannan,36,M,A3
3887,1591,Ishaan Ratti,23,M,A4
3888,1592,Ayush Rajagopal,22,M,A1
3889,1592,Isaac Mammen,28,M,A2
3890,1593,Frederick Dave,23,M,A1
3891,1594,Wakeeta Natt,38,F,A1
3892,1594,Jonathan Sood,28,M,A2
3893,1595,Chatresh Swaminathan,40,M,A1
3894,1595,Christopher Mallick,35,M,A2
3895,1595,Oliver Sahni,41,M,A3
3896,1596,Yatin Kakar,31,M,A1
3897,1596,Samar Kohli,37,M,A2
3898,1596,Samar Iyengar,32,M,A3
3899,1596,Frado Shenoy,35,M,A4
3900,1597,Shaurya Mody,38,M,A1
3901,1598,Rohan Wali,37,M,A1
3902,1599,Balhaar Parmar,26,M,A1
3903,1599,Balvan Sandhu,23,M,A2
3904,1599,Owen Gulati,30,M,A3
3905,1599,Dakshesh Ramachandran,20,M,A4
3906,1600,Krish Bansal,25,M,A1
3907,1600,Mohammed Bhalla,36,M,A2
3908,1601,Yashasvi Kar,33,F,A1
3909,1602,Wridesh Mallick,41,M,A1
3910,1602,Faraj Dhillon,39,M,A2
3911,1602,Max Shanker,27,M,A3
3912,1603,George Naidu,27,M,A1
3913,1603,Joshua Tak,37,M,A2
3914,1603,Gaurav Cherian,27,M,A3
3915,1604,Kai Chaudhari,22,M,A1
3916,1604,Jeremiah Nadkarni,39,M,A2
3917,1605,Jairaj Anand,43,M,A1
3918,1605,Ryan Verma,28,M,A2
3919,1606,Ekansh Mall,37,M,A1
3920,1607,Omya Chander,39,F,A1
3921,1608,Hritik Singhal,35,M,A1
3922,1608,Tanish Sethi,39,M,A2
3923,1608,William Deshpande,30,M,A3
3924,1608,Wriddhish Kara,29,M,A4
3925,1609,Ishwar Bhat,26,M,A1
3926,1609,Jason Goyal,21,M,A2
3927,1609,Teerth Munshi,29,M,A3
3928,1610,Maanav Loyal,20,M,A1
3929,1610,Manbir Madan,37,M,A2
3930,1610,Alexander Dugar,27,M,A3
3931,1611,Daniel Varma,46,M,A1
3932,1611,Bhavini Nayar,28,F,A2
3933,1612,Nilima Talwar,21,F,A1
3934,1613,Nachiket Desai,32,M,A1
3935,1613,Chakradhar Tandon,33,M,A2
3936,1614,Yug Madan,23,M,A1
3937,1615,Jai Srinivasan,35,M,A1
3938,1615,Rayaan Sant,29,M,A2
3939,1616,Chakradhar Krishna,43,M,A1
3940,1617,Falan Menon,25,M,A1
3941,1617,Ranbir Samra,46,M,A2
3942,1617,Girindra Madan,28,M,A3
3943,1618,Jagat Kurian,34,M,A1
3944,1619,Mitali Gill,32,F,A1
3945,1620,Alka Palan,36,F,A1
3946,1620,Rachit Magar,40,M,A2
3947,1620,Aayush Kothari,39,M,A3
3948,1621,Chanakya Singhal,26,M,A1
3949,1621,Nitesh Basu,18,M,A2
3950,1621,Veer Dash,31,M,A3
3951,1622,Ekansh Trivedi,25,M,A1
3952,1622,Hitesh Maharaj,27,M,A2
3953,1622,Sai Purohit,44,M,A3
3954,1622,Tanveer Sengupta,47,M,A4
3955,1623,Benjamin Buch,35,M,A1
3956,1624,Om Ramanathan,31,M,A1
3957,1625,Advaith Char,25,M,A1
3958,1625,Yatan Master,32,M,A2
3959,1625,Gautam Jayaraman,24,M,A3
3960,1625,Hemang Pillai,32,M,A4
3961,1626,Jeremiah Butala,29,M,A1
3962,1626,Tara Karnik,45,F,A2
3963,1626,Onveer Mukhopadhyay,32,M,A3
3964,1626,Ekansh Lalla,38,M,A4
3965,1627,Noah Sehgal,34,M,A1
3966,1628,Yatan Sangha,24,M,A1
3967,1629,Jason Ray,31,M,A1
3968,1629,Reyansh Hayre,33,M,A2
3969,1629,Parth Kant,25,M,A3
3970,1630,Ranbir Nath,25,M,A1
3971,1630,Hemang Agarwal,33,M,A2
3972,1630,Zayan Pillay,31,M,A3
3973,1631,Vyanjana Bava,40,F,A1
3974,1631,Rishi Narang,25,M,A2
3975,1631,Falak Behl,43,F,A3
3976,1631,Siddharth Kale,39,M,A4
3977,1632,Ranbir Konda,26,M,A1
3978,1633,Indrajit Prabhakar,20,M,A1
3979,1633,Shivansh Chakrabarti,45,M,A2
3980,1633,Ekapad Radhakrishnan,47,M,A3
3981,1633,Arunima Sen,29,F,A4
3982,1634,Sara Konda,36,F,A1
3983,1634,Tristan Yohannan,30,M,A2
3984,1634,Ansh Upadhyay,28,M,A3
3985,1635,Luke Khatri,44,M,A1
3986,1635,Zayan Natt,44,M,A2
3987,1636,Robert Shroff,27,M,A1
3988,1636,Vyanjana Manda,29,F,A2
3989,1636,Kevin Doctor,27,M,A3
3990,1636,Wriddhish Sama,45,M,A4
3991,1637,Harish Misra,32,M,A1
3992,1637,Baljiwan Nadig,27,M,A2
3993,1638,Tara Pradhan,24,F,A1
3994,1638,Pranav Toor,34,M,A2
3995,1639,Frederick Grover,35,M,A1
3996,1639,Jason Oommen,31,M,A2
3997,1639,Irya De,25,F,A3
3998,1640,Bakhshi Bhasin,42,M,A1
3999,1640,Nikita Pathak,42,F,A2
4000,1640,Balvan Brar,26,M,A3
4001,1641,Lakshit Ratti,38,M,A1
4002,1641,Balvan Muni,31,M,A2
4003,1641,Wahab Sen,34,M,A3
4004,1641,Avi Sami,37,M,A4
4005,1642,Tripti Ratta,22,F,A1
4006,1642,Falak Babu,46,F,A2
4007,1642,Ekalinga Pillay,40,M,A3
4008,1643,Girik Taneja,48,M,A1
4009,1643,Luke Badal,39,M,A2
4010,1644,Hritik Radhakrishnan,21,M,A1
4011,1645,Raghav Bali,22,M,A1
4012,1645,Xavier Mohanty,35,M,A2
4013,1645,Jairaj Kala,26,M,A3
4014,1646,Kalpit Shah,23,M,A1
4015,1646,Matthew Dave,43,M,A2
4016,1647,Isaiah Thaman,34,M,A1
4017,1647,Isaiah Parikh,37,M,A2
4018,1648,Chakradev Jani,20,M,A1
4019,1648,Balvan Tiwari,29,M,A2
4020,1648,Aayush Dhaliwal,44,M,A3
4021,1648,Rachit Hayre,23,M,A4
4022,1649,Henry Vyas,26,M,A1
4023,1650,Baljiwan Garde,35,M,A1
4024,1650,Noah Patel,42,M,A2
4025,1650,Raghav Sharma,35,M,A3
4026,1651,Anvi Bhakta,38,F,A1
4027,1651,Bachittar Kuruvilla,29,M,A2
4028,1651,Girindra Lad,21,M,A3
4029,1651,Gabriel Muni,38,M,A4
4030,1652,Atharv Chaudry,23,M,A1
4031,1652,Azad Varma,28,M,A2
4032,1653,Chaitanya Hegde,43,M,A1
4033,1654,Nathaniel Gokhale,34,M,A1
4034,1654,Avi Bhatnagar,28,M,A2
4035,1655,Thomas Walia,44,M,A1
4036,1655,Chandresh Batta,21,M,A2
4037,1655,Radha Mitter,27,F,A3
4038,1655,Nathaniel Shan,39,M,A4
4039,1656,Ekavir Ray,43,M,A1
4040,1657,Shaurya Cheema,39,M,A1
4041,1657,Ranveer Chander,26,M,A2
4042,1657,Ayushman Vyas,26,M,A3
4043,1657,Fariq Krishna,20,M,A4
4044,1658,Zayan Dass,26,M,A1
4045,1658,Benjamin Tata,36,M,A2
4046,1658,Sai Garde,37,M,A3
4047,1659,Krishna Taneja,20,M,A1
4048,1660,Patrick Tailor,40,M,A1
4049,1660,Dominic Shah,41,M,A2
4050,1661,Yatin Dave,40,M,A1
4051,1662,Girik Basu,34,M,A1
4052,1662,Chatresh Parikh,41,M,A2
4053,1663,Abhiram Rai,35,M,A1
4054,1663,Maanas Balakrishnan,37,M,A2
4055,1663,Gavin Lala,33,M,A3
4056,1664,Ansh Bajaj,27,M,A1
4057,1664,Benjamin Thakkar,41,M,A2
4058,1665,Peter Sankar,27,M,A1
4059,1665,Imaran Varma,31,M,A2
4060,1665,Timothy Raj,45,M,A3
4061,1665,Simon Khanna,30,M,A4
4062,1666,Chandran Hari,23,M,A1
4063,1666,Aayush Mammen,35,M,A2
4064,1666,Lakshit Sekhon,43,M,A3
4065,1667,Yoshita Naidu,23,F,A1
4066,1667,Frado Mann,41,M,A2
4067,1667,Balhaar Dara,23,M,A3
4068,1668,Praneel Chander,20,M,A1
4069,1668,Warjas Kale,21,M,A2
4070,1668,Noah Kant,32,M,A3
4071,1669,Idika Dutt,45,F,A1
4072,1669,Aadi Choudhry,19,M,A2
4073,1670,Tejas Uppal,34,M,A1
4074,1671,Balveer Vohra,43,M,A1
4075,1671,Abhiram Mody,26,M,A2
4076,1671,Samarth Tandon,34,M,A3
4077,1671,Ryan Mallick,34,M,A4
4078,1672,Balveer Kashyap,27,M,A1
4079,1672,Harish Bumb,33,M,A2
4080,1672,Neel Padmanabhan,28,M,A3
4081,1672,Fariq Thakur,40,M,A4
4082,1673,Farhan Sangha,22,M,A1
4083,1673,Neel Dara,47,M,A2
4084,1673,Yatin Samra,47,M,A3
4085,1673,Oliver Kapur,43,M,A4
4086,1674,Saksham Sastry,38,M,A1
4087,1675,Zayyan Gour,29,M,A1
4088,1675,Christopher Randhawa,32,M,A2
4089,1675,Anirudh Chada,36,M,A3
4090,1675,Wazir Dubey,26,M,A4
4091,1676,Wriddhish Raj,39,M,A1
4092,1677,Benjamin Toor,46,M,A1
4093,1677,Mahika Anand,33,F,A2
4094,1677,Guneet Mital,40,M,A3
4095,1678,Rachit Vyas,27,M,A1
4096,1679,Faraj Ramaswamy,22,M,A1
4097,1680,Ojas Jhaveri,37,M,A1
4098,1680,Mason Bhatnagar,43,M,A2
4099,1680,Faraj Wali,31,M,A3
4100,1681,Ansh Garde,32,M,A1
4101,1681,Rachana Nagi,33,F,A2
4102,1682,Fariq Raju,31,M,A1
4103,1683,Udant Bains,21,M,A1
4104,1683,Onveer Butala,22,M,A2
4105,1683,Zayyan Bhattacharyya,43,M,A3
4106,1683,Wyatt Prasad,22,M,A4
4107,1684,Omkaar Jha,36,M,A1
4108,1684,Tanish Majumdar,34,M,A2
4109,1684,Yoshita Konda,31,F,A3
4110,1685,Parth Raghavan,23,M,A1
4111,1686,Max Lall,36,M,A1
4112,1686,Michael Kapadia,30,M,A2
4113,1686,Warinder Tailor,23,M,A3
4114,1686,Caleb Gola,36,M,A4
4115,1687,Neha Chowdhury,45,F,A1
4116,1687,Henry Parsa,30,M,A2
4117,1687,Viraj Dash,37,M,A3
4118,1688,Faras Naik,44,M,A1
4119,1688,Maanas Lall,29,M,A2
4120,1689,Vivaan Tella,42,M,A1
4121,1689,Suhani Kumar,33,F,A2
4122,1689,Isaac Oommen,21,M,A3
4123,1689,Yagnesh More,47,M,A4
4124,1690,Jagat Dhillon,27,M,A1
4125,1690,Nakul Madan,36,M,A2
4126,1691,Pratyush Thaker,35,M,A1
4127,1692,Fiyaz Khare,37,M,A1
4128,1692,Matthew Sawhney,23,M,A2
4129,1692,Mason Badami,28,M,A3
4130,1693,Owen Nagarajan,38,M,A1
4131,1694,Quincy Rau,24,M,A1
4132,1694,Darsh Shenoy,28,M,A2
4133,1695,Victor Pall,39,M,A1
4134,1696,Victor Madan,40,M,A1
4135,1697,Naksh Chaudhari,37,M,A1
4136,1697,Faras Choudhary,32,M,A2
4137,1698,Patrick Hora,33,M,A1
4138,1699,Utkarsh Dave,39,M,A1
4139,1700,Girish Batta,37,M,A1
4140,1700,Mohammed Gala,41,M,A2
4141,1700,Mohammed Karan,30,M,A3
4142,1700,Samaksh Kar,26,M,A4
4143,1701,Dayamai Dara,22,F,A1
4144,1701,Advay Hayre,45,M,A2
4145,1701,Atharv Shan,42,M,A3
4146,1702,Jagat Sinha,47,M,A1
4147,1703,Dev Dave,32,M,A1
4148,1704,Fariq Purohit,28,M,A1
4149,1705,Ranbir Pradhan,25,M,A1
4150,1705,Upadhriti Dutta,25,F,A2
4151,1705,Gautam Prasad,24,M,A3
4152,1705,Logan Mangat,23,M,A4
4153,1706,Umang Guha,36,M,A1
4154,1706,Pallavi Dhawan,26,F,A2
4155,1707,Tanish Varghese,30,M,A1
4156,1707,Chandresh Yadav,35,M,A2
4157,1708,Fitan Bala,40,M,A1
4158,1709,Chanakya Choudhry,22,M,A1
4159,1709,Timothy Gara,24,M,A2
4160,1710,Ucchal Subramanian,45,F,A1
4161,1710,Chatura Khalsa,33,M,A2
4162,1711,Bachittar Saha,35,M,A1
4163,1712,Rudra Bawa,21,M,A1
4164,1713,Manthan Narasimhan,38,M,A1
4165,1713,Kabir Sanghvi,30,M,A2
4166,1713,Neha Chopra,31,F,A3
4167,1713,Sai Bansal,46,M,A4
4168,1714,Manthan De,46,M,A1
4169,1714,Dakshesh Seshadri,19,M,A2
4170,1715,Vincent Apte,41,M,A1
4171,1715,Lakshit Gill,25,M,A2
4172,1715,Ojas Koshy,23,M,A3
4173,1715,Jeet Rao,25,M,A4
4174,1716,Qadim Majumdar,40,M,A1
4175,1717,Chakrika Agrawal,27,F,A1
4176,1717,Pratyush Sen,20,M,A2
4177,1718,Lajita Purohit,36,F,A1
4178,1719,Max Batta,34,M,A1
4179,1719,Faqid Konda,31,M,A2
4180,1720,Utkarsh Chaudhry,36,M,A1
4181,1720,Yatin Bumb,23,M,A2
4182,1720,Agastya Handa,43,M,A3
4183,1721,Henry Raja,42,M,A1
4184,1721,Jonathan Raja,35,M,A2
4185,1722,Vanya Rajan,32,F,A1
4186,1722,Dalbir Setty,42,M,A2
4187,1723,Rishi Mammen,21,M,A1
4188,1723,Mohammed Nair,23,M,A2
4189,1724,Ishaan Kara,45,M,A1
4190,1724,Kevin Salvi,47,M,A2
4191,1725,Aadi Mittal,44,M,A1
4192,1725,Anthony Mitter,41,M,A2
4193,1725,Ikbal Dada,25,M,A3
4194,1725,Orinder Ram,24,M,A4
4195,1726,Charles Chokshi,37,M,A1
4196,1726,Peter Brar,19,M,A2
4197,1727,Pratyush Mann,24,M,A1
4198,1728,Jagrati Minhas,33,F,A1
4199,1728,Krish Bakshi,38,M,A2
4200,1728,Aashi Tripathi,43,F,A3
4201,1729,Dominic Rout,41,M,A1
4202,1730,Harshil Ray,42,M,A1
4203,1731,Tristan Boase,33,M,A1
4204,1731,Ayaan Sarma,40,M,A2
4205,1731,Praneel Dasgupta,41,M,A3
4206,1732,Jai Ben,32,M,A1
4207,1732,Hritik Karpe,39,M,A2
4208,1732,Logan Raghavan,45,M,A3
4209,1733,Theodore Yogi,23,M,A1
4210,1733,Ojasvi Dey,21,F,A2
4211,1733,Chakradev Deshpande,40,M,A3
4212,1733,Jairaj Subramaniam,38,M,A4
4213,1734,Devika Venkatesh,19,F,A1
4214,1734,Kabir Ganesan,37,M,A2
4215,1734,Parth Mukhopadhyay,42,M,A3
4216,1734,Zilmil Ahuja,21,F,A4
4217,1735,Om Uppal,43,M,A1
4218,1735,Qabil Nath,20,M,A2
4219,1736,Rushil Bala,25,M,A1
4220,1736,Anvi Karnik,32,F,A2
4221,1736,Frado Das,45,M,A3
4222,1736,Vasatika Ratti,24,F,A4
4223,1737,Dominic Zacharia,41,M,A1
4224,1737,Wyatt Dutta,22,M,A2
4225,1738,Daksh Som,22,M,A1
4226,1738,Mohammed Mital,26,M,A2
4227,1738,Tanay Anand,39,M,A3
4228,1738,Gunbir Goswami,24,M,A4
4229,1739,Nachiket Nigam,35,M,A1
4230,1739,Warjas Pingle,21,M,A2
4231,1739,Falguni Bail,36,F,A3
4232,1739,Fariq Aggarwal,18,M,A4
4233,1740,Dominic Agrawal,29,M,A1
4234,1741,Viraj Nagarajan,27,M,A1
4235,1741,Chandran Parekh,37,M,A2
4236,1742,Madhav Gulati,28,M,A1
4237,1742,Abeer Pradhan,45,M,A2
4238,1743,Abdul Sandhu,23,M,A1
4239,1743,Chaitanya Lad,21,M,A2
4240,1743,Udant Dube,30,M,A3
4241,1743,Ekalinga Rattan,29,M,A4
4242,1744,Qabil Basu,40,M,A1
4243,1744,Tarak Taneja,27,M,A2
4244,1744,Dominic Bala,24,M,A3
4245,1744,Parth Borah,38,M,A4
4246,1745,Falan Sengupta,28,M,A1
4247,1746,Tanish Kakar,43,M,A1
4248,1746,Benjamin Mandal,35,M,A2
4249,1746,Aditya Shukla,46,M,A3
4250,1747,Samesh Dutt,23,M,A1
4251,1747,Dhruv Pal,35,M,A2
4252,1747,Jagat Boase,34,M,A3
4253,1747,Mason Singhal,32,M,A4
4254,1748,Max Shere,40,M,A1
4255,1748,Fitan Puri,26,M,A2
4256,1749,Farhan Batta,29,M,A1
4257,1750,Manan Sinha,24,M,A1
4258,1751,Wyatt Kari,24,M,A1
4259,1751,Sarthak Datta,43,M,A2
4260,1751,Fiyaz Ravi,35,M,A3
4261,1751,Ekapad Dass,46,M,A4
4262,1752,Jack Bera,23,M,A1
4263,1752,Krish Bhargava,33,M,A2
4264,1752,Ojas Divan,33,M,A3
4265,1753,Gavin Randhawa,46,M,A1
4266,1753,Bachittar Kuruvilla,33,M,A2
4267,1754,Bachittar Vig,32,M,A1
4268,1754,Dev Kapoor,22,M,A2
4269,1754,Omya Wable,30,F,A3
4270,1754,Udarsh Mohan,33,M,A4
4271,1755,Sarthak Srivastava,42,M,A1
4272,1755,Benjamin Pandit,42,M,A2
4273,1755,Advaith Ganguly,24,M,A3
4274,1755,Tanveer Gade,25,M,A4
4275,1756,Jason Kara,46,M,A1
4276,1757,Utkarsh Ray,39,M,A1
4277,1757,Nachiket Mitra,28,M,A2
4278,1757,Upkaar Thakur,45,M,A3
4279,1757,Jeet Nair,31,M,A4
4280,1758,Ekbal Bhat,34,M,A1
4281,1758,Timothy Patla,34,M,A2
4282,1758,Isaiah Hegde,27,M,A3
4283,1758,Kala Ratta,25,F,A4
4284,1759,Gagan Varghese,43,M,A1
4285,1760,Yashodhara Chaudhari,40,F,A1
4286,1760,Jatin Bahri,21,M,A2
4287,1761,Gaurav Dua,22,M,A1
4288,1761,Vyanjana Kulkarni,24,F,A2
4289,1761,Azad Lalla,20,M,A3
4290,1761,Rachit Halder,42,M,A4
4291,1762,Ryan Bava,20,M,A1
4292,1762,Timothy Patla,30,M,A2
4293,1762,Kritika Deo,40,F,A3
4294,1763,Avi Loke,44,M,A1
4295,1763,Charan Swaminathan,31,M,A2
4296,1763,Laban Doshi,34,M,A3
4297,1763,Mason Om,20,M,A4
4298,1764,Quincy Chahal,24,M,A1
4299,1764,Naveen Kaul,31,M,A2
4300,1764,Xavier Varughese,45,M,A3
4301,1764,Chakradev Krish,18,M,A4
4302,1765,Ojas Tank,28,M,A1
4303,1765,Praneel Taneja,35,M,A2
4304,1766,Samesh Desai,46,M,A1
4305,1766,Qabil Sankaran,37,M,A2
4306,1766,Nakul Deep,25,M,A3
4307,1767,Zashil Parmer,37,M,A1
4308,1767,Vansha Sharma,45,F,A2
4309,1767,Niharika Gupta,25,F,A3
4310,1768,Lucky Sahni,19,M,A1
4311,1768,Aryan Kalita,26,M,A2
4312,1768,Xavier Varghese,28,M,A3
4313,1768,Hemang Barad,30,M,A4
4314,1769,Shivansh Bath,32,M,A1
4315,1770,Anay Arora,30,M,A1
4316,1770,Ethan Shukla,42,M,A2
4317,1770,Faras Sura,34,M,A3
4318,1770,Aadi Choudhury,44,M,A4
4319,1771,Adya Shukla,22,F,A1
4320,1771,Akshay Walla,21,M,A2
4321,1772,Charan Kumer,27,M,A1
4322,1772,Lucky Jayaraman,46,M,A2
4323,1772,Vihaan Buch,39,M,A3
4324,1773,Varenya Pradhan,33,F,A1
4325,1773,Om Swamy,35,M,A2
4326,1773,Brijesh Sandal,43,M,A3
4327,1774,Jeet Chakraborty,40,M,A1
4328,1775,Amol Desai,24,M,A1
4329,1775,Oscar Sangha,40,M,A2
4330,1776,Chandran Radhakrishnan,29,M,A1
4331,1776,Wridesh Chokshi,36,M,A2
4332,1776,Sarthak Chokshi,37,M,A3
4333,1777,Ishwar Khalsa,38,M,A1
4334,1777,Om Nagi,43,M,A2
4335,1777,Ayush Oommen,35,M,A3
4336,1778,Ekansh Mukherjee,40,M,A1
4337,1778,Chanakya Ramanathan,38,M,A2
4338,1778,Abeer Jain,32,M,A3
4339,1779,Isaac Munshi,32,M,A1
4340,1780,Chatresh Sarma,31,M,A1
4341,1780,Nirja Madan,31,F,A2
4342,1780,Sara Dua,34,F,A3
4343,1781,Farhan Dhillon,36,M,A1
4344,1781,Faras Sethi,29,M,A2
4345,1781,Saksham Bhalla,26,M,A3
4346,1782,Upkaar Chaudry,23,M,A1
4347,1783,Karan Chaudry,31,M,A1
4348,1783,Zehaan Arora,35,M,A2
4349,1784,Devansh Sura,42,M,A1
4350,1784,Lakshit Sunder,46,M,A2
4351,1784,Rayaan Hari,38,M,A3
4352,1785,Max Dugal,46,M,A1
4353,1785,Elijah Dutta,36,M,A2
4354,1785,Falan Krishnamurthy,23,M,A3
4355,1786,Qadim Barman,40,M,A1
4356,1786,Balhaar Choudhary,43,M,A2
4357,1786,Ganga Rai,18,F,A3
4358,1786,Darsh Lall,26,M,A4
4359,1787,Chakradhar Thaker,24,M,A1
4360,1788,Arin Kannan,37,M,A1
4361,1788,Balveer Mand,21,M,A2
4362,1789,Onveer Chada,21,M,A1
4363,1789,Farhan Murty,27,M,A2
4364,1789,Tristan Agate,42,M,A3
4365,1789,Nimrat Seshadri,44,F,A4
4366,1790,Arjun Raju,22,M,A1
4367,1790,Chandresh Minhas,36,M,A2
4368,1790,Hitesh Biswas,37,M,A3
4369,1791,Edhitha Dua,23,F,A1
4370,1792,Utkarsh Loyal,46,M,A1
4371,1793,Jatin Chhabra,28,M,A1
4372,1793,Shravya Mani,25,F,A2
4373,1793,Girik Ravel,18,M,A3
4374,1793,Balendra Agrawal,35,M,A4
4375,1794,Parth Kaur,32,M,A1
4376,1794,Arin Pall,27,M,A2
4377,1795,Ojas Merchant,44,M,A1
4378,1796,Advaith Bhat,25,M,A1
4379,1796,Thomas Mannan,24,M,A2
4380,1796,Vedika Mital,41,F,A3
4381,1796,Laban Trivedi,32,M,A4
4382,1797,Avi Shah,45,M,A1
4383,1797,Aarnav Bora,26,M,A2
4384,1797,Watika Kapadia,32,F,A3
4385,1797,Nirja Mukherjee,22,F,A4
4386,1798,Chatresh Sampath,39,M,A1
4387,1798,Andrew Mall,23,M,A2
4388,1799,Caleb Parikh,41,M,A1
4389,1799,Siddharth Sem,22,M,A2
4390,1799,Jhalak Kata,37,F,A3
4391,1800,Chatura Srinivasan,35,M,A1
4392,1800,Hitesh Kaur,42,M,A2
4393,1801,Jalsa Raju,40,F,A1
4394,1801,William Shan,44,M,A2
4395,1801,Charles Sha,32,M,A3
4396,1802,Raghav Narayan,47,M,A1
4397,1802,Faraj Srinivas,36,M,A2
4398,1803,Laksh Iyer,28,M,A1
4399,1803,Wridesh Ramakrishnan,34,M,A2
4400,1803,Anay Sani,37,M,A3
4401,1804,Rishi Deshpande,47,M,A1
4402,1804,Ronith Pathak,23,M,A2
4403,1805,Upadhriti Dutta,22,F,A1
4404,1805,Karan Ramaswamy,42,M,A2
4405,1805,Sai Joshi,22,M,A3
4406,1806,Wazir Chaudhary,26,M,A1
4407,1806,Jack Bera,22,M,A2
4408,1806,Rushil Dora,25,M,A3
4409,1807,Vincent Chaudhari,23,M,A1
4410,1807,Avi Amble,31,M,A2
4411,1808,Simon Borah,20,M,A1
4412,1808,Rachit Bedi,19,M,A2
4413,1808,Balendra Sharaf,36,M,A3
4414,1808,Kai Krishnan,41,M,A4
4415,1809,Ekaraj Hans,21,M,A1
4416,1809,Raghav Behl,21,M,A2
4417,1810,Azaan Lalla,37,M,A1
4418,1810,David Tak,28,M,A2
4419,1811,Bakhshi Devi,32,M,A1
4420,1811,Bimala Wali,38,F,A2
4421,1811,Ekaraj Bail,34,M,A3
4422,1812,Faras Gupta,38,M,A1
4423,1812,Lekha Dada,30,F,A2
4424,1813,Teerth Mahal,41,M,A1
4425,1813,Keya Din,31,F,A2
4426,1813,Bahadurjit Kari,28,M,A3
4427,1814,Ranveer Khosla,39,M,A1
4428,1814,Kalpit Nagi,30,M,A2
4429,1814,Girik Munshi,27,M,A3
4430,1814,Sarthak Kurian,23,M,A4
4431,1815,Dalbir Borde,24,M,A1
4432,1815,Indrajit Kant,39,M,A2
4433,1816,Owen Bhalla,21,M,A1
4434,1816,Fiyaz Subramaniam,44,M,A2
4435,1816,Atharv Garg,24,M,A3
4436,1817,Rushil Rana,36,M,A1
4437,1817,Janaki Dhingra,39,F,A2
4438,1817,Neel Trivedi,35,M,A3
4439,1817,Balhaar Wason,25,M,A4
4440,1818,Girish Raja,24,M,A1
4441,1818,Rachita Suresh,39,F,A2
4442,1818,Oscar Bir,29,M,A3
4443,1818,Joshua Seth,36,M,A4
4444,1819,Ikbal Wable,42,M,A1
4445,1819,Samuel Padmanabhan,38,M,A2
4446,1819,Ethan Pant,35,M,A3
4447,1819,Vincent Sankar,43,M,A4
4448,1820,Advika Basak,35,F,A1
4449,1821,Fiyaz Krishnan,44,M,A1
4450,1821,Viraj Kapoor,27,M,A2
4451,1821,Christopher Baral,34,M,A3
4452,1822,Tanay Pandit,30,M,A1
4453,1823,Ekalinga Ahuja,31,M,A1
4454,1823,Udarsh Bajaj,30,M,A2
4455,1824,Faris Suri,30,M,A1
4456,1824,Henry Randhawa,21,M,A2
4457,1824,Bachittar Dugar,25,M,A3
4458,1824,Patrick Narula,36,M,A4
4459,1825,Kabir Dave,44,M,A1
4460,1825,Lucky Sridhar,40,M,A2
4461,1825,Tanish Ghose,28,M,A3
4462,1826,Jai Nagy,32,M,A1
4463,1826,Faraj Wadhwa,42,M,A2
4464,1826,Vasatika Ratti,24,F,A3
4465,1827,Harsh Contractor,37,M,A1
4466,1827,Ekavir Balan,19,M,A2
4467,1828,Michael Andra,22,M,A1
4468,1828,Harshil Agarwal,43,M,A2
4469,1829,Aarnav Balasubramanian,23,M,A1
4470,1829,Maanav Narula,35,M,A2
4471,1829,Chandresh Narayan,30,M,A3
4472,1829,Yash Ray,40,M,A4
4473,1830,Dhruv Merchant,44,M,A1
4474,1830,Dhriti Parmer,31,F,A2
4475,1831,Chandran Hayer,32,M,A1
4476,1832,Arjun Nair,36,M,A1
4477,1833,Krishna Bhandari,24,M,A1
4478,1833,Yuvraj Ravel,28,M,A2
4479,1833,Panini Issac,24,F,A3
4480,1833,Aradhana Chhabra,40,F,A4
4481,1834,Sai Baria,24,M,A1
4482,1834,Laksh Chhabra,35,M,A2
4483,1834,Benjamin Saxena,24,M,A3
4484,1835,Zehaan Amble,36,M,A1
4485,1835,Daniel Sankaran,45,M,A2
4486,1835,Nilima Deep,34,F,A3
4487,1836,Patrick Ray,43,M,A1
4488,1837,Girindra Sen,34,M,A1
4489,1838,Robert Acharya,45,M,A1
4490,1838,Vincent Barad,31,M,A2
4491,1838,Owen Ganesh,40,M,A3
4492,1838,Dalbir Jha,34,M,A4
4493,1839,Laban Shanker,30,M,A1
4494,1839,Balendra De,44,M,A2
4495,1840,Dalbir Koshy,28,M,A1
4496,1840,Dev Shukla,34,M,A2
4497,1840,Nitesh Ramesh,35,M,A3
4498,1840,Imaran Kakar,47,M,A4
4499,1841,Rushil Vala,36,M,A1
4500,1841,Kai Keer,36,M,A2
4501,1841,Warinder Kumar,44,M,A3
4502,1842,Meghana Mishra,38,F,A1
4503,1843,Christopher Bassi,32,M,A1
4504,1843,Saksham Garde,37,M,A2
4505,1844,Kai Krish,46,M,A1
4506,1844,Henry Varty,21,M,A2
4507,1844,Avi Shere,47,M,A3
4508,1844,Qabil Toor,41,M,A4
4509,1845,William Vora,42,M,A1
4510,1845,Ikbal Mohan,28,M,A2
4511,1846,Champak Hans,46,M,A1
4512,1846,Amara Agate,27,F,A2
4513,1846,Ikbal Rama,41,M,A3
4514,1847,Ijaya Rege,26,F,A1
4515,1847,Dhruv Nath,26,M,A2
4516,1847,Ekapad Garde,25,M,A3
4517,1848,Vasudha Khanna,29,F,A1
4518,1849,Krish Subramaniam,33,M,A1
4519,1850,Jairaj Parikh,39,M,A1
4520,1850,Qarin Padmanabhan,47,M,A2
4521,1850,Ansh Dixit,38,M,A3
4522,1850,Anmol Roy,24,M,A4
4523,1851,Mahika Singhal,29,F,A1
4524,1851,Christopher Dutta,40,M,A2
4525,1851,Kritika Chander,29,F,A3
4526,1852,Faraj Ganguly,21,M,A1
4527,1852,Jagat Bala,44,M,A2
4528,1852,Reyansh Minhas,43,M,A3
4529,1852,Shaurya Pandit,36,M,A4
4530,1853,Onkar Natarajan,30,M,A1
4531,1853,Dev Reddy,25,M,A2
4532,1853,Ojas Sangha,26,M,A3
4533,1853,Zaid Tara,30,M,A4
4534,1854,Samarth Handa,28,M,A1
4535,1854,Karan Roy,45,M,A2
4536,1854,Amrita Venkatesh,41,F,A3
4537,1855,Unnati Badal,18,F,A1
4538,1855,George Doctor,40,M,A2
4539,1855,Tristan Prasad,47,M,A3
4540,1856,Bahadurjit Oak,39,M,A1
4541,1856,Gabriel Barad,39,M,A2
4542,1857,Finn Contractor,21,M,A1
4543,1857,Hemani Borah,25,F,A2
4544,1857,Abhiram Dutt,32,M,A3
4545,1857,Jagat Kashyap,44,M,A4
4546,1858,Aarav Nazareth,43,M,A1
4547,1858,Amaira Srinivasan,28,F,A2
4548,1858,Fariq Ghose,30,M,A3
4549,1859,Jackson Sheth,46,M,A1
4550,1859,Logan Gopal,37,M,A2
4551,1859,Avi Mutti,32,M,A3
4552,1859,Neel Swaminathan,25,M,A4
4553,1860,Balveer Ganesh,40,M,A1
4554,1861,Rajeshri Thakur,41,F,A1
4555,1861,Ekantika Madan,47,F,A2
4556,1862,Unni Lanka,37,F,A1
4557,1863,Yug Yadav,31,M,A1
4558,1864,Vasudha Bera,19,F,A1
4559,1864,Caleb Dhar,24,M,A2
4560,1865,Ekansh Vala,37,M,A1
4561,1865,Abdul Bora,30,M,A2
4562,1865,Sai Bobal,36,M,A3
4563,1865,Lavanya Dar,34,F,A4
4564,1866,Anay Natt,34,M,A1
4565,1867,Sai Radhakrishnan,23,M,A1
4566,1867,Warinder Pillai,33,M,A2
4567,1867,Ekbal Shukla,30,M,A3
4568,1867,David Ghosh,27,M,A4
4569,1868,Benjamin Rastogi,47,M,A1
4570,1868,Brijesh Chada,46,M,A2
4571,1868,Advaith Vig,44,M,A3
4572,1869,Vivaan Chauhan,41,M,A1
4573,1869,Warinder Mangal,30,M,A2
4574,1870,Faqid Memon,41,M,A1
4575,1871,Wahab Behl,33,M,A1
4576,1872,Quincy Bava,34,M,A1
4577,1872,Owen Mani,25,M,A2
4578,1872,Finn Karpe,25,M,A3
4579,1873,Qabil Solanki,39,M,A1
4580,1873,Victor Nath,37,M,A2
4581,1874,Joshua Ganesh,45,M,A1
4582,1875,Samaksh Mane,41,M,A1
4583,1875,Owen Kakar,22,M,A2
4584,1875,Madhav Baral,18,M,A3
4585,1875,Chakradhar Guha,19,M,A4
4586,1876,Raghav Agrawal,38,M,A1
4587,1876,Onveer Taneja,27,M,A2
4588,1876,Vasudha Mitra,39,F,A3
4589,1876,William Sama,44,M,A4
4590,1877,Laksh Mahajan,24,M,A1
4591,1877,Ayush Kakar,41,M,A2
4592,1877,Zayan Rattan,25,M,A3
4593,1877,Lucky Bath,33,M,A4
4594,1878,Kai Prakash,48,M,A1
4595,1879,Quincy Bobal,41,M,A1
4596,1879,Samesh Samra,42,M,A2
4597,1880,Samesh Dalal,40,M,A1
4598,1881,Ubika Lanka,38,F,A1
4599,1881,Oscar Tandon,43,M,A2
4600,1882,Wahab Kumer,45,M,A1
4601,1882,Udant Mody,46,M,A2
4602,1882,Aarnav Menon,31,M,A3
4603,1882,Jatin Shah,20,M,A4
4604,1883,Veer Goswami,34,M,A1
4605,1883,Om Wason,27,M,A2
4606,1883,Lopa Padmanabhan,39,F,A3
4607,1884,Manan Mallick,28,M,A1
4608,1884,Warinder Desai,28,M,A2
4609,1884,Kai Seth,40,M,A3
4610,1884,Bakhshi Keer,34,M,A4
4611,1885,Teerth Gopal,46,M,A1
4612,1885,Ojas Bhatt,43,M,A2
4613,1885,Jeremiah Puri,19,M,A3
4614,1885,Agastya Choudhry,36,M,A4
4615,1886,Samar Dani,30,M,A1
4616,1886,Pranit Rout,26,M,A2
4617,1886,Ekansh Deo,23,M,A3
4618,1887,Jonathan Vasa,32,M,A1
4619,1887,Nakul Kata,38,M,A2
4620,1887,Saanvi Banerjee,40,F,A3
4621,1888,Avni Kala,37,F,A1
4622,1888,Gaurang Swamy,39,M,A2
4623,1889,Bhavika Cheema,39,F,A1
4624,1889,Balvan Kadakia,38,M,A2
4625,1890,Nathaniel Misra,40,M,A1
4626,1890,Noah Varghese,32,M,A2
4627,1890,Balhaar Bajwa,36,M,A3
4628,1890,Anmol Gandhi,45,M,A4
4629,1891,Fitan Vig,33,M,A1
4630,1891,Omkaar Dewan,27,M,A2
4631,1892,Ansh Mutti,41,M,A1
4632,1892,Robert Vora,25,M,A2
4633,1893,Balveer Kannan,21,M,A1
4634,1893,Victor Chand,37,M,A2
4635,1893,Henry Dutta,39,M,A3
4636,1894,Nandini Date,42,F,A1
4637,1894,Wridesh Ramachandran,38,M,A2
4638,1894,Tanay Nigam,40,M,A3
4639,1895,Aarush Tiwari,43,M,A1
4640,1895,Udarsh Kara,32,M,A2
4641,1895,Theodore Buch,37,M,A3
4642,1895,Tanvi Gopal,33,F,A4
4643,1896,Jairaj Oommen,47,M,A1
4644,1896,Gabriel Hans,28,M,A2
4645,1897,Zilmil Parikh,39,F,A1
4646,1897,Ikbal Bhat,32,M,A2
4647,1898,Udarsh Bajaj,33,M,A1
4648,1898,Finn Kumar,34,M,A2
4649,1898,Jagvi Bajaj,47,F,A3
4650,1898,Faraj Narula,40,M,A4
4651,1899,Sarthak Sood,48,M,A1
4652,1900,Jackson Wable,27,M,A1
4653,1900,Onveer Rai,46,M,A2
4654,1900,Manthan Mallick,22,M,A3
4655,1901,Gaurav Bobal,27,M,A1
4656,1901,Lucky Narayanan,46,M,A2
4657,1901,Viraj Sarma,18,M,A3
4658,1901,Abdul Sampath,36,M,A4
4659,1902,David Puri,35,M,A1
4660,1902,Yagnesh Sachar,24,M,A2
4661,1902,Neel Jhaveri,36,M,A3
4662,1903,Max Kannan,32,M,A1
4663,1903,Akshay Dalal,23,M,A2
4664,1903,Zayyan Tara,29,M,A3
4665,1904,Rachana Samra,34,F,A1
4666,1904,Naveen Borra,39,M,A2
4667,1905,Veer Mammen,23,M,A1
4668,1905,Chaitanya Hegde,40,M,A2
4669,1905,Nicholas Raval,43,M,A3
4670,1905,Aishani Dayal,43,F,A4
4671,1906,Nathaniel Raj,35,M,A1
4672,1906,Samaksh Sankaran,27,M,A2
4673,1906,Charles Badami,39,M,A3
4674,1906,Tara Pradhan,22,F,A4
4675,1907,Yug Oak,47,M,A1
4676,1907,Qasim Pillai,21,M,A2
4677,1907,Pavani Naik,19,F,A3
4678,1908,Dakshesh Mital,36,M,A1
4679,1908,Luke Borde,38,M,A2
4680,1908,Orinder Dyal,27,M,A3
4681,1909,Shravya Munshi,30,F,A1
4682,1910,Nathaniel Dixit,43,M,A1
4683,1910,Harsh Baria,38,M,A2
4684,1911,Harrison Bal,24,M,A1
4685,1912,Gabriel Chand,36,M,A1
4686,1912,Lucky Mangal,42,M,A2
4687,1912,Gabriel Iyer,30,M,A3
4688,1912,Jackson Mann,39,M,A4
4689,1913,William Nadig,46,M,A1
4690,1914,Omaja Mittal,38,F,A1
4691,1914,Aayush Chadha,44,M,A2
4692,1914,Dakshesh Jani,21,M,A3
4693,1915,Tarak Goda,34,M,A1
4694,1916,Agastya Gandhi,35,M,A1
4695,1916,Harsh Thakkar,37,M,A2
4696,1917,Bakhshi Raghavan,31,M,A1
4697,1917,Matthew Patel,29,M,A2
4698,1917,Girindra Dada,36,M,A3
4699,1918,Harshil Chandra,33,M,A1
4700,1918,Forum Kaur,22,F,A2
4701,1918,Ryan Suresh,25,M,A3
4702,1919,Sarthak Kurian,23,M,A1
4703,1920,Alexander Choudhury,42,M,A1
4704,1920,Harshil Dutt,46,M,A2
4705,1921,Lavanya Venkataraman,26,F,A1
4706,1921,Rohan Pai,31,M,A2
4707,1921,Yug Setty,40,M,A3
4708,1922,Bishakha Purohit,42,F,A1
4709,1922,Daniel Ramesh,35,M,A2
4710,1923,Alexander Guha,34,M,A1
4711,1923,Victor More,39,M,A2
4712,1923,Harshil Bhasin,23,M,A3
4713,1923,Ryan Shenoy,22,M,A4
4714,1924,Vihaan Bhargava,31,M,A1
4715,1924,Yatin Chokshi,33,M,A2
4716,1924,Aayush Bala,29,M,A3
4717,1925,Jeet Gopal,35,M,A1
4718,1925,Manthan Kale,44,M,A2
4719,1925,Samaksh Nazareth,30,M,A3
4720,1925,Manan Mangal,23,M,A4
4721,1926,Yatin Grewal,21,M,A1
4722,1926,Nicholas Dhaliwal,33,M,A2
4723,1926,Om Mahal,28,M,A3
4724,1927,Fitan Keer,25,M,A1
4725,1927,Yug Jhaveri,44,M,A2
4726,1928,Anamika Kuruvilla,41,F,A1
4727,1929,Samuel Sama,33,M,A1
4728,1930,Harrison Patla,40,M,A1
4729,1931,Chatresh Shankar,27,M,A1
4730,1931,Orinder Ganguly,21,M,A2
4731,1932,Aahana Varghese,35,F,A1
4732,1933,Theodore Gokhale,39,M,A1
4733,1934,Daniel Chaudry,43,M,A1
4734,1934,Reyansh Balasubramanian,43,M,A2
4735,1934,Raghav Borra,44,M,A3
4736,1934,Fiyaz Ratta,45,M,A4
4737,1935,Rushil Tella,44,M,A1
4738,1935,Ranveer Toor,37,M,A2
4739,1935,Jack Tata,28,M,A3
4740,1935,Chanchal Loke,47,F,A4
4741,1936,Jack Amble,45,M,A1
4742,1936,Chakradhar Sachdev,37,M,A2
4743,1937,Vrishti Loke,43,F,A1
4744,1937,Ekanta Choudhry,43,F,A2
4745,1937,Chandran Saxena,47,M,A3
4746,1938,Advaith Hari,22,M,A1
4747,1939,Dakshesh Boase,36,M,A1
4748,1939,Samesh Lad,41,M,A2
4749,1940,Anay Aurora,45,M,A1
4750,1940,Yashasvi Behl,25,F,A2
4751,1940,Gabriel Sur,38,M,A3
4752,1940,Oliver Dash,45,M,A4
4753,1941,Tanish Narayan,28,M,A1
4754,1942,Eiravati Soman,24,F,A1
4755,1942,Frado Tella,20,M,A2
4756,1943,Vihaan Mane,21,M,A1
4757,1943,George Kaur,30,M,A2
4758,1943,Dhriti Rout,27,F,A3
4759,1943,Ishaan Gaba,20,M,A4
4760,1944,Tristan Arya,21,M,A1
4761,1944,Charan Dass,37,M,A2
4762,1944,Om Sen,46,M,A3
4763,1945,Lohit Chana,29,M,A1
4764,1946,Rachita Ravi,39,F,A1
4765,1946,David Joshi,27,M,A2
4766,1946,Ekapad Sachdeva,42,M,A3
4767,1947,Anirudh Vig,21,M,A1
4768,1948,Mason Rattan,25,M,A1
4769,1948,Joshua Raj,20,M,A2
4770,1948,Charan Thaman,21,M,A3
4771,1949,Om Goyal,22,M,A1
4772,1950,Aarnav Bhalla,28,M,A1
4773,1950,Dipta Din,36,F,A2
4774,1951,Fitan Ravi,34,M,A1
4775,1951,Bhanumati Rege,35,F,A2
4776,1951,Samesh Bahl,43,M,A3
4777,1951,Girik Koshy,32,M,A4
4778,1952,Victor Bhatnagar,24,M,A1
4779,1952,Mitesh Rau,43,M,A2
4780,1953,Arin Korpal,26,M,A1
4781,1953,Azaan Wable,30,M,A2
4782,1954,Laban Thaman,42,M,A1
4783,1954,Faras Saran,39,M,A2
4784,1954,Nidra Zachariah,22,F,A3
4785,1954,Tara Goda,37,F,A4
4786,1955,Ikbal Murthy,46,M,A1
4787,1955,Daniel Korpal,20,M,A2
4788,1955,Onkar Rana,32,M,A3
4789,1955,Timothy Deol,30,M,A4
4790,1956,William Palla,41,M,A1
4791,1956,Anmol Hari,45,M,A2
4792,1956,Osha Deo,23,F,A3
4793,1957,Dev Ramachandran,43,M,A1
4794,1958,Vihaan Kuruvilla,21,M,A1
4795,1958,Samesh Desai,48,M,A2
4796,1958,Sai Karan,47,F,A3
4797,1958,Caleb Sant,25,M,A4
4798,1959,Dev Oommen,21,M,A1
4799,1959,Wridesh Bakshi,42,M,A2
4800,1959,Praneel Kadakia,39,M,A3
4801,1960,Wyatt Soman,44,M,A1
4802,1961,Yuvraj Goda,36,M,A1
4803,1961,Om Johal,40,M,A2
4804,1961,Andrew Kaul,45,M,A3
4805,1962,Harsh Sehgal,23,M,A1
4806,1962,Kiaan Hora,36,M,A2
4807,1963,Benjamin Datta,23,M,A1
4808,1964,Dakshesh Sood,33,M,A1
4809,1964,Sanya Zachariah,28,F,A2
4810,1964,Reyansh Merchant,28,M,A3
4811,1965,Vincent Dugar,27,M,A1
4812,1965,Maanav Balan,44,M,A2
4813,1966,Dominic Vora,44,M,A1
4814,1966,Anirudh Kant,23,M,A2
4815,1966,Vivaan Vasa,25,M,A3
4816,1967,Devansh Lad,27,M,A1
4817,1967,Ucchal Pai,26,F,A2
4818,1968,Zaitra Ravel,19,F,A1
4819,1968,Saksham Shankar,31,M,A2
4820,1968,Manthan Talwar,48,M,A3
4821,1969,Chaitanya Acharya,36,M,A1
4822,1970,Rayaan Ganguly,23,M,A1
4823,1970,Charan Nanda,46,M,A2
4824,1970,Suhani Khurana,20,F,A3
4825,1971,Aarush Iyer,43,M,A1
4826,1971,Naveen Mangal,38,M,A2
4827,1971,Pratyush Saran,24,M,A3
4828,1972,Falan Chand,21,M,A1
4829,1972,Elijah Sibal,36,M,A2
4830,1972,Aryan Kalita,26,M,A3
4831,1973,Girik Garde,41,M,A1
4832,1973,Lucky Tiwari,39,M,A2
4833,1973,Krish Kala,37,M,A3
4834,1973,Dalbir Setty,42,M,A4
4835,1974,Caleb Borah,23,M,A1
4836,1974,Tanveer Randhawa,27,M,A2
4837,1974,Timothy Johal,41,M,A3
4838,1974,Samuel More,40,M,A4
4839,1975,Wyatt Sankar,45,M,A1
4840,1976,Abhimanyu Mangal,33,M,A1
4841,1976,Yatan Koshy,29,M,A2
4842,1977,Thomas Bhandari,37,M,A1
4843,1977,Dhruv Thaker,24,M,A2
4844,1977,Noah Ramachandran,21,M,A3
4845,1977,Orinder Chahal,34,M,A4
4846,1978,Om Goyal,20,M,A1
4847,1978,Laksh Korpal,34,M,A2
4848,1979,Hredhaan Thakur,38,M,A1
4849,1979,Rudra Dugar,43,M,A2
4850,1979,Ayush Doctor,32,M,A3
4851,1979,Aradhana Vaidya,39,F,A4
4852,1980,Praneel Krishnamurthy,48,M,A1
4853,1980,Nitesh Goel,42,M,A2
4854,1980,Girik Chaudry,26,M,A3
4855,1980,Robert Balay,35,M,A4
4856,1981,Chakradhar Tandon,33,M,A1
4857,1982,William Rau,26,M,A1
4858,1983,Girik Goel,44,M,A1
4859,1983,Omkaar Basu,24,M,A2
4860,1983,Tanmayi Munshi,29,F,A3
4861,1983,Samarth Thakkar,24,M,A4
4862,1984,Quincy Deep,21,M,A1
4863,1984,Suhani Agarwal,40,F,A2
4864,1984,Isaac Varma,20,M,A3
4865,1985,Damyanti Balasubramanian,47,F,A1
4866,1985,George Menon,22,M,A2
4867,1985,Viraj Chandra,35,M,A3
4868,1985,Ridhi Bhakta,24,F,A4
4869,1986,Pranav Nayar,26,M,A1
4870,1986,Champak Kapadia,33,M,A2
4871,1986,Zinal Sarma,40,F,A3
4872,1986,Zashil Sant,33,M,A4
4873,1987,Yatan Chaudhuri,43,M,A1
4874,1987,Benjamin Dube,45,M,A2
4875,1988,Ansh Lanka,39,M,A1
4876,1988,Atharv Kala,19,M,A2
4877,1988,Warinder Tailor,20,M,A3
4878,1989,Rishi Ratta,36,M,A1
4879,1989,Bahadurjit Golla,22,M,A2
4880,1990,Qasim Borah,18,M,A1
4881,1990,Nathan Swaminathan,23,M,A2
4882,1990,Frado Choudhary,34,M,A3
4883,1990,Upasna Bava,24,F,A4
4884,1991,Ekansh Bhargava,45,M,A1
4885,1991,Faqid Kant,27,M,A2
4886,1991,Meghana Om,33,F,A3
4887,1992,Samaksh Bava,44,M,A1
4888,1992,Rachita Balasubramanian,28,F,A2
4889,1992,Finn Chakraborty,39,M,A3
4890,1993,Laksh Chauhan,41,M,A1
4891,1994,Simon Nanda,46,M,A1
4892,1995,Samuel Deep,42,M,A1
4893,1995,Karan Oak,31,M,A2
4894,1996,Yagnesh Kuruvilla,29,M,A1
4895,1997,Nakul Halder,24,M,A1
4896,1997,Utkarsh Ravi,23,M,A2
4897,1997,Brijesh Pai,24,M,A3
4898,1997,Ayushman Char,20,M,A4
4899,1998,David Singh,40,M,A1
4900,1999,Rishi Chad,27,M,A1
4901,2000,Urishilla Anand,41,F,A1
4902,2000,Mitesh Vig,39,M,A2
4903,2000,Krishna Ratta,48,M,A3
4904,2001,Ranbir Dugar,38,M,A1
4905,2002,Harshil Chadha,44,M,A1
4906,2002,Neel Divan,20,M,A2
4907,2003,Naveen Virk,38,M,A1
4908,2003,Robert Bhatnagar,40,M,A2
4909,2003,Gautam Chokshi,21,M,A3
4910,2004,Ishaan Narayanan,25,M,A1
4911,2004,Caleb Guha,30,M,A2
4912,2004,Laban Prabhu,38,M,A3
4913,2005,Jatin Sane,27,M,A1
4914,2006,Chatura Malhotra,33,M,A1
4915,2006,Meera Balasubramanian,30,F,A2
4916,2007,Arin Dixit,26,M,A1
4917,2008,Banjeet Thakkar,43,M,A1
4918,2008,Advika Basak,40,F,A2
4919,2008,Faqid Mukhopadhyay,48,M,A3
4920,2008,Tara Padmanabhan,36,F,A4
4921,2009,Zayyan Solanki,35,M,A1
4922,2009,Megha Palan,33,F,A2
4923,2009,Sathvik Kala,27,M,A3
4924,2010,Nachiket Merchant,39,M,A1
4925,2010,Raghav Mann,37,M,A2
4926,2010,Devansh Nagy,27,M,A3
4927,2011,Jeet Krishnamurthy,40,M,A1
4928,2011,Qadim Karpe,41,M,A2
4929,2011,Warinder Dutt,22,M,A3
4930,2011,Nachiket Nigam,35,M,A4
4931,2012,Devansh Zachariah,39,M,A1
4932,2013,Dhruv Bhakta,45,M,A1
4933,2013,Naksh Johal,41,M,A2
4934,2014,Rudra Dave,28,M,A1
4935,2014,Anay Srivastava,24,M,A2
4936,2015,Banjeet Mall,27,M,A1
4937,2015,Rachana Dhar,35,F,A2
4938,2015,Laksh Chhabra,35,M,A3
4939,2015,Michael Pandey,31,M,A4
4940,2016,Wriddhish Chatterjee,35,M,A1
4941,2016,Pratyush Karan,23,M,A2
4942,2016,Jairaj Malhotra,34,M,A3
4943,2017,Harshil Mittal,38,M,A1
4944,2018,Pranav Sachdev,28,M,A1
4945,2018,Reyansh Viswanathan,26,M,A2
4946,2018,Zehaan Chanda,45,M,A3
4947,2019,Qadim Dube,31,M,A1
4948,2019,Joshua Kalla,44,M,A2
4949,2019,Warinder Tailor,23,M,A3
4950,2019,Tejas Kanda,26,M,A4
4951,2020,Hredhaan Dalal,28,M,A1
4952,2020,Geetika Grewal,26,F,A2
4953,2020,Naveen Lalla,33,M,A3
4954,2020,Girindra Madan,25,M,A4
4955,2021,Rudra Sheth,32,M,A1
4956,2021,Victor Sinha,26,M,A2
4957,2021,Joshua Ahuja,43,M,A3
4958,2022,Patrick Ratti,37,M,A1
4959,2022,Aadhya Sengupta,21,F,A2
4960,2022,Ekaraj Edwin,27,M,A3
4961,2023,Hitesh Thakur,46,M,A1
4962,2024,Ekalinga Sandhu,37,M,A1
4963,2024,Hritik Jha,38,M,A2
4964,2025,Andrew Ratti,28,M,A1
4965,2025,Rushil Bali,26,M,A2
4966,2026,Quincy Jayaraman,27,M,A1
4967,2026,Ucchal Narula,23,F,A2
4968,2026,Chakradev Chowdhury,30,M,A3
4969,2026,Tarak Panchal,39,M,A4
4970,2027,Chanchal Som,37,F,A1
4971,2027,Mitesh Kar,24,M,A2
4972,2028,Omkaar Palla,26,M,A1
4973,2028,Quincy Kuruvilla,38,M,A2
4974,2028,Balhaar Koshy,24,M,A3
4975,2028,Hardik Chawla,25,M,A4
4976,2029,Vihaan Sane,37,M,A1
4977,2029,Wazir Sura,27,M,A2
4978,2029,Henry Patel,32,M,A3
4979,2030,Kabir Bora,24,M,A1
4980,2030,Charan Swaminathan,31,M,A2
4981,2031,Gopal Iyer,24,M,A1
4982,2031,Yash Ravi,40,M,A2
4983,2031,Qabil Bala,45,M,A3
4984,2031,Champak Borde,21,M,A4
4985,2032,Hardik Sachar,26,M,A1
4986,2033,Victor Badami,35,M,A1
4987,2033,Chanchal Oommen,30,F,A2
4988,2033,Isaac Wali,43,M,A3
4989,2033,Rayaan Sha,28,M,A4
4990,2034,Arin Golla,37,M,A1
4991,2035,Xavier Manne,41,M,A1
4992,2036,Radhika Singh,29,F,A1
4993,2036,Qabil Pathak,44,M,A2
4994,2036,Guneet Dugar,32,M,A3
4995,2036,Vivaan Amble,33,M,A4
4996,2037,Samuel Agrawal,45,M,A1
4997,2037,Hemang Pillai,32,M,A2
4998,2037,Yashoda Oak,26,F,A3
4999,2038,Warjas Iyer,18,M,A1
5000,2038,Zashil Radhakrishnan,38,M,A2
5001,2039,Frado Raja,41,M,A1
5002,2040,Oviya Vasa,33,F,A1
5003,2040,Rishi Rajan,21,M,A2
5004,2040,Libni Savant,46,F,A3
5005,2040,Owen Pandya,38,M,A4
5006,2041,Rajata Khurana,31,F,A1
5007,2041,Yug Gara,22,M,A2
5008,2042,Agastya Khalsa,34,M,A1
5009,2043,Hritik Issac,32,M,A1
5010,2044,Ansh Malhotra,46,M,A1
5011,2044,Wazir Kant,33,M,A2
5012,2044,Onveer Lal,19,M,A3
5013,2044,Henry Bhakta,19,M,A4
5014,2045,Nirja Chauhan,33,F,A1
5015,2045,Ekavir Reddy,35,M,A2
5016,2045,Yauvani Karpe,36,F,A3
5017,2045,Upma Jha,41,F,A4
5018,2046,Ekansh Sunder,21,M,A1
5019,2047,Avi Mander,20,M,A1
5020,2047,Avi Chakrabarti,24,M,A2
5021,2047,Gaurav Suresh,46,M,A3
5022,2048,Karan Shenoy,42,M,A1
5023,2048,Wahab Jain,21,M,A2
5024,2048,Jacob Bains,23,M,A3
5025,2049,Warjas Wable,21,M,A1
5026,2050,Anamika Grewal,39,F,A1
5027,2050,Akshay Raval,46,M,A2
5028,2051,Brijesh Dar,33,M,A1
5029,2052,Qabil Verma,30,M,A1
5030,2052,Charan Johal,34,M,A2
5031,2052,Veer Dash,32,M,A3
5032,2053,Yash Bhatti,38,M,A1
5033,2053,Ethan Shukla,45,M,A2
5034,2053,Samaksh Patla,32,M,A3
5035,2054,Matthew Sastry,37,M,A1
5036,2054,Guneet Anne,31,M,A2
5037,2054,Joshua Varughese,46,M,A3
5038,2054,Vedhika Kala,33,F,A4
5039,2055,Girindra Dalal,26,M,A1
5040,2055,Zehaan Konda,24,M,A2
5041,2056,Kalpit Loke,29,M,A1
5042,2056,Nakul Kale,24,M,A2
5043,2056,Irya Grewal,30,F,A3
5044,2057,Garima Sampath,45,F,A1
5045,2057,David Pathak,27,M,A2
5046,2057,Ishanvi Barad,29,F,A3
5047,2058,Ryan Pandit,29,M,A1
5048,2058,Aarav Konda,23,M,A2
5049,2058,Thomas Dalal,31,M,A3
5050,2059,Eta Parikh,39,F,A1
5051,2060,Ekaraj Barad,40,M,A1
5052,2060,Dev Bhakta,33,M,A2
5053,2060,David Bali,38,M,A3
5054,2061,Praneel Taneja,35,M,A1
5055,2061,Udarsh Kalla,19,M,A2
5056,2061,Tristan Sunder,22,M,A3
5057,2061,Harsh Vora,38,M,A4
5058,2062,Ekapad Sarkar,28,M,A1
5059,2062,Dominic Pant,35,M,A2
5060,2062,Zayyan Oza,32,M,A3
5061,2063,Jairaj Bera,44,M,A1
5062,2063,Siddharth Narasimhan,33,M,A2
5063,2063,Karan Thaker,26,M,A3
5064,2063,Rishi Chauhan,34,M,A4
5065,2064,Maanav Barman,32,M,A1
5066,2064,Ojas Bala,35,M,A2
5067,2064,Samuel Patel,27,M,A3
5068,2065,Bhavani Tripathi,30,F,A1
5069,2065,Faraj Sekhon,31,M,A2
5070,2065,Nitesh Mital,38,M,A3
5071,2065,Varsha Taneja,23,F,A4
5072,2066,Abeer Swamy,26,M,A1
5073,2066,Ethan Mani,22,M,A2
5074,2067,Yatin Bhatia,37,M,A1
5075,2067,Noah Patla,36,M,A2
5076,2068,Ira Om,24,F,A1
5077,2069,Udant Lall,28,M,A1
5078,2069,Raghav Mitra,25,M,A2
5079,2069,Faras Dua,35,M,A3
5080,2070,Azad Mandal,35,M,A1
5081,2070,Daksh Jaggi,31,M,A2
5082,2070,Dalaja Taneja,29,F,A3
5083,2071,Jai Mann,43,M,A1
5084,2071,Rachana Nayar,39,F,A2
5085,2072,Harsh Pradhan,26,M,A1
5086,2072,Sarthak Sachdeva,22,M,A2
5087,2072,Pranav Amble,44,M,A3
5088,2073,Warjas Chakrabarti,24,M,A1
5089,2073,Nitesh Sinha,45,M,A2
5090,2073,Fariq Chander,38,M,A3
5091,2073,Jack Kapoor,31,M,A4
5092,2074,Advik Chakrabarti,35,M,A1
5093,2074,Qarin Prabhu,41,M,A2
5094,2074,Balveer Chander,29,M,A3
5095,2075,Anirudh Vig,19,M,A1
5096,2075,Manya Jaggi,29,F,A2
5097,2075,Amol Gupta,39,M,A3
5098,2075,Ikbal Sant,42,M,A4
5099,2076,Udarsh Venkataraman,28,M,A1
5100,2076,Azad Walia,42,M,A2
5101,2077,Samuel Sethi,25,M,A1
5102,2078,Girik Menon,47,M,A1
5103,2078,Samaksh Saran,25,M,A2
5104,2078,Wridesh Mall,47,M,A3
5105,2078,Samuel Mohanty,43,M,A4
5106,2079,Yug Saraf,38,M,A1
5107,2080,Rishi Vyas,27,M,A1
5108,2080,Sarthak Ganguly,26,M,A2
5109,2080,Chaitanya Mohan,40,M,A3
5110,2080,Rehaan Kalla,38,M,A4
5111,2081,Ganga Radhakrishnan,32,F,A1
5112,2082,Shaurya Venkataraman,44,M,A1
5113,2082,Darsh Yogi,44,M,A2
5114,2082,Ekaraj Dhingra,24,M,A3
5115,2083,Vivaan Johal,41,M,A1
5116,2083,Xavier Madan,46,M,A2
5117,2083,Rishi Bhatt,29,M,A3
5118,2084,Yug Thaker,37,M,A1
5119,2084,Atharv Lanka,47,M,A2
5120,2085,Aarav Bhagat,31,M,A1
5121,2085,Pahal Bhavsar,44,F,A2
5122,2085,Rudra Srinivas,30,M,A3
5123,2085,Kalpit Kumer,36,M,A4
5124,2086,Chatresh Kumer,29,M,A1
5125,2087,Faqid Chahal,29,M,A1
5126,2088,Leena Lala,43,F,A1
5127,2088,Nicholas Butala,23,M,A2
5128,2088,Oscar Bains,22,M,A3
5129,2089,Manan Sarraf,41,M,A1
5130,2089,Chameli Lall,24,F,A2
5131,2090,Girik Suri,35,M,A1
5132,2090,Anusha Palan,41,F,A2
5133,2090,Liam Dave,21,M,A3
5134,2090,Christopher Bassi,29,M,A4
5135,2091,Zayyan Brahmbhatt,43,M,A1
5136,2091,Anthony Barad,41,M,A2
5137,2091,Faqid Date,36,M,A3
5138,2091,Kiaan Palla,36,M,A4
5139,2092,Dominic Solanki,45,M,A1
5140,2093,Anthony Muni,33,M,A1
5141,2093,Wyatt Srinivas,34,M,A2
5142,2093,David Kant,18,M,A3
5143,2094,Darika Ratti,43,F,A1
5144,2094,Mitali Nori,32,F,A2
5145,2095,Tristan Manda,35,M,A1
5146,2095,Caleb Gola,19,M,A2
5147,2095,Simon Sabharwal,27,M,A3
5148,2096,Sai Chadha,47,M,A1
5149,2097,Abdul Issac,48,M,A1
5150,2097,Nicholas Narula,32,M,A2
5151,2098,Kavya Ravel,38,F,A1
5152,2098,Ayush Dhawan,30,M,A2
5153,2098,Naksh Chowdhury,21,M,A3
5154,2098,Aarush Parekh,43,M,A4
5155,2099,Rehaan Setty,29,M,A1
5156,2099,Gautam Khosla,43,M,A2
5157,2099,Girindra Karpe,36,M,A3
5158,2099,Adweta Prabhakar,41,F,A4
5159,2100,Nitesh Agarwal,43,M,A1
5160,2101,Samuel Wadhwa,36,M,A1
5161,2101,Oni Choudhry,27,F,A2
5162,2101,Ekbal Banerjee,22,M,A3
5163,2102,Indrajit Gupta,32,M,A1
5164,2103,Nakul Subramaniam,34,M,A1
5165,2104,Karan Kaul,35,M,A1
5166,2104,Manya Jaggi,29,F,A2
5167,2105,Azaan Choudhry,27,M,A1
5168,2105,Onkar Gara,25,M,A2
5169,2105,Hitesh Singhal,39,M,A3
5170,2105,Vanya Zacharia,33,F,A4
5171,2106,Tristan Prasad,32,M,A1
5172,2107,Alexander Biswas,34,M,A1
5173,2107,Prisha Patil,34,F,A2
5174,2107,Ranbir Gulati,40,M,A3
5175,2108,Maanas Tata,35,M,A1
5176,2108,Kabir Mital,38,M,A2
5177,2108,Reyansh Palla,44,M,A3
5178,2108,Raagini Dixit,48,F,A4
5179,2109,Kalpit Ramanathan,34,M,A1
5180,2109,Abeer Singh,28,M,A2
5181,2109,Ekanta Choudhry,44,F,A3
5182,2109,Simon Din,41,M,A4
5183,2110,Bachittar Dara,40,M,A1
5184,2111,Liam Aggarwal,44,M,A1
5185,2111,Vivaan Bawa,35,M,A2
5186,2112,Ekapad Basu,31,M,A1
5187,2112,Viraj Swaminathan,36,M,A2
5188,2112,Aryan Chad,30,M,A3
5189,2113,Chandresh Cheema,25,M,A1
5190,2113,Tanay Rattan,30,M,A2
5191,2113,Teerth Bala,28,M,A3
5192,2113,Manthan De,45,M,A4
5193,2114,Andrew Pandya,45,M,A1
5194,2114,Harsh Pillay,43,M,A2
5195,2114,Jagdish Sharaf,41,M,A3
5196,2114,Gagan Pandey,40,M,A4
5197,2115,Vivaan Lata,34,M,A1
5198,2115,Warjas Gulati,26,M,A2
5199,2115,Dipta De,42,F,A3
5200,2115,Yash Taneja,38,M,A4
5201,2116,Jagdish Prakash,23,M,A1
5202,2116,Mitesh Kalita,30,M,A2
5203,2117,Gaurang Panchal,34,M,A1
5204,2117,Andrew Buch,32,M,A2
5205,2117,Bhavani Rai,25,F,A3
5206,2118,Daksh Chakraborty,39,M,A1
5207,2118,Ijaya Kade,26,F,A2
5208,2119,William Kalita,41,M,A1
5209,2119,Naveen Ramaswamy,38,M,A2
5210,2119,William Prakash,21,M,A3
5211,2119,Jacob Narayan,43,M,A4
5212,2120,Wakeeta Thaman,43,F,A1
5213,2120,Dakshesh Grewal,39,M,A2
5214,2121,Benjamin Sastry,34,M,A1
5215,2122,Ayaan Mutti,40,M,A1
5216,2122,Warda Talwar,31,F,A2
5217,2122,Balveer Shanker,46,M,A3
5218,2123,Pushti Kota,30,F,A1
5219,2123,Noah Chaudhry,46,M,A2
5220,2124,Ekavir Sharaf,23,M,A1
5221,2124,Aryan Magar,18,M,A2
5222,2124,Girindra Rai,35,M,A3
5223,2124,Umang Pandey,30,M,A4
5224,2125,Victor Agrawal,39,M,A1
5225,2126,Ayushman Bir,30,M,A1
5226,2127,Chatresh Vohra,22,M,A1
5227,2127,Zayyan Sagar,47,M,A2
5228,2127,Hredhaan Dugal,27,M,A3
5229,2127,Qasim Sen,38,M,A4
5230,2128,Chandresh Chakraborty,43,M,A1
5231,2129,Qasim Randhawa,41,M,A1
5232,2130,Neel Mander,26,M,A1
5233,2130,Finn Aggarwal,39,M,A2
5234,2131,Lucky Agrawal,34,M,A1
5235,2131,Benjamin Saxena,44,M,A2
5236,2131,Tejas Kanda,28,M,A3
5237,2131,Manbir Karnik,39,M,A4
5238,2132,Warinder Bawa,33,M,A1
5239,2132,Sathvik Bedi,42,M,A2
5240,2132,Balvan Behl,45,M,A3
5241,2132,Rachita Chokshi,25,F,A4
5242,2133,Frederick Gandhi,33,M,A1
5243,2133,Chatresh Sura,45,M,A2
5244,2133,Ryan Bhavsar,38,M,A3
5245,2134,Ikbal Hegde,47,M,A1
5246,2135,Bahadurjit Narasimhan,23,M,A1
5247,2136,Gaurav Garde,42,M,A1
5248,2136,Devika Chauhan,31,F,A2
5249,2137,Brijesh Kalita,32,M,A1
5250,2137,Rushil Gupta,28,M,A2
5251,2137,Lucky Ganguly,32,M,A3
5252,2138,Matthew Basak,21,M,A1
5253,2138,Atharv Toor,42,M,A2
5254,2139,Bina Din,40,F,A1
5255,2139,Girik Dash,34,M,A2
5256,2140,Nachiket Mahajan,28,M,A1
5257,2140,Nirja Halder,42,F,A2
5258,2141,Ekapad Kalla,29,M,A1
5259,2141,Praneel Rau,31,M,A2
5260,2142,Dev Divan,38,M,A1
5261,2143,Ekaraj Munshi,38,M,A1
5262,2143,Ayush Padmanabhan,32,M,A2
5263,2144,Thomas Baral,41,M,A1
5264,2144,Warjas Rajan,39,M,A2
5265,2144,Thomas Sangha,32,M,A3
5266,2144,Nachiket Desai,47,M,A4
5267,2145,Yagnesh Desai,35,M,A1
5268,2146,Atharv Bahri,34,M,A1
5269,2146,Ikbal Banik,38,M,A2
5270,2146,Daksh Khalsa,47,M,A3
5271,2146,Balhaar Bahl,31,M,A4
5272,2147,Lakshit Goswami,34,M,A1
5273,2148,Jackson Nagar,19,M,A1
5274,2148,Imaran Chauhan,22,M,A2
5275,2149,Gautam Kata,32,M,A1
5276,2149,Vasatika Kashyap,45,F,A2
5277,2150,Nathaniel Krish,40,M,A1
5278,2150,Vivaan Bhandari,19,M,A2
5279,2151,Lohit Ratta,23,M,A1
5280,2151,Oscar Shan,30,M,A2
5281,2151,Zayyan Saha,41,M,A3
5282,2152,Praneel Bora,47,M,A1
5283,2152,Logan Parmer,43,M,A2
5284,2152,Frederick Gaba,37,M,A3
5285,2153,Parth Menon,40,M,A1
5286,2153,Samuel Joshi,27,M,A2
5287,2153,Dayamai Chaudhary,31,F,A3
5288,2154,Sai Parekh,26,M,A1
5289,2154,Oliver Balasubramanian,25,M,A2
5290,2154,Bachittar Swamy,34,M,A3
5291,2154,Yuvraj Dhar,42,M,A4
5292,2155,Hardik Gera,18,M,A1
5293,2155,Daksh Dey,40,M,A2
5294,2156,Mitesh Savant,24,M,A1
5295,2156,Ekaraj Dar,42,M,A2
5296,2156,Gaurika Sastry,45,F,A3
5297,2157,Jagdish Cheema,28,M,A1
5298,2158,Champak Upadhyay,44,M,A1
5299,2158,Jairaj Sahni,29,M,A2
5300,2158,Quincy Chanda,38,M,A3
5301,2159,Advik Chahal,24,M,A1
5302,2159,Arin Desai,36,M,A2
5303,2159,Siddharth Bhatnagar,18,M,A3
5304,2160,Bhavika Manda,33,F,A1
5305,2160,Sarthak Ganguly,23,M,A2
5306,2160,Abdul Kadakia,23,M,A3
5307,2160,Advaith Mammen,45,M,A4
5308,2161,Rehaan Divan,37,M,A1
5309,2161,Charles Bassi,31,M,A2
5310,2161,Radha Bhatti,38,F,A3
5311,2161,Advaith Menon,31,M,A4
5312,2162,Harish Dara,24,M,A1
5313,2163,Ethan Datta,41,M,A1
5314,2163,Pranav Sampath,29,M,A2
5315,2163,Dhruv Chada,22,M,A3
5316,2163,Saanvi Bose,20,F,A4
5317,2164,Sai Garde,40,M,A1
5318,2164,Reva Bhatt,26,F,A2
5319,2165,Hredhaan Yadav,26,M,A1
5320,2165,Isaac Shan,37,M,A2
5321,2165,Anvi Mall,33,F,A3
5322,2165,Jeevika Barad,27,F,A4
5323,2166,Onkar Thaker,36,M,A1
5324,2166,Brijesh Shan,30,M,A2
5325,2167,Krishna Chhabra,44,F,A1
5326,2167,Xavier Nagar,43,M,A2
5327,2168,Pratyush Mallick,38,M,A1
5328,2169,Abdul Issac,45,M,A1
5329,2169,Alexander Roy,35,M,A2
5330,2169,Naksh Salvi,44,M,A3
5331,2170,Maya Grewal,27,F,A1
5332,2170,Oscar Parmer,28,M,A2
5333,2171,Vedant Sidhu,41,M,A1
5334,2171,Ekansh Cherian,44,M,A2
5335,2171,Anirudh Shah,31,M,A3
5336,2172,Manbir Rau,43,M,A1
5337,2173,Wyatt Bumb,40,M,A1
5338,2174,Bhanumati Kuruvilla,47,F,A1
5339,2175,Zayan Sheth,35,M,A1
5340,2175,Abhimanyu Kashyap,38,M,A2
5341,2175,Nathan Gera,38,M,A3
5342,2175,Farhan Narain,27,M,A4
5343,2176,Vincent Konda,42,M,A1
5344,2177,Ayush Lal,41,M,A1
5345,2177,Yashvi Chaudhuri,21,F,A2
5346,2177,Timothy Tella,22,M,A3
5347,2178,Darsh Cheema,25,M,A1
5348,2178,Ayushman Chander,35,M,A2
5349,2178,Maanas Konda,41,M,A3
5350,2178,Jatin Chacko,21,M,A4
5351,2179,Aarnav Narain,28,M,A1
5352,2179,Banjeet Soman,35,M,A2
5353,2179,Advay Korpal,47,M,A3
5354,2179,Jai Sharma,37,M,A4
5355,2180,Henry Rai,24,M,A1
5356,2180,Nakul Chand,28,M,A2
5357,2181,Ranveer Apte,22,M,A1
5358,2181,Charan Kota,30,M,A2
5359,2181,Ishani Bera,36,F,A3
5360,2181,Pranit Dave,38,M,A4
5361,2182,Theodore Konda,23,M,A1
5362,2182,Harish Lanka,44,M,A2
5363,2182,Nakul Samra,25,M,A3
5364,2183,Krishna Dhar,31,M,A1
5365,2183,Brijesh Walla,43,M,A2
5366,2184,Ganga Ratti,22,F,A1
5367,2185,Gopal Deol,35,M,A1
5368,2186,Ojas Garg,43,M,A1
5369,2186,Pahal Bala,34,F,A2
5370,2186,Advika Basak,37,F,A3
5371,2187,Umang Kakar,33,M,A1
5372,2187,Kai Menon,26,M,A2
5373,2187,Praneel Golla,35,M,A3
5374,2188,Libni Korpal,43,F,A1
5375,2188,Michael Sane,47,M,A2
5376,2188,Avi Bava,21,M,A3
5377,2189,Dev Shankar,29,M,A1
5378,2189,Qabil Johal,33,M,A2
5379,2189,Vedhika Kari,46,F,A3
5380,2189,Mohini Raghavan,29,F,A4
5381,2190,Radha Kulkarni,38,F,A1
5382,2190,Ira Saran,27,F,A2
5383,2191,Jonathan Sidhu,43,M,A1
5384,2191,Naksh Magar,41,M,A2
5385,2191,Thomas Dhar,20,M,A3
5386,2192,Harrison Dash,31,M,A1
5387,2192,Ayush Kalla,19,M,A2
5388,2193,Kiaan Dubey,23,M,A1
5389,2193,Praneel Dugal,41,M,A2
5390,2193,Tanay Chana,41,M,A3
5391,2194,Peter Pandya,28,M,A1
5392,2194,Zehaan D’Alia,22,M,A2
5393,2194,Udarsh Hans,45,M,A3
5394,2194,Yatin Mani,26,M,A4
5395,2195,Faris Kala,32,M,A1
5396,2195,Ronith Dayal,41,M,A2
5397,2195,Rishi Chaudry,21,M,A3
5398,2196,Finn Purohit,33,M,A1
5399,2196,Zayyan Buch,24,M,A2
5400,2196,Abhiram Palla,22,M,A3
5401,2197,Pranav Gara,22,M,A1
5402,2197,Timothy Salvi,41,M,A2
5403,2197,Wridesh Mahajan,23,M,A3
5404,2197,Ishanvi Kade,47,F,A4
5405,2198,Shaurya Grover,22,M,A1
5406,2198,Orinder Dar,35,M,A2
5407,2198,Abeer Devi,25,M,A3
5408,2198,Aadi Suri,32,M,A4
5409,2199,Reyansh Raja,40,M,A1
5410,2199,Hritik Taneja,44,M,A2
5411,2199,Pranit Parikh,42,M,A3
5412,2199,Robert Grover,30,M,A4
5413,2200,Utkarsh Kapadia,23,M,A1
5414,2201,Vivaan Sengupta,26,M,A1
5415,2201,Charles De,31,M,A2
5416,2202,Yug Kapur,44,M,A1
5417,2203,William Chada,40,M,A1
5418,2203,Oscar Sangha,40,M,A2
5419,2203,Darsh Vig,38,M,A3
5420,2203,Oscar Gole,26,M,A4
5421,2204,Dakshesh Sharma,20,M,A1
5422,2204,Udant Balan,43,M,A2
5423,2205,Bahadurjit Shroff,44,M,A1
5424,2206,Advik Batta,42,M,A1
5425,2206,Siddharth Tak,38,M,A2
5426,2206,Xavier Nair,32,M,A3
5427,2207,Manbir Sarma,21,M,A1
5428,2207,Jeet Raman,31,M,A2
5429,2208,Zashil Sanghvi,32,M,A1
5430,2209,Krishna Naik,43,M,A1
5431,2209,Kai Rattan,40,M,A2
5432,2209,Damyanti Sur,44,F,A3
5433,2210,Chatresh Sandal,41,M,A1
5434,2210,Udarsh Kunda,34,M,A2
5435,2210,Ucchal Narula,27,F,A3
5436,2211,Rudra Sarkar,33,M,A1
5437,2212,Janaki Sha,37,F,A1
5438,2212,Atharv Bora,30,M,A2
5439,2212,Liam Kala,27,M,A3
5440,2212,Tanveer Lata,25,M,A4
5441,2213,Madhav Baral,28,M,A1
5442,2213,Harish Ramachandran,28,M,A2
5443,2214,Hemal Sankaran,25,F,A1
5444,2214,Aryan Kannan,23,M,A2
5445,2214,Vrinda Joshi,23,F,A3
5446,2215,Faras Krish,38,M,A1
5447,2216,Ekavir Mody,26,M,A1
5448,2216,Onkar Rama,29,M,A2
5449,2216,Advaith Amble,36,M,A3
5450,2217,Harrison Luthra,33,M,A1
5451,2217,Jason Ravi,27,M,A2
5452,2217,Ijaya Dass,28,F,A3
5453,2218,Tanay Basu,30,M,A1
5454,2219,Balveer Sura,42,M,A1
5455,2220,Praneel Sridhar,35,M,A1
5456,2220,Dalaja Vaidya,31,F,A2
5457,2221,Zashil Sarkar,44,M,A1
5458,2221,Radhika Kar,41,F,A2
5459,2222,Frederick Suresh,41,M,A1
5460,2222,Kamala Bhatt,34,F,A2
5461,2222,Chatura Thakur,28,M,A3
5462,2223,Harsh Kanda,30,M,A1
5463,2223,Divya Murthy,20,F,A2
5464,2224,Aarush Mann,29,M,A1
5465,2224,Kai Panchal,23,M,A2
5466,2224,Utkarsh Subramanian,24,M,A3
5467,2225,Nakul Sahni,26,M,A1
5468,2226,Umang Ratta,40,M,A1
5469,2227,Patrick Dass,29,M,A1
5470,2227,Zashil Oommen,28,M,A2
5471,2228,Azaan Mani,21,M,A1
5472,2228,Zarna Desai,40,F,A2
5473,2228,Eshana Sidhu,35,F,A3
5474,2228,Mason Majumdar,43,M,A4
5475,2229,Vivaan Kata,42,M,A1
5476,2229,Lakshit Banerjee,27,M,A2
5477,2230,Jason Gaba,23,M,A1
5478,2230,Kabir Kota,31,M,A2
5479,2231,Kavya Bahri,28,F,A1
5480,2232,Zashil Wali,22,M,A1
5481,2233,Faraj Ramaswamy,30,M,A1
5482,2233,Advika Basak,36,F,A2
5483,2233,Onveer Borde,22,M,A3
5484,2233,Gopal Sabharwal,39,M,A4
5485,2234,Nathan Bora,29,M,A1
5486,2234,Harish Thaker,32,M,A2
5487,2234,Chaitanya Khurana,36,M,A3
5488,2235,Daniel Prabhu,30,M,A1
5489,2235,Jeremiah Bir,26,M,A2
5490,2236,Christopher Sankaran,44,M,A1
5491,2236,Kevin Samra,25,M,A2
5492,2237,Lucky Devan,23,M,A1
5493,2237,Pratyush Dada,41,M,A2
5494,2238,Yug Bose,29,M,A1
5495,2239,David Pau,27,M,A1
5496,2239,Ansh Mahal,44,M,A2
5497,2240,Champak Raman,37,M,A1
5498,2240,Simon Reddy,23,M,A2
5499,2241,Jai Yohannan,39,M,A1
5500,2242,Azaan Dhaliwal,33,M,A1
5501,2242,Zarna Mishra,35,F,A2
5502,2243,Abhimanyu Kala,36,M,A1
5503,2243,George Varma,35,M,A2
5504,2244,Aarnav Mittal,42,M,A1
5505,2244,Caleb Bajwa,22,M,A2
5506,2244,Vivaan Sule,39,M,A3
5507,2245,Onveer Kurian,44,M,A1
5508,2245,Daniel Gala,40,M,A2
5509,2245,Rushil Bhattacharyya,25,M,A3
5510,2245,Devansh Sawhney,42,M,A4
5511,2246,Chasmum Gole,40,F,A1
5512,2246,Aarush Sha,30,M,A2
5513,2247,Ikbal Datta,40,M,A1
5514,2247,Gaurav Shere,47,M,A2
5515,2247,Ekiya Biswas,22,F,A3
5516,2247,Bhanumati Chaudhari,29,F,A4
5517,2248,Yashawini Golla,25,F,A1
5518,2248,Vansha Solanki,42,F,A2
5519,2249,Umang Choudhury,29,M,A1
5520,2249,Falan Raj,28,M,A2
5521,2250,Nakul Shere,39,M,A1
5522,2250,Maanas Golla,46,M,A2
5523,2250,Chaitanya Sama,31,M,A3
5524,2251,Arin Aggarwal,26,M,A1
5525,2251,Ladli Gupta,32,F,A2
5526,2251,Ladli Kale,46,F,A3
5527,2252,Ayaan Sheth,41,M,A1
5528,2252,Fitan Sathe,30,M,A2
5529,2252,Vincent Barad,31,M,A3
5530,2252,Zashil Khare,45,M,A4
5531,2253,Nathaniel Subramaniam,42,M,A1
5532,2253,Ayaan Kamdar,34,M,A2
5533,2253,Quincy Kamdar,33,M,A3
5534,2254,Wazir Sehgal,45,M,A1
5535,2254,Meghana Rau,24,F,A2
5536,2255,Maanav Mahal,41,M,A1
5537,2255,Hritik Kannan,22,M,A2
5538,2255,Luke Radhakrishnan,32,M,A3
5539,2255,Samuel Wadhwa,38,M,A4
5540,2256,Naksh Talwar,22,M,A1
5541,2256,Naksh Bir,21,M,A2
5542,2256,Chatura Tata,21,M,A3
5543,2256,Reyansh Parmer,27,M,A4
5544,2257,Ishwar Kanda,36,M,A1
5545,2258,Kabir Dey,31,M,A1
5546,2258,Dalbir Sachar,42,M,A2
5547,2258,Aayush Dutta,34,M,A3
5548,2259,Qushi Srinivasan,24,F,A1
5549,2260,Laban Boase,36,M,A1
5550,2261,George Sodhi,25,M,A1
5551,2261,Balvan Kannan,24,M,A2
5552,2261,Faras Gola,37,M,A3
5553,2262,Faraj Ganesan,35,M,A1
5554,2262,Amol Chahal,20,M,A2
5555,2263,Victor Sankaran,26,M,A1
5556,2263,Hardik Bhagat,35,M,A2
5557,2263,Hitesh Menon,47,M,A3
5558,2263,Saksham Shankar,19,M,A4
5559,2264,Indrajit Sankar,33,M,A1
5560,2264,Ekbal Chander,46,M,A2
5561,2264,Mohammed Kade,38,M,A3
5562,2265,Oliver Golla,43,M,A1
5563,2266,Onveer Bhatt,23,M,A1
5564,2267,Samuel Zachariah,35,M,A1
5565,2267,Vritti Bhakta,37,F,A2
5566,2268,Chatresh Koshy,30,M,A1
5567,2268,Maanav Narula,36,M,A2
5568,2268,Sneha Cheema,43,F,A3
5569,2269,Frado Thakkar,23,M,A1
5570,2269,Urishilla Tak,37,F,A2
5571,2270,Tanay Naik,18,M,A1
5572,2271,Ishaan Keer,40,M,A1
5573,2271,Jatin Bala,20,M,A2
5574,2272,Bahadurjit Deshmukh,44,M,A1
5575,2272,Yatin Tak,29,M,A2
5576,2273,Chasmum Thaker,41,F,A1
5577,2273,Qadim Dhaliwal,23,M,A2
5578,2273,Gautam Balasubramanian,34,M,A3
5579,2273,Ganga Khosla,32,F,A4
5580,2274,Bahadurjit Manne,40,M,A1
5581,2275,Hemani Konda,24,F,A1
5582,2275,Tanay Sule,34,M,A2
5583,2275,Anika Chowdhury,38,F,A3
5584,2276,Abhimanyu Amble,42,M,A1
5585,2276,Damini Buch,42,F,A2
5586,2277,Dakshesh Pradhan,25,M,A1
5587,2278,Ayush Sethi,23,M,A1
5588,2278,Ekalinga Subramanian,40,M,A2
5589,2278,Girik Bali,46,M,A3
5590,2279,Gaurav Jayaraman,32,M,A1
5591,2279,Daksh Rai,41,M,A2
5592,2280,Ekaraj Palla,47,M,A1
5593,2280,Umang Rajagopalan,20,M,A2
5594,2280,Pranit Divan,45,M,A3
5595,2281,Lucky Devan,27,M,A1
5596,2281,Mohini Gandhi,43,F,A2
5597,2281,Geetika Raju,38,F,A3
5598,2282,Ekansh Amble,32,M,A1
5599,2283,Kabir Gara,23,M,A1
5600,2284,Anmol Mistry,22,M,A1
5601,2284,Wyatt Nigam,21,M,A2
5602,2284,Advay Mandal,39,M,A3
5603,2285,Akshay Sem,45,M,A1
5604,2286,Samuel Joshi,26,M,A1
5605,2286,Jackson Taneja,32,M,A2
5606,2286,Urmi Seth,36,F,A3
5607,2286,Aryan Amble,37,M,A4
5608,2287,Naveen Narang,24,M,A1
5609,2288,Utkarsh Savant,26,M,A1
5610,2289,Pranit Chokshi,29,M,A1
5611,2289,Farhan Bhatnagar,20,M,A2
5612,2289,Joshua Bala,24,M,A3
5613,2289,Guneet Rajagopal,27,M,A4
5614,2290,Nakul Bhatt,23,M,A1
5615,2291,Laban Zachariah,26,M,A1
5616,2291,Thomas Sarin,28,M,A2
5617,2291,Gunbir Chakraborty,22,M,A3
5618,2291,Joshua Bhalla,32,M,A4
5619,2292,Chandresh Mahal,35,M,A1
5620,2292,Tanvi Tata,45,F,A2
5621,2292,Vincent Sarna,38,M,A3
5622,2293,Akshay Char,34,M,A1
5623,2293,Anirudh Dua,38,M,A2
5624,2293,Umang Sami,45,M,A3
5625,2293,Noah Borde,28,M,A4
5626,2294,Ishwar Mody,36,M,A1
5627,2294,Yashawini Gaba,43,F,A2
5628,2294,Victor Deshpande,48,M,A3
5629,2295,Krish Viswanathan,36,M,A1
5630,2295,Jacob Patel,39,M,A2
5631,2295,Gagan Shanker,43,M,A3
5632,2295,Girish Kale,19,M,A4
5633,2296,Siddharth Hayre,24,M,A1
5634,2296,Rehaan Mangat,21,M,A2
5635,2296,Kiaan Deshmukh,35,M,A3
5636,2297,Sathvik Setty,41,M,A1
5637,2297,Geetika Dugal,25,F,A2
5638,2297,Kritika Nath,39,F,A3
5639,2298,Ayaan Chawla,22,M,A1
5640,2298,Simon Hayer,37,M,A2
5641,2299,Hema Sagar,31,F,A1
5642,2300,Lakshit Lata,27,M,A1
5643,2300,Pratyush Dalal,22,M,A2
5644,2301,Balvan Cheema,28,M,A1
5645,2302,Geetika Buch,45,F,A1
5646,2303,Christopher Das,26,M,A1
5647,2303,Laban Swaminathan,43,M,A2
5648,2304,Gabriel Kulkarni,45,M,A1
5649,2304,Harsh Naidu,23,M,A2
5650,2304,Yug Prasad,47,M,A3
5651,2305,Qarin Borra,36,M,A1
5652,2306,Chandresh Gala,44,M,A1
5653,2307,Agastya Thakur,23,M,A1
5654,2307,Ekaraj Krishnamurthy,44,M,A2
5655,2308,Arjun Bobal,40,M,A1
5656,2308,Om Goyal,22,M,A2
5657,2309,Samuel Kibe,33,M,A1
5658,2309,Mohammed Chaudry,42,M,A2
5659,2309,Azad Venkataraman,37,M,A3
5660,2310,Charan Chokshi,19,M,A1
5661,2310,Nathaniel Agate,45,M,A2
5662,2311,Joshua Ben,25,M,A1
5663,2312,Ayushman Raman,21,M,A1
5664,2312,Kevin Merchant,46,M,A2
5665,2312,Quincy Bansal,38,M,A3
5666,2312,Siya Rai,21,F,A4
5667,2313,Liam Madan,41,M,A1
5668,2313,Kabir Ramanathan,40,M,A2
5669,2314,Udyati Bir,44,F,A1
5670,2314,Qarin Gara,34,M,A2
5671,2314,Laban Shan,47,M,A3
5672,2315,Vrinda Warrior,30,F,A1
5673,2315,Saumya Sawhney,31,F,A2
5674,2315,Abhiram Singh,41,M,A3
5675,2316,Logan Karpe,21,M,A1
5676,2316,Jagat Om,29,M,A2
5677,2316,Amara Deol,45,F,A3
5678,2316,Tara Rajagopal,47,F,A4
5679,2317,Xavier Narain,24,M,A1
5680,2317,Frederick Chahal,22,M,A2
5681,2317,Chaitanya Tella,21,M,A3
5682,2318,Orinder Memon,41,M,A1
5683,2318,Zashil Palla,40,M,A2
5684,2318,Naveen Ravi,31,M,A3
5685,2319,Anjali Sekhon,19,F,A1
5686,2320,Noah Borra,29,M,A1
5687,2320,Frederick Narayanan,35,M,A2
5688,2320,Shaurya Shankar,37,M,A3
5689,2321,Wriddhish Gill,24,M,A1
5690,2321,Tanish Narang,26,M,A2
5691,2321,Henry Ranganathan,37,M,A3
5692,2321,Joshua Bera,47,M,A4
5693,2322,Anirudh Sarma,44,M,A1
5694,2322,Ayushman Lala,33,M,A2
5695,2322,Onveer Butala,25,M,A3
5696,2322,Samuel Joshi,25,M,A4
5697,2323,Upadhriti Dutta,22,F,A1
5698,2323,Nathaniel Kant,24,M,A2
5699,2323,Bakhshi Jaggi,37,M,A3
5700,2324,Dhruv Saraf,44,M,A1
5701,2324,Teerth Munshi,31,M,A2
5702,2324,Advay Madan,20,M,A3
5703,2324,Peter Dhaliwal,38,M,A4
5704,2325,Rehaan Madan,39,M,A1
5705,2325,Balvan Biswas,28,M,A2
5706,2325,Yug Gulati,45,M,A3
5707,2325,Ekbal Verma,42,M,A4
5708,2326,Zehaan Barman,41,M,A1
5709,2326,Gautam Chokshi,21,M,A2
5710,2327,Jack Bhat,32,M,A1
5711,2327,Madhav Manda,26,M,A2
5712,2328,Chameli Kapadia,20,F,A1
5713,2328,Arjun Dutt,22,M,A2
5714,2328,Amol Khosla,28,M,A3
5715,2328,Xavier Sachdev,30,M,A4
5716,2329,Nachiket Parikh,22,M,A1
5717,2329,Neha Narayanan,48,F,A2
5718,2330,Jeremiah Jaggi,32,M,A1
5719,2330,Christopher Chokshi,27,M,A2
5720,2331,Gopal Krish,23,M,A1
5721,2331,Benjamin Jha,45,M,A2
5722,2332,Ekbal Puri,22,M,A1
5723,2332,Abhiram Sankaran,21,M,A2
5724,2333,Urmi Dugar,22,F,A1
5725,2333,Shivansh Mangal,19,M,A2
5726,2333,Joshua Deshpande,23,M,A3
5727,2334,Avi Sarkar,36,M,A1
5728,2334,William Ganguly,42,M,A2
5729,2334,Fiyaz Bandi,33,M,A3
5730,2335,Vihaan Choudhury,24,M,A1
5731,2336,Mason Parmar,30,M,A1
5732,2336,Rehaan Nath,21,M,A2
5733,2336,Lakshit Murthy,29,M,A3
5734,2336,Manan Misra,37,M,A4
5735,2337,Qasim Gara,41,M,A1
5736,2337,Max Gade,22,M,A2
5737,2338,Om Goyal,23,M,A1
5738,2339,Yashasvi Singhal,23,F,A1
5739,2339,Oscar Bath,26,M,A2
5740,2340,Warinder Vohra,31,M,A1
5741,2340,Zayan Bala,40,M,A2
5742,2340,Mohammed Bose,29,M,A3
5743,2340,Wyatt Bali,30,M,A4
5744,2341,Indrajit Misra,27,M,A1
5745,2341,Widisha Datta,25,F,A2
5746,2341,Reyansh Loyal,31,M,A3
5747,2342,Maanas Gola,46,M,A1
5748,2342,Dev Ratta,30,M,A2
5749,2343,Christopher Nair,19,M,A1
5750,2343,Sarthak Saha,27,M,A2
5751,2344,Sara Krishna,43,F,A1
5752,2344,Advika Om,26,F,A2
5753,2344,Naksh Dar,22,M,A3
5754,2344,Dalbir Bora,45,M,A4
5755,2345,Baljiwan Vaidya,34,M,A1
5756,2345,Rachit Rana,35,M,A2
5757,2345,Bachittar Dugar,29,M,A3
5758,2345,Bahadurjit Dave,20,M,A4
5759,2346,Rishi Sunder,39,M,A1
5760,2346,Wridesh Tripathi,43,M,A2
5761,2346,Hardik Chada,19,M,A3
5762,2347,Umang Lala,35,M,A1
5763,2347,Robert Goswami,39,M,A2
5764,2347,Tanay Dhar,37,M,A3
5765,2348,Ekani Subramanian,35,F,A1
5766,2348,Samaksh Anne,43,M,A2
5767,2349,Viraj Badal,39,M,A1
5768,2349,Oscar Kara,38,M,A2
5769,2349,Aarnav Salvi,24,M,A3
5770,2349,Gabriel Hans,41,M,A4
5771,2350,Utkarsh Prakash,45,M,A1
5772,2350,Henry Raja,38,M,A2
5773,2351,Aayush Banik,23,M,A1
5774,2352,Tristan Modi,35,M,A1
5775,2352,Harshil Nair,27,M,A2
5776,2353,Faqid Arya,35,M,A1
5777,2353,Aarav Sanghvi,39,M,A2
5778,2353,Yashawini Sachar,36,F,A3
5779,2353,Bahadurjit Natt,23,M,A4
5780,2354,Viraj Sundaram,45,M,A1
5781,2355,Jyoti Ramanathan,19,F,A1
5782,2355,Wakeeta Gill,22,F,A2
5783,2355,Jatin Dutt,19,M,A3
5784,2355,Nihal Varma,29,M,A4
5785,2356,Alexander Kar,35,M,A1
5786,2356,Pranit Kamdar,27,M,A2
5787,2356,Hardik Chokshi,23,M,A3
5788,2357,Jeet Bhagat,24,M,A1
5789,2357,Tamanna Thaker,42,F,A2
5790,2358,Madhav Bora,36,M,A1
5791,2358,Fariq Tiwari,39,M,A2
5792,2358,Yashica Thakkar,40,F,A3
5793,2358,Aahana Borah,18,F,A4
5794,2359,Yug Setty,40,M,A1
5795,2359,Yadavi Sachdev,33,F,A2
5796,2359,Chaitanya Korpal,38,M,A3
5797,2360,Ekalinga Ram,37,M,A1
5798,2360,Omisha Luthra,30,F,A2
5799,2360,Dominic Mody,42,M,A3
5800,2361,Wriddhish Rout,38,M,A1
5801,2361,Naveen Bail,22,M,A2
5802,2362,Oscar Ratta,23,M,A1
5803,2362,Girindra Dhar,41,M,A2
5804,2363,Rehaan Cherian,45,M,A1
5805,2363,Ishwar Rout,47,M,A2
5806,2364,Isaac Kala,37,M,A1
5807,2364,Bahadurjit Dugar,33,M,A2
5808,2365,Irya Sawhney,29,F,A1
5809,2366,Pratyush Salvi,25,M,A1
5810,2366,Aadi Sharma,28,M,A2
5811,2367,Yash Sridhar,38,M,A1
5812,2367,Nathan Lad,39,M,A2
5813,2367,Umang Jaggi,37,M,A3
5814,2368,Zayan Sanghvi,43,M,A1
5815,2368,Ayush Dyal,35,M,A2
5816,2368,Hitesh Chandra,30,M,A3
5817,2369,Amol Narang,41,M,A1
5818,2370,Abha Baria,30,F,A1
5819,2370,Balendra Bhakta,21,M,A2
5820,2371,Baljiwan Talwar,19,M,A1
5821,2371,Jack More,22,M,A2
5822,2371,Lohit Kohli,25,M,A3
5823,2371,Jack Bali,28,M,A4
5824,2372,Imaran Dhar,26,M,A1
5825,2372,Harish Arya,35,M,A2
5826,2373,Caleb Barman,37,M,A1
5827,2373,Patrick Mital,31,M,A2
5828,2374,Gautam Murthy,41,M,A1
5829,2374,Lucky Sahni,21,M,A2
5830,2375,Tanveer Bansal,32,M,A1
5831,2376,Hitesh Singhal,42,M,A1
5832,2376,Vihaan Mangat,29,M,A2
5833,2376,Gunbir Bail,40,M,A3
5834,2376,Guneet Reddy,19,M,A4
5835,2377,Jairaj Uppal,20,M,A1
5836,2377,Aarnav Sodhi,35,M,A2
5837,2378,Charles Brahmbhatt,36,M,A1
5838,2378,Sarthak Bhalla,28,M,A2
5839,2378,Theodore Sen,38,M,A3
5840,2378,Upkaar Tak,39,M,A4
5841,2379,Odika Sarma,23,F,A1
5842,2379,Banjeet Mall,28,M,A2
5843,2380,Abeer Radhakrishnan,47,M,A1
5844,2380,Yash Wagle,42,M,A2
5845,2381,Thomas Kumar,27,M,A1
5846,2381,Viraj Bhatt,45,M,A2
5847,2381,Samaksh Manda,37,M,A3
5848,2382,Pranav Goel,23,M,A1
5849,2382,Tristan Mital,33,M,A2
5850,2382,Elijah Naidu,42,M,A3
5851,2382,Ubika Bava,42,F,A4
5852,2383,Kala Padmanabhan,21,F,A1
5853,2384,Harrison Thaman,32,M,A1
5854,2385,Nathaniel Upadhyay,22,M,A1
5855,2385,Atharv Kothari,32,M,A2
5856,2385,Orinder Puri,44,M,A3
5857,2386,Manya Jaggi,25,F,A1
5858,2386,Liam Nagi,18,M,A2
5859,2386,Devansh Deshmukh,38,M,A3
5860,2387,Harrison Ganesan,24,M,A1
5861,2388,Turvi Gole,24,F,A1
5862,2388,Wahab Bakshi,27,M,A2
5863,2388,Orinder Mallick,33,M,A3
5864,2388,Tristan Goyal,45,M,A4
5865,2389,Isaac Dewan,41,M,A1
5866,2389,Shivani Goyal,27,F,A2
5867,2389,Kavya Krishna,31,F,A3
5868,2389,Zashil Patel,35,M,A4
5869,2390,Brijesh Lal,24,M,A1
5870,2390,Atharv Kata,38,M,A2
5871,2390,Sai Kar,36,M,A3
5872,2390,Harrison Dutt,37,M,A4
5873,2391,Ranveer Parsa,35,M,A1
5874,2391,Chandresh Sandhu,42,M,A2
5875,2391,Ekaraj Chanda,27,M,A3
5876,2392,Naksh Raju,22,M,A1
5877,2393,Harinakshi Pathak,28,F,A1
5878,2393,Gaurang Verma,28,M,A2
5879,2394,Jairaj Babu,43,M,A1
5880,2394,Sara Barman,38,F,A2
5881,2395,Jacob Johal,46,M,A1
5882,2395,Nachiket Bawa,41,M,A2
5883,2395,Zaid Manda,25,M,A3
5884,2396,Anay Karnik,35,M,A1
5885,2397,Eshana Viswanathan,21,F,A1
5886,2397,Pratyush Nadkarni,32,M,A2
5887,2397,Balhaar Mannan,28,M,A3
5888,2398,Finn Pandey,34,M,A1
5889,2398,Charles Agarwal,37,M,A2
5890,2398,Tanay Buch,47,M,A3
5891,2399,Ubika Badami,26,F,A1
5892,2399,Timothy Lala,31,M,A2
5893,2399,Harish Vaidya,22,M,A3
5894,2400,Yatan Mani,21,M,A1
5895,2400,Wahab Kant,35,M,A2
5896,2400,Baljiwan Sani,24,M,A3
5897,2401,Joshua Atwal,32,M,A1
5898,2402,Oscar Balasubramanian,32,M,A1
5899,2402,Teerth Saxena,33,M,A2
5900,2402,Jonathan Zachariah,44,M,A3
5901,2403,Nathan Parikh,23,M,A1
5902,2403,Bachittar Garde,42,M,A2
5903,2403,Mugdha Gokhale,43,F,A3
5904,2404,Rohan Aggarwal,25,M,A1
5905,2404,Gaurangi Sahni,27,F,A2
5906,2405,Liam Bhatnagar,33,M,A1
5907,2405,Manbir Khare,24,M,A2
5908,2405,Jatin Ganguly,43,M,A3
5909,2406,Zayyan Manda,36,M,A1
5910,2407,Faras Parekh,26,M,A1
5911,2407,Girish Kar,26,M,A2
5912,2408,William Kadakia,37,M,A1
5913,2408,Jason Dave,45,M,A2
5914,2409,Chatresh Natt,40,M,A1
5915,2409,Nakul Dalal,44,M,A2
5916,2409,Hitesh Shukla,35,M,A3
5917,2410,Wahab Kata,40,M,A1
5918,2410,Balendra Sinha,40,M,A2
5919,2411,Zayyan Malhotra,42,M,A1
5920,2412,Liam Radhakrishnan,39,M,A1
5921,2412,Ranbir Ahluwalia,26,M,A2
5922,2412,Ekansh Kanda,46,M,A3
5923,2413,Charles Divan,21,M,A1
5924,2414,Zashil Dube,33,M,A1
5925,2415,Rajata Dada,41,F,A1
5926,2415,Aditya Devan,32,M,A2
5927,2415,Nitesh Subramanian,25,M,A3
5928,2416,Atharv Kalla,41,M,A1
5929,2416,Tanay Hegde,33,M,A2
5930,2416,Wriddhish Chopra,31,M,A3
5931,2417,Falguni Lal,36,F,A1
5932,2418,Imaran Apte,23,M,A1
5933,2419,Rushil Barman,23,M,A1
5934,2420,Max Shah,23,M,A1
5935,2420,Laban Suri,21,M,A2
5936,2420,Varenya Sheth,38,F,A3
5937,2421,Robert Nayar,35,M,A1
5938,2421,Ekapad Soman,37,M,A2
5939,2421,Umang Kaul,42,M,A3
5940,2422,Onveer Singhal,22,M,A1
5941,2422,Sai Char,25,M,A2
5942,2423,Karan Verma,22,M,A1
5943,2423,Hredhaan Balay,46,M,A2
5944,2423,Faris Chawla,38,M,A3
5945,2424,Gautam Kata,37,M,A1
5946,2424,Krishna Morar,37,F,A2
5947,2425,Ishaan Gaba,41,M,A1
5948,2426,Ayush Buch,29,M,A1
5949,2427,Fitan Kuruvilla,37,M,A1
5950,2427,Tanmayi Bal,24,F,A2
5951,2427,Chandresh Pall,22,M,A3
5952,2427,Qarin Hans,40,M,A4
5953,2428,Neel Randhawa,40,M,A1
5954,2428,Yatin Bains,23,M,A2
5955,2428,David Saran,40,M,A3
5956,2429,Aarnav Bhargava,29,M,A1
5957,2429,Andrew Saxena,30,M,A2
5958,2430,Falan Bal,42,M,A1
5959,2430,Anmol Saxena,19,M,A2
5960,2430,Fariq Roy,41,M,A3
5961,2431,Kai Sunder,37,M,A1
5962,2431,Rachit Contractor,37,M,A2
5963,2431,Indali Roy,35,F,A3
5964,2431,Naveen Majumdar,45,M,A4
5965,2432,Girindra Dhar,19,M,A1
5966,2433,Aarav Chhabra,44,M,A1
5967,2434,Farhan Palla,44,M,A1
5968,2434,Ayushman Batra,41,M,A2
5969,2434,Darpan Iyer,36,M,A3
5970,2435,Ethan Srinivasan,35,M,A1
5971,2435,Theodore Choudhry,35,M,A2
5972,2435,Udarsh Sidhu,44,M,A3
5973,2436,Veer Dugar,33,M,A1
5974,2437,Ekansh Ganesh,41,M,A1
5975,2438,Bahadurjit Nagar,22,M,A1
5976,2438,Teerth Solanki,35,M,A2
5977,2439,Shaurya Bhagat,45,M,A1
5978,2439,Rehaan Sibal,31,M,A2
5979,2439,Anthony Jayaraman,42,M,A3
5980,2439,Advaith Raman,28,M,A4
5981,2440,Bachittar Khanna,42,M,A1
5982,2441,Rehaan Sarna,31,M,A1
5983,2442,Jackson Gola,18,M,A1
5984,2442,Farhan Comar,25,M,A2
5985,2442,Liam Kant,44,M,A3
5986,2442,Isaac Ganesan,33,M,A4
5987,2443,Ojas Sethi,33,M,A1
5988,2443,Idika D’Alia,22,F,A2
5989,2443,Ranbir Sawhney,36,M,A3
5990,2444,Darpan Balan,41,M,A1
5991,2444,Abdul Pall,34,M,A2
5992,2445,Andrew Rastogi,20,M,A1
5993,2446,Onveer Saraf,29,M,A1
5994,2446,Nitara Ranganathan,33,F,A2
5995,2446,Ryan Koshy,40,M,A3
5996,2446,Tanveer Bakshi,38,M,A4
5997,2447,Qadim Chahal,23,M,A1
5998,2447,Udant Patil,29,M,A2
5999,2447,Harish Soman,22,M,A3
6000,2448,Hardik Loke,40,M,A1
6001,2448,Oliver Wagle,36,M,A2
6002,2449,Hardik Luthra,29,M,A1
6003,2449,Chaitanya Ranganathan,41,M,A2
6004,2450,Ekavir Datta,39,M,A1
6005,2451,Dakshesh Raju,38,M,A1
6006,2452,Udarsh Mittal,24,M,A1
6007,2452,Ekansh Ratti,27,M,A2
6008,2453,Nitesh Trivedi,37,M,A1
6009,2453,Darpan Loyal,32,M,A2
6010,2453,Inaya Kalita,39,F,A3
6011,2454,Onkar Vasa,22,M,A1
6012,2454,Anirudh Gour,28,M,A2
6013,2454,Jacob Biswas,32,M,A3
6014,2455,Alka Devan,35,F,A1
6015,2455,Faris Mannan,30,M,A2
6016,2455,Udarsh Sami,39,M,A3
6017,2456,Girish Ranganathan,27,M,A1
6018,2457,Yug Kapur,46,M,A1
6019,2457,Oeshi Borde,26,F,A2
6020,2458,Jason Kapur,41,M,A1
6021,2458,Shivansh Chacko,40,M,A2
6022,2459,Yug Dar,23,M,A1
6023,2459,Rohan Pandya,23,M,A2
6024,2459,Chanakya Kakar,21,M,A3
6025,2459,Mekhala Pai,34,F,A4
6026,2460,Qushi Baral,39,F,A1
6027,2460,Ekbal Naidu,30,M,A2
6028,2460,Dhruv Datta,37,M,A3
6029,2461,Girik Sachdev,34,M,A1
6030,2461,Ikbal Patla,40,M,A2
6031,2461,Wishi Krishnamurthy,19,F,A3
6032,2461,Sneha Dani,19,F,A4
6033,2462,Qarin Madan,22,M,A1
6034,2462,Ekavir Som,37,M,A2
6035,2463,Rayaan Hayre,40,M,A1
6036,2464,Sarthak Yohannan,23,M,A1
6037,2464,Benjamin Ghosh,43,M,A2
6038,2464,Onkar Kashyap,32,M,A3
6039,2464,Darsh Walia,29,M,A4
6040,2465,Chaitanya Sha,41,M,A1
6041,2465,Chaitaly Bala,38,F,A2
6042,2465,Dhruv Minhas,46,M,A3
6043,2465,Adya Deol,25,F,A4
6044,2466,Lohit Koshy,34,M,A1
6045,2466,Alexander Kalla,42,M,A2
6046,2466,Shivansh Mangal,22,M,A3
6047,2466,Kashvi Dasgupta,31,F,A4
6048,2467,Lohit Bath,26,M,A1
6049,2467,Siddharth Sur,34,M,A2
6050,2467,Wahab Subramaniam,27,M,A3
6051,2467,Atharv Chatterjee,24,M,A4
6052,2468,Fitan Parmer,24,M,A1
6053,2468,Krishna Sidhu,37,F,A2
6054,2468,Ekavir Sandal,19,M,A3
6055,2468,Ronith Badami,22,M,A4
6056,2469,Ekalinga Nair,18,M,A1
6057,2469,Isaiah Dayal,30,M,A2
6058,2469,Samaksh Patla,31,M,A3
6059,2470,Vedant Krishnan,31,M,A1
6060,2470,Vansha Nori,33,F,A2
6061,2471,Upma Banerjee,30,F,A1
6062,2472,Vihaan Narula,19,M,A1
6063,2472,Qarin Thakur,31,M,A2
6064,2472,Udant Soman,44,M,A3
6065,2472,Manbir Dhillon,33,M,A4
6066,2473,Falan Nadig,26,M,A1
6067,2474,Samesh Saxena,40,M,A1
6068,2474,Bahadurjit Venkatesh,33,M,A2
6069,2475,Warinder Kumar,42,M,A1
6070,2475,Mohini Narang,42,F,A2
6071,2475,Bachittar Contractor,41,M,A3
6072,2476,Hredhaan Talwar,41,M,A1
6073,2476,Udyati Devan,24,F,A2
6074,2476,Guneet Tiwari,47,M,A3
6075,2476,Patrick Master,25,M,A4
6076,2477,Ekapad Garde,25,M,A1
6077,2477,Advay Balan,24,M,A2
6078,2477,Joshua Gokhale,38,M,A3
6079,2477,Sathvik Bhardwaj,45,M,A4
6080,2478,Neel Oak,47,M,A1
6081,2478,Lajita Basak,34,F,A2
6082,2478,Tristan Chaudhari,41,M,A3
6083,2478,Yashodhara Anand,36,F,A4
6084,2479,Wyatt Memon,40,M,A1
6085,2480,Vedant Dash,42,M,A1
6086,2481,Nihal Kata,23,M,A1
6087,2481,Vincent Prakash,28,M,A2
6088,2481,Warhi Tank,29,F,A3
6089,2482,Wridesh Naidu,31,M,A1
6090,2482,Harshil Boase,40,M,A2
6091,2483,Samuel Chada,30,M,A1
6092,2484,Forum Chana,27,F,A1
6093,2484,Darpan Garde,27,M,A2
6094,2484,Ishwar Pillay,27,M,A3
6095,2484,Siddharth Tella,28,M,A4
6096,2485,Harsh Keer,39,M,A1
6097,2485,Sara Prabhu,47,F,A2
6098,2485,Pratyush Nanda,43,M,A3
6099,2486,Zaid Goda,19,M,A1
6100,2486,Samaksh Vyas,32,M,A2
6101,2486,Manthan Shenoy,31,M,A3
6102,2487,Chaitanya Lad,23,M,A1
6103,2488,Thomas Nath,22,M,A1
6104,2488,Manthan Kumer,42,M,A2
6105,2488,Anirudh Nagar,39,M,A3
6106,2488,Om Ramaswamy,24,M,A4
6107,2489,Avi Parmer,40,M,A1
6108,2489,Ayush Barad,42,M,A2
6109,2489,Saumya Lad,26,F,A3
6110,2489,Jeet Krishnamurthy,37,M,A4
6111,2490,Harsh Patla,37,M,A1
6112,2490,Wazir Koshy,45,M,A2
6113,2490,Qabil Dutta,27,M,A3
6114,2490,Finn Nadig,25,M,A4
6115,2491,Rehaan Char,44,M,A1
6116,2491,Madhav Goswami,29,M,A2
6117,2492,Vrishti Lala,30,F,A1
6118,2493,Zaid Subramaniam,40,M,A1
6119,2494,Samuel Chada,35,M,A1
6120,2495,Pranav Bajwa,25,M,A1
6121,2495,Imaran Pillay,36,M,A2
6122,2495,Dhruv Naidu,39,M,A3
6123,2496,Jacob Parikh,27,M,A1
6124,2496,Theodore Vyas,45,M,A2
6125,2497,Samesh Vora,25,M,A1
6126,2497,Zaid Lata,29,M,A2
6127,2498,Charan Anne,34,M,A1
6128,2499,Nakul Rau,40,M,A1
6129,2499,Parth Bal,19,M,A2
6130,2499,Reyansh Raja,41,M,A3
6131,2499,Christopher Arora,34,M,A4
6132,2500,Yahvi Saran,22,F,A1
6133,2501,Rishi Narayanan,23,M,A1
6134,2501,Imaran Kaur,34,M,A2
6135,2502,Hardik Srinivasan,45,M,A1
6136,2502,Faras Sani,31,M,A2
6137,2503,Xavier Mannan,39,M,A1
6138,2504,Aarav Krishnan,39,M,A1
6139,2504,Eiravati Saha,20,F,A2
6140,2505,Jacob Rout,45,M,A1
6141,2506,Jack Ramachandran,38,M,A1
6142,2507,Pratyush Sethi,46,M,A1
6143,2508,Nathaniel Golla,32,M,A1
6144,2508,Ayaan Sheth,41,M,A2
6145,2508,Wriddhish Krishna,35,M,A3
6146,2508,Chandresh Ghosh,35,M,A4
6147,2509,Indrajit Tripathi,20,M,A1
6148,2509,Vedant Saxena,21,M,A2
6149,2509,Rehaan Bora,22,M,A3
6150,2509,Wahab Natarajan,43,M,A4
6151,2510,Ojasvi Arora,43,F,A1
6152,2511,Ranveer Nagy,35,M,A1
6153,2511,Lucky Bali,44,M,A2
6154,2512,Maanav Rege,35,M,A1
6155,2512,Wahab Chauhan,39,M,A2
6156,2512,Girindra Kaur,44,M,A3
6157,2513,Warinder Murthy,45,M,A1
6158,2513,Rudra Dugar,29,M,A2
6159,2513,Darpan Raval,40,M,A3
6160,2513,Yash Suresh,38,M,A4
6161,2514,Ikshita Shroff,32,F,A1
6162,2514,Jatin Batta,41,M,A2
6163,2515,Zayan Nanda,28,M,A1
6164,2515,Abdul Bhakta,22,M,A2
6165,2515,Maya Patla,37,F,A3
6166,2515,Tristan Dey,43,M,A4
6167,2516,Samaksh Parekh,22,M,A1
6168,2517,Reyansh Khanna,44,M,A1
6169,2517,Upkaar Dixit,23,M,A2
6170,2518,Harsh Sathe,20,M,A1
6171,2518,Liam Mutti,46,M,A2
6172,2518,Victor Banerjee,38,M,A3
6173,2518,Aarini Talwar,22,F,A4
6174,2519,Guneet Ramanathan,28,M,A1
6175,2519,Waida Dhar,46,F,A2
6176,2520,Arin Rege,22,M,A1
6177,2520,Udarsh Gopal,22,M,A2
6178,2520,Devansh Warrior,30,M,A3
6179,2520,Nathan Rama,28,M,A4
6180,2521,Shivansh Mangal,19,M,A1
6181,2521,Isaac Sengupta,33,M,A2
6182,2521,Dayita Mani,38,F,A3
6183,2522,Yashasvi Behl,24,F,A1
6184,2522,Wriddhish Khurana,25,M,A2
6185,2523,Simon Varty,41,M,A1
6186,2523,Oliver Palan,26,M,A2
6187,2524,Aradhana Rastogi,36,F,A1
6188,2525,Chandresh Aggarwal,43,M,A1
6189,2525,Timothy Srivastava,31,M,A2
6190,2526,Agastya Zachariah,25,M,A1
6191,2527,Arin Vyas,36,M,A1
6192,2527,Faraj Mani,40,M,A2
6193,2527,Abhiram Mangat,25,M,A3
6194,2528,Tanish Contractor,30,M,A1
6195,2528,Onveer Peri,25,M,A2
6196,2528,Tejas Chakraborty,37,M,A3
6197,2529,Nachiket Nayak,28,M,A1
6198,2530,Ojas Sarkar,32,M,A1
6199,2530,Zehaan Baria,42,M,A2
6200,2530,Shravya Kakar,37,F,A3
6201,2531,Max Patil,43,M,A1
6202,2532,Jacob Palla,46,M,A1
6203,2532,Manbir Gour,22,M,A2
6204,2532,Laban Ray,40,M,A3
6205,2533,Laban Sahni,36,M,A1
6206,2533,Fitan Mutti,25,M,A2
6207,2534,Theodore Behl,43,M,A1
6208,2534,Henry Borah,38,M,A2
6209,2534,Abhimanyu Thaker,23,M,A3
6210,2534,Rushil Ray,45,M,A4
6211,2535,Rajata Bhagat,27,F,A1
6212,2536,Urvashi Kata,30,F,A1
6213,2536,Faras Palla,25,M,A2
6214,2537,Zashil Sethi,24,M,A1
6215,2537,Gabriel Edwin,33,M,A2
6216,2537,Zaid More,37,M,A3
6217,2537,Logan Patla,24,M,A4
6218,2538,Vidhi Kata,21,F,A1
6219,2539,Andrew Mall,31,M,A1
6220,2539,Rayaan Butala,39,M,A2
6221,2539,Jonathan Sem,22,M,A3
6222,2540,Damini Pingle,23,F,A1
6223,2540,Tanveer Lal,45,M,A2
6224,2540,Orinder Tella,22,M,A3
6225,2541,Anthony Kumar,23,M,A1
6226,2541,Tanish Deshmukh,21,M,A2
6227,2541,Girindra Handa,41,M,A3
6228,2542,Aarav Sunder,42,M,A1
6229,2543,Aarav Garde,40,M,A1
6230,2544,Onkar Rajan,31,M,A1
6231,2545,Darsh Parsa,27,M,A1
6232,2545,Balhaar Andra,34,M,A2
6233,2545,Laban Deo,23,M,A3
6234,2545,Ekavir Srivastava,42,M,A4
6235,2546,Laksh Vora,25,M,A1
6236,2547,Harshil Mohanty,28,M,A1
6237,2547,George Kakar,24,M,A2
6238,2547,Zilmil Cheema,31,F,A3
6239,2548,Jatin Kohli,45,M,A1
6240,2549,Oliver Toor,45,M,A1
6241,2550,Harrison Sahni,24,M,A1
6242,2550,Oscar Talwar,28,M,A2
6243,2550,Tamanna Rege,41,F,A3
6244,2550,Aarnav Narayanan,27,M,A4
6245,2551,Zayan Natt,43,M,A1
6246,2551,Baljiwan Ranganathan,30,M,A2
6247,2551,Harshil Chhabra,38,M,A3
6248,2552,Ansh Johal,39,M,A1
6249,2553,Sneha Rau,28,F,A1
6250,2553,Aashi Dugar,33,F,A2
6251,2554,Indrajit Tella,25,M,A1
6252,2555,Pranit Sundaram,36,M,A1
6253,2555,Kalpit Chadha,39,M,A2
6254,2555,Brijesh Bains,24,M,A3
6255,2555,Tanay Arora,36,M,A4
6256,2556,Maanav Ranganathan,44,M,A1
6257,2556,Ekavir Roy,31,M,A2
6258,2556,Ekbal Mukhopadhyay,43,M,A3
6259,2556,Dominic Dhillon,44,M,A4
6260,2557,Om Bassi,33,M,A1
6261,2557,Dev Bhattacharyya,35,M,A2
6262,2558,Yuvraj Badami,40,M,A1
6263,2559,Aryan Walla,23,M,A1
6264,2559,Shaurya Chander,36,M,A2
6265,2559,Finn Comar,45,M,A3
6266,2560,Avi Vora,44,M,A1
6267,2560,Benjamin Mand,29,M,A2
6268,2561,Agastya Ben,45,M,A1
6269,2561,Rohan Goel,35,M,A2
6270,2562,Udarsh Virk,39,M,A1
6271,2562,Azad Kashyap,21,M,A2
6272,2563,Gabriel Deshmukh,22,M,A1
6273,2563,Gagan Narang,45,M,A2
6274,2563,Anirudh Choudhury,36,M,A3
6275,2563,Tristan Grewal,26,M,A4
6276,2564,Jacob Chada,24,M,A1
6277,2564,Harish Lanka,45,M,A2
6278,2564,Nimrat Patel,28,F,A3
6279,2564,Vasana Ben,37,F,A4
6280,2565,Ryan Roy,46,M,A1
6281,2565,William Palla,29,M,A2
6282,2565,Qadim Badal,30,M,A3
6283,2565,Om Kohli,33,M,A4
6284,2566,Amol Bhagat,32,M,A1
6285,2566,Dalbir Sawhney,27,M,A2
6286,2567,Megha Hans,41,F,A1
6287,2567,Jagat Choudhary,38,M,A2
6288,2567,Shivansh Salvi,45,M,A3
6289,2568,Irya Joshi,45,F,A1
6290,2568,Girik Amble,20,M,A2
6291,2568,Fiyaz Ghosh,35,M,A3
6292,2569,Jhalak Kashyap,22,F,A1
6293,2569,Sachi Chandra,43,F,A2
6294,2570,Udarsh Dara,46,M,A1
6295,2571,Ojas Sachar,43,M,A1
6296,2571,Jackson Parmar,25,M,A2
6297,2571,Sathvik Kara,29,M,A3
6298,2572,Laban Sem,43,M,A1
6299,2572,Christopher Khatri,41,M,A2
6300,2573,Sarthak Narain,33,M,A1
6301,2573,Advay Ganguly,43,M,A2
6302,2573,Fiyaz Hans,47,M,A3
6303,2573,Udant Sarraf,36,M,A4
6304,2574,Eesha Tandon,39,F,A1
6305,2574,Owen Gade,28,M,A2
6306,2574,Darsh Mutti,33,M,A3
6307,2575,William Cherian,35,M,A1
6308,2575,Dakshesh Chander,24,M,A2
6309,2575,Kai Gaba,28,M,A3
6310,2575,Dalbir Dugar,45,M,A4
6311,2576,Harsh Sawhney,42,M,A1
6312,2576,Wahab Lalla,28,M,A2
6313,2576,Aadi Rout,24,M,A3
6314,2577,Wazir Ahluwalia,38,M,A1
6315,2577,Joshua Amble,28,M,A2
6316,2578,Harshil Bansal,30,M,A1
6317,2578,Charles Dass,46,M,A2
6318,2579,Jason Nadkarni,22,M,A1
6319,2580,Azad Kashyap,20,M,A1
6320,2580,Nathan Mannan,26,M,A2
6321,2581,Upkaar Tara,18,M,A1
6322,2581,Bishakha Das,32,F,A2
6323,2582,Bakhshi Das,35,M,A1
6324,2582,Warjas Nadig,37,M,A2
6325,2583,Dev Karnik,31,M,A1
6326,2583,Unnati Memon,34,F,A2
6327,2583,Balhaar Buch,31,M,A3
6328,2583,Kalpit Ratta,23,M,A4
6329,2584,Liam Sami,46,M,A1
6330,2584,Pooja Bajwa,38,F,A2
6331,2584,Nathaniel Din,30,M,A3
6332,2584,Yug Mangat,36,M,A4
6333,2585,Neel Mani,45,M,A1
6334,2585,Chanakya Kala,34,M,A2
6335,2585,Damini Kapur,28,F,A3
6336,2586,Avi Choudhury,45,M,A1
6337,2586,Abhimanyu Mahal,20,M,A2
6338,2586,Neel Mall,25,M,A3
6339,2586,Yash Mohan,44,M,A4
6340,2587,William Banerjee,31,M,A1
6341,2587,Tanay Thakkar,41,M,A2
6342,2587,Faras Patil,30,M,A3
6343,2588,Aditya Butala,39,M,A1
6344,2588,Nihal Rao,47,M,A2
6345,2589,Amol Palla,34,M,A1
6346,2590,Rushil Tiwari,22,M,A1
6347,2590,Yashasvi Behl,21,F,A2
6348,2591,Balvan Sandhu,32,M,A1
6349,2592,Yashodhara Walia,45,F,A1
6350,2592,Ronith Thakkar,35,M,A2
6351,2592,Chaitanya Das,32,M,A3
6352,2593,Falan Dyal,23,M,A1
6353,2594,Xavier Tara,44,M,A1
6354,2595,Gagan Sharma,31,M,A1
6355,2596,Yuvraj Talwar,21,M,A1
6356,2596,Ekbal Jaggi,19,M,A2
6357,2597,Chandresh More,41,M,A1
6358,2597,Abeer Krishnan,24,M,A2
6359,2597,Anay Sarna,27,M,A3
6360,2598,Onveer Bedi,29,M,A1
6361,2598,Ekansh Narayan,38,M,A2
6362,2598,Aarav Patla,30,M,A3
6363,2599,Henry Sharma,34,M,A1
6364,2599,Utkarsh Dixit,21,M,A2
6365,2600,Jagdish Johal,40,M,A1
6366,2600,Damyanti Balan,45,F,A2
6367,2600,Nitesh Guha,20,M,A3
6368,2601,Gautam Kari,21,M,A1
6369,2601,Anay Sule,19,M,A2
6370,2601,Naveen Som,40,M,A3
6371,2602,Wriddhish Gara,31,M,A1
6372,2602,Isaiah Choudhury,34,M,A2
6373,2602,Girik Dey,40,M,A3
6374,2603,Bahadurjit Pradhan,41,M,A1
6375,2604,Hardik Sawhney,36,M,A1
6376,2605,Jasmit Joshi,36,F,A1
6377,2605,Azaan Krishna,36,M,A2
6378,2605,Rudra Gara,37,M,A3
6379,2606,Naveen Tripathi,41,M,A1
6380,2607,Harish Contractor,20,M,A1
6381,2607,Ayush Deshpande,19,M,A2
6382,2608,Imaran Shetty,22,M,A1
6383,2608,Quincy Sandhu,45,M,A2
6384,2608,Chandresh Nagi,25,M,A3
6385,2609,Tripti Saha,43,F,A1
6386,2610,Chakradhar Chawla,42,M,A1
6387,2610,Om Kannan,27,M,A2
6388,2611,Yagnesh Tailor,38,M,A1
6389,2611,Vidhi Anand,23,F,A2
6390,2611,Xavier Kakar,44,M,A3
6391,2611,Sarthak Chatterjee,39,M,A4
6392,2612,Chanakya Raman,37,M,A1
6393,2612,Lopa Sen,38,F,A2
6394,2613,Jairaj Din,30,M,A1
6395,2613,Oeshi Bhat,22,F,A2
6396,2613,Nitesh Desai,26,M,A3
6397,2614,Harshil Dutt,47,M,A1
6398,2614,Fariq Banerjee,39,M,A2
6399,2615,Yuvraj Lala,35,M,A1
6400,2616,Liam Nagy,42,M,A1
6401,2616,Nihal Sekhon,41,M,A2
6402,2616,Udant Lall,19,M,A3
6403,2616,George Bandi,28,M,A4
6404,2617,Nicholas Saini,44,M,A1
6405,2617,Meera Andra,41,F,A2
6406,2617,Arjun Dada,43,M,A3
6407,2617,Yahvi Mutti,32,F,A4
6408,2618,Balveer Mitter,42,M,A1
6409,2618,Owen Yohannan,45,M,A2
6410,2619,Mohammed Venkataraman,20,M,A1
6411,2620,Anirudh Bajaj,31,M,A1
6412,2620,Samuel Kumar,38,M,A2
6413,2620,Ladli Shere,31,F,A3
6414,2621,Aditya Manda,23,M,A1
6415,2621,Lohit Randhawa,35,M,A2
6416,2622,Chaitanya Tripathi,39,M,A1
6417,2622,Frederick Chhabra,33,M,A2
6418,2623,Mitesh Khosla,36,M,A1
6419,2623,Omkaar Bains,32,M,A2
6420,2624,Laksh Srivastava,43,M,A1
6421,2624,Rishi Gulati,30,M,A2
6422,2624,Anmol Karnik,33,M,A3
6423,2625,Pratyush Mohanty,38,M,A1
6424,2625,Chandresh Sachdev,38,M,A2
6425,2625,Madhav Mall,39,M,A3
6426,2625,Shaurya Mandal,20,M,A4
6427,2626,Ishaan Goyal,26,M,A1
6428,2626,Chaitanya Khurana,20,M,A2
6429,2626,Devansh Magar,45,M,A3
6430,2626,Yatin Dugar,21,M,A4
6431,2627,Rehaan Nori,27,M,A1
6432,2627,Tanmayi Keer,35,F,A2
6433,2627,Maanav Thakur,29,M,A3
6434,2628,Wahab Jha,22,M,A1
6435,2628,Arin Nagy,21,M,A2
6436,2628,Laksh Divan,45,M,A3
6437,2629,Siddharth Date,43,M,A1
6438,2629,Niharika Sathe,23,F,A2
6439,2629,Vasudha Sankaran,19,F,A3
6440,2630,Kai Gaba,43,M,A1
6441,2630,Sachi Kulkarni,26,F,A2
6442,2630,Onveer Kade,44,M,A3
6443,2630,Vanya Saran,29,F,A4
6444,2631,Rachit Sarin,32,M,A1
6445,2631,Sarthak Sundaram,45,M,A2
6446,2632,Peter Seshadri,18,M,A1
6447,2632,Udarsh Anne,41,M,A2
6448,2633,Kabir Manda,39,M,A1
6449,2633,Naveen Shanker,24,M,A2
6450,2634,Leela Loke,41,F,A1
6451,2634,Rachana Nayar,37,F,A2
6452,2634,Vritti Ramakrishnan,44,F,A3
6453,2634,Henry Khurana,30,M,A4
6454,2635,Umang Dyal,36,M,A1
6455,2635,Vrinda De,39,F,A2
6456,2636,Ayushman Mahajan,27,M,A1
6457,2637,Udyati Zachariah,43,F,A1
6458,2637,Viraj Venkataraman,31,M,A2
6459,2637,Girik Shetty,45,M,A3
6460,2638,Ayaan Subramaniam,42,M,A1
6461,2638,Charan Sankaran,44,M,A2
6462,2638,Isaac Sridhar,33,M,A3
6463,2638,Vivaan Vora,26,M,A4
6464,2639,Osha Bains,42,F,A1
6465,2640,Andrew Chaudhary,26,M,A1
6466,2640,Balhaar Palla,32,M,A2
6467,2640,Azad Dutt,39,M,A3
6468,2640,Ikbal Mohan,32,M,A4
6469,2641,Robert Shroff,26,M,A1
6470,2641,Arin Bail,45,M,A2
6471,2641,Guneet Kale,39,M,A3
6472,2642,Gaurangi Sahni,29,F,A1
6473,2642,Gagan Mallick,20,M,A2
6474,2643,Mason Salvi,45,M,A1
6475,2643,Anmol Kota,23,M,A2
6476,2643,Chatresh Dugal,42,M,A3
6477,2643,Charvi Lall,21,F,A4
6478,2644,Akshay Gulati,36,M,A1
6479,2644,Ayushman Pillai,41,M,A2
6480,2644,Tarak Sant,37,M,A3
6481,2645,Luke Dutt,45,M,A1
6482,2645,Reyansh Kibe,33,M,A2
6483,2646,Balveer Setty,32,M,A1
6484,2646,Baljiwan Rattan,36,M,A2
6485,2646,Praneel Batra,36,M,A3
6486,2647,Eta Mall,27,F,A1
6487,2647,Jason Shukla,47,M,A2
6488,2648,Balveer Garg,21,M,A1
6489,2648,Timothy Gandhi,40,M,A2
6490,2648,Kai Narayan,38,M,A3
6491,2648,Wakeeta Kurian,19,F,A4
6492,2649,Timothy Raghavan,37,M,A1
6493,2650,Imaran Borde,36,M,A1
6494,2650,Ekavir Badami,41,M,A2
6495,2650,Advaith Lalla,41,M,A3
6496,2651,Logan Krish,33,M,A1
6497,2652,Theodore Wadhwa,36,M,A1
6498,2652,Madhav Randhawa,42,M,A2
6499,2653,Balveer Balasubramanian,24,M,A1
6500,2653,Neel Vaidya,26,M,A2
6501,2653,Qasim Randhawa,22,M,A3
6502,2653,Isaiah Chand,30,M,A4
6503,2654,Varenya Parsa,41,F,A1
6504,2654,Akshay Tata,42,M,A2
6505,2654,Aarush Goyal,32,M,A3
6506,2654,Tristan Kala,21,M,A4
6507,2655,Mohini Garg,38,F,A1
6508,2655,Farhan Bose,30,M,A2
6509,2655,Fariq Lal,45,M,A3
6510,2655,Aachal Sagar,26,F,A4
6511,2656,Frederick Munshi,32,M,A1
6512,2657,Vrishti Chacko,21,F,A1
6513,2657,Fiyaz Prasad,41,M,A2
6514,2657,Alexander Bali,40,M,A3
6515,2657,Omkaar Ben,32,M,A4
6516,2658,Wridesh Ravi,43,M,A1
6517,2658,Mahika Talwar,28,F,A2
6518,2658,Tejas Sahni,32,M,A3
6519,2659,Pushti Anand,44,F,A1
6520,2660,Yamini Sachdeva,24,F,A1
6521,2661,Zaid Tara,42,M,A1
6522,2662,Baljiwan Tata,21,M,A1
6523,2663,Arin Lala,43,M,A1
6524,2663,Maanav Chand,26,M,A2
6525,2663,Liam Devan,28,M,A3
6526,2663,Elijah Ravel,35,M,A4
6527,2664,Diya Karan,33,F,A1
6528,2665,Ekbal Kumar,31,M,A1
6529,2665,Samesh Tiwari,35,M,A2
6530,2666,Balveer Sarna,46,M,A1
6531,2666,Anthony Sanghvi,24,M,A2
6532,2667,Ganga Kara,42,F,A1
6533,2667,Rohan Roy,20,M,A2
6534,2667,Arjun Munshi,26,M,A3
6535,2667,Darsh Sharaf,37,M,A4
6536,2668,Aarnav Sen,33,M,A1
6537,2669,Charan Wagle,29,M,A1
6538,2669,Wyatt Subramaniam,41,M,A2
6539,2669,Tarak Sangha,22,M,A3
6540,2670,Kai Jha,24,M,A1
6541,2670,Faqid Choudhry,29,M,A2
6542,2670,Fariq Sethi,44,M,A3
6543,2671,Avni Viswanathan,41,F,A1
6544,2671,Frederick Bath,21,M,A2
6545,2672,Chakradev Goda,33,M,A1
6546,2673,Anirudh Dixit,36,M,A1
6547,2674,Arjun Rao,38,M,A1
6548,2674,Vasudha Bhatia,34,F,A2
6549,2675,Theodore Radhakrishnan,43,M,A1
6550,2675,Tejas Sachdev,44,M,A2
6551,2676,Reyansh Bhagat,48,M,A1
6552,2677,Girindra Dhawan,46,M,A1
6553,2677,Ethan Gokhale,34,M,A2
6554,2677,Lakshit Parsa,29,M,A3
6555,2677,Advaith Ram,32,M,A4
6556,2678,Mitali Dalal,24,F,A1
6557,2679,Aarnav Malhotra,23,M,A1
6558,2680,Dhruv Bhakta,47,M,A1
6559,2680,Caleb Grover,24,M,A2
6560,2680,Yuvraj Barad,35,M,A3
6561,2681,Atharv Murty,26,M,A1
6562,2682,Fariq Shah,30,M,A1
6563,2682,Karan Pillay,39,M,A2
6564,2682,Girindra Agrawal,28,M,A3
6565,2683,Nitesh Misra,40,M,A1
6566,2683,Henry Trivedi,33,M,A2
6567,2683,Lohit Gole,39,M,A3
6568,2684,Zashil Nanda,36,M,A1
6569,2684,Tristan Gade,40,M,A2
6570,2685,Balhaar Nagarajan,20,M,A1
6571,2686,Jonathan Sidhu,44,M,A1
6572,2686,Chakradhar Sarma,26,M,A2
6573,2686,Orinder Arya,33,M,A3
6574,2687,Chameli Varghese,35,F,A1
6575,2687,Praneel Chanda,25,M,A2
6576,2687,Dalaja Datta,35,F,A3
6577,2687,Aarav Tailor,45,M,A4
6578,2688,Faraj Solanki,31,M,A1
6579,2688,Elijah Raja,22,M,A2
6580,2688,Udarsh Kara,38,M,A3
6581,2688,Harrison Basak,25,M,A4
6582,2689,Ira Sabharwal,26,F,A1
6583,2689,Theodore Buch,36,M,A2
6584,2690,Naksh Wason,37,M,A1
6585,2690,Indrajit Sani,23,M,A2
6586,2690,Tanveer Tailor,22,M,A3
6587,2690,Mitali Gupta,44,F,A4
6588,2691,Logan Pradhan,20,M,A1
6589,2691,Daniel Pillai,44,M,A2
6590,2692,Wakeeta Roy,35,F,A1
6591,2692,Jagdish Batra,39,M,A2
6592,2692,Hardik Anand,25,M,A3
6593,2693,Ishaan Apte,40,M,A1
6594,2693,Charles Raju,22,M,A2
6595,2693,Elijah Nair,27,M,A3
6596,2694,Teerth Raghavan,20,M,A1
6597,2695,William Toor,42,M,A1
6598,2695,Tanay Jain,32,M,A2
6599,2696,Gunbir Wagle,45,M,A1
6600,2696,Zansi Din,30,F,A2
6601,2696,Girish Bassi,35,M,A3
6602,2697,Viraj Pathak,30,M,A1
6603,2697,Chakradev Mitter,46,M,A2
6604,2697,Saksham Devi,39,M,A3
6605,2697,Rudra Devi,22,M,A4
6606,2698,Rishi Apte,28,M,A1
6607,2698,Parth Borah,38,M,A2
6608,2698,Ranbir Rastogi,47,M,A3
6609,2698,Fariq Sur,27,M,A4
6610,2699,Ranbir Naidu,46,M,A1
6611,2699,Parth Borah,38,M,A2
6612,2699,Udyati Borde,26,F,A3
6613,2699,Ekalinga Dugar,27,M,A4
6614,2700,Azaan Wali,21,M,A1
6615,2700,Kevin Agrawal,47,M,A2
6616,2700,Kai Kurian,40,M,A3
6617,2700,Anthony Magar,35,M,A4
6618,2701,Vasudha Deshmukh,41,F,A1
6619,2702,Baghyawati Nagarajan,26,F,A1
6620,2702,Max Kapadia,26,M,A2
6621,2703,Chatresh Date,20,M,A1
6622,2704,Mohammed Saran,30,M,A1
6623,2704,Jacob Sarraf,36,M,A2
6624,2705,Krishna Srivastava,40,M,A1
6625,2705,Lajita Koshy,42,F,A2
6626,2705,Christopher Taneja,30,M,A3
6627,2705,Umang Kara,32,M,A4
6628,2706,Abhimanyu Sastry,30,M,A1
6629,2707,Samar Raju,44,M,A1
6630,2708,Onveer Mital,24,M,A1
6631,2708,Karan Natt,30,M,A2
6632,2708,Sai Sha,33,M,A3
6633,2709,Anya Sant,36,F,A1
6634,2709,William Kadakia,39,M,A2
6635,2710,Finn Sarma,23,M,A1
6636,2710,Urishilla Anand,41,F,A2
6637,2711,Daksh Khalsa,47,M,A1
6638,2711,Ekapad Dubey,34,M,A2
6639,2711,Jonathan Sampath,27,M,A3
6640,2711,Girik Sachar,40,M,A4
6641,2712,Atharv Muni,20,M,A1
6642,2713,Elijah Srivastava,22,M,A1
6643,2713,Qadim Agrawal,31,M,A2
6644,2713,Amol Ben,41,M,A3
6645,2714,Lucky Bansal,43,M,A1
6646,2715,Mohammed Nori,46,M,A1
6647,2716,Krish Ratta,43,M,A1
6648,2717,Hemangini De,28,F,A1
6649,2717,Zehaan Shankar,23,M,A2
6650,2718,Samesh Ranganathan,25,M,A1
6651,2718,Ryan Cherian,37,M,A2
6652,2718,Udarsh Bhargava,25,M,A3
6653,2719,Jonathan Acharya,34,M,A1
6654,2719,Praneel Bandi,22,M,A2
6655,2719,Samar Madan,44,M,A3
6656,2720,Omkaar Dey,29,M,A1
6657,2721,Fariq Chander,37,M,A1
6658,2722,Rachit Pandey,25,M,A1
6659,2722,Zaid Oza,41,M,A2
6660,2723,Neel Gade,29,M,A1
6661,2723,Ishaan Bawa,46,M,A2
6662,2724,Liam Menon,38,M,A1
6663,2725,Zaid Mandal,33,M,A1
6664,2725,Manbir Sodhi,44,M,A2
6665,2725,Dhruv Lala,34,M,A3
6666,2725,Laksh Srivastava,22,M,A4
6667,2726,Advay Balay,31,M,A1
6668,2726,Bakhshi Karpe,41,M,A2
6669,2727,Eesha Thakkar,22,F,A1
6670,2727,Udyati Parekh,45,F,A2
6671,2727,Wahab Bedi,35,M,A3
6672,2728,Chaitanya Pathak,37,M,A1
6673,2728,Ishwar Lalla,34,M,A2
6674,2729,Laksh Bhalla,31,M,A1
6675,2729,Baljiwan Talwar,18,M,A2
6676,2729,Amara Varkey,26,F,A3
6677,2729,Sarthak Kalita,22,M,A4
6678,2730,Omaja Bail,39,F,A1
6679,2731,Gavin Ramaswamy,26,M,A1
6680,2731,Faqid Chandra,20,M,A2
6681,2731,Nathaniel Kunda,29,M,A3
6682,2731,Yug Tiwari,31,M,A4
6683,2732,Sai De,28,M,A1
6684,2732,Ikbal Goyal,38,M,A2
6685,2732,Samaksh Gola,37,M,A3
6686,2733,Anmol Srivastava,29,M,A1
6687,2734,Gunbir Ramachandran,27,M,A1
6688,2735,Upkaar Dube,26,M,A1
6689,2735,Harish Raj,20,M,A2
6690,2735,Ryan Din,22,M,A3
6691,2735,Chandresh Saini,42,M,A4
6692,2736,Wridesh Mander,21,M,A1
6693,2736,Yatin Chaudhary,25,M,A2
6694,2736,Noah Kapur,30,M,A3
6695,2737,Hredhaan Misra,33,M,A1
6696,2737,Nitesh Rajagopal,32,M,A2
6697,2737,Siddharth Chandran,42,M,A3
6698,2737,Ranveer Patel,34,M,A4
6699,2738,Mitesh Parikh,25,M,A1
6700,2738,Ayaan Ahluwalia,24,M,A2
6701,2738,Darpan Dass,42,M,A3
6702,2739,Charvi Agate,19,F,A1
6703,2739,Hritik Tandon,38,M,A2
6704,2739,Hemang Garde,42,M,A3
6705,2739,Fiyaz Tank,35,M,A4
6706,2740,Brinda Pall,27,F,A1
6707,2740,Kalpit Jhaveri,31,M,A2
6708,2740,Ekalinga Bal,40,M,A3
6709,2740,Nicholas Sehgal,48,M,A4
6710,2741,Lekha Jain,22,F,A1
6711,2741,Aarush Dhaliwal,27,M,A2
6712,2742,Aarnav Saxena,42,M,A1
6713,2742,Naveen Choudhary,25,M,A2
6714,2742,Owen Chakrabarti,37,M,A3
6715,2742,Amruta Handa,45,F,A4
6716,2743,Liam Prakash,40,M,A1
6717,2743,Tanish Brahmbhatt,28,M,A2
6718,2743,Tamanna Sharaf,38,F,A3
6719,2744,Banjeet Agarwal,22,M,A1
6720,2744,Rohan Prabhu,45,M,A2
6721,2744,Utkarsh Radhakrishnan,39,M,A3
6722,2745,William Srinivasan,25,M,A1
6723,2745,Chakrika Bhargava,32,F,A2
6724,2746,Avi Mishra,34,M,A1
6725,2746,Girik Dalal,38,M,A2
6726,2746,Xavier Bajaj,24,M,A3
6727,2747,Aadi Swaminathan,46,M,A1
6728,2747,Sathvik Dixit,34,M,A2
6729,2747,Bhavani Purohit,43,F,A3
6730,2748,Tarak Rao,44,M,A1
6731,2748,Rushil Bhagat,21,M,A2
6732,2749,Krish Dani,31,M,A1
6733,2750,Arjun Shenoy,44,M,A1
6734,2750,Shivansh Biswas,38,M,A2
6735,2751,Nachiket Singh,48,M,A1
6736,2751,Zayyan Dua,28,M,A2
6737,2751,Hritik Shah,34,M,A3
6738,2752,Gaurang Sekhon,44,M,A1
6739,2752,Zayan Grover,25,M,A2
6740,2752,Abha Banik,40,F,A3
6741,2753,Peter Babu,24,M,A1
6742,2753,Gunbir Kalita,23,M,A2
6743,2754,Lakshit Badami,27,M,A1
6744,2754,Gavin Memon,32,M,A2
6745,2754,Mitesh Dani,31,M,A3
6746,2754,Umang Buch,32,M,A4
6747,2755,Samarth Keer,44,M,A1
6748,2756,Jagat Majumdar,36,M,A1
6749,2756,Jai Raj,23,M,A2
6750,2757,Tarak Mody,35,M,A1
6751,2757,Karan Bhasin,37,M,A2
6752,2758,Balhaar Dyal,34,M,A1
6753,2758,Avi Bail,46,M,A2
6754,2758,Aryan Sami,41,M,A3
6755,2758,Madhav Morar,36,M,A4
6756,2759,Liam Gade,24,M,A1
6757,2759,Samarth Singh,30,M,A2
6758,2760,Warhi Goda,44,F,A1
6759,2760,Aarush Bandi,24,M,A2
6760,2761,Gaurav Doshi,25,M,A1
6761,2762,Gautam Patil,34,M,A1
6762,2762,Kabir Kota,29,M,A2
6763,2762,Anirudh Butala,40,M,A3
6764,2763,Ekalinga Dhillon,36,M,A1
6765,2763,Xavier Solanki,31,M,A2
6766,2763,Nihal Mohan,25,M,A3
6767,2764,Chakradev Khosla,22,M,A1
6768,2764,Daniel Dara,27,M,A2
6769,2765,Qasim Chauhan,42,M,A1
6770,2765,Pratyush Pillay,23,M,A2
6771,2765,Farhan Jayaraman,43,M,A3
6772,2765,Pratyush Atwal,48,M,A4
6773,2766,Januja Din,33,F,A1
6774,2766,Jacob Krishnamurthy,32,M,A2
6775,2766,Chanakya Jayaraman,35,M,A3
6776,2767,Aarush Swaminathan,38,M,A1
6777,2767,Bachittar Swamy,33,M,A2
6778,2768,Anthony Mody,42,M,A1
6779,2768,Mugdha Barman,22,F,A2
6780,2769,Gautam Gulati,40,M,A1
6781,2769,Advay Sangha,34,M,A2
6782,2769,Pranit Toor,44,M,A3
6783,2769,Ikbal Rai,46,M,A4
6784,2770,Ekansh Sahota,29,M,A1
6785,2770,Harrison Butala,43,M,A2
6786,2770,Victor Prakash,39,M,A3
6787,2770,Bhavika Chad,28,F,A4
6788,2771,Mason Chandran,41,M,A1
6789,2771,Tristan Sood,26,M,A2
6790,2771,Ranveer Upadhyay,40,M,A3
6791,2771,Hitesh Sura,38,M,A4
6792,2772,Aayush Vohra,24,M,A1
6793,2773,Robert Narayanan,43,M,A1
6794,2773,Qabil Hayer,29,M,A2
6795,2773,Robert Madan,20,M,A3
6796,2773,Ojas Comar,24,M,A4
6797,2774,Abeer Jha,35,M,A1
6798,2774,Samar Kunda,20,M,A2
6799,2774,Dominic Raju,33,M,A3
6800,2774,Henry Vasa,36,M,A4
6801,2775,Ishaan Prabhu,43,M,A1
6802,2775,Tarak Jain,24,M,A2
6803,2776,Balendra Raj,23,M,A1
6804,2776,Ranbir Aurora,34,M,A2
6805,2777,Ucchal Halder,22,F,A1
6806,2778,Gaurang Mutti,38,M,A1
6807,2778,Rehaan Mital,25,M,A2
6808,2778,Ekaraj Kala,26,M,A3
6809,2779,Amruta Vohra,41,F,A1
6810,2779,Chakradev Aggarwal,35,M,A2
6811,2779,Chandran Mandal,35,M,A3
6812,2780,Abhiram Dutt,30,M,A1
6813,2780,Laban Kadakia,21,M,A2
6814,2780,Ekalinga Chowdhury,33,M,A3
6815,2780,Gabriel Sankar,35,M,A4
6816,2781,Baljiwan Thaman,23,M,A1
6817,2781,Vihaan Mallick,33,M,A2
6818,2781,Max Kaul,26,M,A3
6819,2781,Jai Batra,34,M,A4
6820,2782,Rishi Gulati,29,M,A1
6821,2782,Tarak Mody,34,M,A2
6822,2783,Bachittar Vora,40,M,A1
6823,2784,Charles Das,34,M,A1
6824,2784,Reyansh Parikh,32,M,A2
6825,2785,Ekalinga Bora,35,M,A1
6826,2786,Nakul Vora,20,M,A1
6827,2786,Balveer Walia,22,M,A2
6828,2786,Fiyaz Bajwa,41,M,A3
6829,2786,Balveer Sura,44,M,A4
6830,2787,Orinder De,44,M,A1
6831,2787,Fiyaz Randhawa,33,M,A2
6832,2787,Charan Andra,28,M,A3
6833,2787,Isaiah Chatterjee,45,M,A4
6834,2788,Frado Dugal,31,M,A1
6835,2788,Aditya Borde,24,M,A2
6836,2789,Benjamin Keer,23,M,A1
6837,2790,Rajata Bava,30,F,A1
6838,2790,Teerth Jayaraman,40,M,A2
6839,2790,Ishwar Khosla,21,M,A3
6840,2791,Laban Saxena,19,M,A1
6841,2791,Shivansh Deo,20,M,A2
6842,2791,Bahadurjit Banik,44,M,A3
6843,2792,Andrew Patil,23,M,A1
6844,2792,Omkaar Chaudhry,26,M,A2
6845,2793,Nandini Acharya,39,F,A1
6846,2794,Jagat Bedi,43,M,A1
6847,2794,Rehaan Kar,30,M,A2
6848,2795,Abdul Bala,21,M,A1
6849,2795,Dalaja Ramanathan,21,F,A2
6850,2795,Ranbir Sura,44,M,A3
6851,2795,Anthony Chanda,34,M,A4
6852,2796,Ekaraj Munshi,39,M,A1
6853,2796,Aditya Kar,42,M,A2
6854,2797,Chandran Thakkar,32,M,A1
6855,2797,Advaith Dey,44,M,A2
6856,2798,Widisha Palla,26,F,A1
6857,2799,Vihaan Solanki,36,M,A1
6858,2799,Advaith Mand,33,M,A2
6859,2799,Champak Raman,20,M,A3
6860,2800,Fitan Anne,40,M,A1
6861,2801,Omkaar Karan,23,M,A1
6862,2801,Harrison Taneja,35,M,A2
6863,2801,Yagnesh Puri,30,M,A3
6864,2801,Chaitanya Krishnan,35,M,A4
6865,2802,Chatura Padmanabhan,35,M,A1
6866,2802,Peter Aurora,29,M,A2
6867,2803,Guneet Murty,46,M,A1
6868,2803,Joshua Deshmukh,45,M,A2
6869,2803,Ekaraj Kumar,30,M,A3
6870,2803,Samuel Chander,40,M,A4
6871,2804,Kevin Sani,25,M,A1
6872,2804,Timothy Barman,35,M,A2
6873,2804,Hardik Sahota,30,M,A3
6874,2805,Tanish Arya,41,M,A1
6875,2806,Lakshmi Chander,35,F,A1
6876,2806,Ucchal Grewal,33,F,A2
6877,2806,Akshay Pal,25,M,A3
6878,2806,Bakhshi Swamy,42,M,A4
6879,2807,Krish Gala,31,M,A1
6880,2807,Udant Guha,22,M,A2
6881,2807,Hitesh Ravi,35,M,A3
6882,2808,Teerth Chopra,45,M,A1
6883,2808,Azaan Raja,43,M,A2
6884,2808,Reyansh Mall,25,M,A3
6885,2808,Wriddhish Puri,18,M,A4
6886,2809,Barkha Brahmbhatt,25,F,A1
6887,2809,Jatin Dubey,25,M,A2
6888,2809,Vivaan Aurora,28,M,A3
6889,2809,Tarak Dar,20,M,A4
6890,2810,Ojasvi Nath,43,F,A1
6891,2810,Abdul Koshy,44,M,A2
6892,2810,Samarth Nazareth,28,M,A3
6893,2810,Darsh Wadhwa,22,M,A4
6894,2811,Pallavi Hayer,26,F,A1
6895,2811,Tarak Suresh,22,M,A2
6896,2811,Advika Kar,39,F,A3
6897,2812,Ria Garg,45,F,A1
6898,2812,Darsh Badal,30,M,A2
6899,2812,Abha Suri,28,F,A3
6900,2812,Veer Banerjee,22,M,A4
6901,2813,Mohammed Kota,27,M,A1
6902,2813,Teerth Sinha,29,M,A2
6903,2813,Michael Korpal,45,M,A3
6904,2813,Nathan Pradhan,47,M,A4
6905,2814,Yug Madan,23,M,A1
6906,2815,Yash Basak,34,M,A1
6907,2815,Chaaya Baria,23,F,A2
6908,2815,Samarth Ravi,39,M,A3
6909,2815,Chatura Lanka,37,M,A4
6910,2816,Ronith Pathak,25,M,A1
6911,2816,Rushil Vasa,25,M,A2
6912,2816,Falan Tripathi,25,M,A3
6913,2817,Mohini Raghavan,26,F,A1
6914,2818,Nitesh Upadhyay,27,M,A1
6915,2819,Karan Hans,23,M,A1
6916,2819,Baljiwan Guha,22,M,A2
6917,2819,Wridesh Dar,43,M,A3
6918,2819,Ekbal Sachdev,36,M,A4
6919,2820,Frederick Bakshi,37,M,A1
6920,2820,Harsh Kumer,36,M,A2
6921,2820,Wridesh Karnik,37,M,A3
6922,2821,Rudra Vala,27,M,A1
6923,2822,David Misra,20,M,A1
6924,2822,Warjas Tripathi,33,M,A2
6925,2822,Samaksh Prakash,44,M,A3
6926,2823,Bakhshi Trivedi,29,M,A1
6927,2823,Dhruv Manda,27,M,A2
6928,2824,Harshil Lala,23,M,A1
6929,2824,Warinder Bawa,31,M,A2
6930,2825,Chakradhar Varty,21,M,A1
6931,2826,Aarush Mody,47,M,A1
6932,2826,Aarini Karnik,27,F,A2
6933,2826,Ishwar Malhotra,44,M,A3
6934,2827,Joshua Goyal,30,M,A1
6935,2827,Hardik Ray,22,M,A2
6936,2827,Harsh Kaur,41,M,A3
6937,2828,George Patla,34,M,A1
6938,2828,Anay Gill,26,M,A2
6939,2828,Harish Rao,43,M,A3
6940,2829,Zayan Mukhopadhyay,26,M,A1
6941,2830,Fariq Sachdev,36,M,A1
6942,2830,Balendra Aggarwal,45,M,A2
6943,2831,Gabriel Wali,30,M,A1
6944,2832,George Sem,41,M,A1
6945,2832,Laksh Sandal,44,M,A2
6946,2832,Yug Kanda,35,M,A3
6947,2833,Sarthak Chaudhary,40,M,A1
6948,2834,Qadim Goyal,43,M,A1
6949,2834,Bachittar Mammen,34,M,A2
6950,2834,Yatan Barad,22,M,A3
6951,2834,Lakshit Brahmbhatt,22,M,A4
6952,2835,Fariq Barad,32,M,A1
6953,2835,Ubika Dave,33,F,A2
6954,2836,Girik Kala,43,M,A1
6955,2837,Ladli Gupta,31,F,A1
6956,2837,Noah Bhatti,29,M,A2
6957,2837,Samar Bawa,29,M,A3
6958,2838,Jeremiah Kanda,25,M,A1
6959,2838,Samaksh Kohli,45,M,A2
6960,2838,Wazir Prabhu,44,M,A3
6961,2839,Onveer Subramaniam,27,M,A1
6962,2840,Samuel Borah,21,M,A1
6963,2840,Thomas Manne,37,M,A2
6964,2840,Geetika Gupta,39,F,A3
6965,2840,Anirudh Manda,33,M,A4
6966,2841,Azaan Dugal,20,M,A1
6967,2842,Kamala Sarma,23,F,A1
6968,2843,Max Kala,29,M,A1
6969,2843,Joshua Chana,39,M,A2
6970,2843,Tejas Andra,42,M,A3
6971,2843,Nathaniel Nagar,25,M,A4
6972,2844,Aarav Tandon,27,M,A1
6973,2845,Qadim Mannan,45,M,A1
6974,2845,Chandran Saxena,47,M,A2
6975,2845,Praneel Basak,32,M,A3
6976,2846,Udarsh Dara,45,M,A1
6977,2846,Ranbir Kala,40,M,A2
6978,2846,Balendra Apte,30,M,A3
6979,2846,Jacob Sunder,45,M,A4
6980,2847,Nakul Srinivas,37,M,A1
6981,2847,Lucky D’Alia,24,M,A2
6982,2847,Samaksh Ahuja,32,M,A3
6983,2847,Tanveer Raghavan,40,M,A4
6984,2848,Advaith Gala,40,M,A1
6985,2849,Hredhaan Karpe,34,M,A1
6986,2849,Upkaar Narasimhan,25,M,A2
6987,2849,Osha Pathak,31,F,A3
6988,2850,Quincy Hayer,40,M,A1
6989,2850,Farhan Mukherjee,39,M,A2
6990,2850,Ryan Purohit,43,M,A3
6991,2850,Dalbir Varkey,21,M,A4
6992,2851,Michael Vyas,28,M,A1
6993,2851,Kalpit Nath,37,M,A2
6994,2851,Ekapad Ramakrishnan,31,M,A3
6995,2851,Jai Sengupta,40,M,A4
6996,2852,Hardik Maharaj,21,M,A1
6997,2852,Noah Sarraf,23,M,A2
6998,2852,Anmol Soman,24,M,A3
6999,2852,Onveer Rattan,44,M,A4
7000,2853,Timothy Borah,43,M,A1
7001,2853,Elijah Mall,33,M,A2
7002,2853,Chatura Ben,34,M,A3
7003,2854,Wyatt Raghavan,32,M,A1
7004,2854,Pranit Jaggi,36,M,A2
7005,2855,Nitesh Seth,36,M,A1
7006,2855,Dominic Balan,35,M,A2
7007,2855,Oliver Lalla,31,M,A3
7008,2855,Finn Yohannan,36,M,A4
7009,2856,Saanvi Sekhon,36,F,A1
7010,2856,Liam Dara,24,M,A2
7011,2857,Zehaan Raman,23,M,A1
7012,2858,Balveer Mishra,24,M,A1
7013,2858,Jagdish Naik,32,M,A2
7014,2858,Luke Bera,22,M,A3
7015,2859,Veer Bera,32,M,A1
7016,2860,Azad Bhat,32,M,A1
7017,2860,Jonathan Sharma,41,M,A2
7018,2861,Jonathan Raj,47,M,A1
7019,2861,Jagdish Sen,35,M,A2
7020,2862,Aditya Pradhan,21,M,A1
7021,2862,Wriddhish Sharaf,21,M,A2
7022,2862,Wahab Parmar,33,M,A3
7023,2863,Neel Ramesh,38,M,A1
7024,2864,Wriddhish Subramaniam,25,M,A1
7025,2864,Saksham Golla,44,M,A2
7026,2864,Samar Sarraf,43,M,A3
7027,2864,Bakhshi Raval,46,M,A4
7028,2865,Jai Anne,43,M,A1
7029,2865,Ekavir Rout,44,M,A2
7030,2865,Max Varty,20,M,A3
7031,2866,Widisha Sethi,31,F,A1
7032,2866,Naksh Kar,21,M,A2
7033,2866,Ekansh Raghavan,21,M,A3
7034,2867,Chatura Shroff,30,M,A1
7035,2867,Frederick Bava,38,M,A2
7036,2867,Balvan Goda,27,M,A3
7037,2868,Peter Koshy,29,M,A1
7038,2868,Faraj Jaggi,43,M,A2
7039,2869,Zaitra Sandhu,36,F,A1
7040,2869,Anmol Barad,44,M,A2
7041,2869,Frado Kamdar,40,M,A3
7042,2869,Chaitanya Mutti,36,M,A4
7043,2870,Elijah Shere,21,M,A1
7044,2870,Sathvik Chander,42,M,A2
7045,2870,Naksh Dar,23,M,A3
7046,2871,Urmi Mukhopadhyay,33,F,A1
7047,2872,Harita Patla,20,F,A1
7048,2872,Sarthak Manda,40,M,A2
7049,2872,Abhimanyu Kala,45,M,A3
7050,2873,Samar Pillay,44,M,A1
7051,2874,Lohit Sanghvi,42,M,A1
7052,2875,Kalpit Mittal,48,M,A1
7053,2875,Baljiwan Varghese,21,M,A2
7054,2875,Yashodhara Contractor,32,F,A3
7055,2876,Dev Walia,41,M,A1
7056,2876,Aarav Taneja,29,M,A2
7057,2877,Anya Sheth,22,F,A1
7058,2877,Chaitanya Thakur,26,M,A2
7059,2877,Aditya Prasad,40,M,A3
7060,2878,Sathvik Panchal,30,M,A1
7061,2878,Dominic Bhargava,36,M,A2
7062,2878,Advay Sankar,37,M,A3
7063,2879,Kashvi Agarwal,34,F,A1
7064,2879,Daniel Mutti,31,M,A2
7065,2879,Ranbir More,24,M,A3
7066,2879,Jeremiah Madan,44,M,A4
7067,2880,Fitan Kade,29,M,A1
7068,2881,Abhimanyu Oommen,42,M,A1
7069,2882,Girik Dutt,44,M,A1
7070,2882,Ekavir Bakshi,39,M,A2
7071,2882,Qabil Pillai,24,M,A3
7072,2882,Rayaan Divan,25,M,A4
7073,2883,Maanav Johal,32,M,A1
7074,2883,Alexander Panchal,20,M,A2
7075,2884,Onkar Subramaniam,23,M,A1
7076,2884,Jairaj Sehgal,29,M,A2
7077,2885,Madhav Raval,33,M,A1
7078,2886,Nathaniel Purohit,39,M,A1
7079,2886,Aarav Kadakia,32,M,A2
7080,2886,Udarsh Chaudhary,43,M,A3
7081,2887,Amol Deo,33,M,A1
7082,2888,Maanas Joshi,33,M,A1
7083,2888,Jatin Dutt,22,M,A2
7084,2888,Ryan Lad,36,M,A3
7085,2888,Wakeeta Talwar,38,F,A4
7086,2889,Timothy Patla,31,M,A1
7087,2889,Brijesh Sankar,18,M,A2
7088,2889,Jacob Chaudhuri,32,M,A3
7089,2890,Barkha Hayre,42,F,A1
7090,2890,Yash Gole,42,M,A2
7091,2890,Rudra Krishnan,28,M,A3
7092,2891,Oscar Goswami,26,M,A1
7093,2891,Onkar Salvi,39,M,A2
7094,2891,Ekansh Bakshi,39,M,A3
7095,2891,Chatresh Hans,47,M,A4
7096,2892,Fariq Batra,37,M,A1
7097,2892,Yatin Merchant,43,M,A2
7098,2892,Sanaya Purohit,19,F,A3
7099,2893,Chanakya Rao,47,M,A1
7100,2893,Ekaraj Kala,26,M,A2
7101,2894,Arjun Ramaswamy,33,M,A1
7102,2894,Tanveer Sha,35,M,A2
7103,2895,Victor Dyal,34,M,A1
7104,2895,Zayan Kurian,35,M,A2
7105,2895,Arin Cheema,26,M,A3
7106,2895,Vedant Bhat,31,M,A4
7107,2896,Varenya Bail,39,F,A1
7108,2896,Isaiah Rastogi,30,M,A2
7109,2897,Ikbal Bassi,45,M,A1
7110,2897,Agastya Khalsa,34,M,A2
7111,2898,Hitesh Bakshi,34,M,A1
7112,2898,Gagan Bal,41,M,A2
7113,2899,Vivaan Palla,22,M,A1
7114,2899,Karan Sekhon,36,M,A2
7115,2899,Harrison Saraf,24,M,A3
7116,2900,Warinder Dhaliwal,39,M,A1
7117,2900,Atharv Hans,32,M,A2
7118,2901,Abeer Wason,43,M,A1
7119,2902,Vincent Sule,43,M,A1
7120,2902,Charita Chaudhry,43,F,A2
7121,2902,Tristan Chhabra,20,M,A3
7122,2902,Chatresh Acharya,26,M,A4
7123,2903,Faqid Sahota,21,M,A1
7124,2903,Harrison Seth,27,M,A2
7125,2904,Samesh Vora,32,M,A1
7126,2904,Theodore Buch,37,M,A2
7127,2904,Laksh Saini,21,M,A3
7128,2904,Shivansh Chacko,44,M,A4
7129,2905,Nachiket Sane,39,M,A1
7130,2905,Gopal Shukla,36,M,A2
7131,2906,Tristan Raghavan,41,M,A1
7132,2906,Wridesh Kant,47,M,A2
7133,2906,Yug Madan,22,M,A3
7134,2907,Alexander Chaudhry,38,M,A1
7135,2908,Ayush Mohanty,21,M,A1
7136,2908,Yatan Dora,27,M,A2
7137,2909,Ishwar Karpe,37,M,A1
7138,2909,Chandani Ramaswamy,22,F,A2
7139,2909,Abhiram Saraf,33,M,A3
7140,2909,Caleb Nagi,24,M,A4
7141,2910,Harsh Reddy,27,M,A1
7142,2910,Oeshi Saran,44,F,A2
7143,2910,Yutika Tara,30,F,A3
7144,2910,Jeet Mane,41,M,A4
7145,2911,Gaurav Jayaraman,30,M,A1
7146,2911,Vincent Ram,43,M,A2
7147,2911,Champak Yadav,28,M,A3
7148,2912,Zaid Mitra,39,M,A1
7149,2912,Harish Dey,44,M,A2
7150,2912,Jacob Mittal,28,M,A3
7151,2912,Advik Gera,43,M,A4
7152,2913,Owen Lanka,41,M,A1
7153,2914,Om Verma,43,M,A1
7154,2914,Dhruv Shroff,39,M,A2
7155,2914,Saksham Kapoor,32,M,A3
7156,2914,Aarush Kunda,40,M,A4
7157,2915,Max Rattan,43,M,A1
7158,2916,Bimala Shenoy,23,F,A1
7159,2916,Jatin Prabhu,34,M,A2
7160,2917,Peter Sarraf,30,M,A1
7161,2917,Ojas Vyas,47,M,A2
7162,2918,Jeevika Krish,40,F,A1
7163,2918,Tanay Basu,28,M,A2
7164,2919,Jacob Hegde,29,M,A1
7165,2919,Mekhala Zachariah,23,F,A2
7166,2919,Devansh Kunda,27,M,A3
7167,2919,Dev Mangat,43,M,A4
7168,2920,Tanvi Chhabra,46,F,A1
7169,2920,Osha Pathak,33,F,A2
7170,2920,Chandran Chauhan,23,M,A3
7171,2921,Balveer Gara,44,M,A1
7172,2921,Maanas Borde,45,M,A2
7173,2921,Naksh Venkatesh,32,M,A3
7174,2921,Megha Anand,43,F,A4
7175,2922,Naveen Rajan,22,M,A1
7176,2922,Gunbir Agrawal,45,M,A2
7177,2922,Umang Manda,29,M,A3
7178,2923,Fiyaz Basu,45,M,A1
7179,2924,Neelima Bali,27,F,A1
7180,2924,Jason Shetty,28,M,A2
7181,2925,Frado Khanna,44,M,A1
7182,2925,Nathaniel Saini,31,M,A2
7183,2925,Samuel Bassi,39,M,A3
7184,2926,Abeer Amble,46,M,A1
7185,2927,Faris Dubey,36,M,A1
7186,2927,Girish Anne,42,M,A2
7187,2927,Balendra Bhat,34,M,A3
7188,2927,Simon Garde,41,M,A4
7189,2928,Ayushman Sehgal,27,M,A1
7190,2929,Faras Rege,37,M,A1
7191,2929,Ojas Yogi,38,M,A2
7192,2930,Chaitanya Bera,27,M,A1
7193,2931,Lekha Ratta,29,F,A1
7194,2931,Chanakya Saran,22,M,A2
7195,2931,Amara Palla,34,F,A3
7196,2932,Barkha Mishra,31,F,A1
7197,2932,Tanish Sidhu,36,M,A2
7198,2932,Farhan Basak,43,M,A3
7199,2932,Vincent Trivedi,24,M,A4
7200,2933,Dipta Solanki,34,F,A1
7201,2933,Logan Nazareth,30,M,A2
7202,2934,George Varughese,35,M,A1
7203,2935,Banjeet Tank,30,M,A1
7204,2935,Henry Nagy,35,M,A2
7205,2935,Naveen Din,40,M,A3
7206,2936,Aadi Chawla,29,M,A1
7207,2936,Dayamai Datta,38,F,A2
7208,2937,Ayush Padmanabhan,33,M,A1
7209,2937,Aarnav Deshmukh,31,M,A2
7210,2937,Dalbir Baral,24,M,A3
7211,2938,Arya Parsa,47,F,A1
7212,2938,Xavier Dutta,41,M,A2
7213,2938,Wriddhish Sundaram,31,M,A3
7214,2938,Veer Raju,34,M,A4
7215,2939,Dominic Yadav,34,M,A1
7216,2939,Champak Bhandari,22,M,A2
7217,2940,Faraj Dugar,25,M,A1
7218,2940,Abhimanyu Mutti,32,M,A2
7219,2940,Orinder Shan,29,M,A3
7220,2940,Hredhaan Sant,38,M,A4
7221,2941,Ekaraj Narula,46,M,A1
7222,2941,Neel Rajagopalan,34,M,A2
7223,2942,Fiyaz Rattan,25,M,A1
7224,2943,Samaksh Lanka,24,M,A1
7225,2943,Jeet Khare,43,M,A2
7226,2944,Luke Mani,33,M,A1
7227,2944,Aarush Mangat,32,M,A2
7228,2945,Anmol Sane,41,M,A1
7229,2945,Chatresh Bhatti,30,M,A2
7230,2945,Shravya Dara,31,F,A3
7231,2945,Thomas Patla,33,M,A4
7232,2946,Maanas Bose,23,M,A1
7233,2946,Vihaan Chahal,40,M,A2
7234,2946,Yoshita Ahluwalia,22,F,A3
7235,2946,Ranbir Sathe,32,M,A4
7236,2947,Aarav Venkatesh,28,M,A1
7237,2947,Faras Sarna,26,M,A2
7238,2948,Wriddhish Ramakrishnan,41,M,A1
7239,2948,Zayyan Sahni,28,M,A2
7240,2948,Rohan Chana,38,M,A3
7241,2949,Madhav Gulati,47,M,A1
7242,2949,Sarthak Nadkarni,22,M,A2
7243,2950,Ekani Saini,34,F,A1
7244,2951,Ekaraj Wali,30,M,A1
7245,2952,Naveen Prasad,31,M,A1
7246,2952,Harinakshi Sagar,32,F,A2
7247,2953,Neel Dara,47,M,A1
7248,2954,Nihal Gera,44,M,A1
7249,2954,Gaurang Pingle,24,M,A2
7250,2954,Gautam Mani,22,M,A3
7251,2954,Nathaniel Tata,41,M,A4
7252,2955,Hemang Natarajan,35,M,A1
7253,2955,Megha Dass,30,F,A2
7254,2956,Harshil Chaudhry,29,M,A1
7255,2956,Kabir Bandi,22,M,A2
7256,2956,Baljiwan Basu,27,M,A3
7257,2956,Gaurav Jayaraman,29,M,A4
7258,2957,Abdul Samra,33,M,A1
7259,2958,Hemang Korpal,46,M,A1
7260,2959,Pranit Chakrabarti,30,M,A1
7261,2960,Hardik Raj,35,M,A1
7262,2960,Anthony Lall,42,M,A2
7263,2960,Qabil Gara,27,M,A3
7264,2960,Atharv Dhar,36,M,A4
7265,2961,Caleb Mitra,39,M,A1
7266,2961,Kabir Banik,46,M,A2
7267,2961,Pranit Khalsa,43,M,A3
7268,2962,Ekansh Solanki,24,M,A1
7269,2962,Fitan Hegde,41,M,A2
7270,2962,Samarth Keer,40,M,A3
7271,2962,Atharv Toor,26,M,A4
7272,2963,Sai Khatri,36,M,A1
7273,2963,Azad Vora,30,M,A2
7274,2964,Robert Basak,27,M,A1
7275,2965,Maanas Anne,42,M,A1
7276,2965,Jeremiah Shah,28,M,A2
7277,2965,Ansh Dara,27,M,A3
7278,2966,Oscar Naidu,25,M,A1
7279,2966,Rushil Naidu,24,M,A2
7280,2967,Maanav Gopal,41,M,A1
7281,2967,Lajita Khatri,26,F,A2
7282,2967,Azaan Rastogi,26,M,A3
7283,2967,Bhavika Cheema,38,F,A4
7284,2968,Chakradev Mitra,39,M,A1
7285,2968,Aryan Dube,23,M,A2
7286,2969,Samesh Dara,27,M,A1
7287,2969,Aarav Deep,28,M,A2
7288,2969,Nitesh Misra,28,M,A3
7289,2969,Elijah Lal,36,M,A4
7290,2970,Abhimanyu Bala,21,M,A1
7291,2970,Ikshita Dayal,23,F,A2
7292,2970,Frederick Dyal,34,M,A3
7293,2971,Faris Naidu,24,M,A1
7294,2971,Dalbir Sundaram,42,M,A2
7295,2971,Jairaj Char,25,M,A3
7296,2971,George Mand,46,M,A4
7297,2972,Hritik Prashad,38,M,A1
7298,2972,Laksh Aggarwal,24,M,A2
7299,2972,Aadi Shroff,44,M,A3
7300,2973,Ayaan Dave,31,M,A1
7301,2974,Yash Hora,43,M,A1
7302,2974,Idika Dhingra,19,F,A2
7303,2975,Logan Sankaran,33,M,A1
7304,2975,Fariq Gandhi,23,M,A2
7305,2975,Faris Wagle,33,M,A3
7306,2976,Om Bala,47,M,A1
7307,2976,Elijah Sundaram,26,M,A2
7308,2976,Madhav Basak,33,M,A3
7309,2976,Maya Mistry,40,F,A4
7310,2977,Rishi Savant,36,M,A1
7311,2977,Imaran Karan,46,M,A2
7312,2977,Anika Mammen,37,F,A3
7313,2977,Farhan Gulati,30,M,A4
7314,2978,Udant Trivedi,44,M,A1
7315,2978,Qasim Basu,30,M,A2
7316,2978,Balveer Bains,40,M,A3
7317,2978,Jairaj Bali,27,M,A4
7318,2979,William Dayal,31,M,A1
7319,2980,Aarnav Sama,47,M,A1
7320,2981,Parth Ganguly,42,M,A1
7321,2981,Krish Krish,45,M,A2
7322,2982,Gabriel Natarajan,41,M,A1
7323,2982,Qarin Lalla,27,M,A2
7324,2983,Gaurav Mitter,44,M,A1
7325,2983,Ekbal Sami,26,M,A2
7326,2984,Kritika Iyer,35,F,A1
7327,2984,Kiaan Garde,28,M,A2
7328,2984,Nicholas Issac,39,M,A3
7329,2985,Ekiya Reddy,30,F,A1
7330,2985,Manbir Kannan,26,M,A2
7331,2985,Ayushman Johal,36,M,A3
7332,2986,Darpan Bassi,34,M,A1
7333,2986,Oliver Sabharwal,32,M,A2
7334,2987,Finn Patla,21,M,A1
7335,2987,Sai Majumdar,21,M,A2
7336,2987,Lohit Sarma,47,M,A3
7337,2987,Azaan Saran,23,M,A4
7338,2988,Alexander Sharma,21,M,A1
7339,2988,Balvan Zacharia,32,M,A2
7340,2988,Anmol Biswas,40,M,A3
7341,2989,Devansh Cheema,38,M,A1
7342,2989,Wridesh Mohanty,32,M,A2
7343,2990,Gabriel Balasubramanian,32,M,A1
7344,2990,Hemang Babu,29,M,A2
7345,2991,Krishna Naik,43,M,A1
7346,2991,Anmol Maharaj,25,M,A2
7347,2992,Nirja Madan,29,F,A1
7348,2993,Nachiket Desai,47,M,A1
7349,2993,Sarthak Aurora,43,M,A2
7350,2993,Tristan Parmar,44,M,A3
7351,2993,Kiaan D’Alia,37,M,A4
7352,2994,Rajeshri Thakur,37,F,A1
7353,2994,Advaith Panchal,41,M,A2
7354,2995,Ishwar Zacharia,46,M,A1
7355,2995,Dakshesh Cheema,37,M,A2
7356,2995,Darsh Dalal,38,M,A3
7357,2996,Hemang Pingle,40,M,A1
7358,2996,Karan Choudhury,41,M,A2
7359,2997,Nathan Pall,35,M,A1
7360,2998,Naveen Balay,25,M,A1
7361,2998,Oeshi Goel,45,F,A2
7362,2999,Devansh Nadkarni,37,M,A1
7363,2999,Jacob Reddy,26,M,A2
7364,2999,Chandran Aurora,28,M,A3
7365,2999,Baljiwan Chaudhari,31,M,A4
7366,3000,Ekansh Goyal,34,M,A1
7367,3000,Michael Bose,34,M,A2
7368,3001,Neha Narayanan,41,F,A1
7369,3001,Falan Ravel,40,M,A2
7370,3001,Kalpit Ghose,32,M,A3
7371,3001,Jairaj Walia,45,M,A4
7372,3002,Frederick Deshmukh,22,M,A1
7373,3002,Rehaan Madan,39,M,A2
7374,3002,Ethan Madan,22,M,A3
7375,3003,Abdul Tak,42,M,A1
7376,3003,Ekalinga Krishnamurthy,36,M,A2
7377,3003,Abhimanyu Mutti,33,M,A3
7378,3004,Utkarsh Gokhale,18,M,A1
7379,3005,Chakrika Sehgal,35,F,A1
7380,3006,Christopher Chahal,42,M,A1
7381,3006,Krishna Agarwal,33,M,A2
7382,3006,Agastya Gole,40,M,A3
7383,3006,Rohan Sule,36,M,A4
7384,3007,Samaksh Tak,30,M,A1
7385,3008,Shivansh Bath,30,M,A1
7386,3009,Pushti Prabhakar,44,F,A1
7387,3009,Manbir Muni,40,M,A2
7388,3009,Maanas Bir,46,M,A3
7389,3010,Gautam Basak,29,M,A1
7390,3010,Ryan Chanda,45,M,A2
7391,3010,Zayyan Choudhary,24,M,A3
7392,3011,Advika Khalsa,31,F,A1
7393,3011,Chakradhar Sengupta,20,M,A2
7394,3012,Theodore Natarajan,19,M,A1
7395,3012,Advay Baria,30,M,A2
7396,3012,Ijaya Tak,35,F,A3
7397,3012,Hardik Cheema,30,M,A4
7398,3013,Atharv Yohannan,25,M,A1
7399,3013,Ronith Banik,33,M,A2
7400,3013,Ayushman Kala,26,M,A3
7401,3013,Yachana Manne,26,F,A4
7402,3014,Nakul Kothari,28,M,A1
7403,3015,Frederick Bhandari,40,M,A1
7404,3016,Aarav D’Alia,36,M,A1
7405,3016,Jeet Dhar,29,M,A2
7406,3016,Zayan Doshi,32,M,A3
7407,3017,Vincent Palan,37,M,A1
7408,3017,Peter Comar,37,M,A2
7409,3017,Ryan Chad,26,M,A3
7410,3017,Zaid Randhawa,22,M,A4
7411,3018,Bishakha Saraf,46,F,A1
7412,3018,Dev Ganguly,26,M,A2
7413,3018,Tristan Deo,20,M,A3
7414,3018,Charles Bahl,46,M,A4
7415,3019,Samuel Parekh,40,M,A1
7416,3019,Ekavir Chand,30,M,A2
7417,3020,Azad Walia,42,M,A1
7418,3020,Gaurang Kaul,41,M,A2
7419,3020,Thomas Roy,35,M,A3
7420,3021,Thomas Kata,40,M,A1
7421,3021,Andrew Bhatia,36,M,A2
7422,3021,Theodore Nori,45,M,A3
7423,3022,Joshua Gole,36,M,A1
7424,3023,Manbir Ratta,46,M,A1
7425,3023,Nathan Boase,31,M,A2
7426,3024,Advaith Radhakrishnan,44,M,A1
7427,3024,Nathan Tiwari,33,M,A2
7428,3025,Ikbal Narayan,32,M,A1
7429,3025,Ansh Mital,38,M,A2
7430,3025,Om Badami,44,M,A3
7431,3025,Ryan Hari,32,M,A4
7432,3026,Lavanya Menon,35,F,A1
7433,3027,Isaiah Goswami,39,M,A1
7434,3027,Balvan Padmanabhan,40,M,A2
7435,3027,Advay Srinivas,28,M,A3
7436,3028,Alka Borra,26,F,A1
7437,3028,Azaan Varma,38,M,A2
7438,3028,Jagdish Malhotra,22,M,A3
7439,3029,Harish Taneja,47,M,A1
7440,3029,Max Swamy,44,M,A2
7441,3029,Elijah Palla,24,M,A3
7442,3030,Aradhana Iyengar,38,F,A1
7443,3031,Udant Sekhon,25,M,A1
7444,3031,Oviya Acharya,27,F,A2
7445,3031,Gavin Padmanabhan,35,M,A3
7446,3032,Upkaar Joshi,25,M,A1
7447,3032,Robert Bir,45,M,A2
7448,3033,Tejas Sagar,30,M,A1
7449,3033,Laksh Trivedi,22,M,A2
7450,3033,Kevin Khurana,26,M,A3
7451,3034,Umang Pathak,32,M,A1
7452,3035,Kalpit Raman,34,M,A1
7453,3035,Ekbal Sachdev,34,M,A2
7454,3036,Azaan Dubey,26,M,A1
7455,3036,Samuel Vaidya,38,M,A2
7456,3037,Rayaan Narasimhan,23,M,A1
7457,3037,Aadi Desai,39,M,A2
7458,3038,Dakshesh Hans,20,M,A1
7459,3038,Madhavi Ahuja,24,F,A2
7460,3038,Zinal Gade,43,F,A3
7461,3039,Reva Krishnamurthy,23,F,A1
7462,3039,Kai Atwal,41,M,A2
7463,3039,Michael Uppal,23,M,A3
7464,3040,Irya Madan,22,F,A1
7465,3040,Jagat Rastogi,27,M,A2
7466,3040,Frado Golla,43,M,A3
7467,3040,Karan Sarma,27,M,A4
7468,3041,Hitesh Sura,39,M,A1
7469,3042,Udant Bhatia,42,M,A1
7470,3042,Jagdish Vaidya,39,M,A2
7471,3042,Ethan Venkataraman,33,M,A3
7472,3042,Azad Pandit,38,M,A4
7473,3043,Henry Choudhry,30,M,A1
7474,3044,Matthew Samra,23,M,A1
7475,3044,Arin Zacharia,27,M,A2
7476,3044,Sai Iyengar,26,M,A3
7477,3044,Neel Dara,44,M,A4
7478,3045,Parth Sehgal,42,M,A1
7479,3046,Farhan Bhattacharyya,37,M,A1
7480,3046,Hitesh Radhakrishnan,41,M,A2
7481,3047,Hritik Borra,45,M,A1
7482,3047,Tejas Kanda,27,M,A2
7483,3047,Rushil Sandal,41,M,A3
7484,3047,Darpan Samra,30,M,A4
7485,3048,Hemangini Muni,39,F,A1
7486,3048,Gautam Dass,35,M,A2
7487,3048,Yatin Ravel,40,M,A3
7488,3048,Thomas Basak,44,M,A4
7489,3049,Qasim Gera,25,M,A1
7490,3049,Nakul Dora,46,M,A2
7491,3049,Agastya Gulati,43,M,A3
7492,3050,Luke Sridhar,34,M,A1
7493,3050,Bachittar Pal,20,M,A2
7494,3051,Agastya Saran,22,M,A1
7495,3052,Jagrati Chatterjee,36,F,A1
7496,3052,Manthan Munshi,24,M,A2
7497,3052,Guneet Hans,39,M,A3
7498,3052,Urishilla Lata,40,F,A4
7499,3053,Isaac Patel,19,M,A1
7500,3054,Faris Nazareth,21,M,A1
7501,3055,Wriddhish Agarwal,40,M,A1
7502,3055,Tanish Walia,24,M,A2
7503,3055,Qasim Hayre,25,M,A3
7504,3056,Niharika Prabhakar,37,F,A1
7505,3056,Inaya Randhawa,25,F,A2
7506,3056,Ekansh Vala,39,M,A3
7507,3057,Jacob Saini,36,M,A1
7508,3057,Aarna Korpal,30,F,A2
7509,3058,Dominic Sachar,24,M,A1
7510,3059,Ethan Dey,39,M,A1
7511,3059,Indrajit Tripathi,23,M,A2
7512,3060,Upasna Subramanian,24,F,A1
7513,3060,Devansh Deshmukh,41,M,A2
7514,3060,Ayushman Johal,44,M,A3
7515,3061,Charles Pillay,44,M,A1
7516,3061,Qarin Palla,21,M,A2
7517,3062,Alexander Ahuja,25,M,A1
7518,3062,Krishna Salvi,25,M,A2
7519,3063,Jai Saha,24,M,A1
7520,3064,Pooja Lata,28,F,A1
7521,3064,Dhruv Bumb,32,M,A2
7522,3064,Parth Sehgal,43,M,A3
7523,3065,Bachittar Suri,33,M,A1
7524,3065,Nathan Dave,40,M,A2
7525,3065,Raksha Mittal,23,F,A3
7526,3066,Shivansh Venkatesh,41,M,A1
7527,3066,Chatresh Butala,40,M,A2
7528,3066,Hritik Saha,32,M,A3
7529,3067,Guneet Loke,26,M,A1
7530,3068,Guneet Natt,43,M,A1
7531,3068,Akshay Parmer,44,M,A2
7532,3068,Gaurav Padmanabhan,26,M,A3
7533,3068,Ekapad Garde,22,M,A4
7534,3069,Anika Chowdhury,35,F,A1
7535,3069,Mason Tandon,46,M,A2
7536,3069,Kevin Sabharwal,44,M,A3
7537,3070,Amol Natarajan,44,M,A1
7538,3070,Maanav Chaudhry,22,M,A2
7539,3070,Harsh Pingle,40,M,A3
7540,3070,Chandran Agarwal,24,M,A4
7541,3071,Hamsini Mital,22,F,A1
7542,3071,Urvi Bala,29,F,A2
7543,3072,Kalpit Dhawan,32,M,A1
7544,3072,Gunbir Sha,41,M,A2
7545,3073,Arin Handa,44,M,A1
7546,3073,Advik Kala,41,M,A2
7547,3074,Peter Jha,21,M,A1
7548,3074,Vasatika Krishnan,39,F,A2
7549,3074,Balvan Gulati,26,M,A3
7550,3074,Advay Palla,31,M,A4
7551,3075,Baljiwan Talwar,41,M,A1
7552,3075,Aadhya Barad,38,F,A2
7553,3075,Praneel Modi,32,M,A3
7554,3076,Fitan Nadkarni,42,M,A1
7555,3076,Jeet Rajan,34,M,A2
7556,3076,Neel Patel,25,M,A3
7557,3077,Ayush Halder,30,M,A1
7558,3077,Darsh Nath,27,M,A2
7559,3077,Joshua Chokshi,24,M,A3
7560,3077,Aarav Choudhury,44,M,A4
7561,3078,Jackson Dugar,46,M,A1
7562,3078,Anirudh Ravi,44,M,A2
7563,3079,Yauvani Chakrabarti,31,F,A1
7564,3079,Aadi Bose,45,M,A2
7565,3079,Fitan Johal,30,M,A3
7566,3080,Om Pillay,34,M,A1
7567,3080,Vincent Korpal,34,M,A2
7568,3080,Amara Palla,32,F,A3
7569,3080,Janya Handa,34,F,A4
7570,3081,Patrick Master,26,M,A1
7571,3081,Frado Gill,43,M,A2
7572,3081,Yagnesh Lalla,46,M,A3
7573,3081,Naksh Iyengar,29,M,A4
7574,3082,Bakhshi Sarin,41,M,A1
7575,3082,Rushil Dua,43,M,A2
7576,3082,Udant Swamy,37,M,A3
7577,3083,Aryan Pradhan,37,M,A1
7578,3083,Parth Sharma,27,M,A2
7579,3083,Rachit Nori,35,M,A3
7580,3084,Jatin Nadkarni,27,M,A1
7581,3084,Ekapad Char,46,M,A2
7582,3084,Kashvi Agarwal,34,F,A3
7583,3085,Kevin Vohra,33,M,A1
7584,3086,Simon Din,39,M,A1
7585,3086,Faras Borra,38,M,A2
7586,3086,Harini Rajagopalan,28,F,A3
7587,3087,Nachiket Nayak,37,M,A1
7588,3087,Christopher Konda,23,M,A2
7589,3087,Mohini Patil,35,F,A3
7590,3087,Ekapad Pradhan,48,M,A4
7591,3088,Bhavini Kanda,36,F,A1
7592,3089,Mitesh Goyal,32,M,A1
7593,3089,Lohit Kothari,45,M,A2
7594,3089,William Thakkar,47,M,A3
7595,3090,Dev Sane,44,M,A1
7596,3090,Mitesh Parikh,29,M,A2
7597,3090,Michael Shukla,43,M,A3
7598,3091,Balvan Bhatt,30,M,A1
7599,3091,Owen Aurora,32,M,A2
7600,3092,Girish Kalla,25,M,A1
7601,3092,Zehaan Bal,28,M,A2
7602,3092,Timothy Chowdhury,22,M,A3
7603,3092,Lohit Tata,42,M,A4
7604,3093,Champak Bhatti,37,M,A1
7605,3093,Wyatt Anand,19,M,A2
7606,3093,Ekavir Dave,41,M,A3
7607,3094,Tanveer Ravi,31,M,A1
7608,3095,Jason Kara,45,M,A1
7609,3095,Yagnesh Contractor,48,M,A2
7610,3095,Noah Bir,22,M,A3
7611,3096,Yug Dalal,35,M,A1
7612,3096,Qarin Varty,43,M,A2
7613,3096,Abdul Gopal,32,M,A3
7614,3096,Matthew De,31,M,A4
7615,3097,Raghav Jhaveri,28,M,A1
7616,3097,Bakhshi Mand,30,M,A2
7617,3097,Yuvraj Pal,28,M,A3
7618,3098,Mitesh Mallick,45,M,A1
7619,3099,Samaksh Ramakrishnan,43,M,A1
7620,3099,Atharv Mangat,34,M,A2
7621,3099,Sneha Shanker,32,F,A3
7622,3100,Girik Amble,22,M,A1
7623,3100,Wishi Sastry,19,F,A2
7624,3100,Neelima Sehgal,44,F,A3
7625,3100,Maanas Sahni,19,M,A4
7626,3101,Kamya Kibe,38,F,A1
7627,3101,Yauvani Venkatesh,35,F,A2
7628,3101,Nathan Sagar,33,M,A3
7629,3102,Lakshit Pandey,46,M,A1
7630,3102,Theodore Shan,35,M,A2
7631,3102,Veda Bhat,46,F,A3
7632,3102,Timothy Bhakta,44,M,A4
7633,3103,Dhruv Saraf,44,M,A1
7634,3103,Chakrika Yohannan,22,F,A2
7635,3104,Advay Ganguly,40,M,A1
7636,3104,Ekansh Sahota,29,M,A2
7637,3105,Gavin Parikh,26,M,A1
7638,3106,Devansh Bhatia,20,M,A1
7639,3106,Rajeshri Oommen,25,F,A2
7640,3106,Nihal Cheema,21,M,A3
7641,3107,Mitesh Dugal,39,M,A1
7642,3107,Hritik Sarma,31,M,A2
7643,3108,Laksh Bora,20,M,A1
7644,3109,Andrew Kunda,21,M,A1
7645,3110,Yashvi Shenoy,37,F,A1
7646,3110,Arjun Sabharwal,40,M,A2
7647,3111,Ayaan Khare,32,M,A1
7648,3111,Aayush Deshpande,31,M,A2
7649,3112,Ayushman Prasad,33,M,A1
7650,3112,Siddharth Palan,25,M,A2
7651,3113,Ikbal Ranganathan,26,M,A1
7652,3113,Kevin Bora,29,M,A2
7653,3114,Manthan Bhardwaj,43,M,A1
7654,3115,David Puri,35,M,A1
7655,3115,Gaurav Reddy,25,M,A2
7656,3115,Naksh Magar,44,M,A3
7657,3116,Krishna Gokhale,28,M,A1
7658,3116,Amol Tandon,22,M,A2
7659,3117,Veer Ganguly,38,M,A1
7660,3117,Ekbal Shukla,28,M,A2
7661,3117,Ojas Toor,22,M,A3
7662,3118,Hredhaan Thakkar,41,M,A1
7663,3118,Dhriti Chawla,22,F,A2
7664,3118,Harshil Bali,22,M,A3
7665,3119,Oliver Basu,28,M,A1
7666,3120,Sudiksha Krishna,36,F,A1
7667,3120,Anay Mallick,28,M,A2
7668,3121,Raghav Mitra,26,M,A1
7669,3121,Vivaan Kota,40,M,A2
7670,3121,Wahab Bhalla,46,M,A3
7671,3121,Dipta Mishra,44,F,A4
7672,3122,Aryan Dixit,44,M,A1
7673,3122,Qadim Lall,41,M,A2
7674,3122,Benjamin Basu,24,M,A3
7675,3123,Sarthak Shanker,32,M,A1
7676,3124,Girik Mahal,32,M,A1
7677,3124,Krish Nanda,22,M,A2
7678,3124,Aayush Menon,31,M,A3
7679,3125,Nathaniel Ramaswamy,36,M,A1
7680,3125,Gaurang Grewal,46,M,A2
7681,3125,Xavier Bobal,41,M,A3
7682,3125,Balvan Swamy,34,M,A4
7683,3126,Madhav Dewan,32,M,A1
7684,3126,Dhruv Dhar,28,M,A2
7685,3126,Jatin Kurian,42,M,A3
7686,3126,Vaishnavi Narayanan,37,F,A4
7687,3127,Samaksh Nazareth,29,M,A1
7688,3128,Tarak Atwal,26,M,A1
7689,3128,Hritik Keer,23,M,A2
7690,3128,Arjun Varkey,46,M,A3
7691,3128,Gunbir Sodhi,35,M,A4
7692,3129,Sarthak Vig,36,M,A1
7693,3130,Aryan Grewal,41,M,A1
7694,3131,Aarnav Dugal,41,M,A1
7695,3131,Jacob Kapadia,26,M,A2
7696,3131,Caleb Lanka,35,M,A3
7697,3132,Zayan Mallick,41,M,A1
7698,3133,Jatin Koshy,38,M,A1
7699,3134,Orinder Thakkar,37,M,A1
7700,3135,Samaksh Manda,36,M,A1
7701,3136,Falak Luthra,37,F,A1
7702,3137,Yash Kaul,43,M,A1
7703,3138,Elijah Nagarajan,37,M,A1
7704,3139,Vaishnavi Kulkarni,28,F,A1
7705,3139,Chanakya Chada,26,M,A2
7706,3139,Omkaar Biswas,39,M,A3
7707,3139,Aarnav Rastogi,20,M,A4
7708,3140,Onkar Shetty,22,M,A1
7709,3140,Falguni Ravi,28,F,A2
7710,3141,Vasana Dubey,44,F,A1
7711,3141,Dhriti Chahal,43,F,A2
7712,3141,Ryan Narayan,38,M,A3
7713,3142,Ucchal Patel,36,F,A1
7714,3142,Isaiah Setty,20,M,A2
7715,3142,Baljiwan Raghavan,24,M,A3
7716,3143,Hardik Radhakrishnan,34,M,A1
7717,3143,Michael Palan,31,M,A2
7718,3144,Manbir Chawla,34,M,A1
7719,3144,Nathaniel Wali,39,M,A2
7720,3145,Madhavi Divan,47,F,A1
7721,3146,Darika Srinivasan,32,F,A1
7722,3146,Yashvi Chanda,25,F,A2
7723,3147,Amol Goda,35,M,A1
7724,3147,Kashish Narain,46,F,A2
7725,3147,Laban Sem,45,M,A3
7726,3147,Zehaan Jha,37,M,A4
7727,3148,Naksh Johal,25,M,A1
7728,3148,Chameli Kalla,41,F,A2
7729,3149,Owen Lal,46,M,A1
7730,3149,Brijesh Parmer,44,M,A2
7731,3149,Hitesh Kibe,36,M,A3
7732,3149,Baljiwan Mammen,21,M,A4
7733,3150,Sneha Zacharia,36,F,A1
7734,3150,Joshua Om,39,M,A2
7735,3151,Yasti Chada,38,F,A1
7736,3152,Shaurya Nigam,22,M,A1
7737,3153,Isaac Sachdeva,35,M,A1
7738,3153,Maanav Raju,31,M,A2
7739,3154,Upkaar Bahri,33,M,A1
7740,3155,Zaid Lad,36,M,A1
7741,3156,Utkarsh Wadhwa,23,M,A1
7742,3156,Aadi Rama,42,M,A2
7743,3156,Ekaraj Sandhu,39,M,A3
7744,3156,Ekbal Chander,45,M,A4
7745,3157,Chatresh Purohit,27,M,A1
7746,3157,Upkaar Murthy,33,M,A2
7747,3157,Leela Swamy,40,F,A3
7748,3158,Orinder Koshy,36,M,A1
7749,3158,Upkaar Natt,39,M,A2
7750,3158,Aadi Lad,34,M,A3
7751,3158,Charan Saraf,40,M,A4
7752,3159,Lohit Pai,40,M,A1
7753,3160,Kai Dayal,45,M,A1
7754,3160,Bhavani Pandit,39,F,A2
7755,3160,Guneet Rege,44,M,A3
7756,3160,Janani Upadhyay,23,F,A4
7757,3161,Girish D’Alia,27,M,A1
7758,3161,Falan Sane,29,M,A2
7759,3162,Viraj Rout,27,M,A1
7760,3162,Pratyush Vala,26,M,A2
7761,3163,Yagnesh Ray,29,M,A1
7762,3163,Shivansh Ravel,37,M,A2
7763,3163,Zayan Tank,21,M,A3
7764,3164,Hitesh Oommen,23,M,A1
7765,3164,Oscar Hayer,44,M,A2
7766,3164,Qasim Batta,21,M,A3
7767,3164,Om Thakkar,27,M,A4
7768,3165,Nicholas Malhotra,36,M,A1
7769,3165,Udant Jayaraman,36,M,A2
7770,3165,Manya Jaggi,26,F,A3
7771,3166,Daksh Datta,40,M,A1
7772,3167,Leena Bali,47,F,A1
7773,3167,Advay Pingle,31,M,A2
7774,3167,Xavier Shroff,39,M,A3
7775,3167,Harish Pillay,29,M,A4
7776,3168,Varsha Sathe,40,F,A1
7777,3169,Laban Shan,45,M,A1
7778,3169,Advay Sura,31,M,A2
7779,3170,Gabriel Hans,28,M,A1
7780,3170,Azad Tata,37,M,A2
7781,3170,Faraj Doshi,25,M,A3
7782,3171,Pranav Basu,26,M,A1
7783,3172,Hema Bhakta,47,F,A1
7784,3172,Qasim Nagy,22,M,A2
7785,3172,Jai Subramaniam,43,M,A3
7786,3172,Akshay Krishnan,24,M,A4
7787,3173,Karan Pillay,38,M,A1
7788,3173,Rayaan Kata,24,M,A2
7789,3173,Henry Korpal,34,M,A3
7790,3174,Ekapad Menon,43,M,A1
7791,3174,Hemang Barman,25,M,A2
7792,3174,Siddharth Bawa,29,M,A3
7793,3174,Henry Choudhry,26,M,A4
7794,3175,Gunbir Jani,22,M,A1
7795,3176,Chandresh Wali,39,M,A1
7796,3176,Chakradhar Rajagopal,38,M,A2
7797,3176,Teerth Guha,24,M,A3
7798,3177,Azaan Dube,30,M,A1
7799,3177,Jai Rastogi,39,M,A2
7800,3177,Udarsh Anne,39,M,A3
7801,3177,Aarush Dey,23,M,A4
7802,3178,Bhavya Gulati,38,F,A1
7803,3178,Madhav Seth,19,M,A2
7804,3179,Jack Thakkar,26,M,A1
7805,3179,Ekbal Bhandari,25,M,A2
7806,3179,Bimala Soman,23,F,A3
7807,3180,Advik Halder,37,M,A1
7808,3180,Wriddhish Devi,27,M,A2
7809,3180,Jai Oak,34,M,A3
7810,3181,Tristan Rajagopalan,22,M,A1
7811,3181,Hritik Merchant,41,M,A2
7812,3182,Orinder Narula,30,M,A1
7813,3182,Inaya Randhawa,26,F,A2
7814,3183,Mohammed Swamy,20,M,A1
7815,3183,Aarnav Sekhon,25,M,A2
7816,3184,Charan Seth,39,M,A1
7817,3185,Jai Borde,27,M,A1
7818,3185,Hemang Goda,30,M,A2
7819,3185,Laksh Cherian,42,M,A3
7820,3185,Ishwar Sur,23,M,A4
7821,3186,Omisha Parikh,23,F,A1
7822,3187,Hitesh Johal,28,M,A1
7823,3187,Gautam Dutt,38,M,A2
7824,3188,Zinal Ghosh,41,F,A1
7825,3188,Fitan Suresh,38,M,A2
7826,3189,Nidra Patla,32,F,A1
7827,3189,Gaurang Pillai,29,M,A2
7828,3189,Parth Rao,38,M,A3
7829,3190,Manthan Tara,27,M,A1
7830,3190,Hemang Sarna,30,M,A2
7831,3190,Guneet Seth,18,M,A3
7832,3190,Owen Sahni,33,M,A4
7833,3191,Praneel Naik,37,M,A1
7834,3191,Watika Agrawal,38,F,A2
7835,3191,Daniel Ray,31,M,A3
7836,3192,Rachit Ahluwalia,27,M,A1
7837,3193,Aarav Mukherjee,22,M,A1
7838,3193,Simon Lala,29,M,A2
7839,3193,Zaid Parikh,26,M,A3
7840,3193,Arjun Mistry,45,M,A4
7841,3194,Manbir Chaudry,23,M,A1
7842,3194,Ekavir Shetty,19,M,A2
7843,3195,Oliver Ghosh,31,M,A1
7844,3195,George Kapur,41,M,A2
7845,3195,Dev Kamdar,23,M,A3
7846,3195,Chaitanya Krishnan,36,M,A4
7847,3196,Neel Char,47,M,A1
7848,3196,Xavier Venkatesh,34,M,A2
7849,3197,Nitesh Majumdar,39,M,A1
7850,3197,Jai Munshi,25,M,A2
7851,3197,Ishaan Narula,23,M,A3
7852,3197,Bahadurjit Sant,25,M,A4
7853,3198,Ekalinga Solanki,46,M,A1
7854,3198,Balveer Dayal,31,M,A2
7855,3198,Anya Bhatti,21,F,A3
7856,3199,Bhavika Das,35,F,A1
7857,3200,Nakul Agate,25,M,A1
7858,3200,Naveen Ramachandran,22,M,A2
7859,3200,Upkaar Luthra,21,M,A3
7860,3201,Girindra Ahluwalia,43,M,A1
7861,3201,Mohini Parmar,47,F,A2
7862,3202,Abhiram Upadhyay,45,M,A1
7863,3202,Rayaan Taneja,47,M,A2
7864,3202,Chanchal Varkey,23,F,A3
7865,3202,Tanvi Nagi,24,F,A4
7866,3203,Ridhi Mukhopadhyay,27,F,A1
7867,3203,Oviya Dara,30,F,A2
7868,3204,Aarav Savant,40,M,A1
7869,3204,Alexander Ratti,44,M,A2
7870,3205,Daksha Garg,38,F,A1
7871,3206,Samarth Deep,23,M,A1
7872,3207,Madhav Morar,38,M,A1
7873,3207,David Bahl,32,M,A2
7874,3207,Frado Kar,31,M,A3
7875,3207,Brinda Devan,35,F,A4
7876,3208,Oliver Singh,24,M,A1
7877,3208,Kalpit Lal,20,M,A2
7878,3208,Oscar Sampath,36,M,A3
7879,3208,Harsh Sood,39,M,A4
7880,3209,Warjas Wadhwa,40,M,A1
7881,3209,Aarav Chowdhury,33,M,A2
7882,3210,Nicholas Dutta,18,M,A1
7883,3210,Harrison Chandra,35,M,A2
7884,3210,Jacob Ganesan,28,M,A3
7885,3211,Elijah Suri,24,M,A1
7886,3211,Sathvik Khatri,44,M,A2
7887,3212,Aryan Tripathi,47,M,A1
7888,3212,Gautam Bhagat,24,M,A2
7889,3212,Lohit Venkataraman,24,M,A3
7890,3213,Sarthak Kumer,32,M,A1
7891,3213,Wazir Choudhury,45,M,A2
7892,3213,Mohini Dhaliwal,46,F,A3
7893,3214,Chanakya Tara,24,M,A1
7894,3214,Diya Zacharia,39,F,A2
7895,3215,Jagrati Kurian,27,F,A1
7896,3215,Isaac Bhargava,30,M,A2
7897,3216,Jackson Rege,39,M,A1
7898,3216,Max Kannan,32,M,A2
7899,3216,Finn Batta,39,M,A3
7900,3217,Gagan Bumb,29,M,A1
7901,3217,Reyansh Seth,43,M,A2
7902,3218,Tarak Mane,32,M,A1
7903,3218,Hredhaan Ramachandran,32,M,A2
7904,3219,Chandresh Cheema,43,M,A1
7905,3219,Krishna Kunda,29,M,A2
7906,3219,Gavin Yadav,40,M,A3
7907,3220,Luke Trivedi,35,M,A1
7908,3220,Pranav Magar,25,M,A2
7909,3221,Dev Chokshi,39,M,A1
7910,3221,Pranit Sabharwal,23,M,A2
7911,3221,Kabir Agarwal,23,M,A3
7912,3222,Pratyush Sundaram,30,M,A1
7913,3222,Bahadurjit Master,35,M,A2
7914,3222,Gauri Nadig,38,F,A3
7915,3223,Jagat Butala,18,M,A1
7916,3224,Onkar Lad,32,M,A1
7917,3225,Thomas Dara,28,M,A1
7918,3225,Jeremiah Doshi,24,M,A2
7919,3225,Kabir D’Alia,41,M,A3
7920,3225,Nathan Agarwal,37,M,A4
7921,3226,Ishwar Shah,22,M,A1
7922,3226,Anthony Saxena,38,M,A2
7923,3226,Bhavya Subramanian,29,F,A3
7924,3227,Yash Shah,33,M,A1
7925,3227,Isaiah Pradhan,25,M,A2
7926,3228,Gaurav Sagar,27,M,A1
7927,3229,Daksha Bhat,33,F,A1
7928,3229,Zehaan Varty,30,M,A2
7929,3229,Darsh Chaudhry,24,M,A3
7930,3230,Tejas Rana,29,M,A1
7931,3230,Nathaniel Nori,23,M,A2
7932,3230,Mohammed Hayre,31,M,A3
7933,3230,Lucky Setty,39,M,A4
7934,3231,Ethan Malhotra,27,M,A1
7935,3231,Amol Bakshi,25,M,A2
7936,3232,Indrajit Deol,43,M,A1
7937,3232,Ishaan Aggarwal,24,M,A2
7938,3232,Harinakshi Mohan,34,F,A3
7939,3233,Fiyaz Pau,25,M,A1
7940,3233,Tarak Brahmbhatt,44,M,A2
7941,3233,Ethan Mitter,39,M,A3
7942,3233,Zayan Gola,40,M,A4
7943,3234,Brinda Parekh,22,F,A1
7944,3234,Henry Chada,20,M,A2
7945,3234,Vincent Tailor,38,M,A3
7946,3234,Chatresh Sandhu,38,M,A4
7947,3235,Ati Pradhan,25,F,A1
7948,3235,Manbir Bail,47,M,A2
7949,3235,Vidhi Sarma,24,F,A3
7950,3235,Ayushman Dada,32,M,A4
7951,3236,Warinder Pillai,47,M,A1
7952,3236,Advik Bandi,27,M,A2
7953,3236,Hritik Raju,25,M,A3
7954,3237,Chakradev Luthra,40,M,A1
7955,3237,Zayan Borde,43,M,A2
7956,3237,Ishaan Batta,25,M,A3
7957,3238,Gopal Ray,22,M,A1
7958,3238,Upkaar Tara,19,M,A2
7959,3239,Harshil Chadha,33,M,A1
7960,3239,Faraj Rai,37,M,A2
7961,3239,Jackson Sastry,35,M,A3
7962,3240,Faraj Dutta,37,M,A1
7963,3241,Raghav Kapadia,23,M,A1
7964,3241,Tarak Chanda,23,M,A2
7965,3242,Reyansh Nigam,43,M,A1
7966,3242,Peter Manda,46,M,A2
7967,3243,Simon Seth,27,M,A1
7968,3244,Rachana Nayak,37,F,A1
7969,3244,Ekbal Menon,25,M,A2
7970,3244,Anthony Parsa,43,M,A3
7971,3245,Atharv Prashad,18,M,A1
7972,3246,Girindra Mannan,42,M,A1
7973,3246,Indrajit Biswas,32,M,A2
7974,3246,Tanish Batra,43,M,A3
7975,3247,Nathan Mammen,27,M,A1
7976,3247,Joshua Agrawal,43,M,A2
7977,3247,Lucky Sahni,19,M,A3
7978,3247,Victor More,38,M,A4
7979,3248,Agastya Wali,31,M,A1
7980,3248,Omkaar Vyas,22,M,A2
7981,3248,Patrick Thakkar,30,M,A3
7982,3248,Tanay Lal,45,M,A4
7983,3249,Madhav Edwin,40,M,A1
7984,3250,Yasti Kumer,28,F,A1
7985,3250,Nihal Bhatia,27,M,A2
7986,3250,Tanveer Srivastava,22,M,A3
7987,3250,Nathan Kaul,23,M,A4
7988,3251,Ridhi Chokshi,37,F,A1
7989,3251,Janya Dutt,37,F,A2
7990,3251,Samuel Subramaniam,37,M,A3
7991,3251,Garima Shetty,38,F,A4
7992,3252,Reyansh Halder,22,M,A1
7993,3252,Balhaar Sunder,24,M,A2
7994,3252,Upkaar Bhakta,45,M,A3
7995,3253,Bachittar Mani,25,M,A1
7996,3253,Samar Mahal,23,M,A2
7997,3254,Barkha Kakar,42,F,A1
7998,3254,Yatin Narang,31,M,A2
7999,3255,Anay Kothari,19,M,A1
8000,3256,Samesh Shanker,24,M,A1
8001,3256,Viraj Soni,22,M,A2
8002,3257,Yatan More,26,M,A1
8003,3258,Ayaan Bhatnagar,45,M,A1
8004,3259,Aarav Vyas,46,M,A1
8005,3259,Jairaj Setty,26,M,A2
8006,3259,Aarush Tata,24,M,A3
8007,3260,Siya Kamdar,41,F,A1
8008,3260,Nathaniel Char,41,M,A2
8009,3260,Darsh Bose,25,M,A3
8010,3261,Anmol Choudhary,40,M,A1
8011,3262,Pratyush Choudhury,39,M,A1
8012,3262,Kabir Deshmukh,27,M,A2
8013,3263,Xavier Bahri,38,M,A1
8014,3263,Nihal Kulkarni,32,M,A2
8015,3263,Robert Mutti,27,M,A3
8016,3264,Andrew Tak,25,M,A1
8017,3264,Ekavir Nanda,46,M,A2
8018,3265,Aarav Garde,40,M,A1
8019,3265,Ayush Ghose,25,M,A2
8020,3265,Ekta Krishnamurthy,34,F,A3
8021,3265,Suhani Hora,19,F,A4
8022,3266,Naveen Mani,44,M,A1
8023,3266,Amara Mittal,42,F,A2
8024,3266,Yuvraj Dash,43,M,A3
8025,3267,Abhimanyu Keer,33,M,A1
8026,3267,Sarthak Sengupta,41,M,A2
8027,3267,Vihaan Mammen,22,M,A3
8028,3267,Fiyaz Gokhale,20,M,A4
8029,3268,Amol Raju,22,M,A1
8030,3268,Rohan Sen,39,M,A2
8031,3269,Nachiket Boase,29,M,A1
8032,3270,Nihal Kurian,45,M,A1
8033,3270,Zayan Lanka,43,M,A2
8034,3270,Samar Padmanabhan,24,M,A3
8035,3270,Tejas Kanda,29,M,A4
8036,3271,Fiyaz Shroff,24,M,A1
8037,3271,Gagan Verma,34,M,A2
8038,3271,Hritik Dhingra,32,M,A3
8039,3271,Vivaan Purohit,30,M,A4
8040,3272,Laksh Bhargava,35,M,A1
8041,3272,Alexander Bala,26,M,A2
8042,3272,Chandresh Mital,24,M,A3
8043,3272,Sanaya Sagar,33,F,A4
8044,3273,Ojas Konda,39,M,A1
8045,3273,Vincent Chaudhari,24,M,A2
8046,3273,Owen Ram,21,M,A3
8047,3273,Faris Deo,28,M,A4
8048,3274,Aarnav Kant,39,M,A1
8049,3274,Daksh Jaggi,37,M,A2
8050,3275,Vasatika Subramaniam,33,F,A1
8051,3275,Chandran Mukhopadhyay,36,M,A2
8052,3275,Dakshesh Brar,45,M,A3
8053,3275,Chatura Rai,24,M,A4
8054,3276,Praneel Shere,29,M,A1
8055,3276,Om Barad,38,M,A2
8056,3277,Advay Pillay,27,M,A1
8057,3277,Ekapad Dara,28,M,A2
8058,3278,Alexander Lanka,33,M,A1
8059,3278,Indrajit Aurora,43,M,A2
8060,3278,Ekaraj Sharaf,31,M,A3
8061,3278,Isaiah Devi,30,M,A4
8062,3279,Aayush Vora,31,M,A1
8063,3279,Rayaan Hora,28,M,A2
8064,3279,Ronith Saxena,25,M,A3
8065,3280,Pallavi Karnik,25,F,A1
8066,3280,Balveer Majumdar,44,M,A2
8067,3280,Kiaan Grewal,30,M,A3
8068,3281,Raghav Kurian,42,M,A1
8069,3282,Naksh Mukhopadhyay,23,M,A1
8070,3282,Pranav Walia,25,M,A2
8071,3282,Warjas Lad,41,M,A3
8072,3282,Mugdha Suresh,41,F,A4
8073,3283,Niharika Nath,45,F,A1
8074,3283,Gaurav Grover,29,M,A2
8075,3284,Aarna Chowdhury,44,F,A1
8076,3284,Ryan Dani,35,M,A2
8077,3284,Warjas Sehgal,37,M,A3
8078,3285,Devansh Sankar,25,M,A1
8079,3285,Hritik Khalsa,46,M,A2
8080,3285,Jai Anand,33,M,A3
8081,3285,Devansh Pal,33,M,A4
8082,3286,Ikbal Cherian,31,M,A1
8083,3286,Praneel Dugar,39,M,A2
8084,3287,Indrajit Chandran,34,M,A1
8085,3287,Azad Saxena,37,M,A2
8086,3287,Darsh Swaminathan,22,M,A3
8087,3287,Harshil Patla,39,M,A4
8088,3288,Pahal Chadha,37,F,A1
8089,3288,Tanish More,42,M,A2
8090,3288,Imaran Tandon,32,M,A3
8091,3288,Bakhshi Shankar,25,M,A4
8092,3289,Benjamin Bhalla,20,M,A1
8093,3289,Liam Yohannan,40,M,A2
8094,3289,Noah Sant,45,M,A3
8095,3289,Warhi Kala,23,F,A4
8096,3290,Faraj Prasad,21,M,A1
8097,3290,Ekavir Salvi,45,M,A2
8098,3290,Manan Dua,38,M,A3
8099,3290,Wridesh Narayanan,26,M,A4
8100,3291,Charles Dave,36,M,A1
8101,3291,Rudra Vasa,28,M,A2
8102,3291,Laksh Manne,45,M,A3
8103,3291,Shivansh Mangal,27,M,A4
8104,3292,Akshay Garde,25,M,A1
8105,3293,Abdul Korpal,24,M,A1
8106,3293,Jeet Gara,42,M,A2
8107,3294,Peter Rastogi,39,M,A1
8108,3294,Vrinda Joshi,26,F,A2
8109,3294,Harish Bhatia,35,M,A3
8110,3295,Maanav Nagy,46,M,A1
8111,3295,Mitesh Issac,45,M,A2
8112,3295,Aarnav Shetty,44,M,A3
8113,3296,Chanakya Ratti,27,M,A1
8114,3296,Harish Gill,33,M,A2
8115,3296,Janya Kibe,22,F,A3
8116,3296,Guneet Baral,43,M,A4
8117,3297,Barkha Grover,41,F,A1
8118,3297,Advay Shan,37,M,A2
8119,3297,Tanay Sandhu,28,M,A3
8120,3297,Reyansh Parikh,26,M,A4
8121,3298,Arunima Salvi,26,F,A1
8122,3299,Chatresh Lad,43,M,A1
8123,3299,Gautam Magar,27,M,A2
8124,3299,Kalpit Hayre,39,M,A3
8125,3299,Lucky Varma,36,M,A4
8126,3300,Maanas Aggarwal,44,M,A1
8127,3300,Bahadurjit Dugal,29,M,A2
8128,3301,Darsh Kale,20,M,A1
8129,3301,Lucky Sridhar,38,M,A2
8130,3302,Devansh Char,40,M,A1
8131,3302,Ojas Agate,39,M,A2
8132,3302,Caleb Mitra,39,M,A3
8133,3303,Tanveer Sarraf,25,M,A1
8134,3303,Dev Date,31,M,A2
8135,3303,Dominic Mohan,20,M,A3
8136,3304,Urmi Nazareth,30,F,A1
8137,3304,Yagnesh Suresh,48,M,A2
8138,3304,Balvan Jhaveri,28,M,A3
8139,3304,Victor Mann,31,M,A4
8140,3305,Onveer Koshy,36,M,A1
8141,3305,Udyati Pingle,40,F,A2
8142,3306,Rehaan Kala,31,M,A1
8143,3307,Jeremiah Warrior,29,M,A1
8144,3307,Samuel Gera,46,M,A2
8145,3307,Gunbir Mani,32,M,A3
8146,3307,Jackson Nath,36,M,A4
8147,3308,Warjas Mukhopadhyay,40,M,A1
8148,3309,Max Kulkarni,19,M,A1
8149,3309,Dakshesh Varma,32,M,A2
8150,3309,Ikbal Goel,29,M,A3
8151,3309,Eesha Narayan,45,F,A4
8152,3310,Parth Bhardwaj,35,M,A1
8153,3310,Bachittar Oak,47,M,A2
8154,3311,Harish Keer,40,M,A1
8155,3311,Warinder Wadhwa,28,M,A2
8156,3312,Wriddhish Swamy,47,M,A1
8157,3312,Girish D’Alia,25,M,A2
8158,3312,Ishaan Morar,39,M,A3
8159,3313,Karan Chahal,31,M,A1
8160,3313,Simon Pillay,25,M,A2
8161,3313,Ekanta Sehgal,34,F,A3
8162,3314,Raghav Sastry,32,M,A1
8163,3314,Utkarsh Kunda,31,M,A2
8164,3315,Abeer Kamdar,30,M,A1
8165,3316,Hardik Deshmukh,39,M,A1
8166,3316,Hitesh Buch,36,M,A2
8167,3317,Wazir Trivedi,42,M,A1
8168,3318,Parth Tella,39,M,A1
8169,3318,Pranav Shroff,28,M,A2
8170,3318,Ekansh Sahota,30,M,A3
8171,3318,Brijesh Chaudhary,38,M,A4
8172,3319,Bahadurjit Bhagat,28,M,A1
8173,3320,Aishani Yohannan,32,F,A1
8174,3320,Ekani Tak,37,F,A2
8175,3320,Rohan Venkatesh,23,M,A3
8176,3321,Hitesh Thakur,43,M,A1
8177,3322,Laban Ganguly,31,M,A1
8178,3322,Timothy Ray,28,M,A2
8179,3322,Champak Kapoor,29,M,A3
8180,3323,Jeet Sahni,24,M,A1
8181,3323,Alexander Zacharia,27,M,A2
8182,3323,Fitan Sridhar,28,M,A3
8183,3324,Tristan Rao,32,M,A1
8184,3325,Saksham Bir,26,M,A1
8185,3325,Ishaan Dara,33,M,A2
8186,3325,Hardik Vala,32,M,A3
8187,3325,Max Patil,41,M,A4
8188,3326,Alexander Gill,23,M,A1
8189,3327,Yatan Kothari,18,M,A1
8190,3327,Balvan Jayaraman,21,M,A2
8191,3328,Wriddhish Singh,22,M,A1
8192,3329,Yug Deshpande,27,M,A1
8193,3330,Wakeeta Nazareth,25,F,A1
8194,3330,Yatan Sama,43,M,A2
8195,3330,Banjeet Kar,45,M,A3
8196,3330,Laksh Bhasin,25,M,A4
8197,3331,Manya Panchal,43,F,A1
8198,3331,Atharv Samra,20,M,A2
8199,3331,Tarak Tripathi,28,M,A3
8200,3331,Finn Kala,43,M,A4
8201,3332,Bachittar Hayer,33,M,A1
8202,3332,Yatin Raghavan,42,M,A2
8203,3333,Om Goswami,37,M,A1
8204,3334,Imaran Taneja,29,M,A1
8205,3334,Ucchal Mangat,30,F,A2
8206,3334,Onkar Mohanty,40,M,A3
8207,3334,Sarthak Modi,40,M,A4
8208,3335,Agastya Jhaveri,44,M,A1
8209,3335,Rajeshri Pradhan,33,F,A2
8210,3335,Qarin Mangat,31,M,A3
8211,3335,Wyatt Raju,28,M,A4
8212,3336,Aditya Tiwari,39,M,A1
8213,3336,Janya Dayal,19,F,A2
8214,3337,Finn Sama,45,M,A1
8215,3337,Michael Khare,30,M,A2
8216,3338,Kala Chaudhari,32,F,A1
8217,3339,Jonathan Swamy,38,M,A1
8218,3339,Tanish Agate,28,M,A2
8219,3340,Lakshmi Mutti,44,F,A1
8220,3340,Aarnav Sama,46,M,A2
8221,3340,Laban Chowdhury,37,M,A3
8222,3340,Jagdish Ramachandran,41,M,A4
8223,3341,Zayyan Hayre,22,M,A1
8224,3341,Udant Sanghvi,30,M,A2
8225,3342,Orinder Varghese,42,M,A1
8226,3343,Anirudh Swaminathan,36,M,A1
8227,3344,Raghav Varty,36,M,A1
8228,3344,Nitesh Rajagopal,32,M,A2
8229,3344,Saksham Balasubramanian,32,M,A3
8230,3345,Faraj Rege,36,M,A1
8231,3345,George Warrior,26,M,A2
8232,3345,Ayaan Sengupta,40,M,A3
8233,3345,Thomas Shan,35,M,A4
8234,3346,Bahadurjit Bath,35,M,A1
8235,3346,Urvashi Lanka,29,F,A2
8236,3347,Arjun Varkey,45,M,A1
8237,3348,Farhan Kunda,32,M,A1
8238,3348,Rishi Dalal,19,M,A2
8239,3348,Kamya Khurana,21,F,A3
8240,3349,Parth Chopra,28,M,A1
8241,3349,Dayamai Yadav,37,F,A2
8242,3350,Isaiah Setty,21,M,A1
8243,3350,Aishani Ratta,23,F,A2
8244,3350,Qabil Sodhi,41,M,A3
8245,3351,Neel Banerjee,36,M,A1
8246,3352,Peter Vohra,41,M,A1
8247,3352,Agastya Vaidya,42,M,A2
8248,3353,Akshay Mukherjee,26,M,A1
8249,3354,Naveen Keer,32,M,A1
8250,3354,Manan Ramanathan,42,M,A2
8251,3354,Azaan Sura,30,M,A3
8252,3355,Ranbir Chad,42,M,A1
8253,3355,Jai Khalsa,45,M,A2
8254,3355,Aashi Divan,23,F,A3
8255,3355,Abdul Deshpande,36,M,A4
8256,3356,Nathaniel Chokshi,40,M,A1
8257,3356,Praneel Khosla,21,M,A2
8258,3357,Faras Barad,20,M,A1
8259,3358,Banjeet Pall,41,M,A1
8260,3359,Samaksh Manda,34,M,A1
8261,3359,Pranav Sarin,38,M,A2
8262,3359,Gavin Kala,22,M,A3
8263,3360,Ridhi Chada,22,F,A1
8264,3360,Pratyush Mann,20,M,A2
8265,3360,Sai Issac,20,M,A3
8266,3360,Ati Khare,39,F,A4
8267,3361,Teerth Pingle,33,M,A1
8268,3361,Abha Sankar,41,F,A2
8269,3362,Azad Setty,26,M,A1
8270,3362,Amaira Prashad,24,F,A2
8271,3363,Thomas Venkataraman,40,M,A1
8272,3363,Ekanta Tiwari,36,F,A2
8273,3364,Pranit Dhawan,27,M,A1
8274,3364,Zayan Parmer,27,M,A2
8275,3365,Avi Lala,43,M,A1
8276,3365,Zarna Sama,20,F,A2
8277,3366,Abhimanyu Khurana,32,M,A1
8278,3366,Jackson Sheth,46,M,A2
8279,3366,Patrick Morar,46,M,A3
8280,3366,Ishaan Keer,39,M,A4
8281,3367,Michael Wagle,34,M,A1
8282,3367,Udarsh Kara,35,M,A2
8283,3367,Nakul Karpe,44,M,A3
8284,3367,Andrew Nayar,43,M,A4
8285,3368,Quincy Ramanathan,26,M,A1
8286,3369,Indrajit Natt,44,M,A1
8287,3370,Owen Bail,44,M,A1
8288,3370,Quincy Shankar,37,M,A2
8289,3371,Yagnesh Lata,35,M,A1
8290,3371,Vihaan Doshi,31,M,A2
8291,3371,Girish Nanda,22,M,A3
8292,3371,Chakrika Ram,23,F,A4
8293,3372,Ishaan Ganguly,37,M,A1
8294,3372,Chandresh Borde,37,M,A2
8295,3372,Dhruv Sarkar,40,M,A3
8296,3372,Ekani Keer,42,F,A4
8297,3373,Dhruv Devan,41,M,A1
8298,3373,Chavvi Lall,43,F,A2
8299,3373,Finn Krish,26,M,A3
8300,3374,Guneet Golla,20,M,A1
8301,3374,Kevin Dube,28,M,A2
8302,3375,Anamika Bawa,39,F,A1
8303,3375,Bakhshi Karpe,40,M,A2
8304,3375,Parth Kale,44,M,A3
8305,3376,Ojas Setty,25,M,A1
8306,3376,Lucky Mitter,37,M,A2
8307,3376,Aryan Srivastava,43,M,A3
8308,3377,Krishna Sane,19,M,A1
8309,3377,Chakradhar Om,46,M,A2
8310,3377,Azad Dutt,39,M,A3
8311,3378,Ekavir Randhawa,22,M,A1
8312,3378,Tanish Yadav,25,M,A2
8313,3379,Unnati Sant,36,F,A1
8314,3380,Lohit Deo,37,M,A1
8315,3380,Charan Sangha,36,M,A2
8316,3380,George Raj,43,M,A3
8317,3381,Faris Varughese,39,M,A1
8318,3381,Saksham Kamdar,28,M,A2
8319,3381,Ayushman Prasad,43,M,A3
8320,3382,Balvan Hegde,31,M,A1
8321,3382,Tanveer Comar,45,M,A2
8322,3383,Mitesh Shan,44,M,A1
8323,3383,Udant Garde,25,M,A2
8324,3384,Samar Dyal,43,M,A1
8325,3385,Guneet Dara,34,M,A1
8326,3385,Naksh Tandon,22,M,A2
8327,3386,Gunbir Sood,38,M,A1
8328,3387,Zehaan Kibe,22,M,A1
8329,3387,Karan Dixit,34,M,A2
8330,3388,Balvan Date,26,M,A1
8331,3388,Charles Pillay,26,M,A2
8332,3388,Yasti Sankaran,31,F,A3
8333,3389,Caleb Seth,25,M,A1
8334,3389,Ranveer Krishnamurthy,25,M,A2
8335,3389,Max Mohan,37,M,A3
8336,3390,Sai Chandran,35,F,A1
8337,3390,Urishilla Chopra,28,F,A2
8338,3391,Krishna Amble,27,M,A1
8339,3392,Christopher Prasad,35,M,A1
8340,3393,Praneel Narain,29,M,A1
8341,3393,Girindra Agrawal,31,M,A2
8342,3393,Yagnesh Kala,37,M,A3
8343,3393,Anita Sibal,43,F,A4
8344,3394,Kabir Khurana,37,M,A1
8345,3394,Rayaan Zachariah,42,M,A2
8346,3394,Ekaraj Sidhu,36,M,A3
8347,3394,Indira Bajaj,41,F,A4
8348,3395,Kiaan Venkatesh,40,M,A1
8349,3395,Jeremiah Oak,28,M,A2
8350,3395,Jacob Bains,30,M,A3
8351,3395,Ranbir Agate,45,M,A4
8352,3396,Pranav Nayar,27,M,A1
8353,3396,Hitesh Bera,35,M,A2
8354,3396,Gaurang Tailor,34,M,A3
8355,3396,Jagdish Dewan,46,M,A4
8356,3397,Tanay Naik,22,M,A1
8357,3397,Karan Johal,25,M,A2
8358,3398,Henry Narang,23,M,A1
8359,3399,Qasim Char,35,M,A1
8360,3399,Oscar Saraf,35,M,A2
8361,3399,Elijah Salvi,37,M,A3
8362,3399,Ranveer Bhatia,42,M,A4
8363,3400,Jairaj Contractor,28,M,A1
8364,3401,Mohammed Bawa,20,M,A1
8365,3401,Pranit Mani,33,M,A2
8366,3401,Tanish Baria,34,M,A3
8367,3402,Harsh Parsa,39,M,A1
8368,3402,Girindra Yogi,33,M,A2
8369,3403,Hema Madan,24,F,A1
8370,3403,Vasudha Pant,33,F,A2
8371,3403,Qadim Murty,39,M,A3
8372,3404,Vrinda Warrior,29,F,A1
8373,3405,Parth Sharma,28,M,A1
8374,3405,Fiyaz Datta,21,M,A2
8375,3405,Jason Kapur,28,M,A3
8376,3405,Pranav Kade,46,M,A4
8377,3406,Utkarsh Mani,24,M,A1
8378,3406,Simon Venkatesh,23,M,A2
8379,3407,Janaki Banik,40,F,A1
8380,3408,Guneet Mangat,23,M,A1
8381,3408,Shivansh Bail,29,M,A2
8382,3408,Faqid Kumer,31,M,A3
8383,3409,Balvan Barad,47,M,A1
8384,3409,Aishani Gaba,33,F,A2
8385,3409,Charan Dey,24,M,A3
8386,3410,Ekansh Halder,40,M,A1
8387,3410,Peter Lad,42,M,A2
8388,3410,Karan Date,31,M,A3
8389,3410,Tara Kashyap,35,F,A4
8390,3411,Lila Nagy,40,F,A1
8391,3411,Ronith Suresh,31,M,A2
8392,3412,Gaurav Sami,32,M,A1
8393,3413,Sarthak Baria,22,M,A1
8394,3413,Divya Jaggi,28,F,A2
8395,3413,Gopal Ram,44,M,A3
8396,3413,Chameli Banerjee,41,F,A4
8397,3414,Gaurang Iyer,33,M,A1
8398,3414,Raagini Memon,34,F,A2
8399,3415,Gavin Kale,27,M,A1
8400,3415,Tanish Mane,45,M,A2
8401,3416,Balveer Prakash,27,M,A1
8402,3416,Wridesh Sarkar,44,M,A2
8403,3417,Maanav Sharma,28,M,A1
8404,3417,Saumya Dalal,25,F,A2
8405,3417,Jacob Chacko,20,M,A3
8406,3417,Andrew Dhar,22,M,A4
8407,3418,Ikbal Sethi,37,M,A1
8408,3418,Advika Om,23,F,A2
8409,3419,Anay De,40,M,A1
8410,3420,Chaitanya Rajan,30,M,A1
8411,3421,Michael Kulkarni,23,M,A1
8412,3421,Harshil Rau,33,M,A2
8413,3422,Bachittar Bath,40,M,A1
8414,3423,Upkaar Gulati,40,M,A1
8415,3423,Mason Jani,26,M,A2
8416,3424,Siddharth Panchal,32,M,A1
8417,3425,Ekaraj Ahluwalia,45,M,A1
8418,3425,Anya Mahajan,28,F,A2
8419,3426,Madhav Agate,39,M,A1
8420,3427,Sarthak Kumar,40,M,A1
8421,3427,Gavin Garg,36,M,A2
8422,3427,Max Sethi,40,M,A3
8423,3428,Aryan Walla,22,M,A1
8424,3428,Jonathan Bal,25,M,A2
8425,3428,Utkarsh Mandal,33,M,A3
8426,3429,Girik Sethi,22,M,A1
8427,3429,Zayan Goel,23,M,A2
8428,3429,Chandran Chaudry,42,M,A3
8429,3429,Faraj Mohanty,33,M,A4
8430,3430,Widisha Agarwal,26,F,A1
8431,3430,Aayush Sidhu,32,M,A2
8432,3431,Balvan Borde,23,M,A1
8433,3431,Baljiwan Varghese,22,M,A2
8434,3431,Panini Kala,21,F,A3
8435,3431,Daniel Sarraf,39,M,A4
8436,3432,Warjas Agarwal,39,M,A1
8437,3433,Qarin Issac,34,M,A1
8438,3433,Caleb Tailor,31,M,A2
8439,3434,Simon Wali,28,M,A1
8440,3435,Laban Saxena,24,M,A1
8441,3435,Yachana Saran,35,F,A2
8442,3436,Zayan Karan,39,M,A1
8443,3436,Matthew Dugar,31,M,A2
8444,3437,Alexander Jhaveri,44,M,A1
8445,3437,Daniel Koshy,34,M,A2
8446,3437,Pranav Raj,30,M,A3
8447,3437,Guneet Raghavan,24,M,A4
8448,3438,Benjamin Mitra,25,M,A1
8449,3438,Frado Gour,25,M,A2
8450,3438,Hitesh Dewan,24,M,A3
8451,3438,Hritik More,23,M,A4
8452,3439,Samar Pant,38,M,A1
8453,3439,Vedant Murty,45,M,A2
8454,3440,Aarini Sant,28,F,A1
8455,3441,Mitesh Lal,36,M,A1
8456,3441,Yashasvi Jayaraman,35,F,A2
8457,3441,Varsha Natt,34,F,A3
8458,3442,Dakshesh Krishnan,40,M,A1
8459,3442,Abhiram Pal,45,M,A2
8460,3443,Balhaar Grover,32,M,A1
8461,3444,Robert Srinivas,29,M,A1
8462,3444,Reyansh Varkey,28,M,A2
8463,3444,Indali Agrawal,43,F,A3
8464,3444,Kamala Jhaveri,37,F,A4
8465,3445,Ekapad Char,44,M,A1
8466,3445,Turvi Sule,18,F,A2
8467,3446,Victor Pant,25,M,A1
8468,3446,David Sagar,34,M,A2
8469,3447,Zashil Shanker,41,M,A1
8470,3447,Tamanna Bora,36,F,A2
8471,3447,Brijesh Apte,27,M,A3
8472,3448,Arin Thaman,25,M,A1
8473,3449,Wyatt Bobal,39,M,A1
8474,3449,George Bawa,26,M,A2
8475,3450,Ekaraj Dube,27,M,A1
8476,3450,Vincent Dua,27,M,A2
8477,3450,Guneet Bath,27,M,A3
8478,3451,Isaac Zachariah,19,M,A1
8479,3451,Bahadurjit Cherian,31,M,A2
8480,3452,Jason Raman,38,M,A1
8481,3453,Omkaar Sharaf,41,M,A1
8482,3453,Hardik Bajwa,41,M,A2
8483,3453,Faras Bajaj,41,M,A3
8484,3453,Bachittar More,21,M,A4
8485,3454,Azad Joshi,26,M,A1
8486,3454,Aarnav Vasa,32,M,A2
8487,3455,Urvashi Roy,31,F,A1
8488,3456,Meera Nori,41,F,A1
8489,3456,Lohit Mandal,35,M,A2
8490,3456,Harinakshi Sastry,35,F,A3
8491,3457,Kevin Choudhury,28,M,A1
8492,3457,Caleb Purohit,30,M,A2
8493,3458,Aarav Choudhury,43,M,A1
8494,3458,Dakshesh Sangha,24,M,A2
8495,3459,Yash Atwal,39,M,A1
8496,3460,Bachittar Dugar,28,M,A1
8497,3461,Benjamin Sankar,19,M,A1
8498,3461,Nakul Tailor,46,M,A2
8499,3462,Tripti Tella,45,F,A1
8500,3463,Chandresh Bhargava,35,M,A1
8501,3464,Chavvi Pillai,36,F,A1
8502,3464,Dipta Bera,24,F,A2
8503,3464,Luke Rajagopalan,41,M,A3
8504,3465,Sneha Upadhyay,39,F,A1
8505,3465,Abhimanyu Chatterjee,25,M,A2
8506,3465,Arjun Yogi,37,M,A3
8507,3465,Ekaraj Kibe,19,M,A4
8508,3466,Ekbal Sethi,36,M,A1
8509,3466,Rushil Gole,21,M,A2
8510,3466,Laksh Sidhu,22,M,A3
8511,3467,Arin Pall,28,M,A1
8512,3467,Abha Kumer,41,F,A2
8513,3467,Jackson Agarwal,42,M,A3
8514,3467,George Varughese,45,M,A4
8515,3468,Chakradhar Mitra,41,M,A1
8516,3468,Advaith Mahal,42,M,A2
8517,3469,Ethan Narang,23,M,A1
8518,3469,Indrajit Mital,26,M,A2
8519,3469,Advaith Chand,32,M,A3
8520,3469,Ubika Vora,26,F,A4
8521,3470,Kai Chawla,39,M,A1
8522,3470,Chaitanya Chadha,38,M,A2
8523,3471,Rishi Ratti,45,M,A1
8524,3472,Balendra Vala,40,M,A1
8525,3473,Ayaan Narain,24,M,A1
8526,3473,Urvi Dhar,28,F,A2
8527,3474,Samarth Hayre,46,M,A1
8528,3474,Faraj Bal,39,M,A2
8529,3474,Samar Amble,43,M,A3
8530,3475,Theodore Bhalla,36,M,A1
8531,3475,Siddharth Vyas,32,M,A2
8532,3475,Jairaj Sarma,24,M,A3
8533,3475,Chandresh Patil,20,M,A4
8534,3476,Wridesh Baral,24,M,A1
8535,3476,Vedant Chakrabarti,29,M,A2
8536,3476,Sathvik Nadkarni,34,M,A3
8537,3476,Advay Sen,36,M,A4
8538,3477,Nakul Rana,43,M,A1
8539,3477,Shaurya Shankar,33,M,A2
8540,3477,Oliver Shanker,26,M,A3
8541,3478,Om Vyas,33,M,A1
8542,3478,Qarin Sami,29,M,A2
8543,3479,Ucchal Brar,39,F,A1
8544,3479,Akshay Khanna,35,M,A2
8545,3480,Zayyan Sankar,45,M,A1
8546,3480,Abdul Krishnan,31,M,A2
8547,3481,Aarav Bhattacharyya,24,M,A1
8548,3481,Imaran Kalla,43,M,A2
8549,3482,Mohammed Babu,25,M,A1
8550,3482,Max Basak,32,M,A2
8551,3483,Varenya Suresh,41,F,A1
8552,3483,Arin Nair,25,M,A2
8553,3483,Eshana Shenoy,43,F,A3
8554,3484,Shivansh Loke,35,M,A1
8555,3484,Ranveer Deol,28,M,A2
8556,3484,Sarthak Buch,26,M,A3
8557,3484,Gunbir Ramachandran,45,M,A4
8558,3485,George Roy,21,M,A1
8559,3485,Gautam Rajagopalan,41,M,A2
8560,3485,Praneel Magar,22,M,A3
8561,3486,Nihal Gade,28,M,A1
8562,3486,Warinder Banik,37,M,A2
8563,3486,Anirudh Walla,22,M,A3
8564,3486,Om Nigam,26,M,A4
8565,3487,Timothy Varty,31,M,A1
8566,3487,Advik Chaudhuri,36,M,A2
8567,3488,Theodore Mallick,24,M,A1
8568,3488,Manthan Ganguly,25,M,A2
8569,3489,Hitesh Ghosh,33,M,A1
8570,3489,Nachiket Badal,33,M,A2
8571,3490,George Kale,47,M,A1
8572,3490,Gautami Subramaniam,47,F,A2
8573,3490,Jackson Batta,23,M,A3
8574,3490,Jai Mohan,29,M,A4
8575,3491,Anvi Nagy,23,F,A1
8576,3491,Rishi Sahota,28,M,A2
8577,3492,Rushil Sehgal,21,M,A1
8578,3492,Isaac Sachdeva,36,M,A2
8579,3492,Bhavna Shroff,39,F,A3
8580,3492,Quincy Dalal,35,M,A4
8581,3493,Ekalinga Biswas,30,M,A1
8582,3494,Advay Bajwa,37,M,A1
8583,3495,Ansh Prasad,36,M,A1
8584,3496,Dakshesh Seshadri,29,M,A1
8585,3496,Gaurav Kala,35,M,A2
8586,3497,Ishaan Sridhar,21,M,A1
8587,3497,Akshay Shan,40,M,A2
8588,3497,Aarnav Kalita,37,M,A3
8589,3498,Udant Sekhon,29,M,A1
8590,3498,Qadim Salvi,28,M,A2
8591,3498,Wazir Madan,40,M,A3
8592,3498,Rishi Nair,33,M,A4
8593,3499,Widisha Sastry,40,F,A1
8594,3499,Vyanjana Mangal,24,F,A2
8595,3500,Caleb Gola,42,M,A1
8596,3500,Ekapad Sen,26,M,A2
8597,3500,Libni Raju,23,F,A3
8598,3501,Ishita Narain,23,F,A1
8599,3501,Caleb Sibal,39,M,A2
8600,3501,Ronith Khosla,36,M,A3
8601,3501,Bahadurjit Mahal,23,M,A4
8602,3502,Samar Hegde,39,M,A1
8603,3502,Balvan Badami,46,M,A2
8604,3502,Bahadurjit Viswanathan,33,M,A3
8605,3503,Aayush Narayanan,48,M,A1
8606,3503,Nicholas Singhal,45,M,A2
8607,3503,Saksham Gill,36,M,A3
8608,3503,Bakhshi Ravel,37,M,A4
8609,3504,Jackson Chada,44,M,A1
8610,3504,Balvan Mittal,20,M,A2
8611,3504,Bhavika Memon,30,F,A3
8612,3505,Tanay Murty,28,M,A1
8613,3505,Lajita Sarkar,42,F,A2
8614,3505,Jai Nagy,28,M,A3
8615,3505,Avi Chaudry,34,M,A4
8616,3506,Charan Sangha,38,M,A1
8617,3507,Oliver Dube,24,M,A1
8618,3507,Watika Sethi,45,F,A2
8619,3507,Nathan Contractor,30,M,A3
8620,3508,Hredhaan Buch,18,M,A1
8621,3509,Amol Walla,30,M,A1
8622,3509,Timothy Murty,38,M,A2
8623,3509,Pranit Sekhon,28,M,A3
8624,3509,Jatin Mannan,31,M,A4
8625,3510,Sarthak Ramakrishnan,31,M,A1
8626,3510,Yauvani Kothari,18,F,A2
8627,3510,Abdul Viswanathan,34,M,A3
8628,3510,Robert Varty,35,M,A4
8629,3511,Timothy Varty,33,M,A1
8630,3511,Yashodhara Mahajan,23,F,A2
8631,3511,Tanay Dhar,38,M,A3
8632,3511,Chatresh Gupta,24,M,A4
8633,3512,Azaan Raghavan,39,M,A1
8634,3512,Akshay Mishra,19,M,A2
8635,3512,Hardik Bhagat,42,M,A3
8636,3512,Falak Sandal,23,F,A4
8637,3513,Mason Ramachandran,29,M,A1
8638,3513,Pranav Bajwa,26,M,A2
8639,3513,Benjamin Dhar,45,M,A3
8640,3514,Naksh Dar,19,M,A1
8641,3514,Michael Korpal,24,M,A2
8642,3515,Panini Char,36,F,A1
8643,3515,Zehaan Pandya,35,M,A2
8644,3515,Jagrati Rajagopal,36,F,A3
8645,3515,Amol Nair,32,M,A4
8646,3516,Manbir Dhillon,32,M,A1
8647,3516,Upkaar Tara,38,M,A2
8648,3516,Quincy Brahmbhatt,30,M,A3
8649,3516,Arin Jha,30,M,A4
8650,3517,Vinaya Kunda,47,F,A1
8651,3517,Siddharth Magar,30,M,A2
8652,3517,Tristan Chhabra,22,M,A3
8653,3517,Balvan Bhatia,26,M,A4
8654,3518,Wridesh Keer,27,M,A1
8655,3519,Mitesh Mallick,44,M,A1
8656,3519,Shaurya Dixit,25,M,A2
8657,3519,Krishna Jha,46,M,A3
8658,3519,Ekansh Buch,34,M,A4
8659,3520,William Dar,27,M,A1
8660,3520,Christopher Datta,38,M,A2
8661,3520,Vinaya Bail,32,F,A3
8662,3520,Umang Bhardwaj,22,M,A4
8663,3521,Theodore Boase,46,M,A1
8664,3521,Jack Choudhary,27,M,A2
8665,3521,Sarthak Vyas,27,M,A3
8666,3522,Farhan Ram,35,M,A1
8667,3522,Nathan Sanghvi,36,M,A2
8668,3523,Abha Atwal,32,F,A1
8669,3523,Prisha Pai,26,F,A2
8670,3523,Ekansh Radhakrishnan,29,M,A3
8671,3523,Girik Solanki,31,M,A4
8672,3524,Dayamai Ahuja,22,F,A1
8673,3524,Jacob Sarna,21,M,A2
8674,3524,Alexander Suresh,24,M,A3
8675,3525,Dalbir Ravel,41,M,A1
8676,3525,Imaran Khatri,24,M,A2
8677,3525,Samuel Dhar,26,M,A3
8678,3526,Aarnav Basu,40,M,A1
8679,3526,Anmol Yogi,40,M,A2
8680,3526,Gaurav Datta,23,M,A3
8681,3527,Jacob Parmer,41,M,A1
8682,3528,Bimala Sekhon,31,F,A1
8683,3528,Abhimanyu Chanda,28,M,A2
8684,3528,Wahab Yadav,26,M,A3
8685,3528,Karan Shroff,22,M,A4
8686,3529,Ayush Rau,30,M,A1
8687,3529,Vihaan Sanghvi,40,M,A2
8688,3529,Udarsh Hans,41,M,A3
8689,3529,Gavin Shroff,23,M,A4
8690,3530,Avi Dube,19,M,A1
8691,3530,Henry Bhakta,21,M,A2
8692,3530,Onkar Aurora,33,M,A3
8693,3530,Harish Date,40,M,A4
8694,3531,Sarthak Radhakrishnan,27,M,A1
8695,3532,Aayush Badal,47,M,A1
8696,3532,Baljiwan Raghavan,21,M,A2
8697,3532,Abha Choudhary,42,F,A3
8698,3532,Tristan Lall,46,M,A4
8699,3533,Zehaan Gokhale,39,M,A1
8700,3533,Gautam Din,39,M,A2
8701,3534,Dalbir Oommen,22,M,A1
8702,3534,Daniel Sinha,36,M,A2
8703,3534,Samaksh Pillay,47,M,A3
8704,3535,Andrew Bahl,32,M,A1
8705,3535,Chakradhar Rajagopal,38,M,A2
8706,3536,Hritik Jhaveri,40,M,A1
8707,3536,Brijesh Mangal,45,M,A2
8708,3537,Parth Vora,29,M,A1
8709,3537,Adya Thakur,44,F,A2
8710,3537,Qasim Tara,20,M,A3
8711,3537,Victor Narasimhan,40,M,A4
8712,3538,Sara Wason,41,F,A1
8713,3538,Abhiram Cheema,22,M,A2
8714,3539,Isaiah Dyal,19,M,A1
8715,3539,Logan Naidu,18,M,A2
8716,3540,Bahadurjit Batta,36,M,A1
8717,3541,Akshay Soni,27,M,A1
8718,3541,George Solanki,36,M,A2
8719,3541,Caleb Borah,21,M,A3
8720,3542,Naksh Sahota,25,M,A1
8721,3542,Teerth Bains,27,M,A2
8722,3542,Dalbir Tiwari,29,M,A3
8723,3543,Girik Dayal,29,M,A1
8724,3544,Naveen Kapoor,27,M,A1
8725,3544,Ranbir Hora,34,M,A2
8726,3545,Wazir Nagarajan,30,M,A1
8727,3546,Sai Mammen,25,F,A1
8728,3546,Saksham Devi,40,M,A2
8729,3547,Avi Apte,32,M,A1
8730,3547,Parth Warrior,36,M,A2
8731,3547,Victor Pillay,46,M,A3
8732,3547,Jason Kumar,22,M,A4
8733,3548,Brijesh Grewal,43,M,A1
8734,3548,Finn Sethi,41,M,A2
8735,3549,Caleb Swaminathan,31,M,A1
8736,3550,Xalak Kanda,47,F,A1
8737,3551,Bachittar Thakkar,33,M,A1
8738,3552,Chakradev Kari,26,M,A1
8739,3552,Ayushman Ganguly,43,M,A2
8740,3553,Chatura Pant,37,M,A1
8741,3553,Falan Shukla,43,M,A2
8742,3553,Ethan Lata,28,M,A3
8743,3554,Ekapad Raghavan,35,M,A1
8744,3554,Ranbir Borra,25,M,A2
8745,3554,Unni Chaudhary,29,F,A3
8746,3555,Maanas Balakrishnan,38,M,A1
8747,3555,Charles Manne,40,M,A2
8748,3555,Daniel Goyal,33,M,A3
8749,3556,Raghav Palan,46,M,A1
8750,3556,Darsh Singhal,45,M,A2
8751,3556,Balendra Deshmukh,42,M,A3
8752,3557,Farhan Shankar,37,M,A1
8753,3557,Agastya Thakkar,26,M,A2
8754,3558,Nathaniel Shetty,33,M,A1
8755,3558,Teerth Subramaniam,42,M,A2
8756,3558,Zehaan Babu,32,M,A3
8757,3559,Jacob Kapur,43,M,A1
8758,3559,Liam Sibal,44,M,A2
8759,3559,Chakradhar Gill,35,M,A3
8760,3559,Yahvi Tella,30,F,A4
8761,3560,Aarav Parsa,37,M,A1
8762,3561,Ojas Varkey,29,M,A1
8763,3561,Maanas Bose,20,M,A2
8764,3561,Geetika Trivedi,25,F,A3
8765,3561,Fitan Dugar,30,M,A4
8766,3562,Yahvi Balay,36,F,A1
8767,3562,Bakhshi Anne,30,M,A2
8768,3562,Devansh Guha,30,M,A3
8769,3562,Prisha Manda,29,F,A4
8770,3563,David Choudhury,25,M,A1
8771,3563,Fariq Memon,45,M,A2
8772,3563,Ranbir Khatri,29,M,A3
8773,3564,Charles Sahni,20,M,A1
8774,3565,Yashawini Raghavan,22,F,A1
8775,3565,Yatin Bhandari,40,M,A2
8776,3565,Jatin Dhar,40,M,A3
8777,3566,Azad Bose,34,M,A1
8778,3566,Dhriti Shetty,25,F,A2
8779,3566,Aarush Loyal,34,M,A3
8780,3566,Fariq Bath,28,M,A4
8781,3567,Gabriel Brar,25,M,A1
8782,3568,Tanish Majumdar,32,M,A1
8783,3568,Chatura Chana,22,M,A2
8784,3568,Jagat Merchant,27,M,A3
8785,3569,Krishna Jhaveri,24,F,A1
8786,3569,Qabil Borde,36,M,A2
8787,3569,Matthew Chahal,24,M,A3
8788,3569,Teerth Trivedi,44,M,A4
8789,3570,Samesh Morar,38,M,A1
8790,3570,Ojas Bahl,23,M,A2
8791,3570,Udant Menon,24,M,A3
8792,3571,Qadim Kashyap,35,M,A1
8793,3571,Kai Shenoy,47,M,A2
8794,3572,Hemang Lanka,33,M,A1
8795,3573,Nakul Kalita,31,M,A1
8796,3574,Faraj Kurian,27,M,A1
8797,3574,Qabil Chaudhari,22,M,A2
8798,3575,Mason Chawla,24,M,A1
8799,3575,Upadhriti Mammen,19,F,A2
8800,3575,Yauvani Lanka,25,F,A3
8801,3576,Pratyush Bava,41,M,A1
8802,3577,Januja Desai,42,F,A1
8803,3577,Pranit Suri,32,M,A2
8804,3577,Dayamai Ganguly,21,F,A3
8805,3577,Samesh Morar,39,M,A4
8806,3578,Kashvi Wali,32,F,A1
8807,3578,Hitesh Garde,40,M,A2
8808,3578,Qabil D’Alia,19,M,A3
8809,3579,Darsh Sarkar,27,M,A1
8810,3580,Nihal Das,29,M,A1
8811,3580,Henry Pathak,22,M,A2
8812,3580,Benjamin Prakash,36,M,A3
8813,3580,Patrick Sankaran,40,M,A4
8814,3581,Finn Chakraborty,36,M,A1
8815,3581,Charles Lata,31,M,A2
8816,3581,Yuvraj Chana,44,M,A3
8817,3582,Maanav Mangal,22,M,A1
8818,3583,Hitesh Virk,37,M,A1
8819,3583,Lucky Sarna,38,M,A2
8820,3584,Harish Sethi,23,M,A1
8821,3584,Ronith Vala,19,M,A2
8822,3584,Gauri Oak,36,F,A3
8823,3584,Charles Memon,32,M,A4
8824,3585,Prisha Amble,22,F,A1
8825,3585,Leela Shroff,36,F,A2
8826,3585,Chakradev Savant,31,M,A3
8827,3585,Nachiket Kala,20,M,A4
8828,3586,Naveen Gopal,26,M,A1
8829,3587,Krish Mistry,42,M,A1
8830,3587,Aayush Sidhu,30,M,A2
8831,3588,Nathaniel Ahluwalia,21,M,A1
8832,3588,Wyatt Nadkarni,25,M,A2
8833,3588,Robert Vora,22,M,A3
8834,3588,Xiti Deshpande,45,F,A4
8835,3589,Charles Sanghvi,45,M,A1
8836,3590,Vamakshi Dash,25,F,A1
8837,3590,Luke Soni,40,M,A2
8838,3591,Dalbir Pall,29,M,A1
8839,3591,Jagat Ahluwalia,41,M,A2
8840,3591,Simon Deol,40,M,A3
8841,3591,Arjun Trivedi,40,M,A4
8842,3592,Frederick Banik,30,M,A1
8843,3592,Pranav Goel,27,M,A2
8844,3592,Aarnav Mahal,24,M,A3
8845,3593,Dakshesh Mital,35,M,A1
8846,3593,Yash De,24,M,A2
8847,3593,Harish Ratti,23,M,A3
8848,3594,Ekanta Patel,24,F,A1
8849,3594,Jatin Natarajan,30,M,A2
8850,3594,Hitesh Ganguly,24,M,A3
8851,3594,Anay Kata,41,M,A4
8852,3595,Yatan Cherian,21,M,A1
8853,3595,Aryan Raghavan,28,M,A2
8854,3596,Girik Dey,34,M,A1
8855,3596,Devansh Venkataraman,29,M,A2
8856,3596,Rehaan Bath,25,M,A3
8857,3597,Charan Sathe,42,M,A1
8858,3597,Rachit Bhatia,26,M,A2
8859,3597,Samaksh Merchant,38,M,A3
8860,3597,Ekansh Raghavan,20,M,A4
8861,3598,Chatresh Dhingra,19,M,A1
8862,3598,Sarthak Shah,27,M,A2
8863,3598,Tanay Toor,29,M,A3
8864,3598,Harsh Luthra,23,M,A4
8865,3599,Bishakha Nayak,44,F,A1
8866,3600,Vivaan Chakrabarti,26,M,A1
8867,3601,Gaurav Jaggi,30,M,A1
8868,3601,Upkaar Narasimhan,25,M,A2
8869,3601,Abdul Nigam,22,M,A3
8870,3601,Quincy Nagi,27,M,A4
8871,3602,Christopher Bhatt,25,M,A1
8872,3602,Max Dhingra,24,M,A2
8873,3603,Nicholas Nayak,40,M,A1
8874,3604,Siddharth Mody,34,M,A1
8875,3604,Liam Kapoor,28,M,A2
8876,3605,Chatura Agrawal,29,M,A1
8877,3605,Jatin Gala,22,M,A2
8878,3605,Laksh Madan,32,M,A3
8879,3606,Falan Shukla,44,M,A1
8880,3606,Banjeet Varkey,20,M,A2
8881,3606,Yagnesh Tella,33,M,A3
8882,3606,Nicholas Bhattacharyya,24,M,A4
8883,3607,Qadim Kunda,28,M,A1
8884,3607,Akshay Mander,43,M,A2
8885,3607,Aryan Vohra,23,M,A3
8886,3607,Bakhshi Bandi,22,M,A4
8887,3608,Brijesh Rao,35,M,A1
8888,3609,Oscar Agate,41,M,A1
8889,3610,Christopher Bhandari,39,M,A1
8890,3611,Sai Narasimhan,33,F,A1
8891,3611,Zaid Mann,39,M,A2
8892,3612,Urishilla Rajan,34,F,A1
8893,3612,Kabir Korpal,45,M,A2
8894,3612,Vihaan Uppal,44,M,A3
8895,3612,Ethan Roy,30,M,A4
8896,3613,Vincent Baral,21,M,A1
8897,3613,Advay Swaminathan,31,M,A2
8898,3613,Vincent Sampath,36,M,A3
8899,3613,Jeet Gera,29,M,A4
8900,3614,Dalbir Gandhi,22,M,A1
8901,3615,Nachiket Date,24,M,A1
8902,3615,Robert Sidhu,22,M,A2
8903,3615,Aditya Bhat,21,M,A3
8904,3616,George Nigam,34,M,A1
8905,3617,Qushi Chahal,43,F,A1
8906,3618,Kevin Bala,39,M,A1
8907,3618,Oliver Mitter,42,M,A2
8908,3618,Nachiket Sami,24,M,A3
8909,3618,Rachit Dhillon,35,M,A4
8910,3619,Robert Ratti,44,M,A1
8911,3619,Pranav Doshi,26,M,A2
8912,3619,Warjas Tripathi,34,M,A3
8913,3620,Aarna Ravel,24,F,A1
8914,3620,Bachittar Chaudry,26,M,A2
8915,3620,Liam Pillay,28,M,A3
8916,3621,Shivansh Vaidya,47,M,A1
8917,3621,Charan Dewan,41,M,A2
8918,3622,Gautam Saini,43,M,A1
8919,3622,Brijesh Shenoy,29,M,A2
8920,3622,Gabriel Saha,29,M,A3
8921,3623,Oliver Lad,40,M,A1
8922,3624,Harrison Deo,44,M,A1
8923,3624,Atharv Ganesan,33,M,A2
8924,3624,Isaac Bassi,43,M,A3
8925,3625,Jackson Chowdhury,34,M,A1
8926,3625,Onkar Raval,33,M,A2
8927,3625,Yashica Kannan,46,F,A3
8928,3626,Gopal Chhabra,41,M,A1
8929,3626,Jagat Khanna,33,M,A2
8930,3627,Sanaya Hari,31,F,A1
8931,3627,Arjun Johal,45,M,A2
8932,3628,Oliver Nayar,42,M,A1
8933,3628,Karan Chahal,30,M,A2
8934,3628,Raksha Chaudhry,27,F,A3
8935,3629,Balvan Singh,29,M,A1
8936,3629,Max Lata,40,M,A2
8937,3629,Qadim Solanki,34,M,A3
8938,3630,Ekansh Bassi,26,M,A1
8939,3630,Michael Peri,33,M,A2
8940,3630,Krish Das,27,M,A3
8941,3630,Onkar Rai,24,M,A4
8942,3631,Dhruv Kashyap,26,M,A1
8943,3631,Chakradev Rau,42,M,A2
8944,3632,Bachittar Bhatti,21,M,A1
8945,3632,Nathan Deol,35,M,A2
8946,3633,Kabir Dass,24,M,A1
8947,3633,Dalbir Chander,30,M,A2
8948,3633,Jason Borde,41,M,A3
8949,3634,Lekha Ramanathan,40,F,A1
8950,3634,Arunima Narula,40,F,A2
8951,3634,Arin Mukhopadhyay,42,M,A3
8952,3634,Sara Sahni,36,F,A4
8953,3635,Gavin Anand,20,M,A1
8954,3635,Faraj Ganguly,22,M,A2
8955,3635,Onkar Kala,26,M,A3
8956,3635,Mitesh Loyal,45,M,A4
8957,3636,Nakul Muni,35,M,A1
8958,3636,Patrick Gala,34,M,A2
8959,3636,Lavanya Sampath,47,F,A3
8960,3637,Bachittar Bose,37,M,A1
8961,3637,Anay Upadhyay,36,M,A2
8962,3638,Krishna Mann,46,M,A1
8963,3638,Utkarsh Mittal,26,M,A2
8964,3638,Maanas Sharma,26,M,A3
8965,3638,Zaitra Pant,26,F,A4
8966,3639,Vincent Dey,26,M,A1
8967,3639,Kabir Deo,23,M,A2
8968,3640,Dhruv Sastry,37,M,A1
8969,3640,Lohit Ranganathan,37,M,A2
8970,3640,Dominic Kakar,40,M,A3
8971,3641,Daksh Johal,26,M,A1
8972,3641,Harini Anne,22,F,A2
8973,3642,Lakshmi Ratta,28,F,A1
8974,3642,Faris Behl,25,M,A2
8975,3642,Onveer Kala,35,M,A3
8976,3643,Abeer Savant,46,M,A1
8977,3643,Zashil Mitter,29,M,A2
8978,3644,Champak Chadha,26,M,A1
8979,3645,Balendra Singh,22,M,A1
8980,3645,Faris Shere,45,M,A2
8981,3645,Noah Bhatti,30,M,A3
8982,3646,Parth Chacko,41,M,A1
8983,3647,Manbir Lad,35,M,A1
8984,3647,Hitesh Kohli,47,M,A2
8985,3648,Ekaraj Borah,42,M,A1
8986,3648,Chandresh Jayaraman,24,M,A2
8987,3648,Devansh Bera,27,M,A3
8988,3648,Jason Bhalla,30,M,A4
8989,3649,Theodore Bath,34,M,A1
8990,3649,Zilmil Jaggi,29,F,A2
8991,3650,Wridesh Sura,38,M,A1
8992,3651,Dalbir Dhaliwal,41,M,A1
8993,3651,Ikbal Patla,24,M,A2
8994,3652,Indrajit Krishnan,25,M,A1
8995,3652,Tarak Kuruvilla,34,M,A2
8996,3652,Tanish Kapadia,28,M,A3
8997,3653,Manthan Mannan,32,M,A1
8998,3654,Gavin Dar,44,M,A1
8999,3654,Kalpit Narayanan,42,M,A2
9000,3654,Gautam Bahl,39,M,A3
9001,3655,Rushil Nair,43,M,A1
9002,3656,Maanav Narula,32,M,A1
9003,3656,Vihaan Dutt,37,M,A2
9004,3656,Kalpit Dhawan,32,M,A3
9005,3656,Zayan Manda,33,M,A4
9006,3657,Chandran Balasubramanian,21,M,A1
9007,3657,Onkar Gole,26,M,A2
9008,3657,Lucky Muni,38,M,A3
9009,3658,Tarak Kaur,41,M,A1
9010,3658,Aditya Sharma,29,M,A2
9011,3658,Yuvraj Lad,45,M,A3
9012,3659,Manan Agrawal,34,M,A1
9013,3659,Ishaan Savant,40,M,A2
9014,3659,Benjamin Batta,26,M,A3
9015,3660,Advik Parmer,38,M,A1
9016,3661,Mitesh Tata,36,M,A1
9017,3661,Kalpit Ahuja,34,M,A2
9018,3662,Harish Shan,24,M,A1
9019,3663,Saksham Keer,27,M,A1
9020,3663,Abdul Mukherjee,24,M,A2
9021,3663,Chandresh Mody,45,M,A3
9022,3663,Naksh Grewal,34,M,A4
9023,3664,Om Khurana,37,M,A1
9024,3665,Jagat Ranganathan,41,M,A1
9025,3666,Balendra Talwar,33,M,A1
9026,3666,Tanveer Vig,29,M,A2
9027,3666,Rishi Bhatt,28,M,A3
9028,3667,Samar Kota,25,M,A1
9029,3667,Vyanjana Kulkarni,24,F,A2
9030,3667,Harsh Ghose,22,M,A3
9031,3667,Caleb Anne,24,M,A4
9032,3668,Krishna Bose,32,M,A1
9033,3668,Brijesh Chakraborty,20,M,A2
9034,3668,Arin Bumb,22,M,A3
9035,3668,Michael Sibal,20,M,A4
9036,3669,Yamini Bhalla,21,F,A1
9037,3670,Karan Sridhar,38,M,A1
9038,3670,Yashoda Bakshi,39,F,A2
9039,3670,Anthony Gole,30,M,A3
9040,3670,Pratyush Sen,25,M,A4
9041,3671,Laksh Gokhale,38,M,A1
9042,3671,Vihaan Bhat,47,M,A2
9043,3671,Reyansh Chokshi,43,M,A3
9044,3671,Mugdha Rastogi,32,F,A4
9045,3672,Jacob D’Alia,32,M,A1
9046,3672,Agastya Trivedi,43,M,A2
9047,3672,Jai Joshi,41,M,A3
9048,3673,Harish Varghese,28,M,A1
9049,3673,Robert Thaker,35,M,A2
9050,3673,Ekapad Mitter,21,M,A3
9051,3674,Shaurya Deo,44,M,A1
9052,3674,Lakshit Minhas,42,M,A2
9053,3674,Manan Shankar,31,M,A3
9054,3675,Tanveer Bail,22,M,A1
9055,3675,Jeet Varughese,37,M,A2
9056,3676,Zayan Karan,41,M,A1
9057,3676,Aayush Sama,27,M,A2
9058,3676,Ekaraj Loyal,41,M,A3
9059,3677,Darpan Datta,30,M,A1
9060,3677,Ryan Bail,30,M,A2
9061,3678,Kai Devi,32,M,A1
9062,3678,Balendra Ramanathan,32,M,A2
9063,3678,Hredhaan Vohra,31,M,A3
9064,3679,Gaurang Thakkar,28,M,A1
9065,3679,Simon Rana,30,M,A2
9066,3679,Vamakshi Bumb,46,F,A3
9067,3679,Champak Upadhyay,46,M,A4
9068,3680,Vansha Nadkarni,35,F,A1
9069,3681,Kabir Sekhon,22,M,A1
9070,3682,Yatin Lall,21,M,A1
9071,3682,Fitan Gill,24,M,A2
9072,3682,Upkaar Iyer,33,M,A3
9073,3682,Ikbal Swamy,32,M,A4
9074,3683,Theodore Luthra,38,M,A1
9075,3683,Elijah Bedi,44,M,A2
9076,3684,Utkarsh Sura,27,M,A1
9077,3684,Urishilla Raj,33,F,A2
9078,3684,Qabil Tripathi,20,M,A3
9079,3685,Siddharth Padmanabhan,44,M,A1
9080,3685,Vivaan Kaur,33,M,A2
9081,3685,Kamala Natarajan,41,F,A3
9082,3686,Ayaan Narain,27,M,A1
9083,3687,Faraj Bassi,30,M,A1
9084,3687,Suhani Dubey,25,F,A2
9085,3688,Ekani Sha,43,F,A1
9086,3688,Tanay D’Alia,24,M,A2
9087,3688,Jason Sekhon,23,M,A3
9088,3688,Avi Brar,44,M,A4
9089,3689,Wriddhish Kota,25,M,A1
9090,3689,Daksh Bassi,22,M,A2
9091,3690,Yatan Dash,39,M,A1
9092,3690,Yagnesh Swamy,31,M,A2
9093,3690,Jacob Badami,31,M,A3
9094,3691,Darpan Walla,26,M,A1
9095,3691,Dipta Nagarajan,44,F,A2
9096,3691,Aditya Hayre,43,M,A3
9097,3691,Jairaj Bawa,25,M,A4
9098,3692,Imaran Chopra,31,M,A1
9099,3692,Reva Balakrishnan,26,F,A2
9100,3692,Chatura Tara,41,M,A3
9101,3692,Harish Lanka,48,M,A4
9102,3693,Eshana Vig,40,F,A1
9103,3694,Lakshit Sanghvi,27,M,A1
9104,3694,Sarthak Hegde,25,M,A2
9105,3695,Vivaan Raghavan,26,M,A1
9106,3695,Lavanya Mahajan,27,F,A2
9107,3695,Wriddhish Subramaniam,25,M,A3
9108,3696,Karan Ganesan,46,M,A1
9109,3696,Gagan Naidu,37,M,A2
9110,3697,Zayan Mitra,26,M,A1
9111,3697,Isaac Babu,29,M,A2
9112,3697,Faris Soman,41,M,A3
9113,3697,Xavier Pradhan,30,M,A4
9114,3698,Bahadurjit Raju,28,M,A1
9115,3699,Viraj Sastry,33,M,A1
9116,3700,Ronith Narula,39,M,A1
9117,3701,Zayyan Suri,19,M,A1
9118,3701,Tanay Mannan,30,M,A2
9119,3701,Gauri Dass,34,F,A3
9120,3702,Nicholas Khurana,42,M,A1
9121,3702,Azad Chada,44,M,A2
9122,3703,Jeremiah Bobal,34,M,A1
9123,3703,Arjun Johal,27,M,A2
9124,3704,Faris Soman,28,M,A1
9125,3704,Madhav Pingle,30,M,A2
9126,3704,Parth Mander,44,M,A3
9127,3705,Gagan Mannan,27,M,A1
9128,3705,Theodore Sharaf,40,M,A2
9129,3705,Vedant Muni,21,M,A3
9130,3706,Raghav Dara,41,M,A1
9131,3706,Warinder Sanghvi,40,M,A2
9132,3706,Girish Sethi,21,M,A3
9133,3707,Akshay Boase,23,M,A1
9134,3707,Zashil Bose,33,M,A2
9135,3707,Benjamin Edwin,32,M,A3
9136,3707,Janani Mutti,42,F,A4
9137,3708,Harini Ramachandran,38,F,A1
9138,3708,Harinakshi Nair,37,F,A2
9139,3708,Harish Handa,48,M,A3
9140,3709,Ishwar Sur,44,M,A1
9141,3710,Ayush Bassi,28,M,A1
9142,3710,Jason Grewal,47,M,A2
9143,3710,Bakhshi Zachariah,43,M,A3
9144,3710,Zashil Dalal,40,M,A4
9145,3711,Agastya Hans,47,M,A1
9146,3711,Yash Gara,43,M,A2
9147,3711,Aryan Kalita,36,M,A3
9148,3712,Max Chaudry,31,M,A1
9149,3712,Qadim Salvi,29,M,A2
9150,3712,Yug Chaudhry,26,M,A3
9151,3713,Parth Krish,37,M,A1
9152,3713,Thomas Baral,41,M,A2
9153,3713,Chakradev Lala,37,M,A3
9154,3714,Hredhaan Krishnan,29,M,A1
9155,3715,Naveen Batta,24,M,A1
9156,3715,Girindra Ahluwalia,46,M,A2
9157,3715,Gagan Nayar,40,M,A3
9158,3715,Daniel Dugar,44,M,A4
9159,3716,Krishna Arya,35,F,A1
9160,3716,Nathan Deo,39,M,A2
9161,3717,Bachittar Swamy,34,M,A1
9162,3717,Xavier Venkatesh,43,M,A2
9163,3717,Abdul Sawhney,38,M,A3
9164,3717,Chaitaly Ray,39,F,A4
9165,3718,Wyatt Mistry,23,M,A1
9166,3718,Anirudh Sharaf,42,M,A2
9167,3719,Ikbal Ratta,29,M,A1
9168,3719,Luke Parekh,27,M,A2
9169,3720,Nicholas Virk,25,M,A1
9170,3720,Mason Bobal,34,M,A2
9171,3720,Hemal Date,19,F,A3
9172,3721,Banjeet Sura,39,M,A1
9173,3722,Rohan Bandi,37,M,A1
9174,3722,Aarush Lall,30,M,A2
9175,3722,Om Cheema,45,M,A3
9176,3723,Lekha Narain,33,F,A1
9177,3723,Harish Bose,36,M,A2
9178,3723,Vansha Ranganathan,22,F,A3
9179,3723,Oscar Sangha,39,M,A4
9180,3724,Banjeet Sandhu,28,M,A1
9181,3724,Anthony Ravel,30,M,A2
9182,3724,Gautam Chokshi,23,M,A3
9183,3724,Balvan Cheema,37,M,A4
9184,3725,Neel Memon,34,M,A1
9185,3725,Vihaan Mangal,45,M,A2
9186,3726,Omkaar Tripathi,39,M,A1
9187,3726,Nachiket Zachariah,28,M,A2
9188,3726,Sarthak Mander,36,M,A3
9189,3727,Qabil Doctor,38,M,A1
9190,3728,Qarin Dass,28,M,A1
9191,3729,Udyati Mall,34,F,A1
9192,3729,Anmol Ratta,25,M,A2
9193,3729,Mohammed Iyer,43,M,A3
9194,3730,Harrison Kar,39,M,A1
9195,3730,Chaitanya Lall,22,M,A2
9196,3730,Garima Parmar,27,F,A3
9197,3730,Nicholas Gala,39,M,A4
9198,3731,Udarsh Chahal,25,M,A1
9199,3732,Aadi Baral,24,M,A1
9200,3732,Harshil Ganesh,22,M,A2
9201,3733,Lavanya Morar,25,F,A1
9202,3733,Rohan Dhawan,25,M,A2
9203,3733,Xavier Sachdev,38,M,A3
9204,3733,Aarav Divan,27,M,A4
9205,3734,Harrison Pillay,46,M,A1
9206,3735,Ronith Dada,22,M,A1
9207,3735,Fiyaz Mani,38,M,A2
9208,3735,Girish Kala,43,M,A3
9209,3735,Christopher Bava,28,M,A4
9210,3736,Indrajit Minhas,35,M,A1
9211,3737,Vedant Jain,33,M,A1
9212,3737,Dominic Jayaraman,45,M,A2
9213,3738,Yash Mangat,35,M,A1
9214,3738,Alexander Kant,31,M,A2
9215,3738,Owen Cheema,46,M,A3
9216,3738,Chatresh Raghavan,48,M,A4
9217,3739,Utkarsh Hans,43,M,A1
9218,3739,Tristan Wadhwa,45,M,A2
9219,3739,Amol Dutta,31,M,A3
9220,3739,Samuel Kale,32,M,A4
9221,3740,Owen Dayal,26,M,A1
9222,3741,Aarush Chacko,31,M,A1
9223,3742,Naksh Divan,31,M,A1
9224,3742,Aarnav Devan,30,M,A2
9225,3742,Harsh Thaman,27,M,A3
9226,3743,Aarush Bandi,21,M,A1
9227,3743,Tanvi Sundaram,42,F,A2
9228,3743,Jacob Sunder,46,M,A3
9229,3743,Peter Dhawan,36,M,A4
9230,3744,Oscar Narula,34,M,A1
9231,3745,Max Gade,25,M,A1
9232,3746,Hredhaan Dhawan,38,M,A1
9233,3746,Benjamin Ghosh,43,M,A2
9234,3746,Samesh Bali,21,M,A3
9235,3747,Girindra Nath,41,M,A1
9236,3747,Vihaan Patla,31,M,A2
9237,3747,Veda Das,19,F,A3
9238,3748,Dhruv Shere,20,M,A1
9239,3748,Frederick Pathak,43,M,A2
9240,3748,Hredhaan Dugar,25,M,A3
9241,3748,Mitesh Kalita,23,M,A4
9242,3749,Ayush Sandal,18,M,A1
9243,3750,Chaitanya Krishnan,39,M,A1
9244,3750,Kabir Samra,43,M,A2
9245,3751,Nihal Merchant,30,M,A1
9246,3751,Nisha Gandhi,35,F,A2
9247,3752,Benjamin Dhar,44,M,A1
9248,3753,Ayaan Wadhwa,30,M,A1
9249,3754,Faras Gaba,29,M,A1
9250,3754,George Shetty,20,M,A2
9251,3754,Saumya Virk,20,F,A3
9252,3755,Yug Tak,45,M,A1
9253,3755,Advay Chadha,31,M,A2
9254,3755,Elijah Parsa,41,M,A3
9255,3756,Girik Ghose,44,M,A1
9256,3756,Unnati Rajan,35,F,A2
9257,3757,Maanas Golla,30,M,A1
9258,3757,Janya Nadkarni,43,F,A2
9259,3758,Gaurang Kulkarni,30,M,A1
9260,3759,Bahadurjit Swaminathan,22,M,A1
9261,3759,Yuvraj Pal,25,M,A2
9262,3759,Parth Jani,38,M,A3
9263,3760,Urishilla Nagarajan,36,F,A1
9264,3760,Ekbal Setty,29,M,A2
9265,3760,Rachana Mital,33,F,A3
9266,3760,Bahadurjit Pai,42,M,A4
9267,3761,Dev Viswanathan,21,M,A1
9268,3761,Samarth Wali,20,M,A2
9269,3761,Om Uppal,45,M,A3
9270,3761,Chanakya Mann,34,M,A4
9271,3762,Naksh Bajwa,27,M,A1
9272,3762,Rudra Brar,47,M,A2
9273,3763,Sai Raj,28,M,A1
9274,3764,Azad Sura,39,M,A1
9275,3764,Vivaan Sachar,25,M,A2
9276,3765,Balveer Grewal,30,M,A1
9277,3765,Zehaan Kala,39,M,A2
9278,3766,Bhanumati Ramakrishnan,27,F,A1
9279,3766,Rachit Biswas,45,M,A2
9280,3766,Saksham Subramaniam,21,M,A3
9281,3766,Aashi Oza,25,F,A4
9282,3767,Benjamin Agarwal,31,M,A1
9283,3767,Om Nagi,45,M,A2
9284,3767,Jatin Ghose,28,M,A3
9285,3768,Krish Bansal,25,M,A1
9286,3768,Dalbir Setty,45,M,A2
9287,3769,Gautam Khatri,41,M,A1
9288,3769,Harrison Mistry,29,M,A2
9289,3769,Omaja Rout,36,F,A3
9290,3770,Reyansh Sha,23,M,A1
9291,3770,Bahadurjit Yogi,42,M,A2
9292,3770,Henry Palla,35,M,A3
9293,3771,Madhav Savant,41,M,A1
9294,3772,Liam Ahuja,28,M,A1
9295,3773,Dhruv Madan,26,M,A1
9296,3773,Samarth Choudhry,25,M,A2
9297,3773,Chaitanya Merchant,34,M,A3
9298,3774,Omya Wason,29,F,A1
9299,3775,Tristan Doshi,27,M,A1
9300,3775,Dhruv Char,26,M,A2
9301,3775,Siddharth Saraf,39,M,A3
9302,3776,Parth Das,29,M,A1
9303,3776,Samaksh Sarraf,32,M,A2
9304,3776,Manthan Dhawan,38,M,A3
9305,3776,Aarush Handa,21,M,A4
9306,3777,Kabir Ganesh,45,M,A1
9307,3778,Victor Khare,37,M,A1
9308,3778,Henry Kuruvilla,18,M,A2
9309,3778,Dev Mukhopadhyay,30,M,A3
9310,3779,Agastya Gour,41,M,A1
9311,3779,Udarsh Sehgal,33,M,A2
9312,3780,William Andra,28,M,A1
9313,3780,Zarna Tak,36,F,A2
9314,3781,Michael Arora,29,M,A1
9315,3781,Hredhaan Mand,33,M,A2
9316,3781,Arjun Guha,24,M,A3
9317,3781,Wriddhish Kade,36,M,A4
9318,3782,Dev Chatterjee,31,M,A1
9319,3782,Samesh Khatri,31,M,A2
9320,3782,Saksham Purohit,27,M,A3
9321,3783,Mohammed Memon,36,M,A1
9322,3784,Nakul Muni,22,M,A1
9323,3784,Isaac Sachdeva,37,M,A2
9324,3784,Jagrati Chakrabarti,19,F,A3
9325,3784,Chatura Rao,45,M,A4
9326,3785,Daksh Raghavan,27,M,A1
9327,3785,Manbir Shetty,27,M,A2
9328,3785,Aarnav Parekh,47,M,A3
9329,3786,Rushil Pandit,27,M,A1
9330,3786,Gautam Samra,23,M,A2
9331,3786,Laksh Badal,43,M,A3
9332,3786,Kabir Bora,27,M,A4
9333,3787,Jeet Lad,22,M,A1
9334,3787,Samuel Gala,30,M,A2
9335,3788,Atharv Mistry,42,M,A1
9336,3788,Sai Bansal,19,M,A2
9337,3788,Rushil Gupta,28,M,A3
9338,3789,Ikbal Karpe,41,M,A1
9339,3789,Kai Chatterjee,38,M,A2
9340,3790,Falan Prabhu,40,M,A1
9341,3790,Chandresh Mangat,36,M,A2
9342,3790,Warjas Kala,47,M,A3
9343,3790,Fariq Batta,25,M,A4
9344,3791,Udarsh Lalla,37,M,A1
9345,3791,Vanya Viswanathan,38,F,A2
9346,3791,Umang Iyengar,31,M,A3
9347,3791,Gautam Prasad,23,M,A4
9348,3792,Jeremiah Contractor,44,M,A1
9349,3792,Ronith Tara,36,M,A2
9350,3792,Zayyan Sibal,42,M,A3
9351,3793,Advaith Panchal,38,M,A1
9352,3793,Balvan Bhattacharyya,31,M,A2
9353,3794,Nachiket Deep,30,M,A1
9354,3794,Vamakshi Mukherjee,22,F,A2
9355,3794,Manbir Parmar,24,M,A3
9356,3795,Victor Balan,42,M,A1
9357,3796,Andrew Balan,21,M,A1
9358,3796,Gaurav Kumer,37,M,A2
9359,3796,Andrew Dara,29,M,A3
9360,3796,Praneel Lad,35,M,A4
9361,3797,Aayush Saran,36,M,A1
9362,3797,Vaishnavi Bera,36,F,A2
9363,3798,Naveen Mallick,23,M,A1
9364,3798,Rishi Madan,31,M,A2
9365,3799,Zinal Thakkar,36,F,A1
9366,3799,Abdul Varughese,37,M,A2
9367,3799,Rushil Brar,24,M,A3
9368,3799,Kai Rattan,41,M,A4
9369,3800,Parth Jayaraman,26,M,A1
9370,3800,Ansh Ramanathan,32,M,A2
9371,3800,Zayyan Buch,20,M,A3
9372,3801,Rohan Madan,30,M,A1
9373,3802,Barkha Nagi,36,F,A1
9374,3802,Benjamin Ghosh,42,M,A2
9375,3803,Zayan Tailor,42,M,A1
9376,3804,Kiaan Prashad,23,M,A1
9377,3805,Samuel Sha,22,M,A1
9378,3805,Ojas Kashyap,39,M,A2
9379,3805,Nikita Seshadri,44,F,A3
9380,3805,Hritik Kadakia,32,M,A4
9381,3806,Rushil Choudhury,34,M,A1
9382,3806,Theodore Mangal,30,M,A2
9383,3806,Girindra Ramaswamy,25,M,A3
9384,3807,Tarak Nagy,44,M,A1
9385,3807,Vedant Mane,38,M,A2
9386,3808,Ranbir Nadkarni,36,M,A1
9387,3808,Robert Kant,37,M,A2
9388,3808,Henry Raman,31,M,A3
9389,3808,Dakshesh Joshi,19,M,A4
9390,3809,Jack Swamy,32,M,A1
9391,3809,Amruta Mittal,35,F,A2
9392,3809,Hritik Tara,33,M,A3
9393,3809,Chakradhar Ghosh,41,M,A4
9394,3810,Dhruv Dubey,26,M,A1
9395,3810,Bahadurjit Kaur,32,M,A2
9396,3810,Tristan Atwal,32,M,A3
9397,3810,Naveen Som,36,M,A4
9398,3811,Balveer Buch,20,M,A1
9399,3811,Faras Yohannan,44,M,A2
9400,3811,Guneet Sabharwal,43,M,A3
9401,3812,Isaac Chahal,36,M,A1
9402,3813,Kamya Saraf,24,F,A1
9403,3814,Shivansh Chahal,33,M,A1
9404,3815,Azad Swaminathan,30,M,A1
9405,3815,Henry Din,34,M,A2
9406,3816,Ishwar Divan,35,M,A1
9407,3816,Yuvraj Mital,47,M,A2
9408,3817,Kiaan Dasgupta,24,M,A1
9409,3818,Jeet Sunder,36,M,A1
9410,3818,Ekapad Loke,24,M,A2
9411,3818,Charita Tandon,29,F,A3
9412,3819,Hritik De,28,M,A1
9413,3819,Banjeet Bhakta,28,M,A2
9414,3819,Rachit Sarna,44,M,A3
9415,3819,Chakradhar Anne,44,M,A4
9416,3820,Mohammed Chana,46,M,A1
9417,3820,Faraj Mitra,34,M,A2
9418,3820,Owen Batra,28,M,A3
9419,3821,Gaurangi Sampath,35,F,A1
9420,3821,Lohit Bhatti,29,M,A2
9421,3821,Vivaan Sankaran,31,M,A3
9422,3821,Caleb Singh,22,M,A4
9423,3822,Ayush Chander,42,M,A1
9424,3822,Bhavika Batta,24,F,A2
9425,3823,Arjun Ram,44,M,A1
9426,3823,Chanakya D’Alia,25,M,A2
9427,3823,Samuel Dyal,33,M,A3
9428,3824,Ansh Mukherjee,37,M,A1
9429,3825,Ridhi Bassi,23,F,A1
9430,3826,Edhitha Bawa,44,F,A1
9431,3826,Wakeeta Kade,37,F,A2
9432,3826,Zaitra Sarraf,34,F,A3
9433,3826,Oni Date,23,F,A4
9434,3827,Jack Handa,41,M,A1
9435,3827,Avni Gill,41,F,A2
9436,3828,Hredhaan Nadkarni,33,M,A1
9437,3828,Ira Narayanan,31,F,A2
9438,3829,Qasim Solanki,26,M,A1
9439,3829,Yashoda Wali,30,F,A2
9440,3829,Fiyaz Tripathi,44,M,A3
9441,3830,Logan Kannan,22,M,A1
9442,3830,Dayita Thakur,24,F,A2
9443,3830,Mitesh Pal,43,M,A3
9444,3831,Guneet Kashyap,28,M,A1
9445,3832,Banjeet Tella,33,M,A1
9446,3832,Pranit Varghese,29,M,A2
9447,3832,Jacob Oza,21,M,A3
9448,3832,Tanveer Dass,27,M,A4
9449,3833,Guneet Khanna,23,M,A1
9450,3833,Bahadurjit Goda,27,M,A2
9451,3833,Rayaan Pandit,30,M,A3
9452,3834,Rachit Gupta,36,M,A1
9453,3834,Yachana Dua,38,F,A2
9454,3835,Girindra Pingle,44,M,A1
9455,3835,Joshua Saran,28,M,A2
9456,3835,Geetika Basu,42,F,A3
9457,3835,Kevin Baria,34,M,A4
9458,3836,Umang Saxena,27,M,A1
9459,3836,Shivansh Bhasin,45,M,A2
9460,3837,Nilima Sani,30,F,A1
9461,3837,Harita Chandran,23,F,A2
9462,3837,Pranit Kant,22,M,A3
9463,3838,Lakshmi Bajaj,41,F,A1
9464,3838,Zayan Goel,24,M,A2
9465,3839,Arin Goyal,26,M,A1
9466,3840,Ekansh Karnik,46,M,A1
9467,3840,Chaitaly Barad,41,F,A2
9468,3840,Teerth Mukhopadhyay,33,M,A3
9469,3841,Balhaar Ram,41,M,A1
9470,3841,Liam Mangal,22,M,A2
9471,3841,Vinaya Grover,44,F,A3
9472,3842,Qadim Shroff,40,M,A1
9473,3843,Maanav Kanda,47,M,A1
9474,3843,Laban Choudhury,46,M,A2
9475,3843,Ekbal Ramachandran,38,M,A3
9476,3843,Mugdha Manne,24,F,A4
9477,3844,Ishaan Bahri,25,M,A1
9478,3844,Damyanti Amble,40,F,A2
9479,3844,Chakradev Boase,39,M,A3
9480,3844,Mason Arora,41,M,A4
9481,3845,Maanav Narula,33,M,A1
9482,3845,Frado Bora,36,M,A2
9483,3846,Kamala Bhargava,42,F,A1
9484,3846,Hredhaan Mitra,37,M,A2
9485,3846,Wriddhish Nayar,25,M,A3
9486,3847,Chanakya Ramesh,28,M,A1
9487,3847,Jackson Shankar,32,M,A2
9488,3847,Nihal Varma,35,M,A3
9489,3848,Owen Oza,44,M,A1
9490,3848,Ekta Walla,39,F,A2
9491,3848,Teerth Venkatesh,26,M,A3
9492,3848,Hredhaan Sawhney,43,M,A4
9493,3849,Azaan Muni,36,M,A1
9494,3850,Pavani Naik,29,F,A1
9495,3850,Lekha Peri,39,F,A2
9496,3850,Fitan Keer,34,M,A3
9497,3851,Logan Yadav,45,M,A1
9498,3851,Jacob Johal,46,M,A2
9499,3852,Warjas Kar,31,M,A1
9500,3853,Harrison Dhawan,36,M,A1
9501,3854,Hritik Panchal,23,M,A1
9502,3854,Theodore Gulati,46,M,A2
9503,3854,Warinder Bhargava,19,M,A3
9504,3855,Dakshesh Pandit,48,M,A1
9505,3856,Ijaya Sanghvi,22,F,A1
9506,3857,Gautam Sem,38,M,A1
9507,3857,Nathan Sethi,25,M,A2
9508,3858,Aditya Sura,47,M,A1
9509,3858,Dominic Bhargava,33,M,A2
9510,3858,Girish Karan,34,M,A3
9511,3859,Gautam Chaudhari,41,M,A1
9512,3859,Ronith Kohli,37,M,A2
9513,3859,Zaid Bhasin,42,M,A3
9514,3860,Ikbal Dixit,20,M,A1
9515,3860,Bachittar Bawa,26,M,A2
9516,3860,Tamanna Parmer,44,F,A3
9517,3860,Yadavi Manda,46,F,A4
9518,3861,Nicholas Dhawan,43,M,A1
9519,3861,Ryan Babu,27,M,A2
9520,3862,Logan Aggarwal,38,M,A1
9521,3862,Harsh Lata,46,M,A2
9522,3863,Imaran Nayar,23,M,A1
9523,3863,Finn Cheema,25,M,A2
9524,3864,Samarth Sridhar,36,M,A1
9525,3864,Hemal Date,22,F,A2
9526,3864,Chaitanya Joshi,29,M,A3
9527,3865,Imaran Grewal,42,M,A1
9528,3865,Dipta Shankar,28,F,A2
9529,3866,Advik Mammen,26,M,A1
9530,3866,Isaiah Kapur,41,M,A2
9531,3866,Rishi Shan,19,M,A3
9532,3867,Laban Konda,37,M,A1
9533,3867,Chaitaly Ray,37,F,A2
9534,3867,Arya Rattan,43,F,A3
9535,3867,Anjali Barad,30,F,A4
9536,3868,George Borde,40,M,A1
9537,3868,Yashasvi Setty,30,F,A2
9538,3868,Rehaan Dhar,40,M,A3
9539,3869,Hitesh Mistry,40,M,A1
9540,3869,Samesh Virk,40,M,A2
9541,3869,Aadhya Bansal,33,F,A3
9542,3869,Udarsh Lal,40,M,A4
9543,3870,Gagan Bal,41,M,A1
9544,3870,Tristan Deo,34,M,A2
9545,3871,Shaurya Sahota,41,M,A1
9546,3871,Tanay Kashyap,25,M,A2
9547,3872,Kashvi Rau,41,F,A1
9548,3872,Aditya Sethi,27,M,A2
9549,3872,Qarin Apte,37,M,A3
9550,3873,Zashil Behl,28,M,A1
9551,3873,Bachittar Sharaf,45,M,A2
9552,3874,Sathvik Ramaswamy,27,M,A1
9553,3874,Rachit Sachdeva,41,M,A2
9554,3874,Sarthak Sandhu,25,M,A3
9555,3875,Hemal Mitra,31,F,A1
9556,3875,Rishi Sant,31,M,A2
9557,3875,Samuel Nanda,26,M,A3
9558,3875,Warjas Parsa,19,M,A4
9559,3876,Fiyaz Basu,41,M,A1
9560,3876,Yuvraj Ben,38,M,A2
9561,3876,Ikbal Wagle,35,M,A3
9562,3876,Guneet Gill,39,M,A4
9563,3877,Rudra Brahmbhatt,22,M,A1
9564,3878,Tristan Kadakia,33,M,A1
9565,3878,Karan Bhakta,25,M,A2
9566,3878,Agastya Nagy,34,M,A3
9567,3878,Vivaan Dubey,29,M,A4
9568,3879,Jeremiah Sinha,38,M,A1
9569,3880,Arin Balakrishnan,45,M,A1
9570,3880,Vanya Sinha,36,F,A2
9571,3881,Dhruv Kalla,25,M,A1
9572,3881,Ekansh Kothari,39,M,A2
9573,3881,Nathaniel Golla,34,M,A3
9574,3882,Om Ratti,43,M,A1
9575,3883,Fitan Ravi,32,M,A1
9576,3883,Qabil Sabharwal,46,M,A2
9577,3883,Chatresh Buch,25,M,A3
9578,3883,Saksham Nath,29,M,A4
9579,3884,Sarthak Kannan,31,M,A1
9580,3884,Max Naik,19,M,A2
9581,3884,Gaurang Reddy,26,M,A3
9582,3885,Mekhala Hegde,22,F,A1
9583,3885,Zayan Goel,25,M,A2
9584,3886,Advaith Sachdeva,41,M,A1
9585,3886,Noah Ramachandran,20,M,A2
9586,3886,Devansh Kapoor,22,M,A3
9587,3887,Isaac Sami,41,M,A1
9588,3887,Simon Zachariah,29,M,A2
9589,3887,Reyansh Walia,46,M,A3
9590,3887,Yasti Murthy,38,F,A4
9591,3888,Zaid Natarajan,32,M,A1
9592,3888,Zehaan Om,45,M,A2
9593,3889,Ishwar Shere,24,M,A1
9594,3889,Harrison Kata,42,M,A2
9595,3889,Alexander Krishnan,35,M,A3
9596,3889,Kabir Hari,35,M,A4
9597,3890,Ekavir Atwal,38,M,A1
9598,3890,Rishi Patla,34,M,A2
9599,3891,Fiyaz Chander,20,M,A1
9600,3891,Lucky Sarma,24,M,A2
9601,3891,Vincent Dugar,30,M,A3
9602,3892,Jeremiah Chopra,31,M,A1
9603,3892,Shaurya Boase,30,M,A2
9604,3893,Faraj Krishnan,39,M,A1
9605,3894,Anirudh Baral,38,M,A1
9606,3894,Sanaya Verma,46,F,A2
9607,3895,Dalbir Karan,44,M,A1
9608,3895,Rehaan Hari,44,M,A2
9609,3895,Charan Nagarajan,47,M,A3
9610,3896,Vincent Balasubramanian,25,M,A1
9611,3896,Naveen Barman,34,M,A2
9612,3896,Samarth Babu,26,M,A3
9613,3896,Rishi Gulati,27,M,A4
9614,3897,Ekaraj Thakur,42,M,A1
9615,3897,Girindra Mahal,43,M,A2
9616,3898,Timothy Dhingra,24,M,A1
9617,3898,Oscar Bains,25,M,A2
9618,3898,Osha Rajagopal,28,F,A3
9619,3898,Kavya Dar,28,F,A4
9620,3899,Shaurya Pathak,44,M,A1
9621,3900,David Cheema,26,M,A1
9622,3901,Warinder Nazareth,42,M,A1
9623,3901,Charles Kakar,32,M,A2
9624,3901,Balhaar Comar,26,M,A3
9625,3901,Ethan Yadav,32,M,A4
9626,3902,Sudiksha Nagarajan,28,F,A1
9627,3902,Maanav Pant,23,M,A2
9628,3903,Aryan Mohan,44,M,A1
9629,3903,Wazir Varma,26,M,A2
9630,3903,Nidra Mammen,45,F,A3
9631,3903,Isaiah Hegde,26,M,A4
9632,3904,Orinder Deo,26,M,A1
9633,3904,Reyansh Sha,24,M,A2
9634,3904,Aditya Grover,28,M,A3
9635,3904,Yuvraj Shroff,46,M,A4
9636,3905,Nitesh Karpe,31,M,A1
9637,3905,Finn Kannan,20,M,A2
9638,3906,Orinder Dhaliwal,25,M,A1
9639,3906,Ekansh Pandit,37,M,A2
9640,3907,Isaac Dhar,22,M,A1
9641,3907,Imaran Kothari,26,M,A2
9642,3907,Praneel Venkatesh,45,M,A3
9643,3908,Ekantika Chatterjee,23,F,A1
9644,3908,Daksh Chakrabarti,34,M,A2
9645,3908,Matthew Magar,48,M,A3
9646,3908,Parth Aurora,26,M,A4
9647,3909,Aadhya Talwar,21,F,A1
9648,3909,Jatin Subramaniam,24,M,A2
9649,3909,Wishi Kata,41,F,A3
9650,3909,Oliver Chandran,24,M,A4
9651,3910,Manthan Andra,27,M,A1
9652,3910,Nidra Bahri,25,F,A2
9653,3911,Rohan Chana,39,M,A1
9654,3911,Harshil Mukherjee,35,M,A2
9655,3911,Ryan Boase,25,M,A3
9656,3911,Om Patla,39,M,A4
9657,3912,Teerth Yadav,25,M,A1
9658,3912,Baljiwan Talwar,21,M,A2
9659,3912,Tanish Shankar,33,M,A3
9660,3912,Orinder Rajagopal,22,M,A4
9661,3913,Lohit Virk,31,M,A1
9662,3913,Tanvi Tripathi,35,F,A2
9663,3913,Girish Chada,29,M,A3
9664,3914,Ayush Gade,28,M,A1
9665,3914,Ishaan Dayal,30,M,A2
9666,3915,Farhan Nath,40,M,A1
9667,3915,Gagan Khanna,40,M,A2
9668,3915,Kevin Issac,36,M,A3
9669,3915,Tarak Mody,31,M,A4
9670,3916,Jack Devi,31,M,A1
9671,3916,Aarnav Ramaswamy,22,M,A2
9672,3916,Saksham Mani,21,M,A3
9673,3916,Aishani Parmar,28,F,A4
9674,3917,Fiyaz Raja,28,M,A1
9675,3917,Tanish Chandran,29,M,A2
9676,3917,Lakshit Kapadia,28,M,A3
9677,3917,Faras Nori,31,M,A4
9678,3918,Rushil Wadhwa,44,M,A1
9679,3918,Tejas Batta,21,M,A2
9680,3919,Chatura Mani,40,M,A1
9681,3919,Sathvik Murty,34,M,A2
9682,3919,Faras Sami,42,M,A3
9683,3920,Jatin Bala,27,M,A1
9684,3921,Ikbal Bora,42,M,A1
9685,3921,Dalbir Bedi,41,M,A2
9686,3921,Wridesh Wadhwa,25,M,A3
9687,3922,Isaac Tailor,41,M,A1
9688,3922,Wridesh Goyal,40,M,A2
9689,3922,Hema Kurian,25,F,A3
9690,3922,Wyatt Uppal,31,M,A4
9691,3923,Tanay Cherian,42,M,A1
9692,3923,Nakul Karpe,43,M,A2
9693,3923,Logan Shenoy,21,M,A3
9694,3923,Jack Ramachandran,36,M,A4
9695,3924,Samar Dara,25,M,A1
9696,3924,Veer Palan,45,M,A2
9697,3924,Chakradev Anne,38,M,A3
9698,3925,Neel Verma,29,M,A1
9699,3926,Maanas Balakrishnan,36,M,A1
9700,3926,Ranbir Dutta,46,M,A2
9701,3926,Victor Borde,45,M,A3
9702,3927,Agastya Nayar,22,M,A1
9703,3927,Christopher Pant,18,M,A2
9704,3927,Zayan Bal,44,M,A3
9705,3927,Zashil Sama,34,M,A4
9706,3928,Faqid Khatri,40,M,A1
9707,3928,Ranveer Dass,42,M,A2
9708,3928,Alexander Ratta,46,M,A3
9709,3929,Rishi Devan,33,M,A1
9710,3929,Nihal Menon,38,M,A2
9711,3929,Kai Keer,35,M,A3
9712,3930,Pranit Sagar,35,M,A1
9713,3930,Peter Patla,44,M,A2
9714,3930,Maanav Bava,25,M,A3
9715,3930,Anmol Bhandari,24,M,A4
9716,3931,Samar Arora,48,M,A1
9717,3931,Anthony Mutti,46,M,A2
9718,3932,Yash Bhalla,31,M,A1
9719,3932,Christopher Chhabra,28,M,A2
9720,3932,Saumya Rau,42,F,A3
9721,3933,Parth Saraf,43,M,A1
9722,3933,Wridesh Choudhry,20,M,A2
9723,3933,Kai Guha,34,M,A3
9724,3933,Caleb Biswas,35,M,A4
9725,3934,Megha Shukla,40,F,A1
9726,3934,Ishwar Ben,29,M,A2
9727,3934,Manan Dhar,41,M,A3
9728,3934,Viraj Loyal,46,M,A4
9729,3935,Samarth Aggarwal,25,M,A1
9730,3935,Nikita Bhandari,45,F,A2
9731,3935,Theodore Vaidya,19,M,A3
9732,3935,Tanish Sahni,27,M,A4
9733,3936,Ishaan Badal,33,M,A1
9734,3937,Ekalinga Taneja,33,M,A1
9735,3938,Victor More,35,M,A1
9736,3939,Naksh Wason,37,M,A1
9737,3939,Ikshita Samra,28,F,A2
9738,3939,Guneet Sampath,47,M,A3
9739,3940,Oscar Sha,44,M,A1
9740,3940,Bachittar Oommen,30,M,A2
9741,3941,Girindra Bail,31,M,A1
9742,3941,Jhalak Edwin,21,F,A2
9743,3942,Umang Ramaswamy,23,M,A1
9744,3943,Kiaan Barad,21,M,A1
9745,3944,Ikbal Mandal,20,M,A1
9746,3945,Anay Chaudhuri,18,M,A1
9747,3945,Hemani Sant,35,F,A2
9748,3945,Shaurya Srinivasan,41,M,A3
9749,3945,Utkarsh Thaman,34,M,A4
9750,3946,Yatan Iyengar,28,M,A1
9751,3946,Samuel Varughese,40,M,A2
9752,3946,Nidra Hari,38,F,A3
9753,3946,Yamini Bora,44,F,A4
9754,3947,Darpan Prabhakar,31,M,A1
9755,3947,Caleb Mitra,28,M,A2
9756,3948,Rayaan Majumdar,45,M,A1
9757,3948,Agastya Sura,37,M,A2
9758,3948,Parth Basak,34,M,A3
9759,3948,Tanveer Ramaswamy,19,M,A4
9760,3949,Shivansh Bath,32,M,A1
9761,3949,Wahab Upadhyay,25,M,A2
9762,3950,Ansh Mittal,19,M,A1
9763,3950,Oscar Sridhar,44,M,A2
9764,3950,Michael D’Alia,39,M,A3
9765,3951,Falguni Dugar,35,F,A1
9766,3951,Sai Misra,25,M,A2
9767,3951,Henry Mangal,34,M,A3
9768,3952,Logan Sanghvi,34,M,A1
9769,3952,Warinder Bala,48,M,A2
9770,3952,Yash Rama,36,M,A3
9771,3952,David Buch,34,M,A4
9772,3953,Zehaan Kara,37,M,A1
9773,3954,Sarthak Parmar,21,M,A1
9774,3954,Isaiah Sami,23,M,A2
9775,3954,Finn Ganesh,25,M,A3
9776,3955,Rajata Bakshi,37,F,A1
9777,3955,Jacob Lad,29,M,A2
9778,3955,Gunbir Menon,30,M,A3
9779,3955,Kiaan Ranganathan,43,M,A4
9780,3956,Nachiket Muni,24,M,A1
9781,3957,Ekansh Sahota,30,M,A1
9782,3957,Idika Chahal,27,F,A2
9783,3958,Gunbir Desai,35,M,A1
9784,3958,Rohan Nori,46,M,A2
9785,3959,Bhavani Badami,37,F,A1
9786,3959,Mohini Garg,41,F,A2
9787,3959,Onkar Uppal,29,M,A3
9788,3960,Amol Chahal,31,M,A1
9789,3960,Azaan Palla,43,M,A2
9790,3960,William Karan,30,M,A3
9791,3960,Balveer Sarna,41,M,A4
9792,3961,Robert Nayak,21,M,A1
9793,3962,Chanakya Pandya,40,M,A1
9794,3962,Fariq Golla,41,M,A2
9795,3962,Gaurav Madan,40,M,A3
9796,3962,Girik Basu,35,M,A4
9797,3963,Pooja Goel,26,F,A1
9798,3963,Ekalinga Ben,26,M,A2
9799,3963,Ronith Tara,35,M,A3
9800,3964,Thomas Patla,33,M,A1
9801,3965,Parth Menon,40,M,A1
9802,3966,Ayaan Vyas,31,M,A1
9803,3967,Yug Choudhry,31,M,A1
9804,3967,Onkar Kapur,27,M,A2
9805,3967,Timothy Hayre,34,M,A3
9806,3968,Nakul Sridhar,42,M,A1
9807,3969,Karan Sani,36,M,A1
9808,3969,Bakhshi Sarma,25,M,A2
9809,3969,Chaman Kari,47,F,A3
9810,3969,William Kadakia,35,M,A4
9811,3970,Avi Dora,26,M,A1
9812,3970,Madhav Buch,39,M,A2
9813,3970,Fitan Sahni,27,M,A3
9814,3971,Harshil Grover,44,M,A1
9815,3971,Caleb Modi,27,M,A2
9816,3971,Darsh Khanna,27,M,A3
9817,3971,Bhavna Narayan,33,F,A4
9818,3972,Balveer Karpe,25,M,A1
9819,3972,Eshana Zachariah,25,F,A2
9820,3973,Henry Baria,26,M,A1
9821,3973,Ekavir Kata,37,M,A2
9822,3974,Lohit Dugar,29,M,A1
9823,3974,Vedant Banerjee,45,M,A2
9824,3974,Qarin Dixit,43,M,A3
9825,3975,Darsh Sharma,25,M,A1
9826,3976,Isaac Jha,25,M,A1
9827,3977,Faqid Chauhan,28,M,A1
9828,3978,Pallavi Sant,22,F,A1
9829,3978,Rushil Apte,39,M,A2
9830,3978,Ekani Nigam,47,F,A3
9831,3978,Yahvi Tandon,31,F,A4
9832,3979,Teerth Yadav,45,M,A1
9833,3979,Qarin Gupta,45,M,A2
9834,3979,Laksh Sinha,25,M,A3
9835,3980,Dakshesh Venkatesh,45,M,A1
9836,3980,Joshua Mane,30,M,A2
9837,3980,Zaitra Sarraf,32,F,A3
9838,3981,Deepa Bahl,34,F,A1
9839,3981,Arjun Madan,27,M,A2
9840,3982,Ranveer Sandal,24,M,A1
9841,3982,Abhimanyu Contractor,36,M,A2
9842,3983,Vedika Dar,19,F,A1
9843,3983,Azaan Raja,30,M,A2
9844,3984,Harsh Edwin,29,M,A1
9845,3985,Jacob Halder,22,M,A1
9846,3985,Bakhshi Rege,35,M,A2
9847,3985,Krish Hegde,44,M,A3
9848,3986,Shaurya Taneja,40,M,A1
9849,3986,Yuvraj Solanki,20,M,A2
9850,3987,Darpan Thakkar,33,M,A1
9851,3988,Peter Parsa,32,M,A1
9852,3989,Sai Mistry,34,M,A1
9853,3989,Kiaan Mohan,36,M,A2
9854,3990,Onkar Kalita,25,M,A1
9855,3990,Girindra Ranganathan,21,M,A2
9856,3991,Girindra Badal,35,M,A1
9857,3991,Andrew Balakrishnan,33,M,A2
9858,3992,Charan Chokshi,19,M,A1
9859,3993,Chatura Kohli,37,M,A1
9860,3993,Lopa Bhargava,41,F,A2
9861,3993,Osha Zachariah,32,F,A3
9862,3994,Jai Pandya,20,M,A1
9863,3994,Jacob Dara,35,M,A2
9864,3994,Victor Memon,28,M,A3
9865,3994,Rishi Kapur,35,M,A4
9866,3995,Samar Ahluwalia,28,M,A1
9867,3995,Isaac Nayak,41,M,A2
9868,3995,Chakradhar Tank,33,M,A3
9869,3996,Jatin Bala,40,M,A1
9870,3996,Balhaar Bahri,21,M,A2
9871,3997,Shaurya Behl,34,M,A1
9872,3997,Ranbir Dey,28,M,A2
9873,3998,Umang Raval,42,M,A1
9874,3998,Kiaan Hora,34,M,A2
9875,3998,Reyansh Mahal,45,M,A3
9876,3998,Yashica Dugal,24,F,A4
9877,3999,Jeet Kanda,26,M,A1
9878,3999,Ansh Kapoor,27,M,A2
9879,3999,Laban Shan,47,M,A3
9880,4000,Arin Dara,32,M,A1
9881,4001,Ekalinga Behl,32,M,A1
9882,4001,Zayan Chaudry,43,M,A2
9883,4001,Madhav Chaudhari,34,M,A3
9884,4002,Anirudh Lad,41,M,A1
9885,4002,Wazir Hayer,35,M,A2
9886,4002,Qarin Bumb,43,M,A3
9887,4003,Veer Ravel,43,M,A1
9888,4003,Andrew Bhalla,41,M,A2
9889,4003,Mitesh Agarwal,23,M,A3
9890,4004,Chandran Pillay,39,M,A1
9891,4004,Manthan Char,42,M,A2
9892,4005,Ladli Raju,19,F,A1
9893,4005,Krishna Magar,41,M,A2
9894,4006,Jack Handa,40,M,A1
9895,4006,Jason Manne,37,M,A2
9896,4006,Arin Bumb,38,M,A3
9897,4006,Ekalinga Gola,42,M,A4
9898,4007,Krishna Garde,37,M,A1
9899,4007,Chandran Divan,21,M,A2
9900,4008,Janya Kumer,26,F,A1
9901,4009,Kevin Mand,41,M,A1
9902,4009,Brijesh Parsa,27,M,A2
9903,4010,Falan Johal,34,M,A1
9904,4010,Vedant Kara,36,M,A2
9905,4011,Joshua Tank,29,M,A1
9906,4011,Hemang Patla,30,M,A2
9907,4011,Oeshi Walla,47,F,A3
9908,4012,Madhav Kothari,38,M,A1
9909,4012,Avi Mani,25,M,A2
9910,4012,Yatin Datta,34,M,A3
9911,4013,Karan Dani,20,M,A1
9912,4014,Noah Sunder,44,M,A1
9913,4014,Chandresh Narain,30,M,A2
9914,4014,Abhiram Wadhwa,43,M,A3
9915,4015,Ojas Magar,25,M,A1
9916,4015,Aarini Nagi,47,F,A2
9917,4015,Robert Padmanabhan,33,M,A3
9918,4015,Wyatt Batra,40,M,A4
9919,4016,Avi Pant,46,M,A1
9920,4017,Bimala Shenoy,24,F,A1
9921,4018,Kavya Jaggi,38,F,A1
9922,4018,Jason Rai,27,M,A2
9923,4019,Manthan Venkatesh,36,M,A1
9924,4019,Maanas Ramachandran,28,M,A2
9925,4019,Rudra Parsa,30,M,A3
9926,4020,David Sagar,33,M,A1
9927,4020,Avi Prakash,20,M,A2
9928,4021,Gopal Saha,42,M,A1
9929,4021,Indrajit Hans,37,M,A2
9930,4021,Hitesh Borah,40,M,A3
9931,4022,Anmol Kalla,42,M,A1
9932,4023,Tamanna Sethi,42,F,A1
9933,4023,Sathvik Rajan,32,M,A2
9934,4023,Yashoda Tripathi,39,F,A3
9935,4023,Daksh Datta,38,M,A4
9936,4024,Amol Kala,26,M,A1
9937,4024,Bachittar Gole,47,M,A2
9938,4025,Michael Iyengar,20,M,A1
9939,4025,Logan Puri,20,M,A2
9940,4025,William Korpal,46,M,A3
9941,4026,Qarin Verma,38,M,A1
9942,4026,Samuel Dua,38,M,A2
9943,4026,Andrew Jayaraman,29,M,A3
9944,4026,Isaiah Banik,34,M,A4
9945,4027,Neel Patla,33,M,A1
9946,4027,Ekaraj Reddy,42,M,A2
9947,4027,Peter Bawa,30,M,A3
9948,4027,Champak Chanda,38,M,A4
9949,4028,Shaurya Devi,26,M,A1
9950,4029,Aadhya Kurian,41,F,A1
9951,4030,Charan Jain,38,M,A1
9952,4030,Shaurya Sahota,41,M,A2
9953,4030,William Kuruvilla,28,M,A3
9954,4031,Chakradev Savant,28,M,A1
9955,4031,Bakhshi Ahuja,45,M,A2
9956,4031,Jack Sathe,26,M,A3
9957,4032,Hemang Taneja,31,M,A1
9958,4032,Kabir Handa,33,M,A2
9959,4032,Vihaan Dutt,34,M,A3
9960,4033,Advay Bora,38,M,A1
9961,4033,Ikbal Sant,41,M,A2
9962,4033,Umang Shere,40,M,A3
9963,4033,Amrita Ramachandran,27,F,A4
9964,4034,Warinder Merchant,37,M,A1
9965,4035,Yamini Mangat,34,F,A1
9966,4035,Chakradhar Sule,31,M,A2
9967,4035,Xavier Kulkarni,19,M,A3
9968,4036,Caleb Jain,30,M,A1
9969,4037,Teerth Raghavan,28,M,A1
9970,4038,Michael Palla,30,M,A1
9971,4038,Aadhya Shroff,33,F,A2
9972,4039,Faras Taneja,37,M,A1
9973,4040,Wridesh Kurian,45,M,A1
9974,4041,Devansh Gandhi,42,M,A1
9975,4042,Finn Hayre,37,M,A1
9976,4042,Wazir Choudhury,44,M,A2
9977,4043,Quincy Chaudhuri,30,M,A1
9978,4043,Jatin Narasimhan,24,M,A2
9979,4043,Gabriel Naidu,37,M,A3
9980,4044,Balveer Singh,35,M,A1
9981,4045,Yashodhara Chaudhari,39,F,A1
9982,4045,Wridesh Guha,29,M,A2
9983,4045,Yashodhara Chaudhary,37,F,A3
9984,4045,Balveer Mall,29,M,A4
9985,4046,Onveer Mahal,38,M,A1
9986,4047,Lekha Tripathi,28,F,A1
9987,4047,Rohan Pillay,29,M,A2
9988,4047,Chakradev Prabhu,22,M,A3
9989,4047,Shivansh Raman,21,M,A4
9990,4048,Hritik Saraf,26,M,A1
9991,4049,Fariq Ghose,31,M,A1
9992,4050,Nathan Bumb,29,M,A1
9993,4051,Nicholas Kar,23,M,A1
9994,4051,Laban Dutta,34,M,A2
9995,4052,Isaiah Chaudhuri,37,M,A1
9996,4052,Zaid Bains,42,M,A2
9997,4053,Tarak Sodhi,22,M,A1
9998,4054,Daniel Sandal,39,M,A1
9999,4055,Qadim Sidhu,33,M,A1
10000,4055,Bhanumati Bhatti,31,F,A2
10001,4055,Maanas Chacko,33,M,A3
10002,4056,Chatresh Chand,40,M,A1
10003,4056,Ranveer Suri,22,M,A2
10004,4056,Harish Magar,24,M,A3
10005,4056,Oeshi Dada,27,F,A4
10006,4057,Maanav Bajwa,40,M,A1
10007,4057,Gopal Chandra,41,M,A2
10008,4058,Januja Pandit,44,F,A1
10009,4059,Frado Madan,19,M,A1
10010,4059,Gagan Kant,35,M,A2
10011,4059,Girindra Basu,23,M,A3
10012,4060,George Sami,30,M,A1
10013,4060,Ubika Badami,26,F,A2
10014,4061,Daniel Ahluwalia,22,M,A1
10015,4061,Maanas Sharma,25,M,A2
10016,4061,Harish Golla,38,M,A3
10017,4061,Eiravati Sarna,41,F,A4
10018,4062,Benjamin Keer,24,M,A1
10019,4062,Yuvraj Kala,36,M,A2
10020,4062,Jai Shan,31,M,A3
10021,4062,Ayush Bal,41,M,A4
10022,4063,Aarnav Rattan,31,M,A1
10023,4063,Kalpit Varty,18,M,A2
10024,4064,Falan Misra,47,M,A1
10025,4065,Elijah Agarwal,21,M,A1
10026,4065,Frado Kala,29,M,A2
10027,4066,Anjali Biswas,47,F,A1
10028,4066,Frado Mital,28,M,A2
10029,4067,Champak Bains,24,M,A1
10030,4067,Saksham Sodhi,32,M,A2
10031,4067,Andrew Banik,23,M,A3
10032,4068,Jagat Mallick,41,M,A1
10033,4068,Alexander Shan,27,M,A2
10034,4068,Matthew Kalla,40,M,A3
10035,4069,Yatin Parmar,25,M,A1
10036,4070,Sathvik Sarna,22,M,A1
10037,4070,Faras Garde,31,M,A2
10038,4071,Samar Mallick,37,M,A1
10039,4071,Chakradhar Sunder,26,M,A2
10040,4071,Ekaraj Ram,27,M,A3
10041,4072,Agastya Chacko,34,M,A1
10042,4072,Qabil Kade,40,M,A2
10043,4072,Tarak Barad,36,M,A3
10044,4073,Rushil Gokhale,28,M,A1
10045,4074,Krishna Singh,30,M,A1
10046,4075,Bhavya Muni,38,F,A1
10047,4075,Anika De,31,F,A2
10048,4076,Aarnav Padmanabhan,46,M,A1
10049,4076,Robert Mangal,44,M,A2
10050,4076,Shravya Dasgupta,44,F,A3
10051,4077,Andrew Saraf,38,M,A1
10052,4077,Mohammed Loke,43,M,A2
10053,4078,Maanas Pandya,41,M,A1
10054,4079,Lohit Divan,29,M,A1
10055,4079,Lakshmi Dhillon,44,F,A2
10056,4079,Chavvi Mallick,48,F,A3
10057,4080,Nachiket Deo,39,M,A1
10058,4080,Samaksh Nazareth,29,M,A2
10059,4080,Yug Bhandari,39,M,A3
10060,4081,Vihaan Contractor,21,M,A1
10061,4081,Kevin Dhar,29,M,A2
10062,4082,Devansh Datta,30,M,A1
10063,4082,Vamakshi Chatterjee,21,F,A2
10064,4082,Maanav Bawa,33,M,A3
10065,4083,Indrajit Mand,27,M,A1
10066,4083,Tanish Morar,41,M,A2
10067,4084,Zashil Basak,44,M,A1
10068,4084,Ekaraj Basu,19,M,A2
10069,4084,Hemang Khosla,41,M,A3
10070,4084,Yatin Parikh,23,M,A4
10071,4085,Ranbir Ranganathan,29,M,A1
10072,4085,Joshua Chander,47,M,A2
10073,4085,Matthew Uppal,33,M,A3
10074,4085,Ronith Mallick,32,M,A4
10075,4086,Patrick Iyengar,30,M,A1
10076,4087,Adweta Mander,24,F,A1
10077,4088,Jackson Tak,27,M,A1
10078,4089,Ryan Bhandari,33,M,A1
10079,4090,Amol Bansal,28,M,A1
10080,4090,Veer Yohannan,30,M,A2
10081,4090,Joshua Chand,32,M,A3
10082,4090,Aryan Tank,47,M,A4
10083,4091,Madhavi Pradhan,48,F,A1
10084,4091,Jagrati Sani,32,F,A2
10085,4091,Anirudh Dass,30,M,A3
10086,4092,Gavin Lala,34,M,A1
10087,4092,Aarav Halder,42,M,A2
10088,4092,Elijah Chatterjee,29,M,A3
10089,4093,Christopher Sant,38,M,A1
10090,4093,Omkaar Naidu,46,M,A2
10091,4093,Umang Sachdev,38,M,A3
10092,4094,Wahab Acharya,43,M,A1
10093,4094,Dhruv Basu,26,M,A2
10094,4095,Kiaan Dara,32,M,A1
10095,4095,Faras Bobal,32,M,A2
10096,4095,Omkaar Borah,28,M,A3
10097,4096,Zaid Gokhale,38,M,A1
10098,4096,Dalbir Dani,38,M,A2
10099,4096,Jacob Sridhar,23,M,A3
10100,4096,Harini Das,42,F,A4
10101,4097,Vedhika Kapur,43,F,A1
10102,4098,Baljiwan Goyal,40,M,A1
10103,4098,Yatin Bhandari,40,M,A2
10104,4099,Oliver Karan,26,M,A1
10105,4099,Kai Atwal,35,M,A2
10106,4100,Laksh Manda,36,M,A1
10107,4100,Upkaar Pradhan,32,M,A2
10108,4101,Jacob Kakar,37,M,A1
10109,4101,Tanish Maharaj,28,M,A2
10110,4101,Timothy Palla,32,M,A3
10111,4102,Om Narang,35,M,A1
10112,4102,Jagdish Toor,33,M,A2
10113,4102,Raghav Chakrabarti,20,M,A3
10114,4102,Hardik Oak,46,M,A4
10115,4103,Eesha Krishna,48,F,A1
10116,4103,Reyansh Kothari,27,M,A2
10117,4103,Tanay Raval,35,M,A3
10118,4104,Harsh Shanker,23,M,A1
10119,4105,Guneet Parmer,44,M,A1
10120,4106,Falan Walia,32,M,A1
10121,4106,Parth Saha,34,M,A2
10122,4107,Victor Shetty,40,M,A1
10123,4108,Fariq Dubey,27,M,A1
10124,4108,Meghana De,28,F,A2
10125,4109,Robert Bala,21,M,A1
10126,4110,Liam Pant,35,M,A1
10127,4110,Pranit Saini,36,M,A2
10128,4110,Christopher Arora,35,M,A3
10129,4111,Nachiket Varty,22,M,A1
10130,4112,Yauvani Kothari,20,F,A1
10131,4112,Ekavir Rout,47,M,A2
10132,4112,Yug Dash,37,M,A3
10133,4113,Nilima Sehgal,27,F,A1
10134,4114,Mohammed Bassi,37,M,A1
10135,4115,Chanchal Purohit,33,F,A1
10136,4115,Vrishti Dhar,22,F,A2
10137,4115,Yashvi Deol,36,F,A3
10138,4116,Chakradev Gill,47,M,A1
10139,4116,Dalbir Edwin,47,M,A2
10140,4116,William Mohan,34,M,A3
10141,4117,Bachittar Swamy,34,M,A1
10142,4117,Veer Basak,41,M,A2
10143,4118,Christopher Devan,42,M,A1
10144,4119,Tarak Gopal,34,M,A1
10145,4119,Rachit Doctor,28,M,A2
10146,4119,Anamika Pau,29,F,A3
10147,4119,Zehaan Shukla,24,M,A4
10148,4120,Nakul Sridhar,43,M,A1
10149,4120,Garima Sarna,36,F,A2
10150,4120,Anay Gopal,21,M,A3
10151,4120,Meghana Pant,36,F,A4
10152,4121,Gaurav Choudhry,38,M,A1
10153,4121,Yashawini Ratti,43,F,A2
10154,4122,Akshay Sangha,36,M,A1
10155,4123,Rachana Sood,30,F,A1
10156,4123,Girindra Deo,23,M,A2
10157,4124,Owen Sampath,41,M,A1
10158,4125,Adweta Kala,19,F,A1
10159,4125,Ronith Kohli,32,M,A2
10160,4126,Ojas Kara,27,M,A1
10161,4127,Girik Tripathi,43,M,A1
10162,4127,Robert Dasgupta,20,M,A2
10163,4127,Farhan Shere,30,M,A3
10164,4127,Sathvik Bhardwaj,21,M,A4
10165,4128,Gabriel Wable,35,M,A1
10166,4128,Akshay Keer,23,M,A2
10167,4128,Chaitanya Sood,36,M,A3
10168,4129,Advaith Sood,20,M,A1
10169,4129,Tanay Loke,24,M,A2
10170,4129,Aryan Solanki,26,M,A3
10171,4130,Nitesh Natt,42,M,A1
10172,4131,Avi Comar,34,M,A1
10173,4131,Azad Contractor,42,M,A2
10174,4131,Alexander Varkey,29,M,A3
10175,4131,Parth Halder,36,M,A4
10176,4132,Harshil Lall,26,M,A1
10177,4132,Ayaan Sami,33,M,A2
10178,4133,Tanish Bera,28,M,A1
10179,4133,Ayushman Saini,33,M,A2
10180,4133,Akshay Pant,35,M,A3
10181,4134,Advay Chatterjee,41,M,A1
10182,4134,Logan Baria,43,M,A2
10183,4134,Advaith Mahajan,29,M,A3
10184,4134,Gopal Nagi,35,M,A4
10185,4135,Mohini Buch,31,F,A1
10186,4135,Jeet Lad,31,M,A2
10187,4135,Kai Gaba,44,M,A3
10188,4135,Nandini Chawla,38,F,A4
10189,4136,Tara Tella,40,F,A1
10190,4136,Samar Bala,30,M,A2
10191,4136,Krish Nair,35,M,A3
10192,4136,Yashodhara Mahal,36,F,A4
10193,4137,Gautam Kohli,43,M,A1
10194,4137,Kabir Kumer,39,M,A2
10195,4137,Aarnav Sheth,20,M,A3
10196,4137,Nitesh Sha,43,M,A4
10197,4138,Wriddhish Som,22,M,A1
10198,4138,Naksh Wason,40,M,A2
10199,4138,Mohammed Raju,38,M,A3
10200,4138,Amol Doctor,45,M,A4
10201,4139,Amol Uppal,31,M,A1
10202,4139,Chanakya Kanda,25,M,A2
10203,4139,Ayaan Chowdhury,39,M,A3
10204,4140,Nisha Karpe,32,F,A1
10205,4140,Owen Ravi,32,M,A2
10206,4140,Faras Sura,33,M,A3
10207,4141,Pratyush Deo,38,M,A1
10208,4141,Peter Vohra,37,M,A2
10209,4141,Pratyush Mann,24,M,A3
10210,4141,Balendra Ray,45,M,A4
10211,4142,Abdul Acharya,33,M,A1
10212,4142,Warinder Sama,42,M,A2
10213,4142,Chatresh Morar,39,M,A3
10214,4142,Vasudha Saxena,29,F,A4
10215,4143,Liam Kata,37,M,A1
10216,4143,Maanas Yadav,35,M,A2
10217,4143,Anthony Tailor,23,M,A3
10218,4143,Ekbal Sheth,40,M,A4
10219,4144,Mason Kala,21,M,A1
10220,4144,Chanakya Andra,30,M,A2
10221,4145,Hemang Narayanan,36,M,A1
10222,4145,Dakshesh Palan,41,M,A2
10223,4145,Manbir Mahal,47,M,A3
10224,4146,Banjeet Chawla,25,M,A1
10225,4146,Chanakya Batta,32,M,A2
10226,4146,Saanvi Balay,39,F,A3
10227,4146,Qabil Nadkarni,32,M,A4
10228,4147,Samar Sridhar,22,M,A1
10229,4147,Dominic Prakash,20,M,A2
10230,4147,Rohan Raja,34,M,A3
10231,4148,Yachana Datta,37,F,A1
10232,4148,Akshay Patel,32,M,A2
10233,4148,Devika Dugal,26,F,A3
10234,4149,Kevin Gara,21,M,A1
10235,4149,Libni Garde,29,F,A2
10236,4150,Zehaan Khare,44,M,A1
10237,4151,Henry Mistry,28,M,A1
10238,4151,Sathvik Krishnamurthy,34,M,A2
10239,4151,Advika Mander,45,F,A3
10240,4151,Sarthak Ganguly,26,M,A4
10241,4152,Reyansh Mani,39,M,A1
10242,4152,Yagnesh Bhakta,40,M,A2
10243,4153,Kabir Sastry,28,M,A1
10244,4153,Dev Dada,47,M,A2
10245,4154,Yamini Bal,36,F,A1
10246,4154,Shaurya Ahuja,25,M,A2
10247,4155,Theodore Dhaliwal,32,M,A1
10248,4155,Falan Bhatia,42,M,A2
10249,4155,Nitesh Keer,21,M,A3
10250,4156,Isaiah Mallick,24,M,A1
10251,4156,Tejas Bhatia,32,M,A2
10252,4157,Madhav Ramachandran,34,M,A1
10253,4157,Bahadurjit Sarkar,25,M,A2
10254,4157,Frado Choudhry,24,M,A3
10255,4157,Urvi Bhattacharyya,35,F,A4
10256,4158,Yashvi Saini,44,F,A1
10257,4158,Ayushman Sani,42,M,A2
10258,4158,Warjas Dey,32,M,A3
10259,4159,Imaran Desai,45,M,A1
10260,4159,Chakradev Reddy,29,M,A2
10261,4159,Jonathan Chana,32,M,A3
10262,4159,Veda Das,20,F,A4
10263,4160,Deepa Nath,34,F,A1
10264,4160,Kashvi Amble,31,F,A2
10265,4160,Banjeet Yohannan,41,M,A3
10266,4160,Ranveer Gandhi,33,M,A4
10267,4161,Teerth Bhattacharyya,29,M,A1
10268,4161,Yashica Bir,45,F,A2
10269,4162,Tanveer Nair,45,M,A1
10270,4162,Tanish Rajan,27,M,A2
10271,4162,Mason Parikh,38,M,A3
10272,4163,Matthew Jain,37,M,A1
10273,4163,Baljiwan Goel,23,M,A2
10274,4163,Bachittar Mane,32,M,A3
10275,4163,Rishi Chatterjee,47,M,A4
10276,4164,Gopal Deol,33,M,A1
10277,4164,Bahadurjit Dugal,20,M,A2
10278,4164,Jagdish Kala,30,M,A3
10279,4164,Harshil Badal,34,M,A4
10280,4165,Tejas Minhas,32,M,A1
10281,4165,Advay Morar,35,M,A2
10282,4165,Ekapad Balay,29,M,A3
10283,4165,Dev Nazareth,28,M,A4
10284,4166,Mason Buch,37,M,A1
10285,4166,Jagat Bajaj,37,M,A2
10286,4166,Nathaniel Patel,37,M,A3
10287,4167,Balendra Lad,27,M,A1
10288,4167,Jacob Ramanathan,35,M,A2
10289,4167,Ethan Panchal,37,M,A3
10290,4168,Hredhaan Apte,35,M,A1
10291,4168,Tanay Chaudhary,31,M,A2
10292,4169,Wahab Bhagat,37,M,A1
10293,4170,Balvan Dalal,47,M,A1
10294,4171,Aryan Tripathi,38,M,A1
10295,4171,Hredhaan Kanda,19,M,A2
10296,4172,Samar Toor,46,M,A1
10297,4172,Darpan Lata,38,M,A2
10298,4172,Harsh Nadkarni,43,M,A3
10299,4172,Gaurav Kothari,26,M,A4
10300,4173,Xavier Sarin,29,M,A1
10301,4173,Veer Reddy,48,M,A2
10302,4173,Ati Gokhale,19,F,A3
10303,4173,Lucky Sahota,33,M,A4
10304,4174,Akshay Grewal,40,M,A1
10305,4174,Utkarsh Mandal,34,M,A2
10306,4174,Yachana Saran,36,F,A3
10307,4175,Ganga Lall,40,F,A1
10308,4176,Sai Gupta,27,M,A1
10309,4176,Yagnesh Ray,32,M,A2
10310,4177,Madhavi Bhagat,26,F,A1
10311,4177,Krishna Yohannan,33,M,A2
10312,4177,Onkar Malhotra,27,M,A3
10313,4178,Turvi Gupta,23,F,A1
10314,4178,Kalpit Padmanabhan,43,M,A2
10315,4178,Ayush Toor,24,M,A3
10316,4179,Unnati Ramachandran,43,F,A1
10317,4179,Krish Bhargava,43,M,A2
10318,4180,Kabir Atwal,26,M,A1
10319,4180,Fiyaz Kala,39,M,A2
10320,4180,Turvi Apte,27,F,A3
10321,4180,Parth Verma,33,M,A4
10322,4181,Matthew Mani,34,M,A1
10323,4181,Urishilla Bahl,22,F,A2
10324,4181,Maanas Walla,28,M,A3
10325,4181,Bachittar Walia,34,M,A4
10326,4182,Abeer Bansal,25,M,A1
10327,4182,Ishaan Dayal,28,M,A2
10328,4182,Jackson Batta,36,M,A3
10329,4183,Wriddhish Chopra,31,M,A1
10330,4183,Theodore Krishna,23,M,A2
10331,4184,Naveen Nigam,27,M,A1
10332,4185,Wahab Desai,41,M,A1
10333,4186,Elijah Raman,35,M,A1
10334,4186,Arjun Das,27,M,A2
10335,4187,Hemang Chacko,26,M,A1
10336,4188,Lohit Sahota,21,M,A1
10337,4188,Amol Prabhu,35,M,A2
10338,4189,Ishaan Mitter,18,M,A1
10339,4189,Chaaya Upadhyay,43,F,A2
10340,4190,Vedika Buch,42,F,A1
10341,4190,Charan Hari,34,M,A2
10342,4191,Krishna Kadakia,44,M,A1
10343,4192,Nathan Mammen,44,M,A1
10344,4192,Jack Shukla,42,M,A2
10345,4192,Ojas Sharma,29,M,A3
10346,4193,Agastya Sathe,42,M,A1
10347,4193,Devansh Kota,39,M,A2
10348,4194,Chatura Narula,43,M,A1
10349,4194,Krishna Dutta,38,M,A2
10350,4195,Jeremiah Nayar,22,M,A1
10351,4196,Amol Rastogi,27,M,A1
10352,4196,Devansh Tiwari,36,M,A2
10353,4197,Falan Bir,47,M,A1
10354,4198,Samar Agrawal,22,M,A1
10355,4198,Tanmayi Sahni,34,F,A2
10356,4199,Gunbir Rama,28,M,A1
10357,4199,Yatin Venkataraman,24,M,A2
10358,4199,Yagnesh Walla,35,M,A3
10359,4200,Jairaj Venkatesh,22,M,A1
10360,4200,Abeer Chokshi,36,M,A2
10361,4200,Saksham De,21,M,A3
10362,4200,Aarnav Tripathi,26,M,A4
10363,4201,Jonathan Nagy,43,M,A1
10364,4201,Inaya Gokhale,23,F,A2
10365,4201,Nitesh Bajaj,28,M,A3
10366,4201,Michael Raja,39,M,A4
10367,4202,Luke Golla,41,M,A1
10368,4203,Champak Minhas,25,M,A1
10369,4203,Lucky Hans,44,M,A2
10370,4203,Darsh Korpal,34,M,A3
10371,4203,Gaurav Mahajan,25,M,A4
10372,4204,Nakul Chopra,41,M,A1
10373,4205,Nathan Batta,22,M,A1
10374,4205,Rehaan Ahluwalia,36,M,A2
10375,4205,Hiral Doctor,30,F,A3
10376,4206,Abhiram Bhargava,37,M,A1
10377,4207,Ethan Kashyap,41,M,A1
10378,4208,Gagan Amble,37,M,A1
10379,4208,Ekalinga Dave,31,M,A2
10380,4209,Nathan Sunder,39,M,A1
10381,4209,Meera Dara,41,F,A2
10382,4210,Diya Upadhyay,41,F,A1
10383,4210,Siddharth Panchal,34,M,A2
10384,4210,Hemani Garde,32,F,A3
10385,4211,Jason Gola,46,M,A1
10386,4211,Farhan Dara,42,M,A2
10387,4212,Jackson Nadig,37,M,A1
10388,4212,Gabriel Devan,45,M,A2
10389,4212,Lipika Chad,41,F,A3
10390,4212,Chakradhar Ben,42,M,A4
10391,4213,Manan Koshy,24,M,A1
10392,4213,Dipta Modi,41,F,A2
10393,4213,Vinaya Yogi,40,F,A3
10394,4213,Xavier Ray,24,M,A4
10395,4214,Dakshesh Saran,46,M,A1
10396,4214,Atharv Brar,32,M,A2
10397,4214,Christopher Agarwal,44,M,A3
10398,4215,Yachana Halder,24,F,A1
10399,4215,Qarin Dhillon,25,M,A2
10400,4215,Vedant De,34,M,A3
10401,4216,Simon Saxena,22,M,A1
10402,4216,Ekavir Shetty,29,M,A2
10403,4216,Lopa Bahl,32,F,A3
10404,4216,Jhalak Bains,42,F,A4
10405,4217,Gayathri More,25,F,A1
10406,4217,Anthony Shanker,39,M,A2
10407,4217,Vanya Rajan,30,F,A3
10408,4217,Adweta Randhawa,25,F,A4
10409,4218,Ekavir Padmanabhan,18,M,A1
10410,4218,Xavier Manne,38,M,A2
10411,4218,Ansh Mittal,22,M,A3
10412,4219,Amrita Brar,44,F,A1
10413,4220,Ronith Sawhney,33,M,A1
10414,4221,Maanav Natarajan,46,M,A1
10415,4222,Vihaan Char,20,M,A1
10416,4223,Gopal Mishra,37,M,A1
10417,4223,Advaith Devi,22,M,A2
10418,4223,Jatin Bala,38,M,A3
10419,4224,Faraj Bassi,24,M,A1
10420,4224,Ryan Kuruvilla,33,M,A2
10421,4225,Balveer Sinha,25,M,A1
10422,4226,Quincy Mammen,29,M,A1
10423,4226,Qadim Madan,42,M,A2
10424,4227,Upkaar Mane,22,M,A1
10425,4227,Krishna Deep,31,M,A2
10426,4228,Liam Nagi,40,M,A1
10427,4228,Advay Modi,46,M,A2
10428,4229,Frado Toor,21,M,A1
10429,4229,Abeer Nayar,39,M,A2
10430,4230,Fariq Konda,25,M,A1
10431,4230,Benjamin Saraf,33,M,A2
10432,4230,Qasim Pillay,37,M,A3
10433,4230,Upkaar Narasimhan,23,M,A4
10434,4231,Manbir Hans,45,M,A1
10435,4231,Odika Baria,22,F,A2
10436,4231,Priya Randhawa,39,F,A3
10437,4232,Robert Savant,24,M,A1
10438,4233,Veer Lala,35,M,A1
10439,4234,Sai Mukherjee,38,M,A1
10440,4234,Rushil Kala,32,M,A2
10441,4234,Harish Raj,24,M,A3
10442,4235,Dakshesh Sem,26,M,A1
10443,4235,Brijesh Bhalla,29,M,A2
10444,4235,Samarth Sharaf,28,M,A3
10445,4235,Isaiah Gour,27,M,A4
10446,4236,Harish Sampath,23,M,A1
10447,4236,Zayan Mutti,31,M,A2
10448,4236,Orinder Sagar,44,M,A3
10449,4237,Udarsh Mann,24,M,A1
10450,4237,Zaid Kale,42,M,A2
10451,4237,Jatin Sachdeva,36,M,A3
10452,4237,Dalbir Bera,29,M,A4
10453,4238,Andrew Jayaraman,30,M,A1
10454,4238,Chandresh Sangha,44,M,A2
10455,4238,Mohammed Zachariah,37,M,A3
10456,4238,Ronith Chopra,46,M,A4
10457,4239,Upkaar Raman,29,M,A1
10458,4239,Tanish Bal,34,M,A2
10459,4239,Raghav Jain,32,M,A3
10460,4239,Lohit De,24,M,A4
10461,4240,Ekavir Chahal,46,M,A1
10462,4240,Isaac Rout,27,M,A2
10463,4240,Om Saran,22,M,A3
10464,4241,Anthony Suresh,47,M,A1
10465,4241,Yuvraj Talwar,26,M,A2
10466,4242,Wahab Dani,30,M,A1
10467,4242,Joshua Bala,31,M,A2
10468,4242,Farhan Rana,22,M,A3
10469,4242,Devansh Hayre,31,M,A4
10470,4243,Karan Chahal,44,M,A1
10471,4244,Agastya Oak,47,M,A1
10472,4245,Abeer Kant,42,M,A1
10473,4245,Dalbir Panchal,28,M,A2
10474,4245,Jackson Batta,25,M,A3
10475,4246,Jeet Baria,42,M,A1
10476,4246,Wahab Dani,32,M,A2
10477,4246,Caleb Wason,43,M,A3
10478,4247,Mitesh Patla,46,M,A1
10479,4247,Chameli Bhatt,32,F,A2
10480,4247,Gunbir Arya,40,M,A3
10481,4247,Praneel Wable,38,M,A4
10482,4248,Krish Chaudhari,31,M,A1
10483,4248,Baljiwan Randhawa,38,M,A2
10484,4249,Nihal Mander,30,M,A1
10485,4249,Gunbir Saini,32,M,A2
10486,4249,Nicholas Kant,33,M,A3
10487,4249,Abeer Mannan,36,M,A4
10488,4250,Jairaj Thaker,37,M,A1
10489,4250,Bahadurjit Kale,21,M,A2
10490,4250,Veer Karpe,27,M,A3
10491,4251,Onveer Sarma,28,M,A1
10492,4251,Azaan Dash,40,M,A2
10493,4252,Simon Kari,35,M,A1
10494,4252,Hredhaan Batta,27,M,A2
10495,4253,Guneet Sarma,30,M,A1
10496,4254,Hardik Pandey,23,M,A1
10497,4254,Kritika Ramesh,30,F,A2
10498,4254,Anusha Ramakrishnan,44,F,A3
10499,4254,Udarsh Baral,25,M,A4
10500,4255,Naveen Ravel,30,M,A1
10501,4256,Gabriel Babu,45,M,A1
10502,4256,Yagnesh Mukherjee,34,M,A2
10503,4256,Bakhshi Kanda,19,M,A3
10504,4256,Aarav Rai,25,M,A4
10505,4257,Sai Mukherjee,30,M,A1
10506,4257,Jackson Dar,34,M,A2
10507,4257,Wahab Rao,31,M,A3
10508,4257,Waida Balan,30,F,A4
10509,4258,Ojasvi Kara,20,F,A1
10510,4258,Qabil Tailor,41,M,A2
10511,4259,Jason Ramachandran,29,M,A1
10512,4259,Samar Bumb,25,M,A2
10513,4259,Balveer Kibe,26,M,A3
10514,4259,Hredhaan Boase,25,M,A4
10515,4260,Rehaan Mangat,21,M,A1
10516,4260,Thomas Karnik,39,M,A2
10517,4261,Pavani Balakrishnan,20,F,A1
10518,4262,Laksh Deshpande,31,M,A1
10519,4263,Nimrat Koshy,25,F,A1
10520,4263,Yug Pal,43,M,A2
10521,4263,Kamala Hari,25,F,A3
10522,4263,Sanya Radhakrishnan,26,F,A4
10523,4264,Hemang Sodhi,35,M,A1
10524,4264,Kashvi Tiwari,23,F,A2
10525,4264,Yatin Mannan,29,M,A3
10526,4265,Hemang Agarwal,33,M,A1
10527,4265,Fiyaz Prabhu,23,M,A2
10528,4265,Alexander Mandal,44,M,A3
10529,4265,Om Pall,42,M,A4
10530,4266,Arjun Lata,45,M,A1
10531,4266,Anya Pall,34,F,A2
10532,4266,Vedant Lalla,30,M,A3
10533,4266,Aarush Dar,46,M,A4
10534,4267,Imaran Karnik,45,M,A1
10535,4267,Raghav Seth,29,M,A2
10536,4267,Aayush Balakrishnan,45,M,A3
10537,4268,Aayush Peri,45,M,A1
10538,4269,Kabir Sawhney,45,M,A1
10539,4270,Frederick Prabhakar,39,M,A1
10540,4270,Karan Chokshi,35,M,A2
10541,4270,Aarush Sem,37,M,A3
10542,4271,Henry Char,29,M,A1
10543,4271,Chandran Baral,29,M,A2
10544,4271,Wridesh Ramachandran,24,M,A3
10545,4272,Sanaya Naidu,43,F,A1
10546,4272,Azad Lad,23,M,A2
10547,4272,Yahvi Sethi,26,F,A3
10548,4273,Gaurav Malhotra,24,M,A1
10549,4273,Ikbal Balay,28,M,A2
10550,4274,Rehaan Saini,20,M,A1
10551,4274,Victor Kala,28,M,A2
10552,4275,Tanish Butala,30,M,A1
10553,4275,Laksh Subramanian,26,M,A2
10554,4275,Kevin Chaudhuri,45,M,A3
10555,4276,Falan Acharya,31,M,A1
10556,4276,Zinal Bhardwaj,45,F,A2
10557,4276,Imaran Sundaram,44,M,A3
10558,4277,Advaith Malhotra,39,M,A1
10559,4278,Charan Sandhu,43,M,A1
10560,4278,Orinder Ramakrishnan,39,M,A2
10561,4279,Harinakshi Pathak,27,F,A1
10562,4280,Sai Dhar,26,M,A1
10563,4281,Gayathri Kashyap,31,F,A1
10564,4281,Krish Bansal,38,M,A2
10565,4281,Teerth Bath,43,M,A3
10566,4281,Ojas Shetty,24,M,A4
10567,4282,Mason Patil,35,M,A1
10568,4282,Gaurav Thakur,44,M,A2
10569,4282,Rishi Sibal,39,M,A3
10570,4283,Nimrat Oommen,37,F,A1
10571,4283,Dhruv Mohanty,34,M,A2
10572,4284,Gabriel Rana,25,M,A1
10573,4285,Advik Verma,31,M,A1
10574,4285,Ekaraj Sibal,31,M,A2
10575,4285,Pranav Chopra,22,M,A3
10576,4285,Chakradhar Mutti,18,M,A4
10577,4286,Abeer Munshi,42,M,A1
10578,4287,Arjun Puri,44,M,A1
10579,4287,Luke Sandhu,22,M,A2
10580,4287,Faqid Bhatti,25,M,A3
10581,4287,Faqid Pandit,33,M,A4
10582,4288,Anirudh Samra,40,M,A1
10583,4288,Parth Lad,37,M,A2
10584,4289,Arjun Bhavsar,41,M,A1
10585,4289,Rachit Patla,35,M,A2
10586,4290,Ishanvi Shanker,41,F,A1
10587,4290,Dalaja Soman,42,F,A2
10588,4291,Warinder Buch,35,M,A1
10589,4291,Dakshesh Raju,34,M,A2
10590,4292,Harshil Shukla,47,M,A1
10591,4292,Ayush Thakur,35,M,A2
10592,4292,Bahadurjit Patla,36,M,A3
10593,4293,Kai Sur,41,M,A1
10594,4293,Mugdha Basu,32,F,A2
10595,4293,Nitesh Sant,37,M,A3
10596,4293,Anirudh Bhakta,30,M,A4
10597,4294,Benjamin Bhagat,36,M,A1
10598,4294,Victor Memon,42,M,A2
10599,4294,Ikbal Sinha,37,M,A3
10600,4295,Mahika Sodhi,22,F,A1
10601,4295,Charita Dhingra,41,F,A2
10602,4295,Gaurav Grover,29,M,A3
10603,4295,Aditya Prabhakar,31,M,A4
10604,4296,Chakradev Mitra,39,M,A1
10605,4296,Jackson Rama,26,M,A2
10606,4297,Charan Krishnamurthy,34,M,A1
10607,4297,Tejas Karnik,44,M,A2
10608,4298,Darpan Raman,37,M,A1
10609,4298,Gopal Patla,28,M,A2
10610,4299,Manthan Narula,22,M,A1
10611,4300,Dipta Swamy,34,F,A1
10612,4300,Joshua Deshpande,23,M,A2
10613,4301,Nathaniel Mohan,32,M,A1
10614,4301,Harsh Wagle,37,M,A2
10615,4302,Xavier Naidu,23,M,A1
10616,4303,Anay Dugar,33,M,A1
10617,4304,Chandran Sodhi,38,M,A1
10618,4304,Shivansh Tandon,47,M,A2
10619,4305,Zaid Manda,20,M,A1
10620,4306,Utkarsh Johal,25,M,A1
10621,4306,Rushil Pai,29,M,A2
10622,4306,Umang Din,44,M,A3
10623,4307,Finn Dutt,38,M,A1
10624,4307,Ekapad Radhakrishnan,47,M,A2
10625,4307,Nakul Bora,37,M,A3
10626,4307,Jai Saha,33,M,A4
10627,4308,Jacob Muni,35,M,A1
10628,4308,Ayush Sarna,20,M,A2
10629,4308,Ekalinga Sundaram,31,M,A3
10630,4308,Peter Keer,28,M,A4
10631,4309,Harshil Tak,20,M,A1
10632,4309,Gavin Lala,35,M,A2
10633,4309,Rohan Tata,39,M,A3
10634,4309,Tanish Kapadia,42,M,A4
10635,4310,Aarush Narayanan,32,M,A1
10636,4310,Max Gade,23,M,A2
10637,4310,Daksh Bajaj,22,M,A3
10638,4311,Ayaan Narain,26,M,A1
10639,4311,Dalaja Nath,19,F,A2
10640,4312,Shaurya Edwin,23,M,A1
10641,4313,Anmol Bhardwaj,37,M,A1
10642,4313,Xavier Cheema,21,M,A2
10643,4314,Nachiket Solanki,37,M,A1
10644,4314,Qabil Kala,26,M,A2
10645,4314,Dhriti Patil,29,F,A3
10646,4314,Neel Bhatt,30,M,A4
10647,4315,Jacob Raju,35,M,A1
10648,4315,Aadi Baria,30,M,A2
10649,4316,Yatan Pandit,35,M,A1
10650,4316,Chanakya Sharaf,46,M,A2
10651,4316,Gunbir Ben,44,M,A3
10652,4317,Sachi Nadig,29,F,A1
10653,4318,Faris Gala,41,M,A1
10654,4318,Samar Master,37,M,A2
10655,4318,Hemal Bains,37,F,A3
10656,4318,Upadhriti Sura,22,F,A4
10657,4319,Zayan Goel,32,M,A1
10658,4319,Harrison Vaidya,42,M,A2
10659,4320,Jack Borde,22,M,A1
10660,4320,Chatresh Edwin,44,M,A2
10661,4320,Tanveer Murty,32,M,A3
10662,4321,Simon Kaur,23,M,A1
10663,4321,Chatresh Datta,38,M,A2
10664,4321,Abhiram Nanda,32,M,A3
10665,4321,Falan Narang,22,M,A4
10666,4322,Abhiram Srinivasan,34,M,A1
10667,4323,Harish Sethi,22,M,A1
10668,4323,Ekansh Lalla,20,M,A2
10669,4323,Praneel Amble,28,M,A3
10670,4323,Sarthak Palla,36,M,A4
10671,4324,Anay Buch,40,M,A1
10672,4324,Vihaan Dada,28,M,A2
10673,4325,Benjamin Bhatnagar,34,M,A1
10674,4325,Advay Mitter,35,M,A2
10675,4325,Fitan Edwin,33,M,A3
10676,4325,Ayushman Borra,35,M,A4
10677,4326,Anvi Hayer,38,F,A1
10678,4326,Xavier Koshy,35,M,A2
10679,4326,Theodore Chandra,34,M,A3
10680,4327,Rayaan Yogi,26,M,A1
10681,4327,Yug Nadkarni,34,M,A2
10682,4328,Omkaar Bhattacharyya,37,M,A1
10683,4328,Jacob Lad,32,M,A2
10684,4328,Vivaan Nayak,23,M,A3
10685,4329,Gopal Morar,30,M,A1
10686,4329,Om Arya,18,M,A2
10687,4330,Ranbir Madan,30,M,A1
10688,4330,Qarin Wable,21,M,A2
10689,4330,Zehaan Bora,20,M,A3
10690,4331,Upkaar Patel,24,M,A1
10691,4331,Unni Sant,25,F,A2
10692,4332,Anamika Krish,41,F,A1
10693,4332,Vritti Jhaveri,23,F,A2
10694,4333,Aayush Sibal,36,M,A1
10695,4333,Dalbir Sanghvi,26,M,A2
10696,4333,Bhavani Verma,24,F,A3
10697,4334,Chandran Kuruvilla,39,M,A1
10698,4334,Joshua Agrawal,39,M,A2
10699,4334,Michael Khalsa,41,M,A3
10700,4334,Logan Roy,28,M,A4
10701,4335,Jhalak Warrior,20,F,A1
10702,4335,Girindra Mammen,42,M,A2
10703,4336,Utkarsh Chakraborty,23,M,A1
10704,4337,Rohan Bajaj,34,M,A1
10705,4338,Yatin Thaker,30,M,A1
10706,4338,Bhavna Zachariah,18,F,A2
10707,4339,Ayush Bhandari,38,M,A1
10708,4339,Qarin Varty,44,M,A2
10709,4339,Warinder Dhaliwal,26,M,A3
10710,4340,Laban Rege,34,M,A1
10711,4341,Qabil Pingle,26,M,A1
10712,4341,Yashawini Verma,41,F,A2
10713,4341,Hardik Sharma,40,M,A3
10714,4341,Agastya Sathe,33,M,A4
10715,4342,Lipika Dara,39,F,A1
10716,4343,William Kuruvilla,27,M,A1
10717,4343,Isaac Hayer,40,M,A2
10718,4343,Dalbir Dyal,27,M,A3
10719,4343,David Vyas,30,M,A4
10720,4344,Harsh Butala,44,M,A1
10721,4344,Varenya Memon,32,F,A2
10722,4344,Yash Dara,26,M,A3
10723,4345,Abdul Sule,24,M,A1
10724,4345,Indrajit Uppal,25,M,A2
10725,4346,Chatura Nagar,28,M,A1
10726,4346,Samaksh Ghose,22,M,A2
10727,4346,Warhi Sandal,36,F,A3
10728,4347,Zayyan Sant,24,M,A1
10729,4347,Ekavir Pillai,47,M,A2
10730,4348,Kalpit Divan,28,M,A1
10731,4348,Dipta Pal,25,F,A2
10732,4348,Christopher Anand,30,M,A3
10733,4348,Girish Bhatnagar,43,M,A4
10734,4349,Ayushman Hegde,46,M,A1
10735,4349,Simon Choudhry,30,M,A2
10736,4349,Samarth Patel,20,M,A3
10737,4349,Jagdish Shroff,43,M,A4
10738,4350,Ayaan Seshadri,28,M,A1
10739,4350,Libni Hayre,37,F,A2
10740,4350,Januja Desai,39,F,A3
10741,4350,Wriddhish Wason,38,M,A4
10742,4351,Laksh Bhat,30,M,A1
10743,4352,Upkaar Chokshi,28,M,A1
10744,4353,Yash Agarwal,24,M,A1
10745,4353,Zehaan Biswas,43,M,A2
10746,4353,Yoshita Jaggi,26,F,A3
10747,4354,Nitesh Mann,44,M,A1
10748,4354,Tristan Aggarwal,26,M,A2
10749,4354,Chanakya Mann,31,M,A3
10750,4354,Darsh Deo,45,M,A4
10751,4355,Samar Chana,45,M,A1
10752,4355,Mohammed Warrior,45,M,A2
10753,4355,Warjas Raj,29,M,A3
10754,4356,Hardik Buch,46,M,A1
10755,4356,Naksh Tailor,39,M,A2
10756,4356,Ekaraj Ramakrishnan,44,M,A3
10757,4356,Ekalinga Gole,21,M,A4
10758,4357,Samarth Sampath,26,M,A1
10759,4358,Bhavani Kale,44,F,A1
10760,4359,Bina Dutta,26,F,A1
10761,4360,Patrick Som,26,M,A1
10762,4360,Darsh Kota,27,M,A2
10763,4360,Benjamin Kota,44,M,A3
10764,4360,Jai Batta,21,M,A4
10765,4361,Abhiram Tandon,25,M,A1
10766,4361,Balvan Kale,28,M,A2
10767,4361,Akshay Karan,40,M,A3
10768,4362,Tanay Soni,28,M,A1
10769,4363,Maanav Narula,43,M,A1
10770,4363,Dakshesh Narayanan,25,M,A2
10771,4363,Krishna Saran,43,M,A3
10772,4363,Alexander Sharma,22,M,A4
10773,4364,Kalpit Biswas,23,M,A1
10774,4364,Chakradhar Sridhar,43,M,A2
10775,4365,Laban Mukherjee,34,M,A1
10776,4365,Girindra Radhakrishnan,27,M,A2
10777,4365,Gabriel Magar,30,M,A3
10778,4365,Ranveer Chander,26,M,A4
10779,4366,Naveen Madan,36,M,A1
10780,4366,Dalbir Gandhi,21,M,A2
10781,4366,Andrew Sastry,38,M,A3
10782,4367,Ekavir Korpal,44,M,A1
10783,4367,Theodore Ramanathan,20,M,A2
10784,4367,Odika Hora,30,F,A3
10785,4368,Dalbir Mukherjee,29,M,A1
10786,4368,Lakshit Sahni,40,M,A2
10787,4368,Dalbir Bhavsar,29,M,A3
10788,4369,Siddharth Kala,42,M,A1
10789,4369,Yatan Khare,40,M,A2
10790,4370,Quincy Bansal,30,M,A1
10791,4370,Ekapad Ramaswamy,41,M,A2
10792,4370,Sudiksha Kothari,23,F,A3
10793,4370,Arin Oza,26,M,A4
10794,4371,Prisha Garde,22,F,A1
10795,4371,Azaan Anand,22,M,A2
10796,4371,Utkarsh Pau,46,M,A3
10797,4371,Advik Master,29,M,A4
10798,4372,Pranit Khatri,35,M,A1
10799,4372,Yug Deshmukh,45,M,A2
10800,4372,Frado Dash,40,M,A3
10801,4372,Umang Lala,32,M,A4
10802,4373,Yug Krishnan,26,M,A1
10803,4374,Hredhaan Nagarajan,46,M,A1
10804,4374,Warjas Devi,33,M,A2
10805,4375,Luke Srinivas,33,M,A1
10806,4375,Zashil Kota,29,M,A2
10807,4375,Imaran Mody,25,M,A3
10808,4375,Fariq Radhakrishnan,35,M,A4
10809,4376,Zaid Pandya,18,M,A1
10810,4376,Niharika Magar,42,F,A2
10811,4377,Orinder Rajagopal,20,M,A1
10812,4377,Christopher Garde,46,M,A2
10813,4377,Isaiah Parekh,26,M,A3
10814,4378,Yash Lala,35,M,A1
10815,4379,Benjamin Majumdar,46,M,A1
10816,4379,Onveer Madan,34,M,A2
10817,4379,Lucky Mahajan,40,M,A3
10818,4379,Ekta Sheth,42,F,A4
10819,4380,Hredhaan Jain,34,M,A1
10820,4380,Patrick Prabhu,38,M,A2
10821,4380,Faras Bajaj,39,M,A3
10822,4381,Chatresh Ramachandran,30,M,A1
10823,4381,Hritik Comar,26,M,A2
10824,4381,Shivansh Krishnan,40,M,A3
10825,4381,Ekavir Randhawa,24,M,A4
10826,4382,Pratyush Chadha,24,M,A1
10827,4382,Ishwar Kara,31,M,A2
10828,4383,Abhiram Das,25,M,A1
10829,4383,Oliver Mody,44,M,A2
10830,4383,Ayaan Kibe,31,M,A3
10831,4384,Ekaraj Bajwa,30,M,A1
10832,4384,Dominic Balay,22,M,A2
10833,4384,Vedant Kari,46,M,A3
10834,4385,Aachal Srivastava,34,F,A1
10835,4385,Samuel Mander,35,M,A2
10836,4385,Ishaan Upadhyay,42,M,A3
10837,4385,Naksh Sanghvi,27,M,A4
10838,4386,Hemang Vora,34,M,A1
10839,4386,Odika Atwal,25,F,A2
10840,4387,Girish Dass,41,M,A1
10841,4388,Chandran Purohit,43,M,A1
10842,4389,Pranav Magar,26,M,A1
10843,4390,Xavier Naidu,27,M,A1
10844,4390,Faqid Sankaran,19,M,A2
10845,4390,Atharv Vyas,27,M,A3
10846,4390,Aarav Manda,40,M,A4
10847,4391,Girish Buch,25,M,A1
10848,4391,Kiaan Sharaf,46,M,A2
10849,4391,Zehaan Kant,22,M,A3
10850,4392,Chandresh Dyal,22,M,A1
10851,4392,Nachiket Magar,32,M,A2
10852,4392,Zayan Dhillon,22,M,A3
10853,4392,Ucchal Dash,37,F,A4
10854,4393,Bakhshi Date,25,M,A1
10855,4393,Anusha Chatterjee,31,F,A2
10856,4394,Matthew Subramaniam,29,M,A1
10857,4394,Megha Dubey,20,F,A2
10858,4394,Faras Sura,35,M,A3
10859,4395,Charan Bali,48,M,A1
10860,4395,Mohammed Natt,30,M,A2
10861,4395,Balvan Mallick,47,M,A3
10862,4395,Ekalinga Kala,25,M,A4
10863,4396,Prisha Arya,27,F,A1
10864,4396,Mason Dixit,28,M,A2
10865,4396,Ranbir Dua,36,M,A3
10866,4396,Ishaan Datta,21,M,A4
10867,4397,Benjamin Tandon,26,M,A1
10868,4397,Timothy Bhakta,46,M,A2
10869,4397,Hredhaan Sagar,35,M,A3
10870,4398,Girish D’Alia,25,M,A1
10871,4399,Viraj Gaba,46,M,A1
10872,4399,Nakul Srivastava,29,M,A2
10873,4399,Kalpit Wali,42,M,A3
10874,4399,Tamanna Joshi,34,F,A4
10875,4400,Timothy Venkatesh,19,M,A1
10876,4400,Gabriel Joshi,18,M,A2
10877,4401,Laksh Dhar,38,M,A1
10878,4401,Ishaan Manne,37,M,A2
10879,4401,Ekbal Sahni,41,M,A3
10880,4401,Baljiwan Badal,28,M,A4
10881,4402,Om Sarma,29,M,A1
10882,4402,Shivansh Arora,22,M,A2
10883,4402,Darika Dora,42,F,A3
10884,4403,Gabriel Dash,33,M,A1
10885,4403,Nachiket Keer,23,M,A2
10886,4403,Agastya Kothari,31,M,A3
10887,4403,Teerth Sabharwal,32,M,A4
10888,4404,Orinder Choudhry,38,M,A1
10889,4404,Udant Samra,25,M,A2
10890,4404,Dakshesh Din,22,M,A3
10891,4404,Yatan Prashad,29,M,A4
10892,4405,Farhan Sant,28,M,A1
10893,4405,Anmol Goswami,24,M,A2
10894,4405,Nachiket Merchant,37,M,A3
10895,4405,Warjas Sha,40,M,A4
10896,4406,Ranveer Kohli,27,M,A1
10897,4406,Manan Sethi,27,M,A2
10898,4406,Anmol Batta,38,M,A3
10899,4407,Kevin Ghose,42,M,A1
10900,4408,Fariq Bhavsar,22,M,A1
10901,4408,Azaan Nazareth,41,M,A2
10902,4408,Ekalinga Radhakrishnan,44,M,A3
10903,4408,Utkarsh Hans,30,M,A4
10904,4409,Lipika Halder,27,F,A1
10905,4409,Arjun Sunder,35,M,A2
10906,4410,Radha Hayer,40,F,A1
10907,4411,Watika Das,31,F,A1
10908,4411,Atharv Rajagopalan,31,M,A2
10909,4411,Balendra Warrior,43,M,A3
10910,4412,Lopa Sant,31,F,A1
10911,4413,Suhani Nagar,30,F,A1
10912,4414,Parth Sharma,29,M,A1
10913,4414,Darpan Patla,25,M,A2
10914,4414,Jacob Sengupta,25,M,A3
10915,4415,Samar Jha,19,M,A1
10916,4415,Wazir Rastogi,19,M,A2
10917,4416,Shravya Mani,27,F,A1
10918,4416,Hredhaan Sani,29,M,A2
10919,4416,Ronith Dubey,44,M,A3
10920,4417,Anirudh Tara,22,M,A1
10921,4417,Udant Koshy,35,M,A2
10922,4417,Jagat Randhawa,26,M,A3
10923,4417,Anthony Khurana,34,M,A4
10924,4418,Om Nayak,29,M,A1
10925,4418,Abhimanyu Amble,42,M,A2
10926,4419,Brijesh Patla,23,M,A1
10927,4420,Gabriel Dewan,35,M,A1
10928,4420,Om Nath,27,M,A2
10929,4420,Max Chhabra,41,M,A3
10930,4420,Orinder Bassi,33,M,A4
10931,4421,Chanchal Rai,30,F,A1
10932,4422,Kritika Purohit,23,F,A1
10933,4422,Madhav Naidu,43,M,A2
10934,4422,Champak Bhandari,20,M,A3
10935,4423,Ekapad Menon,44,M,A1
10936,4424,Nidhi Mahajan,24,F,A1
10937,4424,Chanakya Narasimhan,26,M,A2
10938,4424,Zayyan Rout,32,M,A3
10939,4424,Nihal Chopra,25,M,A4
10940,4425,Akshay Sampath,27,M,A1
10941,4425,Chandran Dewan,36,M,A2
10942,4425,Thomas Bhatia,31,M,A3
10943,4425,Alexander Dugal,29,M,A4
10944,4426,Nachiket Soni,34,M,A1
10945,4426,Samarth Sura,42,M,A2
10946,4426,Rohan Narayan,24,M,A3
10947,4427,Udant Sama,37,M,A1
10948,4427,Tristan Amble,41,M,A2
10949,4428,Rushil Boase,46,M,A1
10950,4428,Mohammed Sarin,28,M,A2
10951,4428,Ekalinga Natarajan,38,M,A3
10952,4428,Oscar Bhatt,37,M,A4
10953,4429,Elijah Sundaram,27,M,A1
10954,4430,Darsh Kade,31,M,A1
10955,4430,Zarna Borah,40,F,A2
10956,4430,Alka Maharaj,34,F,A3
10957,4431,Chakradhar Sekhon,34,M,A1
10958,4431,Kiaan Dash,29,M,A2
10959,4431,Ekalinga Chopra,47,M,A3
10960,4432,Bhavna Hayre,29,F,A1
10961,4432,Frado Prashad,31,M,A2
10962,4433,Fariq Nazareth,35,M,A1
10963,4433,Darika Keer,32,F,A2
10964,4433,Finn Desai,44,M,A3
10965,4434,Pratyush Mukhopadhyay,28,M,A1
10966,4435,Ishwar Oommen,40,M,A1
10967,4436,Balvan De,24,M,A1
10968,4436,Vasudha Vig,27,F,A2
10969,4437,Sarthak Mand,44,M,A1
10970,4437,Timothy Kalla,43,M,A2
10971,4437,Aarush Ganesan,34,M,A3
10972,4438,Balveer Contractor,26,M,A1
10973,4439,Ekapad Menon,47,M,A1
10974,4439,Anika Shetty,31,F,A2
10975,4440,Falan Borah,41,M,A1
10976,4440,Upasna Saini,39,F,A2
10977,4440,Baghyawati Natt,37,F,A3
10978,4440,Pratyush Prabhakar,32,M,A4
10979,4441,Bakhshi Sha,29,M,A1
10980,4442,Samar Varughese,20,M,A1
10981,4442,Liam Gera,45,M,A2
10982,4442,Zehaan Pingle,24,M,A3
10983,4443,Patrick Seth,31,M,A1
10984,4443,Balvan Behl,43,M,A2
10985,4443,Charan Reddy,30,M,A3
10986,4444,Aishani Dugar,31,F,A1
10987,4444,Vyanjana Kashyap,30,F,A2
10988,4444,Tejas Ratti,27,M,A3
10989,4445,Ishwar Sahota,42,M,A1
10990,4445,Balendra Shetty,44,M,A2
10991,4446,Rushil Halder,34,M,A1
10992,4446,Imaran Dara,30,M,A2
10993,4446,Gavin Padmanabhan,36,M,A3
10994,4446,Daniel Parsa,31,M,A4
10995,4447,Champak Kamdar,28,M,A1
10996,4447,Chanakya Acharya,24,M,A2
10997,4447,Omisha Venkatesh,42,F,A3
10998,4448,Pranit Puri,32,M,A1
10999,4449,Rehaan Ghose,41,M,A1
11000,4449,Arjun Andra,21,M,A2
11001,4449,Onkar Kashyap,35,M,A3
11002,4450,Azad Yohannan,25,M,A1
11003,4450,Vasatika Talwar,37,F,A2
11004,4450,Hredhaan Sane,27,M,A3
11005,4451,Kevin Pant,21,M,A1
11006,4452,Anthony Deshpande,38,M,A1
11007,4452,Upadhriti Sawhney,44,F,A2
11008,4452,Gavin Som,27,M,A3
11009,4452,Robert Vora,22,M,A4
11010,4453,Dominic Chaudhari,47,M,A1
11011,4454,Aayush Bhatti,34,M,A1
11012,4454,Samuel Sahni,39,M,A2
11013,4454,Frederick Saxena,29,M,A3
11014,4454,Pranit Kunda,38,M,A4
11015,4455,Anamika Verma,18,F,A1
11016,4455,Ekansh Edwin,33,M,A2
11017,4455,Gunbir Sarraf,45,M,A3
11018,4456,Mohammed De,27,M,A1
11019,4456,Azaan Mittal,39,M,A2
11020,4457,Chanakya Choudhury,27,M,A1
11021,4457,Oscar Sangha,39,M,A2
11022,4458,Isaac Misra,30,M,A1
11023,4458,Upkaar Sheth,27,M,A2
11024,4458,Ekbal Sodhi,45,M,A3
11025,4458,Robert Sastry,40,M,A4
11026,4459,Wyatt Bala,43,M,A1
11027,4459,Tanmayi Varghese,28,F,A2
11028,4460,Jatin Mitra,40,M,A1
11029,4460,Timothy Ram,32,M,A2
11030,4460,Qadim Varghese,21,M,A3
11031,4460,Inaya Chatterjee,33,F,A4
11032,4461,Naksh Raja,23,M,A1
11033,4461,Mahika Nagarajan,28,F,A2
11034,4462,Rachit Raju,31,M,A1
11035,4463,Madhav Sani,24,M,A1
11036,4463,Madhav Raju,32,M,A2
11037,4463,Manthan Bandi,23,M,A3
11038,4464,Yasti Sridhar,32,F,A1
11039,4465,Yash Seth,24,M,A1
11040,4465,Balhaar Parmer,23,M,A2
11041,4466,Idika Banik,36,F,A1
11042,4466,Ayush Rao,20,M,A2
11043,4467,Hitesh Bal,36,M,A1
11044,4467,Ishwar Salvi,42,M,A2
11045,4467,Chakradev Ravel,34,M,A3
11046,4468,Sai Raghavan,38,M,A1
11047,4469,Ansh Bhagat,30,M,A1
11048,4469,Hritik Edwin,36,M,A2
11049,4469,Ekantika Seth,36,F,A3
11050,4469,Ekaraj Chada,35,M,A4
11051,4470,Jonathan Doctor,26,M,A1
11052,4470,Ekbal Sankar,19,M,A2
11053,4470,Sarthak Chanda,29,M,A3
11054,4470,Zashil Mammen,44,M,A4
11055,4471,Onkar Kalita,25,M,A1
11056,4471,Chatresh Date,40,M,A2
11057,4471,Wazir Kothari,31,M,A3
11058,4472,Zansi Dass,28,F,A1
11059,4472,Chandran Dhillon,36,M,A2
11060,4473,Hredhaan Saini,34,M,A1
11061,4473,Kiaan Dutt,29,M,A2
11062,4474,Ekanta Wable,41,F,A1
11063,4474,Christopher Das,23,M,A2
11064,4474,Wriddhish Sur,27,M,A3
11065,4474,Ranbir Panchal,48,M,A4
11066,4475,Farhan Sama,25,M,A1
11067,4475,Gaurika Sarin,29,F,A2
11068,4476,Karan Deol,46,M,A1
11069,4476,Onkar Devan,33,M,A2
11070,4476,Krish Khatri,33,M,A3
11071,4477,Xavier Rattan,39,M,A1
11072,4478,Jeremiah Dalal,47,M,A1
11073,4479,Anthony Dube,32,M,A1
11074,4479,Ekbal Mitter,35,M,A2
11075,4480,Abhimanyu Ratti,42,M,A1
11076,4480,Ayush Sanghvi,28,M,A2
11077,4480,Qabil Agarwal,44,M,A3
11078,4480,Ryan Kalla,31,M,A4
11079,4481,Henry Dube,39,M,A1
11080,4481,Shaurya Anne,29,M,A2
11081,4481,Wridesh Mahal,43,M,A3
11082,4482,Pranav Vohra,23,M,A1
11083,4482,Avi Dhawan,30,M,A2
11084,4482,Aditya Sinha,33,M,A3
11085,4483,Reyansh Tandon,23,M,A1
11086,4483,Dominic Mangat,31,M,A2
11087,4483,Yug Mahajan,26,M,A3
11088,4483,Nakul Pingle,34,M,A4
11089,4484,Darpan Ramesh,24,M,A1
11090,4484,Fiyaz Majumdar,41,M,A2
11091,4484,Lohit Hayre,25,M,A3
11092,4485,Gaurang Devi,37,M,A1
11093,4485,Tanay Narayanan,37,M,A2
11094,4486,Chasmum Sheth,38,F,A1
11095,4487,Pranit Raja,39,M,A1
11096,4488,Brinda Kapadia,32,F,A1
11097,4488,Vincent Patil,38,M,A2
11098,4488,Laksh Chana,24,M,A3
11099,4488,Harini Trivedi,32,F,A4
11100,4489,Ishaan Ben,30,M,A1
11101,4489,Jagdish Prakash,22,M,A2
11102,4489,Andrew Zacharia,33,M,A3
11103,4489,Zehaan Reddy,36,M,A4
11104,4490,Amol Kamdar,28,M,A1
11105,4490,Chakrika Goswami,33,F,A2
11106,4491,Maanas Dar,36,M,A1
11107,4492,Samuel Bassi,39,M,A1
11108,4492,Faqid Varma,36,M,A2
11109,4493,Dominic Balakrishnan,22,M,A1
11110,4494,Oliver Pingle,43,M,A1
11111,4494,Faqid Sheth,19,M,A2
11112,4495,Zehaan Vaidya,31,M,A1
11113,4496,Manan Rajagopalan,33,M,A1
11114,4496,Champak Jaggi,28,M,A2
11115,4497,Robert Savant,25,M,A1
11116,4497,Hemang Brahmbhatt,35,M,A2
11117,4498,Udyati Thaman,39,F,A1
11118,4499,Samesh Pal,30,M,A1
11119,4499,Anirudh Bhandari,36,M,A2
11120,4500,Alexander Jhaveri,47,M,A1
11121,4500,Gopal Dhingra,30,M,A2
11122,4501,Teerth Chand,32,M,A1
11123,4501,Rayaan Chander,33,M,A2
11124,4502,Kai Divan,30,M,A1
11125,4502,Falan Andra,38,M,A2
11126,4502,Reyansh Bansal,40,M,A3
11127,4502,Yuvraj Shukla,36,M,A4
11128,4503,Reyansh Devi,39,M,A1
11129,4503,Meghana Taneja,27,F,A2
11130,4503,Sanaya Hari,29,F,A3
11131,4504,Aarush Nayar,41,M,A1
11132,4505,Devansh Ramakrishnan,42,M,A1
11133,4505,Ekalinga Oak,44,M,A2
11134,4505,Ayaan Kaul,42,M,A3
11135,4505,Rajata Kothari,29,F,A4
11136,4506,Tripti Sule,30,F,A1
11137,4506,Ubika Salvi,46,F,A2
11138,4506,Aarush Bandi,25,M,A3
11139,4506,Aarnav Sandal,37,M,A4
11140,4507,Gaurang Mander,33,M,A1
11141,4507,Parth D’Alia,33,M,A2
11142,4507,Udarsh Banik,25,M,A3
11143,4507,Leela Jain,31,F,A4
11144,4508,Jackson Oommen,41,M,A1
11145,4508,Anmol Natt,34,M,A2
11146,4509,Charles Pillay,46,M,A1
11147,4510,Jeremiah Buch,29,M,A1
11148,4511,Chandresh Rastogi,26,M,A1
11149,4511,Arya Sankar,34,F,A2
11150,4512,Azaan Raval,35,M,A1
11151,4512,Qasim Chaudhry,40,M,A2
11152,4512,Ekavir Rajan,21,M,A3
11153,4513,Ethan Dubey,29,M,A1
11154,4513,Balhaar Chand,25,M,A2
11155,4513,Warjas Dani,41,M,A3
11156,4514,Farhan Bhatti,32,M,A1
11157,4514,Onveer Deo,27,M,A2
11158,4514,Fariq Sant,39,M,A3
11159,4515,Falan Borah,36,M,A1
11160,4515,Wahab Gupta,23,M,A2
11161,4516,Tanish Hayer,21,M,A1
11162,4516,Ubika Salvi,45,F,A2
11163,4516,Rishi Bhatt,27,M,A3
11164,4517,Umang Mitra,36,M,A1
11165,4517,Kritika Shroff,38,F,A2
11166,4518,Qadim Sachdev,30,M,A1
11167,4519,Hardik Choudhary,21,M,A1
11168,4519,Azad Bumb,44,M,A2
11169,4519,Libni Deo,48,F,A3
11170,4520,Jason Devi,42,M,A1
11171,4520,Madhavi Chauhan,36,F,A2
11172,4520,Lakshmi Sant,34,F,A3
11173,4520,Gavin Dubey,21,M,A4
11174,4521,Zayan Goel,27,M,A1
11175,4521,Nidhi Maharaj,20,F,A2
11176,4521,Chatresh Memon,36,M,A3
11177,4522,Omkaar Karan,26,M,A1
11178,4522,Gopal Verma,28,M,A2
11179,4522,Fitan Dash,29,M,A3
11180,4522,Teerth Bhandari,45,M,A4
11181,4523,Qarin Chadha,36,M,A1
11182,4523,Viraj Mandal,21,M,A2
11183,4523,Anvi Bhatia,23,F,A3
11184,4524,Devansh Gade,42,M,A1
11185,4525,Brijesh Sankar,19,M,A1
11186,4525,Praneel Banerjee,41,M,A2
11187,4525,Zayan Joshi,22,M,A3
11188,4526,Ijaya Dora,27,F,A1
11189,4526,Harish Solanki,33,M,A2
11190,4526,Neelima Gole,23,F,A3
11191,4527,Darsh Mangat,27,M,A1
11192,4527,Luke Ravel,28,M,A2
11193,4528,Zayan Patil,41,M,A1
11194,4529,Imaran Loyal,27,M,A1
11195,4529,Victor Krishnan,37,M,A2
11196,4529,Owen Natt,44,M,A3
11197,4529,Charles Dasgupta,39,M,A4
11198,4530,Banjeet Grewal,35,M,A1
11199,4531,Ishanvi Chaudhry,38,F,A1
11200,4531,Falak Varughese,26,F,A2
11201,4532,Aadi Bhakta,35,M,A1
11202,4532,Lucky Yohannan,42,M,A2
11203,4533,Samarth Roy,43,M,A1
11204,4533,Balvan Murty,31,M,A2
11205,4533,Jeet Radhakrishnan,42,M,A3
11206,4533,Elijah Khurana,45,M,A4
11207,4534,Radha Dhar,22,F,A1
11208,4534,Pratyush Mital,34,M,A2
11209,4534,Ati Sibal,26,F,A3
11210,4535,William Gandhi,34,M,A1
11211,4535,Devansh Patla,23,M,A2
11212,4535,Henry Dayal,32,M,A3
11213,4536,Abdul Boase,28,M,A1
11214,4536,Anirudh Arora,22,M,A2
11215,4536,Chasmum Gole,37,F,A3
11216,4536,Urishilla Sahni,39,F,A4
11217,4537,Isaac Bhatnagar,32,M,A1
11218,4537,Oliver Tiwari,31,M,A2
11219,4538,Pushti Kaul,40,F,A1
11220,4539,Timothy Ravel,37,M,A1
11221,4539,Ekta Baral,43,F,A2
11222,4539,Samarth Savant,45,M,A3
11223,4540,Wyatt Vora,30,M,A1
11224,4540,Gagan Hegde,39,M,A2
11225,4540,Vihaan Bansal,38,M,A3
11226,4541,Ekavir Pillay,46,M,A1
11227,4541,Rudra Muni,27,M,A2
11228,4541,Balhaar Madan,35,M,A3
11229,4541,Yash Sarraf,35,M,A4
11230,4542,Azaan Hans,27,M,A1
11231,4543,Wazir Pant,44,M,A1
11232,4543,Dhruv Nayak,25,M,A2
11233,4543,Bachittar Gopal,28,M,A3
11234,4543,Oeshi Devi,37,F,A4
11235,4544,Harish Soni,22,M,A1
11236,4544,Aryan Ghosh,28,M,A2
11237,4544,Yochana Som,33,F,A3
11238,4545,Edhitha Vaidya,45,F,A1
11239,4545,Tanish Shroff,44,M,A2
11240,4546,Aarush Sant,30,M,A1
11241,4546,Manan Shetty,23,M,A2
11242,4546,Abeer Ramakrishnan,45,M,A3
11243,4547,Irya Aurora,36,F,A1
11244,4547,Jonathan Raman,22,M,A2
11245,4547,Harsh Yohannan,28,M,A3
11246,4548,Chandran Garg,45,M,A1
11247,4548,Vedant Kurian,26,M,A2
11248,4548,Vrishti Samra,29,F,A3
11249,4548,Faraj Dhar,31,M,A4
11250,4549,Elijah Subramanian,48,M,A1
11251,4549,Manan Chaudhuri,38,M,A2
11252,4550,Yahvi Gola,20,F,A1
11253,4550,Anay Keer,38,M,A2
11254,4550,Ekaraj Mohanty,41,M,A3
11255,4550,Kai Keer,37,M,A4
11256,4551,Guneet Ben,40,M,A1
11257,4552,Naksh Butala,24,M,A1
11258,4552,Ishanvi Ratta,28,F,A2
11259,4552,Aayush Hora,45,M,A3
11260,4552,Frado Bahri,39,M,A4
11261,4553,Faras Sagar,29,M,A1
11262,4554,Yuvraj Bhatti,23,M,A1
11263,4554,Kalpit Divan,24,M,A2
11264,4554,Saksham Chaudhuri,37,M,A3
11265,4554,Chandran Agarwal,22,M,A4
11266,4555,Fitan Gulati,39,M,A1
11267,4555,Daniel Sama,24,M,A2
11268,4555,Hardik Behl,38,M,A3
11269,4555,Quincy Rau,42,M,A4
11270,4556,Aryan Upadhyay,41,M,A1
11271,4556,Lohit Bhakta,36,M,A2
11272,4556,Victor Sachar,32,M,A3
11273,4557,Chandran Agarwal,22,M,A1
11274,4557,Dominic Kanda,33,M,A2
11275,4557,Rachit Kunda,35,M,A3
11276,4557,Eta Jha,34,F,A4
11277,4558,Hema Choudhury,34,F,A1
11278,4558,Fariq Soman,42,M,A2
11279,4558,Pratyush Sankaran,34,M,A3
11280,4559,Bhavna Kumar,35,F,A1
11281,4559,Naksh Dar,20,M,A2
11282,4559,Samarth Kamdar,45,M,A3
11283,4559,Anusha Ramakrishnan,44,F,A4
11284,4560,Bakhshi Batra,38,M,A1
11285,4561,Azad Datta,34,M,A1
11286,4562,Mitesh Reddy,26,M,A1
11287,4562,Jatin Shetty,23,M,A2
11288,4562,Faqid Kamdar,31,M,A3
11289,4562,Yochana Keer,45,F,A4
11290,4563,Peter Bhatti,41,M,A1
11291,4563,Ayushman Dara,27,M,A2
11292,4563,Nitara Tella,36,F,A3
11293,4564,Ekalinga Lalla,26,M,A1
11294,4564,Aadi Tiwari,27,M,A2
11295,4565,Mohammed Biswas,41,M,A1
11296,4565,Hemangini Bhatti,22,F,A2
11297,4565,Reyansh Das,38,M,A3
11298,4565,Aarnav Sandal,22,M,A4
11299,4566,Theodore Vaidya,47,M,A1
11300,4567,Tejas Kaul,32,M,A1
11301,4568,Urvi Mistry,23,F,A1
11302,4568,Chakrika Swaminathan,46,F,A2
11303,4568,Chatresh Nagarajan,36,M,A3
11304,4568,Samarth Manne,36,M,A4
11305,4569,Chatresh Walla,34,M,A1
11306,4569,Nicholas Walia,41,M,A2
11307,4569,Aachal Hegde,37,F,A3
11308,4569,Rishi Jain,28,M,A4
11309,4570,Farhan Bahl,26,M,A1
11310,4570,Ekansh Krishnamurthy,36,M,A2
11311,4571,Aryan Bir,43,M,A1
11312,4572,Onkar Rastogi,38,M,A1
11313,4572,Jackson Bhasin,29,M,A2
11314,4572,Charan Rama,24,M,A3
11315,4572,Gaurang Venkatesh,36,M,A4
11316,4573,Veer Khurana,35,M,A1
11317,4573,Ishwar Butala,27,M,A2
11318,4573,Peter Sem,30,M,A3
11319,4573,Lakshit Ramesh,29,M,A4
11320,4574,Faqid Deol,31,M,A1
11321,4574,Anmol Pillai,29,M,A2
11322,4575,Akshay Boase,21,M,A1
11323,4576,Naksh Korpal,32,M,A1
11324,4576,Amol Chaudry,32,M,A2
11325,4577,Lipika Krishnan,21,F,A1
11326,4578,Falan Tak,45,M,A1
11327,4578,Tristan Hari,35,M,A2
11328,4578,Ryan Gokhale,38,M,A3
11329,4578,Samarth Dora,22,M,A4
11330,4579,Jatin Dutt,20,M,A1
11331,4580,Elijah Kaul,22,M,A1
11332,4580,Harrison Seth,30,M,A2
11333,4580,Pranav Deol,38,M,A3
11334,4581,Andrew Parmar,29,M,A1
11335,4581,Naveen Nadig,25,M,A2
11336,4581,Jairaj Bava,43,M,A3
11337,4582,Hredhaan Karan,25,M,A1
11338,4582,Gaurang Mangal,30,M,A2
11339,4583,Rushil Jaggi,29,M,A1
11340,4584,Hitesh Oza,37,M,A1
11341,4584,Girish Malhotra,35,M,A2
11342,4585,Azaan Pillai,21,M,A1
11343,4585,Aarush Krishnamurthy,28,M,A2
11344,4585,Hardik Comar,21,M,A3
11345,4586,Sarthak Dey,44,M,A1
11346,4586,Jatin Mody,35,M,A2
11347,4587,Udant Verma,23,M,A1
11348,4588,Zayan Bir,45,M,A1
11349,4588,Charles Pillay,42,M,A2
11350,4588,Yauvani Yadav,28,F,A3
11351,4588,Ojasvi Natt,20,F,A4
11352,4589,Gavin Shere,42,M,A1
11353,4589,Atharv Barad,24,M,A2
11354,4589,Dalbir Bedi,42,M,A3
11355,4589,Jagdish Raman,37,M,A4
11356,4590,Anthony Madan,39,M,A1
11357,4590,Ekavir Manne,46,M,A2
11358,4590,Hardik Choudhary,22,M,A3
11359,4590,Timothy Sami,40,M,A4
11360,4591,Dakshesh Kohli,47,M,A1
11361,4591,Hardik Setty,31,M,A2
11362,4591,Abdul Madan,30,M,A3
11363,4591,Chandran Tailor,40,M,A4
11364,4592,Gabriel Sura,37,M,A1
11365,4592,Ishaan Sami,28,M,A2
11366,4592,Hemani Nadkarni,39,F,A3
11367,4592,Xavier Venkatesh,29,M,A4
11368,4593,Januja Tripathi,42,F,A1
11369,4594,Abhimanyu Morar,40,M,A1
11370,4594,Naveen Tandon,20,M,A2
11371,4594,Jonathan Chakrabarti,25,M,A3
11372,4594,Harrison Saraf,22,M,A4
11373,4595,Mohammed Andra,46,M,A1
11374,4595,Indrajit Memon,38,M,A2
11375,4595,Luke Goswami,46,M,A3
11376,4596,Anika Chowdhury,37,F,A1
11377,4596,Tanmayi Parmar,22,F,A2
11378,4597,Jeet Kar,28,M,A1
11379,4598,Alexander Gopal,38,M,A1
11380,4598,Tanish Narayan,28,M,A2
11381,4598,Chavvi Nadig,20,F,A3
11382,4598,Ekiya Sethi,43,F,A4
11383,4599,Christopher Rai,29,M,A1
11384,4600,Xiti Tripathi,41,F,A1
11385,4600,Amrita Parmer,48,F,A2
11386,4600,Manthan Nagi,23,M,A3
11387,4601,Balendra Dada,47,M,A1
11388,4601,Omkaar Solanki,24,M,A2
11389,4601,Chakradev Mukherjee,22,M,A3
11390,4602,Benjamin Om,29,M,A1
11391,4602,Finn Sundaram,44,M,A2
11392,4602,Ekbal Ramachandran,38,M,A3
11393,4602,Christopher Arya,45,M,A4
11394,4603,Aayush Gola,33,M,A1
11395,4603,Agastya Sampath,42,M,A2
11396,4603,Oscar Gaba,39,M,A3
11397,4604,Liam Shroff,22,M,A1
11398,4604,Kalpit Dugar,42,M,A2
11399,4605,Manbir Nayar,27,M,A1
11400,4605,Jagat Dhaliwal,46,M,A2
11401,4605,Advay Wable,27,M,A3
11402,4606,Dhruv Devan,43,M,A1
11403,4606,Fariq Rajagopal,33,M,A2
11404,4606,Lakshit Prashad,35,M,A3
11405,4607,Urmi Om,30,F,A1
11406,4607,Praneel Tailor,24,M,A2
11407,4607,Vrinda Verma,46,F,A3
11408,4608,Yug Handa,35,M,A1
11409,4608,Hredhaan Ghosh,29,M,A2
11410,4609,Azaan Chandran,34,M,A1
11411,4610,Amol Kannan,38,M,A1
11412,4610,Shaurya Varma,28,M,A2
11413,4610,Rachita Shankar,41,F,A3
11414,4611,Aarush D’Alia,32,M,A1
11415,4611,Agastya Bahl,24,M,A2
11416,4612,Omkaar Natarajan,36,M,A1
11417,4612,Maanas Barad,33,M,A2
11418,4613,Harsh Bala,42,M,A1
11419,4613,Chakradhar Badal,28,M,A2
11420,4613,Dominic Reddy,22,M,A3
11421,4614,Jack Mody,26,M,A1
11422,4614,Ekaraj Ganesh,21,M,A2
11423,4615,Parth Dave,23,M,A1
11424,4616,Pranav Nanda,44,M,A1
11425,4617,Orinder Krishnan,30,M,A1
11426,4617,Ijaya Balan,45,F,A2
11427,4617,Balvan Behl,42,M,A3
11428,4617,Laksh Krishnamurthy,46,M,A4
11429,4618,Diya Dhawan,25,F,A1
11430,4618,Urishilla Raj,30,F,A2
11431,4618,Varsha Anand,22,F,A3
11432,4619,Amruta Bhardwaj,34,F,A1
11433,4619,Ekaraj Bhat,33,M,A2
11434,4619,Dakshesh Balasubramanian,26,M,A3
11435,4619,Chatura Bajwa,22,M,A4
11436,4620,Gopal Sule,43,M,A1
11437,4620,Ishanvi Rau,43,F,A2
11438,4620,Pranav Sampath,28,M,A3
11439,4621,Kiaan Kapoor,35,M,A1
11440,4621,Chaitanya Sarna,27,M,A2
11441,4622,Charles Som,28,M,A1
11442,4622,Nathaniel Narayan,34,M,A2
11443,4622,Umang Nagarajan,38,M,A3
11444,4623,Imaran Raju,24,M,A1
11445,4624,Aryan Kohli,26,M,A1
11446,4624,Balendra Kapur,21,M,A2
11447,4624,Kai Bail,37,M,A3
11448,4624,Tarak Narang,20,M,A4
11449,4625,Ethan Kant,33,M,A1
11450,4625,Amruta Borra,31,F,A2
11451,4625,Benjamin Palla,45,M,A3
11452,4625,Laban Apte,43,M,A4
11453,4626,Vidhi Kata,19,F,A1
11454,4626,Yuvraj Chatterjee,31,M,A2
11455,4626,Krish Sule,40,M,A3
11456,4626,Alka Som,26,F,A4
11457,4627,Jacob Sule,43,M,A1
11458,4627,Sneha Dhingra,40,F,A2
11459,4628,Darsh Walia,25,M,A1
11460,4628,Zashil Nori,31,M,A2
11461,4628,Chandresh Verma,40,M,A3
11462,4628,Ekavir Pingle,44,M,A4
11463,4629,Lakshmi Jani,43,F,A1
11464,4629,Ayush Iyer,47,M,A2
11465,4630,Indrajit Mohanty,41,M,A1
11466,4630,Mason Kade,42,M,A2
11467,4631,Abdul Boase,21,M,A1
11468,4632,Advik Swamy,23,M,A1
11469,4633,Vincent Cheema,29,M,A1
11470,4633,Advay Rege,23,M,A2
11471,4633,Neel Barad,30,M,A3
11472,4634,Samuel Memon,36,M,A1
11473,4634,Arin Doshi,39,M,A2
11474,4634,Udant Rana,20,M,A3
11475,4635,Ishaan Minhas,42,M,A1
11476,4635,Vedika Sathe,20,F,A2
11477,4636,Darpan Gopal,36,M,A1
11478,4636,Kalpit Pandit,27,M,A2
11479,4636,Yuvraj Rout,31,M,A3
11480,4636,Jonathan Bhandari,30,M,A4
11481,4637,Onveer Goel,27,M,A1
11482,4637,Vedant Dash,28,M,A2
11483,4638,Tarak Srivastava,43,M,A1
11484,4638,Imaran Issac,27,M,A2
11485,4638,Omkaar Bhagat,23,M,A3
11486,4638,Maanav Parsa,28,M,A4
11487,4639,Dominic Mody,42,M,A1
11488,4639,Chatura Lalla,22,M,A2
11489,4639,Ishaan Nadig,26,M,A3
11490,4639,Gopal Seshadri,44,M,A4
11491,4640,Reyansh Tak,40,M,A1
11492,4640,Ishwar Sahni,22,M,A2
11493,4641,Sarthak Dara,35,M,A1
11494,4641,Oliver Oommen,29,M,A2
11495,4642,Ekavir Chand,36,M,A1
11496,4642,Kevin Bail,36,M,A2
11497,4642,Siddharth Sachar,41,M,A3
11498,4643,Harrison Kohli,39,M,A1
11499,4643,Vedant Karan,41,M,A2
11500,4643,Darsh Bath,30,M,A3
11501,4644,Tristan Shankar,23,M,A1
11502,4644,Raksha Koshy,39,F,A2
11503,4644,Samarth Lalla,25,M,A3
11504,4645,Gagan Shankar,36,M,A1
11505,4645,Ayush Hegde,44,M,A2
11506,4645,Finn Patla,37,M,A3
11507,4646,Sudiksha Tara,44,F,A1
11508,4646,Abdul Mangat,42,M,A2
11509,4646,Peter Sharaf,45,M,A3
11510,4647,Amol Handa,30,M,A1
11511,4647,Chandresh Dara,25,M,A2
11512,4648,Avi Chauhan,34,M,A1
11513,4648,Gunbir Oza,47,M,A2
11514,4649,Anirudh Upadhyay,21,M,A1
11515,4649,Gopal Mani,34,M,A2
11516,4649,Rehaan Dey,25,M,A3
11517,4650,Yachana Ganesan,30,F,A1
11518,4650,Frado Bhatnagar,47,M,A2
11519,4651,Girish Narang,28,M,A1
11520,4652,Chandran Gola,28,M,A1
11521,4653,Utkarsh Jain,34,M,A1
11522,4653,Pratyush Rajagopal,22,M,A2
11523,4653,Neel Reddy,19,M,A3
11524,4654,Max Vora,39,M,A1
11525,4654,Saanvi Luthra,36,F,A2
11526,4655,Raghav Modi,31,M,A1
11527,4656,Krish Bakshi,39,M,A1
11528,4656,Isaac Pal,30,M,A2
11529,4656,Raghav Ghose,41,M,A3
11530,4657,Abhiram Sarin,31,M,A1
11531,4657,Andrew Rao,41,M,A2
11532,4658,Nicholas Sarkar,40,M,A1
11533,4659,Kashvi Ratta,31,F,A1
11534,4659,Joshua Batta,36,M,A2
11535,4660,Dakshesh Ramesh,22,M,A1
11536,4660,Yagnesh Puri,30,M,A2
11537,4660,Bahadurjit Suresh,41,M,A3
11538,4661,Abhiram Nayak,37,M,A1
11539,4661,Jason Nagarajan,47,M,A2
11540,4661,Tejas Goyal,35,M,A3
11541,4661,Ekaraj Rajagopal,37,M,A4
11542,4662,Manya Deep,44,F,A1
11543,4662,Siddharth Jani,36,M,A2
11544,4662,Zashil Chad,34,M,A3
11545,4663,Balendra Mangal,33,M,A1
11546,4663,Ansh Ganguly,30,M,A2
11547,4664,Chandran Saxena,44,M,A1
11548,4664,Fariq Kaur,34,M,A2
11549,4665,Jai Wagle,27,M,A1
11550,4665,Theodore Dora,44,M,A2
11551,4666,Ekavir Deol,34,M,A1
11552,4666,Umang Babu,21,M,A2
11553,4667,Aashi Chacko,25,F,A1
11554,4667,Jhalak Kant,31,F,A2
11555,4667,Isaac Gulati,27,M,A3
11556,4667,Siddharth Patel,42,M,A4
11557,4668,Zayyan Morar,30,M,A1
11558,4668,Krishna Agarwal,35,M,A2
11559,4669,Vidhi Bir,33,F,A1
11560,4670,Rudra Bhattacharyya,44,M,A1
11561,4670,Daksh Tailor,41,M,A2
11562,4670,Vrishti Dewan,24,F,A3
11563,4671,Omkaar Issac,32,M,A1
11564,4671,Robert Sunder,29,M,A2
11565,4672,Harish Tara,44,M,A1
11566,4672,Krisha Mitra,24,F,A2
11567,4673,Frederick Randhawa,47,M,A1
11568,4674,Aayush Babu,30,M,A1
11569,4674,Teerth Bahri,21,M,A2
11570,4674,Chatura Agate,30,M,A3
11571,4674,Chanakya Om,34,M,A4
11572,4675,Charan Sahni,37,M,A1
11573,4675,Parth De,47,M,A2
11574,4675,Pranit Konda,44,M,A3
11575,4676,Jacob Tandon,43,M,A1
11576,4677,Nisha Swamy,36,F,A1
11577,4678,Hitesh Choudhary,47,M,A1
11578,4678,Amruta Jani,37,F,A2
11579,4678,Kai Warrior,25,M,A3
11580,4679,Jeevika Parekh,25,F,A1
11581,4679,Ekapad Thakkar,31,M,A2
11582,4679,Faris Kala,42,M,A3
11583,4680,William Kalita,39,M,A1
11584,4680,Dev Varughese,38,M,A2
11585,4680,Mohini Edwin,41,F,A3
11586,4681,Ayushman Char,19,M,A1
11587,4681,Yug Acharya,38,M,A2
11588,4682,Rehaan Bhavsar,23,M,A1
11589,4682,Daniel Dora,44,M,A2
11590,4683,Meghana Rau,24,F,A1
11591,4684,Krish Dey,27,M,A1
11592,4684,Jagat Kari,36,M,A2
11593,4684,Max Muni,41,M,A3
11594,4684,Bhavya Chand,47,F,A4
11595,4685,Abdul Menon,26,M,A1
11596,4685,Mohammed Bobal,30,M,A2
11597,4685,Inaya Raju,23,F,A3
11598,4686,Christopher Purohit,23,M,A1
11599,4686,Anmol Mitra,47,M,A2
11600,4686,Pranit Ramaswamy,29,M,A3
11601,4687,Azaan Shukla,32,M,A1
11602,4687,Patrick Bobal,28,M,A2
11603,4687,Madhav Bhandari,41,M,A3
11604,4687,Maanas Bandi,46,M,A4
11605,4688,Wridesh Dey,25,M,A1
11606,4689,Siddharth Sankaran,23,M,A1
11607,4690,Yachana Mital,35,F,A1
11608,4690,Chatura Kanda,40,M,A2
11609,4690,Yahvi Pandey,45,F,A3
11610,4690,Isaac Kumer,44,M,A4
11611,4691,Theodore Padmanabhan,24,M,A1
11612,4692,Timothy Parikh,45,M,A1
11613,4692,Madhav Baral,18,M,A2
11614,4692,Girish Chander,26,M,A3
11615,4692,Liam Sahota,36,M,A4
11616,4693,Tarak Divan,40,M,A1
11617,4693,Lakshit Lata,41,M,A2
11618,4693,Abeer Edwin,32,M,A3
11619,4694,Neel Sur,25,M,A1
11620,4694,Zaid Munshi,26,M,A2
11621,4695,Tanveer Balan,25,M,A1
11622,4695,Nachiket Magar,19,M,A2
11623,4695,Gavin Padmanabhan,34,M,A3
11624,4696,Nitesh Patla,26,M,A1
11625,4696,Balveer Lall,44,M,A2
11626,4697,Jonathan Balakrishnan,42,M,A1
11627,4697,Jatin Pathak,29,M,A2
11628,4698,Xavier Halder,27,M,A1
11629,4698,Omaja Sha,38,F,A2
11630,4698,Dipta Uppal,38,F,A3
11631,4699,Vivaan Kurian,27,M,A1
11632,4699,Liam Pai,37,M,A2
11633,4699,Parth Warrior,34,M,A3
11634,4699,Fiyaz Sekhon,27,M,A4
11635,4700,Yatan Behl,23,M,A1
11636,4701,Advik Pai,26,M,A1
11637,4701,Jatin Kaul,31,M,A2
11638,4702,Ethan Dyal,43,M,A1
11639,4703,Nandini Chawla,42,F,A1
11640,4703,Jason Das,35,M,A2
11641,4703,Samaksh Shah,27,M,A3
11642,4703,Rachit Mistry,20,M,A4
11643,4704,Abdul Mallick,34,M,A1
11644,4704,Finn Venkataraman,33,M,A2
11645,4704,Ekansh Shenoy,42,M,A3
11646,4705,Girindra Sridhar,22,M,A1
11647,4705,Gauri Madan,22,F,A2
11648,4706,Ayush Narula,25,M,A1
11649,4706,Qasim Kala,25,M,A2
11650,4707,Ikshita Madan,37,F,A1
11651,4707,Wyatt Kalita,28,M,A2
11652,4707,Manbir Pai,31,M,A3
11653,4708,Wriddhish Chahal,35,M,A1
11654,4708,Girik Dhar,43,M,A2
11655,4708,Krish Bhalla,44,M,A3
11656,4708,Harrison Kurian,23,M,A4
11657,4709,Rehaan Savant,20,M,A1
11658,4710,Ansh Mittal,21,M,A1
11659,4710,Yagnesh Vohra,22,M,A2
11660,4710,Henry Thakur,33,M,A3
11661,4710,Jack Cheema,41,M,A4
11662,4711,Nakul Verma,33,M,A1
11663,4711,Jairaj Parekh,39,M,A2
11664,4711,Ranveer Koshy,26,M,A3
11665,4712,Vedant Sunder,31,M,A1
11666,4713,Ayushman Seshadri,28,M,A1
11667,4714,Ekavir Bahl,27,M,A1
11668,4715,Gagan Gopal,30,M,A1
11669,4715,Udant Gulati,42,M,A2
11670,4715,Veda Das,22,F,A3
11671,4715,Kalpit Dara,45,M,A4
11672,4716,Hitesh Chanda,35,M,A1
11673,4716,Fiyaz Chaudhuri,42,M,A2
11674,4717,Jack Nair,27,M,A1
11675,4717,Jasmit Arora,29,F,A2
11676,4717,Samarth Nagarajan,29,M,A3
11677,4718,Charan Saha,25,M,A1
11678,4719,Aarush Parsa,24,M,A1
11679,4719,Upma Acharya,28,F,A2
11680,4720,Kalpit Anand,33,M,A1
11681,4720,Farhan Char,29,M,A2
11682,4720,Warinder Gopal,35,M,A3
11683,4720,Dhruv Dixit,30,M,A4
11684,4721,Baljiwan Sarraf,27,M,A1
11685,4721,Ekaraj Sethi,41,M,A2
11686,4722,Udant Krishnan,38,M,A1
11687,4722,Abeer Chaudhary,24,M,A2
11688,4723,Vamakshi Chahal,27,F,A1
11689,4724,Rayaan Parmer,21,M,A1
11690,4725,Zinal Bhargava,28,F,A1
11691,4725,Balendra Mannan,37,M,A2
11692,4726,Sai Banik,35,M,A1
11693,4726,Utkarsh Murty,25,M,A2
11694,4726,Victor Setty,35,M,A3
11695,4726,Elijah Dyal,36,M,A4
11696,4727,Yatin Sawhney,22,M,A1
11697,4727,Zashil Boase,39,M,A2
11698,4728,Tejas Bumb,42,M,A1
11699,4729,Zayyan Kumer,18,M,A1
11700,4730,Ronith Suresh,23,M,A1
11701,4730,Maanav Ray,21,M,A2
11702,4730,Tanay Shere,40,M,A3
11703,4731,Karan Salvi,28,M,A1
11704,4732,Alexander Ganesh,24,M,A1
11705,4733,Teerth Suri,41,M,A1
11706,4733,Siddharth Ram,32,M,A2
11707,4733,Orinder Bir,38,M,A3
11708,4733,Ridhi Kadakia,33,F,A4
11709,4734,Manthan Kata,26,M,A1
11710,4734,Timothy Nagar,39,M,A2
11711,4735,Jason Devi,43,M,A1
11712,4735,Raghav Bansal,25,M,A2
11713,4736,Yagnesh Ben,20,M,A1
11714,4737,Michael Hayer,46,M,A1
11715,4737,Krish Padmanabhan,40,M,A2
11716,4737,Max Kannan,30,M,A3
11717,4738,Zehaan Mahal,38,M,A1
11718,4738,Wishi Sastry,24,F,A2
11719,4739,Vincent Pant,36,M,A1
11720,4739,Wyatt Rajagopal,44,M,A2
11721,4740,Nathaniel Dani,26,M,A1
11722,4740,Amruta Shah,27,F,A2
11723,4741,Theodore Rana,46,M,A1
11724,4741,Ikbal Narang,34,M,A2
11725,4741,Maanas Dua,26,M,A3
11726,4742,Nakul Oza,43,M,A1
11727,4742,Finn Shetty,47,M,A2
11728,4742,Liam Magar,45,M,A3
11729,4742,Oscar Jain,37,M,A4
11730,4743,Fiyaz Issac,40,M,A1
11731,4743,Hemangini Peri,32,F,A2
11732,4744,Sai Pai,22,M,A1
11733,4745,Akshay Khanna,28,M,A1
11734,4745,Qabil Pingle,44,M,A2
11735,4745,Ayaan Behl,39,M,A3
11736,4746,Girindra Sarin,24,M,A1
11737,4746,Anmol Yogi,41,M,A2
11738,4747,Jason Kaur,34,M,A1
11739,4747,Ekapad Kohli,41,M,A2
11740,4747,Dakshesh Arya,24,M,A3
11741,4747,Upkaar Ganguly,40,M,A4
11742,4748,Zayan Chaudry,40,M,A1
11743,4748,Ubika Barman,27,F,A2
11744,4748,Krishna Subramaniam,28,M,A3
11745,4748,Dalaja Narain,38,F,A4
11746,4749,Noah Trivedi,39,M,A1
11747,4750,Rajata Atwal,21,F,A1
11748,4750,Umang Wadhwa,35,M,A2
11749,4751,Oscar Lanka,29,M,A1
11750,4751,Indira Kurian,30,F,A2
11751,4752,Noah Varma,31,M,A1
11752,4752,Krishna Babu,30,F,A2
11753,4752,Ryan Bora,36,M,A3
11754,4752,Ekansh Dey,41,M,A4
11755,4753,Abeer Varghese,36,M,A1
11756,4754,Michael Nori,27,M,A1
11757,4754,Hardik Mannan,44,M,A2
11758,4754,Farhan Gulati,26,M,A3
11759,4755,Imaran Shah,24,M,A1
11760,4755,Bakhshi Borah,46,M,A2
11761,4755,Hardik Hora,47,M,A3
11762,4756,Advay Munshi,27,M,A1
11763,4756,Januja Kohli,42,F,A2
11764,4757,Mitali Pandya,30,F,A1
11765,4757,Jacob Sachar,44,M,A2
11766,4757,Parth Khosla,36,M,A3
11767,4758,Frado Sastry,21,M,A1
11768,4759,Ekansh Varughese,41,M,A1
11769,4759,Amara De,19,F,A2
11770,4760,Banjeet Boase,45,M,A1
11771,4760,Girik Khalsa,31,M,A2
11772,4760,Abdul Sachar,46,M,A3
11773,4761,Laksh Pant,39,M,A1
11774,4761,Dakshesh Mital,38,M,A2
11775,4761,Timothy Bhatt,27,M,A3
11776,4762,Manthan Ghose,42,M,A1
11777,4762,Chatresh Kala,28,M,A2
11778,4762,Harsh Kalla,33,M,A3
11779,4762,Chakradhar Kibe,34,M,A4
11780,4763,Girish Balakrishnan,40,M,A1
11781,4763,Ira Agarwal,24,F,A2
11782,4763,Zayan Swaminathan,24,M,A3
11783,4764,Ganga Bedi,33,F,A1
11784,4765,Aarush Saran,25,M,A1
11785,4766,Lohit Mitra,46,M,A1
11786,4766,Yatin Korpal,37,M,A2
11787,4767,Yagnesh Sachdev,40,M,A1
11788,4768,Ekapad Shankar,33,M,A1
11789,4768,Thomas Raju,22,M,A2
11790,4769,Zaid Patil,29,M,A1
11791,4769,Mohammed Bhatnagar,29,M,A2
11792,4769,Gagan Shanker,39,M,A3
11793,4769,Jeet Boase,46,M,A4
11794,4770,Mohammed Edwin,35,M,A1
11795,4770,Jai Jaggi,21,M,A2
11796,4770,Dalaja Varkey,20,F,A3
11797,4771,Gavin Nayak,39,M,A1
11798,4771,Bhavya Doshi,46,F,A2
11799,4771,Aryan Mangat,19,M,A3
11800,4771,Saksham Loke,36,M,A4
11801,4772,Ekansh Dara,24,M,A1
11802,4772,Advika Khare,31,F,A2
11803,4773,Radhika Lanka,23,F,A1
11804,4774,Rehaan Dhingra,24,M,A1
11805,4774,Krishna Mani,22,M,A2
11806,4775,Ayush Ghose,23,M,A1
11807,4775,Omkaar Padmanabhan,37,M,A2
11808,4775,Wriddhish Deo,24,M,A3
11809,4775,Logan Minhas,30,M,A4
11810,4776,Jagat Dhaliwal,45,M,A1
11811,4776,Liam Purohit,41,M,A2
11812,4776,Umang Kapur,41,M,A3
11813,4777,Aarnav Bhatnagar,19,M,A1
11814,4777,Reyansh Balan,43,M,A2
11815,4777,Zehaan Shah,20,M,A3
11816,4777,Advay Sem,41,M,A4
11817,4778,Pranav Trivedi,33,M,A1
11818,4778,Abhiram Bhatia,36,M,A2
11819,4778,Lucky Vohra,21,M,A3
11820,4778,Nachiket Ram,32,M,A4
11821,4779,Ayushman Samra,21,M,A1
11822,4780,Samesh Sani,31,M,A1
11823,4781,Lipika Dara,39,F,A1
11824,4781,Neel Sani,25,M,A2
11825,4781,Tripti Prabhakar,38,F,A3
11826,4782,Chaitaly Vig,43,F,A1
11827,4783,Janani Sridhar,38,F,A1
11828,4783,Kalpit Saxena,41,M,A2
11829,4784,Sathvik Bhatti,24,M,A1
11830,4784,Indrajit Rastogi,25,M,A2
11831,4784,Arjun Subramanian,32,M,A3
11832,4784,Ekalinga Batra,29,M,A4
11833,4785,Chanchal Korpal,29,F,A1
11834,4786,Jagdish Bora,38,M,A1
11835,4786,Benjamin Madan,24,M,A2
11836,4787,Joshua Oommen,39,M,A1
11837,4788,Zansi Raja,34,F,A1
11838,4788,Andrew Palla,28,M,A2
11839,4788,Shivansh Biswas,41,M,A3
11840,4789,Lohit Mander,40,M,A1
11841,4789,Jatin Pandit,26,M,A2
11842,4789,Timothy Bhat,42,M,A3
11843,4790,Eshana Kata,28,F,A1
11844,4790,Chatresh Tailor,42,M,A2
11845,4791,Jhalak Mandal,36,F,A1
11846,4791,Victor Shankar,27,M,A2
11847,4791,Balveer Cheema,39,M,A3
11848,4792,Gagan Bal,41,M,A1
11849,4793,Wridesh Garde,45,M,A1
11850,4793,Maanas Babu,44,M,A2
11851,4794,Chakradev Panchal,25,M,A1
11852,4795,Gavin Pai,24,M,A1
11853,4795,Chakradev Pillai,45,M,A2
11854,4796,Manbir Shetty,24,M,A1
11855,4796,Lucky Naik,27,M,A2
11856,4797,Ishaan Raju,28,M,A1
11857,4798,Balvan Borah,35,M,A1
11858,4798,Jatin Sane,27,M,A2
11859,4799,Daniel Kaul,21,M,A1
11860,4799,Zashil Sanghvi,35,M,A2
11861,4800,Tejas Mangal,25,M,A1
11862,4801,Liam Som,25,M,A1
11863,4801,Aditya Khare,46,M,A2
11864,4802,Maanav Bawa,35,M,A1
11865,4802,Aadi Dyal,45,M,A2
11866,4803,Alexander Nagarajan,46,M,A1
11867,4803,Thomas Sandal,31,M,A2
11868,4803,Maanav Arora,31,M,A3
11869,4803,Faraj Ramanathan,41,M,A4
11870,4804,Chatresh Savant,19,M,A1
11871,4804,Dalbir Dyal,27,M,A2
11872,4805,Dhruv Mutti,35,M,A1
11873,4806,Sarthak Kurian,25,M,A1
11874,4806,Krisha Wason,43,F,A2
11875,4807,Lohit Joshi,47,M,A1
11876,4807,Avi Anne,24,M,A2
11877,4807,Hritik Chokshi,23,M,A3
11878,4808,Diya Kumer,48,F,A1
11879,4809,Jagvi Bajaj,43,F,A1
11880,4809,Eta Chhabra,26,F,A2
11881,4809,Gavin Bera,46,M,A3
11882,4809,Chatura Dada,29,M,A4
11883,4810,Logan Shere,27,M,A1
11884,4810,Imaran Rajan,44,M,A2
11885,4810,Rohan Apte,39,M,A3
11886,4811,Indrajit Kaur,34,M,A1
11887,4812,Vasudha Nadig,45,F,A1
11888,4812,Yuvraj Deshpande,24,M,A2
11889,4812,Faraj Prasad,23,M,A3
11890,4813,Amrita Bhattacharyya,25,F,A1
11891,4813,Forum Batra,44,F,A2
11892,4813,Sai Parsa,32,M,A3
11893,4814,Darsh Gupta,29,M,A1
11894,4814,Joshua Thakkar,46,M,A2
11895,4814,Yuvraj Deep,43,M,A3
11896,4814,Anusha Ramanathan,31,F,A4
11897,4815,Raagini Sarna,30,F,A1
11898,4815,Zashil Kibe,27,M,A2
11899,4816,Ikbal Viswanathan,21,M,A1
11900,4816,Abhiram Nayak,36,M,A2
11901,4816,Manthan Bhalla,35,M,A3
11902,4817,Aarush Anne,27,M,A1
11903,4817,Zinal Kade,29,F,A2
11904,4817,Girish Mittal,33,M,A3
11905,4818,Ikbal Seth,27,M,A1
11906,4818,Akshay Chaudhari,21,M,A2
11907,4819,Qadim Doctor,35,M,A1
11908,4819,Samar Gupta,21,M,A2
11909,4819,Simon Din,38,M,A3
11910,4819,Atharv Lad,34,M,A4
11911,4820,Maanav Keer,38,M,A1
11912,4821,Farhan Dugal,34,M,A1
11913,4821,Ojas Dhar,36,M,A2
11914,4822,Ansh Baral,40,M,A1
11915,4822,Isaac Nayar,22,M,A2
11916,4822,Balvan Jain,34,M,A3
11917,4822,Patrick Shenoy,48,M,A4
11918,4823,Aditya Goswami,32,M,A1
11919,4823,Omaja Thaman,21,F,A2
11920,4823,Nicholas Sawhney,43,M,A3
11921,4823,Imaran Suresh,26,M,A4
11922,4824,Anya Deshmukh,43,F,A1
11923,4824,Gaurangi Prasad,30,F,A2
11924,4825,Viraj Edwin,42,M,A1
11925,4825,Warinder Bhatia,43,M,A2
11926,4826,Januja Bava,29,F,A1
11927,4826,Orinder Goswami,30,M,A2
11928,4826,Wyatt Iyer,39,M,A3
11929,4827,Meghana Mann,21,F,A1
11930,4827,Advay Bhat,46,M,A2
11931,4827,Onveer Nagy,41,M,A3
11932,4828,Hemal Dugar,45,F,A1
11933,4828,Jack Sethi,34,M,A2
11934,4829,Chanakya Sahni,29,M,A1
11935,4829,Veda Patel,19,F,A2
11936,4829,Turvi Balay,35,F,A3
11937,4829,Ira Tata,28,F,A4
11938,4830,Advaith De,40,M,A1
11939,4831,Harshil Ghose,23,M,A1
11940,4831,Advay Raman,25,M,A2
11941,4831,Patrick Garde,28,M,A3
11942,4832,Nirja Bail,34,F,A1
11943,4832,Viraj Balay,42,M,A2
11944,4833,Ojas Brahmbhatt,29,M,A1
11945,4833,Lohit Barad,45,M,A2
11946,4833,Hardik Kant,46,M,A3
11947,4833,Abhiram Morar,45,M,A4
11948,4834,Tarak Behl,27,M,A1
11949,4834,Yatin Rai,38,M,A2
11950,4835,Yashasvi Dutt,32,F,A1
11951,4835,Brijesh Varma,41,M,A2
11952,4836,Lakshmi Luthra,25,F,A1
11953,4836,Akshay Soni,28,M,A2
11954,4836,Balendra Randhawa,25,M,A3
11955,4836,Benjamin Kale,28,M,A4
11956,4837,Baljiwan Badal,25,M,A1
11957,4838,Ranveer Pandey,22,M,A1
11958,4838,Nakul Mand,30,M,A2
11959,4838,Samesh Desai,33,M,A3
11960,4839,Ayushman Sen,35,M,A1
11961,4839,Raagini Bhat,41,F,A2
11962,4839,Girish Kanda,36,M,A3
11963,4840,Lohit Nayar,46,M,A1
11964,4840,Daksh Jhaveri,23,M,A2
11965,4840,Parth Menon,40,M,A3
11966,4841,Ranbir Puri,22,M,A1
11967,4841,Amol Kadakia,42,M,A2
11968,4841,Daksh Dani,28,M,A3
11969,4842,Jairaj Batta,27,M,A1
11970,4842,Gabriel Mishra,26,M,A2
11971,4842,Tanvi Mannan,45,F,A3
11972,4842,Yatan Babu,39,M,A4
11973,4843,Praneel Narayanan,36,M,A1
11974,4843,Watika Kunda,42,F,A2
11975,4843,Christopher Rastogi,24,M,A3
11976,4843,Pranav Sundaram,35,M,A4
11977,4844,Teerth Nagy,37,M,A1
11978,4844,Yuvraj Vora,30,M,A2
11979,4844,Ethan Mital,42,M,A3
11980,4845,Balhaar Chokshi,24,M,A1
11981,4845,Ayush Arya,19,M,A2
11982,4845,Lipika Arora,25,F,A3
11983,4846,Vedika Shenoy,45,F,A1
11984,4846,Girik Contractor,26,M,A2
11985,4846,Guneet Pillai,41,M,A3
11986,4847,Harsh Kalla,35,M,A1
11987,4847,Michael Shan,24,M,A2
11988,4847,Nathan Prabhu,40,M,A3
11989,4847,Viraj Swaminathan,32,M,A4
11990,4848,Yadavi Merchant,22,F,A1
11991,4848,Fariq Comar,30,M,A2
11992,4849,Nidhi Nagy,30,F,A1
11993,4850,Hitesh Narang,32,M,A1
11994,4851,Balendra Uppal,23,M,A1
11995,4851,Samesh Sankar,43,M,A2
11996,4852,Onveer Madan,31,M,A1
11997,4853,Ethan Ben,37,M,A1
11998,4853,Harrison Chakrabarti,37,M,A2
11999,4853,Neel Swaminathan,26,M,A3
12000,4854,Jagat Thakkar,22,M,A1
12001,4854,Praneel Wali,35,M,A2
12002,4855,Balvan Thakur,38,M,A1
12003,4856,Hitesh Mandal,25,M,A1
12004,4856,Peter Menon,25,M,A2
12005,4856,Praneel Pradhan,25,M,A3
12006,4856,Ojas Ratti,27,M,A4
12007,4857,Finn Tripathi,31,M,A1
12008,4857,Bahadurjit Chad,38,M,A2
12009,4857,Wahab Balakrishnan,45,M,A3
12010,4858,Rushil Sarkar,46,M,A1
12011,4858,Garima Buch,22,F,A2
12012,4858,Yash Mandal,19,M,A3
12013,4858,Nachiket Chokshi,42,M,A4
12014,4859,Jagat Majumdar,36,M,A1
12015,4859,Michael Uppal,23,M,A2
12016,4859,Manan Walia,26,M,A3
12017,4859,Hritik Dhillon,19,M,A4
12018,4860,Patrick Thakkar,45,M,A1
12019,4860,Laksh Nadig,45,M,A2
12020,4860,Manbir Dhillon,31,M,A3
12021,4861,Max Chacko,48,M,A1
12022,4861,Chatura Barman,42,M,A2
12023,4861,Tanveer Prabhu,34,M,A3
12024,4861,Zaid Mukhopadhyay,38,M,A4
12025,4862,Gaurav Bhalla,31,M,A1
12026,4863,Ekaja Ravi,32,F,A1
12027,4864,Darsh Boase,25,M,A1
12028,4864,Benjamin Gour,23,M,A2
12029,4864,Faras Sarraf,35,M,A3
12030,4864,Chandran Panchal,33,M,A4
12031,4865,Harshil Dutt,45,M,A1
12032,4865,Jagdish Dar,22,M,A2
12033,4865,Yashica Kalita,24,F,A3
12034,4866,Manbir Dara,21,M,A1
12035,4866,Mugdha Balakrishnan,39,F,A2
12036,4866,Daniel Wason,45,M,A3
12037,4867,Kiaan Verma,19,M,A1
12038,4867,Vedika Gupta,23,F,A2
12039,4868,Robert Nadig,33,M,A1
12040,4868,Faraj Rau,30,M,A2
12041,4868,Yagnesh Pandey,36,M,A3
12042,4869,Rohan Dara,31,M,A1
12043,4869,Ekapad Vala,30,M,A2
12044,4869,Chatura Cherian,37,M,A3
12045,4870,Yuvraj Singh,29,M,A1
12046,4870,Wazir Mistry,42,M,A2
12047,4870,Rachit Deshmukh,46,M,A3
12048,4870,Vincent Aggarwal,34,M,A4
12049,4871,Balveer Saha,34,M,A1
12050,4872,Daksh Randhawa,40,M,A1
12051,4872,Teerth Suri,31,M,A2
12052,4872,Bachittar Rau,29,M,A3
12053,4872,Atharv Ravel,32,M,A4
12054,4873,Kiaan Deshpande,32,M,A1
12055,4873,Panini Bhardwaj,39,F,A2
12056,4873,Zehaan Vaidya,42,M,A3
12057,4873,Madhav Pandya,44,M,A4
12058,4874,Nitesh Goel,35,M,A1
12059,4874,Sarthak Sama,34,M,A2
12060,4874,Jagat Chopra,38,M,A3
12061,4875,Viraj Zacharia,37,M,A1
12062,4876,Advik Raman,28,M,A1
12063,4876,Manthan Nanda,29,M,A2
12064,4876,Turvi Swamy,27,F,A3
12065,4876,Azad Agarwal,26,M,A4
12066,4877,Max Goswami,18,M,A1
12067,4877,Parth Sharma,25,M,A2
12068,4877,Pranit Goyal,29,M,A3
12069,4877,Abdul Babu,27,M,A4
12070,4878,Gavin Soni,32,M,A1
12071,4878,Nihal Walla,19,M,A2
12072,4878,Dhriti Toor,34,F,A3
12073,4878,Chandran Bhattacharyya,20,M,A4
12074,4879,Oscar Muni,40,M,A1
12075,4880,Gopal Khosla,24,M,A1
12076,4880,Amol Bakshi,42,M,A2
12077,4880,Champak Chowdhury,43,M,A3
12078,4881,Abdul Ganguly,45,M,A1
12079,4881,Jack Parmer,37,M,A2
12080,4881,Jagdish Nagar,44,M,A3
12081,4881,Lohit Bath,41,M,A4
12082,4882,Maanas Bobal,30,M,A1
12083,4882,Harita Venkataraman,23,F,A2
12084,4882,David Nadig,31,M,A3
12085,4882,Gabriel Hans,29,M,A4
12086,4883,Maanav Goyal,40,M,A1
12087,4884,Irya Konda,23,F,A1
12088,4884,Daksh Datta,38,M,A2
12089,4884,William Chanda,40,M,A3
12090,4885,Upkaar Shetty,45,M,A1
12091,4885,Wahab Sethi,45,M,A2
12092,4885,Advik Dewan,24,M,A3
12093,4885,Veer Borah,27,M,A4
12094,4886,Tarak Choudhary,41,M,A1
12095,4886,Umang Oza,46,M,A2
12096,4887,Ayush Barad,43,M,A1
12097,4888,Nicholas Krishnan,47,M,A1
12098,4889,Chatresh Solanki,36,M,A1
12099,4889,Ethan Sarma,37,M,A2
12100,4889,Arin Chaudhuri,34,M,A3
12101,4889,Vivaan Bal,39,M,A4
12102,4890,Azaan Dasgupta,44,M,A1
12103,4890,Sachi Karan,36,F,A2
12104,4891,Rayaan Bhakta,27,M,A1
12105,4891,Nachiket Oak,34,M,A2
12106,4892,Nathaniel Yadav,25,M,A1
12107,4892,Abdul Merchant,33,M,A2
12108,4892,Sarthak Bhardwaj,22,M,A3
12109,4893,Yagnesh Sharma,36,M,A1
12110,4893,Ayushman Sinha,25,M,A2
12111,4894,Gabriel Sura,21,M,A1
12112,4895,Ayushman Ahluwalia,40,M,A1
12113,4896,Harrison Biswas,42,M,A1
12114,4896,Rachit Nigam,34,M,A2
12115,4897,Faraj Khosla,44,M,A1
12116,4897,Kashish Singhal,24,F,A2
12117,4898,Waida Parekh,35,F,A1
12118,4898,Bachittar Raja,33,M,A2
12119,4899,Rushil Chakrabarti,30,M,A1
12120,4900,Darpan Shanker,28,M,A1
12121,4901,Owen Joshi,35,M,A1
12122,4901,Mitesh Sant,42,M,A2
12123,4901,Ranbir Karan,28,M,A3
12124,4902,Avi Bhakta,23,M,A1
12125,4902,Kai Kala,38,M,A2
12126,4903,Balhaar Chowdhury,43,M,A1
12127,4903,Netra Sani,43,F,A2
12128,4904,Jairaj Grewal,34,M,A1
12129,4904,Ekapad Gade,42,M,A2
12130,4904,Aadhya Chaudhary,45,F,A3
12131,4904,Indrajit Dyal,32,M,A4
12132,4905,Ekbal Lad,30,M,A1
12133,4905,Wishi Krishna,29,F,A2
12134,4906,Udarsh Chaudhuri,34,M,A1
12135,4906,Bhavya Dada,25,F,A2
12136,4906,Vivaan Kapur,40,M,A3
12137,4906,Aryan Sachar,33,M,A4
12138,4907,Vihaan Grewal,44,M,A1
12139,4907,Rachit Jha,24,M,A2
12140,4907,Upkaar Comar,35,M,A3
12141,4908,Ojas Morar,23,M,A1
12142,4908,Maanas Menon,32,M,A2
12143,4908,Jatin Kanda,42,M,A3
12144,4909,Ekavir Kalla,39,M,A1
12145,4909,Matthew Tandon,27,M,A2
12146,4909,Siya Vyas,20,F,A3
12147,4910,Balendra Karpe,41,M,A1
12148,4910,Avi Joshi,39,M,A2
12149,4910,Upkaar Shankar,43,M,A3
12150,4911,Yashvi Sahota,25,F,A1
12151,4911,Isaac Kale,33,M,A2
12152,4911,Imaran Mitra,23,M,A3
12153,4911,Yatan Goyal,45,M,A4
12154,4912,Chanakya Dani,41,M,A1
12155,4912,Sathvik Wadhwa,25,M,A2
12156,4913,Hritik Naik,40,M,A1
12157,4913,Liam Hegde,46,M,A2
12158,4913,Daksh Basu,24,M,A3
12159,4913,Chandran Shetty,29,M,A4
12160,4914,Laksh Barman,30,M,A1
12161,4914,Agastya Kari,27,M,A2
12162,4914,Ryan Dayal,22,M,A3
12163,4915,Zayan Buch,41,M,A1
12164,4915,Dalbir Sachar,44,M,A2
12165,4915,Nidra Vala,24,F,A3
12166,4915,Bakhshi Choudhury,32,M,A4
12167,4916,Advaith Biswas,37,M,A1
12168,4916,Shaurya Manne,26,M,A2
12169,4916,Onkar Badami,40,M,A3
12170,4916,Yug Narayanan,26,M,A4
12171,4917,George Kapadia,30,M,A1
12172,4918,William Ganesh,42,M,A1
12173,4919,Champak Salvi,18,M,A1
12174,4919,Fiyaz Sawhney,37,M,A2
12175,4920,Rudra Mangat,21,M,A1
12176,4920,Abha Gandhi,22,F,A2
12177,4920,Isaiah Chatterjee,43,M,A3
12178,4920,Maanas Andra,44,M,A4
12179,4921,Bachittar Swamy,23,M,A1
12180,4921,Wyatt Tata,22,M,A2
12181,4921,Imaran Dugar,47,M,A3
12182,4922,Chatura Lad,25,M,A1
12183,4922,Aarnav Balasubramanian,44,M,A2
12184,4923,Fitan Devi,31,M,A1
12185,4923,Nilima Jaggi,42,F,A2
12186,4924,Avi Mangat,28,M,A1
12187,4924,Aditya Raman,43,M,A2
12188,4924,Baljiwan Tata,21,M,A3
12189,4924,Nidhi Mukhopadhyay,25,F,A4
12190,4925,Aryan Arora,36,M,A1
12191,4925,Jagdish Prakash,21,M,A2
12192,4926,Ansh Soman,34,M,A1
12193,4926,Frederick Varma,33,M,A2
12194,4926,Advaith Hayre,35,M,A3
12195,4927,Tarak Wali,23,M,A1
12196,4927,Warjas Bedi,24,M,A2
12197,4927,Tarak Kurian,33,M,A3
12198,4927,Max Mitra,26,M,A4
12199,4928,Utkarsh Kaur,45,M,A1
12200,4928,Yamini Nagarajan,43,F,A2
12201,4928,Girindra Patel,22,M,A3
12202,4928,Edhitha Dave,45,F,A4
12203,4929,Bakhshi Munshi,36,M,A1
12204,4929,Nathaniel Wagle,41,M,A2
12205,4929,Amaira Banik,36,F,A3
12206,4930,Quincy Swaminathan,26,M,A1
12207,4930,William Zachariah,30,M,A2
12208,4930,Anirudh Bhandari,25,M,A3
12209,4931,Atharv Sathe,40,M,A1
12210,4931,Bahadurjit Srinivas,36,M,A2
12211,4931,Falan Deol,40,M,A3
12212,4931,Ayush Chawla,42,M,A4
12213,4932,Chandani Setty,36,F,A1
12214,4932,Michael Raja,39,M,A2
12215,4933,Ekansh Mahajan,34,M,A1
12216,4933,Max Shanker,25,M,A2
12217,4933,Hemang Mukhopadhyay,22,M,A3
12218,4934,Noah Ravi,20,M,A1
12219,4934,Ekbal Sarma,30,M,A2
12220,4934,Wriddhish Hegde,29,M,A3
12221,4935,Wriddhish Sathe,44,M,A1
12222,4935,Krish Ramesh,36,M,A2
12223,4936,Anusha Chowdhury,41,F,A1
12224,4937,Devika Sarkar,37,F,A1
12225,4937,Waida Loyal,34,F,A2
12226,4937,Kalpit Chada,27,M,A3
12227,4938,Rachit Bhat,35,M,A1
12228,4938,Chanakya Vaidya,43,M,A2
12229,4939,Brijesh Soman,21,M,A1
12230,4940,Ekbal Parmer,23,M,A1
12231,4941,Udarsh Golla,44,M,A1
12232,4942,Gabriel Dhar,37,M,A1
12233,4942,Xalak Koshy,44,F,A2
12234,4943,Isaac Deshpande,32,M,A1
12235,4943,Hitesh Dutta,40,M,A2
12236,4943,Peter Mody,44,M,A3
12237,4944,Tanveer Nayak,35,M,A1
12238,4945,Chandresh Gera,38,M,A1
12239,4945,Rudra Kannan,38,M,A2
12240,4945,Jeremiah Murthy,38,M,A3
12241,4945,Girik Ganesh,29,M,A4
12242,4946,Ikbal Sane,38,M,A1
12243,4947,Patrick Balasubramanian,47,M,A1
12244,4947,Bakhshi Bhasin,27,M,A2
12245,4948,Faras Bhatia,24,M,A1
12246,4949,Balveer Nagar,48,M,A1
12247,4950,Qadim Majumdar,40,M,A1
12248,4951,Yutika Sant,43,F,A1
12249,4951,Zarna Sabharwal,40,F,A2
12250,4951,Charan Goyal,30,M,A3
12251,4952,Nachiket Sehgal,29,M,A1
12252,4952,Timothy Patla,32,M,A2
12253,4952,Logan Ganguly,25,M,A3
12254,4952,Quincy Murty,26,M,A4
12255,4953,Gopal Dubey,22,M,A1
12256,4953,Qabil Butala,39,M,A2
12257,4954,Gavin Sarna,32,M,A1
12258,4954,Vasudha Goyal,48,F,A2
12259,4954,Jagdish Saraf,44,M,A3
12260,4955,Sai Karnik,32,M,A1
12261,4956,Falan Shukla,43,M,A1
12262,4956,Abdul Joshi,28,M,A2
12263,4956,Chanakya Srinivasan,34,M,A3
12264,4957,Ranbir Mishra,24,M,A1
12265,4957,Karan Shroff,37,M,A2
12266,4957,Laban Doshi,38,M,A3
12267,4957,Siddharth Raval,47,M,A4
12268,4958,Baljiwan Dixit,45,M,A1
12269,4959,Darsh Thaman,29,M,A1
12270,4960,Bachittar Ray,24,M,A1
12271,4960,Rachit Kapadia,36,M,A2
12272,4960,Gautam Maharaj,44,M,A3
12273,4961,Jairaj Lanka,32,M,A1
12274,4961,Tanvi Dey,44,F,A2
12275,4961,Elijah Nagi,33,M,A3
12276,4962,Ekaraj Chowdhury,21,M,A1
12277,4963,Advaith Jhaveri,20,M,A1
12278,4964,Rishi Kuruvilla,29,M,A1
12279,4964,Yashvi Prabhu,23,F,A2
12280,4965,Alexander Naidu,29,M,A1
12281,4965,Aayush Seth,25,M,A2
12282,4965,Amrita Minhas,37,F,A3
12283,4966,Jackson Chopra,43,M,A1
12284,4966,Kamya Sidhu,43,F,A2
12285,4966,Pratyush Khatri,26,M,A3
12286,4967,Gopal Gara,33,M,A1
12287,4968,Ikbal Varughese,37,M,A1
12288,4968,Logan Sanghvi,36,M,A2
12289,4969,Hema Solanki,30,F,A1
12290,4970,Frederick Rao,21,M,A1
12291,4971,Champak Chauhan,47,M,A1
12292,4971,Shivansh Bhalla,25,M,A2
12293,4971,Jeevika Taneja,34,F,A3
12294,4971,Naveen Nayar,33,M,A4
12295,4972,Laban Chakraborty,38,M,A1
12296,4972,Hema Kannan,29,F,A2
12297,4972,Baljiwan Mohan,42,M,A3
12298,4973,Gautam Chokshi,22,M,A1
12299,4973,Kiaan Bandi,29,M,A2
12300,4973,Aayush Chopra,31,M,A3
12301,4974,Chatura Banerjee,22,M,A1
12302,4975,Madhav Mahajan,40,M,A1
12303,4975,Nathaniel Saha,30,M,A2
12304,4976,Nakul Warrior,33,M,A1
12305,4977,Udarsh Kara,32,M,A1
12306,4977,Xavier Koshy,36,M,A2
12307,4977,Brijesh Rajagopal,41,M,A3
12308,4977,Advay Dey,21,M,A4
12309,4978,Dominic Shukla,25,M,A1
12310,4978,Jatin Sarraf,30,M,A2
12311,4979,Rehaan Raja,30,M,A1
12312,4980,Ekansh Karan,42,M,A1
12313,4980,Fiyaz Bumb,29,M,A2
12314,4981,Omisha Venkatesh,19,F,A1
12315,4982,Pahal Mistry,42,F,A1
12316,4982,Tristan Lad,25,M,A2
12317,4983,Mason Ray,32,M,A1
12318,4983,Neel Bawa,35,M,A2
12319,4983,Ryan Shan,25,M,A3
12320,4984,Aarnav Oak,42,M,A1
12321,4984,Abhiram Kapur,29,M,A2
12322,4985,Neel Patla,30,M,A1
12323,4985,Anya Mall,42,F,A2
12324,4985,Yashoda Sehgal,37,F,A3
12325,4986,Jagat Pathak,32,M,A1
12326,4986,Sai Venkataraman,38,M,A2
12327,4987,Yuvraj Sarna,27,M,A1
12328,4987,Chanakya Sami,40,M,A2
12329,4987,Yagnesh Mandal,24,M,A3
12330,4988,Advika Badal,23,F,A1
12331,4988,Lakshmi Mander,33,F,A2
12332,4989,Jagdish Prakash,23,M,A1
12333,4990,Zashil Radhakrishnan,34,M,A1
12334,4991,Faraj Chada,30,M,A1
12335,4991,Darsh Korpal,42,M,A2
12336,4991,Bhanumati Minhas,23,F,A3
12337,4992,Patrick Gulati,44,M,A1
12338,4993,Urvashi Lata,35,F,A1
12339,4993,Reyansh Borah,31,M,A2
12340,4994,Vedant Thakkar,26,M,A1
12341,4994,Amruta Dyal,29,F,A2
12342,4994,Owen Hayer,20,M,A3
12343,4994,Owen Nadkarni,38,M,A4
12344,4995,Gagan Pandit,40,M,A1
12345,4996,Veer Doshi,28,M,A1
12346,4997,Balvan Johal,22,M,A1
12347,4997,Pooja Bhavsar,40,F,A2
12348,4998,Samarth Gokhale,38,M,A1
12349,4999,Wyatt Batra,38,M,A1
12350,4999,Xavier Kala,44,M,A2
12351,5000,Harish Devi,36,M,A1
12352,5000,Praneel Dugal,40,M,A2
12353,5001,Madhav Palla,35,M,A1
12354,5002,Ayaan Garde,37,M,A1
12355,5003,Jatin Mody,45,M,A1
12356,5003,Hitesh Bansal,18,M,A2
12357,5003,Aadi Sethi,24,M,A3
12358,5004,Naksh Bhakta,26,M,A1
12359,5005,Jonathan Ratta,28,M,A1
12360,5005,Hemang Sinha,35,M,A2
12361,5006,Laksh Nagi,32,M,A1
12362,5006,Faris Hegde,46,M,A2
12363,5007,Janani Rajagopalan,40,F,A1
12364,5008,Onveer Salvi,33,M,A1
12365,5009,Rishi Devi,44,M,A1
12366,5009,Falan Kota,34,M,A2
12367,5009,Omkaar Kadakia,32,M,A3
12368,5010,Oliver Ramanathan,35,M,A1
12369,5011,Caleb Bhardwaj,30,M,A1
12370,5011,Rohan Peri,41,M,A2
12371,5011,Anmol Randhawa,32,M,A3
12372,5011,Agastya Behl,25,M,A4
12373,5012,Utkarsh Choudhary,30,M,A1
12374,5013,Girish Savant,40,M,A1
12375,5013,Praneel Taneja,35,M,A2
12376,5013,Zehaan Kaur,39,M,A3
12377,5013,Yatan Dixit,43,M,A4
12378,5014,Brijesh Ghosh,23,M,A1
12379,5014,Daniel Shere,34,M,A2
12380,5015,Falan Rout,26,M,A1
12381,5015,Siddharth Chacko,30,M,A2
12382,5015,Yochana Keer,45,F,A3
12383,5016,Abha Tara,39,F,A1
12384,5016,Bakhshi Char,40,M,A2
12385,5016,Advay Shetty,32,M,A3
12386,5016,Upkaar Bahri,24,M,A4
12387,5017,Mason Rout,38,M,A1
12388,5017,Ekavir Rout,45,M,A2
12389,5017,Raghav Doshi,31,M,A3
12390,5017,Oscar Bassi,33,M,A4
12391,5018,Jairaj Kalita,33,M,A1
12392,5019,Bachittar Dave,39,M,A1
12393,5019,Girik Taneja,44,M,A2
12394,5019,Wyatt Narain,27,M,A3
12395,5020,Gaurav Yadav,28,M,A1
12396,5020,Nathaniel Ravel,30,M,A2
12397,5020,Harrison Chowdhury,29,M,A3
12398,5021,Aarav Gopal,23,M,A1
12399,5022,Lakshit Bansal,45,M,A1
12400,5022,Sai Butala,27,M,A2
12401,5022,Ishwar Jaggi,25,M,A3
12402,5022,Darsh Bhardwaj,21,M,A4
12403,5023,Ikbal Sant,41,M,A1
12404,5023,Mohammed Dayal,38,M,A2
12405,5023,Chakradhar Sant,35,M,A3
12406,5024,Ekbal Sachdev,37,M,A1
12407,5024,Tristan Vig,33,M,A2
12408,5025,Ekalinga Lal,28,M,A1
12409,5025,Yatin Grewal,37,M,A2
12410,5026,Hitesh Mallick,29,M,A1
12411,5027,Zaitra Ganguly,43,F,A1
12412,5027,Leela Palla,34,F,A2
12413,5028,Henry Goel,33,M,A1
12414,5028,Faraj Nagi,19,M,A2
12415,5029,Ayushman Shukla,32,M,A1
12416,5030,Gaurika Kohli,31,F,A1
12417,5030,Sai Konda,31,M,A2
12418,5031,Simon Sood,21,M,A1
12419,5031,Balendra Pai,36,M,A2
12420,5031,Aarush Mitra,27,M,A3
12421,5031,Champak Saxena,34,M,A4
12422,5032,Anirudh Dara,22,M,A1
12423,5032,Chanakya Nanda,33,M,A2
12424,5033,Manbir Banik,22,M,A1
12425,5033,Chanakya Gill,34,M,A2
12426,5034,Vidhi Savant,26,F,A1
12427,5034,Maanas Deep,26,M,A2
12428,5035,Farhan Hegde,27,M,A1
12429,5035,Jairaj Joshi,40,M,A2
12430,5035,Aarush Sunder,22,M,A3
12431,5035,Advaith Cheema,27,M,A4
12432,5036,Charan Dada,37,M,A1
12433,5037,Isaac Kale,30,M,A1
12434,5037,Qasim Borra,18,M,A2
12435,5037,Anthony Zachariah,44,M,A3
12436,5038,Charvi Madan,36,F,A1
12437,5038,Advik Chaudhari,34,M,A2
12438,5038,Parth Dayal,23,M,A3
12439,5039,Ekavir Deol,34,M,A1
12440,5039,Yatan Babu,27,M,A2
12441,5040,Kevin Savant,28,M,A1
12442,5040,Jyoti Dara,26,F,A2
12443,5040,Alexander Batta,37,M,A3
12444,5041,Vincent Bala,33,M,A1
12445,5041,Dominic Mody,44,M,A2
12446,5041,Owen Date,33,M,A3
12447,5042,Ojas Kapadia,40,M,A1
12448,5042,Lakshit Modi,23,M,A2
12449,5042,Nitesh Ramakrishnan,25,M,A3
12450,5042,Rishi Shroff,43,M,A4
12451,5043,Ekansh Mital,33,M,A1
12452,5043,Hardik Nagar,38,M,A2
12453,5043,Patrick Chakraborty,26,M,A3
12454,5043,Devansh Shetty,32,M,A4
12455,5044,Omkaar Sane,42,M,A1
12456,5044,Aarush Nath,42,M,A2
12457,5044,Eta Bhatt,39,F,A3
12458,5044,Madhavi Ratti,35,F,A4
12459,5045,Samarth Batra,24,M,A1
12460,5046,Advay De,31,M,A1
12461,5046,Zaid Mukhopadhyay,39,M,A2
12462,5046,Harita Walia,44,F,A3
12463,5047,Vedant Dutt,30,M,A1
12464,5048,Utkarsh Tara,35,M,A1
12465,5049,Chaitanya Rama,21,M,A1
12466,5050,Zashil Prabhakar,45,M,A1
12467,5050,Yatin Shenoy,44,M,A2
12468,5050,Amol Kamdar,26,M,A3
12469,5051,Caleb Wable,34,M,A1
12470,5052,Omkaar Sridhar,44,M,A1
12471,5052,Fariq Sarin,44,M,A2
12472,5052,Ethan Virk,48,M,A3
12473,5052,Mitesh Cheema,29,M,A4
12474,5053,Faris Narang,41,M,A1
12475,5053,Thomas Dubey,42,M,A2
12476,5053,Darsh Parmar,25,M,A3
12477,5053,David Patla,35,M,A4
12478,5054,Ekapad Parsa,45,M,A1
12479,5054,Tanish Pall,33,M,A2
12480,5054,Om Bhatti,40,M,A3
12481,5054,Tanveer Patel,24,M,A4
12482,5055,Ishwar Dutt,32,M,A1
12483,5055,Kashish Cherian,23,F,A2
12484,5055,Jeet Batra,33,M,A3
12485,5056,Simon Tata,46,M,A1
12486,5056,Charles Tailor,40,M,A2
12487,5056,Harini Patla,39,F,A3
12488,5057,Dev Mital,36,M,A1
12489,5057,Vedant Panchal,26,M,A2
12490,5057,Chatura Koshy,23,M,A3
12491,5058,Bhavika Zacharia,27,F,A1
12492,5058,Ayaan Andra,35,M,A2
12493,5059,Benjamin Naidu,25,M,A1
12494,5059,Raghav Mitra,24,M,A2
12495,5059,Nathaniel Uppal,22,M,A3
12496,5059,Inaya Master,44,F,A4
12497,5060,Akshay Karnik,45,M,A1
12498,5060,Atharv Chahal,40,M,A2
12499,5060,Bachittar Choudhury,31,M,A3
12500,5061,Urvi Saini,25,F,A1
12501,5061,Ryan Tata,29,M,A2
12502,5061,Onveer Tank,23,M,A3
12503,5061,Frado Acharya,22,M,A4
12504,5062,George Bhatia,23,M,A1
12505,5063,Aarnav Baria,36,M,A1
12506,5063,Rishi Mammen,21,M,A2
12507,5063,Mitesh Gade,36,M,A3
12508,5064,Omkaar Banik,47,M,A1
12509,5065,Abhimanyu Ganesan,37,M,A1
12510,5065,Ishaan Narain,42,M,A2
12511,5065,Amara Sodhi,25,F,A3
12512,5066,Libni Raju,22,F,A1
12513,5066,Qadim Salvi,38,M,A2
12514,5067,Michael Mukhopadhyay,44,M,A1
12515,5067,Shivansh Sampath,24,M,A2
12516,5067,Dalbir Mangat,26,M,A3
12517,5068,Shivansh Chaudhari,46,M,A1
12518,5068,Naveen Prashad,28,M,A2
12519,5068,Ryan Warrior,37,M,A3
12520,5068,Kai Dada,35,M,A4
12521,5069,Megha Babu,43,F,A1
12522,5069,Xavier Gupta,29,M,A2
12523,5070,Balvan Karnik,47,M,A1
12524,5070,Henry Nori,46,M,A2
12525,5070,Gabriel Saini,34,M,A3
12526,5070,Udarsh Banik,23,M,A4
12527,5071,Oscar Krish,43,M,A1
12528,5071,Ekapad Patel,36,M,A2
12529,5072,Neel Mand,37,M,A1
12530,5072,Aarav Arora,32,M,A2
12531,5073,Abdul Thaman,36,M,A1
12532,5073,Wakeeta Sridhar,36,F,A2
12533,5074,Gunbir Nayak,41,M,A1
12534,5074,Matthew Brar,35,M,A2
12535,5074,Gaurav Rama,31,M,A3
12536,5074,Sathvik Mani,48,M,A4
12537,5075,Chatresh Khurana,30,M,A1
12538,5075,Maanav Pathak,35,M,A2
12539,5075,Harinakshi Dugal,23,F,A3
12540,5075,Gabriel Sura,20,M,A4
12541,5076,Xavier Mody,43,M,A1
12542,5076,Ekbal Sangha,23,M,A2
12543,5076,Falan Dutt,24,M,A3
12544,5076,Qushi Venkataraman,39,F,A4
12545,5077,Arin Parekh,41,M,A1
12546,5077,Hredhaan Thakkar,43,M,A2
12547,5077,Jack Chopra,41,M,A3
12548,5077,Tejas Dugar,45,M,A4
12549,5078,Frado Kapur,35,M,A1
12550,5078,Jeet Prashad,34,M,A2
12551,5078,Noah Thakkar,46,M,A3
12552,5079,Rohan Chana,41,M,A1
12553,5079,Zansi Balan,44,F,A2
12554,5080,Manan Shere,42,M,A1
12555,5080,Thomas Chad,35,M,A2
12556,5080,Anirudh Bajwa,32,M,A3
12557,5080,Aachal Ben,23,F,A4
12558,5081,Indrajit Dave,28,M,A1
12559,5082,Zayyan Mitter,20,M,A1
12560,5083,Saksham Chaudhuri,34,M,A1
12561,5083,Geetika Singh,31,F,A2
12562,5083,Rehaan Madan,41,M,A3
12563,5083,Chakrika Dada,37,F,A4
12564,5084,Dominic Korpal,21,M,A1
12565,5084,Aarav Saraf,42,M,A2
12566,5084,Kai Dada,34,M,A3
12567,5085,Hardik Desai,28,M,A1
12568,5085,Akshay Reddy,41,M,A2
12569,5086,Qabil Rajagopalan,35,M,A1
12570,5087,Mohini Devan,28,F,A1
12571,5087,Noah Badal,31,M,A2
12572,5087,Luke Bhakta,26,M,A3
12573,5087,Patrick Barman,41,M,A4
12574,5088,Gaurav Rajagopalan,34,M,A1
12575,5088,Onveer Edwin,30,M,A2
12576,5088,Bhavna Sodhi,34,F,A3
12577,5089,Anamika Bhakta,38,F,A1
12578,5089,Bahadurjit Kalla,38,M,A2
12579,5090,Faras Kalita,30,M,A1
12580,5090,William Nadig,43,M,A2
12581,5090,Meera Mann,48,F,A3
12582,5091,Tanish Amble,44,M,A1
12583,5092,Yash Chauhan,23,M,A1
12584,5093,Peter Koshy,28,M,A1
12585,5093,Dalbir Chakrabarti,26,M,A2
12586,5093,Aarav Palan,20,M,A3
12587,5094,Rudra Ratti,27,M,A1
12588,5095,Azad Loke,35,M,A1
12589,5096,Azad Buch,22,M,A1
12590,5096,Michael Lanka,39,M,A2
12591,5097,Onkar Mital,46,M,A1
12592,5097,Jacob Saini,36,M,A2
12593,5097,Faqid Thaker,29,M,A3
12594,5097,Ishaan Dua,25,M,A4
12595,5098,Umang Shere,42,M,A1
12596,5099,Utkarsh Rana,30,M,A1
12597,5099,Brijesh Ben,37,M,A2
12598,5099,Tarak Iyer,39,M,A3
12599,5099,Finn Vasa,37,M,A4
12600,5100,Peter Shetty,23,M,A1
12601,5100,Timothy Dutt,37,M,A2
12602,5101,Akshay Konda,26,M,A1
12603,5101,Saksham Sampath,28,M,A2
12604,5101,Jacob Bawa,27,M,A3
12605,5102,Chakradev Jani,19,M,A1
12606,5102,Maya Sani,46,F,A2
12607,5102,Ansh Buch,32,M,A3
12608,5102,Chaitanya Pau,26,M,A4
12609,5103,Shaurya Rastogi,38,M,A1
12610,5103,Onkar Shan,22,M,A2
12611,5104,Harrison Chakrabarti,37,M,A1
12612,5104,Aditya Chawla,21,M,A2
12613,5104,Yatan Ravi,29,M,A3
12614,5104,Sneha Majumdar,35,F,A4
12615,5105,Frado Savant,44,M,A1
12616,5105,Vedant Jain,30,M,A2
12617,5106,Zayyan Saxena,34,M,A1
12618,5106,Aarush Halder,32,M,A2
12619,5106,Aarav Roy,18,M,A3
12620,5106,Warda Kara,42,F,A4
12621,5107,Timothy Dugar,36,M,A1
12622,5107,Tanish Raja,31,M,A2
12623,5107,Bhanumati Brar,25,F,A3
12624,5108,Alexander Thaker,24,M,A1
12625,5108,Yug Dubey,26,M,A2
12626,5108,Owen Sanghvi,39,M,A3
12627,5109,Michael Dash,29,M,A1
12628,5110,Wazir Rao,36,M,A1
12629,5111,Mohammed Hegde,26,M,A1
12630,5112,Abdul Suri,26,M,A1
12631,5112,Reyansh Kalita,26,M,A2
12632,5112,Yasti Vig,36,F,A3
12633,5113,Tarak Choudhary,44,M,A1
12634,5114,Abhiram Kara,36,M,A1
12635,5115,Joshua Dutt,39,M,A1
12636,5115,Kevin Dave,45,M,A2
12637,5115,Zayyan Chauhan,28,M,A3
12638,5116,Dakshesh Sarin,42,M,A1
12639,5116,Kiaan Ganesh,45,M,A2
12640,5116,Darpan Viswanathan,40,M,A3
12641,5117,Yatin Arya,25,M,A1
12642,5117,Daniel Varma,46,M,A2
12643,5117,Sudiksha Date,37,F,A3
12644,5118,Wahab Kamdar,26,M,A1
12645,5118,Naveen Dua,39,M,A2
12646,5118,Nathan Tak,40,M,A3
12647,5119,Baljiwan Parsa,32,M,A1
12648,5119,Yatan Kata,26,M,A2
12649,5119,Wriddhish Narasimhan,44,M,A3
12650,5119,Samaksh Karan,24,M,A4
12651,5120,Fitan Dutta,32,M,A1
12652,5120,Hemang Sabharwal,24,M,A2
12653,5120,Jeremiah Nayar,23,M,A3
12654,5121,Amrita Pillai,30,F,A1
12655,5121,Mohammed Krishnamurthy,34,M,A2
12656,5122,Falan Setty,20,M,A1
12657,5122,Hemang Handa,39,M,A2
12658,5123,Yatan Khatri,38,M,A1
12659,5123,Aarush Warrior,22,M,A2
12660,5123,Samesh Chaudhry,44,M,A3
12661,5124,Azad Aurora,36,M,A1
12662,5124,Ayushman Menon,29,M,A2
12663,5125,Quincy Reddy,36,M,A1
12664,5125,Chatura Sagar,25,M,A2
12665,5125,Gauri Sant,43,F,A3
12666,5125,Aayush Gandhi,22,M,A4
12667,5126,Teerth Rajagopalan,39,M,A1
12668,5126,Advaith Bir,36,M,A2
12669,5127,Ranbir Sunder,24,M,A1
12670,5127,Dakshesh Raju,38,M,A2
12671,5128,Imaran Bains,40,M,A1
12672,5129,Liam Chaudhary,24,M,A1
12673,5129,Hritik Pandit,43,M,A2
12674,5129,Vivaan Din,48,M,A3
12675,5129,Warjas Bhatnagar,40,M,A4
12676,5130,Ekaraj Sibal,20,M,A1
12677,5131,Baljiwan Sheth,24,M,A1
12678,5132,Warda Konda,39,F,A1
12679,5132,Laksh Khare,35,M,A2
12680,5132,Azad Pradhan,28,M,A3
12681,5133,Bakhshi Ramesh,41,M,A1
12682,5134,Karan Swamy,26,M,A1
12683,5135,Theodore Vora,35,M,A1
12684,5135,Chatresh Dugal,43,M,A2
12685,5136,Rehaan Tiwari,21,M,A1
12686,5137,Owen Barad,26,M,A1
12687,5138,Harrison Sachdeva,43,M,A1
12688,5139,Pahal Sundaram,20,F,A1
12689,5140,Dev Shankar,28,M,A1
12690,5141,Darpan Tiwari,41,M,A1
12691,5141,Chakradhar Ghosh,42,M,A2
12692,5141,Arunima Buch,25,F,A3
12693,5141,Bachittar Sabharwal,30,M,A4
12694,5142,Fitan Lalla,30,M,A1
12695,5142,Umang Mahal,38,M,A2
12696,5142,Anay Savant,31,M,A3
12697,5143,Gopal Sarna,33,M,A1
12698,5144,Daksh Lall,36,M,A1
12699,5144,Samuel Malhotra,35,M,A2
12700,5144,Raghav Chacko,24,M,A3
12701,5145,Qarin Chokshi,43,M,A1
12702,5146,Jeet Keer,29,M,A1
12703,5146,Madhav Biswas,30,M,A2
12704,5146,Aachal Garg,23,F,A3
12705,5146,Anay Borah,45,M,A4
12706,5147,Veer Agarwal,32,M,A1
12707,5147,Gagan Sahota,30,M,A2
12708,5147,Jai Dixit,36,M,A3
12709,5148,Aarna Baria,39,F,A1
12710,5148,Ekapad De,31,M,A2
12711,5148,Charvi Subramanian,26,F,A3
12712,5148,Samaksh Bassi,18,M,A4
12713,5149,Jeremiah Setty,23,M,A1
12714,5149,Advik Gara,35,M,A2
12715,5149,Gagan Sheth,34,M,A3
12716,5149,Advay Loyal,31,M,A4
12717,5150,Dominic Shankar,37,M,A1
12718,5151,Atharv Borde,48,M,A1
12719,5151,Rehaan Loke,26,M,A2
12720,5151,Orinder Saha,41,M,A3
12721,5152,Ishaan Dalal,33,M,A1
12722,5152,Lekha Vasa,46,F,A2
12723,5152,Zinal Goel,21,F,A3
12724,5152,Aryan Ramakrishnan,42,M,A4
12725,5153,Jeremiah Nayar,25,M,A1
12726,5153,Ikbal Deshmukh,31,M,A2
12727,5153,Tejas Raj,41,M,A3
12728,5154,Ikbal Handa,32,M,A1
12729,5155,Elijah Bhargava,25,M,A1
12730,5156,Upkaar Radhakrishnan,43,M,A1
12731,5156,Jeet Dara,36,M,A2
12732,5156,Rehaan Kari,47,M,A3
12733,5157,Aayush Dutt,39,M,A1
12734,5157,Vedant Sahota,22,M,A2
12735,5157,Charan Dugar,34,M,A3
12736,5158,Ayushman Bhagat,34,M,A1
12737,5159,Christopher Bhat,32,M,A1
12738,5159,Aryan Ghose,32,M,A2
12739,5159,Daksh Aggarwal,25,M,A3
12740,5159,Wridesh Vaidya,43,M,A4
12741,5160,Qadim Mangal,26,M,A1
12742,5160,Balveer Ramesh,40,M,A2
12743,5160,Lohit Dewan,35,M,A3
12744,5160,Qadim Pillay,33,M,A4
12745,5161,Gagan Behl,35,M,A1
12746,5162,Nitesh Muni,31,M,A1
12747,5162,Samaksh Kala,32,M,A2
12748,5163,Gautam Kunda,18,M,A1
12749,5163,Faraj Gour,24,M,A2
12750,5163,Advay Atwal,36,M,A3
12751,5164,Teerth Bhat,35,M,A1
12752,5164,Agastya Sankar,35,M,A2
12753,5165,Owen Balay,38,M,A1
12754,5165,Dakshesh Sarin,42,M,A2
12755,5165,Qasim Loke,19,M,A3
12756,5166,Bishakha Parekh,32,F,A1
12757,5167,Timothy Khosla,48,M,A1
12758,5168,Oliver Talwar,41,M,A1
12759,5169,Charan Sampath,20,M,A1
12760,5169,Girik Rama,28,M,A2
12761,5169,Hardik Ramesh,36,M,A3
12762,5169,Leena Kaur,18,F,A4
12763,5170,Niharika Lata,25,F,A1
12764,5170,Oliver Nagarajan,22,M,A2
12765,5170,Reyansh Khalsa,43,M,A3
12766,5171,Shivansh Chandran,23,M,A1
12767,5171,Mason Mishra,32,M,A2
12768,5172,Zaid Manne,24,M,A1
12769,5172,Jack Hora,46,M,A2
12770,5172,Faras Nagarajan,36,M,A3
12771,5172,Mitesh Rao,37,M,A4
12772,5173,Jatin Chowdhury,28,M,A1
12773,5173,Indrajit Nayak,27,M,A2
12774,5173,Bachittar Hayer,43,M,A3
12775,5173,Sathvik Dixit,36,M,A4
12776,5174,Omkaar Borra,32,M,A1
12777,5175,Jatin Cheema,26,M,A1
12778,5175,Rajata Seth,20,F,A2
12779,5175,Tanay Pillai,44,M,A3
12780,5176,Siddharth Acharya,25,M,A1
12781,5176,Adya Sundaram,42,F,A2
12782,5177,Pranit Narain,44,M,A1
12783,5177,Charita Bawa,30,F,A2
12784,5178,Azaan Nagar,46,M,A1
12785,5179,Mohammed Deol,42,M,A1
12786,5180,Teerth Kadakia,48,M,A1
12787,5180,Warinder Viswanathan,44,M,A2
12788,5180,Parth Mahajan,22,M,A3
12789,5181,Kiaan Gole,46,M,A1
12790,5181,Naksh Bhargava,29,M,A2
12791,5181,Logan Sanghvi,35,M,A3
12792,5181,Charan Puri,45,M,A4
12793,5182,Fitan Kant,27,M,A1
12794,5182,Agastya Kothari,40,M,A2
12795,5182,Alexander Morar,23,M,A3
12796,5183,Naksh Aggarwal,26,M,A1
12797,5183,Ubika Salvi,44,F,A2
12798,5184,Hardik Upadhyay,25,M,A1
12799,5184,Yug Reddy,26,M,A2
12800,5185,Rayaan Divan,31,M,A1
12801,5186,Samuel Aggarwal,41,M,A1
12802,5186,Faqid Atwal,33,M,A2
12803,5187,Divya Jaggi,30,F,A1
12804,5187,Mohammed Deshpande,31,M,A2
12805,5187,Praneel Amble,27,M,A3
12806,5187,Kiaan Brahmbhatt,37,M,A4
12807,5188,Abha Chada,27,F,A1
12808,5188,Kalpit Mand,25,M,A2
12809,5188,Hardik Ranganathan,21,M,A3
12810,5188,Ekavir Nagar,26,M,A4
12811,5189,Jeet Grover,29,M,A1
12812,5189,Neel Narayanan,45,M,A2
12813,5189,Aachal Hayer,23,F,A3
12814,5189,Ishwar Puri,19,M,A4
12815,5190,Quincy Ranganathan,41,M,A1
12816,5190,Advaith Bala,29,M,A2
12817,5191,Gavin De,24,M,A1
12818,5192,Ladli Soman,24,F,A1
12819,5192,Jason Manne,36,M,A2
12820,5192,Mitesh Gera,20,M,A3
12821,5192,Ekalinga Apte,41,M,A4
12822,5193,Chandran Mannan,23,M,A1
12823,5194,Samesh Chana,24,M,A1
12824,5194,Gabriel Khurana,39,M,A2
12825,5194,Saksham Walia,22,M,A3
12826,5194,Kashvi Agarwal,38,F,A4
12827,5195,Mitali Pandya,31,F,A1
12828,5195,William Dhar,31,M,A2
12829,5195,Rudra Agrawal,27,M,A3
12830,5196,Abhimanyu Kalita,41,M,A1
12831,5196,Mohammed Rout,21,M,A2
12832,5196,Hritik Bhandari,23,M,A3
12833,5196,Lohit Thakkar,27,M,A4
12834,5197,Ayushman Char,21,M,A1
12835,5198,Frado Modi,39,M,A1
12836,5198,Ekta Bal,40,F,A2
12837,5198,Gabriel Bains,34,M,A3
12838,5199,Elijah Tara,21,M,A1
12839,5199,Hemang Kamdar,19,M,A2
12840,5199,Zehaan Bahri,40,M,A3
12841,5200,Manan Tandon,44,M,A1
12842,5200,Dhruv Dar,39,M,A2
12843,5200,Zashil Mitter,29,M,A3
12844,5201,Manan Nagarajan,36,M,A1
12845,5201,Andrew Tak,24,M,A2
12846,5202,Pranav Mishra,45,M,A1
12847,5202,Aditya Srivastava,29,M,A2
12848,5202,Dalbir Singhal,19,M,A3
12849,5202,Qabil Bhalla,47,M,A4
12850,5203,Caleb Sidhu,44,M,A1
12851,5203,Baghyawati Ramaswamy,33,F,A2
12852,5203,Radha Bedi,46,F,A3
12853,5204,Jagdish Sura,47,M,A1
12854,5204,Nihal Contractor,33,M,A2
12855,5204,Aarini Iyengar,38,F,A3
12856,5204,Chaitanya Verma,40,M,A4
12857,5205,Bachittar Kumer,47,M,A1
12858,5205,Jairaj Ramaswamy,39,M,A2
12859,5205,Robert Kashyap,19,M,A3
12860,5206,David Magar,32,M,A1
12861,5207,Utkarsh Sur,28,M,A1
12862,5207,Maanav Pau,47,M,A2
12863,5207,Xavier Patil,22,M,A3
12864,5208,Ayush Chadha,27,M,A1
12865,5209,Azad Dalal,38,M,A1
12866,5210,Raghav Ramakrishnan,28,M,A1
12867,5210,Kai Som,32,M,A2
12868,5211,Devansh Pant,27,M,A1
12869,5212,Jack Bala,25,M,A1
12870,5212,Ekalinga Chopra,35,M,A2
12871,5212,Jai Chada,24,M,A3
12872,5213,Hardik Rao,29,M,A1
12873,5214,Tarak Toor,22,M,A1
12874,5215,Darsh Badami,35,M,A1
12875,5215,Isaiah Zacharia,27,M,A2
12876,5215,Kiaan Soni,26,M,A3
12877,5215,Jeet Radhakrishnan,40,M,A4
12878,5216,Gabriel Cheema,35,M,A1
12879,5216,Samar Dhar,39,M,A2
12880,5216,Vyanjana Kulkarni,25,F,A3
12881,5217,Tanveer Chakrabarti,30,M,A1
12882,5217,Manya Dave,37,F,A2
12883,5217,Mohammed Kuruvilla,21,M,A3
12884,5218,Manan Mall,40,M,A1
12885,5219,Reyansh Samra,34,M,A1
12886,5219,Ishaan Raj,41,M,A2
12887,5220,Samarth Barad,24,M,A1
12888,5220,Fitan Gola,41,M,A2
12889,5221,Krishna Dalal,27,M,A1
12890,5221,Robert Bhargava,41,M,A2
12891,5221,Yatan Ramaswamy,31,M,A3
12892,5222,Raghav Konda,38,M,A1
12893,5223,Oscar Mistry,31,M,A1
12894,5223,Guneet Kamdar,48,M,A2
12895,5224,Bachittar Mitter,30,M,A1
12896,5225,Oliver Parsa,45,M,A1
12897,5225,Fitan Bhandari,42,M,A2
12898,5226,Aditya Shetty,42,M,A1
12899,5227,Harshil Verma,25,M,A1
12900,5227,Tanish Sharaf,41,M,A2
12901,5228,Agastya Nori,33,M,A1
12902,5228,Faqid Hegde,30,M,A2
12903,5229,Zayyan Tara,46,M,A1
12904,5229,Advik Bajwa,33,M,A2
12905,5229,Jagrati Sinha,42,F,A3
12906,5230,Azad Reddy,47,M,A1
12907,5231,Vincent Nagy,47,M,A1
12908,5231,Balvan D’Alia,26,M,A2
12909,5231,Abhimanyu Chana,42,M,A3
12910,5232,Mason Sule,21,M,A1
12911,5232,Kiaan Khanna,22,M,A2
12912,5233,Akshay Jaggi,20,M,A1
12913,5233,Onkar Samra,41,M,A2
12914,5234,Ekalinga Swamy,34,M,A1
12915,5235,Hardik Bhargava,40,M,A1
12916,5235,Tristan Talwar,32,M,A2
12917,5235,Gaurang Ravi,43,M,A3
12918,5236,Rudra Bhardwaj,24,M,A1
12919,5237,Rachit Yadav,42,M,A1
12920,5237,Ansh Khalsa,21,M,A2
12921,5237,Panini Behl,37,F,A3
12922,5238,Nihal Bhasin,32,M,A1
12923,5238,Meera Sarna,21,F,A2
12924,5238,Aarush Saini,29,M,A3
12925,5238,Gunbir Borde,34,M,A4
12926,5239,Balveer Bhardwaj,35,M,A1
12927,5240,Chatura Gandhi,30,M,A1
12928,5240,Yahvi Kapoor,29,F,A2
12929,5240,Balvan Prashad,25,M,A3
12930,5241,Omkaar Bahri,45,M,A1
12931,5241,Vihaan Ganesh,35,M,A2
12932,5242,Jairaj Ram,37,M,A1
12933,5242,Finn Taneja,39,M,A2
12934,5243,Eshana Vohra,31,F,A1
12935,5244,Hitesh Rajan,40,M,A1
12936,5244,Jagat Butala,39,M,A2
12937,5245,Nathan Goda,33,M,A1
12938,5245,Rohan Varkey,33,M,A2
12939,5246,Ekavir Thakur,39,M,A1
12940,5247,Benjamin Ratta,34,M,A1
12941,5247,Abeer Ramakrishnan,42,M,A2
12942,5248,Anika Gala,22,F,A1
12943,5248,Azad Ganguly,44,M,A2
12944,5248,Chatresh Devan,46,M,A3
12945,5248,Mitesh Swaminathan,45,M,A4
12946,5249,Zehaan Aurora,43,M,A1
12947,5249,Geetika Nayar,43,F,A2
12948,5249,Charles Kalla,28,M,A3
12949,5250,Balveer Nadig,35,M,A1
12950,5250,Advay Prasad,19,M,A2
12951,5251,Pavani Yadav,43,F,A1
12952,5251,Samaksh Dar,22,M,A2
12953,5251,Advik Misra,33,M,A3
12954,5251,Xavier Sachar,38,M,A4
12955,5252,Oscar Bhatia,39,M,A1
12956,5252,Jack Sagar,31,M,A2
12957,5252,Michael Prabhakar,43,M,A3
12958,5253,Nakul Prabhakar,46,M,A1
12959,5253,Dev Mutti,45,M,A2
12960,5253,Aarav Palla,37,M,A3
12961,5253,Ethan Mand,38,M,A4
12962,5254,Omaja Mody,46,F,A1
12963,5255,Umang Dutta,40,M,A1
12964,5256,Nathan Sha,24,M,A1
12965,5257,Oliver Anand,27,M,A1
12966,5258,Ranbir Shan,40,M,A1
12967,5258,Rushil Radhakrishnan,40,M,A2
12968,5258,Zehaan Devan,32,M,A3
12969,5259,Avni Mohan,29,F,A1
12970,5259,Lohit Contractor,45,M,A2
12971,5259,Faqid Kaur,31,M,A3
12972,5260,Jai Koshy,39,M,A1
12973,5260,Manthan Reddy,32,M,A2
12974,5260,Sathvik Wali,30,M,A3
12975,5261,Gavin Ganguly,33,M,A1
12976,5262,Nathan Saini,35,M,A1
12977,5262,Krish Khanna,36,M,A2
12978,5262,Max Kumar,23,M,A3
12979,5262,Samesh Morar,42,M,A4
12980,5263,Timothy Atwal,27,M,A1
12981,5263,Pranit Joshi,32,M,A2
12982,5264,Amol Kurian,34,M,A1
12983,5264,Michael Malhotra,45,M,A2
12984,5264,Kalpit Rattan,42,M,A3
12985,5264,Faqid Dhaliwal,21,M,A4
12986,5265,Imaran Nanda,35,M,A1
12987,5265,Ojas Luthra,33,M,A2
12988,5265,Tanveer Kohli,27,M,A3
12989,5265,Fariq Sawhney,31,M,A4
12990,5266,Sathvik Sule,33,M,A1
12991,5266,Zayan Dasgupta,27,M,A2
12992,5267,Aadi Chaudhry,22,M,A1
12993,5267,Chaitanya Sharaf,33,M,A2
12994,5267,Lucky Mander,44,M,A3
12995,5268,George Bala,33,M,A1
12996,5269,Hitesh Sagar,45,M,A1
12997,5269,Ayush Sachdeva,31,M,A2
12998,5270,Darsh Dayal,26,M,A1
12999,5270,Charles Singhal,27,M,A2
13000,5271,Ayushman Padmanabhan,43,M,A1
13001,5271,Zayan Mannan,43,M,A2
13002,5271,Krisha Wason,40,F,A3
13003,5271,Tara Samra,34,F,A4
13004,5272,Ranbir Sundaram,43,M,A1
13005,5272,Aarav Nagy,24,M,A2
13006,5272,Darsh Buch,30,M,A3
13007,5272,Ayushman Kala,23,M,A4
13008,5273,Maanas Bail,30,M,A1
13009,5273,Elijah Modi,41,M,A2
13010,5274,Samesh Varty,37,M,A1
13011,5274,Abdul Behl,48,M,A2
13012,5274,Elijah Mall,34,M,A3
13013,5274,Gagan Thakur,28,M,A4
13014,5275,Anvi Mannan,40,F,A1
13015,5276,Siddharth Padmanabhan,40,M,A1
13016,5276,Bhavya Chaudhuri,20,F,A2
13017,5276,Reva Parekh,33,F,A3
13018,5276,Wridesh Bhagat,29,M,A4
13019,5277,Abhimanyu Mann,43,M,A1
13020,5277,Faqid Bakshi,27,M,A2
13021,5278,Atharv Koshy,35,M,A1
13022,5278,Umang Bumb,29,M,A2
13023,5279,Vinaya Borah,37,F,A1
13024,5279,Andrew Kunda,23,M,A2
13025,5280,Maanas Rai,20,M,A1
13026,5280,Reyansh Sant,33,M,A2
13027,5280,Udarsh Saran,46,M,A3
13028,5280,Kiaan Sundaram,45,M,A4
13029,5281,Imaran Lala,36,M,A1
13030,5281,Manbir Shah,46,M,A2
13031,5281,Chatresh Narasimhan,22,M,A3
13032,5281,Yutika Barman,25,F,A4
13033,5282,Warinder Khanna,47,M,A1
13034,5282,Atharv Saraf,42,M,A2
13035,5282,Ayushman Bobal,46,M,A3
13036,5283,Hema Tata,29,F,A1
13037,5283,Jackson Gola,34,M,A2
13038,5283,Raghav Karpe,36,M,A3
13039,5284,Chakradev Murthy,39,M,A1
13040,5285,Sarthak Dube,24,M,A1
13041,5285,Ranveer Nori,44,M,A2
13042,5286,Vrinda Joshi,26,F,A1
13043,5286,Anika Mittal,26,F,A2
13044,5286,Nitara Dhillon,22,F,A3
13045,5287,Lucky Barad,45,M,A1
13046,5288,Banjeet Sibal,43,M,A1
13047,5288,Yuvraj Ramanathan,26,M,A2
13048,5289,Hritik Sachdev,43,M,A1
13049,5289,Bakhshi Din,26,M,A2
13050,5289,Aayush Bhatnagar,27,M,A3
13051,5289,Harrison Patel,22,M,A4
13052,5290,Pranav Raja,23,M,A1
13053,5290,Gaurang Chaudhuri,39,M,A2
13054,5290,Dhruv Vala,29,M,A3
13055,5290,Ishita Nagy,24,F,A4
13056,5291,Vihaan Kaul,25,M,A1
13057,5292,Chaitanya Subramanian,40,M,A1
13058,5292,Jagat Chand,30,M,A2
13059,5292,Karan Kapur,31,M,A3
13060,5293,Neel Bath,29,M,A1
13061,5293,Udarsh Prabhu,20,M,A2
13062,5293,Wridesh Sarin,24,M,A3
13063,5293,Viraj Chopra,32,M,A4
13064,5294,Falan Trivedi,29,M,A1
13065,5294,Vritti Chada,30,F,A2
13066,5295,Frederick Modi,34,M,A1
13067,5295,Yagnesh Yohannan,35,M,A2
13068,5296,Qabil Pai,35,M,A1
13069,5296,Rushil Boase,43,M,A2
13070,5296,Pranav Oza,29,M,A3
13071,5296,Ekaraj Agrawal,26,M,A4
13072,5297,Anay Chahal,25,M,A1
13073,5297,Aradhana Padmanabhan,30,F,A2
13074,5297,Bhavna Sethi,34,F,A3
13075,5297,Krishna Kota,45,M,A4
13076,5298,Anay Pillay,21,M,A1
13077,5299,Aashi Bawa,37,F,A1
13078,5299,Abdul Biswas,28,M,A2
13079,5299,Zaid Gokhale,27,M,A3
13080,5300,Gaurika Narasimhan,23,F,A1
13081,5300,Orinder Konda,43,M,A2
13082,5301,Ganga Bhat,19,F,A1
13083,5302,Pahal Tata,28,F,A1
13084,5302,Girik Sem,38,M,A2
13085,5303,Fariq Kapadia,26,M,A1
13086,5304,Veer Gera,24,M,A1
13087,5304,Jackson Deshpande,28,M,A2
13088,5305,Girish Sarna,25,M,A1
13089,5305,Girik Garde,43,M,A2
13090,5306,Nitesh Suresh,42,M,A1
13091,5306,Forum Mannan,39,F,A2
13092,5306,Agastya Pillai,20,M,A3
13093,5307,Siya Verma,33,F,A1
13094,5307,Nitesh Bhattacharyya,26,M,A2
13095,5307,Arunima Divan,43,F,A3
13096,5308,Joshua Saran,24,M,A1
13097,5309,Ayushman Kala,26,M,A1
13098,5309,Frederick Borde,36,M,A2
13099,5309,Aayush Goyal,27,M,A3
13100,5309,Ekavir Sandal,20,M,A4
13101,5310,Advik Arora,42,M,A1
13102,5310,Raagini Kalita,30,F,A2
13103,5310,Maanas Mahal,40,M,A3
13104,5310,George Gara,27,M,A4
13105,5311,Wyatt Goda,46,M,A1
13106,5311,Keya Hora,24,F,A2
13107,5312,Yash Rajagopal,42,M,A1
13108,5312,Faqid Nayar,46,M,A2
13109,5312,Mitesh Mani,47,M,A3
13110,5313,Raksha Tailor,40,F,A1
13111,5313,Jeremiah Cherian,37,M,A2
13112,5313,Advik Aggarwal,22,M,A3
13113,5314,Hredhaan Chokshi,31,M,A1
13114,5314,Tristan Chaudhari,42,M,A2
13115,5314,Kevin Malhotra,45,M,A3
13116,5315,Sai Sachdeva,36,M,A1
13117,5315,George Bala,35,M,A2
13118,5316,Kashish Bhasin,32,F,A1
13119,5316,Daksh Dhaliwal,32,M,A2
13120,5317,Maanas Misra,46,M,A1
13121,5317,Tejas Nagi,44,M,A2
13122,5317,Odika Kapoor,41,F,A3
13123,5318,Krishna Das,32,M,A1
13124,5318,Abeer Ghose,29,M,A2
13125,5319,Raghav Varma,40,M,A1
13126,5320,Thomas Sami,35,M,A1
13127,5320,Quincy Shroff,32,M,A2
13128,5320,Amruta Bhasin,37,F,A3
13129,5321,Ekbal Dyal,22,M,A1
13130,5322,Fitan Thaman,25,M,A1
13131,5322,Qasim Nazareth,48,M,A2
13132,5323,Ekansh Banerjee,36,M,A1
13133,5323,Madhav Bhandari,43,M,A2
13134,5323,Harshil Bandi,31,M,A3
13135,5323,Samaksh Bhandari,35,M,A4
13136,5324,Wriddhish Goswami,30,M,A1
13137,5324,Robert Venkataraman,46,M,A2
13138,5324,Yashoda Om,35,F,A3
13139,5325,Wahab Patla,31,M,A1
13140,5325,Alexander Varkey,28,M,A2
13141,5326,Chatresh Kumar,42,M,A1
13142,5326,Orinder Mand,40,M,A2
13143,5327,Vamakshi Rajan,43,F,A1
13144,5328,Advik Dhaliwal,31,M,A1
13145,5329,Ishaan Thakur,46,M,A1
13146,5329,Reyansh Dube,33,M,A2
13147,5329,Karan Krish,37,M,A3
13148,5329,Nikita Patla,29,F,A4
13149,5330,Lakshit Mohan,45,M,A1
13150,5330,Quincy Tata,37,M,A2
13151,5330,Atharv Sankar,37,M,A3
13152,5331,Pratyush Uppal,28,M,A1
13153,5331,Anthony Manne,34,M,A2
13154,5331,Aadi Deshpande,37,M,A3
13155,5331,Naksh Basu,31,M,A4
13156,5332,Brijesh Suri,35,M,A1
13157,5332,Udant Mody,46,M,A2
13158,5333,Raghav Dar,35,M,A1
13159,5333,Ridhi Datta,22,F,A2
13160,5333,Yatan Ravi,24,M,A3
13161,5333,Rudra Dugar,40,M,A4
13162,5334,Abdul Bawa,29,M,A1
13163,5334,Parth Din,39,M,A2
13164,5335,Rehaan Mander,36,M,A1
13165,5335,Timothy Tiwari,45,M,A2
13166,5336,Kai Ramachandran,35,M,A1
13167,5336,Ronith Kalita,34,M,A2
13168,5336,Teerth Sani,34,M,A3
13169,5337,Zayan Sharaf,45,M,A1
13170,5337,Falan Master,32,M,A2
13171,5337,Max Toor,35,M,A3
13172,5338,Isaac Oza,33,M,A1
13173,5339,Samuel Wason,24,M,A1
13174,5339,Harish Dara,20,M,A2
13175,5339,Gaurav Contractor,29,M,A3
13176,5340,Girish Dugar,24,M,A1
13177,5340,Aryan Nanda,46,M,A2
13178,5340,Mason Mallick,26,M,A3
13179,5340,Frado Sundaram,41,M,A4
13180,5341,Aarush Narula,39,M,A1
13181,5341,Charles Singhal,24,M,A2
13182,5342,Chanakya Konda,40,M,A1
13183,5342,Vivaan Sagar,39,M,A2
13184,5343,Hemang Chandran,26,M,A1
13185,5343,Amara Choudhary,36,F,A2
13186,5343,Frado Subramanian,38,M,A3
13187,5343,Omkaar Pillay,39,M,A4
13188,5344,Girik Amble,20,M,A1
13189,5344,Fiyaz Tella,39,M,A2
13190,5345,Nachiket Das,43,M,A1
13191,5345,Zaid Bains,32,M,A2
13192,5345,Benjamin Mitra,24,M,A3
13193,5345,Ayaan Sibal,18,M,A4
13194,5346,Victor Deol,24,M,A1
13195,5347,Ikbal Bhalla,19,M,A1
13196,5347,Aachal Vaidya,23,F,A2
13197,5347,Guneet Trivedi,32,M,A3
13198,5348,Gagan Hari,39,M,A1
13199,5349,Samaksh Patla,28,M,A1
13200,5349,Dalbir Comar,30,M,A2
13201,5349,Ranveer Palla,27,M,A3
13202,5349,Nidra Borra,31,F,A4
13203,5350,Tarak Gour,23,M,A1
13204,5351,Gabriel Kadakia,31,M,A1
13205,5352,Vihaan Mallick,39,M,A1
13206,5352,Dev Sangha,22,M,A2
13207,5353,Advik Dayal,30,M,A1
13208,5353,Vincent Sundaram,31,M,A2
13209,5354,Rishi Oak,43,M,A1
13210,5354,Arjun Jayaraman,38,M,A2
13211,5355,Teerth Sama,32,M,A1
13212,5356,Aarnav Divan,25,M,A1
13213,5356,Onkar Nayar,20,M,A2
13214,5357,Upadhriti Sawhney,44,F,A1
13215,5357,Ansh Sule,43,M,A2
13216,5358,Daksh Thaman,36,M,A1
13217,5359,Chandresh Chaudhuri,28,M,A1
13218,5360,Ishaan Tak,44,M,A1
13219,5361,Wahab Krish,26,M,A1
13220,5361,Mugdha Sanghvi,25,F,A2
13221,5361,Aarav Chowdhury,22,M,A3
13222,5362,Zayyan Bhatia,34,M,A1
13223,5362,Lipika Rau,45,F,A2
13224,5362,Aarnav Tak,34,M,A3
13225,5363,Manthan Ghose,42,M,A1
13226,5364,Nilima Suri,34,F,A1
13227,5364,Nitesh Naidu,33,M,A2
13228,5365,Orinder Cheema,25,M,A1
13229,5365,Balhaar Bhandari,44,M,A2
13230,5365,Nirja Korpal,41,F,A3
13231,5366,Wakeeta Pall,22,F,A1
13232,5366,Kevin Char,47,M,A2
13233,5366,Gaurav Rajagopalan,48,M,A3
13234,5367,Oliver Rastogi,34,M,A1
13235,5367,Zehaan Menon,28,M,A2
13236,5368,Isaac Khurana,32,M,A1
13237,5368,Benjamin Sandhu,24,M,A2
13238,5368,Gaurav Singh,44,M,A3
13239,5369,Bachittar Nagi,37,M,A1
13240,5369,Vanya Dara,39,F,A2
13241,5369,Zinal Date,39,F,A3
13242,5370,Chakradev Murty,44,M,A1
13243,5370,Ayush Narayanan,18,M,A2
13244,5370,Udarsh Bansal,27,M,A3
13245,5371,Devansh Mahal,40,M,A1
13246,5371,Aayush Mand,37,M,A2
13247,5371,Isaiah Dave,48,M,A3
13248,5372,Banjeet Barad,34,M,A1
13249,5372,Dev Sidhu,44,M,A2
13250,5372,Farhan Walla,39,M,A3
13251,5373,Jeet Karnik,24,M,A1
13252,5373,Darsh Jain,27,M,A2
13253,5373,Pranav Sagar,23,M,A3
13254,5373,Brijesh Ghose,47,M,A4
13255,5374,Devansh Sidhu,25,M,A1
13256,5374,Forum Biswas,31,F,A2
13257,5374,David Salvi,43,M,A3
13258,5375,Zayan Grover,33,M,A1
13259,5375,Vrishti Narayanan,33,F,A2
13260,5376,Harrison Shere,30,M,A1
13261,5377,Samarth Shanker,27,M,A1
13262,5377,Isaiah Chauhan,27,M,A2
13263,5378,Girish Cheema,43,M,A1
13264,5378,Nandini Bumb,26,F,A2
13265,5378,Jeremiah Shenoy,23,M,A3
13266,5379,Damini Prakash,40,F,A1
13267,5379,Tanish Dar,39,M,A2
13268,5380,Zayan Sami,26,M,A1
13269,5381,Isaac Dugal,24,M,A1
13270,5381,Yatin Tank,22,M,A2
13271,5381,Fitan Narang,44,M,A3
13272,5382,Shivansh Vaidya,47,M,A1
13273,5383,Chandran Kunda,33,M,A1
13274,5383,Chakrika Agrawal,25,F,A2
13275,5384,Zayan Lala,33,M,A1
13276,5384,Avi Pradhan,43,M,A2
13277,5384,Sanya Date,38,F,A3
13278,5385,Lucky Bahl,35,M,A1
13279,5386,Bahadurjit Narasimhan,40,M,A1
13280,5387,Ronith Nanda,40,M,A1
13281,5387,Udyati Manda,24,F,A2
13282,5387,Wahab Kalla,20,M,A3
13283,5388,Samarth Sahni,32,M,A1
13284,5389,Daksh Hayre,34,M,A1
13285,5390,Agastya Bhatt,36,M,A1
13286,5390,Umang Atwal,46,M,A2
13287,5390,Tarak Karnik,43,M,A3
13288,5391,Faris Chahal,24,M,A1
13289,5391,Kevin Balakrishnan,31,M,A2
13290,5391,Naksh Munshi,35,M,A3
13291,5391,Suhani Suri,32,F,A4
13292,5392,Mugdha Varughese,33,F,A1
13293,5393,Samaksh Boase,42,M,A1
13294,5393,Falan Thaman,40,M,A2
13295,5394,Samaksh Lata,36,M,A1
13296,5394,Theodore Taneja,25,M,A2
13297,5394,Om Devan,31,M,A3
13298,5394,Nidra De,21,F,A4
13299,5395,Ranbir Kamdar,22,M,A1
13300,5395,Nandini Munshi,34,F,A2
13301,5395,Nicholas Kakar,43,M,A3
13302,5395,Qabil Madan,29,M,A4
13303,5396,Daksh Anne,40,M,A1
13304,5396,Aarush Warrior,31,M,A2
13305,5397,Mitesh Sengupta,28,M,A1
13306,5397,Harish Tak,34,M,A2
13307,5397,Dev Puri,44,M,A3
13308,5398,Girish Loyal,33,M,A1
13309,5398,Indrajit Chopra,48,M,A2
13310,5398,Nitesh Mammen,33,M,A3
13311,5399,Yachana Saini,34,F,A1
13312,5399,Mohammed Bhasin,21,M,A2
13313,5399,Faraj Walia,44,M,A3
13314,5400,Utkarsh Khare,37,M,A1
13315,5400,Pranit Bath,34,M,A2
13316,5401,Charles Goyal,32,M,A1
13317,5402,Anirudh Radhakrishnan,33,M,A1
13318,5403,Chaitaly Ray,35,F,A1
13319,5403,Wridesh Halder,42,M,A2
13320,5403,Chakradhar Ghosh,42,M,A3
13321,5403,Faqid Srinivas,35,M,A4
13322,5404,Robert Nayar,35,M,A1
13323,5404,Aadi Suresh,29,M,A2
13324,5404,Liam Pai,46,M,A3
13325,5404,Nathaniel Golla,36,M,A4
13326,5405,Aayush Saha,24,M,A1
13327,5406,Rudra Brar,27,M,A1
13328,5406,Anita Trivedi,28,F,A2
13329,5406,Krish Chowdhury,48,M,A3
13330,5407,Brijesh Goswami,45,M,A1
13331,5407,Mitesh Sule,48,M,A2
13332,5408,Guneet Mittal,37,M,A1
13333,5408,Luke Agrawal,26,M,A2
13334,5409,Manbir Tailor,27,M,A1
13335,5409,Ojas Mukherjee,28,M,A2
13336,5410,Atharv Sinha,43,M,A1
13337,5410,Isaac Bahl,27,M,A2
13338,5410,Faras Trivedi,23,M,A3
13339,5411,Om Handa,41,M,A1
13340,5411,Balhaar Tara,24,M,A2
13341,5411,Viraj Dash,23,M,A3
13342,5412,Jack Prashad,37,M,A1
13343,5412,Harsh Dass,35,M,A2
13344,5412,Advaith Bath,26,M,A3
13345,5412,Oliver Mistry,35,M,A4
13346,5413,Samuel Sawhney,27,M,A1
13347,5413,Raksha Shanker,44,F,A2
13348,5413,Harrison Ramaswamy,30,M,A3
13349,5414,Lucky Ramanathan,20,M,A1
13350,5414,Ayaan Dixit,35,M,A2
13351,5415,Charles Borah,40,M,A1
13352,5415,Bakhshi Oza,29,M,A2
13353,5415,Wridesh Munshi,38,M,A3
13354,5415,Anay Srinivas,25,M,A4
13355,5416,Falan Bera,21,M,A1
13356,5416,Balendra Dass,40,M,A2
13357,5416,Noah Baria,25,M,A3
13358,5417,Hritik Butala,40,M,A1
13359,5417,Samarth Sura,36,M,A2
13360,5417,Manya Brar,25,F,A3
13361,5418,Brijesh Wason,40,M,A1
13362,5418,Chatura Deshmukh,32,M,A2
13363,5418,Ronith Krishna,35,M,A3
13364,5419,Fiyaz Goel,20,M,A1
13365,5419,Elijah Dara,22,M,A2
13366,5419,Ekapad Dalal,46,M,A3
13367,5419,Dalbir Varkey,23,M,A4
13368,5420,Jacob Dass,41,M,A1
13369,5420,Noah Sem,21,M,A2
13370,5420,Urvashi Sethi,41,F,A3
13371,5421,Isaiah De,27,M,A1
13372,5421,Ikbal Rana,26,M,A2
13373,5422,Kevin Mall,19,M,A1
13374,5422,Warjas Ray,38,M,A2
13375,5422,Teerth Kala,31,M,A3
13376,5422,Lohit Dara,39,M,A4
13377,5423,Xiti Walla,42,F,A1
13378,5423,Anvi Bawa,41,F,A2
13379,5423,Alexander Sangha,45,M,A3
13380,5424,Rehaan Walia,30,M,A1
13381,5424,Tanveer Varughese,27,M,A2
13382,5425,Karan Warrior,29,M,A1
13383,5425,Arjun Malhotra,31,M,A2
13384,5425,Abdul Patel,24,M,A3
13385,5425,Hitesh Datta,26,M,A4
13386,5426,William Bajwa,26,M,A1
13387,5427,Om Kakar,31,M,A1
13388,5428,Chatura Guha,33,M,A1
13389,5428,Aayush Talwar,22,M,A2
13390,5428,Frederick Raman,43,M,A3
13391,5428,Ethan Tiwari,43,M,A4
13392,5429,Ethan Wagle,38,M,A1
13393,5430,Nihal Sharaf,22,M,A1
13394,5430,Rachit Vala,41,M,A2
13395,5430,William Dubey,23,M,A3
13396,5431,Frado Naidu,29,M,A1
13397,5431,Chakradev Walla,38,M,A2
13398,5432,Frado Johal,39,M,A1
13399,5433,Balvan Buch,29,M,A1
13400,5433,Qarin Palan,46,M,A2
13401,5434,Michael Edwin,40,M,A1
13402,5435,Owen Sachar,25,M,A1
13403,5435,Lakshit Parikh,21,M,A2
13404,5436,Raghav Lal,25,M,A1
13405,5436,Wakeeta Rana,33,F,A2
13406,5436,Vivaan Agrawal,47,M,A3
13407,5436,Udarsh Lanka,36,M,A4
13408,5437,Alexander Goda,37,M,A1
13409,5437,Samesh Vasa,34,M,A2
13410,5437,Akshay Bhattacharyya,26,M,A3
13411,5438,Chanakya Kala,43,M,A1
13412,5439,Tarak Baral,35,M,A1
13413,5439,Yash Halder,39,M,A2
13414,5439,Jason Tank,33,M,A3
13415,5439,Gaurav Subramaniam,25,M,A4
13416,5440,Anirudh Gokhale,35,M,A1
13417,5441,Lucky Madan,21,M,A1
13418,5441,Tara Verma,34,F,A2
13419,5442,Zayyan Singhal,32,M,A1
13420,5442,Daksh Prasad,47,M,A2
13421,5442,Abeer Joshi,31,M,A3
13422,5442,Mason Shetty,26,M,A4
13423,5443,Rudra Samra,34,M,A1
13424,5443,Yagnesh Chowdhury,22,M,A2
13425,5443,Meghana Mand,26,F,A3
13426,5444,Rohan Ahluwalia,26,M,A1
13427,5444,Gaurang Gupta,44,M,A2
13428,5444,Ekapad Nagarajan,27,M,A3
13429,5444,Ubika Das,31,F,A4
13430,5445,Anay Khare,25,M,A1
13431,5445,Brijesh Hans,38,M,A2
13432,5445,Andrew Tata,23,M,A3
13433,5446,Rehaan Gopal,23,M,A1
13434,5446,Yash Barad,38,M,A2
13435,5446,Zayyan Singh,36,M,A3
13436,5447,Qarin Thaker,19,M,A1
13437,5448,Ayush Parekh,44,M,A1
13438,5448,Lipika Nadkarni,32,F,A2
13439,5448,Abhimanyu Guha,45,M,A3
13440,5449,Hemang Pal,28,M,A1
13441,5449,Utkarsh Pal,39,M,A2
13442,5449,Dominic Goda,36,M,A3
13443,5449,Harrison Talwar,41,M,A4
13444,5450,Laban Deep,24,M,A1
13445,5450,Udant Chanda,35,M,A2
13446,5450,Caleb Pal,27,M,A3
13447,5451,Warjas Pall,27,M,A1
13448,5452,Eta Hayre,42,F,A1
13449,5452,Amol Tata,32,M,A2
13450,5453,Andrew Reddy,32,M,A1
13451,5453,Vihaan Devi,28,M,A2
13452,5453,Hitesh Sankaran,27,M,A3
13453,5454,Jason Vig,39,M,A1
13454,5454,Qadim Purohit,37,M,A2
13455,5454,Champak Sahni,37,M,A3
13456,5454,Ayush Bal,42,M,A4
13457,5455,Yasti Chokshi,38,F,A1
13458,5455,Bahadurjit Biswas,31,M,A2
13459,5455,Alexander Barad,40,M,A3
13460,5455,Anmol Natarajan,22,M,A4
13461,5456,Bahadurjit Nazareth,39,M,A1
13462,5457,Thomas Hayer,42,M,A1
13463,5457,Om Saran,20,M,A2
13464,5457,Shaurya Dara,29,M,A3
13465,5458,Ekbal Srinivas,33,M,A1
13466,5458,Michael Choudhury,41,M,A2
13467,5459,Tristan Lala,26,M,A1
13468,5460,Vivaan Parikh,42,M,A1
13469,5460,Warjas Seshadri,44,M,A2
13470,5460,Guneet Ganguly,26,M,A3
13471,5461,Saksham Saran,38,M,A1
13472,5462,Avi Bhat,34,M,A1
13473,5462,Nakul Bhattacharyya,36,M,A2
13474,5462,Samesh Chana,24,M,A3
13475,5462,Vasatika Ratti,25,F,A4
13476,5463,Pooja Thakkar,38,F,A1
13477,5463,Bhavya Singh,33,F,A2
13478,5463,Thomas Kata,38,M,A3
13479,5463,Omkaar Bera,28,M,A4
13480,5464,Ekalinga Chahal,36,M,A1
13481,5465,Dominic Vaidya,20,M,A1
13482,5466,Elijah Khare,47,M,A1
13483,5466,Gaurangi Nigam,33,F,A2
13484,5467,Bhanumati Nori,21,F,A1
13485,5467,Hardik Sem,24,M,A2
13486,5467,Udarsh Bhalla,36,M,A3
13487,5468,Omya Dube,39,F,A1
13488,5468,Michael Karpe,30,M,A2
13489,5468,Faris Issac,25,M,A3
13490,5469,Gavin Kalita,29,M,A1
13491,5470,Reyansh Bhagat,45,M,A1
13492,5470,Veer Verma,44,M,A2
13493,5470,Dev Chakrabarti,45,M,A3
13494,5471,Avi Gopal,31,M,A1
13495,5471,Wahab Bhagat,36,M,A2
13496,5472,Raksha Pillai,29,F,A1
13497,5472,Rayaan Kar,27,M,A2
13498,5472,Prisha Shere,40,F,A3
13499,5472,Vedant Bassi,32,M,A4
13500,5473,Chatresh D’Alia,46,M,A1
13501,5474,Theodore Atwal,44,M,A1
13502,5474,Imaran Chaudhuri,40,M,A2
13503,5474,Noah Bath,34,M,A3
13504,5474,Adweta Nagi,27,F,A4
13505,5475,Dominic Dugar,45,M,A1
13506,5476,Ishaan Mall,32,M,A1
13507,5476,Chatura Dutta,22,M,A2
13508,5476,Raghav Ratti,47,M,A3
13509,5476,Ranbir Golla,40,M,A4
13510,5477,Ranveer Tata,34,M,A1
13511,5477,Vincent Borah,36,M,A2
13512,5478,Rushil Gole,47,M,A1
13513,5478,Wridesh Kala,41,M,A2
13514,5478,Reyansh Prabhakar,29,M,A3
13515,5478,Faqid Nagy,40,M,A4
13516,5479,Jacob Sangha,25,M,A1
13517,5479,Vivaan Narang,25,M,A2
13518,5479,Brijesh Sarkar,41,M,A3
13519,5479,Gautam Sridhar,44,M,A4
13520,5480,Balendra Pal,37,M,A1
13521,5480,Samaksh Nair,43,M,A2
13522,5480,Lucky Varughese,43,M,A3
13523,5481,Vyanjana Merchant,39,F,A1
13524,5481,Jyoti Kapadia,31,F,A2
13525,5481,Faras Gupta,21,M,A3
13526,5482,Balveer Sama,24,M,A1
13527,5483,Zashil Zacharia,32,M,A1
13528,5483,Gagan Bandi,35,M,A2
13529,5484,Rajata Mani,30,F,A1
13530,5485,Saksham Joshi,39,M,A1
13531,5485,Ayushman Gara,43,M,A2
13532,5485,Ishaan Om,23,M,A3
13533,5485,Yash Mody,27,M,A4
13534,5486,Ansh Roy,25,M,A1
13535,5486,Anmol Bhandari,46,M,A2
13536,5487,Ekaraj Basak,27,M,A1
13537,5487,Qadim Majumdar,37,M,A2
13538,5487,Girish Guha,24,M,A3
13539,5488,Champak Gade,39,M,A1
13540,5488,Isaac Dass,29,M,A2
13541,5488,Rehaan Nori,42,M,A3
13542,5488,Mekhala Menon,23,F,A4
13543,5489,Parth Mammen,19,M,A1
13544,5489,Jason Dash,19,M,A2
13545,5490,Wriddhish Prabhakar,22,M,A1
13546,5490,Ayushman Bir,29,M,A2
13547,5490,Manan Korpal,39,M,A3
13548,5491,Ayaan Mall,44,M,A1
13549,5491,Gabriel Bhasin,34,M,A2
13550,5491,Daniel Chana,37,M,A3
13551,5491,Darpan Sha,34,M,A4
13552,5492,Girindra Shere,38,M,A1
13553,5493,Karan Krish,37,M,A1
13554,5494,Xavier Krishnan,24,M,A1
13555,5494,Vivaan Mutti,45,M,A2
13556,5495,Anthony Chakrabarti,23,M,A1
13557,5495,Pallavi Thakur,39,F,A2
13558,5495,Tristan Bose,37,M,A3
13559,5495,Ronith Sood,25,M,A4
13560,5496,Ranveer Pingle,32,M,A1
13561,5496,Brijesh Nazareth,24,M,A2
13562,5496,Ayushman Kota,41,M,A3
13563,5497,Samesh Ravi,40,M,A1
13564,5498,Qadim Nadig,27,M,A1
13565,5498,Quincy Borah,37,M,A2
13566,5499,Thomas Babu,31,M,A1
13567,5500,Hredhaan Aggarwal,32,M,A1
13568,5501,Waida Mohan,25,F,A1
13569,5501,Abha Tiwari,32,F,A2
13570,5502,Darpan Pau,28,M,A1
13571,5502,Rushil Dhawan,43,M,A2
13572,5502,Amruta Rao,45,F,A3
13573,5503,Harshil Saran,24,M,A1
13574,5504,Gagan Bhat,46,M,A1
13575,5504,Fiyaz Karan,38,M,A2
13576,5504,Jacob Bath,39,M,A3
13577,5505,Amol Brahmbhatt,25,M,A1
13578,5505,Ekansh Mandal,38,M,A2
13579,5505,Mitesh Acharya,36,M,A3
13580,5505,Amol Kari,22,M,A4
13581,5506,Matthew Doctor,34,M,A1
13582,5506,Isaac Bera,39,M,A2
13583,5507,Akshay Rastogi,22,M,A1
13584,5507,Harini Thakkar,44,F,A2
13585,5507,Ronith Iyer,39,M,A3
13586,5507,Om Om,20,M,A4
13587,5508,Zinal Contractor,43,F,A1
13588,5508,Qasim Shenoy,40,M,A2
13589,5508,Dalbir Chanda,45,M,A3
13590,5508,Zayyan Basak,30,M,A4
13591,5509,Quincy Toor,33,M,A1
13592,5510,Balhaar Malhotra,40,M,A1
13593,5510,Tanveer Varkey,47,M,A2
13594,5510,Anirudh Rau,23,M,A3
13595,5510,Timothy Gupta,44,M,A4
13596,5511,Vidhi Lanka,36,F,A1
13597,5512,Devika Basu,46,F,A1
13598,5512,Gunbir Guha,45,M,A2
13599,5512,Falan Sekhon,43,M,A3
13600,5512,Victor Bakshi,44,M,A4
13601,5513,Vedika Pandey,23,F,A1
13602,5513,Osha Zachariah,29,F,A2
13603,5513,Reyansh Karpe,40,M,A3
13604,5513,Yuvraj Shankar,25,M,A4
13605,5514,Ryan Sagar,45,M,A1
13606,5514,Yatin Bahl,21,M,A2
13607,5514,Dalbir Cheema,31,M,A3
13608,5514,Jhalak Narain,32,F,A4
13609,5515,Tejas Kibe,46,M,A1
13610,5515,Rushil Brar,26,M,A2
13611,5516,Brijesh Sarkar,43,M,A1
13612,5516,Jagat Chada,46,M,A2
13613,5516,Meghana Banik,22,F,A3
13614,5517,Jagat Sodhi,31,M,A1
13615,5517,Caleb Rao,40,M,A2
13616,5517,Ronith Bhatti,23,M,A3
13617,5518,Varenya Kapadia,34,F,A1
13618,5519,Niharika Magar,38,F,A1
13619,5519,Dominic Mallick,40,M,A2
13620,5520,Mohammed Murty,36,M,A1
13621,5520,Chatresh Sood,40,M,A2
13622,5520,Hredhaan Mistry,45,M,A3
13623,5520,Tanvi Doshi,36,F,A4
13624,5521,Zarna Mangat,43,F,A1
13625,5521,Zehaan Parmer,35,M,A2
13626,5522,Isaac Sachar,29,M,A1
13627,5522,Yashica Gandhi,31,F,A2
13628,5522,Oni Narasimhan,27,F,A3
13629,5523,Saumya Som,41,F,A1
13630,5523,Bachittar Walia,35,M,A2
13631,5523,Vivaan Chandran,25,M,A3
13632,5524,Arjun Pall,27,M,A1
13633,5524,Rohan Mand,42,M,A2
13634,5525,Ekavir Ghose,26,M,A1
13635,5525,Advika Narasimhan,23,F,A2
13636,5525,Bahadurjit Dyal,39,M,A3
13637,5525,Wridesh Palla,40,M,A4
13638,5526,Henry Patla,40,M,A1
13639,5526,Laban Sha,47,M,A2
13640,5526,Quincy Chaudhari,21,M,A3
13641,5526,Darpan Deo,35,M,A4
13642,5527,Qarin Mitter,28,M,A1
13643,5527,Aachal Ben,23,F,A2
13644,5527,Brijesh Rattan,37,M,A3
13645,5527,Maya Kuruvilla,43,F,A4
13646,5528,Faras Mohanty,28,M,A1
13647,5528,Harrison Sandal,26,M,A2
13648,5529,Xalak Sandhu,37,F,A1
13649,5530,Victor Prasad,29,M,A1
13650,5530,Faraj Ganguly,21,M,A2
13651,5531,Ekansh Bhavsar,31,M,A1
13652,5531,Tanveer Srivastava,30,M,A2
13653,5531,Gunbir Dhar,35,M,A3
13654,5531,Veer Deo,32,M,A4
13655,5532,Mohammed Sen,33,M,A1
13656,5532,Luke Basak,35,M,A2
13657,5532,Jeet Chander,32,M,A3
13658,5533,Isaac Sengupta,47,M,A1
13659,5533,Oscar Saini,36,M,A2
13660,5534,Ekaraj Manda,40,M,A1
13661,5534,Sarthak Ganguly,26,M,A2
13662,5535,Om Natt,47,M,A1
13663,5535,Aarnav Andra,26,M,A2
13664,5536,Jacob Nazareth,21,M,A1
13665,5537,Joshua Ghose,33,M,A1
13666,5537,Jairaj Chawla,31,M,A2
13667,5538,Parth Palan,35,M,A1
13668,5538,Ira Pandit,28,F,A2
13669,5539,Robert More,23,M,A1
13670,5540,Quincy Chand,45,M,A1
13671,5541,Nakul Konda,34,M,A1
13672,5542,Raghav Chaudhary,28,M,A1
13673,5542,Hritik Mann,45,M,A2
13674,5543,Girindra Pradhan,36,M,A1
13675,5543,Isaiah Atwal,47,M,A2
13676,5543,Ishita Kunda,21,F,A3
13677,5544,Aryan Subramaniam,31,M,A1
13678,5544,Panini Barad,38,F,A2
13679,5544,Maya Dewan,38,F,A3
13680,5545,Ojas Tank,28,M,A1
13681,5545,Benjamin Kothari,22,M,A2
13682,5545,Jeet Garde,27,M,A3
13683,5545,Isaiah Zacharia,42,M,A4
13684,5546,Samesh Buch,22,M,A1
13685,5546,Ekaja Om,25,F,A2
13686,5546,Kalpit Ray,34,M,A3
13687,5547,Gavin Swamy,43,M,A1
13688,5547,Lakshit Swamy,44,M,A2
13689,5548,Shaurya Bedi,42,M,A1
13690,5549,Dakshesh Dave,32,M,A1
13691,5550,Neel Chaudry,39,M,A1
13692,5550,Balveer Deol,31,M,A2
13693,5551,Gopal Barad,29,M,A1
13694,5552,Krish Raju,41,M,A1
13695,5552,Matthew Wali,23,M,A2
13696,5552,Sathvik Parmer,45,M,A3
13697,5552,Siddharth Chahal,41,M,A4
13698,5553,Azad Garg,35,M,A1
13699,5553,Harrison Arora,29,M,A2
13700,5553,Veda Kalla,37,F,A3
13701,5553,Harish Raj,47,M,A4
13702,5554,Anamika Narain,44,F,A1
13703,5555,Daksh Sahni,42,M,A1
13704,5555,Zayan Parikh,44,M,A2
13705,5555,Balendra Ravi,30,M,A3
13706,5556,Rayaan Vyas,38,M,A1
13707,5556,Aditya Pal,31,M,A2
13708,5556,Peter Sastry,18,M,A3
13709,5557,Anmol Venkataraman,28,M,A1
13710,5557,Zayyan Dhaliwal,31,M,A2
13711,5557,Krish Bhargava,27,M,A3
13712,5558,Fariq Kade,33,M,A1
13713,5559,Aarush Dasgupta,36,M,A1
13714,5559,Viraj Mann,25,M,A2
13715,5559,Ethan Pradhan,30,M,A3
13716,5560,Samarth Sawhney,43,M,A1
13717,5560,Sathvik Merchant,44,M,A2
13718,5560,Ekalinga Parikh,38,M,A3
13719,5561,Kabir Gour,37,M,A1
13720,5562,Vedant Varma,43,M,A1
13721,5562,Sai Saran,26,M,A2
13722,5563,Lucky Sane,38,M,A1
13723,5563,Umang Jhaveri,23,M,A2
13724,5563,Jonathan Bera,23,M,A3
13725,5564,Tejas Singhal,26,M,A1
13726,5564,Zaid Grover,24,M,A2
13727,5564,Raghav Mahal,39,M,A3
13728,5565,Devansh Pillai,47,M,A1
13729,5565,Jack Salvi,25,M,A2
13730,5566,Wakeeta Mutti,23,F,A1
13731,5566,Noah Ramachandran,21,M,A2
13732,5566,Yagnesh Issac,41,M,A3
13733,5567,Ishwar Panchal,36,M,A1
13734,5567,Mohammed Sandhu,42,M,A2
13735,5567,Arjun Sandhu,38,M,A3
13736,5567,Onkar Dube,30,M,A4
13737,5568,Ati Buch,29,F,A1
13738,5568,Sai Ramakrishnan,25,M,A2
13739,5569,Umang Shanker,30,M,A1
13740,5569,Rehaan Rai,36,M,A2
13741,5569,Anay Bahl,35,M,A3
13742,5570,Chatresh Sood,37,M,A1
13743,5571,Dhruv Koshy,30,M,A1
13744,5571,Arjun Golla,20,M,A2
13745,5571,Dipta Bhasin,40,F,A3
13746,5572,Lucky Kurian,45,M,A1
13747,5572,Viraj Mangat,27,M,A2
13748,5572,Anthony Palla,30,M,A3
13749,5573,Jacob Purohit,31,M,A1
13750,5573,Damyanti Chaudhuri,20,F,A2
13751,5573,Rushil Nair,41,M,A3
13752,5573,Wriddhish Sheth,23,M,A4
13753,5574,Vedika Chauhan,47,F,A1
13754,5574,Zaitra Pant,42,F,A2
13755,5574,Warinder Varkey,25,M,A3
13756,5574,Meghana Rau,25,F,A4
13757,5575,Timothy Chaudry,29,M,A1
13758,5575,Veer Chander,22,M,A2
13759,5575,Baljiwan Koshy,24,M,A3
13760,5576,Yatin Varkey,41,M,A1
13761,5576,Qarin Dar,43,M,A2
13762,5576,Vaishnavi Bhatnagar,42,F,A3
13763,5576,Reva Kamdar,35,F,A4
13764,5577,Jeevika Krish,37,F,A1
13765,5577,Zehaan Saraf,23,M,A2
13766,5577,Viraj Reddy,25,M,A3
13767,5578,Balhaar Sidhu,29,M,A1
13768,5579,Ayushman Jhaveri,19,M,A1
13769,5579,Teerth Kuruvilla,19,M,A2
13770,5579,Diya Merchant,29,F,A3
13771,5580,Widisha Yohannan,24,F,A1
13772,5581,Nachiket Merchant,38,M,A1
13773,5581,Pushti Bhavsar,20,F,A2
13774,5582,Caleb Parmar,31,M,A1
13775,5582,Maya Handa,32,F,A2
13776,5583,Anjali Barad,27,F,A1
13777,5583,Daniel Ram,23,M,A2
13778,5584,Baljiwan Hari,33,M,A1
13779,5584,Zashil Varughese,43,M,A2
13780,5584,Yuvraj Chaudhuri,29,M,A3
13781,5584,Nihal Uppal,21,M,A4
13782,5585,Rudra Suresh,43,M,A1
13783,5585,Edhitha Keer,41,F,A2
13784,5586,Dev Mukherjee,45,M,A1
13785,5587,Qadim Sagar,20,M,A1
13786,5587,Vivaan Chaudhry,46,M,A2
13787,5588,Aayush Walia,23,M,A1
13788,5589,Anthony Shah,26,M,A1
13789,5590,Saanvi Hayre,36,F,A1
13790,5591,Hritik Patla,27,M,A1
13791,5591,Darsh De,20,M,A2
13792,5592,Aryan Bora,44,M,A1
13793,5592,Logan Suri,48,M,A2
13794,5593,Ayaan Sibal,22,M,A1
13795,5593,Hritik Kannan,31,M,A2
13796,5594,Gabriel Sunder,27,M,A1
13797,5595,Gaurang Jain,31,M,A1
13798,5595,Tejas Ratti,35,M,A2
13799,5595,Udarsh Vaidya,32,M,A3
13800,5596,Wyatt Chauhan,32,M,A1
13801,5596,Banjeet Pall,44,M,A2
13802,5597,Tanish Lala,31,M,A1
13803,5597,Nachiket Dora,24,M,A2
13804,5597,Jason Pathak,25,M,A3
13805,5597,Chandran Sachdeva,22,M,A4
13806,5598,Upma Tiwari,39,F,A1
13807,5599,Onveer Padmanabhan,34,M,A1
13808,5600,Zashil Varkey,36,M,A1
13809,5601,Ayushman Dhar,20,M,A1
13810,5601,Zashil Contractor,42,M,A2
13811,5602,Jacob Chadha,25,M,A1
13812,5602,Harrison Chokshi,27,M,A2
13813,5602,Oliver Sachdeva,39,M,A3
13814,5602,Rehaan Khosla,41,M,A4
13815,5603,Aarav Buch,47,M,A1
13816,5603,Fitan Sodhi,44,M,A2
13817,5604,Kiaan Dara,41,M,A1
13818,5604,Ekaraj Warrior,23,M,A2
13819,5605,Arjun Goyal,44,M,A1
13820,5606,Raghav Ramanathan,27,M,A1
13821,5606,Ekalinga Agrawal,34,M,A2
13822,5607,Zarna Gade,44,F,A1
13823,5607,Gaurang Pant,37,M,A2
13824,5608,Ekansh Mital,23,M,A1
13825,5608,Zashil Borah,28,M,A2
13826,5608,Oliver Deol,32,M,A3
13827,5608,Jason Venkataraman,22,M,A4
13828,5609,Rishi Iyer,46,M,A1
13829,5609,Fariq Karpe,42,M,A2
13830,5610,Ayaan Ahluwalia,48,M,A1
13831,5610,Logan Ramesh,45,M,A2
13832,5611,Praneel Dutt,29,M,A1
13833,5611,Harrison Nadig,41,M,A2
13834,5611,Arin Choudhury,21,M,A3
13835,5612,Saksham Pall,32,M,A1
13836,5612,Parth Deol,21,M,A2
13837,5612,Anamika Chandra,35,F,A3
13838,5612,Wyatt Majumdar,42,M,A4
13839,5613,Kiaan Nadig,20,M,A1
13840,5613,Yatan Sachar,23,M,A2
13841,5613,Brijesh Dora,35,M,A3
13842,5614,Zaid Ravel,42,M,A1
13843,5614,Devansh Dayal,23,M,A2
13844,5615,Hritik Shere,39,M,A1
13845,5615,Harish Wable,19,M,A2
13846,5616,Kevin Sha,22,M,A1
13847,5616,Krish Das,35,M,A2
13848,5616,Maanav Babu,41,M,A3
13849,5617,Banjeet Pandey,37,M,A1
13850,5617,Wazir Anand,23,M,A2
13851,5617,Joshua Pathak,34,M,A3
13852,5618,Shivansh Karnik,30,M,A1
13853,5618,Frederick Chand,22,M,A2
13854,5619,Brijesh Badal,37,M,A1
13855,5620,Oscar Sandhu,27,M,A1
13856,5620,Christopher Garg,22,M,A2
13857,5620,Arin Borra,35,M,A3
13858,5620,Yuvraj Mohanty,43,M,A4
13859,5621,Frederick Sarkar,42,M,A1
13860,5621,Jackson Prabhu,38,M,A2
13861,5622,David Dass,30,M,A1
13862,5623,Faqid Kaur,36,M,A1
13863,5623,Azad Srinivasan,25,M,A2
13864,5623,Vincent Chaudhari,21,M,A3
13865,5624,Rudra Chadha,41,M,A1
13866,5625,Yashica Purohit,19,F,A1
13867,5625,Fiyaz Sawhney,35,M,A2
13868,5625,Avi Ramachandran,27,M,A3
13869,5625,Agastya Sule,25,M,A4
13870,5626,Azad Buch,21,M,A1
13871,5627,Owen Wason,37,M,A1
13872,5628,Janani Mutti,21,F,A1
13873,5628,Hemangini Hans,34,F,A2
13874,5628,Faraj Nori,30,M,A3
13875,5628,Quincy Srivastava,31,M,A4
13876,5629,Orinder Dada,33,M,A1
13877,5629,Samarth Shan,41,M,A2
13878,5629,Vasana Bhakta,20,F,A3
13879,5629,Harsh Shukla,40,M,A4
13880,5630,Ekapad Basu,31,M,A1
13881,5630,Samaksh Date,18,M,A2
13882,5630,Chakradev Sandhu,28,M,A3
13883,5630,Laban Shere,25,M,A4
13884,5631,Daksh Varghese,38,M,A1
13885,5631,Bhavini Chhabra,41,F,A2
13886,5632,Alka Reddy,34,F,A1
13887,5632,Gaurav Mukherjee,35,M,A2
13888,5632,Ekaja Dhaliwal,38,F,A3
13889,5632,Yug Walia,44,M,A4
13890,5633,Harrison Zachariah,25,M,A1
13891,5633,Yashvi Pandey,35,F,A2
13892,5633,Isaac Edwin,41,M,A3
13893,5633,Yuvraj Shukla,31,M,A4
13894,5634,Vritti Sane,32,F,A1
13895,5634,Nakul Amble,35,M,A2
13896,5634,Harish Loke,46,M,A3
13897,5634,Rachana Sarna,42,F,A4
13898,5635,Pranav Krishnamurthy,34,M,A1
13899,5636,Ekanta Kala,47,F,A1
13900,5637,Kabir Gupta,22,M,A1
13901,5637,Wahab Borde,29,M,A2
13902,5637,Baljiwan Tara,30,M,A3
13903,5637,Thomas Kumar,27,M,A4
13904,5638,Praneel Oak,23,M,A1
13905,5638,Teerth Singh,41,M,A2
13906,5639,Udarsh Prabhu,23,M,A1
13907,5639,Lakshmi Chaudhry,29,F,A2
13908,5639,Rajata Talwar,27,F,A3
13909,5640,Laksh Rajagopal,33,M,A1
13910,5640,Pratyush Chanda,26,M,A2
13911,5640,Hritik Sodhi,19,M,A3
13912,5640,Jeet Mane,39,M,A4
13913,5641,Ira Subramaniam,32,F,A1
13914,5641,Zashil Dube,33,M,A2
13915,5642,Wriddhish Korpal,41,M,A1
13916,5642,Dalbir Wali,36,M,A2
13917,5642,Parth Toor,33,M,A3
13918,5642,Zashil Kumar,30,M,A4
13919,5643,Karan Ray,40,M,A1
13920,5643,Odika Divan,25,F,A2
13921,5643,Daksh Rege,47,M,A3
13922,5643,Jasmit Tak,31,F,A4
13923,5644,Ikbal Singh,43,M,A1
13924,5645,Frado Gaba,31,M,A1
13925,5645,Luke Setty,23,M,A2
13926,5646,George Ratta,27,M,A1
13927,5646,Fitan Thaman,36,M,A2
13928,5646,Chaitanya Sha,38,M,A3
13929,5647,Chanakya Chhabra,43,M,A1
13930,5648,Bina Arya,30,F,A1
13931,5648,Hiral Sibal,31,F,A2
13932,5649,Orinder Bains,37,M,A1
13933,5649,Rajeshri Balakrishnan,28,F,A2
13934,5650,Yatin Chopra,21,M,A1
13935,5650,Chaitaly Brahmbhatt,40,F,A2
13936,5650,Azaan Dubey,27,M,A3
13937,5650,Yug Jayaraman,42,M,A4
13938,5651,Samaksh Choudhary,44,M,A1
13939,5651,Utkarsh Shere,40,M,A2
13940,5651,Ranbir Kade,45,M,A3
13941,5651,Dayita Balan,35,F,A4
13942,5652,Girish Bath,37,M,A1
13943,5653,Timothy Khare,31,M,A1
13944,5653,Abhimanyu Suri,46,M,A2
13945,5653,Henry Sahni,34,M,A3
13946,5654,Ojas Pal,37,M,A1
13947,5654,Aarush Mody,44,M,A2
13948,5654,Tejas Lad,31,M,A3
13949,5654,Vinaya Chowdhury,21,F,A4
13950,5655,Naveen Dani,33,M,A1
13951,5656,Utkarsh Amble,36,M,A1
13952,5656,Yatin Gour,33,M,A2
13953,5656,Daksh Morar,28,M,A3
13954,5656,Ranveer Dayal,26,M,A4
13955,5657,Gagan Aurora,25,M,A1
13956,5657,Chandran Bassi,33,M,A2
13957,5657,Tanay Dar,24,M,A3
13958,5658,Ekapad Dani,43,M,A1
13959,5658,Rehaan Sha,38,M,A2
13960,5658,Theodore Choudhury,41,M,A3
13961,5658,Advik Thakur,29,M,A4
13962,5659,Jagat Gole,44,M,A1
13963,5659,Chakradhar Borah,27,M,A2
13964,5659,Frederick Loyal,33,M,A3
13965,5660,Oliver Bath,40,M,A1
13966,5660,Andrew Rama,45,M,A2
13967,5661,Chandran Lad,42,M,A1
13968,5661,Harish Vora,30,M,A2
13969,5661,Utkarsh Wadhwa,20,M,A3
13970,5661,Mitesh Bajaj,19,M,A4
13971,5662,Falan Johal,25,M,A1
13972,5662,Yatin Lalla,37,M,A2
13973,5663,Ganga Deep,25,F,A1
13974,5663,Rishi Shere,26,M,A2
13975,5663,Fariq Dhaliwal,30,M,A3
13976,5664,Jack Ahuja,30,M,A1
13977,5665,Hemani Doctor,33,F,A1
13978,5665,Zehaan Balay,22,M,A2
13979,5665,Mitali Rao,40,F,A3
13980,5665,Oeshi Narayan,39,F,A4
13981,5666,Jai Shenoy,41,M,A1
13982,5666,Oliver Singhal,30,M,A2
13983,5666,Darpan Kashyap,41,M,A3
13984,5666,Tristan Ganesan,37,M,A4
13985,5667,Victor Kala,25,M,A1
13986,5667,Bahadurjit Raghavan,36,M,A2
13987,5668,Faras Ben,35,M,A1
13988,5668,Guneet Issac,39,M,A2
13989,5668,Aarav Pau,38,M,A3
13990,5668,Harsh Sidhu,19,M,A4
13991,5669,Warinder Taneja,43,M,A1
13992,5670,Ekiya Choudhury,21,F,A1
13993,5670,Tristan Dewan,27,M,A2
13994,5671,Tanveer Tak,42,M,A1
13995,5671,Harshil Baral,23,M,A2
13996,5671,Gagan Gupta,39,M,A3
13997,5671,Maanav Zachariah,29,M,A4
13998,5672,Raghav Dayal,46,M,A1
13999,5672,Teerth Mannan,44,M,A2
14000,5672,Hema Bahl,20,F,A3
14001,5673,Girik Nair,38,M,A1
14002,5674,Charan Tata,36,M,A1
14003,5675,Tara Sura,26,F,A1
14004,5675,Ekani Anne,36,F,A2
14005,5675,Gautam Lad,32,M,A3
14006,5676,Mekhala Mittal,22,F,A1
14007,5676,Ranbir Bhatti,22,M,A2
14008,5676,Yash Gupta,46,M,A3
14009,5676,Naksh Dubey,29,M,A4
14010,5677,Ojas Virk,33,M,A1
14011,5677,Hredhaan Swamy,34,M,A2
14012,5677,Qabil Varma,28,M,A3
14013,5678,Girish Reddy,43,M,A1
14014,5678,Aarnav Chowdhury,45,M,A2
14015,5678,Viraj Gola,42,M,A3
14016,5679,Yuvraj Warrior,30,M,A1
14017,5679,Darpan Bath,37,M,A2
14018,5680,Warinder Badami,41,M,A1
14019,5681,Simon Sule,28,M,A1
14020,5682,Manan Kumar,43,M,A1
14021,5682,Wridesh Chacko,30,M,A2
14022,5682,Anthony Vala,47,M,A3
14023,5683,Karan Bhatti,24,M,A1
14024,5683,Qabil Sangha,38,M,A2
14025,5683,Harish Patla,29,M,A3
14026,5683,Anirudh Gokhale,33,M,A4
14027,5684,Kavya Banerjee,30,F,A1
14028,5685,Luke Pall,22,M,A1
14029,5685,Wridesh Chad,37,M,A2
14030,5686,Balvan Narayan,46,M,A1
14031,5686,Kashvi Thakkar,32,F,A2
14032,5686,Abdul Cheema,41,M,A3
14033,5687,Manya Nair,24,F,A1
14034,5687,Pranav Sagar,40,M,A2
14035,5687,Harish Keer,40,M,A3
14036,5687,Mohammed Morar,33,M,A4
14037,5688,Advay Kapur,21,M,A1
14038,5688,Maanav Ranganathan,45,M,A2
14039,5688,William Vala,22,M,A3
14040,5688,Zaid Kar,26,M,A4
14041,5689,Balveer Merchant,23,M,A1
14042,5689,Wyatt Joshi,39,M,A2
14043,5689,Chatresh Sandhu,37,M,A3
14044,5690,Vihaan Venkataraman,28,M,A1
14045,5691,Baljiwan Kunda,36,M,A1
14046,5692,Ayushman Kaur,25,M,A1
14047,5692,Sudiksha Hegde,26,F,A2
14048,5692,Champak Bhandari,18,M,A3
14049,5692,Varsha Varma,29,F,A4
14050,5693,Tanay Das,36,M,A1
14051,5694,Charita Som,28,F,A1
14052,5694,Aadi Dube,23,M,A2
14053,5695,Ayushman Brahmbhatt,28,M,A1
14054,5695,Balhaar Babu,24,M,A2
14055,5695,David Bedi,21,M,A3
14056,5696,Luke Saha,28,M,A1
14057,5696,Peter Narasimhan,40,M,A2
14058,5697,Aayush Murthy,36,M,A1
14059,5697,Manbir Lanka,25,M,A2
14060,5697,Kamya Misra,31,F,A3
14061,5697,Bhavika Vala,24,F,A4
14062,5698,Chatresh Batta,40,M,A1
14063,5698,Nicholas Goda,26,M,A2
14064,5698,Triya Chahal,20,F,A3
14065,5699,Ikbal Nair,43,M,A1
14066,5699,Kai Vala,36,M,A2
14067,5700,Logan Khosla,21,M,A1
14068,5700,Advaith Gala,41,M,A2
14069,5701,Aditya Sarkar,28,M,A1
14070,5702,Michael Dyal,41,M,A1
14071,5702,Warjas Singh,23,M,A2
14072,5703,Liam Varghese,28,M,A1
14073,5703,Ekapad Mital,41,M,A2
14074,5703,Zaid Sant,29,M,A3
14075,5704,Fitan Sachdev,39,M,A1
14076,5704,Garima Yohannan,38,F,A2
14077,5705,Fitan Divan,33,M,A1
14078,5705,Harshil Pathak,42,M,A2
14079,5705,Charles Divan,23,M,A3
14080,5706,Noah More,45,M,A1
14081,5707,Ishwar Toor,42,M,A1
14082,5707,Champak Chand,44,M,A2
14083,5707,Chakradhar Chawla,31,M,A3
14084,5708,Turvi Sule,18,F,A1
14085,5708,Triya Hari,40,F,A2
14086,5708,Yug Devi,39,M,A3
14087,5708,Jatin Memon,24,M,A4
14088,5709,Gaurang Bhasin,31,M,A1
14089,5709,Lohit Mistry,40,M,A2
14090,5709,Dhruv Dey,19,M,A3
14091,5710,Jack Sehgal,29,M,A1
14092,5710,Darpan Warrior,22,M,A2
14093,5711,Oscar Issac,43,M,A1
14094,5711,William Dora,32,M,A2
14095,5712,Sudiksha Wadhwa,44,F,A1
14096,5712,Yadavi Padmanabhan,39,F,A2
14097,5713,Rudra Ganesh,19,M,A1
14098,5714,Balveer Acharya,20,M,A1
14099,5715,Isaiah Anne,46,M,A1
14100,5716,Maanav Rout,26,M,A1
14101,5716,Raghav Raghavan,45,M,A2
14102,5717,Orinder Bhasin,23,M,A1
14103,5717,Andrew Talwar,26,M,A2
14104,5717,Deepa Varghese,31,F,A3
14105,5718,Chakradev Randhawa,29,M,A1
14106,5718,Maanas Mohan,23,M,A2
14107,5718,Ranveer Chakraborty,36,M,A3
14108,5719,Manbir Arya,20,M,A1
14109,5719,Yoshita Om,35,F,A2
14110,5720,Ekavir Date,24,M,A1
14111,5720,Jonathan Rattan,30,M,A2
14112,5720,Laban Sarraf,21,M,A3
14113,5720,Girik Bhavsar,48,M,A4
14114,5721,Gautam Deo,38,M,A1
14115,5722,Charles Lata,43,M,A1
14116,5722,Qadim Gara,32,M,A2
14117,5722,Girish Misra,32,M,A3
14118,5723,Naksh Devi,29,M,A1
14119,5724,Nakul Khurana,38,M,A1
14120,5724,Hemani Kurian,21,F,A2
14121,5725,Hardik Hans,25,M,A1
14122,5725,Dhriti Loyal,41,F,A2
14123,5726,Anay Sarna,27,M,A1
14124,5726,Qabil Majumdar,37,M,A2
14125,5726,Upma Koshy,29,F,A3
14126,5727,Jonathan Gulati,44,M,A1
14127,5727,Guneet Zacharia,33,M,A2
14128,5727,Azaan Sampath,22,M,A3
14129,5727,Gaurav Doshi,27,M,A4
14130,5728,Samaksh Talwar,43,M,A1
14131,5728,Amol Master,21,M,A2
14132,5729,Suhani Dash,34,F,A1
14133,5730,Ayaan Raju,20,M,A1
14134,5730,Yochana Kata,29,F,A2
14135,5730,Teerth Samra,41,M,A3
14136,5731,Advika Mand,45,F,A1
14137,5731,Yutika Seshadri,48,F,A2
14138,5731,Max Mander,46,M,A3
14139,5732,Aditya Bajaj,36,M,A1
14140,5733,Mitesh Bora,42,M,A1
14141,5733,Rushil Boase,46,M,A2
14142,5733,Avi Din,36,M,A3
14143,5733,Abhiram Tak,43,M,A4
14144,5734,Tarak Sood,30,M,A1
14145,5734,Harrison Deep,43,M,A2
14146,5734,Charles Kumar,27,M,A3
14147,5734,Rishi Suresh,42,M,A4
14148,5735,Rushil Mohanty,22,M,A1
14149,5735,Yoshita Tripathi,38,F,A2
14150,5735,Guneet Toor,29,M,A3
14151,5736,Laban Chandran,36,M,A1
14152,5736,Mitesh Rege,27,M,A2
14153,5736,Frederick Varma,34,M,A3
14154,5737,Teerth Sandal,32,M,A1
14155,5737,Aayush Buch,46,M,A2
14156,5737,Lila Bhandari,19,F,A3
14157,5737,Devika Kanda,33,F,A4
14158,5738,Theodore Chadha,43,M,A1
14159,5738,Tanay Srinivasan,36,M,A2
14160,5739,Divya Mammen,24,F,A1
14161,5739,Onveer Gandhi,44,M,A2
14162,5740,Fiyaz Bobal,42,M,A1
14163,5740,Ayush Palla,24,M,A2
14164,5740,Vaishnavi Nath,43,F,A3
14165,5741,Devansh Vig,29,M,A1
14166,5742,Triya Shetty,30,F,A1
14167,5743,Daksha Loke,47,F,A1
14168,5743,Ranveer Devi,37,M,A2
14169,5743,Frado Chadha,41,M,A3
14170,5743,Utkarsh Brar,43,M,A4
14171,5744,Imaran Naidu,40,M,A1
14172,5744,Kabir Soni,46,M,A2
14173,5745,Xavier Dash,28,M,A1
14174,5745,Gauri Dass,34,F,A2
14175,5745,Naksh Brahmbhatt,40,M,A3
14176,5745,Vivaan Sur,41,M,A4
14177,5746,Andrew Kapur,25,M,A1
14178,5746,Saksham Sarma,25,M,A2
14179,5747,Jagvi Mukhopadhyay,43,F,A1
14180,5747,Finn Gole,44,M,A2
14181,5748,Tristan Koshy,37,M,A1
14182,5749,Hritik Sangha,23,M,A1
14183,5750,Yash Dube,33,M,A1
14184,5751,Faras Kurian,29,M,A1
14185,5752,Jeet Walia,41,M,A1
14186,5752,Balendra Buch,25,M,A2
14187,5752,Warjas Shukla,41,M,A3
14188,5753,Jonathan Warrior,36,M,A1
14189,5753,Daksh Bera,39,M,A2
14190,5753,Aadi Date,27,M,A3
14191,5754,Sneha Kota,29,F,A1
14192,5754,Yatan Murthy,34,M,A2
14193,5754,Kevin Varghese,39,M,A3
14194,5755,Reyansh Mani,40,M,A1
14195,5755,Yug Zacharia,29,M,A2
14196,5755,Tejas Kibe,21,M,A3
14197,5755,Kamya Vig,28,F,A4
14198,5756,Faras Dubey,31,M,A1
14199,5756,Nachiket Chakraborty,42,M,A2
14200,5756,Parth Johal,19,M,A3
14201,5757,Advay Loyal,30,M,A1
14202,5757,Ekavir Sundaram,30,M,A2
14203,5757,Oviya Bhatnagar,24,F,A3
14204,5758,Aarnav Singh,30,M,A1
14205,5758,Andrew Goyal,25,M,A2
14206,5759,Ekaraj Jha,34,M,A1
14207,5759,Vansha Kapur,40,F,A2
14208,5760,Ayaan Sanghvi,36,M,A1
14209,5760,Guneet Raju,35,M,A2
14210,5761,Kavya Behl,29,F,A1
14211,5761,Oeshi Kant,36,F,A2
14212,5761,Aditya Panchal,27,M,A3
14213,5762,Jonathan Batta,26,M,A1
14214,5762,Teerth Salvi,38,M,A2
14215,5762,Onveer Edwin,32,M,A3
14216,5763,Simon Ray,24,M,A1
14217,5764,Qarin Wali,43,M,A1
14218,5765,Jai Choudhary,44,M,A1
14219,5765,Chakradhar Dhawan,32,M,A2
14220,5766,Dakshesh Jayaraman,47,M,A1
14221,5766,Neel Magar,31,M,A2
14222,5767,Yug Tiwari,40,M,A1
14223,5767,Xavier Sood,41,M,A2
14224,5767,Vedant Kar,28,M,A3
14225,5767,Jonathan Thaman,40,M,A4
14226,5768,Harish Pandya,31,M,A1
14227,5768,Pranav Keer,47,M,A2
14228,5768,Ekani Naik,39,F,A3
14229,5769,Amol Wali,30,M,A1
14230,5770,Oscar Kar,34,M,A1
14231,5770,Ikbal Nadkarni,38,M,A2
14232,5770,Chandani Bali,40,F,A3
14233,5770,Ronith Nanda,40,M,A4
14234,5771,Irya Amble,25,F,A1
14235,5771,Rishi Mammen,25,M,A2
14236,5772,Faqid Ghose,38,M,A1
14237,5772,Vihaan Chacko,42,M,A2
14238,5772,Nicholas Dar,36,M,A3
14239,5772,Chakradhar Nazareth,45,M,A4
14240,5773,Chakradhar Chakraborty,29,M,A1
14241,5773,Alexander Date,41,M,A2
14242,5773,Imaran Vig,31,M,A3
14243,5774,Aayush Mand,28,M,A1
14244,5774,Luke Badal,35,M,A2
14245,5774,Zayan Karan,40,M,A3
14246,5774,Yuvraj Mane,22,M,A4
14247,5775,Manthan Kaur,28,M,A1
14248,5775,Warjas Jaggi,46,M,A2
14249,5776,Gagan Chacko,42,M,A1
14250,5776,Hema Kannan,30,F,A2
14251,5777,Ikbal Chowdhury,27,M,A1
14252,5777,Viraj Ramesh,39,M,A2
14253,5778,Maanav Raja,28,M,A1
14254,5778,Baljiwan Munshi,44,M,A2
14255,5779,Balvan Manne,25,M,A1
14256,5779,Faras Iyengar,31,M,A2
14257,5780,Manbir Kulkarni,38,M,A1
14258,5780,Dhruv Saran,18,M,A2
14259,5780,Finn Sahota,29,M,A3
14260,5781,Tarak Jayaraman,20,M,A1
14261,5781,Hemang Natarajan,35,M,A2
14262,5781,Fiyaz Shankar,30,M,A3
14263,5781,Ayaan Sibal,21,M,A4
14264,5782,Samar Nagar,21,M,A1
14265,5782,Peter Gandhi,41,M,A2
14266,5782,Kiaan Mander,23,M,A3
14267,5782,Bakhshi Sethi,32,M,A4
14268,5783,Aarush Bhalla,40,M,A1
14269,5783,Jeremiah Yogi,23,M,A2
14270,5783,Warjas Barman,21,M,A3
14271,5784,Avi Doshi,30,M,A1
14272,5784,Fariq Batta,30,M,A2
14273,5785,Xavier Walla,44,M,A1
14274,5785,Anirudh Chakraborty,31,M,A2
14275,5785,Gunbir Mani,24,M,A3
14276,5785,Aayush Kunda,26,M,A4
14277,5786,Aarnav Misra,19,M,A1
14278,5787,Girik Dugar,34,M,A1
14279,5788,Mohammed Sekhon,32,M,A1
14280,5789,Widisha Mukherjee,29,F,A1
14281,5789,Anusha Bhat,39,F,A2
14282,5789,Mason Dewan,46,M,A3
14283,5790,Pushti Panchal,42,F,A1
14284,5791,Maanav Wadhwa,43,M,A1
14285,5792,Faras Wagle,46,M,A1
14286,5793,Yagnesh Choudhary,24,M,A1
14287,5793,Chatresh Konda,35,M,A2
14288,5794,Advaith Andra,43,M,A1
14289,5795,Brinda Jayaraman,32,F,A1
14290,5796,Jeremiah Kala,36,M,A1
14291,5796,Laksh Dutta,24,M,A2
14292,5797,Harshil Kaur,31,M,A1
14293,5797,Pranit Gaba,40,M,A2
14294,5798,Harshil Keer,37,M,A1
14295,5799,Krish Wali,39,M,A1
14296,5799,Watika Basak,29,F,A2
14297,5799,Nachiket Rajan,31,M,A3
14298,5799,Karan Bhargava,43,M,A4
14299,5800,Ranveer Kota,27,M,A1
14300,5800,Advik Yogi,30,M,A2
14301,5800,Jacob Gopal,23,M,A3
14302,5801,Manbir Uppal,29,M,A1
14303,5801,Chaitanya Chaudhari,40,M,A2
14304,5801,Balveer Rout,36,M,A3
14305,5801,Praneel Nayak,35,M,A4
14306,5802,Lohit Palan,33,M,A1
14307,5802,Mekhala Srinivas,41,F,A2
14308,5802,Aryan Kalita,27,M,A3
14309,5803,Max Loke,32,M,A1
14310,5803,Victor Sekhon,37,M,A2
14311,5804,Udarsh Pillay,42,M,A1
14312,5804,Azaan Memon,29,M,A2
14313,5804,Harish Shukla,36,M,A3
14314,5804,Zaid Madan,36,M,A4
14315,5805,Brijesh Datta,42,M,A1
14316,5805,Viraj Kata,42,M,A2
14317,5805,Vaishnavi Prabhakar,21,F,A3
14318,5806,Theodore Mody,20,M,A1
14319,5806,Karan Dash,24,M,A2
14320,5807,Ojas Parikh,41,M,A1
14321,5807,Balendra Prabhu,44,M,A2
14322,5807,Bina Sawhney,37,F,A3
14323,5808,Guneet Shere,27,M,A1
14324,5808,Farhan Chacko,24,M,A2
14325,5808,Dalaja Vaidya,33,F,A3
14326,5809,Fiyaz Basu,28,M,A1
14327,5809,Darpan Kaur,37,M,A2
14328,5810,Praneel Raju,48,M,A1
14329,5810,Banjeet Pall,45,M,A2
14330,5811,Caleb Parekh,21,M,A1
14331,5811,Jai Mander,41,M,A2
14332,5811,Benjamin Shere,37,M,A3
14333,5812,Krish Dalal,35,M,A1
14334,5813,Charan Seshadri,40,M,A1
14335,5813,Peter Dewan,34,M,A2
14336,5814,Logan Raghavan,27,M,A1
14337,5814,Upkaar Chana,41,M,A2
14338,5814,Isaiah Sastry,36,M,A3
14339,5815,Aadi Baria,30,M,A1
14340,5816,Siddharth Johal,22,M,A1
14341,5816,Naksh Kata,46,M,A2
14342,5816,Ojas Thakkar,39,M,A3
14343,5817,Simon Choudhry,37,M,A1
14344,5817,Rayaan Loyal,31,M,A2
14345,5817,Nachiket Toor,35,M,A3
14346,5817,Amruta Sood,24,F,A4
14347,5818,Kevin Kade,46,M,A1
14348,5818,Wyatt Rattan,31,M,A2
14349,5818,Sarthak Narain,31,M,A3
14350,5818,Simon Chatterjee,24,M,A4
14351,5819,Gunbir Varughese,38,M,A1
14352,5819,Bhavya Saran,40,F,A2
14353,5819,Faras Dayal,45,M,A3
14354,5819,Balhaar Raj,20,M,A4
14355,5820,Bahadurjit Anand,29,M,A1
14356,5821,Girik Sane,22,M,A1
14357,5821,Harshil Kapoor,43,M,A2
14358,5822,Yuvraj Hari,41,M,A1
14359,5822,Advaith Agate,46,M,A2
14360,5823,Qarin Purohit,47,M,A1
14361,5824,Gunbir Gandhi,21,M,A1
14362,5824,Ijaya Dua,22,F,A2
14363,5824,Hredhaan Salvi,33,M,A3
14364,5824,Nachiket Mallick,22,M,A4
14365,5825,Imaran Master,37,M,A1
14366,5826,Luke Saraf,38,M,A1
14367,5826,Frederick Chhabra,31,M,A2
14368,5827,Frado Sachar,23,M,A1
14369,5827,Anirudh Radhakrishnan,25,M,A2
14370,5828,Chandran Sawhney,21,M,A1
14371,5829,Azaan Lalla,33,M,A1
14372,5829,Rayaan Swamy,25,M,A2
14373,5830,Ekalinga Patla,39,M,A1
14374,5831,Chatresh Sura,27,M,A1
14375,5831,Faraj D’Alia,33,M,A2
14376,5831,Siya Nagi,33,F,A3
14377,5832,Laksh Comar,36,M,A1
14378,5832,Jackson Rana,24,M,A2
14379,5833,Ishwar Parsa,38,M,A1
14380,5833,Lakshit Dash,21,M,A2
14381,5833,Abhiram Yohannan,35,M,A3
14382,5834,Lucky Rana,37,M,A1
14383,5834,Warjas Narasimhan,20,M,A2
14384,5834,Nathan Gola,47,M,A3
14385,5835,Abhimanyu Boase,26,M,A1
14386,5835,Veer Mammen,23,M,A2
14387,5835,Balvan Shere,26,M,A3
14388,5836,Simon Din,39,M,A1
14389,5837,Noah Kapadia,42,M,A1
14390,5837,Farhan Chadha,34,M,A2
14391,5838,Chaman Jha,33,F,A1
14392,5838,Laksh Iyer,33,M,A2
14393,5838,George Cherian,29,M,A3
14394,5839,Elijah Sibal,43,M,A1
14395,5839,Thomas Prasad,30,M,A2
14396,5839,Jai Mann,43,M,A3
14397,5839,Lucky Din,22,M,A4
14398,5840,Pranav Palla,21,M,A1
14399,5840,Anmol Yogi,30,M,A2
14400,5840,Anamika Bawa,43,F,A3
14401,5841,Krish Desai,20,M,A1
14402,5841,Udant Balan,19,M,A2
14403,5842,Rushil Gaba,40,M,A1
14404,5842,Zehaan Bajwa,29,M,A2
14405,5842,Samarth Khare,35,M,A3
14406,5842,Anirudh Garg,41,M,A4
14407,5843,Aarav Taneja,35,M,A1
14408,5843,Umang Bhatia,37,M,A2
14409,5844,Jagvi Sethi,26,F,A1
14410,5845,Oscar Issac,42,M,A1
14411,5845,Pratyush Sehgal,21,M,A2
14412,5845,Siddharth Banik,25,M,A3
14413,5845,Frederick Issac,21,M,A4
14414,5846,Viraj Viswanathan,39,M,A1
14415,5846,Utkarsh Oommen,26,M,A2
14416,5846,Leena Rau,36,F,A3
14417,5846,Rishi Singh,21,M,A4
14418,5847,Praneel Taneja,38,M,A1
14419,5848,Benjamin Ramesh,44,M,A1
14420,5848,Idika Saxena,48,F,A2
14421,5849,Kevin Magar,42,M,A1
14422,5849,Bhavani Sur,25,F,A2
14423,5850,Yatin Walla,32,M,A1
14424,5850,Bachittar Rana,36,M,A2
14425,5851,Laksh Suresh,33,M,A1
14426,5851,Tejas Singhal,40,M,A2
14427,5851,Hitesh Divan,39,M,A3
14428,5851,Harish Majumdar,43,M,A4
14429,5852,Qadim Rama,44,M,A1
14430,5853,Naveen Bail,20,M,A1
14431,5853,Gagan Barman,23,M,A2
14432,5853,Tanay Naik,37,M,A3
14433,5854,Irya Sen,30,F,A1
14434,5854,Balhaar Nadig,30,M,A2
14435,5854,Naveen Majumdar,42,M,A3
14436,5854,Jack Taneja,41,M,A4
14437,5855,Zayyan Venkatesh,27,M,A1
14438,5855,Harshil Borde,25,M,A2
14439,5856,Nitesh Singhal,42,M,A1
14440,5856,Ranbir Bawa,37,M,A2
14441,5856,Lucky Balasubramanian,39,M,A3
14442,5856,Ekbal Lad,35,M,A4
14443,5857,William Andra,25,M,A1
14444,5857,Ishwar Banerjee,36,M,A2
14445,5858,Timothy Chaudhari,22,M,A1
14446,5858,Kalpit Mittal,20,M,A2
14447,5858,Warhi Zacharia,32,F,A3
14448,5858,Gaurang Sant,30,M,A4
14449,5859,Ekalinga Venkataraman,22,M,A1
14450,5860,Shaurya Lanka,36,M,A1
14451,5860,Gauri Dugar,42,F,A2
14452,5861,Rachit Menon,43,M,A1
14453,5861,Xalak Wason,35,F,A2
14454,5861,Unnati Garg,43,F,A3
14455,5861,Mason Oommen,25,M,A4
14456,5862,Vasatika Nath,32,F,A1
14457,5862,Shravya Tak,45,F,A2
14458,5862,Advik Ghose,37,M,A3
14459,5862,Lohit Bedi,47,M,A4
14460,5863,Isaac Sood,22,M,A1
14461,5863,Charles Swamy,32,M,A2
14462,5863,Nachiket Mishra,30,M,A3
14463,5863,Pushti Batta,42,F,A4
14464,5864,Girik Uppal,29,M,A1
14465,5864,Victor Peri,34,M,A2
14466,5864,Hema Bhakta,43,F,A3
14467,5864,Mekhala Dhaliwal,33,F,A4
14468,5865,Rajeshri Palla,44,F,A1
14469,5865,Ridhi Toor,26,F,A2
14470,5865,Lucky Bahl,35,M,A3
14471,5866,Charan Chad,31,M,A1
14472,5866,Gautam Chopra,38,M,A2
14473,5866,Nathan Dada,29,M,A3
14474,5866,Sai Som,42,M,A4
14475,5867,Gagan Chandran,43,M,A1
14476,5868,Krishna Jha,44,M,A1
14477,5868,Udarsh Hans,43,M,A2
14478,5869,Ladli Gupta,30,F,A1
14479,5869,Ranveer Date,40,M,A2
14480,5870,Kai Pandit,22,M,A1
14481,5870,Jeremiah Edwin,33,M,A2
14482,5870,Samaksh Sarin,27,M,A3
14483,5870,Wriddhish Char,45,M,A4
14484,5871,Azad Das,44,M,A1
14485,5872,Upkaar Deshpande,43,M,A1
14486,5872,Jonathan Sampath,36,M,A2
14487,5872,Abhiram Kaul,23,M,A3
14488,5873,David Choudhury,26,M,A1
14489,5874,Chatresh Bassi,22,M,A1
14490,5875,Vrishti Contractor,36,F,A1
14491,5875,Praneel Nayak,37,M,A2
14492,5876,Ishwar Patil,34,M,A1
14493,5876,Yasti Hayre,22,F,A2
14494,5876,Advik Sarin,32,M,A3
14495,5876,Brijesh Dyal,48,M,A4
14496,5877,Jai Sachdev,37,M,A1
14497,5877,Advay Zachariah,37,M,A2
14498,5877,Aarush Jhaveri,25,M,A3
14499,5877,Dalbir Sama,33,M,A4
14500,5878,Tarak Om,39,M,A1
14501,5878,Qadim Ravel,42,M,A2
14502,5878,Lajita Narang,20,F,A3
14503,5878,Om Hegde,31,M,A4
14504,5879,Champak Konda,37,M,A1
14505,5879,Xavier Dyal,25,M,A2
14506,5879,Neel Kulkarni,40,M,A3
14507,5880,Faras Sundaram,43,M,A1
14508,5880,Sai Sami,35,M,A2
14509,5880,Charles Rout,24,M,A3
14510,5881,Hredhaan Anand,46,M,A1
14511,5881,Saumya Maharaj,45,F,A2
14512,5881,Dev Chandra,32,M,A3
14513,5882,Chakradhar Walla,38,M,A1
14514,5882,Dakshesh Wali,20,M,A2
14515,5882,Gaurav Halder,44,M,A3
14516,5882,Daksh Sarkar,24,M,A4
14517,5883,Abhiram Nath,43,M,A1
14518,5884,Dakshesh Natt,46,M,A1
14519,5885,Azaan Kurian,33,M,A1
14520,5886,Nathaniel Mistry,44,M,A1
14521,5887,Gaurang Wason,21,M,A1
14522,5887,Gautam Jaggi,27,M,A2
14523,5887,Saksham Narayan,36,M,A3
14524,5888,Ranveer Kalla,20,M,A1
14525,5889,Pranav More,18,M,A1
14526,5889,Sarthak Palan,42,M,A2
14527,5890,Vincent Korpal,26,M,A1
14528,5891,Atharv Mital,38,M,A1
14529,5891,Parth Dara,37,M,A2
14530,5892,Deepa Muni,42,F,A1
14531,5893,Qabil Chhabra,25,M,A1
14532,5893,Oscar Mander,21,M,A2
14533,5894,Ganga Cherian,26,F,A1
14534,5895,Zashil Khanna,28,M,A1
14535,5895,Ayush Goswami,36,M,A2
14536,5895,Hitesh Naik,30,M,A3
14537,5895,Kabir Das,27,M,A4
14538,5896,Onveer Rajagopal,25,M,A1
14539,5896,Omisha Som,37,F,A2
14540,5896,Gunbir Kade,29,M,A3
14541,5897,Girindra Sandhu,37,M,A1
14542,5897,Yash Mander,39,M,A2
14543,5897,Jagat Walla,26,M,A3
14544,5898,Qadim Tella,47,M,A1
14545,5898,Aarush Lata,41,M,A2
14546,5898,Eesha Walla,40,F,A3
14547,5899,Tripti Amble,34,F,A1
14548,5899,Logan Chacko,36,M,A2
14549,5899,Rishi Uppal,23,M,A3
14550,5899,Krishna Oza,41,F,A4
14551,5900,Caleb Ray,29,M,A1
14552,5901,Ijaya Dua,20,F,A1
14553,5901,Jai Pai,31,M,A2
14554,5902,Ekaraj Ratti,26,M,A1
14555,5903,Yashvi Barman,28,F,A1
14556,5903,Ikbal Hayer,32,M,A2
14557,5904,Tristan Bassi,42,M,A1
14558,5904,Hemani Gola,40,F,A2
14559,5904,Faris Mitter,29,M,A3
14560,5904,Oliver Virk,35,M,A4
14561,5905,Krish Balasubramanian,32,M,A1
14562,5905,Leela Chowdhury,24,F,A2
14563,5905,Wyatt Tiwari,23,M,A3
14564,5906,Chaitanya Patla,35,M,A1
14565,5906,Chandresh Aggarwal,27,M,A2
14566,5906,Charan Walla,25,M,A3
14567,5907,Xavier Natarajan,24,M,A1
14568,5908,Rohan Dora,35,M,A1
14569,5908,Yuvraj Oza,41,M,A2
14570,5908,Tristan Soni,34,M,A3
14571,5909,Fiyaz Dua,31,M,A1
14572,5909,Qasim Sekhon,25,M,A2
14573,5910,Wahab Wali,26,M,A1
14574,5911,Onkar Bajwa,42,M,A1
14575,5911,Ekaja Chokshi,33,F,A2
14576,5911,Harini Bora,30,F,A3
14577,5912,Kashish Bali,31,F,A1
14578,5912,Sai Dara,41,F,A2
14579,5912,Yuvraj Yadav,38,M,A3
14580,5912,Banjeet Sura,35,M,A4
14581,5913,Isaac Konda,27,M,A1
14582,5913,Damyanti Natarajan,39,F,A2
14583,5913,Harsh Bassi,28,M,A3
14584,5914,Nihal Dhillon,34,M,A1
14585,5915,Adya Dada,18,F,A1
14586,5916,Dayita Gola,47,F,A1
14587,5916,Frado Krish,38,M,A2
14588,5917,Gabriel Dugar,27,M,A1
14589,5918,Benjamin Kumar,27,M,A1
14590,5919,Naveen Oommen,44,M,A1
14591,5919,Yashvi Ramesh,25,F,A2
14592,5919,Ranbir Choudhary,38,M,A3
14593,5919,Advay Gulati,38,M,A4
14594,5920,Hiral Parikh,41,F,A1
14595,5921,Faris Bora,44,M,A1
14596,5922,Henry Lad,30,M,A1
14597,5922,Girik Saxena,32,M,A2
14598,5922,Jairaj Master,22,M,A3
14599,5923,Onveer Sengupta,40,M,A1
14600,5924,Qushi Baral,20,F,A1
14601,5924,Ranveer Patla,21,M,A2
14602,5924,Laban Raju,43,M,A3
14603,5924,Ranbir Dhawan,34,M,A4
14604,5925,Arjun Chokshi,26,M,A1
14605,5925,Gavin Ranganathan,21,M,A2
14606,5926,Theodore Pathak,40,M,A1
14607,5926,Jai Kohli,30,M,A2
14608,5926,Quincy Lala,41,M,A3
14609,5927,Anay Dalal,41,M,A1
14610,5928,Reva Choudhury,24,F,A1
14611,5928,Abdul Varughese,36,M,A2
14612,5928,Imaran Dugar,22,M,A3
14613,5928,Shivansh Jani,38,M,A4
14614,5929,Ekalinga Kala,42,M,A1
14615,5929,Balvan Behl,45,M,A2
14616,5929,Avi Majumdar,43,M,A3
14617,5930,Ranveer Borah,47,M,A1
14618,5930,Gunbir Parsa,24,M,A2
14619,5930,Praneel Tak,36,M,A3
14620,5930,Nathaniel Bakshi,39,M,A4
14621,5931,Balvan Comar,32,M,A1
14622,5932,Faras Chaudhuri,35,M,A1
14623,5932,Theodore Boase,31,M,A2
14624,5932,Zehaan Sridhar,35,M,A3
14625,5932,Ansh Tata,26,M,A4
14626,5933,Henry Barad,36,M,A1
14627,5933,Hritik Karpe,42,M,A2
14628,5934,Ethan Seshadri,28,M,A1
14629,5935,Pranav Bal,43,M,A1
14630,5935,Jack Gara,37,M,A2
14631,5935,Nakul Chana,23,M,A3
14632,5935,Banjeet Jayaraman,25,M,A4
14633,5936,Warjas Pingle,22,M,A1
14634,5937,Hamsini Pathak,35,F,A1
14635,5937,Lohit Lala,28,M,A2
14636,5937,Timothy Kamdar,36,M,A3
14637,5938,Tanay Gaba,33,M,A1
14638,5939,Nilima Muni,46,F,A1
14639,5939,Manbir Tank,30,M,A2
14640,5940,Wridesh Taneja,43,M,A1
14641,5940,Darpan Saraf,42,M,A2
14642,5940,Aryan Dass,45,M,A3
14643,5940,Gopal Upadhyay,37,M,A4
14644,5941,Udant Gala,40,M,A1
14645,5941,Dhruv Shroff,26,M,A2
14646,5941,Utkarsh Kalita,33,M,A3
14647,5942,Jeet Raghavan,30,M,A1
14648,5942,Udarsh Dugar,31,M,A2
14649,5942,Lucky Raval,40,M,A3
14650,5942,Fariq Gala,35,M,A4
14651,5943,Saksham Hayre,44,M,A1
14652,5943,Ranveer Sabharwal,29,M,A2
14653,5943,Wridesh Ram,32,M,A3
14654,5943,Guneet Hayre,28,M,A4
14655,5944,Lopa Sankaran,33,F,A1
14656,5944,Lavanya Warrior,36,F,A2
14657,5945,Tanay Mohan,41,M,A1
14658,5946,Nihal Nagar,37,M,A1
14659,5946,Sachi Memon,36,F,A2
14660,5946,Harrison Kale,19,M,A3
14661,5946,Rehaan Gade,30,M,A4
14662,5947,Qadim Sha,37,M,A1
14663,5947,Fariq Chaudhry,28,M,A2
14664,5948,Udarsh Buch,47,M,A1
14665,5948,Victor Shanker,30,M,A2
14666,5948,Yuvraj Ramakrishnan,36,M,A3
14667,5948,Imaran Dara,26,M,A4
14668,5949,Aditya Dubey,46,M,A1
14669,5949,Rudra Nayar,19,M,A2
14670,5950,Jeremiah Chowdhury,43,M,A1
14671,5950,Parth Kala,23,M,A2
14672,5951,Pratyush Kakar,47,M,A1
14673,5951,Ganga Pai,35,F,A2
14674,5951,Rushil Pingle,32,M,A3
14675,5952,Charles Chhabra,42,M,A1
14676,5952,Rishi Singh,20,M,A2
14677,5952,Shivansh Mahajan,23,M,A3
14678,5953,Pratyush Bail,42,M,A1
14679,5953,Bhavya Ghosh,24,F,A2
14680,5954,Jairaj Deshpande,43,M,A1
14681,5955,Agastya Bajaj,34,M,A1
14682,5956,Jason Kapur,27,M,A1
14683,5956,Nihal Barad,29,M,A2
14684,5956,Krishna Zachariah,28,M,A3
14685,5956,Bachittar Sinha,43,M,A4
14686,5957,Warhi Shetty,46,F,A1
14687,5958,Jonathan Deo,37,M,A1
14688,5958,Harshil Divan,30,M,A2
14689,5958,Rachita Sama,27,F,A3
14690,5958,Balveer Sura,43,M,A4
14691,5959,Jai Rastogi,41,M,A1
14692,5959,Vihaan Dutt,37,M,A2
14693,5959,Advay Bhat,42,M,A3
14694,5960,Tarak Buch,38,M,A1
14695,5960,Noah Wason,35,M,A2
14696,5961,Ishaan Om,20,M,A1
14697,5961,Ayush Tiwari,31,M,A2
14698,5961,Raksha Halder,28,F,A3
14699,5961,Ranveer Ramesh,30,M,A4
14700,5962,Dayamai Chhabra,35,F,A1
14701,5962,Ronith Pathak,25,M,A2
14702,5962,Vihaan Chakraborty,25,M,A3
14703,5963,Faras Thakkar,37,M,A1
14704,5964,Om Gandhi,25,M,A1
14705,5965,Anirudh Choudhary,28,M,A1
14706,5965,Yatan Iyengar,24,M,A2
14707,5966,Pranav Lalla,45,M,A1
14708,5967,Avi Bhardwaj,39,M,A1
14709,5968,Hritik Varghese,36,M,A1
14710,5968,Advika Mitter,19,F,A2
14711,5968,Saksham Jain,40,M,A3
14712,5969,Ayaan Sharaf,46,M,A1
14713,5969,Anirudh Panchal,43,M,A2
14714,5970,Noah Saini,43,M,A1
14715,5970,Upkaar Hayer,38,M,A2
14716,5971,Yashvi Warrior,43,F,A1
14717,5971,Onveer Goyal,47,M,A2
14718,5972,Aryan Som,43,M,A1
14719,5972,Veer Anne,23,M,A2
14720,5972,Jai Jha,46,M,A3
14721,5972,Benjamin Puri,39,M,A4
14722,5973,Orinder Pall,26,M,A1
14723,5973,Harshil Narang,40,M,A2
14724,5973,Rushil Raval,46,M,A3
14725,5974,Isaac Kota,36,M,A1
14726,5975,Theodore Sampath,39,M,A1
14727,5975,Chanchal Mander,21,F,A2
14728,5976,Pahal Madan,29,F,A1
14729,5976,Nitesh Pillay,23,M,A2
14730,5976,Anusha Hari,44,F,A3
14731,5977,Nachiket Lad,28,M,A1
14732,5978,Ekbal Chana,43,M,A1
14733,5978,Nathan Warrior,43,M,A2
14734,5979,Nathaniel Ramaswamy,21,M,A1
14735,5980,Advik Sethi,30,M,A1
14736,5981,Chaitanya Bera,27,M,A1
14737,5982,Ekavir Mitter,41,M,A1
14738,5982,Simon Wali,30,M,A2
14739,5983,Andrew Tara,21,M,A1
14740,5984,Kai Dada,36,M,A1
14741,5984,Qabil Murthy,28,M,A2
14742,5984,Warinder Arora,48,M,A3
14743,5984,Anika Talwar,34,F,A4
14744,5985,Aayush Chopra,35,M,A1
14745,5985,Yatan Sandhu,24,M,A2
14746,5985,Banjeet Nayak,42,M,A3
14747,5985,Jackson Chacko,38,M,A4
14748,5986,Qabil Gara,43,M,A1
14749,5986,Guneet Golla,27,M,A2
14750,5987,Aarush Chatterjee,42,M,A1
14751,5987,Dhruv Vala,28,M,A2
14752,5987,Avi Chaudhari,25,M,A3
14753,5988,Finn Rao,30,M,A1
14754,5988,Farhan Raval,44,M,A2
14755,5988,Nathan Lall,34,M,A3
14756,5988,Kashish Gole,31,F,A4
14757,5989,Balendra Bhavsar,18,M,A1
14758,5989,Aarav Badal,36,M,A2
14759,5989,Rachit Comar,24,M,A3
14760,5989,Udarsh Anand,19,M,A4
14761,5990,Lucky Patil,23,M,A1
14762,5990,Aayush Pandit,39,M,A2
14763,5991,Krish Sama,25,M,A1
14764,5992,Luke Deshpande,26,M,A1
14765,5992,Abdul Mann,21,M,A2
14766,5992,Owen Wali,35,M,A3
14767,5993,Laksh Krishna,21,M,A1
14768,5994,Qadim Goyal,43,M,A1
14769,5994,Naveen Kanda,32,M,A2
14770,5994,Nihal Anand,44,M,A3
14771,5994,Yagnesh Prasad,40,M,A4
14772,5995,Faras Prabhu,31,M,A1
14773,5995,Sathvik Lanka,42,M,A2
14774,5996,Ekapad Keer,42,M,A1
14775,5996,Aarna Buch,36,F,A2
14776,5996,Bakhshi Nazareth,20,M,A3
14777,5997,Faraj Khanna,24,M,A1
14778,5997,Yamini Sethi,18,F,A2
14779,5998,Fitan Kaul,26,M,A1
14780,5999,Diya Ramanathan,42,F,A1
14781,6000,Chandran Samra,25,M,A1
14782,6000,Om Walla,43,M,A2
14783,6001,Shaurya Baria,38,M,A1
14784,6001,Andrew Palan,35,M,A2
14785,6001,Fiyaz Loke,43,M,A3
14786,6002,Kritika Deo,40,F,A1
14787,6002,Balvan Bhatia,20,M,A2
14788,6002,Chanakya Rajan,29,M,A3
14789,6003,Vamakshi Rajagopal,39,F,A1
14790,6003,Kashish Divan,22,F,A2
14791,6004,Imaran Yohannan,28,M,A1
14792,6005,Manthan Chandran,22,M,A1
14793,6005,Hema Muni,37,F,A2
14794,6006,Krish Kalita,44,M,A1
14795,6006,Chavvi Kapoor,39,F,A2
14796,6007,Azaan Butala,40,M,A1
14797,6008,Irya Kaur,39,F,A1
14798,6008,Aarnav Rama,43,M,A2
14799,6008,Jack Bhasin,24,M,A3
14800,6009,Yash Hayre,44,M,A1
14801,6010,Nisha Dhingra,20,F,A1
14802,6010,Wridesh Muni,40,M,A2
14803,6011,Tanveer Ravi,33,M,A1
14804,6011,Upadhriti Gandhi,19,F,A2
14805,6011,Harsh Shanker,43,M,A3
14806,6012,Kevin Dalal,23,M,A1
14807,6012,Henry Prashad,41,M,A2
14808,6012,Christopher Chokshi,24,M,A3
14809,6013,Anirudh Tara,21,M,A1
14810,6013,Nathan Deo,37,M,A2
14811,6013,Joshua Ahluwalia,37,M,A3
14812,6014,Gunbir Ramaswamy,32,M,A1
14813,6014,Nitara Raja,34,F,A2
14814,6015,Charita Raja,28,F,A1
14815,6015,Qarin Naik,35,M,A2
14816,6015,Hemang Chhabra,38,M,A3
14817,6015,Harish Wagle,45,M,A4
14818,6016,Zilmil Venkatesh,24,F,A1
14819,6016,Chanakya Roy,20,M,A2
14820,6016,Gabriel Jani,39,M,A3
14821,6017,Aashi Mahal,21,F,A1
14822,6017,Krishna Memon,26,M,A2
14823,6017,Veer Dayal,40,M,A3
14824,6017,Yash Ramanathan,33,M,A4
14825,6018,Hitesh Halder,37,M,A1
14826,6019,Warjas Thakur,34,M,A1
14827,6020,Shaurya Parsa,32,M,A1
14828,6021,Aditya Magar,42,M,A1
14829,6022,Reyansh Sandhu,25,M,A1
14830,6023,Onveer Majumdar,19,M,A1
14831,6023,Umang Mahajan,36,M,A2
14832,6023,Dakshesh Tiwari,33,M,A3
14833,6023,Kevin Sekhon,29,M,A4
14834,6024,Alexander Ravi,35,M,A1
14835,6024,Aarav Kashyap,23,M,A2
14836,6024,Ojas Solanki,38,M,A3
14837,6024,Gautam Prasad,22,M,A4
14838,6025,Azad Kapadia,35,M,A1
14839,6026,Ansh Zachariah,34,M,A1
14840,6026,Darsh Sridhar,28,M,A2
14841,6026,Raagini Sahni,41,F,A3
14842,6026,Andrew Mand,44,M,A4
14843,6027,Henry Pandya,27,M,A1
14844,6028,Reyansh Mani,39,M,A1
14845,6029,Wyatt Kunda,29,M,A1
14846,6029,Jyoti Balan,48,F,A2
14847,6030,Tejas Chokshi,45,M,A1
14848,6031,Nachiket Palla,35,M,A1
14849,6031,Simon Yohannan,39,M,A2
14850,6031,Onveer Mohan,23,M,A3
14851,6032,Andrew Sridhar,20,M,A1
14852,6032,Baljiwan Mane,40,M,A2
14853,6032,Max Gade,21,M,A3
14854,6033,Samarth Palla,45,M,A1
14855,6034,Kevin Loke,32,M,A1
14856,6035,Udyati Manda,26,F,A1
14857,6035,Wriddhish Venkatesh,21,M,A2
14858,6035,Harish Sane,34,M,A3
14859,6036,Chakradev Soman,38,M,A1
14860,6036,Theodore Pathak,27,M,A2
14861,6036,Jackson Dugar,29,M,A3
14862,6036,Gopal Sant,25,M,A4
14863,6037,Abhiram Bera,38,M,A1
14864,6037,Robert Goswami,41,M,A2
14865,6037,Warhi Kibe,41,F,A3
14866,6037,Aarnav Jain,31,M,A4
14867,6038,Orinder Dora,41,M,A1
14868,6038,Manan Date,28,M,A2
14869,6038,Elijah Sanghvi,41,M,A3
14870,6039,Owen Varkey,37,M,A1
14871,6039,Udant Kamdar,42,M,A2
14872,6039,Chandran Sarkar,35,M,A3
14873,6040,Shaurya Anand,41,M,A1
14874,6041,Fariq Vig,44,M,A1
14875,6041,Anthony Kade,19,M,A2
14876,6042,Jack Chander,21,M,A1
14877,6042,Girik Kumer,43,M,A2
14878,6042,Jai Narula,25,M,A3
14879,6043,Aarna Mand,34,F,A1
14880,6043,Rayaan Bawa,40,M,A2
14881,6043,Arunima Brar,23,F,A3
14882,6043,Harshil Divan,43,M,A4
14883,6044,Yatan Hari,29,M,A1
14884,6045,Bimala Lalla,20,F,A1
14885,6045,Anthony Rajagopalan,25,M,A2
14886,6045,Dayita Lalla,40,F,A3
14887,6045,Faras Loyal,38,M,A4
14888,6046,Forum Hegde,21,F,A1
14889,6046,Gavin Yogi,29,M,A2
14890,6047,Faras Lata,42,M,A1
14891,6047,Girik Kumer,41,M,A2
14892,6047,Nathan Loke,40,M,A3
14893,6047,Pranav Naik,26,M,A4
14894,6048,Nihal Ganesan,43,M,A1
14895,6048,Yauvani Dasgupta,44,F,A2
14896,6048,Anmol Gaba,31,M,A3
14897,6049,Banjeet Sankaran,40,M,A1
14898,6049,Dominic Ben,32,M,A2
14899,6050,Frederick Goswami,29,M,A1
14900,6051,Charles Kalla,26,M,A1
14901,6052,Pahal Prabhu,41,F,A1
14902,6052,Harrison Kumar,24,M,A2
14903,6053,Tarak Seth,23,M,A1
14904,6054,Xiti Sani,30,F,A1
14905,6054,Azad Das,47,M,A2
14906,6054,Charan Srinivas,41,M,A3
14907,6054,Darsh Narayan,37,M,A4
14908,6055,Luke Basak,26,M,A1
14909,6056,Parth Maharaj,35,M,A1
14910,6056,Rachita Sandal,45,F,A2
14911,6057,Ayaan Palla,42,M,A1
14912,6057,Abhimanyu Pall,21,M,A2
14913,6058,Aashi Kara,32,F,A1
14914,6058,Zashil Nigam,35,M,A2
14915,6059,Warinder Sachar,28,M,A1
14916,6059,Zashil Narasimhan,30,M,A2
14917,6059,Aryan Varty,40,M,A3
14918,6060,Thomas Krishna,46,M,A1
14919,6060,Ayushman Bumb,30,M,A2
14920,6060,Lohit Bath,41,M,A3
14921,6060,Amol Loke,26,M,A4
14922,6061,Isaac Bhargava,29,M,A1
14923,6062,Ekaraj Murty,33,M,A1
14924,6062,Aditya Arora,23,M,A2
14925,6063,Kabir Aggarwal,36,M,A1
14926,6063,Varsha Shenoy,27,F,A2
14927,6063,Rachita Bahri,23,F,A3
14928,6064,Isaac Bera,20,M,A1
14929,6064,Chakradhar Gupta,20,M,A2
14930,6064,Daksh Bassi,18,M,A3
14931,6064,Qarin Choudhry,29,M,A4
14932,6065,Jacob Sarna,22,M,A1
14933,6066,Siddharth Sengupta,40,M,A1
14934,6066,Xavier Murthy,36,M,A2
14935,6066,Falan Sood,23,M,A3
14936,6066,Gopal Ramachandran,33,M,A4
14937,6067,Nathan Wable,30,M,A1
14938,6068,Yatin Manne,39,M,A1
14939,6068,Girik Borah,36,M,A2
14940,6068,Maanas Hegde,33,M,A3
14941,6069,Ikbal Mane,44,M,A1
14942,6069,Qabil Baria,39,M,A2
14943,6070,Gauri Kunda,29,F,A1
14944,6071,Hemang Borde,22,M,A1
14945,6071,Harinakshi Kuruvilla,38,F,A2
14946,6071,Chasmum Bhargava,20,F,A3
14947,6072,Pahal Kakar,27,F,A1
14948,6072,Gavin Choudhary,41,M,A2
14949,6073,Jackson Das,25,M,A1
14950,6073,Ishaan Bhagat,45,M,A2
14951,6074,Joshua Boase,33,M,A1
14952,6074,Michael Bhandari,27,M,A2
14953,6074,Henry Uppal,44,M,A3
14954,6075,Raghav Modi,37,M,A1
14955,6075,Nakul Dhawan,43,M,A2
14956,6076,Jeet Mahajan,30,M,A1
14957,6076,Chandran Saran,46,M,A2
14958,6076,Yasti Misra,44,F,A3
14959,6077,Bachittar Mistry,28,M,A1
14960,6077,Chandran Bedi,37,M,A2
14961,6077,Sai Dayal,20,M,A3
14962,6078,Dominic Basak,40,M,A1
14963,6078,Aayush Rama,27,M,A2
14964,6078,Udant Johal,37,M,A3
14965,6079,Kevin Mody,33,M,A1
14966,6079,Chakradev Shukla,41,M,A2
14967,6080,Saksham Ravi,31,M,A1
14968,6080,Farhan Varghese,24,M,A2
14969,6080,Vihaan Vaidya,26,M,A3
14970,6080,Oscar Uppal,43,M,A4
14971,6081,Banjeet Kale,35,M,A1
14972,6081,Owen Dara,25,M,A2
14973,6081,Viraj Bhattacharyya,37,M,A3
14974,6082,Ekalinga Iyer,39,M,A1
14975,6082,Hredhaan Bhardwaj,23,M,A2
14976,6082,Ansh Rajan,26,M,A3
14977,6083,Brijesh Atwal,23,M,A1
14978,6083,Qarin Dutta,37,M,A2
14979,6083,Charan Pillai,44,M,A3
14980,6083,Manan Setty,38,M,A4
14981,6084,Ekavir Randhawa,21,M,A1
14982,6085,Abhimanyu Dani,30,M,A1
14983,6085,Qabil Krishnamurthy,22,M,A2
14984,6085,Zaitra Khare,48,F,A3
14985,6085,Dominic Kakar,20,M,A4
14986,6086,Daksh Mody,33,M,A1
14987,6086,Charvi Chandran,43,F,A2
14988,6086,Manan Thakkar,43,M,A3
14989,6087,Kai Bhargava,34,M,A1
14990,6088,Chakradhar Sahni,30,M,A1
14991,6088,Ikbal Mahal,23,M,A2
14992,6088,Darsh Sankar,42,M,A3
14993,6089,Sai Borra,39,M,A1
14994,6089,Mugdha Lala,36,F,A2
14995,6090,Krish Bhatnagar,41,M,A1
14996,6090,Rachit Chhabra,27,M,A2
14997,6090,Mugdha Sheth,26,F,A3
14998,6090,Lucky Sankaran,34,M,A4
14999,6091,Arya Loyal,31,F,A1
15000,6091,Fitan Randhawa,24,M,A2
15001,6092,Chameli Pandey,27,F,A1
15002,6093,Jagdish Babu,38,M,A1
15003,6093,Rehaan Mandal,18,M,A2
15004,6093,Ekaraj Sani,28,M,A3
15005,6093,Rishi Shan,21,M,A4
15006,6094,Frederick Sengupta,42,M,A1
15007,6094,Aryan Gaba,30,M,A2
15008,6094,Zaid Mukhopadhyay,44,M,A3
15009,6094,Pranit Dhawan,25,M,A4
15010,6095,Teerth Mander,28,M,A1
15011,6095,Azaan Kurian,22,M,A2
15012,6095,Vivaan Sani,43,M,A3
15013,6095,Vasatika Chandra,29,F,A4
15014,6096,Aarush Badami,20,M,A1
15015,6096,Harita Bail,24,F,A2
15016,6096,Ekbal Mistry,24,M,A3
15017,6097,Nachiket Kannan,42,M,A1
15018,6097,Omkaar Mangat,21,M,A2
15019,6098,George Kaur,34,M,A1
15020,6098,Noah Nath,46,M,A2
15021,6098,Vihaan Sridhar,23,M,A3
15022,6098,Liam Saran,21,M,A4
15023,6099,Gautami Vasa,41,F,A1
15024,6099,Nathaniel Batta,42,M,A2
15025,6099,Harsh Ranganathan,29,M,A3
15026,6100,Orinder Yohannan,22,M,A1
15027,6100,Advika Lanka,37,F,A2
15028,6101,Girindra Srivastava,42,M,A1
15029,6102,Andrew Patil,31,M,A1
15030,6103,Charan Johal,34,M,A1
15031,6103,Jalsa Mody,44,F,A2
15032,6103,Jason Rao,41,M,A3
15033,6103,Warjas Iyengar,19,M,A4
15034,6104,Sanaya Madan,31,F,A1
15035,6104,Atharv Goswami,19,M,A2
15036,6104,Yatin Hora,34,M,A3
15037,6105,Ishaan Reddy,45,M,A1
15038,6105,Finn Zacharia,39,M,A2
15039,6105,Gunbir Kari,40,M,A3
15040,6106,Qasim Zacharia,37,M,A1
15041,6106,Patrick Setty,47,M,A2
15042,6107,Janani Mammen,42,F,A1
15043,6107,Ishita Babu,42,F,A2
15044,6107,Qasim Chaudry,27,M,A3
15045,6108,Akshay Kohli,31,M,A1
15046,6108,Krish Kakar,25,M,A2
15047,6108,Simon Ramaswamy,47,M,A3
15048,6109,Aachal Ramakrishnan,38,F,A1
15049,6109,Utkarsh Gole,22,M,A2
15050,6109,Unnati Garde,27,F,A3
15051,6110,Urishilla Raj,30,F,A1
15052,6110,Arya Upadhyay,38,F,A2
15053,6111,Zayan Kunda,46,M,A1
15054,6111,Balveer Nair,34,M,A2
15055,6111,Naveen Mital,27,M,A3
15056,6112,Urvashi Korpal,39,F,A1
15057,6112,Lakshmi Mander,33,F,A2
15058,6112,Fiyaz Raju,31,M,A3
15059,6112,Pranav Kade,22,M,A4
15060,6113,Brijesh Chada,42,M,A1
15061,6114,Hemang Minhas,42,M,A1
15062,6114,Bahadurjit Maharaj,20,M,A2
15063,6114,Omkaar Shah,47,M,A3
15064,6114,Bahadurjit Saini,26,M,A4
15065,6115,Irya Narula,18,F,A1
15066,6116,Laksh Sanghvi,41,M,A1
15067,6116,Patrick Natarajan,42,M,A2
15068,6117,Guneet Anand,43,M,A1
15069,6117,Nathaniel Kala,29,M,A2
15070,6118,Nidra Nagar,40,F,A1
15071,6118,Qarin Kala,34,M,A2
15072,6119,Girish Chander,27,M,A1
15073,6119,Kabir Saraf,39,M,A2
15074,6119,Hardik Aggarwal,48,M,A3
15075,6119,Faraj Ghosh,22,M,A4
15076,6120,Frederick Kaul,34,M,A1
15077,6120,Kai Savant,34,M,A2
15078,6120,Teerth Trivedi,43,M,A3
15079,6120,Qabil Pau,45,M,A4
15080,6121,Viraj Nayak,36,M,A1
15081,6121,Advika Murthy,25,F,A2
15082,6121,Devansh Bedi,37,M,A3
15083,6121,Gunbir Oza,39,M,A4
15084,6122,Hritik Chaudhuri,38,M,A1
15085,6122,Krish Dash,41,M,A2
15086,6123,Bimala Shenoy,22,F,A1
15087,6124,Agastya Kala,40,M,A1
15088,6124,Amol Tripathi,22,M,A2
15089,6124,Ronith Vora,39,M,A3
15090,6125,Brijesh Das,28,M,A1
15091,6125,Qadim Wali,43,M,A2
15092,6125,Wyatt Ahuja,21,M,A3
15093,6125,Ranveer Doctor,27,M,A4
15094,6126,Gautam Manne,25,M,A1
15095,6126,Krishna Lall,36,M,A2
15096,6126,Oscar Om,23,M,A3
15097,6126,Veer Subramaniam,22,M,A4
15098,6127,Yatin Bhatia,32,M,A1
15099,6127,Faraj D’Alia,31,M,A2
15100,6127,Adya Sachdeva,44,F,A3
15101,6128,Yash Dube,34,M,A1
15102,6128,Rajeshri Gaba,38,F,A2
15103,6128,Henry Sama,28,M,A3
15104,6129,Max Varma,41,M,A1
15105,6130,Tanveer Dutta,44,M,A1
15106,6130,Zayan Mahal,22,M,A2
15107,6130,Ikbal Kata,22,M,A3
15108,6130,Jeremiah Mangal,39,M,A4
15109,6131,Januja Shere,23,F,A1
15110,6132,Yagnesh Viswanathan,34,M,A1
15111,6132,Maanav Banik,30,M,A2
15112,6133,Vinaya Sarma,27,F,A1
15113,6133,Hemang Ray,25,M,A2
15114,6133,Darpan Khatri,40,M,A3
15115,6133,Pranit Bhalla,35,M,A4
15116,6134,Ethan Tiwari,39,M,A1
15117,6134,Wridesh Handa,42,M,A2
15118,6134,Qarin Master,37,M,A3
15119,6134,Caleb Deep,21,M,A4
15120,6135,Neel Shere,42,M,A1
15121,6135,Gautam Lad,32,M,A2
15122,6135,Qadim Doctor,39,M,A3
15123,6135,Zarna Dasgupta,30,F,A4
15124,6136,Chakradhar Sankar,20,M,A1
15125,6137,Utkarsh Kapoor,35,M,A1
15126,6137,Falan Bera,31,M,A2
15127,6137,Gavin Parekh,28,M,A3
15128,6137,Ayaan Karan,40,M,A4
15129,6138,Anmol Gaba,23,M,A1
15130,6138,Maanav Bakshi,21,M,A2
15131,6138,Advay Gole,22,M,A3
15132,6139,Kamya Viswanathan,40,F,A1
15133,6139,Mohini Mutti,34,F,A2
15134,6140,Madhav Bumb,39,M,A1
15135,6140,Madhav Mandal,43,M,A2
15136,6140,Balhaar Dalal,45,M,A3
15137,6141,Rachit Bhagat,47,M,A1
15138,6141,Aishani Toor,34,F,A2
15139,6142,Hritik Pandit,45,M,A1
15140,6142,Zarna Mander,39,F,A2
15141,6142,Bachittar Mody,25,M,A3
15142,6143,Vihaan Comar,28,M,A1
15143,6143,Anika Date,23,F,A2
15144,6143,Gaurang Varma,20,M,A3
15145,6143,Dakshesh Kapur,31,M,A4
15146,6144,Girindra Sheth,43,M,A1
15147,6144,Harsh Palla,35,M,A2
15148,6144,Yuvraj Bobal,45,M,A3
15149,6144,Omkaar Nazareth,25,M,A4
15150,6145,Yachana Nagar,35,F,A1
15151,6145,Pratyush Radhakrishnan,42,M,A2
15152,6146,Harsh Sastry,30,M,A1
15153,6146,Dhruv Natarajan,28,M,A2
15154,6146,Samuel Bassi,39,M,A3
15155,6147,Kabir Bora,27,M,A1
15156,6147,Ethan Prakash,26,M,A2
15157,6148,Maanav Borra,29,M,A1
15158,6148,Devansh Nori,35,M,A2
15159,6148,Joshua Trivedi,38,M,A3
15160,6149,Kai Brahmbhatt,27,M,A1
15161,6149,Robert Shere,22,M,A2
15162,6150,Advay Gole,19,M,A1
15163,6151,Kalpit Golla,42,M,A1
15164,6151,Manan Natarajan,26,M,A2
15165,6151,Mitesh Seshadri,30,M,A3
15166,6152,Nitesh Venkatesh,26,M,A1
15167,6152,Guneet Dhawan,38,M,A2
15168,6152,Sanya Dayal,22,F,A3
15169,6152,Gabriel Singhal,32,M,A4
15170,6153,Kabir Subramanian,38,M,A1
15171,6153,Jagat Narula,42,M,A2
15172,6153,Luke Rajagopal,43,M,A3
15173,6153,Dalaja Issac,35,F,A4
15174,6154,Ishani Sood,31,F,A1
15175,6155,Alexander Panchal,23,M,A1
15176,6155,Qadim Dhar,39,M,A2
15177,6155,Kalpit Srinivas,30,M,A3
15178,6155,Ekansh Bhatnagar,47,M,A4
15179,6156,Upadhriti Kaur,26,F,A1
15180,6156,Rudra Banerjee,27,M,A2
15181,6156,Robert Babu,27,M,A3
15182,6157,Gavin Pai,42,M,A1
15183,6157,Dev Kashyap,30,M,A2
15184,6158,Wriddhish Kunda,33,M,A1
15185,6158,Dakshesh Bhat,24,M,A2
15186,6158,Samarth Verma,46,M,A3
15187,6159,Omisha Ramachandran,30,F,A1
15188,6159,Karan Kulkarni,48,M,A2
15189,6159,Girish Rastogi,29,M,A3
15190,6159,Darsh Sandal,22,M,A4
15191,6160,Bimala Kapadia,45,F,A1
15192,6160,Krish Chandra,41,M,A2
15193,6160,Warda Bath,41,F,A3
15194,6160,Vivaan Desai,23,M,A4
15195,6161,Zaid Munshi,28,M,A1
15196,6161,George Loyal,28,M,A2
15197,6161,Dalbir Dhaliwal,36,M,A3
15198,6161,Ryan Bose,42,M,A4
15199,6162,Gautam Doctor,45,M,A1
15200,6162,Owen Purohit,47,M,A2
15201,6162,Oscar Bumb,36,M,A3
15202,6163,Champak Agate,23,M,A1
15203,6164,Omisha Walia,30,F,A1
15204,6164,Madhav Chowdhury,37,M,A2
15205,6164,Bakhshi Choudhury,24,M,A3
15206,6165,Krish Garde,43,M,A1
15207,6165,Aryan Magar,37,M,A2
15208,6165,Mason Menon,41,M,A3
15209,6165,Praneel Mukhopadhyay,26,M,A4
15210,6166,Chakradev Mani,32,M,A1
15211,6166,Anthony Kunda,30,M,A2
15212,6166,Vedant Patla,46,M,A3
15213,6167,Ronith Sami,39,M,A1
15214,6168,Faris Gala,40,M,A1
15215,6168,Ria Apte,41,F,A2
15216,6168,Patrick Wason,34,M,A3
15217,6168,Faqid Lala,29,M,A4
15218,6169,Rishi Malhotra,22,M,A1
15219,6170,Fiyaz Yohannan,43,M,A1
15220,6171,Warda Chaudhry,40,F,A1
15221,6171,Darsh Dugal,43,M,A2
15222,6171,Xavier Ahluwalia,23,M,A3
15223,6172,Jack Grover,46,M,A1
15224,6172,Anirudh Borah,22,M,A2
15225,6172,Farhan Soman,25,M,A3
15226,6173,Ethan Bail,19,M,A1
15227,6173,Jatin Hari,32,M,A2
15228,6173,Xiti Nayak,33,F,A3
15229,6173,Dominic Mody,44,M,A4
15230,6174,Banjeet Ravel,38,M,A1
15231,6175,Baljiwan Sood,40,M,A1
15232,6175,Ishaan Bala,44,M,A2
15233,6175,Orinder Sinha,22,M,A3
15234,6175,Frederick Nayak,45,M,A4
15235,6176,Brinda Anand,35,F,A1
15236,6177,Pooja Koshy,21,F,A1
15237,6177,Ishaan Edwin,25,M,A2
15238,6178,Gagan Brar,31,M,A1
15239,6179,Aarnav Tandon,46,M,A1
15240,6180,Ayushman Jayaraman,35,M,A1
15241,6180,Krish Edwin,35,M,A2
15242,6180,Simon Date,32,M,A3
15243,6180,Benjamin Shetty,30,M,A4
15244,6181,Manan Chhabra,43,M,A1
15245,6182,David Narayan,19,M,A1
15246,6183,Pranav Randhawa,44,M,A1
15247,6183,Reyansh Bahl,27,M,A2
15248,6183,Amara Pathak,37,F,A3
15249,6184,Chatura Deshpande,30,M,A1
15250,6185,Logan Puri,20,M,A1
15251,6185,Laksh Nagar,30,M,A2
15252,6185,Upkaar Dutta,29,M,A3
15253,6186,Chandresh Ratta,26,M,A1
15254,6186,Jagat Kohli,37,M,A2
15255,6186,Samesh Bassi,38,M,A3
15256,6187,Adweta Naidu,21,F,A1
15257,6188,Chandani Parikh,46,F,A1
15258,6188,Qarin Shetty,25,M,A2
15259,6188,Ishwar Misra,45,M,A3
15260,6188,Rajata Date,43,F,A4
15261,6189,Ikshita Chakrabarti,40,F,A1
15262,6189,Guneet Ratti,30,M,A2
15263,6189,Omkaar Dhawan,26,M,A3
15264,6189,Kashvi Nagar,35,F,A4
15265,6190,Chandresh Jha,32,M,A1
15266,6190,Farhan Pingle,27,M,A2
15267,6191,Michael Sule,24,M,A1
15268,6191,Tanish Maharaj,33,M,A2
15269,6191,Vedhika Lad,29,F,A3
15270,6192,Alexander Sharma,22,M,A1
15271,6193,Chasmum Dhillon,28,F,A1
15272,6193,Amol De,24,M,A2
15273,6193,Mekhala Bhakta,36,F,A3
15274,6194,Theodore Chauhan,42,M,A1
15275,6195,Azaan Sachdeva,20,M,A1
15276,6195,Gabriel Apte,45,M,A2
15277,6195,Tanay Hayer,33,M,A3
15278,6195,Frederick Bahri,36,M,A4
15279,6196,Ayaan Balan,25,M,A1
15280,6196,Girish Luthra,22,M,A2
15281,6196,Gopal Yadav,32,M,A3
15282,6196,Aayush Dada,21,M,A4
15283,6197,Peter Rai,37,M,A1
15284,6198,Rudra Lall,40,M,A1
15285,6198,Isaiah Manne,47,M,A2
15286,6198,Jagdish Sanghvi,24,M,A3
15287,6199,Bhavya Tiwari,30,F,A1
15288,6199,Sai Nadig,34,M,A2
15289,6199,Harsh Dayal,34,M,A3
15290,6199,Upkaar Sura,45,M,A4
15291,6200,Logan Raval,36,M,A1
15292,6200,Ishwar Manne,29,M,A2
15293,6200,Hemang Bala,37,M,A3
15294,6200,Zaitra Minhas,19,F,A4
15295,6201,Krish Kant,41,M,A1
15296,6202,Ishaan Barad,36,M,A1
15297,6203,Aashi Prashad,23,F,A1
15298,6203,George Vala,25,M,A2
15299,6203,Nicholas Gara,44,M,A3
15300,6203,Kabir Gopal,34,M,A4
15301,6204,Urvashi Saran,38,F,A1
15302,6205,Agastya Nori,30,M,A1
15303,6205,Nitesh Srinivasan,32,M,A2
15304,6205,Qadim Munshi,40,M,A3
15305,6206,Christopher Roy,34,M,A1
15306,6207,Gaurav Virk,44,M,A1
15307,6207,Rachana Nanda,41,F,A2
15308,6207,Patrick Dass,28,M,A3
15309,6207,Gaurav Sankaran,36,M,A4
15310,6208,Ekansh Seth,36,M,A1
15311,6208,Ekantika Tella,24,F,A2
15312,6209,Ikbal Dhillon,27,M,A1
15313,6209,Bhanumati Narula,22,F,A2
15314,6209,Rishi Naidu,31,M,A3
15315,6210,Chakrika Pandya,36,F,A1
15316,6210,Chandresh Ramanathan,43,M,A2
15317,6211,Faqid Hayer,20,M,A1
15318,6211,Jeremiah Bal,22,M,A2
15319,6212,Vrinda Bassi,28,F,A1
15320,6212,Tanish Varkey,21,M,A2
15321,6212,Sai Nadig,33,M,A3
15322,6212,Ayaan Badal,29,M,A4
15323,6213,Umang Manne,44,M,A1
15324,6213,Bachittar Wable,36,M,A2
15325,6214,Ekbal Sankar,19,M,A1
15326,6214,Joshua Sahni,27,M,A2
15327,6214,Vedant Deep,46,M,A3
15328,6214,Chanakya Sekhon,36,M,A4
15329,6215,Ridhi Raja,25,F,A1
15330,6216,Christopher Balasubramanian,35,M,A1
15331,6216,Oliver Kohli,42,M,A2
15332,6216,Pratyush Arora,23,M,A3
15333,6217,Rishi Deshmukh,31,M,A1
15334,6218,Omisha Sarma,30,F,A1
15335,6218,Devansh Krishna,25,M,A2
15336,6219,Noah Dhar,33,M,A1
15337,6219,Ekaraj Bora,35,M,A2
15338,6220,Daksh Batta,40,M,A1
15339,6221,Faqid Bhandari,32,M,A1
15340,6221,Aditya Prasad,37,M,A2
15341,6222,Advay Mohan,47,M,A1
15342,6222,Benjamin Khare,45,M,A2
15343,6222,Hitesh Dani,40,M,A3
15344,6222,Jason Sha,23,M,A4
15345,6223,Ranveer Khurana,32,M,A1
15346,6223,Azaan Cherian,35,M,A2
15347,6223,Tanveer Tank,35,M,A3
15348,6224,Manya Dave,34,F,A1
15349,6224,Kai Warrior,24,M,A2
15350,6225,Banjeet Arora,22,M,A1
15351,6225,Logan Upadhyay,28,M,A2
15352,6225,Abhimanyu Sachdev,24,M,A3
15353,6226,Anthony Garde,43,M,A1
15354,6226,Bimala Kale,26,F,A2
15355,6226,Atharv Char,35,M,A3
15356,6227,Xavier Arora,20,M,A1
15357,6227,Frederick Mandal,29,M,A2
15358,6228,Chaman Memon,38,F,A1
15359,6229,Urmi Vohra,29,F,A1
15360,6229,Urvashi Kalla,23,F,A2
15361,6229,Harsh Saha,32,M,A3
15362,6229,Ranveer Sankar,37,M,A4
15363,6230,Caleb Bahri,21,M,A1
15364,6230,Fiyaz Kunda,30,M,A2
15365,6230,Nakul Cherian,21,M,A3
15366,6231,Shaurya Pillay,21,M,A1
15367,6231,Nathaniel Mahal,26,M,A2
15368,6231,Wriddhish Kadakia,32,M,A3
15369,6232,Azaan Rege,47,M,A1
15370,6233,Liam Ranganathan,21,M,A1
15371,6234,Max Shah,35,M,A1
15372,6235,Reyansh Dani,34,M,A1
15373,6235,Tarak Varghese,38,M,A2
15374,6235,Jasmit Bora,39,F,A3
15375,6236,Hredhaan Saraf,24,M,A1
15376,6236,Qarin Chada,30,M,A2
15377,6236,Bahadurjit Kaur,44,M,A3
15378,6237,Simon Kurian,23,M,A1
15379,6238,Girik Koshy,25,M,A1
15380,6238,Ishaan Chowdhury,21,M,A2
15381,6238,Gagan Prakash,34,M,A3
15382,6239,Warinder Jani,32,M,A1
15383,6239,Charles Thaker,42,M,A2
15384,6240,Nachiket Joshi,30,M,A1
15385,6240,Alexander Edwin,25,M,A2
15386,6240,Zayyan Chhabra,38,M,A3
15387,6240,Ayush Sahni,25,M,A4
15388,6241,Wazir Naidu,35,M,A1
15389,6241,Ikbal Basak,28,M,A2
15390,6242,Zaid Cherian,37,M,A1
15391,6242,Vihaan Maharaj,38,M,A2
15392,6243,Victor Ratti,29,M,A1
15393,6244,Amrita Srinivasan,32,F,A1
15394,6244,Rishi Bora,21,M,A2
15395,6244,Charles Sem,37,M,A3
15396,6245,Sathvik Palla,25,M,A1
15397,6245,Mahika Raghavan,34,F,A2
15398,6245,Gabriel Krishna,48,M,A3
15399,6246,Reyansh Sha,22,M,A1
15400,6246,Mitesh Vohra,45,M,A2
15401,6246,Veda Gill,38,F,A3
15402,6247,Vedant Gala,34,M,A1
15403,6248,Warinder Bhavsar,31,M,A1
15404,6248,Anay Rattan,25,M,A2
15405,6249,Fariq Chander,37,M,A1
15406,6249,Chanakya Krishnan,46,M,A2
15407,6249,Gabriel Deshmukh,20,M,A3
15408,6249,Urishilla Sachar,32,F,A4
15409,6250,Ikshita Mannan,26,F,A1
15410,6250,Gaurav Parmar,20,M,A2
15411,6251,Michael Bajaj,41,M,A1
15412,6251,Rushil Gara,23,M,A2
15413,6251,Omisha Prakash,32,F,A3
15414,6252,Umang Sahota,31,M,A1
15415,6253,Sathvik Ramaswamy,29,M,A1
15416,6254,Kiaan Brahmbhatt,40,M,A1
15417,6254,Ekalinga Lad,21,M,A2
15418,6255,Oeshi Biswas,37,F,A1
15419,6256,Fitan Purohit,48,M,A1
15420,6257,Jonathan Bhattacharyya,21,M,A1
15421,6257,Rushil Deep,40,M,A2
15422,6257,Jeremiah Tara,23,M,A3
15423,6257,Harish Chada,34,M,A4
15424,6258,Omisha Saraf,41,F,A1
15425,6258,Dominic Rastogi,30,M,A2
15426,6259,Jason Chaudry,44,M,A1
15427,6259,Thomas Borah,41,M,A2
15428,6259,Ojas Choudhury,43,M,A3
15429,6260,Ikbal Tailor,41,M,A1
15430,6260,Gopal Divan,39,M,A2
15431,6260,Rushil Sandal,39,M,A3
15432,6260,Ekalinga Sabharwal,33,M,A4
15433,6261,Arin Chandran,44,M,A1
15434,6261,Girish Rattan,28,M,A2
15435,6261,Lajita Kumer,27,F,A3
15436,6261,Abeer Edwin,27,M,A4
15437,6262,Baljiwan Toor,44,M,A1
15438,6262,Kritika Dash,33,F,A2
15439,6262,Theodore Dass,35,M,A3
15440,6263,Daksh Randhawa,36,M,A1
15441,6263,Ekbal Bhatnagar,43,M,A2
15442,6263,Ayushman Chander,33,M,A3
15443,6264,Peter Sibal,29,M,A1
15444,6264,Faqid Loyal,19,M,A2
15445,6264,Daksh Chacko,46,M,A3
15446,6265,Pranav Tandon,32,M,A1
15447,6265,Yashvi Savant,45,F,A2
15448,6265,Balveer Vohra,42,M,A3
15449,6265,Samaksh Badal,27,M,A4
15450,6266,Onveer Deshmukh,40,M,A1
15451,6266,Bachittar Hegde,39,M,A2
15452,6266,Abhiram Shetty,26,M,A3
15453,6267,Girish Kurian,44,M,A1
15454,6268,Hitesh Muni,21,M,A1
15455,6269,William Raghavan,26,M,A1
15456,6269,Mahika Raghavan,35,F,A2
15457,6269,Om Rege,22,M,A3
15458,6270,Jason Lata,37,M,A1
15459,6271,Hemang Golla,41,M,A1
15460,6271,Vihaan Kakar,25,M,A2
15461,6271,Lucky Tandon,38,M,A3
15462,6272,Amol Choudhary,43,M,A1
15463,6272,Ronith Sagar,23,M,A2
15464,6272,Tristan Arora,22,M,A3
15465,6272,Gopal Singh,45,M,A4
15466,6273,Gaurav Vala,21,M,A1
15467,6273,Samesh Narang,41,M,A2
15468,6273,Anay Mangat,33,M,A3
15469,6274,Yatan Taneja,40,M,A1
15470,6275,Samarth Buch,22,M,A1
15471,6275,Max Prasad,23,M,A2
15472,6275,Isaac Deo,43,M,A3
15473,6275,Rudra Chad,33,M,A4
15474,6276,Anika Yadav,29,F,A1
15475,6276,Kiaan Hora,37,M,A2
15476,6276,Ayaan Bhakta,34,M,A3
15477,6277,Vrishti Rattan,42,F,A1
15478,6278,Dhruv Shah,46,M,A1
15479,6279,Ekbal Sunder,31,M,A1
15480,6280,Charan Sampath,43,M,A1
15481,6280,Anjali Varkey,37,F,A2
15482,6280,Quincy Pai,25,M,A3
15483,6281,Naksh Bora,35,M,A1
15484,6281,Vivaan Chada,40,M,A2
15485,6281,Ladli Kumer,33,F,A3
15486,6281,Gaurang Kalita,36,M,A4
15487,6282,Chandresh Sathe,43,M,A1
15488,6282,Sarthak Vora,25,M,A2
15489,6282,Gagan Ratti,29,M,A3
15490,6282,Abhiram Loyal,32,M,A4
15491,6283,Rudra Nath,43,M,A1
15492,6283,Vihaan Deep,22,M,A2
15493,6283,Hemang Bera,22,M,A3
15494,6283,Amrita Verma,30,F,A4
15495,6284,Farhan Bahl,43,M,A1
15496,6284,Kabir Sawhney,41,M,A2
15497,6284,Jairaj Konda,27,M,A3
15498,6285,Abdul Tiwari,29,M,A1
15499,6285,Azaan Iyengar,33,M,A2
15500,6285,Manya Mukhopadhyay,34,F,A3
15501,6285,Vincent Som,30,M,A4
15502,6286,Nakul Ravel,36,M,A1
15503,6286,Rushil Thaker,39,M,A2
15504,6286,Advika Pall,43,F,A3
15505,6287,Qarin Rout,39,M,A1
15506,6287,Advik Rastogi,25,M,A2
15507,6287,Aashi Kade,31,F,A3
15508,6288,Lipika Mahal,23,F,A1
15509,6288,Ayaan Kaur,39,M,A2
15510,6289,Krish Garg,35,M,A1
15511,6289,Caleb Sarna,21,M,A2
15512,6289,Pratyush Sangha,41,M,A3
15513,6289,Rushil Narula,43,M,A4
15514,6290,Jatin Bala,20,M,A1
15515,6290,Jacob Purohit,28,M,A2
15516,6290,Rachana Gala,28,F,A3
15517,6291,Maanas Patil,32,M,A1
15518,6291,Yadavi Radhakrishnan,39,F,A2
15519,6291,Sanya Palla,23,F,A3
15520,6292,Lajita Gill,36,F,A1
15521,6292,Noah Bobal,21,M,A2
15522,6292,Raghav Varma,39,M,A3
15523,6293,Aachal Nagarajan,41,F,A1
15524,6293,Aarav Narula,45,M,A2
15525,6293,Vyanjana Thakur,27,F,A3
15526,6294,Hemang Uppal,25,M,A1
15527,6294,Pranav Sarkar,20,M,A2
15528,6295,Benjamin Trivedi,34,M,A1
15529,6296,Gaurang Jayaraman,43,M,A1
15530,6296,Bachittar Brar,47,M,A2
15531,6296,Meghana Garg,41,F,A3
15532,6297,Gopal Mall,22,M,A1
15533,6297,Omkaar Sood,41,M,A2
15534,6297,Nachiket Ratta,28,M,A3
15535,6298,Noah Balakrishnan,37,M,A1
15536,6298,Vincent Sinha,42,M,A2
15537,6298,Xavier Khare,26,M,A3
15538,6298,Harsh Gara,28,M,A4
15539,6299,Jatin Kari,21,M,A1
15540,6299,Parth Malhotra,27,M,A2
15541,6299,Vaishnavi Bera,38,F,A3
15542,6300,Wahab Rastogi,26,M,A1
15543,6300,Christopher Kunda,44,M,A2
15544,6300,Ayaan Chakrabarti,35,M,A3
15545,6300,Yash Mittal,41,M,A4
15546,6301,Michael De,46,M,A1
15547,6302,Manthan Dhingra,22,M,A1
15548,6302,Samarth Puri,45,M,A2
15549,6303,Jackson Modi,41,M,A1
15550,6303,Kevin Din,26,M,A2
15551,6304,George Modi,43,M,A1
15552,6305,Sathvik Dutt,46,M,A1
15553,6305,Faqid Toor,24,M,A2
15554,6305,Udant Sura,43,M,A3
15555,6306,Kai Kota,27,M,A1
15556,6306,Pavani Bala,28,F,A2
15557,6307,Aayush Sidhu,28,M,A1
15558,6307,Vihaan Mannan,34,M,A2
15559,6307,Zayan Tella,44,M,A3
15560,6308,Rohan Soman,43,M,A1
15561,6308,Samesh Jaggi,38,M,A2
15562,6308,Atharv Koshy,30,M,A3
15563,6308,Lopa Ram,31,F,A4
15564,6309,Karan Bava,31,M,A1
15565,6309,Hardik Bajwa,41,M,A2
15566,6309,Hemang Manne,31,M,A3
15567,6309,Abeer Saraf,22,M,A4
15568,6310,George Behl,23,M,A1
15569,6310,Gunbir Sha,45,M,A2
15570,6310,Teerth Dani,31,M,A3
15571,6311,Ikbal Bhatt,26,M,A1
15572,6312,Faris Purohit,46,M,A1
15573,6313,Gayathri Gokhale,36,F,A1
15574,6313,Shivansh Sathe,33,M,A2
15575,6313,Ridhi Padmanabhan,47,F,A3
15576,6314,Netra Rao,23,F,A1
15577,6314,Chandran Om,30,M,A2
15578,6314,Dakshesh Kumer,39,M,A3
15579,6314,Naksh Hora,32,M,A4
15580,6315,Kalpit Sha,45,M,A1
15581,6315,Rachit Krishnamurthy,43,M,A2
15582,6315,Daniel Dash,31,M,A3
15583,6315,Onveer Varkey,24,M,A4
15584,6316,Banjeet Walia,32,M,A1
15585,6316,Joshua Banik,35,M,A2
15586,6316,Ekansh Loyal,40,M,A3
15587,6317,Yash Bakshi,23,M,A1
15588,6317,Yash Kota,35,M,A2
15589,6318,Rudra Bora,36,M,A1
15590,6318,Jason Gole,48,M,A2
15591,6318,Akshay Issac,45,M,A3
15592,6318,Qabil Mishra,36,M,A4
15593,6319,Abeer Swamy,27,M,A1
15594,6320,Advay Sant,35,M,A1
15595,6320,Banjeet Joshi,20,M,A2
15596,6320,Hardik Choudhary,23,M,A3
15597,6320,Kabir Kari,29,M,A4
15598,6321,Fitan Mukherjee,23,M,A1
15599,6322,Yatan Srivastava,38,M,A1
15600,6322,Harinakshi Bhalla,44,F,A2
15601,6322,Max Chawla,29,M,A3
15602,6323,Darsh Jha,29,M,A1
15603,6324,Deepa Din,44,F,A1
15604,6324,Banjeet Subramanian,40,M,A2
15605,6324,Bishakha Agate,25,F,A3
15606,6324,Jatin Manne,31,M,A4
15607,6325,Dev Karan,26,M,A1
15608,6325,Elijah Gala,20,M,A2
15609,6326,Atharv Korpal,44,M,A1
15610,6326,Bhavini Vora,18,F,A2
15611,6327,Hredhaan Sant,37,M,A1
15612,6327,Tristan Bhavsar,34,M,A2
15613,6327,Chaman De,19,F,A3
15614,6327,Megha Raghavan,43,F,A4
15615,6328,Xavier Modi,31,M,A1
15616,6328,Samaksh Kashyap,37,M,A2
15617,6329,Rishi Bhatt,26,M,A1
15618,6329,Aadhya Setty,36,F,A2
15619,6329,Mohammed Sagar,33,M,A3
15620,6330,Janya Chander,29,F,A1
15621,6330,Zinal Contractor,43,F,A2
15622,6331,Vyanjana Raja,38,F,A1
15623,6332,Amrita Kala,38,F,A1
15624,6332,Manthan Acharya,43,M,A2
15625,6332,Varenya Dyal,22,F,A3
15626,6332,Pranav Shere,37,M,A4
15627,6333,Niharika Dora,26,F,A1
15628,6333,Abhiram Deshmukh,27,M,A2
15629,6333,Idika Naidu,42,F,A3
15630,6334,Saksham Narang,42,M,A1
15631,6335,Nikita Virk,42,F,A1
15632,6335,Nicholas Sunder,27,M,A2
15633,6335,Caleb Tara,42,M,A3
15634,6335,Wyatt Shanker,19,M,A4
15635,6336,Hemang Saxena,38,M,A1
15636,6336,Udarsh Agarwal,30,M,A2
15637,6336,Ekalinga Jha,25,M,A3
15638,6337,Gavin Mani,21,M,A1
15639,6337,Yutika Rao,20,F,A2
15640,6337,Ekapad Varty,39,M,A3
15641,6337,Chandran Saraf,39,M,A4
15642,6338,Ansh Gaba,41,M,A1
15643,6339,Chaaya Soman,26,F,A1
15644,6340,Zashil Master,24,M,A1
15645,6340,Fiyaz Yohannan,45,M,A2
15646,6340,Sathvik Gopal,30,M,A3
15647,6341,William Sangha,47,M,A1
15648,6341,Advay Gaba,22,M,A2
15649,6341,Kai Sangha,41,M,A3
15650,6341,Aadi Puri,33,M,A4
15651,6342,Nicholas Gopal,36,M,A1
15652,6342,Baljiwan Nadig,38,M,A2
15653,6342,Rayaan Varkey,35,M,A3
15654,6342,Atharv Nadig,28,M,A4
15655,6343,Nathan Dash,30,M,A1
15656,6343,Jyoti Nadig,27,F,A2
15657,6343,Wriddhish Handa,34,M,A3
15658,6344,Shaurya Ratta,19,M,A1
15659,6344,Nakul Dugar,25,M,A2
15660,6345,Ansh Batra,44,M,A1
15661,6346,Pratyush Gole,35,M,A1
15662,6347,Yadavi Murty,43,F,A1
15663,6347,Yatin Sanghvi,27,M,A2
15664,6347,Tejas Loke,42,M,A3
15665,6347,Laksh Gaba,35,M,A4
15666,6348,Qarin Vyas,27,M,A1
15667,6349,Matthew Mallick,47,M,A1
15668,6349,Gavin Roy,29,M,A2
15669,6350,Nachiket Upadhyay,39,M,A1
15670,6351,Faqid Sundaram,34,M,A1
15671,6352,Rayaan Guha,41,M,A1
15672,6352,Farhan Sangha,25,M,A2
15673,6352,Janani Wagle,37,F,A3
15674,6353,Darsh Kashyap,46,M,A1
15675,6353,Warinder Raja,42,M,A2
15676,6353,Neelima Korpal,39,F,A3
15677,6354,Viraj Nagy,38,M,A1
15678,6354,Ishwar Magar,25,M,A2
15679,6355,Vedant Bhavsar,41,M,A1
15680,6355,Gavin Tata,20,M,A2
15681,6355,Indrajit Bhalla,39,M,A3
15682,6356,Lakshit Sunder,37,M,A1
15683,6356,Frado Sant,22,M,A2
15684,6356,Isaac Sama,37,M,A3
15685,6356,Patrick Master,28,M,A4
15686,6357,Tanay Tiwari,48,M,A1
15687,6357,Finn Sarin,40,M,A2
15688,6357,Anthony Goel,31,M,A3
15689,6357,Dakshesh Mital,36,M,A4
15690,6358,Zayan Oza,30,M,A1
15691,6359,Rayaan Wable,34,M,A1
15692,6359,Hardik Basak,29,M,A2
15693,6360,Tanveer Memon,32,M,A1
15694,6360,Ira Bajwa,34,F,A2
15695,6360,Yatan Nagi,41,M,A3
15696,6360,Chanakya Sethi,33,M,A4
15697,6361,Teerth Palla,32,M,A1
15698,6361,Osha Gokhale,31,F,A2
15699,6361,Jalsa Mody,46,F,A3
15700,6361,Indali Prabhakar,44,F,A4
15701,6362,Vedika Palla,43,F,A1
15702,6362,Inaya Master,44,F,A2
15703,6363,Aadi Kar,22,M,A1
15704,6364,Urvi Swamy,43,F,A1
15705,6364,Chakradhar Walia,24,M,A2
15706,6364,Ekbal Dhar,23,M,A3
15707,6365,Harrison Varughese,32,M,A1
15708,6365,Farhan Parikh,24,M,A2
15709,6365,Lopa Kakar,40,F,A3
15710,6365,Abhimanyu Gour,37,M,A4
15711,6366,Naveen Parmer,36,M,A1
15712,6366,Anirudh Bobal,45,M,A2
15713,6367,Alexander Singhal,33,M,A1
15714,6367,Samesh Parsa,29,M,A2
15715,6368,Rayaan Ramesh,44,M,A1
15716,6368,Orinder Mittal,37,M,A2
15717,6368,Dalbir Bhakta,41,M,A3
15718,6369,Akshay Mane,37,M,A1
15719,6369,Vincent Sarraf,39,M,A2
15720,6369,Jason Badami,44,M,A3
15721,6369,Zashil Bhattacharyya,18,M,A4
15722,6370,Umang Iyer,30,M,A1
15723,6371,Owen Subramaniam,28,M,A1
15724,6371,Frado Narasimhan,32,M,A2
15725,6371,Hritik Bakshi,35,M,A3
15726,6372,Krish Mane,23,M,A1
15727,6372,George Palan,35,M,A2
15728,6373,Ijaya Jayaraman,21,F,A1
15729,6373,Nisha Contractor,37,F,A2
15730,6373,Faraj Gera,26,M,A3
15731,6373,Janani Natt,33,F,A4
15732,6374,Tarak Comar,39,M,A1
15733,6374,Chaitanya Batra,26,M,A2
15734,6374,Zayyan Rai,30,M,A3
15735,6375,Reyansh Raja,38,M,A1
15736,6375,Gautam Thakur,32,M,A2
15737,6376,Keya Subramanian,30,F,A1
15738,6376,Elijah Rai,36,M,A2
15739,6376,Wriddhish Sarna,36,M,A3
15740,6376,Wriddhish Jaggi,42,M,A4
15741,6377,Yashvi Oza,26,F,A1
15742,6378,Sudiksha Brahmbhatt,42,F,A1
15743,6379,Chakradev Iyer,39,M,A1
15744,6379,Anthony Srivastava,26,M,A2
15745,6379,Jairaj Sachar,26,M,A3
15746,6379,Sathvik Choudhury,44,M,A4
15747,6380,Abhiram Hari,40,M,A1
15748,6380,Charles Madan,22,M,A2
15749,6380,Chaman Merchant,41,F,A3
15750,6381,Alka Konda,22,F,A1
15751,6381,George Grewal,39,M,A2
15752,6382,Vedant Dayal,36,M,A1
15753,6382,Henry Sama,23,M,A2
15754,6383,Lavanya Goyal,33,F,A1
15755,6383,Tanay Bhat,28,M,A2
15756,6383,Gagan Chopra,46,M,A3
15757,6383,Faraj Pathak,34,M,A4
15758,6384,Jacob Bakshi,30,M,A1
15759,6385,Urvashi Tara,19,F,A1
15760,6385,Jack Narang,21,M,A2
15761,6386,Faqid Dugal,28,M,A1
15762,6386,Aayush Naik,37,M,A2
15763,6386,Timothy Khosla,27,M,A3
15764,6387,Kai Bora,36,M,A1
15765,6387,Pratyush Parmer,30,M,A2
15766,6388,Arin Comar,46,M,A1
15767,6388,Rachit Agate,48,M,A2
15768,6388,Anmol Venkataraman,37,M,A3
15769,6389,Pranit Barad,24,M,A1
15770,6389,Guneet Vora,32,M,A2
15771,6389,Oscar Ahuja,19,M,A3
15772,6389,Mitesh Ganesan,48,M,A4
15773,6390,Riya Natarajan,25,F,A1
15774,6390,Madhav Kibe,26,M,A2
15775,6390,Jeremiah Gokhale,31,M,A3
15776,6391,Oscar Gandhi,31,M,A1
15777,6391,Wyatt Batra,39,M,A2
15778,6392,Nicholas Raman,31,M,A1
15779,6393,Imaran Wali,23,M,A1
15780,6393,Abhiram Dani,37,M,A2
15781,6393,Noah Buch,26,M,A3
15782,6393,Qasim Dada,27,M,A4
15783,6394,Rajeshri Tiwari,30,F,A1
15784,6395,Vidhi Sem,37,F,A1
15785,6395,Fiyaz Barad,22,M,A2
15786,6395,Dalbir Pillai,31,M,A3
15787,6395,Akshay Padmanabhan,37,M,A4
15788,6396,Jairaj Saha,39,M,A1
15789,6396,Samarth Chad,27,M,A2
15790,6397,Champak Devan,23,M,A1
15791,6397,Charles Narasimhan,28,M,A2
15792,6397,Samaksh Handa,35,M,A3
15793,6398,Tejas Thakkar,34,M,A1
15794,6398,Xavier Shah,30,M,A2
15795,6399,Gagan Edwin,34,M,A1
15796,6399,Vedant Cherian,24,M,A2
15797,6399,Rehaan Subramaniam,24,M,A3
15798,6400,Charles Gandhi,43,M,A1
15799,6400,Lipika Yadav,33,F,A2
15800,6400,Girik Kala,31,M,A3
15801,6401,Vivaan Sankar,31,M,A1
15802,6401,Balendra Ravi,29,M,A2
15803,6401,Arunima Som,43,F,A3
15804,6401,Saksham Roy,36,M,A4
15805,6402,Oscar Rajagopal,30,M,A1
15806,6402,Gaurang Chada,40,M,A2
15807,6402,Omkaar Arya,36,M,A3
15808,6403,Bakhshi Dyal,26,M,A1
15809,6403,Jagat Kapadia,43,M,A2
15810,6403,Aryan Kalita,39,M,A3
15811,6403,Naveen Tripathi,41,M,A4
15812,6404,Banjeet Joshi,23,M,A1
15813,6404,Rehaan Loke,23,M,A2
15814,6404,Tarak Kala,20,M,A3
15815,6404,Owen Mani,22,M,A4
15816,6405,Qarin Sem,33,M,A1
15817,6405,Om Doshi,37,M,A2
15818,6405,Isaac Magar,29,M,A3
15819,6405,Naksh Handa,41,M,A4
15820,6406,Harish Basu,40,M,A1
15821,6406,Chandran Sachar,28,M,A2
15822,6406,Balendra Som,45,M,A3
15823,6407,Girindra Ghose,33,M,A1
15824,6407,Brijesh Butala,20,M,A2
15825,6408,Warjas Dube,29,M,A1
15826,6409,Vedant Dhar,43,M,A1
15827,6409,Shivansh Cherian,46,M,A2
15828,6410,Rishi Malhotra,25,M,A1
15829,6410,Ucchal Narula,25,F,A2
15830,6410,Dakshesh Grewal,26,M,A3
15831,6411,Dhruv Oza,43,M,A1
15832,6411,Yash Barman,35,M,A2
15833,6412,Shaurya Chandran,43,M,A1
15834,6412,Harini Krishna,25,F,A2
15835,6412,Tarak Magar,37,M,A3
15836,6412,Manbir Nayar,40,M,A4
15837,6413,Jyoti Iyer,44,F,A1
15838,6413,Thomas Sehgal,31,M,A2
15839,6414,Naveen Majumdar,42,M,A1
15840,6414,Ranveer Mishra,31,M,A2
15841,6414,Faqid Hans,29,M,A3
15842,6415,Ojas Kumar,24,M,A1
15843,6415,Bahadurjit Bhargava,31,M,A2
15844,6415,Abha Dani,43,F,A3
15845,6416,Tanay Choudhury,27,M,A1
15846,6416,Indrajit Panchal,34,M,A2
15847,6416,Charles Balakrishnan,47,M,A3
15848,6416,Girindra Hayre,32,M,A4
15849,6417,Aayush Vohra,35,M,A1
15850,6417,Umang Natarajan,23,M,A2
15851,6418,Yatin Savant,21,M,A1
15852,6418,Max Maharaj,21,M,A2
15853,6418,Riya Basak,29,F,A3
15854,6418,Caleb Swaminathan,24,M,A4
15855,6419,Ayush Memon,32,M,A1
15856,6420,Rayaan Mahajan,38,M,A1
15857,6420,Chandresh Sinha,28,M,A2
15858,6421,Chaman Roy,48,F,A1
15859,6421,Veda Nadig,22,F,A2
15860,6422,Thomas Barad,38,M,A1
15861,6422,Owen Reddy,37,M,A2
15862,6423,Tanmayi Dave,33,F,A1
15863,6423,Manthan Kanda,32,M,A2
15864,6424,Imaran Bir,32,M,A1
15865,6424,Nathan Vora,18,M,A2
15866,6424,Daniel Dora,27,M,A3
15867,6424,Peter Bera,33,M,A4
15868,6425,Advay Bhat,20,M,A1
15869,6425,Sanaya Rajan,45,F,A2
15870,6425,Ekaraj Rattan,36,M,A3
15871,6425,Baljiwan Bora,44,M,A4
15872,6426,Zaid De,24,M,A1
15873,6426,Krishna Pant,19,M,A2
15874,6426,Viraj Manda,21,M,A3
15875,6426,Wazir Bath,43,M,A4
15876,6427,Darika Purohit,24,F,A1
15877,6427,Jagdish Mody,39,M,A2
15878,6427,Bakhshi Tank,34,M,A3
15879,6428,Wriddhish Kalla,22,M,A1
15880,6428,Unni Ganguly,41,F,A2
15881,6429,Gunbir Butala,42,M,A1
15882,6429,Xavier Gera,19,M,A2
15883,6429,Zashil Trivedi,30,M,A3
15884,6430,Akshay Varty,47,M,A1
15885,6430,Fitan Shan,33,M,A2
15886,6430,Devansh Comar,41,M,A3
15887,6430,Vedant Khanna,45,M,A4
15888,6431,Jason Nagar,37,M,A1
15889,6431,Mason Varma,20,M,A2
15890,6431,Wridesh Thakkar,25,M,A3
15891,6432,Anthony Nayar,45,M,A1
15892,6432,Robert More,25,M,A2
15893,6432,Vanya Handa,45,F,A3
15894,6432,Lucky Prashad,45,M,A4
15895,6433,Chandresh Guha,25,M,A1
15896,6433,Lakshit Agarwal,26,M,A2
15897,6433,Oliver Bhattacharyya,33,M,A3
15898,6434,Guneet Saran,38,M,A1
15899,6434,Aryan Keer,41,M,A2
15900,6434,Fariq Sarna,25,M,A3
15901,6434,Jalsa Ganguly,26,F,A4
15902,6435,Ekaraj Ratta,38,M,A1
15903,6435,Jacob Thakkar,34,M,A2
15904,6435,Girik Menon,37,M,A3
15905,6436,Ekavir Sachdev,40,M,A1
15906,6436,Faris Upadhyay,38,M,A2
15907,6436,Abhiram Pandit,34,M,A3
15908,6436,Anay Balay,25,M,A4
15909,6437,Anirudh Guha,30,M,A1
15910,6438,Ranbir Karan,27,M,A1
15911,6438,Ekta Dua,33,F,A2
15912,6438,Yasti Natarajan,30,F,A3
15913,6438,Manbir Tandon,33,M,A4
15914,6439,Manthan Bhardwaj,40,M,A1
15915,6440,Lekha Ben,31,F,A1
15916,6440,Tanmayi Sama,23,F,A2
15917,6441,Nachiket Biswas,29,M,A1
15918,6441,Ekavir Divan,46,M,A2
15919,6441,Jagat Zachariah,34,M,A3
15920,6441,Tarak Seth,33,M,A4
15921,6442,Ekantika Kibe,22,F,A1
15922,6443,Qarin Keer,39,M,A1
15923,6444,Sanya Taneja,44,F,A1
15924,6444,Chatresh Sampath,46,M,A2
15925,6445,Bakhshi Sehgal,31,M,A1
15926,6445,Leela Deshpande,20,F,A2
15927,6445,Utkarsh Dugal,31,M,A3
15928,6445,Charles Tak,23,M,A4
15929,6446,Jackson Chanda,21,M,A1
15930,6446,Rachit Yadav,40,M,A2
15931,6447,Girindra Vasa,20,M,A1
15932,6447,Baljiwan Ahuja,42,M,A2
15933,6448,Isaac Wable,33,M,A1
15934,6448,Avi Yogi,24,M,A2
15935,6448,Yutika Bir,39,F,A3
15936,6448,Ranbir Sagar,34,M,A4
15937,6449,Ishwar Karnik,23,M,A1
15938,6449,Bachittar More,24,M,A2
15939,6450,Charan Mammen,37,M,A1
15940,6450,Jeremiah Bala,22,M,A2
15941,6450,Fiyaz Lala,29,M,A3
15942,6450,Bhanumati Doctor,40,F,A4
15943,6451,Lohit Gupta,21,M,A1
15944,6452,Aryan Warrior,21,M,A1
15945,6452,Ridhi Venkataraman,23,F,A2
15946,6452,Matthew Bobal,38,M,A3
15947,6453,Zayyan Sarkar,34,M,A1
15948,6454,Bachittar Sharma,44,M,A1
15949,6454,Kai Ganguly,43,M,A2
15950,6455,Imaran Lall,22,M,A1
15951,6455,Fitan Bala,46,M,A2
15952,6456,Luke Mahajan,23,M,A1
15953,6456,Maanas Kakar,29,M,A2
15954,6456,Aditya Nazareth,45,M,A3
15955,6456,Vincent Handa,33,M,A4
15956,6457,Onkar Singh,43,M,A1
15957,6457,Reyansh Comar,21,M,A2
15958,6457,Tanmayi Amble,33,F,A3
15959,6458,Laksh Ratti,21,M,A1
15960,6458,Warjas Naidu,23,M,A2
15961,6458,Rudra Ramaswamy,37,M,A3
15962,6459,Unnati Gade,32,F,A1
15963,6459,Liam Garde,40,M,A2
15964,6460,Mason Bhandari,24,M,A1
15965,6460,Inaya Sant,37,F,A2
15966,6461,Amol Tripathi,41,M,A1
15967,6461,Ikbal Handa,31,M,A2
15968,6461,Omya Tiwari,40,F,A3
15969,6462,Michael Uppal,23,M,A1
15970,6462,Nitesh Magar,44,M,A2
15971,6462,Hemang Tata,41,M,A3
15972,6462,Wriddhish Keer,37,M,A4
15973,6463,Ekapad Chowdhury,41,M,A1
15974,6463,Darpan Kota,31,M,A2
15975,6463,Zayan Warrior,33,M,A3
15976,6463,Amrita Kulkarni,32,F,A4
15977,6464,Shivansh Varughese,30,M,A1
15978,6464,Atharv Thaker,23,M,A2
15979,6465,Krishna Prabhakar,26,M,A1
15980,6466,Frederick Merchant,22,M,A1
15981,6466,Tanay Kaul,19,M,A2
15982,6467,Faris Merchant,22,M,A1
15983,6468,Ayaan Sibal,18,M,A1
15984,6468,Manan Ahuja,46,M,A2
15985,6468,Chatura Grover,43,M,A3
15986,6468,Charita Mannan,32,F,A4
15987,6469,Rachita Guha,37,F,A1
15988,6470,Michael Dutt,39,M,A1
15989,6470,Isaac Chandra,32,M,A2
15990,6470,Caleb Ghosh,21,M,A3
15991,6470,Azad Dass,29,M,A4
15992,6471,Anay Kadakia,22,M,A1
15993,6471,Farhan Gola,47,M,A2
15994,6472,Ekavir Mall,31,M,A1
15995,6472,Zayan Bahl,47,M,A2
15996,6472,Laksh Subramanian,31,M,A3
15997,6473,Kabir Jhaveri,35,M,A1
15998,6473,Ayaan Buch,27,M,A2
15999,6473,Rushil Jha,40,M,A3
16000,6473,Luke Balasubramanian,26,M,A4
16001,6474,Girish Kala,27,M,A1
16002,6474,Frado Sekhon,40,M,A2
16003,6475,Tanveer Din,22,M,A1
16004,6475,Dominic Banik,40,M,A2
16005,6476,Chaitanya Borah,32,M,A1
16006,6476,Advik Nadig,39,M,A2
16007,6477,Rachit Sawhney,31,M,A1
16008,6478,Sudiksha Sunder,32,F,A1
16009,6478,Aditya Pingle,41,M,A2
16010,6478,Yutika Acharya,35,F,A3
16011,6479,Akshay Banerjee,21,M,A1
16012,6479,Faris Sengupta,44,M,A2
16013,6479,Warjas Mital,42,M,A3
16014,6480,Gautam Karpe,23,M,A1
16015,6481,Ekalinga Chaudry,39,M,A1
16016,6481,Harish Loyal,40,M,A2
16017,6481,Gopal Seth,32,M,A3
16018,6482,Aditya Raju,27,M,A1
16019,6482,Ekbal Majumdar,20,M,A2
16020,6482,Wridesh Ganguly,38,M,A3
16021,6482,Ekansh Goswami,32,M,A4
16022,6483,Fiyaz Sarraf,21,M,A1
16023,6483,Pavani Wadhwa,30,F,A2
16024,6483,Dev Karnik,33,M,A3
16025,6484,Vedika Singh,30,F,A1
16026,6484,Harish Dass,21,M,A2
16027,6484,Arunima Loyal,21,F,A3
16028,6484,Tanveer Parsa,36,M,A4
16029,6485,Damyanti Doshi,29,F,A1
16030,6485,Advay Som,26,M,A2
16031,6485,Wriddhish Bhatt,36,M,A3
16032,6486,Jacob Palan,21,M,A1
16033,6486,Alexander Agarwal,27,M,A2
16034,6487,Vihaan Murty,32,M,A1
16035,6487,Raagini Madan,43,F,A2
16036,6487,Falan Bal,43,M,A3
16037,6487,Zaid Borah,38,M,A4
16038,6488,Hardik Choudhry,39,M,A1
16039,6488,Jyoti Mangal,42,F,A2
16040,6488,Gunbir Mishra,24,M,A3
16041,6488,Wridesh Bedi,29,M,A4
16042,6489,Girik Contractor,23,M,A1
16043,6489,Meghana Soman,33,F,A2
16044,6490,Charan Khosla,26,M,A1
16045,6490,Azaan Prakash,20,M,A2
16046,6491,Osha Sodhi,31,F,A1
16047,6491,Max Pandey,27,M,A2
16048,6491,Nathan Badami,35,M,A3
16049,6491,Jacob Palla,47,M,A4
16050,6492,Logan Tiwari,23,M,A1
16051,6492,Ranveer Baral,19,M,A2
16052,6493,Ekani Amble,31,F,A1
16053,6493,Atharv Mistry,42,M,A2
16054,6493,Manbir Basu,25,M,A3
16055,6493,Aadhya Kuruvilla,44,F,A4
16056,6494,Faras Merchant,18,M,A1
16057,6494,Gunbir Bora,32,M,A2
16058,6494,Anay Dada,42,M,A3
16059,6494,Dayamai Madan,39,F,A4
16060,6495,Naveen Jaggi,44,M,A1
16061,6495,Tara Dey,27,F,A2
16062,6495,Tanveer Suri,31,M,A3
16063,6496,Gaurangi Prasad,32,F,A1
16064,6496,Janaki Ghosh,39,F,A2
16065,6496,Qarin Lall,42,M,A3
16066,6497,Harish Bose,31,M,A1
16067,6497,Saumya Tak,39,F,A2
16068,6497,Mitesh Kibe,25,M,A3
16069,6497,Charles Loyal,20,M,A4
16070,6498,Rehaan Tiwari,20,M,A1
16071,6498,Tejas Misra,41,M,A2
16072,6498,Frado Subramanian,40,M,A3
16073,6499,Isaiah Johal,47,M,A1
16074,6499,Jhalak Rajan,44,F,A2
16075,6499,Sanaya Mani,22,F,A3
16076,6499,Luke Kurian,42,M,A4
16077,6500,Udarsh Seth,28,M,A1
16078,6500,Veer Prakash,31,M,A2
16079,6500,Amol Ahluwalia,25,M,A3
16080,6500,Mitesh Lanka,18,M,A4
16081,6501,Neel Ram,29,M,A1
16082,6502,Warinder Dubey,32,M,A1
16083,6502,Akshay Kamdar,19,M,A2
16084,6502,Ojas Krishnan,21,M,A3
16085,6503,Timothy Sankaran,37,M,A1
16086,6503,Brijesh Khosla,36,M,A2
16087,6504,Fariq Venkataraman,45,M,A1
16088,6504,Aarnav Maharaj,30,M,A2
16089,6504,Tanvi Jani,27,F,A3
16090,6505,Kiaan Kanda,24,M,A1
16091,6505,Yatan Mandal,38,M,A2
16092,6505,Rehaan Dube,27,M,A3
16093,6506,Veda Wagle,30,F,A1
16094,6507,Chatresh Misra,40,M,A1
16095,6508,Sathvik Samra,31,M,A1
16096,6508,Chandresh Krish,30,M,A2
16097,6508,Falan Wali,24,M,A3
16098,6508,Edhitha Mittal,38,F,A4
16099,6509,Chatura Brahmbhatt,37,M,A1
16100,6509,Devansh Johal,46,M,A2
16101,6509,Yatan Venkataraman,21,M,A3
16102,6510,Abha Nayak,45,F,A1
16103,6510,Yug Bhavsar,36,M,A2
16104,6510,Abha Lal,35,F,A3
16105,6511,Alexander Badami,25,M,A1
16106,6512,Robert Bhalla,42,M,A1
16107,6512,Yash Gokhale,40,M,A2
16108,6513,Tarak Roy,41,M,A1
16109,6514,Xavier Varghese,43,M,A1
16110,6514,Ishaan Kaul,23,M,A2
16111,6514,Aarush Srinivas,26,M,A3
16112,6514,Teerth Gaba,46,M,A4
16113,6515,Rajeshri Tella,38,F,A1
16114,6515,Yug Rajagopalan,42,M,A2
16115,6516,Jeet Suri,39,M,A1
16116,6517,Ekbal Bhatia,31,M,A1
16117,6517,Azaan Munshi,34,M,A2
16118,6518,Urmi Viswanathan,30,F,A1
16119,6519,Sai Bath,20,M,A1
16120,6519,Shivansh Bali,34,M,A2
16121,6520,Nathaniel Das,24,M,A1
16122,6521,Wazir Chawla,29,M,A1
16123,6521,Joshua Goyal,22,M,A2
16124,6521,Anjali Barad,29,F,A3
16125,6521,Mitali Bajaj,44,F,A4
16126,6522,Zashil Koshy,41,M,A1
16127,6522,Shivansh Guha,37,M,A2
16128,6522,Nathan Sathe,29,M,A3
16129,6523,Nathaniel Mann,20,M,A1
16130,6524,Girish Randhawa,33,M,A1
16131,6525,Rudra Narayanan,19,M,A1
16132,6525,Samar Virk,29,M,A2
16133,6526,Pranit Malhotra,34,M,A1
16134,6526,Jason Sachar,40,M,A2
16135,6526,Shaurya Nadig,39,M,A3
16136,6527,Finn Narula,22,M,A1
16137,6527,Hredhaan Sidhu,29,M,A2
16138,6528,Nitesh Agarwal,44,M,A1
16139,6528,Naksh Dash,43,M,A2
16140,6528,Rushil Lala,37,M,A3
16141,6528,Advay Rana,34,M,A4
16142,6529,Zayyan Bera,28,M,A1
16143,6529,Vasatika Mangat,44,F,A2
16144,6530,Gaurav Samra,27,M,A1
16145,6530,Wriddhish Iyengar,33,M,A2
16146,6531,Rushil Soman,35,M,A1
16147,6532,Darpan Subramanian,42,M,A1
16148,6533,Darpan Butala,26,M,A1
16149,6533,Ishaan Venkatesh,25,M,A2
16150,6533,Wazir Ghose,34,M,A3
16151,6533,Aryan Lanka,25,M,A4
16152,6534,Rajata Subramanian,28,F,A1
16153,6534,Simon Khanna,21,M,A2
16154,6535,Ronith Nadkarni,20,M,A1
16155,6535,Chatura Sangha,32,M,A2
16156,6536,Viraj Pillai,32,M,A1
16157,6536,Tanish Das,30,M,A2
16158,6536,Tanay Lall,23,M,A3
16159,6537,Wyatt Joshi,41,M,A1
16160,6537,Samesh Subramanian,28,M,A2
16161,6537,Sathvik Magar,32,M,A3
16162,6538,Daniel Dutta,32,M,A1
16163,6539,Zashil Seth,33,M,A1
16164,6540,Vivaan Pant,23,M,A1
16165,6540,Brijesh Kade,39,M,A2
16166,6540,Rachit Pal,39,M,A3
16167,6540,Faraj Prabhu,22,M,A4
16168,6541,Ishaan Mammen,45,M,A1
16169,6541,Brijesh Bhakta,36,M,A2
16170,6541,Vihaan Kulkarni,32,M,A3
16171,6542,William Kuruvilla,42,M,A1
16172,6542,Ekapad Reddy,39,M,A2
16173,6542,Aarnav Nayar,21,M,A3
16174,6543,Omaja Bose,19,F,A1
16175,6543,Rudra Palan,43,M,A2
16176,6543,Ronith Ramaswamy,41,M,A3
16177,6544,Raghav Dasgupta,39,M,A1
16178,6544,Chandani Goda,22,F,A2
16179,6544,Zayyan Khare,31,M,A3
16180,6545,Ansh Batra,33,M,A1
16181,6545,Xavier Mitra,36,M,A2
16182,6545,Pranav Kibe,28,M,A3
16183,6546,Sai Ramesh,39,M,A1
16184,6546,Aarush Srivastava,24,M,A2
16185,6546,Darsh Khare,46,M,A3
16186,6547,Theodore Yogi,18,M,A1
16187,6548,Patrick Grewal,22,M,A1
16188,6548,Amol Samra,46,M,A2
16189,6548,Samar Bumb,29,M,A3
16190,6548,Rehaan Din,25,M,A4
16191,6549,Gautami Menon,46,F,A1
16192,6550,Tanveer Pathak,40,M,A1
16193,6550,Abdul Dhaliwal,29,M,A2
16194,6550,Janaki Joshi,24,F,A3
16195,6550,Omkaar Mittal,27,M,A4
16196,6551,Abdul Halder,37,M,A1
16197,6552,Laban Kumar,32,M,A1
16198,6552,Ojas Jhaveri,29,M,A2
16199,6553,Aarini Rama,27,F,A1
16200,6553,Rajeshri Padmanabhan,46,F,A2
16201,6553,Gavin Chanda,23,M,A3
16202,6554,Krishna Dugal,35,F,A1
16203,6554,Utkarsh Hora,30,M,A2
16204,6554,Vedhika Bal,33,F,A3
16205,6554,Andrew Shetty,40,M,A4
16206,6555,Maanas Golla,27,M,A1
16207,6555,Liam Chaudhry,43,M,A2
16208,6555,Saksham Purohit,26,M,A3
16209,6556,Harsh Chander,34,M,A1
16210,6556,Tanay Ahluwalia,44,M,A2
16211,6556,Aryan Kumar,31,M,A3
16212,6557,Balveer Singh,42,M,A1
16213,6557,Darika Baral,28,F,A2
16214,6557,Chandresh Gala,42,M,A3
16215,6557,Ojas Thakur,28,M,A4
16216,6558,Onkar Thaker,32,M,A1
16217,6558,Noah Chandran,31,M,A2
16218,6558,Finn Lata,35,M,A3
16219,6558,Liam Virk,43,M,A4
16220,6559,Tejas Ahuja,25,M,A1
16221,6559,Yashica Kalita,22,F,A2
16222,6560,Abhiram Loke,37,M,A1
16223,6560,Varsha Seth,30,F,A2
16224,6560,Oscar Agate,37,M,A3
16225,6560,Daniel Bhatt,23,M,A4
16226,6561,Yashasvi Yogi,39,F,A1
16227,6561,Ekalinga Hayer,23,M,A2
16228,6561,Hredhaan Batra,40,M,A3
16229,6561,Timothy Vaidya,45,M,A4
16230,6562,Umang Chahal,41,M,A1
16231,6562,Arin Thakur,26,M,A2
16232,6562,Jyoti Koshy,40,F,A3
16233,6563,Harshil Khatri,23,M,A1
16234,6563,Jonathan Deo,41,M,A2
16235,6563,Rajeshri Gupta,41,F,A3
16236,6563,Chandresh Bhandari,35,M,A4
16237,6564,Yadavi Chand,31,F,A1
16238,6564,Qadim Barman,34,M,A2
16239,6565,Dakshesh Reddy,40,M,A1
16240,6565,Hardik Soni,24,M,A2
16241,6565,Nitesh Mander,36,M,A3
16242,6565,Gabriel Mitra,41,M,A4
16243,6566,Yatan Saxena,24,M,A1
16244,6567,Joshua Babu,42,M,A1
16245,6567,Dayamai Misra,38,F,A2
16246,6567,Daksha Saraf,42,F,A3
16247,6567,Chakradhar Patla,44,M,A4
16248,6568,Nachiket Bhatt,32,M,A1
16249,6568,Maanas Ramachandran,27,M,A2
16250,6568,Chatura Palla,25,M,A3
16251,6569,Tanish Sen,32,M,A1
16252,6569,Oeshi Pillai,45,F,A2
16253,6570,Timothy Rajagopal,26,M,A1
16254,6570,Omkaar Bansal,46,M,A2
16255,6571,Ikbal Purohit,38,M,A1
16256,6571,William Mohan,28,M,A2
16257,6572,Mason Sarkar,26,M,A1
16258,6573,Nathaniel Gole,45,M,A1
16259,6574,Teerth Subramaniam,24,M,A1
16260,6575,Veer Pandey,35,M,A1
16261,6575,Janya Panchal,39,F,A2
16262,6575,Ronith Divan,45,M,A3
16263,6576,Azad Mistry,32,M,A1
16264,6576,Jatin Thaker,41,M,A2
16265,6576,Gaurav Varkey,25,M,A3
16266,6577,Shivansh Shenoy,38,M,A1
16267,6577,Ikbal Guha,36,M,A2
16268,6578,Madhav Barman,28,M,A1
16269,6579,Samar Gopal,29,M,A1
16270,6579,Samarth Merchant,34,M,A2
16271,6580,Benjamin Jayaraman,43,M,A1
16272,6580,Tanish Deol,34,M,A2
16273,6580,Charles Pillay,45,M,A3
16274,6581,Amrita Rau,41,F,A1
16275,6581,Andrew Goswami,27,M,A2
16276,6581,Onkar Mand,28,M,A3
16277,6582,Jatin Bansal,26,M,A1
16278,6582,Urishilla Munshi,38,F,A2
16279,6582,Udarsh Doctor,35,M,A3
16280,6583,Zashil Iyengar,33,M,A1
16281,6583,Kevin Doctor,28,M,A2
16282,6583,Parth Chatterjee,40,M,A3
16283,6584,Ayushman Sethi,24,M,A1
16284,6584,Oscar Grover,42,M,A2
16285,6584,Daniel Puri,38,M,A3
16286,6584,Wridesh Nath,29,M,A4
16287,6585,Jonathan Zacharia,39,M,A1
16288,6585,Zashil Rajagopal,31,M,A2
16289,6586,Samar Dara,39,M,A1
16290,6587,Manthan Palan,32,M,A1
16291,6587,Amrita Dhaliwal,34,F,A2
16292,6587,Anmol Narayan,35,M,A3
16293,6588,Reva Varkey,41,F,A1
16294,6588,Maanav Sem,29,M,A2
16295,6588,Qabil Buch,33,M,A3
16296,6588,Chandresh Sridhar,35,M,A4
16297,6589,Zayan Padmanabhan,39,M,A1
16298,6589,Amrita Tella,41,F,A2
16299,6589,Wridesh Bhakta,34,M,A3
16300,6589,Udant Sengupta,23,M,A4
16301,6590,Neel Kata,21,M,A1
16302,6590,David Bhagat,33,M,A2
16303,6590,Megha Mody,44,F,A3
16304,6590,Avi Hayer,23,M,A4
16305,6591,Sai Mittal,22,M,A1
16306,6591,Ekbal Iyengar,40,M,A2
16307,6591,Tanay Bala,28,M,A3
16308,6592,Widisha Kulkarni,22,F,A1
16309,6592,Maanav Vasa,44,M,A2
16310,6592,Daksh Dua,33,M,A3
16311,6592,Jai Manda,41,M,A4
16312,6593,Alexander Uppal,30,M,A1
16313,6593,Samar Ratta,32,M,A2
16314,6593,Chakradhar Edwin,43,M,A3
16315,6594,Charan Narula,37,M,A1
16316,6594,Omisha Bhargava,42,F,A2
16317,6594,Ansh Bedi,41,M,A3
16318,6594,Libni Ramachandran,38,F,A4
16319,6595,Onveer Zachariah,32,M,A1
16320,6595,Luke Oza,44,M,A2
16321,6595,Warinder Gade,27,M,A3
16322,6595,Benjamin Bhatti,22,M,A4
16323,6596,Ayushman Sachar,25,M,A1
16324,6596,Teerth Iyer,43,M,A2
16325,6596,Chaman Chacko,36,F,A3
16326,6597,Peter Kala,39,M,A1
16327,6597,Azad Kalita,23,M,A2
16328,6597,Quincy Sarraf,19,M,A3
16329,6597,Vivaan Modi,30,M,A4
16330,6598,Dipta Wali,36,F,A1
16331,6598,Gavin Oommen,19,M,A2
16332,6598,Dominic Dube,47,M,A3
16333,6599,Saksham Mangal,18,M,A1
16334,6599,Jeet Dani,21,M,A2
16335,6599,Ethan Kumer,45,M,A3
16336,6600,Tarak Mishra,38,M,A1
16337,6601,Wyatt Bobal,27,M,A1
16338,6601,Balveer Sura,43,M,A2
16339,6601,Jonathan Divan,34,M,A3
16340,6602,Qushi Bhat,24,F,A1
16341,6603,Rushil Mohanty,28,M,A1
16342,6603,Vihaan Sahota,31,M,A2
16343,6603,Bahadurjit Shroff,35,M,A3
16344,6603,Balveer Madan,37,M,A4
16345,6604,Nachiket Panchal,42,M,A1
16346,6604,Jeremiah Kibe,44,M,A2
16347,6604,Akshay Sampath,23,M,A3
16348,6605,Aarnav Buch,41,M,A1
16349,6605,Ayaan Jha,31,M,A2
16350,6606,Ojas Hayer,35,M,A1
16351,6606,Dakshesh Soni,27,M,A2
16352,6606,Vihaan Parmar,38,M,A3
16353,6607,Tamanna Walia,34,F,A1
16354,6607,Guneet Cheema,44,M,A2
16355,6607,Qadim Sehgal,26,M,A3
16356,6607,Daniel Chowdhury,43,M,A4
16357,6608,Manbir Ravel,29,M,A1
16358,6608,Manthan Chadha,32,M,A2
16359,6608,Fiyaz Sandal,18,M,A3
16360,6608,Azad Sule,26,M,A4
16361,6609,Laban Gole,21,M,A1
16362,6609,Bhavna Narang,26,F,A2
16363,6609,Andrew Choudhry,39,M,A3
16364,6610,Dev Dass,22,M,A1
16365,6610,Michael Sen,19,M,A2
16366,6610,Bakhshi Wable,25,M,A3
16367,6611,Krisha Chadha,44,F,A1
16368,6611,Om Rau,39,M,A2
16369,6612,Gavin Baria,43,M,A1
16370,6612,Zayan Gera,20,M,A2
16371,6612,Indrajit Bandi,38,M,A3
16372,6612,Faqid Din,39,M,A4
16373,6613,Gagan Ahluwalia,20,M,A1
16374,6613,Tanish Kari,33,M,A2
16375,6613,Ranbir Barman,33,M,A3
16376,6614,Nakul Nagy,41,M,A1
16377,6614,Girish Choudhry,34,M,A2
16378,6615,Hemang Sarraf,19,M,A1
16379,6615,Samarth Mody,41,M,A2
16380,6615,Harrison Chanda,29,M,A3
16381,6615,Aarush Date,22,M,A4
16382,6616,Wyatt Bobal,36,M,A1
16383,6617,Nathaniel Baral,46,M,A1
16384,6617,Michael Kanda,41,M,A2
16385,6618,Jason Chawla,41,M,A1
16386,6619,Charan Das,22,M,A1
16387,6619,Harshil Upadhyay,40,M,A2
16388,6619,Chaitanya Golla,19,M,A3
16389,6619,Robert Murty,24,M,A4
16390,6620,Hitesh Bobal,41,M,A1
16391,6620,Girish Sami,38,M,A2
16392,6621,Meera Raman,42,F,A1
16393,6622,Yuvraj Mohan,25,M,A1
16394,6622,Lekha Kar,40,F,A2
16395,6622,Yug Yogi,32,M,A3
16396,6622,Lipika Warrior,37,F,A4
16397,6623,Ekta Ahluwalia,36,F,A1
16398,6623,Fariq Pingle,38,M,A2
16399,6623,Jairaj Mittal,46,M,A3
16400,6624,Guneet Ramakrishnan,39,M,A1
16401,6625,Harini Natarajan,29,F,A1
16402,6626,Pranav Bhatt,25,M,A1
16403,6626,Samesh Tak,39,M,A2
16404,6627,Harrison Krish,26,M,A1
16405,6627,Jeet Jaggi,31,M,A2
16406,6627,Gagan Mistry,44,M,A3
16407,6628,Robert Grover,31,M,A1
16408,6628,Anvi Pandey,31,F,A2
16409,6628,Jairaj Desai,34,M,A3
16410,6628,Ayushman Contractor,35,M,A4
16411,6629,Sathvik Barad,43,M,A1
16412,6629,Ekbal Comar,37,M,A2
16413,6630,Onkar Ganesan,36,M,A1
16414,6631,Balvan Master,29,M,A1
16415,6631,Faqid Bhatti,34,M,A2
16416,6631,Qabil Natt,29,M,A3
16417,6631,Sathvik Mannan,32,M,A4
16418,6632,Kalpit Parekh,42,M,A1
16419,6632,Lakshit Dua,28,M,A2
16420,6632,Gavin Kala,31,M,A3
16421,6633,Finn Kuruvilla,20,M,A1
16422,6633,Henry Yadav,29,M,A2
16423,6634,Nimrat Padmanabhan,44,F,A1
16424,6634,Patrick Lad,33,M,A2
16425,6634,Pranit Sinha,32,M,A3
16426,6635,Faras Prashad,38,M,A1
16427,6636,Zaitra Tiwari,37,F,A1
16428,6636,Girish Tripathi,31,M,A2
16429,6637,Faraj Prashad,33,M,A1
16430,6637,Zayyan Grover,33,M,A2
16431,6637,Tara Toor,37,F,A3
16432,6638,Avi Sundaram,37,M,A1
16433,6638,Sathvik Pandya,20,M,A2
16434,6638,Chakradhar Tandon,33,M,A3
16435,6639,Quincy Sankar,18,M,A1
16436,6639,Manthan Dhaliwal,36,M,A2
16437,6640,Osha Balay,34,F,A1
16438,6641,Yatin Barad,31,M,A1
16439,6642,Chandani Lad,27,F,A1
16440,6642,Vihaan Dixit,27,M,A2
16441,6642,Vihaan Dube,42,M,A3
16442,6643,Ojas Balay,39,M,A1
16443,6644,Aryan Som,41,M,A1
16444,6644,Vincent Basu,43,M,A2
16445,6645,Elijah Hari,30,M,A1
16446,6645,Jeevika Dewan,35,F,A2
16447,6645,Andrew Kadakia,39,M,A3
16448,6645,Viraj Pradhan,34,M,A4
16449,6646,Victor Chada,29,M,A1
16450,6647,David Gade,29,M,A1
16451,6647,Om Ben,44,M,A2
16452,6647,Ishwar Bhatti,23,M,A3
16453,6648,Umang Chaudhry,38,M,A1
16454,6648,Hemang Murty,22,M,A2
16455,6649,Siddharth Doshi,24,M,A1
16456,6649,Faras Saraf,35,M,A2
16457,6649,Tristan Chander,22,M,A3
16458,6650,Hamsini Misra,34,F,A1
16459,6650,Darpan Choudhry,42,M,A2
16460,6650,Krishna Nigam,36,F,A3
16461,6651,Faras Mukherjee,20,M,A1
16462,6652,Qasim Palla,30,M,A1
16463,6652,Arin Mukhopadhyay,44,M,A2
16464,6652,Yatin Randhawa,22,M,A3
16465,6652,Manbir Mittal,39,M,A4
16466,6653,Ojas Warrior,21,M,A1
16467,6653,Krishna Sharaf,36,M,A2
16468,6653,Gaurav Sangha,31,M,A3
16469,6653,Harish Ratti,21,M,A4
16470,6654,Wazir Lata,39,M,A1
16471,6654,Samesh Mani,46,M,A2
16472,6654,Ayushman Pathak,23,M,A3
16473,6655,Naksh Halder,42,M,A1
16474,6655,Jai Srinivasan,26,M,A2
16475,6655,Fitan Prasad,35,M,A3
16476,6655,Faris Bhattacharyya,38,M,A4
16477,6656,Ekavir Rau,43,M,A1
16478,6657,Ishwar Wable,35,M,A1
16479,6658,Nihal Gera,30,M,A1
16480,6659,Nathaniel Sarna,23,M,A1
16481,6659,Yamini Walia,26,F,A2
16482,6659,Henry Nagi,38,M,A3
16483,6660,Ijaya Vig,46,F,A1
16484,6660,Ronith Sha,39,M,A2
16485,6660,Vincent Vala,19,M,A3
16486,6660,Falan Thaman,41,M,A4
16487,6661,Parth Kaur,31,M,A1
16488,6661,Chatresh D’Alia,44,M,A2
16489,6662,Ati Buch,33,F,A1
16490,6663,Aarush Shenoy,24,M,A1
16491,6663,Tarak Wadhwa,41,M,A2
16492,6663,Balendra Pandya,22,M,A3
16493,6663,Warinder Sehgal,27,M,A4
16494,6664,Girik Koshy,29,M,A1
16495,6665,Pranav Batra,32,M,A1
16496,6666,Ishwar Saran,32,M,A1
16497,6666,Ronith Dass,29,M,A2
16498,6667,Manthan Kant,44,M,A1
16499,6668,Upkaar Tara,41,M,A1
16500,6669,Rishi Nanda,38,M,A1
16501,6669,Arjun Varma,34,M,A2
16502,6670,Robert Pau,29,M,A1
16503,6671,Chaitanya Mane,26,M,A1
16504,6671,Frederick Ganesh,43,M,A2
16505,6671,Bakhshi Luthra,35,M,A3
16506,6671,Ayaan Bains,19,M,A4
16507,6672,Charles Comar,34,M,A1
16508,6672,Siddharth Karpe,38,M,A2
16509,6672,Barkha Kamdar,20,F,A3
16510,6673,Isaiah Sunder,44,M,A1
16511,6673,Abhiram Ravi,41,M,A2
16512,6673,Agastya Sood,41,M,A3
16513,6673,Samarth Tank,22,M,A4
16514,6674,Nachiket Dubey,42,M,A1
16515,6674,Jeet Sandhu,44,M,A2
16516,6674,Diya Raval,33,F,A3
16517,6675,Rushil Thakkar,29,M,A1
16518,6675,Upkaar Korpal,20,M,A2
16519,6675,Kevin Varughese,37,M,A3
16520,6675,Saksham Chandra,38,M,A4
16521,6676,Faraj Verma,26,M,A1
16522,6676,Jagat Iyengar,24,M,A2
16523,6676,Sai Naidu,40,M,A3
16524,6676,Rachit Dhar,26,M,A4
16525,6677,Girish Ramakrishnan,19,M,A1
16526,6677,Aryan Narula,29,M,A2
16527,6677,Gopal Sastry,33,M,A3
16528,6678,Dev Shah,31,M,A1
16529,6679,Quincy Sood,33,M,A1
16530,6679,Kevin Dube,32,M,A2
16531,6679,Gaurav Mander,28,M,A3
16532,6680,Abeer Natarajan,22,M,A1
16533,6680,Jeet Kapoor,21,M,A2
16534,6681,Panini Dara,28,F,A1
16535,6681,Ayush Jani,41,M,A2
16536,6682,Wishi Krishnamurthy,19,F,A1
16537,6683,Oscar Pant,43,M,A1
16538,6684,Chandran Sodhi,40,M,A1
16539,6684,Utkarsh Walla,43,M,A2
16540,6684,Hardik Rattan,34,M,A3
16541,6685,Utkarsh Sani,46,M,A1
16542,6685,Jeremiah Bala,33,M,A2
16543,6685,Henry Yadav,25,M,A3
16544,6685,Abhimanyu Prashad,29,M,A4
16545,6686,Dakshesh Morar,25,M,A1
16546,6686,Ranveer Sangha,25,M,A2
16547,6686,Naveen Goyal,25,M,A3
16548,6686,Praneel Chaudry,38,M,A4
16549,6687,Kabir Bala,47,M,A1
16550,6688,Rehaan Gole,30,M,A1
16551,6688,Faraj Parmer,41,M,A2
16552,6689,Max Sengupta,24,M,A1
16553,6690,Chaman Thakur,40,F,A1
16554,6691,Chanakya Behl,30,M,A1
16555,6692,Ekaraj Date,27,M,A1
16556,6692,Peter Kaur,32,M,A2
16557,6692,Isaac Kant,44,M,A3
16558,6693,Rishi Sahni,38,M,A1
16559,6693,Dhruv Rajagopalan,28,M,A2
16560,6693,Dayamai Walia,25,F,A3
16561,6693,Mitesh Hans,38,M,A4
16562,6694,Madhav Menon,26,M,A1
16563,6695,Balvan Bhasin,25,M,A1
16564,6696,Kashish Agate,41,F,A1
16565,6697,Arjun Mohanty,41,M,A1
16566,6697,Advaith Sandhu,24,M,A2
16567,6697,Veer Ranganathan,27,M,A3
16568,6697,Bakhshi Lanka,29,M,A4
16569,6698,Jagvi Chaudhuri,23,F,A1
16570,6699,Jeevika Chadha,23,F,A1
16571,6699,Robert Saran,27,M,A2
16572,6700,Noah Mander,32,M,A1
16573,6700,Tanveer Nadig,38,M,A2
16574,6700,Aarush Dora,34,M,A3
16575,6700,Nandini Nayak,44,F,A4
16576,6701,Dakshesh Peri,23,M,A1
16577,6701,David Kadakia,20,M,A2
16578,6701,Manan Chaudhari,28,M,A3
16579,6702,Wyatt Kumer,33,M,A1
16580,6702,Manthan Saran,41,M,A2
16581,6703,Dev Balay,28,M,A1
16582,6703,Rudra Karpe,26,M,A2
16583,6704,Aryan Mishra,41,M,A1
16584,6704,Dev Mammen,43,M,A2
16585,6705,Patrick Nori,37,M,A1
16586,6706,Ekbal Sekhon,32,M,A1
16587,6706,Harish Kuruvilla,24,M,A2
16588,6707,Aarnav Bahri,38,M,A1
16589,6707,Akshay Jha,24,M,A2
16590,6707,Samar Chacko,32,M,A3
16591,6707,Vincent Halder,24,M,A4
16592,6708,Jacob Lad,38,M,A1
16593,6708,Priya Pai,38,F,A2
16594,6709,Amruta Ghosh,38,F,A1
16595,6709,Aarav Bhagat,30,M,A2
16596,6709,Thomas Kibe,44,M,A3
16597,6709,Tarak Narang,39,M,A4
16598,6710,Gopal Ratta,24,M,A1
16599,6710,Warjas Palan,26,M,A2
16600,6710,Yauvani Basu,31,F,A3
16601,6711,Gabriel Raval,21,M,A1
16602,6711,Aarush Buch,43,M,A2
16603,6711,Ronith Sahni,30,M,A3
16604,6711,Faqid Sathe,43,M,A4
16605,6712,Peter Balay,26,M,A1
16606,6712,Simon Char,26,M,A2
16607,6712,Arunima Wagle,27,F,A3
16608,6712,Jackson Gola,31,M,A4
16609,6713,Udant Sandhu,44,M,A1
16610,6713,Amol Basu,25,M,A2
16611,6713,Farhan Sharaf,32,M,A3
16612,6713,Abha Trivedi,43,F,A4
16613,6714,Michael Sarin,23,M,A1
16614,6715,Jagat Lalla,44,M,A1
16615,6715,Oliver Parmar,23,M,A2
16616,6715,Peter Prabhakar,28,M,A3
16617,6715,Faras Chand,28,M,A4
16618,6716,Alexander Gokhale,23,M,A1
16619,6716,Radha Shanker,36,F,A2
16620,6716,Simon Khare,30,M,A3
16621,6716,Naksh Nair,31,M,A4
16622,6717,Hritik Ray,36,M,A1
16623,6717,Veer Karan,29,M,A2
16624,6718,Mason Desai,36,M,A1
16625,6718,Ekaraj Iyer,26,M,A2
16626,6718,Madhav Hora,29,M,A3
16627,6718,Banjeet Kashyap,45,M,A4
16628,6719,Nathaniel Gokhale,32,M,A1
16629,6720,Samuel Madan,39,M,A1
16630,6721,Ronith Venkataraman,33,M,A1
16631,6721,Aayush Rajagopal,35,M,A2
16632,6721,Jagat Mistry,33,M,A3
16633,6721,Warhi Pant,39,F,A4
16634,6722,Eshana Acharya,34,F,A1
16635,6723,Abhimanyu Rana,23,M,A1
16636,6723,Rudra Chadha,42,M,A2
16637,6723,Damini Raghavan,25,F,A3
16638,6723,Darsh Kapadia,40,M,A4
16639,6724,Nitesh Chahal,19,M,A1
16640,6724,Abhimanyu Kaur,35,M,A2
16641,6725,Banjeet Murthy,39,M,A1
16642,6725,Kiaan Saraf,28,M,A2
16643,6726,Nitesh Deo,25,M,A1
16644,6727,Gabriel Rama,29,M,A1
16645,6727,Amol Anne,25,M,A2
16646,6728,Christopher Bhandari,40,M,A1
16647,6728,Chameli Basu,34,F,A2
16648,6729,Rayaan Dar,23,M,A1
16649,6729,Mitesh Pal,44,M,A2
16650,6729,Devansh Gola,28,M,A3
16651,6730,Brinda Gera,25,F,A1
16652,6730,Advik Shenoy,40,M,A2
16653,6730,Upkaar Jayaraman,27,M,A3
16654,6731,Theodore Radhakrishnan,28,M,A1
16655,6731,Radha Raj,42,F,A2
16656,6732,Tanish Narayan,28,M,A1
16657,6733,Pranit Chaudhary,24,M,A1
16658,6733,Om Sagar,38,M,A2
16659,6733,Abhiram Deshmukh,27,M,A3
16660,6733,Daksh Narayan,25,M,A4
16661,6734,Victor Randhawa,25,M,A1
16662,6734,Yagnesh Venkatesh,33,M,A2
16663,6734,Ayaan Narain,25,M,A3
16664,6734,Kabir Deol,28,M,A4
16665,6735,Guneet Modi,27,M,A1
16666,6735,Faraj Gera,23,M,A2
16667,6735,Rudra Gopal,34,M,A3
16668,6736,Alexander Vohra,38,M,A1
16669,6736,Azaan Borde,18,M,A2
16670,6737,Shaurya More,27,M,A1
16671,6737,Champak Dube,29,M,A2
16672,6738,Chameli Raval,39,F,A1
16673,6738,Ethan Bava,47,M,A2
16674,6738,Atharv Agarwal,22,M,A3
16675,6739,Advaith Chaudhary,35,M,A1
16676,6740,Zaid Gupta,24,M,A1
16677,6740,David Ravel,31,M,A2
16678,6740,Xavier Andra,41,M,A3
16679,6741,Gunbir Kar,42,M,A1
16680,6741,Girik Kalla,31,M,A2
16681,6741,Bakhshi Mishra,34,M,A3
16682,6741,Vedika Keer,30,F,A4
16683,6742,Radhika Madan,24,F,A1
16684,6743,Zayan Roy,33,M,A1
16685,6743,Chatresh Raman,33,M,A2
16686,6744,Gaurav Gole,42,M,A1
16687,6745,Charles Hari,36,M,A1
16688,6745,Oscar Suri,46,M,A2
16689,6745,Neel Mann,20,M,A3
16690,6745,Fiyaz Virk,43,M,A4
16691,6746,Naveen Batra,35,M,A1
16692,6746,Gautam Sarkar,43,M,A2
16693,6746,Farhan Hegde,25,M,A3
16694,6747,Reyansh Dua,44,M,A1
16695,6747,Tarak Parekh,44,M,A2
16696,6747,Charan Raju,24,M,A3
16697,6748,Elijah Thakkar,47,M,A1
16698,6749,Viraj Batta,42,M,A1
16699,6749,Shivansh Raman,26,M,A2
16700,6749,Jai Jha,46,M,A3
16701,6750,Hemang Saran,21,M,A1
16702,6750,Fariq Lall,41,M,A2
16703,6751,Aishani Barad,21,F,A1
16704,6751,Pooja Yohannan,46,F,A2
16705,6751,Balvan Nayar,37,M,A3
16706,6752,Azad Thaman,21,M,A1
16707,6753,Samuel Dugar,44,M,A1
16708,6753,Yagnesh Tandon,23,M,A2
16709,6753,Faras Chhabra,32,M,A3
16710,6754,Daniel Savant,24,M,A1
16711,6754,Ryan Loke,33,M,A2
16712,6754,Laban Mannan,38,M,A3
16713,6754,Champak Gola,22,M,A4
16714,6755,Januja Desai,42,F,A1
16715,6755,Alexander Grover,23,M,A2
16716,6756,Qabil Hari,36,M,A1
16717,6756,Frederick Bhakta,45,M,A2
16718,6757,Ekalinga Chaudry,43,M,A1
16719,6757,Manan Koshy,26,M,A2
16720,6757,Naveen Manne,19,M,A3
16721,6758,Advaith Manne,23,M,A1
16722,6758,Jeevika Chowdhury,43,F,A2
16723,6759,Jeet Desai,41,M,A1
16724,6759,Rohan Chaudhary,43,M,A2
16725,6759,Mason Dara,27,M,A3
16726,6760,Kai Nigam,32,M,A1
16727,6760,Chakradev Mitra,39,M,A2
16728,6760,Finn Dalal,37,M,A3
16729,6760,Pranit Khalsa,23,M,A4
16730,6761,Jalsa Goyal,30,F,A1
16731,6761,Balendra Mani,30,M,A2
16732,6762,Matthew Pall,29,M,A1
16733,6762,Ethan Chandra,29,M,A2
16734,6763,George Savant,22,M,A1
16735,6763,Gaurang Devi,34,M,A2
16736,6763,Nakul Kale,28,M,A3
16737,6764,Aarav Wable,35,M,A1
16738,6765,Isha Dutt,32,F,A1
16739,6766,Imaran Khanna,22,M,A1
16740,6766,Agastya Reddy,45,M,A2
16741,6766,Logan Merchant,22,M,A3
16742,6766,Unnati Shankar,29,F,A4
16743,6767,Umang Chand,36,M,A1
16744,6767,Udyati Pathak,31,F,A2
16745,6767,Hemangini Bhatt,41,F,A3
16746,6768,Matthew Dhar,22,M,A1
16747,6768,Nachiket Talwar,27,M,A2
16748,6768,Naveen Sawhney,42,M,A3
16749,6769,Manya Kadakia,44,F,A1
16750,6769,Bakhshi Zachariah,40,M,A2
16751,6769,Andrew Dave,27,M,A3
16752,6769,Naksh Narasimhan,29,M,A4
16753,6770,Oeshi Mandal,24,F,A1
16754,6770,Chaitanya Seth,44,M,A2
16755,6770,Pratyush Verma,33,M,A3
16756,6770,Joshua Hans,32,M,A4
16757,6771,Rajata Sachdev,34,F,A1
16758,6771,Harrison Bhargava,22,M,A2
16759,6771,Ishwar Sastry,20,M,A3
16760,6772,Akshay Raman,31,M,A1
16761,6772,Girik Bawa,26,M,A2
16762,6772,Pranav Chopra,43,M,A3
16763,6773,Bhavna Shroff,40,F,A1
16764,6773,Faras Sane,32,M,A2
16765,6773,Rudra Korpal,36,M,A3
16766,6774,Tejas Anne,35,M,A1
16767,6774,Caleb Pal,27,M,A2
16768,6774,Jagdish Taneja,28,M,A3
16769,6775,Dakshesh Ghosh,19,M,A1
16770,6775,Imaran Dara,27,M,A2
16771,6775,Sarthak Hari,24,M,A3
16772,6776,Warda Barman,22,F,A1
16773,6776,Yuvraj Batta,33,M,A2
16774,6776,Gagan Dalal,25,M,A3
16775,6776,Akshay Oak,25,M,A4
16776,6777,Abeer Jaggi,25,M,A1
16777,6777,Isaiah Saran,25,M,A2
16778,6778,Laban Soman,40,M,A1
16779,6778,Jairaj Patla,20,M,A2
16780,6779,Advik Kaul,34,M,A1
16781,6780,Kalpit Talwar,28,M,A1
16782,6780,Naksh Mann,45,M,A2
16783,6780,Nihal Ramesh,36,M,A3
16784,6781,Jonathan Krishnamurthy,20,M,A1
16785,6782,Madhav Khurana,31,M,A1
16786,6782,Samarth Dave,29,M,A2
16787,6782,Aryan Garg,37,M,A3
16788,6783,Irya Chahal,26,F,A1
16789,6783,Krishna Chhabra,36,M,A2
16790,6784,Samaksh Nadkarni,43,M,A1
16791,6784,Atharv Lal,39,M,A2
16792,6784,Utkarsh Devan,42,M,A3
16793,6785,Bakhshi Rout,41,M,A1
16794,6785,Baljiwan Zachariah,39,M,A2
16795,6785,Lakshmi Bansal,40,F,A3
16796,6785,Lavanya Dubey,24,F,A4
16797,6786,Ronith Datta,21,M,A1
16798,6786,Dominic Date,27,M,A2
16799,6787,Laksh Vora,39,M,A1
16800,6787,Wridesh Basak,21,M,A2
16801,6788,Samuel Rout,30,M,A1
16802,6789,Samaksh Nigam,48,M,A1
16803,6789,Parth Sharma,45,M,A2
16804,6789,Faris Bir,40,M,A3
16805,6790,Charan Hayer,48,M,A1
16806,6791,Theodore Shankar,24,M,A1
16807,6791,Logan Singhal,40,M,A2
16808,6792,Hritik Kalita,42,M,A1
16809,6793,Kritika Ganesan,21,F,A1
16810,6793,Chandresh Bedi,37,M,A2
16811,6793,Liam Lala,19,M,A3
16812,6794,Wridesh Ramachandran,23,M,A1
16813,6795,Umang Soman,22,M,A1
16814,6795,Joshua Dugar,30,M,A2
16815,6795,Matthew Raju,27,M,A3
16816,6795,Jack Behl,30,M,A4
16817,6796,Reyansh Chandran,34,M,A1
16818,6796,Rohan Parekh,31,M,A2
16819,6797,Azaan Murthy,43,M,A1
16820,6797,Girindra Garde,28,M,A2
16821,6797,Hemang Kannan,30,M,A3
16822,6798,Watika Mukhopadhyay,41,F,A1
16823,6798,Isaac Lall,40,M,A2
16824,6799,Yatan Dass,32,M,A1
16825,6799,Viraj D’Alia,39,M,A2
16826,6799,Samuel Mangal,22,M,A3
16827,6800,Henry Narula,32,M,A1
16828,6801,Nitesh Saha,18,M,A1
16829,6801,Yatin Majumdar,26,M,A2
16830,6802,Laksh Chakraborty,46,M,A1
16831,6802,Qarin Hayre,40,M,A2
16832,6802,Chandran Suresh,28,M,A3
16833,6802,Ayaan Arya,25,M,A4
16834,6803,William Buch,44,M,A1
16835,6803,Lajita Mistry,41,F,A2
16836,6804,Peter Lala,20,M,A1
16837,6805,Saksham Amble,27,M,A1
16838,6805,Abdul Morar,46,M,A2
16839,6805,Neel Nayar,20,M,A3
16840,6806,David Gour,22,M,A1
16841,6806,Falguni Walla,24,F,A2
16842,6807,Ekaraj Madan,34,M,A1
16843,6808,Dhruv Pradhan,29,M,A1
16844,6808,Bina Chauhan,37,F,A2
16845,6809,Charan Tripathi,39,M,A1
16846,6809,Balhaar Handa,41,M,A2
16847,6809,Vrishti Chacko,20,F,A3
16848,6809,Qabil Bal,25,M,A4
16849,6810,Om Vala,43,M,A1
16850,6811,Jackson Saran,30,M,A1
16851,6811,Mitesh Chaudry,40,M,A2
16852,6812,Neelima Nanda,28,F,A1
16853,6813,Wyatt Rajagopalan,43,M,A1
16854,6813,Andrew Dixit,27,M,A2
16855,6813,Liam Mangal,34,M,A3
16856,6814,Balhaar Joshi,41,M,A1
16857,6814,Champak Prakash,32,M,A2
16858,6814,Chandresh Dey,32,M,A3
16859,6815,Christopher Ram,27,M,A1
16860,6815,Charles Borah,22,M,A2
16861,6816,Krish Khare,40,M,A1
16862,6817,Zashil Mitter,27,M,A1
16863,6817,Hamsini Mital,20,F,A2
16864,6817,Dayita Sridhar,31,F,A3
16865,6818,Rudra Barman,42,M,A1
16866,6818,Sai Ray,27,F,A2
16867,6818,Oscar Taneja,40,M,A3
16868,6818,Nimrat Sahota,27,F,A4
16869,6819,Maanas Chaudhari,43,M,A1
16870,6819,Nitesh Krish,20,M,A2
16871,6819,Ekapad Mallick,30,M,A3
16872,6820,Girindra Sami,27,M,A1
16873,6820,William Sama,48,M,A2
16874,6821,Anmol Tara,46,M,A1
16875,6821,Ekapad Raghavan,35,M,A2
16876,6821,Zinal Bumb,28,F,A3
16877,6822,Ekalinga Batta,42,M,A1
16878,6822,Sarthak Radhakrishnan,24,M,A2
16879,6822,Harish Saini,32,M,A3
16880,6823,David Ganesh,33,M,A1
16881,6823,Zayyan Kala,32,M,A2
16882,6823,Chakradhar Sawhney,30,M,A3
16883,6823,Ishwar Basu,45,M,A4
16884,6824,Balhaar Bajwa,36,M,A1
16885,6824,Yauvani Kothari,20,F,A2
16886,6825,Hredhaan Swamy,31,M,A1
16887,6826,Udarsh Karan,46,M,A1
16888,6826,Onveer Padmanabhan,44,M,A2
16889,6827,Elijah Chawla,31,M,A1
16890,6827,Gaurav Patla,31,M,A2
16891,6827,Peter Ahluwalia,29,M,A3
16892,6827,Bishakha Sama,20,F,A4
16893,6828,Fiyaz Singh,23,M,A1
16894,6828,Kiaan Bedi,29,M,A2
16895,6828,Rushil Thakkar,29,M,A3
16896,6828,Ekbal Sekhon,42,M,A4
16897,6829,Rehaan Dyal,40,M,A1
16898,6829,Gaurang Sathe,30,M,A2
16899,6829,Manbir Manda,19,M,A3
16900,6829,Rohan Deep,20,M,A4
16901,6830,Xiti Tiwari,46,F,A1
16902,6830,Abdul Chaudhary,40,M,A2
16903,6830,Samaksh Apte,32,M,A3
16904,6830,Odika Kamdar,41,F,A4
16905,6831,Joshua Tara,35,M,A1
16906,6832,Lakshit Dixit,30,M,A1
16907,6832,Yatin Prashad,43,M,A2
16908,6832,Indrajit Pradhan,38,M,A3
16909,6833,Faris Mangat,29,M,A1
16910,6833,Baljiwan Chand,44,M,A2
16911,6833,Siddharth Rajagopal,42,M,A3
16912,6834,Mason Bains,45,M,A1
16913,6835,Frado Warrior,46,M,A1
16914,6836,Yatin Bath,21,M,A1
16915,6837,Ishaan Narain,26,M,A1
16916,6837,Girik Mitra,45,M,A2
16917,6837,Thomas Bhardwaj,35,M,A3
16918,6837,Nirja Arora,42,F,A4
16919,6838,Ekapad Menon,43,M,A1
16920,6839,Maanav Yohannan,40,M,A1
16921,6839,Jagat Chhabra,26,M,A2
16922,6839,Matthew Sagar,42,M,A3
16923,6839,Bhanumati Chaudry,32,F,A4
16924,6840,Balhaar Deo,41,M,A1
16925,6840,Maanav Choudhury,31,M,A2
16926,6841,Teerth Munshi,32,M,A1
16927,6841,Unni Boase,29,F,A2
16928,6841,Arin Cheema,38,M,A3
16929,6841,Omya Trivedi,24,F,A4
16930,6842,Rayaan Rege,24,M,A1
16931,6842,Naveen Garde,37,M,A2
16932,6842,Joshua Prasad,30,M,A3
16933,6843,Devansh Din,39,M,A1
16934,6843,Simon Shukla,40,M,A2
16935,6843,Vansha Bath,21,F,A3
16936,6843,Kabir Bora,39,M,A4
16937,6844,Thomas Mannan,23,M,A1
16938,6844,Samar Jayaraman,40,M,A2
16939,6844,Aarav Oommen,44,M,A3
16940,6845,Mohammed Rout,24,M,A1
16941,6845,Saksham Krish,41,M,A2
16942,6846,Ekbal Chad,28,M,A1
16943,6846,Advaith Joshi,42,M,A2
16944,6846,Aadi Sehgal,41,M,A3
16945,6846,Bhanumati Chaudhari,31,F,A4
16946,6847,Indira Dutta,47,F,A1
16947,6847,Kiaan Lanka,19,M,A2
16948,6847,Quincy Baral,24,M,A3
16949,6847,Michael Viswanathan,46,M,A4
16950,6848,Anika Bhavsar,44,F,A1
16951,6848,Jairaj Tak,22,M,A2
16952,6848,Pratyush Seth,33,M,A3
16953,6849,Tanish Kara,35,M,A1
16954,6849,Arjun Bal,35,M,A2
16955,6849,Fitan Wable,29,M,A3
16956,6849,Ekbal Varghese,42,M,A4
16957,6850,Patrick Rana,41,M,A1
16958,6851,Charles Saran,36,M,A1
16959,6852,Zayyan Kumer,18,M,A1
16960,6853,Maanas Kannan,37,M,A1
16961,6853,Tarak Narula,19,M,A2
16962,6854,Isaac Kota,38,M,A1
16963,6854,Vedant Raja,35,M,A2
16964,6854,Nachiket Nigam,33,M,A3
16965,6855,Bachittar Lal,41,M,A1
16966,6855,Balvan Ghosh,45,M,A2
16967,6855,Ekansh Yadav,37,M,A3
16968,6855,Dhruv Ranganathan,45,M,A4
16969,6856,Wahab Chatterjee,43,M,A1
16970,6856,Raghav Narayan,30,M,A2
16971,6857,Wahab Dixit,27,M,A1
16972,6857,Oni Goswami,36,F,A2
16973,6858,Samaksh Bumb,31,M,A1
16974,6859,Balveer Goswami,24,M,A1
16975,6860,Balendra Jain,36,M,A1
16976,6861,Zehaan Dora,29,M,A1
16977,6861,Daniel Dutt,45,M,A2
16978,6861,Azad Ramanathan,39,M,A3
16979,6861,Simon Jain,33,M,A4
16980,6862,Jacob Khurana,26,M,A1
16981,6862,Faris Johal,27,M,A2
16982,6863,Unnati Acharya,24,F,A1
16983,6863,Leela Sengupta,26,F,A2
16984,6863,Ikbal Dugal,48,M,A3
16985,6864,Zehaan Tiwari,21,M,A1
16986,6864,Nihal Baria,43,M,A2
16987,6865,Laksh Deshmukh,43,M,A1
16988,6866,Falan Dar,28,M,A1
16989,6866,Falan Gokhale,26,M,A2
16990,6866,Alexander Wason,43,M,A3
16991,6867,Hamsini Kaul,44,F,A1
16992,6868,Oliver Kota,36,M,A1
16993,6868,Krish Kara,31,M,A2
16994,6868,Udant Uppal,35,M,A3
16995,6869,Patrick Kumer,27,M,A1
16996,6869,Imaran Mody,39,M,A2
16997,6869,Ishaan Barad,28,M,A3
16998,6870,Shivansh Pillay,37,M,A1
16999,6870,Ethan Sandhu,32,M,A2
17000,6870,Peter Sachar,31,M,A3
17001,6871,Ethan Narayan,40,M,A1
17002,6871,Anthony Upadhyay,24,M,A2
17003,6871,Aahana Nagy,44,F,A3
17004,6872,Laksh Buch,45,M,A1
17005,6872,Azad Sekhon,31,M,A2
17006,6872,Mitali Loke,20,F,A3
17007,6872,Dhruv Ahluwalia,23,M,A4
17008,6873,Vivaan Luthra,27,M,A1
17009,6873,Kabir Yogi,39,M,A2
17010,6873,Ayush Rastogi,35,M,A3
17011,6874,Forum Lala,21,F,A1
17012,6874,Darsh Basak,45,M,A2
17013,6874,Benjamin Padmanabhan,27,M,A3
17014,6875,Balveer Batta,24,M,A1
17015,6876,George Golla,40,M,A1
17016,6876,Sanaya Ranganathan,20,F,A2
17017,6876,Rajata Gera,30,F,A3
17018,6877,George Nair,38,M,A1
17019,6877,Sai Ranganathan,19,M,A2
17020,6877,Fitan Kaul,21,M,A3
17021,6877,Rishi D’Alia,30,M,A4
17022,6878,Harish Nori,33,M,A1
17023,6878,Nathan Dave,35,M,A2
17024,6879,Hemang Bumb,37,M,A1
17025,6879,Chameli Sharma,39,F,A2
17026,6880,Anirudh Kanda,37,M,A1
17027,6881,Baljiwan Chahal,38,M,A1
17028,6881,Amol Desai,44,M,A2
17029,6881,Robert Dhar,40,M,A3
17030,6882,Wyatt Mistry,39,M,A1
17031,6882,Anmol Sarraf,22,M,A2
17032,6882,Warjas Bedi,21,M,A3
17033,6882,Brijesh Baral,44,M,A4
17034,6883,Chatresh Jain,42,M,A1
17035,6883,Utkarsh Dhar,20,M,A2
17036,6883,Harish Parmar,28,M,A3
17037,6883,Onveer Patel,19,M,A4
17038,6884,Oliver Bali,24,M,A1
17039,6885,Tripti Sathe,34,F,A1
17040,6885,Janya Menon,24,F,A2
17041,6885,Brinda Bajwa,45,F,A3
17042,6886,Maanas Brahmbhatt,22,M,A1
17043,6886,Yash Comar,22,M,A2
17044,6886,Girish Raman,31,M,A3
17045,6887,Daniel Gade,25,M,A1
17046,6887,Bachittar Sanghvi,38,M,A2
17047,6887,Fitan Kala,39,M,A3
17048,6887,Fitan Kurian,27,M,A4
17049,6888,Oni Chopra,40,F,A1
17050,6888,Nihal Sha,36,M,A2
17051,6888,Pranit Banerjee,20,M,A3
17052,6889,Frado Devan,30,M,A1
17053,6889,Simon Rout,38,M,A2
17054,6889,Dhruv Kadakia,44,M,A3
17055,6889,Jatin Dash,44,M,A4
17056,6890,Peter Dhingra,40,M,A1
17057,6890,Jacob Vala,21,M,A2
17058,6890,Nandini Bora,29,F,A3
17059,6891,Upma Sahota,27,F,A1
17060,6891,Mason Basu,29,M,A2
17061,6891,Arjun Yohannan,47,M,A3
17062,6892,Balhaar Suri,38,M,A1
17063,6892,Daniel Kohli,33,M,A2
17064,6893,Gavin Mandal,26,M,A1
17065,6894,Laksh Tandon,27,M,A1
17066,6895,Yuvraj Gala,26,M,A1
17067,6895,Abhimanyu Zacharia,19,M,A2
17068,6895,Ayaan Brahmbhatt,31,M,A3
17069,6895,Advik Srinivas,40,M,A4
17070,6896,Pallavi Dhar,22,F,A1
17071,6896,Chatresh D’Alia,40,M,A2
17072,6897,Shaurya Sarna,44,M,A1
17073,6897,Balhaar Dada,35,M,A2
17074,6897,Girish Chadha,39,M,A3
17075,6897,Harshil Chaudhari,27,M,A4
17076,6898,Rehaan Raja,28,M,A1
17077,6898,Nimrat Contractor,20,F,A2
17078,6899,Jackson Aggarwal,30,M,A1
17079,6899,Gavin Suri,41,M,A2
17080,6899,Balendra Kota,32,M,A3
17081,6900,Advik Mander,23,M,A1
17082,6901,Sai Manda,32,M,A1
17083,6901,Onkar Sangha,38,M,A2
17084,6902,Ubika Chokshi,31,F,A1
17085,6903,Dominic Sane,29,M,A1
17086,6903,Anmol Gulati,25,M,A2
17087,6903,Bakhshi Sarma,25,M,A3
17088,6903,Kai Ahluwalia,23,M,A4
17089,6904,Ladli Shere,31,F,A1
17090,6904,Imaran Krish,26,M,A2
17091,6905,Chakradhar Nigam,36,M,A1
17092,6906,Xavier Sood,33,M,A1
17093,6906,Aarini Choudhury,35,F,A2
17094,6906,Krish Dasgupta,41,M,A3
17095,6906,Indrajit Barad,41,M,A4
17096,6907,Daniel Ganesh,30,M,A1
17097,6907,Radha Barad,25,F,A2
17098,6907,Pooja Lata,28,F,A3
17099,6907,Dalbir Dyal,27,M,A4
17100,6908,Veer Solanki,48,M,A1
17101,6908,Chakradhar Nair,47,M,A2
17102,6908,Andrew Bera,31,M,A3
17103,6909,Amol Chawla,32,M,A1
17104,6909,Theodore Suresh,34,M,A2
17105,6909,Amaira Thakur,46,F,A3
17106,6909,Rishi Madan,44,M,A4
17107,6910,Shaurya Dar,38,M,A1
17108,6910,Reyansh Bava,20,M,A2
17109,6911,Maanav Saha,37,M,A1
17110,6911,Hredhaan Iyengar,46,M,A2
17111,6911,Aachal Ben,21,F,A3
17112,6911,Saumya Subramaniam,38,F,A4
17113,6912,Jai Deshmukh,33,M,A1
17114,6913,William Zacharia,40,M,A1
17115,6913,Girik Rai,36,M,A2
17116,6914,Kiaan Brahmbhatt,40,M,A1
17117,6915,Balvan Ram,28,M,A1
17118,6915,Jairaj Thakkar,40,M,A2
17119,6915,Hiral Keer,26,F,A3
17120,6916,Jacob Din,43,M,A1
17121,6916,Vincent Jain,45,M,A2
17122,6917,Ati Buch,29,F,A1
17123,6917,Yuvraj Pal,27,M,A2
17124,6917,Fariq Swaminathan,22,M,A3
17125,6917,Daksh Jain,27,M,A4
17126,6918,Daksh Acharya,41,M,A1
17127,6918,Henry Sethi,34,M,A2
17128,6918,Jack Rajagopalan,29,M,A3
17129,6918,Balvan Kalla,33,M,A4
17130,6919,Ikbal Halder,30,M,A1
17131,6919,Fiyaz Pai,36,M,A2
17132,6920,Kamya Thaker,38,F,A1
17133,6920,Noah Jaggi,39,M,A2
17134,6920,Wahab Shukla,36,M,A3
17135,6921,Balveer Maharaj,24,M,A1
17136,6921,Shivansh Bassi,33,M,A2
17137,6921,Ranveer Shukla,40,M,A3
17138,6922,Chatura Bahl,40,M,A1
17139,6923,Azaan Shanker,37,M,A1
17140,6923,Frado Pandey,34,M,A2
17141,6924,Inaya Ramaswamy,35,F,A1
17142,6924,Gopal Karnik,42,M,A2
17143,6924,Vedant Gole,47,M,A3
17144,6925,Azaan Dora,47,M,A1
17145,6925,Hritik Jaggi,29,M,A2
17146,6926,Aadi Andra,38,M,A1
17147,6926,Jasmit Varghese,33,F,A2
17148,6927,Dominic Vora,25,M,A1
17149,6927,Zashil Prabhakar,28,M,A2
17150,6927,Atharv Cheema,32,M,A3
17151,6927,Leena Gola,31,F,A4
17152,6928,Devansh Chawla,21,M,A1
17153,6928,Aadi Prabhu,27,M,A2
17154,6928,Wyatt Natarajan,20,M,A3
17155,6929,Ayaan Mall,34,M,A1
17156,6929,Frado Doshi,41,M,A2
17157,6929,Theodore Rao,34,M,A3
17158,6930,Hredhaan Bhatti,27,M,A1
17159,6930,Chatura Varty,34,M,A2
17160,6930,Girish Patil,44,M,A3
17161,6931,Rishi Mammen,22,M,A1
17162,6931,Balendra Ranganathan,41,M,A2
17163,6931,Hitesh Shetty,39,M,A3
17164,6932,Yatin Sood,38,M,A1
17165,6932,George More,46,M,A2
17166,6933,Abha Menon,21,F,A1
17167,6933,Chanchal Basu,33,F,A2
17168,6933,Rachit Malhotra,23,M,A3
17169,6934,Advaith Kara,40,M,A1
17170,6934,Isaac Trivedi,44,M,A2
17171,6934,Jagdish Konda,36,M,A3
17172,6934,Wazir Dasgupta,24,M,A4
17173,6935,Jack Ganesh,35,M,A1
17174,6936,Anay Bains,45,M,A1
17175,6937,Udant Srinivas,37,M,A1
17176,6938,Yatan Bajwa,28,M,A1
17177,6939,Ojas Natt,37,M,A1
17178,6939,Frederick Seth,38,M,A2
17179,6939,Upkaar Contractor,22,M,A3
17180,6939,Zayyan Nanda,33,M,A4
17181,6940,Ekavir Uppal,44,M,A1
17182,6940,Kiaan Pillai,23,M,A2
17183,6941,Qushi Srinivasan,26,F,A1
17184,6941,Harshil Bhatt,25,M,A2
17185,6941,Jagdish Dugar,36,M,A3
17186,6942,Udarsh Hari,35,M,A1
17187,6942,Naksh Om,19,M,A2
17188,6942,Matthew Chokshi,24,M,A3
17189,6942,Brijesh Swamy,40,M,A4
17190,6943,Ekaraj Krishnamurthy,22,M,A1
17191,6943,Zehaan Yadav,21,M,A2
17192,6943,Devansh Sastry,24,M,A3
17193,6943,Xiti Kanda,43,F,A4
17194,6944,Rayaan Sem,44,M,A1
17195,6945,Hitesh Prakash,32,M,A1
17196,6945,Logan Parekh,32,M,A2
17197,6946,Daksh Sahni,34,M,A1
17198,6946,Girik Sarma,27,M,A2
17199,6947,Timothy Dugar,29,M,A1
17200,6947,Caleb Apte,38,M,A2
17201,6947,Jagvi Krishnamurthy,44,F,A3
17202,6947,Kai Parmar,21,M,A4
17203,6948,Chandani Khatri,47,F,A1
17204,6948,Vihaan Bala,32,M,A2
17205,6948,Kalpit Balay,44,M,A3
17206,6949,Hemang Sarin,25,M,A1
17207,6949,Udant Chowdhury,45,M,A2
17208,6949,Ethan Balay,26,M,A3
17209,6950,Yashasvi Murty,22,F,A1
17210,6950,Yug Sehgal,29,M,A2
17211,6951,Darsh Rout,29,M,A1
17212,6951,Wriddhish Bora,37,M,A2
17213,6952,Ekani Seshadri,38,F,A1
17214,6952,Darpan Butala,29,M,A2
17215,6953,Ranbir Dara,33,M,A1
17216,6954,Ethan Golla,40,M,A1
17217,6954,Aarav Sathe,34,M,A2
17218,6954,Samar Parikh,29,M,A3
17219,6954,Quincy Brahmbhatt,41,M,A4
17220,6955,Lohit Bora,26,M,A1
17221,6956,Krishna Rajagopalan,28,M,A1
17222,6956,Bahadurjit Dhar,48,M,A2
17223,6956,Banjeet Pall,41,M,A3
17224,6957,Yuvraj Upadhyay,34,M,A1
17225,6957,Dev Dixit,42,M,A2
17226,6957,Ishaan Bansal,21,M,A3
17227,6957,Jeet Chandran,41,M,A4
17228,6958,Rayaan Tandon,35,M,A1
17229,6959,Kabir Ghose,34,M,A1
17230,6959,Mekhala Bhalla,44,F,A2
17231,6960,Wahab Pau,41,M,A1
17232,6960,Nihal Prashad,35,M,A2
17233,6960,Rudra Issac,28,M,A3
17234,6960,Gopal Bir,39,M,A4
17235,6961,Sarthak Raman,40,M,A1
17236,6961,Fitan Agrawal,40,M,A2
17237,6962,Kashvi Ratti,48,F,A1
17238,6962,Parth Dugar,36,M,A2
17239,6962,Vyanjana Sachar,29,F,A3
17240,6962,George Saran,38,M,A4
17241,6963,Dhruv Subramaniam,41,M,A1
17242,6963,Jagdish Karpe,21,M,A2
17243,6964,Atharv Nadig,30,M,A1
17244,6964,Kai Batta,28,M,A2
17245,6964,Mitesh Mody,20,M,A3
17246,6964,Parth Chakrabarti,35,M,A4
17247,6965,Sarthak Pandit,29,M,A1
17248,6965,Anthony Chakraborty,23,M,A2
17249,6965,Ojas Gandhi,29,M,A3
17250,6965,Kalpit Dhawan,32,M,A4
17251,6966,Gabriel Pandey,23,M,A1
17252,6967,Lohit Kata,35,M,A1
17253,6967,Oeshi Tella,30,F,A2
17254,6967,Gopal Sekhon,29,M,A3
17255,6967,Teerth Pillai,25,M,A4
17256,6968,Logan Vora,37,M,A1
17257,6968,Aadi Kapoor,27,M,A2
17258,6969,Ikbal Sura,44,M,A1
17259,6970,Anirudh Varghese,26,M,A1
17260,6970,Jagat Yohannan,45,M,A2
17261,6971,Girik Subramaniam,36,M,A1
17262,6971,Ethan Wadhwa,26,M,A2
17263,6971,Wriddhish Tiwari,36,M,A3
17264,6971,Omkaar Vora,41,M,A4
17265,6972,Fariq Salvi,22,M,A1
17266,6972,Farhan Chaudhary,29,M,A2
17267,6973,Zayyan Mani,35,M,A1
17268,6973,Tejas Om,26,M,A2
17269,6973,Charan Sathe,24,M,A3
17270,6973,Gautami Kalita,42,F,A4
17271,6974,Jason Sarna,19,M,A1
17272,6974,Balvan Tara,29,M,A2
17273,6974,Aarush Puri,30,M,A3
17274,6975,Madhav Peri,35,M,A1
17275,6975,Dakshesh Boase,40,M,A2
17276,6976,Agastya Bhargava,40,M,A1
17277,6976,Fariq Chahal,26,M,A2
17278,6976,Maya Walla,34,F,A3
17279,6977,Shaurya Parekh,22,M,A1
17280,6978,Manbir Sharaf,39,M,A1
17281,6978,Charan Madan,31,M,A2
17282,6979,Jagdish Thakur,36,M,A1
17283,6979,Fiyaz Purohit,45,M,A2
17284,6979,Pratyush Hora,40,M,A3
17285,6979,Orinder Saraf,32,M,A4
17286,6980,Isaac Mittal,18,M,A1
17287,6980,Abdul Behl,31,M,A2
17288,6980,Samuel Chand,30,M,A3
17289,6980,Onkar Mahal,42,M,A4
17290,6981,Caleb Bhatt,40,M,A1
17291,6981,Jatin Chakraborty,25,M,A2
17292,6981,Laban Kashyap,41,M,A3
17293,6982,Gunbir Trivedi,44,M,A1
17294,6982,Gaurav Ray,33,M,A2
17295,6982,Logan Wason,43,M,A3
17296,6982,Faras Modi,37,M,A4
17297,6983,Maanas Rai,23,M,A1
17298,6984,Kalpit Madan,34,M,A1
17299,6984,Sathvik Chana,47,M,A2
17300,6984,Theodore Palla,46,M,A3
17301,6985,Ekapad Balasubramanian,42,M,A1
17302,6986,Bhavani Parsa,39,F,A1
17303,6986,Nihal Prashad,32,M,A2
17304,6986,Quincy Patla,27,M,A3
17305,6987,Ekapad Kari,32,M,A1
17306,6987,Gunbir Bahri,23,M,A2
17307,6987,Yatan Walia,43,M,A3
17308,6987,Qabil Dewan,22,M,A4
17309,6988,Daksh Anne,40,M,A1
17310,6988,Ranveer Wali,46,M,A2
17311,6989,Dhruv Karan,22,M,A1
17312,6989,Yashoda Bhatia,24,F,A2
17313,6989,Rayaan Dugal,24,M,A3
17314,6989,Balhaar Dugar,44,M,A4
17315,6990,Jacob Saini,22,M,A1
17316,6990,Naksh Warrior,46,M,A2
17317,6990,Krishna Sane,42,M,A3
17318,6991,Devansh Buch,46,M,A1
17319,6991,David Nadkarni,41,M,A2
17320,6991,Akshay Batta,23,M,A3
17321,6992,Maanav Divan,20,M,A1
17322,6992,Atharv Krishnamurthy,30,M,A2
17323,6992,Vincent Parmar,27,M,A3
17324,6992,Jagat Roy,34,M,A4
17325,6993,Utkarsh Kadakia,23,M,A1
17326,6994,Samar Khanna,32,M,A1
17327,6995,Saksham Dugar,29,M,A1
17328,6995,George Mohanty,28,M,A2
17329,6995,Nicholas Bhagat,34,M,A3
17330,6995,Lekha Agate,40,F,A4
17331,6996,Shivansh Buch,41,M,A1
17332,6997,Fariq Thakur,28,M,A1
17333,6997,Arin Rajagopalan,44,M,A2
17334,6997,Samuel Gandhi,46,M,A3
17335,6998,Janaki Bal,34,F,A1
17336,6999,Michael Sandhu,20,M,A1
17337,6999,Girish Talwar,24,M,A2
17338,7000,Michael Gaba,29,M,A1
17339,7000,Rayaan Pingle,29,M,A2
17340,7000,Chakrika Mishra,44,F,A3
17341,7000,Sai Dayal,20,M,A4
17342,7001,Peter Thakur,34,M,A1
17343,7001,Zehaan Sankar,39,M,A2
17344,7001,Christopher Raman,30,M,A3
17345,7002,Indira Soman,35,F,A1
17346,7002,Akshay Yogi,36,M,A2
17347,7002,Thomas Ahuja,36,M,A3
17348,7002,Saksham Bora,36,M,A4
17349,7003,Vamakshi Deol,20,F,A1
17350,7003,Manan Lad,32,M,A2
17351,7003,Timothy Rajagopalan,47,M,A3
17352,7004,Ethan Edwin,31,M,A1
17353,7005,Kabir Chakraborty,26,M,A1
17354,7005,Imaran Dhar,41,M,A2
17355,7005,Onkar Dhaliwal,30,M,A3
17356,7005,Om Raja,34,M,A4
17357,7006,Meghana Sura,20,F,A1
17358,7007,Om Sarma,42,M,A1
17359,7007,Hredhaan Vig,26,M,A2
17360,7007,Ria Apte,45,F,A3
17361,7008,Frederick Hegde,42,M,A1
17362,7008,Upadhriti Nanda,25,F,A2
17363,7009,Amol Chawla,34,M,A1
17364,7010,Girindra Saran,43,M,A1
17365,7010,Champak Padmanabhan,25,M,A2
17366,7010,Elijah Johal,34,M,A3
17367,7010,David Kadakia,19,M,A4
17368,7011,Kiaan Mukhopadhyay,35,M,A1
17369,7011,Faqid Zachariah,33,M,A2
17370,7011,Qadim Agate,29,M,A3
17371,7012,Frederick Pathak,33,M,A1
17372,7012,Ishani Ratti,43,F,A2
17373,7012,Januja Shere,23,F,A3
17374,7012,Fiyaz Balakrishnan,37,M,A4
17375,7013,Finn Pau,41,M,A1
17376,7013,Gabriel Barman,25,M,A2
17377,7013,Kiaan Khanna,30,M,A3
17378,7013,Dev Ramesh,42,M,A4
17379,7014,Faraj Acharya,38,M,A1
17380,7014,Noah Bera,45,M,A2
17381,7014,Benjamin Deshpande,23,M,A3
17382,7015,Daniel Grover,32,M,A1
17383,7016,Zayan Rau,45,M,A1
17384,7016,Ayaan Sheth,37,M,A2
17385,7017,Nitesh Munshi,29,M,A1
17386,7017,Jagat Malhotra,30,M,A2
17387,7018,Elijah Sehgal,27,M,A1
17388,7018,Xavier More,23,M,A2
17389,7018,Baghyawati Borde,35,F,A3
17390,7019,Aditya Sant,29,M,A1
17391,7019,Onveer Wason,33,M,A2
17392,7019,Aarnav Rajagopal,32,M,A3
17393,7019,Faras Gara,27,M,A4
17394,7020,Samesh Goyal,25,M,A1
17395,7021,Alexander Vasa,30,M,A1
17396,7021,Ekalinga Venkatesh,32,M,A2
17397,7021,Aarav Viswanathan,39,M,A3
17398,7022,Noah Issac,26,M,A1
17399,7022,Karan Keer,28,M,A2
17400,7023,Nicholas Rout,45,M,A1
17401,7024,Hritik Srinivas,40,M,A1
17402,7024,Tanish Mani,42,M,A2
17403,7024,Rohan Borah,26,M,A3
17404,7025,Warhi Narayan,35,F,A1
17405,7026,Bachittar Vohra,26,M,A1
17406,7027,Ridhi Chada,19,F,A1
17407,7028,Harini Mittal,42,F,A1
17408,7029,Aadi Bhandari,43,M,A1
17409,7029,Chandran Talwar,45,M,A2
17410,7029,Victor Bajwa,35,M,A3
17411,7029,Quincy Karpe,20,M,A4
17412,7030,Saksham Singhal,34,M,A1
17413,7030,Aryan Narula,23,M,A2
17414,7031,Aadhya Hari,40,F,A1
17415,7031,Hredhaan Om,40,M,A2
17416,7031,Gavin Minhas,21,M,A3
17417,7031,Kalpit Nagarajan,40,M,A4
17418,7032,Ayaan Kibe,33,M,A1
17419,7032,Jeremiah Thaker,38,M,A2
17420,7032,Gaurang Mukhopadhyay,31,M,A3
17421,7033,Rajata Date,43,F,A1
17422,7033,Urvi Dixit,29,F,A2
17423,7033,Kai Nigam,32,M,A3
17424,7034,Fiyaz Acharya,32,M,A1
17425,7034,Hardik Bahri,38,M,A2
17426,7035,Aishani Jhaveri,42,F,A1
17427,7035,Kabir Pathak,40,M,A2
17428,7035,Zashil Chahal,37,M,A3
17429,7036,Aayush Balakrishnan,42,M,A1
17430,7037,Jagdish Sundaram,37,M,A1
17431,7037,Anmol Ramaswamy,36,M,A2
17432,7037,Imaran Mannan,39,M,A3
17433,7038,Arjun Balan,22,M,A1
17434,7039,Samuel Sami,43,M,A1
17435,7040,Vrinda Morar,36,F,A1
17436,7040,Ishanvi Ahluwalia,29,F,A2
17437,7040,Owen Kurian,22,M,A3
17438,7041,Gavin Borde,26,M,A1
17439,7041,Fitan Shan,31,M,A2
17440,7041,Darsh Dubey,23,M,A3
17441,7042,Yahvi Dyal,23,F,A1
17442,7042,Banjeet Talwar,37,M,A2
17443,7042,Rehaan Din,34,M,A3
17444,7043,William Pai,22,M,A1
17445,7044,Chandran Kakar,39,M,A1
17446,7044,Gunbir Kar,41,M,A2
17447,7044,Madhav Sandhu,28,M,A3
17448,7045,Kai Padmanabhan,43,M,A1
17449,7046,Wyatt Tiwari,22,M,A1
17450,7046,Logan Sem,39,M,A2
17451,7046,Kiaan Parsa,37,M,A3
17452,7046,Thomas Devi,22,M,A4
17453,7047,Orinder Dara,25,M,A1
17454,7047,Avi Raghavan,32,M,A2
17455,7047,Nicholas Balay,34,M,A3
17456,7048,Naksh Kaur,41,M,A1
17457,7049,Vedant Sahni,41,M,A1
17458,7049,Udant Zachariah,36,M,A2
17459,7050,Mason Ravi,42,M,A1
17460,7050,Samarth Dewan,33,M,A2
17461,7050,Isaiah Bandi,27,M,A3
17462,7050,Chaitanya Dutta,33,M,A4
17463,7051,Lakshit Brar,35,M,A1
17464,7051,Ekbal Korpal,22,M,A2
17465,7052,Nicholas Doshi,40,M,A1
17466,7052,Atharv Sama,44,M,A2
17467,7053,Abhimanyu Dugar,45,M,A1
17468,7054,Sarthak Palla,26,M,A1
17469,7054,Nathaniel Rana,22,M,A2
17470,7054,Advika Kant,32,F,A3
17471,7054,Maanas Vaidya,25,M,A4
17472,7055,Abhimanyu Bal,20,M,A1
17473,7055,Wridesh Kala,36,M,A2
17474,7055,Yash Kala,33,M,A3
17475,7056,Om Bhatt,45,M,A1
17476,7056,Geetika Shroff,31,F,A2
17477,7056,Frado Khosla,43,M,A3
17478,7056,Utkarsh Sule,24,M,A4
17479,7057,Andrew Choudhury,41,M,A1
17480,7057,Upkaar Tara,41,M,A2
17481,7057,Xiti Goda,20,F,A3
17482,7058,Ayushman Kanda,23,M,A1
17483,7058,Charles Chhabra,25,M,A2
17484,7058,Jack More,24,M,A3
17485,7059,Onveer Lad,41,M,A1
17486,7059,Krish Bakshi,39,M,A2
17487,7060,Harsh Zacharia,38,M,A1
17488,7060,Niharika Swaminathan,36,F,A2
17489,7061,Vihaan Chauhan,43,M,A1
17490,7062,Lakshit Srivastava,34,M,A1
17491,7062,Rudra Agrawal,42,M,A2
17492,7063,Vanya Baria,45,F,A1
17493,7063,Aditya Sahni,25,M,A2
17494,7063,Farhan Sane,46,M,A3
17495,7064,Azad Andra,22,M,A1
17496,7064,Tanveer Talwar,29,M,A2
17497,7064,Farhan Deep,47,M,A3
17498,7064,Tanay Sant,23,M,A4
17499,7065,Brijesh Pandit,28,M,A1
17500,7066,Frederick Dugar,29,M,A1
17501,7066,Manthan Shroff,25,M,A2
17502,7066,Varsha Patla,29,F,A3
17503,7066,Neel Dayal,39,M,A4
17504,7067,Shivansh Garde,42,M,A1
17505,7068,Reyansh Kapur,38,M,A1
17506,7068,Bahadurjit Kale,25,M,A2
17507,7068,Chakradhar Sur,36,M,A3
17508,7069,Peter Chauhan,42,M,A1
17509,7069,Gavin Shetty,35,M,A2
17510,7069,Gaurang Chanda,34,M,A3
17511,7070,Umang Pandey,22,M,A1
17512,7070,Harsh Chokshi,22,M,A2
17513,7070,Charvi Arora,43,F,A3
17514,7071,Balhaar D’Alia,27,M,A1
17515,7071,Priya Saha,33,F,A2
17516,7071,Vasudha Sinha,43,F,A3
17517,7072,Kai Doshi,35,M,A1
17518,7072,Aayush Karpe,45,M,A2
17519,7072,Riya Kota,28,F,A3
17520,7072,Faqid Rastogi,33,M,A4
17521,7073,Sneha Nath,22,F,A1
17522,7073,Omkaar Khalsa,46,M,A2
17523,7073,Ekavir Vala,24,M,A3
17524,7073,Shivansh Chand,30,M,A4
17525,7074,Quincy Bhardwaj,20,M,A1
17526,7074,Maanav Barad,38,M,A2
17527,7075,Gabriel Deshmukh,22,M,A1
17528,7075,Vasatika Ratti,25,F,A2
17529,7075,Faqid Prabhu,31,M,A3
17530,7075,Niharika Sura,25,F,A4
17531,7076,Jyoti Narasimhan,42,F,A1
17532,7076,Veer Mandal,23,M,A2
17533,7076,Edhitha Pradhan,38,F,A3
17534,7077,Chameli Choudhary,32,F,A1
17535,7078,Chandresh Bhattacharyya,25,M,A1
17536,7078,Bachittar Nayar,39,M,A2
17537,7078,William Dhillon,25,M,A3
17538,7078,Chaitanya Gole,35,M,A4
17539,7079,Advay Bora,24,M,A1
17540,7080,Qarin Panchal,30,M,A1
17541,7080,Tara Balasubramanian,21,F,A2
17542,7080,Benjamin Sheth,22,M,A3
17543,7080,Jacob Thakkar,32,M,A4
17544,7081,Upkaar Chandra,43,M,A1
17545,7081,Oscar Pandya,30,M,A2
17546,7081,Wyatt Chowdhury,31,M,A3
17547,7081,Onveer Wason,41,M,A4
17548,7082,Chakradhar Balay,27,M,A1
17549,7082,Abeer Mohan,27,M,A2
17550,7083,Yug Kapoor,26,M,A1
17551,7083,Udarsh Sehgal,23,M,A2
17552,7083,Gabriel Chatterjee,40,M,A3
17553,7083,Maanas Sundaram,35,M,A4
17554,7084,Shaurya D’Alia,46,M,A1
17555,7084,Timothy Sani,37,M,A2
17556,7084,Vyanjana Cheema,25,F,A3
17557,7084,Vrishti Cherian,34,F,A4
17558,7085,Harrison Seth,28,M,A1
17559,7085,Matthew Murthy,21,M,A2
17560,7085,Brijesh Batta,44,M,A3
17561,7086,Nihal Contractor,38,M,A1
17562,7086,Caleb Guha,20,M,A2
17563,7087,Chandresh Chatterjee,26,M,A1
17564,7087,Wriddhish Issac,23,M,A2
17565,7087,Onveer Palan,32,M,A3
17566,7087,Jack Rai,23,M,A4
17567,7088,Jairaj Sahni,29,M,A1
17568,7088,Anmol Gara,24,M,A2
17569,7088,Dalaja Jaggi,45,F,A3
17570,7089,Banjeet Anne,41,M,A1
17571,7090,Alka Khanna,38,F,A1
17572,7090,Indira Rattan,34,F,A2
17573,7090,Aarnav Buch,35,M,A3
17574,7090,Hardik Bahri,35,M,A4
17575,7091,Abeer Chada,29,M,A1
17576,7091,Qadim Chokshi,41,M,A2
17577,7091,Umang Rama,48,M,A3
17578,7092,Ekalinga Johal,34,M,A1
17579,7093,Gabriel Dara,34,M,A1
17580,7093,Reyansh Dalal,23,M,A2
17581,7094,Siya Sami,37,F,A1
17582,7094,Warinder Mangat,36,M,A2
17583,7095,Jeet Jha,27,M,A1
17584,7095,Urishilla Jaggi,45,F,A2
17585,7096,Nicholas Kant,35,M,A1
17586,7097,Yatin Shanker,24,M,A1
17587,7098,Lohit Raj,36,M,A1
17588,7098,Hemangini Bhatia,33,F,A2
17589,7098,Shaurya Choudhury,20,M,A3
17590,7098,Zayan Banerjee,42,M,A4
17591,7099,Jackson Johal,37,M,A1
17592,7099,Champak Bakshi,33,M,A2
17593,7099,Rehaan Krishnamurthy,43,M,A3
17594,7099,Chatura Sule,36,M,A4
17595,7100,Pranit Din,38,M,A1
17596,7100,Yatin Loke,21,M,A2
17597,7100,Luke Saran,42,M,A3
17598,7100,David Thaman,25,M,A4
17599,7101,Aishani Pant,44,F,A1
17600,7101,Onveer Ahluwalia,29,M,A2
17601,7101,Owen Rana,48,M,A3
17602,7102,Imaran Gandhi,33,M,A1
17603,7102,Umang Sem,45,M,A2
17604,7102,Jackson Varty,40,M,A3
17605,7102,Ronith Venkataraman,33,M,A4
17606,7103,Baljiwan Shah,46,M,A1
17607,7103,Darsh Pathak,34,M,A2
17608,7103,Bachittar Rama,24,M,A3
17609,7104,Pooja Bajwa,40,F,A1
17610,7104,Amaira Singh,36,F,A2
17611,7104,Alexander Wagle,23,M,A3
17612,7105,Gautam Prasad,20,M,A1
17613,7105,Darsh Bajwa,41,M,A2
17614,7106,Qadim Lal,48,M,A1
17615,7106,Veda Vasa,38,F,A2
17616,7106,George Tripathi,29,M,A3
17617,7107,Anya Shere,19,F,A1
17618,7108,Hemang Loyal,26,M,A1
17619,7108,Daniel Hora,45,M,A2
17620,7108,Rachita Shere,40,F,A3
17621,7108,Samuel Narayan,37,M,A4
17622,7109,Jason Barad,23,M,A1
17623,7110,Arjun Nadkarni,26,M,A1
17624,7111,Zashil Ratti,20,M,A1
17625,7111,Anusha Gara,29,F,A2
17626,7111,Mugdha Edwin,32,F,A3
17627,7112,Caleb Oommen,32,M,A1
17628,7113,David Mane,27,M,A1
17629,7113,Xavier Sundaram,22,M,A2
17630,7114,Eta Nath,21,F,A1
17631,7114,Rehaan Kala,35,M,A2
17632,7114,Aditya Minhas,45,M,A3
17633,7115,Gaurang Mukherjee,23,M,A1
17634,7115,Gabriel Dara,38,M,A2
17635,7115,Jeremiah Naik,18,M,A3
17636,7116,Girik Savant,20,M,A1
17637,7116,Sai Chowdhury,47,M,A2
17638,7116,Ekavir Vora,26,M,A3
17639,7117,Diya Mall,33,F,A1
17640,7117,Vanya Dhaliwal,37,F,A2
17641,7118,Xavier Kothari,26,M,A1
17642,7118,Radha Andra,44,F,A2
17643,7119,Wriddhish Mohan,41,M,A1
17644,7119,Sachi Puri,22,F,A2
17645,7119,Gavin Dube,40,M,A3
17646,7119,Krish Sagar,26,M,A4
17647,7120,Gopal Bal,20,M,A1
17648,7121,Aarush Joshi,37,M,A1
17649,7121,Tanay Das,44,M,A2
17650,7121,Tanay Cheema,33,M,A3
17651,7122,Girik Jaggi,28,M,A1
17652,7122,Ekani Bhagat,38,F,A2
17653,7122,Ekaraj Chaudhari,34,M,A3
17654,7122,Ayaan Viswanathan,22,M,A4
17655,7123,Ikbal Sandal,27,M,A1
17656,7124,Yug Kamdar,40,M,A1
17657,7124,Lucky Sachdeva,28,M,A2
17658,7124,Wriddhish Mohanty,45,M,A3
17659,7125,Quincy Lal,34,M,A1
17660,7125,Advay Sen,34,M,A2
17661,7125,Caleb Pradhan,28,M,A3
17662,7126,Daniel Mitra,36,M,A1
17663,7127,Orinder Ratta,38,M,A1
17664,7127,Tristan Kashyap,26,M,A2
17665,7127,Vincent Zachariah,40,M,A3
17666,7128,Rishi Ravel,41,M,A1
17667,7128,Baljiwan Sankaran,20,M,A2
17668,7128,Samesh Roy,41,M,A3
17669,7128,Chaitanya Hans,36,M,A4
17670,7129,Bachittar Anand,32,M,A1
17671,7129,Jeevika Krish,40,F,A2
17672,7129,Imaran Raja,39,M,A3
17673,7129,Fiyaz Singh,35,M,A4
17674,7130,Aditya Chakraborty,19,M,A1
17675,7130,Fariq Buch,42,M,A2
17676,7131,Patrick Handa,36,M,A1
17677,7132,Saksham Sani,24,M,A1
17678,7132,Advik Toor,29,M,A2
17679,7132,Chatura Zacharia,36,M,A3
17680,7133,Girish Bandi,41,M,A1
17681,7133,Dhruv Sarna,40,M,A2
17682,7134,Advaith Anand,32,M,A1
17683,7135,Kevin Mital,42,M,A1
17684,7136,Zashil Tiwari,28,M,A1
17685,7136,Jatin More,20,M,A2
17686,7137,Laksh Palla,36,M,A1
17687,7137,Samarth Sarkar,42,M,A2
17688,7137,Zehaan Morar,20,M,A3
17689,7138,Noah Ghose,48,M,A1
17690,7138,Pranav Sastry,28,M,A2
17691,7138,Praneel Borra,21,M,A3
17692,7139,Varenya Naik,21,F,A1
17693,7139,Elijah Sane,23,M,A2
17694,7139,Isaac Shanker,30,M,A3
17695,7139,Gavin Sheth,35,M,A4
17696,7140,Chandresh Sampath,39,M,A1
17697,7140,Nathan Sachar,42,M,A2
17698,7141,Anthony Arya,29,M,A1
17699,7141,Andrew Din,26,M,A2
17700,7142,Wridesh Majumdar,22,M,A1
17701,7142,William Setty,33,M,A2
17702,7142,Dakshesh Balay,28,M,A3
17703,7142,Girik Mammen,23,M,A4
17704,7143,Anika Vasa,38,F,A1
17705,7143,Elijah Kala,27,M,A2
17706,7143,Dakshesh Ray,34,M,A3
17707,7143,Aryan Gaba,24,M,A4
17708,7144,Rushil Dash,44,M,A1
17709,7144,Tanish Walia,27,M,A2
17710,7145,Ishanvi Murty,45,F,A1
17711,7145,Advaith Walla,41,M,A2
17712,7145,Sarthak Dash,41,M,A3
17713,7146,Frado Din,46,M,A1
17714,7146,Hardik Dewan,18,M,A2
17715,7146,Ayaan Chaudhry,30,M,A3
17716,7146,Chameli More,24,F,A4
17717,7147,Fitan Talwar,43,M,A1
17718,7147,Harrison Atwal,34,M,A2
17719,7147,Quincy Baral,27,M,A3
17720,7147,Nidhi Banerjee,39,F,A4
17721,7148,Umang Seth,31,M,A1
17722,7148,Devansh Mahajan,25,M,A2
17723,7148,Laksh Bahl,36,M,A3
17724,7149,Jacob Bains,21,M,A1
17725,7149,William Sawhney,24,M,A2
17726,7149,Chatura Edwin,35,M,A3
17727,7149,Owen Bajwa,38,M,A4
17728,7150,Faraj Narang,23,M,A1
17729,7150,Osha Char,32,F,A2
17730,7150,Vincent Garde,31,M,A3
17731,7151,Ekapad Atwal,34,M,A1
17732,7151,Qadim Panchal,40,M,A2
17733,7152,Avni Dutt,38,F,A1
17734,7153,Girish Choudhury,31,M,A1
17735,7153,Amol Mangat,43,M,A2
17736,7153,Ayush Hayre,30,M,A3
17737,7154,Matthew Sha,29,M,A1
17738,7154,Neha Johal,40,F,A2
17739,7154,Janya Bhavsar,45,F,A3
17740,7155,Aditya Nadig,34,M,A1
17741,7155,Yuvraj Bhardwaj,45,M,A2
17742,7156,George Munshi,27,M,A1
17743,7156,Darpan Chhabra,38,M,A2
17744,7156,Abhimanyu Raval,44,M,A3
17745,7156,Dakshesh Barman,37,M,A4
17746,7157,Agastya Chopra,25,M,A1
17747,7158,Hredhaan Bahl,41,M,A1
17748,7158,Patrick Parmer,34,M,A2
17749,7159,Aditya Lad,29,M,A1
17750,7160,Dominic Dubey,41,M,A1
17751,7160,Nicholas Toor,38,M,A2
17752,7160,Maanav Bath,27,M,A3
17753,7161,Advik Mukherjee,40,M,A1
17754,7161,Hritik Chanda,37,M,A2
17755,7161,Vedika Balan,22,F,A3
17756,7162,Kabir Nayar,22,M,A1
17757,7162,Waida Talwar,41,F,A2
17758,7163,Ranveer Kalla,24,M,A1
17759,7163,Onveer Yogi,43,M,A2
17760,7163,Jason Gole,22,M,A3
17761,7164,Vihaan Johal,29,M,A1
17762,7164,Nachiket Natarajan,29,M,A2
17763,7164,Gagan Bali,35,M,A3
17764,7164,Harshil Dutt,43,M,A4
17765,7165,Naveen Savant,38,M,A1
17766,7166,Rachit Sheth,30,M,A1
17767,7167,William Desai,20,M,A1
17768,7167,Manan Sanghvi,25,M,A2
17769,7167,Jeevika Seshadri,31,F,A3
17770,7168,Kiaan Purohit,37,M,A1
17771,7169,Atharv Yadav,31,M,A1
17772,7169,Onkar Gara,28,M,A2
17773,7169,Chanakya Bhatt,31,M,A3
17774,7169,Lohit Balasubramanian,26,M,A4
17775,7170,Onveer Chowdhury,30,M,A1
17776,7170,Lohit Garg,46,M,A2
17777,7170,Sai Savant,34,M,A3
17778,7171,Umang Sachdeva,25,M,A1
17779,7172,Azad Khalsa,21,M,A1
17780,7172,Ansh Pillay,32,M,A2
17781,7172,Ekbal Sagar,40,M,A3
17782,7173,Balendra Pai,39,M,A1
17783,7173,Akshay Sachdev,21,M,A2
17784,7174,Christopher D’Alia,42,M,A1
17785,7174,Simon Yogi,21,M,A2
17786,7175,Faqid Hari,29,M,A1
17787,7176,Lajita Sur,26,F,A1
17788,7176,Aayush Manda,18,M,A2
17789,7177,Harish Majumdar,43,M,A1
17790,7177,Kai Krish,34,M,A2
17791,7177,Gavin Koshy,37,M,A3
17792,7178,Gavin Jhaveri,42,M,A1
17793,7178,Anjali Keer,25,F,A2
17794,7178,Yamini Ram,30,F,A3
17795,7178,Theodore Mangal,34,M,A4
17796,7179,Gopal Rai,36,M,A1
17797,7179,Arjun Dayal,31,M,A2
17798,7179,Ayushman Toor,32,M,A3
17799,7179,Onkar Sundaram,26,M,A4
17800,7180,Jacob Chakrabarti,23,M,A1
17801,7180,Advik Ghose,37,M,A2
17802,7181,Zashil Loke,39,M,A1
17803,7182,Isaiah Bandi,24,M,A1
17804,7183,Advik Chaudhuri,23,M,A1
17805,7183,Vritti Jayaraman,40,F,A2
17806,7183,Chandani Mallick,20,F,A3
17807,7183,Diya Chadha,27,F,A4
17808,7184,Manan Ganesh,25,M,A1
17809,7184,Daniel Narain,44,M,A2
17810,7185,Harish Dutt,45,M,A1
17811,7185,Christopher Dugar,32,M,A2
17812,7185,Zehaan Menon,31,M,A3
17813,7186,Sanaya Dhar,43,F,A1
17814,7186,Ojas Kashyap,26,M,A2
17815,7186,Umang Mammen,45,M,A3
17816,7187,Oscar Bhavsar,37,M,A1
17817,7187,Laksh Bahl,22,M,A2
17818,7187,Onveer Sant,38,M,A3
17819,7187,Anthony Dara,40,M,A4
17820,7188,Utkarsh Bedi,39,M,A1
17821,7188,Dominic Prakash,29,M,A2
17822,7188,Madhav Pathak,27,M,A3
17823,7189,Balhaar Bajaj,31,M,A1
17824,7189,Anay Deol,39,M,A2
17825,7190,Kiaan Narain,41,M,A1
17826,7190,Nakul Badami,35,M,A2
17827,7190,Maanav Jayaraman,32,M,A3
17828,7190,Mitesh Wason,31,M,A4
17829,7191,Girik Prasad,43,M,A1
17830,7191,Akshay Lala,43,M,A2
17831,7191,Gauri Divan,25,F,A3
17832,7192,Ekbal Chander,46,M,A1
17833,7192,Dalbir Chaudry,36,M,A2
17834,7192,Chatura Dani,45,M,A3
17835,7192,Ekalinga Contractor,36,M,A4
17836,7193,Naveen Lala,46,M,A1
17837,7193,Hardik Mohan,43,M,A2
17838,7193,Vrishti Varkey,26,F,A3
17839,7194,Bachittar Balay,24,M,A1
17840,7195,Ryan Borde,28,M,A1
17841,7195,Zayyan Mukhopadhyay,44,M,A2
17842,7195,Faras Goswami,43,M,A3
17843,7195,Vritti Rege,38,F,A4
17844,7196,Ethan Bala,24,M,A1
17845,7196,Gaurang Kant,21,M,A2
17846,7196,Nisha Thaker,41,F,A3
17847,7197,Amol Dugar,36,M,A1
17848,7198,Harsh Naidu,23,M,A1
17849,7198,Benjamin Brahmbhatt,37,M,A2
17850,7199,Quincy Barad,42,M,A1
17851,7199,Urvi Mittal,43,F,A2
17852,7200,Rishi Patel,30,M,A1
17853,7201,Saksham Tata,29,M,A1
17854,7201,Ryan Tripathi,41,M,A2
17855,7201,Theodore Mallick,21,M,A3
17856,7202,Ladli Pau,36,F,A1
17857,7203,Gagan Dhaliwal,36,M,A1
17858,7203,Karan Sharma,33,M,A2
17859,7203,Nikita Wable,35,F,A3
17860,7204,Vihaan Sangha,22,M,A1
17861,7204,Bahadurjit Agarwal,18,M,A2
17862,7204,Qasim Chaudry,29,M,A3
17863,7205,Michael Gour,21,M,A1
17864,7205,Parth Pai,32,M,A2
17865,7205,Saksham Mitra,29,M,A3
17866,7206,Charvi Krish,46,F,A1
17867,7206,Brijesh Sankar,41,M,A2
17868,7207,Balhaar Batta,35,M,A1
17869,7207,Nakul Parmer,23,M,A2
17870,7207,Ayushman Sheth,25,M,A3
17871,7207,Girindra Master,31,M,A4
17872,7208,Ranveer Gour,36,M,A1
17873,7208,Rishi Tank,26,M,A2
17874,7208,Jai Borde,26,M,A3
17875,7209,Chakradhar Chanda,45,M,A1
17876,7209,Laksh Chhabra,37,M,A2
17877,7210,Gaurav Dua,29,M,A1
17878,7210,Yachana Vora,20,F,A2
17879,7210,Aarna Bajwa,39,F,A3
17880,7210,Anirudh Bumb,41,M,A4
17881,7211,Gagan Mital,34,M,A1
17882,7211,Hardik Parsa,24,M,A2
17883,7211,Aadi Johal,43,M,A3
17884,7211,Chandani Parsa,25,F,A4
17885,7212,Michael Sen,22,M,A1
17886,7212,Ishwar Ganesh,30,M,A2
17887,7212,Peter Naik,30,M,A3
17888,7213,Gaurang Joshi,41,M,A1
17889,7213,Wahab Barman,18,M,A2
17890,7213,Agastya Patla,19,M,A3
17891,7213,Aadhya Sura,24,F,A4
17892,7214,Fariq Das,46,M,A1
17893,7215,Megha Dada,36,F,A1
17894,7216,Azad Patel,35,M,A1
17895,7216,Ayaan Garde,27,M,A2
17896,7216,Upkaar Choudhury,38,M,A3
17897,7216,Robert Srinivas,27,M,A4
17898,7217,Indrajit Balay,24,M,A1
17899,7217,Hritik Kalita,27,M,A2
17900,7217,Zayan Iyengar,46,M,A3
17901,7217,Rayaan Kaul,23,M,A4
17902,7218,Quincy Purohit,28,M,A1
17903,7219,Jeet Tella,45,M,A1
17904,7219,Priya Dutta,27,F,A2
17905,7220,Praneel Khosla,24,M,A1
17906,7220,Madhav Purohit,28,M,A2
17907,7221,Akshay Jaggi,31,M,A1
17908,7221,Ayush Halder,18,M,A2
17909,7221,Dakshesh Garg,23,M,A3
17910,7222,Amol Dasgupta,31,M,A1
17911,7222,Arjun Sharaf,24,M,A2
17912,7222,Gaurika Chana,25,F,A3
17913,7222,Brijesh Dhawan,27,M,A4
17914,7223,Ethan Sandhu,37,M,A1
17915,7224,Logan Rana,35,M,A1
17916,7224,Wahab Mani,26,M,A2
17917,7224,Upadhriti Soni,39,F,A3
17918,7224,Shaurya Aurora,39,M,A4
17919,7225,Yauvani Walla,26,F,A1
17920,7225,Darsh Mohanty,40,M,A2
17921,7226,Quincy Savant,44,M,A1
17922,7227,Yagnesh Tella,34,M,A1
17923,7227,Banjeet Jani,22,M,A2
17924,7227,Owen Bhakta,32,M,A3
17925,7227,William Rau,24,M,A4
17926,7228,Harrison Pathak,42,M,A1
17927,7228,Vaishnavi Solanki,47,F,A2
17928,7229,Lopa Date,44,F,A1
17929,7230,Gunbir Butala,30,M,A1
17930,7230,Charan Natt,21,M,A2
17931,7230,Daksh Rajagopal,42,M,A3
17932,7230,Nachiket Borde,25,M,A4
17933,7231,Sathvik Kara,28,M,A1
17934,7231,Mitali Gandhi,30,F,A2
17935,7232,Bahadurjit Sangha,24,M,A1
17936,7233,Hema Kar,30,F,A1
17937,7233,Madhav Gandhi,33,M,A2
17938,7233,Nihal Thakkar,43,M,A3
17939,7233,Jatin Bahl,25,M,A4
17940,7234,Fariq Walia,44,M,A1
17941,7234,Jatin Dara,37,M,A2
17942,7234,Faraj Dash,25,M,A3
17943,7235,Megha Mani,40,F,A1
17944,7235,Wishi Barad,39,F,A2
17945,7236,Baljiwan Sankaran,42,M,A1
17946,7236,Vedant Din,32,M,A2
17947,7236,Onveer Bahl,37,M,A3
17948,7237,Hitesh Luthra,24,M,A1
17949,7237,Ekansh Minhas,40,M,A2
17950,7237,Jatin Vasa,41,M,A3
17951,7237,Praneel Atwal,28,M,A4
17952,7238,Laban Nigam,29,M,A1
17953,7239,Tanay Shankar,23,M,A1
17954,7240,Sathvik Deshpande,22,M,A1
17955,7240,Devansh Ganesan,34,M,A2
17956,7241,Bachittar Panchal,39,M,A1
17957,7241,Ansh Singh,37,M,A2
17958,7241,Rehaan Kala,38,M,A3
17959,7241,Finn Bal,43,M,A4
17960,7242,Aarush Murty,34,M,A1
17961,7242,Vasatika Khalsa,30,F,A2
17962,7243,Benjamin Grewal,24,M,A1
17963,7244,Lucky Khosla,35,M,A1
17964,7245,Krishna Raman,38,M,A1
17965,7245,Ati Dua,44,F,A2
17966,7245,Advay Dhingra,21,M,A3
17967,7246,Rishi Prakash,27,M,A1
17968,7246,Akshay Dass,33,M,A2
17969,7246,Benjamin Ranganathan,24,M,A3
17970,7247,Om Parikh,40,M,A1
17971,7247,Tejas Kanda,30,M,A2
17972,7248,Omkaar Bajaj,44,M,A1
17973,7248,Nathaniel Bahl,27,M,A2
17974,7249,Liam Menon,23,M,A1
17975,7249,Teerth Srinivas,22,M,A2
17976,7250,Oliver Karan,46,M,A1
17977,7250,Vihaan Golla,27,M,A2
17978,7250,Neel Sen,27,M,A3
17979,7250,Eshana Iyengar,35,F,A4
17980,7251,Joshua Char,40,M,A1
17981,7251,Zaid Nadig,42,M,A2
17982,7251,Shaurya Arya,20,M,A3
17983,7251,Sathvik Krishnamurthy,33,M,A4
17984,7252,Nakul Morar,37,M,A1
17985,7253,Tarak Karnik,46,M,A1
17986,7254,Samuel D’Alia,25,M,A1
17987,7255,Zayyan Chad,39,M,A1
17988,7255,Ekapad Saha,38,M,A2
17989,7255,Rudra Muni,37,M,A3
17990,7256,Umang Mangal,42,M,A1
17991,7257,Banjeet Modi,31,M,A1
17992,7258,Jatin Andra,44,M,A1
17993,7259,Faraj Dewan,32,M,A1
17994,7260,Yatin Banerjee,20,M,A1
17995,7260,Reyansh Pandya,45,M,A2
17996,7260,Charles Setty,27,M,A3
17997,7260,Samarth Johal,40,M,A4
17998,7261,Jonathan Zacharia,22,M,A1
17999,7262,Nitesh Ravi,18,M,A1
18000,7262,Ayush Sinha,42,M,A2
18001,7263,Sathvik Mani,45,M,A1
18002,7263,Radha Bedi,47,F,A2
18003,7263,Saksham Borde,28,M,A3
18004,7264,Isaac Saran,24,M,A1
18005,7264,Bakhshi Din,23,M,A2
18006,7264,Jason Dhaliwal,23,M,A3
18007,7265,Maanas Kunda,28,M,A1
18008,7265,Siddharth Kar,31,M,A2
18009,7265,Ekbal Ramakrishnan,30,M,A3
18010,7265,Darpan Hans,31,M,A4
18011,7266,Hritik Walia,28,M,A1
18012,7267,Frado Raghavan,28,M,A1
18013,7268,Nitesh Chad,22,M,A1
18014,7268,Zashil Mahal,29,M,A2
18015,7268,Vasana Krish,25,F,A3
18016,7269,Naveen Saini,28,M,A1
18017,7269,Ranbir Karan,27,M,A2
18018,7270,Manan Pandya,44,M,A1
18019,7270,Azaan Chaudhry,40,M,A2
18020,7270,Yatan Bedi,48,M,A3
18021,7270,Pooja Trivedi,37,F,A4
18022,7271,Warjas Shukla,45,M,A1
18023,7271,Veda Bumb,32,F,A2
18024,7271,Frado Modi,39,M,A3
18025,7271,Faraj Deshmukh,22,M,A4
18026,7272,Bhavini Rajan,40,F,A1
18027,7272,Atharv Pai,23,M,A2
18028,7273,Sudiksha Kaur,26,F,A1
18029,7273,Gautam Gulati,33,M,A2
18030,7274,Vedant Wason,35,M,A1
18031,7274,Tarak Dhawan,37,M,A2
18032,7274,Gagan Chakraborty,48,M,A3
18033,7274,Thomas Kade,35,M,A4
18034,7275,Ethan Parmar,34,M,A1
18035,7275,Vyanjana Anne,28,F,A2
18036,7275,Samesh Sathe,42,M,A3
18037,7275,Parth Pillai,46,M,A4
18038,7276,Frado Chandra,25,M,A1
18039,7277,Samaksh Sarin,31,M,A1
18040,7278,Siddharth Thaker,38,M,A1
18041,7279,Kiaan Palla,39,M,A1
18042,7279,Gopal Sastry,25,M,A2
18043,7280,Balvan Murty,32,M,A1
18044,7280,Rachit Sandal,28,M,A2
18045,7281,Faqid Joshi,34,M,A1
18046,7281,Daniel Kari,41,M,A2
18047,7282,Maanas Divan,28,M,A1
18048,7282,Michael Shan,34,M,A2
18049,7282,Chandran Shankar,29,M,A3
18050,7283,Jonathan Raju,32,M,A1
18051,7284,Lopa Vyas,35,F,A1
18052,7284,Caleb Hans,22,M,A2
18053,7284,Jeremiah Som,18,M,A3
18054,7285,Joshua Sen,39,M,A1
18055,7285,Vedika Lata,18,F,A2
18056,7285,Teerth Seshadri,35,M,A3
18057,7286,Dhruv Devan,43,M,A1
18058,7287,Arin Prakash,22,M,A1
18059,7288,Samar Pal,36,M,A1
18060,7288,Kalpit Kumer,37,M,A2
18061,7288,Samar Sura,40,M,A3
18062,7288,Madhav Bal,32,M,A4
18063,7289,Abhimanyu Choudhry,33,M,A1
18064,7289,Karan Mitter,35,M,A2
18065,7289,Harrison Edwin,24,M,A3
18066,7289,Bakhshi Mander,33,M,A4
18067,7290,Jagat Comar,37,M,A1
18068,7290,Veer Bhasin,43,M,A2
18069,7291,William Edwin,31,M,A1
18070,7291,Anay Bhagat,36,M,A2
18071,7291,Hemangini Agate,34,F,A3
18072,7292,Kashvi Krishnan,45,F,A1
18073,7292,Jairaj Sandhu,31,M,A2
18074,7292,Ansh Gupta,23,M,A3
18075,7293,Vidhi Dayal,39,F,A1
18076,7293,Omkaar Chopra,27,M,A2
18077,7294,Maanas Rege,31,M,A1
18078,7295,Isaac Bera,36,M,A1
18079,7295,Ayaan Keer,23,M,A2
18080,7296,Chakradev Sani,33,M,A1
18081,7296,Ekavir Karpe,39,M,A2
18082,7297,Advaith Dave,37,M,A1
18083,7297,Nitesh Goda,39,M,A2
18084,7297,Manbir Murty,26,M,A3
18085,7297,Manan Sharaf,37,M,A4
18086,7298,Qarin Purohit,20,M,A1
18087,7298,Faraj Nori,29,M,A2
18088,7298,Warjas Kohli,43,M,A3
18089,7298,Ekapad Buch,43,M,A4
18090,7299,Agastya Munshi,46,M,A1
18091,7300,Fitan Loyal,34,M,A1
18092,7301,Zayyan Dayal,34,M,A1
18093,7301,Lohit Iyer,32,M,A2
18094,7301,Patrick Srinivasan,21,M,A3
18095,7302,Ekalinga Randhawa,37,M,A1
18096,7302,Dhruv Ram,20,M,A2
18097,7302,Faras Bal,25,M,A3
18098,7302,Gaurang Chakraborty,32,M,A4
18099,7303,Gaurika Srinivas,40,F,A1
18100,7303,Ekaja Kata,30,F,A2
18101,7303,Ekalinga Lad,20,M,A3
18102,7304,Faris Dhar,39,M,A1
18103,7304,Kai Sibal,44,M,A2
18104,7304,Imaran Maharaj,32,M,A3
18105,7305,Dakshesh Tripathi,33,M,A1
18106,7305,Warjas Raval,46,M,A2
18107,7305,Frederick Swaminathan,28,M,A3
18108,7305,Orinder Tripathi,33,M,A4
18109,7306,Pushti Patla,25,F,A1
18110,7306,Falan Gaba,46,M,A2
18111,7306,Udant Bobal,34,M,A3
18112,7306,Simon Taneja,44,M,A4
18113,7307,Alexander Oak,39,M,A1
18114,7307,Darpan Majumdar,39,M,A2
18115,7307,Fariq Chatterjee,23,M,A3
18116,7308,Qasim Viswanathan,30,M,A1
18117,7308,Dalaja Ranganathan,36,F,A2
18118,7309,Wahab Chaudhuri,18,M,A1
18119,7310,Balendra Luthra,39,M,A1
18120,7310,Lucky Sahni,30,M,A2
18121,7310,Tanish Batta,43,M,A3
18122,7310,Udant Sanghvi,31,M,A4
18123,7311,Warinder Bora,44,M,A1
18124,7311,Max Tandon,23,M,A2
18125,7311,Veer Bal,36,M,A3
18126,7311,Pahal Majumdar,44,F,A4
18127,7312,Hardik Tella,43,M,A1
18128,7313,Bina Mitra,30,F,A1
18129,7314,Neel Kashyap,40,M,A1
18130,7314,Ikbal Pall,24,M,A2
18131,7315,Samesh Raju,34,M,A1
18132,7315,Ayaan Sibal,34,M,A2
18133,7316,Bahadurjit Bhalla,34,M,A1
18134,7316,Samaksh Nagy,27,M,A2
18135,7317,Wriddhish Natarajan,41,M,A1
18136,7317,Aarini Shan,25,F,A2
18137,7318,Ishaan Gade,37,M,A1
18138,7318,Maanav Magar,39,M,A2
18139,7319,Wyatt Bhatia,36,M,A1
18140,7319,Rudra Karpe,28,M,A2
18141,7319,Oliver Palan,28,M,A3
18142,7320,Urishilla Balan,41,F,A1
18143,7321,Bachittar Jaggi,27,M,A1
18144,7321,Pallavi Barman,40,F,A2
18145,7321,Pahal Minhas,42,F,A3
18146,7321,Balhaar Halder,35,M,A4
18147,7322,Udyati Memon,46,F,A1
18148,7323,Jeremiah Bhatt,44,M,A1
18149,7323,Ekaraj Pathak,24,M,A2
18150,7323,Daksha Arora,45,F,A3
18151,7323,Manbir Mallick,39,M,A4
18152,7324,Wahab Gopal,37,M,A1
18153,7325,Yutika Seshadri,46,F,A1
18154,7325,Peter Rege,27,M,A2
18155,7325,Yash Mandal,20,M,A3
18156,7326,Jackson Varghese,21,M,A1
18157,7327,Tejas Uppal,27,M,A1
18158,7327,Tara Kala,32,F,A2
18159,7327,Viraj Khatri,43,M,A3
18160,7327,Rushil Balay,31,M,A4
18161,7328,Viraj Khanna,34,M,A1
18162,7329,Vidhi Mohan,32,F,A1
18163,7329,Noah Tripathi,34,M,A2
18164,7329,Wahab Bhargava,31,M,A3
18165,7329,Bhavya Chana,20,F,A4
18166,7330,Viraj Sur,45,M,A1
18167,7331,Advik Wali,37,M,A1
18168,7332,Ekanta Rama,29,F,A1
18169,7332,Omkaar Khosla,26,M,A2
18170,7333,Jagat Sachdev,33,M,A1
18171,7333,Tanveer Patla,23,M,A2
18172,7333,Matthew Das,44,M,A3
18173,7334,Tanveer Nayak,33,M,A1
18174,7335,Veer Bahri,25,M,A1
18175,7335,Wridesh Vig,25,M,A2
18176,7335,Dakshesh Tank,21,M,A3
18177,7335,Dhruv Gupta,38,M,A4
18178,7336,Janani Kota,46,F,A1
18179,7336,Bhavani Kale,42,F,A2
18180,7336,Hemangini Mody,31,F,A3
18181,7337,Zehaan Mann,36,M,A1
18182,7338,Damini Dass,37,F,A1
18183,7338,Chaitanya Venkataraman,26,M,A2
18184,7338,Victor Barad,33,M,A3
18185,7338,Thomas Savant,37,M,A4
18186,7339,Upkaar Nagi,38,M,A1
18187,7339,Teerth Shan,40,M,A2
18188,7339,Jatin Memon,42,M,A3
18189,7339,Rohan Chana,40,M,A4
18190,7340,Baljiwan Bera,21,M,A1
18191,7340,Logan Chakraborty,39,M,A2
18192,7341,Gauri Roy,30,F,A1
18193,7341,Timothy Dara,39,M,A2
18194,7341,Eta Brahmbhatt,23,F,A3
18195,7341,Abdul Lal,43,M,A4
18196,7342,Aarini Nagy,31,F,A1
18197,7343,Tejas Pal,30,M,A1
18198,7343,Faraj Agrawal,41,M,A2
18199,7343,Krish Kalla,26,M,A3
18200,7343,Mohammed Ratta,42,M,A4
18201,7344,Ayushman Pradhan,25,M,A1
18202,7344,Luke Lalla,20,M,A2
18203,7344,Jeet Gulati,34,M,A3
18204,7345,Anmol Rattan,31,M,A1
18205,7345,Mitesh Chaudhry,36,M,A2
18206,7346,Ishwar Virk,43,M,A1
18207,7347,Anamika Lala,44,F,A1
18208,7347,Qarin Sidhu,34,M,A2
18209,7348,Nachiket Ravel,30,M,A1
18210,7349,Darpan Yadav,27,M,A1
18211,7349,Girindra Patel,44,M,A2
18212,7349,Champak Bahri,28,M,A3
18213,7349,Ayaan Wason,29,M,A4
18214,7350,Wyatt Ravel,19,M,A1
18215,7350,Chaitanya Minhas,30,M,A2
18216,7351,Ekavir Kumer,32,M,A1
18217,7352,Jagdish Bhat,31,M,A1
18218,7352,Parth Gara,21,M,A2
18219,7352,Onkar Acharya,21,M,A3
18220,7353,Yug Purohit,31,M,A1
18221,7354,Lipika Chad,43,F,A1
18222,7354,Abdul Mangal,25,M,A2
18223,7355,Hemangini Bhagat,42,F,A1
18224,7355,Shivansh Patla,36,M,A2
18225,7355,Ryan Dora,38,M,A3
18226,7356,Gopal Golla,38,M,A1
18227,7356,Wriddhish Basu,39,M,A2
18228,7356,Gavin Koshy,40,M,A3
18229,7356,Samaksh Shukla,20,M,A4
18230,7357,Reyansh Nigam,45,M,A1
18231,7357,Pranav Nadig,41,M,A2
18232,7357,Ayush Pandya,23,M,A3
18233,7358,Manbir Solanki,37,M,A1
18234,7359,Kiaan Biswas,35,M,A1
18235,7359,Lohit Nath,29,M,A2
18236,7360,Jalsa Raman,42,F,A1
18237,7360,Farhan Dara,21,M,A2
18238,7360,Chatura Karpe,30,M,A3
18239,7360,Vedant Brahmbhatt,31,M,A4
18240,7361,Advik Panchal,41,M,A1
18241,7361,Warinder Karpe,38,M,A2
18242,7361,Siddharth Acharya,25,M,A3
18243,7361,Ekapad Rout,38,M,A4
18244,7362,Benjamin Chopra,30,M,A1
18245,7362,Yash Nath,28,M,A2
18246,7362,Ishwar Khanna,33,M,A3
18247,7363,Utkarsh Cheema,24,M,A1
18248,7363,Ishwar Lalla,36,M,A2
18249,7363,Yuvraj Dora,34,M,A3
18250,7363,Jonathan Prasad,22,M,A4
18251,7364,Banjeet Bhardwaj,26,M,A1
18252,7364,Manbir Jha,39,M,A2
18253,7365,Ekaraj Sharaf,28,M,A1
18254,7366,Dhruv Sethi,39,M,A1
18255,7366,Vasana Trivedi,41,F,A2
18256,7366,Guneet Chaudhari,38,M,A3
18257,7366,Nakul Ram,44,M,A4
18258,7367,Devansh Dayal,38,M,A1
18259,7367,Yagnesh Rau,20,M,A2
18260,7367,Umang Bora,23,M,A3
18261,7368,Charvi Chahal,29,F,A1
18262,7369,Neha Gupta,44,F,A1
18263,7369,Utkarsh Saraf,31,M,A2
18264,7369,Indrajit Roy,32,M,A3
18265,7370,Charles Raju,46,M,A1
18266,7370,Girik Randhawa,28,M,A2
18267,7370,Caleb Varty,31,M,A3
18268,7371,Samaksh Misra,19,M,A1
18269,7371,Gavin Gera,35,M,A2
18270,7371,Sanya Savant,21,F,A3
18271,7372,Tanay Narayanan,32,M,A1
18272,7372,Pahal Dani,31,F,A2
18273,7372,Ronith Chandran,43,M,A3
18274,7373,Dayamai Chhabra,36,F,A1
18275,7373,Aadi Goel,19,M,A2
18276,7373,Harsh Shenoy,41,M,A3
18277,7374,Gaurika Ramesh,37,F,A1
18278,7375,Tristan Rao,32,M,A1
18279,7375,Vincent Rama,40,M,A2
18280,7376,Nachiket Ranganathan,31,M,A1
18281,7377,Anirudh Chand,31,M,A1
18282,7377,Ethan Brar,24,M,A2
18283,7377,Elijah Gulati,46,M,A3
18284,7378,Abeer Doctor,40,M,A1
18285,7378,Aadi Keer,35,M,A2
18286,7378,Kevin Krishna,38,M,A3
18287,7379,Hitesh Kakar,38,M,A1
18288,7379,Jacob Saini,35,M,A2
18289,7379,Jatin Sridhar,37,M,A3
18290,7379,Rushil Hora,39,M,A4
18291,7380,Champak Jain,20,M,A1
18292,7381,Yasti Mitter,29,F,A1
18293,7381,Saksham Devi,39,M,A2
18294,7381,William Kaul,25,M,A3
18295,7382,Timothy Parikh,42,M,A1
18296,7382,Nilima Hayer,30,F,A2
18297,7382,Owen Krishnan,44,M,A3
18298,7382,Laksh Ahluwalia,35,M,A4
18299,7383,Ronith Kaul,21,M,A1
18300,7383,Atharv Ghose,43,M,A2
18301,7383,Harshil Rau,42,M,A3
18302,7384,Agastya Kara,24,M,A1
18303,7384,Xiti Dalal,42,F,A2
18304,7385,Samesh Babu,36,M,A1
18305,7385,Luke Gala,22,M,A2
18306,7386,Parth Nayar,39,M,A1
18307,7386,Harrison Chandran,44,M,A2
18308,7386,Nathan Halder,40,M,A3
18309,7387,Vedhika Gola,36,F,A1
18310,7387,Oliver Bawa,38,M,A2
18311,7387,Ishwar Seth,34,M,A3
18312,7388,Victor Bir,24,M,A1
18313,7388,Ishwar Lala,34,M,A2
18314,7389,Gaurika Kaur,47,F,A1
18315,7389,Nicholas Lala,33,M,A2
18316,7389,Finn Sagar,41,M,A3
18317,7390,Chakradev Shetty,46,M,A1
18318,7390,Anthony More,35,M,A2
18319,7390,Aahana Keer,26,F,A3
18320,7391,Chatresh Anne,29,M,A1
18321,7391,Wahab Kurian,19,M,A2
18322,7391,Gopal Deshmukh,41,M,A3
18323,7392,Ishwar Gaba,48,M,A1
18324,7392,Abhimanyu Mane,28,M,A2
18325,7392,Michael Morar,44,M,A3
18326,7393,Girik Jain,25,M,A1
18327,7394,Charles Ramaswamy,40,M,A1
18328,7394,Fiyaz Babu,36,M,A2
18329,7395,Dhruv Vig,26,M,A1
18330,7396,Dayamai Subramaniam,34,F,A1
18331,7397,Simon Yogi,24,M,A1
18332,7397,Harrison Din,24,M,A2
18333,7397,Chandran Peri,35,M,A3
18334,7397,Ekansh Sood,24,M,A4
18335,7398,Sai Soni,27,M,A1
18336,7398,Manthan Saran,37,M,A2
18337,7398,Qasim Saran,25,M,A3
18338,7398,Girish Deol,29,M,A4
18339,7399,Laban Keer,38,M,A1
18340,7400,Arjun Sundaram,30,M,A1
18341,7400,Robert Savant,24,M,A2
18342,7400,Dominic Kanda,32,M,A3
18343,7401,Anmol Lall,41,M,A1
18344,7402,Sarthak Naik,45,M,A1
18345,7402,Yug Keer,23,M,A2
18346,7402,Ayushman Rai,25,M,A3
18347,7402,Andrew Shetty,40,M,A4
18348,7403,Naksh Sinha,25,M,A1
18349,7403,Ekta Bal,42,F,A2
18350,7403,Fariq Jain,32,M,A3
18351,7403,Ekiya Butala,41,F,A4
18352,7404,Matthew Soman,38,M,A1
18353,7404,Jason Sethi,28,M,A2
18354,7404,Warinder Palan,31,M,A3
18355,7404,Girish Bhardwaj,44,M,A4
18356,7405,Tanish Sur,45,M,A1
18357,7405,Banjeet Modi,33,M,A2
18358,7405,Tara Karpe,43,F,A3
18359,7406,Gunbir Bawa,24,M,A1
18360,7406,Rudra Banik,29,M,A2
18361,7406,Orinder Palla,25,M,A3
18362,7406,Nakul Morar,39,M,A4
18363,7407,Christopher Handa,35,M,A1
18364,7407,Ranbir Mohanty,41,M,A2
18365,7407,Ranbir Ravi,23,M,A3
18366,7408,Gautam Ahluwalia,24,M,A1
18367,7408,Urishilla Thaker,20,F,A2
18368,7408,Finn Rana,48,M,A3
18369,7409,Hritik Sarin,18,M,A1
18370,7410,Kiaan Parsa,36,M,A1
18371,7410,Rachit Chakrabarti,44,M,A2
18372,7410,Ekavir Goyal,42,M,A3
18373,7411,Hamsini Bir,34,F,A1
18374,7411,Samesh Chokshi,25,M,A2
18375,7412,Sathvik Borde,32,M,A1
18376,7412,Anirudh Bawa,44,M,A2
18377,7412,Nathaniel Raj,31,M,A3
18378,7412,Om Sathe,41,M,A4
18379,7413,Ekanta Varughese,36,F,A1
18380,7413,Falan Sandhu,44,M,A2
18381,7413,Gaurangi Sankaran,32,F,A3
18382,7414,Amol Boase,23,M,A1
18383,7414,Charan Srinivas,27,M,A2
18384,7415,Bahadurjit Bath,41,M,A1
18385,7415,Chaitanya Borah,32,M,A2
18386,7415,Nitesh Raghavan,24,M,A3
18387,7415,Rishi Pathak,30,M,A4
18388,7416,Teerth Varghese,24,M,A1
18389,7416,Noah Sundaram,45,M,A2
18390,7416,Kalpit Das,44,M,A3
18391,7417,Ishanvi Ratta,27,F,A1
18392,7417,Umang Mahal,35,M,A2
18393,7417,Praneel Kar,22,M,A3
18394,7418,Pranit Banerjee,32,M,A1
18395,7418,Anirudh Bhalla,40,M,A2
18396,7419,Upkaar Gole,38,M,A1
18397,7420,Zehaan Desai,47,M,A1
18398,7420,Michael De,45,M,A2
18399,7420,Hredhaan Arora,31,M,A3
18400,7420,Aarav Jayaraman,23,M,A4
18401,7421,Ekapad Dhingra,20,M,A1
18402,7421,Vincent Sampath,37,M,A2
18403,7422,Kiaan Patel,24,M,A1
18404,7422,Laksh Saraf,44,M,A2
18405,7422,Frado Kibe,43,M,A3
18406,7422,Andrew Yohannan,39,M,A4
18407,7423,Imaran Hora,37,M,A1
18408,7423,Rehaan Pingle,40,M,A2
18409,7423,Urishilla Brahmbhatt,38,F,A3
18410,7423,Anmol Sem,18,M,A4
18411,7424,Chakradev Iyer,39,M,A1
18412,7424,Indrajit Deshpande,33,M,A2
18413,7425,Kabir Nanda,32,M,A1
18414,7426,Theodore Bhatti,29,M,A1
18415,7426,Isaac Soman,26,M,A2
18416,7427,Ranveer Mitter,32,M,A1
18417,7428,Caleb Vora,33,M,A1
18418,7428,Samaksh Vasa,26,M,A2
18419,7429,Yatan Gandhi,22,M,A1
18420,7430,Gaurang Dhawan,21,M,A1
18421,7430,Tanay Hayer,35,M,A2
18422,7431,Hamsini Kadakia,28,F,A1
18423,7431,Devansh Chander,28,M,A2
18424,7432,Robert Lad,38,M,A1
18425,7433,Girish Soman,28,M,A1
18426,7433,Laban Kadakia,23,M,A2
18427,7434,Zayyan Bava,27,M,A1
18428,7434,Liam Doshi,39,M,A2
18429,7434,Nathaniel Goyal,24,M,A3
18430,7434,Hardik Tella,39,M,A4
18431,7435,Harsh Divan,42,M,A1
18432,7435,Ishaan Kari,44,M,A2
18433,7435,Om Tailor,25,M,A3
18434,7435,Rushil Srinivas,27,M,A4
18435,7436,Lohit Buch,28,M,A1
18436,7436,Rudra Bahl,23,M,A2
18437,7437,Nitesh Pal,40,M,A1
18438,7438,Rehaan Goel,30,M,A1
18439,7438,Jason Sachdeva,22,M,A2
18440,7438,Ryan Bali,44,M,A3
18441,7438,Vincent Sood,31,M,A4
18442,7439,Yamini Verma,26,F,A1
18443,7440,Tejas Luthra,22,M,A1
18444,7440,Kalpit Ravel,35,M,A2
18445,7441,William Mallick,26,M,A1
18446,7441,Darpan Prasad,42,M,A2
18447,7442,Jatin Walla,41,M,A1
18448,7442,Peter Bhardwaj,20,M,A2
18449,7443,Yuvraj Rege,20,M,A1
18450,7443,Rayaan Biswas,45,M,A2
18451,7443,Andrew Oommen,22,M,A3
18452,7444,Manya Karan,28,F,A1
18453,7445,Wridesh Rout,43,M,A1
18454,7445,Jagat Soni,20,M,A2
18455,7445,Chaitaly Borah,22,F,A3
18456,7445,Neel Badami,35,M,A4
18457,7446,Qadim Khatri,35,M,A1
18458,7447,Nihal Bath,22,M,A1
18459,7448,Mohini Puri,40,F,A1
18460,7449,Chatresh Khanna,30,M,A1
18461,7450,Ayush Natarajan,25,M,A1
18462,7450,Yashvi Saini,46,F,A2
18463,7450,Max Nigam,27,M,A3
18464,7450,Oliver Divan,42,M,A4
18465,7451,Dhruv Kamdar,32,M,A1
18466,7452,Nakul Barad,25,M,A1
18467,7452,George Peri,32,M,A2
18468,7453,Priya Palla,43,F,A1
18469,7453,Rohan Palan,40,M,A2
18470,7454,Charvi Palla,43,F,A1
18471,7455,Girindra Ramesh,37,M,A1
18472,7455,Hardik Minhas,20,M,A2
18473,7455,Warjas Pillay,27,M,A3
18474,7456,Azad Nanda,28,M,A1
18475,7456,Zayyan Brahmbhatt,31,M,A2
18476,7457,Aarav Wable,37,M,A1
18477,7457,Frado Edwin,38,M,A2
18478,7457,Balhaar Swaminathan,44,M,A3
18479,7457,Triya Arya,27,F,A4
18480,7458,Zayan Rout,45,M,A1
18481,7458,Urvi Virk,43,F,A2
18482,7459,Onveer Lalla,25,M,A1
18483,7459,Kashish Dayal,35,F,A2
18484,7459,Farhan Sinha,29,M,A3
18485,7460,Devika Randhawa,33,F,A1
18486,7460,Maanas Parmer,36,M,A2
18487,7460,Theodore Lal,26,M,A3
18488,7460,Christopher Nagarajan,35,M,A4
18489,7461,Zayyan Sampath,36,M,A1
18490,7461,Christopher Mandal,31,M,A2
18491,7462,Raghav Bawa,45,M,A1
18492,7463,Bakhshi Khalsa,20,M,A1
18493,7463,Orinder Shroff,32,M,A2
18494,7463,Vasatika Ratti,26,F,A3
18495,7464,Champak Balasubramanian,34,M,A1
18496,7464,Lopa Sankaran,36,F,A2
18497,7465,Sai Borra,34,M,A1
18498,7465,Anthony Tara,23,M,A2
18499,7465,Charles Saini,25,M,A3
18500,7465,Sarthak Chopra,33,M,A4
18501,7466,Victor Pau,35,M,A1
18502,7466,Kiaan Chaudry,34,M,A2
18503,7466,Ladli Shere,30,F,A3
18504,7467,Wyatt Biswas,43,M,A1
18505,7467,Banjeet Deshpande,45,M,A2
18506,7467,Zilmil Natarajan,23,F,A3
18507,7467,Chakradhar Rajan,21,M,A4
18508,7468,Viraj Ramesh,35,M,A1
18509,7468,Yagnesh Agarwal,42,M,A2
18510,7469,Hemang Sur,30,M,A1
18511,7469,Christopher Mutti,25,M,A2
18512,7469,Umang Chad,39,M,A3
18513,7470,William Wali,23,M,A1
18514,7471,Zayan Agate,34,M,A1
18515,7471,Shaurya Shetty,24,M,A2
18516,7471,Inaya Bhat,42,F,A3
18517,7471,Vivaan Chokshi,39,M,A4
18518,7472,Farhan Sengupta,35,M,A1
18519,7472,Gavin Andra,36,M,A2
18520,7472,Tanveer Sidhu,25,M,A3
18521,7472,Zashil Manda,28,M,A4
18522,7473,Wriddhish Parikh,33,M,A1
18523,7473,Anirudh Shanker,29,M,A2
18524,7473,Lucky Gole,43,M,A3
18525,7474,Krishna Dash,43,M,A1
18526,7475,Qushi Sankar,29,F,A1
18527,7476,Darsh Thaman,20,M,A1
18528,7476,Rachit Kakar,19,M,A2
18529,7477,Yatin Sura,27,M,A1
18530,7477,Champak Dugar,36,M,A2
18531,7477,Caleb Sule,27,M,A3
18532,7478,Anirudh Mitra,40,M,A1
18533,7478,Geetika Garde,20,F,A2
18534,7478,Pratyush Arora,31,M,A3
18535,7479,Amol Gara,29,M,A1
18536,7480,Devansh Din,24,M,A1
18537,7480,Gaurang Kurian,27,M,A2
18538,7481,Harshil Dugal,29,M,A1
18539,7482,Jacob Konda,27,M,A1
18540,7482,Dalbir Chaudhuri,45,M,A2
18541,7482,Gabriel Bawa,44,M,A3
18542,7482,Dhruv Barman,33,M,A4
18543,7483,Caleb Kothari,35,M,A1
18544,7483,Zashil Mitter,30,M,A2
18545,7483,Ayush Datta,40,M,A3
18546,7484,Max Tandon,19,M,A1
18547,7484,Warjas Narayan,21,M,A2
18548,7484,Anirudh Shanker,28,M,A3
18549,7484,Anirudh Venkataraman,23,M,A4
18550,7485,Alexander Johal,37,M,A1
18551,7486,Abhiram Taneja,21,M,A1
18552,7486,Qarin Prashad,22,M,A2
18553,7487,Lucky Babu,25,M,A1
18554,7488,Vrinda Varty,38,F,A1
18555,7488,Neel Kadakia,36,M,A2
18556,7488,Orinder Sankaran,42,M,A3
18557,7489,Imaran Pathak,35,M,A1
18558,7489,Forum Chadha,24,F,A2
18559,7489,Naksh Chander,21,M,A3
18560,7489,Anay Dhawan,42,M,A4
18561,7490,Nathaniel Sahota,37,M,A1
18562,7490,Vedant Pradhan,43,M,A2
18563,7491,Samar Chacko,35,M,A1
18564,7491,Daksh Anne,23,M,A2
18565,7492,Nihal Narula,27,M,A1
18566,7492,Harrison Sagar,32,M,A2
18567,7492,Oliver Kanda,45,M,A3
18568,7492,Owen Tata,23,M,A4
18569,7493,Praneel Misra,39,M,A1
18570,7493,Bachittar Mody,28,M,A2
18571,7494,Dipta Sampath,34,F,A1
18572,7494,Amol Bath,44,M,A2
18573,7494,Ayaan Kala,43,M,A3
18574,7494,Zaid Kota,27,M,A4
18575,7495,Henry Tailor,19,M,A1
18576,7495,Tanay Pau,40,M,A2
18577,7496,Oliver Mody,46,M,A1
18578,7496,Lakshit Gulati,26,M,A2
18579,7496,Jagdish Prashad,36,M,A3
18580,7497,Aadhya Kuruvilla,45,F,A1
18581,7497,Qarin Dhar,23,M,A2
18582,7498,Madhav Karan,35,M,A1
18583,7498,Alexander Shanker,22,M,A2
18584,7498,Lakshit Loyal,21,M,A3
18585,7498,Alexander Maharaj,32,M,A4
18586,7499,Yuvraj Nori,42,M,A1
18587,7500,Girindra Lall,28,M,A1
18588,7501,Alexander Raghavan,38,M,A1
18589,7501,Jack Mutti,19,M,A2
18590,7501,Damini Deep,45,F,A3
18591,7502,Unnati Shankar,29,F,A1
18592,7502,Krishna Bhalla,34,M,A2
18593,7502,Anay Ratti,44,M,A3
18594,7503,Viraj Badami,30,M,A1
18595,7503,Raghav Jani,24,M,A2
18596,7503,Daksha Sharma,44,F,A3
18597,7503,Chandresh Gola,30,M,A4
18598,7504,Jagdish Nori,38,M,A1
18599,7504,Imaran Sura,27,M,A2
18600,7505,Benjamin Murthy,36,M,A1
18601,7505,Arjun Johal,28,M,A2
18602,7505,Zaid Sarma,29,M,A3
18603,7506,Krishna Kade,42,M,A1
18604,7506,Omkaar Palla,26,M,A2
18605,7506,Anay Taneja,23,M,A3
18606,7506,Ishwar Brar,38,M,A4
18607,7507,Eta Vasa,38,F,A1
18608,7507,Mason Subramanian,25,M,A2
18609,7507,Kabir Din,23,M,A3
18610,7508,Ekbal Kapadia,29,M,A1
18611,7508,Panini Handa,40,F,A2
18612,7508,Yatin Desai,31,M,A3
18613,7508,Banjeet Nadig,32,M,A4
18614,7509,Daksha Deshmukh,31,F,A1
18615,7509,Champak Dar,35,M,A2
18616,7509,Daksh Jhaveri,22,M,A3
18617,7510,Manthan Kara,33,M,A1
18618,7511,Sai Mammen,27,F,A1
18619,7512,Sara Balan,45,F,A1
18620,7512,Vaishnavi Khare,42,F,A2
18621,7513,Azaan De,46,M,A1
18622,7513,Kiaan Gala,27,M,A2
18623,7513,Madhav Sarkar,46,M,A3
18624,7513,Yug Kanda,34,M,A4
18625,7514,Darpan Bhargava,22,M,A1
18626,7515,Falan Dhaliwal,43,M,A1
18627,7516,Oni Mander,39,F,A1
18628,7516,Isaiah Rau,43,M,A2
18629,7516,Manbir Barad,31,M,A3
18630,7517,Chatresh Bali,24,M,A1
18631,7517,Ekansh Dora,19,M,A2
18632,7517,Patrick Bal,38,M,A3
18633,7517,Pallavi Chander,47,F,A4
18634,7518,Laban Kota,26,M,A1
18635,7518,Zehaan Nayar,20,M,A2
18636,7519,Luke Kaul,33,M,A1
18637,7520,Gabriel Rattan,23,M,A1
18638,7520,Vincent Borde,44,M,A2
18639,7520,Faras Ray,45,M,A3
18640,7521,Christopher Shroff,32,M,A1
18641,7522,Rachit Dasgupta,34,M,A1
18642,7523,Leela Din,20,F,A1
18643,7524,Aadi Dasgupta,40,M,A1
18644,7525,Farhan Devi,40,M,A1
18645,7525,Owen Raja,26,M,A2
18646,7525,Chandran Bakshi,42,M,A3
18647,7525,Lucky Bakshi,46,M,A4
18648,7526,Hemal Tella,38,F,A1
18649,7526,Ekaja Thakkar,37,F,A2
18650,7526,Isaac Vohra,22,M,A3
18651,7526,Aarush Kalla,42,M,A4
18652,7527,Yash Arora,21,M,A1
18653,7527,Abhimanyu Cherian,25,M,A2
18654,7528,Wazir Trivedi,26,M,A1
18655,7528,Aayush Baral,27,M,A2
18656,7529,Dayamai Khatri,37,F,A1
18657,7529,Gautami Talwar,40,F,A2
18658,7529,Madhavi Deep,32,F,A3
18659,7530,Luke Boase,20,M,A1
18660,7531,Samarth Minhas,22,M,A1
18661,7531,Qabil Majumdar,20,M,A2
18662,7531,Shaurya Sunder,25,M,A3
18663,7532,Waida Sem,31,F,A1
18664,7532,Balveer Uppal,46,M,A2
18665,7532,Hemani Kara,41,F,A3
18666,7532,Matthew Saha,22,M,A4
18667,7533,Dakshesh Raju,38,M,A1
18668,7533,Ryan Sodhi,43,M,A2
18669,7534,Isaiah Kanda,31,M,A1
18670,7534,Niharika Rastogi,25,F,A2
18671,7534,Sai Garde,40,M,A3
18672,7534,Varenya Bhalla,24,F,A4
18673,7535,Pratyush Rajagopal,46,M,A1
18674,7536,Charan Jhaveri,39,M,A1
18675,7536,Ayushman Choudhary,43,M,A2
18676,7536,Reyansh Suresh,29,M,A3
18677,7537,Aadi Soman,25,M,A1
18678,7537,Samarth Dash,19,M,A2
18679,7538,Ayushman Rout,43,M,A1
18680,7538,Sathvik Sura,42,M,A2
18681,7539,Maanas Sachar,47,M,A1
18682,7540,Shivansh Radhakrishnan,42,M,A1
18683,7541,Chasmum Wali,43,F,A1
18684,7541,Ishaan Doctor,20,M,A2
18685,7542,Jai Borde,28,M,A1
18686,7542,Anamika Thaker,43,F,A2
18687,7542,Yatan Ravi,29,M,A3
18688,7543,Alexander Varty,38,M,A1
18689,7543,Alexander Dhingra,35,M,A2
18690,7543,Veer Salvi,43,M,A3
18691,7543,Reyansh Chander,30,M,A4
18692,7544,Harsh Kanda,30,M,A1
18693,7544,Darsh Reddy,42,M,A2
18694,7544,Finn Purohit,34,M,A3
18695,7544,Ayushman Bahri,29,M,A4
18696,7545,Charles Wason,36,M,A1
18697,7545,Laban Goda,22,M,A2
18698,7545,Hredhaan Walia,20,M,A3
18699,7545,Samar Pillai,30,M,A4
18700,7546,Michael Sen,21,M,A1
18701,7546,Isaiah Chopra,34,M,A2
18702,7546,Adya Ganguly,36,F,A3
18703,7547,Christopher Sem,40,M,A1
18704,7548,Yashodhara Contractor,34,F,A1
18705,7548,Bhavani Radhakrishnan,35,F,A2
18706,7549,Joshua Naidu,36,M,A1
18707,7549,Ansh Nadkarni,45,M,A2
18708,7550,Wyatt Basu,22,M,A1
18709,7550,Nathan Thakkar,36,M,A2
18710,7550,Advay Cheema,41,M,A3
18711,7550,Avni Toor,29,F,A4
18712,7551,Viraj Natarajan,42,M,A1
18713,7551,Osha Bhakta,36,F,A2
18714,7551,Anthony Bhandari,41,M,A3
18715,7552,Wazir Shan,36,M,A1
18716,7552,Liam Raval,48,M,A2
18717,7552,Yug Srinivasan,32,M,A3
18718,7552,Ekansh Tak,27,M,A4
18719,7553,Jai Baral,36,M,A1
18720,7553,Kashish Bhatt,20,F,A2
18721,7553,Indali Contractor,23,F,A3
18722,7553,Jonathan Chawla,20,M,A4
18723,7554,Dev Trivedi,39,M,A1
18724,7554,Naveen Buch,21,M,A2
18725,7554,Isaac Bhalla,26,M,A3
18726,7555,Harrison Dua,29,M,A1
18727,7555,Isaac Thaman,22,M,A2
18728,7555,Akshay Kalla,20,M,A3
18729,7556,Victor Narang,41,M,A1
18730,7556,Vihaan Tak,22,M,A2
18731,7556,Mason Morar,42,M,A3
18732,7557,Chameli Chopra,34,F,A1
18733,7557,Azad Dutt,39,M,A2
18734,7557,Isha Dora,22,F,A3
18735,7558,Gagan Kurian,41,M,A1
18736,7558,Wriddhish Bobal,45,M,A2
18737,7559,Aryan Bhagat,39,M,A1
18738,7559,Oscar Mand,43,M,A2
18739,7559,Ranbir Bansal,35,M,A3
18740,7559,Utkarsh Lala,45,M,A4
18741,7560,Thomas Vaidya,41,M,A1
18742,7561,Matthew Chandran,28,M,A1
18743,7562,Ekansh Radhakrishnan,41,M,A1
18744,7562,Bhavna Baral,46,F,A2
18745,7562,Imaran Khare,33,M,A3
18746,7563,Varenya Dasgupta,31,F,A1
18747,7564,Matthew Sengupta,35,M,A1
18748,7564,Maanav Mody,33,M,A2
18749,7564,Henry Ramanathan,42,M,A3
18750,7564,Pranit Mukhopadhyay,25,M,A4
18751,7565,Chaitanya Krishna,26,M,A1
18752,7565,Karan Pillay,39,M,A2
18753,7565,Laksh Mander,35,M,A3
18754,7565,Tarak Mani,22,M,A4
18755,7566,Anmol Kapadia,20,M,A1
18756,7567,Jairaj Tank,36,M,A1
18757,7568,Anthony Tiwari,27,M,A1
18758,7568,Ayaan Saini,39,M,A2
18759,7568,Ranbir Kade,46,M,A3
18760,7568,Teerth Savant,32,M,A4
18761,7569,Udant Chander,36,M,A1
18762,7569,Bachittar Basu,41,M,A2
18763,7569,Arin Bhattacharyya,37,M,A3
18764,7570,Balveer Madan,20,M,A1
18765,7571,Veer Mahajan,32,M,A1
18766,7571,Aashi Parikh,39,F,A2
18767,7571,Oscar Sachdev,34,M,A3
18768,7571,Baljiwan Sarraf,29,M,A4
18769,7572,Maanas Dua,28,M,A1
18770,7572,Abdul Dey,27,M,A2
18771,7572,Gaurang Bhandari,18,M,A3
18772,7573,Wridesh Bora,38,M,A1
18773,7573,Geetika Bath,29,F,A2
18774,7574,Jeet Ganguly,30,M,A1
18775,7574,Omkaar Dash,30,M,A2
18776,7574,Ayaan Chowdhury,25,M,A3
18777,7574,Jatin Khanna,40,M,A4
18778,7575,Gaurav Mander,26,M,A1
18779,7576,Mason Dewan,31,M,A1
18780,7576,Amol Sengupta,34,M,A2
18781,7577,Wridesh Karpe,29,M,A1
18782,7577,Bhavini Golla,30,F,A2
18783,7578,Kalpit Kant,39,M,A1
18784,7578,Warjas Sehgal,39,M,A2
18785,7578,Tanish Kakar,33,M,A3
18786,7579,Bakhshi Mahajan,26,M,A1
18787,7579,Falan Kant,22,M,A2
18788,7580,Fiyaz Wali,42,M,A1
18789,7580,Faraj Nath,20,M,A2
18790,7580,Wyatt Sahota,43,M,A3
18791,7580,Udarsh Chandra,32,M,A4
18792,7581,David Sibal,34,M,A1
18793,7581,Bina Arya,31,F,A2
18794,7582,Christopher Sridhar,18,M,A1
18795,7582,Kavya Biswas,41,F,A2
18796,7583,Chaitanya Thakur,45,M,A1
18797,7583,Mugdha Banerjee,39,F,A2
18798,7583,Varsha Ramakrishnan,29,F,A3
18799,7584,Advay Chanda,21,M,A1
18800,7584,Brijesh Sarkar,40,M,A2
18801,7585,Qabil Banerjee,41,M,A1
18802,7585,Shravya Dara,31,F,A2
18803,7586,Ekansh Dara,22,M,A1
18804,7586,Aryan Gill,35,M,A2
18805,7586,Oliver Bobal,44,M,A3
18806,7587,Aarav Nazareth,19,M,A1
18807,7587,Jonathan Loyal,28,M,A2
18808,7588,Ojas Shanker,31,M,A1
18809,7588,Wyatt Acharya,43,M,A2
18810,7588,Neel Muni,27,M,A3
18811,7589,Yug Bandi,24,M,A1
18812,7590,Watika Pal,41,F,A1
18813,7590,Qarin Kuruvilla,21,M,A2
18814,7591,Ganga Divan,44,F,A1
18815,7592,Patrick Goda,37,M,A1
18816,7593,Aarav Dhillon,22,M,A1
18817,7593,Kabir Bala,36,M,A2
18818,7593,Samuel Pant,24,M,A3
18819,7594,Aayush Bhasin,25,M,A1
18820,7594,Aarini Grewal,29,F,A2
18821,7595,Harish Pal,31,M,A1
18822,7595,Qasim Pandit,38,M,A2
18823,7595,Owen Nadkarni,37,M,A3
18824,7596,Abhiram Karan,36,M,A1
18825,7596,Jacob Karan,44,M,A2
18826,7597,Naksh Uppal,18,M,A1
18827,7597,Nathaniel Tailor,48,M,A2
18828,7597,Michael Bumb,20,M,A3
18829,7598,Balvan Chokshi,36,M,A1
18830,7598,Gabriel Tripathi,28,M,A2
18831,7599,Chanakya Desai,35,M,A1
18832,7599,Lohit Konda,22,M,A2
18833,7599,Faris Gandhi,38,M,A3
18834,7600,Dev Prashad,32,M,A1
18835,7601,Orinder Bora,32,M,A1
18836,7601,Balveer Maharaj,37,M,A2
18837,7601,William Nadig,47,M,A3
18838,7602,Abhimanyu Bansal,25,M,A1
18839,7603,Yash Bhagat,43,M,A1
18840,7603,Jai Borde,24,M,A2
18841,7604,Abhiram Pal,29,M,A1
18842,7604,Chandran Shere,23,M,A2
18843,7604,Chakradev Pandya,27,M,A3
18844,7604,Peter Menon,30,M,A4
18845,7605,Jeet Kota,35,M,A1
18846,7605,Owen Balakrishnan,43,M,A2
18847,7606,Dhruv Garg,25,M,A1
18848,7607,Atharv Karnik,22,M,A1
18849,7607,Mohammed Thaker,28,M,A2
18850,7608,Gagan Gandhi,26,M,A1
18851,7609,Aayush Mittal,27,M,A1
18852,7609,Hitesh Ghosh,33,M,A2
18853,7609,Ekiya Dixit,43,F,A3
18854,7610,Hredhaan Yogi,31,M,A1
18855,7610,Advaith Borde,18,M,A2
18856,7610,Neelima Khatri,32,F,A3
18857,7610,Lucky Sheth,45,M,A4
18858,7611,Vrinda Ramachandran,25,F,A1
18859,7611,Faqid Bhatt,27,M,A2
18860,7611,Oliver Boase,43,M,A3
18861,7612,Nathan Kota,32,M,A1
18862,7613,Onveer Sabharwal,39,M,A1
18863,7614,Faqid Chauhan,29,M,A1
18864,7614,Gaurika Sandal,43,F,A2
18865,7615,Jairaj Loyal,46,M,A1
18866,7615,Harsh Misra,25,M,A2
18867,7616,Faras Grover,20,M,A1
18868,7617,Ronith Varkey,31,M,A1
18869,7617,Ekavir Kumer,22,M,A2
18870,7617,Anmol Goswami,25,M,A3
18871,7617,Chandran Baral,29,M,A4
18872,7618,Yatin Bhandari,37,M,A1
18873,7618,Abeer Kala,25,M,A2
18874,7619,Liam Sarkar,37,M,A1
18875,7619,Vivaan Kumar,27,M,A2
18876,7620,Tanmayi Chhabra,32,F,A1
18877,7621,Theodore Bera,19,M,A1
18878,7622,Dev Sandhu,42,M,A1
18879,7622,Indrajit Lall,46,M,A2
18880,7623,Amrita Rajagopal,47,F,A1
18881,7623,Anusha Master,35,F,A2
18882,7624,Mitesh Sharma,45,M,A1
18883,7624,Maanas Ratta,43,M,A2
18884,7625,Chandran Kamdar,41,M,A1
18885,7626,Harish Guha,43,M,A1
18886,7626,Bahadurjit Viswanathan,37,M,A2
18887,7627,Udant Trivedi,37,M,A1
18888,7627,Karan Saini,44,M,A2
18889,7627,Yug Dey,44,M,A3
18890,7628,Harrison Sangha,38,M,A1
18891,7629,Hemang Uppal,25,M,A1
18892,7629,Aarnav Babu,35,M,A2
18893,7629,Guneet Raja,22,M,A3
18894,7629,Kabir Pau,38,M,A4
18895,7630,Harshil Subramaniam,43,M,A1
18896,7630,Wridesh Murthy,33,M,A2
18897,7631,Inaya Ghosh,46,F,A1
18898,7631,Kalpit Bath,29,M,A2
18899,7632,Rohan Shukla,42,M,A1
18900,7632,Oni Sani,36,F,A2
18901,7633,Jacob Sunder,44,M,A1
18902,7633,Rishi Thaman,40,M,A2
18903,7633,Ishaan Ramachandran,21,M,A3
18904,7633,Faraj Varkey,33,M,A4
18905,7634,Gaurav Ranganathan,33,M,A1
18906,7635,Thomas Mohanty,28,M,A1
18907,7635,Sai Ratta,33,M,A2
18908,7635,Maanav Karan,26,M,A3
18909,7636,Christopher Sarin,28,M,A1
18910,7636,Qasim Bera,21,M,A2
18911,7636,Isaac Chahal,38,M,A3
18912,7637,Ekavir Kulkarni,35,M,A1
18913,7637,Reyansh Shere,38,M,A2
18914,7638,Chatresh Shere,22,M,A1
18915,7638,Timothy Basak,35,M,A2
18916,7639,Chakradev Bahl,22,M,A1
18917,7639,Aarush Virk,27,M,A2
18918,7639,Amrita Devi,35,F,A3
18919,7640,Amara Khurana,44,F,A1
18920,7640,Abhimanyu Andra,22,M,A2
18921,7641,Vivaan Chatterjee,20,M,A1
18922,7641,Gaurang Mammen,25,M,A2
18923,7641,Ishwar Ranganathan,40,M,A3
18924,7641,Tanvi Mittal,22,F,A4
18925,7642,Aryan Lad,31,M,A1
18926,7643,Veer Sami,25,M,A1
18927,7643,Akshay Jain,46,M,A2
18928,7644,Fariq Kadakia,36,M,A1
18929,7645,Vivaan Walla,38,M,A1
18930,7646,Faras Devan,22,M,A1
18931,7646,Aahana Malhotra,38,F,A2
18932,7647,Kabir Sahota,33,M,A1
18933,7647,Logan Contractor,37,M,A2
18934,7648,Chatura Bhargava,29,M,A1
18935,7649,Anmol Pingle,46,M,A1
18936,7649,Balhaar More,27,M,A2
18937,7649,Raksha Chaudhry,26,F,A3
18938,7650,Chanakya Kunda,47,M,A1
18939,7650,Ethan Sridhar,20,M,A2
18940,7650,Faqid Parekh,41,M,A3
18941,7651,Oliver Barad,37,M,A1
18942,7651,Krish Pai,33,M,A2
18943,7651,Sai Suresh,27,M,A3
18944,7651,Nachiket Chada,24,M,A4
18945,7652,Xavier Pai,35,M,A1
18946,7652,Wahab Tak,42,M,A2
18947,7652,Ethan Pandya,47,M,A3
18948,7653,Ranveer Sawhney,42,M,A1
18949,7653,Laksh Pathak,45,M,A2
18950,7653,Chandresh Chawla,44,M,A3
18951,7654,Dalaja Sangha,25,F,A1
18952,7654,Abhiram Saran,23,M,A2
18953,7654,Yash Gara,41,M,A3
18954,7655,Abdul Sawhney,36,M,A1
18955,7655,Rudra Lad,32,M,A2
18956,7655,Oliver Lalla,29,M,A3
18957,7655,David Pandey,25,M,A4
18958,7656,Tejas Konda,44,M,A1
18959,7657,Patrick Jhaveri,31,M,A1
18960,7657,Kevin Nazareth,44,M,A2
18961,7657,Dhruv Nagi,35,M,A3
18962,7658,Nathan Gera,40,M,A1
18963,7658,Umang Pandit,22,M,A2
18964,7658,Anay Devi,27,M,A3
18965,7658,Ekalinga Raman,37,M,A4
18966,7659,Charan Acharya,24,M,A1
18967,7659,Siddharth Kunda,45,M,A2
18968,7659,Ekaraj Bajwa,43,M,A3
18969,7659,Aashi Sule,31,F,A4
18970,7660,David Rao,36,M,A1
18971,7660,Faqid Bhardwaj,26,M,A2
18972,7660,Anirudh Kuruvilla,41,M,A3
18973,7660,Vedant Sankaran,45,M,A4
18974,7661,Laksh Sood,39,M,A1
18975,7661,Rachit Sami,24,M,A2
18976,7661,Falan Gokhale,26,M,A3
18977,7662,Lohit Gill,37,M,A1
18978,7662,Sathvik Mandal,40,M,A2
18979,7662,Rajata Ram,25,F,A3
18980,7663,Indrajit Barad,35,M,A1
18981,7664,Onkar Kalla,44,M,A1
18982,7665,Samaksh Dave,20,M,A1
18983,7665,Shravya Dara,31,F,A2
18984,7665,Orinder Banik,35,M,A3
18985,7665,Pranav Baral,30,M,A4
18986,7666,Abdul Deshmukh,22,M,A1
18987,7667,Rishi Shere,43,M,A1
18988,7667,Ishanvi Butala,26,F,A2
18989,7667,Shivansh Iyer,28,M,A3
18990,7667,Mohammed Balay,47,M,A4
18991,7668,Laksh Tank,35,M,A1
18992,7669,Ishwar Garg,35,M,A1
18993,7669,Caleb Garde,29,M,A2
18994,7669,Wriddhish Sachdev,38,M,A3
18995,7669,Ethan Kade,21,M,A4
18996,7670,Jagrati Purohit,38,F,A1
18997,7670,Ranveer Andra,31,M,A2
18998,7670,Vrishti Dash,22,F,A3
18999,7671,Dev Natarajan,40,M,A1
19000,7671,Aarush Mann,31,M,A2
19001,7671,Isaac Kapadia,42,M,A3
19002,7671,Ekavir Narayanan,33,M,A4
19003,7672,Harsh Chacko,48,M,A1
19004,7673,Yatan Sachar,22,M,A1
19005,7674,Gabriel Khalsa,25,M,A1
19006,7674,Dev Bakshi,24,M,A2
19007,7674,Abdul Nigam,39,M,A3
19008,7675,Rachit Majumdar,46,M,A1
19009,7675,Samaksh Tella,43,M,A2
19010,7675,Om Acharya,30,M,A3
19011,7675,Vivaan Kothari,20,M,A4
19012,7676,Ayaan Majumdar,39,M,A1
19013,7677,Quincy Khosla,37,M,A1
19014,7677,Ojas Lal,36,M,A2
19015,7677,Henry Narula,48,M,A3
19016,7677,Raghav Parmer,42,M,A4
19017,7678,Yatan Kuruvilla,39,M,A1
19018,7678,Veer Dalal,31,M,A2
19019,7679,Joshua Kalita,26,M,A1
19020,7679,Hredhaan Uppal,43,M,A2
19021,7680,Qabil Solanki,38,M,A1
19022,7681,Alexander Apte,44,M,A1
19023,7681,Samarth Badal,31,M,A2
19024,7682,Michael Chaudhary,43,M,A1
19025,7682,Gunbir Ravi,32,M,A2
19026,7682,Balveer Comar,31,M,A3
19027,7683,Ronith Borah,29,M,A1
19028,7683,Champak Pillai,21,M,A2
19029,7683,Ekalinga Nayak,34,M,A3
19030,7684,Pranav Lata,29,M,A1
19031,7684,Falan Borde,22,M,A2
19032,7684,Diya Chadha,30,F,A3
19033,7685,Indrajit Raju,36,M,A1
19034,7686,Garima Kaur,30,F,A1
19035,7686,Quincy Bhalla,43,M,A2
19036,7686,Ayushman Natarajan,40,M,A3
19037,7687,Gaurang Parekh,31,M,A1
19038,7687,Jacob Sachdeva,39,M,A2
19039,7687,Isaiah Chaudhuri,20,M,A3
19040,7687,Yatin Sahota,24,M,A4
19041,7688,Ekalinga Parmer,23,M,A1
19042,7688,Mekhala Kale,46,F,A2
19043,7688,Rehaan Gola,34,M,A3
19044,7688,Hema Choudhury,33,F,A4
19045,7689,Jackson Barad,30,M,A1
19046,7689,Qasim Bhatti,27,M,A2
19047,7689,Veer Goel,33,M,A3
19048,7689,Chanakya Chadha,43,M,A4
19049,7690,Kai Swamy,43,M,A1
19050,7690,Kevin Nadkarni,25,M,A2
19051,7690,Neel Desai,34,M,A3
19052,7691,Dalbir Warrior,42,M,A1
19053,7691,Dalbir Shanker,32,M,A2
19054,7691,Kevin Tank,41,M,A3
19055,7691,Viraj Master,23,M,A4
19056,7692,Qasim Munshi,43,M,A1
19057,7692,Faris Deep,38,M,A2
19058,7692,George Sarma,35,M,A3
19059,7693,Eshana Gill,37,F,A1
19060,7693,Devansh Bawa,37,M,A2
19061,7693,Ati Rattan,20,F,A3
19062,7693,Aarnav Bhalla,27,M,A4
19063,7694,Faris Wable,19,M,A1
19064,7694,Baljiwan Wason,32,M,A2
19065,7694,Ladli Dave,47,F,A3
19066,7694,Chaitanya Walia,28,M,A4
19067,7695,Rudra Madan,32,M,A1
19068,7695,Arjun Varty,37,M,A2
19069,7695,Saksham Murthy,26,M,A3
19070,7695,Indrajit Kapur,37,M,A4
19071,7696,Nihal Sami,46,M,A1
19072,7696,Jagdish Balasubramanian,26,M,A2
19073,7696,Qasim Goda,41,M,A3
19074,7696,Jagdish Viswanathan,28,M,A4
19075,7697,Hritik Krishna,29,M,A1
19076,7697,Lipika Chahal,31,F,A2
19077,7698,Theodore Walla,33,M,A1
19078,7698,Upkaar Tara,38,M,A2
19079,7699,Thomas Shenoy,24,M,A1
19080,7699,Lopa Suresh,40,F,A2
19081,7699,Michael Gera,27,M,A3
19082,7700,Balveer Dugar,23,M,A1
19083,7701,Jatin Rastogi,44,M,A1
19084,7702,Ayaan Desai,33,M,A1
19085,7702,Ayushman Oak,43,M,A2
19086,7703,Nachiket Bhat,39,M,A1
19087,7704,Kiaan Ganesh,28,M,A1
19088,7704,Nicholas Tella,46,M,A2
19089,7704,Tristan Naidu,24,M,A3
19090,7705,Hritik Chacko,23,M,A1
19091,7705,Sudiksha Mann,44,F,A2
19092,7705,Teerth Srivastava,36,M,A3
19093,7706,Mitali Ganesh,25,F,A1
19094,7706,Falan Banik,34,M,A2
19095,7706,Nakul Khurana,30,M,A3
19096,7707,Onveer Mohanty,43,M,A1
19097,7707,Rohan Dixit,25,M,A2
19098,7708,Fariq Ghose,45,M,A1
19099,7708,Parth Vasa,33,M,A2
19100,7708,Aarnav Madan,39,M,A3
19101,7709,Zashil Menon,37,M,A1
19102,7709,Onveer Dada,43,M,A2
19103,7710,Garima Subramaniam,32,F,A1
19104,7711,Oscar Magar,31,M,A1
19105,7712,Frederick Dewan,19,M,A1
19106,7712,Farhan Balasubramanian,45,M,A2
19107,7713,Watika Sridhar,26,F,A1
19108,7714,Vanya Mander,36,F,A1
19109,7714,Unnati Wadhwa,31,F,A2
19110,7714,Harish Loyal,40,M,A3
19111,7714,Yug Krishna,43,M,A4
19112,7715,Gabriel Mitter,26,M,A1
19113,7715,Manya Chaudhry,27,F,A2
19114,7716,Jagdish Sahota,35,M,A1
19115,7717,Manthan Nagar,41,M,A1
19116,7717,Sanya Sinha,18,F,A2
19117,7717,Rayaan Devan,44,M,A3
19118,7717,Peter Prashad,42,M,A4
19119,7718,Azad Lal,45,M,A1
19120,7718,Ganga Hegde,26,F,A2
19121,7718,Manthan Walla,42,M,A3
19122,7719,Chandran Modi,33,M,A1
19123,7719,Viraj Verma,35,M,A2
19124,7719,Ikbal Varty,23,M,A3
19125,7719,Nitara Shanker,40,F,A4
19126,7720,Christopher Amble,29,M,A1
19127,7720,Tanay Borde,21,M,A2
19128,7720,Baljiwan Talwar,18,M,A3
19129,7720,Gavin Badal,29,M,A4
19130,7721,Garima Subramaniam,31,F,A1
19131,7722,Faraj Dubey,33,M,A1
19132,7722,Manan Purohit,35,M,A2
19133,7722,Hemang Borde,47,M,A3
19134,7722,Chandran Chand,22,M,A4
19135,7723,Yuvraj Singh,37,M,A1
19136,7723,Manbir Chandra,41,M,A2
19137,7723,Onkar Koshy,36,M,A3
19138,7723,Girik Chand,24,M,A4
19139,7724,Harrison Mangat,29,M,A1
19140,7724,Benjamin Mand,26,M,A2
19141,7724,Jason Kara,47,M,A3
19142,7724,Saksham Bora,35,M,A4
19143,7725,Samaksh Bakshi,34,M,A1
19144,7726,Shravya Mani,29,F,A1
19145,7726,Eesha Mand,45,F,A2
19146,7726,Gaurav Mangat,28,M,A3
19147,7726,Kalpit Raja,27,M,A4
19148,7727,Finn Ray,25,M,A1
19149,7727,Gautam Choudhry,47,M,A2
19150,7727,Dominic Purohit,27,M,A3
19151,7727,Samesh Dixit,38,M,A4
19152,7728,Ikbal Mitra,28,M,A1
19153,7728,Wahab Shah,44,M,A2
19154,7729,Theodore Desai,33,M,A1
19155,7729,Abeer Dash,28,M,A2
19156,7729,Varsha Sarin,32,F,A3
19157,7730,Lucky Dhaliwal,41,M,A1
19158,7730,Anay Ratti,45,M,A2
19159,7730,Rudra Mukherjee,25,M,A3
19160,7731,Hritik Palan,25,M,A1
19161,7731,Ekansh Mitra,26,M,A2
19162,7732,Alexander Wason,41,M,A1
19163,7733,Ekapad Vala,43,M,A1
19164,7733,Gaurika Kohli,32,F,A2
19165,7733,Wridesh Chand,27,M,A3
19166,7733,Omisha Kaur,20,F,A4
19167,7734,Bahadurjit Kale,24,M,A1
19168,7734,Guneet Grover,35,M,A2
19169,7735,Avi Ramachandran,21,M,A1
19170,7735,Aarnav Palan,24,M,A2
19171,7735,Abhimanyu Rajagopal,31,M,A3
19172,7736,Ekansh Acharya,35,M,A1
19173,7736,Sarthak Kuruvilla,42,M,A2
19174,7737,Gopal Butala,24,M,A1
19175,7738,Imaran Rau,23,M,A1
19176,7738,Logan Keer,26,M,A2
19177,7739,Ethan Nagi,40,M,A1
19178,7739,Yochana Keer,42,F,A2
19179,7739,Urmi Rajan,42,F,A3
19180,7739,Qabil Banerjee,39,M,A4
19181,7740,Advika Mand,43,F,A1
19182,7740,Dakshesh Saran,28,M,A2
19183,7740,Pratyush D’Alia,34,M,A3
19184,7740,Zashil Raju,40,M,A4
19185,7741,Ikshita Bassi,22,F,A1
19186,7742,Elijah Dugar,25,M,A1
19187,7743,Kai Bhagat,41,M,A1
19188,7743,Darsh Chaudhary,45,M,A2
19189,7743,Abhimanyu Chopra,25,M,A3
19190,7744,Upkaar Nagar,45,M,A1
19191,7744,Anmol Nayar,24,M,A2
19192,7744,Yatin Raja,27,M,A3
19193,7744,Anamika Bava,27,F,A4
19194,7745,Devika Dugar,23,F,A1
19195,7746,Arin Sachdev,30,M,A1
19196,7746,Rehaan Sahota,21,M,A2
19197,7746,Yadavi Bose,35,F,A3
19198,7747,Simon Savant,43,M,A1
19199,7747,Barkha Randhawa,39,F,A2
19200,7747,Umang Naidu,40,M,A3
19201,7747,Vincent Viswanathan,33,M,A4
19202,7748,Girish Gulati,28,M,A1
19203,7749,Nitesh Nagarajan,44,M,A1
19204,7749,Falan Gera,22,M,A2
19205,7749,Hemang Soni,38,M,A3
19206,7749,Frederick Saxena,32,M,A4
19207,7750,Fitan Bhagat,36,M,A1
19208,7750,Imaran Suresh,39,M,A2
19209,7750,Qasim Vohra,46,M,A3
19210,7751,Udant Garde,30,M,A1
19211,7752,Sarthak Thakur,33,M,A1
19212,7753,Yuvraj Tripathi,23,M,A1
19213,7754,Nakul Kar,37,M,A1
19214,7754,Samarth Buch,24,M,A2
19215,7754,Nicholas Bali,30,M,A3
19216,7754,Omkaar Krishnamurthy,35,M,A4
19217,7755,Utkarsh Mandal,34,M,A1
19218,7755,Vedant Mangal,25,M,A2
19219,7756,Faqid Rai,41,M,A1
19220,7756,Balhaar Sastry,39,M,A2
19221,7756,Parth Magar,31,M,A3
19222,7757,Harsh Om,29,M,A1
19223,7757,Kabir Varughese,31,M,A2
19224,7758,Jason Sant,35,M,A1
19225,7758,Maanav Deol,38,M,A2
19226,7758,Balhaar Krish,45,M,A3
19227,7758,Amol Kanda,25,M,A4
19228,7759,Gautam Subramaniam,27,M,A1
19229,7759,Reva Shetty,28,F,A2
19230,7759,Karan Puri,27,M,A3
19231,7759,Anirudh Dutt,36,M,A4
19232,7760,Ijaya Kar,32,F,A1
19233,7760,Idika Sharma,36,F,A2
19234,7760,Rayaan Anne,33,M,A3
19235,7760,Vihaan Talwar,31,M,A4
19236,7761,Diya Sampath,30,F,A1
19237,7761,Arya Parekh,39,F,A2
19238,7761,David Handa,35,M,A3
19239,7761,Harrison Atwal,34,M,A4
19240,7762,Chakradev Bath,28,M,A1
19241,7762,Isaac Chauhan,43,M,A2
19242,7763,Warjas Pai,20,M,A1
19243,7763,Baljiwan Sani,23,M,A2
19244,7764,Hitesh Srinivasan,23,M,A1
19245,7764,Veda Shukla,40,F,A2
19246,7765,Kiaan Sankaran,30,M,A1
19247,7765,Arunima Sarraf,44,F,A2
19248,7766,Aadi Sharaf,46,M,A1
19249,7767,Jack Pai,35,M,A1
19250,7767,Indrajit Mukhopadhyay,35,M,A2
19251,7767,Wridesh Muni,24,M,A3
19252,7767,Jason Krishnan,36,M,A4
19253,7768,Warinder Kibe,22,M,A1
19254,7768,Meghana Wable,33,F,A2
19255,7769,Atharv Anne,38,M,A1
19256,7769,Christopher Shenoy,19,M,A2
19257,7769,Kalpit Raja,30,M,A3
19258,7769,Noah Patla,33,M,A4
19259,7770,Amol Subramanian,41,M,A1
19260,7770,Girish Morar,45,M,A2
19261,7770,Ekansh Nagarajan,34,M,A3
19262,7770,Shivansh Dutt,38,M,A4
19263,7771,Rachana Patel,23,F,A1
19264,7771,Upkaar Handa,23,M,A2
19265,7772,Noah Muni,21,M,A1
19266,7772,Liam Trivedi,45,M,A2
19267,7773,Dev Gola,30,M,A1
19268,7773,Chaitanya Pathak,32,M,A2
19269,7774,Azad Bajwa,39,M,A1
19270,7775,Balendra Brar,31,M,A1
19271,7775,Rushil Cheema,28,M,A2
19272,7775,Aarnav Wason,29,M,A3
19273,7776,Manbir Jha,28,M,A1
19274,7777,Yuvraj Morar,39,M,A1
19275,7777,Manthan Om,38,M,A2
19276,7778,Rehaan Venkataraman,29,M,A1
19277,7779,Orinder Chaudhry,27,M,A1
19278,7780,Pushti Chaudhari,41,F,A1
19279,7781,Qabil Pant,40,M,A1
19280,7781,Hemang Pai,23,M,A2
19281,7781,Naveen Parekh,31,M,A3
19282,7781,Megha Kale,22,F,A4
19283,7782,Ekbal Chad,43,M,A1
19284,7782,Balendra Nigam,19,M,A2
19285,7782,Akshay Boase,24,M,A3
19286,7783,Kalpit Lalla,32,M,A1
19287,7783,Frado Krish,37,M,A2
19288,7783,Vasatika Badal,24,F,A3
19289,7784,Rayaan Ganguly,26,M,A1
19290,7784,Eta Dutta,24,F,A2
19291,7785,Kashish Natarajan,32,F,A1
19292,7785,Nisha Roy,40,F,A2
19293,7785,Samarth Hans,19,M,A3
19294,7786,Viraj Goyal,22,M,A1
19295,7786,Baghyawati Bahl,24,F,A2
19296,7787,Max Kamdar,28,M,A1
19297,7787,Abha Dhar,38,F,A2
19298,7787,Fariq Chowdhury,33,M,A3
19299,7787,Gaurang Chandra,31,M,A4
19300,7788,Sathvik Sachdev,47,M,A1
19301,7788,Mahika Sethi,31,F,A2
19302,7788,Indrajit Bhattacharyya,43,M,A3
19303,7788,Ethan Dey,43,M,A4
19304,7789,Chakradev Ram,34,M,A1
19305,7789,Nachiket Sane,36,M,A2
19306,7789,Bahadurjit Kohli,24,M,A3
19307,7789,Maya Arya,34,F,A4
19308,7790,Tarak Krish,41,M,A1
19309,7791,Timothy Lad,40,M,A1
19310,7791,Farhan Muni,27,M,A2
19311,7791,Ryan Venkataraman,24,M,A3
19312,7791,Bahadurjit Jayaraman,30,M,A4
19313,7792,Kabir Prashad,33,M,A1
19314,7793,Samesh Lalla,27,M,A1
19315,7793,Vivaan Deep,26,M,A2
19316,7793,Hredhaan Ahuja,42,M,A3
19317,7793,Abhiram Prashad,30,M,A4
19318,7794,Benjamin Choudhary,35,M,A1
19319,7795,Aadi Gour,31,M,A1
19320,7795,Aarush Vyas,26,M,A2
19321,7795,Thomas Agarwal,21,M,A3
19322,7796,Rudra Halder,44,M,A1
19323,7797,Dipta Hayer,37,F,A1
19324,7798,Bhavini Lad,21,F,A1
19325,7798,Indrajit Kata,28,M,A2
19326,7799,Upkaar Grover,39,M,A1
19327,7800,Advik Subramaniam,46,M,A1
19328,7800,Ekaraj Solanki,38,M,A2
19329,7800,Jack Apte,41,M,A3
19330,7801,Faraj Dugar,45,M,A1
19331,7801,Balveer Sankar,31,M,A2
19332,7801,Vihaan Sengupta,46,M,A3
19333,7802,Samuel Divan,37,M,A1
19334,7803,Eshana Manne,33,F,A1
19335,7804,Chaaya Soman,27,F,A1
19336,7805,Neel Sawhney,34,M,A1
19337,7805,Robert Trivedi,46,M,A2
19338,7805,Jacob Bahri,45,M,A3
19339,7806,Wahab Pandey,43,M,A1
19340,7806,Hemang Suresh,44,M,A2
19341,7806,Yashawini Kashyap,48,F,A3
19342,7806,Gagan Tailor,30,M,A4
19343,7807,Avni Toor,27,F,A1
19344,7808,Gaurang Bhatia,21,M,A1
19345,7808,Faris Bhakta,19,M,A2
19346,7808,Yatin Anand,35,M,A3
19347,7808,Guneet Datta,29,M,A4
19348,7809,Veer Bal,18,M,A1
19349,7809,Divya Virk,48,F,A2
19350,7810,Rachit Kunda,37,M,A1
19351,7810,Peter Barad,31,M,A2
19352,7810,Nicholas Munshi,25,M,A3
19353,7811,Vanya Kanda,42,F,A1
19354,7812,Rayaan Menon,30,M,A1
19355,7812,Advaith Taneja,32,M,A2
19356,7812,Karan Ahuja,27,M,A3
19357,7812,Tarak Sule,43,M,A4
19358,7813,Vidhi Savant,27,F,A1
19359,7813,Ayush Devi,28,M,A2
19360,7814,Frederick Parikh,46,M,A1
19361,7814,Ekbal Viswanathan,24,M,A2
19362,7814,Omaja Grover,42,F,A3
19363,7814,Yashvi Subramanian,39,F,A4
19364,7815,Matthew Swamy,26,M,A1
19365,7815,Jagdish Subramaniam,23,M,A2
19366,7816,Ishwar Chandran,29,M,A1
19367,7816,Yatin Bhatia,39,M,A2
19368,7816,Gavin Master,46,M,A3
19369,7816,Benjamin Sridhar,39,M,A4
19370,7817,Pratyush Bose,28,M,A1
19371,7818,Azad Sekhon,40,M,A1
19372,7818,Anay Gokhale,43,M,A2
19373,7818,Xavier Pandit,35,M,A3
19374,7819,Girik Bassi,44,M,A1
19375,7819,Bachittar Deo,26,M,A2
19376,7819,Liam Kaur,39,M,A3
19377,7820,Banjeet Nagi,33,M,A1
19378,7821,Anthony Prabhu,44,M,A1
19379,7821,Anirudh Bala,25,M,A2
19380,7822,Warinder Wadhwa,28,M,A1
19381,7823,William Kala,40,M,A1
19382,7823,Zayyan Lal,23,M,A2
19383,7823,Ekaraj Rajagopal,36,M,A3
19384,7824,Abdul Prakash,23,M,A1
19385,7824,Lajita Savant,34,F,A2
19386,7824,Manan Choudhury,20,M,A3
19387,7824,Vedant Nori,30,M,A4
19388,7825,Abeer Ghose,30,M,A1
19389,7825,Rishi Deshmukh,43,M,A2
19390,7826,Simon Zachariah,34,M,A1
19391,7827,Maanav Bobal,35,M,A1
19392,7827,Simon Dhingra,46,M,A2
19393,7827,Qadim Sani,43,M,A3
19394,7828,Pavani Balakrishnan,20,F,A1
19395,7828,Ranveer Wali,32,M,A2
19396,7829,Victor Pillay,20,M,A1
19397,7829,Ayaan Manda,42,M,A2
19398,7830,Lohit Mammen,23,M,A1
19399,7830,Simon Purohit,47,M,A2
19400,7830,Wriddhish Rege,32,M,A3
19401,7830,Xavier Andra,39,M,A4
19402,7831,Nikita Bhatt,32,F,A1
19403,7831,Leela Sankaran,33,F,A2
19404,7831,Ranbir Om,32,M,A3
19405,7832,Faqid Pradhan,44,M,A1
19406,7832,Ayushman Mand,40,M,A2
19407,7832,Yagnesh Mukhopadhyay,41,M,A3
19408,7832,Aarnav Sarna,25,M,A4
19409,7833,Wriddhish Luthra,42,M,A1
19410,7833,Qabil Hayre,18,M,A2
19411,7834,Ekalinga Padmanabhan,37,M,A1
19412,7834,Qabil Narayan,46,M,A2
19413,7834,Unni Borah,44,F,A3
19414,7834,Jeremiah Jain,22,M,A4
19415,7835,Robert Soni,21,M,A1
19416,7836,Joshua Balasubramanian,22,M,A1
19417,7837,Inaya Walla,20,F,A1
19418,7837,Nitesh Mall,32,M,A2
19419,7838,Michael Uppal,25,M,A1
19420,7838,Parth Shetty,35,M,A2
19421,7839,Laksh Mutti,26,M,A1
19422,7839,Baljiwan Wason,36,M,A2
19423,7839,Kritika Wadhwa,37,F,A3
19424,7840,Harsh Pandit,39,M,A1
19425,7841,Qarin Menon,38,M,A1
19426,7842,Aarnav Tandon,48,M,A1
19427,7842,Udant Suresh,45,M,A2
19428,7842,Kritika Khurana,26,F,A3
19429,7842,Frado Ramanathan,34,M,A4
19430,7843,Umang Basak,34,M,A1
19431,7843,Januja Biswas,32,F,A2
19432,7843,Advik Ravi,34,M,A3
19433,7843,Zehaan Desai,32,M,A4
19434,7844,Vincent Butala,42,M,A1
19435,7844,Vivaan Gulati,48,M,A2
19436,7845,Charan Varma,39,M,A1
19437,7845,Ayushman Mahajan,30,M,A2
19438,7846,Ishita Saraf,45,F,A1
19439,7847,Faris Borde,44,M,A1
19440,7847,Dhruv Dua,20,M,A2
19441,7848,Frado Chandran,23,M,A1
19442,7848,David Kanda,21,M,A2
19443,7849,Ikbal Batta,34,M,A1
19444,7849,Sai Krishnamurthy,31,M,A2
19445,7849,Prisha Uppal,25,F,A3
19446,7849,Michael Ganesh,28,M,A4
19447,7850,Omkaar Manne,31,M,A1
19448,7850,Tejas Verma,47,M,A2
19449,7850,Peter Shetty,22,M,A3
19450,7851,Mitesh Munshi,23,M,A1
19451,7851,Yuvraj Lala,34,M,A2
19452,7851,Nathaniel Buch,37,M,A3
19453,7851,Tanveer Vaidya,42,M,A4
19454,7852,Manthan Chandran,40,M,A1
19455,7852,Onveer Taneja,34,M,A2
19456,7852,Daniel Chaudhary,31,M,A3
19457,7852,Thomas Bahri,20,M,A4
19458,7853,Om Agrawal,36,M,A1
19459,7853,Nathaniel Mukherjee,39,M,A2
19460,7853,Benjamin Lalla,30,M,A3
19461,7854,Manan Hari,39,M,A1
19462,7854,Logan Parikh,41,M,A2
19463,7855,Jackson Kannan,18,M,A1
19464,7855,Ekansh Rau,35,M,A2
19465,7856,Irya D’Alia,27,F,A1
19466,7856,Michael Aggarwal,43,M,A2
19467,7856,Chandani Dani,24,F,A3
19468,7857,Baljiwan Vyas,38,M,A1
19469,7857,Thomas Srinivas,20,M,A2
19470,7858,Fitan Kibe,29,M,A1
19471,7859,Hredhaan Dugar,25,M,A1
19472,7859,Samesh Saxena,40,M,A2
19473,7860,Gabriel Sarma,19,M,A1
19474,7861,Oliver Peri,30,M,A1
19475,7861,Hemang Chana,32,M,A2
19476,7861,Prisha Bhattacharyya,31,F,A3
19477,7862,Faqid Mander,25,M,A1
19478,7863,Kevin Singhal,37,M,A1
19479,7863,Jhalak Dalal,37,F,A2
19480,7863,Upkaar Chana,44,M,A3
19481,7863,Omkaar Chada,34,M,A4
19482,7864,Darika Ramakrishnan,26,F,A1
19483,7864,Mason Keer,32,M,A2
19484,7865,Daniel Naik,31,M,A1
19485,7866,Balhaar Iyengar,43,M,A1
19486,7866,Logan Kunda,22,M,A2
19487,7866,Harish Vyas,30,M,A3
19488,7867,Ranbir Sheth,44,M,A1
19489,7867,Ayushman Wadhwa,22,M,A2
19490,7867,Agastya Chauhan,41,M,A3
19491,7868,Krishna Boase,28,M,A1
19492,7868,Girindra Deo,23,M,A2
19493,7869,Rachit Ranganathan,24,M,A1
19494,7869,Dominic Kibe,25,M,A2
19495,7870,Daksh Master,42,M,A1
19496,7871,Brijesh Gara,29,M,A1
19497,7871,Vihaan Ganesan,22,M,A2
19498,7872,Mohini Loke,44,F,A1
19499,7872,Ranveer Khurana,32,M,A2
19500,7873,Zehaan Pal,43,M,A1
19501,7874,Hemangini Gaba,25,F,A1
19502,7874,Kamya Goda,34,F,A2
19503,7874,Kiaan Bir,34,M,A3
19504,7874,Chaitanya Apte,19,M,A4
19505,7875,Frederick Raj,40,M,A1
19506,7875,Parth Swaminathan,29,M,A2
19507,7875,Kiaan Gera,31,M,A3
19508,7876,Kritika Deo,38,F,A1
19509,7876,Faraj Batra,24,M,A2
19510,7876,Wakeeta Dey,22,F,A3
19511,7877,Zashil Dar,46,M,A1
19512,7877,Zaid Kar,27,M,A2
19513,7877,Jason Palla,22,M,A3
19514,7877,Arin Minhas,40,M,A4
19515,7878,Yashica Jhaveri,38,F,A1
19516,7879,Lakshit Agarwal,30,M,A1
19517,7879,Ranveer Bajaj,37,M,A2
19518,7879,Arjun Johal,27,M,A3
19519,7879,Reyansh Lal,25,M,A4
19520,7880,Ronith Sahni,25,M,A1
19521,7880,Kalpit Hegde,26,M,A2
19522,7880,Ishani Sood,32,F,A3
19523,7881,Tarak Ram,29,M,A1
19524,7881,Riya Ratti,28,F,A2
19525,7882,Veda Patel,22,F,A1
19526,7883,Yatan Deo,42,M,A1
19527,7883,Samaksh Chada,26,M,A2
19528,7884,Kiaan Pai,20,M,A1
19529,7885,Saanvi Kohli,29,F,A1
19530,7885,Anay Mitra,37,M,A2
19531,7886,Faqid Srinivas,36,M,A1
19532,7887,Gabriel Dugar,45,M,A1
19533,7887,Girik Zacharia,36,M,A2
19534,7887,Ojas Kapoor,23,M,A3
19535,7888,Nakul Din,33,M,A1
19536,7888,Shaurya Maharaj,48,M,A2
19537,7888,Lucky Rai,43,M,A3
19538,7889,Reyansh Rattan,36,M,A1
19539,7889,Nihal Jha,48,M,A2
19540,7889,Jeremiah Dasgupta,31,M,A3
19541,7889,Jai Sawhney,42,M,A4
19542,7890,William Buch,24,M,A1
19543,7890,Benjamin Tank,37,M,A2
19544,7890,Yahvi Gulati,27,F,A3
19545,7891,Charan Swaminathan,30,M,A1
19546,7891,Ayushman Sani,29,M,A2
19547,7891,Abhiram Dugar,35,M,A3
19548,7892,Jonathan Sule,37,M,A1
19549,7892,Vamakshi Bajwa,43,F,A2
19550,7892,Jackson Prabhu,23,M,A3
19551,7892,Samuel Batra,30,M,A4
19552,7893,Advik Merchant,30,M,A1
19553,7893,Wazir Chokshi,23,M,A2
19554,7894,Dakshesh Manne,42,M,A1
19555,7894,Vivaan Srinivasan,30,M,A2
19556,7895,Dipta Bhargava,21,F,A1
19557,7895,Neel Purohit,38,M,A2
19558,7895,Kiaan Gera,36,M,A3
19559,7896,Anay Dora,40,M,A1
19560,7896,Yashodhara Murty,19,F,A2
19561,7896,Timothy Kamdar,28,M,A3
19562,7896,Sarthak Murthy,33,M,A4
19563,7897,Jackson Sabharwal,43,M,A1
19564,7897,Arjun Natt,29,M,A2
19565,7898,Andrew Kadakia,32,M,A1
19566,7899,Edhitha Chanda,23,F,A1
19567,7900,Nitesh Ranganathan,39,M,A1
19568,7900,Oscar Ray,28,M,A2
19569,7900,Gaurangi Bajaj,25,F,A3
19570,7901,Onveer Savant,34,M,A1
19571,7901,Sathvik Cherian,25,M,A2
19572,7902,Chanakya Nanda,25,M,A1
19573,7903,Jason Din,42,M,A1
19574,7903,Faraj Tara,30,M,A2
19575,7904,Ethan Pai,34,M,A1
19576,7905,Agastya Kala,42,M,A1
19577,7905,Udant Konda,37,M,A2
19578,7906,Ikbal Chawla,21,M,A1
19579,7906,Max Nigam,27,M,A2
19580,7907,Zashil Agarwal,41,M,A1
19581,7907,Aayush Mammen,34,M,A2
19582,7908,Tanish Chaudhary,33,M,A1
19583,7908,Chakradev Handa,42,M,A2
19584,7909,Alka Ramachandran,34,F,A1
19585,7909,Chameli Issac,30,F,A2
19586,7910,Xavier Mane,41,M,A1
19587,7911,Laksh Mukherjee,19,M,A1
19588,7911,Lakshit Khalsa,22,M,A2
19589,7911,Isaiah Yohannan,39,M,A3
19590,7911,Yatin Varghese,44,M,A4
19591,7912,Krishna Johal,35,M,A1
19592,7913,Tarak Pandey,21,M,A1
19593,7914,Atharv Parekh,22,M,A1
19594,7914,Ekbal Wable,37,M,A2
19595,7914,Falan Lata,23,M,A3
19596,7915,Raghav Nagar,32,M,A1
19597,7916,Rishi Tandon,42,M,A1
19598,7916,Balvan Bahl,38,M,A2
19599,7917,Laksh Nath,34,M,A1
19600,7917,Lekha Dar,36,F,A2
19601,7917,Jacob Goda,25,M,A3
19602,7917,Kevin Dewan,42,M,A4
19603,7918,Qarin Bassi,34,M,A1
19604,7918,Nisha Uppal,21,F,A2
19605,7919,Onkar Rastogi,40,M,A1
19606,7919,Owen Uppal,46,M,A2
19607,7920,Vasana Yadav,32,F,A1
19608,7920,Ekapad Gopal,24,M,A2
19609,7920,Chatresh D’Alia,45,M,A3
19610,7920,Rachit Pathak,32,M,A4
19611,7921,Aashi Nair,28,F,A1
19612,7921,Kiaan Prabhakar,28,M,A2
19613,7922,Hemal Basu,37,F,A1
19614,7923,Nakul Khurana,32,M,A1
19615,7924,Shaurya Keer,36,M,A1
19616,7924,Umang Jani,22,M,A2
19617,7924,Thomas Issac,46,M,A3
19618,7925,Devika Gera,26,F,A1
19619,7925,Daksh Dubey,37,M,A2
19620,7925,Krishna Narayan,23,M,A3
19621,7925,Jatin Das,30,M,A4
19622,7926,Tejas Oak,38,M,A1
19623,7926,Ekalinga Venkatesh,31,M,A2
19624,7926,Tanay Mane,28,M,A3
19625,7927,Faqid Dey,37,M,A1
19626,7927,Lakshit Mani,35,M,A2
19627,7928,Aayush Bajwa,43,M,A1
19628,7928,Ranveer Varughese,26,M,A2
19629,7929,Ojas Oza,28,M,A1
19630,7929,Ekansh Datta,24,M,A2
19631,7930,Girindra Garde,26,M,A1
19632,7930,Advik Sundaram,19,M,A2
19633,7930,Yagnesh Borah,35,M,A3
19634,7930,Kabir Saini,28,M,A4
19635,7931,Ekalinga Ratta,28,M,A1
19636,7931,Ishaan Savant,41,M,A2
19637,7931,Farhan Puri,37,M,A3
19638,7931,Nathan Viswanathan,38,M,A4
19639,7932,Dalbir Ratti,40,M,A1
19640,7932,Zayyan Raja,20,M,A2
19641,7932,Niharika Magar,31,F,A3
19642,7932,Jatin Gole,25,M,A4
19643,7933,Yachana Sahni,33,F,A1
19644,7933,Sudiksha Modi,39,F,A2
19645,7933,Shivansh Morar,25,M,A3
19646,7933,Abeer Narayanan,40,M,A4
19647,7934,Jeremiah Bumb,39,M,A1
19648,7934,Hemang Shan,43,M,A2
19649,7934,Jatin Agrawal,40,M,A3
19650,7934,Aayush Chacko,36,M,A4
19651,7935,Charvi Puri,29,F,A1
19652,7935,Chanakya Sant,36,M,A2
19653,7935,Lohit Shukla,24,M,A3
19654,7936,Fiyaz Jhaveri,38,M,A1
19655,7937,Dev Jaggi,42,M,A1
19656,7938,Charles Sem,37,M,A1
19657,7938,Zayan Lalla,39,M,A2
19658,7938,Nakul Raj,26,M,A3
19659,7938,Eshana Peri,47,F,A4
19660,7939,Aarav Sekhon,44,M,A1
19661,7940,Falan Bhatia,37,M,A1
19662,7940,Balhaar Bir,29,M,A2
19663,7940,Vasatika Sandal,39,F,A3
19664,7940,Chatura Upadhyay,38,M,A4
19665,7941,Onkar Kara,41,M,A1
19666,7941,Tejas Oommen,36,M,A2
19667,7941,Samuel Doshi,24,M,A3
19668,7942,Xavier Memon,31,M,A1
19669,7942,Tejas Kata,46,M,A2
19670,7943,Yochana Bhargava,33,F,A1
19671,7943,Yash Krishnan,43,M,A2
19672,7943,Harshil Bandi,43,M,A3
19673,7943,Chaitanya Parsa,45,M,A4
19674,7944,Benjamin Baria,37,M,A1
19675,7944,Onveer Ghosh,26,M,A2
19676,7944,Eta Shanker,29,F,A3
19677,7944,Daniel Ganesh,25,M,A4
19678,7945,Wyatt Sawhney,25,M,A1
19679,7945,Maanas Devan,32,M,A2
19680,7946,Pranav Shukla,34,M,A1
19681,7946,Jatin Dugar,44,M,A2
19682,7946,Praneel Acharya,34,M,A3
19683,7946,Omkaar Johal,32,M,A4
19684,7947,Nicholas Shukla,32,M,A1
19685,7947,Jatin Natarajan,28,M,A2
19686,7948,Bahadurjit Saini,32,M,A1
19687,7948,Guneet Tata,30,M,A2
19688,7948,Ekani Vaidya,41,F,A3
19689,7948,Faraj Pandit,21,M,A4
19690,7949,Ekapad Dyal,32,M,A1
19691,7950,Falguni Dhar,45,F,A1
19692,7950,Gaurang Misra,47,M,A2
19693,7950,Mekhala Menon,21,F,A3
19694,7950,Abhimanyu Mukhopadhyay,41,M,A4
19695,7951,Madhav Bhandari,44,M,A1
19696,7951,Jason Loyal,40,M,A2
19697,7951,Balendra Nayak,22,M,A3
19698,7951,Ekbal Mander,34,M,A4
19699,7952,Chandani Ray,35,F,A1
19700,7952,Dalbir Parsa,36,M,A2
19701,7952,Anirudh Bansal,33,M,A3
19702,7952,Praneel Kannan,32,M,A4
19703,7953,Bhavani Shan,47,F,A1
19704,7953,Udarsh Chatterjee,29,M,A2
19705,7954,Mitesh Shankar,35,M,A1
19706,7955,Ladli Narula,28,F,A1
19707,7956,Vincent Nayar,25,M,A1
19708,7956,Noah Sodhi,30,M,A2
19709,7956,Fitan Dutta,20,M,A3
19710,7957,Adweta Sandal,38,F,A1
19711,7957,Jeremiah Soman,22,M,A2
19712,7957,Teerth Oommen,44,M,A3
19713,7958,David Narayanan,33,M,A1
19714,7959,Upasna Atwal,30,F,A1
19715,7959,Harsh Bal,43,M,A2
19716,7959,Vrinda Mitra,36,F,A3
19717,7960,Dhruv Kuruvilla,27,M,A1
19718,7960,Dalbir Lad,44,M,A2
19719,7961,Balendra Parekh,44,M,A1
19720,7961,Siddharth Ravel,38,M,A2
19721,7962,Akshay Merchant,22,M,A1
19722,7963,Nathan Grover,39,M,A1
19723,7964,Nilima Grover,43,F,A1
19724,7964,Pallavi Thaker,31,F,A2
19725,7965,Aradhana Lad,40,F,A1
19726,7965,Advik Bal,24,M,A2
19727,7965,Charles Chhabra,29,M,A3
19728,7965,Urmi Oak,23,F,A4
19729,7966,Arya Jhaveri,24,F,A1
19730,7966,Dhriti Puri,23,F,A2
19731,7967,Amol Dalal,34,M,A1
19732,7967,Dev Mall,42,M,A2
19733,7967,Anmol Ganesh,44,M,A3
19734,7968,Gaurang Natarajan,20,M,A1
19735,7968,Dalbir Mukherjee,37,M,A2
19736,7968,Sathvik Raju,34,M,A3
19737,7969,Chakradhar Murthy,42,M,A1
19738,7969,Chandresh Chad,33,M,A2
19739,7969,Sachi Pal,37,F,A3
19740,7969,Tanveer Joshi,26,M,A4
19741,7970,Yuvraj Bajwa,42,M,A1
19742,7970,Chatresh Oza,30,M,A2
19743,7971,Ayushman Gulati,31,M,A1
19744,7972,Lila Bains,19,F,A1
19745,7972,Azaan Murty,36,M,A2
19746,7973,Vritti Padmanabhan,28,F,A1
19747,7973,Nachiket Bhardwaj,24,M,A2
19748,7973,Anay Bora,41,M,A3
19749,7973,Tanish Majumdar,31,M,A4
19750,7974,Chatura Bala,26,M,A1
19751,7974,Chanakya Saran,45,M,A2
19752,7975,Saumya Mann,45,F,A1
19753,7975,Naveen Anne,24,M,A2
19754,7975,Ikbal Dutt,26,M,A3
19755,7976,Zehaan Contractor,46,M,A1
19756,7976,Arjun Muni,28,M,A2
19757,7977,Champak Loke,45,M,A1
19758,7977,Fitan Kuruvilla,30,M,A2
19759,7977,Arin Borra,45,M,A3
19760,7977,Azaan Jhaveri,35,M,A4
19761,7978,Gunbir Dayal,43,M,A1
19762,7979,Rayaan Deshmukh,38,M,A1
19763,7979,Saksham Devan,38,M,A2
19764,7980,Nihal Lanka,36,M,A1
19765,7980,Owen Bal,40,M,A2
19766,7981,Riya Dhingra,42,F,A1
19767,7981,Mason Manne,40,M,A2
19768,7981,Raghav Rout,38,M,A3
19769,7981,Oviya Buch,23,F,A4
19770,7982,Azaan Raghavan,46,M,A1
19771,7983,Bachittar Karnik,26,M,A1
19772,7984,Chaman Gill,30,F,A1
19773,7984,Ranbir Bhat,23,M,A2
19774,7984,Pranit Merchant,40,M,A3
19775,7984,Frado Arora,38,M,A4
19776,7985,David Ahluwalia,23,M,A1
19777,7985,Ronith Reddy,40,M,A2
19778,7985,Sarthak Wali,38,M,A3
19779,7986,Qarin Sidhu,33,M,A1
19780,7986,Rishi Murty,29,M,A2
19781,7987,Jai Mutti,19,M,A1
19782,7988,Liam Yohannan,39,M,A1
19783,7988,Bakhshi Dass,37,M,A2
19784,7988,Aayush Purohit,26,M,A3
19785,7989,Maanas Kant,31,M,A1
19786,7989,Nimrat Kumer,37,F,A2
19787,7989,Sathvik Manda,36,M,A3
19788,7989,Parth Nayar,39,M,A4
19789,7990,Rohan Deol,33,M,A1
19790,7990,Arjun Korpal,36,M,A2
19791,7990,Michael Divan,30,M,A3
19792,7990,Benjamin Sunder,45,M,A4
19793,7991,Jairaj Chada,44,M,A1
19794,7992,Advika Nath,26,F,A1
19795,7992,Arjun Goyal,40,M,A2
19796,7992,Jeremiah Jayaraman,34,M,A3
19797,7993,Manan Ahuja,19,M,A1
19798,7993,Zarna Om,31,F,A2
19799,7994,Ishaan Kari,33,M,A1
19800,7995,Parth Buch,41,M,A1
19801,7995,Xavier Nagarajan,45,M,A2
19802,7995,Karan Kaul,23,M,A3
19803,7996,Megha Kapadia,38,F,A1
19804,7996,Jasmit Sachdeva,37,F,A2
19805,7996,Dominic Mander,25,M,A3
19806,7997,Maanas Nath,19,M,A1
19807,7997,Fariq Natarajan,34,M,A2
19808,7998,Jagat Seth,39,M,A1
19809,7998,Urvi Borah,34,F,A2
19810,7998,Darpan Seth,27,M,A3
19811,7998,Xavier Borde,28,M,A4
19812,7999,Vamakshi Iyengar,31,F,A1
19813,7999,Ranbir Sathe,29,M,A2
19814,8000,Lajita Konda,40,F,A1
19815,8000,Isaac Deo,44,M,A2
19816,8000,Orinder Salvi,18,M,A3
19817,8000,Nandini Sinha,27,F,A4
19818,8001,Falan Bal,43,M,A1
19819,8001,Chandran Loke,44,M,A2
19820,8001,Vidhi Sangha,34,F,A3
19821,8002,Yutika Bhardwaj,36,F,A1
19822,8003,Onkar Mannan,31,M,A1
19823,8003,Tejas Sinha,40,M,A2
19824,8003,Robert Kala,44,M,A3
19825,8004,Qasim Prabhu,34,M,A1
19826,8005,Abeer Pall,30,M,A1
19827,8005,Andrew Deshpande,21,M,A2
19828,8005,Harshil Madan,43,M,A3
19829,8005,Veda Nadig,20,F,A4
19830,8006,Lucky Bose,39,M,A1
19831,8006,Yashawini Parsa,29,F,A2
19832,8006,Raagini Bhat,41,F,A3
19833,8006,Luke Bava,46,M,A4
19834,8007,Viraj Dara,30,M,A1
19835,8007,Rohan Dasgupta,43,M,A2
19836,8007,Sanaya Kar,31,F,A3
19837,8007,Joshua Dube,25,M,A4
19838,8008,Fariq Cherian,22,M,A1
19839,8008,Tanay Soni,29,M,A2
19840,8009,Tanmayi Sawhney,35,F,A1
19841,8009,Abhimanyu Amble,43,M,A2
19842,8010,Aryan Bahl,28,M,A1
19843,8010,Timothy Talwar,36,M,A2
19844,8010,Azad Rana,33,M,A3
19845,8011,Warjas Sani,29,M,A1
19846,8011,Jonathan Seth,33,M,A2
19847,8012,Mitesh Halder,28,M,A1
19848,8013,Balvan Zachariah,38,M,A1
19849,8014,Rachit Vora,39,M,A1
19850,8014,Dakshesh Chander,36,M,A2
19851,8014,Avni Acharya,44,F,A3
19852,8014,Dev Savant,23,M,A4
19853,8015,Reva Kunda,31,F,A1
19854,8016,Nicholas Gala,40,M,A1
19855,8017,Aadi Buch,43,M,A1
19856,8017,Neel Keer,36,M,A2
19857,8018,Jairaj Apte,43,M,A1
19858,8018,Tanay Gandhi,31,M,A2
19859,8018,Tanay Dutta,36,M,A3
19860,8019,Tarak Subramanian,22,M,A1
19861,8019,Pranav Bala,19,M,A2
19862,8019,Pallavi Agate,27,F,A3
19863,8019,Om Raj,38,M,A4
19864,8020,Pranav Chacko,28,M,A1
19865,8020,Veer Sagar,33,M,A2
19866,8021,Bachittar Sagar,29,M,A1
19867,8021,Madhav Ben,46,M,A2
19868,8021,Patrick Rout,35,M,A3
19869,8022,Qasim Nath,31,M,A1
19870,8023,Gayathri Rama,26,F,A1
19871,8023,Banjeet Yadav,22,M,A2
19872,8023,Girindra Loyal,48,M,A3
19873,8024,Joshua Sankar,26,M,A1
19874,8024,Shivansh Bawa,36,M,A2
19875,8024,Ikshita Wali,32,F,A3
19876,8024,Ishanvi Ratta,26,F,A4
19877,8025,Sai Ray,27,F,A1
19878,8026,David Radhakrishnan,39,M,A1
19879,8026,Wriddhish Ram,43,M,A2
19880,8027,Manbir Agate,41,M,A1
19881,8027,Hritik Sami,37,M,A2
19882,8027,Vihaan Bhakta,23,M,A3
19883,8027,Chakradev Chakraborty,32,M,A4
19884,8028,Fitan Wagle,35,M,A1
19885,8028,Fitan Varty,29,M,A2
19886,8028,Robert Dar,40,M,A3
19887,8029,Balveer Sura,28,M,A1
19888,8029,Samaksh Ravel,41,M,A2
19889,8029,Gagan Ramachandran,20,M,A3
19890,8030,Karan Shankar,42,M,A1
19891,8030,Gopal Dey,26,M,A2
19892,8030,Ekta Ranganathan,26,F,A3
19893,8030,Advika Chowdhury,35,F,A4
19894,8031,Manbir Zachariah,43,M,A1
19895,8031,Pranit Bhavsar,26,M,A2
19896,8031,Samarth Konda,43,M,A3
19897,8031,Nihal Sarma,43,M,A4
19898,8032,Nihal Garde,40,M,A1
19899,8033,Anthony Khurana,44,M,A1
19900,8033,Noah Dhaliwal,42,M,A2
19901,8033,Faras Rajagopalan,40,M,A3
19902,8034,Gopal Rau,19,M,A1
19903,8035,Chakradev Dubey,30,M,A1
19904,8035,Jacob Brar,36,M,A2
19905,8035,Umang Narain,23,M,A3
19906,8036,Ryan Rana,46,M,A1
19907,8037,Kalpit Hayre,43,M,A1
19908,8038,Tejas Walia,29,M,A1
19909,8038,Chaitanya Anne,20,M,A2
19910,8038,Tanveer Sem,47,M,A3
19911,8039,Lajita Konda,41,F,A1
19912,8039,Imaran Kade,34,M,A2
19913,8039,Bachittar Wali,31,M,A3
19914,8039,Luke Vig,31,M,A4
19915,8040,Nathaniel Agrawal,42,M,A1
19916,8040,Utkarsh Zacharia,27,M,A2
19917,8040,Naveen Sundaram,41,M,A3
19918,8040,Kiaan Pingle,44,M,A4
19919,8041,Tejas Roy,33,M,A1
19920,8042,Gautam Bala,43,M,A1
19921,8043,Pranav Bains,33,M,A1
19922,8043,Indrajit Mody,44,M,A2
19923,8043,Tanvi Kala,36,F,A3
19924,8043,Ekapad Raghavan,24,M,A4
19925,8044,Zaid Sawhney,33,M,A1
19926,8044,Aryan Krish,25,M,A2
19927,8044,Neel Dalal,42,M,A3
19928,8044,Nathan Barad,34,M,A4
19929,8045,Baghyawati Dhar,42,F,A1
19930,8045,Kavya Vasa,29,F,A2
19931,8045,Jason Gara,43,M,A3
19932,8045,Luke Chowdhury,20,M,A4
19933,8046,Lipika Chahal,29,F,A1
19934,8046,Karan Yohannan,38,M,A2
19935,8046,Qarin Date,19,M,A3
19936,8046,Henry Saini,40,M,A4
19937,8047,Timothy Warrior,20,M,A1
19938,8047,Ekansh Sehgal,38,M,A2
19939,8047,Farhan Bhatnagar,28,M,A3
19940,8048,Ishaan Mann,45,M,A1
19941,8048,Charan Gandhi,43,M,A2
19942,8048,Tanay Dugar,39,M,A3
19943,8049,Banjeet Bhatia,42,M,A1
19944,8049,Nisha Nazareth,48,F,A2
19945,8049,Lucky Dara,42,M,A3
19946,8049,Christopher Guha,44,M,A4
19947,8050,Indrajit Kannan,37,M,A1
19948,8050,Jason Bhat,41,M,A2
19949,8050,Janaki Lal,47,F,A3
19950,8050,Tejas Badal,43,M,A4
19951,8051,Pushti Sankaran,38,F,A1
19952,8051,Tristan Wadhwa,46,M,A2
19953,8052,Dominic Chaudhari,43,M,A1
19954,8053,Harsh Dara,19,M,A1
19955,8054,Laksh Chahal,25,M,A1
19956,8055,Hamsini Mohanty,47,F,A1
19957,8055,George Prashad,39,M,A2
19958,8055,Kiaan Kade,21,M,A3
19959,8056,Yuvraj Gera,22,M,A1
19960,8056,Chatresh Goyal,33,M,A2
19961,8056,Shaurya Bhatti,42,M,A3
19962,8057,Indrajit Sur,46,M,A1
19963,8057,Umang Koshy,30,M,A2
19964,8057,Kevin Johal,42,M,A3
19965,8057,Gagan Karpe,43,M,A4
19966,8058,Mugdha Gandhi,22,F,A1
19967,8058,Aarav Sagar,26,M,A2
19968,8058,Tanish Andra,27,M,A3
19969,8059,Saksham Andra,35,M,A1
19970,8060,Hardik Mittal,23,M,A1
19971,8061,Shivansh Raman,22,M,A1
19972,8062,Zashil Rattan,27,M,A1
19973,8062,Pranit Swaminathan,44,M,A2
19974,8062,Chanakya Subramanian,45,M,A3
19975,8063,Jeet Venkataraman,20,M,A1
19976,8064,Quincy Kapadia,30,M,A1
19977,8064,Manan Bhagat,22,M,A2
19978,8065,Zehaan Mann,20,M,A1
19979,8065,Simon Morar,38,M,A2
19980,8065,Tarak Subramanian,23,M,A3
19981,8066,Ayush Swamy,26,M,A1
19982,8066,Jyoti Kata,25,F,A2
19983,8066,Tanish Sangha,26,M,A3
19984,8067,Dalbir Bajaj,29,M,A1
19985,8067,Alexander Rajagopalan,22,M,A2
19986,8067,Harsh Vora,43,M,A3
19987,8067,Henry Korpal,27,M,A4
19988,8068,Harsh Bhasin,31,M,A1
19989,8069,Manbir Balasubramanian,30,M,A1
19990,8070,Wridesh Bhakta,33,M,A1
19991,8071,Laksh Kothari,44,M,A1
19992,8071,Shivansh Kapadia,27,M,A2
19993,8072,Neel Dar,41,M,A1
19994,8072,Vivaan Mammen,24,M,A2
19995,8072,Dev Chakraborty,28,M,A3
19996,8073,Fiyaz Bedi,26,M,A1
19997,8073,Abdul Bose,35,M,A2
19998,8074,Logan Koshy,45,M,A1
19999,8075,Nitara Gade,26,F,A1
20000,8075,Zayyan Goel,45,M,A2
20001,8075,Manbir Varma,35,M,A3
20002,8076,Qasim Borra,43,M,A1
20003,8076,Logan Deshpande,38,M,A2
20004,8077,Dayamai Chokshi,23,F,A1
20005,8077,Balvan Nadkarni,37,M,A2
20006,8077,Zayan Rao,20,M,A3
20007,8077,Samar Rao,44,M,A4
20008,8078,Faqid Buch,44,M,A1
20009,8079,Aayush Dayal,39,M,A1
20010,8080,Hemang Joshi,20,M,A1
20011,8081,Chakradev Memon,26,M,A1
20012,8081,Gagan Ben,41,M,A2
20013,8082,Ronith Dugar,26,M,A1
20014,8083,Udant Narain,29,M,A1
20015,8083,Chandani Ranganathan,24,F,A2
20016,8083,Jatin Sabharwal,40,M,A3
20017,8083,Gaurang Randhawa,18,M,A4
20018,8084,Balvan Deo,32,M,A1
20019,8084,Vivaan Din,36,M,A2
20020,8084,Caleb Sankaran,21,M,A3
20021,8084,Peter Bawa,41,M,A4
20022,8085,Sarthak Shah,28,M,A1
20023,8086,Divya Solanki,36,F,A1
20024,8086,Pratyush Saini,31,M,A2
20025,8086,Aadi Rau,30,M,A3
20026,8086,Dalbir Rao,29,M,A4
20027,8087,Sai Dhingra,47,F,A1
20028,8087,Guneet Patla,41,M,A2
20029,8087,Avi Char,24,M,A3
20030,8087,Abhimanyu Saraf,30,M,A4
20031,8088,Hemal Palla,42,F,A1
20032,8088,Fariq Sama,27,M,A2
20033,8088,Joshua Upadhyay,36,M,A3
20034,8089,Dalbir Rastogi,24,M,A1
20035,8089,Tristan Doshi,28,M,A2
20036,8090,Hitesh Narain,22,M,A1
20037,8090,Janaki Gade,44,F,A2
20038,8091,Krishna Zachariah,28,F,A1
20039,8091,Ekanta Pandya,48,F,A2
20040,8092,Samesh Kumar,31,M,A1
20041,8093,Samuel Menon,39,M,A1
20042,8093,Aarav Dar,37,M,A2
20043,8093,Lakshit Comar,39,M,A3
20044,8093,Azad Bhardwaj,38,M,A4
20045,8094,Avi Narang,19,M,A1
20046,8095,Balhaar Bail,26,M,A1
20047,8095,Arunima Bassi,36,F,A2
20048,8095,David Shankar,33,M,A3
20049,8095,Harrison Narayan,24,M,A4
20050,8096,Nihal Lal,30,M,A1
20051,8097,Chasmum Gala,35,F,A1
20052,8097,Zayan Shankar,45,M,A2
20053,8097,Bakhshi Parekh,31,M,A3
20054,8097,Gagan Kulkarni,42,M,A4
20055,8098,Azad Murty,44,M,A1
20056,8098,Jairaj Chanda,36,M,A2
20057,8098,Pushti Bala,20,F,A3
20058,8099,Jeevika Krish,37,F,A1
20059,8099,Dhruv Hans,25,M,A2
20060,8100,Advaith Singhal,46,M,A1
20061,8101,Girindra Sodhi,23,M,A1
20062,8101,Jagat Goyal,18,M,A2
20063,8102,Gavin Zacharia,27,M,A1
20064,8103,Tarak Ranganathan,44,M,A1
20065,8103,Zashil Pau,30,M,A2
20066,8104,Ikbal Sama,30,M,A1
20067,8105,Jairaj Iyer,43,M,A1
20068,8105,Kalpit Bava,28,M,A2
20069,8106,Charan Ghose,38,M,A1
20070,8106,Manbir Hegde,29,M,A2
20071,8106,Siddharth Khurana,34,M,A3
20072,8107,Yatin Rout,25,M,A1
20073,8107,Nicholas Amble,30,M,A2
20074,8107,Jason Prashad,28,M,A3
20075,8107,Sarthak Vora,27,M,A4
20076,8108,Ekaraj Buch,33,M,A1
20077,8108,Lakshit Kota,36,M,A2
20078,8109,Balvan Dara,40,M,A1
20079,8109,Aryan Ghose,29,M,A2
20080,8110,Vrishti Barad,23,F,A1
20081,8110,Aayush Sur,40,M,A2
20082,8110,Farhan Shukla,27,M,A3
20083,8110,Gabriel Trivedi,38,M,A4
20084,8111,Girindra Verma,31,M,A1
20085,8111,Dev Rastogi,31,M,A2
20086,8112,Isaiah Mangat,35,M,A1
20087,8113,Tejas Madan,37,M,A1
20088,8113,Warinder Chad,43,M,A2
20089,8113,Frederick Narayanan,33,M,A3
20090,8114,Jackson Batta,35,M,A1
20091,8114,Pranav Dar,28,M,A2
20092,8114,Pranav Vig,33,M,A3
20093,8114,George Nazareth,22,M,A4
20094,8115,Utkarsh Mohan,21,M,A1
20095,8115,Jack Gara,39,M,A2
20096,8116,Finn Sane,37,M,A1
20097,8116,Azaan Tara,41,M,A2
20098,8116,Jatin Bala,23,M,A3
20099,8117,Wakeeta Amble,23,F,A1
20100,8117,Rachit Mistry,25,M,A2
20101,8118,Tanveer Vyas,29,M,A1
20102,8118,Anthony Krishnamurthy,28,M,A2
20103,8118,Karan Pandey,41,M,A3
20104,8118,Harsh Dalal,28,M,A4
20105,8119,Madhav Khosla,28,M,A1
20106,8120,Jason Bahl,39,M,A1
20107,8120,Ansh Singh,37,M,A2
20108,8120,Abhiram Chacko,35,M,A3
20109,8120,Wahab Sem,42,M,A4
20110,8121,Krish Deo,25,M,A1
20111,8121,Benjamin Som,33,M,A2
20112,8121,Anthony Jhaveri,18,M,A3
20113,8121,David Kalla,46,M,A4
20114,8122,Wriddhish Tak,26,M,A1
20115,8122,Laksh Khatri,35,M,A2
20116,8122,Guneet Nayar,27,M,A3
20117,8122,Lakshit Kunda,29,M,A4
20118,8123,Pooja Bajwa,42,F,A1
20119,8123,Parth Oza,42,M,A2
20120,8123,Bachittar Dani,33,M,A3
20121,8124,Onveer Rajagopalan,18,M,A1
20122,8124,Lila Sabharwal,27,F,A2
20123,8125,Aayush Nagarajan,40,M,A1
20124,8125,Luke Pingle,33,M,A2
20125,8125,Riya Sem,40,F,A3
20126,8126,Dev Wali,27,M,A1
20127,8126,Victor Sekhon,30,M,A2
20128,8127,Devansh Narain,34,M,A1
20129,8128,Peter Kala,23,M,A1
20130,8128,Kai Barad,25,M,A2
20131,8129,Girindra Bhatia,22,M,A1
20132,8129,Neel Bahri,24,M,A2
20133,8129,Ganga Ramesh,35,F,A3
20134,8130,Vivaan Ravel,35,M,A1
20135,8130,Reyansh Ahuja,38,M,A2
20136,8131,Jacob Natt,26,M,A1
20137,8131,Reyansh Mammen,32,M,A2
20138,8132,Quincy Sethi,23,M,A1
20139,8132,Aarna Karpe,29,F,A2
20140,8132,Lohit Dalal,26,M,A3
20141,8133,Ekaraj Sethi,36,M,A1
20142,8133,Owen Comar,36,M,A2
20143,8133,Chanakya Prasad,35,M,A3
20144,8134,Matthew Kari,34,M,A1
20145,8134,Dhruv Hegde,29,M,A2
20146,8134,Ekapad Dhawan,23,M,A3
20147,8135,Jai Pingle,34,M,A1
20148,8136,Amaira Narayan,23,F,A1
20149,8136,Umang Tella,27,M,A2
20150,8137,Manbir Swamy,24,M,A1
20151,8137,Jacob Krish,29,M,A2
20152,8137,Dayamai Kapadia,23,F,A3
20153,8138,Om Shetty,22,M,A1
20154,8139,Rushil Saxena,29,M,A1
20155,8139,Yashawini Raghavan,21,F,A2
20156,8139,Indrajit Gole,40,M,A3
20157,8139,Dhruv Vora,44,M,A4
20158,8140,Jhalak Nayar,39,F,A1
20159,8140,Siddharth Behl,29,M,A2
20160,8140,Ojas Padmanabhan,45,M,A3
20161,8140,Watika Koshy,33,F,A4
20162,8141,Harrison Chandran,44,M,A1
20163,8142,Quincy Pillay,43,M,A1
20164,8143,Jason Nanda,27,M,A1
20165,8143,Ishanvi Basu,45,F,A2
20166,8143,Yachana Gulati,34,F,A3
20167,8143,Nikita Sastry,26,F,A4
20168,8144,Hredhaan Butala,35,M,A1
20169,8144,Ishwar Dayal,29,M,A2
20170,8144,Amaira Cheema,33,F,A3
20171,8144,Jeet Shroff,24,M,A4
20172,8145,Naveen Khanna,21,M,A1
20173,8145,Harsh Ghose,48,M,A2
20174,8146,Dalbir Krish,36,M,A1
20175,8146,Nachiket Khurana,39,M,A2
20176,8146,Tristan Radhakrishnan,22,M,A3
20177,8147,Gagan Cheema,29,M,A1
20178,8147,Wyatt Zacharia,35,M,A2
20179,8147,Vivaan Rau,39,M,A3
20180,8148,Maanav Koshy,44,M,A1
20181,8148,Samarth Khare,37,M,A2
20182,8149,Fiyaz Bhatia,20,M,A1
20183,8150,Balvan Atwal,24,M,A1
20184,8150,Suhani Raman,30,F,A2
20185,8150,Jason Bal,40,M,A3
20186,8151,Arin Salvi,34,M,A1
20187,8151,Zinal Dave,21,F,A2
20188,8152,Charan Bansal,31,M,A1
20189,8152,Mohammed Dua,34,M,A2
20190,8152,Patrick Kannan,23,M,A3
20191,8152,Krishna Varma,45,M,A4
20192,8153,Ranbir Amble,38,M,A1
20193,8153,Falan Borah,35,M,A2
20194,8153,Upkaar Ganesh,42,M,A3
20195,8153,Gaurang Mittal,35,M,A4
20196,8154,Yuvraj Bora,46,M,A1
20197,8154,Rayaan Walla,47,M,A2
20198,8155,Nikita Jain,30,F,A1
20199,8155,Aditya Kibe,32,M,A2
20200,8156,Ekbal Mand,28,M,A1
20201,8156,Aadi Kala,29,M,A2
20202,8156,Gavin Kar,31,M,A3
20203,8157,Gunbir Patel,26,M,A1
20204,8157,Ekaraj Sachdev,46,M,A2
20205,8157,Frederick Pandit,34,M,A3
20206,8158,Harsh Baral,30,M,A1
20207,8158,Balveer Ganesan,22,M,A2
20208,8158,Ethan Ghosh,30,M,A3
20209,8159,Dayamai Pingle,25,F,A1
20210,8159,Jagat Pall,41,M,A2
20211,8159,Orinder Agate,34,M,A3
20212,8160,Champak Jayaraman,42,M,A1
20213,8160,Girik Dyal,38,M,A2
20214,8160,Victor Mahajan,41,M,A3
20215,8161,Ojasvi Chada,34,F,A1
20216,8161,Jeremiah Ganesh,29,M,A2
20217,8161,Balveer Dada,44,M,A3
20218,8162,Tripti Madan,29,F,A1
20219,8163,Abha Sarraf,45,F,A1
20220,8163,Ayaan Goswami,20,M,A2
20221,8163,Liam Sachdev,43,M,A3
20222,8163,Ethan Sabharwal,21,M,A4
20223,8164,Pooja Krishnan,29,F,A1
20224,8164,Joshua Sarma,26,M,A2
20225,8164,Abeer Devan,38,M,A3
20226,8165,Jyoti Natt,23,F,A1
20227,8165,Ekapad Sarna,37,M,A2
20228,8166,Krish Chaudry,29,M,A1
20229,8167,Varenya Rastogi,42,F,A1
20230,8167,Gagan Gera,38,M,A2
20231,8167,Qabil Bir,38,M,A3
20232,8168,Manbir Thakur,41,M,A1
20233,8169,Aarna Tank,22,F,A1
20234,8169,Chatura Ghose,44,M,A2
20235,8169,Kritika Sur,46,F,A3
20236,8169,Ekaraj Choudhary,26,M,A4
20237,8170,Upadhriti Vora,41,F,A1
20238,8170,Jacob Samra,21,M,A2
20239,8170,Thomas Kumar,29,M,A3
20240,8171,Rehaan Radhakrishnan,28,M,A1
20241,8171,Ekalinga Agarwal,45,M,A2
20242,8172,Indira Sibal,42,F,A1
20243,8172,Faraj Keer,35,M,A2
20244,8173,David Thaker,37,M,A1
20245,8173,Matthew Sandhu,33,M,A2
20246,8174,Bachittar Wali,24,M,A1
20247,8175,Falguni Subramaniam,26,F,A1
20248,8175,Yutika Seshadri,45,F,A2
20249,8175,Banjeet Dhawan,25,M,A3
20250,8175,Praneel Tak,36,M,A4
20251,8176,Ronith Pau,36,M,A1
20252,8177,Shivansh Chacko,40,M,A1
20253,8177,Janani Gokhale,37,F,A2
20254,8177,Zashil Mitter,27,M,A3
20255,8177,Elijah Prabhu,39,M,A4
20256,8178,Samesh Sibal,41,M,A1
20257,8178,Yashvi Vasa,39,F,A2
20258,8179,Wridesh Dey,27,M,A1
20259,8179,Bakhshi Biswas,38,M,A2
20260,8180,Jack Maharaj,46,M,A1
20261,8180,Nidhi Deo,44,F,A2
20262,8180,Darpan Datta,29,M,A3
20263,8181,Jacob Malhotra,42,M,A1
20264,8181,Chanakya Bora,35,M,A2
20265,8181,Balhaar Ramaswamy,40,M,A3
20266,8181,Baljiwan Grover,22,M,A4
20267,8182,Arin Wagle,21,M,A1
20268,8182,Ojas Ghosh,45,M,A2
20269,8183,Avni Bose,31,F,A1
20270,8183,Lohit Raval,32,M,A2
20271,8183,Nicholas Memon,44,M,A3
20272,8184,Ranveer Comar,34,M,A1
20273,8184,Chatresh Chakraborty,26,M,A2
20274,8184,Gagan Gandhi,26,M,A3
20275,8185,Rachit Narula,28,M,A1
20276,8185,Kashvi Kapur,20,F,A2
20277,8185,Faris Vohra,24,M,A3
20278,8186,Mitesh Vohra,45,M,A1
20279,8187,Finn Bhagat,27,M,A1
20280,8187,Wahab Taneja,34,M,A2
20281,8187,Dayita Virk,29,F,A3
20282,8188,Anusha Badal,31,F,A1
20283,8188,Max Raval,42,M,A2
20284,8189,Rishi Sagar,42,M,A1
20285,8190,Nachiket Loke,34,M,A1
20286,8190,Priya Mody,47,F,A2
20287,8191,Sathvik Edwin,39,M,A1
20288,8191,Mitesh Kakar,43,M,A2
20289,8191,Amol Bath,38,M,A3
20290,8191,Robert Tella,21,M,A4
20291,8192,Onveer Thaman,46,M,A1
20292,8192,Aryan Sinha,43,M,A2
20293,8193,Maya Krishnan,35,F,A1
20294,8193,Aadi Sur,44,M,A2
20295,8193,Charan Dugar,33,M,A3
20296,8194,Saksham Dhaliwal,29,M,A1
20297,8194,Ekavir Tata,25,M,A2
20298,8194,Laban Mand,38,M,A3
20299,8194,Priya Acharya,22,F,A4
20300,8195,Lohit Shukla,25,M,A1
20301,8195,Aryan Som,42,M,A2
20302,8196,Lohit Balasubramanian,25,M,A1
20303,8196,Gunbir Bali,33,M,A2
20304,8197,Sai Dube,31,M,A1
20305,8198,Tanish Thaman,24,M,A1
20306,8198,Aadi Kumar,44,M,A2
20307,8198,Sathvik Sarna,32,M,A3
20308,8199,Avi Das,30,M,A1
20309,8199,Onkar Dasgupta,34,M,A2
20310,8200,Naksh Lalla,31,M,A1
20311,8201,Guneet Dada,33,M,A1
20312,8201,Neha Taneja,33,F,A2
20313,8201,Quincy Kala,34,M,A3
20314,8202,Gaurang Mani,23,M,A1
20315,8202,Bachittar More,20,M,A2
20316,8202,Qasim Wable,47,M,A3
20317,8203,Chakradhar Dayal,44,M,A1
20318,8203,Chakradev Saha,42,M,A2
20319,8203,Jagvi Keer,37,F,A3
20320,8204,Balvan Dewan,47,M,A1
20321,8204,Daniel Shankar,34,M,A2
20322,8205,Baljiwan Buch,19,M,A1
20323,8205,Nidhi Thaman,41,F,A2
20324,8205,Nihal Subramaniam,35,M,A3
20325,8205,Krishna Mammen,29,M,A4
20326,8206,Joshua Patla,40,M,A1
20327,8207,Anay Chaudhuri,37,M,A1
20328,8207,Neel Goyal,40,M,A2
20329,8207,Manbir Menon,21,M,A3
20330,8208,Ikbal Saha,24,M,A1
20331,8208,Tanay Sarna,30,M,A2
20332,8209,Ishaan Chaudry,47,M,A1
20333,8209,Rishi Vora,40,M,A2
20334,8209,Madhavi Sami,35,F,A3
20335,8209,Simon Mander,44,M,A4
20336,8210,George Kibe,23,M,A1
20337,8211,Bakhshi Manda,41,M,A1
20338,8211,Chakradev Walia,25,M,A2
20339,8211,Arjun Suresh,27,M,A3
20340,8212,Chaitanya Mohanty,27,M,A1
20341,8212,Zansi Warrior,40,F,A2
20342,8212,Chakradev Sen,23,M,A3
20343,8213,Harshil Bhatia,45,M,A1
20344,8213,Peter Devan,28,M,A2
20345,8214,Falan Buch,38,M,A1
20346,8214,Kritika Dube,28,F,A2
20347,8215,Pratyush Dewan,25,M,A1
20348,8215,Girish Sandhu,35,M,A2
20349,8216,Anusha Bhat,37,F,A1
20350,8217,Shaurya Dhar,29,M,A1
20351,8218,Chaitanya Madan,38,M,A1
20352,8219,Gabriel Ghose,18,M,A1
20353,8220,Peter Bansal,28,M,A1
20354,8220,Chanchal Sachdeva,31,F,A2
20355,8221,Veer Rattan,29,M,A1
20356,8221,Viraj Deshmukh,41,M,A2
20357,8221,Ekavir Singhal,33,M,A3
20358,8222,Pratyush Babu,40,M,A1
20359,8222,Gagan Prakash,20,M,A2
20360,8223,Wahab Boase,29,M,A1
20361,8223,Victor Acharya,31,M,A2
20362,8223,Manan Vyas,25,M,A3
20363,8223,Veer Deo,32,M,A4
20364,8224,Ojas Wable,20,M,A1
20365,8225,Fitan Taneja,43,M,A1
20366,8225,Rohan Parekh,33,M,A2
20367,8226,Krish Ramaswamy,39,M,A1
20368,8226,Daksh Yogi,22,M,A2
20369,8227,Pratyush Mani,32,M,A1
20370,8228,Farhan Majumdar,23,M,A1
20371,8229,George Nath,37,M,A1
20372,8229,Wazir Tiwari,28,M,A2
20373,8229,Omkaar Bakshi,27,M,A3
20374,8229,Charles Badami,36,M,A4
20375,8230,Fariq Salvi,39,M,A1
20376,8230,Timothy Dubey,30,M,A2
20377,8230,Rayaan Sinha,23,M,A3
20378,8230,Forum Tank,41,F,A4
20379,8231,Ladli Srinivasan,18,F,A1
20380,8231,Max Divan,46,M,A2
20381,8232,Ekapad Mahajan,21,M,A1
20382,8232,Chakradev Mand,22,M,A2
20383,8233,Gopal Johal,30,M,A1
20384,8234,Hritik Rattan,41,M,A1
20385,8234,Ekansh Bora,31,M,A2
20386,8234,Peter Venkataraman,28,M,A3
20387,8234,Avni Bains,19,F,A4
20388,8235,Gopal Ratta,25,M,A1
20389,8235,Om Brar,46,M,A2
20390,8236,Harini Garg,30,F,A1
20391,8237,Rehaan Pandya,18,M,A1
20392,8238,Jonathan Sekhon,30,M,A1
20393,8239,Isha Lal,42,F,A1
20394,8240,Abdul Issac,48,M,A1
20395,8241,Charan Mander,27,M,A1
20396,8241,Matthew Sridhar,44,M,A2
20397,8241,Ishani Dugar,47,F,A3
20398,8241,Fitan Biswas,40,M,A4
20399,8242,Vedhika Bains,28,F,A1
20400,8242,Nathaniel Rao,22,M,A2
20401,8243,Bakhshi Sama,44,M,A1
20402,8243,Damini Aurora,41,F,A2
20403,8243,Azad Acharya,42,M,A3
20404,8244,Hemang Dey,26,M,A1
20405,8244,Jason Gill,38,M,A2
20406,8244,Kai Sani,22,M,A3
20407,8245,Jacob Choudhry,27,M,A1
20408,8245,Dalbir Amble,27,M,A2
20409,8245,Ekaraj Agrawal,27,M,A3
20410,8245,Manthan Chaudhari,42,M,A4
20411,8246,Yuvraj Gera,30,M,A1
20412,8247,Reyansh Wason,34,M,A1
20413,8247,Dev Chakrabarti,29,M,A2
20414,8247,Ayaan Korpal,28,M,A3
20415,8248,Mekhala Choudhry,40,F,A1
20416,8249,Tejas Behl,37,M,A1
20417,8249,Upkaar Baria,23,M,A2
20418,8250,Tristan Aggarwal,30,M,A1
20419,8250,Bahadurjit Srinivasan,41,M,A2
20420,8251,Ojasvi Sheth,23,F,A1
20421,8251,Bakhshi Dhaliwal,26,M,A2
20422,8252,Charan Sule,42,M,A1
20423,8252,Faras Mukhopadhyay,34,M,A2
20424,8252,Falan Balan,23,M,A3
20425,8252,Vidhi Babu,38,F,A4
20426,8253,Barkha Bumb,26,F,A1
20427,8253,Jeet Vala,46,M,A2
20428,8253,Chakradev Toor,19,M,A3
20429,8254,Onkar Pradhan,48,M,A1
20430,8254,Tanveer Loyal,32,M,A2
20431,8254,Isaac Luthra,39,M,A3
20432,8254,Laban Krishna,32,M,A4
20433,8255,Rajata Gera,31,F,A1
20434,8255,Kai Bhagat,40,M,A2
20435,8255,Mugdha Gokhale,36,F,A3
20436,8256,Ishwar Dhaliwal,34,M,A1
20437,8256,Girindra Setty,25,M,A2
20438,8257,Unnati Lal,43,F,A1
20439,8258,Mitesh Vohra,44,M,A1
20440,8258,Jason Sarna,23,M,A2
20441,8259,Fariq Walia,44,M,A1
20442,8259,Madhav Khanna,23,M,A2
20443,8259,Advay Bhat,44,M,A3
20444,8260,Jeet Ramanathan,40,M,A1
20445,8260,Ekalinga Kunda,40,M,A2
20446,8260,Ryan Apte,24,M,A3
20447,8261,Nachiket Sha,40,M,A1
20448,8261,Caleb Soni,29,M,A2
20449,8261,Jacob Sarna,29,M,A3
20450,8262,Dipta Bora,43,F,A1
20451,8262,Qabil Borah,46,M,A2
20452,8262,Isaac Kapur,21,M,A3
20453,8262,Wazir Kalla,25,M,A4
20454,8263,Joshua Dey,30,M,A1
20455,8263,Veer Hegde,41,M,A2
20456,8264,Yamini Jha,40,F,A1
20457,8264,Udant Dube,32,M,A2
20458,8264,Krisha Amble,33,F,A3
20459,8265,Akshay Murty,37,M,A1
20460,8265,Rohan Sahni,21,M,A2
20461,8265,Ekbal Iyengar,40,M,A3
20462,8265,Banjeet Chana,28,M,A4
20463,8266,Oeshi Pai,34,F,A1
20464,8266,Udarsh Ramaswamy,26,M,A2
20465,8266,Amrita Borde,22,F,A3
20466,8266,Tejas Kala,41,M,A4
20467,8267,Deepa Butala,32,F,A1
20468,8267,Aadi Bala,32,M,A2
20469,8267,Yashawini Chawla,31,F,A3
20470,8268,Faras Kota,41,M,A1
20471,8269,Aadi Kata,41,M,A1
20472,8269,Arjun Dube,40,M,A2
20473,8269,Xavier Suri,44,M,A3
20474,8269,Girik Kota,38,M,A4
20475,8270,Lila Choudhury,39,F,A1
20476,8270,Umang Swamy,41,M,A2
20477,8270,Gautam Bala,30,M,A3
20478,8270,Ishwar Dar,47,M,A4
20479,8271,Hamsini Mital,22,F,A1
20480,8271,Rachit Batra,24,M,A2
20481,8271,Darpan Gaba,34,M,A3
20482,8271,Sarthak De,39,M,A4
20483,8272,Jeremiah Sastry,37,M,A1
20484,8272,Tanmayi Chopra,25,F,A2
20485,8272,Henry Chacko,20,M,A3
20486,8272,Girik Kar,45,M,A4
20487,8273,Ekavir Babu,34,M,A1
20488,8273,Harinakshi Guha,29,F,A2
20489,8274,Aishani Barad,22,F,A1
20490,8275,Ekiya Sathe,19,F,A1
20491,8275,Indrajit Mane,44,M,A2
20492,8276,Praneel Dhingra,30,M,A1
20493,8276,Damini Biswas,40,F,A2
20494,8276,Aayush Jain,45,M,A3
20495,8277,Wishi Memon,45,F,A1
20496,8278,Praneel Rajagopalan,33,M,A1
20497,8279,Harsh Chokshi,22,M,A1
20498,8279,Harinakshi Gokhale,23,F,A2
20499,8279,Gaurav Maharaj,36,M,A3
20500,8280,Zayyan Minhas,20,M,A1
20501,8280,Om Jaggi,24,M,A2
20502,8280,Harrison Bose,32,M,A3
20503,8280,Devansh Bhatt,42,M,A4
20504,8281,Ekaraj Bhandari,44,M,A1
20505,8281,Ubika Devi,44,F,A2
20506,8282,Ekta Acharya,35,F,A1
20507,8282,Quincy Mital,31,M,A2
20508,8283,Tanish Datta,42,M,A1
20509,8284,Praneel Sangha,35,M,A1
20510,8284,Gopal Bassi,23,M,A2
20511,8284,Agastya Sarma,34,M,A3
20512,8284,Lucky Thaker,21,M,A4
20513,8285,Owen Chowdhury,44,M,A1
20514,8286,Edhitha Ghose,35,F,A1
20515,8287,Suhani Tank,38,F,A1
20516,8287,Balvan Chaudhary,43,M,A2
20517,8288,Abeer Vohra,34,M,A1
20518,8289,Shravya Mukherjee,28,F,A1
20519,8289,Champak Bhardwaj,29,M,A2
20520,8290,Naksh Bedi,25,M,A1
20521,8290,Jackson Lal,24,M,A2
20522,8290,Kalpit Gole,28,M,A3
20523,8290,Tanay Sodhi,31,M,A4
20524,8291,Rehaan Ray,41,M,A1
20525,8291,Siddharth Bala,30,M,A2
20526,8292,Udant Sengupta,21,M,A1
20527,8292,Advika Sankar,37,F,A2
20528,8292,Naveen Deshpande,43,M,A3
20529,8293,Teerth Mangat,28,M,A1
20530,8294,Imaran Ghose,21,M,A1
20531,8294,Sarthak Agrawal,31,M,A2
20532,8294,Champak Chowdhury,32,M,A3
20533,8294,Balendra Deep,24,M,A4
20534,8295,Yoshita Yadav,32,F,A1
20535,8296,Anmol Choudhary,39,M,A1
20536,8296,Azad Rout,32,M,A2
20537,8296,Simon Sekhon,41,M,A3
20538,8297,Patrick Dhaliwal,41,M,A1
20539,8297,Varenya Tara,45,F,A2
20540,8298,Yagnesh Tella,31,M,A1
20541,8298,Jeremiah Sarkar,24,M,A2
20542,8298,Ayaan Shankar,32,M,A3
20543,8299,Rudra Majumdar,35,M,A1
20544,8299,Kala Pau,23,F,A2
20545,8299,Yuvraj Bajwa,39,M,A3
20546,8300,Sai Natarajan,26,M,A1
20547,8300,Laban Babu,33,M,A2
20548,8301,Tanay Suresh,45,M,A1
20549,8301,Azad Das,40,M,A2
20550,8301,Jack Bhatti,36,M,A3
20551,8302,Anmol Chakraborty,26,M,A1
20552,8302,Samarth Ghosh,29,M,A2
20553,8302,Farhan Ahuja,42,M,A3
20554,8303,Frederick Varma,32,M,A1
20555,8303,Matthew Dixit,29,M,A2
20556,8303,Om Atwal,39,M,A3
20557,8303,Laban Vora,45,M,A4
20558,8304,Nathan Khalsa,37,M,A1
20559,8304,Ekapad Virk,41,M,A2
20560,8305,Neel Pillay,30,M,A1
20561,8306,Balendra Kata,26,M,A1
20562,8306,Ryan Lad,27,M,A2
20563,8307,Lavanya Varughese,29,F,A1
20564,8307,Dhriti Mangat,32,F,A2
20565,8307,Nachiket Biswas,36,M,A3
20566,8307,Timothy Madan,31,M,A4
20567,8308,Atharv Soni,42,M,A1
20568,8308,Yatin Nath,36,M,A2
20569,8308,Ekavir Tank,29,M,A3
20570,8308,Bahadurjit Kale,21,M,A4
20571,8309,Harrison Taneja,36,M,A1
20572,8309,Gautam Ramachandran,37,M,A2
20573,8309,Akshay Sampath,25,M,A3
20574,8309,Tejas Rastogi,43,M,A4
20575,8310,Peter Raman,27,M,A1
20576,8311,Raghav Solanki,20,M,A1
20577,8311,Oliver Parmar,26,M,A2
20578,8312,Wriddhish Ram,23,M,A1
20579,8312,Nicholas Lanka,24,M,A2
20580,8312,Devansh Parikh,25,M,A3
20581,8313,Laban Rastogi,36,M,A1
20582,8313,Laksh Devi,43,M,A2
20583,8314,Yatin Kapadia,33,M,A1
20584,8314,Samarth Puri,26,M,A2
20585,8314,Warinder Aggarwal,41,M,A3
20586,8315,Laksh Bhavsar,35,M,A1
20587,8315,Charles Manda,23,M,A2
20588,8315,Lucky Kunda,26,M,A3
20589,8315,Chatura Wali,22,M,A4
20590,8316,Shivansh Radhakrishnan,37,M,A1
20591,8317,Onveer Baral,30,M,A1
20592,8317,Ayush Dora,35,M,A2
20593,8317,Eiravati Nigam,26,F,A3
20594,8317,Henry Salvi,34,M,A4
20595,8318,Farhan Sem,42,M,A1
20596,8318,Ekaraj Lad,40,M,A2
20597,8318,Madhav Ganguly,26,M,A3
20598,8319,Isaiah Thaman,40,M,A1
20599,8320,Lila Raghavan,39,F,A1
20600,8320,Anirudh Kakar,38,M,A2
20601,8320,Matthew Warrior,46,M,A3
20602,8321,Anay Murthy,20,M,A1
20603,8321,Girindra Palla,21,M,A2
20604,8322,Lakshit Mangal,40,M,A1
20605,8322,Peter Dalal,31,M,A2
20606,8322,Jairaj Bahri,30,M,A3
20607,8323,Ojas Madan,38,M,A1
20608,8323,Ethan Chokshi,40,M,A2
20609,8323,Amol Wason,21,M,A3
20610,8324,Luke Char,33,M,A1
20611,8325,Janaki Brar,44,F,A1
20612,8325,Gautam Basu,40,M,A2
20613,8325,Ryan Chaudhry,23,M,A3
20614,8325,Maanas Contractor,38,M,A4
20615,8326,Elijah Deo,42,M,A1
20616,8326,Manan Radhakrishnan,28,M,A2
20617,8326,Harish Sanghvi,45,M,A3
20618,8327,Rehaan Radhakrishnan,31,M,A1
20619,8327,Dakshesh Gandhi,44,M,A2
20620,8328,Udarsh Hans,42,M,A1
20621,8329,Hardik Chaudhary,28,M,A1
20622,8329,Raghav Basu,24,M,A2
20623,8329,Hredhaan Brar,45,M,A3
20624,8329,Nathaniel Narayan,21,M,A4
20625,8330,Baljiwan Trivedi,28,M,A1
20626,8330,Bahadurjit Prashad,48,M,A2
20627,8330,Zehaan Suresh,32,M,A3
20628,8330,Zehaan Aggarwal,41,M,A4
20629,8331,Christopher Nagarajan,32,M,A1
20630,8331,Qadim Barman,32,M,A2
20631,8332,Jackson Savant,36,M,A1
20632,8332,Harrison Gala,22,M,A2
20633,8332,Krish Chand,44,M,A3
20634,8333,Logan Kamdar,35,M,A1
20635,8333,Maya Kuruvilla,44,F,A2
20636,8334,Lucky Naidu,34,M,A1
20637,8334,Jairaj Ravi,36,M,A2
20638,8334,Rohan Subramaniam,44,M,A3
20639,8334,Chakradhar Lad,38,M,A4
20640,8335,Aayush Mital,33,M,A1
20641,8336,Ekalinga Raju,41,M,A1
20642,8337,Krishna Bajwa,43,F,A1
20643,8337,Karan Bandi,24,M,A2
20644,8337,Maya Cheema,28,F,A3
20645,8337,Vedant Din,34,M,A4
20646,8338,Jagat Desai,30,M,A1
20647,8338,Qabil Zacharia,28,M,A2
20648,8338,Nathaniel Panchal,27,M,A3
20649,8338,Urishilla Sahni,39,F,A4
20650,8339,Daksh Khalsa,44,M,A1
20651,8339,Vansha Sani,18,F,A2
20652,8339,Jason Devi,31,M,A3
20653,8340,Mason Pingle,36,M,A1
20654,8340,Manthan De,46,M,A2
20655,8340,Faraj Karpe,46,M,A3
20656,8341,Girish Sandhu,43,M,A1
20657,8341,Naveen Rajagopal,44,M,A2
20658,8341,Maanav Gara,24,M,A3
20659,8342,Jatin Kala,42,M,A1
20660,8342,Pooja Thakkar,37,F,A2
20661,8342,Faris Dubey,35,M,A3
20662,8342,Nicholas Andra,21,M,A4
20663,8343,Inaya Hari,35,F,A1
20664,8343,Ethan Sundaram,26,M,A2
20665,8344,Tristan Borde,40,M,A1
20666,8344,Rudra Lal,33,M,A2
20667,8345,Chatura Morar,25,M,A1
20668,8345,Rachita Sankaran,31,F,A2
20669,8345,Qabil Upadhyay,38,M,A3
20670,8345,Benjamin Dhar,42,M,A4
20671,8346,Ekta Gopal,40,F,A1
20672,8346,Ansh Rege,41,M,A2
20673,8346,Chaitanya Subramaniam,44,M,A3
20674,8346,Lakshit Pingle,38,M,A4
20675,8347,Lipika More,38,F,A1
20676,8347,Tanveer Varughese,28,M,A2
20677,8347,Maanas Savant,39,M,A3
20678,8348,Jeremiah Sengupta,31,M,A1
20679,8348,Wahab Chaudhary,44,M,A2
20680,8348,Ayush Issac,47,M,A3
20681,8349,Jonathan Mane,40,M,A1
20682,8349,Tanay Krishna,36,M,A2
20683,8349,Balveer Kara,32,M,A3
20684,8349,Elijah Tata,37,M,A4
20685,8350,Shaurya Anne,39,M,A1
20686,8350,Omkaar Patil,25,M,A2
20687,8350,Kevin Tiwari,41,M,A3
20688,8350,Qabil Mangal,31,M,A4
20689,8351,Orinder Hans,43,M,A1
20690,8351,Faraj Wable,18,M,A2
20691,8351,Banjeet Kaul,29,M,A3
20692,8352,Rohan Loke,41,M,A1
20693,8352,Champak Rajagopal,34,M,A2
20694,8353,Harrison Nori,25,M,A1
20695,8353,Daksha Nair,37,F,A2
20696,8354,Chaitanya Bhatti,37,M,A1
20697,8354,Zayan Bahl,45,M,A2
20698,8354,Sarthak Sandal,38,M,A3
20699,8354,Laksh Murty,33,M,A4
20700,8355,Balendra Jain,44,M,A1
20701,8355,Yagnesh Kala,37,M,A2
20702,8355,Bhavani Narula,31,F,A3
20703,8355,Imaran Mohanty,28,M,A4
20704,8356,Falan Saxena,38,M,A1
20705,8357,Zehaan Sanghvi,40,M,A1
20706,8357,Kabir Aggarwal,21,M,A2
20707,8357,Matthew Pathak,33,M,A3
20708,8358,Dev Narayanan,45,M,A1
20709,8358,Gaurang Dyal,31,M,A2
20710,8359,Karan Krish,34,M,A1
20711,8359,Wyatt Vala,29,M,A2
20712,8360,Farhan Ghosh,47,M,A1
20713,8360,Anika Prashad,43,F,A2
20714,8361,Laksh Deep,32,M,A1
20715,8361,Krishna Barman,30,F,A2
20716,8361,Gagan Varghese,31,M,A3
20717,8361,Noah Chaudhuri,23,M,A4
20718,8362,Chaitanya Chaudhary,24,M,A1
20719,8362,Hredhaan Dasgupta,36,M,A2
20720,8362,Vincent Chhabra,28,M,A3
20721,8363,Jacob Tata,21,M,A1
20722,8364,Aryan Chander,20,M,A1
20723,8364,Chatresh Goswami,30,M,A2
20724,8364,Rehaan Kapur,25,M,A3
20725,8364,Yachana Joshi,23,F,A4
20726,8365,David Rout,23,M,A1
20727,8366,Zashil Bhattacharyya,46,M,A1
20728,8366,Mahika Saini,40,F,A2
20729,8367,Charan Mander,45,M,A1
20730,8367,Jeet Sangha,30,M,A2
20731,8368,Aarnav Andra,24,M,A1
20732,8368,Aadi Jayaraman,26,M,A2
20733,8368,Kai Kulkarni,39,M,A3
20734,8369,Banjeet Dhawan,26,M,A1
20735,8369,Finn Prasad,34,M,A2
20736,8370,Nitesh Parekh,22,M,A1
20737,8370,Samaksh Deo,46,M,A2
20738,8370,Jairaj Halder,40,M,A3
20739,8371,Nitesh Sura,27,M,A1
20740,8371,Dhruv Sarna,40,M,A2
20741,8371,Gunbir Dora,46,M,A3
20742,8371,Qarin Borra,40,M,A4
20743,8372,Sanya Chakraborty,22,F,A1
20744,8372,Amol Doctor,25,M,A2
20745,8372,Naveen Sarraf,18,M,A3
20746,8373,Watika Palla,22,F,A1
20747,8373,Nakul Sathe,36,M,A2
20748,8374,Dakshesh Tank,37,M,A1
20749,8374,Om Sodhi,27,M,A2
20750,8374,Kalpit Sur,23,M,A3
20751,8374,Vedant Dada,21,M,A4
20752,8375,Faris Chad,36,M,A1
20753,8376,Jagdish Bose,38,M,A1
20754,8377,Luke Lal,19,M,A1
20755,8377,Azad Pillay,42,M,A2
20756,8377,Nachiket Natarajan,42,M,A3
20757,8378,Nicholas Raju,35,M,A1
20758,8379,Ryan Chaudhary,30,M,A1
20759,8380,Isaiah Sood,32,M,A1
20760,8380,Aarav Raghavan,41,M,A2
20761,8381,Michael Raval,27,M,A1
20762,8381,Daksh Zacharia,30,M,A2
20763,8381,Aarush Bala,24,M,A3
20764,8381,Gaurang Chand,31,M,A4
20765,8382,Nihal Bera,38,M,A1
20766,8382,Pratyush Andra,35,M,A2
20767,8382,Rehaan Goel,23,M,A3
20768,8383,Pushti Venkatesh,37,F,A1
20769,8383,Vedant Kala,26,M,A2
20770,8383,Onveer Kunda,37,M,A3
20771,8384,Rudra Saraf,33,M,A1
20772,8385,Ishwar Dewan,33,M,A1
20773,8386,Peter Kakar,35,M,A1
20774,8387,Ekantika Chander,31,F,A1
20775,8387,Darsh Luthra,32,M,A2
20776,8387,Tanish Shankar,33,M,A3
20777,8388,Siddharth Karpe,38,M,A1
20778,8388,Bahadurjit Dugar,46,M,A2
20779,8389,Jason Roy,23,M,A1
20780,8389,Alexander Mall,27,M,A2
20781,8389,Logan Borde,19,M,A3
20782,8390,Chandresh Nadkarni,39,M,A1
20783,8390,Tanish Edwin,24,M,A2
20784,8390,Yatin Bali,36,M,A3
20785,8390,Bahadurjit Devan,27,M,A4
20786,8391,Advaith Sachdev,46,M,A1
20787,8391,Falan Vasa,40,M,A2
20788,8391,Quincy Jaggi,24,M,A3
20789,8391,Rehaan Sawhney,36,M,A4
20790,8392,Jagat Nath,29,M,A1
20791,8392,Wridesh Bhagat,44,M,A2
20792,8392,Benjamin Basu,27,M,A3
20793,8393,Champak Soni,29,M,A1
20794,8393,Noah Tata,46,M,A2
20795,8393,Aarush Dube,38,M,A3
20796,8394,Ekbal Khosla,39,M,A1
20797,8395,Zaitra Sachdev,27,F,A1
20798,8395,Chakradev Sridhar,38,M,A2
20799,8395,Sanya Jain,47,F,A3
20800,8396,Ekiya Chadha,31,F,A1
20801,8397,Manbir Bajwa,35,M,A1
20802,8397,Chanakya Gopal,24,M,A2
20803,8397,Aadi Kapur,28,M,A3
20804,8398,Aarush Khatri,25,M,A1
20805,8399,Megha Vig,21,F,A1
20806,8399,Ronith Mitter,40,M,A2
20807,8399,Abha Boase,21,F,A3
20808,8400,Baljiwan Garde,33,M,A1
20809,8400,Naksh Sarraf,21,M,A2
20810,8400,Rushil Jaggi,29,M,A3
20811,8400,Banjeet Dara,24,M,A4
20812,8401,Vivaan Seshadri,25,M,A1
20813,8401,Elijah Kade,27,M,A2
20814,8401,Daniel Konda,23,M,A3
20815,8402,Pranit Kadakia,33,M,A1
20816,8403,Wridesh Bhatia,42,M,A1
20817,8403,Aarnav Batta,25,M,A2
20818,8403,Raghav Barad,43,M,A3
20819,8404,Pratyush Bhatia,31,M,A1
20820,8404,Ikshita Comar,23,F,A2
20821,8405,Anmol Garde,39,M,A1
20822,8405,Andrew Rama,39,M,A2
20823,8405,Guneet Karpe,28,M,A3
20824,8406,Farhan Setty,42,M,A1
20825,8406,Mohammed Sinha,32,M,A2
20826,8406,Owen Parikh,31,M,A3
20827,8406,Teerth Walia,36,M,A4
20828,8407,Jalsa Peri,26,F,A1
20829,8408,Nakul Dutta,38,M,A1
20830,8408,Laban Dugar,47,M,A2
20831,8408,Manya Patla,39,F,A3
20832,8409,Pranit Joshi,33,M,A1
20833,8409,Yatin Desai,33,M,A2
20834,8409,Harrison Dora,27,M,A3
20835,8409,Benjamin Srinivas,41,M,A4
20836,8410,Ayushman Menon,30,M,A1
20837,8410,Teerth Devi,29,M,A2
20838,8410,Girindra Choudhury,37,M,A3
20839,8411,Matthew Nori,42,M,A1
20840,8411,Atharv Sibal,36,M,A2
20841,8411,Zarna Korpal,29,F,A3
20842,8411,Rishi Kakar,39,M,A4
20843,8412,Joshua Gulati,46,M,A1
20844,8412,Laksh Nazareth,40,M,A2
20845,8412,Nidra Peri,29,F,A3
20846,8413,Finn Basu,46,M,A1
20847,8414,Simon Johal,32,M,A1
20848,8415,Unnati Ravi,27,F,A1
20849,8416,Parth Kala,27,M,A1
20850,8416,Kiaan Andra,43,M,A2
20851,8416,Udant Rao,24,M,A3
20852,8417,Elijah Bath,43,M,A1
20853,8417,Samuel Mahal,40,M,A2
20854,8417,Gaurang Nagar,37,M,A3
20855,8418,Bahadurjit Chhabra,30,M,A1
20856,8418,Gautam Mitra,33,M,A2
20857,8418,Maanas Muni,28,M,A3
20858,8419,Parth Dugar,32,M,A1
20859,8419,Aayush Konda,33,M,A2
20860,8420,Maanav Varty,45,M,A1
20861,8421,Quincy Tiwari,43,M,A1
20862,8422,Samuel Varkey,27,M,A1
20863,8422,Robert Kumer,36,M,A2
20864,8422,Warjas Khanna,39,M,A3
20865,8422,Yashvi Mani,41,F,A4
20866,8423,Jeet Dube,27,M,A1
20867,8424,Frado Rana,45,M,A1
20868,8424,Aadi Narain,26,M,A2
20869,8424,Jairaj Pant,33,M,A3
20870,8424,Lakshit Bansal,44,M,A4
20871,8425,Hemangini Parmar,30,F,A1
20872,8425,Gaurang Pandit,23,M,A2
20873,8425,Gavin Padmanabhan,37,M,A3
20874,8425,Yash Gill,44,M,A4
20875,8426,Charan Panchal,29,M,A1
20876,8426,Tanish Dani,45,M,A2
20877,8426,Baljiwan Mital,31,M,A3
20878,8427,Abeer Nagar,36,M,A1
20879,8427,Harish Rama,20,M,A2
20880,8427,Shivansh Nair,46,M,A3
20881,8428,Naksh Vohra,43,M,A1
20882,8428,Rachita Nair,35,F,A2
20883,8428,Yashawini Kashyap,47,F,A3
20884,8429,Mohammed Saran,39,M,A1
20885,8429,Bachittar Mody,40,M,A2
20886,8430,Chatresh Gulati,45,M,A1
20887,8431,Neel Saraf,37,M,A1
20888,8431,Azaan Ghosh,25,M,A2
20889,8432,Fitan Dave,41,M,A1
20890,8432,Aryan Tripathi,45,M,A2
20891,8432,Aishani Issac,45,F,A3
20892,8432,Wridesh Shenoy,41,M,A4
20893,8433,Victor Pall,26,M,A1
20894,8433,Balvan Tara,30,M,A2
20895,8433,Urmi Gour,38,F,A3
20896,8434,Chatura Suri,23,M,A1
20897,8434,Mitesh Sunder,24,M,A2
20898,8434,Dhruv Kota,21,M,A3
20899,8435,Mohammed Kakar,40,M,A1
20900,8435,Yadavi Raman,30,F,A2
20901,8435,Faris Yohannan,22,M,A3
20902,8436,Gagan Bal,43,M,A1
20903,8436,Lucky Issac,20,M,A2
20904,8437,Thomas Pandit,24,M,A1
20905,8437,Victor Sule,32,M,A2
20906,8438,Xavier Sha,40,M,A1
20907,8439,Zehaan Pandya,36,M,A1
20908,8439,Umang Shenoy,28,M,A2
20909,8439,Reyansh Karan,37,M,A3
20910,8440,Dominic Kala,44,M,A1
20911,8440,Fiyaz Kumer,28,M,A2
20912,8441,Aarush Desai,43,M,A1
20913,8442,David Bedi,21,M,A1
20914,8442,Jack Sarkar,42,M,A2
20915,8442,Kabir Dass,39,M,A3
20916,8442,Brijesh Sarkar,40,M,A4
20917,8443,Laban Keer,41,M,A1
20918,8443,Yug Thaman,24,M,A2
20919,8443,Warinder Guha,43,M,A3
20920,8444,Odika Samra,29,F,A1
20921,8445,Advaith Chawla,41,M,A1
20922,8446,Rushil Bhasin,23,M,A1
20923,8447,Yatin Bala,31,M,A1
20924,8447,Finn Bhalla,24,M,A2
20925,8447,Anthony Shan,33,M,A3
20926,8447,Ekavir Pai,26,M,A4
20927,8448,Tanay Amble,30,M,A1
20928,8448,Onveer Prashad,32,M,A2
20929,8448,Advaith Ravi,37,M,A3
20930,8448,Aadi Bhavsar,38,M,A4
20931,8449,Zaid Sant,32,M,A1
20932,8449,Chandran Prashad,24,M,A2
20933,8450,Caleb Badal,22,M,A1
20934,8451,Bhavani Mander,35,F,A1
20935,8451,Samaksh Loke,30,M,A2
20936,8452,Yatin Vora,37,M,A1
20937,8452,Darpan Dalal,43,M,A2
20938,8452,Zashil Randhawa,23,M,A3
20939,8453,Wyatt Hari,37,M,A1
20940,8453,Anmol Barad,37,M,A2
20941,8454,Vincent Kashyap,31,M,A1
20942,8455,Udarsh Bhalla,43,M,A1
20943,8455,Yash Nair,43,M,A2
20944,8456,Janani Bhat,29,F,A1
20945,8456,Nakul Sabharwal,39,M,A2
20946,8457,Tristan Shah,31,M,A1
20947,8457,Chaitanya Ganesh,32,M,A2
20948,8457,Ranveer Chakraborty,35,M,A3
20949,8458,Rudra Ramaswamy,41,M,A1
20950,8458,Vivaan Sampath,35,M,A2
20951,8459,Yuvraj Pau,25,M,A1
20952,8459,Sarthak Grewal,26,M,A2
20953,8460,Lipika Raman,24,F,A1
20954,8460,Jalsa Sampath,20,F,A2
20955,8460,Orinder Chaudhari,46,M,A3
20956,8461,Ishaan Aurora,25,M,A1
20957,8461,Hitesh Varma,27,M,A2
20958,8461,Andrew Khanna,44,M,A3
20959,8462,Yoshita Sankar,29,F,A1
20960,8462,Gabriel Ganesh,19,M,A2
20961,8462,Gautam Rajagopalan,40,M,A3
20962,8463,Samesh Raja,34,M,A1
20963,8463,Eta Misra,37,F,A2
20964,8463,Gaurav Bhatnagar,25,M,A3
20965,8463,Niharika Bawa,23,F,A4
20966,8464,Tejas Yohannan,46,M,A1
20967,8464,Gopal Sengupta,23,M,A2
20968,8465,Jeet Naik,22,M,A1
20969,8465,Gabriel Kuruvilla,28,M,A2
20970,8465,Kai Sheth,29,M,A3
20971,8465,Ikbal Mistry,35,M,A4
20972,8466,Andrew Palla,45,M,A1
20973,8466,Dev Ahuja,43,M,A2
20974,8466,Forum Naidu,30,F,A3
20975,8466,Daksh Loyal,44,M,A4
20976,8467,Ojas Shere,37,M,A1
20977,8468,Aadi Vala,42,M,A1
20978,8468,Bahadurjit Lad,35,M,A2
20979,8468,Osha Dada,21,F,A3
20980,8468,Harshil Dubey,18,M,A4
20981,8469,Qadim Rattan,28,M,A1
20982,8469,Siddharth Swamy,43,M,A2
20983,8470,Maanas Trivedi,26,M,A1
20984,8470,Ansh Koshy,24,M,A2
20985,8471,Pranit Handa,22,M,A1
20986,8471,Viraj Nori,44,M,A2
20987,8472,Dalbir Manda,32,M,A1
20988,8472,Aadi Soman,27,M,A2
20989,8473,Nicholas Chanda,43,M,A1
20990,8474,Anthony Thakkar,44,M,A1
20991,8474,Brijesh Buch,36,M,A2
20992,8474,Fariq Mani,22,M,A3
20993,8475,Daniel Sathe,24,M,A1
20994,8475,Onkar Mittal,19,M,A2
20995,8476,Manan Bhatti,33,M,A1
20996,8476,Fitan Baral,31,M,A2
20997,8477,Chatura Aggarwal,38,M,A1
20998,8477,Pranit Sant,39,M,A2
20999,8478,Ronith Choudhury,41,M,A1
21000,8479,Thomas Parsa,46,M,A1
21001,8480,Frederick Mane,46,M,A1
21002,8480,Abhiram Sridhar,28,M,A2
21003,8480,Neel Deep,31,M,A3
21004,8481,Ayaan Bains,41,M,A1
21005,8481,Chandresh Prasad,26,M,A2
21006,8481,Caleb Ahuja,23,M,A3
21007,8481,Sathvik Bobal,38,M,A4
21008,8482,Matthew Dar,43,M,A1
21009,8482,Alka Palan,24,F,A2
21010,8483,Aryan Chaudhry,29,M,A1
21011,8483,Yuvraj Lad,42,M,A2
21012,8483,Dakshesh Shroff,23,M,A3
21013,8484,Sachi Bir,28,F,A1
21014,8484,Nimrat Kumer,32,F,A2
21015,8484,Ishwar Arora,27,M,A3
21016,8485,Andrew Sharaf,34,M,A1
21017,8485,Bahadurjit Din,33,M,A2
21018,8486,Aashi Bawa,23,F,A1
21019,8487,Faqid Pau,43,M,A1
21020,8487,Michael Mahajan,43,M,A2
21021,8488,Theodore Thaman,32,M,A1
21022,8488,Sathvik Tripathi,34,M,A2
21023,8488,Dhruv Chatterjee,28,M,A3
21024,8488,Peter Zacharia,25,M,A4
21025,8489,Rayaan Oak,37,M,A1
21026,8489,Aarush Hegde,34,M,A2
21027,8489,Udarsh Parsa,41,M,A3
21028,8490,Kamya Bal,44,F,A1
21029,8491,Tristan Warrior,22,M,A1
21030,8491,Maanav Ramanathan,33,M,A2
21031,8491,Krishna Ram,36,M,A3
21032,8491,Warinder Dani,46,M,A4
21033,8492,Riya Arora,45,F,A1
21034,8492,Wriddhish Vig,43,M,A2
21035,8493,Faris Srivastava,34,M,A1
21036,8493,Ryan Dayal,23,M,A2
21037,8493,Praneel Mand,35,M,A3
21038,8493,Dakshesh Sathe,34,M,A4
21039,8494,Tejas Sarin,38,M,A1
21040,8495,Thomas Patil,33,M,A1
21041,8495,Daksh Sarkar,21,M,A2
21042,8495,Pranit Pai,41,M,A3
21043,8496,Rayaan Magar,29,M,A1
21044,8496,Damini Dugal,43,F,A2
21045,8496,Bahadurjit Mittal,24,M,A3
21046,8497,Ganga Pai,36,F,A1
21047,8498,Barkha Dasgupta,26,F,A1
21048,8498,Wakeeta Raj,29,F,A2
21049,8498,Ekta Narasimhan,29,F,A3
21050,8498,Zilmil Bajwa,25,F,A4
21051,8499,Siya Behl,21,F,A1
21052,8499,Praneel Bajwa,39,M,A2
21053,8500,Gabriel Kannan,37,M,A1
21054,8501,Kai Bhargava,30,M,A1
21055,8502,Abhimanyu Varma,23,M,A1
21056,8502,Harish Iyengar,34,M,A2
21057,8502,Tristan Chhabra,18,M,A3
21058,8503,Chaaya Tailor,37,F,A1
21059,8503,Bimala Khalsa,25,F,A2
21060,8503,Maanas Vig,30,M,A3
21061,8504,Dalbir Dave,30,M,A1
21062,8504,Balendra Rout,21,M,A2
21063,8504,Anay Kamdar,43,M,A3
21064,8504,Jeremiah Vala,23,M,A4
21065,8505,Vrinda Badami,45,F,A1
21066,8505,Vincent Dave,42,M,A2
21067,8506,Chandresh Ghose,24,M,A1
21068,8506,Rachita Varkey,23,F,A2
21069,8507,Gautam Sekhon,33,M,A1
21070,8507,Ekavir Mangat,43,M,A2
21071,8508,Chatresh Bir,22,M,A1
21072,8509,William Palan,22,M,A1
21073,8509,Nihal Comar,37,M,A2
21074,8510,Michael Sarraf,39,M,A1
21075,8510,Samarth Mane,41,M,A2
21076,8511,Alexander Hans,45,M,A1
21077,8511,Banjeet Saha,27,M,A2
21078,8512,Alexander Hora,43,M,A1
21079,8513,Warinder Mahajan,23,M,A1
21080,8513,Damini Arya,48,F,A2
21081,8513,Zayan Patel,24,M,A3
21082,8514,Warinder Jha,48,M,A1
21083,8514,Darsh Bumb,28,M,A2
21084,8514,Siddharth Gola,22,M,A3
21085,8515,Netra Madan,23,F,A1
21086,8516,Shaurya Palla,37,M,A1
21087,8516,Krishna Konda,34,M,A2
21088,8517,Rohan Chandran,29,M,A1
21089,8517,Laban Sawhney,39,M,A2
21090,8517,Advay Soni,31,M,A3
21091,8518,Hritik Savant,24,M,A1
21092,8519,Vedika Bhatnagar,32,F,A1
21093,8519,Hitesh Sethi,26,M,A2
21094,8519,Michael Vasa,38,M,A3
21095,8519,Lucky Din,32,M,A4
21096,8520,Maanav Sundaram,28,M,A1
21097,8520,Viraj Gaba,47,M,A2
21098,8520,Owen Keer,46,M,A3
21099,8521,Reyansh Mani,38,M,A1
21100,8521,Bhavna Sunder,37,F,A2
21101,8521,Bachittar Maharaj,36,M,A3
21102,8521,Neha Sabharwal,31,F,A4
21103,8522,Jagrati Kota,27,F,A1
21104,8522,Tarak Goda,46,M,A2
21105,8523,Ekaraj Dube,28,M,A1
21106,8523,Zashil Tak,39,M,A2
21107,8523,Ganga Shanker,28,F,A3
21108,8523,Dominic Buch,20,M,A4
21109,8524,Fiyaz Raju,32,M,A1
21110,8524,Benjamin Hayer,32,M,A2
21111,8524,Siddharth Shenoy,29,M,A3
21112,8525,Nachiket Om,30,M,A1
21113,8526,Charan Mand,28,M,A1
21114,8526,Patrick Gola,21,M,A2
21115,8527,Yuvraj Ravel,30,M,A1
21116,8528,Azad Jayaraman,43,M,A1
21117,8528,Sudiksha Mann,47,F,A2
21118,8528,Siddharth Mittal,42,M,A3
21119,8528,Fitan Bali,31,M,A4
21120,8529,Samesh Kara,32,M,A1
21121,8529,Jason Yadav,29,M,A2
21122,8529,Girindra Jhaveri,22,M,A3
21123,8529,Charan Savant,38,M,A4
21124,8530,Dalbir Mohan,39,M,A1
21125,8530,Kai Warrior,24,M,A2
21126,8530,Darpan Singhal,33,M,A3
21127,8531,Tejas Deep,31,M,A1
21128,8531,Joshua Memon,34,M,A2
21129,8532,Tejas Mammen,35,M,A1
21130,8532,Jatin Lad,25,M,A2
21131,8533,Farhan Bera,20,M,A1
21132,8533,Wahab Sahni,39,M,A2
21133,8534,Dalbir Srinivas,28,M,A1
21134,8534,Ayushman Baral,42,M,A2
21135,8534,Shivansh Zacharia,33,M,A3
21136,8534,Ryan Swaminathan,35,M,A4
21137,8535,Yatin Raghavan,43,M,A1
21138,8535,Pratyush Raval,26,M,A2
21139,8535,Balendra Datta,41,M,A3
21140,8536,Veer Anand,42,M,A1
21141,8536,Manan Memon,31,M,A2
21142,8536,Warjas Bhattacharyya,47,M,A3
21143,8536,Rishi Narayanan,47,M,A4
21144,8537,Saksham Borde,41,M,A1
21145,8537,Matthew Solanki,30,M,A2
21146,8538,Logan D’Alia,44,M,A1
21147,8539,Gunbir Choudhury,29,M,A1
21148,8539,Sai Bhakta,33,M,A2
21149,8540,Gavin Lala,34,M,A1
21150,8540,Faras Butala,44,M,A2
21151,8540,Nitesh Raj,27,M,A3
21152,8541,Guneet Saha,45,M,A1
21153,8541,Tristan Shanker,37,M,A2
21154,8542,Yagnesh Bal,43,M,A1
21155,8543,Samaksh Guha,33,M,A1
21156,8543,Kala Chakraborty,38,F,A2
21157,8544,Samaksh Pandya,31,M,A1
21158,8544,Frado Vala,26,M,A2
21159,8544,Vedant Kant,44,M,A3
21160,8545,Bachittar Dyal,30,M,A1
21161,8546,Indrajit Bath,26,M,A1
21162,8546,Chaitaly Raval,30,F,A2
21163,8546,Dominic Nori,35,M,A3
21164,8547,Mason Mangat,29,M,A1
21165,8547,Mohini Dayal,47,F,A2
21166,8547,Naveen Toor,30,M,A3
21167,8547,Dhruv Deol,28,M,A4
21168,8548,Onkar Dada,33,M,A1
21169,8548,Abhiram Radhakrishnan,23,M,A2
21170,8548,Ikshita Menon,24,F,A3
21171,8548,Darika Jain,19,F,A4
21172,8549,Benjamin Joshi,39,M,A1
21173,8549,Chandresh Bajwa,23,M,A2
21174,8549,Gabriel Sura,20,M,A3
21175,8550,Parth Sen,34,M,A1
21176,8550,Darpan Datta,43,M,A2
21177,8550,Aadi Tripathi,28,M,A3
21178,8550,Yatin Ravel,20,M,A4
21179,8551,Advaith Chanda,37,M,A1
21180,8551,Amol Gola,27,M,A2
21181,8551,Oscar Sha,26,M,A3
21182,8552,Girik Singhal,42,M,A1
21183,8552,Charan Reddy,32,M,A2
21184,8553,Yash Chokshi,38,M,A1
21185,8553,Ekalinga Atwal,38,M,A2
21186,8553,Vritti Kaur,35,F,A3
21187,8553,Girindra Dubey,33,M,A4
21188,8554,Theodore Buch,36,M,A1
21189,8554,Reyansh Bora,26,M,A2
21190,8554,Finn Arora,22,M,A3
21191,8554,Chandresh Ratti,31,M,A4
21192,8555,Nihal Khosla,22,M,A1
21193,8555,Faris Lal,39,M,A2
21194,8556,Matthew Patla,43,M,A1
21195,8556,Jairaj Virk,38,M,A2
21196,8557,Maanav Dar,40,M,A1
21197,8558,Abhiram Sen,43,M,A1
21198,8558,Avi Warrior,42,M,A2
21199,8559,Tanay Bhat,32,M,A1
21200,8559,Ikbal Wable,26,M,A2
21201,8559,Agastya Bhagat,24,M,A3
21202,8559,Balhaar Chanda,27,M,A4
21203,8560,Omkaar Arora,25,M,A1
21204,8561,Mitesh Rao,48,M,A1
21205,8561,Kevin Apte,32,M,A2
21206,8561,Yatan Sinha,22,M,A3
21207,8562,Shivansh Jani,22,M,A1
21208,8562,Nathan Date,36,M,A2
21209,8562,Laban Doshi,23,M,A3
21210,8562,Yatin Iyengar,44,M,A4
21211,8563,Sanya Singhal,41,F,A1
21212,8563,Manthan Ganesh,33,M,A2
21213,8563,Karan Verma,43,M,A3
21214,8563,Daniel Kunda,25,M,A4
21215,8564,Daksha Morar,35,F,A1
21216,8564,Jonathan Warrior,33,M,A2
21217,8564,Hemang Bobal,25,M,A3
21218,8564,Gauri Sant,44,F,A4
21219,8565,Jacob Setty,45,M,A1
21220,8565,Tanveer Subramaniam,24,M,A2
21221,8565,Utkarsh Sandal,33,M,A3
21222,8566,Kevin Basu,33,M,A1
21223,8566,Fitan Nagarajan,20,M,A2
21224,8566,Alexander Gill,45,M,A3
21225,8566,Liam Tripathi,39,M,A4
21226,8567,Zayan Dar,23,M,A1
21227,8568,Qabil Solanki,38,M,A1
21228,8568,Daniel Rajagopal,26,M,A2
21229,8568,Girindra Rajan,24,M,A3
21230,8568,Rachit Gandhi,39,M,A4
21231,8569,Isaiah Tandon,32,M,A1
21232,8569,Jagdish Bhatia,45,M,A2
21233,8570,Atharv Bhatt,27,M,A1
21234,8570,Gaurangi Rajan,24,F,A2
21235,8571,Mekhala Nagar,20,F,A1
21236,8571,Odika Banerjee,20,F,A2
21237,8571,Logan Gera,33,M,A3
21238,8571,Ayush Dixit,43,M,A4
21239,8572,Kabir Pathak,43,M,A1
21240,8572,Imaran Chaudhary,38,M,A2
21241,8572,Anirudh Solanki,42,M,A3
21242,8572,Aarav Bala,45,M,A4
21243,8573,Nakul Salvi,22,M,A1
21244,8574,Max Ahuja,27,M,A1
21245,8574,Lohit Palla,29,M,A2
21246,8574,Zilmil Bhatnagar,28,F,A3
21247,8575,Gabriel Shenoy,23,M,A1
21248,8576,Hemal Grover,39,F,A1
21249,8576,Balveer Johal,33,M,A2
21250,8577,Liam Suresh,35,M,A1
21251,8577,Zehaan Merchant,30,M,A2
21252,8577,Jeevika Ganesan,25,F,A3
21253,8577,Hritik Kanda,21,M,A4
21254,8578,Lucky Varughese,44,M,A1
21255,8578,Balendra Saran,40,M,A2
21256,8578,Tristan Wadhwa,45,M,A3
21257,8579,Nathaniel Subramanian,45,M,A1
21258,8579,Timothy Sarma,38,M,A2
21259,8580,Dev Sharma,25,M,A1
21260,8580,Fiyaz Mannan,42,M,A2
21261,8580,Girik Shankar,23,M,A3
21262,8580,Banjeet Baria,28,M,A4
21263,8581,Rishi Pau,27,M,A1
21264,8581,Andrew Joshi,24,M,A2
21265,8581,Nihal Cheema,24,M,A3
21266,8582,Ekavir Goyal,24,M,A1
21267,8583,Rachit Jain,36,M,A1
21268,8584,Rehaan Chopra,38,M,A1
21269,8584,Advik Sarkar,34,M,A2
21270,8584,Advay Tata,44,M,A3
21271,8584,Raghav Subramaniam,26,M,A4
21272,8585,Akshay Sarna,30,M,A1
21273,8585,Aryan Wable,42,M,A2
21274,8586,Amaira Roy,35,F,A1
21275,8586,Pratyush Rai,24,M,A2
21276,8586,Qarin Palla,24,M,A3
21277,8586,Harsh Ravi,23,M,A4
21278,8587,Isaac Tiwari,22,M,A1
21279,8587,Harish Dey,45,M,A2
21280,8588,Shivansh Nigam,41,M,A1
21281,8588,Warda Sinha,44,F,A2
21282,8588,Finn Bal,28,M,A3
21283,8588,Bhavna Kumar,31,F,A4
21284,8589,Girindra Mani,40,M,A1
21285,8589,Aishani Chaudry,43,F,A2
21286,8589,Pranav Shroff,29,M,A3
21287,8589,Vamakshi Bahl,44,F,A4
21288,8590,Ekapad Shere,27,M,A1
21289,8590,Arya Warrior,27,F,A2
21290,8591,Jacob Johal,41,M,A1
21291,8592,Hemang Agate,33,M,A1
21292,8592,Vihaan Sarma,40,M,A2
21293,8592,Tejas Sharma,25,M,A3
21294,8592,Onveer Lal,18,M,A4
21295,8593,Lavanya Buch,44,F,A1
21296,8593,Balveer Subramanian,44,M,A2
21297,8593,Kevin Nadkarni,31,M,A3
21298,8593,Zayyan Balan,35,M,A4
21299,8594,Kabir Kota,43,M,A1
21300,8595,Nathan Palla,43,M,A1
21301,8595,Avi Datta,44,M,A2
21302,8595,Tanish Sampath,25,M,A3
21303,8596,Vasatika Thaker,34,F,A1
21304,8596,Shivani Ray,27,F,A2
21305,8597,Champak Saran,24,M,A1
21306,8598,Nachiket Yohannan,41,M,A1
21307,8598,Veer Chaudhari,23,M,A2
21308,8599,Fiyaz Khatri,22,M,A1
21309,8599,Udarsh Khalsa,38,M,A2
21310,8599,Anmol Chandra,21,M,A3
21311,8599,Jatin Patla,22,M,A4
21312,8600,Upkaar Murty,36,M,A1
21313,8601,Gavin Dhar,41,M,A1
21314,8601,Yashodhara Mittal,46,F,A2
21315,8601,Amol Subramanian,39,M,A3
21316,8602,Manan Manne,23,M,A1
21317,8602,Darpan Gade,24,M,A2
21318,8602,Faris Aurora,40,M,A3
21319,8602,Veer Mammen,25,M,A4
21320,8603,William Singhal,34,M,A1
21321,8603,Nihal Mann,36,M,A2
21322,8603,Atharv Nadig,27,M,A3
21323,8603,Veda Chana,42,F,A4
21324,8604,Chatura Divan,36,M,A1
21325,8604,Samesh Keer,26,M,A2
21326,8604,Warjas Dugal,29,M,A3
21327,8605,Jagdish Dada,26,M,A1
21328,8605,Gopal Pillai,40,M,A2
21329,8605,Owen Oza,46,M,A3
21330,8606,Quincy Dar,20,M,A1
21331,8606,Chaitanya Chad,21,M,A2
21332,8606,Harrison Kale,39,M,A3
21333,8606,Fiyaz Goda,33,M,A4
21334,8607,Kavya Chakrabarti,22,F,A1
21335,8608,Ekavir Randhawa,24,M,A1
21336,8608,Nakul Tripathi,40,M,A2
21337,8608,Chatura Badami,32,M,A3
21338,8608,Vihaan Bobal,37,M,A4
21339,8609,Zehaan Gola,43,M,A1
21340,8609,Odika Tak,28,F,A2
21341,8609,Dev Mohan,34,M,A3
21342,8609,Logan Oza,40,M,A4
21343,8610,Ekaraj Bath,37,M,A1
21344,8610,Abeer Kakar,27,M,A2
21345,8610,Andrew Vyas,21,M,A3
21346,8611,Pahal Viswanathan,41,F,A1
21347,8612,Qasim Parikh,27,M,A1
21348,8613,Ojas Trivedi,39,M,A1
21349,8613,Nidra Tara,35,F,A2
21350,8613,Chandran Kapoor,30,M,A3
21351,8614,Sarthak Bhat,24,M,A1
21352,8614,Michael Singhal,40,M,A2
21353,8615,Caleb Murty,26,M,A1
21354,8615,Matthew Ramakrishnan,22,M,A2
21355,8615,Yug Rama,28,M,A3
21356,8615,Jackson Mitra,42,M,A4
21357,8616,Zayyan Ben,34,M,A1
21358,8616,Ishita Shere,40,F,A2
21359,8617,Samaksh Pau,34,M,A1
21360,8618,Mason Varma,44,M,A1
21361,8618,Vamakshi Majumdar,34,F,A2
21362,8619,Chandresh Dash,20,M,A1
21363,8619,Yahvi Kothari,32,F,A2
21364,8619,Chandran Borah,42,M,A3
21365,8620,Mohammed Wable,22,M,A1
21366,8620,Hritik Sachar,43,M,A2
21367,8620,Charles Goel,23,M,A3
21368,8620,Ria Cherian,36,F,A4
21369,8621,Jeet Lad,42,M,A1
21370,8621,Peter Rao,42,M,A2
21371,8621,Sarthak Soman,36,M,A3
21372,8621,Dhruv Kota,24,M,A4
21373,8622,Anya Bora,28,F,A1
21374,8622,Nitesh Ramakrishnan,21,M,A2
21375,8622,Quincy Nagi,21,M,A3
21376,8623,Rudra Grewal,25,M,A1
21377,8624,Ekaraj Rau,43,M,A1
21378,8624,Jeremiah Basu,39,M,A2
21379,8624,Harshil Varkey,28,M,A3
21380,8624,Manbir Rama,42,M,A4
21381,8625,Wahab Sawhney,24,M,A1
21382,8626,Gunbir Talwar,33,M,A1
21383,8627,David Kanda,23,M,A1
21384,8627,Frado Ganguly,28,M,A2
21385,8627,Udarsh Shetty,22,M,A3
21386,8627,Charan Deshmukh,33,M,A4
21387,8628,Chaitanya Chacko,22,M,A1
21388,8628,Advik Mane,40,M,A2
21389,8628,Isaiah Rau,39,M,A3
21390,8629,Ethan Andra,35,M,A1
21391,8629,Ekansh Joshi,40,M,A2
21392,8629,Viraj Tella,37,M,A3
21393,8630,Shaurya Grewal,39,M,A1
21394,8631,Abhiram Banerjee,35,M,A1
21395,8631,Faras Ganguly,40,M,A2
21396,8632,Fitan Pillai,30,M,A1
21397,8632,Patrick Dani,37,M,A2
21398,8632,Kritika Singhal,29,F,A3
21399,8633,Chatura Bedi,39,M,A1
21400,8634,Udyati Dara,46,F,A1
21401,8635,Jagat Sathe,25,M,A1
21402,8635,Kabir Ramachandran,35,M,A2
21403,8635,Yachana Batra,38,F,A3
21404,8635,Devika Kade,37,F,A4
21405,8636,Udant Bora,32,M,A1
21406,8637,Simon Samra,44,M,A1
21407,8637,Gavin Garde,19,M,A2
21408,8638,Ati Ravel,30,F,A1
21409,8638,Anmol Mital,35,M,A2
21410,8639,Irya Dugal,44,F,A1
21411,8639,Vritti Bera,26,F,A2
21412,8639,Saksham Ravel,41,M,A3
21413,8639,Vasana Srinivas,32,F,A4
21414,8640,Logan Rao,23,M,A1
21415,8641,Arin Pandey,29,M,A1
21416,8641,Anay Seshadri,44,M,A2
21417,8641,Ganga Lall,39,F,A3
21418,8642,Andrew Randhawa,29,M,A1
21419,8642,Zilmil Suri,31,F,A2
21420,8642,Sai Arora,35,M,A3
21421,8643,Ishwar Taneja,35,M,A1
21422,8644,Brijesh Rastogi,26,M,A1
21423,8644,Yatan Bhatia,30,M,A2
21424,8644,Faris Apte,33,M,A3
21425,8644,Kritika Walla,20,F,A4
21426,8645,Advik Krishna,31,M,A1
21427,8646,Jairaj Singhal,47,M,A1
21428,8647,Nicholas Tank,40,M,A1
21429,8647,George Sabharwal,37,M,A2
21430,8647,Ranveer More,38,M,A3
21431,8648,Devansh Borra,33,M,A1
21432,8648,Kalpit Pau,44,M,A2
21433,8648,Champak Dugar,43,M,A3
21434,8649,Jatin Sodhi,40,M,A1
21435,8650,Oliver Devan,33,M,A1
21436,8650,Advaith Kade,26,M,A2
21437,8650,Anirudh Agrawal,21,M,A3
21438,8650,Krishna Mallick,22,M,A4
21439,8651,Anay Nayar,44,M,A1
21440,8651,Shivansh Biswas,28,M,A2
21441,8651,Zehaan Viswanathan,40,M,A3
21442,8651,Pratyush Garg,45,M,A4
21443,8652,Benjamin Ghosh,42,M,A1
21444,8652,Liam Kari,31,M,A2
21445,8652,Balhaar Balasubramanian,42,M,A3
21446,8652,Rehaan Varma,44,M,A4
21447,8653,Kevin Issac,44,M,A1
21448,8653,Fariq Halder,18,M,A2
21449,8653,Amol Taneja,31,M,A3
21450,8654,Rajeshri Bera,32,F,A1
21451,8654,Chandran Solanki,45,M,A2
21452,8654,Warinder Radhakrishnan,22,M,A3
21453,8655,Hemang Biswas,21,M,A1
21454,8656,Xiti Dalal,40,F,A1
21455,8656,Jatin Solanki,30,M,A2
21456,8656,Zayan Hegde,32,M,A3
21457,8656,Ayaan Kapoor,21,M,A4
21458,8657,Tanish Bhalla,38,M,A1
21459,8657,Vincent Rege,48,M,A2
21460,8658,Alka Goswami,39,F,A1
21461,8659,Harish Thakur,19,M,A1
21462,8659,Pranav Arora,18,M,A2
21463,8660,Ryan Sanghvi,42,M,A1
21464,8661,Rajata Krish,20,F,A1
21465,8661,Darpan Saran,30,M,A2
21466,8661,Onkar Madan,21,M,A3
21467,8661,Aarnav Madan,38,M,A4
21468,8662,Kai Krish,29,M,A1
21469,8662,Abhiram Ramesh,33,M,A2
21470,8662,William Baria,37,M,A3
21471,8662,Nathaniel Atwal,47,M,A4
21472,8663,Yatin Hans,25,M,A1
21473,8663,Onveer Parekh,28,M,A2
21474,8663,Chandresh Walia,19,M,A3
21475,8663,Henry Shroff,40,M,A4
21476,8664,Devansh Tank,34,M,A1
21477,8664,William Kalita,38,M,A2
21478,8665,Frado Loke,33,M,A1
21479,8665,Nathan Iyengar,34,M,A2
21480,8665,Rudra Sood,41,M,A3
21481,8666,Hredhaan Sampath,27,M,A1
21482,8667,Frado Chawla,24,M,A1
21483,8667,Mohammed Rout,35,M,A2
21484,8667,Anusha Kalita,26,F,A3
21485,8668,Samaksh Bhatnagar,31,M,A1
21486,8668,Quincy Agrawal,24,M,A2
21487,8669,Karan Kaul,41,M,A1
21488,8669,Bhavna Acharya,37,F,A2
21489,8669,Qasim Kala,25,M,A3
21490,8669,Chatura Chopra,24,M,A4
21491,8670,Orinder Vohra,30,M,A1
21492,8670,Isaac Bhargava,29,M,A2
21493,8670,Xiti Pandey,22,F,A3
21494,8671,Aryan Tailor,32,M,A1
21495,8671,Frado Saxena,28,M,A2
21496,8671,Lucky Dhillon,26,M,A3
21497,8672,Guneet Vig,23,M,A1
21498,8672,Tanveer Chaudhari,43,M,A2
21499,8672,Jonathan Kala,27,M,A3
21500,8672,Harish Bose,24,M,A4
21501,8673,Warinder Gandhi,46,M,A1
21502,8673,Gautam Lanka,41,M,A2
21503,8673,Karan Dube,36,M,A3
21504,8674,Farhan Goyal,31,M,A1
21505,8674,Hitesh Chakraborty,35,M,A2
21506,8674,Yuvraj Chandran,46,M,A3
21507,8674,Rayaan Saha,32,M,A4
21508,8675,Ishani Verma,30,F,A1
21509,8675,Triveni Gupta,28,F,A2
21510,8675,Pranav Bali,40,M,A3
21511,8676,Jackson Naidu,31,M,A1
21512,8676,Udarsh Ramaswamy,27,M,A2
21513,8676,Dhruv Sarna,42,M,A3
21514,8676,Sai Issac,34,M,A4
21515,8677,Ekavir Sundaram,42,M,A1
21516,8678,Ekaraj Gaba,26,M,A1
21517,8678,Chandresh Ghosh,34,M,A2
21518,8679,Devansh Lad,26,M,A1
21519,8679,Jason Sarma,23,M,A2
21520,8680,Theodore Mital,28,M,A1
21521,8680,Raghav Bora,38,M,A2
21522,8680,Jonathan Sehgal,39,M,A3
21523,8681,Vincent Sheth,28,M,A1
21524,8682,Rachit Hora,36,M,A1
21525,8682,Yatan Natt,22,M,A2
21526,8683,Aarav Balasubramanian,22,M,A1
21527,8684,Dev Karnik,33,M,A1
21528,8685,Umang Nadkarni,45,M,A1
21529,8685,Utkarsh Kara,19,M,A2
21530,8685,Orinder Bera,18,M,A3
21531,8686,Ayaan Gulati,41,M,A1
21532,8686,Udarsh Master,38,M,A2
21533,8686,Jai Mahajan,26,M,A3
21534,8687,Dalbir Kar,28,M,A1
21535,8687,Yuvraj Mukhopadhyay,32,M,A2
21536,8687,Girish Sengupta,41,M,A3
21537,8687,Girik Mani,25,M,A4
21538,8688,Indrajit Roy,27,M,A1
21539,8689,Indrajit Raja,25,M,A1
21540,8689,Onkar Sampath,42,M,A2
21541,8689,Lakshit Grewal,27,M,A3
21542,8689,Simon Din,38,M,A4
21543,8690,Faqid Natt,23,M,A1
21544,8690,Logan Keer,24,M,A2
21545,8690,Daksha Rai,24,F,A3
21546,8691,Ayush Prasad,40,M,A1
21547,8691,Ojas Shankar,23,M,A2
21548,8691,Tanay Sabharwal,37,M,A3
21549,8692,Sathvik Chadha,40,M,A1
21550,8693,Max Mukhopadhyay,43,M,A1
21551,8693,Nachiket Ganguly,30,M,A2
21552,8693,Ayush Kala,38,M,A3
21553,8694,Benjamin Subramaniam,35,M,A1
21554,8694,Advaith Divan,40,M,A2
21555,8695,Chanchal Upadhyay,35,F,A1
21556,8696,Ekapad Chander,45,M,A1
21557,8696,Abdul Oommen,24,M,A2
21558,8696,Wridesh Upadhyay,36,M,A3
21559,8696,Samaksh Gour,32,M,A4
21560,8697,Tara Gopal,28,F,A1
21561,8697,George Tripathi,31,M,A2
21562,8697,Dipta De,45,F,A3
21563,8698,Ojasvi Dara,33,F,A1
21564,8698,Finn Bhardwaj,46,M,A2
21565,8698,Tanay Tak,26,M,A3
21566,8698,Quincy Goyal,34,M,A4
21567,8699,Jack Samra,24,M,A1
21568,8699,Joshua Mangal,35,M,A2
21569,8699,Yug Madan,23,M,A3
21570,8700,Samaksh Vyas,31,M,A1
21571,8700,Ikbal Sachdeva,36,M,A2
21572,8701,Gaurang Dass,31,M,A1
21573,8701,Ekavir Rout,48,M,A2
21574,8701,Tanish Bahl,46,M,A3
21575,8701,Balveer Rout,25,M,A4
21576,8702,Anay Bhagat,45,M,A1
21577,8703,Anmol Halder,48,M,A1
21578,8703,Girindra Som,22,M,A2
21579,8703,Balendra Khurana,46,M,A3
21580,8703,Warinder D’Alia,48,M,A4
21581,8704,Aadi Sarma,26,M,A1
21582,8704,Imaran Natarajan,30,M,A2
21583,8704,Umang Mahal,32,M,A3
21584,8704,Qasim Narula,32,M,A4
21585,8705,Advay Dora,31,M,A1
21586,8705,Hredhaan Dhingra,35,M,A2
21587,8705,Chaman Gade,28,F,A3
21588,8706,Frederick Yogi,31,M,A1
21589,8707,Arunima Mody,26,F,A1
21590,8708,Lohit Setty,44,M,A1
21591,8708,Onkar Chaudry,34,M,A2
21592,8709,Advik Upadhyay,25,M,A1
21593,8709,Abdul Tailor,19,M,A2
21594,8709,Manthan Bandi,35,M,A3
21595,8709,Victor More,36,M,A4
21596,8710,Yatan Manne,39,M,A1
21597,8710,Zayyan Mani,39,M,A2
21598,8710,Qasim Chand,21,M,A3
21599,8711,Jairaj Oak,30,M,A1
21600,8711,Girindra Kakar,29,M,A2
21601,8711,Advaith Parmer,31,M,A3
21602,8712,Henry Mall,38,M,A1
21603,8712,Adya Joshi,31,F,A2
21604,8713,Balvan Aggarwal,39,M,A1
21605,8714,Benjamin Subramanian,34,M,A1
21606,8714,Ronith Vohra,32,M,A2
21607,8715,Patrick Ganesh,41,M,A1
21608,8715,Azaan Joshi,46,M,A2
21609,8715,Aryan Sankar,21,M,A3
21610,8715,Balhaar Srivastava,26,M,A4
21611,8716,Onkar Gera,23,M,A1
21612,8717,Wazir Murty,37,M,A1
21613,8717,Ryan Tella,26,M,A2
21614,8718,Timothy Salvi,42,M,A1
21615,8718,Zayan Divan,47,M,A2
21616,8718,Benjamin Apte,42,M,A3
21617,8719,Wriddhish Tank,37,M,A1
21618,8719,Ishwar Mital,25,M,A2
21619,8720,Aadi Barad,40,M,A1
21620,8720,Hiral Dugar,23,F,A2
21621,8720,Advay Patil,39,M,A3
21622,8720,Shivansh Loke,22,M,A4
21623,8721,Wahab Dyal,25,M,A1
21624,8721,Falguni Dugar,32,F,A2
21625,8722,Nisha Taneja,20,F,A1
21626,8723,Udarsh Suri,20,M,A1
21627,8723,Isaiah Mand,30,M,A2
21628,8724,Ekansh Cheema,35,M,A1
21629,8724,Faras Solanki,44,M,A2
21630,8724,Alexander Nath,45,M,A3
21631,8724,Henry Bir,28,M,A4
21632,8725,Vinaya Lad,41,F,A1
21633,8726,Yash Choudhury,31,M,A1
21634,8726,Guneet Madan,36,M,A2
21635,8726,Abeer Bahl,28,M,A3
21636,8727,Sai Pandit,37,M,A1
21637,8727,Anmol Naidu,43,M,A2
21638,8727,Patrick Rana,40,M,A3
21639,8727,Dominic Naik,47,M,A4
21640,8728,Aashi Dara,28,F,A1
21641,8728,Timothy Naidu,25,M,A2
21642,8728,Anirudh Agrawal,28,M,A3
21643,8728,Liam Kothari,29,M,A4
21644,8729,Udant Dube,32,M,A1
21645,8729,Priya Nayak,42,F,A2
21646,8729,Gaurav Swaminathan,27,M,A3
21647,8729,Udant Pal,22,M,A4
21648,8730,Amara Murthy,43,F,A1
21649,8731,Adya Sundaram,39,F,A1
21650,8731,Tanay Ahluwalia,32,M,A2
21651,8731,Bhavna Ramesh,40,F,A3
21652,8731,Nakul Bhat,36,M,A4
21653,8732,Imaran Devi,45,M,A1
21654,8732,Onveer Arya,28,M,A2
21655,8733,Ekalinga Loke,46,M,A1
21656,8733,Ronith Seth,42,M,A2
21657,8734,Balvan Shanker,36,M,A1
21658,8734,Triya Goyal,25,F,A2
21659,8735,Tanmayi Reddy,18,F,A1
21660,8735,Zashil Mammen,38,M,A2
21661,8735,Theodore Barad,42,M,A3
21662,8735,Fiyaz Sarin,25,M,A4
21663,8736,Gautami Sahota,30,F,A1
21664,8736,Dalbir Chhabra,41,M,A2
21665,8737,Indrajit Mitra,32,M,A1
21666,8737,Prisha Chandra,32,F,A2
21667,8737,Parth Keer,24,M,A3
21668,8738,Tanveer Nagi,41,M,A1
21669,8739,Omaja Nayak,27,F,A1
21670,8739,Samar Chacko,39,M,A2
21671,8740,Ryan Oza,40,M,A1
21672,8740,Zayan Bala,32,M,A2
21673,8740,Logan Narain,47,M,A3
21674,8741,Fiyaz Kumer,44,M,A1
21675,8741,Bahadurjit Peri,26,M,A2
21676,8741,Warda Atwal,34,F,A3
21677,8742,Dhruv Kothari,28,M,A1
21678,8742,Mohammed Warrior,42,M,A2
21679,8742,Kabir Chaudhuri,28,M,A3
21680,8742,Rishi Ghose,38,M,A4
21681,8743,Jonathan Sami,32,M,A1
21682,8743,Azad Bhardwaj,36,M,A2
21683,8743,Yagnesh Patel,22,M,A3
21684,8744,Anusha Behl,27,F,A1
21685,8744,Christopher Sethi,28,M,A2
21686,8745,Reyansh Viswanathan,26,M,A1
21687,8745,Yug Kaur,22,M,A2
21688,8745,Dalbir Rastogi,36,M,A3
21689,8746,Ansh Kalita,25,M,A1
21690,8746,Sathvik Sachar,34,M,A2
21691,8746,Zansi Kumer,25,F,A3
21692,8747,Tanay Goda,30,M,A1
21693,8748,Harrison Dyal,45,M,A1
21694,8748,Tanveer Barad,25,M,A2
21695,8749,Manbir Rajagopalan,33,M,A1
21696,8749,Anirudh Kadakia,33,M,A2
21697,8749,Aarav Sarin,38,M,A3
21698,8750,Champak Nagi,38,M,A1
21699,8751,Teerth Jayaraman,23,M,A1
21700,8751,Wridesh More,27,M,A2
21701,8751,Ojasvi Baral,44,F,A3
21702,8751,Champak Deo,21,M,A4
21703,8752,Quincy Balay,20,M,A1
21704,8752,Balveer Madan,43,M,A2
21705,8752,Krish Suri,37,M,A3
21706,8752,Ishaan Aurora,24,M,A4
21707,8753,Wazir Dyal,42,M,A1
21708,8753,Timothy Arora,21,M,A2
21709,8753,Warinder Mitter,44,M,A3
21710,8754,Abeer Sami,40,M,A1
21711,8755,Wazir Mani,29,M,A1
21712,8755,Rohan Shere,40,M,A2
21713,8755,Jagdish Chaudhuri,27,M,A3
21714,8756,Zehaan Tandon,24,M,A1
21715,8757,Logan Buch,30,M,A1
21716,8757,Shivansh Dar,22,M,A2
21717,8757,Jai Bera,26,M,A3
21718,8757,Wriddhish Mutti,26,M,A4
21719,8758,Ekalinga Kurian,30,M,A1
21720,8758,Anay Cheema,22,M,A2
21721,8759,Januja Bhakta,26,F,A1
21722,8759,Jeet Rastogi,35,M,A2
21723,8759,Yashvi Balay,23,F,A3
21724,8759,Harish Sahota,41,M,A4
21725,8760,Wridesh Raja,42,M,A1
21726,8761,Gaurang Mitter,26,M,A1
21727,8761,Jagdish Nadig,41,M,A2
21728,8761,Zashil Pillay,37,M,A3
21729,8761,Bakhshi Ratta,31,M,A4
21730,8762,Sarthak Rajagopalan,20,M,A1
21731,8762,Balhaar Bhatnagar,25,M,A2
21732,8762,Alexander Jayaraman,26,M,A3
21733,8762,Gautam Peri,41,M,A4
21734,8763,Oliver Chawla,23,M,A1
21735,8763,Darpan Bera,34,M,A2
21736,8763,Vanya Narayan,44,F,A3
21737,8764,Omkaar Upadhyay,33,M,A1
21738,8764,Vrinda Raja,43,F,A2
21739,8765,Mitesh Bhandari,47,M,A1
21740,8765,Daksh Dugar,34,M,A2
21741,8765,Caleb Chand,19,M,A3
21742,8766,Yatan Gupta,44,M,A1
21743,8767,Samar D’Alia,38,M,A1
21744,8767,Vivaan Muni,30,M,A2
21745,8767,Chatura Edwin,24,M,A3
21746,8767,Simon Maharaj,42,M,A4
21747,8768,Champak Batra,33,M,A1
21748,8769,Daniel Sharaf,35,M,A1
21749,8769,Fitan More,35,M,A2
21750,8769,Agastya Vasa,30,M,A3
21751,8769,Shivansh Zacharia,43,M,A4
21752,8770,Jason Dara,28,M,A1
21753,8771,Owen Chakrabarti,45,M,A1
21754,8771,Chatresh Chopra,41,M,A2
21755,8771,Wridesh Shukla,47,M,A3
21756,8771,Gagan Yohannan,40,M,A4
21757,8772,Matthew Deshpande,38,M,A1
21758,8772,Joshua Yogi,37,M,A2
21759,8772,Sathvik Kara,48,M,A3
21760,8772,Ekapad Chander,45,M,A4
21761,8773,Dev Minhas,22,M,A1
21762,8773,Kai Sengupta,20,M,A2
21763,8773,Zaid Dugar,45,M,A3
21764,8773,Ekaraj Parmar,28,M,A4
21765,8774,Jagdish Sachdev,36,M,A1
21766,8774,Caleb Choudhary,34,M,A2
21767,8774,Yatin Barad,21,M,A3
21768,8774,Wridesh Randhawa,39,M,A4
21769,8775,Vasudha Bhasin,22,F,A1
21770,8775,Mahika Narayan,29,F,A2
21771,8775,Chatresh Agarwal,30,M,A3
21772,8775,Nakul Parmar,18,M,A4
21773,8776,Rehaan Bail,45,M,A1
21774,8777,Charles Mannan,40,M,A1
21775,8777,Orinder Shukla,28,M,A2
21776,8777,Nitara Bahl,33,F,A3
21777,8778,Lakshmi Sant,36,F,A1
21778,8778,Yatin Din,32,M,A2
21779,8778,Ojas Deshpande,42,M,A3
21780,8778,Luke Kamdar,45,M,A4
21781,8779,Vyanjana Nagarajan,23,F,A1
21782,8780,Vansha Raju,28,F,A1
21783,8780,Ronith Dhillon,44,M,A2
21784,8781,Pahal Wason,29,F,A1
21785,8781,Charan Nagarajan,27,M,A2
21786,8782,Isaac Trivedi,31,M,A1
21787,8783,Sarthak Bhardwaj,23,M,A1
21788,8784,Maanav Mitter,36,M,A1
21789,8785,Wriddhish Goswami,30,M,A1
21790,8785,Ranbir Shankar,39,M,A2
21791,8785,Jatin Khosla,37,M,A3
21792,8786,Darpan Thakur,35,M,A1
21793,8786,Jonathan Bhargava,37,M,A2
21794,8786,Kalpit Randhawa,26,M,A3
21795,8787,Akshay Nagar,31,M,A1
21796,8787,Samuel Tiwari,45,M,A2
21797,8787,Gavin Sandhu,46,M,A3
21798,8787,Daksh Khalsa,36,M,A4
21799,8788,Tanish Sathe,30,M,A1
21800,8788,Darpan Saxena,25,M,A2
21801,8789,Wakeeta Kade,39,F,A1
21802,8789,Fariq Agate,27,M,A2
21803,8789,Chaitanya Nadig,45,M,A3
21804,8790,Tejas Korpal,23,M,A1
21805,8790,Fitan Pingle,42,M,A2
21806,8790,Rohan Dugal,45,M,A3
21807,8791,Gautam Oommen,43,M,A1
21808,8791,Frederick Sangha,23,M,A2
21809,8791,Qadim Maharaj,44,M,A3
21810,8791,Lipika Vala,18,F,A4
21811,8792,Ikbal Mitter,32,M,A1
21812,8792,Mason Badal,42,M,A2
21813,8792,Charan Kalla,30,M,A3
21814,8793,Yuvraj Yadav,28,M,A1
21815,8793,Yug Murthy,30,M,A2
21816,8793,Pranit Swamy,43,M,A3
21817,8793,Tejas Bhakta,37,M,A4
21818,8794,Banjeet Shetty,28,M,A1
21819,8795,Frado Pai,28,M,A1
21820,8795,Brijesh Wason,36,M,A2
21821,8796,Hredhaan Sarma,22,M,A1
21822,8796,Suhani Salvi,35,F,A2
21823,8796,Chakrika Om,40,F,A3
21824,8797,Caleb Gade,19,M,A1
21825,8797,Thomas Vala,32,M,A2
21826,8797,Lohit Bedi,46,M,A3
21827,8798,Daniel Biswas,37,M,A1
21828,8799,Charan Bhattacharyya,26,M,A1
21829,8799,Owen Dube,39,M,A2
21830,8799,Utkarsh Soni,44,M,A3
21831,8799,Balveer Gour,43,M,A4
21832,8800,Wahab Mand,42,M,A1
21833,8800,Faras Kala,18,M,A2
21834,8801,Sathvik Bakshi,22,M,A1
21835,8801,Gaurav Saxena,41,M,A2
21836,8801,Praneel Maharaj,25,M,A3
21837,8801,Xavier Goswami,41,M,A4
21838,8802,Amol Talwar,44,M,A1
21839,8802,Upkaar Agrawal,20,M,A2
21840,8803,Radhika Gole,22,F,A1
21841,8803,Chanchal Vala,20,F,A2
21842,8803,Rehaan Prabhu,31,M,A3
21843,8803,Chanakya Zacharia,21,M,A4
21844,8804,Kalpit Goda,35,M,A1
21845,8805,Dhruv Parekh,40,M,A1
21846,8805,Darpan Chaudhry,39,M,A2
21847,8805,Tejas Bora,22,M,A3
21848,8806,Utkarsh Mittal,46,M,A1
21849,8806,Bakhshi Sur,36,M,A2
21850,8806,Orinder Dixit,23,M,A3
21851,8806,George Garde,31,M,A4
21852,8807,Pushti Chakraborty,38,F,A1
21853,8807,Mohammed Kari,35,M,A2
21854,8808,Chandresh Sehgal,42,M,A1
21855,8808,Wridesh Gill,35,M,A2
21856,8808,Pranav Salvi,40,M,A3
21857,8809,Harish Basu,40,M,A1
21858,8809,Balvan Sodhi,32,M,A2
21859,8809,Jeet Varkey,24,M,A3
21860,8809,Zaitra Divan,36,F,A4
21861,8810,Abeer Agarwal,39,M,A1
21862,8811,Vivaan Dutta,26,M,A1
21863,8811,Tejas Konda,42,M,A2
21864,8812,Guneet Viswanathan,30,M,A1
21865,8812,Megha Karan,39,F,A2
21866,8812,Jonathan Aggarwal,24,M,A3
21867,8812,Ubika Kibe,26,F,A4
21868,8813,Isaac Devi,32,M,A1
21869,8813,Balhaar Nanda,42,M,A2
21870,8813,Naksh Sankar,22,M,A3
21871,8813,Fitan Patil,22,M,A4
21872,8814,Faras Bahri,29,M,A1
21873,8814,Arjun Chaudhuri,40,M,A2
21874,8815,Simon Kapoor,39,M,A1
21875,8815,Balvan Sem,30,M,A2
21876,8815,Yamini Kale,31,F,A3
21877,8816,Anusha Kota,43,F,A1
21878,8816,Patrick Wali,36,M,A2
21879,8817,Logan Bains,25,M,A1
21880,8818,Urmi Viswanathan,31,F,A1
21881,8818,Azaan Dhillon,33,M,A2
21882,8818,Harish Mody,38,M,A3
21883,8819,Aachal Chaudry,23,F,A1
21884,8819,Balhaar Choudhry,47,M,A2
21885,8820,Zehaan Chada,23,M,A1
21886,8820,Guneet Sule,29,M,A2
21887,8821,Yatin Zachariah,18,M,A1
21888,8821,Falan Atwal,33,M,A2
21889,8821,Urmi Raval,32,F,A3
21890,8822,Akshay Palan,42,M,A1
21891,8823,Karan Prashad,28,M,A1
21892,8824,Vaishnavi Wason,36,F,A1
21893,8825,Faqid Nath,38,M,A1
21894,8825,Xavier Bhalla,20,M,A2
21895,8825,Ethan Kuruvilla,22,M,A3
21896,8825,Samuel Seth,33,M,A4
21897,8826,Rayaan Aggarwal,43,M,A1
21898,8827,Quincy Shroff,28,M,A1
21899,8827,Darsh Mann,27,M,A2
21900,8827,Ekta Sengupta,35,F,A3
21901,8828,Isaac Hayer,18,M,A1
21902,8829,Wahab Das,39,M,A1
21903,8829,Arin Dayal,38,M,A2
21904,8830,Neel Shere,43,M,A1
21905,8830,Gopal Borah,26,M,A2
21906,8830,Ishaan Prabhu,43,M,A3
21907,8830,Ucchal Pathak,30,F,A4
21908,8831,Darika Chandran,35,F,A1
21909,8832,Agastya Varkey,47,M,A1
21910,8832,Jai Narula,29,M,A2
21911,8832,Ethan Bhasin,23,M,A3
21912,8833,Ranveer Bakshi,39,M,A1
21913,8834,Lucky Zacharia,46,M,A1
21914,8834,Patrick Dutta,37,M,A2
21915,8834,Abhiram Gera,32,M,A3
21916,8835,Anirudh Khosla,42,M,A1
21917,8835,Victor Bajwa,27,M,A2
21918,8835,Anthony Madan,39,M,A3
21919,8836,Girish Master,21,M,A1
21920,8836,Farhan Mammen,21,M,A2
21921,8837,Thomas Pillai,44,M,A1
21922,8837,Rachit Naidu,34,M,A2
21923,8837,Qasim Wagle,46,M,A3
21924,8838,Hemang Padmanabhan,30,M,A1
21925,8838,Veer Varghese,32,M,A2
21926,8838,Udarsh Dara,47,M,A3
21927,8838,Rohan Patla,31,M,A4
21928,8839,Kabir Kapur,25,M,A1
21929,8839,Shivansh Swaminathan,32,M,A2
21930,8839,Daniel Mitra,30,M,A3
21931,8840,Theodore Dyal,27,M,A1
21932,8840,Madhav Varughese,42,M,A2
21933,8841,Indrajit Tripathi,25,M,A1
21934,8841,Mitesh Vohra,44,M,A2
21935,8842,Omya Muni,30,F,A1
21936,8842,Krisha Dhar,36,F,A2
21937,8843,Omya Talwar,35,F,A1
21938,8844,Devansh Dayal,23,M,A1
21939,8845,Ayushman Dada,26,M,A1
21940,8845,Girindra Wali,31,M,A2
21941,8845,Oliver Karpe,47,M,A3
21942,8845,Kevin Mand,41,M,A4
21943,8846,Nihal Srivastava,42,M,A1
21944,8847,Balendra Sinha,37,M,A1
21945,8847,Dalaja Raja,33,F,A2
21946,8848,Dev Krishna,41,M,A1
21947,8848,Qadim Palla,39,M,A2
21948,8849,Vrishti Behl,26,F,A1
21949,8849,Kalpit Kumer,37,M,A2
21950,8849,Luke Chauhan,41,M,A3
21951,8850,Abdul Murty,31,M,A1
21952,8851,Harshil Nadig,30,M,A1
21953,8851,Turvi Cherian,23,F,A2
21954,8851,Nathan Rajagopal,24,M,A3
21955,8852,Akshay Misra,36,M,A1
21956,8852,Hemang Ramesh,40,M,A2
21957,8852,Raagini Thakkar,26,F,A3
21958,8852,Nathan Sanghvi,19,M,A4
21959,8853,Bhavya Mutti,27,F,A1
21960,8854,Nikita Nori,22,F,A1
21961,8854,Luke Parsa,21,M,A2
21962,8854,Sachi Nagi,33,F,A3
21963,8854,Gautam Bala,27,M,A4
21964,8855,Veer Prakash,31,M,A1
21965,8855,Aryan Wable,44,M,A2
21966,8855,Tristan Baria,29,M,A3
21967,8856,Advay Loyal,31,M,A1
21968,8856,Wriddhish Loke,24,M,A2
21969,8856,Yash Bakshi,24,M,A3
21970,8857,Yamini Prasad,33,F,A1
21971,8857,Ekbal Sachdev,37,M,A2
21972,8857,Yagnesh Garde,35,M,A3
21973,8858,Divya Bhargava,24,F,A1
21974,8858,Karan Lalla,39,M,A2
21975,8858,Wazir Malhotra,37,M,A3
21976,8858,Abhiram Rajan,22,M,A4
21977,8859,Orinder Biswas,25,M,A1
21978,8859,Noah Iyengar,30,M,A2
21979,8859,Jason Srinivas,21,M,A3
21980,8859,Michael Mani,33,M,A4
21981,8860,Banjeet Dhingra,19,M,A1
21982,8860,Joshua Babu,42,M,A2
21983,8860,Samesh Badal,24,M,A3
21984,8860,Azad Tak,34,M,A4
21985,8861,Wyatt Shanker,20,M,A1
21986,8862,Joshua Prabhakar,35,M,A1
21987,8862,Gayathri Bora,38,F,A2
21988,8862,Vincent Goel,31,M,A3
21989,8863,Aadi Khalsa,25,M,A1
21990,8863,Abeer Grewal,19,M,A2
21991,8863,Arunima Sura,41,F,A3
21992,8863,Anusha Barad,30,F,A4
21993,8864,Gunbir Gade,30,M,A1
21994,8864,Mugdha Narain,43,F,A2
21995,8864,Darpan Soman,30,M,A3
21996,8864,Chaitanya Kala,42,M,A4
21997,8865,Harini Wable,32,F,A1
21998,8865,Chakradev Sama,28,M,A2
21999,8865,Girik Raju,41,M,A3
22000,8865,Jagdish Gopal,30,M,A4
22001,8866,Gopal Mani,33,M,A1
22002,8867,Yuvraj Khanna,38,M,A1
22003,8867,Qarin Nadkarni,38,M,A2
22004,8868,Chandran Hari,44,M,A1
22005,8869,Ria Sami,34,F,A1
22006,8869,Samuel Bassi,37,M,A2
22007,8869,Laksh Sidhu,23,M,A3
22008,8870,Pranav Sarraf,48,M,A1
22009,8870,Michael Ranganathan,27,M,A2
22010,8870,Maanas Pandya,38,M,A3
22011,8871,Kamya Nanda,24,F,A1
22012,8871,Manthan Batra,38,M,A2
22013,8872,Henry Kannan,33,M,A1
22014,8872,Laksh Chanda,38,M,A2
22015,8872,Atharv Anand,29,M,A3
22016,8873,Saksham Bumb,21,M,A1
22017,8873,Varsha Bhatti,42,F,A2
22018,8873,Nathaniel Borah,41,M,A3
22019,8873,Indali Bhatt,25,F,A4
22020,8874,Max Rajagopal,33,M,A1
22021,8874,Ayush Mani,23,M,A2
22022,8875,Wazir Vora,35,M,A1
22023,8875,Patrick Nagar,19,M,A2
22024,8875,Harsh Mishra,38,M,A3
22025,8875,Nicholas Hayre,19,M,A4
22026,8876,Nathan Nayak,40,M,A1
22027,8876,Falak Natt,25,F,A2
22028,8877,Adya Natarajan,31,F,A1
22029,8877,Azad Loke,28,M,A2
22030,8877,Arin Menon,35,M,A3
22031,8878,Ayaan Mitter,20,M,A1
22032,8878,Warda Koshy,46,F,A2
22033,8878,Bahadurjit Chana,36,M,A3
22034,8879,Darpan Hegde,41,M,A1
22035,8879,Indrajit Sodhi,25,M,A2
22036,8880,Tarak Pradhan,28,M,A1
22037,8880,Advay Nayar,18,M,A2
22038,8880,Manan Puri,29,M,A3
22039,8881,Chatura Tata,24,M,A1
22040,8882,Onveer Sastry,37,M,A1
22041,8882,Abhimanyu Radhakrishnan,33,M,A2
22042,8882,Champak Jani,35,M,A3
22043,8883,Gopal Gopal,33,M,A1
22044,8884,Ayushman Rege,24,M,A1
22045,8884,Vivaan Muni,35,M,A2
22046,8885,Isaiah Sarma,30,M,A1
22047,8885,Samaksh Sen,34,M,A2
22048,8886,Gavin Ramachandran,33,M,A1
22049,8886,Ikbal Deshmukh,36,M,A2
22050,8886,Hamsini Sem,41,F,A3
22051,8887,Tanay Chakraborty,22,M,A1
22052,8888,Timothy Bhatnagar,37,M,A1
22053,8888,Pooja Swamy,32,F,A2
22054,8889,Jeet Ravel,48,M,A1
22055,8890,Chakradev Natarajan,18,M,A1
22056,8890,Maanav Kannan,39,M,A2
22057,8891,Abeer Palla,42,M,A1
22058,8891,Christopher Barman,38,M,A2
22059,8891,Onveer Bhat,38,M,A3
22060,8892,Liam Garde,35,M,A1
22061,8892,Pratyush Sood,42,M,A2
22062,8892,Gavin Singh,29,M,A3
22063,8892,Fiyaz Aggarwal,44,M,A4
22064,8893,Jairaj Narang,41,M,A1
22065,8894,Ishwar Sidhu,24,M,A1
22066,8894,Aachal Parmer,21,F,A2
22067,8894,Jason Shroff,28,M,A3
22068,8895,Mason Char,45,M,A1
22069,8895,Abhimanyu Goswami,35,M,A2
22070,8895,Ranbir Nazareth,27,M,A3
22071,8895,Kevin Seth,34,M,A4
22072,8896,Girish Kunda,30,M,A1
22073,8897,Laban Yohannan,43,M,A1
22074,8897,Benjamin Sarkar,32,M,A2
22075,8897,Advaith Mahajan,36,M,A3
22076,8898,Manan Hari,35,M,A1
22077,8898,Ekbal Mody,32,M,A2
22078,8899,Peter Goswami,30,M,A1
22079,8900,Quincy Ben,31,M,A1
22080,8901,Shivani Taneja,43,F,A1
22081,8902,Abdul Karnik,43,M,A1
22082,8902,Mitesh Lall,44,M,A2
22083,8903,Qarin Dhaliwal,36,M,A1
22084,8903,Jagat Mann,31,M,A2
22085,8903,Yatin Jhaveri,26,M,A3
22086,8903,Lohit Nagy,42,M,A4
22087,8904,Tejas Malhotra,23,M,A1
22088,8904,Elijah Modi,24,M,A2
22089,8904,Nitesh Palan,41,M,A3
22090,8904,Abha Hans,25,F,A4
22091,8905,Avni Ram,21,F,A1
22092,8905,Teerth Rout,24,M,A2
22093,8906,Ekapad Bhattacharyya,23,M,A1
22094,8907,Ekapad Saraf,22,M,A1
22095,8908,Ikbal Sur,29,M,A1
22096,8909,Chavvi Samra,21,F,A1
22097,8909,Aarna Sharma,34,F,A2
22098,8910,Oscar Gera,23,M,A1
22099,8911,Vivaan Sarna,45,M,A1
22100,8911,Bahadurjit Murty,26,M,A2
22101,8912,Tanish Bora,25,M,A1
22102,8912,Neel Chana,27,M,A2
22103,8912,Balvan Suri,19,M,A3
22104,8913,Jai Nayar,29,M,A1
22105,8913,Daksh Tailor,21,M,A2
22106,8913,Arin Gopal,39,M,A3
22107,8914,Harshil Ghose,44,M,A1
22108,8914,Ishwar Malhotra,42,M,A2
22109,8915,Hemang Seth,37,M,A1
22110,8915,Thomas Chokshi,22,M,A2
22111,8915,Frederick Sarraf,29,M,A3
22112,8915,Joshua Sarraf,19,M,A4
22113,8916,Viraj Nagarajan,22,M,A1
22114,8916,Frederick Varma,34,M,A2
22115,8917,Kai Salvi,47,M,A1
22116,8917,Gaurang Bhavsar,19,M,A2
22117,8917,Yashoda Mutti,33,F,A3
22118,8918,Lakshit Pathak,41,M,A1
22119,8918,Xalak Tiwari,45,F,A2
22120,8919,Yashodhara Contractor,32,F,A1
22121,8920,Champak Sankar,38,M,A1
22122,8920,Daksh Anne,44,M,A2
22123,8920,Alexander Balakrishnan,38,M,A3
22124,8920,Pranit Srinivasan,25,M,A4
22125,8921,Ryan Nigam,42,M,A1
22126,8922,Yuvraj Kota,32,M,A1
22127,8923,Dalbir Kulkarni,45,M,A1
22128,8923,Lucky Devan,26,M,A2
22129,8923,Chaitanya Ganesh,33,M,A3
22130,8923,Balendra Varughese,23,M,A4
22131,8924,Chasmum Chad,36,F,A1
22132,8925,Manbir Vora,36,M,A1
22133,8926,Pranit Swamy,43,M,A1
22134,8926,Hritik Ghosh,20,M,A2
22135,8927,Reyansh Viswanathan,27,M,A1
22136,8927,Wazir Dua,20,M,A2
22137,8927,Manya Patel,20,F,A3
22138,8928,Faris Sahni,34,M,A1
22139,8928,Lakshit Dutta,32,M,A2
22140,8929,Reyansh Viswanathan,37,M,A1
22141,8929,Sarthak Dave,23,M,A2
22142,8930,Nitara Varkey,28,F,A1
22143,8930,Indrajit Ramakrishnan,28,M,A2
22144,8930,Elijah Patla,28,M,A3
22145,8931,Kiaan Varughese,43,M,A1
22146,8931,Pranit Sastry,39,M,A2
22147,8931,Daksh De,43,M,A3
22148,8932,Lohit Mander,37,M,A1
22149,8933,Amrita Chad,45,F,A1
22150,8933,Vyanjana Sachdeva,42,F,A2
22151,8934,Shaurya Venkataraman,39,M,A1
22152,8934,Nicholas Palan,21,M,A2
22153,8934,Aryan Pradhan,26,M,A3
22154,8935,Elijah Shere,33,M,A1
22155,8935,Agastya Dhar,33,M,A2
22156,8936,Ojas Natt,23,M,A1
22157,8936,Andrew Tak,22,M,A2
22158,8936,Baljiwan Gaba,47,M,A3
22159,8937,Tara Sehgal,24,F,A1
22160,8937,Balveer Batta,23,M,A2
22161,8937,Dakshesh Rajagopal,30,M,A3
22162,8937,Lakshit Jaggi,22,M,A4
22163,8938,Jagrati Keer,30,F,A1
22164,8938,Rudra Subramanian,22,M,A2
22165,8939,Wriddhish Datta,36,M,A1
22166,8940,Patrick Handa,44,M,A1
22167,8940,Chakradev Dhar,38,M,A2
22168,8941,Simon Rege,35,M,A1
22169,8942,Viraj Gaba,45,M,A1
22170,8943,Aachal Parmar,33,F,A1
22171,8943,Naveen Krishnamurthy,28,M,A2
22172,8944,Henry Barad,23,M,A1
22173,8944,Alexander Jhaveri,44,M,A2
22174,8944,Patrick Char,28,M,A3
22175,8945,Abdul Choudhry,38,M,A1
22176,8946,Owen Chaudhuri,20,M,A1
22177,8946,Xavier Dube,28,M,A2
22178,8947,Yash Rai,21,M,A1
22179,8948,Ishani Bhasin,20,F,A1
22180,8949,Lakshit Solanki,23,M,A1
22181,8949,Gagan Tara,46,M,A2
22182,8949,Harsh Bala,40,M,A3
22183,8949,Wridesh Bhasin,44,M,A4
22184,8950,Theodore Padmanabhan,37,M,A1
22185,8950,Bahadurjit Deshmukh,35,M,A2
22186,8951,Manan Chaudhuri,44,M,A1
22187,8951,Yauvani Mander,23,F,A2
22188,8952,Rajata Bassi,37,F,A1
22189,8953,Jagvi Jhaveri,24,F,A1
22190,8954,Karan Mital,44,M,A1
22191,8955,Om Bhandari,21,M,A1
22192,8955,Osha Dhawan,32,F,A2
22193,8955,Balendra Mannan,42,M,A3
22194,8955,Maanav Gopal,41,M,A4
22195,8956,Andrew Nagarajan,44,M,A1
22196,8956,Vivaan Jani,22,M,A2
22197,8956,Qabil Hora,39,M,A3
22198,8956,Onveer Raghavan,30,M,A4
22199,8957,Peter Date,20,M,A1
22200,8958,Sachi Prashad,35,F,A1
22201,8958,Nachiket Rattan,22,M,A2
22202,8959,Umang Raval,32,M,A1
22203,8959,Kai Bhargava,25,M,A2
22204,8960,Andrew Yohannan,45,M,A1
22205,8961,Anthony Tiwari,40,M,A1
22206,8962,Anay Thaman,29,M,A1
22207,8962,Rushil Buch,26,M,A2
22208,8962,Mason Menon,46,M,A3
22209,8962,Quincy Murty,27,M,A4
22210,8963,Umang Rajan,34,M,A1
22211,8963,Vinaya Lal,20,F,A2
22212,8964,Nicholas Hayer,40,M,A1
22213,8964,Neha Murthy,28,F,A2
22214,8965,Januja Nayak,31,F,A1
22215,8966,Arjun Reddy,40,M,A1
22216,8966,Gagan Mohanty,46,M,A2
22217,8966,Gagan Mital,37,M,A3
22218,8967,Aarna Swamy,25,F,A1
22219,8967,William Dutt,33,M,A2
22220,8967,Wridesh Balasubramanian,43,M,A3
22221,8968,Brijesh Apte,30,M,A1
22222,8969,Girik Majumdar,29,M,A1
22223,8969,Theodore Mallick,23,M,A2
22224,8969,Aarav Cherian,36,M,A3
22225,8970,Vrinda Sethi,39,F,A1
22226,8970,Harrison Ghosh,37,M,A2
22227,8971,Abha Bakshi,41,F,A1
22228,8971,Nicholas Ratta,39,M,A2
22229,8972,Qasim Joshi,39,M,A1
22230,8972,Manya Saran,42,F,A2
22231,8972,Atharv Dhillon,42,M,A3
22232,8973,Orinder Bora,32,M,A1
22233,8973,Harsh Chauhan,36,M,A2
22234,8973,Arjun Arya,21,M,A3
22235,8974,Vihaan Ravi,40,M,A1
22236,8975,Ronith Sani,30,M,A1
22237,8975,Wriddhish Basak,44,M,A2
22238,8975,Yuvraj Mallick,46,M,A3
22239,8975,Warinder Savant,38,M,A4
22240,8976,Naveen Majumdar,43,M,A1
22241,8976,Ekaraj Nayar,27,M,A2
22242,8977,Wyatt Sachdeva,48,M,A1
22243,8977,Viraj Parsa,46,M,A2
22244,8978,Jeremiah De,43,M,A1
22245,8978,Bahadurjit D’Alia,28,M,A2
22246,8978,Samar Basu,23,M,A3
22247,8979,Tanish Varkey,22,M,A1
22248,8979,Agastya Dara,27,M,A2
22249,8979,Anthony Dani,24,M,A3
22250,8980,Darpan Viswanathan,45,M,A1
22251,8981,Pratyush Ramaswamy,47,M,A1
22252,8982,Pratyush Goyal,38,M,A1
22253,8982,Tarak Hari,34,M,A2
22254,8982,Benjamin Kata,22,M,A3
22255,8983,Siddharth Kar,31,M,A1
22256,8983,Qabil Menon,30,M,A2
22257,8984,Andrew Shanker,23,M,A1
22258,8984,Harinakshi Pant,31,F,A2
22259,8985,Rushil Bhattacharyya,44,M,A1
22260,8985,Omkaar Parikh,24,M,A2
22261,8985,Rishi Dhillon,38,M,A3
22262,8985,Indira Varghese,24,F,A4
22263,8986,Bhanumati Srinivasan,32,F,A1
22264,8986,Fiyaz Parmar,37,M,A2
22265,8987,Gunbir Nath,37,M,A1
22266,8987,Advik Kannan,37,M,A2
22267,8987,Tanay Soni,29,M,A3
22268,8988,Chasmum Sunder,31,F,A1
22269,8988,Onveer Batta,40,M,A2
22270,8988,Praneel Shenoy,20,M,A3
22271,8988,Vivaan Dara,45,M,A4
22272,8989,Balendra Shan,36,M,A1
22273,8989,Henry Mital,43,M,A2
22274,8989,Advay Gera,32,M,A3
22275,8989,Jatin Mitter,40,M,A4
22276,8990,Laban Kashyap,33,M,A1
22277,8990,Simon Bhatt,29,M,A2
22278,8990,Manthan Patla,41,M,A3
22279,8991,Nisha Kalla,23,F,A1
22280,8991,Yashodhara Taneja,46,F,A2
22281,8991,Thomas Morar,43,M,A3
22282,8991,Dakshesh Misra,31,M,A4
22283,8992,Christopher Banerjee,39,M,A1
22284,8992,Warinder Sharaf,30,M,A2
22285,8993,Gaurangi Bir,38,F,A1
22286,8993,Atharv Panchal,21,M,A2
22287,8993,Brinda Devan,36,F,A3
22288,8994,Aarnav Yadav,25,M,A1
22289,8994,Tanay Tara,19,M,A2
22290,8994,Sarthak Bhavsar,27,M,A3
22291,8995,Shravya Dhar,32,F,A1
22292,8995,Praneel Wagle,38,M,A2
22293,8995,Yuvraj Mutti,42,M,A3
22294,8995,Bhavya Majumdar,24,F,A4
22295,8996,Rudra Vaidya,23,M,A1
22296,8996,Sanya Singhal,41,F,A2
22297,8997,Gopal Chahal,19,M,A1
22298,8997,Ishwar Khanna,36,M,A2
22299,8997,Pooja Kara,46,F,A3
22300,8997,Shivansh Dalal,42,M,A4
22301,8998,Abeer Thakkar,44,M,A1
22302,8998,Chanakya Balasubramanian,44,M,A2
22303,8998,Ekaraj Gaba,43,M,A3
22304,8998,Gaurang Shetty,27,M,A4
22305,8999,Isaiah Kanda,29,M,A1
22306,8999,Ikbal Seshadri,33,M,A2
22307,8999,Oeshi Brar,46,F,A3
22308,9000,Vanya Butala,38,F,A1
22309,9000,Lakshit Borah,38,M,A2
22310,9001,Manthan Tank,40,M,A1
22311,9002,Yug Date,23,M,A1
22312,9003,Frederick Singhal,46,M,A1
22313,9004,Krishna Sankaran,30,M,A1
22314,9004,Patrick Goda,40,M,A2
22315,9004,Aayush Chandra,33,M,A3
22316,9005,Wazir Dube,47,M,A1
22317,9005,Gaurav Bumb,30,M,A2
22318,9005,Michael Mohan,35,M,A3
22319,9006,Michael Bahl,26,M,A1
22320,9007,Samuel Sami,42,M,A1
22321,9007,Bahadurjit Tandon,33,M,A2
22322,9007,Tejas Oommen,20,M,A3
22323,9007,Harsh Dey,39,M,A4
22324,9008,Ekavir Andra,35,M,A1
22325,9009,Bachittar Dhingra,27,M,A1
22326,9009,Hritik Khurana,32,M,A2
22327,9010,Avni Nagi,41,F,A1
22328,9010,Sai Aurora,37,M,A2
22329,9010,Udarsh Koshy,38,M,A3
22330,9010,Lakshit Wagle,23,M,A4
22331,9011,Dominic Kanda,33,M,A1
22332,9011,Wridesh Radhakrishnan,23,M,A2
22333,9012,Ranveer Parekh,39,M,A1
22334,9012,Ira Chaudhari,28,F,A2
22335,9012,Utkarsh Saraf,39,M,A3
22336,9012,Harrison Pandit,30,M,A4
22337,9013,Jagdish Mani,34,M,A1
22338,9013,Xavier Nayar,25,M,A2
22339,9014,Baljiwan Sura,25,M,A1
22340,9014,Oscar Raman,26,M,A2
22341,9015,Yash Arora,30,M,A1
22342,9015,Isaac Chahal,36,M,A2
22343,9016,Azad Gupta,22,M,A1
22344,9016,Dominic Naik,30,M,A2
22345,9016,Pranit Om,29,M,A3
22346,9016,Faris Bhargava,29,M,A4
22347,9017,Anvi Sundaram,34,F,A1
22348,9017,Krishna Bhalla,40,F,A2
22349,9018,Daksh Anne,23,M,A1
22350,9019,Yachana Lala,35,F,A1
22351,9019,Fitan Wason,22,M,A2
22352,9019,Aditya Dua,26,M,A3
22353,9020,Gagan Ramaswamy,29,M,A1
22354,9021,Veer Subramanian,28,M,A1
22355,9021,Chandran Buch,30,M,A2
22356,9021,Gavin Bansal,38,M,A3
22357,9022,Caleb Chopra,18,M,A1
22358,9022,Nitesh Pandya,46,M,A2
22359,9022,Ethan Bhandari,38,M,A3
22360,9023,Mitesh Mallick,42,M,A1
22361,9023,Ayush Dave,46,M,A2
22362,9023,Frado Dhar,21,M,A3
22363,9023,Elijah Mishra,24,M,A4
22364,9024,Warjas Dutt,30,M,A1
22365,9024,Warinder Mangal,31,M,A2
22366,9024,Chandresh Ramanathan,29,M,A3
22367,9024,Krishna Biswas,24,F,A4
22368,9025,Charles Pathak,23,M,A1
22369,9025,Oliver Rao,31,M,A2
22370,9025,Yashodhara Chaudhari,38,F,A3
22371,9026,Wridesh Radhakrishnan,28,M,A1
22372,9026,Wriddhish Venkatesh,24,M,A2
22373,9027,Upasna Choudhary,35,F,A1
22374,9028,Maanav Bhatnagar,42,M,A1
22375,9028,Hema Hegde,40,F,A2
22376,9028,Girindra Mann,46,M,A3
22377,9029,Krishna Agarwal,36,M,A1
22378,9029,Patrick Pandya,37,M,A2
22379,9029,Udarsh Doshi,25,M,A3
22380,9029,Bahadurjit Chaudhry,30,M,A4
22381,9030,Lucky Sankar,27,M,A1
22382,9030,Ranveer Dugal,19,M,A2
22383,9030,Bachittar Nagar,18,M,A3
22384,9030,Ryan Krishnamurthy,18,M,A4
22385,9031,Arya Vasa,29,F,A1
22386,9032,Darpan Kamdar,21,M,A1
22387,9032,Rushil D’Alia,20,M,A2
22388,9033,Tarak Devi,40,M,A1
22389,9033,Max Bera,35,M,A2
22390,9033,Girish Kurian,30,M,A3
22391,9034,Logan Ram,37,M,A1
22392,9034,Ekta Pathak,29,F,A2
22393,9034,Patrick Kala,38,M,A3
22394,9034,Pallavi Cheema,42,F,A4
22395,9035,Bimala Nagarajan,24,F,A1
22396,9035,Dipta De,43,F,A2
22397,9036,Charan Chaudhuri,28,M,A1
22398,9037,Ansh Bhatia,33,M,A1
22399,9037,Nikita Lanka,27,F,A2
22400,9037,Farhan Rana,21,M,A3
22401,9037,Jack Gara,39,M,A4
22402,9038,Daksh Patla,19,M,A1
22403,9039,Atharv Chahal,45,M,A1
22404,9039,Pranit Dugar,43,M,A2
22405,9039,Rudra Basak,32,M,A3
22406,9039,Aayush Prabhakar,44,M,A4
22407,9040,Dev Patil,30,M,A1
22408,9040,Gaurav Thaker,27,M,A2
22409,9040,Abhiram Loke,40,M,A3
22410,9040,Arjun Sachdev,28,M,A4
22411,9041,Idika Khare,44,F,A1
22412,9041,Azad Jain,33,M,A2
22413,9041,Jonathan Vasa,45,M,A3
22414,9042,Vansha Magar,23,F,A1
22415,9043,Tarak Bhavsar,35,M,A1
22416,9043,Upasna Sibal,22,F,A2
22417,9043,Chanakya Edwin,33,M,A3
22418,9044,Rachit Agrawal,28,M,A1
22419,9044,Xavier Andra,40,M,A2
22420,9044,Jairaj Ramaswamy,32,M,A3
22421,9044,Joshua Viswanathan,31,M,A4
22422,9045,Girish Bajaj,39,M,A1
22423,9045,Chakradhar Khalsa,28,M,A2
22424,9046,Onkar Narayanan,24,M,A1
22425,9046,Frederick Yohannan,43,M,A2
22426,9047,Daksh Mitter,26,M,A1
22427,9047,Ranbir Kade,43,M,A2
22428,9047,Rohan Lanka,37,M,A3
22429,9047,Gautam Sant,26,M,A4
22430,9048,Frado Om,43,M,A1
22431,9048,Finn Naidu,26,M,A2
22432,9048,Karan Choudhury,39,M,A3
22433,9049,Chakradev Krishnan,29,M,A1
22434,9050,Ikbal Muni,40,M,A1
22435,9050,Abdul Patla,26,M,A2
22436,9050,Bhavna Ramakrishnan,43,F,A3
22437,9050,Onkar Kapoor,18,M,A4
22438,9051,Jagdish Mandal,41,M,A1
22439,9052,Sachi Saini,24,F,A1
22440,9052,Balhaar Kakar,43,M,A2
22441,9052,Parth Dugar,32,M,A3
22442,9052,Robert Prakash,26,M,A4
22443,9053,Anya Dara,26,F,A1
22444,9053,Devika Khosla,39,F,A2
22445,9053,Kalpit Atwal,33,M,A3
22446,9053,Anusha Kalla,24,F,A4
22447,9054,Jacob Dutt,24,M,A1
22448,9054,Yagnesh Arora,45,M,A2
22449,9054,Naksh Choudhury,36,M,A3
22450,9055,William Sathe,36,M,A1
22451,9055,Aarush Cheema,30,M,A2
22452,9055,Onkar Ahluwalia,36,M,A3
22453,9055,Parth Golla,22,M,A4
22454,9056,Kevin Nadig,43,M,A1
22455,9056,Tejas Chakraborty,35,M,A2
22456,9056,Balhaar Guha,44,M,A3
22457,9056,Gavin Pai,25,M,A4
22458,9057,Reyansh Raja,41,M,A1
22459,9057,Chaaya Barad,28,F,A2
22460,9058,Mekhala Sampath,24,F,A1
22461,9059,Kabir Brar,46,M,A1
22462,9059,Ayush Bhatti,21,M,A2
22463,9060,Yauvani Aggarwal,44,F,A1
22464,9060,George Verma,19,M,A2
22465,9061,Advay Dar,36,M,A1
22466,9062,Udarsh Jayaraman,39,M,A1
22467,9063,Charan Kapoor,20,M,A1
22468,9063,Praneel D’Alia,37,M,A2
22469,9063,Henry Sodhi,43,M,A3
22470,9063,Jonathan Dey,29,M,A4
22471,9064,Qabil Sandhu,40,M,A1
22472,9064,Qadim Walia,43,M,A2
22473,9064,Ayush Dara,40,M,A3
22474,9064,Mohammed Prabhakar,33,M,A4
22475,9065,Megha Rana,34,F,A1
22476,9065,Darsh Khanna,30,M,A2
22477,9066,Oliver Mahal,28,M,A1
22478,9067,Harrison Kar,38,M,A1
22479,9067,Charles Agate,31,M,A2
22480,9068,Xiti Pall,45,F,A1
22481,9068,Xavier Ganesan,37,M,A2
22482,9069,Amol Chokshi,29,M,A1
22483,9069,Jyoti Ramaswamy,25,F,A2
22484,9069,Samesh Kannan,32,M,A3
22485,9070,Atharv Loyal,27,M,A1
22486,9071,Ronith Khosla,43,M,A1
22487,9071,Ikbal Gour,27,M,A2
22488,9072,Oliver Varma,23,M,A1
22489,9072,Vedant Sangha,33,M,A2
22490,9072,Zaid Raju,43,M,A3
22491,9072,Falan Viswanathan,45,M,A4
22492,9073,Tanay Natt,37,M,A1
22493,9073,Chandresh Bhattacharyya,25,M,A2
22494,9073,Qasim Sarna,32,M,A3
22495,9074,Luke Narayanan,23,M,A1
22496,9075,Ekta Borah,37,F,A1
22497,9076,Anmol Kadakia,21,M,A1
22498,9076,Dayita Hari,20,F,A2
22499,9076,Dhruv Thakur,35,M,A3
22500,9076,Chanchal Parmer,28,F,A4
22501,9077,Agastya Taneja,28,M,A1
22502,9077,Saanvi Jhaveri,44,F,A2
22503,9078,Wazir Kumer,36,M,A1
22504,9079,Kai Datta,23,M,A1
22505,9079,Abeer Ravi,39,M,A2
22506,9080,Chandresh Misra,41,M,A1
22507,9080,Kalpit Chander,45,M,A2
22508,9080,Hritik Dhaliwal,37,M,A3
22509,9080,Fariq Chaudhary,41,M,A4
22510,9081,Krishna Gour,20,M,A1
22511,9081,Jackson Batta,21,M,A2
22512,9082,Wyatt Rama,20,M,A1
22513,9082,Dominic Gaba,34,M,A2
22514,9083,Gabriel Behl,44,M,A1
22515,9083,Hredhaan Kalita,28,M,A2
22516,9083,Viraj Bhakta,41,M,A3
22517,9083,Brijesh Sharaf,27,M,A4
22518,9084,Balveer Chad,41,M,A1
22519,9084,Gunbir Dhillon,22,M,A2
22520,9084,Om Sur,26,M,A3
22521,9085,Nathan Buch,26,M,A1
22522,9086,Michael Thakur,41,M,A1
22523,9086,Aarav Korpal,34,M,A2
22524,9087,Fariq Vala,44,M,A1
22525,9087,Tanish Nagar,43,M,A2
22526,9087,Logan Kashyap,22,M,A3
22527,9088,Zashil Tak,37,M,A1
22528,9088,Ekansh Gera,20,M,A2
22529,9089,Bhavani Nagy,30,F,A1
22530,9089,Maya More,40,F,A2
22531,9090,Tristan Murthy,27,M,A1
22532,9090,Viraj Sawhney,18,M,A2
22533,9090,Aayush Bose,27,M,A3
22534,9090,Charles Pradhan,35,M,A4
22535,9091,Chaitanya Kuruvilla,26,M,A1
22536,9091,Mason Varty,30,M,A2
22537,9091,Orinder Sura,26,M,A3
22538,9092,Robert Yadav,28,M,A1
22539,9093,Amol Badal,22,M,A1
22540,9093,Rajeshri Desai,38,F,A2
22541,9093,Upkaar Dixit,26,M,A3
22542,9093,Tanish Shere,35,M,A4
22543,9094,Om Goswami,25,M,A1
22544,9094,Joshua Radhakrishnan,26,M,A2
22545,9094,Xiti Nayar,34,F,A3
22546,9095,Ekaraj Ganesan,22,M,A1
22547,9095,Anirudh Bhattacharyya,31,M,A2
22548,9095,Kritika Deo,39,F,A3
22549,9096,Anirudh Mittal,36,M,A1
22550,9096,Arjun Rajagopalan,25,M,A2
22551,9096,Krishna Varghese,35,M,A3
22552,9097,Isaac Konda,47,M,A1
22553,9098,Jacob Chaudhuri,31,M,A1
22554,9098,Nihal De,37,M,A2
22555,9099,Liam Subramaniam,30,M,A1
22556,9099,Samesh Sheth,37,M,A2
22557,9100,Sathvik Batta,44,M,A1
22558,9100,Naksh Iyengar,29,M,A2
22559,9100,Krishna Sinha,30,M,A3
22560,9100,Kai Kunda,23,M,A4
22561,9101,Radhika Dora,37,F,A1
22562,9101,Lohit Shankar,28,M,A2
22563,9102,Aryan More,44,M,A1
22564,9102,Vincent Pillai,26,M,A2
22565,9102,Falan Hans,26,M,A3
22566,9103,Ronith Tiwari,29,M,A1
22567,9103,Charan Sawhney,32,M,A2
22568,9103,Rehaan Lanka,37,M,A3
22569,9103,Sathvik Suresh,26,M,A4
22570,9104,Atharv Parmar,26,M,A1
22571,9104,Laban Chandran,38,M,A2
22572,9104,Nathan Sha,22,M,A3
22573,9105,Ekaraj Kulkarni,34,M,A1
22574,9105,Jacob Palla,44,M,A2
22575,9105,Girindra Dhar,38,M,A3
22576,9106,Tristan Wali,38,M,A1
22577,9106,Isha Lalla,32,F,A2
22578,9106,Anamika Choudhry,29,F,A3
22579,9106,Yadavi Deep,30,F,A4
22580,9107,Jeremiah Varma,35,M,A1
22581,9107,Amara Buch,44,F,A2
22582,9107,Falan Singh,44,M,A3
22583,9107,Chandran Setty,38,M,A4
22584,9108,Ayush Madan,39,M,A1
22585,9108,Ronith Agrawal,33,M,A2
22586,9108,Fitan Cheema,25,M,A3
22587,9108,Charan Pillai,41,M,A4
22588,9109,Jackson Wadhwa,31,M,A1
22589,9109,Falan Chaudhry,30,M,A2
22590,9110,Oni Chanda,20,F,A1
22591,9111,Aditya Gandhi,24,M,A1
22592,9112,Qarin Dugar,22,M,A1
22593,9112,Rushil Kumer,30,M,A2
22594,9113,Ojas Ahuja,33,M,A1
22595,9113,Orinder Nath,32,M,A2
22596,9113,Fariq Bhatia,22,M,A3
22597,9113,Aahana Venkataraman,33,F,A4
22598,9114,Shaurya Tara,23,M,A1
22599,9114,Gagan Karnik,31,M,A2
22600,9114,Onveer Parikh,26,M,A3
22601,9114,Vivaan Kulkarni,28,M,A4
22602,9115,Zaid Soni,48,M,A1
22603,9115,Amol Pandey,32,M,A2
22604,9115,Karan Soni,39,M,A3
22605,9116,Siddharth Pathak,38,M,A1
22606,9116,Aarav Toor,32,M,A2
22607,9116,Arjun Mand,26,M,A3
22608,9116,Noah Patil,35,M,A4
22609,9117,Ayushman Kala,26,M,A1
22610,9117,Aadi Swaminathan,37,M,A2
22611,9118,Oscar Shere,31,M,A1
22612,9119,Jagat Narasimhan,42,M,A1
22613,9120,Jackson Divan,39,M,A1
22614,9120,Kai Garg,32,M,A2
22615,9120,Tejas Aurora,38,M,A3
22616,9121,Manya Koshy,27,F,A1
22617,9122,Michael Kara,19,M,A1
22618,9122,Balendra Ahuja,22,M,A2
22619,9123,Akshay Dyal,26,M,A1
22620,9123,Aryan Deshmukh,30,M,A2
22621,9123,Oscar Ramesh,38,M,A3
22622,9124,Balhaar Issac,35,M,A1
22623,9124,Neel Chander,22,M,A2
22624,9124,Xavier Sagar,32,M,A3
22625,9125,Lucky Dara,42,M,A1
22626,9125,Ayushman Bahl,30,M,A2
22627,9125,Gabriel Dugar,43,M,A3
22628,9126,Samarth Lala,25,M,A1
22629,9126,Sarthak Morar,39,M,A2
22630,9126,Max Sandal,31,M,A3
22631,9126,Ubika Mangal,40,F,A4
22632,9127,Praneel Chhabra,27,M,A1
22633,9127,Nathan Salvi,34,M,A2
22634,9127,Anmol Sood,24,M,A3
22635,9127,Tejas Raval,39,M,A4
22636,9128,Kai Chada,34,M,A1
22637,9129,Chasmum Krishnamurthy,46,F,A1
22638,9130,Jagdish Nadig,27,M,A1
22639,9130,Champak Sunder,36,M,A2
22640,9130,Baljiwan Keer,30,M,A3
22641,9131,Azaan Bir,41,M,A1
22642,9132,Tejas Bhargava,31,M,A1
22643,9132,Harish Thakur,31,M,A2
22644,9132,Joshua Nadig,26,M,A3
22645,9132,Adweta Agrawal,26,F,A4
22646,9133,Avni Natt,36,F,A1
22647,9133,Noah Prakash,45,M,A2
22648,9133,Wriddhish More,38,M,A3
22649,9134,Nicholas Bobal,38,M,A1
22650,9135,Vivaan Kade,30,M,A1
22651,9135,Yagnesh Mannan,35,M,A2
22652,9136,Saksham Sahota,43,M,A1
22653,9136,Lavanya Pillay,40,F,A2
22654,9137,Champak Jain,23,M,A1
22655,9137,Wridesh Dasgupta,38,M,A2
22656,9137,Agastya Chhabra,37,M,A3
22657,9137,Rayaan Rao,21,M,A4
22658,9138,Aryan Chandran,40,M,A1
22659,9138,Yatin Anne,44,M,A2
22660,9138,Jai Batra,23,M,A3
22661,9139,Yauvani Kothari,18,F,A1
22662,9140,Sai Sethi,39,M,A1
22663,9140,Dhruv Dayal,40,M,A2
22664,9141,Jagrati Nadig,25,F,A1
22665,9141,Aarnav Chandran,26,M,A2
22666,9141,Dhruv Sidhu,41,M,A3
22667,9141,Dev Virk,37,M,A4
22668,9142,Isaiah Sunder,30,M,A1
22669,9142,Jeremiah More,34,M,A2
22670,9142,Gautami Palla,44,F,A3
22671,9143,Luke Parekh,26,M,A1
22672,9144,William Sama,46,M,A1
22673,9144,Wyatt Goda,45,M,A2
22674,9144,Frado Gour,30,M,A3
22675,9145,Nitesh Saha,29,M,A1
22676,9145,Omkaar Narain,38,M,A2
22677,9146,Vidhi Sangha,37,F,A1
22678,9147,Mitesh Kala,37,M,A1
22679,9147,Madhav Sha,19,M,A2
22680,9148,Watika Bir,42,F,A1
22681,9148,Wriddhish Rana,25,M,A2
22682,9148,Kavya Walla,31,F,A3
22683,9148,Yash Ray,22,M,A4
22684,9149,Unni Choudhury,44,F,A1
22685,9149,Tanay Upadhyay,29,M,A2
22686,9150,Lipika Karan,23,F,A1
22687,9150,Bakhshi Wason,23,M,A2
22688,9150,Naveen Muni,20,M,A3
22689,9150,Liam Nazareth,21,M,A4
22690,9151,Pranit Trivedi,25,M,A1
22691,9151,Ansh Bhavsar,25,M,A2
22692,9151,Baljiwan Jain,28,M,A3
22693,9152,Raksha Chhabra,37,F,A1
22694,9153,Naveen Bedi,41,M,A1
22695,9154,Guneet Mutti,24,M,A1
22696,9154,Janya Sama,30,F,A2
22697,9155,Chasmum Gole,38,F,A1
22698,9155,Raghav Ghosh,35,M,A2
22699,9155,Hemang Khanna,23,M,A3
22700,9155,Reyansh Shere,42,M,A4
22701,9156,Raghav Prabhu,39,M,A1
22702,9156,Ekbal Majumdar,23,M,A2
22703,9156,Samar Lad,33,M,A3
22704,9157,Luke Dube,39,M,A1
22705,9157,Girik Nori,22,M,A2
22706,9157,Qadim Pant,25,M,A3
22707,9158,Ekapad Sachdev,44,M,A1
22708,9158,Nathaniel Bose,38,M,A2
22709,9158,Urishilla Purohit,21,F,A3
22710,9158,Dev Borde,31,M,A4
22711,9159,Krishna Minhas,39,M,A1
22712,9160,Dakshesh Kara,23,M,A1
22713,9160,Samar Tiwari,23,M,A2
22714,9161,Udarsh Bandi,25,M,A1
22715,9161,Girindra Zachariah,25,M,A2
22716,9161,Owen Khurana,44,M,A3
22717,9162,Saanvi Hayre,28,F,A1
22718,9163,Tanay Setty,32,M,A1
22719,9163,Yashawini Sehgal,39,F,A2
22720,9163,Manbir Ravi,25,M,A3
22721,9163,Qabil Shankar,22,M,A4
22722,9164,Brinda Sant,24,F,A1
22723,9164,Hitesh Dugar,44,M,A2
22724,9164,Kashvi Prabhu,29,F,A3
22725,9165,Lohit Sangha,38,M,A1
22726,9166,Sarthak Dasgupta,47,M,A1
22727,9166,Balveer Bhagat,26,M,A2
22728,9166,Girish Choudhury,29,M,A3
22729,9166,Mason Sinha,40,M,A4
22730,9167,Simon Khalsa,26,M,A1
22731,9167,Aashi Kara,31,F,A2
22732,9167,Hardik Saraf,35,M,A3
22733,9168,Chaitanya Varughese,31,M,A1
22734,9168,Chandresh Banerjee,28,M,A2
22735,9169,Yagnesh Shanker,43,M,A1
22736,9169,Girik Ranganathan,44,M,A2
22737,9169,Sanaya Nigam,23,F,A3
22738,9170,Ekavir Jain,44,M,A1
22739,9170,Onkar Venkataraman,48,M,A2
22740,9171,Tristan Minhas,47,M,A1
22741,9172,Aarna Chada,34,F,A1
22742,9172,Ayush Narain,38,M,A2
22743,9173,Daksh Wagle,28,M,A1
22744,9173,Brijesh Som,42,M,A2
22745,9173,Hemang Manne,44,M,A3
22746,9174,Yash Bobal,32,M,A1
22747,9175,Neel Keer,35,M,A1
22748,9176,Harsh Ganguly,26,M,A1
22749,9177,Ayushman Badami,31,M,A1
22750,9177,Devansh Sarraf,44,M,A2
22751,9177,Warjas Sastry,33,M,A3
22752,9178,Anay Mohanty,45,M,A1
22753,9178,Yashawini Amble,40,F,A2
22754,9179,Adya Mishra,41,F,A1
22755,9179,Reyansh Kunda,39,M,A2
22756,9179,Manan Pradhan,42,M,A3
22757,9179,Harrison Kohli,25,M,A4
22758,9180,Upkaar Mahal,31,M,A1
22759,9180,Dipta Gole,25,F,A2
22760,9180,Atharv Kadakia,38,M,A3
22761,9181,Zilmil Pall,31,F,A1
22762,9182,Hredhaan Hans,46,M,A1
22763,9182,Nihal Merchant,35,M,A2
22764,9182,Teerth Mani,37,M,A3
22765,9182,Naveen Sangha,44,M,A4
22766,9183,Ridhi Vasa,31,F,A1
22767,9183,Rishi Kala,25,M,A2
22768,9183,Samarth Aurora,36,M,A3
22769,9183,Balendra Patil,46,M,A4
22770,9184,Qasim Balasubramanian,41,M,A1
22771,9184,Rudra Das,34,M,A2
22772,9184,Chakradhar Khosla,20,M,A3
22773,9184,Aahana Tripathi,46,F,A4
22774,9185,Devansh Dayal,20,M,A1
22775,9185,Advaith Chakrabarti,30,M,A2
22776,9185,Samuel Shroff,22,M,A3
22777,9185,Faris Dave,33,M,A4
22778,9186,Ojas Mane,31,M,A1
22779,9186,Jason Devi,43,M,A2
22780,9186,Lucky Talwar,45,M,A3
22781,9187,Matthew Vig,34,M,A1
22782,9188,Kabir Atwal,27,M,A1
22783,9189,Gunbir Nagar,22,M,A1
22784,9190,Yashvi Om,32,F,A1
22785,9191,Harsh Sibal,20,M,A1
22786,9191,Baljiwan Kapur,32,M,A2
22787,9191,Dev Buch,35,M,A3
22788,9191,Charan Konda,28,M,A4
22789,9192,Frado Balakrishnan,40,M,A1
22790,9193,Amol Sarin,20,M,A1
22791,9193,Jeremiah Mohan,36,M,A2
22792,9194,Wyatt Krish,23,M,A1
22793,9194,Janya Dalal,40,F,A2
22794,9194,Azaan Ghosh,39,M,A3
22795,9194,Zaid Thakur,46,M,A4
22796,9195,Harish Rajan,27,M,A1
22797,9195,Manthan Oak,29,M,A2
22798,9195,Faris Jayaraman,27,M,A3
22799,9195,Isaac Ravi,40,M,A4
22800,9196,Gabriel Merchant,27,M,A1
22801,9196,Rayaan Rama,30,M,A2
22802,9197,Thomas Acharya,47,M,A1
22803,9197,Anmol Kapoor,41,M,A2
22804,9198,Quincy Bahri,26,M,A1
22805,9198,Tanay Cheema,32,M,A2
22806,9198,Chatresh Bandi,27,M,A3
22807,9199,Gagan Sidhu,21,M,A1
22808,9199,Maanav Dugal,42,M,A2
22809,9199,Daniel Chana,46,M,A3
22810,9200,Avi Sengupta,22,M,A1
22811,9200,Hemang Dayal,48,M,A2
22812,9200,Rehaan Tiwari,23,M,A3
22813,9201,Dhruv Kurian,34,M,A1
22814,9201,Hardik Nair,43,M,A2
22815,9201,Jason Cherian,23,M,A3
22816,9201,Theodore Sankar,24,M,A4
22817,9202,Jason Shroff,42,M,A1
22818,9202,Gaurang Bhatti,27,M,A2
22819,9203,Mason Sibal,39,M,A1
22820,9203,Samaksh Ganguly,40,M,A2
22821,9203,Yash Munshi,45,M,A3
22822,9203,Nidhi Seshadri,32,F,A4
22823,9204,Warinder Yohannan,39,M,A1
22824,9204,Balvan Sankar,27,M,A2
22825,9205,Gauri Dass,30,F,A1
22826,9205,Karan Bose,45,M,A2
22827,9206,Ishwar Madan,30,M,A1
22828,9206,Dakshesh Lad,29,M,A2
22829,9206,Matthew Jayaraman,24,M,A3
22830,9207,Maanas Bhandari,44,M,A1
22831,9207,Chavvi Basu,25,F,A2
22832,9208,Hitesh Bhavsar,27,M,A1
22833,9208,Kevin Soni,21,M,A2
22834,9208,Tanish Agate,24,M,A3
22835,9208,Nathan Grover,33,M,A4
22836,9209,Quincy Keer,23,M,A1
22837,9210,Henry Chand,28,M,A1
22838,9210,Oscar Chaudry,32,M,A2
22839,9210,Caleb Chana,41,M,A3
22840,9211,Neel Kurian,27,M,A1
22841,9211,Fariq Zachariah,44,M,A2
22842,9211,Oscar Ganesan,43,M,A3
22843,9211,Henry Cheema,21,M,A4
22844,9212,Imaran Kapadia,33,M,A1
22845,9213,Aadi Kant,43,M,A1
22846,9213,Ranveer Baral,32,M,A2
22847,9214,Janani Boase,45,F,A1
22848,9214,Arjun Devi,19,M,A2
22849,9214,Jagdish Maharaj,46,M,A3
22850,9214,Luke Raju,35,M,A4
22851,9215,Harrison Pau,25,M,A1
22852,9215,Ekalinga Prasad,23,M,A2
22853,9216,Mitesh Vala,44,M,A1
22854,9217,Max Dasgupta,20,M,A1
22855,9217,Balvan Boase,46,M,A2
22856,9218,Gabriel Bhakta,40,M,A1
22857,9218,Darsh Khanna,40,M,A2
22858,9218,Girish Shukla,29,M,A3
22859,9218,Onkar Soman,39,M,A4
22860,9219,Karan Kalla,31,M,A1
22861,9220,Viraj Anand,42,M,A1
22862,9221,Qabil Sarraf,21,M,A1
22863,9221,Mohammed Gola,34,M,A2
22864,9221,Gaurang Misra,48,M,A3
22865,9221,Gaurang Sarkar,29,M,A4
22866,9222,Rudra Chander,31,M,A1
22867,9223,Tejas Chokshi,37,M,A1
22868,9223,Imaran Pillai,26,M,A2
22869,9223,Aditya Sunder,24,M,A3
22870,9224,Yashodhara Ram,34,F,A1
22871,9224,Frederick Wable,47,M,A2
22872,9225,Lohit Andra,47,M,A1
22873,9225,Amol Prabhu,22,M,A2
22874,9225,Jai Nagy,41,M,A3
22875,9226,Omisha Patel,19,F,A1
22876,9226,Ryan Varughese,38,M,A2
22877,9226,Balhaar Shankar,26,M,A3
22878,9226,Ishaan Mammen,45,M,A4
22879,9227,Harsh Chacko,46,M,A1
22880,9227,Sarthak Sarin,26,M,A2
22881,9227,Avi Chakrabarti,36,M,A3
22882,9227,Sara Venkatesh,30,F,A4
22883,9228,Nathaniel Mistry,21,M,A1
22884,9228,Theodore Bera,32,M,A2
22885,9228,Lucky Dugal,34,M,A3
22886,9228,Nathan Mahajan,40,M,A4
22887,9229,Zaid Munshi,40,M,A1
22888,9229,Samarth Zachariah,39,M,A2
22889,9229,Megha Karan,41,F,A3
22890,9229,Kabir Sha,36,M,A4
22891,9230,Faqid Choudhury,46,M,A1
22892,9230,Sarthak Dayal,25,M,A2
22893,9230,Dakshesh Parmar,30,M,A3
22894,9231,Maanav Anand,40,M,A1
22895,9231,Aarav Boase,21,M,A2
22896,9232,Girik Grewal,33,M,A1
22897,9233,Warjas Jha,42,M,A1
22898,9233,Pahal Khalsa,38,F,A2
22899,9234,Luke Gade,39,M,A1
22900,9234,Abeer Kala,44,M,A2
22901,9234,Orinder Misra,44,M,A3
22902,9234,Bachittar Keer,29,M,A4
22903,9235,Girish Peri,41,M,A1
22904,9235,Ishanvi Patla,31,F,A2
22905,9235,Samesh Sankaran,41,M,A3
22906,9236,Divya Padmanabhan,31,F,A1
22907,9236,Tarak Memon,43,M,A2
22908,9237,Rachit Dani,18,M,A1
22909,9237,Rajata Bandi,46,F,A2
22910,9237,Victor Sodhi,30,M,A3
22911,9238,Frederick Pall,29,M,A1
22912,9238,Dhruv Varkey,40,M,A2
22913,9239,Avi Srinivasan,25,M,A1
22914,9239,Vincent Narayanan,30,M,A2
22915,9239,Priya Gopal,31,F,A3
22916,9240,Ekansh Guha,34,M,A1
22917,9240,Akshay Jaggi,32,M,A2
22918,9241,Bhavani Arora,30,F,A1
22919,9242,Vivaan Gill,33,M,A1
22920,9243,Christopher Barad,24,M,A1
22921,9243,Ayaan Dalal,32,M,A2
22922,9243,Harish Mohan,31,M,A3
22923,9243,Tamanna Bahri,43,F,A4
22924,9244,Tristan Bassi,41,M,A1
22925,9244,Advaith Kara,37,M,A2
22926,9244,Parth Dewan,41,M,A3
22927,9245,Samuel Wali,32,M,A1
22928,9245,Dominic Varty,25,M,A2
22929,9245,Om Sekhon,43,M,A3
22930,9245,Zayyan Bhatnagar,45,M,A4
22931,9246,Yutika Raja,46,F,A1
22932,9247,Anjali Chadha,29,F,A1
22933,9247,Zaid Joshi,27,M,A2
22934,9248,Sathvik Pandit,42,M,A1
22935,9248,Zaid Chaudry,48,M,A2
22936,9248,Wridesh Kannan,32,M,A3
22937,9249,Warinder Buch,38,M,A1
22938,9249,Tanveer Dada,43,M,A2
22939,9249,Frederick Wason,32,M,A3
22940,9249,Pranit Balakrishnan,21,M,A4
22941,9250,Darpan Sawhney,45,M,A1
22942,9250,Jeet Baral,44,M,A2
22943,9250,Aadi Dayal,30,M,A3
22944,9251,Ekbal Manne,45,M,A1
22945,9251,Samarth Goswami,22,M,A2
22946,9251,Ekavir Vasa,40,M,A3
22947,9251,Nakul Dara,44,M,A4
22948,9252,Gopal Yadav,25,M,A1
22949,9253,Tanveer Suresh,26,M,A1
22950,9253,Zehaan Dara,36,M,A2
22951,9253,David Chanda,38,M,A3
22952,9253,Tristan Bail,38,M,A4
22953,9254,Krish Sarkar,42,M,A1
22954,9254,Akshay Mall,37,M,A2
22955,9254,Lekha Kurian,25,F,A3
22956,9254,Rehaan Sule,35,M,A4
22957,9255,Pranav Dada,21,M,A1
22958,9255,Kalpit Baria,38,M,A2
22959,9255,Abhiram Sami,25,M,A3
22960,9255,Zehaan Bumb,44,M,A4
22961,9256,Logan Kant,44,M,A1
22962,9256,Jeet Palan,20,M,A2
22963,9256,Faras Andra,21,M,A3
22964,9256,Harsh Choudhury,28,M,A4
22965,9257,Jackson Sood,34,M,A1
22966,9257,Abeer Sani,23,M,A2
22967,9257,Ekaraj Kata,31,M,A3
22968,9258,Zayyan Sundaram,42,M,A1
22969,9258,Matthew Sheth,32,M,A2
22970,9258,Anika Sachar,32,F,A3
22971,9258,Qadim Iyer,30,M,A4
22972,9259,Jai Randhawa,27,M,A1
22973,9259,Jairaj Merchant,20,M,A2
22974,9259,Ekavir Wagle,36,M,A3
22975,9260,Samesh Bhargava,47,M,A1
22976,9260,Mohammed Thakkar,32,M,A2
22977,9260,Banjeet Mane,34,M,A3
22978,9260,Lekha Pandya,22,F,A4
22979,9261,Advay Chandra,30,M,A1
22980,9261,Liam Deo,22,M,A2
22981,9261,Ayaan Kibe,45,M,A3
22982,9261,Bachittar Aurora,22,M,A4
22983,9262,Arjun Chaudhuri,45,M,A1
22984,9262,Ekapad Bhatt,25,M,A2
22985,9262,Yagnesh Kumer,26,M,A3
22986,9262,Amara Din,31,F,A4
22987,9263,Lucky Kalla,43,M,A1
22988,9263,Pushti Bala,18,F,A2
22989,9263,Balendra Sule,25,M,A3
22990,9264,Kamala Sidhu,28,F,A1
22991,9265,Oliver Bali,21,M,A1
22992,9265,Zinal Shanker,28,F,A2
22993,9265,Ranveer Pillai,38,M,A3
22994,9266,Girish Merchant,27,M,A1
22995,9267,Ranveer Baria,21,M,A1
22996,9267,Jackson Gola,31,M,A2
22997,9267,Chakradev Ghose,23,M,A3
22998,9267,Idika Swaminathan,36,F,A4
22999,9268,Gunbir Banik,22,M,A1
23000,9268,Maanav Chowdhury,43,M,A2
23001,9269,Ikbal Wali,39,M,A1
23002,9269,Om Sachdeva,28,M,A2
23003,9269,Rayaan Maharaj,30,M,A3
23004,9269,Onveer Mistry,32,M,A4
23005,9270,Harrison Handa,41,M,A1
23006,9271,Sathvik Gola,24,M,A1
23007,9272,Henry Kurian,34,M,A1
23008,9272,Janya Dayal,20,F,A2
23009,9272,Orinder Sami,40,M,A3
23010,9273,Wridesh Contractor,30,M,A1
23011,9273,Rachit Kibe,32,M,A2
23012,9273,Utkarsh Sur,34,M,A3
23013,9273,Jonathan Karnik,25,M,A4
23014,9274,David Babu,24,M,A1
23015,9274,Sathvik Garde,42,M,A2
23016,9274,Amol Gulati,32,M,A3
23017,9275,Vivaan Sabharwal,35,M,A1
23018,9275,Harish Bobal,23,M,A2
23019,9276,Yoshita Morar,22,F,A1
23020,9276,Jagrati Shanker,25,F,A2
23021,9277,Ranbir Pingle,29,M,A1
23022,9277,Nikita Sawhney,42,F,A2
23023,9277,Rachit Verma,36,M,A3
23024,9277,Jagdish De,29,M,A4
23025,9278,Dakshesh Behl,38,M,A1
23026,9278,Faras Toor,37,M,A2
23027,9278,Zehaan Jha,21,M,A3
23028,9278,Gavin Das,21,M,A4
23029,9279,Imaran Atwal,38,M,A1
23030,9279,Dhruv Bandi,41,M,A2
23031,9279,Chandran Viswanathan,34,M,A3
23032,9279,Aadhya Sawhney,47,F,A4
23033,9280,Faqid Dani,22,M,A1
23034,9281,Thomas Korpal,28,M,A1
23035,9281,Ubika Chopra,43,F,A2
23036,9281,Hardik Bahri,37,M,A3
23037,9281,Rehaan Rajan,23,M,A4
23038,9282,Farhan Varma,47,M,A1
23039,9282,Nicholas Bera,26,M,A2
23040,9283,Maanas Nazareth,37,M,A1
23041,9284,Anmol Nagar,35,M,A1
23042,9284,Anusha Venkataraman,38,F,A2
23043,9284,Qasim Edwin,44,M,A3
23044,9285,Gaurang Koshy,25,M,A1
23045,9286,Abhimanyu Kalla,39,M,A1
23046,9287,Gunbir Bala,19,M,A1
23047,9287,Shivansh Purohit,43,M,A2
23048,9287,Aarush Kashyap,37,M,A3
23049,9288,Darsh Minhas,24,M,A1
23050,9288,Thomas Kant,37,M,A2
23051,9288,Balhaar Samra,24,M,A3
23052,9289,Jatin Das,46,M,A1
23053,9289,Zashil Wali,26,M,A2
23054,9289,Samesh Thakkar,40,M,A3
23055,9289,Tejas Ray,26,M,A4
23056,9290,George Chawla,33,M,A1
23057,9290,Indrajit Goswami,24,M,A2
23058,9291,Gabriel Wason,20,M,A1
23059,9291,Kashvi Roy,26,F,A2
23060,9291,Gautam Kapadia,40,M,A3
23061,9292,Ekanta Joshi,45,F,A1
23062,9292,Logan Bhalla,33,M,A2
23063,9292,Darsh Andra,40,M,A3
23064,9293,Nathan Narayanan,23,M,A1
23065,9294,Abdul Pillai,25,M,A1
23066,9294,Faras Goswami,43,M,A2
23067,9294,Anjali Patil,23,F,A3
23068,9295,Yatin Subramanian,36,M,A1
23069,9295,Aahana Keer,25,F,A2
23070,9295,Shivansh Savant,37,M,A3
23071,9295,Logan Barad,22,M,A4
23072,9296,Nitesh Sarin,24,M,A1
23073,9296,Azad Pai,31,M,A2
23074,9296,Abhimanyu Halder,39,M,A3
23075,9297,Kai Lalla,23,M,A1
23076,9297,Xavier Barman,23,M,A2
23077,9297,Devansh Chaudry,25,M,A3
23078,9298,Chasmum Raj,23,F,A1
23079,9298,Darsh Agrawal,35,M,A2
23080,9299,Harrison Shroff,44,M,A1
23081,9299,Vasatika Ghose,34,F,A2
23082,9299,Banjeet Puri,36,M,A3
23083,9300,Jagdish Devan,38,M,A1
23084,9300,Hredhaan Nanda,22,M,A2
23085,9301,Manthan Behl,44,M,A1
23086,9301,Faras Taneja,37,M,A2
23087,9301,Vyanjana Misra,23,F,A3
23088,9301,Samuel Konda,44,M,A4
23089,9302,Aditya Thaman,44,M,A1
23090,9302,Jack Aurora,32,M,A2
23091,9302,Samarth Mitra,39,M,A3
23092,9303,Jonathan Parekh,23,M,A1
23093,9304,Gabriel Dua,33,M,A1
23094,9305,Dominic Balan,43,M,A1
23095,9305,Dayamai Agate,37,F,A2
23096,9305,Gunbir Tailor,40,M,A3
23097,9305,Yash Ravel,41,M,A4
23098,9306,Pranav Subramanian,44,M,A1
23099,9306,Dipta Zacharia,38,F,A2
23100,9306,Kalpit Sibal,30,M,A3
23101,9307,Umang Tella,36,M,A1
23102,9307,Chakradev Dasgupta,23,M,A2
23103,9308,Madhavi Pall,27,F,A1
23104,9308,Hardik Pradhan,37,M,A2
23105,9309,Jairaj Nayar,39,M,A1
23106,9309,Amol Yohannan,40,M,A2
23107,9310,Rushil Walla,37,M,A1
23108,9310,Jonathan Kanda,20,M,A2
23109,9311,Farhan Tandon,39,M,A1
23110,9311,Ira Shah,31,F,A2
23111,9311,Nakul Kanda,21,M,A3
23112,9311,Henry Dora,43,M,A4
23113,9312,Warjas Parekh,27,M,A1
23114,9312,Laksh Rajagopal,28,M,A2
23115,9312,Tanveer Master,30,M,A3
23116,9313,Ayaan Bajwa,32,M,A1
23117,9313,Hemang Bhandari,25,M,A2
23118,9314,Jasmit Toor,24,F,A1
23119,9315,Girindra Nayak,42,M,A1
23120,9315,Nihal Lad,42,M,A2
23121,9315,Laban Bahl,38,M,A3
23122,9315,Jhalak Rana,20,F,A4
23123,9316,Jairaj Palan,36,M,A1
23124,9316,Aashi Mangat,40,F,A2
23125,9317,Wyatt Tara,36,M,A1
23126,9318,Hitesh Kumar,32,M,A1
23127,9318,Adya Gopal,19,F,A2
23128,9318,Maanav Bhardwaj,33,M,A3
23129,9319,Caleb Pradhan,28,M,A1
23130,9320,Sara Lal,25,F,A1
23131,9320,Qadim Nair,18,M,A2
23132,9320,Elijah Zachariah,39,M,A3
23133,9321,Vincent Sama,22,M,A1
23134,9321,Vihaan Mammen,22,M,A2
23135,9321,Madhavi Chauhan,32,F,A3
23136,9321,Zayyan Gokhale,40,M,A4
23137,9322,Advaith Dar,27,M,A1
23138,9323,Gaurang Chahal,48,M,A1
23139,9323,Jai Lall,30,M,A2
23140,9324,Nathan Sachar,28,M,A1
23141,9324,Ridhi Kapoor,33,F,A2
23142,9324,Hamsini Dasgupta,41,F,A3
23143,9325,Yatin Kapadia,30,M,A1
23144,9325,Qasim Pandey,44,M,A2
23145,9325,Samarth Loke,38,M,A3
23146,9326,Yatin Ratti,37,M,A1
23147,9326,Gopal Din,31,M,A2
23148,9326,Jack Chacko,35,M,A3
23149,9326,Ishaan Yogi,22,M,A4
23150,9327,Jackson Mitter,41,M,A1
23151,9327,David Gade,46,M,A2
23152,9328,Daniel Choudhary,39,M,A1
23153,9328,Hritik Radhakrishnan,20,M,A2
23154,9329,Abhimanyu Dutt,44,M,A1
23155,9329,Dev Narula,25,M,A2
23156,9329,Avi Acharya,34,M,A3
23157,9329,Arin Ganesan,41,M,A4
23158,9330,Naveen Majumdar,42,M,A1
23159,9330,Isaiah Goswami,20,M,A2
23160,9330,Zehaan Som,25,M,A3
23161,9330,Ekapad Sanghvi,21,M,A4
23162,9331,Joshua Pradhan,45,M,A1
23163,9331,Zayan Nagi,28,M,A2
23164,9331,Avi Bora,32,M,A3
23165,9331,Dhriti Varghese,25,F,A4
23166,9332,Ekansh Gopal,27,M,A1
23167,9332,Gautam Mangal,32,M,A2
23168,9333,Isaiah Gokhale,21,M,A1
23169,9333,Janani Dutta,34,F,A2
23170,9334,Brijesh Bhattacharyya,38,M,A1
23171,9335,Netra Raja,41,F,A1
23172,9335,Onveer Mukherjee,40,M,A2
23173,9335,Logan Gola,35,M,A3
23174,9336,Charles Bala,44,M,A1
23175,9336,Udant Sarna,34,M,A2
23176,9336,Ekavir Bakshi,32,M,A3
23177,9337,Maanas Ahuja,41,M,A1
23178,9337,Bachittar Gokhale,26,M,A2
23179,9337,Ekaraj Reddy,45,M,A3
23180,9337,Shivansh Raj,21,M,A4
23181,9338,Wriddhish Borra,32,M,A1
23182,9338,Hitesh Prakash,31,M,A2
23183,9339,Samaksh Sankaran,41,M,A1
23184,9339,Vincent Venkataraman,22,M,A2
23185,9339,Maanas Rajagopalan,40,M,A3
23186,9339,Girindra Gill,23,M,A4
23187,9340,Ethan Khare,25,M,A1
23188,9340,Vivaan Jani,41,M,A2
23189,9341,Shaurya Sawhney,41,M,A1
23190,9341,Meghana Ramaswamy,22,F,A2
23191,9342,Orinder Mangal,30,M,A1
23192,9342,Hitesh Mand,41,M,A2
23193,9343,Parth Luthra,42,M,A1
23194,9343,Siddharth Panchal,32,M,A2
23195,9343,Lohit Munshi,35,M,A3
23196,9344,Ekalinga Butala,42,M,A1
23197,9344,Yatan Agrawal,21,M,A2
23198,9344,Zashil Ravi,30,M,A3
23199,9344,Rishi Nayar,28,M,A4
23200,9345,Yashawini Zachariah,35,F,A1
23201,9345,Nihal Puri,40,M,A2
23202,9345,Michael Ratti,44,M,A3
23203,9345,Charles Pant,32,M,A4
23204,9346,Hitesh Krishnamurthy,45,M,A1
23205,9346,Ekaja Agate,43,F,A2
23206,9347,Bahadurjit Loyal,32,M,A1
23207,9348,Om Mital,39,M,A1
23208,9349,Benjamin Jayaraman,41,M,A1
23209,9349,Azaan Behl,19,M,A2
23210,9350,Anay Nath,24,M,A1
23211,9351,Lakshit Puri,45,M,A1
23212,9351,Avi Wason,41,M,A2
23213,9351,Dev Wagle,25,M,A3
23214,9351,Nakul Virk,43,M,A4
23215,9352,Mason Mistry,20,M,A1
23216,9353,Hemang Pal,41,M,A1
23217,9353,Udarsh Agarwal,32,M,A2
23218,9353,Manan Dar,38,M,A3
23219,9353,Unni Pau,30,F,A4
23220,9354,Naveen Sha,37,M,A1
23221,9354,Arjun Sood,25,M,A2
23222,9354,Nakul Kala,18,M,A3
23223,9355,Thomas Soman,23,M,A1
23224,9355,Fitan Aurora,42,M,A2
23225,9355,Henry Sethi,30,M,A3
23226,9356,Vanya Bhattacharyya,28,F,A1
23227,9357,Yashica Chadha,43,F,A1
23228,9358,Bakhshi Mahal,41,M,A1
23229,9358,Karan Narula,35,M,A2
23230,9358,Irya Agrawal,41,F,A3
23231,9359,Gaurika Suresh,36,F,A1
23232,9359,Yuvraj Dyal,46,M,A2
23233,9359,Naksh Bath,27,M,A3
23234,9360,Bakhshi Pandya,34,M,A1
23235,9360,Veer Kumer,40,M,A2
23236,9361,Yatin Badal,40,M,A1
23237,9361,Xavier Rajagopal,39,M,A2
23238,9361,Gaurika Banik,21,F,A3
23239,9362,Triya Shukla,47,F,A1
23240,9362,Daniel Nanda,28,M,A2
23241,9362,Jagdish Basu,42,M,A3
23242,9363,Chatura Khosla,39,M,A1
23243,9363,Faraj Singh,24,M,A2
23244,9363,Janaki Gola,34,F,A3
23245,9364,Nicholas Handa,22,M,A1
23246,9364,Hemangini Bhagat,37,F,A2
23247,9364,Shaurya Kanda,32,M,A3
23248,9364,Samaksh Dewan,30,M,A4
23249,9365,Aarini Nori,23,F,A1
23250,9365,Udarsh Khurana,33,M,A2
23251,9365,Chatura Roy,24,M,A3
23252,9365,Saksham Swamy,31,M,A4
23253,9366,Xavier Maharaj,22,M,A1
23254,9366,Jack Gulati,41,M,A2
23255,9367,Frado Setty,27,M,A1
23256,9368,Faqid Raman,23,M,A1
23257,9368,Shaurya Mandal,18,M,A2
23258,9368,Fariq Dasgupta,24,M,A3
23259,9369,Harsh Gupta,35,M,A1
23260,9370,Daniel Bhasin,44,M,A1
23261,9370,Ekapad Kaul,28,M,A2
23262,9370,Gaurav Suri,42,M,A3
23263,9370,Matthew Thaker,23,M,A4
23264,9371,Dominic Dayal,38,M,A1
23265,9371,Kai Pal,23,M,A2
23266,9372,Naveen Kaul,36,M,A1
23267,9372,Unnati Narang,36,F,A2
23268,9373,Elijah Mittal,31,M,A1
23269,9373,Sarthak Yohannan,42,M,A2
23270,9373,Chandresh Dhar,31,M,A3
23271,9373,Jairaj Sarraf,44,M,A4
23272,9374,Teerth Narasimhan,39,M,A1
23273,9374,Girik Bedi,36,M,A2
23274,9374,Vanya Ravel,24,F,A3
23275,9374,Gopal Ghose,43,M,A4
23276,9375,Daniel Zacharia,34,M,A1
23277,9375,Balendra Kala,26,M,A2
23278,9375,Anthony Chad,34,M,A3
23279,9375,Anirudh Subramanian,21,M,A4
23280,9376,Yash Walla,28,M,A1
23281,9377,Bimala Raj,22,F,A1
23282,9377,Shaurya Dube,39,M,A2
23283,9378,Faras Desai,19,M,A1
23284,9379,Imaran Kaur,37,M,A1
23285,9379,Wyatt Devi,40,M,A2
23286,9379,Rajeshri Rao,36,F,A3
23287,9380,Ansh Bakshi,40,M,A1
23288,9380,Chameli Nair,24,F,A2
23289,9380,Theodore Chad,29,M,A3
23290,9381,Patrick Chawla,24,M,A1
23291,9381,Frado Chatterjee,40,M,A2
23292,9381,Onkar Bahl,33,M,A3
23293,9381,Yashawini Swamy,33,F,A4
23294,9382,Mason Tiwari,18,M,A1
23295,9382,Rudra Kakar,28,M,A2
23296,9382,Samuel Sehgal,32,M,A3
23297,9383,Yug Mitter,37,M,A1
23298,9384,Wyatt Bhatt,26,M,A1
23299,9384,Gaurang Sankar,34,M,A2
23300,9384,Naveen Kade,24,M,A3
23301,9384,Osha Bahl,39,F,A4
23302,9385,Aashi Manne,23,F,A1
23303,9385,Ronith Sunder,24,M,A2
23304,9385,Daniel Oza,41,M,A3
23305,9385,Qushi Bhat,26,F,A4
23306,9386,Kala Datta,43,F,A1
23307,9386,Abeer Mohan,31,M,A2
23308,9386,Chatresh Ganesh,30,M,A3
23309,9387,Agastya Saran,37,M,A1
23310,9388,Alexander Barad,34,M,A1
23311,9388,Girish Mander,26,M,A2
23312,9388,Wridesh Krish,41,M,A3
23313,9389,Ekansh Jani,48,M,A1
23314,9389,Abdul Boase,39,M,A2
23315,9390,Anay Karnik,37,M,A1
23316,9391,Liam Konda,24,M,A1
23317,9391,Warinder Luthra,38,M,A2
23318,9391,Abeer Sant,22,M,A3
23319,9391,Aarnav Raja,48,M,A4
23320,9392,Nachiket Lall,25,M,A1
23321,9392,Siddharth Chaudhry,19,M,A2
23322,9392,Jagat Boase,38,M,A3
23323,9392,Azaan Gupta,44,M,A4
23324,9393,Henry Dalal,31,M,A1
23325,9394,Samarth Kota,19,M,A1
23326,9394,Laksh Manda,27,M,A2
23327,9395,Devansh Talwar,36,M,A1
23328,9395,Gaurang Nigam,21,M,A2
23329,9395,Tripti Rege,25,F,A3
23330,9396,Chaitanya Bandi,44,M,A1
23331,9396,Elijah Bath,43,M,A2
23332,9397,Christopher Taneja,32,M,A1
23333,9397,Jason Kapur,29,M,A2
23334,9397,Aryan Parikh,25,M,A3
23335,9398,Peter Rao,43,M,A1
23336,9398,Aryan Mandal,19,M,A2
23337,9399,Harrison Balasubramanian,30,M,A1
23338,9400,Bakhshi Devan,27,M,A1
23339,9400,Ikbal Lala,43,M,A2
23340,9400,Oliver Sathe,40,M,A3
23341,9401,Ronith Ahuja,34,M,A1
23342,9401,Gaurang Mall,42,M,A2
23343,9402,Zayan Dave,23,M,A1
23344,9402,Chandani Tara,35,F,A2
23345,9402,Yagnesh Mannan,43,M,A3
23346,9403,Manan Chopra,31,M,A1
23347,9403,Yatin Tandon,44,M,A2
23348,9403,Thomas Keer,29,M,A3
23349,9404,Divya Dara,38,F,A1
23350,9404,Advika Basak,35,F,A2
23351,9404,Gaurav Mahajan,28,M,A3
23352,9404,Onkar Kapadia,28,M,A4
23353,9405,Shaurya Gala,42,M,A1
23354,9405,Andrew Shetty,41,M,A2
23355,9406,Arunima Kata,42,F,A1
23356,9407,Zashil Ganesh,30,M,A1
23357,9407,Darpan Chanda,20,M,A2
23358,9408,Bahadurjit Kale,21,M,A1
23359,9408,Tanmayi Mane,32,F,A2
23360,9408,Samuel Magar,29,M,A3
23361,9409,Abeer Patil,29,M,A1
23362,9409,Champak Shroff,21,M,A2
23363,9410,Isaac Wadhwa,34,M,A1
23364,9411,Anirudh Hayre,25,M,A1
23365,9411,Harshil Srivastava,30,M,A2
23366,9412,Harish Viswanathan,28,M,A1
23367,9413,Brijesh Sankar,22,M,A1
23368,9414,Balendra Borah,41,M,A1
23369,9414,Zaid Bhatia,24,M,A2
23370,9414,Nakul Manda,28,M,A3
23371,9415,Upkaar Gara,30,M,A1
23372,9416,Sneha Amble,32,F,A1
23373,9416,Rushil Chaudhry,34,M,A2
23374,9416,Banjeet Lalla,36,M,A3
23375,9416,Baljiwan Raghavan,24,M,A4
23376,9417,Frederick Jaggi,40,M,A1
23377,9417,Noah Dube,21,M,A2
23378,9417,Varenya Goel,44,F,A3
23379,9417,George Kant,39,M,A4
23380,9418,Nitesh Cherian,22,M,A1
23381,9418,Saksham Kalla,22,M,A2
23382,9419,Ekbal Sarraf,30,M,A1
23383,9420,Karan Mahal,23,M,A1
23384,9420,Bachittar Sidhu,42,M,A2
23385,9420,Gaurang Barman,28,M,A3
23386,9420,Chaitaly Prabhakar,31,F,A4
23387,9421,Ranveer Srinivasan,36,M,A1
23388,9422,Aarush Bala,24,M,A1
23389,9422,Akshay Bhalla,20,M,A2
23390,9422,Gunbir Soman,41,M,A3
23391,9423,Luke Varty,34,M,A1
23392,9423,Mohini Dora,38,F,A2
23393,9424,Qarin Kara,30,M,A1
23394,9425,Veer Agarwal,47,M,A1
23395,9425,Tanish Bandi,31,M,A2
23396,9426,Rachit Nori,28,M,A1
23397,9426,Vamakshi Brar,47,F,A2
23398,9426,Harrison Mukhopadhyay,36,M,A3
23399,9427,Waida Toor,29,F,A1
23400,9427,Omkaar Banik,46,M,A2
23401,9427,Yatan Sami,20,M,A3
23402,9428,Sai Prabhakar,18,M,A1
23403,9428,Liam Mane,38,M,A2
23404,9428,Henry Bath,26,M,A3
23405,9428,Farhan Rai,45,M,A4
23406,9429,Chatura Sharaf,29,M,A1
23407,9429,Vincent Bhagat,21,M,A2
23408,9429,Yatin Sabharwal,29,M,A3
23409,9429,Kamya Tella,29,F,A4
23410,9430,Charan Sahni,37,M,A1
23411,9431,Jatin Bhatnagar,43,M,A1
23412,9432,Maanas Khanna,27,M,A1
23413,9432,Omkaar Brar,21,M,A2
23414,9432,Ekansh Borah,33,M,A3
23415,9432,Rohan Badal,33,M,A4
23416,9433,Meera Bhardwaj,29,F,A1
23417,9434,Shaurya Kunda,30,M,A1
23418,9434,Reyansh Nayak,32,M,A2
23419,9434,Kavya Yogi,40,F,A3
23420,9434,Baljiwan Dugar,25,M,A4
23421,9435,Rajata Gandhi,30,F,A1
23422,9436,Henry Bahl,30,M,A1
23423,9436,William Sachdev,43,M,A2
23424,9436,Champak Nagy,21,M,A3
23425,9436,Gabriel Pai,45,M,A4
23426,9437,Abhiram Mitra,30,M,A1
23427,9437,Ojas Kulkarni,26,M,A2
23428,9438,Nicholas Sunder,40,M,A1
23429,9439,Jatin Cheema,26,M,A1
23430,9439,George Sarna,32,M,A2
23431,9439,Anay Narula,43,M,A3
23432,9439,Matthew Dora,35,M,A4
23433,9440,Frederick Mandal,25,M,A1
23434,9440,Simon Johal,32,M,A2
23435,9441,Advik Randhawa,37,M,A1
23436,9442,Wriddhish Majumdar,29,M,A1
23437,9442,Aachal Salvi,24,F,A2
23438,9443,Garima Agrawal,31,F,A1
23439,9444,Karan Mani,32,M,A1
23440,9444,Upasna Dube,27,F,A2
23441,9444,Odika Sangha,42,F,A3
23442,9444,Patrick Seth,30,M,A4
23443,9445,Raghav Chacko,45,M,A1
23444,9445,Zayan Bhardwaj,45,M,A2
23445,9446,Tristan Mandal,44,M,A1
23446,9447,Yagnesh Dhingra,20,M,A1
23447,9447,Pranav Virk,36,M,A2
23448,9447,Chandran Lad,46,M,A3
23449,9448,Ishaan Virk,36,M,A1
23450,9448,Dev Mani,42,M,A2
23451,9448,Madhav Hans,34,M,A3
23452,9448,Gagan Palla,24,M,A4
23453,9449,Oscar Bumb,32,M,A1
23454,9449,Vedant Lalla,30,M,A2
23455,9449,Mitali Kamdar,19,F,A3
23456,9450,Azaan Wason,21,M,A1
23457,9450,Chanakya Nath,36,M,A2
23458,9450,Jairaj Tara,45,M,A3
23459,9451,Anmol Prashad,30,M,A1
23460,9452,Karan Kulkarni,48,M,A1
23461,9452,Rudra Ben,44,M,A2
23462,9452,Madhavi Chaudhari,32,F,A3
23463,9453,Yug Cherian,44,M,A1
23464,9454,Frederick Jani,31,M,A1
23465,9455,Balhaar Savant,25,M,A1
23466,9455,Pooja Narasimhan,44,F,A2
23467,9455,Darika Pau,38,F,A3
23468,9456,Aarna Sandhu,31,F,A1
23469,9457,Ira Sidhu,45,F,A1
23470,9457,Aarav Sodhi,34,M,A2
23471,9457,Teerth Lad,47,M,A3
23472,9458,Falan Sibal,24,M,A1
23473,9459,Krish Hora,41,M,A1
23474,9459,Andrew Kalita,45,M,A2
23475,9460,Manbir Kala,47,M,A1
23476,9460,Falan Kata,31,M,A2
23477,9460,Janya Yohannan,24,F,A3
23478,9461,Chaitanya Kumar,21,M,A1
23479,9461,Girish Batta,43,M,A2
23480,9461,Jairaj More,29,M,A3
23481,9462,Vivaan Borde,40,M,A1
23482,9462,Brinda Chawla,43,F,A2
23483,9462,Jason Sathe,31,M,A3
23484,9463,Zarna Jani,44,F,A1
23485,9463,Charles Agarwal,39,M,A2
23486,9463,Frado Dora,34,M,A3
23487,9464,Ranbir Kalita,33,M,A1
23488,9464,Qasim Palan,31,M,A2
23489,9465,Amara Buch,46,F,A1
23490,9465,Bishakha Bahri,31,F,A2
23491,9465,Gunbir Hayre,38,M,A3
23492,9466,Owen Konda,33,M,A1
23493,9466,Agastya Grover,38,M,A2
23494,9466,Naveen Sankar,36,M,A3
23495,9466,Dalbir Ramachandran,32,M,A4
23496,9467,Utkarsh Parekh,24,M,A1
23497,9467,Devansh Varty,28,M,A2
23498,9467,Balveer Mane,31,M,A3
23499,9468,Ishaan Saha,24,M,A1
23500,9468,Ekansh Madan,36,M,A2
23501,9468,Ishaan Parsa,43,M,A3
23502,9468,Fiyaz Deo,36,M,A4
23503,9469,Rachana Borde,32,F,A1
23504,9469,Ayush Johal,41,M,A2
23505,9469,Meghana Prabhu,48,F,A3
23506,9470,Vasatika Pradhan,35,F,A1
23507,9470,Wahab Dugal,24,M,A2
23508,9470,Fariq Swamy,47,M,A3
23509,9470,Chanakya Ganguly,18,M,A4
23510,9471,Kashish Chana,29,F,A1
23511,9471,Mugdha Edwin,33,F,A2
23512,9471,Pratyush Dara,43,M,A3
23513,9472,Megha Maharaj,38,F,A1
23514,9473,Harshil Mody,42,M,A1
23515,9474,Tristan Chokshi,33,M,A1
23516,9474,Akshay Sabharwal,25,M,A2
23517,9475,Divya Tank,33,F,A1
23518,9475,Pranav Keer,47,M,A2
23519,9476,Rushil Ratta,27,M,A1
23520,9477,Fitan Loke,45,M,A1
23521,9477,Gaurang Shah,26,M,A2
23522,9478,Rehaan Khurana,38,M,A1
23523,9478,Henry Kumar,22,M,A2
23524,9478,Simon Pandya,35,M,A3
23525,9479,Tanvi Iyer,40,F,A1
23526,9479,Ayaan Gupta,33,M,A2
23527,9479,Jacob Chaudhuri,30,M,A3
23528,9480,Mason Atwal,19,M,A1
23529,9480,Indrajit Balasubramanian,31,M,A2
23530,9481,Kamala Brar,36,F,A1
23531,9481,David Bala,22,M,A2
23532,9482,Michael Mani,33,M,A1
23533,9483,Saksham Swamy,23,M,A1
23534,9483,Ekalinga Lata,27,M,A2
23535,9484,Charvi Natt,44,F,A1
23536,9484,Gopal Sibal,35,M,A2
23537,9485,Chatura Sanghvi,30,M,A1
23538,9485,Abhiram Desai,29,M,A2
23539,9485,Yatan Toor,18,M,A3
23540,9486,Laksh Reddy,34,M,A1
23541,9487,Amol Prabhu,26,M,A1
23542,9487,Jason Sane,32,M,A2
23543,9487,Chatresh Krishnamurthy,37,M,A3
23544,9488,Laksh Kamdar,26,M,A1
23545,9488,Ishwar Sahni,24,M,A2
23546,9488,Vivaan Grover,26,M,A3
23547,9489,Ekiya Mani,33,F,A1
23548,9490,Advay Gupta,39,M,A1
23549,9490,Siddharth Iyer,44,M,A2
23550,9491,Atharv Dora,44,M,A1
23551,9491,Shaurya Gole,21,M,A2
23552,9491,Warinder Purohit,31,M,A3
23553,9492,Jackson Gola,31,M,A1
23554,9492,Balendra Rastogi,29,M,A2
23555,9492,Qadim Grewal,46,M,A3
23556,9492,Wahab Dhingra,23,M,A4
23557,9493,Michael Chokshi,25,M,A1
23558,9493,Ansh Srinivasan,37,M,A2
23559,9493,Frederick Luthra,34,M,A3
23560,9493,Daniel Atwal,31,M,A4
23561,9494,Shivansh Sarin,37,M,A1
23562,9494,Veer Bera,28,M,A2
23563,9494,Naksh Nadkarni,22,M,A3
23564,9495,Amol Misra,36,M,A1
23565,9495,Pratyush Ahluwalia,25,M,A2
23566,9495,Garima Baral,27,F,A3
23567,9496,Aadhya Sant,44,F,A1
23568,9496,Agastya Subramanian,43,M,A2
23569,9496,Indrajit Raju,44,M,A3
23570,9497,Jai Sachdev,40,M,A1
23571,9497,Sanya Naik,43,F,A2
23572,9497,Meghana Dhaliwal,20,F,A3
23573,9498,Henry Trivedi,26,M,A1
23574,9498,Radhika Patel,30,F,A2
23575,9498,Ethan Walia,19,M,A3
23576,9499,Brijesh Vasa,23,M,A1
23577,9499,Onveer Deshmukh,26,M,A2
23578,9500,Nachiket Rajagopal,30,M,A1
23579,9501,Girik Radhakrishnan,44,M,A1
23580,9501,Faris Kumer,27,M,A2
23581,9502,Gavin Padmanabhan,34,M,A1
23582,9502,Om Sathe,44,M,A2
23583,9502,Xavier Dhar,40,M,A3
23584,9502,Akshay Swaminathan,41,M,A4
23585,9503,Shravya Mohan,45,F,A1
23586,9503,Wyatt Sen,46,M,A2
23587,9503,Abeer Sandhu,35,M,A3
23588,9504,Mohini Golla,21,F,A1
23589,9504,Aditya Khatri,35,M,A2
23590,9504,Aarav Batra,47,M,A3
23591,9504,Lakshit Prasad,47,M,A4
23592,9505,Chandran Mohan,43,M,A1
23593,9505,Noah Kala,29,M,A2
23594,9506,Wriddhish Garg,30,M,A1
23595,9506,Daksh Narasimhan,31,M,A2
23596,9506,Vivaan Narasimhan,31,M,A3
23597,9506,Dalbir Choudhury,22,M,A4
23598,9507,Parth Sekhon,29,M,A1
23599,9507,Simon Srivastava,31,M,A2
23600,9507,Joshua Babu,46,M,A3
23601,9507,Yug Peri,28,M,A4
23602,9508,Zashil Verma,43,M,A1
23603,9508,Falguni Tara,25,F,A2
23604,9508,Advik Bains,36,M,A3
23605,9508,Faras Nanda,43,M,A4
23606,9509,Indira Soni,36,F,A1
23607,9509,Matthew Acharya,21,M,A2
23608,9510,Udarsh Hora,42,M,A1
23609,9510,William Ahuja,25,M,A2
23610,9510,Rachit Gandhi,39,M,A3
23611,9510,Charles Suresh,37,M,A4
23612,9511,Caleb Krishnamurthy,39,M,A1
23613,9511,Pranav Mittal,41,M,A2
23614,9512,Irya Chahal,28,F,A1
23615,9513,Balveer Pai,26,M,A1
23616,9513,Avi Rajagopal,30,M,A2
23617,9513,Vritti Lala,45,F,A3
23618,9514,Sarthak Mohanty,33,M,A1
23619,9515,Faris Devan,37,M,A1
23620,9515,Henry Varghese,22,M,A2
23621,9515,Samesh Dyal,31,M,A3
23622,9516,Kalpit Goel,40,M,A1
23623,9516,Nachiket Tak,27,M,A2
23624,9516,Aarav Kapur,30,M,A3
23625,9517,Ojas Sundaram,32,M,A1
23626,9517,Om Kapoor,46,M,A2
23627,9518,Xavier Manda,48,M,A1
23628,9519,Mitesh Narula,43,M,A1
23629,9519,Vihaan Shere,34,M,A2
23630,9520,Vamakshi Nagar,41,F,A1
23631,9521,Upasna Badami,34,F,A1
23632,9521,Vincent Dugar,47,M,A2
23633,9521,Noah Dara,36,M,A3
23634,9522,Aarnav Bajaj,32,M,A1
23635,9522,Theodore Choudhry,41,M,A2
23636,9523,Henry Nagar,32,M,A1
23637,9524,Raghav Kapadia,41,M,A1
23638,9524,Anay Chaudhuri,27,M,A2
23639,9525,Wriddhish Nath,34,M,A1
23640,9525,Girish Ahluwalia,31,M,A2
23641,9526,Elijah Deo,40,M,A1
23642,9526,Yug Raja,24,M,A2
23643,9526,Naksh Swamy,40,M,A3
23644,9527,Indrajit Choudhry,44,M,A1
23645,9528,Abhimanyu Sem,44,M,A1
23646,9528,Champak Bora,44,M,A2
23647,9529,Oscar Som,45,M,A1
23648,9530,Omaja Batta,44,F,A1
23649,9530,Nidhi Date,33,F,A2
23650,9531,Farhan Tandon,40,M,A1
23651,9532,Nitesh Dara,26,M,A1
23652,9532,Faqid Bava,28,M,A2
23653,9532,Ekbal Kaur,41,M,A3
23654,9533,Girindra Mangat,42,M,A1
23655,9533,Chatura Saini,30,M,A2
23656,9533,Ekiya Sarraf,38,F,A3
23657,9534,Elijah Mahajan,22,M,A1
23658,9535,Warinder Parmer,31,M,A1
23659,9535,Liam Tripathi,40,M,A2
23660,9536,Aryan Solanki,39,M,A1
23661,9537,Udarsh Bhatnagar,19,M,A1
23662,9537,Qadim Salvi,32,M,A2
23663,9537,Ekaja Bawa,19,F,A3
23664,9537,Mitesh Narayanan,25,M,A4
23665,9538,Samuel Jain,38,M,A1
23666,9538,Tanish Nadkarni,24,M,A2
23667,9538,Oliver Raja,23,M,A3
23668,9539,Darsh Rana,40,M,A1
23669,9539,Wazir Sami,37,M,A2
23670,9539,Vihaan Dada,24,M,A3
23671,9539,Dakshesh Kade,42,M,A4
23672,9540,Chatura Lala,42,M,A1
23673,9540,Tejas Vala,39,M,A2
23674,9540,Ojas Khanna,41,M,A3
23675,9541,Sarthak Parsa,30,M,A1
23676,9541,Darpan Virk,23,M,A2
23677,9541,Tristan Garg,44,M,A3
23678,9541,Aayush Barad,38,M,A4
23679,9542,Laksh Barad,34,M,A1
23680,9542,Rishi Deo,44,M,A2
23681,9542,Brijesh Bains,24,M,A3
23682,9543,Logan Narasimhan,41,M,A1
23683,9544,Radhika Oommen,26,F,A1
23684,9544,Samesh Sundaram,42,M,A2
23685,9544,Utkarsh Sekhon,30,M,A3
23686,9545,Rehaan Mutti,20,M,A1
23687,9546,Nicholas Saha,41,M,A1
23688,9546,Parth Mannan,29,M,A2
23689,9546,Forum Ghosh,45,F,A3
23690,9546,Sathvik Roy,28,M,A4
23691,9547,Rachit Comar,35,M,A1
23692,9548,Samaksh Garde,27,M,A1
23693,9548,Eiravati Sibal,26,F,A2
23694,9548,Ekansh Sengupta,22,M,A3
23695,9549,Nicholas Gandhi,22,M,A1
23696,9549,Jatin Pall,40,M,A2
23697,9549,Tanay Master,40,M,A3
23698,9549,Radha More,23,F,A4
23699,9550,Jagvi D’Alia,24,F,A1
23700,9550,Girik Thakkar,31,M,A2
23701,9550,Viraj Trivedi,34,M,A3
23702,9550,Aadi Bera,32,M,A4
23703,9551,Wazir Char,37,M,A1
23704,9551,Jeremiah Biswas,40,M,A2
23705,9552,Nitesh Rattan,34,M,A1
23706,9552,Bakhshi Soman,34,M,A2
23707,9552,Aayush Sandal,26,M,A3
23708,9553,Yash Karpe,44,M,A1
23709,9554,Samuel Nagi,21,M,A1
23710,9555,Bachittar Bhardwaj,40,M,A1
23711,9556,Krisha Mistry,27,F,A1
23712,9556,Aishani Nadig,24,F,A2
23713,9557,Kabir Gaba,37,M,A1
23714,9558,Hemani Trivedi,27,F,A1
23715,9558,Onveer More,31,M,A2
23716,9559,Bakhshi Zachariah,44,M,A1
23717,9559,Chanchal Sanghvi,30,F,A2
23718,9559,Qabil Das,23,M,A3
23719,9559,Atharv Nagi,42,M,A4
23720,9560,Onkar Kalita,26,M,A1
23721,9560,Shivansh Vasa,44,M,A2
23722,9560,Aayush Kamdar,28,M,A3
23723,9560,Robert Issac,44,M,A4
23724,9561,Fiyaz Nagi,44,M,A1
23725,9562,Jacob Murty,39,M,A1
23726,9562,Tara Vohra,31,F,A2
23727,9562,Rudra Tara,30,M,A3
23728,9562,Gunbir Mani,27,M,A4
23729,9563,Tanish Gandhi,42,M,A1
23730,9563,Jeremiah Zacharia,37,M,A2
23731,9564,Frederick Grover,25,M,A1
23732,9564,Falan Uppal,29,M,A2
23733,9564,Vrishti Barman,40,F,A3
23734,9564,Anthony Bhatnagar,22,M,A4
23735,9565,Rayaan Bath,47,M,A1
23736,9566,Aarav Goel,34,M,A1
23737,9567,Dominic Mody,34,M,A1
23738,9567,Aishani Mistry,26,F,A2
23739,9567,Zashil Bhagat,41,M,A3
23740,9567,Charita Borde,39,F,A4
23741,9568,Yadavi Chaudhari,41,F,A1
23742,9568,Bahadurjit Korpal,41,M,A2
23743,9568,Frederick Sinha,39,M,A3
23744,9569,Sathvik Pai,23,M,A1
23745,9569,Hredhaan Nori,33,M,A2
23746,9569,Veer Dugal,32,M,A3
23747,9569,Meghana Kapoor,29,F,A4
23748,9570,Laksh Pillay,23,M,A1
23749,9570,Samarth Sibal,29,M,A2
23750,9570,Manan Dugar,27,M,A3
23751,9570,Viraj Nath,31,M,A4
23752,9571,Indrajit Menon,20,M,A1
23753,9572,Gautam Dalal,35,M,A1
23754,9573,Christopher Gera,42,M,A1
23755,9573,Gopal Char,41,M,A2
23756,9573,Yauvani Sahni,31,F,A3
23757,9573,Arin Khalsa,44,M,A4
23758,9574,Raghav Balan,32,M,A1
23759,9574,Jackson Kohli,35,M,A2
23760,9575,Alexander Mannan,31,M,A1
23761,9575,Bhanumati Sachdeva,28,F,A2
23762,9575,Warjas Chahal,40,M,A3
23763,9576,Aarna Batra,42,F,A1
23764,9576,Hemang Saini,28,M,A2
23765,9576,Simon Pathak,41,M,A3
23766,9576,Chandran Radhakrishnan,28,M,A4
23767,9577,Vinaya Pandya,30,F,A1
23768,9578,Bakhshi Baria,29,M,A1
23769,9578,Arin Sane,19,M,A2
23770,9579,Odika Jani,21,F,A1
23771,9579,Kabir Ahluwalia,42,M,A2
23772,9579,Warinder Kulkarni,36,M,A3
23773,9580,Tarak Char,31,M,A1
23774,9580,Onveer Hayer,40,M,A2
23775,9580,Wazir Sarkar,25,M,A3
23776,9581,Guneet Prabhu,36,M,A1
23777,9581,Agastya Wason,36,M,A2
23778,9582,Frederick Joshi,31,M,A1
23779,9582,Alexander Jha,19,M,A2
23780,9582,Hredhaan Rai,28,M,A3
23781,9582,Zashil Gopal,37,M,A4
23782,9583,Xalak Shah,44,F,A1
23783,9583,Frederick Sidhu,40,M,A2
23784,9584,Imaran Vig,19,M,A1
23785,9584,Frederick Mangal,22,M,A2
23786,9584,Elijah Das,40,M,A3
23787,9585,Nachiket Raval,40,M,A1
23788,9585,Ishaan Choudhry,45,M,A2
23789,9586,Aryan Varughese,29,M,A1
23790,9586,Upkaar Kashyap,26,M,A2
23791,9586,Yoshita Zacharia,28,F,A3
23792,9586,Oscar Ganesan,40,M,A4
23793,9587,Watika Goda,35,F,A1
23794,9588,Chanakya Sachar,28,M,A1
23795,9588,Advay Lanka,37,M,A2
23796,9588,Maanav Roy,36,M,A3
23797,9589,Ethan Garde,25,M,A1
23798,9590,Tanay Mohan,44,M,A1
23799,9590,Chatresh Savant,18,M,A2
23800,9590,Vasana Sridhar,28,F,A3
23801,9590,Yahvi Tiwari,18,F,A4
23802,9591,Darpan Virk,27,M,A1
23803,9591,Rehaan Raghavan,27,M,A2
23804,9591,Brijesh Borde,46,M,A3
23805,9592,Vasatika Sandal,39,F,A1
23806,9593,Pranit Gade,19,M,A1
23807,9593,Ranveer Loke,26,M,A2
23808,9593,Om Dhaliwal,48,M,A3
23809,9594,Falan Grover,38,M,A1
23810,9595,Faraj Uppal,30,M,A1
23811,9595,Wriddhish Dayal,41,M,A2
23812,9596,Ranveer Gupta,46,M,A1
23813,9597,Qushi Bhat,37,F,A1
23814,9597,Vasana Bajwa,29,F,A2
23815,9597,Azad Mangat,36,M,A3
23816,9598,Tanay Dada,24,M,A1
23817,9598,Michael Mand,45,M,A2
23818,9598,Tristan Contractor,35,M,A3
23819,9599,Vrinda Vyas,41,F,A1
23820,9599,Devansh Kapadia,31,M,A2
23821,9600,Amol Narang,42,M,A1
23822,9601,Umang Kaur,42,M,A1
23823,9601,Upma Pathak,19,F,A2
23824,9601,Krishna Ganguly,23,M,A3
23825,9601,Wazir Walla,36,M,A4
23826,9602,Veer Agrawal,41,M,A1
23827,9602,Kabir Dass,41,M,A2
23828,9603,Gabriel Deo,29,M,A1
23829,9604,Girish Sura,43,M,A1
23830,9605,Lipika Zachariah,21,F,A1
23831,9605,Gunbir Sheth,33,M,A2
23832,9605,Nakul Bera,20,M,A3
23833,9605,Frederick Thaman,25,M,A4
23834,9606,Utkarsh Kalita,36,M,A1
23835,9607,Frederick Hayer,35,M,A1
23836,9607,Abdul Nagi,24,M,A2
23837,9608,Jonathan Ghose,22,M,A1
23838,9609,Chatresh Chandran,31,M,A1
23839,9609,Chanchal Sant,44,F,A2
23840,9609,Balendra Bakshi,38,M,A3
23841,9610,Ojasvi Das,28,F,A1
23842,9611,Saksham Dhar,36,M,A1
23843,9611,Gagan Swaminathan,44,M,A2
23844,9611,Harshil Gade,39,M,A3
23845,9612,Jacob Chanda,33,M,A1
23846,9612,Indrajit Lall,45,M,A2
23847,9612,Sarthak Chopra,39,M,A3
23848,9612,Kai Tiwari,22,M,A4
23849,9613,Ekaraj Bakshi,44,M,A1
23850,9614,Yagnesh Kohli,23,M,A1
23851,9615,Timothy Parikh,43,M,A1
23852,9615,Jalsa Lad,47,F,A2
23853,9616,Alexander Pillay,34,M,A1
23854,9616,Ekanta Choudhry,42,F,A2
23855,9616,Faqid Dhaliwal,18,M,A3
23856,9616,Bhavya Jaggi,22,F,A4
23857,9617,Ansh Johal,31,M,A1
23858,9618,Elijah Zacharia,40,M,A1
23859,9619,Ronith Hari,30,M,A1
23860,9619,Lucky Bhattacharyya,24,M,A2
23861,9619,Agastya Arya,24,M,A3
23862,9619,Dhruv Parikh,35,M,A4
23863,9620,Praneel Sani,44,M,A1
23864,9620,Nathaniel Sant,28,M,A2
23865,9620,Faqid Nazareth,33,M,A3
23866,9620,Abhimanyu Saraf,40,M,A4
23867,9621,Zaid Krishnan,23,M,A1
23868,9622,Shivansh Talwar,40,M,A1
23869,9622,Dayamai Loyal,38,F,A2
23870,9622,Yagnesh Sachar,23,M,A3
23871,9622,Champak Sethi,32,M,A4
23872,9623,Vincent Sura,32,M,A1
23873,9623,Falan Kapur,35,M,A2
23874,9623,Laksh Dixit,46,M,A3
23875,9624,Pratyush Saraf,20,M,A1
23876,9624,Ishita Tak,46,F,A2
23877,9624,Odika Khalsa,43,F,A3
23878,9625,Ekalinga Venkataraman,22,M,A1
23879,9625,Oscar Oza,42,M,A2
23880,9625,Bina Thaker,21,F,A3
23881,9625,Mitesh Sandal,28,M,A4
23882,9626,Zashil Dhar,36,M,A1
23883,9627,Amol Varma,21,M,A1
23884,9627,Ranbir Lala,30,M,A2
23885,9627,Mason Chawla,29,M,A3
23886,9627,Sai Murty,25,M,A4
23887,9628,Daniel Deep,39,M,A1
23888,9628,Ayushman Sharma,38,M,A2
23889,9629,Vrishti Garde,36,F,A1
23890,9629,Charles Chandran,43,M,A2
23891,9629,Nilima Dutta,42,F,A3
23892,9630,Urmi D’Alia,35,F,A1
23893,9630,Omkaar Keer,46,M,A2
23894,9630,Siddharth Nadig,25,M,A3
23895,9630,Fariq Hora,26,M,A4
23896,9631,Wyatt Kale,46,M,A1
23897,9631,Oscar Dayal,20,M,A2
23898,9632,David Kalla,47,M,A1
23899,9632,Nihal Venkatesh,31,M,A2
23900,9632,Darsh Gopal,38,M,A3
23901,9633,Jai Chad,25,M,A1
23902,9633,Aditya Handa,41,M,A2
23903,9633,Fariq Mandal,45,M,A3
23904,9634,Reyansh Panchal,39,M,A1
23905,9635,Falan Khare,37,M,A1
23906,9635,Tarak Srinivasan,36,M,A2
23907,9635,Harshil Kibe,23,M,A3
23908,9635,Hredhaan Prashad,38,M,A4
23909,9636,Parth Lala,31,M,A1
23910,9636,Advik Nadig,40,M,A2
23911,9637,Timothy Varughese,25,M,A1
23912,9638,Theodore Samra,40,M,A1
23913,9638,Aarush Sha,30,M,A2
23914,9639,Ayushman Sani,26,M,A1
23915,9639,Jatin Mittal,19,M,A2
23916,9640,Teerth Mital,39,M,A1
23917,9640,Dipta Mahajan,33,F,A2
23918,9641,Vivaan Sawhney,42,M,A1
23919,9641,Harsh Setty,27,M,A2
23920,9641,Janani Jayaraman,21,F,A3
23921,9642,Damini Kaur,20,F,A1
23922,9643,Ekapad Gopal,24,M,A1
23923,9643,Ria Nayar,20,F,A2
23924,9643,Jeet Dara,40,M,A3
23925,9644,Nachiket Bawa,42,M,A1
23926,9644,Jai Sinha,42,M,A2
23927,9644,Krishna Dugal,34,F,A3
23928,9644,Chakradhar Dugar,38,M,A4
23929,9645,Daniel Talwar,22,M,A1
23930,9645,Theodore Banik,39,M,A2
23931,9645,Orinder Sathe,24,M,A3
23932,9646,Akshay Kapur,43,M,A1
23933,9647,Banjeet Baria,23,M,A1
23934,9647,Omkaar Hegde,29,M,A2
23935,9647,Brijesh Mani,30,M,A3
23936,9647,Vivaan Som,26,M,A4
23937,9648,Vedika Minhas,32,F,A1
23938,9649,Samaksh Bera,20,M,A1
23939,9650,Aayush Hans,22,M,A1
23940,9650,Logan Pradhan,28,M,A2
23941,9650,Bhanumati Wason,47,F,A3
23942,9650,Abhiram Kala,31,M,A4
23943,9651,Jagat Magar,45,M,A1
23944,9651,Atharv Shere,34,M,A2
23945,9651,Advaith Bhagat,21,M,A3
23946,9651,Thomas Hans,24,M,A4
23947,9652,Utkarsh Chacko,27,M,A1
23948,9652,Pratyush Golla,44,M,A2
23949,9653,Gautam Bhargava,45,M,A1
23950,9654,Gautam Wagle,43,M,A1
23951,9654,Arjun Hayre,28,M,A2
23952,9654,Devika Dhingra,27,F,A3
23953,9654,Oliver Bhagat,45,M,A4
23954,9655,Gaurav Chaudhary,43,M,A1
23955,9655,Krish Puri,24,M,A2
23956,9655,Wridesh Chaudhari,36,M,A3
23957,9655,Isaac Agarwal,39,M,A4
23958,9656,Krishna De,22,M,A1
23959,9656,Saksham Keer,43,M,A2
23960,9656,Owen Iyengar,34,M,A3
23961,9657,Ishwar Rajan,42,M,A1
23962,9657,Lopa Vohra,43,F,A2
23963,9657,Mohammed Upadhyay,46,M,A3
23964,9658,Warjas Bajaj,35,M,A1
23965,9658,Karan Khatri,36,M,A2
23966,9659,Arjun Koshy,43,M,A1
23967,9659,Hitesh Morar,20,M,A2
23968,9660,Daniel Narang,30,M,A1
23969,9660,Daniel Wadhwa,34,M,A2
23970,9661,Rachita Walia,40,F,A1
23971,9662,Tanmayi Wali,32,F,A1
23972,9662,Balhaar Khatri,26,M,A2
23973,9662,Mason Agate,40,M,A3
23974,9663,Nathan Mahajan,20,M,A1
23975,9664,Anirudh Baral,41,M,A1
23976,9664,Yauvani Shukla,34,F,A2
23977,9664,Hredhaan Sane,22,M,A3
23978,9665,Ojas Bansal,39,M,A1
23979,9666,Mason Pingle,40,M,A1
23980,9666,Avi Bhagat,30,M,A2
23981,9666,Charan Vasa,36,M,A3
23982,9667,Manthan Banik,44,M,A1
23983,9668,Vihaan Sane,36,M,A1
23984,9668,Darika Uppal,28,F,A2
23985,9668,Joshua Deshpande,25,M,A3
23986,9668,Laban Tella,38,M,A4
23987,9669,Guneet Raman,22,M,A1
23988,9669,Arya Dhaliwal,35,F,A2
23989,9669,Chatura Pandit,36,M,A3
23990,9669,Samesh Bath,32,M,A4
23991,9670,Jairaj Dar,47,M,A1
23992,9670,Samuel Arora,21,M,A2
23993,9670,Sai Mall,45,M,A3
23994,9670,Ekiya Mani,23,F,A4
23995,9671,Nilima Lanka,26,F,A1
23996,9672,Ranveer Narain,37,M,A1
23997,9673,Samuel Grewal,30,M,A1
23998,9673,Max Kadakia,46,M,A2
23999,9673,Mitesh Ratta,21,M,A3
24000,9674,Lakshit Comar,27,M,A1
24001,9674,Logan Ganesan,43,M,A2
24002,9674,Chatura Prakash,27,M,A3
24003,9674,Chatresh Modi,37,M,A4
24004,9675,Urvi Grover,42,F,A1
24005,9675,Gautam Deshmukh,45,M,A2
24006,9675,Yuvraj Ben,41,M,A3
24007,9676,Samuel Garde,44,M,A1
24008,9676,Frado Chandran,19,M,A2
24009,9676,Chavvi Khatri,21,F,A3
24010,9677,Ryan Kapur,43,M,A1
24011,9678,Bhavika Brahmbhatt,35,F,A1
24012,9678,Ira Bora,30,F,A2
24013,9679,Mitesh Shetty,39,M,A1
24014,9679,Krishna Nadig,41,M,A2
24015,9680,Banjeet Magar,30,M,A1
24016,9681,Siya Dey,39,F,A1
24017,9681,Elijah Bhat,30,M,A2
24018,9682,Girish Rajan,23,M,A1
24019,9683,Dhruv Johal,39,M,A1
24020,9684,Kabir Ramaswamy,41,M,A1
24021,9684,Aditya Kashyap,35,M,A2
24022,9685,Brijesh Sankar,41,M,A1
24023,9685,Charles Bahri,27,M,A2
24024,9685,Saksham Krishna,26,M,A3
24025,9686,Gagan Behl,47,M,A1
24026,9686,Qarin Babu,33,M,A2
24027,9686,Manthan Luthra,36,M,A3
24028,9686,Siddharth Ravi,32,M,A4
24029,9687,Samar Doctor,33,M,A1
24030,9687,Maanas Bose,21,M,A2
24031,9687,Advaith Swaminathan,36,M,A3
24032,9688,Charles Mohanty,24,M,A1
24033,9688,Rachana Dass,33,F,A2
24034,9688,Umang Bhatti,38,M,A3
24035,9688,Joshua Morar,19,M,A4
24036,9689,Onveer Pal,35,M,A1
24037,9689,Balendra Sodhi,19,M,A2
24038,9689,Vincent Dubey,38,M,A3
24039,9689,Ekbal Dayal,36,M,A4
24040,9690,Samesh Natarajan,27,M,A1
24041,9690,Barkha Tripathi,29,F,A2
24042,9691,Girish Dara,36,M,A1
24043,9691,Unni Gola,39,F,A2
24044,9691,Barkha Mand,32,F,A3
24045,9691,Eiravati Bhardwaj,31,F,A4
24046,9692,Abdul Bhatt,29,M,A1
24047,9693,Nicholas Mitter,20,M,A1
24048,9693,Vrinda Sagar,28,F,A2
24049,9693,Vrinda Goyal,18,F,A3
24050,9694,Nihal Kashyap,27,M,A1
24051,9695,William Kashyap,34,M,A1
24052,9695,Ayaan Saha,34,M,A2
24053,9695,Daksh Karan,35,M,A3
24054,9696,Laban Khalsa,28,M,A1
24055,9696,Tarak Goda,34,M,A2
24056,9697,Harish Master,40,M,A1
24057,9697,Gaurang Wable,19,M,A2
24058,9698,Charan Seth,27,M,A1
24059,9698,Omya Toor,29,F,A2
24060,9698,Guneet Shenoy,44,M,A3
24061,9699,Oscar More,40,M,A1
24062,9699,Saksham Narayan,42,M,A2
24063,9700,Farhan Sarkar,29,M,A1
24064,9700,Mohammed Basu,31,M,A2
24065,9700,Nidra Nair,28,F,A3
24066,9700,Vihaan Mallick,36,M,A4
24067,9701,Arin Kar,36,M,A1
24068,9701,Ekavir Johal,29,M,A2
24069,9702,Advaith Jayaraman,33,M,A1
24070,9702,Christopher Narayanan,38,M,A2
24071,9702,Aarush Tata,22,M,A3
24072,9703,Onkar Kumer,37,M,A1
24073,9703,Kabir Sule,44,M,A2
24074,9703,Vedant Chatterjee,36,M,A3
24075,9703,Thomas Kulkarni,44,M,A4
24076,9704,Wridesh Ganesan,23,M,A1
24077,9705,Rishi Singh,22,M,A1
24078,9705,Amol Goel,24,M,A2
24079,9706,Timothy Talwar,41,M,A1
24080,9707,Ojas Bansal,40,M,A1
24081,9707,Dev Purohit,36,M,A2
24082,9708,Upkaar Singhal,42,M,A1
24083,9708,Sathvik Sood,42,M,A2
24084,9708,Balvan Vaidya,43,M,A3
24085,9708,Rishi Bera,48,M,A4
24086,9709,Samarth Gade,34,M,A1
24087,9709,Zehaan Sankaran,46,M,A2
24088,9709,Rushil Choudhry,36,M,A3
24089,9709,Janani Majumdar,31,F,A4
24090,9710,Vivaan Baral,27,M,A1
24091,9710,Jason Balay,47,M,A2
24092,9711,Ijaya Jayaraman,19,F,A1
24093,9711,George Tella,38,M,A2
24094,9712,Niharika Magar,38,F,A1
24095,9712,Atharv Bhatnagar,47,M,A2
24096,9712,Chanchal Biswas,34,F,A3
24097,9712,Nikita Saraf,26,F,A4
24098,9713,Ranveer Verma,25,M,A1
24099,9713,Aayush Chokshi,29,M,A2
24100,9714,Abhimanyu Bakshi,43,M,A1
24101,9714,Gabriel Garg,32,M,A2
24102,9714,Chaitanya Edwin,44,M,A3
24103,9714,Jacob Sinha,47,M,A4
24104,9715,Samesh Kata,18,M,A1
24105,9715,Hitesh Yogi,30,M,A2
24106,9715,Madhav Lad,39,M,A3
24107,9715,Ishwar Varkey,36,M,A4
24108,9716,Udarsh Brar,42,M,A1
24109,9716,Onkar Ravi,25,M,A2
24110,9717,Nathan Toor,41,M,A1
24111,9717,Elijah Mani,36,M,A2
24112,9718,Logan Sastry,40,M,A1
24113,9719,Udarsh Bhargava,25,M,A1
24114,9719,Yatin Ravel,27,M,A2
24115,9719,Matthew Sethi,25,M,A3
24116,9719,Gabriel Sachdeva,48,M,A4
24117,9720,Shravya Som,34,F,A1
24118,9720,Vincent Mammen,44,M,A2
24119,9720,Nihal Gole,25,M,A3
24120,9721,Gagan More,44,M,A1
24121,9721,Avi Mand,42,M,A2
24122,9721,Yashvi Nazareth,34,F,A3
24123,9722,Vanya Vala,31,F,A1
24124,9723,Hemani Thakkar,35,F,A1
24125,9723,Rushil Parekh,42,M,A2
24126,9723,Oscar Handa,39,M,A3
24127,9724,Darsh Lal,48,M,A1
24128,9724,Chandresh Sehgal,44,M,A2
24129,9724,Manbir Hans,32,M,A3
24130,9725,Yuvraj Magar,45,M,A1
24131,9725,Gabriel Das,31,M,A2
24132,9726,Vivaan Raja,34,M,A1
24133,9726,Warinder Yogi,26,M,A2
24134,9726,Omaja Jayaraman,25,F,A3
24135,9727,Rachana Chaudhuri,32,F,A1
24136,9727,Utkarsh Sarraf,19,M,A2
24137,9727,Wazir Pai,44,M,A3
24138,9728,Aachal Pillai,23,F,A1
24139,9728,Gavin Saran,30,M,A2
24140,9729,Megha Munshi,40,F,A1
24141,9729,Dalbir Sanghvi,48,M,A2
24142,9729,Jack Lall,36,M,A3
24143,9730,Qasim Oza,35,M,A1
24144,9731,Azaan Vohra,23,M,A1
24145,9731,Ojas Sura,45,M,A2
24146,9731,Ishaan Raj,18,M,A3
24147,9732,Harish Mander,28,M,A1
24148,9732,Gautam Ahluwalia,44,M,A2
24149,9732,Ethan Samra,46,M,A3
24150,9732,Chatresh Oommen,38,M,A4
24151,9733,Alexander Bobal,26,M,A1
24152,9733,Qarin Chokshi,24,M,A2
24153,9734,Michael Setty,23,M,A1
24154,9734,Chandresh Pingle,26,M,A2
24155,9734,Samar Mand,27,M,A3
24156,9735,Oscar Mangal,40,M,A1
24157,9736,Gavin Munshi,22,M,A1
24158,9736,Logan Chada,23,M,A2
24159,9736,Sarthak Bhalla,37,M,A3
24160,9736,Joshua Pau,34,M,A4
24161,9737,Lipika Agarwal,35,F,A1
24162,9737,Agastya Patla,26,M,A2
24163,9737,Ryan Borah,18,M,A3
24164,9737,Shaurya Pall,20,M,A4
24165,9738,Jagdish Purohit,44,M,A1
24166,9739,Shaurya Mannan,38,M,A1
24167,9740,Samesh Baria,24,M,A1
24168,9740,Kamya Parmar,34,F,A2
24169,9740,Gunbir Manne,23,M,A3
24170,9741,Yadavi Radhakrishnan,39,F,A1
24171,9741,Qadim Pingle,32,M,A2
24172,9742,Alka Kuruvilla,46,F,A1
24173,9743,Kai Morar,37,M,A1
24174,9743,Girish Mandal,26,M,A2
24175,9743,Utkarsh Choudhary,37,M,A3
24176,9744,Raagini Bhat,42,F,A1
24177,9744,Lavanya Bhatia,39,F,A2
24178,9744,Warhi Jha,23,F,A3
24179,9744,Mitesh Padmanabhan,32,M,A4
24180,9745,Udant Pant,38,M,A1
24181,9746,Qadim Muni,26,M,A1
24182,9746,Ranbir Narula,39,M,A2
24183,9746,Gunbir Prabhu,46,M,A3
24184,9747,Yug Karpe,40,M,A1
24185,9747,Shivansh Subramaniam,47,M,A2
24186,9748,Indrajit Keer,23,M,A1
24187,9748,Veer Sood,27,M,A2
24188,9748,Qadim Kota,40,M,A3
24189,9749,Kai Bobal,24,M,A1
24190,9749,Nihal Gulati,27,M,A2
24191,9749,Pahal Sathe,36,F,A3
24192,9750,Yash Palla,33,M,A1
24193,9751,Henry Wagle,37,M,A1
24194,9752,Ethan Bhavsar,29,M,A1
24195,9753,Abdul Vala,32,M,A1
24196,9753,Garima Ramesh,20,F,A2
24197,9754,Fitan Nadkarni,41,M,A1
24198,9754,Harrison Ramaswamy,32,M,A2
24199,9754,Quincy Lata,24,M,A3
24200,9755,Umang Panchal,31,M,A1
24201,9756,Reyansh Cheema,28,M,A1
24202,9756,Yagnesh Gupta,28,M,A2
24203,9756,Dev Pradhan,35,M,A3
24204,9757,Sarthak Rajagopal,34,M,A1
24205,9757,Tarak Zachariah,38,M,A2
24206,9757,Peter Shetty,20,M,A3
24207,9757,Arjun Mani,47,M,A4
24208,9758,Gabriel Bhalla,28,M,A1
24209,9758,Vincent Raghavan,22,M,A2
24210,9758,Aarna Subramaniam,24,F,A3
24211,9759,Dev Kata,39,M,A1
24212,9759,Baljiwan Dugar,24,M,A2
24213,9759,Ryan Agrawal,36,M,A3
24214,9760,Samarth Kota,46,M,A1
24215,9760,Indrajit Dutt,44,M,A2
24216,9761,Timothy Rai,33,M,A1
24217,9761,Ekiya Kala,39,F,A2
24218,9762,Ryan Rao,29,M,A1
24219,9762,Damyanti Kurian,23,F,A2
24220,9763,Raghav Dugar,22,M,A1
24221,9763,Laksh Rastogi,41,M,A2
24222,9763,Oliver Rege,31,M,A3
24223,9763,Upkaar Narula,40,M,A4
24224,9764,David Bhattacharyya,25,M,A1
24225,9764,Omkaar Wadhwa,36,M,A2
24226,9765,Dev Shroff,37,M,A1
24227,9766,George Ravi,32,M,A1
24228,9766,Pranit Keer,20,M,A2
24229,9766,Jai Borde,24,M,A3
24230,9766,Rehaan Choudhry,22,M,A4
24231,9767,Zayyan Purohit,29,M,A1
24232,9767,Vaishnavi Bera,39,F,A2
24233,9768,Eiravati Mohan,29,F,A1
24234,9768,Zayyan Chhabra,30,M,A2
24235,9768,Azad Arora,38,M,A3
24236,9768,Ansh Ganesan,24,M,A4
24237,9769,Gautam Palla,45,M,A1
24238,9769,Avi Ramachandran,33,M,A2
24239,9769,Azaan Bail,23,M,A3
24240,9769,Saksham Rama,46,M,A4
24241,9770,Banjeet Murthy,24,M,A1
24242,9770,Aarav Vaidya,47,M,A2
24243,9770,Daniel Konda,26,M,A3
24244,9770,Chandresh Baria,44,M,A4
24245,9771,Abhiram Subramaniam,37,M,A1
24246,9771,Kabir Edwin,39,M,A2
24247,9771,Theodore Puri,33,M,A3
24248,9772,Jeremiah Mitter,28,M,A1
24249,9772,Siddharth Char,31,M,A2
24250,9773,Tanveer Sachar,30,M,A1
24251,9773,Vedant Ratta,39,M,A2
24252,9773,Shaurya Narayanan,32,M,A3
24253,9774,Teerth Gaba,44,M,A1
24254,9774,Tanish Divan,30,M,A2
24255,9775,Thomas Mannan,26,M,A1
24256,9775,Owen Badal,43,M,A2
24257,9776,Tarak Natt,30,M,A1
24258,9777,Jagdish Dyal,46,M,A1
24259,9777,Jagat Ramesh,41,M,A2
24260,9777,Chandresh Pai,43,M,A3
24261,9777,Atharv Raghavan,28,M,A4
24262,9778,Garima Rajan,40,F,A1
24263,9779,Akshay Ganesh,44,M,A1
24264,9779,Lucky Savant,45,M,A2
24265,9780,Dhriti Chakrabarti,23,F,A1
24266,9780,Mohammed Brahmbhatt,32,M,A2
24267,9781,Xavier Bawa,37,M,A1
24268,9781,Kai Gera,35,M,A2
24269,9781,Teerth Khurana,43,M,A3
24270,9782,Advaith Mandal,29,M,A1
24271,9783,Nathaniel Tailor,18,M,A1
24272,9783,Hemang Kakar,34,M,A2
24273,9784,Fariq Kara,26,M,A1
24274,9784,Balvan Mittal,20,M,A2
24275,9785,Triya Palla,20,F,A1
24276,9785,Diya Bansal,20,F,A2
24277,9785,Pranav Mann,28,M,A3
24278,9785,Rishi Khatri,47,M,A4
24279,9786,Aarini Sinha,44,F,A1
24280,9786,Jalsa Lal,44,F,A2
24281,9786,Nathaniel Natt,37,M,A3
24282,9787,Gunbir Edwin,45,M,A1
24283,9787,Qarin Pant,41,M,A2
24284,9787,Om Wason,27,M,A3
24285,9787,Tejas Bhavsar,34,M,A4
24286,9788,Yuvraj Deshpande,25,M,A1
24287,9789,Anika Suri,21,F,A1
24288,9790,Dhriti Narayanan,32,F,A1
24289,9791,Laban Edwin,34,M,A1
24290,9791,Tejas Bandi,42,M,A2
24291,9792,Forum Issac,38,F,A1
24292,9792,Wriddhish Rai,45,M,A2
24293,9792,Darsh Varma,22,M,A3
24294,9792,Ucchal Devan,40,F,A4
24295,9793,Saksham Barad,40,M,A1
24296,9793,Ansh Pal,36,M,A2
24297,9793,Darsh Sur,41,M,A3
24298,9793,Abdul Sawhney,38,M,A4
24299,9794,Anika Koshy,35,F,A1
24300,9795,Aayush Lad,42,M,A1
24301,9795,Advaith Raval,35,M,A2
24302,9795,Caleb Pradhan,28,M,A3
24303,9795,Xavier Chaudry,41,M,A4
24304,9796,Chaitanya Dugar,26,M,A1
24305,9797,Chakradev Natarajan,27,M,A1
24306,9797,Yuvraj Rout,35,M,A2
24307,9798,Fitan Bose,24,M,A1
24308,9799,Charles Rao,31,M,A1
24309,9800,Anay Hayer,23,M,A1
24310,9800,Yahvi Naik,34,F,A2
24311,9801,Ekansh Mittal,42,M,A1
24312,9801,Jonathan Lata,20,M,A2
24313,9802,Abha Krishnamurthy,28,F,A1
24314,9803,Balendra Seshadri,36,M,A1
24315,9803,Om Sur,28,M,A2
24316,9803,Nakul Bose,39,M,A3
24317,9803,Chanakya Pall,46,M,A4
24318,9804,Dayamai Talwar,19,F,A1
24319,9805,Udant Suresh,20,M,A1
24320,9805,Chandran Misra,43,M,A2
24321,9805,Lohit Varkey,36,M,A3
24322,9805,Darpan Prasad,41,M,A4
24323,9806,Quincy Sen,40,M,A1
24324,9806,Joshua Pau,34,M,A2
24325,9806,Robert Dada,19,M,A3
24326,9806,Tejas Sood,34,M,A4
24327,9807,Victor Bath,40,M,A1
24328,9808,Udarsh Behl,39,M,A1
24329,9808,Benjamin Chander,35,M,A2
24330,9808,Ranbir Deshpande,21,M,A3
24331,9808,Frado Bal,29,M,A4
24332,9809,Qarin Soman,45,M,A1
24333,9810,Banjeet Gill,44,M,A1
24334,9810,Baljiwan Barad,43,M,A2
24335,9810,Karan Sawhney,21,M,A3
24336,9811,Nachiket Merchant,39,M,A1
24337,9811,Wridesh Comar,34,M,A2
24338,9812,Hitesh Kala,42,M,A1
24339,9812,Max Borah,21,M,A2
24340,9812,Nihal Palla,22,M,A3
24341,9812,Jonathan Sagar,27,M,A4
24342,9813,Sarthak Khare,21,M,A1
24343,9813,Vedant Verma,26,M,A2
24344,9813,Udant Subramanian,25,M,A3
24345,9813,Om Batra,31,M,A4
24346,9814,Janaki Shah,25,F,A1
24347,9815,Darpan Bath,45,M,A1
24348,9816,Kiaan Karpe,44,M,A1
24349,9817,Mahika More,22,F,A1
24350,9817,Banjeet Gill,43,M,A2
24351,9818,Radha Ganguly,46,F,A1
24352,9818,Vasana Bajaj,25,F,A2
24353,9818,Ekansh Sachar,37,M,A3
24354,9818,Darsh Kaul,21,M,A4
24355,9819,Manthan Lanka,37,M,A1
24356,9819,Hardik Mitter,38,M,A2
24357,9819,Patrick Agate,34,M,A3
24358,9820,Hemani Ravel,42,F,A1
24359,9820,Falan Patel,38,M,A2
24360,9821,Jhalak Narayanan,31,F,A1
24361,9822,Ishaan Palan,18,M,A1
24362,9822,Hredhaan Narayan,31,M,A2
24363,9822,Nirja Balakrishnan,29,F,A3
24364,9823,Simon Bali,30,M,A1
24365,9824,Alexander Panchal,30,M,A1
24366,9824,Charles Jayaraman,36,M,A2
24367,9824,Tanish Khosla,40,M,A3
24368,9824,Pranav Tandon,23,M,A4
24369,9825,Girish Nagarajan,36,M,A1
24370,9825,Benjamin Kumer,24,M,A2
24371,9825,Yatin Sarna,19,M,A3
24372,9826,Pratyush Toor,29,M,A1
24373,9827,Kalpit Padmanabhan,20,M,A1
24374,9828,Indrajit Char,31,M,A1
24375,9829,Chatura Jain,43,M,A1
24376,9830,Aarna Dugar,29,F,A1
24377,9830,Manthan Grover,28,M,A2
24378,9830,Ekbal Aggarwal,35,M,A3
24379,9831,Yug Merchant,44,M,A1
24380,9831,Samar Dewan,42,M,A2
24381,9831,Neel Shere,44,M,A3
24382,9831,Krishna Bhattacharyya,19,M,A4
24383,9832,Anirudh Ahuja,26,M,A1
24384,9832,Maanav Hans,41,M,A2
24385,9832,Isha Sharma,24,F,A3
24386,9833,Fiyaz Mand,37,M,A1
24387,9834,Nathaniel Bakshi,45,M,A1
24388,9834,Harish Date,33,M,A2
24389,9834,Vincent Date,39,M,A3
24390,9834,Pranav Natt,29,M,A4
24391,9835,Peter Gour,45,M,A1
24392,9835,Kabir Bhagat,32,M,A2
24393,9836,Jonathan Seth,28,M,A1
24394,9836,Osha Wable,28,F,A2
24395,9837,Amol Chanda,46,M,A1
24396,9837,Yasti Mander,42,F,A2
24397,9838,Nathan Loyal,42,M,A1
24398,9838,Frederick Mall,36,M,A2
24399,9838,Bahadurjit Maharaj,44,M,A3
24400,9838,Liam Mitra,31,M,A4
24401,9839,Balvan Jani,30,M,A1
24402,9839,Naveen Agarwal,31,M,A2
24403,9839,Ekaraj Sengupta,41,M,A3
24404,9840,Pranav Wable,29,M,A1
24405,9840,Onveer Sankaran,41,M,A2
24406,9840,Oviya Panchal,32,F,A3
24407,9840,Aadi Khare,30,M,A4
24408,9841,Luke Som,19,M,A1
24409,9841,Zaid Kumer,21,M,A2
24410,9841,Onveer Sahni,22,M,A3
24411,9841,Rehaan Sathe,45,M,A4
24412,9842,Teerth Rana,44,M,A1
24413,9843,Arin Roy,42,M,A1
24414,9844,Gayathri Kannan,45,F,A1
24415,9844,Noah Sahota,37,M,A2
24416,9845,Noah Pandit,26,M,A1
24417,9846,Praneel Boase,30,M,A1
24418,9847,Ekapad Varty,34,M,A1
24419,9848,Akshay Maharaj,42,M,A1
24420,9848,Nakul Chada,18,M,A2
24421,9848,Ojas Deshmukh,27,M,A3
24422,9849,Ansh Kashyap,31,M,A1
24423,9849,Dominic Kibe,26,M,A2
24424,9849,Bhanumati Ray,36,F,A3
24425,9850,Aarush Krishnan,34,M,A1
24426,9850,Aarnav Andra,24,M,A2
24427,9850,Bachittar Dave,36,M,A3
24428,9850,George Tripathi,30,M,A4
24429,9851,Samesh Rau,41,M,A1
24430,9851,Gopal Yogi,34,M,A2
24431,9851,Zarna Suri,45,F,A3
24432,9851,Dominic Comar,22,M,A4
24433,9852,Manthan Ahuja,29,M,A1
24434,9852,Gautam Rama,43,M,A2
24435,9853,Naksh Pradhan,22,M,A1
24436,9853,Chandran Deshpande,42,M,A2
24437,9853,Simon Goda,39,M,A3
24438,9854,Jagat Madan,37,M,A1
24439,9855,Azad Babu,19,M,A1
24440,9855,Yuvraj Shenoy,20,M,A2
24441,9855,Max Chokshi,39,M,A3
24442,9855,Quincy Mallick,20,M,A4
24443,9856,Upkaar Deshpande,36,M,A1
24444,9856,Krishna Badal,27,M,A2
24445,9856,William Mohan,41,M,A3
24446,9857,Jason Goyal,21,M,A1
24447,9857,Nicholas Brahmbhatt,32,M,A2
24448,9857,Shivansh Gara,26,M,A3
24449,9858,Jatin Rajagopal,42,M,A1
24450,9858,Karan Munshi,22,M,A2
24451,9859,Yatin Purohit,29,M,A1
24452,9859,Chatresh Morar,40,M,A2
24453,9859,Sai Apte,27,M,A3
24454,9859,Viraj Keer,28,M,A4
24455,9860,Kiaan Grewal,28,M,A1
24456,9860,Girish Pant,41,M,A2
24457,9860,Fariq Chatterjee,42,M,A3
24458,9860,Dipta Dar,23,F,A4
24459,9861,Ikbal Bail,31,M,A1
24460,9861,Teerth Lanka,40,M,A2
24461,9861,Akshay Kale,25,M,A3
24462,9862,Banjeet Lad,28,M,A1
24463,9862,Ethan Dave,27,M,A2
24464,9862,Samaksh Vaidya,28,M,A3
24465,9862,Dhruv Dhar,40,M,A4
24466,9863,Balveer Kamdar,25,M,A1
24467,9864,Aarav Wable,33,M,A1
24468,9864,Victor Gola,41,M,A2
24469,9865,Falguni Ramesh,23,F,A1
24470,9865,Vamakshi Talwar,43,F,A2
24471,9865,Yug Sani,38,M,A3
24472,9865,Jatin Venkataraman,43,M,A4
24473,9866,Ayushman Karnik,26,M,A1
24474,9867,Tejas Goyal,38,M,A1
24475,9867,Alexander Ramachandran,48,M,A2
24476,9867,Ayaan Bajaj,37,M,A3
24477,9868,Andrew Tara,40,M,A1
24478,9869,Ronith Walla,31,M,A1
24479,9869,Unni Kalla,46,F,A2
24480,9870,Samar Padmanabhan,36,M,A1
24481,9870,Ishwar Peri,29,M,A2
24482,9870,Krishna Gokhale,26,M,A3
24483,9871,Anthony Keer,27,M,A1
24484,9872,Nakul Narayan,35,M,A1
24485,9872,Isaac Talwar,37,M,A2
24486,9872,Gaurav Shah,29,M,A3
24487,9873,Ekalinga Ganesan,34,M,A1
24488,9873,Dominic Roy,31,M,A2
24489,9873,Udarsh Peri,42,M,A3
24490,9874,Kashvi Mohan,44,F,A1
24491,9874,Anjali Boase,23,F,A2
24492,9874,Balendra Kalita,48,M,A3
24493,9875,Hemani Varghese,47,F,A1
24494,9875,Girindra Muni,38,M,A2
24495,9875,Ojas Dasgupta,25,M,A3
24496,9876,Yug Kakar,25,M,A1
24497,9876,Yatan Maharaj,31,M,A2
24498,9877,Rehaan Radhakrishnan,28,M,A1
24499,9877,Qabil Reddy,34,M,A2
24500,9877,George Pathak,26,M,A3
24501,9878,Ishaan Hari,36,M,A1
24502,9878,Raghav Palan,47,M,A2
24503,9879,Lopa Pillay,35,F,A1
24504,9879,Girik Apte,42,M,A2
24505,9879,Chanakya Bajaj,22,M,A3
24506,9879,Mitali Dalal,24,F,A4
24507,9880,Vedant Karpe,42,M,A1
24508,9880,Hritik Karnik,42,M,A2
24509,9881,Jatin Dara,35,M,A1
24510,9882,Champak Chowdhury,32,M,A1
24511,9882,Mohammed Ben,25,M,A2
24512,9882,Vinaya Borah,28,F,A3
24513,9883,Thomas Patla,32,M,A1
24514,9884,Janani Gokhale,39,F,A1
24515,9884,Ishita Dara,29,F,A2
24516,9884,Matthew Kara,32,M,A3
24517,9885,Theodore Minhas,36,M,A1
24518,9885,Theodore Chad,22,M,A2
24519,9885,Peter Sahni,20,M,A3
24520,9886,Gunbir Bobal,37,M,A1
24521,9887,Oni Chakrabarti,39,F,A1
24522,9887,Caleb Pai,25,M,A2
24523,9887,Thomas Patla,30,M,A3
24524,9887,Ucchal Badal,22,F,A4
24525,9888,Rushil Rattan,25,M,A1
24526,9888,Manya Mitra,25,F,A2
24527,9888,Alka Nadkarni,21,F,A3
24528,9889,Advay Kade,27,M,A1
24529,9890,Kevin Badal,35,M,A1
24530,9890,Anthony Menon,39,M,A2
24531,9890,Onkar Baria,39,M,A3
24532,9891,Akshay Chakraborty,36,M,A1
24533,9891,Gaurav Kalita,42,M,A2
24534,9891,Lakshmi Sunder,34,F,A3
24535,9892,Prisha Kari,31,F,A1
24536,9892,Siddharth Parekh,31,M,A2
24537,9892,Qadim Jhaveri,38,M,A3
24538,9893,Dakshesh Saran,31,M,A1
24539,9894,Azad Madan,27,M,A1
24540,9895,Aarush Acharya,28,M,A1
24541,9895,Chandran Buch,32,M,A2
24542,9896,Utkarsh Kalita,37,M,A1
24543,9896,Neel Baria,39,M,A2
24544,9896,Faris Bath,44,M,A3
24545,9897,Advay Singhal,40,M,A1
24546,9898,Saanvi Pillai,36,F,A1
24547,9898,Falan Goswami,29,M,A2
24548,9898,Bina Chowdhury,22,F,A3
24549,9899,Aarnav Tella,36,M,A1
24550,9899,Ayaan Gour,26,M,A2
24551,9900,Aarush Sha,27,M,A1
24552,9900,Lohit Munshi,38,M,A2
24553,9900,George Rajan,34,M,A3
24554,9900,Karan Khurana,29,M,A4
24555,9901,Michael Behl,28,M,A1
24556,9902,Samuel Dar,24,M,A1
24557,9902,Jatin Mitter,41,M,A2
24558,9902,Veer Biswas,27,M,A3
24559,9902,Zehaan Mandal,21,M,A4
24560,9903,Jack Sahota,42,M,A1
24561,9904,Qarin Subramaniam,33,M,A1
24562,9905,Manan Bandi,42,M,A1
24563,9905,Thomas Bhargava,38,M,A2
24564,9905,Faraj Prasad,30,M,A3
24565,9906,Veer Rattan,30,M,A1
24566,9906,Raghav Pall,27,M,A2
24567,9907,Ishaan Bhattacharyya,44,M,A1
24568,9908,Naksh Hayre,22,M,A1
24569,9908,William Dixit,43,M,A2
24570,9908,Amruta Pradhan,40,F,A3
24571,9909,Zashil Tak,25,M,A1
24572,9909,Omya Banik,33,F,A2
24573,9909,Samarth Rao,47,M,A3
24574,9909,Liam Pradhan,40,M,A4
24575,9910,Henry Sundaram,34,M,A1
24576,9910,Ekapad Tak,31,M,A2
24577,9910,Raksha Chacko,41,F,A3
24578,9911,Kalpit Bhagat,19,M,A1
24579,9912,Harish Ratti,23,M,A1
24580,9912,Sarthak Dara,29,M,A2
24581,9913,Dev Char,22,M,A1
24582,9913,Balhaar Prabhu,46,M,A2
24583,9913,Christopher Mukherjee,31,M,A3
24584,9914,Oviya Narayan,41,F,A1
24585,9914,Dev Aggarwal,44,M,A2
24586,9914,Charan Kant,42,M,A3
24587,9915,Ishaan Chaudhry,44,M,A1
24588,9915,Gagan Bhasin,29,M,A2
24589,9915,Yahvi Anne,42,F,A3
24590,9915,Yatan Pingle,44,M,A4
24591,9916,Advay Mand,25,M,A1
24592,9916,Isaiah Karnik,37,M,A2
24593,9916,Charita Dhaliwal,37,F,A3
24594,9916,Gaurang Chacko,44,M,A4
24595,9917,Fitan Dar,38,M,A1
24596,9917,Samesh Garg,25,M,A2
24597,9918,Gaurangi Krishna,30,F,A1
24598,9918,Triya Kale,42,F,A2
24599,9918,Urvashi Warrior,43,F,A3
24600,9919,Shivani Iyengar,24,F,A1
24601,9919,Lakshit Nagar,26,M,A2
24602,9919,Tanay Cheema,36,M,A3
24603,9919,Praneel Acharya,30,M,A4
24604,9920,Devansh Rana,34,M,A1
24605,9920,Isaac Purohit,41,M,A2
24606,9920,Imaran Sahota,21,M,A3
24607,9920,Nathaniel Nadig,28,M,A4
24608,9921,Tanish Johal,21,M,A1
24609,9922,Jeet Bal,33,M,A1
24610,9922,Nicholas Bhandari,30,M,A2
24611,9923,Veer Pillai,46,M,A1
24612,9923,Abhiram Sibal,35,M,A2
24613,9924,Shivansh Bath,28,M,A1
24614,9925,Aayush Mistry,32,M,A1
24615,9925,Frederick Sanghvi,21,M,A2
24616,9925,Pranav Sunder,18,M,A3
24617,9925,Tanay Balasubramanian,34,M,A4
24618,9926,Harrison Seshadri,22,M,A1
24619,9926,Parth Vaidya,34,M,A2
24620,9927,Shaurya Mitter,32,M,A1
24621,9928,Nachiket Goel,40,M,A1
24622,9929,Kevin Kata,45,M,A1
24623,9930,Zayyan Datta,41,M,A1
24624,9930,Aarush Dani,37,M,A2
24625,9930,Ekiya Prabhakar,36,F,A3
24626,9931,Advaith Dora,29,M,A1
24627,9931,Kevin Kata,22,M,A2
24628,9931,Aarush Banik,32,M,A3
24629,9931,Balveer Sura,44,M,A4
24630,9932,Tanish Pathak,34,M,A1
24631,9933,Ansh Oza,19,M,A1
24632,9933,Christopher Bal,37,M,A2
24633,9933,Nimrat Nagar,31,F,A3
24634,9933,Edhitha Buch,19,F,A4
24635,9934,Isaac Misra,30,M,A1
24636,9934,Falan Loyal,24,M,A2
24637,9934,Kalpit Dhawan,33,M,A3
24638,9934,Gauri Chaudhari,21,F,A4
24639,9935,Karan Tak,40,M,A1
24640,9935,Falan Prabhakar,38,M,A2
24641,9936,Zaid Mall,46,M,A1
24642,9936,Gavin Padmanabhan,34,M,A2
24643,9936,Udarsh Sabharwal,35,M,A3
24644,9937,Nitesh Parekh,23,M,A1
24645,9937,Vidhi Sama,43,F,A2
24646,9938,Oscar Bakshi,19,M,A1
24647,9939,Daksh Chana,20,M,A1
24648,9939,Girik Merchant,35,M,A2
24649,9939,Harish Sem,18,M,A3
24650,9939,Faraj Magar,44,M,A4
24651,9940,Azaan Dixit,43,M,A1
24652,9940,Pranav Samra,35,M,A2
24653,9940,Yug Dugar,25,M,A3
24654,9940,Balendra Grewal,40,M,A4
24655,9941,Yuvraj Sankaran,26,M,A1
24656,9942,Praneel Bera,28,M,A1
24657,9942,Lipika Sharma,35,F,A2
24658,9943,Anmol Kar,38,M,A1
24659,9943,Aachal Oak,25,F,A2
24660,9944,Urmi Wali,25,F,A1
24661,9944,Yachana Batra,38,F,A2
24662,9944,Rushil Prabhakar,43,M,A3
24663,9945,Gauri Sami,36,F,A1
24664,9945,Harshil Ramachandran,29,M,A2
24665,9945,Michael Sinha,26,M,A3
24666,9945,Pratyush Nair,34,M,A4
24667,9946,Joshua Dass,27,M,A1
24668,9946,Aditya Konda,42,M,A2
24669,9946,Ekansh Yadav,35,M,A3
24670,9947,Samuel Garde,27,M,A1
24671,9947,Yatin Raja,44,M,A2
24672,9947,Bahadurjit Sastry,29,M,A3
24673,9947,Luke Hayre,35,M,A4
24674,9948,Chakradhar Sinha,47,M,A1
24675,9948,Max Singhal,35,M,A2
24676,9949,Janya Dayal,20,F,A1
24677,9949,Gautam Oommen,31,M,A2
24678,9950,Bishakha More,21,F,A1
24679,9950,Girindra Mani,40,M,A2
24680,9951,Jairaj Lanka,28,M,A1
24681,9951,Wriddhish Khare,25,M,A2
24682,9952,Falan Sane,28,M,A1
24683,9952,Elijah Zacharia,31,M,A2
24684,9952,Ryan Dhingra,21,M,A3
24685,9952,Amol Korpal,20,M,A4
24686,9953,Lakshit Handa,39,M,A1
24687,9953,Michael Arora,20,M,A2
24688,9954,Yug Prashad,38,M,A1
24689,9954,Siddharth Rau,28,M,A2
24690,9954,Neel Master,21,M,A3
24691,9954,Charan Khanna,30,M,A4
24692,9955,Mekhala Tandon,33,F,A1
24693,9955,Ekalinga Karan,42,M,A2
24694,9955,Krish Chakraborty,48,M,A3
24695,9955,Girindra Nigam,33,M,A4
24696,9956,Warjas Gupta,38,M,A1
24697,9957,Gopal De,34,M,A1
24698,9957,Nikita Morar,32,F,A2
24699,9958,Naveen Handa,42,M,A1
24700,9958,Elijah Gole,40,M,A2
24701,9959,Balvan Nadig,35,M,A1
24702,9959,Vihaan Bhardwaj,24,M,A2
24703,9959,Aditya Virk,42,M,A3
24704,9960,Maanas Baria,22,M,A1
24705,9960,Finn Sama,29,M,A2
24706,9960,Anirudh Kale,27,M,A3
24707,9960,Daksh Edwin,22,M,A4
24708,9961,Robert Naik,23,M,A1
24709,9961,Isaac Chandra,40,M,A2
24710,9961,Gabriel Naidu,39,M,A3
24711,9961,Farhan Chaudhry,42,M,A4
24712,9962,Bachittar Sunder,33,M,A1
24713,9962,Samar Varghese,31,M,A2
24714,9962,Ayushman Khurana,22,M,A3
24715,9962,Reyansh Barad,34,M,A4
24716,9963,Ayaan Walla,21,M,A1
24717,9963,Nachiket Singh,41,M,A2
24718,9963,Girik Savant,38,M,A3
24719,9963,Mitali Doctor,25,F,A4
24720,9964,Jagdish Dar,44,M,A1
24721,9964,Wridesh Walla,41,M,A2
24722,9964,Aarav Bhat,33,M,A3
24723,9965,Michael Zachariah,28,M,A1
24724,9965,Yuvraj Varma,42,M,A2
24725,9965,Rachita Oak,22,F,A3
24726,9965,Theodore Suresh,38,M,A4
24727,9966,Chandani Gour,22,F,A1
24728,9966,Yatin Brahmbhatt,20,M,A2
24729,9966,Niharika Prabhu,44,F,A3
24730,9967,Zayan Doctor,24,M,A1
24731,9967,Manan Sane,23,M,A2
24732,9967,Utkarsh Keer,26,M,A3
24733,9967,Aarini Lalla,31,F,A4
24734,9968,Falan Shenoy,25,M,A1
24735,9968,Rohan Desai,43,M,A2
24736,9969,Nitara Ahuja,31,F,A1
24737,9969,Patrick Ahluwalia,30,M,A2
24738,9970,Hemani Sant,37,F,A1
24739,9971,Logan Dash,45,M,A1
24740,9971,Faqid Chahal,32,M,A2
24741,9972,Noah Char,27,M,A1
24742,9972,Chakradhar Dutta,26,M,A2
24743,9973,Wahab Krishnamurthy,35,M,A1
24744,9973,Wazir Uppal,41,M,A2
24745,9973,Nathaniel Chawla,23,M,A3
24746,9974,Gautam Behl,31,M,A1
24747,9974,Nathaniel Trivedi,31,M,A2
24748,9974,Manthan Talwar,39,M,A3
24749,9975,Aditya Raghavan,32,M,A1
24750,9975,Rishi Arora,33,M,A2
24751,9976,Rachit Vaidya,27,M,A1
24752,9977,Vasana Madan,45,F,A1
24753,9978,Chandran Padmanabhan,26,M,A1
24754,9978,Dipta Ram,36,F,A2
24755,9978,Krishna Narayan,24,M,A3
24756,9979,Bachittar Mani,34,M,A1
24757,9979,Ryan Mody,44,M,A2
24758,9979,Jatin Kapoor,39,M,A3
24759,9980,Chandani Krish,33,F,A1
24760,9980,Samar Sood,46,M,A2
24761,9981,Charles Mohan,23,M,A1
24762,9981,Henry Loke,33,M,A2
24763,9981,Jhalak Khanna,26,F,A3
24764,9982,Simon Solanki,26,M,A1
24765,9982,Sai Prashad,25,M,A2
24766,9983,Frederick Chhabra,32,M,A1
24767,9983,Vihaan Vasa,19,M,A2
24768,9983,Harsh Deol,41,M,A3
24769,9983,Abha Mishra,31,F,A4
24770,9984,Ekapad Bir,41,M,A1
24771,9984,Siddharth Seshadri,41,M,A2
24772,9984,Jacob Sunder,47,M,A3
24773,9984,Laban Raju,23,M,A4
24774,9985,Aarav Divan,39,M,A1
24775,9985,Dalaja Raghavan,21,F,A2
24776,9985,Upkaar Edwin,45,M,A3
24777,9986,Wriddhish Bhalla,44,M,A1
24778,9986,Maanav Shan,24,M,A2
24779,9987,Jagat Modi,27,M,A1
24780,9988,Hredhaan Lanka,26,M,A1
24781,9988,Harish Kashyap,43,M,A2
24782,9988,Saksham Biswas,31,M,A3
24783,9989,Zansi Peri,39,F,A1
24784,9989,Brijesh Deshmukh,45,M,A2
24785,9989,Farhan Buch,22,M,A3
24786,9990,Kevin Chakraborty,23,M,A1
24787,9990,Chanakya Nanda,23,M,A2
24788,9991,Orinder Shenoy,24,M,A1
24789,9991,Kalpit Mukherjee,26,M,A2
24790,9992,Gaurang Parmer,37,M,A1
24791,9993,Ojas Sheth,42,M,A1
24792,9994,Rohan Palla,26,M,A1
24793,9995,Falan Krishnamurthy,27,M,A1
24794,9995,Charles Balasubramanian,34,M,A2
24795,9995,Lucky Dhillon,28,M,A3
24796,9996,Zehaan Shenoy,37,M,A1
24797,9996,Ayushman Subramanian,32,M,A2
24798,9997,Indira Dhaliwal,44,F,A1
24799,9997,Harrison Divan,40,M,A2
24800,9998,Benjamin Manne,35,M,A1
24801,9998,Jai Shroff,44,M,A2
24802,9999,Laban Dhawan,23,M,A1
24803,9999,Baljiwan Nadig,24,M,A2
24804,9999,Niharika Lata,26,F,A3
24805,10000,Timothy Mitter,34,M,A1
24806,10000,Vansha Brar,20,F,A2
