CaseMasterID,ActID,SectionID,ActOrderID,SectionOrderID
1,NDPS,20,1,1
2,IPC,354,1,1
2,IPC,411,1,2
3,POCSO,4,1,1
4,POCSO,4,1,1
4,POCSO,8,1,2
4,POCSO,6,1,3
5,IT,66C,1,1
5,IT,67,1,2
6,IT,66D,1,1
6,IT,66C,1,2
6,IT,67,1,3
7,MV,196,1,1
8,IT,66C,1,1
8,IT,66D,1,2
8,IT,67,1,3
9,IPC,120B,1,1
9,IPC,411,1,2
9,IPC,392,1,3
10,DP,4,1,1
11,DP,4,1,1
12,NDPS,8,1,1
12,NDPS,21,1,2
12,NDPS,22,1,3
13,DP,4,1,1
13,DP,3,1,2
14,MV,184,1,1
14,MV,177,1,2
15,NDPS,8,1,1
15,NDPS,20,1,2
15,NDPS,22,1,3
16,POCSO,4,1,1
17,MV,184,1,1
17,MV,196,1,2
18,MV,184,1,1
18,MV,196,1,2
19,NDPS,21,1,1
20,IPC,354,1,1
20,IPC,392,1,2
21,DP,3,1,1
22,POCSO,6,1,1
23,MV,177,1,1
23,MV,184,1,2
23,MV,196,1,3
24,MV,196,1,1
24,MV,177,1,2
25,IPC,34,1,1
25,IPC,392,1,2
26,DP,4,1,1
27,NDPS,8,1,1
27,NDPS,20,1,2
27,NDPS,21,1,3
28,IPC,376,1,1
29,MV,196,1,1
29,MV,184,1,2
30,IT,66D,1,1
30,IT,67,1,2
31,IT,67,1,1
31,IT,66D,1,2
32,IT,67,1,1
32,IT,66C,1,2
33,IT,67,1,1
34,IT,66D,1,1
34,IT,67,1,2
35,IPC,379,1,1
35,IPC,354,1,2
35,IPC,392,1,3
36,MV,177,1,1
36,MV,196,1,2
37,MV,184,1,1
37,MV,177,1,2
38,DP,4,1,1
38,DP,3,1,2
39,IPC,392,1,1
39,IPC,379,1,2
40,MV,196,1,1
40,MV,177,1,2
40,MV,184,1,3
41,IPC,376,1,1
42,IPC,379,1,1
43,IT,66C,1,1
43,IT,67,1,2
44,MV,184,1,1
44,MV,177,1,2
45,IPC,379,1,1
46,DP,3,1,1
46,DP,4,1,2
47,IT,66C,1,1
47,IT,67,1,2
48,IPC,34,1,1
49,MV,177,1,1
49,MV,196,1,2
50,POCSO,8,1,1
50,POCSO,6,1,2
50,POCSO,4,1,3
51,POCSO,4,1,1
51,POCSO,6,1,2
51,POCSO,8,1,3
52,POCSO,4,1,1
52,POCSO,6,1,2
53,IT,66D,1,1
53,IT,67,1,2
54,NDPS,8,1,1
54,NDPS,21,1,2
55,POCSO,6,1,1
56,DP,3,1,1
57,DP,3,1,1
58,POCSO,6,1,1
58,POCSO,4,1,2
58,POCSO,8,1,3
59,MV,196,1,1
60,NDPS,8,1,1
60,NDPS,20,1,2
60,NDPS,21,1,3
61,IPC,420,1,1
61,IPC,379,1,2
62,IPC,120B,1,1
63,DP,4,1,1
63,DP,3,1,2
64,MV,196,1,1
65,MV,196,1,1
66,DP,3,1,1
66,DP,4,1,2
67,IT,67,1,1
68,IT,66D,1,1
69,IPC,307,1,1
69,IPC,323,1,2
69,IPC,392,1,3
70,MV,177,1,1
70,MV,184,1,2
71,DP,3,1,1
71,DP,4,1,2
72,NDPS,21,1,1
72,NDPS,20,1,2
72,NDPS,8,1,3
73,NDPS,8,1,1
74,IT,66D,1,1
75,MV,184,1,1
75,MV,196,1,2
75,MV,177,1,3
76,DP,3,1,1
77,IPC,379,1,1
78,DP,4,1,1
78,DP,3,1,2
79,DP,3,1,1
79,DP,4,1,2
80,IT,66D,1,1
80,IT,66C,1,2
81,DP,3,1,1
81,DP,4,1,2
82,NDPS,8,1,1
82,NDPS,21,1,2
83,IPC,120B,1,1
83,IPC,411,1,2
84,POCSO,8,1,1
84,POCSO,4,1,2
84,POCSO,6,1,3
85,IT,66D,1,1
85,IT,67,1,2
85,IT,66C,1,3
86,IPC,392,1,1
86,IPC,379,1,2
86,IPC,420,1,3
87,POCSO,8,1,1
87,POCSO,6,1,2
87,POCSO,4,1,3
88,IPC,34,1,1
89,DP,4,1,1
90,MV,184,1,1
91,IT,66C,1,1
92,IT,66D,1,1
93,IT,67,1,1
93,IT,66C,1,2
94,POCSO,6,1,1
94,POCSO,8,1,2
95,POCSO,8,1,1
95,POCSO,6,1,2
96,NDPS,21,1,1
96,NDPS,20,1,2
97,NDPS,8,1,1
97,NDPS,20,1,2
98,NDPS,8,1,1
99,NDPS,20,1,1
99,NDPS,22,1,2
100,NDPS,22,1,1
100,NDPS,8,1,2
101,DP,3,1,1
102,POCSO,8,1,1
103,POCSO,4,1,1
104,IT,66C,1,1
105,MV,184,1,1
105,MV,196,1,2
106,MV,196,1,1
106,MV,184,1,2
106,MV,177,1,3
107,DP,3,1,1
107,DP,4,1,2
108,IT,66D,1,1
108,IT,66C,1,2
108,IT,67,1,3
109,IT,67,1,1
110,IT,67,1,1
110,IT,66D,1,2
110,IT,66C,1,3
111,NDPS,8,1,1
111,NDPS,22,1,2
111,NDPS,20,1,3
112,MV,184,1,1
113,DP,4,1,1
114,POCSO,6,1,1
115,IPC,323,1,1
116,MV,177,1,1
116,MV,196,1,2
117,POCSO,6,1,1
117,POCSO,8,1,2
118,IT,67,1,1
118,IT,66D,1,2
118,IT,66C,1,3
119,DP,4,1,1
119,DP,3,1,2
120,IT,67,1,1
120,IT,66D,1,2
121,MV,184,1,1
121,MV,196,1,2
121,MV,177,1,3
122,IPC,420,1,1
122,IPC,379,1,2
123,POCSO,4,1,1
123,POCSO,6,1,2
124,NDPS,8,1,1
124,NDPS,22,1,2
124,NDPS,21,1,3
125,POCSO,6,1,1
126,IT,66C,1,1
126,IT,67,1,2
127,NDPS,8,1,1
128,IPC,411,1,1
128,IPC,420,1,2
128,IPC,302,1,3
129,DP,4,1,1
130,IT,66D,1,1
130,IT,66C,1,2
130,IT,67,1,3
131,POCSO,8,1,1
131,POCSO,4,1,2
132,IT,67,1,1
132,IT,66C,1,2
132,IT,66D,1,3
133,POCSO,6,1,1
133,POCSO,4,1,2
133,POCSO,8,1,3
134,NDPS,8,1,1
134,NDPS,22,1,2
134,NDPS,21,1,3
135,IT,67,1,1
136,POCSO,6,1,1
136,POCSO,8,1,2
137,IT,66C,1,1
137,IT,67,1,2
138,MV,196,1,1
139,MV,184,1,1
139,MV,196,1,2
140,NDPS,21,1,1
140,NDPS,22,1,2
141,MV,184,1,1
141,MV,177,1,2
141,MV,196,1,3
142,IPC,392,1,1
142,IPC,376,1,2
143,IT,66C,1,1
143,IT,66D,1,2
143,IT,67,1,3
144,IT,66D,1,1
144,IT,67,1,2
144,IT,66C,1,3
145,NDPS,21,1,1
146,POCSO,4,1,1
147,NDPS,22,1,1
147,NDPS,20,1,2
147,NDPS,21,1,3
148,NDPS,21,1,1
148,NDPS,22,1,2
149,DP,3,1,1
150,MV,184,1,1
151,IT,66C,1,1
151,IT,66D,1,2
152,IT,66C,1,1
152,IT,66D,1,2
153,MV,196,1,1
154,IT,67,1,1
154,IT,66C,1,2
154,IT,66D,1,3
155,IPC,120B,1,1
155,IPC,307,1,2
156,MV,184,1,1
156,MV,177,1,2
156,MV,196,1,3
157,DP,4,1,1
157,DP,3,1,2
158,DP,4,1,1
159,POCSO,8,1,1
159,POCSO,6,1,2
160,MV,177,1,1
161,POCSO,4,1,1
161,POCSO,8,1,2
161,POCSO,6,1,3
162,IT,67,1,1
162,IT,66C,1,2
163,DP,4,1,1
164,IPC,379,1,1
164,IPC,392,1,2
165,IPC,34,1,1
165,IPC,411,1,2
166,IT,67,1,1
166,IT,66C,1,2
167,DP,4,1,1
168,DP,3,1,1
168,DP,4,1,2
169,IT,66C,1,1
169,IT,67,1,2
170,IPC,354,1,1
170,IPC,302,1,2
170,IPC,34,1,3
171,DP,4,1,1
172,POCSO,4,1,1
173,IT,67,1,1
174,IPC,379,1,1
175,MV,196,1,1
175,MV,184,1,2
175,MV,177,1,3
176,POCSO,8,1,1
177,MV,196,1,1
178,DP,3,1,1
178,DP,4,1,2
179,IPC,120B,1,1
179,IPC,354,1,2
180,IT,67,1,1
180,IT,66D,1,2
181,NDPS,8,1,1
182,IPC,376,1,1
182,IPC,323,1,2
183,NDPS,8,1,1
184,NDPS,20,1,1
184,NDPS,22,1,2
184,NDPS,8,1,3
185,IPC,120B,1,1
185,IPC,34,1,2
186,DP,3,1,1
187,IPC,323,1,1
187,IPC,379,1,2
188,IT,67,1,1
188,IT,66D,1,2
188,IT,66C,1,3
189,IT,66C,1,1
190,MV,184,1,1
190,MV,177,1,2
190,MV,196,1,3
191,DP,4,1,1
192,IT,67,1,1
192,IT,66D,1,2
193,IPC,420,1,1
193,IPC,379,1,2
194,IPC,420,1,1
194,IPC,376,1,2
194,IPC,323,1,3
195,DP,4,1,1
196,IPC,323,1,1
197,IT,67,1,1
197,IT,66C,1,2
197,IT,66D,1,3
198,IT,67,1,1
199,DP,3,1,1
200,DP,4,1,1
201,IPC,323,1,1
201,IPC,34,1,2
202,DP,3,1,1
202,DP,4,1,2
203,IPC,323,1,1
203,IPC,379,1,2
203,IPC,307,1,3
204,NDPS,21,1,1
205,MV,196,1,1
205,MV,184,1,2
206,MV,177,1,1
207,DP,4,1,1
208,MV,196,1,1
209,IPC,120B,1,1
210,MV,196,1,1
210,MV,184,1,2
210,MV,177,1,3
211,DP,4,1,1
212,POCSO,4,1,1
212,POCSO,6,1,2
212,POCSO,8,1,3
213,MV,196,1,1
214,POCSO,8,1,1
215,DP,4,1,1
215,DP,3,1,2
216,MV,196,1,1
216,MV,177,1,2
216,MV,184,1,3
217,POCSO,4,1,1
217,POCSO,8,1,2
218,IT,67,1,1
218,IT,66D,1,2
219,DP,4,1,1
219,DP,3,1,2
220,NDPS,20,1,1
221,IPC,379,1,1
221,IPC,323,1,2
221,IPC,302,1,3
222,NDPS,8,1,1
223,IT,67,1,1
223,IT,66D,1,2
224,IT,66C,1,1
225,DP,4,1,1
226,POCSO,4,1,1
227,DP,4,1,1
228,MV,196,1,1
228,MV,177,1,2
228,MV,184,1,3
229,MV,184,1,1
229,MV,196,1,2
229,MV,177,1,3
230,DP,3,1,1
230,DP,4,1,2
231,IT,67,1,1
232,IPC,376,1,1
232,IPC,307,1,2
233,IT,67,1,1
234,IT,66D,1,1
235,MV,184,1,1
235,MV,177,1,2
236,DP,4,1,1
237,IT,66C,1,1
237,IT,66D,1,2
237,IT,67,1,3
238,MV,196,1,1
238,MV,184,1,2
238,MV,177,1,3
239,DP,4,1,1
240,IPC,323,1,1
241,IPC,354,1,1
242,IPC,411,1,1
242,IPC,120B,1,2
243,DP,3,1,1
244,MV,184,1,1
244,MV,196,1,2
245,POCSO,8,1,1
245,POCSO,4,1,2
245,POCSO,6,1,3
246,DP,3,1,1
246,DP,4,1,2
247,IPC,379,1,1
247,IPC,323,1,2
248,IPC,354,1,1
249,NDPS,20,1,1
250,IPC,379,1,1
250,IPC,420,1,2
250,IPC,354,1,3
251,DP,3,1,1
252,NDPS,20,1,1
253,POCSO,6,1,1
254,NDPS,21,1,1
254,NDPS,22,1,2
254,NDPS,20,1,3
255,IPC,120B,1,1
255,IPC,392,1,2
255,IPC,307,1,3
256,POCSO,8,1,1
256,POCSO,4,1,2
256,POCSO,6,1,3
257,NDPS,21,1,1
257,NDPS,8,1,2
257,NDPS,22,1,3
258,NDPS,20,1,1
259,NDPS,20,1,1
260,POCSO,4,1,1
261,IPC,120B,1,1
261,IPC,376,1,2
261,IPC,307,1,3
262,IPC,420,1,1
262,IPC,354,1,2
262,IPC,34,1,3
263,IT,66C,1,1
264,MV,184,1,1
265,IPC,34,1,1
266,NDPS,22,1,1
266,NDPS,20,1,2
267,POCSO,4,1,1
267,POCSO,8,1,2
267,POCSO,6,1,3
268,NDPS,22,1,1
268,NDPS,21,1,2
269,IT,67,1,1
269,IT,66C,1,2
269,IT,66D,1,3
270,NDPS,22,1,1
270,NDPS,8,1,2
270,NDPS,21,1,3
271,POCSO,8,1,1
271,POCSO,6,1,2
272,IT,66C,1,1
273,IT,67,1,1
273,IT,66C,1,2
274,DP,4,1,1
274,DP,3,1,2
275,NDPS,21,1,1
275,NDPS,20,1,2
275,NDPS,8,1,3
276,IT,67,1,1
276,IT,66C,1,2
276,IT,66D,1,3
277,MV,184,1,1
277,MV,177,1,2
278,IPC,302,1,1
278,IPC,376,1,2
279,DP,4,1,1
280,DP,4,1,1
281,IPC,354,1,1
281,IPC,307,1,2
282,IPC,120B,1,1
283,NDPS,22,1,1
284,IPC,354,1,1
284,IPC,307,1,2
284,IPC,420,1,3
285,IT,66C,1,1
286,MV,184,1,1
286,MV,177,1,2
286,MV,196,1,3
287,MV,196,1,1
288,MV,184,1,1
288,MV,196,1,2
288,MV,177,1,3
289,IT,66C,1,1
289,IT,67,1,2
290,IPC,34,1,1
291,IPC,323,1,1
292,IPC,34,1,1
292,IPC,379,1,2
293,POCSO,6,1,1
293,POCSO,8,1,2
293,POCSO,4,1,3
294,IPC,34,1,1
294,IPC,411,1,2
294,IPC,379,1,3
295,DP,3,1,1
296,IT,67,1,1
296,IT,66D,1,2
296,IT,66C,1,3
297,POCSO,6,1,1
297,POCSO,4,1,2
298,IT,67,1,1
298,IT,66C,1,2
299,NDPS,22,1,1
299,NDPS,8,1,2
300,DP,3,1,1
300,DP,4,1,2
301,NDPS,22,1,1
302,MV,177,1,1
302,MV,196,1,2
303,NDPS,21,1,1
303,NDPS,22,1,2
304,IT,66C,1,1
304,IT,67,1,2
304,IT,66D,1,3
305,IPC,354,1,1
306,MV,184,1,1
306,MV,177,1,2
307,NDPS,8,1,1
307,NDPS,20,1,2
307,NDPS,21,1,3
308,IPC,354,1,1
308,IPC,379,1,2
308,IPC,411,1,3
309,IPC,392,1,1
309,IPC,376,1,2
310,NDPS,8,1,1
310,NDPS,22,1,2
310,NDPS,20,1,3
311,NDPS,8,1,1
311,NDPS,20,1,2
311,NDPS,22,1,3
312,POCSO,6,1,1
312,POCSO,8,1,2
313,POCSO,8,1,1
314,IT,66D,1,1
314,IT,67,1,2
315,POCSO,6,1,1
316,MV,177,1,1
316,MV,196,1,2
317,DP,3,1,1
317,DP,4,1,2
318,DP,4,1,1
319,IT,67,1,1
320,IT,66D,1,1
321,IT,67,1,1
322,IT,66D,1,1
323,IT,66C,1,1
324,DP,4,1,1
325,DP,3,1,1
326,DP,3,1,1
327,DP,3,1,1
328,NDPS,20,1,1
329,DP,3,1,1
329,DP,4,1,2
330,POCSO,8,1,1
330,POCSO,6,1,2
330,POCSO,4,1,3
331,NDPS,20,1,1
332,NDPS,21,1,1
333,MV,184,1,1
333,MV,177,1,2
334,IPC,307,1,1
335,IT,66D,1,1
335,IT,66C,1,2
335,IT,67,1,3
336,MV,177,1,1
336,MV,184,1,2
336,MV,196,1,3
337,DP,3,1,1
338,IPC,392,1,1
338,IPC,120B,1,2
339,POCSO,8,1,1
339,POCSO,4,1,2
340,NDPS,8,1,1
341,IT,66D,1,1
342,POCSO,8,1,1
342,POCSO,4,1,2
342,POCSO,6,1,3
343,DP,4,1,1
343,DP,3,1,2
344,IT,67,1,1
344,IT,66D,1,2
345,IT,67,1,1
345,IT,66C,1,2
346,IPC,420,1,1
346,IPC,354,1,2
346,IPC,34,1,3
347,IT,66D,1,1
347,IT,67,1,2
347,IT,66C,1,3
348,DP,4,1,1
349,MV,184,1,1
349,MV,196,1,2
349,MV,177,1,3
350,MV,184,1,1
351,MV,184,1,1
351,MV,177,1,2
352,MV,177,1,1
352,MV,196,1,2
352,MV,184,1,3
353,NDPS,21,1,1
353,NDPS,20,1,2
353,NDPS,8,1,3
354,DP,4,1,1
355,IPC,392,1,1
356,IPC,354,1,1
357,NDPS,20,1,1
357,NDPS,8,1,2
358,MV,177,1,1
358,MV,196,1,2
358,MV,184,1,3
359,NDPS,21,1,1
359,NDPS,20,1,2
360,NDPS,21,1,1
361,IPC,379,1,1
362,DP,3,1,1
362,DP,4,1,2
363,IT,66C,1,1
363,IT,66D,1,2
364,IPC,411,1,1
365,IPC,34,1,1
366,POCSO,8,1,1
367,DP,4,1,1
368,MV,184,1,1
368,MV,177,1,2
368,MV,196,1,3
369,MV,184,1,1
369,MV,196,1,2
369,MV,177,1,3
370,NDPS,20,1,1
370,NDPS,21,1,2
370,NDPS,8,1,3
371,DP,4,1,1
372,POCSO,4,1,1
373,POCSO,8,1,1
373,POCSO,6,1,2
374,IT,66C,1,1
375,NDPS,8,1,1
375,NDPS,21,1,2
376,IT,67,1,1
376,IT,66C,1,2
377,DP,3,1,1
377,DP,4,1,2
378,IPC,392,1,1
379,MV,196,1,1
379,MV,184,1,2
379,MV,177,1,3
380,DP,3,1,1
380,DP,4,1,2
381,DP,4,1,1
382,NDPS,20,1,1
382,NDPS,22,1,2
383,NDPS,21,1,1
384,NDPS,22,1,1
385,POCSO,4,1,1
385,POCSO,8,1,2
386,NDPS,8,1,1
386,NDPS,20,1,2
386,NDPS,21,1,3
387,NDPS,20,1,1
387,NDPS,8,1,2
387,NDPS,21,1,3
388,IPC,354,1,1
389,IPC,420,1,1
390,DP,3,1,1
390,DP,4,1,2
391,DP,4,1,1
391,DP,3,1,2
392,POCSO,4,1,1
393,NDPS,20,1,1
393,NDPS,8,1,2
393,NDPS,21,1,3
394,IPC,379,1,1
395,IPC,34,1,1
395,IPC,120B,1,2
396,IPC,34,1,1
397,IT,66C,1,1
397,IT,66D,1,2
397,IT,67,1,3
398,NDPS,22,1,1
398,NDPS,20,1,2
399,IPC,379,1,1
399,IPC,34,1,2
400,DP,3,1,1
401,DP,4,1,1
402,IPC,120B,1,1
402,IPC,307,1,2
402,IPC,376,1,3
403,POCSO,8,1,1
403,POCSO,4,1,2
404,IT,66D,1,1
404,IT,66C,1,2
405,POCSO,6,1,1
405,POCSO,4,1,2
405,POCSO,8,1,3
406,DP,4,1,1
406,DP,3,1,2
407,IPC,392,1,1
407,IPC,411,1,2
407,IPC,354,1,3
408,IT,66C,1,1
408,IT,67,1,2
409,MV,196,1,1
409,MV,184,1,2
410,MV,184,1,1
410,MV,196,1,2
410,MV,177,1,3
411,NDPS,20,1,1
411,NDPS,8,1,2
411,NDPS,21,1,3
412,DP,4,1,1
413,MV,196,1,1
413,MV,177,1,2
413,MV,184,1,3
414,DP,3,1,1
415,IT,66C,1,1
415,IT,67,1,2
416,IT,67,1,1
416,IT,66D,1,2
417,IT,66D,1,1
418,DP,3,1,1
418,DP,4,1,2
419,NDPS,20,1,1
420,NDPS,8,1,1
420,NDPS,21,1,2
420,NDPS,20,1,3
421,IT,66C,1,1
422,POCSO,8,1,1
422,POCSO,4,1,2
423,IT,66C,1,1
424,IT,67,1,1
425,IT,67,1,1
426,POCSO,8,1,1
426,POCSO,6,1,2
426,POCSO,4,1,3
427,IPC,392,1,1
427,IPC,307,1,2
427,IPC,379,1,3
428,POCSO,6,1,1
429,IPC,354,1,1
429,IPC,323,1,2
430,IPC,34,1,1
430,IPC,411,1,2
431,IPC,411,1,1
431,IPC,34,1,2
431,IPC,302,1,3
432,POCSO,8,1,1
433,IT,67,1,1
434,MV,196,1,1
435,POCSO,6,1,1
435,POCSO,4,1,2
436,DP,4,1,1
437,IT,66C,1,1
437,IT,66D,1,2
438,MV,196,1,1
438,MV,177,1,2
439,MV,196,1,1
439,MV,184,1,2
440,IPC,379,1,1
440,IPC,354,1,2
441,MV,177,1,1
441,MV,184,1,2
441,MV,196,1,3
442,MV,196,1,1
442,MV,177,1,2
442,MV,184,1,3
443,DP,4,1,1
444,DP,3,1,1
444,DP,4,1,2
445,POCSO,4,1,1
445,POCSO,8,1,2
445,POCSO,6,1,3
446,POCSO,6,1,1
446,POCSO,4,1,2
446,POCSO,8,1,3
447,POCSO,4,1,1
448,NDPS,20,1,1
449,POCSO,4,1,1
450,IPC,379,1,1
450,IPC,307,1,2
450,IPC,420,1,3
451,NDPS,22,1,1
452,IPC,120B,1,1
452,IPC,323,1,2
453,MV,196,1,1
454,MV,196,1,1
454,MV,177,1,2
455,IPC,420,1,1
455,IPC,411,1,2
456,MV,196,1,1
456,MV,184,1,2
457,DP,4,1,1
458,NDPS,21,1,1
458,NDPS,22,1,2
458,NDPS,20,1,3
459,NDPS,21,1,1
460,DP,4,1,1
460,DP,3,1,2
461,NDPS,22,1,1
461,NDPS,21,1,2
461,NDPS,20,1,3
462,IPC,354,1,1
463,DP,4,1,1
464,POCSO,8,1,1
464,POCSO,6,1,2
465,NDPS,21,1,1
465,NDPS,8,1,2
466,MV,177,1,1
466,MV,184,1,2
467,MV,184,1,1
467,MV,177,1,2
467,MV,196,1,3
468,IPC,307,1,1
469,POCSO,8,1,1
469,POCSO,4,1,2
469,POCSO,6,1,3
470,IT,66C,1,1
470,IT,66D,1,2
470,IT,67,1,3
471,POCSO,4,1,1
472,IPC,34,1,1
472,IPC,376,1,2
472,IPC,323,1,3
473,IT,66D,1,1
473,IT,67,1,2
474,NDPS,8,1,1
474,NDPS,22,1,2
475,IPC,323,1,1
475,IPC,354,1,2
476,IPC,302,1,1
476,IPC,34,1,2
476,IPC,120B,1,3
477,NDPS,22,1,1
477,NDPS,8,1,2
478,NDPS,22,1,1
478,NDPS,21,1,2
478,NDPS,20,1,3
479,DP,4,1,1
480,POCSO,6,1,1
480,POCSO,8,1,2
481,IPC,34,1,1
482,NDPS,20,1,1
482,NDPS,8,1,2
483,MV,184,1,1
483,MV,196,1,2
484,IT,67,1,1
484,IT,66D,1,2
484,IT,66C,1,3
485,NDPS,8,1,1
485,NDPS,20,1,2
485,NDPS,22,1,3
486,NDPS,21,1,1
486,NDPS,20,1,2
486,NDPS,22,1,3
487,NDPS,21,1,1
488,DP,3,1,1
488,DP,4,1,2
489,POCSO,4,1,1
490,POCSO,4,1,1
491,IPC,120B,1,1
492,IPC,307,1,1
493,NDPS,22,1,1
493,NDPS,21,1,2
493,NDPS,8,1,3
494,IT,67,1,1
494,IT,66C,1,2
495,NDPS,8,1,1
495,NDPS,20,1,2
495,NDPS,22,1,3
496,IPC,411,1,1
497,NDPS,22,1,1
498,MV,196,1,1
498,MV,184,1,2
499,MV,177,1,1
499,MV,196,1,2
500,IT,66C,1,1
501,NDPS,22,1,1
501,NDPS,8,1,2
501,NDPS,20,1,3
502,IT,66C,1,1
502,IT,66D,1,2
503,MV,184,1,1
504,POCSO,8,1,1
504,POCSO,4,1,2
504,POCSO,6,1,3
505,IPC,411,1,1
505,IPC,379,1,2
505,IPC,302,1,3
506,NDPS,21,1,1
506,NDPS,22,1,2
506,NDPS,20,1,3
507,DP,3,1,1
507,DP,4,1,2
508,IPC,376,1,1
509,MV,177,1,1
509,MV,196,1,2
510,IT,66D,1,1
510,IT,67,1,2
511,POCSO,4,1,1
511,POCSO,8,1,2
511,POCSO,6,1,3
512,DP,4,1,1
513,IPC,307,1,1
513,IPC,379,1,2
514,POCSO,4,1,1
514,POCSO,6,1,2
515,NDPS,8,1,1
515,NDPS,21,1,2
516,NDPS,8,1,1
516,NDPS,22,1,2
517,IPC,354,1,1
518,NDPS,8,1,1
519,IT,66D,1,1
520,POCSO,6,1,1
520,POCSO,8,1,2
520,POCSO,4,1,3
521,IPC,392,1,1
521,IPC,411,1,2
521,IPC,420,1,3
522,POCSO,8,1,1
523,POCSO,6,1,1
523,POCSO,4,1,2
524,MV,184,1,1
524,MV,196,1,2
525,DP,3,1,1
525,DP,4,1,2
526,DP,3,1,1
527,DP,4,1,1
527,DP,3,1,2
528,IPC,120B,1,1
528,IPC,392,1,2
529,IPC,354,1,1
530,IT,66C,1,1
531,POCSO,6,1,1
531,POCSO,8,1,2
531,POCSO,4,1,3
532,IPC,120B,1,1
533,POCSO,6,1,1
533,POCSO,4,1,2
534,DP,3,1,1
534,DP,4,1,2
535,IT,66D,1,1
535,IT,67,1,2
536,IPC,354,1,1
536,IPC,34,1,2
536,IPC,379,1,3
537,IPC,411,1,1
538,MV,177,1,1
538,MV,184,1,2
539,IT,66D,1,1
539,IT,66C,1,2
539,IT,67,1,3
540,IPC,376,1,1
540,IPC,379,1,2
540,IPC,302,1,3
541,POCSO,8,1,1
541,POCSO,6,1,2
542,DP,4,1,1
542,DP,3,1,2
543,MV,184,1,1
544,IPC,411,1,1
545,IPC,411,1,1
545,IPC,354,1,2
546,IPC,120B,1,1
546,IPC,34,1,2
547,DP,3,1,1
548,IPC,302,1,1
548,IPC,307,1,2
549,IPC,34,1,1
549,IPC,379,1,2
550,IT,66C,1,1
550,IT,66D,1,2
551,POCSO,6,1,1
552,MV,177,1,1
553,MV,184,1,1
554,IPC,354,1,1
554,IPC,376,1,2
554,IPC,420,1,3
555,DP,3,1,1
556,MV,177,1,1
556,MV,184,1,2
556,MV,196,1,3
557,DP,4,1,1
557,DP,3,1,2
558,IT,66D,1,1
559,IPC,411,1,1
559,IPC,376,1,2
560,MV,196,1,1
560,MV,177,1,2
561,IPC,392,1,1
561,IPC,411,1,2
562,NDPS,21,1,1
562,NDPS,22,1,2
562,NDPS,8,1,3
563,IT,66D,1,1
563,IT,66C,1,2
564,IPC,411,1,1
565,DP,4,1,1
566,IPC,392,1,1
566,IPC,302,1,2
566,IPC,354,1,3
567,IPC,376,1,1
567,IPC,354,1,2
568,POCSO,6,1,1
568,POCSO,8,1,2
568,POCSO,4,1,3
569,POCSO,6,1,1
569,POCSO,4,1,2
569,POCSO,8,1,3
570,MV,177,1,1
570,MV,184,1,2
571,DP,4,1,1
572,IPC,302,1,1
572,IPC,34,1,2
573,DP,4,1,1
574,MV,177,1,1
574,MV,184,1,2
574,MV,196,1,3
575,DP,3,1,1
575,DP,4,1,2
576,DP,4,1,1
576,DP,3,1,2
577,IT,66C,1,1
578,POCSO,6,1,1
578,POCSO,4,1,2
579,IPC,379,1,1
579,IPC,392,1,2
579,IPC,323,1,3
580,POCSO,4,1,1
581,MV,184,1,1
581,MV,196,1,2
581,MV,177,1,3
582,MV,184,1,1
583,IT,67,1,1
583,IT,66D,1,2
583,IT,66C,1,3
584,IPC,379,1,1
585,DP,4,1,1
585,DP,3,1,2
586,POCSO,8,1,1
587,POCSO,6,1,1
588,IT,66D,1,1
589,IPC,354,1,1
590,DP,4,1,1
591,IPC,323,1,1
591,IPC,120B,1,2
591,IPC,411,1,3
592,MV,196,1,1
593,IT,67,1,1
594,IPC,392,1,1
594,IPC,302,1,2
595,DP,4,1,1
595,DP,3,1,2
596,IT,67,1,1
596,IT,66C,1,2
597,MV,196,1,1
598,IT,67,1,1
598,IT,66C,1,2
598,IT,66D,1,3
599,MV,184,1,1
599,MV,196,1,2
599,MV,177,1,3
600,IT,67,1,1
600,IT,66C,1,2
601,IPC,376,1,1
602,IPC,34,1,1
602,IPC,392,1,2
603,MV,196,1,1
604,IT,66D,1,1
605,DP,3,1,1
606,NDPS,22,1,1
606,NDPS,20,1,2
607,IT,66D,1,1
608,IPC,411,1,1
608,IPC,323,1,2
608,IPC,392,1,3
609,MV,177,1,1
609,MV,196,1,2
610,IPC,323,1,1
611,NDPS,22,1,1
611,NDPS,21,1,2
612,NDPS,20,1,1
612,NDPS,8,1,2
612,NDPS,21,1,3
613,POCSO,6,1,1
613,POCSO,4,1,2
613,POCSO,8,1,3
614,IT,66C,1,1
615,DP,3,1,1
615,DP,4,1,2
616,MV,196,1,1
617,POCSO,6,1,1
618,MV,184,1,1
618,MV,177,1,2
619,MV,177,1,1
619,MV,196,1,2
619,MV,184,1,3
620,POCSO,8,1,1
621,MV,184,1,1
621,MV,196,1,2
622,POCSO,8,1,1
623,DP,4,1,1
623,DP,3,1,2
624,IPC,392,1,1
624,IPC,302,1,2
625,DP,3,1,1
625,DP,4,1,2
626,DP,3,1,1
626,DP,4,1,2
627,DP,4,1,1
627,DP,3,1,2
628,MV,196,1,1
629,POCSO,8,1,1
630,POCSO,6,1,1
630,POCSO,8,1,2
631,NDPS,22,1,1
632,MV,184,1,1
633,DP,4,1,1
634,MV,184,1,1
635,IPC,307,1,1
635,IPC,411,1,2
635,IPC,120B,1,3
636,DP,4,1,1
637,DP,3,1,1
637,DP,4,1,2
638,IT,67,1,1
639,MV,196,1,1
639,MV,184,1,2
639,MV,177,1,3
640,DP,4,1,1
640,DP,3,1,2
641,IT,66C,1,1
641,IT,66D,1,2
641,IT,67,1,3
642,NDPS,20,1,1
642,NDPS,8,1,2
643,IT,66C,1,1
643,IT,67,1,2
643,IT,66D,1,3
644,MV,177,1,1
644,MV,184,1,2
644,MV,196,1,3
645,IT,67,1,1
645,IT,66D,1,2
646,DP,4,1,1
646,DP,3,1,2
647,IT,66C,1,1
647,IT,66D,1,2
648,DP,4,1,1
649,NDPS,22,1,1
649,NDPS,8,1,2
649,NDPS,20,1,3
650,DP,4,1,1
651,DP,4,1,1
652,IPC,307,1,1
653,MV,177,1,1
653,MV,184,1,2
653,MV,196,1,3
654,IT,66C,1,1
654,IT,66D,1,2
654,IT,67,1,3
655,MV,184,1,1
655,MV,196,1,2
656,MV,184,1,1
656,MV,177,1,2
657,POCSO,6,1,1
657,POCSO,8,1,2
658,IPC,420,1,1
658,IPC,302,1,2
658,IPC,392,1,3
659,POCSO,6,1,1
660,MV,177,1,1
660,MV,184,1,2
661,POCSO,4,1,1
661,POCSO,6,1,2
662,POCSO,8,1,1
662,POCSO,6,1,2
662,POCSO,4,1,3
663,NDPS,8,1,1
663,NDPS,21,1,2
663,NDPS,22,1,3
664,MV,184,1,1
664,MV,196,1,2
665,POCSO,4,1,1
665,POCSO,8,1,2
666,IT,66D,1,1
666,IT,67,1,2
666,IT,66C,1,3
667,DP,4,1,1
668,MV,177,1,1
668,MV,196,1,2
669,NDPS,21,1,1
669,NDPS,8,1,2
670,DP,3,1,1
671,DP,4,1,1
672,MV,196,1,1
673,IT,67,1,1
673,IT,66D,1,2
674,IPC,307,1,1
674,IPC,302,1,2
674,IPC,379,1,3
675,DP,3,1,1
676,NDPS,8,1,1
676,NDPS,20,1,2
676,NDPS,21,1,3
677,DP,4,1,1
677,DP,3,1,2
678,DP,4,1,1
678,DP,3,1,2
679,POCSO,4,1,1
679,POCSO,6,1,2
680,NDPS,22,1,1
680,NDPS,20,1,2
681,IPC,379,1,1
681,IPC,392,1,2
682,MV,184,1,1
682,MV,177,1,2
683,IPC,120B,1,1
683,IPC,307,1,2
683,IPC,392,1,3
684,POCSO,4,1,1
685,POCSO,8,1,1
685,POCSO,4,1,2
686,NDPS,8,1,1
686,NDPS,22,1,2
687,NDPS,8,1,1
687,NDPS,21,1,2
687,NDPS,22,1,3
688,IT,66D,1,1
689,MV,184,1,1
689,MV,196,1,2
689,MV,177,1,3
690,NDPS,21,1,1
690,NDPS,22,1,2
691,POCSO,6,1,1
692,MV,184,1,1
692,MV,177,1,2
693,NDPS,8,1,1
693,NDPS,21,1,2
693,NDPS,22,1,3
694,NDPS,8,1,1
694,NDPS,21,1,2
694,NDPS,20,1,3
695,NDPS,20,1,1
695,NDPS,8,1,2
695,NDPS,21,1,3
696,POCSO,6,1,1
696,POCSO,8,1,2
697,IT,66C,1,1
697,IT,66D,1,2
697,IT,67,1,3
698,IT,66D,1,1
698,IT,67,1,2
698,IT,66C,1,3
699,POCSO,6,1,1
699,POCSO,4,1,2
700,IPC,120B,1,1
700,IPC,376,1,2
700,IPC,379,1,3
701,NDPS,21,1,1
701,NDPS,22,1,2
701,NDPS,20,1,3
702,IT,66C,1,1
702,IT,67,1,2
703,IPC,376,1,1
704,IPC,354,1,1
704,IPC,420,1,2
705,IT,66C,1,1
705,IT,66D,1,2
705,IT,67,1,3
706,NDPS,22,1,1
706,NDPS,21,1,2
706,NDPS,20,1,3
707,POCSO,6,1,1
707,POCSO,8,1,2
707,POCSO,4,1,3
708,IPC,34,1,1
708,IPC,376,1,2
709,DP,4,1,1
709,DP,3,1,2
710,IT,67,1,1
710,IT,66C,1,2
710,IT,66D,1,3
711,IPC,34,1,1
712,MV,184,1,1
713,MV,196,1,1
713,MV,177,1,2
713,MV,184,1,3
714,MV,196,1,1
714,MV,177,1,2
715,IT,66D,1,1
715,IT,67,1,2
716,IT,67,1,1
717,MV,196,1,1
717,MV,184,1,2
718,POCSO,8,1,1
718,POCSO,4,1,2
718,POCSO,6,1,3
719,DP,3,1,1
719,DP,4,1,2
720,NDPS,20,1,1
720,NDPS,21,1,2
721,IT,67,1,1
722,IPC,307,1,1
723,NDPS,22,1,1
724,MV,196,1,1
724,MV,184,1,2
724,MV,177,1,3
725,NDPS,21,1,1
725,NDPS,20,1,2
725,NDPS,22,1,3
726,DP,3,1,1
727,IPC,354,1,1
727,IPC,34,1,2
728,NDPS,20,1,1
729,IT,66C,1,1
730,MV,184,1,1
731,DP,4,1,1
731,DP,3,1,2
732,IT,66D,1,1
732,IT,66C,1,2
733,IPC,307,1,1
734,IPC,392,1,1
734,IPC,411,1,2
734,IPC,420,1,3
735,POCSO,6,1,1
736,IPC,392,1,1
737,DP,4,1,1
738,POCSO,6,1,1
738,POCSO,8,1,2
738,POCSO,4,1,3
739,IPC,392,1,1
740,NDPS,8,1,1
741,IPC,420,1,1
741,IPC,307,1,2
742,IT,67,1,1
743,IT,66C,1,1
743,IT,67,1,2
743,IT,66D,1,3
744,IT,66C,1,1
745,NDPS,22,1,1
745,NDPS,21,1,2
746,IT,66D,1,1
746,IT,67,1,2
746,IT,66C,1,3
747,POCSO,6,1,1
747,POCSO,4,1,2
748,IT,66C,1,1
748,IT,67,1,2
748,IT,66D,1,3
749,NDPS,21,1,1
750,NDPS,8,1,1
750,NDPS,21,1,2
751,IPC,323,1,1
751,IPC,354,1,2
752,MV,177,1,1
752,MV,184,1,2
752,MV,196,1,3
753,IT,67,1,1
753,IT,66D,1,2
754,IPC,392,1,1
754,IPC,307,1,2
754,IPC,376,1,3
755,IPC,354,1,1
755,IPC,411,1,2
756,IT,67,1,1
756,IT,66D,1,2
756,IT,66C,1,3
757,DP,4,1,1
757,DP,3,1,2
758,MV,177,1,1
759,DP,3,1,1
759,DP,4,1,2
760,IT,66C,1,1
760,IT,66D,1,2
761,IPC,34,1,1
762,IPC,120B,1,1
763,MV,184,1,1
763,MV,196,1,2
763,MV,177,1,3
764,DP,3,1,1
764,DP,4,1,2
765,IT,66C,1,1
765,IT,67,1,2
765,IT,66D,1,3
766,MV,196,1,1
766,MV,177,1,2
766,MV,184,1,3
767,IT,66D,1,1
767,IT,66C,1,2
768,POCSO,4,1,1
768,POCSO,8,1,2
769,IT,66C,1,1
769,IT,66D,1,2
770,MV,177,1,1
770,MV,184,1,2
771,POCSO,8,1,1
772,MV,196,1,1
772,MV,184,1,2
772,MV,177,1,3
773,MV,177,1,1
773,MV,196,1,2
774,MV,177,1,1
774,MV,184,1,2
774,MV,196,1,3
775,DP,4,1,1
775,DP,3,1,2
776,MV,177,1,1
777,NDPS,21,1,1
777,NDPS,8,1,2
777,NDPS,22,1,3
778,POCSO,4,1,1
778,POCSO,6,1,2
778,POCSO,8,1,3
779,NDPS,8,1,1
779,NDPS,22,1,2
780,MV,196,1,1
780,MV,184,1,2
780,MV,177,1,3
781,MV,196,1,1
781,MV,177,1,2
781,MV,184,1,3
782,NDPS,8,1,1
782,NDPS,22,1,2
783,MV,177,1,1
783,MV,196,1,2
784,NDPS,22,1,1
785,MV,196,1,1
786,IPC,379,1,1
787,DP,3,1,1
787,DP,4,1,2
788,IT,66D,1,1
789,IT,66C,1,1
789,IT,66D,1,2
789,IT,67,1,3
790,NDPS,20,1,1
790,NDPS,21,1,2
790,NDPS,22,1,3
791,MV,184,1,1
791,MV,177,1,2
792,DP,4,1,1
792,DP,3,1,2
793,DP,3,1,1
794,IT,66C,1,1
795,DP,4,1,1
795,DP,3,1,2
796,DP,4,1,1
796,DP,3,1,2
797,IT,66D,1,1
797,IT,66C,1,2
798,IT,67,1,1
798,IT,66D,1,2
798,IT,66C,1,3
799,IT,66D,1,1
799,IT,66C,1,2
799,IT,67,1,3
800,IPC,120B,1,1
800,IPC,392,1,2
800,IPC,376,1,3
801,MV,196,1,1
801,MV,184,1,2
801,MV,177,1,3
802,IT,66D,1,1
802,IT,66C,1,2
802,IT,67,1,3
803,MV,196,1,1
804,IT,66D,1,1
804,IT,67,1,2
804,IT,66C,1,3
805,POCSO,8,1,1
806,IPC,392,1,1
806,IPC,302,1,2
807,MV,177,1,1
807,MV,184,1,2
808,NDPS,8,1,1
808,NDPS,21,1,2
808,NDPS,20,1,3
809,MV,196,1,1
809,MV,177,1,2
809,MV,184,1,3
810,POCSO,6,1,1
810,POCSO,8,1,2
811,NDPS,8,1,1
811,NDPS,20,1,2
811,NDPS,21,1,3
812,MV,196,1,1
813,MV,196,1,1
813,MV,184,1,2
814,IPC,376,1,1
814,IPC,411,1,2
814,IPC,120B,1,3
815,POCSO,4,1,1
815,POCSO,8,1,2
816,IT,66D,1,1
817,NDPS,21,1,1
818,IPC,302,1,1
818,IPC,323,1,2
819,DP,3,1,1
819,DP,4,1,2
820,NDPS,21,1,1
820,NDPS,20,1,2
821,POCSO,8,1,1
821,POCSO,4,1,2
821,POCSO,6,1,3
822,POCSO,6,1,1
822,POCSO,4,1,2
823,IPC,34,1,1
823,IPC,411,1,2
823,IPC,376,1,3
824,POCSO,6,1,1
825,IPC,392,1,1
825,IPC,411,1,2
825,IPC,323,1,3
826,IT,67,1,1
826,IT,66D,1,2
827,DP,3,1,1
827,DP,4,1,2
828,IPC,392,1,1
828,IPC,302,1,2
828,IPC,307,1,3
829,IT,66D,1,1
830,POCSO,6,1,1
830,POCSO,8,1,2
831,POCSO,8,1,1
831,POCSO,4,1,2
831,POCSO,6,1,3
832,MV,177,1,1
833,IPC,323,1,1
834,DP,4,1,1
834,DP,3,1,2
835,IT,66C,1,1
835,IT,66D,1,2
835,IT,67,1,3
836,NDPS,22,1,1
837,DP,4,1,1
837,DP,3,1,2
838,NDPS,20,1,1
838,NDPS,8,1,2
839,POCSO,8,1,1
839,POCSO,4,1,2
839,POCSO,6,1,3
840,NDPS,22,1,1
840,NDPS,21,1,2
840,NDPS,8,1,3
841,IT,66D,1,1
841,IT,67,1,2
841,IT,66C,1,3
842,NDPS,20,1,1
842,NDPS,8,1,2
842,NDPS,21,1,3
843,NDPS,8,1,1
843,NDPS,21,1,2
844,IT,66C,1,1
845,NDPS,8,1,1
846,DP,3,1,1
846,DP,4,1,2
847,IT,67,1,1
847,IT,66D,1,2
847,IT,66C,1,3
848,MV,177,1,1
848,MV,184,1,2
848,MV,196,1,3
849,DP,4,1,1
849,DP,3,1,2
850,MV,196,1,1
850,MV,177,1,2
851,NDPS,20,1,1
851,NDPS,22,1,2
852,IT,66C,1,1
852,IT,66D,1,2
852,IT,67,1,3
853,POCSO,4,1,1
854,DP,3,1,1
854,DP,4,1,2
855,POCSO,4,1,1
855,POCSO,6,1,2
856,NDPS,20,1,1
856,NDPS,22,1,2
857,DP,4,1,1
858,MV,177,1,1
859,DP,3,1,1
859,DP,4,1,2
860,DP,4,1,1
861,IT,66C,1,1
861,IT,67,1,2
862,DP,3,1,1
862,DP,4,1,2
863,POCSO,4,1,1
863,POCSO,6,1,2
863,POCSO,8,1,3
864,IT,67,1,1
864,IT,66D,1,2
865,MV,196,1,1
866,IT,67,1,1
866,IT,66C,1,2
866,IT,66D,1,3
867,DP,4,1,1
867,DP,3,1,2
868,NDPS,20,1,1
869,POCSO,4,1,1
869,POCSO,8,1,2
869,POCSO,6,1,3
870,IPC,420,1,1
871,IT,66D,1,1
872,IPC,323,1,1
872,IPC,420,1,2
873,IPC,392,1,1
873,IPC,302,1,2
874,IPC,120B,1,1
875,NDPS,20,1,1
876,IT,67,1,1
877,POCSO,8,1,1
877,POCSO,4,1,2
877,POCSO,6,1,3
878,POCSO,8,1,1
878,POCSO,4,1,2
879,MV,177,1,1
879,MV,184,1,2
880,MV,177,1,1
880,MV,196,1,2
881,POCSO,8,1,1
882,IT,67,1,1
883,IPC,376,1,1
884,NDPS,22,1,1
884,NDPS,20,1,2
884,NDPS,21,1,3
885,DP,4,1,1
885,DP,3,1,2
886,MV,196,1,1
886,MV,184,1,2
887,POCSO,8,1,1
887,POCSO,4,1,2
887,POCSO,6,1,3
888,DP,4,1,1
889,IT,66D,1,1
889,IT,67,1,2
890,MV,177,1,1
891,MV,177,1,1
891,MV,196,1,2
892,IT,66D,1,1
892,IT,66C,1,2
892,IT,67,1,3
893,DP,3,1,1
894,IPC,354,1,1
894,IPC,323,1,2
894,IPC,379,1,3
895,NDPS,21,1,1
895,NDPS,22,1,2
896,IPC,392,1,1
896,IPC,323,1,2
896,IPC,379,1,3
897,DP,3,1,1
898,POCSO,6,1,1
899,NDPS,21,1,1
900,NDPS,20,1,1
900,NDPS,8,1,2
900,NDPS,22,1,3
901,IT,67,1,1
902,MV,177,1,1
903,NDPS,20,1,1
904,POCSO,8,1,1
904,POCSO,6,1,2
905,POCSO,4,1,1
905,POCSO,8,1,2
906,NDPS,22,1,1
906,NDPS,20,1,2
907,IT,66D,1,1
907,IT,66C,1,2
908,POCSO,4,1,1
909,DP,4,1,1
910,IPC,120B,1,1
910,IPC,307,1,2
911,MV,184,1,1
911,MV,177,1,2
911,MV,196,1,3
912,MV,177,1,1
913,IT,67,1,1
914,NDPS,8,1,1
914,NDPS,20,1,2
915,IT,66C,1,1
915,IT,66D,1,2
915,IT,67,1,3
916,IT,66D,1,1
916,IT,67,1,2
917,POCSO,6,1,1
918,IPC,420,1,1
918,IPC,376,1,2
918,IPC,392,1,3
919,IT,67,1,1
919,IT,66C,1,2
919,IT,66D,1,3
920,NDPS,8,1,1
921,NDPS,20,1,1
921,NDPS,8,1,2
922,IPC,379,1,1
923,POCSO,6,1,1
924,POCSO,4,1,1
924,POCSO,8,1,2
925,IT,66C,1,1
926,DP,3,1,1
927,IPC,302,1,1
927,IPC,379,1,2
927,IPC,376,1,3
928,POCSO,8,1,1
929,IPC,354,1,1
929,IPC,120B,1,2
929,IPC,307,1,3
930,MV,196,1,1
931,MV,184,1,1
931,MV,177,1,2
932,IPC,120B,1,1
932,IPC,420,1,2
932,IPC,307,1,3
933,IT,66D,1,1
933,IT,67,1,2
934,IT,67,1,1
934,IT,66C,1,2
934,IT,66D,1,3
935,IT,66D,1,1
935,IT,67,1,2
936,NDPS,8,1,1
936,NDPS,20,1,2
937,POCSO,4,1,1
937,POCSO,6,1,2
938,IPC,120B,1,1
938,IPC,379,1,2
939,DP,4,1,1
939,DP,3,1,2
940,MV,196,1,1
940,MV,177,1,2
941,NDPS,21,1,1
941,NDPS,22,1,2
941,NDPS,20,1,3
942,IPC,120B,1,1
942,IPC,34,1,2
942,IPC,302,1,3
943,IT,67,1,1
943,IT,66C,1,2
943,IT,66D,1,3
944,NDPS,22,1,1
945,IPC,420,1,1
945,IPC,354,1,2
945,IPC,392,1,3
946,NDPS,21,1,1
947,POCSO,4,1,1
948,IT,66C,1,1
948,IT,67,1,2
948,IT,66D,1,3
949,IPC,323,1,1
950,IPC,379,1,1
950,IPC,302,1,2
950,IPC,411,1,3
951,NDPS,20,1,1
951,NDPS,21,1,2
952,MV,196,1,1
952,MV,177,1,2
953,POCSO,4,1,1
953,POCSO,8,1,2
954,MV,177,1,1
954,MV,184,1,2
954,MV,196,1,3
955,NDPS,22,1,1
956,IPC,307,1,1
956,IPC,302,1,2
957,IPC,323,1,1
957,IPC,379,1,2
957,IPC,34,1,3
958,IPC,34,1,1
958,IPC,307,1,2
958,IPC,376,1,3
959,DP,3,1,1
959,DP,4,1,2
960,MV,177,1,1
960,MV,196,1,2
961,MV,196,1,1
961,MV,177,1,2
961,MV,184,1,3
962,MV,177,1,1
962,MV,196,1,2
963,POCSO,8,1,1
964,POCSO,6,1,1
964,POCSO,8,1,2
965,IPC,354,1,1
966,IPC,307,1,1
966,IPC,392,1,2
967,NDPS,8,1,1
967,NDPS,21,1,2
968,IT,66C,1,1
968,IT,66D,1,2
969,NDPS,20,1,1
969,NDPS,22,1,2
970,NDPS,8,1,1
970,NDPS,22,1,2
970,NDPS,21,1,3
971,IPC,34,1,1
971,IPC,376,1,2
971,IPC,120B,1,3
972,POCSO,8,1,1
972,POCSO,6,1,2
972,POCSO,4,1,3
973,IPC,120B,1,1
973,IPC,307,1,2
973,IPC,392,1,3
974,NDPS,22,1,1
975,POCSO,6,1,1
975,POCSO,8,1,2
976,MV,184,1,1
977,IT,66C,1,1
977,IT,67,1,2
977,IT,66D,1,3
978,DP,3,1,1
979,DP,3,1,1
980,NDPS,22,1,1
980,NDPS,8,1,2
980,NDPS,21,1,3
981,MV,184,1,1
981,MV,196,1,2
981,MV,177,1,3
982,DP,4,1,1
983,POCSO,4,1,1
983,POCSO,6,1,2
983,POCSO,8,1,3
984,IPC,411,1,1
984,IPC,354,1,2
984,IPC,34,1,3
985,DP,4,1,1
985,DP,3,1,2
986,DP,3,1,1
987,NDPS,22,1,1
987,NDPS,8,1,2
987,NDPS,21,1,3
988,POCSO,6,1,1
989,MV,177,1,1
990,POCSO,6,1,1
990,POCSO,8,1,2
991,POCSO,6,1,1
991,POCSO,4,1,2
991,POCSO,8,1,3
992,POCSO,4,1,1
992,POCSO,8,1,2
992,POCSO,6,1,3
993,POCSO,8,1,1
993,POCSO,6,1,2
993,POCSO,4,1,3
994,POCSO,6,1,1
994,POCSO,8,1,2
995,NDPS,20,1,1
995,NDPS,21,1,2
996,MV,196,1,1
996,MV,177,1,2
997,NDPS,8,1,1
997,NDPS,22,1,2
998,IT,66C,1,1
999,DP,3,1,1
1000,POCSO,4,1,1
1001,MV,184,1,1
1002,IPC,354,1,1
1002,IPC,411,1,2
1003,MV,177,1,1
1004,POCSO,8,1,1
1005,DP,4,1,1
1005,DP,3,1,2
1006,IPC,302,1,1
1006,IPC,307,1,2
1006,IPC,354,1,3
1007,NDPS,21,1,1
1008,MV,177,1,1
1009,IPC,120B,1,1
1009,IPC,411,1,2
1009,IPC,323,1,3
1010,IPC,302,1,1
1010,IPC,307,1,2
1011,IPC,392,1,1
1011,IPC,307,1,2
1012,IT,66D,1,1
1012,IT,67,1,2
1013,IPC,411,1,1
1014,NDPS,21,1,1
1014,NDPS,8,1,2
1014,NDPS,20,1,3
1015,NDPS,8,1,1
1015,NDPS,22,1,2
1016,DP,4,1,1
1016,DP,3,1,2
1017,MV,184,1,1
1018,DP,4,1,1
1019,MV,184,1,1
1019,MV,196,1,2
1019,MV,177,1,3
1020,IT,66C,1,1
1020,IT,66D,1,2
1020,IT,67,1,3
1021,MV,196,1,1
1021,MV,177,1,2
1021,MV,184,1,3
1022,POCSO,6,1,1
1022,POCSO,8,1,2
1022,POCSO,4,1,3
1023,NDPS,22,1,1
1023,NDPS,8,1,2
1023,NDPS,21,1,3
1024,DP,4,1,1
1025,NDPS,22,1,1
1026,IPC,376,1,1
1026,IPC,420,1,2
1026,IPC,120B,1,3
1027,IPC,323,1,1
1027,IPC,411,1,2
1027,IPC,302,1,3
1028,DP,3,1,1
1028,DP,4,1,2
1029,MV,184,1,1
1029,MV,196,1,2
1029,MV,177,1,3
1030,IT,66D,1,1
1031,NDPS,21,1,1
1031,NDPS,8,1,2
1031,NDPS,22,1,3
1032,DP,3,1,1
1032,DP,4,1,2
1033,DP,4,1,1
1033,DP,3,1,2
1034,IT,66D,1,1
1035,IPC,420,1,1
1035,IPC,120B,1,2
1036,MV,177,1,1
1036,MV,196,1,2
1036,MV,184,1,3
1037,NDPS,21,1,1
1038,MV,196,1,1
1039,MV,196,1,1
1039,MV,184,1,2
1040,IPC,120B,1,1
1040,IPC,376,1,2
1041,POCSO,4,1,1
1041,POCSO,6,1,2
1041,POCSO,8,1,3
1042,IPC,120B,1,1
1042,IPC,420,1,2
1043,DP,3,1,1
1044,NDPS,22,1,1
1045,IT,66D,1,1
1045,IT,67,1,2
1046,NDPS,22,1,1
1046,NDPS,8,1,2
1047,POCSO,6,1,1
1048,MV,196,1,1
1048,MV,184,1,2
1048,MV,177,1,3
1049,MV,196,1,1
1049,MV,184,1,2
1049,MV,177,1,3
1050,NDPS,21,1,1
1051,MV,184,1,1
1052,DP,3,1,1
1052,DP,4,1,2
1053,MV,177,1,1
1054,DP,3,1,1
1055,NDPS,20,1,1
1055,NDPS,21,1,2
1056,DP,3,1,1
1056,DP,4,1,2
1057,MV,196,1,1
1058,NDPS,20,1,1
1058,NDPS,8,1,2
1059,NDPS,20,1,1
1059,NDPS,8,1,2
1060,POCSO,4,1,1
1060,POCSO,8,1,2
1061,POCSO,8,1,1
1061,POCSO,6,1,2
1061,POCSO,4,1,3
1062,IPC,376,1,1
1063,IT,66D,1,1
1064,NDPS,20,1,1
1064,NDPS,22,1,2
1064,NDPS,21,1,3
1065,IPC,34,1,1
1065,IPC,354,1,2
1066,DP,4,1,1
1066,DP,3,1,2
1067,DP,4,1,1
1068,IPC,323,1,1
1069,DP,3,1,1
1069,DP,4,1,2
1070,POCSO,4,1,1
1070,POCSO,6,1,2
1071,POCSO,4,1,1
1072,MV,196,1,1
1072,MV,177,1,2
1073,IT,67,1,1
1074,IT,66D,1,1
1074,IT,67,1,2
1075,NDPS,21,1,1
1075,NDPS,22,1,2
1076,DP,4,1,1
1076,DP,3,1,2
1077,POCSO,8,1,1
1077,POCSO,6,1,2
1078,IPC,392,1,1
1079,NDPS,20,1,1
1079,NDPS,21,1,2
1079,NDPS,8,1,3
1080,IT,67,1,1
1080,IT,66D,1,2
1081,DP,4,1,1
1082,IT,66C,1,1
1083,POCSO,8,1,1
1084,NDPS,8,1,1
1085,NDPS,21,1,1
1086,POCSO,6,1,1
1087,POCSO,6,1,1
1088,IT,66C,1,1
1089,IT,66D,1,1
1089,IT,66C,1,2
1089,IT,67,1,3
1090,IT,66D,1,1
1090,IT,66C,1,2
1091,DP,4,1,1
1092,MV,184,1,1
1092,MV,177,1,2
1093,IPC,392,1,1
1093,IPC,376,1,2
1093,IPC,411,1,3
1094,DP,3,1,1
1094,DP,4,1,2
1095,NDPS,22,1,1
1095,NDPS,8,1,2
1095,NDPS,20,1,3
1096,MV,177,1,1
1097,MV,184,1,1
1097,MV,177,1,2
1097,MV,196,1,3
1098,NDPS,8,1,1
1098,NDPS,20,1,2
1098,NDPS,21,1,3
1099,IPC,120B,1,1
1099,IPC,379,1,2
1099,IPC,376,1,3
1100,MV,196,1,1
1100,MV,177,1,2
1101,POCSO,6,1,1
1101,POCSO,4,1,2
1102,POCSO,6,1,1
1102,POCSO,4,1,2
1102,POCSO,8,1,3
1103,IPC,354,1,1
1103,IPC,323,1,2
1103,IPC,392,1,3
1104,DP,3,1,1
1104,DP,4,1,2
1105,IT,67,1,1
1105,IT,66D,1,2
1106,IPC,420,1,1
1106,IPC,302,1,2
1107,POCSO,6,1,1
1107,POCSO,4,1,2
1107,POCSO,8,1,3
1108,IPC,420,1,1
1108,IPC,302,1,2
1108,IPC,120B,1,3
1109,POCSO,6,1,1
1110,POCSO,6,1,1
1110,POCSO,8,1,2
1111,NDPS,20,1,1
1111,NDPS,21,1,2
1111,NDPS,22,1,3
1112,IPC,120B,1,1
1112,IPC,307,1,2
1113,IPC,120B,1,1
1113,IPC,354,1,2
1113,IPC,307,1,3
1114,DP,4,1,1
1115,POCSO,4,1,1
1115,POCSO,6,1,2
1116,IT,66D,1,1
1117,IPC,120B,1,1
1117,IPC,302,1,2
1118,IT,67,1,1
1119,POCSO,4,1,1
1119,POCSO,8,1,2
1119,POCSO,6,1,3
1120,IT,66C,1,1
1120,IT,66D,1,2
1121,MV,184,1,1
1121,MV,196,1,2
1121,MV,177,1,3
1122,POCSO,4,1,1
1123,IPC,120B,1,1
1124,NDPS,22,1,1
1124,NDPS,8,1,2
1124,NDPS,21,1,3
1125,IPC,120B,1,1
1125,IPC,302,1,2
1125,IPC,34,1,3
1126,IT,66D,1,1
1126,IT,67,1,2
1126,IT,66C,1,3
1127,MV,177,1,1
1128,NDPS,21,1,1
1128,NDPS,8,1,2
1129,IT,66C,1,1
1129,IT,66D,1,2
1130,POCSO,4,1,1
1130,POCSO,6,1,2
1131,MV,177,1,1
1131,MV,196,1,2
1132,IT,66C,1,1
1132,IT,67,1,2
1132,IT,66D,1,3
1133,IT,67,1,1
1133,IT,66C,1,2
1133,IT,66D,1,3
1134,IPC,34,1,1
1134,IPC,302,1,2
1135,NDPS,20,1,1
1135,NDPS,8,1,2
1136,IPC,120B,1,1
1136,IPC,411,1,2
1137,IT,66C,1,1
1137,IT,66D,1,2
1137,IT,67,1,3
1138,POCSO,4,1,1
1139,IT,66D,1,1
1140,MV,196,1,1
1140,MV,177,1,2
1141,MV,177,1,1
1141,MV,184,1,2
1141,MV,196,1,3
1142,IPC,392,1,1
1142,IPC,34,1,2
1142,IPC,120B,1,3
1143,NDPS,21,1,1
1143,NDPS,20,1,2
1144,IPC,354,1,1
1144,IPC,411,1,2
1144,IPC,379,1,3
1145,DP,4,1,1
1146,NDPS,22,1,1
1146,NDPS,21,1,2
1146,NDPS,20,1,3
1147,IPC,323,1,1
1147,IPC,302,1,2
1148,MV,177,1,1
1148,MV,196,1,2
1149,DP,4,1,1
1149,DP,3,1,2
1150,NDPS,8,1,1
1151,NDPS,22,1,1
1152,POCSO,4,1,1
1152,POCSO,6,1,2
1152,POCSO,8,1,3
1153,NDPS,22,1,1
1153,NDPS,21,1,2
1154,IT,67,1,1
1155,NDPS,22,1,1
1156,NDPS,8,1,1
1156,NDPS,21,1,2
1156,NDPS,22,1,3
1157,POCSO,6,1,1
1158,POCSO,8,1,1
1159,IT,66D,1,1
1159,IT,67,1,2
1160,NDPS,22,1,1
1161,DP,4,1,1
1161,DP,3,1,2
1162,DP,3,1,1
1162,DP,4,1,2
1163,IPC,392,1,1
1164,IT,66D,1,1
1164,IT,67,1,2
1164,IT,66C,1,3
1165,IT,66C,1,1
1165,IT,67,1,2
1166,IT,66C,1,1
1167,NDPS,21,1,1
1167,NDPS,22,1,2
1167,NDPS,20,1,3
1168,MV,196,1,1
1168,MV,184,1,2
1169,POCSO,6,1,1
1169,POCSO,4,1,2
1170,IPC,411,1,1
1170,IPC,420,1,2
1170,IPC,379,1,3
1171,IT,67,1,1
1171,IT,66C,1,2
1172,IPC,379,1,1
1173,MV,177,1,1
1173,MV,184,1,2
1174,POCSO,6,1,1
1174,POCSO,8,1,2
1174,POCSO,4,1,3
1175,IT,67,1,1
1176,DP,4,1,1
1177,IPC,392,1,1
1177,IPC,307,1,2
1177,IPC,354,1,3
1178,MV,184,1,1
1178,MV,177,1,2
1179,DP,4,1,1
1179,DP,3,1,2
1180,IPC,34,1,1
1180,IPC,120B,1,2
1181,POCSO,6,1,1
1181,POCSO,8,1,2
1182,POCSO,6,1,1
1183,DP,4,1,1
1184,NDPS,21,1,1
1185,MV,196,1,1
1185,MV,184,1,2
1186,DP,3,1,1
1187,MV,184,1,1
1188,IPC,411,1,1
1188,IPC,420,1,2
1189,POCSO,8,1,1
1189,POCSO,4,1,2
1189,POCSO,6,1,3
1190,IPC,120B,1,1
1190,IPC,302,1,2
1190,IPC,379,1,3
1191,POCSO,4,1,1
1191,POCSO,8,1,2
1191,POCSO,6,1,3
1192,MV,184,1,1
1192,MV,196,1,2
1193,MV,177,1,1
1193,MV,184,1,2
1193,MV,196,1,3
1194,NDPS,22,1,1
1195,MV,177,1,1
1196,POCSO,4,1,1
1196,POCSO,6,1,2
1196,POCSO,8,1,3
1197,DP,3,1,1
1197,DP,4,1,2
1198,MV,196,1,1
1198,MV,184,1,2
1199,POCSO,6,1,1
1200,DP,4,1,1
1200,DP,3,1,2
1201,POCSO,8,1,1
1201,POCSO,4,1,2
1201,POCSO,6,1,3
1202,IT,66D,1,1
1202,IT,67,1,2
1202,IT,66C,1,3
1203,NDPS,21,1,1
1203,NDPS,20,1,2
1203,NDPS,8,1,3
1204,MV,184,1,1
1205,NDPS,20,1,1
1205,NDPS,8,1,2
1206,DP,4,1,1
1206,DP,3,1,2
1207,MV,177,1,1
1208,NDPS,21,1,1
1209,MV,177,1,1
1209,MV,196,1,2
1209,MV,184,1,3
1210,NDPS,8,1,1
1211,DP,3,1,1
1212,IPC,302,1,1
1212,IPC,411,1,2
1213,IT,66D,1,1
1213,IT,67,1,2
1214,IPC,120B,1,1
1215,IT,67,1,1
1215,IT,66D,1,2
1215,IT,66C,1,3
1216,POCSO,8,1,1
1217,IT,67,1,1
1217,IT,66C,1,2
1217,IT,66D,1,3
1218,MV,184,1,1
1218,MV,177,1,2
1218,MV,196,1,3
1219,IPC,411,1,1
1220,IT,66C,1,1
1220,IT,67,1,2
1221,POCSO,6,1,1
1222,NDPS,8,1,1
1222,NDPS,22,1,2
1223,IT,66D,1,1
1224,IT,66C,1,1
1224,IT,67,1,2
1224,IT,66D,1,3
1225,MV,184,1,1
1225,MV,177,1,2
1225,MV,196,1,3
1226,NDPS,20,1,1
1226,NDPS,22,1,2
1226,NDPS,21,1,3
1227,IT,66D,1,1
1227,IT,66C,1,2
1227,IT,67,1,3
1228,MV,184,1,1
1229,IPC,379,1,1
1229,IPC,120B,1,2
1229,IPC,420,1,3
1230,NDPS,22,1,1
1230,NDPS,21,1,2
1231,DP,3,1,1
1231,DP,4,1,2
1232,IT,66D,1,1
1232,IT,66C,1,2
1233,MV,196,1,1
1233,MV,184,1,2
1234,IT,67,1,1
1234,IT,66D,1,2
1235,POCSO,4,1,1
1235,POCSO,6,1,2
1235,POCSO,8,1,3
1236,MV,196,1,1
1236,MV,184,1,2
1236,MV,177,1,3
1237,MV,184,1,1
1237,MV,177,1,2
1237,MV,196,1,3
1238,IPC,302,1,1
1239,MV,177,1,1
1240,NDPS,21,1,1
1241,DP,4,1,1
1242,POCSO,6,1,1
1242,POCSO,4,1,2
1243,POCSO,4,1,1
1243,POCSO,8,1,2
1243,POCSO,6,1,3
1244,NDPS,20,1,1
1244,NDPS,22,1,2
1245,IPC,302,1,1
1245,IPC,34,1,2
1246,NDPS,20,1,1
1247,MV,196,1,1
1247,MV,184,1,2
1247,MV,177,1,3
1248,IT,66C,1,1
1249,MV,196,1,1
1249,MV,184,1,2
1249,MV,177,1,3
1250,DP,4,1,1
1251,IT,67,1,1
1252,NDPS,20,1,1
1253,DP,3,1,1
1253,DP,4,1,2
1254,NDPS,8,1,1
1254,NDPS,20,1,2
1255,IT,66D,1,1
1255,IT,66C,1,2
1255,IT,67,1,3
1256,NDPS,22,1,1
1256,NDPS,21,1,2
1257,MV,196,1,1
1257,MV,177,1,2
1258,IPC,34,1,1
1258,IPC,392,1,2
1259,IT,66C,1,1
1259,IT,66D,1,2
1260,DP,3,1,1
1260,DP,4,1,2
1261,POCSO,8,1,1
1261,POCSO,6,1,2
1262,MV,196,1,1
1262,MV,184,1,2
1262,MV,177,1,3
1263,IPC,420,1,1
1263,IPC,376,1,2
1263,IPC,392,1,3
1264,IT,67,1,1
1264,IT,66C,1,2
1264,IT,66D,1,3
1265,IT,67,1,1
1266,NDPS,8,1,1
1266,NDPS,21,1,2
1266,NDPS,22,1,3
1267,NDPS,8,1,1
1268,MV,196,1,1
1269,IPC,120B,1,1
1270,IPC,307,1,1
1271,IPC,323,1,1
1271,IPC,302,1,2
1272,DP,3,1,1
1272,DP,4,1,2
1273,IPC,34,1,1
1274,IPC,302,1,1
1275,DP,4,1,1
1276,NDPS,21,1,1
1277,NDPS,20,1,1
1277,NDPS,8,1,2
1277,NDPS,22,1,3
1278,NDPS,21,1,1
1279,DP,3,1,1
1279,DP,4,1,2
1280,IT,67,1,1
1281,NDPS,20,1,1
1281,NDPS,21,1,2
1281,NDPS,22,1,3
1282,IT,66C,1,1
1283,MV,177,1,1
1284,DP,3,1,1
1284,DP,4,1,2
1285,DP,4,1,1
1285,DP,3,1,2
1286,DP,3,1,1
1287,NDPS,21,1,1
1287,NDPS,8,1,2
1288,NDPS,8,1,1
1289,MV,196,1,1
1289,MV,184,1,2
1289,MV,177,1,3
1290,IPC,307,1,1
1290,IPC,379,1,2
1290,IPC,354,1,3
1291,MV,196,1,1
1291,MV,184,1,2
1291,MV,177,1,3
1292,NDPS,20,1,1
1292,NDPS,22,1,2
1293,NDPS,21,1,1
1293,NDPS,20,1,2
1293,NDPS,22,1,3
1294,MV,184,1,1
1295,IPC,302,1,1
1295,IPC,323,1,2
1296,NDPS,21,1,1
1296,NDPS,22,1,2
1296,NDPS,20,1,3
1297,MV,184,1,1
1298,MV,184,1,1
1299,MV,196,1,1
1300,IPC,354,1,1
1300,IPC,392,1,2
1301,NDPS,20,1,1
1301,NDPS,22,1,2
1302,MV,184,1,1
1302,MV,177,1,2
1302,MV,196,1,3
1303,IT,67,1,1
1304,NDPS,20,1,1
1305,IPC,392,1,1
1306,NDPS,20,1,1
1306,NDPS,8,1,2
1307,IT,66C,1,1
1308,IPC,420,1,1
1308,IPC,354,1,2
1309,MV,196,1,1
1310,IPC,354,1,1
1311,NDPS,20,1,1
1311,NDPS,8,1,2
1312,POCSO,8,1,1
1312,POCSO,4,1,2
1312,POCSO,6,1,3
1313,NDPS,8,1,1
1313,NDPS,21,1,2
1314,DP,4,1,1
1314,DP,3,1,2
1315,POCSO,6,1,1
1315,POCSO,8,1,2
1316,DP,4,1,1
1316,DP,3,1,2
1317,IT,66C,1,1
1317,IT,66D,1,2
1317,IT,67,1,3
1318,NDPS,8,1,1
1318,NDPS,22,1,2
1319,IT,66C,1,1
1320,MV,177,1,1
1320,MV,196,1,2
1320,MV,184,1,3
1321,MV,196,1,1
1321,MV,177,1,2
1322,DP,3,1,1
1322,DP,4,1,2
1323,IT,67,1,1
1324,NDPS,22,1,1
1325,IT,67,1,1
1325,IT,66D,1,2
1326,POCSO,8,1,1
1326,POCSO,4,1,2
1327,DP,3,1,1
1327,DP,4,1,2
1328,IPC,376,1,1
1328,IPC,307,1,2
1329,IT,66C,1,1
1329,IT,67,1,2
1329,IT,66D,1,3
1330,MV,177,1,1
1330,MV,196,1,2
1330,MV,184,1,3
1331,IT,67,1,1
1331,IT,66D,1,2
1332,NDPS,8,1,1
1332,NDPS,21,1,2
1333,MV,196,1,1
1333,MV,177,1,2
1334,MV,177,1,1
1334,MV,184,1,2
1334,MV,196,1,3
1335,POCSO,4,1,1
1336,NDPS,21,1,1
1336,NDPS,22,1,2
1336,NDPS,20,1,3
1337,IPC,323,1,1
1337,IPC,354,1,2
1338,NDPS,20,1,1
1338,NDPS,22,1,2
1339,IT,66D,1,1
1339,IT,66C,1,2
1339,IT,67,1,3
1340,IT,67,1,1
1341,IT,66C,1,1
1342,NDPS,20,1,1
1343,MV,184,1,1
1344,DP,3,1,1
1344,DP,4,1,2
1345,IPC,420,1,1
1346,MV,184,1,1
1346,MV,177,1,2
1347,IT,66D,1,1
1348,IPC,34,1,1
1348,IPC,354,1,2
1349,IPC,120B,1,1
1349,IPC,323,1,2
1350,IPC,411,1,1
1350,IPC,307,1,2
1350,IPC,120B,1,3
1351,DP,4,1,1
1351,DP,3,1,2
1352,POCSO,6,1,1
1353,DP,4,1,1
1353,DP,3,1,2
1354,MV,196,1,1
1354,MV,177,1,2
1355,NDPS,8,1,1
1355,NDPS,20,1,2
1356,IPC,34,1,1
1356,IPC,307,1,2
1357,IT,66D,1,1
1358,POCSO,6,1,1
1358,POCSO,8,1,2
1358,POCSO,4,1,3
1359,IPC,411,1,1
1359,IPC,392,1,2
1360,DP,3,1,1
1360,DP,4,1,2
1361,IT,66C,1,1
1362,IPC,392,1,1
1362,IPC,411,1,2
1363,DP,4,1,1
1363,DP,3,1,2
1364,DP,3,1,1
1364,DP,4,1,2
1365,POCSO,6,1,1
1366,IPC,323,1,1
1366,IPC,420,1,2
1366,IPC,302,1,3
1367,DP,4,1,1
1367,DP,3,1,2
1368,DP,3,1,1
1369,IT,67,1,1
1369,IT,66D,1,2
1370,DP,4,1,1
1370,DP,3,1,2
1371,IT,67,1,1
1371,IT,66C,1,2
1371,IT,66D,1,3
1372,IT,66D,1,1
1372,IT,67,1,2
1373,NDPS,20,1,1
1373,NDPS,8,1,2
1374,POCSO,8,1,1
1374,POCSO,6,1,2
1374,POCSO,4,1,3
1375,DP,3,1,1
1376,DP,4,1,1
1377,IPC,323,1,1
1378,DP,3,1,1
1378,DP,4,1,2
1379,POCSO,8,1,1
1380,POCSO,6,1,1
1381,POCSO,6,1,1
1381,POCSO,8,1,2
1381,POCSO,4,1,3
1382,POCSO,6,1,1
1382,POCSO,8,1,2
1382,POCSO,4,1,3
1383,IT,66D,1,1
1383,IT,66C,1,2
1383,IT,67,1,3
1384,DP,3,1,1
1384,DP,4,1,2
1385,MV,196,1,1
1385,MV,184,1,2
1385,MV,177,1,3
1386,DP,3,1,1
1387,POCSO,4,1,1
1387,POCSO,8,1,2
1387,POCSO,6,1,3
1388,MV,177,1,1
1388,MV,184,1,2
1388,MV,196,1,3
1389,IPC,34,1,1
1389,IPC,354,1,2
1390,NDPS,20,1,1
1391,DP,4,1,1
1392,DP,3,1,1
1392,DP,4,1,2
1393,DP,4,1,1
1393,DP,3,1,2
1394,IT,66D,1,1
1395,DP,3,1,1
1395,DP,4,1,2
1396,NDPS,20,1,1
1396,NDPS,22,1,2
1397,NDPS,8,1,1
1398,IT,66C,1,1
1398,IT,67,1,2
1399,DP,3,1,1
1400,IPC,323,1,1
1400,IPC,376,1,2
1401,POCSO,4,1,1
1401,POCSO,6,1,2
1401,POCSO,8,1,3
1402,MV,184,1,1
1402,MV,177,1,2
1403,POCSO,6,1,1
1403,POCSO,8,1,2
1403,POCSO,4,1,3
1404,POCSO,6,1,1
1405,DP,3,1,1
1406,IPC,392,1,1
1406,IPC,120B,1,2
1407,IT,66D,1,1
1407,IT,66C,1,2
1407,IT,67,1,3
1408,IPC,120B,1,1
1408,IPC,420,1,2
1409,POCSO,8,1,1
1409,POCSO,4,1,2
1410,MV,177,1,1
1410,MV,184,1,2
1410,MV,196,1,3
1411,POCSO,4,1,1
1411,POCSO,8,1,2
1411,POCSO,6,1,3
1412,IPC,34,1,1
1412,IPC,420,1,2
1412,IPC,376,1,3
1413,POCSO,4,1,1
1414,IPC,411,1,1
1414,IPC,302,1,2
1415,MV,196,1,1
1416,DP,4,1,1
1417,NDPS,22,1,1
1417,NDPS,8,1,2
1417,NDPS,21,1,3
1418,IPC,379,1,1
1419,DP,3,1,1
1419,DP,4,1,2
1420,NDPS,22,1,1
1420,NDPS,21,1,2
1421,IT,66C,1,1
1422,DP,4,1,1
1422,DP,3,1,2
1423,DP,4,1,1
1423,DP,3,1,2
1424,IT,66C,1,1
1425,POCSO,8,1,1
1425,POCSO,4,1,2
1425,POCSO,6,1,3
1426,NDPS,22,1,1
1426,NDPS,21,1,2
1426,NDPS,20,1,3
1427,DP,3,1,1
1427,DP,4,1,2
1428,NDPS,21,1,1
1429,IT,67,1,1
1429,IT,66D,1,2
1429,IT,66C,1,3
1430,IPC,120B,1,1
1430,IPC,307,1,2
1431,NDPS,8,1,1
1431,NDPS,22,1,2
1431,NDPS,21,1,3
1432,IT,66C,1,1
1432,IT,67,1,2
1433,MV,184,1,1
1434,IT,66C,1,1
1434,IT,66D,1,2
1435,IPC,120B,1,1
1435,IPC,392,1,2
1436,IT,66D,1,1
1436,IT,66C,1,2
1436,IT,67,1,3
1437,DP,4,1,1
1438,DP,3,1,1
1439,NDPS,22,1,1
1439,NDPS,20,1,2
1439,NDPS,8,1,3
1440,IT,66C,1,1
1440,IT,67,1,2
1441,MV,177,1,1
1442,IPC,34,1,1
1443,DP,4,1,1
1443,DP,3,1,2
1444,IPC,34,1,1
1444,IPC,376,1,2
1445,IT,66C,1,1
1446,MV,196,1,1
1446,MV,184,1,2
1446,MV,177,1,3
1447,IT,66C,1,1
1447,IT,67,1,2
1448,IT,67,1,1
1448,IT,66D,1,2
1449,IT,66C,1,1
1449,IT,66D,1,2
1450,IPC,354,1,1
1450,IPC,411,1,2
1450,IPC,379,1,3
1451,IT,66D,1,1
1452,MV,196,1,1
1453,NDPS,22,1,1
1453,NDPS,21,1,2
1454,POCSO,6,1,1
1454,POCSO,8,1,2
1454,POCSO,4,1,3
1455,IT,66D,1,1
1455,IT,67,1,2
1455,IT,66C,1,3
1456,IT,66C,1,1
1456,IT,66D,1,2
1456,IT,67,1,3
1457,NDPS,8,1,1
1457,NDPS,22,1,2
1457,NDPS,21,1,3
1458,IT,66C,1,1
1459,POCSO,4,1,1
1460,NDPS,22,1,1
1461,DP,4,1,1
1461,DP,3,1,2
1462,NDPS,22,1,1
1463,IPC,420,1,1
1463,IPC,379,1,2
1464,IPC,302,1,1
1464,IPC,120B,1,2
1464,IPC,392,1,3
1465,IPC,302,1,1
1465,IPC,34,1,2
1466,NDPS,22,1,1
1467,DP,3,1,1
1467,DP,4,1,2
1468,NDPS,8,1,1
1469,IT,67,1,1
1469,IT,66D,1,2
1469,IT,66C,1,3
1470,IT,66C,1,1
1470,IT,66D,1,2
1470,IT,67,1,3
1471,IPC,307,1,1
1471,IPC,323,1,2
1471,IPC,120B,1,3
1472,DP,4,1,1
1473,IPC,307,1,1
1474,DP,4,1,1
1475,NDPS,8,1,1
1475,NDPS,20,1,2
1475,NDPS,22,1,3
1476,NDPS,21,1,1
1477,POCSO,8,1,1
1478,NDPS,20,1,1
1479,NDPS,20,1,1
1479,NDPS,21,1,2
1479,NDPS,22,1,3
1480,IPC,307,1,1
1481,MV,196,1,1
1482,IT,66C,1,1
1482,IT,67,1,2
1483,IPC,34,1,1
1484,DP,4,1,1
1484,DP,3,1,2
1485,IPC,354,1,1
1486,MV,177,1,1
1487,DP,3,1,1
1487,DP,4,1,2
1488,IT,66C,1,1
1488,IT,67,1,2
1488,IT,66D,1,3
1489,DP,4,1,1
1490,DP,4,1,1
1491,IT,67,1,1
1491,IT,66D,1,2
1491,IT,66C,1,3
1492,DP,4,1,1
1493,IPC,323,1,1
1493,IPC,420,1,2
1493,IPC,411,1,3
1494,DP,3,1,1
1494,DP,4,1,2
1495,IT,66D,1,1
1495,IT,67,1,2
1495,IT,66C,1,3
1496,POCSO,6,1,1
1496,POCSO,8,1,2
1497,DP,4,1,1
1498,IPC,302,1,1
1498,IPC,411,1,2
1498,IPC,354,1,3
1499,MV,184,1,1
1500,IT,67,1,1
1500,IT,66C,1,2
1500,IT,66D,1,3
1501,POCSO,8,1,1
1501,POCSO,6,1,2
1501,POCSO,4,1,3
1502,POCSO,6,1,1
1502,POCSO,4,1,2
1502,POCSO,8,1,3
1503,NDPS,21,1,1
1503,NDPS,22,1,2
1503,NDPS,8,1,3
1504,IT,66C,1,1
1504,IT,67,1,2
1505,MV,177,1,1
1506,MV,184,1,1
1506,MV,196,1,2
1506,MV,177,1,3
1507,DP,4,1,1
1507,DP,3,1,2
1508,IT,67,1,1
1509,MV,177,1,1
1509,MV,184,1,2
1510,POCSO,8,1,1
1510,POCSO,4,1,2
1511,IPC,392,1,1
1511,IPC,34,1,2
1512,POCSO,4,1,1
1512,POCSO,6,1,2
1513,NDPS,21,1,1
1513,NDPS,22,1,2
1513,NDPS,20,1,3
1514,POCSO,6,1,1
1514,POCSO,4,1,2
1514,POCSO,8,1,3
1515,IPC,323,1,1
1515,IPC,420,1,2
1515,IPC,34,1,3
1516,NDPS,22,1,1
1517,POCSO,6,1,1
1517,POCSO,4,1,2
1517,POCSO,8,1,3
1518,IT,66C,1,1
1518,IT,67,1,2
1519,POCSO,8,1,1
1520,IPC,323,1,1
1520,IPC,379,1,2
1520,IPC,34,1,3
1521,IPC,376,1,1
1521,IPC,120B,1,2
1521,IPC,411,1,3
1522,POCSO,4,1,1
1522,POCSO,8,1,2
1522,POCSO,6,1,3
1523,IT,66C,1,1
1524,POCSO,4,1,1
1524,POCSO,6,1,2
1524,POCSO,8,1,3
1525,IPC,307,1,1
1526,DP,3,1,1
1526,DP,4,1,2
1527,IPC,307,1,1
1527,IPC,323,1,2
1527,IPC,376,1,3
1528,IT,67,1,1
1529,POCSO,4,1,1
1529,POCSO,8,1,2
1530,POCSO,8,1,1
1530,POCSO,6,1,2
1530,POCSO,4,1,3
1531,IPC,379,1,1
1532,NDPS,21,1,1
1532,NDPS,20,1,2
1533,MV,177,1,1
1534,NDPS,20,1,1
1534,NDPS,22,1,2
1535,MV,196,1,1
1535,MV,184,1,2
1536,MV,184,1,1
1537,NDPS,22,1,1
1538,IT,67,1,1
1538,IT,66C,1,2
1539,POCSO,4,1,1
1539,POCSO,6,1,2
1540,IT,66D,1,1
1540,IT,67,1,2
1540,IT,66C,1,3
1541,DP,4,1,1
1541,DP,3,1,2
1542,NDPS,20,1,1
1542,NDPS,8,1,2
1542,NDPS,22,1,3
1543,MV,184,1,1
1544,POCSO,4,1,1
1545,MV,184,1,1
1545,MV,177,1,2
1545,MV,196,1,3
1546,IPC,420,1,1
1547,DP,4,1,1
1548,NDPS,21,1,1
1548,NDPS,8,1,2
1548,NDPS,22,1,3
1549,IT,66D,1,1
1549,IT,67,1,2
1549,IT,66C,1,3
1550,NDPS,8,1,1
1550,NDPS,22,1,2
1551,POCSO,4,1,1
1551,POCSO,6,1,2
1552,POCSO,8,1,1
1552,POCSO,6,1,2
1553,POCSO,6,1,1
1554,IT,66C,1,1
1555,POCSO,8,1,1
1555,POCSO,4,1,2
1555,POCSO,6,1,3
1556,DP,4,1,1
1556,DP,3,1,2
1557,MV,177,1,1
1558,IT,66C,1,1
1558,IT,66D,1,2
1558,IT,67,1,3
1559,NDPS,20,1,1
1559,NDPS,22,1,2
1560,NDPS,8,1,1
1560,NDPS,20,1,2
1561,MV,177,1,1
1561,MV,196,1,2
1561,MV,184,1,3
1562,IT,66D,1,1
1563,POCSO,6,1,1
1563,POCSO,8,1,2
1564,IPC,376,1,1
1565,MV,177,1,1
1565,MV,196,1,2
1565,MV,184,1,3
1566,POCSO,6,1,1
1566,POCSO,4,1,2
1567,POCSO,8,1,1
1567,POCSO,6,1,2
1567,POCSO,4,1,3
1568,POCSO,4,1,1
1568,POCSO,6,1,2
1569,IPC,302,1,1
1569,IPC,420,1,2
1569,IPC,34,1,3
1570,POCSO,4,1,1
1570,POCSO,6,1,2
1570,POCSO,8,1,3
1571,DP,3,1,1
1572,POCSO,6,1,1
1572,POCSO,8,1,2
1572,POCSO,4,1,3
1573,IT,67,1,1
1574,MV,184,1,1
1574,MV,196,1,2
1574,MV,177,1,3
1575,DP,4,1,1
1576,POCSO,8,1,1
1576,POCSO,4,1,2
1577,MV,196,1,1
1577,MV,177,1,2
1577,MV,184,1,3
1578,POCSO,8,1,1
1578,POCSO,4,1,2
1579,POCSO,8,1,1
1579,POCSO,4,1,2
1580,POCSO,6,1,1
1580,POCSO,4,1,2
1581,NDPS,8,1,1
1581,NDPS,20,1,2
1582,POCSO,4,1,1
1582,POCSO,6,1,2
1583,IT,66C,1,1
1583,IT,67,1,2
1584,IT,67,1,1
1584,IT,66D,1,2
1584,IT,66C,1,3
1585,IT,66C,1,1
1586,MV,184,1,1
1586,MV,177,1,2
1586,MV,196,1,3
1587,IT,66D,1,1
1587,IT,67,1,2
1588,NDPS,20,1,1
1589,NDPS,20,1,1
1589,NDPS,21,1,2
1589,NDPS,22,1,3
1590,MV,196,1,1
1590,MV,184,1,2
1590,MV,177,1,3
1591,NDPS,22,1,1
1591,NDPS,8,1,2
1592,MV,177,1,1
1593,POCSO,8,1,1
1593,POCSO,6,1,2
1593,POCSO,4,1,3
1594,NDPS,21,1,1
1594,NDPS,8,1,2
1595,MV,184,1,1
1595,MV,177,1,2
1595,MV,196,1,3
1596,IT,66D,1,1
1596,IT,66C,1,2
1597,IPC,120B,1,1
1597,IPC,323,1,2
1597,IPC,411,1,3
1598,POCSO,6,1,1
1599,POCSO,6,1,1
1600,MV,184,1,1
1601,NDPS,21,1,1
1601,NDPS,8,1,2
1601,NDPS,20,1,3
1602,MV,177,1,1
1602,MV,184,1,2
1603,NDPS,22,1,1
1603,NDPS,20,1,2
1604,DP,4,1,1
1604,DP,3,1,2
1605,IPC,354,1,1
1605,IPC,302,1,2
1605,IPC,379,1,3
1606,IT,67,1,1
1606,IT,66D,1,2
1606,IT,66C,1,3
1607,MV,184,1,1
1608,IPC,376,1,1
1608,IPC,411,1,2
1608,IPC,392,1,3
1609,MV,177,1,1
1610,IPC,411,1,1
1610,IPC,323,1,2
1611,IT,66C,1,1
1612,MV,184,1,1
1612,MV,177,1,2
1613,IT,67,1,1
1613,IT,66D,1,2
1613,IT,66C,1,3
1614,DP,4,1,1
1614,DP,3,1,2
1615,IT,66C,1,1
1615,IT,66D,1,2
1616,IPC,302,1,1
1616,IPC,323,1,2
1617,IT,66C,1,1
1617,IT,67,1,2
1617,IT,66D,1,3
1618,NDPS,21,1,1
1618,NDPS,20,1,2
1619,DP,3,1,1
1620,POCSO,8,1,1
1621,MV,177,1,1
1622,IT,66C,1,1
1623,IPC,34,1,1
1623,IPC,420,1,2
1624,POCSO,8,1,1
1625,MV,196,1,1
1626,IPC,420,1,1
1626,IPC,411,1,2
1626,IPC,379,1,3
1627,DP,3,1,1
1628,IT,66C,1,1
1628,IT,67,1,2
1628,IT,66D,1,3
1629,DP,4,1,1
1629,DP,3,1,2
1630,IT,67,1,1
1630,IT,66C,1,2
1630,IT,66D,1,3
1631,DP,3,1,1
1632,MV,177,1,1
1632,MV,196,1,2
1633,IT,66D,1,1
1633,IT,66C,1,2
1633,IT,67,1,3
1634,IPC,420,1,1
1634,IPC,34,1,2
1634,IPC,392,1,3
1635,IPC,323,1,1
1635,IPC,354,1,2
1635,IPC,376,1,3
1636,MV,196,1,1
1636,MV,184,1,2
1637,MV,184,1,1
1637,MV,177,1,2
1637,MV,196,1,3
1638,POCSO,6,1,1
1638,POCSO,4,1,2
1638,POCSO,8,1,3
1639,IPC,392,1,1
1640,POCSO,8,1,1
1640,POCSO,4,1,2
1641,IPC,376,1,1
1641,IPC,411,1,2
1641,IPC,392,1,3
1642,DP,3,1,1
1643,IPC,34,1,1
1643,IPC,420,1,2
1643,IPC,376,1,3
1644,IT,66C,1,1
1644,IT,66D,1,2
1644,IT,67,1,3
1645,NDPS,22,1,1
1646,IPC,120B,1,1
1646,IPC,34,1,2
1647,IT,66C,1,1
1647,IT,67,1,2
1647,IT,66D,1,3
1648,IT,66D,1,1
1649,DP,4,1,1
1650,IT,66D,1,1
1650,IT,67,1,2
1650,IT,66C,1,3
1651,IT,66D,1,1
1651,IT,66C,1,2
1652,IPC,302,1,1
1652,IPC,307,1,2
1653,NDPS,22,1,1
1653,NDPS,8,1,2
1653,NDPS,20,1,3
1654,DP,3,1,1
1654,DP,4,1,2
1655,IT,67,1,1
1655,IT,66D,1,2
1655,IT,66C,1,3
1656,NDPS,22,1,1
1657,IPC,323,1,1
1657,IPC,302,1,2
1658,POCSO,8,1,1
1659,DP,4,1,1
1660,DP,3,1,1
1660,DP,4,1,2
1661,IT,67,1,1
1661,IT,66C,1,2
1661,IT,66D,1,3
1662,DP,3,1,1
1662,DP,4,1,2
1663,POCSO,4,1,1
1663,POCSO,6,1,2
1664,IPC,354,1,1
1665,MV,184,1,1
1665,MV,177,1,2
1666,IT,67,1,1
1666,IT,66C,1,2
1667,IPC,411,1,1
1668,IT,66D,1,1
1668,IT,66C,1,2
1669,IT,67,1,1
1669,IT,66D,1,2
1670,POCSO,8,1,1
1671,IT,66D,1,1
1671,IT,66C,1,2
1671,IT,67,1,3
1672,DP,3,1,1
1673,NDPS,22,1,1
1673,NDPS,21,1,2
1674,NDPS,22,1,1
1674,NDPS,21,1,2
1675,DP,3,1,1
1675,DP,4,1,2
1676,IT,66C,1,1
1677,IT,67,1,1
1677,IT,66C,1,2
1678,MV,196,1,1
1679,MV,196,1,1
1679,MV,184,1,2
1679,MV,177,1,3
1680,IT,67,1,1
1681,IT,66D,1,1
1681,IT,67,1,2
1682,NDPS,21,1,1
1683,DP,4,1,1
1684,DP,3,1,1
1685,POCSO,4,1,1
1686,POCSO,4,1,1
1686,POCSO,8,1,2
1687,IPC,420,1,1
1687,IPC,376,1,2
1688,MV,196,1,1
1688,MV,184,1,2
1689,POCSO,6,1,1
1690,POCSO,6,1,1
1690,POCSO,4,1,2
1690,POCSO,8,1,3
1691,DP,4,1,1
1691,DP,3,1,2
1692,DP,3,1,1
1692,DP,4,1,2
1693,MV,196,1,1
1693,MV,177,1,2
1693,MV,184,1,3
1694,IT,67,1,1
1694,IT,66C,1,2
1695,POCSO,6,1,1
1695,POCSO,8,1,2
1695,POCSO,4,1,3
1696,POCSO,4,1,1
1696,POCSO,6,1,2
1697,DP,4,1,1
1697,DP,3,1,2
1698,POCSO,8,1,1
1698,POCSO,6,1,2
1699,IPC,120B,1,1
1700,IPC,354,1,1
1700,IPC,307,1,2
1701,MV,177,1,1
1702,POCSO,6,1,1
1702,POCSO,8,1,2
1702,POCSO,4,1,3
1703,MV,184,1,1
1704,DP,3,1,1
1704,DP,4,1,2
1705,NDPS,8,1,1
1705,NDPS,22,1,2
1706,NDPS,20,1,1
1706,NDPS,21,1,2
1706,NDPS,22,1,3
1707,DP,3,1,1
1708,MV,177,1,1
1709,MV,196,1,1
1710,MV,196,1,1
1710,MV,177,1,2
1710,MV,184,1,3
1711,NDPS,20,1,1
1712,MV,196,1,1
1713,POCSO,6,1,1
1714,POCSO,6,1,1
1714,POCSO,8,1,2
1714,POCSO,4,1,3
1715,POCSO,4,1,1
1715,POCSO,8,1,2
1715,POCSO,6,1,3
1716,IT,67,1,1
1716,IT,66D,1,2
1717,IPC,34,1,1
1717,IPC,302,1,2
1717,IPC,307,1,3
1718,NDPS,21,1,1
1719,MV,196,1,1
1719,MV,177,1,2
1719,MV,184,1,3
1720,NDPS,8,1,1
1720,NDPS,21,1,2
1720,NDPS,20,1,3
1721,IT,67,1,1
1721,IT,66C,1,2
1722,IPC,323,1,1
1723,IPC,323,1,1
1724,MV,184,1,1
1724,MV,177,1,2
1725,MV,184,1,1
1725,MV,177,1,2
1725,MV,196,1,3
1726,DP,4,1,1
1727,NDPS,8,1,1
1728,MV,184,1,1
1728,MV,177,1,2
1729,IPC,307,1,1
1730,NDPS,8,1,1
1730,NDPS,20,1,2
1730,NDPS,22,1,3
1731,NDPS,20,1,1
1731,NDPS,22,1,2
1732,DP,4,1,1
1733,IPC,376,1,1
1733,IPC,379,1,2
1733,IPC,307,1,3
1734,IPC,34,1,1
1735,NDPS,8,1,1
1736,POCSO,6,1,1
1737,NDPS,20,1,1
1737,NDPS,8,1,2
1737,NDPS,22,1,3
1738,NDPS,21,1,1
1739,IPC,392,1,1
1740,DP,3,1,1
1741,IPC,420,1,1
1741,IPC,376,1,2
1742,POCSO,8,1,1
1742,POCSO,4,1,2
1743,POCSO,8,1,1
1744,MV,196,1,1
1744,MV,177,1,2
1744,MV,184,1,3
1745,IPC,379,1,1
1746,MV,184,1,1
1746,MV,196,1,2
1747,IPC,34,1,1
1747,IPC,411,1,2
1748,DP,3,1,1
1748,DP,4,1,2
1749,IPC,323,1,1
1750,POCSO,4,1,1
1750,POCSO,6,1,2
1750,POCSO,8,1,3
1751,POCSO,4,1,1
1751,POCSO,6,1,2
1752,NDPS,21,1,1
1752,NDPS,20,1,2
1752,NDPS,8,1,3
1753,IPC,420,1,1
1754,IT,67,1,1
1755,DP,4,1,1
1755,DP,3,1,2
1756,IPC,307,1,1
1756,IPC,420,1,2
1757,IPC,302,1,1
1757,IPC,307,1,2
1758,MV,177,1,1
1758,MV,184,1,2
1759,POCSO,4,1,1
1760,IPC,379,1,1
1760,IPC,302,1,2
1761,IT,66C,1,1
1761,IT,66D,1,2
1761,IT,67,1,3
1762,NDPS,22,1,1
1763,DP,3,1,1
1763,DP,4,1,2
1764,IPC,411,1,1
1764,IPC,323,1,2
1765,NDPS,20,1,1
1765,NDPS,21,1,2
1765,NDPS,22,1,3
1766,MV,196,1,1
1767,NDPS,20,1,1
1767,NDPS,8,1,2
1767,NDPS,21,1,3
1768,IT,66D,1,1
1769,IPC,323,1,1
1770,NDPS,20,1,1
1771,MV,177,1,1
1772,MV,177,1,1
1772,MV,196,1,2
1772,MV,184,1,3
1773,NDPS,22,1,1
1774,DP,4,1,1
1775,NDPS,20,1,1
1776,MV,184,1,1
1776,MV,196,1,2
1777,IT,66D,1,1
1777,IT,67,1,2
1777,IT,66C,1,3
1778,MV,177,1,1
1779,POCSO,8,1,1
1779,POCSO,6,1,2
1780,NDPS,22,1,1
1780,NDPS,20,1,2
1780,NDPS,21,1,3
1781,DP,4,1,1
1782,DP,4,1,1
1783,NDPS,8,1,1
1783,NDPS,20,1,2
1784,NDPS,8,1,1
1784,NDPS,21,1,2
1785,IT,66D,1,1
1786,IPC,392,1,1
1786,IPC,323,1,2
1786,IPC,354,1,3
1787,DP,3,1,1
1788,NDPS,20,1,1
1788,NDPS,21,1,2
1789,NDPS,22,1,1
1790,POCSO,4,1,1
1790,POCSO,6,1,2
1790,POCSO,8,1,3
1791,POCSO,4,1,1
1791,POCSO,6,1,2
1791,POCSO,8,1,3
1792,POCSO,8,1,1
1793,IPC,376,1,1
1794,DP,4,1,1
1794,DP,3,1,2
1795,IPC,420,1,1
1795,IPC,376,1,2
1796,MV,177,1,1
1797,IPC,120B,1,1
1797,IPC,354,1,2
1798,IPC,376,1,1
1798,IPC,34,1,2
1799,IT,67,1,1
1800,DP,4,1,1
1801,NDPS,22,1,1
1801,NDPS,8,1,2
1802,IT,66C,1,1
1803,DP,3,1,1
1803,DP,4,1,2
1804,IT,66D,1,1
1804,IT,66C,1,2
1804,IT,67,1,3
1805,DP,3,1,1
1805,DP,4,1,2
1806,POCSO,6,1,1
1806,POCSO,4,1,2
1806,POCSO,8,1,3
1807,DP,4,1,1
1808,IPC,120B,1,1
1809,IT,67,1,1
1809,IT,66D,1,2
1810,IT,66C,1,1
1811,POCSO,8,1,1
1811,POCSO,4,1,2
1811,POCSO,6,1,3
1812,POCSO,4,1,1
1812,POCSO,6,1,2
1812,POCSO,8,1,3
1813,IPC,307,1,1
1813,IPC,392,1,2
1814,IT,67,1,1
1814,IT,66C,1,2
1814,IT,66D,1,3
1815,NDPS,22,1,1
1815,NDPS,20,1,2
1815,NDPS,8,1,3
1816,POCSO,6,1,1
1816,POCSO,8,1,2
1816,POCSO,4,1,3
1817,NDPS,22,1,1
1817,NDPS,20,1,2
1817,NDPS,8,1,3
1818,NDPS,22,1,1
1818,NDPS,8,1,2
1819,MV,177,1,1
1819,MV,196,1,2
1819,MV,184,1,3
1820,MV,177,1,1
1820,MV,196,1,2
1820,MV,184,1,3
1821,POCSO,6,1,1
1821,POCSO,8,1,2
1821,POCSO,4,1,3
1822,NDPS,22,1,1
1823,MV,184,1,1
1824,MV,177,1,1
1824,MV,196,1,2
1825,POCSO,8,1,1
1825,POCSO,4,1,2
1826,IPC,392,1,1
1827,NDPS,20,1,1
1827,NDPS,21,1,2
1828,DP,3,1,1
1829,DP,4,1,1
1830,MV,177,1,1
1831,POCSO,4,1,1
1832,IPC,354,1,1
1833,IT,66D,1,1
1833,IT,66C,1,2
1834,POCSO,6,1,1
1835,NDPS,8,1,1
1836,POCSO,8,1,1
1836,POCSO,6,1,2
1836,POCSO,4,1,3
1837,IT,66C,1,1
1837,IT,66D,1,2
1837,IT,67,1,3
1838,IPC,354,1,1
1838,IPC,376,1,2
1838,IPC,392,1,3
1839,MV,196,1,1
1839,MV,177,1,2
1839,MV,184,1,3
1840,DP,4,1,1
1841,MV,184,1,1
1841,MV,196,1,2
1842,IPC,302,1,1
1842,IPC,411,1,2
1842,IPC,120B,1,3
1843,IT,66C,1,1
1844,NDPS,8,1,1
1844,NDPS,21,1,2
1844,NDPS,20,1,3
1845,POCSO,4,1,1
1846,DP,3,1,1
1847,IT,67,1,1
1848,DP,3,1,1
1848,DP,4,1,2
1849,NDPS,8,1,1
1849,NDPS,22,1,2
1849,NDPS,21,1,3
1850,IT,67,1,1
1851,IPC,302,1,1
1851,IPC,379,1,2
1852,NDPS,8,1,1
1853,POCSO,4,1,1
1853,POCSO,6,1,2
1854,DP,4,1,1
1855,IPC,376,1,1
1855,IPC,307,1,2
1856,POCSO,4,1,1
1856,POCSO,8,1,2
1856,POCSO,6,1,3
1857,NDPS,22,1,1
1857,NDPS,8,1,2
1857,NDPS,20,1,3
1858,POCSO,4,1,1
1858,POCSO,6,1,2
1859,MV,177,1,1
1859,MV,184,1,2
1859,MV,196,1,3
1860,MV,177,1,1
1860,MV,196,1,2
1861,DP,4,1,1
1862,DP,4,1,1
1862,DP,3,1,2
1863,POCSO,6,1,1
1863,POCSO,8,1,2
1864,IT,66D,1,1
1864,IT,67,1,2
1864,IT,66C,1,3
1865,IT,66C,1,1
1865,IT,66D,1,2
1865,IT,67,1,3
1866,DP,3,1,1
1866,DP,4,1,2
1867,DP,3,1,1
1868,IPC,420,1,1
1868,IPC,307,1,2
1868,IPC,354,1,3
1869,IPC,34,1,1
1870,NDPS,20,1,1
1870,NDPS,8,1,2
1871,POCSO,8,1,1
1872,DP,4,1,1
1872,DP,3,1,2
1873,POCSO,8,1,1
1873,POCSO,4,1,2
1874,DP,3,1,1
1874,DP,4,1,2
1875,DP,3,1,1
1875,DP,4,1,2
1876,NDPS,20,1,1
1877,POCSO,8,1,1
1878,MV,177,1,1
1879,IPC,379,1,1
1879,IPC,411,1,2
1880,IT,67,1,1
1881,NDPS,22,1,1
1882,IPC,120B,1,1
1882,IPC,420,1,2
1883,POCSO,6,1,1
1884,IPC,307,1,1
1884,IPC,392,1,2
1884,IPC,411,1,3
1885,IT,66D,1,1
1886,POCSO,4,1,1
1886,POCSO,6,1,2
1887,POCSO,4,1,1
1888,POCSO,4,1,1
1888,POCSO,6,1,2
1889,IT,66C,1,1
1890,IPC,376,1,1
1890,IPC,323,1,2
1890,IPC,302,1,3
1891,IT,67,1,1
1891,IT,66D,1,2
1891,IT,66C,1,3
1892,DP,4,1,1
1893,DP,3,1,1
1894,MV,177,1,1
1895,IPC,392,1,1
1895,IPC,323,1,2
1895,IPC,379,1,3
1896,IPC,34,1,1
1896,IPC,379,1,2
1896,IPC,376,1,3
1897,NDPS,22,1,1
1897,NDPS,8,1,2
1897,NDPS,20,1,3
1898,POCSO,4,1,1
1898,POCSO,8,1,2
1899,IPC,302,1,1
1899,IPC,411,1,2
1900,NDPS,8,1,1
1901,MV,196,1,1
1901,MV,184,1,2
1901,MV,177,1,3
1902,MV,177,1,1
1903,IT,66D,1,1
1904,NDPS,21,1,1
1905,NDPS,20,1,1
1905,NDPS,8,1,2
1906,NDPS,20,1,1
1907,MV,184,1,1
1907,MV,177,1,2
1908,MV,196,1,1
1909,IT,66C,1,1
1909,IT,67,1,2
1910,DP,3,1,1
1910,DP,4,1,2
1911,DP,4,1,1
1912,IPC,323,1,1
1912,IPC,120B,1,2
1913,NDPS,22,1,1
1913,NDPS,21,1,2
1913,NDPS,20,1,3
1914,IT,66D,1,1
1914,IT,67,1,2
1915,NDPS,22,1,1
1915,NDPS,8,1,2
1916,POCSO,4,1,1
1916,POCSO,6,1,2
1916,POCSO,8,1,3
1917,MV,184,1,1
1917,MV,177,1,2
1917,MV,196,1,3
1918,IT,67,1,1
1919,DP,4,1,1
1920,DP,4,1,1
1921,DP,3,1,1
1922,POCSO,8,1,1
1922,POCSO,4,1,2
1923,NDPS,22,1,1
1923,NDPS,21,1,2
1923,NDPS,20,1,3
1924,IPC,420,1,1
1924,IPC,120B,1,2
1924,IPC,307,1,3
1925,NDPS,22,1,1
1925,NDPS,8,1,2
1926,DP,3,1,1
1927,IPC,376,1,1
1927,IPC,420,1,2
1927,IPC,379,1,3
1928,DP,3,1,1
1929,IPC,323,1,1
1929,IPC,420,1,2
1929,IPC,379,1,3
1930,NDPS,22,1,1
1930,NDPS,20,1,2
1931,IT,67,1,1
1931,IT,66C,1,2
1932,NDPS,20,1,1
1932,NDPS,21,1,2
1933,DP,4,1,1
1933,DP,3,1,2
1934,POCSO,6,1,1
1934,POCSO,8,1,2
1935,DP,3,1,1
1935,DP,4,1,2
1936,NDPS,21,1,1
1936,NDPS,22,1,2
1937,NDPS,22,1,1
1938,POCSO,8,1,1
1938,POCSO,4,1,2
1938,POCSO,6,1,3
1939,IPC,120B,1,1
1939,IPC,411,1,2
1940,POCSO,4,1,1
1940,POCSO,8,1,2
1941,DP,4,1,1
1941,DP,3,1,2
1942,IPC,323,1,1
1942,IPC,392,1,2
1943,IPC,420,1,1
1943,IPC,307,1,2
1943,IPC,323,1,3
1944,IT,66D,1,1
1944,IT,66C,1,2
1945,POCSO,4,1,1
1945,POCSO,8,1,2
1945,POCSO,6,1,3
1946,POCSO,4,1,1
1947,IT,66D,1,1
1947,IT,66C,1,2
1947,IT,67,1,3
1948,POCSO,8,1,1
1948,POCSO,6,1,2
1949,MV,184,1,1
1949,MV,177,1,2
1949,MV,196,1,3
1950,IPC,392,1,1
1950,IPC,420,1,2
1950,IPC,120B,1,3
1951,MV,196,1,1
1952,IPC,34,1,1
1952,IPC,354,1,2
1953,IT,66D,1,1
1953,IT,66C,1,2
1954,IT,66D,1,1
1954,IT,66C,1,2
1954,IT,67,1,3
1955,IT,66D,1,1
1955,IT,66C,1,2
1955,IT,67,1,3
1956,IPC,420,1,1
1956,IPC,354,1,2
1956,IPC,379,1,3
1957,IT,67,1,1
1957,IT,66D,1,2
1957,IT,66C,1,3
1958,IT,66C,1,1
1959,NDPS,21,1,1
1960,NDPS,22,1,1
1960,NDPS,21,1,2
1960,NDPS,20,1,3
1961,POCSO,8,1,1
1961,POCSO,6,1,2
1961,POCSO,4,1,3
1962,MV,184,1,1
1963,MV,196,1,1
1963,MV,184,1,2
1963,MV,177,1,3
1964,IT,67,1,1
1964,IT,66D,1,2
1965,MV,177,1,1
1965,MV,196,1,2
1966,IT,67,1,1
1966,IT,66D,1,2
1967,IT,66D,1,1
1968,NDPS,22,1,1
1969,NDPS,21,1,1
1970,DP,3,1,1
1970,DP,4,1,2
1971,IT,66D,1,1
1971,IT,66C,1,2
1972,DP,3,1,1
1972,DP,4,1,2
1973,MV,177,1,1
1974,IPC,34,1,1
1974,IPC,379,1,2
1974,IPC,120B,1,3
1975,DP,3,1,1
1976,POCSO,6,1,1
1976,POCSO,4,1,2
1977,IPC,411,1,1
1977,IPC,392,1,2
1978,NDPS,8,1,1
1978,NDPS,20,1,2
1978,NDPS,22,1,3
1979,MV,196,1,1
1980,MV,184,1,1
1981,MV,177,1,1
1981,MV,184,1,2
1981,MV,196,1,3
1982,IT,66C,1,1
1982,IT,66D,1,2
1982,IT,67,1,3
1983,DP,3,1,1
1983,DP,4,1,2
1984,DP,3,1,1
1984,DP,4,1,2
1985,IT,66C,1,1
1986,IPC,354,1,1
1986,IPC,420,1,2
1987,IT,67,1,1
1988,DP,3,1,1
1989,IT,66C,1,1
1990,NDPS,22,1,1
1990,NDPS,8,1,2
1991,POCSO,8,1,1
1991,POCSO,6,1,2
1991,POCSO,4,1,3
1992,IT,66C,1,1
1992,IT,67,1,2
1992,IT,66D,1,3
1993,MV,196,1,1
1993,MV,177,1,2
1993,MV,184,1,3
1994,MV,196,1,1
1995,DP,3,1,1
1996,POCSO,8,1,1
1997,NDPS,20,1,1
1997,NDPS,21,1,2
1997,NDPS,22,1,3
1998,NDPS,21,1,1
1998,NDPS,20,1,2
1999,POCSO,6,1,1
1999,POCSO,8,1,2
2000,MV,196,1,1
2000,MV,184,1,2
2001,NDPS,21,1,1
2001,NDPS,8,1,2
2002,DP,4,1,1
2002,DP,3,1,2
2003,POCSO,8,1,1
2003,POCSO,4,1,2
2003,POCSO,6,1,3
2004,MV,177,1,1
2005,POCSO,8,1,1
2005,POCSO,4,1,2
2006,MV,177,1,1
2006,MV,196,1,2
2006,MV,184,1,3
2007,NDPS,21,1,1
2008,IPC,323,1,1
2009,IPC,392,1,1
2009,IPC,120B,1,2
2010,DP,3,1,1
2011,MV,177,1,1
2011,MV,196,1,2
2011,MV,184,1,3
2012,NDPS,20,1,1
2012,NDPS,22,1,2
2013,IT,66D,1,1
2014,IT,67,1,1
2014,IT,66C,1,2
2014,IT,66D,1,3
2015,DP,3,1,1
2016,IT,66D,1,1
2017,IPC,354,1,1
2017,IPC,376,1,2
2017,IPC,420,1,3
2018,DP,4,1,1
2019,IT,66D,1,1
2019,IT,67,1,2
2019,IT,66C,1,3
2020,IT,66D,1,1
2021,IPC,411,1,1
2021,IPC,323,1,2
2022,IT,66C,1,1
2022,IT,66D,1,2
2022,IT,67,1,3
2023,NDPS,20,1,1
2023,NDPS,22,1,2
2023,NDPS,8,1,3
2024,MV,177,1,1
2025,DP,3,1,1
2026,NDPS,20,1,1
2027,IT,67,1,1
2027,IT,66D,1,2
2028,IT,66D,1,1
2028,IT,66C,1,2
2028,IT,67,1,3
2029,IPC,120B,1,1
2029,IPC,411,1,2
2030,MV,196,1,1
2030,MV,184,1,2
2031,IT,67,1,1
2031,IT,66C,1,2
2031,IT,66D,1,3
2032,POCSO,4,1,1
2032,POCSO,6,1,2
2032,POCSO,8,1,3
2033,IT,66C,1,1
2033,IT,66D,1,2
2034,POCSO,8,1,1
2035,MV,184,1,1
2035,MV,196,1,2
2036,IPC,120B,1,1
2036,IPC,392,1,2
2036,IPC,34,1,3
2037,POCSO,4,1,1
2037,POCSO,8,1,2
2037,POCSO,6,1,3
2038,NDPS,8,1,1
2038,NDPS,20,1,2
2039,IT,66C,1,1
2039,IT,67,1,2
2039,IT,66D,1,3
2040,MV,184,1,1
2040,MV,177,1,2
2041,IPC,34,1,1
2041,IPC,411,1,2
2042,IT,66D,1,1
2043,DP,4,1,1
2043,DP,3,1,2
2044,NDPS,21,1,1
2045,MV,196,1,1
2045,MV,177,1,2
2046,DP,3,1,1
2046,DP,4,1,2
2047,DP,4,1,1
2048,NDPS,21,1,1
2048,NDPS,8,1,2
2048,NDPS,22,1,3
2049,NDPS,21,1,1
2049,NDPS,20,1,2
2049,NDPS,8,1,3
2050,NDPS,21,1,1
2051,IPC,392,1,1
2052,POCSO,6,1,1
2052,POCSO,8,1,2
2053,POCSO,4,1,1
2053,POCSO,6,1,2
2053,POCSO,8,1,3
2054,NDPS,20,1,1
2055,IT,66D,1,1
2055,IT,66C,1,2
2056,IT,66D,1,1
2056,IT,67,1,2
2056,IT,66C,1,3
2057,NDPS,22,1,1
2057,NDPS,8,1,2
2057,NDPS,21,1,3
2058,NDPS,21,1,1
2058,NDPS,20,1,2
2058,NDPS,22,1,3
2059,MV,177,1,1
2059,MV,196,1,2
2060,DP,4,1,1
2061,POCSO,6,1,1
2062,POCSO,6,1,1
2062,POCSO,4,1,2
2063,DP,3,1,1
2064,DP,4,1,1
2064,DP,3,1,2
2065,IPC,302,1,1
2066,POCSO,8,1,1
2066,POCSO,6,1,2
2066,POCSO,4,1,3
2067,IPC,376,1,1
2068,NDPS,21,1,1
2069,IPC,307,1,1
2070,NDPS,21,1,1
2070,NDPS,20,1,2
2070,NDPS,8,1,3
2071,IT,66D,1,1
2072,MV,184,1,1
2073,DP,4,1,1
2073,DP,3,1,2
2074,POCSO,4,1,1
2074,POCSO,6,1,2
2075,IPC,420,1,1
2076,IPC,420,1,1
2076,IPC,392,1,2
2076,IPC,307,1,3
2077,MV,196,1,1
2077,MV,184,1,2
2078,MV,196,1,1
2079,POCSO,4,1,1
2079,POCSO,6,1,2
2079,POCSO,8,1,3
2080,IPC,120B,1,1
2081,IT,67,1,1
2081,IT,66C,1,2
2082,POCSO,4,1,1
2082,POCSO,8,1,2
2083,POCSO,4,1,1
2083,POCSO,6,1,2
2084,IT,66C,1,1
2084,IT,66D,1,2
2085,POCSO,6,1,1
2085,POCSO,4,1,2
2085,POCSO,8,1,3
2086,POCSO,6,1,1
2086,POCSO,4,1,2
2086,POCSO,8,1,3
2087,IPC,376,1,1
2087,IPC,411,1,2
2088,POCSO,6,1,1
2088,POCSO,4,1,2
2089,IPC,379,1,1
2090,DP,4,1,1
2091,IT,66D,1,1
2092,POCSO,8,1,1
2092,POCSO,6,1,2
2092,POCSO,4,1,3
2093,DP,4,1,1
2093,DP,3,1,2
2094,MV,196,1,1
2094,MV,184,1,2
2094,MV,177,1,3
2095,NDPS,8,1,1
2095,NDPS,21,1,2
2095,NDPS,22,1,3
2096,MV,184,1,1
2096,MV,196,1,2
2096,MV,177,1,3
2097,DP,4,1,1
2097,DP,3,1,2
2098,IT,66D,1,1
2099,POCSO,8,1,1
2099,POCSO,6,1,2
2099,POCSO,4,1,3
2100,NDPS,8,1,1
2100,NDPS,20,1,2
2100,NDPS,22,1,3
2101,IT,66C,1,1
2101,IT,66D,1,2
2102,NDPS,22,1,1
2102,NDPS,21,1,2
2103,POCSO,4,1,1
2103,POCSO,6,1,2
2103,POCSO,8,1,3
2104,MV,177,1,1
2105,NDPS,21,1,1
2105,NDPS,8,1,2
2105,NDPS,20,1,3
2106,NDPS,21,1,1
2106,NDPS,22,1,2
2106,NDPS,8,1,3
2107,POCSO,6,1,1
2107,POCSO,8,1,2
2108,IPC,379,1,1
2108,IPC,302,1,2
2108,IPC,34,1,3
2109,DP,3,1,1
2110,POCSO,4,1,1
2110,POCSO,6,1,2
2111,IT,66C,1,1
2111,IT,67,1,2
2112,DP,3,1,1
2113,MV,196,1,1
2114,POCSO,6,1,1
2115,DP,3,1,1
2115,DP,4,1,2
2116,IT,66C,1,1
2116,IT,66D,1,2
2117,POCSO,8,1,1
2118,POCSO,6,1,1
2118,POCSO,4,1,2
2119,MV,196,1,1
2119,MV,177,1,2
2119,MV,184,1,3
2120,NDPS,22,1,1
2120,NDPS,21,1,2
2121,POCSO,6,1,1
2121,POCSO,4,1,2
2122,DP,3,1,1
2122,DP,4,1,2
2123,IPC,392,1,1
2124,IT,67,1,1
2124,IT,66D,1,2
2124,IT,66C,1,3
2125,IPC,354,1,1
2125,IPC,392,1,2
2126,NDPS,8,1,1
2127,IT,66D,1,1
2128,IT,66C,1,1
2129,IT,67,1,1
2130,MV,196,1,1
2130,MV,177,1,2
2131,NDPS,22,1,1
2131,NDPS,8,1,2
2131,NDPS,21,1,3
2132,NDPS,21,1,1
2132,NDPS,20,1,2
2132,NDPS,22,1,3
2133,NDPS,20,1,1
2133,NDPS,8,1,2
2134,POCSO,8,1,1
2134,POCSO,4,1,2
2135,IPC,392,1,1
2135,IPC,34,1,2
2136,DP,3,1,1
2137,NDPS,21,1,1
2137,NDPS,8,1,2
2137,NDPS,20,1,3
2138,POCSO,4,1,1
2138,POCSO,8,1,2
2139,DP,3,1,1
2139,DP,4,1,2
2140,IT,67,1,1
2140,IT,66D,1,2
2141,POCSO,4,1,1
2142,MV,184,1,1
2142,MV,196,1,2
2143,IT,66C,1,1
2144,IPC,411,1,1
2144,IPC,323,1,2
2145,POCSO,4,1,1
2146,POCSO,6,1,1
2147,MV,177,1,1
2148,IT,66C,1,1
2149,MV,196,1,1
2150,IPC,307,1,1
2150,IPC,120B,1,2
2151,IPC,411,1,1
2151,IPC,302,1,2
2151,IPC,34,1,3
2152,POCSO,4,1,1
2153,NDPS,8,1,1
2153,NDPS,20,1,2
2154,DP,3,1,1
2155,IPC,323,1,1
2155,IPC,302,1,2
2156,DP,3,1,1
2156,DP,4,1,2
2157,MV,184,1,1
2157,MV,177,1,2
2158,IPC,411,1,1
2158,IPC,354,1,2
2158,IPC,376,1,3
2159,POCSO,8,1,1
2160,MV,184,1,1
2160,MV,177,1,2
2161,NDPS,8,1,1
2161,NDPS,21,1,2
2162,POCSO,4,1,1
2162,POCSO,6,1,2
2163,NDPS,21,1,1
2164,DP,4,1,1
2165,IPC,376,1,1
2166,POCSO,4,1,1
2166,POCSO,6,1,2
2166,POCSO,8,1,3
2167,NDPS,22,1,1
2168,MV,177,1,1
2168,MV,184,1,2
2169,DP,4,1,1
2170,POCSO,6,1,1
2170,POCSO,4,1,2
2171,IPC,420,1,1
2171,IPC,392,1,2
2171,IPC,307,1,3
2172,DP,3,1,1
2172,DP,4,1,2
2173,NDPS,8,1,1
2173,NDPS,21,1,2
2174,POCSO,6,1,1
2174,POCSO,4,1,2
2174,POCSO,8,1,3
2175,DP,3,1,1
2175,DP,4,1,2
2176,MV,184,1,1
2176,MV,177,1,2
2176,MV,196,1,3
2177,DP,4,1,1
2178,POCSO,8,1,1
2179,POCSO,6,1,1
2179,POCSO,4,1,2
2179,POCSO,8,1,3
2180,POCSO,4,1,1
2180,POCSO,6,1,2
2180,POCSO,8,1,3
2181,MV,184,1,1
2181,MV,196,1,2
2181,MV,177,1,3
2182,IPC,354,1,1
2182,IPC,379,1,2
2183,NDPS,22,1,1
2183,NDPS,20,1,2
2184,NDPS,20,1,1
2184,NDPS,8,1,2
2184,NDPS,21,1,3
2185,POCSO,4,1,1
2185,POCSO,6,1,2
2186,DP,3,1,1
2186,DP,4,1,2
2187,IPC,379,1,1
2188,IT,66D,1,1
2189,IT,67,1,1
2190,DP,3,1,1
2190,DP,4,1,2
2191,IT,67,1,1
2191,IT,66C,1,2
2191,IT,66D,1,3
2192,IT,66D,1,1
2192,IT,67,1,2
2192,IT,66C,1,3
2193,MV,184,1,1
2194,MV,177,1,1
2194,MV,184,1,2
2194,MV,196,1,3
2195,IT,66D,1,1
2195,IT,67,1,2
2196,NDPS,22,1,1
2197,IT,66C,1,1
2197,IT,67,1,2
2197,IT,66D,1,3
2198,MV,184,1,1
2199,NDPS,8,1,1
2199,NDPS,21,1,2
2200,IPC,34,1,1
2200,IPC,411,1,2
2200,IPC,302,1,3
2201,IT,66C,1,1
2202,IT,66C,1,1
2202,IT,67,1,2
2203,NDPS,22,1,1
2203,NDPS,8,1,2
2203,NDPS,21,1,3
2204,NDPS,8,1,1
2205,IT,66D,1,1
2205,IT,67,1,2
2206,MV,196,1,1
2206,MV,177,1,2
2206,MV,184,1,3
2207,IT,66D,1,1
2207,IT,67,1,2
2208,IPC,34,1,1
2208,IPC,379,1,2
2208,IPC,376,1,3
2209,IT,66D,1,1
2209,IT,67,1,2
2210,IT,66D,1,1
2210,IT,67,1,2
2211,MV,177,1,1
2212,IT,67,1,1
2212,IT,66D,1,2
2213,IPC,379,1,1
2213,IPC,120B,1,2
2214,MV,177,1,1
2214,MV,184,1,2
2215,DP,3,1,1
2215,DP,4,1,2
2216,POCSO,6,1,1
2216,POCSO,8,1,2
2217,IPC,392,1,1
2217,IPC,307,1,2
2217,IPC,411,1,3
2218,POCSO,4,1,1
2218,POCSO,8,1,2
2218,POCSO,6,1,3
2219,MV,177,1,1
2219,MV,196,1,2
2219,MV,184,1,3
2220,MV,196,1,1
2220,MV,184,1,2
2221,MV,177,1,1
2221,MV,184,1,2
2221,MV,196,1,3
2222,MV,196,1,1
2222,MV,177,1,2
2222,MV,184,1,3
2223,DP,4,1,1
2223,DP,3,1,2
2224,IPC,354,1,1
2225,POCSO,4,1,1
2225,POCSO,6,1,2
2225,POCSO,8,1,3
2226,NDPS,21,1,1
2227,IPC,420,1,1
2228,POCSO,4,1,1
2228,POCSO,8,1,2
2228,POCSO,6,1,3
2229,IPC,323,1,1
2229,IPC,120B,1,2
2229,IPC,411,1,3
2230,DP,4,1,1
2230,DP,3,1,2
2231,NDPS,20,1,1
2231,NDPS,8,1,2
2232,NDPS,22,1,1
2233,MV,177,1,1
2233,MV,184,1,2
2233,MV,196,1,3
2234,IT,66D,1,1
2234,IT,67,1,2
2234,IT,66C,1,3
2235,IPC,420,1,1
2235,IPC,411,1,2
2235,IPC,34,1,3
2236,POCSO,8,1,1
2236,POCSO,4,1,2
2237,IT,66C,1,1
2238,POCSO,4,1,1
2238,POCSO,6,1,2
2238,POCSO,8,1,3
2239,MV,196,1,1
2240,IT,66D,1,1
2240,IT,67,1,2
2241,DP,3,1,1
2241,DP,4,1,2
2242,MV,184,1,1
2242,MV,177,1,2
2242,MV,196,1,3
2243,DP,4,1,1
2243,DP,3,1,2
2244,NDPS,21,1,1
2244,NDPS,8,1,2
2245,POCSO,4,1,1
2245,POCSO,6,1,2
2245,POCSO,8,1,3
2246,IT,67,1,1
2246,IT,66D,1,2
2247,DP,3,1,1
2247,DP,4,1,2
2248,NDPS,22,1,1
2248,NDPS,8,1,2
2249,IT,66D,1,1
2249,IT,66C,1,2
2249,IT,67,1,3
2250,IT,66D,1,1
2250,IT,66C,1,2
2250,IT,67,1,3
2251,NDPS,22,1,1
2251,NDPS,21,1,2
2251,NDPS,8,1,3
2252,NDPS,22,1,1
2253,DP,3,1,1
2254,IT,66D,1,1
2254,IT,66C,1,2
2255,MV,196,1,1
2255,MV,184,1,2
2255,MV,177,1,3
2256,IPC,323,1,1
2257,POCSO,4,1,1
2257,POCSO,8,1,2
2257,POCSO,6,1,3
2258,NDPS,8,1,1
2258,NDPS,22,1,2
2259,DP,3,1,1
2260,DP,3,1,1
2261,IT,66D,1,1
2261,IT,67,1,2
2262,NDPS,22,1,1
2262,NDPS,20,1,2
2263,MV,184,1,1
2263,MV,177,1,2
2264,MV,184,1,1
2264,MV,196,1,2
2265,POCSO,8,1,1
2265,POCSO,4,1,2
2265,POCSO,6,1,3
2266,IT,66D,1,1
2267,IT,67,1,1
2268,IT,66C,1,1
2269,IT,66C,1,1
2269,IT,67,1,2
2269,IT,66D,1,3
2270,POCSO,8,1,1
2270,POCSO,6,1,2
2271,DP,3,1,1
2272,IPC,411,1,1
2272,IPC,354,1,2
2273,NDPS,20,1,1
2273,NDPS,8,1,2
2273,NDPS,22,1,3
2274,IT,66D,1,1
2275,MV,196,1,1
2276,POCSO,6,1,1
2276,POCSO,4,1,2
2276,POCSO,8,1,3
2277,NDPS,21,1,1
2278,POCSO,8,1,1
2279,DP,4,1,1
2280,NDPS,21,1,1
2281,NDPS,21,1,1
2282,NDPS,8,1,1
2282,NDPS,22,1,2
2283,POCSO,8,1,1
2283,POCSO,4,1,2
2283,POCSO,6,1,3
2284,POCSO,6,1,1
2285,POCSO,4,1,1
2285,POCSO,8,1,2
2286,IT,66D,1,1
2286,IT,66C,1,2
2287,NDPS,21,1,1
2287,NDPS,22,1,2
2287,NDPS,8,1,3
2288,MV,177,1,1
2288,MV,196,1,2
2288,MV,184,1,3
2289,DP,3,1,1
2290,IPC,379,1,1
2290,IPC,34,1,2
2290,IPC,120B,1,3
2291,IPC,411,1,1
2291,IPC,392,1,2
2292,POCSO,8,1,1
2293,POCSO,6,1,1
2293,POCSO,8,1,2
2294,POCSO,8,1,1
2295,IPC,34,1,1
2296,NDPS,20,1,1
2297,MV,177,1,1
2298,MV,184,1,1
2299,DP,3,1,1
2299,DP,4,1,2
2300,IT,67,1,1
2301,MV,177,1,1
2301,MV,184,1,2
2301,MV,196,1,3
2302,IT,67,1,1
2303,NDPS,21,1,1
2303,NDPS,22,1,2
2304,IT,67,1,1
2305,NDPS,21,1,1
2305,NDPS,22,1,2
2306,NDPS,22,1,1
2306,NDPS,21,1,2
2307,MV,184,1,1
2308,MV,177,1,1
2308,MV,196,1,2
2309,IPC,302,1,1
2310,NDPS,20,1,1
2310,NDPS,21,1,2
2311,IPC,411,1,1
2311,IPC,323,1,2
2312,POCSO,4,1,1
2313,MV,184,1,1
2314,POCSO,8,1,1
2314,POCSO,4,1,2
2315,MV,184,1,1
2315,MV,177,1,2
2316,POCSO,8,1,1
2316,POCSO,6,1,2
2316,POCSO,4,1,3
2317,NDPS,20,1,1
2317,NDPS,22,1,2
2318,MV,196,1,1
2319,MV,196,1,1
2319,MV,184,1,2
2320,NDPS,21,1,1
2321,IPC,307,1,1
2322,IPC,34,1,1
2323,MV,184,1,1
2324,MV,184,1,1
2324,MV,196,1,2
2325,IT,66D,1,1
2326,NDPS,20,1,1
2326,NDPS,21,1,2
2326,NDPS,8,1,3
2327,IT,66C,1,1
2328,NDPS,8,1,1
2328,NDPS,20,1,2
2329,DP,4,1,1
2330,IT,66C,1,1
2330,IT,66D,1,2
2331,DP,3,1,1
2331,DP,4,1,2
2332,DP,4,1,1
2333,IPC,307,1,1
2334,MV,177,1,1
2335,POCSO,8,1,1
2335,POCSO,6,1,2
2336,POCSO,6,1,1
2336,POCSO,8,1,2
2336,POCSO,4,1,3
2337,IPC,392,1,1
2337,IPC,420,1,2
2338,POCSO,4,1,1
2338,POCSO,6,1,2
2339,POCSO,8,1,1
2339,POCSO,4,1,2
2339,POCSO,6,1,3
2340,NDPS,22,1,1
2340,NDPS,8,1,2
2341,IPC,120B,1,1
2341,IPC,307,1,2
2341,IPC,376,1,3
2342,IT,66C,1,1
2342,IT,67,1,2
2342,IT,66D,1,3
2343,IT,66D,1,1
2344,DP,4,1,1
2345,DP,4,1,1
2345,DP,3,1,2
2346,MV,196,1,1
2346,MV,184,1,2
2346,MV,177,1,3
2347,NDPS,21,1,1
2347,NDPS,8,1,2
2347,NDPS,22,1,3
2348,NDPS,21,1,1
2348,NDPS,20,1,2
2348,NDPS,8,1,3
2349,MV,196,1,1
2349,MV,184,1,2
2349,MV,177,1,3
2350,IPC,411,1,1
2350,IPC,379,1,2
2351,IPC,120B,1,1
2351,IPC,411,1,2
2351,IPC,392,1,3
2352,MV,177,1,1
2352,MV,196,1,2
2352,MV,184,1,3
2353,NDPS,20,1,1
2353,NDPS,21,1,2
2354,NDPS,21,1,1
2354,NDPS,22,1,2
2354,NDPS,20,1,3
2355,MV,196,1,1
2355,MV,184,1,2
2356,POCSO,4,1,1
2356,POCSO,8,1,2
2356,POCSO,6,1,3
2357,IPC,354,1,1
2357,IPC,420,1,2
2358,IPC,411,1,1
2358,IPC,34,1,2
2358,IPC,323,1,3
2359,POCSO,4,1,1
2359,POCSO,6,1,2
2360,NDPS,20,1,1
2361,NDPS,8,1,1
2361,NDPS,20,1,2
2362,DP,3,1,1
2363,NDPS,21,1,1
2363,NDPS,8,1,2
2364,NDPS,21,1,1
2365,NDPS,20,1,1
2366,POCSO,4,1,1
2366,POCSO,6,1,2
2367,DP,3,1,1
2367,DP,4,1,2
2368,IPC,411,1,1
2368,IPC,354,1,2
2368,IPC,323,1,3
2369,POCSO,6,1,1
2369,POCSO,4,1,2
2369,POCSO,8,1,3
2370,POCSO,4,1,1
2370,POCSO,8,1,2
2370,POCSO,6,1,3
2371,MV,196,1,1
2371,MV,184,1,2
2372,IT,67,1,1
2372,IT,66C,1,2
2373,POCSO,8,1,1
2374,DP,4,1,1
2374,DP,3,1,2
2375,DP,4,1,1
2375,DP,3,1,2
2376,DP,4,1,1
2376,DP,3,1,2
2377,POCSO,6,1,1
2377,POCSO,8,1,2
2378,NDPS,8,1,1
2378,NDPS,21,1,2
2379,POCSO,6,1,1
2379,POCSO,4,1,2
2380,NDPS,22,1,1
2380,NDPS,20,1,2
2380,NDPS,8,1,3
2381,NDPS,22,1,1
2381,NDPS,21,1,2
2381,NDPS,20,1,3
2382,DP,3,1,1
2382,DP,4,1,2
2383,IPC,392,1,1
2383,IPC,307,1,2
2383,IPC,376,1,3
2384,IPC,354,1,1
2384,IPC,420,1,2
2385,POCSO,4,1,1
2385,POCSO,6,1,2
2385,POCSO,8,1,3
2386,MV,196,1,1
2386,MV,184,1,2
2387,NDPS,22,1,1
2388,IPC,34,1,1
2388,IPC,376,1,2
2389,POCSO,6,1,1
2389,POCSO,8,1,2
2390,IT,66C,1,1
2391,POCSO,4,1,1
2392,POCSO,4,1,1
2393,POCSO,6,1,1
2393,POCSO,4,1,2
2393,POCSO,8,1,3
2394,IT,67,1,1
2394,IT,66D,1,2
2395,MV,184,1,1
2395,MV,177,1,2
2396,NDPS,20,1,1
2397,MV,184,1,1
2397,MV,196,1,2
2398,IT,67,1,1
2399,NDPS,20,1,1
2399,NDPS,22,1,2
2399,NDPS,8,1,3
2400,POCSO,8,1,1
2400,POCSO,4,1,2
2400,POCSO,6,1,3
2401,MV,184,1,1
2401,MV,196,1,2
2401,MV,177,1,3
2402,IPC,379,1,1
2402,IPC,323,1,2
2402,IPC,411,1,3
2403,NDPS,22,1,1
2403,NDPS,8,1,2
2404,IPC,323,1,1
2404,IPC,307,1,2
2405,DP,3,1,1
2406,MV,184,1,1
2406,MV,177,1,2
2406,MV,196,1,3
2407,POCSO,4,1,1
2408,IPC,379,1,1
2409,MV,184,1,1
2409,MV,177,1,2
2409,MV,196,1,3
2410,DP,3,1,1
2410,DP,4,1,2
2411,MV,184,1,1
2411,MV,196,1,2
2412,NDPS,22,1,1
2412,NDPS,8,1,2
2412,NDPS,21,1,3
2413,MV,184,1,1
2413,MV,196,1,2
2413,MV,177,1,3
2414,MV,177,1,1
2415,DP,4,1,1
2416,MV,196,1,1
2416,MV,184,1,2
2417,POCSO,4,1,1
2417,POCSO,8,1,2
2418,DP,4,1,1
2418,DP,3,1,2
2419,MV,184,1,1
2420,DP,3,1,1
2421,MV,196,1,1
2422,IPC,411,1,1
2423,POCSO,4,1,1
2423,POCSO,6,1,2
2423,POCSO,8,1,3
2424,IPC,354,1,1
2424,IPC,392,1,2
2424,IPC,411,1,3
2425,IPC,307,1,1
2425,IPC,302,1,2
2425,IPC,323,1,3
2426,IPC,323,1,1
2426,IPC,420,1,2
2426,IPC,376,1,3
2427,IT,66C,1,1
2427,IT,66D,1,2
2428,IPC,120B,1,1
2428,IPC,307,1,2
2429,IPC,302,1,1
2429,IPC,376,1,2
2429,IPC,120B,1,3
2430,IPC,323,1,1
2431,IPC,302,1,1
2431,IPC,354,1,2
2431,IPC,376,1,3
2432,POCSO,8,1,1
2433,NDPS,8,1,1
2433,NDPS,22,1,2
2434,MV,196,1,1
2434,MV,177,1,2
2434,MV,184,1,3
2435,IPC,34,1,1
2435,IPC,307,1,2
2436,IT,66D,1,1
2436,IT,66C,1,2
2436,IT,67,1,3
2437,DP,4,1,1
2437,DP,3,1,2
2438,IPC,323,1,1
2439,POCSO,6,1,1
2439,POCSO,8,1,2
2439,POCSO,4,1,3
2440,POCSO,4,1,1
2440,POCSO,8,1,2
2440,POCSO,6,1,3
2441,IT,66C,1,1
2441,IT,66D,1,2
2442,IPC,392,1,1
2443,IT,67,1,1
2443,IT,66D,1,2
2444,DP,4,1,1
2444,DP,3,1,2
2445,DP,3,1,1
2446,DP,4,1,1
2447,IT,66C,1,1
2447,IT,66D,1,2
2448,IPC,323,1,1
2448,IPC,307,1,2
2448,IPC,411,1,3
2449,MV,177,1,1
2449,MV,184,1,2
2450,POCSO,8,1,1
2450,POCSO,4,1,2
2450,POCSO,6,1,3
2451,POCSO,8,1,1
2451,POCSO,6,1,2
2452,NDPS,22,1,1
2452,NDPS,21,1,2
2453,IT,66D,1,1
2454,IT,67,1,1
2454,IT,66C,1,2
2455,DP,3,1,1
2456,POCSO,4,1,1
2456,POCSO,6,1,2
2456,POCSO,8,1,3
2457,IPC,420,1,1
2457,IPC,354,1,2
2458,NDPS,20,1,1
2459,MV,177,1,1
2460,IPC,420,1,1
2460,IPC,392,1,2
2460,IPC,34,1,3
2461,IPC,302,1,1
2461,IPC,376,1,2
2461,IPC,307,1,3
2462,DP,3,1,1
2462,DP,4,1,2
2463,MV,184,1,1
2463,MV,177,1,2
2464,NDPS,20,1,1
2464,NDPS,8,1,2
2465,IPC,323,1,1
2465,IPC,120B,1,2
2466,MV,196,1,1
2466,MV,184,1,2
2467,NDPS,8,1,1
2468,MV,184,1,1
2468,MV,177,1,2
2469,DP,3,1,1
2470,IPC,120B,1,1
2471,IT,66C,1,1
2471,IT,67,1,2
2471,IT,66D,1,3
2472,NDPS,21,1,1
2473,MV,177,1,1
2473,MV,184,1,2
2473,MV,196,1,3
2474,IT,67,1,1
2474,IT,66C,1,2
2474,IT,66D,1,3
2475,IT,66D,1,1
2475,IT,66C,1,2
2475,IT,67,1,3
2476,IPC,307,1,1
2476,IPC,392,1,2
2476,IPC,379,1,3
2477,DP,4,1,1
2477,DP,3,1,2
2478,IT,67,1,1
2478,IT,66C,1,2
2478,IT,66D,1,3
2479,NDPS,20,1,1
2480,MV,177,1,1
2480,MV,184,1,2
2481,NDPS,20,1,1
2482,POCSO,8,1,1
2483,NDPS,8,1,1
2483,NDPS,21,1,2
2484,POCSO,8,1,1
2485,MV,196,1,1
2486,IPC,354,1,1
2486,IPC,302,1,2
2487,IT,67,1,1
2488,IT,67,1,1
2488,IT,66C,1,2
2489,DP,3,1,1
2489,DP,4,1,2
2490,POCSO,8,1,1
2490,POCSO,6,1,2
2490,POCSO,4,1,3
2491,IT,66C,1,1
2491,IT,67,1,2
2492,NDPS,21,1,1
2492,NDPS,8,1,2
2492,NDPS,20,1,3
2493,IPC,379,1,1
2493,IPC,376,1,2
2494,IPC,392,1,1
2494,IPC,379,1,2
2494,IPC,411,1,3
2495,MV,177,1,1
2495,MV,184,1,2
2496,DP,4,1,1
2497,MV,184,1,1
2498,IPC,323,1,1
2498,IPC,302,1,2
2498,IPC,379,1,3
2499,IPC,307,1,1
2499,IPC,354,1,2
2499,IPC,379,1,3
2500,POCSO,8,1,1
2501,POCSO,8,1,1
2501,POCSO,6,1,2
2501,POCSO,4,1,3
2502,DP,3,1,1
2502,DP,4,1,2
2503,DP,4,1,1
2503,DP,3,1,2
2504,NDPS,20,1,1
2505,IPC,354,1,1
2505,IPC,307,1,2
2505,IPC,392,1,3
2506,IPC,354,1,1
2506,IPC,323,1,2
2507,IPC,420,1,1
2508,IPC,120B,1,1
2508,IPC,420,1,2
2509,IPC,302,1,1
2509,IPC,323,1,2
2509,IPC,420,1,3
2510,DP,3,1,1
2511,POCSO,8,1,1
2512,NDPS,20,1,1
2512,NDPS,21,1,2
2512,NDPS,8,1,3
2513,DP,3,1,1
2513,DP,4,1,2
2514,POCSO,8,1,1
2514,POCSO,6,1,2
2514,POCSO,4,1,3
2515,NDPS,20,1,1
2515,NDPS,22,1,2
2515,NDPS,8,1,3
2516,POCSO,6,1,1
2516,POCSO,8,1,2
2517,POCSO,8,1,1
2517,POCSO,4,1,2
2517,POCSO,6,1,3
2518,NDPS,20,1,1
2518,NDPS,21,1,2
2518,NDPS,8,1,3
2519,IPC,323,1,1
2520,IPC,420,1,1
2520,IPC,120B,1,2
2521,IT,66C,1,1
2522,MV,177,1,1
2522,MV,196,1,2
2523,POCSO,6,1,1
2523,POCSO,8,1,2
2523,POCSO,4,1,3
2524,IPC,392,1,1
2524,IPC,302,1,2
2524,IPC,376,1,3
2525,IT,66C,1,1
2525,IT,67,1,2
2525,IT,66D,1,3
2526,IT,67,1,1
2526,IT,66D,1,2
2526,IT,66C,1,3
2527,POCSO,6,1,1
2527,POCSO,8,1,2
2528,DP,4,1,1
2529,POCSO,8,1,1
2530,POCSO,6,1,1
2530,POCSO,8,1,2
2531,IT,66D,1,1
2531,IT,66C,1,2
2531,IT,67,1,3
2532,POCSO,6,1,1
2532,POCSO,8,1,2
2533,IPC,379,1,1
2533,IPC,392,1,2
2534,MV,196,1,1
2534,MV,184,1,2
2535,MV,196,1,1
2535,MV,184,1,2
2535,MV,177,1,3
2536,IT,66C,1,1
2536,IT,66D,1,2
2537,IT,67,1,1
2537,IT,66D,1,2
2538,IPC,379,1,1
2538,IPC,307,1,2
2539,POCSO,4,1,1
2539,POCSO,8,1,2
2539,POCSO,6,1,3
2540,NDPS,21,1,1
2540,NDPS,20,1,2
2540,NDPS,22,1,3
2541,IPC,392,1,1
2541,IPC,120B,1,2
2542,NDPS,20,1,1
2542,NDPS,21,1,2
2542,NDPS,8,1,3
2543,POCSO,4,1,1
2543,POCSO,8,1,2
2543,POCSO,6,1,3
2544,DP,4,1,1
2544,DP,3,1,2
2545,MV,196,1,1
2545,MV,177,1,2
2545,MV,184,1,3
2546,IPC,34,1,1
2547,DP,4,1,1
2548,IT,66D,1,1
2548,IT,66C,1,2
2548,IT,67,1,3
2549,IPC,120B,1,1
2549,IPC,307,1,2
2550,IPC,302,1,1
2550,IPC,120B,1,2
2550,IPC,323,1,3
2551,IPC,120B,1,1
2552,MV,184,1,1
2552,MV,177,1,2
2552,MV,196,1,3
2553,IPC,302,1,1
2553,IPC,34,1,2
2553,IPC,379,1,3
2554,POCSO,6,1,1
2554,POCSO,8,1,2
2554,POCSO,4,1,3
2555,IT,66C,1,1
2555,IT,67,1,2
2555,IT,66D,1,3
2556,DP,4,1,1
2557,IT,66D,1,1
2557,IT,67,1,2
2558,DP,4,1,1
2559,POCSO,4,1,1
2559,POCSO,6,1,2
2559,POCSO,8,1,3
2560,POCSO,4,1,1
2561,IPC,354,1,1
2562,IT,66C,1,1
2562,IT,66D,1,2
2563,MV,177,1,1
2563,MV,184,1,2
2563,MV,196,1,3
2564,MV,177,1,1
2565,MV,196,1,1
2565,MV,184,1,2
2565,MV,177,1,3
2566,DP,3,1,1
2566,DP,4,1,2
2567,IT,67,1,1
2567,IT,66D,1,2
2568,MV,184,1,1
2568,MV,177,1,2
2569,DP,4,1,1
2569,DP,3,1,2
2570,IT,66C,1,1
2571,NDPS,8,1,1
2572,MV,177,1,1
2572,MV,196,1,2
2572,MV,184,1,3
2573,MV,177,1,1
2573,MV,184,1,2
2573,MV,196,1,3
2574,IT,67,1,1
2574,IT,66D,1,2
2574,IT,66C,1,3
2575,POCSO,4,1,1
2576,IPC,120B,1,1
2576,IPC,379,1,2
2577,NDPS,22,1,1
2577,NDPS,21,1,2
2578,IT,67,1,1
2578,IT,66D,1,2
2579,DP,4,1,1
2580,IT,67,1,1
2580,IT,66C,1,2
2580,IT,66D,1,3
2581,MV,184,1,1
2581,MV,196,1,2
2581,MV,177,1,3
2582,NDPS,8,1,1
2582,NDPS,21,1,2
2582,NDPS,20,1,3
2583,NDPS,8,1,1
2583,NDPS,20,1,2
2584,IT,66C,1,1
2585,NDPS,21,1,1
2585,NDPS,22,1,2
2585,NDPS,20,1,3
2586,NDPS,20,1,1
2587,NDPS,8,1,1
2587,NDPS,21,1,2
2587,NDPS,20,1,3
2588,NDPS,22,1,1
2588,NDPS,20,1,2
2588,NDPS,8,1,3
2589,IPC,323,1,1
2589,IPC,307,1,2
2589,IPC,411,1,3
2590,NDPS,8,1,1
2590,NDPS,20,1,2
2590,NDPS,21,1,3
2591,IPC,379,1,1
2592,IT,67,1,1
2592,IT,66D,1,2
2593,IT,66C,1,1
2593,IT,66D,1,2
2594,MV,196,1,1
2594,MV,177,1,2
2595,IT,67,1,1
2595,IT,66D,1,2
2595,IT,66C,1,3
2596,MV,196,1,1
2596,MV,177,1,2
2597,DP,3,1,1
2598,NDPS,20,1,1
2599,IT,66C,1,1
2599,IT,66D,1,2
2600,NDPS,21,1,1
2600,NDPS,22,1,2
2601,IT,66D,1,1
2601,IT,67,1,2
2602,POCSO,4,1,1
2602,POCSO,6,1,2
2602,POCSO,8,1,3
2603,NDPS,21,1,1
2603,NDPS,8,1,2
2603,NDPS,22,1,3
2604,POCSO,6,1,1
2604,POCSO,4,1,2
2604,POCSO,8,1,3
2605,DP,4,1,1
2605,DP,3,1,2
2606,MV,196,1,1
2607,DP,4,1,1
2608,MV,184,1,1
2609,IT,66C,1,1
2609,IT,66D,1,2
2610,DP,3,1,1
2610,DP,4,1,2
2611,IT,66D,1,1
2611,IT,67,1,2
2611,IT,66C,1,3
2612,IPC,392,1,1
2613,DP,3,1,1
2613,DP,4,1,2
2614,DP,4,1,1
2615,IT,66C,1,1
2615,IT,67,1,2
2615,IT,66D,1,3
2616,IPC,420,1,1
2616,IPC,379,1,2
2617,POCSO,6,1,1
2618,MV,184,1,1
2618,MV,177,1,2
2618,MV,196,1,3
2619,POCSO,8,1,1
2619,POCSO,4,1,2
2619,POCSO,6,1,3
2620,IPC,392,1,1
2620,IPC,302,1,2
2621,DP,4,1,1
2622,POCSO,4,1,1
2622,POCSO,6,1,2
2622,POCSO,8,1,3
2623,IPC,34,1,1
2623,IPC,307,1,2
2623,IPC,323,1,3
2624,DP,3,1,1
2624,DP,4,1,2
2625,IPC,307,1,1
2625,IPC,34,1,2
2626,DP,3,1,1
2627,IT,66D,1,1
2627,IT,66C,1,2
2627,IT,67,1,3
2628,DP,4,1,1
2629,IPC,420,1,1
2630,IT,66D,1,1
2630,IT,66C,1,2
2631,IPC,323,1,1
2631,IPC,392,1,2
2631,IPC,376,1,3
2632,IPC,379,1,1
2633,NDPS,22,1,1
2633,NDPS,8,1,2
2634,IT,66D,1,1
2634,IT,66C,1,2
2635,MV,196,1,1
2635,MV,184,1,2
2636,MV,184,1,1
2636,MV,177,1,2
2636,MV,196,1,3
2637,DP,4,1,1
2637,DP,3,1,2
2638,DP,3,1,1
2638,DP,4,1,2
2639,IPC,392,1,1
2640,IPC,376,1,1
2641,IT,66D,1,1
2642,IT,66D,1,1
2642,IT,67,1,2
2642,IT,66C,1,3
2643,IPC,120B,1,1
2643,IPC,411,1,2
2643,IPC,379,1,3
2644,IT,67,1,1
2644,IT,66D,1,2
2645,IPC,420,1,1
2645,IPC,120B,1,2
2645,IPC,323,1,3
2646,POCSO,4,1,1
2646,POCSO,6,1,2
2646,POCSO,8,1,3
2647,IT,67,1,1
2647,IT,66D,1,2
2648,IT,67,1,1
2648,IT,66C,1,2
2649,DP,4,1,1
2650,NDPS,21,1,1
2650,NDPS,20,1,2
2651,POCSO,8,1,1
2651,POCSO,6,1,2
2651,POCSO,4,1,3
2652,NDPS,20,1,1
2652,NDPS,8,1,2
2653,NDPS,20,1,1
2653,NDPS,22,1,2
2653,NDPS,21,1,3
2654,IPC,420,1,1
2655,IT,67,1,1
2656,IPC,120B,1,1
2657,NDPS,21,1,1
2658,POCSO,6,1,1
2659,POCSO,6,1,1
2659,POCSO,8,1,2
2660,DP,4,1,1
2660,DP,3,1,2
2661,DP,4,1,1
2661,DP,3,1,2
2662,POCSO,4,1,1
2662,POCSO,8,1,2
2663,MV,196,1,1
2663,MV,177,1,2
2664,IT,66D,1,1
2664,IT,66C,1,2
2664,IT,67,1,3
2665,IPC,307,1,1
2665,IPC,302,1,2
2665,IPC,376,1,3
2666,MV,184,1,1
2666,MV,177,1,2
2666,MV,196,1,3
2667,IT,66C,1,1
2667,IT,67,1,2
2668,IPC,302,1,1
2669,IPC,379,1,1
2670,IPC,411,1,1
2671,NDPS,21,1,1
2671,NDPS,22,1,2
2672,POCSO,8,1,1
2672,POCSO,6,1,2
2672,POCSO,4,1,3
2673,DP,3,1,1
2674,DP,4,1,1
2675,NDPS,8,1,1
2676,IPC,323,1,1
2676,IPC,376,1,2
2677,NDPS,22,1,1
2677,NDPS,20,1,2
2677,NDPS,21,1,3
2678,POCSO,6,1,1
2679,NDPS,21,1,1
2680,POCSO,4,1,1
2680,POCSO,6,1,2
2680,POCSO,8,1,3
2681,NDPS,20,1,1
2681,NDPS,21,1,2
2682,POCSO,8,1,1
2682,POCSO,4,1,2
2683,IT,67,1,1
2683,IT,66C,1,2
2683,IT,66D,1,3
2684,IPC,376,1,1
2684,IPC,323,1,2
2685,MV,184,1,1
2686,MV,177,1,1
2686,MV,184,1,2
2687,IT,66D,1,1
2687,IT,67,1,2
2688,IPC,411,1,1
2688,IPC,323,1,2
2688,IPC,34,1,3
2689,DP,4,1,1
2689,DP,3,1,2
2690,NDPS,8,1,1
2690,NDPS,22,1,2
2691,DP,4,1,1
2692,POCSO,8,1,1
2693,POCSO,8,1,1
2693,POCSO,4,1,2
2693,POCSO,6,1,3
2694,NDPS,22,1,1
2695,IT,67,1,1
2695,IT,66D,1,2
2695,IT,66C,1,3
2696,DP,3,1,1
2697,NDPS,21,1,1
2697,NDPS,22,1,2
2698,NDPS,22,1,1
2698,NDPS,21,1,2
2698,NDPS,8,1,3
2699,NDPS,20,1,1
2700,DP,3,1,1
2701,NDPS,22,1,1
2701,NDPS,20,1,2
2701,NDPS,8,1,3
2702,POCSO,4,1,1
2702,POCSO,8,1,2
2703,MV,177,1,1
2703,MV,184,1,2
2704,NDPS,20,1,1
2704,NDPS,8,1,2
2704,NDPS,22,1,3
2705,DP,4,1,1
2705,DP,3,1,2
2706,IT,66D,1,1
2706,IT,66C,1,2
2706,IT,67,1,3
2707,NDPS,20,1,1
2708,IPC,120B,1,1
2708,IPC,307,1,2
2709,IPC,120B,1,1
2709,IPC,411,1,2
2709,IPC,420,1,3
2710,IPC,411,1,1
2711,NDPS,22,1,1
2711,NDPS,8,1,2
2712,POCSO,4,1,1
2712,POCSO,8,1,2
2713,IPC,420,1,1
2713,IPC,307,1,2
2713,IPC,392,1,3
2714,POCSO,8,1,1
2714,POCSO,6,1,2
2714,POCSO,4,1,3
2715,NDPS,21,1,1
2715,NDPS,22,1,2
2716,NDPS,8,1,1
2717,POCSO,6,1,1
2717,POCSO,8,1,2
2718,MV,177,1,1
2718,MV,196,1,2
2718,MV,184,1,3
2719,IPC,323,1,1
2719,IPC,302,1,2
2719,IPC,354,1,3
2720,IT,66D,1,1
2720,IT,67,1,2
2721,DP,4,1,1
2721,DP,3,1,2
2722,NDPS,20,1,1
2722,NDPS,21,1,2
2723,MV,184,1,1
2723,MV,196,1,2
2723,MV,177,1,3
2724,NDPS,22,1,1
2724,NDPS,21,1,2
2724,NDPS,20,1,3
2725,IT,66C,1,1
2725,IT,66D,1,2
2726,IT,67,1,1
2726,IT,66C,1,2
2726,IT,66D,1,3
2727,DP,4,1,1
2728,POCSO,4,1,1
2729,POCSO,8,1,1
2729,POCSO,6,1,2
2729,POCSO,4,1,3
2730,IPC,379,1,1
2731,IPC,323,1,1
2731,IPC,411,1,2
2731,IPC,302,1,3
2732,IPC,354,1,1
2732,IPC,392,1,2
2732,IPC,120B,1,3
2733,POCSO,8,1,1
2733,POCSO,4,1,2
2733,POCSO,6,1,3
2734,IT,67,1,1
2734,IT,66C,1,2
2735,NDPS,21,1,1
2736,IT,67,1,1
2737,IT,66D,1,1
2738,POCSO,6,1,1
2738,POCSO,4,1,2
2739,POCSO,8,1,1
2740,IPC,392,1,1
2740,IPC,376,1,2
2740,IPC,411,1,3
2741,IPC,302,1,1
2741,IPC,392,1,2
2742,DP,4,1,1
2742,DP,3,1,2
2743,IT,66D,1,1
2743,IT,67,1,2
2744,POCSO,4,1,1
2744,POCSO,6,1,2
2744,POCSO,8,1,3
2745,MV,196,1,1
2745,MV,184,1,2
2746,MV,177,1,1
2746,MV,196,1,2
2746,MV,184,1,3
2747,POCSO,4,1,1
2747,POCSO,8,1,2
2748,NDPS,20,1,1
2749,NDPS,22,1,1
2749,NDPS,8,1,2
2749,NDPS,20,1,3
2750,IT,66D,1,1
2750,IT,66C,1,2
2751,DP,3,1,1
2751,DP,4,1,2
2752,IT,66D,1,1
2752,IT,67,1,2
2753,DP,4,1,1
2754,POCSO,4,1,1
2755,POCSO,4,1,1
2756,POCSO,8,1,1
2756,POCSO,6,1,2
2756,POCSO,4,1,3
2757,IPC,34,1,1
2758,POCSO,6,1,1
2759,POCSO,4,1,1
2759,POCSO,6,1,2
2759,POCSO,8,1,3
2760,IT,67,1,1
2761,IT,66C,1,1
2761,IT,66D,1,2
2761,IT,67,1,3
2762,DP,4,1,1
2763,NDPS,22,1,1
2763,NDPS,21,1,2
2763,NDPS,8,1,3
2764,POCSO,8,1,1
2764,POCSO,4,1,2
2764,POCSO,6,1,3
2765,MV,177,1,1
2765,MV,184,1,2
2765,MV,196,1,3
2766,IT,67,1,1
2766,IT,66D,1,2
2766,IT,66C,1,3
2767,NDPS,8,1,1
2767,NDPS,20,1,2
2768,IT,67,1,1
2769,IT,66C,1,1
2769,IT,67,1,2
2769,IT,66D,1,3
2770,POCSO,4,1,1
2771,DP,3,1,1
2772,IPC,379,1,1
2773,IT,66D,1,1
2773,IT,67,1,2
2774,MV,177,1,1
2774,MV,196,1,2
2774,MV,184,1,3
2775,POCSO,8,1,1
2775,POCSO,4,1,2
2775,POCSO,6,1,3
2776,POCSO,8,1,1
2776,POCSO,6,1,2
2777,IT,67,1,1
2777,IT,66C,1,2
2777,IT,66D,1,3
2778,IT,66C,1,1
2778,IT,66D,1,2
2778,IT,67,1,3
2779,IPC,120B,1,1
2780,DP,3,1,1
2781,DP,4,1,1
2781,DP,3,1,2
2782,NDPS,20,1,1
2783,IPC,323,1,1
2784,NDPS,20,1,1
2784,NDPS,22,1,2
2784,NDPS,21,1,3
2785,POCSO,4,1,1
2785,POCSO,8,1,2
2786,POCSO,8,1,1
2786,POCSO,4,1,2
2786,POCSO,6,1,3
2787,MV,177,1,1
2788,POCSO,6,1,1
2788,POCSO,4,1,2
2788,POCSO,8,1,3
2789,POCSO,4,1,1
2790,POCSO,8,1,1
2790,POCSO,4,1,2
2791,MV,184,1,1
2792,POCSO,6,1,1
2792,POCSO,8,1,2
2793,IPC,120B,1,1
2794,IPC,354,1,1
2794,IPC,420,1,2
2795,NDPS,22,1,1
2796,POCSO,8,1,1
2796,POCSO,6,1,2
2797,MV,177,1,1
2797,MV,196,1,2
2798,POCSO,4,1,1
2798,POCSO,8,1,2
2798,POCSO,6,1,3
2799,POCSO,8,1,1
2799,POCSO,6,1,2
2799,POCSO,4,1,3
2800,MV,196,1,1
2800,MV,177,1,2
2800,MV,184,1,3
2801,DP,4,1,1
2802,IT,66C,1,1
2803,POCSO,6,1,1
2803,POCSO,8,1,2
2804,MV,196,1,1
2805,DP,3,1,1
2806,NDPS,8,1,1
2806,NDPS,22,1,2
2807,MV,184,1,1
2807,MV,177,1,2
2808,MV,177,1,1
2808,MV,184,1,2
2809,IT,67,1,1
2810,POCSO,8,1,1
2810,POCSO,6,1,2
2810,POCSO,4,1,3
2811,IPC,392,1,1
2811,IPC,307,1,2
2812,MV,184,1,1
2813,DP,3,1,1
2814,DP,3,1,1
2815,NDPS,8,1,1
2815,NDPS,21,1,2
2815,NDPS,20,1,3
2816,IT,66C,1,1
2816,IT,67,1,2
2816,IT,66D,1,3
2817,POCSO,4,1,1
2817,POCSO,6,1,2
2818,MV,196,1,1
2818,MV,184,1,2
2819,DP,3,1,1
2819,DP,4,1,2
2820,NDPS,20,1,1
2820,NDPS,22,1,2
2821,POCSO,4,1,1
2821,POCSO,6,1,2
2821,POCSO,8,1,3
2822,IPC,302,1,1
2822,IPC,34,1,2
2823,IPC,376,1,1
2823,IPC,323,1,2
2824,IT,66C,1,1
2825,NDPS,20,1,1
2825,NDPS,8,1,2
2826,IPC,354,1,1
2826,IPC,376,1,2
2827,IPC,411,1,1
2827,IPC,379,1,2
2828,DP,3,1,1
2828,DP,4,1,2
2829,POCSO,6,1,1
2829,POCSO,8,1,2
2830,IT,67,1,1
2831,IT,66C,1,1
2832,DP,4,1,1
2833,IT,67,1,1
2833,IT,66C,1,2
2833,IT,66D,1,3
2834,DP,3,1,1
2834,DP,4,1,2
2835,POCSO,4,1,1
2835,POCSO,8,1,2
2836,IT,67,1,1
2836,IT,66D,1,2
2837,POCSO,8,1,1
2837,POCSO,4,1,2
2838,DP,3,1,1
2839,MV,196,1,1
2840,POCSO,8,1,1
2840,POCSO,6,1,2
2841,MV,177,1,1
2842,IT,66C,1,1
2842,IT,67,1,2
2843,DP,4,1,1
2843,DP,3,1,2
2844,IPC,354,1,1
2844,IPC,411,1,2
2845,DP,3,1,1
2845,DP,4,1,2
2846,MV,177,1,1
2846,MV,196,1,2
2847,MV,196,1,1
2847,MV,184,1,2
2847,MV,177,1,3
2848,DP,3,1,1
2848,DP,4,1,2
2849,IT,67,1,1
2849,IT,66C,1,2
2849,IT,66D,1,3
2850,IT,66D,1,1
2850,IT,66C,1,2
2850,IT,67,1,3
2851,MV,184,1,1
2851,MV,196,1,2
2852,DP,3,1,1
2853,MV,177,1,1
2853,MV,196,1,2
2854,IT,66D,1,1
2854,IT,66C,1,2
2854,IT,67,1,3
2855,MV,184,1,1
2855,MV,196,1,2
2855,MV,177,1,3
2856,IPC,411,1,1
2856,IPC,307,1,2
2857,IT,66C,1,1
2857,IT,67,1,2
2857,IT,66D,1,3
2858,IT,67,1,1
2858,IT,66D,1,2
2858,IT,66C,1,3
2859,IT,66C,1,1
2859,IT,66D,1,2
2860,DP,3,1,1
2861,MV,177,1,1
2862,DP,4,1,1
2863,POCSO,8,1,1
2863,POCSO,6,1,2
2864,IPC,120B,1,1
2865,NDPS,21,1,1
2865,NDPS,8,1,2
2865,NDPS,20,1,3
2866,POCSO,8,1,1
2866,POCSO,4,1,2
2866,POCSO,6,1,3
2867,DP,3,1,1
2867,DP,4,1,2
2868,MV,177,1,1
2868,MV,196,1,2
2868,MV,184,1,3
2869,MV,177,1,1
2870,NDPS,21,1,1
2870,NDPS,8,1,2
2871,POCSO,4,1,1
2871,POCSO,6,1,2
2871,POCSO,8,1,3
2872,MV,196,1,1
2872,MV,184,1,2
2872,MV,177,1,3
2873,IPC,302,1,1
2873,IPC,120B,1,2
2874,POCSO,4,1,1
2874,POCSO,6,1,2
2874,POCSO,8,1,3
2875,IT,66C,1,1
2875,IT,67,1,2
2875,IT,66D,1,3
2876,DP,4,1,1
2876,DP,3,1,2
2877,MV,196,1,1
2878,IT,66D,1,1
2879,NDPS,20,1,1
2880,MV,196,1,1
2880,MV,177,1,2
2881,IT,66C,1,1
2881,IT,66D,1,2
2881,IT,67,1,3
2882,IT,66C,1,1
2883,IT,67,1,1
2884,MV,184,1,1
2885,DP,3,1,1
2886,IPC,392,1,1
2886,IPC,354,1,2
2886,IPC,376,1,3
2887,DP,3,1,1
2887,DP,4,1,2
2888,POCSO,8,1,1
2888,POCSO,4,1,2
2889,IT,67,1,1
2890,MV,184,1,1
2890,MV,196,1,2
2891,NDPS,20,1,1
2891,NDPS,8,1,2
2892,DP,3,1,1
2892,DP,4,1,2
2893,DP,4,1,1
2894,MV,184,1,1
2894,MV,177,1,2
2895,IT,66C,1,1
2895,IT,66D,1,2
2895,IT,67,1,3
2896,IT,66C,1,1
2896,IT,66D,1,2
2897,POCSO,6,1,1
2898,MV,184,1,1
2898,MV,177,1,2
2898,MV,196,1,3
2899,POCSO,6,1,1
2899,POCSO,4,1,2
2899,POCSO,8,1,3
2900,POCSO,6,1,1
2900,POCSO,4,1,2
2900,POCSO,8,1,3
2901,MV,184,1,1
2901,MV,177,1,2
2902,POCSO,4,1,1
2903,NDPS,20,1,1
2904,MV,196,1,1
2905,IPC,354,1,1
2905,IPC,411,1,2
2906,IPC,120B,1,1
2907,POCSO,8,1,1
2908,IPC,379,1,1
2908,IPC,302,1,2
2909,IPC,323,1,1
2909,IPC,34,1,2
2910,IPC,302,1,1
2911,IPC,307,1,1
2911,IPC,34,1,2
2912,NDPS,8,1,1
2912,NDPS,22,1,2
2912,NDPS,20,1,3
2913,DP,4,1,1
2913,DP,3,1,2
2914,DP,4,1,1
2914,DP,3,1,2
2915,DP,3,1,1
2916,IPC,302,1,1
2917,IT,66D,1,1
2917,IT,66C,1,2
2917,IT,67,1,3
2918,NDPS,8,1,1
2918,NDPS,22,1,2
2919,IT,66C,1,1
2919,IT,67,1,2
2920,POCSO,4,1,1
2920,POCSO,8,1,2
2921,MV,184,1,1
2921,MV,177,1,2
2921,MV,196,1,3
2922,IT,67,1,1
2922,IT,66C,1,2
2923,DP,4,1,1
2924,DP,4,1,1
2924,DP,3,1,2
2925,POCSO,6,1,1
2925,POCSO,4,1,2
2925,POCSO,8,1,3
2926,IPC,379,1,1
2926,IPC,392,1,2
2926,IPC,323,1,3
2927,NDPS,21,1,1
2927,NDPS,20,1,2
2927,NDPS,8,1,3
2928,IPC,307,1,1
2928,IPC,420,1,2
2928,IPC,120B,1,3
2929,MV,196,1,1
2930,MV,184,1,1
2930,MV,196,1,2
2931,IT,67,1,1
2931,IT,66D,1,2
2931,IT,66C,1,3
2932,DP,4,1,1
2932,DP,3,1,2
2933,MV,196,1,1
2934,POCSO,8,1,1
2934,POCSO,4,1,2
2935,MV,177,1,1
2935,MV,196,1,2
2936,IPC,392,1,1
2937,IT,66D,1,1
2937,IT,66C,1,2
2938,DP,4,1,1
2939,POCSO,6,1,1
2940,IT,67,1,1
2941,IPC,354,1,1
2942,IT,67,1,1
2942,IT,66C,1,2
2942,IT,66D,1,3
2943,POCSO,8,1,1
2943,POCSO,4,1,2
2943,POCSO,6,1,3
2944,NDPS,20,1,1
2944,NDPS,21,1,2
2944,NDPS,22,1,3
2945,NDPS,8,1,1
2946,NDPS,22,1,1
2946,NDPS,21,1,2
2946,NDPS,8,1,3
2947,MV,196,1,1
2948,MV,196,1,1
2948,MV,184,1,2
2949,IT,66D,1,1
2949,IT,67,1,2
2949,IT,66C,1,3
2950,IT,66D,1,1
2950,IT,66C,1,2
2951,MV,196,1,1
2952,IPC,34,1,1
2952,IPC,420,1,2
2953,NDPS,21,1,1
2953,NDPS,22,1,2
2953,NDPS,8,1,3
2954,IT,67,1,1
2954,IT,66D,1,2
2955,DP,4,1,1
2955,DP,3,1,2
2956,DP,3,1,1
2956,DP,4,1,2
2957,MV,196,1,1
2957,MV,177,1,2
2958,IPC,376,1,1
2958,IPC,302,1,2
2959,NDPS,22,1,1
2959,NDPS,8,1,2
2960,DP,4,1,1
2960,DP,3,1,2
2961,IT,66D,1,1
2962,MV,184,1,1
2963,POCSO,8,1,1
2963,POCSO,6,1,2
2964,IPC,307,1,1
2965,IT,67,1,1
2966,IPC,34,1,1
2967,MV,177,1,1
2968,DP,4,1,1
2969,MV,196,1,1
2970,NDPS,21,1,1
2971,POCSO,4,1,1
2971,POCSO,6,1,2
2971,POCSO,8,1,3
2972,IT,66D,1,1
2972,IT,66C,1,2
2972,IT,67,1,3
2973,IT,67,1,1
2973,IT,66D,1,2
2973,IT,66C,1,3
2974,IT,66D,1,1
2974,IT,66C,1,2
2975,NDPS,8,1,1
2976,POCSO,6,1,1
2976,POCSO,8,1,2
2977,IT,66D,1,1
2977,IT,67,1,2
2978,NDPS,8,1,1
2978,NDPS,21,1,2
2979,IT,66C,1,1
2979,IT,66D,1,2
2979,IT,67,1,3
2980,DP,4,1,1
2981,NDPS,20,1,1
2981,NDPS,8,1,2
2982,DP,4,1,1
2982,DP,3,1,2
2983,IPC,302,1,1
2984,NDPS,8,1,1
2984,NDPS,20,1,2
2984,NDPS,22,1,3
2985,POCSO,4,1,1
2985,POCSO,6,1,2
2986,POCSO,6,1,1
2987,IPC,302,1,1
2987,IPC,354,1,2
2988,MV,196,1,1
2989,POCSO,8,1,1
2990,DP,3,1,1
2990,DP,4,1,2
2991,NDPS,22,1,1
2991,NDPS,21,1,2
2992,IT,66D,1,1
2992,IT,67,1,2
2992,IT,66C,1,3
2993,IPC,302,1,1
2993,IPC,307,1,2
2994,IPC,323,1,1
2994,IPC,411,1,2
2994,IPC,34,1,3
2995,NDPS,21,1,1
2996,NDPS,8,1,1
2997,NDPS,22,1,1
2998,DP,3,1,1
2998,DP,4,1,2
2999,DP,3,1,1
3000,POCSO,4,1,1
3000,POCSO,8,1,2
3001,IPC,307,1,1
3002,IT,66D,1,1
3002,IT,67,1,2
3002,IT,66C,1,3
3003,MV,184,1,1
3003,MV,196,1,2
3004,DP,4,1,1
3004,DP,3,1,2
3005,IPC,302,1,1
3005,IPC,420,1,2
3005,IPC,376,1,3
3006,IPC,379,1,1
3006,IPC,323,1,2
3006,IPC,376,1,3
3007,IT,67,1,1
3007,IT,66D,1,2
3008,DP,4,1,1
3009,DP,3,1,1
3010,DP,4,1,1
3010,DP,3,1,2
3011,IPC,307,1,1
3011,IPC,420,1,2
3012,MV,177,1,1
3012,MV,184,1,2
3012,MV,196,1,3
3013,IPC,302,1,1
3013,IPC,354,1,2
3014,IT,66C,1,1
3015,POCSO,4,1,1
3016,MV,177,1,1
3016,MV,184,1,2
3017,DP,3,1,1
3018,MV,196,1,1
3018,MV,177,1,2
3019,POCSO,6,1,1
3019,POCSO,8,1,2
3020,DP,4,1,1
3020,DP,3,1,2
3021,NDPS,8,1,1
3022,NDPS,8,1,1
3023,IPC,302,1,1
3023,IPC,323,1,2
3024,POCSO,8,1,1
3025,IPC,34,1,1
3025,IPC,420,1,2
3026,NDPS,21,1,1
3026,NDPS,20,1,2
3027,IT,66C,1,1
3028,IT,66D,1,1
3028,IT,66C,1,2
3028,IT,67,1,3
3029,DP,3,1,1
3030,MV,196,1,1
3030,MV,184,1,2
3031,DP,4,1,1
3031,DP,3,1,2
3032,NDPS,8,1,1
3032,NDPS,21,1,2
3032,NDPS,20,1,3
3033,DP,4,1,1
3034,IPC,420,1,1
3035,IT,66C,1,1
3036,DP,3,1,1
3037,IPC,302,1,1
3037,IPC,354,1,2
3037,IPC,34,1,3
3038,IPC,376,1,1
3039,IPC,120B,1,1
3039,IPC,379,1,2
3040,IT,66D,1,1
3040,IT,67,1,2
3041,MV,177,1,1
3041,MV,184,1,2
3042,IT,66D,1,1
3043,IT,66D,1,1
3043,IT,67,1,2
3044,IT,66D,1,1
3045,NDPS,22,1,1
3045,NDPS,8,1,2
3046,MV,184,1,1
3047,NDPS,21,1,1
3048,POCSO,4,1,1
3048,POCSO,6,1,2
3048,POCSO,8,1,3
3049,DP,3,1,1
3049,DP,4,1,2
3050,POCSO,4,1,1
3050,POCSO,8,1,2
3050,POCSO,6,1,3
3051,DP,3,1,1
3052,NDPS,20,1,1
3052,NDPS,22,1,2
3052,NDPS,8,1,3
3053,IPC,120B,1,1
3053,IPC,376,1,2
3053,IPC,379,1,3
3054,POCSO,6,1,1
3054,POCSO,8,1,2
3055,POCSO,6,1,1
3055,POCSO,4,1,2
3056,IT,67,1,1
3056,IT,66D,1,2
3056,IT,66C,1,3
3057,POCSO,6,1,1
3058,POCSO,6,1,1
3059,IPC,376,1,1
3059,IPC,120B,1,2
3060,DP,4,1,1
3060,DP,3,1,2
3061,POCSO,8,1,1
3062,IT,66D,1,1
3062,IT,66C,1,2
3063,NDPS,22,1,1
3063,NDPS,20,1,2
3063,NDPS,8,1,3
3064,IT,66C,1,1
3064,IT,67,1,2
3064,IT,66D,1,3
3065,POCSO,4,1,1
3065,POCSO,8,1,2
3066,POCSO,8,1,1
3066,POCSO,4,1,2
3066,POCSO,6,1,3
3067,IT,67,1,1
3067,IT,66C,1,2
3067,IT,66D,1,3
3068,MV,177,1,1
3068,MV,196,1,2
3069,NDPS,8,1,1
3069,NDPS,20,1,2
3070,MV,196,1,1
3070,MV,184,1,2
3071,MV,177,1,1
3071,MV,184,1,2
3072,IT,66C,1,1
3072,IT,67,1,2
3072,IT,66D,1,3
3073,NDPS,21,1,1
3073,NDPS,22,1,2
3073,NDPS,20,1,3
3074,MV,177,1,1
3074,MV,196,1,2
3074,MV,184,1,3
3075,IT,66D,1,1
3075,IT,67,1,2
3075,IT,66C,1,3
3076,IPC,307,1,1
3076,IPC,420,1,2
3076,IPC,411,1,3
3077,DP,3,1,1
3077,DP,4,1,2
3078,DP,3,1,1
3079,IT,66C,1,1
3079,IT,66D,1,2
3080,POCSO,8,1,1
3080,POCSO,6,1,2
3081,IPC,323,1,1
3082,MV,184,1,1
3082,MV,177,1,2
3083,IPC,411,1,1
3083,IPC,323,1,2
3083,IPC,392,1,3
3084,POCSO,8,1,1
3085,POCSO,6,1,1
3085,POCSO,8,1,2
3086,MV,196,1,1
3086,MV,177,1,2
3087,MV,177,1,1
3088,POCSO,8,1,1
3089,NDPS,8,1,1
3089,NDPS,22,1,2
3089,NDPS,21,1,3
3090,POCSO,4,1,1
3091,NDPS,22,1,1
3091,NDPS,20,1,2
3091,NDPS,8,1,3
3092,MV,196,1,1
3092,MV,177,1,2
3093,NDPS,21,1,1
3093,NDPS,22,1,2
3093,NDPS,20,1,3
3094,MV,184,1,1
3094,MV,196,1,2
3094,MV,177,1,3
3095,MV,196,1,1
3095,MV,184,1,2
3095,MV,177,1,3
3096,IT,67,1,1
3096,IT,66D,1,2
3097,NDPS,8,1,1
3097,NDPS,21,1,2
3098,POCSO,6,1,1
3098,POCSO,4,1,2
3098,POCSO,8,1,3
3099,DP,3,1,1
3100,IPC,420,1,1
3100,IPC,392,1,2
3100,IPC,34,1,3
3101,IPC,302,1,1
3102,IPC,34,1,1
3102,IPC,120B,1,2
3103,MV,184,1,1
3103,MV,196,1,2
3103,MV,177,1,3
3104,POCSO,8,1,1
3104,POCSO,4,1,2
3104,POCSO,6,1,3
3105,IT,67,1,1
3105,IT,66D,1,2
3106,DP,4,1,1
3107,MV,196,1,1
3108,DP,4,1,1
3108,DP,3,1,2
3109,IPC,354,1,1
3109,IPC,420,1,2
3109,IPC,411,1,3
3110,IT,66C,1,1
3111,NDPS,8,1,1
3112,MV,184,1,1
3112,MV,177,1,2
3112,MV,196,1,3
3113,IT,66C,1,1
3114,NDPS,22,1,1
3114,NDPS,8,1,2
3114,NDPS,20,1,3
3115,IPC,379,1,1
3115,IPC,376,1,2
3116,DP,3,1,1
3116,DP,4,1,2
3117,IPC,411,1,1
3117,IPC,379,1,2
3117,IPC,34,1,3
3118,IT,67,1,1
3119,IPC,379,1,1
3119,IPC,376,1,2
3120,NDPS,20,1,1
3120,NDPS,8,1,2
3121,MV,184,1,1
3122,IT,67,1,1
3122,IT,66C,1,2
3122,IT,66D,1,3
3123,MV,177,1,1
3123,MV,184,1,2
3124,NDPS,21,1,1
3125,DP,3,1,1
3126,MV,196,1,1
3126,MV,184,1,2
3127,IT,67,1,1
3127,IT,66D,1,2
3128,POCSO,6,1,1
3129,IPC,376,1,1
3130,IT,66D,1,1
3130,IT,67,1,2
3130,IT,66C,1,3
3131,MV,196,1,1
3132,DP,3,1,1
3132,DP,4,1,2
3133,DP,4,1,1
3134,IPC,34,1,1
3135,IPC,323,1,1
3135,IPC,411,1,2
3135,IPC,34,1,3
3136,MV,184,1,1
3137,IPC,376,1,1
3138,POCSO,4,1,1
3138,POCSO,8,1,2
3139,NDPS,20,1,1
3140,MV,184,1,1
3141,NDPS,20,1,1
3142,MV,184,1,1
3142,MV,177,1,2
3143,DP,3,1,1
3143,DP,4,1,2
3144,DP,4,1,1
3145,IT,66C,1,1
3146,IPC,379,1,1
3146,IPC,420,1,2
3147,NDPS,22,1,1
3147,NDPS,20,1,2
3147,NDPS,8,1,3
3148,IT,66C,1,1
3149,POCSO,4,1,1
3149,POCSO,6,1,2
3149,POCSO,8,1,3
3150,DP,4,1,1
3151,POCSO,6,1,1
3151,POCSO,4,1,2
3152,NDPS,22,1,1
3153,IT,66C,1,1
3153,IT,67,1,2
3154,MV,196,1,1
3155,POCSO,4,1,1
3155,POCSO,8,1,2
3156,POCSO,6,1,1
3157,POCSO,8,1,1
3158,POCSO,8,1,1
3159,IT,66D,1,1
3159,IT,66C,1,2
3159,IT,67,1,3
3160,MV,184,1,1
3160,MV,196,1,2
3161,NDPS,20,1,1
3161,NDPS,21,1,2
3162,NDPS,21,1,1
3163,POCSO,6,1,1
3164,NDPS,22,1,1
3165,MV,177,1,1
3165,MV,196,1,2
3166,MV,196,1,1
3166,MV,177,1,2
3166,MV,184,1,3
3167,DP,4,1,1
3167,DP,3,1,2
3168,IT,66D,1,1
3168,IT,67,1,2
3169,MV,177,1,1
3169,MV,184,1,2
3169,MV,196,1,3
3170,IT,66C,1,1
3170,IT,66D,1,2
3170,IT,67,1,3
3171,MV,177,1,1
3172,IT,66C,1,1
3172,IT,66D,1,2
3172,IT,67,1,3
3173,MV,184,1,1
3174,IPC,120B,1,1
3175,POCSO,4,1,1
3176,IPC,302,1,1
3177,DP,3,1,1
3178,DP,4,1,1
3178,DP,3,1,2
3179,NDPS,20,1,1
3180,POCSO,6,1,1
3181,IPC,323,1,1
3182,NDPS,8,1,1
3183,IPC,120B,1,1
3184,IT,66C,1,1
3185,POCSO,8,1,1
3185,POCSO,4,1,2
3186,DP,3,1,1
3186,DP,4,1,2
3187,IPC,411,1,1
3187,IPC,302,1,2
3187,IPC,34,1,3
3188,POCSO,6,1,1
3188,POCSO,8,1,2
3189,DP,3,1,1
3190,POCSO,4,1,1
3190,POCSO,8,1,2
3190,POCSO,6,1,3
3191,NDPS,8,1,1
3191,NDPS,20,1,2
3191,NDPS,21,1,3
3192,IT,67,1,1
3192,IT,66C,1,2
3192,IT,66D,1,3
3193,NDPS,8,1,1
3193,NDPS,21,1,2
3194,POCSO,4,1,1
3194,POCSO,6,1,2
3195,IPC,302,1,1
3195,IPC,354,1,2
3196,NDPS,22,1,1
3197,POCSO,4,1,1
3197,POCSO,6,1,2
3197,POCSO,8,1,3
3198,DP,3,1,1
3199,DP,4,1,1
3200,NDPS,21,1,1
3201,DP,4,1,1
3202,NDPS,22,1,1
3202,NDPS,20,1,2
3203,IT,66D,1,1
3203,IT,66C,1,2
3204,IPC,354,1,1
3204,IPC,376,1,2
3204,IPC,420,1,3
3205,NDPS,8,1,1
3205,NDPS,21,1,2
3206,DP,3,1,1
3207,IT,66D,1,1
3207,IT,66C,1,2
3208,MV,184,1,1
3208,MV,196,1,2
3208,MV,177,1,3
3209,POCSO,8,1,1
3209,POCSO,4,1,2
3209,POCSO,6,1,3
3210,DP,4,1,1
3211,DP,3,1,1
3211,DP,4,1,2
3212,POCSO,8,1,1
3212,POCSO,6,1,2
3212,POCSO,4,1,3
3213,NDPS,21,1,1
3214,NDPS,21,1,1
3214,NDPS,20,1,2
3214,NDPS,8,1,3
3215,IPC,302,1,1
3215,IPC,34,1,2
3215,IPC,411,1,3
3216,IT,66D,1,1
3216,IT,67,1,2
3216,IT,66C,1,3
3217,DP,3,1,1
3217,DP,4,1,2
3218,DP,3,1,1
3219,NDPS,22,1,1
3220,MV,196,1,1
3220,MV,177,1,2
3220,MV,184,1,3
3221,IT,67,1,1
3221,IT,66C,1,2
3222,NDPS,21,1,1
3222,NDPS,22,1,2
3223,MV,196,1,1
3223,MV,184,1,2
3224,POCSO,8,1,1
3225,POCSO,6,1,1
3226,MV,184,1,1
3226,MV,196,1,2
3227,DP,3,1,1
3228,DP,4,1,1
3228,DP,3,1,2
3229,DP,4,1,1
3230,POCSO,4,1,1
3231,IPC,354,1,1
3231,IPC,323,1,2
3231,IPC,302,1,3
3232,IPC,411,1,1
3232,IPC,376,1,2
3233,IT,66C,1,1
3233,IT,67,1,2
3233,IT,66D,1,3
3234,DP,4,1,1
3234,DP,3,1,2
3235,IT,67,1,1
3235,IT,66D,1,2
3235,IT,66C,1,3
3236,POCSO,6,1,1
3236,POCSO,4,1,2
3237,NDPS,22,1,1
3238,IT,66C,1,1
3238,IT,66D,1,2
3239,IPC,34,1,1
3240,NDPS,8,1,1
3241,DP,4,1,1
3242,NDPS,21,1,1
3242,NDPS,22,1,2
3242,NDPS,20,1,3
3243,POCSO,4,1,1
3244,POCSO,8,1,1
3245,NDPS,21,1,1
3245,NDPS,22,1,2
3245,NDPS,20,1,3
3246,POCSO,6,1,1
3246,POCSO,4,1,2
3247,MV,177,1,1
3248,NDPS,21,1,1
3248,NDPS,22,1,2
3249,NDPS,20,1,1
3249,NDPS,22,1,2
3250,NDPS,8,1,1
3251,DP,3,1,1
3252,IT,66C,1,1
3253,NDPS,21,1,1
3254,POCSO,4,1,1
3255,IT,66D,1,1
3256,IT,67,1,1
3256,IT,66C,1,2
3256,IT,66D,1,3
3257,MV,177,1,1
3257,MV,196,1,2
3258,MV,196,1,1
3259,IPC,354,1,1
3259,IPC,307,1,2
3259,IPC,302,1,3
3260,NDPS,20,1,1
3260,NDPS,22,1,2
3261,NDPS,20,1,1
3261,NDPS,8,1,2
3262,POCSO,4,1,1
3262,POCSO,8,1,2
3262,POCSO,6,1,3
3263,NDPS,20,1,1
3263,NDPS,21,1,2
3263,NDPS,22,1,3
3264,NDPS,21,1,1
3264,NDPS,22,1,2
3264,NDPS,20,1,3
3265,IPC,120B,1,1
3265,IPC,392,1,2
3265,IPC,34,1,3
3266,DP,4,1,1
3267,IPC,420,1,1
3267,IPC,302,1,2
3268,POCSO,8,1,1
3269,DP,4,1,1
3270,POCSO,4,1,1
3270,POCSO,8,1,2
3271,IPC,392,1,1
3271,IPC,302,1,2
3271,IPC,376,1,3
3272,DP,3,1,1
3272,DP,4,1,2
3273,IT,66D,1,1
3273,IT,66C,1,2
3274,POCSO,4,1,1
3274,POCSO,8,1,2
3275,IPC,411,1,1
3275,IPC,323,1,2
3275,IPC,420,1,3
3276,MV,196,1,1
3277,MV,177,1,1
3278,MV,177,1,1
3278,MV,184,1,2
3278,MV,196,1,3
3279,MV,196,1,1
3280,NDPS,20,1,1
3280,NDPS,8,1,2
3281,DP,3,1,1
3282,MV,196,1,1
3283,IPC,354,1,1
3283,IPC,323,1,2
3284,MV,196,1,1
3284,MV,177,1,2
3285,MV,177,1,1
3285,MV,196,1,2
3285,MV,184,1,3
3286,IT,66D,1,1
3286,IT,67,1,2
3286,IT,66C,1,3
3287,MV,196,1,1
3288,IPC,354,1,1
3289,POCSO,4,1,1
3289,POCSO,8,1,2
3289,POCSO,6,1,3
3290,IT,66C,1,1
3290,IT,67,1,2
3291,POCSO,4,1,1
3292,POCSO,6,1,1
3292,POCSO,8,1,2
3292,POCSO,4,1,3
3293,IT,66C,1,1
3294,POCSO,4,1,1
3295,POCSO,4,1,1
3295,POCSO,6,1,2
3296,IPC,302,1,1
3296,IPC,411,1,2
3297,DP,4,1,1
3298,NDPS,8,1,1
3298,NDPS,22,1,2
3298,NDPS,20,1,3
3299,IT,66D,1,1
3299,IT,67,1,2
3299,IT,66C,1,3
3300,IPC,420,1,1
3301,DP,3,1,1
3302,IT,66C,1,1
3303,IPC,302,1,1
3303,IPC,392,1,2
3304,MV,196,1,1
3304,MV,177,1,2
3304,MV,184,1,3
3305,POCSO,8,1,1
3306,DP,3,1,1
3307,MV,196,1,1
3307,MV,177,1,2
3308,IPC,376,1,1
3308,IPC,34,1,2
3308,IPC,420,1,3
3309,POCSO,8,1,1
3309,POCSO,4,1,2
3309,POCSO,6,1,3
3310,IPC,379,1,1
3311,NDPS,21,1,1
3311,NDPS,22,1,2
3311,NDPS,8,1,3
3312,DP,4,1,1
3313,MV,196,1,1
3313,MV,184,1,2
3313,MV,177,1,3
3314,POCSO,4,1,1
3314,POCSO,6,1,2
3315,MV,196,1,1
3316,IPC,354,1,1
3317,IT,66C,1,1
3317,IT,67,1,2
3317,IT,66D,1,3
3318,NDPS,21,1,1
3318,NDPS,22,1,2
3319,POCSO,4,1,1
3319,POCSO,6,1,2
3320,DP,4,1,1
3320,DP,3,1,2
3321,DP,4,1,1
3322,NDPS,22,1,1
3322,NDPS,20,1,2
3322,NDPS,21,1,3
3323,IT,66C,1,1
3323,IT,66D,1,2
3323,IT,67,1,3
3324,MV,184,1,1
3324,MV,177,1,2
3324,MV,196,1,3
3325,MV,196,1,1
3326,NDPS,22,1,1
3326,NDPS,21,1,2
3326,NDPS,8,1,3
3327,IT,67,1,1
3327,IT,66D,1,2
3328,IT,66D,1,1
3329,IPC,411,1,1
3329,IPC,323,1,2
3329,IPC,354,1,3
3330,IT,66C,1,1
3330,IT,66D,1,2
3331,MV,177,1,1
3331,MV,184,1,2
3331,MV,196,1,3
3332,DP,4,1,1
3332,DP,3,1,2
3333,DP,3,1,1
3333,DP,4,1,2
3334,POCSO,4,1,1
3334,POCSO,8,1,2
3334,POCSO,6,1,3
3335,IT,66C,1,1
3335,IT,66D,1,2
3335,IT,67,1,3
3336,IPC,120B,1,1
3336,IPC,392,1,2
3336,IPC,34,1,3
3337,IT,67,1,1
3337,IT,66D,1,2
3338,DP,3,1,1
3339,IT,66D,1,1
3339,IT,67,1,2
3340,NDPS,8,1,1
3340,NDPS,20,1,2
3341,POCSO,6,1,1
3341,POCSO,8,1,2
3341,POCSO,4,1,3
3342,IT,66C,1,1
3342,IT,66D,1,2
3342,IT,67,1,3
3343,NDPS,20,1,1
3343,NDPS,8,1,2
3344,IPC,379,1,1
3345,MV,196,1,1
3345,MV,184,1,2
3345,MV,177,1,3
3346,POCSO,8,1,1
3346,POCSO,6,1,2
3346,POCSO,4,1,3
3347,DP,3,1,1
3348,IT,67,1,1
3349,MV,177,1,1
3350,NDPS,21,1,1
3351,DP,4,1,1
3351,DP,3,1,2
3352,IT,66D,1,1
3353,DP,4,1,1
3354,POCSO,6,1,1
3354,POCSO,8,1,2
3354,POCSO,4,1,3
3355,MV,184,1,1
3355,MV,177,1,2
3355,MV,196,1,3
3356,POCSO,8,1,1
3356,POCSO,4,1,2
3357,DP,3,1,1
3358,POCSO,8,1,1
3359,MV,196,1,1
3360,DP,4,1,1
3360,DP,3,1,2
3361,MV,196,1,1
3361,MV,184,1,2
3362,NDPS,22,1,1
3362,NDPS,21,1,2
3362,NDPS,20,1,3
3363,IPC,120B,1,1
3363,IPC,302,1,2
3364,DP,3,1,1
3365,NDPS,8,1,1
3365,NDPS,21,1,2
3366,IT,66D,1,1
3366,IT,66C,1,2
3366,IT,67,1,3
3367,POCSO,8,1,1
3368,NDPS,21,1,1
3368,NDPS,8,1,2
3368,NDPS,22,1,3
3369,MV,184,1,1
3370,MV,196,1,1
3370,MV,184,1,2
3371,NDPS,20,1,1
3371,NDPS,8,1,2
3371,NDPS,21,1,3
3372,MV,177,1,1
3372,MV,196,1,2
3372,MV,184,1,3
3373,MV,196,1,1
3374,DP,3,1,1
3375,MV,177,1,1
3375,MV,184,1,2
3376,POCSO,8,1,1
3376,POCSO,6,1,2
3376,POCSO,4,1,3
3377,POCSO,8,1,1
3378,DP,4,1,1
3378,DP,3,1,2
3379,MV,177,1,1
3380,IT,66C,1,1
3381,NDPS,22,1,1
3381,NDPS,21,1,2
3381,NDPS,20,1,3
3382,DP,4,1,1
3383,IPC,302,1,1
3383,IPC,376,1,2
3383,IPC,354,1,3
3384,IPC,120B,1,1
3385,NDPS,8,1,1
3386,DP,4,1,1
3387,IPC,307,1,1
3387,IPC,376,1,2
3387,IPC,392,1,3
3388,POCSO,8,1,1
3388,POCSO,4,1,2
3388,POCSO,6,1,3
3389,POCSO,6,1,1
3389,POCSO,4,1,2
3390,IPC,354,1,1
3390,IPC,379,1,2
3391,POCSO,4,1,1
3391,POCSO,6,1,2
3392,IPC,411,1,1
3392,IPC,302,1,2
3392,IPC,376,1,3
3393,NDPS,22,1,1
3393,NDPS,20,1,2
3393,NDPS,21,1,3
3394,MV,177,1,1
3394,MV,184,1,2
3394,MV,196,1,3
3395,POCSO,8,1,1
3395,POCSO,4,1,2
3395,POCSO,6,1,3
3396,MV,184,1,1
3396,MV,196,1,2
3397,IPC,34,1,1
3397,IPC,379,1,2
3397,IPC,411,1,3
3398,NDPS,20,1,1
3399,POCSO,4,1,1
3399,POCSO,8,1,2
3399,POCSO,6,1,3
3400,IT,67,1,1
3401,IT,66D,1,1
3401,IT,67,1,2
3402,NDPS,20,1,1
3402,NDPS,22,1,2
3403,DP,4,1,1
3404,DP,4,1,1
3404,DP,3,1,2
3405,NDPS,22,1,1
3406,POCSO,8,1,1
3407,IT,66D,1,1
3407,IT,67,1,2
3408,IT,66C,1,1
3408,IT,66D,1,2
3409,NDPS,21,1,1
3409,NDPS,22,1,2
3410,MV,184,1,1
3411,POCSO,8,1,1
3411,POCSO,6,1,2
3412,IPC,307,1,1
3412,IPC,302,1,2
3413,MV,184,1,1
3413,MV,196,1,2
3413,MV,177,1,3
3414,DP,3,1,1
3414,DP,4,1,2
3415,IT,67,1,1
3416,MV,184,1,1
3416,MV,196,1,2
3416,MV,177,1,3
3417,IPC,420,1,1
3417,IPC,34,1,2
3418,MV,177,1,1
3418,MV,196,1,2
3418,MV,184,1,3
3419,MV,196,1,1
3419,MV,184,1,2
3419,MV,177,1,3
3420,IT,67,1,1
3421,NDPS,22,1,1
3421,NDPS,20,1,2
3421,NDPS,8,1,3
3422,DP,3,1,1
3422,DP,4,1,2
3423,IPC,392,1,1
3423,IPC,302,1,2
3424,IPC,392,1,1
3424,IPC,420,1,2
3424,IPC,323,1,3
3425,IPC,411,1,1
3425,IPC,323,1,2
3425,IPC,354,1,3
3426,IT,66D,1,1
3426,IT,67,1,2
3427,NDPS,20,1,1
3427,NDPS,22,1,2
3427,NDPS,21,1,3
3428,DP,3,1,1
3429,NDPS,8,1,1
3430,NDPS,22,1,1
3431,MV,177,1,1
3431,MV,196,1,2
3432,DP,4,1,1
3432,DP,3,1,2
3433,DP,3,1,1
3434,IPC,307,1,1
3435,POCSO,4,1,1
3435,POCSO,8,1,2
3436,IT,66C,1,1
3436,IT,66D,1,2
3436,IT,67,1,3
3437,DP,4,1,1
3437,DP,3,1,2
3438,IPC,392,1,1
3438,IPC,376,1,2
3438,IPC,323,1,3
3439,NDPS,22,1,1
3439,NDPS,8,1,2
3439,NDPS,21,1,3
3440,DP,3,1,1
3440,DP,4,1,2
3441,IT,66D,1,1
3441,IT,67,1,2
3441,IT,66C,1,3
3442,IPC,120B,1,1
3442,IPC,302,1,2
3442,IPC,354,1,3
3443,DP,3,1,1
3443,DP,4,1,2
3444,MV,177,1,1
3444,MV,196,1,2
3444,MV,184,1,3
3445,IPC,302,1,1
3445,IPC,120B,1,2
3445,IPC,34,1,3
3446,NDPS,22,1,1
3446,NDPS,8,1,2
3447,DP,4,1,1
3447,DP,3,1,2
3448,POCSO,8,1,1
3448,POCSO,4,1,2
3449,DP,4,1,1
3449,DP,3,1,2
3450,NDPS,8,1,1
3450,NDPS,21,1,2
3450,NDPS,20,1,3
3451,IPC,392,1,1
3451,IPC,307,1,2
3451,IPC,411,1,3
3452,IPC,323,1,1
3452,IPC,120B,1,2
3452,IPC,302,1,3
3453,IT,67,1,1
3453,IT,66D,1,2
3454,IT,67,1,1
3455,MV,196,1,1
3456,DP,3,1,1
3456,DP,4,1,2
3457,NDPS,8,1,1
3458,IPC,411,1,1
3458,IPC,307,1,2
3458,IPC,34,1,3
3459,MV,177,1,1
3459,MV,196,1,2
3460,MV,177,1,1
3460,MV,184,1,2
3460,MV,196,1,3
3461,NDPS,8,1,1
3461,NDPS,21,1,2
3462,DP,4,1,1
3463,IPC,420,1,1
3464,MV,177,1,1
3464,MV,196,1,2
3465,POCSO,6,1,1
3465,POCSO,4,1,2
3465,POCSO,8,1,3
3466,IT,67,1,1
3466,IT,66D,1,2
3467,NDPS,8,1,1
3467,NDPS,22,1,2
3467,NDPS,20,1,3
3468,IPC,411,1,1
3468,IPC,392,1,2
3468,IPC,323,1,3
3469,IT,67,1,1
3469,IT,66D,1,2
3469,IT,66C,1,3
3470,IT,67,1,1
3471,NDPS,22,1,1
3471,NDPS,21,1,2
3471,NDPS,8,1,3
3472,IT,67,1,1
3472,IT,66C,1,2
3472,IT,66D,1,3
3473,IPC,411,1,1
3474,POCSO,6,1,1
3474,POCSO,4,1,2
3475,POCSO,4,1,1
3475,POCSO,6,1,2
3475,POCSO,8,1,3
3476,MV,177,1,1
3477,IPC,420,1,1
3477,IPC,34,1,2
3477,IPC,302,1,3
3478,NDPS,20,1,1
3479,MV,184,1,1
3479,MV,177,1,2
3479,MV,196,1,3
3480,DP,4,1,1
3481,DP,4,1,1
3481,DP,3,1,2
3482,POCSO,8,1,1
3482,POCSO,4,1,2
3482,POCSO,6,1,3
3483,IT,67,1,1
3483,IT,66C,1,2
3484,IT,67,1,1
3484,IT,66C,1,2
3485,MV,196,1,1
3486,IPC,307,1,1
3487,NDPS,8,1,1
3488,POCSO,6,1,1
3489,DP,4,1,1
3490,POCSO,6,1,1
3490,POCSO,4,1,2
3490,POCSO,8,1,3
3491,MV,177,1,1
3491,MV,184,1,2
3491,MV,196,1,3
3492,IPC,302,1,1
3492,IPC,354,1,2
3492,IPC,379,1,3
3493,NDPS,8,1,1
3494,IT,66C,1,1
3495,DP,4,1,1
3495,DP,3,1,2
3496,IT,66C,1,1
3496,IT,66D,1,2
3497,IPC,379,1,1
3498,IPC,34,1,1
3499,IPC,302,1,1
3500,NDPS,22,1,1
3500,NDPS,21,1,2
3500,NDPS,8,1,3
3501,POCSO,4,1,1
3501,POCSO,8,1,2
3501,POCSO,6,1,3
3502,MV,184,1,1
3503,IPC,392,1,1
3503,IPC,420,1,2
3503,IPC,379,1,3
3504,POCSO,4,1,1
3505,NDPS,21,1,1
3505,NDPS,8,1,2
3505,NDPS,22,1,3
3506,DP,3,1,1
3506,DP,4,1,2
3507,IT,67,1,1
3507,IT,66C,1,2
3508,MV,184,1,1
3508,MV,177,1,2
3508,MV,196,1,3
3509,NDPS,22,1,1
3509,NDPS,21,1,2
3510,MV,184,1,1
3510,MV,196,1,2
3510,MV,177,1,3
3511,IPC,307,1,1
3511,IPC,411,1,2
3512,POCSO,4,1,1
3513,POCSO,4,1,1
3514,NDPS,8,1,1
3515,IPC,420,1,1
3515,IPC,354,1,2
3516,MV,184,1,1
3516,MV,196,1,2
3516,MV,177,1,3
3517,NDPS,20,1,1
3518,IPC,411,1,1
3518,IPC,420,1,2
3519,NDPS,20,1,1
3520,POCSO,6,1,1
3520,POCSO,4,1,2
3521,IT,67,1,1
3522,NDPS,21,1,1
3522,NDPS,22,1,2
3522,NDPS,20,1,3
3523,DP,4,1,1
3523,DP,3,1,2
3524,IPC,302,1,1
3524,IPC,307,1,2
3524,IPC,420,1,3
3525,IPC,379,1,1
3526,DP,4,1,1
3527,DP,4,1,1
3528,IPC,420,1,1
3528,IPC,411,1,2
3528,IPC,34,1,3
3529,DP,4,1,1
3529,DP,3,1,2
3530,IT,66D,1,1
3530,IT,67,1,2
3530,IT,66C,1,3
3531,IT,66C,1,1
3531,IT,67,1,2
3531,IT,66D,1,3
3532,IT,67,1,1
3532,IT,66D,1,2
3532,IT,66C,1,3
3533,IT,66D,1,1
3533,IT,67,1,2
3533,IT,66C,1,3
3534,MV,177,1,1
3534,MV,184,1,2
3534,MV,196,1,3
3535,IT,67,1,1
3535,IT,66D,1,2
3535,IT,66C,1,3
3536,NDPS,20,1,1
3536,NDPS,22,1,2
3537,POCSO,8,1,1
3537,POCSO,6,1,2
3537,POCSO,4,1,3
3538,DP,4,1,1
3538,DP,3,1,2
3539,MV,177,1,1
3540,IT,66C,1,1
3541,NDPS,22,1,1
3541,NDPS,21,1,2
3541,NDPS,8,1,3
3542,POCSO,6,1,1
3542,POCSO,8,1,2
3542,POCSO,4,1,3
3543,IPC,420,1,1
3543,IPC,323,1,2
3543,IPC,34,1,3
3544,MV,196,1,1
3544,MV,177,1,2
3544,MV,184,1,3
3545,DP,3,1,1
3546,DP,4,1,1
3546,DP,3,1,2
3547,NDPS,21,1,1
3548,NDPS,21,1,1
3549,NDPS,20,1,1
3549,NDPS,21,1,2
3550,POCSO,4,1,1
3551,NDPS,22,1,1
3552,POCSO,8,1,1
3552,POCSO,6,1,2
3552,POCSO,4,1,3
3553,IPC,411,1,1
3553,IPC,302,1,2
3553,IPC,120B,1,3
3554,NDPS,21,1,1
3554,NDPS,20,1,2
3554,NDPS,22,1,3
3555,MV,196,1,1
3556,NDPS,21,1,1
3557,NDPS,8,1,1
3558,IT,67,1,1
3559,IPC,302,1,1
3560,POCSO,4,1,1
3560,POCSO,6,1,2
3561,NDPS,21,1,1
3561,NDPS,8,1,2
3561,NDPS,22,1,3
3562,DP,4,1,1
3562,DP,3,1,2
3563,IPC,392,1,1
3563,IPC,34,1,2
3564,NDPS,21,1,1
3565,MV,196,1,1
3566,IT,66D,1,1
3566,IT,67,1,2
3566,IT,66C,1,3
3567,NDPS,8,1,1
3567,NDPS,22,1,2
3567,NDPS,20,1,3
3568,IT,66D,1,1
3569,MV,184,1,1
3569,MV,196,1,2
3570,DP,3,1,1
3570,DP,4,1,2
3571,NDPS,20,1,1
3572,POCSO,4,1,1
3573,DP,4,1,1
3573,DP,3,1,2
3574,DP,4,1,1
3575,NDPS,21,1,1
3576,IPC,420,1,1
3576,IPC,323,1,2
3577,DP,4,1,1
3578,MV,196,1,1
3578,MV,177,1,2
3579,DP,3,1,1
3579,DP,4,1,2
3580,IT,66C,1,1
3580,IT,67,1,2
3581,DP,3,1,1
3581,DP,4,1,2
3582,MV,177,1,1
3583,IT,66D,1,1
3583,IT,67,1,2
3583,IT,66C,1,3
3584,DP,3,1,1
3585,IT,66D,1,1
3585,IT,67,1,2
3586,DP,3,1,1
3587,POCSO,4,1,1
3588,NDPS,21,1,1
3588,NDPS,20,1,2
3588,NDPS,8,1,3
3589,DP,3,1,1
3589,DP,4,1,2
3590,IPC,354,1,1
3591,IPC,302,1,1
3591,IPC,411,1,2
3591,IPC,307,1,3
3592,MV,177,1,1
3592,MV,184,1,2
3592,MV,196,1,3
3593,IPC,354,1,1
3593,IPC,392,1,2
3594,MV,184,1,1
3594,MV,177,1,2
3594,MV,196,1,3
3595,MV,184,1,1
3595,MV,196,1,2
3596,IT,66D,1,1
3596,IT,67,1,2
3596,IT,66C,1,3
3597,DP,4,1,1
3597,DP,3,1,2
3598,DP,4,1,1
3598,DP,3,1,2
3599,DP,3,1,1
3599,DP,4,1,2
3600,DP,3,1,1
3600,DP,4,1,2
3601,DP,4,1,1
3601,DP,3,1,2
3602,IPC,379,1,1
3602,IPC,34,1,2
3602,IPC,411,1,3
3603,MV,177,1,1
3604,IPC,302,1,1
3604,IPC,411,1,2
3605,IPC,392,1,1
3605,IPC,420,1,2
3606,MV,177,1,1
3606,MV,184,1,2
3607,DP,3,1,1
3608,IPC,379,1,1
3609,NDPS,8,1,1
3609,NDPS,20,1,2
3610,DP,4,1,1
3611,MV,177,1,1
3612,IT,66D,1,1
3612,IT,66C,1,2
3612,IT,67,1,3
3613,MV,184,1,1
3614,MV,184,1,1
3614,MV,177,1,2
3614,MV,196,1,3
3615,IT,67,1,1
3615,IT,66C,1,2
3615,IT,66D,1,3
3616,IT,66C,1,1
3616,IT,67,1,2
3617,DP,4,1,1
3618,DP,4,1,1
3618,DP,3,1,2
3619,NDPS,22,1,1
3619,NDPS,21,1,2
3619,NDPS,20,1,3
3620,IT,67,1,1
3620,IT,66C,1,2
3621,MV,196,1,1
3622,NDPS,22,1,1
3622,NDPS,8,1,2
3623,POCSO,4,1,1
3624,MV,196,1,1
3624,MV,184,1,2
3624,MV,177,1,3
3625,POCSO,4,1,1
3626,POCSO,6,1,1
3626,POCSO,4,1,2
3626,POCSO,8,1,3
3627,MV,177,1,1
3628,POCSO,4,1,1
3628,POCSO,8,1,2
3628,POCSO,6,1,3
3629,MV,196,1,1
3629,MV,177,1,2
3630,POCSO,6,1,1
3631,POCSO,4,1,1
3631,POCSO,8,1,2
3631,POCSO,6,1,3
3632,POCSO,6,1,1
3633,IT,66D,1,1
3633,IT,66C,1,2
3634,MV,196,1,1
3635,DP,4,1,1
3636,IT,66C,1,1
3637,IT,67,1,1
3637,IT,66D,1,2
3638,IPC,323,1,1
3639,IT,67,1,1
3640,NDPS,22,1,1
3641,IPC,392,1,1
3642,IPC,420,1,1
3642,IPC,302,1,2
3642,IPC,392,1,3
3643,POCSO,6,1,1
3644,DP,4,1,1
3645,DP,4,1,1
3646,DP,4,1,1
3647,DP,3,1,1
3647,DP,4,1,2
3648,NDPS,21,1,1
3649,IPC,307,1,1
3649,IPC,302,1,2
3650,IPC,34,1,1
3650,IPC,307,1,2
3650,IPC,420,1,3
3651,DP,3,1,1
3651,DP,4,1,2
3652,POCSO,4,1,1
3653,IPC,323,1,1
3653,IPC,307,1,2
3653,IPC,420,1,3
3654,MV,177,1,1
3654,MV,184,1,2
3655,MV,184,1,1
3656,POCSO,6,1,1
3656,POCSO,4,1,2
3657,POCSO,4,1,1
3657,POCSO,6,1,2
3658,POCSO,4,1,1
3659,MV,184,1,1
3659,MV,196,1,2
3659,MV,177,1,3
3660,IT,66D,1,1
3661,NDPS,22,1,1
3661,NDPS,20,1,2
3662,POCSO,6,1,1
3663,POCSO,8,1,1
3663,POCSO,4,1,2
3663,POCSO,6,1,3
3664,DP,4,1,1
3664,DP,3,1,2
3665,POCSO,4,1,1
3666,IPC,411,1,1
3666,IPC,379,1,2
3666,IPC,420,1,3
3667,NDPS,22,1,1
3667,NDPS,20,1,2
3668,POCSO,6,1,1
3668,POCSO,8,1,2
3669,IPC,307,1,1
3669,IPC,120B,1,2
3669,IPC,376,1,3
3670,IPC,420,1,1
3670,IPC,307,1,2
3670,IPC,379,1,3
3671,NDPS,22,1,1
3671,NDPS,20,1,2
3672,NDPS,8,1,1
3672,NDPS,21,1,2
3672,NDPS,20,1,3
3673,MV,184,1,1
3673,MV,177,1,2
3674,MV,184,1,1
3675,MV,196,1,1
3675,MV,184,1,2
3676,POCSO,8,1,1
3677,IT,66D,1,1
3678,IPC,420,1,1
3678,IPC,34,1,2
3679,IT,66D,1,1
3679,IT,66C,1,2
3680,IPC,411,1,1
3680,IPC,354,1,2
3681,POCSO,6,1,1
3682,NDPS,22,1,1
3682,NDPS,8,1,2
3682,NDPS,21,1,3
3683,POCSO,8,1,1
3683,POCSO,4,1,2
3683,POCSO,6,1,3
3684,MV,196,1,1
3685,DP,3,1,1
3686,MV,184,1,1
3686,MV,196,1,2
3687,IT,66D,1,1
3687,IT,66C,1,2
3687,IT,67,1,3
3688,IPC,411,1,1
3688,IPC,376,1,2
3689,POCSO,6,1,1
3689,POCSO,4,1,2
3689,POCSO,8,1,3
3690,NDPS,20,1,1
3690,NDPS,21,1,2
3690,NDPS,8,1,3
3691,MV,177,1,1
3691,MV,196,1,2
3692,POCSO,4,1,1
3692,POCSO,6,1,2
3692,POCSO,8,1,3
3693,IT,66D,1,1
3693,IT,67,1,2
3694,IT,66D,1,1
3694,IT,66C,1,2
3694,IT,67,1,3
3695,POCSO,6,1,1
3695,POCSO,8,1,2
3696,POCSO,4,1,1
3696,POCSO,8,1,2
3696,POCSO,6,1,3
3697,NDPS,21,1,1
3698,IPC,354,1,1
3698,IPC,120B,1,2
3699,IT,66C,1,1
3699,IT,67,1,2
3700,IPC,411,1,1
3700,IPC,302,1,2
3700,IPC,354,1,3
3701,MV,196,1,1
3701,MV,184,1,2
3702,IT,66D,1,1
3702,IT,66C,1,2
3703,DP,4,1,1
3704,IPC,307,1,1
3705,NDPS,8,1,1
3706,MV,177,1,1
3707,DP,4,1,1
3707,DP,3,1,2
3708,IPC,392,1,1
3708,IPC,411,1,2
3708,IPC,354,1,3
3709,DP,4,1,1
3710,POCSO,6,1,1
3710,POCSO,8,1,2
3711,DP,3,1,1
3712,IT,66D,1,1
3713,MV,177,1,1
3714,DP,3,1,1
3715,NDPS,22,1,1
3715,NDPS,21,1,2
3715,NDPS,8,1,3
3716,MV,196,1,1
3717,NDPS,8,1,1
3717,NDPS,21,1,2
3718,MV,184,1,1
3719,IPC,354,1,1
3720,NDPS,22,1,1
3721,IT,67,1,1
3721,IT,66C,1,2
3722,NDPS,21,1,1
3722,NDPS,20,1,2
3722,NDPS,22,1,3
3723,IT,66C,1,1
3724,IPC,376,1,1
3724,IPC,302,1,2
3724,IPC,379,1,3
3725,IPC,420,1,1
3726,POCSO,4,1,1
3727,IT,66C,1,1
3727,IT,67,1,2
3728,DP,4,1,1
3728,DP,3,1,2
3729,NDPS,8,1,1
3729,NDPS,21,1,2
3729,NDPS,20,1,3
3730,IT,67,1,1
3731,MV,196,1,1
3732,MV,177,1,1
3733,IT,66D,1,1
3733,IT,67,1,2
3733,IT,66C,1,3
3734,IT,66D,1,1
3735,MV,184,1,1
3735,MV,177,1,2
3736,MV,184,1,1
3736,MV,196,1,2
3737,MV,184,1,1
3737,MV,196,1,2
3737,MV,177,1,3
3738,IT,66D,1,1
3739,IT,66C,1,1
3739,IT,66D,1,2
3739,IT,67,1,3
3740,MV,196,1,1
3740,MV,184,1,2
3741,POCSO,4,1,1
3741,POCSO,6,1,2
3742,DP,4,1,1
3743,MV,184,1,1
3743,MV,177,1,2
3744,IPC,420,1,1
3744,IPC,354,1,2
3744,IPC,307,1,3
3745,POCSO,4,1,1
3746,DP,3,1,1
3746,DP,4,1,2
3747,NDPS,21,1,1
3747,NDPS,8,1,2
3748,IT,66D,1,1
3748,IT,66C,1,2
3748,IT,67,1,3
3749,NDPS,22,1,1
3749,NDPS,20,1,2
3750,IT,66C,1,1
3750,IT,66D,1,2
3750,IT,67,1,3
3751,NDPS,22,1,1
3752,DP,4,1,1
3753,IPC,323,1,1
3753,IPC,120B,1,2
3754,DP,4,1,1
3755,DP,3,1,1
3755,DP,4,1,2
3756,MV,184,1,1
3757,MV,184,1,1
3757,MV,196,1,2
3758,MV,184,1,1
3758,MV,196,1,2
3758,MV,177,1,3
3759,POCSO,6,1,1
3759,POCSO,4,1,2
3759,POCSO,8,1,3
3760,IT,66C,1,1
3760,IT,66D,1,2
3761,POCSO,6,1,1
3762,IT,66D,1,1
3763,NDPS,22,1,1
3763,NDPS,21,1,2
3763,NDPS,20,1,3
3764,POCSO,8,1,1
3764,POCSO,4,1,2
3765,IPC,120B,1,1
3765,IPC,323,1,2
3765,IPC,379,1,3
3766,MV,177,1,1
3766,MV,184,1,2
3767,DP,4,1,1
3767,DP,3,1,2
3768,POCSO,4,1,1
3768,POCSO,6,1,2
3769,IPC,411,1,1
3769,IPC,120B,1,2
3770,MV,177,1,1
3770,MV,184,1,2
3770,MV,196,1,3
3771,DP,3,1,1
3771,DP,4,1,2
3772,DP,3,1,1
3773,DP,3,1,1
3774,DP,4,1,1
3775,MV,184,1,1
3775,MV,196,1,2
3775,MV,177,1,3
3776,NDPS,8,1,1
3777,DP,4,1,1
3777,DP,3,1,2
3778,MV,184,1,1
3778,MV,196,1,2
3779,MV,177,1,1
3780,DP,4,1,1
3780,DP,3,1,2
3781,IT,66D,1,1
3781,IT,66C,1,2
3782,POCSO,8,1,1
3783,MV,184,1,1
3783,MV,177,1,2
3783,MV,196,1,3
3784,DP,3,1,1
3784,DP,4,1,2
3785,DP,3,1,1
3786,MV,184,1,1
3786,MV,177,1,2
3787,IT,66C,1,1
3788,DP,3,1,1
3788,DP,4,1,2
3789,IPC,120B,1,1
3790,NDPS,22,1,1
3790,NDPS,8,1,2
3791,DP,4,1,1
3792,MV,196,1,1
3792,MV,177,1,2
3793,IT,66C,1,1
3793,IT,67,1,2
3794,POCSO,6,1,1
3794,POCSO,4,1,2
3794,POCSO,8,1,3
3795,IT,66D,1,1
3796,POCSO,8,1,1
3796,POCSO,6,1,2
3797,NDPS,21,1,1
3798,IPC,392,1,1
3798,IPC,354,1,2
3798,IPC,420,1,3
3799,DP,3,1,1
3799,DP,4,1,2
3800,DP,4,1,1
3801,POCSO,8,1,1
3801,POCSO,6,1,2
3801,POCSO,4,1,3
3802,IPC,411,1,1
3802,IPC,376,1,2
3802,IPC,392,1,3
3803,POCSO,4,1,1
3803,POCSO,6,1,2
3803,POCSO,8,1,3
3804,MV,177,1,1
3804,MV,196,1,2
3805,MV,184,1,1
3805,MV,177,1,2
3806,NDPS,20,1,1
3806,NDPS,8,1,2
3807,MV,184,1,1
3808,IPC,376,1,1
3809,DP,4,1,1
3810,MV,184,1,1
3811,DP,3,1,1
3811,DP,4,1,2
3812,POCSO,8,1,1
3813,IPC,392,1,1
3814,MV,184,1,1
3815,IPC,323,1,1
3816,MV,184,1,1
3816,MV,177,1,2
3817,NDPS,21,1,1
3817,NDPS,8,1,2
3818,NDPS,8,1,1
3818,NDPS,20,1,2
3818,NDPS,21,1,3
3819,POCSO,4,1,1
3819,POCSO,6,1,2
3819,POCSO,8,1,3
3820,IPC,307,1,1
3820,IPC,120B,1,2
3821,MV,184,1,1
3821,MV,196,1,2
3822,DP,4,1,1
3822,DP,3,1,2
3823,IT,66D,1,1
3823,IT,66C,1,2
3824,IPC,354,1,1
3824,IPC,411,1,2
3824,IPC,34,1,3
3825,MV,177,1,1
3825,MV,196,1,2
3826,POCSO,8,1,1
3827,NDPS,20,1,1
3827,NDPS,22,1,2
3828,MV,177,1,1
3828,MV,196,1,2
3829,NDPS,20,1,1
3830,NDPS,8,1,1
3830,NDPS,20,1,2
3830,NDPS,21,1,3
3831,IT,67,1,1
3831,IT,66D,1,2
3831,IT,66C,1,3
3832,IT,67,1,1
3832,IT,66C,1,2
3832,IT,66D,1,3
3833,IPC,392,1,1
3833,IPC,379,1,2
3833,IPC,302,1,3
3834,NDPS,8,1,1
3834,NDPS,20,1,2
3835,NDPS,8,1,1
3835,NDPS,22,1,2
3836,MV,177,1,1
3836,MV,196,1,2
3836,MV,184,1,3
3837,IT,66D,1,1
3837,IT,67,1,2
3837,IT,66C,1,3
3838,IPC,323,1,1
3838,IPC,411,1,2
3838,IPC,379,1,3
3839,IPC,411,1,1
3839,IPC,323,1,2
3839,IPC,392,1,3
3840,MV,184,1,1
3840,MV,196,1,2
3840,MV,177,1,3
3841,POCSO,8,1,1
3841,POCSO,6,1,2
3842,POCSO,4,1,1
3842,POCSO,8,1,2
3842,POCSO,6,1,3
3843,DP,3,1,1
3843,DP,4,1,2
3844,NDPS,22,1,1
3844,NDPS,21,1,2
3845,MV,177,1,1
3846,DP,4,1,1
3846,DP,3,1,2
3847,MV,184,1,1
3848,IPC,34,1,1
3849,MV,184,1,1
3850,DP,4,1,1
3850,DP,3,1,2
3851,POCSO,4,1,1
3851,POCSO,6,1,2
3852,MV,184,1,1
3852,MV,177,1,2
3852,MV,196,1,3
3853,NDPS,22,1,1
3854,IT,66C,1,1
3854,IT,67,1,2
3854,IT,66D,1,3
3855,MV,177,1,1
3855,MV,196,1,2
3856,IT,67,1,1
3856,IT,66D,1,2
3856,IT,66C,1,3
3857,MV,177,1,1
3857,MV,184,1,2
3857,MV,196,1,3
3858,MV,196,1,1
3858,MV,184,1,2
3858,MV,177,1,3
3859,MV,196,1,1
3860,MV,196,1,1
3860,MV,184,1,2
3860,MV,177,1,3
3861,POCSO,8,1,1
3861,POCSO,4,1,2
3861,POCSO,6,1,3
3862,POCSO,6,1,1
3862,POCSO,8,1,2
3863,POCSO,4,1,1
3864,DP,3,1,1
3864,DP,4,1,2
3865,DP,4,1,1
3866,IT,66C,1,1
3866,IT,66D,1,2
3867,IPC,34,1,1
3868,NDPS,21,1,1
3869,IT,66D,1,1
3869,IT,66C,1,2
3869,IT,67,1,3
3870,DP,4,1,1
3870,DP,3,1,2
3871,DP,3,1,1
3872,IPC,307,1,1
3873,NDPS,20,1,1
3873,NDPS,21,1,2
3873,NDPS,22,1,3
3874,MV,177,1,1
3874,MV,184,1,2
3875,NDPS,21,1,1
3875,NDPS,20,1,2
3875,NDPS,8,1,3
3876,MV,184,1,1
3877,IT,67,1,1
3877,IT,66C,1,2
3877,IT,66D,1,3
3878,IPC,411,1,1
3878,IPC,420,1,2
3879,IT,66C,1,1
3879,IT,66D,1,2
3880,IT,66C,1,1
3881,MV,184,1,1
3882,IT,67,1,1
3882,IT,66D,1,2
3882,IT,66C,1,3
3883,DP,4,1,1
3884,POCSO,4,1,1
3884,POCSO,6,1,2
3885,POCSO,6,1,1
3886,NDPS,20,1,1
3887,IT,67,1,1
3887,IT,66D,1,2
3888,IT,66D,1,1
3888,IT,67,1,2
3889,IPC,392,1,1
3889,IPC,420,1,2
3889,IPC,302,1,3
3890,POCSO,8,1,1
3891,IT,67,1,1
3891,IT,66D,1,2
3891,IT,66C,1,3
3892,MV,177,1,1
3892,MV,196,1,2
3892,MV,184,1,3
3893,MV,196,1,1
3893,MV,177,1,2
3893,MV,184,1,3
3894,POCSO,4,1,1
3895,IPC,323,1,1
3895,IPC,420,1,2
3896,IPC,392,1,1
3896,IPC,323,1,2
3896,IPC,376,1,3
3897,IT,67,1,1
3897,IT,66D,1,2
3898,MV,184,1,1
3899,POCSO,6,1,1
3899,POCSO,8,1,2
3899,POCSO,4,1,3
3900,DP,3,1,1
3901,POCSO,4,1,1
3901,POCSO,6,1,2
3902,MV,196,1,1
3903,IPC,392,1,1
3904,DP,3,1,1
3904,DP,4,1,2
3905,IPC,411,1,1
3906,POCSO,4,1,1
3906,POCSO,8,1,2
3906,POCSO,6,1,3
3907,DP,3,1,1
3908,IPC,302,1,1
3909,DP,3,1,1
3910,DP,4,1,1
3910,DP,3,1,2
3911,IT,66D,1,1
3911,IT,66C,1,2
3912,DP,3,1,1
3913,IT,66C,1,1
3913,IT,66D,1,2
3913,IT,67,1,3
3914,IPC,420,1,1
3914,IPC,302,1,2
3914,IPC,323,1,3
3915,IT,66D,1,1
3915,IT,67,1,2
3916,DP,4,1,1
3916,DP,3,1,2
3917,DP,3,1,1
3917,DP,4,1,2
3918,POCSO,8,1,1
3918,POCSO,6,1,2
3918,POCSO,4,1,3
3919,MV,177,1,1
3919,MV,184,1,2
3919,MV,196,1,3
3920,IT,66C,1,1
3921,NDPS,20,1,1
3921,NDPS,21,1,2
3921,NDPS,8,1,3
3922,IPC,379,1,1
3923,NDPS,22,1,1
3923,NDPS,20,1,2
3923,NDPS,21,1,3
3924,IPC,411,1,1
3925,DP,3,1,1
3925,DP,4,1,2
3926,IT,67,1,1
3926,IT,66C,1,2
3926,IT,66D,1,3
3927,NDPS,21,1,1
3927,NDPS,20,1,2
3928,IT,66C,1,1
3928,IT,67,1,2
3928,IT,66D,1,3
3929,MV,196,1,1
3930,NDPS,20,1,1
3931,NDPS,21,1,1
3931,NDPS,20,1,2
3932,IPC,420,1,1
3932,IPC,379,1,2
3933,DP,3,1,1
3933,DP,4,1,2
3934,POCSO,6,1,1
3934,POCSO,4,1,2
3934,POCSO,8,1,3
3935,MV,177,1,1
3936,MV,196,1,1
3936,MV,184,1,2
3937,DP,3,1,1
3937,DP,4,1,2
3938,DP,4,1,1
3938,DP,3,1,2
3939,DP,3,1,1
3939,DP,4,1,2
3940,MV,196,1,1
3941,DP,4,1,1
3942,MV,196,1,1
3942,MV,184,1,2
3943,IPC,120B,1,1
3944,POCSO,4,1,1
3944,POCSO,8,1,2
3944,POCSO,6,1,3
3945,POCSO,6,1,1
3945,POCSO,4,1,2
3946,IT,66C,1,1
3946,IT,67,1,2
3946,IT,66D,1,3
3947,IPC,120B,1,1
3947,IPC,307,1,2
3948,NDPS,22,1,1
3948,NDPS,8,1,2
3949,IT,66D,1,1
3950,POCSO,6,1,1
3950,POCSO,8,1,2
3950,POCSO,4,1,3
3951,NDPS,21,1,1
3951,NDPS,22,1,2
3952,IT,67,1,1
3952,IT,66D,1,2
3952,IT,66C,1,3
3953,DP,4,1,1
3954,DP,4,1,1
3955,DP,4,1,1
3955,DP,3,1,2
3956,NDPS,21,1,1
3956,NDPS,22,1,2
3957,IT,66C,1,1
3957,IT,67,1,2
3958,NDPS,22,1,1
3959,DP,4,1,1
3959,DP,3,1,2
3960,POCSO,6,1,1
3960,POCSO,4,1,2
3961,IT,66C,1,1
3962,MV,177,1,1
3962,MV,196,1,2
3962,MV,184,1,3
3963,IT,67,1,1
3963,IT,66D,1,2
3963,IT,66C,1,3
3964,IT,67,1,1
3964,IT,66C,1,2
3965,POCSO,6,1,1
3965,POCSO,4,1,2
3966,MV,184,1,1
3966,MV,196,1,2
3967,IPC,323,1,1
3967,IPC,411,1,2
3968,MV,196,1,1
3969,POCSO,6,1,1
3969,POCSO,4,1,2
3969,POCSO,8,1,3
3970,NDPS,22,1,1
3970,NDPS,21,1,2
3970,NDPS,8,1,3
3971,POCSO,8,1,1
3972,DP,4,1,1
3973,IT,67,1,1
3974,IPC,302,1,1
3974,IPC,411,1,2
3974,IPC,379,1,3
3975,IT,66D,1,1
3976,POCSO,8,1,1
3977,POCSO,4,1,1
3978,MV,196,1,1
3978,MV,177,1,2
3978,MV,184,1,3
3979,MV,177,1,1
3980,IT,66C,1,1
3980,IT,67,1,2
3980,IT,66D,1,3
3981,IT,66C,1,1
3981,IT,66D,1,2
3982,IPC,302,1,1
3982,IPC,354,1,2
3982,IPC,420,1,3
3983,MV,177,1,1
3984,MV,196,1,1
3984,MV,184,1,2
3984,MV,177,1,3
3985,DP,4,1,1
3985,DP,3,1,2
3986,POCSO,8,1,1
3986,POCSO,4,1,2
3986,POCSO,6,1,3
3987,DP,4,1,1
3988,POCSO,6,1,1
3988,POCSO,8,1,2
3988,POCSO,4,1,3
3989,IT,66D,1,1
3989,IT,67,1,2
3989,IT,66C,1,3
3990,DP,4,1,1
3990,DP,3,1,2
3991,IT,66C,1,1
3992,POCSO,6,1,1
3992,POCSO,8,1,2
3992,POCSO,4,1,3
3993,NDPS,20,1,1
3993,NDPS,22,1,2
3993,NDPS,21,1,3
3994,MV,177,1,1
3995,NDPS,8,1,1
3995,NDPS,22,1,2
3996,POCSO,4,1,1
3996,POCSO,6,1,2
3996,POCSO,8,1,3
3997,POCSO,4,1,1
3997,POCSO,6,1,2
3997,POCSO,8,1,3
3998,IT,66D,1,1
3998,IT,66C,1,2
3999,IT,66D,1,1
3999,IT,66C,1,2
3999,IT,67,1,3
4000,DP,4,1,1
4001,MV,196,1,1
4001,MV,177,1,2
4001,MV,184,1,3
4002,MV,184,1,1
4002,MV,177,1,2
4003,MV,177,1,1
4004,DP,4,1,1
4004,DP,3,1,2
4005,DP,3,1,1
4006,NDPS,8,1,1
4007,IPC,420,1,1
4008,DP,4,1,1
4008,DP,3,1,2
4009,DP,3,1,1
4010,IPC,302,1,1
4010,IPC,379,1,2
4011,NDPS,22,1,1
4011,NDPS,8,1,2
4011,NDPS,20,1,3
4012,POCSO,4,1,1
4012,POCSO,6,1,2
4012,POCSO,8,1,3
4013,POCSO,6,1,1
4013,POCSO,8,1,2
4014,MV,177,1,1
4014,MV,196,1,2
4014,MV,184,1,3
4015,MV,177,1,1
4015,MV,196,1,2
4015,MV,184,1,3
4016,MV,177,1,1
4016,MV,184,1,2
4016,MV,196,1,3
4017,DP,3,1,1
4017,DP,4,1,2
4018,IT,66C,1,1
4019,MV,177,1,1
4019,MV,196,1,2
4020,IT,67,1,1
4020,IT,66D,1,2
4020,IT,66C,1,3
4021,MV,184,1,1
4021,MV,196,1,2
4022,POCSO,4,1,1
4022,POCSO,8,1,2
4022,POCSO,6,1,3
4023,DP,3,1,1
4024,IPC,392,1,1
4024,IPC,34,1,2
4025,IPC,307,1,1
4025,IPC,376,1,2
4026,IT,67,1,1
4026,IT,66D,1,2
4026,IT,66C,1,3
4027,IPC,392,1,1
4027,IPC,420,1,2
4027,IPC,34,1,3
4028,MV,177,1,1
4028,MV,196,1,2
4028,MV,184,1,3
4029,IT,66D,1,1
4030,MV,196,1,1
4031,POCSO,6,1,1
4031,POCSO,8,1,2
4032,IPC,392,1,1
4032,IPC,376,1,2
4032,IPC,120B,1,3
4033,IPC,354,1,1
4033,IPC,411,1,2
4033,IPC,379,1,3
4034,NDPS,22,1,1
4035,NDPS,21,1,1
4036,IT,67,1,1
4036,IT,66C,1,2
4036,IT,66D,1,3
4037,DP,3,1,1
4037,DP,4,1,2
4038,IPC,34,1,1
4038,IPC,420,1,2
4039,IT,67,1,1
4039,IT,66D,1,2
4039,IT,66C,1,3
4040,MV,177,1,1
4041,DP,4,1,1
4041,DP,3,1,2
4042,IT,66C,1,1
4042,IT,66D,1,2
4042,IT,67,1,3
4043,IPC,411,1,1
4043,IPC,392,1,2
4044,NDPS,20,1,1
4044,NDPS,22,1,2
4044,NDPS,8,1,3
4045,POCSO,6,1,1
4045,POCSO,8,1,2
4045,POCSO,4,1,3
4046,MV,196,1,1
4046,MV,184,1,2
4046,MV,177,1,3
4047,IPC,323,1,1
4047,IPC,376,1,2
4047,IPC,307,1,3
4048,IPC,411,1,1
4048,IPC,120B,1,2
4049,MV,177,1,1
4050,POCSO,6,1,1
4051,POCSO,6,1,1
4051,POCSO,8,1,2
4052,IPC,34,1,1
4052,IPC,120B,1,2
4053,POCSO,6,1,1
4054,IPC,420,1,1
4054,IPC,392,1,2
4054,IPC,411,1,3
4055,NDPS,8,1,1
4056,IPC,420,1,1
4056,IPC,302,1,2
4057,IPC,307,1,1
4057,IPC,323,1,2
4058,IT,67,1,1
4059,NDPS,21,1,1
4059,NDPS,8,1,2
4059,NDPS,22,1,3
4060,IPC,392,1,1
4060,IPC,376,1,2
4060,IPC,120B,1,3
4061,DP,3,1,1
4062,IPC,302,1,1
4062,IPC,307,1,2
4063,IT,66C,1,1
4063,IT,66D,1,2
4064,IPC,302,1,1
4065,MV,184,1,1
4065,MV,196,1,2
4065,MV,177,1,3
4066,IT,66D,1,1
4067,NDPS,20,1,1
4067,NDPS,21,1,2
4068,MV,184,1,1
4069,DP,3,1,1
4069,DP,4,1,2
4070,NDPS,8,1,1
4070,NDPS,21,1,2
4070,NDPS,20,1,3
4071,IPC,302,1,1
4071,IPC,307,1,2
4071,IPC,411,1,3
4072,DP,3,1,1
4073,POCSO,6,1,1
4074,DP,4,1,1
4075,IPC,392,1,1
4075,IPC,120B,1,2
4075,IPC,354,1,3
4076,MV,177,1,1
4077,MV,184,1,1
4078,POCSO,6,1,1
4079,NDPS,20,1,1
4079,NDPS,22,1,2
4080,MV,177,1,1
4081,IPC,354,1,1
4082,NDPS,20,1,1
4082,NDPS,8,1,2
4082,NDPS,22,1,3
4083,MV,196,1,1
4083,MV,177,1,2
4084,IT,66D,1,1
4084,IT,67,1,2
4085,DP,4,1,1
4085,DP,3,1,2
4086,MV,184,1,1
4086,MV,196,1,2
4086,MV,177,1,3
4087,POCSO,8,1,1
4088,DP,4,1,1
4088,DP,3,1,2
4089,MV,196,1,1
4090,MV,184,1,1
4090,MV,177,1,2
4091,NDPS,21,1,1
4092,MV,196,1,1
4093,NDPS,21,1,1
4094,IT,66D,1,1
4095,POCSO,8,1,1
4096,DP,3,1,1
4096,DP,4,1,2
4097,IPC,392,1,1
4098,MV,196,1,1
4098,MV,177,1,2
4098,MV,184,1,3
4099,NDPS,20,1,1
4099,NDPS,21,1,2
4100,IT,66D,1,1
4100,IT,67,1,2
4101,IPC,420,1,1
4101,IPC,323,1,2
4102,IT,66D,1,1
4102,IT,67,1,2
4103,DP,4,1,1
4103,DP,3,1,2
4104,MV,177,1,1
4104,MV,184,1,2
4105,MV,184,1,1
4105,MV,177,1,2
4106,DP,4,1,1
4107,POCSO,8,1,1
4107,POCSO,6,1,2
4108,NDPS,22,1,1
4109,NDPS,20,1,1
4110,POCSO,6,1,1
4111,NDPS,8,1,1
4112,MV,184,1,1
4112,MV,196,1,2
4112,MV,177,1,3
4113,MV,196,1,1
4114,DP,4,1,1
4115,NDPS,21,1,1
4116,IPC,376,1,1
4116,IPC,302,1,2
4116,IPC,120B,1,3
4117,NDPS,8,1,1
4117,NDPS,22,1,2
4117,NDPS,20,1,3
4118,IT,67,1,1
4119,DP,3,1,1
4119,DP,4,1,2
4120,DP,4,1,1
4120,DP,3,1,2
4121,NDPS,21,1,1
4121,NDPS,20,1,2
4122,MV,177,1,1
4122,MV,196,1,2
4123,MV,177,1,1
4123,MV,196,1,2
4123,MV,184,1,3
4124,IT,66D,1,1
4125,MV,177,1,1
4125,MV,196,1,2
4125,MV,184,1,3
4126,DP,3,1,1
4127,POCSO,4,1,1
4127,POCSO,8,1,2
4128,IPC,376,1,1
4129,DP,3,1,1
4130,NDPS,20,1,1
4130,NDPS,8,1,2
4130,NDPS,22,1,3
4131,IPC,411,1,1
4131,IPC,120B,1,2
4132,DP,3,1,1
4133,IPC,302,1,1
4133,IPC,376,1,2
4134,POCSO,8,1,1
4135,IPC,307,1,1
4135,IPC,354,1,2
4135,IPC,323,1,3
4136,DP,3,1,1
4136,DP,4,1,2
4137,DP,4,1,1
4137,DP,3,1,2
4138,NDPS,20,1,1
4138,NDPS,8,1,2
4139,IPC,302,1,1
4140,MV,196,1,1
4140,MV,177,1,2
4140,MV,184,1,3
4141,POCSO,8,1,1
4141,POCSO,4,1,2
4141,POCSO,6,1,3
4142,POCSO,4,1,1
4142,POCSO,6,1,2
4143,IT,66D,1,1
4144,MV,184,1,1
4144,MV,196,1,2
4144,MV,177,1,3
4145,IPC,302,1,1
4145,IPC,307,1,2
4145,IPC,420,1,3
4146,IT,66D,1,1
4147,POCSO,6,1,1
4147,POCSO,4,1,2
4147,POCSO,8,1,3
4148,IPC,379,1,1
4148,IPC,354,1,2
4149,DP,4,1,1
4149,DP,3,1,2
4150,DP,4,1,1
4150,DP,3,1,2
4151,IPC,411,1,1
4151,IPC,354,1,2
4152,POCSO,8,1,1
4152,POCSO,4,1,2
4153,POCSO,6,1,1
4153,POCSO,8,1,2
4153,POCSO,4,1,3
4154,IT,67,1,1
4154,IT,66D,1,2
4154,IT,66C,1,3
4155,IT,66D,1,1
4155,IT,67,1,2
4156,POCSO,4,1,1
4156,POCSO,8,1,2
4157,NDPS,21,1,1
4157,NDPS,8,1,2
4158,MV,177,1,1
4158,MV,184,1,2
4158,MV,196,1,3
4159,POCSO,6,1,1
4159,POCSO,4,1,2
4159,POCSO,8,1,3
4160,POCSO,8,1,1
4160,POCSO,6,1,2
4161,IT,66D,1,1
4161,IT,67,1,2
4162,MV,177,1,1
4162,MV,184,1,2
4162,MV,196,1,3
4163,IT,67,1,1
4163,IT,66D,1,2
4164,NDPS,20,1,1
4164,NDPS,22,1,2
4165,IPC,307,1,1
4165,IPC,411,1,2
4165,IPC,420,1,3
4166,NDPS,8,1,1
4166,NDPS,21,1,2
4166,NDPS,20,1,3
4167,DP,3,1,1
4167,DP,4,1,2
4168,NDPS,20,1,1
4168,NDPS,22,1,2
4169,MV,196,1,1
4169,MV,184,1,2
4170,DP,4,1,1
4170,DP,3,1,2
4171,NDPS,22,1,1
4171,NDPS,8,1,2
4172,POCSO,8,1,1
4172,POCSO,6,1,2
4172,POCSO,4,1,3
4173,IPC,376,1,1
4173,IPC,120B,1,2
4174,DP,4,1,1
4175,IPC,34,1,1
4176,IPC,376,1,1
4176,IPC,307,1,2
4177,IT,66D,1,1
4177,IT,67,1,2
4178,MV,177,1,1
4178,MV,196,1,2
4178,MV,184,1,3
4179,NDPS,20,1,1
4180,IPC,354,1,1
4180,IPC,420,1,2
4181,IT,66C,1,1
4182,IT,66D,1,1
4182,IT,67,1,2
4182,IT,66C,1,3
4183,MV,177,1,1
4183,MV,184,1,2
4183,MV,196,1,3
4184,DP,3,1,1
4184,DP,4,1,2
4185,MV,196,1,1
4186,IPC,354,1,1
4187,NDPS,21,1,1
4188,DP,3,1,1
4188,DP,4,1,2
4189,NDPS,22,1,1
4189,NDPS,21,1,2
4190,IPC,323,1,1
4190,IPC,392,1,2
4191,NDPS,22,1,1
4192,DP,3,1,1
4192,DP,4,1,2
4193,MV,177,1,1
4193,MV,184,1,2
4193,MV,196,1,3
4194,NDPS,21,1,1
4194,NDPS,8,1,2
4194,NDPS,22,1,3
4195,MV,196,1,1
4195,MV,184,1,2
4196,DP,3,1,1
4196,DP,4,1,2
4197,NDPS,21,1,1
4198,IPC,323,1,1
4199,NDPS,8,1,1
4200,IPC,411,1,1
4200,IPC,323,1,2
4201,IPC,302,1,1
4201,IPC,411,1,2
4201,IPC,323,1,3
4202,MV,177,1,1
4202,MV,184,1,2
4203,IT,67,1,1
4203,IT,66D,1,2
4203,IT,66C,1,3
4204,MV,184,1,1
4204,MV,177,1,2
4204,MV,196,1,3
4205,MV,177,1,1
4205,MV,196,1,2
4205,MV,184,1,3
4206,MV,196,1,1
4207,NDPS,20,1,1
4207,NDPS,22,1,2
4208,IT,66D,1,1
4208,IT,66C,1,2
4209,NDPS,8,1,1
4209,NDPS,22,1,2
4209,NDPS,21,1,3
4210,IPC,379,1,1
4210,IPC,411,1,2
4211,IPC,34,1,1
4211,IPC,307,1,2
4211,IPC,302,1,3
4212,DP,4,1,1
4212,DP,3,1,2
4213,MV,177,1,1
4213,MV,196,1,2
4214,POCSO,4,1,1
4214,POCSO,8,1,2
4214,POCSO,6,1,3
4215,NDPS,22,1,1
4215,NDPS,8,1,2
4215,NDPS,21,1,3
4216,IPC,376,1,1
4217,MV,196,1,1
4218,DP,3,1,1
4218,DP,4,1,2
4219,MV,177,1,1
4219,MV,196,1,2
4220,DP,4,1,1
4220,DP,3,1,2
4221,POCSO,6,1,1
4221,POCSO,4,1,2
4222,POCSO,8,1,1
4223,NDPS,21,1,1
4224,NDPS,20,1,1
4224,NDPS,21,1,2
4225,DP,3,1,1
4225,DP,4,1,2
4226,NDPS,8,1,1
4226,NDPS,20,1,2
4226,NDPS,21,1,3
4227,IT,66C,1,1
4227,IT,66D,1,2
4227,IT,67,1,3
4228,NDPS,8,1,1
4228,NDPS,22,1,2
4228,NDPS,20,1,3
4229,NDPS,20,1,1
4230,POCSO,4,1,1
4231,MV,184,1,1
4231,MV,196,1,2
4232,NDPS,20,1,1
4233,MV,177,1,1
4234,MV,184,1,1
4235,MV,196,1,1
4235,MV,184,1,2
4236,NDPS,22,1,1
4237,IT,66C,1,1
4237,IT,67,1,2
4237,IT,66D,1,3
4238,NDPS,21,1,1
4239,MV,177,1,1
4239,MV,196,1,2
4240,MV,177,1,1
4240,MV,184,1,2
4241,POCSO,4,1,1
4241,POCSO,6,1,2
4242,DP,3,1,1
4243,POCSO,4,1,1
4243,POCSO,6,1,2
4244,DP,4,1,1
4245,DP,3,1,1
4246,POCSO,4,1,1
4247,NDPS,8,1,1
4247,NDPS,21,1,2
4248,IT,67,1,1
4248,IT,66C,1,2
4249,NDPS,22,1,1
4250,DP,4,1,1
4250,DP,3,1,2
4251,NDPS,22,1,1
4251,NDPS,21,1,2
4251,NDPS,20,1,3
4252,MV,184,1,1
4253,NDPS,22,1,1
4253,NDPS,8,1,2
4253,NDPS,20,1,3
4254,IPC,120B,1,1
4254,IPC,302,1,2
4254,IPC,354,1,3
4255,NDPS,20,1,1
4255,NDPS,21,1,2
4255,NDPS,22,1,3
4256,IPC,323,1,1
4256,IPC,392,1,2
4257,IPC,376,1,1
4257,IPC,302,1,2
4257,IPC,392,1,3
4258,NDPS,8,1,1
4258,NDPS,21,1,2
4259,DP,3,1,1
4260,POCSO,6,1,1
4261,NDPS,21,1,1
4261,NDPS,8,1,2
4262,IPC,307,1,1
4262,IPC,302,1,2
4262,IPC,120B,1,3
4263,POCSO,6,1,1
4263,POCSO,8,1,2
4264,NDPS,20,1,1
4264,NDPS,21,1,2
4264,NDPS,8,1,3
4265,NDPS,22,1,1
4265,NDPS,21,1,2
4266,POCSO,4,1,1
4266,POCSO,8,1,2
4267,NDPS,21,1,1
4267,NDPS,20,1,2
4267,NDPS,8,1,3
4268,MV,177,1,1
4268,MV,184,1,2
4268,MV,196,1,3
4269,DP,3,1,1
4270,POCSO,8,1,1
4270,POCSO,4,1,2
4270,POCSO,6,1,3
4271,IPC,411,1,1
4272,DP,3,1,1
4273,DP,4,1,1
4273,DP,3,1,2
4274,MV,177,1,1
4274,MV,184,1,2
4274,MV,196,1,3
4275,IPC,420,1,1
4275,IPC,392,1,2
4276,MV,177,1,1
4276,MV,196,1,2
4277,IT,66D,1,1
4277,IT,67,1,2
4278,IPC,34,1,1
4278,IPC,411,1,2
4278,IPC,379,1,3
4279,NDPS,8,1,1
4279,NDPS,21,1,2
4279,NDPS,20,1,3
4280,POCSO,4,1,1
4280,POCSO,6,1,2
4281,POCSO,4,1,1
4281,POCSO,6,1,2
4281,POCSO,8,1,3
4282,DP,4,1,1
4282,DP,3,1,2
4283,NDPS,20,1,1
4283,NDPS,21,1,2
4284,MV,196,1,1
4284,MV,177,1,2
4284,MV,184,1,3
4285,MV,196,1,1
4285,MV,177,1,2
4285,MV,184,1,3
4286,NDPS,20,1,1
4286,NDPS,21,1,2
4287,NDPS,20,1,1
4287,NDPS,21,1,2
4287,NDPS,8,1,3
4288,NDPS,20,1,1
4289,IPC,392,1,1
4290,DP,4,1,1
4290,DP,3,1,2
4291,POCSO,4,1,1
4291,POCSO,6,1,2
4291,POCSO,8,1,3
4292,MV,184,1,1
4292,MV,196,1,2
4292,MV,177,1,3
4293,IT,66C,1,1
4293,IT,67,1,2
4294,POCSO,6,1,1
4294,POCSO,4,1,2
4294,POCSO,8,1,3
4295,DP,4,1,1
4296,IPC,307,1,1
4296,IPC,411,1,2
4296,IPC,34,1,3
4297,IT,67,1,1
4297,IT,66D,1,2
4298,POCSO,4,1,1
4298,POCSO,6,1,2
4299,IPC,34,1,1
4299,IPC,302,1,2
4299,IPC,376,1,3
4300,MV,184,1,1
4300,MV,177,1,2
4301,IT,66D,1,1
4301,IT,67,1,2
4301,IT,66C,1,3
4302,IT,67,1,1
4302,IT,66D,1,2
4302,IT,66C,1,3
4303,NDPS,8,1,1
4303,NDPS,22,1,2
4304,MV,177,1,1
4305,IPC,354,1,1
4305,IPC,376,1,2
4305,IPC,307,1,3
4306,IPC,411,1,1
4306,IPC,392,1,2
4306,IPC,34,1,3
4307,DP,3,1,1
4308,DP,3,1,1
4309,IPC,323,1,1
4309,IPC,302,1,2
4309,IPC,420,1,3
4310,POCSO,8,1,1
4310,POCSO,4,1,2
4310,POCSO,6,1,3
4311,NDPS,21,1,1
4311,NDPS,22,1,2
4311,NDPS,20,1,3
4312,IT,66C,1,1
4312,IT,66D,1,2
4312,IT,67,1,3
4313,MV,196,1,1
4313,MV,184,1,2
4313,MV,177,1,3
4314,NDPS,20,1,1
4314,NDPS,22,1,2
4315,IPC,420,1,1
4315,IPC,411,1,2
4315,IPC,307,1,3
4316,IT,66D,1,1
4316,IT,66C,1,2
4316,IT,67,1,3
4317,NDPS,20,1,1
4317,NDPS,8,1,2
4318,DP,4,1,1
4319,IPC,376,1,1
4319,IPC,420,1,2
4320,DP,3,1,1
4320,DP,4,1,2
4321,NDPS,22,1,1
4322,IT,66D,1,1
4322,IT,67,1,2
4323,NDPS,8,1,1
4323,NDPS,22,1,2
4323,NDPS,20,1,3
4324,IT,67,1,1
4324,IT,66C,1,2
4324,IT,66D,1,3
4325,DP,3,1,1
4325,DP,4,1,2
4326,POCSO,4,1,1
4327,IPC,376,1,1
4327,IPC,307,1,2
4328,IT,66D,1,1
4328,IT,66C,1,2
4328,IT,67,1,3
4329,POCSO,6,1,1
4330,IPC,302,1,1
4330,IPC,34,1,2
4330,IPC,379,1,3
4331,DP,3,1,1
4332,MV,184,1,1
4332,MV,196,1,2
4333,IPC,420,1,1
4333,IPC,120B,1,2
4333,IPC,323,1,3
4334,POCSO,4,1,1
4334,POCSO,8,1,2
4334,POCSO,6,1,3
4335,DP,3,1,1
4336,NDPS,20,1,1
4337,DP,4,1,1
4338,DP,3,1,1
4339,DP,3,1,1
4339,DP,4,1,2
4340,IPC,34,1,1
4340,IPC,420,1,2
4341,DP,4,1,1
4342,IT,66D,1,1
4342,IT,67,1,2
4343,IT,66D,1,1
4344,MV,177,1,1
4345,POCSO,6,1,1
4345,POCSO,4,1,2
4346,POCSO,8,1,1
4346,POCSO,4,1,2
4347,NDPS,8,1,1
4347,NDPS,20,1,2
4348,IPC,379,1,1
4348,IPC,34,1,2
4348,IPC,411,1,3
4349,NDPS,21,1,1
4349,NDPS,20,1,2
4349,NDPS,8,1,3
4350,MV,184,1,1
4351,NDPS,22,1,1
4352,IT,66D,1,1
4353,IT,66C,1,1
4353,IT,66D,1,2
4353,IT,67,1,3
4354,IPC,323,1,1
4354,IPC,411,1,2
4354,IPC,354,1,3
4355,MV,177,1,1
4355,MV,184,1,2
4356,IT,66C,1,1
4356,IT,66D,1,2
4357,POCSO,6,1,1
4357,POCSO,8,1,2
4358,DP,3,1,1
4358,DP,4,1,2
4359,MV,177,1,1
4359,MV,184,1,2
4360,NDPS,20,1,1
4361,POCSO,8,1,1
4361,POCSO,4,1,2
4361,POCSO,6,1,3
4362,NDPS,22,1,1
4362,NDPS,20,1,2
4363,MV,184,1,1
4364,MV,196,1,1
4364,MV,184,1,2
4364,MV,177,1,3
4365,POCSO,4,1,1
4366,IT,66C,1,1
4366,IT,67,1,2
4367,MV,177,1,1
4368,POCSO,6,1,1
4368,POCSO,8,1,2
4369,MV,196,1,1
4369,MV,177,1,2
4369,MV,184,1,3
4370,NDPS,21,1,1
4370,NDPS,20,1,2
4370,NDPS,22,1,3
4371,DP,3,1,1
4372,NDPS,22,1,1
4372,NDPS,20,1,2
4373,POCSO,4,1,1
4373,POCSO,8,1,2
4374,MV,196,1,1
4374,MV,184,1,2
4375,NDPS,20,1,1
4375,NDPS,22,1,2
4376,MV,184,1,1
4377,MV,177,1,1
4377,MV,184,1,2
4377,MV,196,1,3
4378,NDPS,22,1,1
4378,NDPS,8,1,2
4379,NDPS,21,1,1
4379,NDPS,22,1,2
4379,NDPS,8,1,3
4380,MV,177,1,1
4380,MV,196,1,2
4381,MV,184,1,1
4381,MV,196,1,2
4382,NDPS,8,1,1
4383,MV,196,1,1
4383,MV,177,1,2
4383,MV,184,1,3
4384,IT,67,1,1
4385,IPC,411,1,1
4386,DP,3,1,1
4387,POCSO,4,1,1
4387,POCSO,8,1,2
4388,IPC,120B,1,1
4388,IPC,307,1,2
4389,IPC,420,1,1
4390,NDPS,8,1,1
4391,IT,66D,1,1
4392,NDPS,21,1,1
4393,DP,3,1,1
4393,DP,4,1,2
4394,IT,66D,1,1
4395,IPC,379,1,1
4396,NDPS,8,1,1
4396,NDPS,21,1,2
4396,NDPS,22,1,3
4397,POCSO,6,1,1
4398,MV,177,1,1
4398,MV,184,1,2
4399,IPC,323,1,1
4399,IPC,34,1,2
4399,IPC,120B,1,3
4400,IPC,392,1,1
4400,IPC,120B,1,2
4401,IPC,392,1,1
4401,IPC,302,1,2
4402,NDPS,21,1,1
4402,NDPS,22,1,2
4403,IT,66D,1,1
4403,IT,66C,1,2
4404,IT,66C,1,1
4404,IT,67,1,2
4405,POCSO,4,1,1
4405,POCSO,8,1,2
4406,DP,3,1,1
4406,DP,4,1,2
4407,MV,177,1,1
4407,MV,196,1,2
4408,IPC,420,1,1
4408,IPC,354,1,2
4409,IPC,354,1,1
4410,NDPS,20,1,1
4411,NDPS,20,1,1
4412,IPC,34,1,1
4413,IPC,376,1,1
4414,DP,4,1,1
4414,DP,3,1,2
4415,NDPS,20,1,1
4415,NDPS,8,1,2
4415,NDPS,21,1,3
4416,DP,3,1,1
4416,DP,4,1,2
4417,DP,4,1,1
4417,DP,3,1,2
4418,NDPS,22,1,1
4418,NDPS,20,1,2
4418,NDPS,8,1,3
4419,IT,67,1,1
4419,IT,66C,1,2
4419,IT,66D,1,3
4420,IT,67,1,1
4420,IT,66C,1,2
4421,POCSO,6,1,1
4421,POCSO,8,1,2
4422,DP,3,1,1
4422,DP,4,1,2
4423,DP,4,1,1
4423,DP,3,1,2
4424,IPC,354,1,1
4425,MV,177,1,1
4425,MV,184,1,2
4426,IT,67,1,1
4426,IT,66C,1,2
4426,IT,66D,1,3
4427,POCSO,4,1,1
4427,POCSO,8,1,2
4428,IPC,120B,1,1
4429,NDPS,22,1,1
4430,MV,184,1,1
4430,MV,196,1,2
4430,MV,177,1,3
4431,NDPS,21,1,1
4432,DP,3,1,1
4433,MV,184,1,1
4434,IPC,34,1,1
4434,IPC,120B,1,2
4434,IPC,420,1,3
4435,POCSO,6,1,1
4435,POCSO,4,1,2
4436,POCSO,8,1,1
4436,POCSO,4,1,2
4437,NDPS,21,1,1
4438,IPC,392,1,1
4438,IPC,302,1,2
4438,IPC,376,1,3
4439,POCSO,8,1,1
4440,IT,67,1,1
4440,IT,66C,1,2
4440,IT,66D,1,3
4441,DP,3,1,1
4442,IT,67,1,1
4442,IT,66D,1,2
4443,IPC,302,1,1
4443,IPC,376,1,2
4444,POCSO,8,1,1
4444,POCSO,6,1,2
4445,MV,196,1,1
4446,IT,67,1,1
4447,NDPS,21,1,1
4447,NDPS,22,1,2
4448,POCSO,6,1,1
4449,IT,66D,1,1
4450,MV,196,1,1
4450,MV,184,1,2
4450,MV,177,1,3
4451,IT,66C,1,1
4452,DP,4,1,1
4453,NDPS,8,1,1
4454,MV,177,1,1
4455,DP,4,1,1
4456,NDPS,22,1,1
4456,NDPS,8,1,2
4456,NDPS,21,1,3
4457,MV,184,1,1
4457,MV,196,1,2
4457,MV,177,1,3
4458,POCSO,4,1,1
4459,POCSO,8,1,1
4459,POCSO,6,1,2
4459,POCSO,4,1,3
4460,IPC,392,1,1
4461,MV,184,1,1
4461,MV,196,1,2
4461,MV,177,1,3
4462,POCSO,8,1,1
4463,IPC,323,1,1
4463,IPC,420,1,2
4464,IT,66D,1,1
4465,IT,67,1,1
4466,DP,3,1,1
4467,DP,4,1,1
4468,DP,3,1,1
4469,POCSO,4,1,1
4469,POCSO,6,1,2
4469,POCSO,8,1,3
4470,IPC,420,1,1
4470,IPC,354,1,2
4471,POCSO,4,1,1
4472,MV,184,1,1
4472,MV,196,1,2
4472,MV,177,1,3
4473,DP,4,1,1
4473,DP,3,1,2
4474,DP,3,1,1
4474,DP,4,1,2
4475,DP,3,1,1
4476,DP,4,1,1
4476,DP,3,1,2
4477,POCSO,8,1,1
4478,MV,184,1,1
4479,POCSO,4,1,1
4479,POCSO,8,1,2
4480,IPC,323,1,1
4480,IPC,307,1,2
4480,IPC,34,1,3
4481,DP,3,1,1
4481,DP,4,1,2
4482,DP,3,1,1
4483,NDPS,20,1,1
4483,NDPS,22,1,2
4484,IPC,376,1,1
4484,IPC,120B,1,2
4484,IPC,354,1,3
4485,POCSO,4,1,1
4485,POCSO,6,1,2
4485,POCSO,8,1,3
4486,IPC,354,1,1
4486,IPC,34,1,2
4486,IPC,323,1,3
4487,DP,3,1,1
4487,DP,4,1,2
4488,POCSO,6,1,1
4488,POCSO,8,1,2
4489,POCSO,8,1,1
4489,POCSO,4,1,2
4490,MV,196,1,1
4490,MV,177,1,2
4490,MV,184,1,3
4491,IPC,302,1,1
4491,IPC,376,1,2
4491,IPC,34,1,3
4492,MV,184,1,1
4493,IT,66C,1,1
4493,IT,67,1,2
4494,POCSO,6,1,1
4495,DP,3,1,1
4495,DP,4,1,2
4496,DP,4,1,1
4497,POCSO,6,1,1
4497,POCSO,4,1,2
4497,POCSO,8,1,3
4498,NDPS,20,1,1
4498,NDPS,8,1,2
4498,NDPS,22,1,3
4499,DP,4,1,1
4500,MV,184,1,1
4501,NDPS,22,1,1
4501,NDPS,20,1,2
4501,NDPS,8,1,3
4502,POCSO,8,1,1
4503,IPC,120B,1,1
4503,IPC,323,1,2
4503,IPC,302,1,3
4504,NDPS,21,1,1
4504,NDPS,22,1,2
4504,NDPS,8,1,3
4505,MV,196,1,1
4505,MV,177,1,2
4506,DP,3,1,1
4506,DP,4,1,2
4507,IPC,302,1,1
4508,IPC,307,1,1
4508,IPC,420,1,2
4509,IPC,354,1,1
4509,IPC,307,1,2
4510,IPC,411,1,1
4510,IPC,392,1,2
4510,IPC,34,1,3
4511,IPC,392,1,1
4511,IPC,120B,1,2
4511,IPC,323,1,3
4512,MV,177,1,1
4512,MV,196,1,2
4513,MV,177,1,1
4514,MV,184,1,1
4514,MV,177,1,2
4514,MV,196,1,3
4515,IT,66C,1,1
4516,MV,184,1,1
4517,NDPS,22,1,1
4518,MV,196,1,1
4518,MV,184,1,2
4518,MV,177,1,3
4519,DP,3,1,1
4520,MV,196,1,1
4520,MV,184,1,2
4521,IT,67,1,1
4521,IT,66C,1,2
4522,DP,3,1,1
4523,IPC,379,1,1
4523,IPC,411,1,2
4524,IT,66D,1,1
4524,IT,67,1,2
4524,IT,66C,1,3
4525,NDPS,20,1,1
4525,NDPS,22,1,2
4525,NDPS,21,1,3
4526,IPC,411,1,1
4526,IPC,120B,1,2
4527,POCSO,4,1,1
4527,POCSO,8,1,2
4527,POCSO,6,1,3
4528,POCSO,6,1,1
4528,POCSO,4,1,2
4529,NDPS,20,1,1
4529,NDPS,22,1,2
4529,NDPS,21,1,3
4530,IPC,420,1,1
4530,IPC,34,1,2
4530,IPC,411,1,3
4531,NDPS,8,1,1
4532,NDPS,21,1,1
4533,DP,3,1,1
4533,DP,4,1,2
4534,NDPS,8,1,1
4535,IPC,323,1,1
4535,IPC,392,1,2
4536,POCSO,4,1,1
4536,POCSO,6,1,2
4537,MV,196,1,1
4537,MV,177,1,2
4538,IPC,379,1,1
4539,IPC,379,1,1
4540,DP,3,1,1
4540,DP,4,1,2
4541,POCSO,6,1,1
4541,POCSO,4,1,2
4542,IPC,392,1,1
4542,IPC,376,1,2
4542,IPC,120B,1,3
4543,NDPS,22,1,1
4543,NDPS,8,1,2
4543,NDPS,20,1,3
4544,POCSO,6,1,1
4544,POCSO,4,1,2
4544,POCSO,8,1,3
4545,DP,3,1,1
4546,IPC,420,1,1
4546,IPC,411,1,2
4547,MV,196,1,1
4547,MV,177,1,2
4547,MV,184,1,3
4548,POCSO,6,1,1
4548,POCSO,8,1,2
4549,IPC,379,1,1
4549,IPC,34,1,2
4549,IPC,307,1,3
4550,DP,3,1,1
4550,DP,4,1,2
4551,IT,67,1,1
4551,IT,66C,1,2
4551,IT,66D,1,3
4552,MV,177,1,1
4552,MV,184,1,2
4553,POCSO,8,1,1
4554,NDPS,20,1,1
4555,MV,196,1,1
4556,NDPS,8,1,1
4556,NDPS,22,1,2
4556,NDPS,20,1,3
4557,POCSO,6,1,1
4557,POCSO,4,1,2
4558,IT,66D,1,1
4558,IT,66C,1,2
4558,IT,67,1,3
4559,NDPS,20,1,1
4560,DP,4,1,1
4560,DP,3,1,2
4561,IPC,307,1,1
4561,IPC,323,1,2
4562,IPC,302,1,1
4563,NDPS,21,1,1
4563,NDPS,20,1,2
4564,NDPS,21,1,1
4565,POCSO,8,1,1
4566,IPC,376,1,1
4566,IPC,411,1,2
4567,POCSO,8,1,1
4568,NDPS,22,1,1
4568,NDPS,20,1,2
4568,NDPS,21,1,3
4569,NDPS,21,1,1
4569,NDPS,8,1,2
4570,MV,177,1,1
4571,POCSO,6,1,1
4572,IPC,323,1,1
4573,MV,196,1,1
4574,IT,66C,1,1
4574,IT,66D,1,2
4574,IT,67,1,3
4575,POCSO,6,1,1
4576,IT,67,1,1
4577,POCSO,4,1,1
4577,POCSO,8,1,2
4578,IPC,302,1,1
4578,IPC,323,1,2
4579,POCSO,4,1,1
4579,POCSO,6,1,2
4580,MV,196,1,1
4580,MV,177,1,2
4580,MV,184,1,3
4581,POCSO,4,1,1
4581,POCSO,6,1,2
4582,POCSO,8,1,1
4582,POCSO,4,1,2
4583,IT,66C,1,1
4583,IT,66D,1,2
4583,IT,67,1,3
4584,NDPS,8,1,1
4584,NDPS,21,1,2
4584,NDPS,20,1,3
4585,DP,4,1,1
4586,POCSO,4,1,1
4586,POCSO,8,1,2
4587,IT,66C,1,1
4587,IT,67,1,2
4588,POCSO,4,1,1
4589,MV,196,1,1
4590,IPC,302,1,1
4590,IPC,307,1,2
4590,IPC,34,1,3
4591,IPC,323,1,1
4592,DP,3,1,1
4593,MV,184,1,1
4593,MV,196,1,2
4593,MV,177,1,3
4594,POCSO,8,1,1
4594,POCSO,4,1,2
4595,MV,177,1,1
4596,POCSO,6,1,1
4596,POCSO,4,1,2
4596,POCSO,8,1,3
4597,POCSO,8,1,1
4597,POCSO,4,1,2
4597,POCSO,6,1,3
4598,NDPS,20,1,1
4598,NDPS,8,1,2
4599,POCSO,8,1,1
4599,POCSO,6,1,2
4600,IPC,376,1,1
4600,IPC,420,1,2
4600,IPC,354,1,3
4601,DP,3,1,1
4601,DP,4,1,2
4602,IPC,379,1,1
4602,IPC,307,1,2
4602,IPC,392,1,3
4603,NDPS,8,1,1
4603,NDPS,20,1,2
4603,NDPS,21,1,3
4604,DP,4,1,1
4605,IPC,376,1,1
4606,DP,3,1,1
4607,IPC,34,1,1
4607,IPC,411,1,2
4607,IPC,354,1,3
4608,DP,3,1,1
4608,DP,4,1,2
4609,NDPS,8,1,1
4609,NDPS,21,1,2
4609,NDPS,22,1,3
4610,DP,3,1,1
4611,IPC,302,1,1
4611,IPC,420,1,2
4612,NDPS,22,1,1
4612,NDPS,8,1,2
4613,DP,4,1,1
4614,MV,177,1,1
4615,POCSO,8,1,1
4616,MV,184,1,1
4617,POCSO,6,1,1
4618,IPC,120B,1,1
4618,IPC,354,1,2
4619,DP,4,1,1
4620,MV,184,1,1
4620,MV,196,1,2
4621,IPC,376,1,1
4621,IPC,379,1,2
4621,IPC,354,1,3
4622,MV,196,1,1
4623,DP,4,1,1
4623,DP,3,1,2
4624,MV,177,1,1
4624,MV,196,1,2
4624,MV,184,1,3
4625,NDPS,22,1,1
4625,NDPS,8,1,2
4625,NDPS,21,1,3
4626,IPC,411,1,1
4626,IPC,392,1,2
4626,IPC,120B,1,3
4627,MV,184,1,1
4627,MV,177,1,2
4627,MV,196,1,3
4628,IT,67,1,1
4628,IT,66C,1,2
4629,IPC,354,1,1
4629,IPC,302,1,2
4629,IPC,379,1,3
4630,MV,196,1,1
4630,MV,184,1,2
4631,IPC,307,1,1
4632,NDPS,20,1,1
4632,NDPS,22,1,2
4632,NDPS,21,1,3
4633,IPC,420,1,1
4633,IPC,307,1,2
4634,MV,184,1,1
4634,MV,177,1,2
4635,DP,3,1,1
4636,NDPS,22,1,1
4637,IT,66D,1,1
4638,IPC,392,1,1
4638,IPC,307,1,2
4639,NDPS,21,1,1
4639,NDPS,22,1,2
4639,NDPS,8,1,3
4640,POCSO,4,1,1
4640,POCSO,6,1,2
4640,POCSO,8,1,3
4641,MV,184,1,1
4641,MV,196,1,2
4641,MV,177,1,3
4642,NDPS,20,1,1
4642,NDPS,21,1,2
4642,NDPS,22,1,3
4643,IPC,323,1,1
4644,MV,177,1,1
4644,MV,184,1,2
4645,NDPS,21,1,1
4645,NDPS,8,1,2
4645,NDPS,22,1,3
4646,MV,177,1,1
4646,MV,196,1,2
4647,IPC,307,1,1
4647,IPC,34,1,2
4647,IPC,354,1,3
4648,NDPS,8,1,1
4648,NDPS,21,1,2
4648,NDPS,22,1,3
4649,IT,66C,1,1
4649,IT,67,1,2
4649,IT,66D,1,3
4650,IT,66C,1,1
4651,POCSO,8,1,1
4651,POCSO,4,1,2
4651,POCSO,6,1,3
4652,NDPS,20,1,1
4653,IPC,34,1,1
4653,IPC,376,1,2
4654,POCSO,4,1,1
4654,POCSO,8,1,2
4655,IPC,420,1,1
4655,IPC,392,1,2
4656,NDPS,20,1,1
4656,NDPS,8,1,2
4656,NDPS,22,1,3
4657,IT,66D,1,1
4658,MV,177,1,1
4658,MV,196,1,2
4659,IPC,392,1,1
4659,IPC,34,1,2
4659,IPC,307,1,3
4660,DP,4,1,1
4660,DP,3,1,2
4661,IPC,411,1,1
4662,DP,4,1,1
4662,DP,3,1,2
4663,POCSO,6,1,1
4664,IT,66C,1,1
4664,IT,66D,1,2
4665,IPC,379,1,1
4666,MV,196,1,1
4666,MV,177,1,2
4667,IPC,34,1,1
4668,IPC,411,1,1
4668,IPC,420,1,2
4669,POCSO,6,1,1
4669,POCSO,8,1,2
4669,POCSO,4,1,3
4670,NDPS,20,1,1
4671,POCSO,4,1,1
4671,POCSO,8,1,2
4671,POCSO,6,1,3
4672,DP,3,1,1
4672,DP,4,1,2
4673,DP,3,1,1
4673,DP,4,1,2
4674,POCSO,8,1,1
4674,POCSO,4,1,2
4675,DP,4,1,1
4676,IT,66C,1,1
4676,IT,67,1,2
4676,IT,66D,1,3
4677,POCSO,8,1,1
4677,POCSO,4,1,2
4677,POCSO,6,1,3
4678,MV,196,1,1
4678,MV,177,1,2
4679,DP,4,1,1
4679,DP,3,1,2
4680,IT,67,1,1
4680,IT,66D,1,2
4680,IT,66C,1,3
4681,MV,177,1,1
4682,POCSO,8,1,1
4683,MV,184,1,1
4683,MV,177,1,2
4683,MV,196,1,3
4684,DP,4,1,1
4684,DP,3,1,2
4685,NDPS,20,1,1
4685,NDPS,8,1,2
4686,IPC,411,1,1
4687,IT,66C,1,1
4688,IPC,323,1,1
4688,IPC,392,1,2
4688,IPC,411,1,3
4689,POCSO,6,1,1
4689,POCSO,4,1,2
4690,POCSO,4,1,1
4690,POCSO,8,1,2
4691,IPC,379,1,1
4691,IPC,420,1,2
4692,MV,196,1,1
4693,MV,177,1,1
4694,POCSO,4,1,1
4694,POCSO,6,1,2
4694,POCSO,8,1,3
4695,IPC,307,1,1
4696,IT,66C,1,1
4696,IT,67,1,2
4696,IT,66D,1,3
4697,MV,184,1,1
4697,MV,177,1,2
4697,MV,196,1,3
4698,IT,67,1,1
4698,IT,66D,1,2
4699,POCSO,4,1,1
4699,POCSO,6,1,2
4699,POCSO,8,1,3
4700,POCSO,8,1,1
4700,POCSO,4,1,2
4701,IPC,34,1,1
4701,IPC,411,1,2
4702,IPC,120B,1,1
4703,IT,66D,1,1
4703,IT,67,1,2
4704,DP,4,1,1
4704,DP,3,1,2
4705,IT,67,1,1
4706,DP,4,1,1
4706,DP,3,1,2
4707,DP,3,1,1
4708,POCSO,4,1,1
4709,IT,66D,1,1
4710,DP,4,1,1
4710,DP,3,1,2
4711,POCSO,4,1,1
4712,DP,3,1,1
4712,DP,4,1,2
4713,DP,4,1,1
4714,IPC,411,1,1
4714,IPC,302,1,2
4714,IPC,354,1,3
4715,MV,177,1,1
4715,MV,184,1,2
4715,MV,196,1,3
4716,DP,3,1,1
4716,DP,4,1,2
4717,IT,66C,1,1
4717,IT,66D,1,2
4718,IPC,307,1,1
4719,MV,177,1,1
4720,IPC,307,1,1
4720,IPC,420,1,2
4721,DP,4,1,1
4721,DP,3,1,2
4722,DP,4,1,1
4723,IT,67,1,1
4723,IT,66C,1,2
4724,IPC,379,1,1
4724,IPC,307,1,2
4724,IPC,354,1,3
4725,IT,66C,1,1
4725,IT,66D,1,2
4726,IPC,420,1,1
4727,IPC,354,1,1
4727,IPC,379,1,2
4728,IT,66D,1,1
4728,IT,67,1,2
4728,IT,66C,1,3
4729,POCSO,8,1,1
4730,NDPS,21,1,1
4730,NDPS,20,1,2
4730,NDPS,8,1,3
4731,DP,4,1,1
4732,IPC,307,1,1
4732,IPC,379,1,2
4733,NDPS,20,1,1
4733,NDPS,22,1,2
4733,NDPS,21,1,3
4734,POCSO,4,1,1
4734,POCSO,8,1,2
4734,POCSO,6,1,3
4735,MV,177,1,1
4735,MV,184,1,2
4736,MV,177,1,1
4736,MV,184,1,2
4737,IT,66C,1,1
4738,POCSO,8,1,1
4738,POCSO,6,1,2
4739,IPC,302,1,1
4739,IPC,323,1,2
4740,MV,196,1,1
4740,MV,184,1,2
4740,MV,177,1,3
4741,MV,184,1,1
4741,MV,177,1,2
4741,MV,196,1,3
4742,IT,66C,1,1
4742,IT,67,1,2
4743,MV,184,1,1
4743,MV,177,1,2
4743,MV,196,1,3
4744,IPC,411,1,1
4744,IPC,376,1,2
4744,IPC,323,1,3
4745,MV,184,1,1
4746,IPC,323,1,1
4747,NDPS,20,1,1
4747,NDPS,8,1,2
4748,NDPS,8,1,1
4748,NDPS,22,1,2
4749,MV,177,1,1
4750,MV,196,1,1
4751,POCSO,6,1,1
4751,POCSO,8,1,2
4751,POCSO,4,1,3
4752,POCSO,6,1,1
4752,POCSO,8,1,2
4752,POCSO,4,1,3
4753,DP,4,1,1
4754,IT,67,1,1
4754,IT,66C,1,2
4755,MV,177,1,1
4755,MV,184,1,2
4755,MV,196,1,3
4756,POCSO,6,1,1
4757,MV,177,1,1
4758,DP,3,1,1
4758,DP,4,1,2
4759,IT,67,1,1
4760,IPC,34,1,1
4761,IT,67,1,1
4762,IT,66C,1,1
4762,IT,67,1,2
4763,NDPS,8,1,1
4763,NDPS,22,1,2
4763,NDPS,21,1,3
4764,IT,66D,1,1
4764,IT,66C,1,2
4764,IT,67,1,3
4765,IT,67,1,1
4765,IT,66D,1,2
4765,IT,66C,1,3
4766,IT,67,1,1
4766,IT,66C,1,2
4767,MV,184,1,1
4767,MV,196,1,2
4768,DP,3,1,1
4768,DP,4,1,2
4769,DP,3,1,1
4770,DP,3,1,1
4770,DP,4,1,2
4771,MV,184,1,1
4772,NDPS,8,1,1
4772,NDPS,21,1,2
4772,NDPS,22,1,3
4773,IPC,354,1,1
4773,IPC,302,1,2
4774,POCSO,4,1,1
4774,POCSO,6,1,2
4775,NDPS,22,1,1
4775,NDPS,20,1,2
4776,IPC,302,1,1
4777,NDPS,21,1,1
4778,DP,4,1,1
4779,IT,66D,1,1
4780,DP,3,1,1
4781,POCSO,6,1,1
4782,IPC,307,1,1
4782,IPC,34,1,2
4782,IPC,392,1,3
4783,MV,196,1,1
4783,MV,177,1,2
4783,MV,184,1,3
4784,IPC,34,1,1
4785,NDPS,21,1,1
4785,NDPS,20,1,2
4786,IT,66D,1,1
4786,IT,66C,1,2
4787,IPC,376,1,1
4787,IPC,307,1,2
4787,IPC,354,1,3
4788,MV,177,1,1
4789,MV,196,1,1
4789,MV,184,1,2
4789,MV,177,1,3
4790,IPC,307,1,1
4790,IPC,34,1,2
4791,DP,4,1,1
4791,DP,3,1,2
4792,DP,4,1,1
4792,DP,3,1,2
4793,IPC,302,1,1
4794,IPC,302,1,1
4794,IPC,120B,1,2
4795,POCSO,4,1,1
4795,POCSO,8,1,2
4796,POCSO,6,1,1
4796,POCSO,4,1,2
4796,POCSO,8,1,3
4797,MV,184,1,1
4798,NDPS,22,1,1
4798,NDPS,20,1,2
4799,IT,67,1,1
4799,IT,66D,1,2
4799,IT,66C,1,3
4800,IPC,34,1,1
4800,IPC,376,1,2
4800,IPC,379,1,3
4801,POCSO,6,1,1
4801,POCSO,4,1,2
4801,POCSO,8,1,3
4802,MV,177,1,1
4803,POCSO,4,1,1
4804,MV,196,1,1
4804,MV,184,1,2
4804,MV,177,1,3
4805,MV,196,1,1
4805,MV,177,1,2
4805,MV,184,1,3
4806,DP,4,1,1
4806,DP,3,1,2
4807,MV,196,1,1
4807,MV,184,1,2
4808,NDPS,20,1,1
4808,NDPS,8,1,2
4808,NDPS,21,1,3
4809,IPC,34,1,1
4809,IPC,411,1,2
4810,POCSO,4,1,1
4810,POCSO,8,1,2
4810,POCSO,6,1,3
4811,POCSO,8,1,1
4811,POCSO,4,1,2
4812,IT,67,1,1
4812,IT,66D,1,2
4812,IT,66C,1,3
4813,MV,196,1,1
4814,IT,66D,1,1
4815,IT,66C,1,1
4816,IT,66D,1,1
4816,IT,67,1,2
4816,IT,66C,1,3
4817,IPC,420,1,1
4818,POCSO,4,1,1
4818,POCSO,8,1,2
4819,POCSO,8,1,1
4820,POCSO,6,1,1
4820,POCSO,4,1,2
4820,POCSO,8,1,3
4821,MV,177,1,1
4822,IT,66C,1,1
4823,IPC,379,1,1
4824,DP,4,1,1
4825,MV,196,1,1
4825,MV,177,1,2
4826,MV,177,1,1
4826,MV,196,1,2
4827,IPC,376,1,1
4827,IPC,379,1,2
4828,DP,4,1,1
4828,DP,3,1,2
4829,IT,67,1,1
4830,POCSO,4,1,1
4830,POCSO,6,1,2
4830,POCSO,8,1,3
4831,IT,66D,1,1
4831,IT,66C,1,2
4832,IPC,34,1,1
4832,IPC,307,1,2
4832,IPC,302,1,3
4833,POCSO,4,1,1
4834,NDPS,20,1,1
4834,NDPS,8,1,2
4835,POCSO,6,1,1
4835,POCSO,4,1,2
4835,POCSO,8,1,3
4836,MV,177,1,1
4837,IPC,411,1,1
4837,IPC,34,1,2
4838,DP,4,1,1
4839,DP,3,1,1
4839,DP,4,1,2
4840,IPC,420,1,1
4840,IPC,376,1,2
4841,POCSO,8,1,1
4841,POCSO,6,1,2
4842,IT,66D,1,1
4842,IT,67,1,2
4842,IT,66C,1,3
4843,MV,184,1,1
4843,MV,196,1,2
4843,MV,177,1,3
4844,NDPS,20,1,1
4844,NDPS,22,1,2
4844,NDPS,8,1,3
4845,IPC,302,1,1
4845,IPC,354,1,2
4846,NDPS,22,1,1
4847,IPC,323,1,1
4848,MV,177,1,1
4849,POCSO,6,1,1
4850,MV,196,1,1
4851,IT,67,1,1
4851,IT,66D,1,2
4851,IT,66C,1,3
4852,POCSO,6,1,1
4852,POCSO,4,1,2
4853,IPC,307,1,1
4853,IPC,376,1,2
4854,MV,177,1,1
4854,MV,196,1,2
4855,IT,67,1,1
4855,IT,66C,1,2
4856,DP,3,1,1
4856,DP,4,1,2
4857,MV,184,1,1
4858,DP,4,1,1
4859,DP,3,1,1
4859,DP,4,1,2
4860,IT,66C,1,1
4860,IT,66D,1,2
4860,IT,67,1,3
4861,IPC,34,1,1
4861,IPC,379,1,2
4861,IPC,354,1,3
4862,NDPS,22,1,1
4862,NDPS,20,1,2
4862,NDPS,8,1,3
4863,MV,184,1,1
4864,MV,177,1,1
4864,MV,196,1,2
4864,MV,184,1,3
4865,IT,67,1,1
4865,IT,66D,1,2
4865,IT,66C,1,3
4866,IT,66D,1,1
4866,IT,66C,1,2
4867,MV,196,1,1
4867,MV,177,1,2
4867,MV,184,1,3
4868,POCSO,8,1,1
4869,DP,4,1,1
4869,DP,3,1,2
4870,DP,4,1,1
4870,DP,3,1,2
4871,MV,184,1,1
4871,MV,196,1,2
4872,IT,66D,1,1
4872,IT,66C,1,2
4873,MV,177,1,1
4874,POCSO,8,1,1
4875,POCSO,4,1,1
4875,POCSO,6,1,2
4875,POCSO,8,1,3
4876,IPC,411,1,1
4877,POCSO,8,1,1
4878,MV,184,1,1
4879,POCSO,6,1,1
4880,DP,4,1,1
4881,IPC,392,1,1
4881,IPC,376,1,2
4881,IPC,307,1,3
4882,IT,66C,1,1
4882,IT,66D,1,2
4883,MV,177,1,1
4884,POCSO,4,1,1
4885,IT,67,1,1
4885,IT,66C,1,2
4885,IT,66D,1,3
4886,MV,184,1,1
4886,MV,177,1,2
4886,MV,196,1,3
4887,POCSO,4,1,1
4887,POCSO,8,1,2
4888,POCSO,4,1,1
4888,POCSO,8,1,2
4888,POCSO,6,1,3
4889,POCSO,8,1,1
4889,POCSO,6,1,2
4889,POCSO,4,1,3
4890,DP,4,1,1
4891,IT,66C,1,1
4891,IT,67,1,2
4892,POCSO,6,1,1
4892,POCSO,4,1,2
4893,NDPS,22,1,1
4894,POCSO,6,1,1
4894,POCSO,8,1,2
4894,POCSO,4,1,3
4895,NDPS,21,1,1
4895,NDPS,20,1,2
4896,IPC,34,1,1
4896,IPC,302,1,2
4896,IPC,411,1,3
4897,IT,66D,1,1
4897,IT,66C,1,2
4897,IT,67,1,3
4898,MV,177,1,1
4898,MV,184,1,2
4898,MV,196,1,3
4899,POCSO,4,1,1
4899,POCSO,6,1,2
4899,POCSO,8,1,3
4900,MV,184,1,1
4900,MV,177,1,2
4901,IPC,392,1,1
4901,IPC,302,1,2
4902,POCSO,6,1,1
4902,POCSO,4,1,2
4902,POCSO,8,1,3
4903,DP,3,1,1
4903,DP,4,1,2
4904,MV,196,1,1
4904,MV,184,1,2
4904,MV,177,1,3
4905,POCSO,6,1,1
4905,POCSO,8,1,2
4906,IT,66D,1,1
4906,IT,67,1,2
4906,IT,66C,1,3
4907,POCSO,8,1,1
4908,MV,177,1,1
4908,MV,184,1,2
4908,MV,196,1,3
4909,IT,67,1,1
4909,IT,66D,1,2
4909,IT,66C,1,3
4910,IT,66C,1,1
4911,POCSO,4,1,1
4912,MV,184,1,1
4912,MV,196,1,2
4913,POCSO,4,1,1
4913,POCSO,6,1,2
4914,MV,196,1,1
4914,MV,184,1,2
4914,MV,177,1,3
4915,MV,184,1,1
4915,MV,177,1,2
4915,MV,196,1,3
4916,POCSO,6,1,1
4916,POCSO,8,1,2
4916,POCSO,4,1,3
4917,IPC,120B,1,1
4917,IPC,34,1,2
4917,IPC,307,1,3
4918,MV,184,1,1
4919,IPC,307,1,1
4919,IPC,376,1,2
4920,MV,184,1,1
4920,MV,177,1,2
4921,NDPS,21,1,1
4921,NDPS,20,1,2
4921,NDPS,8,1,3
4922,IT,67,1,1
4922,IT,66C,1,2
4922,IT,66D,1,3
4923,POCSO,4,1,1
4923,POCSO,8,1,2
4924,MV,184,1,1
4924,MV,196,1,2
4924,MV,177,1,3
4925,DP,4,1,1
4926,POCSO,4,1,1
4926,POCSO,6,1,2
4927,DP,4,1,1
4927,DP,3,1,2
4928,NDPS,8,1,1
4928,NDPS,22,1,2
4928,NDPS,21,1,3
4929,NDPS,20,1,1
4929,NDPS,21,1,2
4930,NDPS,21,1,1
4931,IPC,354,1,1
4931,IPC,411,1,2
4932,POCSO,8,1,1
4932,POCSO,4,1,2
4933,MV,184,1,1
4934,POCSO,6,1,1
4934,POCSO,4,1,2
4935,DP,4,1,1
4936,MV,177,1,1
4937,POCSO,6,1,1
4938,IT,67,1,1
4939,MV,177,1,1
4940,POCSO,4,1,1
4941,MV,196,1,1
4942,DP,3,1,1
4942,DP,4,1,2
4943,MV,177,1,1
4943,MV,196,1,2
4943,MV,184,1,3
4944,IPC,354,1,1
4945,MV,196,1,1
4945,MV,177,1,2
4946,POCSO,4,1,1
4947,POCSO,4,1,1
4947,POCSO,8,1,2
4947,POCSO,6,1,3
4948,NDPS,8,1,1
4948,NDPS,21,1,2
4949,MV,177,1,1
4949,MV,184,1,2
4949,MV,196,1,3
4950,POCSO,6,1,1
4950,POCSO,8,1,2
4951,IPC,307,1,1
4951,IPC,354,1,2
4952,POCSO,8,1,1
4952,POCSO,4,1,2
4952,POCSO,6,1,3
4953,DP,4,1,1
4954,DP,4,1,1
4955,MV,177,1,1
4955,MV,184,1,2
4955,MV,196,1,3
4956,MV,196,1,1
4957,MV,184,1,1
4957,MV,196,1,2
4958,IPC,354,1,1
4959,DP,4,1,1
4960,IT,66D,1,1
4960,IT,66C,1,2
4961,POCSO,6,1,1
4961,POCSO,4,1,2
4961,POCSO,8,1,3
4962,IPC,302,1,1
4962,IPC,307,1,2
4962,IPC,323,1,3
4963,MV,196,1,1
4964,IPC,34,1,1
4964,IPC,354,1,2
4964,IPC,392,1,3
4965,MV,177,1,1
4965,MV,184,1,2
4966,DP,3,1,1
4967,NDPS,8,1,1
4967,NDPS,20,1,2
4968,DP,4,1,1
4969,IT,66D,1,1
4969,IT,67,1,2
4970,MV,184,1,1
4971,IPC,34,1,1
4971,IPC,411,1,2
4971,IPC,392,1,3
4972,DP,3,1,1
4973,DP,4,1,1
4974,IPC,307,1,1
4974,IPC,302,1,2
4975,MV,196,1,1
4975,MV,177,1,2
4976,IT,66D,1,1
4977,NDPS,22,1,1
4977,NDPS,21,1,2
4977,NDPS,20,1,3
4978,NDPS,20,1,1
4978,NDPS,21,1,2
4978,NDPS,8,1,3
4979,POCSO,6,1,1
4979,POCSO,8,1,2
4979,POCSO,4,1,3
4980,IT,67,1,1
4980,IT,66C,1,2
4981,IT,66C,1,1
4981,IT,66D,1,2
4982,IT,66C,1,1
4982,IT,67,1,2
4983,NDPS,8,1,1
4983,NDPS,20,1,2
4983,NDPS,22,1,3
4984,MV,196,1,1
4984,MV,184,1,2
4985,MV,196,1,1
4986,IPC,392,1,1
4987,POCSO,4,1,1
4987,POCSO,8,1,2
4987,POCSO,6,1,3
4988,NDPS,22,1,1
4989,MV,177,1,1
4989,MV,184,1,2
4990,POCSO,6,1,1
4990,POCSO,4,1,2
4990,POCSO,8,1,3
4991,DP,3,1,1
4991,DP,4,1,2
4992,DP,4,1,1
4992,DP,3,1,2
4993,DP,3,1,1
4994,IPC,376,1,1
4994,IPC,392,1,2
4995,POCSO,6,1,1
4995,POCSO,8,1,2
4996,IPC,302,1,1
4996,IPC,307,1,2
4996,IPC,120B,1,3
4997,DP,4,1,1
4998,MV,196,1,1
4999,DP,4,1,1
5000,DP,3,1,1
5000,DP,4,1,2
5001,IPC,420,1,1
5001,IPC,411,1,2
5002,IPC,34,1,1
5003,IPC,302,1,1
5003,IPC,307,1,2
5003,IPC,420,1,3
5004,IPC,323,1,1
5004,IPC,307,1,2
5005,DP,4,1,1
5006,DP,3,1,1
5007,DP,4,1,1
5007,DP,3,1,2
5008,NDPS,22,1,1
5008,NDPS,20,1,2
5008,NDPS,21,1,3
5009,NDPS,20,1,1
5009,NDPS,21,1,2
5009,NDPS,8,1,3
5010,MV,196,1,1
5011,MV,184,1,1
5011,MV,196,1,2
5012,DP,4,1,1
5012,DP,3,1,2
5013,IPC,120B,1,1
5013,IPC,34,1,2
5014,DP,3,1,1
5015,POCSO,8,1,1
5015,POCSO,6,1,2
5015,POCSO,4,1,3
5016,MV,196,1,1
5016,MV,177,1,2
5017,NDPS,20,1,1
5018,DP,3,1,1
5018,DP,4,1,2
5019,MV,184,1,1
5020,DP,3,1,1
5021,IPC,411,1,1
5021,IPC,307,1,2
5021,IPC,120B,1,3
5022,IPC,34,1,1
5022,IPC,323,1,2
5023,IT,66C,1,1
5023,IT,66D,1,2
5023,IT,67,1,3
5024,IPC,354,1,1
5025,NDPS,20,1,1
5026,NDPS,20,1,1
5027,MV,196,1,1
5027,MV,184,1,2
5028,IPC,120B,1,1
5029,IPC,34,1,1
5029,IPC,379,1,2
5029,IPC,354,1,3
5030,DP,3,1,1
5031,IT,66C,1,1
5031,IT,67,1,2
5031,IT,66D,1,3
5032,IPC,411,1,1
5032,IPC,34,1,2
5033,MV,177,1,1
5034,DP,4,1,1
5034,DP,3,1,2
5035,NDPS,8,1,1
5036,DP,4,1,1
5037,POCSO,6,1,1
5037,POCSO,4,1,2
5038,POCSO,4,1,1
5039,MV,196,1,1
5039,MV,184,1,2
5039,MV,177,1,3
5040,NDPS,22,1,1
5040,NDPS,8,1,2
5041,DP,3,1,1
5041,DP,4,1,2
5042,IPC,411,1,1
5043,NDPS,8,1,1
5043,NDPS,22,1,2
5043,NDPS,21,1,3
5044,POCSO,6,1,1
5044,POCSO,8,1,2
5045,DP,4,1,1
5045,DP,3,1,2
5046,MV,196,1,1
5047,NDPS,21,1,1
5048,NDPS,20,1,1
5048,NDPS,8,1,2
5048,NDPS,22,1,3
5049,DP,3,1,1
5049,DP,4,1,2
5050,MV,196,1,1
5050,MV,177,1,2
5050,MV,184,1,3
5051,IT,66D,1,1
5051,IT,66C,1,2
5051,IT,67,1,3
5052,IT,66D,1,1
5052,IT,66C,1,2
5053,DP,4,1,1
5053,DP,3,1,2
5054,MV,177,1,1
5054,MV,196,1,2
5055,POCSO,8,1,1
5055,POCSO,4,1,2
5056,NDPS,22,1,1
5056,NDPS,8,1,2
5056,NDPS,21,1,3
5057,MV,196,1,1
5057,MV,184,1,2
5057,MV,177,1,3
5058,POCSO,8,1,1
5058,POCSO,6,1,2
5058,POCSO,4,1,3
5059,POCSO,8,1,1
5059,POCSO,4,1,2
5060,MV,177,1,1
5061,IPC,34,1,1
5061,IPC,323,1,2
5061,IPC,392,1,3
5062,IT,67,1,1
5062,IT,66C,1,2
5063,POCSO,6,1,1
5064,MV,184,1,1
5064,MV,177,1,2
5064,MV,196,1,3
5065,IPC,376,1,1
5065,IPC,354,1,2
5065,IPC,307,1,3
5066,IT,66D,1,1
5067,NDPS,21,1,1
5067,NDPS,22,1,2
5068,DP,4,1,1
5069,IT,67,1,1
5070,MV,177,1,1
5071,MV,177,1,1
5072,MV,196,1,1
5073,IT,67,1,1
5074,NDPS,20,1,1
5074,NDPS,21,1,2
5074,NDPS,22,1,3
5075,IPC,379,1,1
5075,IPC,307,1,2
5076,IPC,34,1,1
5076,IPC,376,1,2
5077,IPC,411,1,1
5077,IPC,34,1,2
5078,NDPS,22,1,1
5079,POCSO,8,1,1
5079,POCSO,6,1,2
5080,POCSO,4,1,1
5080,POCSO,8,1,2
5080,POCSO,6,1,3
5081,IPC,376,1,1
5082,MV,184,1,1
5082,MV,196,1,2
5083,NDPS,22,1,1
5083,NDPS,21,1,2
5084,IPC,34,1,1
5084,IPC,323,1,2
5084,IPC,120B,1,3
5085,IT,67,1,1
5086,NDPS,21,1,1
5086,NDPS,8,1,2
5086,NDPS,20,1,3
5087,DP,4,1,1
5087,DP,3,1,2
5088,DP,3,1,1
5088,DP,4,1,2
5089,DP,4,1,1
5089,DP,3,1,2
5090,POCSO,6,1,1
5090,POCSO,8,1,2
5091,NDPS,22,1,1
5092,IT,66D,1,1
5092,IT,66C,1,2
5092,IT,67,1,3
5093,IT,66D,1,1
5093,IT,66C,1,2
5094,POCSO,4,1,1
5094,POCSO,6,1,2
5094,POCSO,8,1,3
5095,MV,177,1,1
5095,MV,196,1,2
5095,MV,184,1,3
5096,MV,177,1,1
5096,MV,196,1,2
5096,MV,184,1,3
5097,DP,4,1,1
5098,MV,177,1,1
5098,MV,196,1,2
5098,MV,184,1,3
5099,NDPS,20,1,1
5099,NDPS,21,1,2
5099,NDPS,22,1,3
5100,NDPS,20,1,1
5101,MV,184,1,1
5101,MV,196,1,2
5101,MV,177,1,3
5102,DP,3,1,1
5103,MV,177,1,1
5103,MV,196,1,2
5103,MV,184,1,3
5104,NDPS,21,1,1
5104,NDPS,20,1,2
5105,IT,67,1,1
5106,MV,196,1,1
5107,NDPS,22,1,1
5108,IPC,34,1,1
5108,IPC,411,1,2
5108,IPC,376,1,3
5109,IPC,411,1,1
5109,IPC,120B,1,2
5109,IPC,392,1,3
5110,NDPS,8,1,1
5110,NDPS,20,1,2
5111,IT,66D,1,1
5111,IT,66C,1,2
5111,IT,67,1,3
5112,DP,4,1,1
5112,DP,3,1,2
5113,IT,67,1,1
5114,IPC,420,1,1
5115,MV,177,1,1
5116,MV,196,1,1
5116,MV,184,1,2
5117,POCSO,4,1,1
5117,POCSO,6,1,2
5117,POCSO,8,1,3
5118,IT,67,1,1
5119,DP,4,1,1
5120,POCSO,4,1,1
5120,POCSO,6,1,2
5121,POCSO,8,1,1
5121,POCSO,6,1,2
5122,IPC,420,1,1
5122,IPC,392,1,2
5123,MV,184,1,1
5124,POCSO,8,1,1
5125,IT,66D,1,1
5125,IT,67,1,2
5126,IPC,302,1,1
5126,IPC,379,1,2
5126,IPC,411,1,3
5127,IPC,302,1,1
5127,IPC,323,1,2
5128,POCSO,8,1,1
5129,IT,67,1,1
5130,NDPS,21,1,1
5131,NDPS,8,1,1
5132,IT,67,1,1
5133,MV,196,1,1
5133,MV,184,1,2
5134,NDPS,21,1,1
5134,NDPS,22,1,2
5135,POCSO,6,1,1
5136,MV,177,1,1
5137,IT,66D,1,1
5137,IT,66C,1,2
5138,MV,196,1,1
5139,IT,66D,1,1
5139,IT,67,1,2
5139,IT,66C,1,3
5140,POCSO,4,1,1
5141,MV,196,1,1
5141,MV,184,1,2
5141,MV,177,1,3
5142,POCSO,6,1,1
5143,NDPS,20,1,1
5143,NDPS,8,1,2
5144,NDPS,20,1,1
5145,MV,196,1,1
5145,MV,184,1,2
5145,MV,177,1,3
5146,IPC,392,1,1
5146,IPC,302,1,2
5147,NDPS,22,1,1
5147,NDPS,21,1,2
5147,NDPS,20,1,3
5148,DP,4,1,1
5148,DP,3,1,2
5149,DP,4,1,1
5149,DP,3,1,2
5150,IPC,34,1,1
5151,NDPS,8,1,1
5151,NDPS,20,1,2
5151,NDPS,21,1,3
5152,NDPS,22,1,1
5152,NDPS,21,1,2
5153,POCSO,6,1,1
5154,NDPS,21,1,1
5154,NDPS,22,1,2
5154,NDPS,8,1,3
5155,NDPS,8,1,1
5156,POCSO,4,1,1
5156,POCSO,8,1,2
5157,IT,67,1,1
5158,DP,3,1,1
5158,DP,4,1,2
5159,IT,67,1,1
5159,IT,66C,1,2
5159,IT,66D,1,3
5160,POCSO,4,1,1
5161,MV,184,1,1
5161,MV,177,1,2
5162,POCSO,4,1,1
5163,DP,4,1,1
5163,DP,3,1,2
5164,POCSO,8,1,1
5165,IT,67,1,1
5166,IT,67,1,1
5166,IT,66C,1,2
5166,IT,66D,1,3
5167,POCSO,6,1,1
5167,POCSO,8,1,2
5168,NDPS,20,1,1
5168,NDPS,8,1,2
5168,NDPS,22,1,3
5169,NDPS,21,1,1
5170,POCSO,6,1,1
5170,POCSO,4,1,2
5171,POCSO,8,1,1
5172,IT,66C,1,1
5172,IT,67,1,2
5173,IT,67,1,1
5173,IT,66D,1,2
5173,IT,66C,1,3
5174,NDPS,22,1,1
5174,NDPS,21,1,2
5174,NDPS,8,1,3
5175,POCSO,6,1,1
5176,POCSO,4,1,1
5177,IT,66D,1,1
5178,NDPS,20,1,1
5179,IPC,376,1,1
5180,POCSO,6,1,1
5180,POCSO,8,1,2
5181,IT,66D,1,1
5181,IT,67,1,2
5182,POCSO,6,1,1
5182,POCSO,8,1,2
5183,POCSO,4,1,1
5183,POCSO,6,1,2
5183,POCSO,8,1,3
5184,IPC,392,1,1
5184,IPC,354,1,2
5185,NDPS,21,1,1
5186,POCSO,8,1,1
5186,POCSO,6,1,2
5186,POCSO,4,1,3
5187,NDPS,20,1,1
5188,NDPS,20,1,1
5189,DP,3,1,1
5190,IPC,411,1,1
5190,IPC,307,1,2
5191,IT,67,1,1
5191,IT,66D,1,2
5192,DP,3,1,1
5192,DP,4,1,2
5193,NDPS,22,1,1
5193,NDPS,20,1,2
5193,NDPS,21,1,3
5194,IT,66D,1,1
5194,IT,67,1,2
5194,IT,66C,1,3
5195,MV,177,1,1
5196,NDPS,21,1,1
5196,NDPS,20,1,2
5196,NDPS,22,1,3
5197,NDPS,21,1,1
5198,MV,196,1,1
5198,MV,184,1,2
5198,MV,177,1,3
5199,POCSO,6,1,1
5199,POCSO,4,1,2
5200,IT,66C,1,1
5200,IT,67,1,2
5201,POCSO,4,1,1
5202,NDPS,8,1,1
5202,NDPS,21,1,2
5202,NDPS,20,1,3
5203,IPC,120B,1,1
5203,IPC,307,1,2
5204,IPC,120B,1,1
5204,IPC,379,1,2
5204,IPC,420,1,3
5205,IT,67,1,1
5206,NDPS,8,1,1
5207,DP,3,1,1
5207,DP,4,1,2
5208,NDPS,22,1,1
5208,NDPS,8,1,2
5209,NDPS,8,1,1
5210,MV,184,1,1
5210,MV,196,1,2
5210,MV,177,1,3
5211,DP,4,1,1
5212,MV,184,1,1
5212,MV,177,1,2
5213,IT,67,1,1
5213,IT,66C,1,2
5214,NDPS,21,1,1
5215,IT,66D,1,1
5216,MV,177,1,1
5217,IT,66D,1,1
5217,IT,67,1,2
5217,IT,66C,1,3
5218,NDPS,8,1,1
5219,DP,4,1,1
5219,DP,3,1,2
5220,IPC,376,1,1
5220,IPC,323,1,2
5221,POCSO,8,1,1
5222,DP,4,1,1
5222,DP,3,1,2
5223,DP,4,1,1
5224,DP,3,1,1
5225,NDPS,20,1,1
5225,NDPS,22,1,2
5225,NDPS,21,1,3
5226,IPC,354,1,1
5226,IPC,411,1,2
5226,IPC,34,1,3
5227,IT,66D,1,1
5227,IT,66C,1,2
5228,NDPS,21,1,1
5228,NDPS,20,1,2
5228,NDPS,22,1,3
5229,NDPS,20,1,1
5229,NDPS,8,1,2
5229,NDPS,22,1,3
5230,NDPS,21,1,1
5230,NDPS,20,1,2
5231,DP,4,1,1
5232,IPC,323,1,1
5233,POCSO,6,1,1
5233,POCSO,4,1,2
5233,POCSO,8,1,3
5234,NDPS,22,1,1
5235,NDPS,8,1,1
5235,NDPS,21,1,2
5235,NDPS,22,1,3
5236,IPC,302,1,1
5236,IPC,420,1,2
5237,POCSO,6,1,1
5237,POCSO,8,1,2
5238,DP,4,1,1
5239,IPC,354,1,1
5239,IPC,34,1,2
5240,DP,3,1,1
5240,DP,4,1,2
5241,IT,67,1,1
5242,IPC,411,1,1
5243,IPC,354,1,1
5244,MV,184,1,1
5244,MV,177,1,2
5245,NDPS,20,1,1
5246,NDPS,21,1,1
5246,NDPS,8,1,2
5247,IPC,354,1,1
5247,IPC,392,1,2
5248,IPC,307,1,1
5248,IPC,34,1,2
5248,IPC,323,1,3
5249,MV,177,1,1
5249,MV,196,1,2
5249,MV,184,1,3
5250,IT,66C,1,1
5250,IT,66D,1,2
5251,IT,66D,1,1
5251,IT,67,1,2
5252,NDPS,21,1,1
5252,NDPS,20,1,2
5252,NDPS,8,1,3
5253,MV,196,1,1
5253,MV,177,1,2
5254,DP,3,1,1
5255,MV,196,1,1
5256,IPC,379,1,1
5256,IPC,420,1,2
5257,NDPS,20,1,1
5257,NDPS,8,1,2
5257,NDPS,21,1,3
5258,DP,3,1,1
5258,DP,4,1,2
5259,DP,4,1,1
5259,DP,3,1,2
5260,IPC,411,1,1
5261,DP,3,1,1
5261,DP,4,1,2
5262,IT,67,1,1
5262,IT,66C,1,2
5263,IT,66D,1,1
5263,IT,67,1,2
5264,IT,66C,1,1
5265,IPC,379,1,1
5265,IPC,420,1,2
5266,DP,3,1,1
5266,DP,4,1,2
5267,MV,196,1,1
5268,DP,4,1,1
5268,DP,3,1,2
5269,IPC,376,1,1
5269,IPC,323,1,2
5270,NDPS,20,1,1
5270,NDPS,8,1,2
5271,DP,3,1,1
5271,DP,4,1,2
5272,DP,3,1,1
5273,MV,184,1,1
5274,MV,196,1,1
5274,MV,184,1,2
5275,POCSO,4,1,1
5276,IPC,379,1,1
5276,IPC,420,1,2
5277,DP,3,1,1
5277,DP,4,1,2
5278,MV,196,1,1
5278,MV,184,1,2
5279,NDPS,20,1,1
5280,MV,177,1,1
5280,MV,184,1,2
5281,IPC,379,1,1
5282,POCSO,4,1,1
5282,POCSO,6,1,2
5283,POCSO,8,1,1
5283,POCSO,4,1,2
5284,NDPS,20,1,1
5284,NDPS,21,1,2
5284,NDPS,8,1,3
5285,NDPS,22,1,1
5285,NDPS,21,1,2
5285,NDPS,20,1,3
5286,IPC,34,1,1
5286,IPC,323,1,2
5287,POCSO,6,1,1
5287,POCSO,8,1,2
5287,POCSO,4,1,3
5288,POCSO,6,1,1
5288,POCSO,4,1,2
5288,POCSO,8,1,3
5289,POCSO,6,1,1
5290,DP,4,1,1
5291,DP,4,1,1
5291,DP,3,1,2
5292,IPC,302,1,1
5292,IPC,323,1,2
5292,IPC,354,1,3
5293,DP,3,1,1
5293,DP,4,1,2
5294,IPC,376,1,1
5294,IPC,302,1,2
5294,IPC,34,1,3
5295,IPC,120B,1,1
5295,IPC,302,1,2
5296,IT,67,1,1
5296,IT,66C,1,2
5296,IT,66D,1,3
5297,MV,177,1,1
5298,MV,184,1,1
5298,MV,196,1,2
5298,MV,177,1,3
5299,NDPS,20,1,1
5300,IT,66C,1,1
5300,IT,66D,1,2
5301,IPC,34,1,1
5301,IPC,354,1,2
5302,MV,177,1,1
5303,POCSO,4,1,1
5304,DP,4,1,1
5305,IT,67,1,1
5305,IT,66D,1,2
5306,MV,184,1,1
5306,MV,196,1,2
5307,MV,196,1,1
5307,MV,184,1,2
5307,MV,177,1,3
5308,NDPS,8,1,1
5309,POCSO,6,1,1
5309,POCSO,4,1,2
5309,POCSO,8,1,3
5310,POCSO,4,1,1
5310,POCSO,8,1,2
5311,IPC,376,1,1
5312,POCSO,4,1,1
5313,NDPS,21,1,1
5313,NDPS,22,1,2
5313,NDPS,20,1,3
5314,MV,177,1,1
5314,MV,196,1,2
5314,MV,184,1,3
5315,IPC,34,1,1
5315,IPC,379,1,2
5316,DP,3,1,1
5317,DP,3,1,1
5317,DP,4,1,2
5318,IPC,323,1,1
5318,IPC,120B,1,2
5319,NDPS,22,1,1
5319,NDPS,21,1,2
5319,NDPS,8,1,3
5320,IT,66D,1,1
5320,IT,67,1,2
5321,MV,196,1,1
5321,MV,184,1,2
5322,IT,66D,1,1
5322,IT,67,1,2
5322,IT,66C,1,3
5323,IPC,411,1,1
5323,IPC,307,1,2
5323,IPC,354,1,3
5324,IT,66D,1,1
5324,IT,67,1,2
5324,IT,66C,1,3
5325,IT,67,1,1
5325,IT,66D,1,2
5325,IT,66C,1,3
5326,POCSO,8,1,1
5327,DP,4,1,1
5327,DP,3,1,2
5328,POCSO,6,1,1
5329,POCSO,4,1,1
5329,POCSO,8,1,2
5329,POCSO,6,1,3
5330,DP,3,1,1
5330,DP,4,1,2
5331,POCSO,6,1,1
5332,NDPS,21,1,1
5332,NDPS,8,1,2
5332,NDPS,22,1,3
5333,DP,4,1,1
5333,DP,3,1,2
5334,IT,66D,1,1
5335,DP,4,1,1
5336,IPC,420,1,1
5337,POCSO,4,1,1
5337,POCSO,8,1,2
5337,POCSO,6,1,3
5338,POCSO,8,1,1
5339,NDPS,20,1,1
5339,NDPS,22,1,2
5339,NDPS,21,1,3
5340,NDPS,20,1,1
5340,NDPS,21,1,2
5340,NDPS,22,1,3
5341,NDPS,22,1,1
5342,NDPS,22,1,1
5343,MV,177,1,1
5344,DP,3,1,1
5345,POCSO,6,1,1
5345,POCSO,4,1,2
5345,POCSO,8,1,3
5346,POCSO,6,1,1
5347,POCSO,4,1,1
5348,DP,4,1,1
5348,DP,3,1,2
5349,POCSO,8,1,1
5349,POCSO,4,1,2
5350,NDPS,8,1,1
5350,NDPS,20,1,2
5351,NDPS,21,1,1
5351,NDPS,22,1,2
5352,IT,66C,1,1
5353,NDPS,22,1,1
5354,IPC,379,1,1
5354,IPC,302,1,2
5355,IPC,411,1,1
5355,IPC,323,1,2
5356,POCSO,6,1,1
5356,POCSO,4,1,2
5357,IT,66C,1,1
5357,IT,66D,1,2
5357,IT,67,1,3
5358,DP,4,1,1
5359,POCSO,6,1,1
5360,MV,177,1,1
5361,MV,196,1,1
5361,MV,184,1,2
5361,MV,177,1,3
5362,NDPS,8,1,1
5362,NDPS,22,1,2
5362,NDPS,20,1,3
5363,MV,184,1,1
5363,MV,196,1,2
5363,MV,177,1,3
5364,DP,4,1,1
5365,IT,66C,1,1
5366,NDPS,22,1,1
5367,IPC,376,1,1
5367,IPC,323,1,2
5367,IPC,354,1,3
5368,DP,4,1,1
5368,DP,3,1,2
5369,POCSO,6,1,1
5370,NDPS,20,1,1
5370,NDPS,22,1,2
5370,NDPS,8,1,3
5371,NDPS,8,1,1
5371,NDPS,20,1,2
5372,POCSO,4,1,1
5373,IT,67,1,1
5373,IT,66D,1,2
5374,POCSO,8,1,1
5374,POCSO,6,1,2
5374,POCSO,4,1,3
5375,MV,184,1,1
5375,MV,196,1,2
5375,MV,177,1,3
5376,DP,3,1,1
5376,DP,4,1,2
5377,POCSO,4,1,1
5377,POCSO,8,1,2
5378,POCSO,6,1,1
5378,POCSO,8,1,2
5379,IPC,302,1,1
5380,NDPS,21,1,1
5381,POCSO,8,1,1
5382,POCSO,6,1,1
5383,NDPS,8,1,1
5383,NDPS,22,1,2
5383,NDPS,20,1,3
5384,IT,67,1,1
5384,IT,66C,1,2
5384,IT,66D,1,3
5385,POCSO,8,1,1
5386,IT,66D,1,1
5386,IT,67,1,2
5387,DP,4,1,1
5387,DP,3,1,2
5388,POCSO,8,1,1
5388,POCSO,4,1,2
5389,MV,177,1,1
5390,NDPS,22,1,1
5390,NDPS,20,1,2
5390,NDPS,21,1,3
5391,IPC,376,1,1
5391,IPC,420,1,2
5392,MV,184,1,1
5392,MV,177,1,2
5393,MV,177,1,1
5394,IT,67,1,1
5395,NDPS,20,1,1
5396,IPC,379,1,1
5396,IPC,376,1,2
5396,IPC,411,1,3
5397,NDPS,20,1,1
5398,MV,184,1,1
5398,MV,196,1,2
5398,MV,177,1,3
5399,IT,66D,1,1
5399,IT,66C,1,2
5399,IT,67,1,3
5400,MV,177,1,1
5400,MV,184,1,2
5400,MV,196,1,3
5401,NDPS,21,1,1
5401,NDPS,8,1,2
5401,NDPS,22,1,3
5402,NDPS,20,1,1
5403,IT,67,1,1
5403,IT,66D,1,2
5403,IT,66C,1,3
5404,DP,4,1,1
5405,POCSO,8,1,1
5405,POCSO,4,1,2
5405,POCSO,6,1,3
5406,IT,66D,1,1
5407,IPC,323,1,1
5408,DP,4,1,1
5409,POCSO,4,1,1
5410,DP,3,1,1
5411,POCSO,4,1,1
5411,POCSO,8,1,2
5412,IPC,34,1,1
5413,IT,66C,1,1
5413,IT,67,1,2
5413,IT,66D,1,3
5414,MV,184,1,1
5414,MV,196,1,2
5415,MV,177,1,1
5415,MV,196,1,2
5416,DP,3,1,1
5416,DP,4,1,2
5417,IT,66D,1,1
5417,IT,67,1,2
5417,IT,66C,1,3
5418,IPC,411,1,1
5419,IPC,376,1,1
5419,IPC,379,1,2
5419,IPC,120B,1,3
5420,NDPS,22,1,1
5420,NDPS,8,1,2
5420,NDPS,20,1,3
5421,MV,196,1,1
5421,MV,184,1,2
5421,MV,177,1,3
5422,IPC,392,1,1
5422,IPC,120B,1,2
5423,NDPS,20,1,1
5423,NDPS,22,1,2
5423,NDPS,8,1,3
5424,IT,66C,1,1
5424,IT,67,1,2
5424,IT,66D,1,3
5425,IPC,34,1,1
5425,IPC,307,1,2
5426,IPC,323,1,1
5426,IPC,411,1,2
5427,IPC,354,1,1
5428,NDPS,8,1,1
5428,NDPS,21,1,2
5429,NDPS,21,1,1
5429,NDPS,22,1,2
5430,IT,66D,1,1
5430,IT,67,1,2
5431,MV,177,1,1
5431,MV,184,1,2
5431,MV,196,1,3
5432,IPC,323,1,1
5432,IPC,376,1,2
5432,IPC,34,1,3
5433,DP,4,1,1
5434,POCSO,4,1,1
5434,POCSO,8,1,2
5435,MV,177,1,1
5436,IPC,411,1,1
5436,IPC,307,1,2
5436,IPC,323,1,3
5437,NDPS,22,1,1
5438,DP,4,1,1
5438,DP,3,1,2
5439,DP,3,1,1
5439,DP,4,1,2
5440,NDPS,8,1,1
5441,IT,66D,1,1
5441,IT,66C,1,2
5442,IPC,379,1,1
5442,IPC,392,1,2
5443,IT,66C,1,1
5444,DP,4,1,1
5444,DP,3,1,2
5445,POCSO,4,1,1
5446,POCSO,6,1,1
5446,POCSO,4,1,2
5447,DP,4,1,1
5448,POCSO,4,1,1
5448,POCSO,8,1,2
5449,DP,4,1,1
5450,IPC,323,1,1
5450,IPC,379,1,2
5450,IPC,354,1,3
5451,NDPS,8,1,1
5451,NDPS,21,1,2
5451,NDPS,22,1,3
5452,DP,3,1,1
5453,MV,196,1,1
5453,MV,177,1,2
5454,MV,196,1,1
5454,MV,184,1,2
5454,MV,177,1,3
5455,DP,4,1,1
5456,IPC,376,1,1
5456,IPC,354,1,2
5457,MV,196,1,1
5457,MV,177,1,2
5457,MV,184,1,3
5458,MV,196,1,1
5458,MV,177,1,2
5459,MV,196,1,1
5460,DP,4,1,1
5461,POCSO,6,1,1
5461,POCSO,8,1,2
5462,POCSO,4,1,1
5463,NDPS,21,1,1
5463,NDPS,8,1,2
5463,NDPS,20,1,3
5464,NDPS,22,1,1
5465,IPC,302,1,1
5465,IPC,392,1,2
5465,IPC,307,1,3
5466,DP,3,1,1
5467,IPC,302,1,1
5467,IPC,376,1,2
5467,IPC,392,1,3
5468,IPC,307,1,1
5469,IPC,323,1,1
5470,IT,66C,1,1
5470,IT,66D,1,2
5470,IT,67,1,3
5471,POCSO,8,1,1
5471,POCSO,6,1,2
5472,DP,4,1,1
5472,DP,3,1,2
5473,MV,184,1,1
5474,DP,3,1,1
5475,NDPS,22,1,1
5475,NDPS,8,1,2
5476,NDPS,20,1,1
5477,IT,66C,1,1
5477,IT,66D,1,2
5477,IT,67,1,3
5478,MV,184,1,1
5478,MV,177,1,2
5479,POCSO,6,1,1
5480,IT,66D,1,1
5480,IT,66C,1,2
5481,IT,67,1,1
5481,IT,66D,1,2
5481,IT,66C,1,3
5482,IPC,379,1,1
5482,IPC,354,1,2
5483,NDPS,20,1,1
5483,NDPS,22,1,2
5484,MV,177,1,1
5485,NDPS,22,1,1
5486,NDPS,22,1,1
5486,NDPS,8,1,2
5486,NDPS,21,1,3
5487,MV,196,1,1
5488,MV,184,1,1
5489,POCSO,8,1,1
5489,POCSO,4,1,2
5489,POCSO,6,1,3
5490,DP,4,1,1
5491,IT,66D,1,1
5492,DP,4,1,1
5493,POCSO,4,1,1
5494,MV,196,1,1
5495,IPC,379,1,1
5495,IPC,323,1,2
5496,MV,177,1,1
5496,MV,196,1,2
5496,MV,184,1,3
5497,MV,184,1,1
5498,IPC,307,1,1
5498,IPC,302,1,2
5499,IPC,411,1,1
5500,IPC,379,1,1
5500,IPC,411,1,2
5500,IPC,120B,1,3
5501,MV,184,1,1
5501,MV,177,1,2
5501,MV,196,1,3
5502,MV,196,1,1
5502,MV,184,1,2
5502,MV,177,1,3
5503,IPC,354,1,1
5503,IPC,323,1,2
5504,MV,196,1,1
5504,MV,177,1,2
5504,MV,184,1,3
5505,NDPS,22,1,1
5506,POCSO,6,1,1
5506,POCSO,8,1,2
5507,DP,3,1,1
5507,DP,4,1,2
5508,IPC,307,1,1
5508,IPC,420,1,2
5509,MV,177,1,1
5509,MV,184,1,2
5510,IPC,379,1,1
5510,IPC,354,1,2
5511,IPC,420,1,1
5511,IPC,323,1,2
5511,IPC,376,1,3
5512,POCSO,8,1,1
5513,MV,184,1,1
5513,MV,177,1,2
5514,IT,66D,1,1
5514,IT,66C,1,2
5514,IT,67,1,3
5515,POCSO,8,1,1
5516,DP,4,1,1
5517,MV,177,1,1
5517,MV,196,1,2
5518,IPC,34,1,1
5518,IPC,379,1,2
5519,MV,177,1,1
5520,POCSO,8,1,1
5520,POCSO,6,1,2
5520,POCSO,4,1,3
5521,IPC,120B,1,1
5521,IPC,354,1,2
5522,DP,4,1,1
5523,NDPS,8,1,1
5523,NDPS,20,1,2
5524,IPC,323,1,1
5524,IPC,34,1,2
5525,IT,66C,1,1
5525,IT,66D,1,2
5526,IT,67,1,1
5526,IT,66D,1,2
5526,IT,66C,1,3
5527,MV,196,1,1
5528,IPC,302,1,1
5529,DP,4,1,1
5529,DP,3,1,2
5530,IPC,307,1,1
5531,NDPS,22,1,1
5531,NDPS,8,1,2
5532,DP,3,1,1
5533,NDPS,8,1,1
5533,NDPS,21,1,2
5533,NDPS,20,1,3
5534,IPC,120B,1,1
5534,IPC,354,1,2
5535,NDPS,21,1,1
5536,POCSO,8,1,1
5536,POCSO,4,1,2
5537,DP,4,1,1
5537,DP,3,1,2
5538,IT,66C,1,1
5539,DP,3,1,1
5539,DP,4,1,2
5540,IPC,420,1,1
5540,IPC,379,1,2
5541,IPC,376,1,1
5541,IPC,307,1,2
5541,IPC,302,1,3
5542,IPC,302,1,1
5543,IPC,302,1,1
5543,IPC,354,1,2
5544,IPC,411,1,1
5545,DP,3,1,1
5545,DP,4,1,2
5546,MV,184,1,1
5546,MV,196,1,2
5546,MV,177,1,3
5547,IT,66C,1,1
5547,IT,67,1,2
5548,MV,196,1,1
5548,MV,177,1,2
5548,MV,184,1,3
5549,NDPS,22,1,1
5549,NDPS,21,1,2
5550,NDPS,8,1,1
5551,IT,66C,1,1
5552,DP,3,1,1
5553,DP,3,1,1
5554,IT,66C,1,1
5554,IT,66D,1,2
5554,IT,67,1,3
5555,MV,177,1,1
5556,IT,67,1,1
5556,IT,66C,1,2
5557,DP,4,1,1
5558,POCSO,4,1,1
5559,POCSO,4,1,1
5559,POCSO,6,1,2
5559,POCSO,8,1,3
5560,IT,67,1,1
5560,IT,66C,1,2
5560,IT,66D,1,3
5561,MV,177,1,1
5562,DP,3,1,1
5562,DP,4,1,2
5563,DP,3,1,1
5563,DP,4,1,2
5564,POCSO,8,1,1
5565,POCSO,4,1,1
5565,POCSO,8,1,2
5565,POCSO,6,1,3
5566,IPC,354,1,1
5566,IPC,120B,1,2
5567,DP,3,1,1
5568,POCSO,4,1,1
5568,POCSO,8,1,2
5568,POCSO,6,1,3
5569,DP,4,1,1
5569,DP,3,1,2
5570,DP,4,1,1
5570,DP,3,1,2
5571,IT,67,1,1
5571,IT,66D,1,2
5571,IT,66C,1,3
5572,MV,196,1,1
5572,MV,184,1,2
5572,MV,177,1,3
5573,IPC,302,1,1
5573,IPC,379,1,2
5574,MV,184,1,1
5574,MV,196,1,2
5575,IT,66C,1,1
5576,MV,196,1,1
5577,DP,4,1,1
5578,POCSO,4,1,1
5579,IT,67,1,1
5579,IT,66C,1,2
5580,MV,177,1,1
5580,MV,196,1,2
5581,IPC,411,1,1
5581,IPC,323,1,2
5581,IPC,307,1,3
5582,IT,66D,1,1
5582,IT,67,1,2
5583,DP,4,1,1
5583,DP,3,1,2
5584,IPC,411,1,1
5584,IPC,376,1,2
5585,IT,66C,1,1
5585,IT,67,1,2
5586,IPC,420,1,1
5587,POCSO,4,1,1
5587,POCSO,6,1,2
5588,MV,177,1,1
5588,MV,196,1,2
5589,DP,3,1,1
5590,POCSO,6,1,1
5590,POCSO,4,1,2
5590,POCSO,8,1,3
5591,IPC,34,1,1
5592,NDPS,8,1,1
5593,IT,66D,1,1
5593,IT,66C,1,2
5593,IT,67,1,3
5594,IT,66D,1,1
5594,IT,66C,1,2
5595,MV,184,1,1
5595,MV,177,1,2
5595,MV,196,1,3
5596,DP,4,1,1
5597,NDPS,8,1,1
5598,POCSO,8,1,1
5598,POCSO,6,1,2
5599,IT,66D,1,1
5600,MV,196,1,1
5600,MV,184,1,2
5600,MV,177,1,3
5601,IT,67,1,1
5602,IPC,302,1,1
5602,IPC,376,1,2
5603,IT,66C,1,1
5603,IT,66D,1,2
5603,IT,67,1,3
5604,DP,4,1,1
5605,NDPS,8,1,1
5605,NDPS,21,1,2
5605,NDPS,20,1,3
5606,IT,66D,1,1
5607,NDPS,8,1,1
5607,NDPS,22,1,2
5608,IT,66C,1,1
5608,IT,66D,1,2
5609,IT,66D,1,1
5610,POCSO,6,1,1
5610,POCSO,4,1,2
5610,POCSO,8,1,3
5611,POCSO,8,1,1
5611,POCSO,4,1,2
5612,NDPS,20,1,1
5612,NDPS,8,1,2
5612,NDPS,21,1,3
5613,MV,177,1,1
5613,MV,184,1,2
5613,MV,196,1,3
5614,POCSO,8,1,1
5614,POCSO,4,1,2
5615,NDPS,20,1,1
5616,IT,66D,1,1
5616,IT,67,1,2
5617,NDPS,21,1,1
5618,IPC,302,1,1
5619,MV,196,1,1
5619,MV,184,1,2
5619,MV,177,1,3
5620,NDPS,8,1,1
5621,IT,67,1,1
5622,DP,4,1,1
5622,DP,3,1,2
5623,NDPS,21,1,1
5624,POCSO,6,1,1
5625,DP,3,1,1
5625,DP,4,1,2
5626,IPC,307,1,1
5627,NDPS,22,1,1
5627,NDPS,21,1,2
5627,NDPS,8,1,3
5628,IPC,392,1,1
5629,POCSO,6,1,1
5629,POCSO,4,1,2
5630,IT,66C,1,1
5630,IT,67,1,2
5631,DP,3,1,1
5632,MV,177,1,1
5633,POCSO,8,1,1
5634,NDPS,20,1,1
5634,NDPS,21,1,2
5634,NDPS,8,1,3
5635,IT,66D,1,1
5635,IT,66C,1,2
5635,IT,67,1,3
5636,IPC,411,1,1
5637,DP,4,1,1
5637,DP,3,1,2
5638,DP,3,1,1
5639,MV,177,1,1
5639,MV,196,1,2
5640,POCSO,4,1,1
5640,POCSO,8,1,2
5640,POCSO,6,1,3
5641,IPC,379,1,1
5641,IPC,34,1,2
5642,NDPS,21,1,1
5643,DP,3,1,1
5644,POCSO,6,1,1
5644,POCSO,4,1,2
5645,POCSO,4,1,1
5645,POCSO,8,1,2
5645,POCSO,6,1,3
5646,IPC,420,1,1
5646,IPC,120B,1,2
5647,MV,184,1,1
5647,MV,177,1,2
5647,MV,196,1,3
5648,IPC,379,1,1
5649,DP,4,1,1
5650,IT,66D,1,1
5650,IT,66C,1,2
5651,IT,66D,1,1
5651,IT,66C,1,2
5651,IT,67,1,3
5652,POCSO,4,1,1
5652,POCSO,6,1,2
5652,POCSO,8,1,3
5653,DP,4,1,1
5654,DP,4,1,1
5654,DP,3,1,2
5655,MV,177,1,1
5656,IT,66D,1,1
5657,POCSO,6,1,1
5657,POCSO,8,1,2
5657,POCSO,4,1,3
5658,MV,196,1,1
5658,MV,177,1,2
5658,MV,184,1,3
5659,NDPS,21,1,1
5659,NDPS,22,1,2
5660,DP,4,1,1
5660,DP,3,1,2
5661,NDPS,8,1,1
5661,NDPS,22,1,2
5661,NDPS,20,1,3
5662,DP,4,1,1
5662,DP,3,1,2
5663,DP,3,1,1
5664,NDPS,8,1,1
5664,NDPS,21,1,2
5664,NDPS,20,1,3
5665,MV,196,1,1
5666,MV,196,1,1
5666,MV,177,1,2
5667,POCSO,4,1,1
5668,MV,184,1,1
5669,IPC,307,1,1
5670,NDPS,22,1,1
5670,NDPS,8,1,2
5671,IPC,392,1,1
5671,IPC,379,1,2
5671,IPC,120B,1,3
5672,MV,184,1,1
5672,MV,177,1,2
5672,MV,196,1,3
5673,NDPS,8,1,1
5674,MV,177,1,1
5674,MV,184,1,2
5675,DP,4,1,1
5676,IT,66C,1,1
5676,IT,66D,1,2
5676,IT,67,1,3
5677,POCSO,4,1,1
5678,NDPS,22,1,1
5678,NDPS,8,1,2
5679,DP,3,1,1
5679,DP,4,1,2
5680,IPC,392,1,1
5680,IPC,354,1,2
5680,IPC,379,1,3
5681,IPC,376,1,1
5681,IPC,411,1,2
5681,IPC,392,1,3
5682,NDPS,20,1,1
5682,NDPS,8,1,2
5682,NDPS,21,1,3
5683,DP,3,1,1
5683,DP,4,1,2
5684,IT,66C,1,1
5684,IT,66D,1,2
5684,IT,67,1,3
5685,IPC,307,1,1
5685,IPC,323,1,2
5685,IPC,379,1,3
5686,POCSO,6,1,1
5687,POCSO,6,1,1
5687,POCSO,8,1,2
5688,POCSO,8,1,1
5689,IT,66C,1,1
5689,IT,67,1,2
5689,IT,66D,1,3
5690,DP,3,1,1
5690,DP,4,1,2
5691,IPC,392,1,1
5691,IPC,411,1,2
5692,IPC,302,1,1
5693,POCSO,4,1,1
5694,MV,196,1,1
5694,MV,177,1,2
5694,MV,184,1,3
5695,IT,66D,1,1
5696,MV,177,1,1
5696,MV,196,1,2
5696,MV,184,1,3
5697,IT,66D,1,1
5698,DP,3,1,1
5698,DP,4,1,2
5699,NDPS,21,1,1
5699,NDPS,20,1,2
5700,DP,4,1,1
5701,NDPS,21,1,1
5702,NDPS,8,1,1
5702,NDPS,21,1,2
5702,NDPS,22,1,3
5703,MV,184,1,1
5704,MV,196,1,1
5704,MV,184,1,2
5704,MV,177,1,3
5705,NDPS,20,1,1
5705,NDPS,8,1,2
5706,MV,177,1,1
5706,MV,184,1,2
5706,MV,196,1,3
5707,NDPS,20,1,1
5707,NDPS,22,1,2
5707,NDPS,8,1,3
5708,IT,66D,1,1
5708,IT,67,1,2
5708,IT,66C,1,3
5709,NDPS,20,1,1
5709,NDPS,21,1,2
5710,DP,4,1,1
5710,DP,3,1,2
5711,POCSO,8,1,1
5712,POCSO,8,1,1
5713,IPC,411,1,1
5714,IT,67,1,1
5714,IT,66C,1,2
5715,DP,3,1,1
5715,DP,4,1,2
5716,DP,3,1,1
5717,DP,3,1,1
5717,DP,4,1,2
5718,IPC,354,1,1
5718,IPC,392,1,2
5718,IPC,302,1,3
5719,MV,177,1,1
5719,MV,196,1,2
5719,MV,184,1,3
5720,IPC,307,1,1
5720,IPC,120B,1,2
5721,IT,67,1,1
5722,NDPS,8,1,1
5723,IT,66D,1,1
5723,IT,67,1,2
5724,POCSO,8,1,1
5724,POCSO,4,1,2
5724,POCSO,6,1,3
5725,DP,4,1,1
5726,NDPS,8,1,1
5726,NDPS,22,1,2
5726,NDPS,21,1,3
5727,NDPS,22,1,1
5728,IPC,323,1,1
5728,IPC,302,1,2
5728,IPC,420,1,3
5729,MV,177,1,1
5730,IT,66C,1,1
5730,IT,67,1,2
5731,IT,66D,1,1
5732,MV,196,1,1
5732,MV,184,1,2
5732,MV,177,1,3
5733,IPC,420,1,1
5733,IPC,302,1,2
5734,IT,66C,1,1
5735,DP,3,1,1
5735,DP,4,1,2
5736,IT,66C,1,1
5736,IT,67,1,2
5736,IT,66D,1,3
5737,IT,67,1,1
5737,IT,66C,1,2
5738,DP,4,1,1
5739,DP,3,1,1
5740,MV,177,1,1
5741,IPC,34,1,1
5741,IPC,120B,1,2
5742,MV,196,1,1
5742,MV,177,1,2
5743,MV,196,1,1
5744,MV,184,1,1
5744,MV,196,1,2
5745,IT,66D,1,1
5745,IT,67,1,2
5746,DP,3,1,1
5746,DP,4,1,2
5747,DP,3,1,1
5748,IT,66C,1,1
5748,IT,67,1,2
5749,MV,196,1,1
5750,NDPS,22,1,1
5750,NDPS,8,1,2
5751,DP,3,1,1
5752,IPC,323,1,1
5752,IPC,34,1,2
5753,IPC,307,1,1
5754,IPC,307,1,1
5754,IPC,34,1,2
5754,IPC,420,1,3
5755,MV,196,1,1
5756,MV,184,1,1
5756,MV,177,1,2
5757,DP,3,1,1
5757,DP,4,1,2
5758,POCSO,6,1,1
5758,POCSO,8,1,2
5758,POCSO,4,1,3
5759,DP,3,1,1
5759,DP,4,1,2
5760,DP,4,1,1
5760,DP,3,1,2
5761,MV,184,1,1
5761,MV,177,1,2
5762,MV,177,1,1
5762,MV,184,1,2
5763,IT,66C,1,1
5764,DP,4,1,1
5764,DP,3,1,2
5765,NDPS,22,1,1
5766,MV,184,1,1
5766,MV,196,1,2
5767,IPC,323,1,1
5767,IPC,376,1,2
5768,IT,67,1,1
5768,IT,66D,1,2
5768,IT,66C,1,3
5769,IT,66D,1,1
5769,IT,67,1,2
5769,IT,66C,1,3
5770,NDPS,20,1,1
5770,NDPS,22,1,2
5771,DP,3,1,1
5771,DP,4,1,2
5772,DP,3,1,1
5773,NDPS,20,1,1
5774,IPC,302,1,1
5774,IPC,323,1,2
5775,IT,66C,1,1
5776,MV,196,1,1
5776,MV,184,1,2
5777,IT,66D,1,1
5777,IT,67,1,2
5778,IPC,34,1,1
5778,IPC,302,1,2
5778,IPC,120B,1,3
5779,NDPS,8,1,1
5779,NDPS,21,1,2
5780,NDPS,22,1,1
5780,NDPS,21,1,2
5780,NDPS,20,1,3
5781,DP,4,1,1
5782,NDPS,21,1,1
5782,NDPS,22,1,2
5783,NDPS,21,1,1
5783,NDPS,20,1,2
5783,NDPS,22,1,3
5784,MV,196,1,1
5784,MV,177,1,2
5785,IPC,420,1,1
5785,IPC,379,1,2
5785,IPC,354,1,3
5786,IPC,302,1,1
5786,IPC,392,1,2
5786,IPC,34,1,3
5787,POCSO,8,1,1
5787,POCSO,6,1,2
5787,POCSO,4,1,3
5788,IT,66D,1,1
5788,IT,66C,1,2
5789,MV,196,1,1
5789,MV,177,1,2
5789,MV,184,1,3
5790,IT,67,1,1
5791,POCSO,8,1,1
5792,IPC,354,1,1
5792,IPC,392,1,2
5793,IPC,323,1,1
5793,IPC,411,1,2
5793,IPC,307,1,3
5794,IPC,354,1,1
5795,POCSO,6,1,1
5795,POCSO,8,1,2
5795,POCSO,4,1,3
5796,NDPS,22,1,1
5796,NDPS,20,1,2
5797,NDPS,21,1,1
5797,NDPS,8,1,2
5798,DP,4,1,1
5798,DP,3,1,2
5799,DP,4,1,1
5800,MV,177,1,1
5800,MV,196,1,2
5801,IPC,307,1,1
5801,IPC,420,1,2
5801,IPC,323,1,3
5802,IPC,354,1,1
5802,IPC,120B,1,2
5802,IPC,307,1,3
5803,POCSO,4,1,1
5804,IPC,307,1,1
5804,IPC,379,1,2
5805,IPC,392,1,1
5805,IPC,302,1,2
5806,POCSO,8,1,1
5806,POCSO,6,1,2
5807,IT,66C,1,1
5807,IT,67,1,2
5807,IT,66D,1,3
5808,IPC,307,1,1
5808,IPC,379,1,2
5809,POCSO,8,1,1
5810,IT,66D,1,1
5811,MV,184,1,1
5811,MV,196,1,2
5811,MV,177,1,3
5812,MV,196,1,1
5813,IPC,420,1,1
5813,IPC,307,1,2
5813,IPC,302,1,3
5814,MV,184,1,1
5814,MV,196,1,2
5814,MV,177,1,3
5815,DP,3,1,1
5816,IPC,323,1,1
5817,POCSO,6,1,1
5817,POCSO,4,1,2
5818,DP,3,1,1
5819,POCSO,6,1,1
5820,DP,4,1,1
5820,DP,3,1,2
5821,MV,196,1,1
5821,MV,177,1,2
5822,IT,66C,1,1
5823,DP,4,1,1
5824,NDPS,20,1,1
5824,NDPS,8,1,2
5824,NDPS,22,1,3
5825,NDPS,22,1,1
5825,NDPS,8,1,2
5825,NDPS,20,1,3
5826,DP,4,1,1
5827,NDPS,20,1,1
5827,NDPS,8,1,2
5828,DP,3,1,1
5828,DP,4,1,2
5829,MV,177,1,1
5829,MV,196,1,2
5830,IT,66D,1,1
5830,IT,66C,1,2
5831,IPC,379,1,1
5831,IPC,376,1,2
5831,IPC,420,1,3
5832,POCSO,6,1,1
5833,DP,4,1,1
5833,DP,3,1,2
5834,MV,177,1,1
5835,DP,3,1,1
5836,MV,184,1,1
5836,MV,177,1,2
5836,MV,196,1,3
5837,DP,4,1,1
5838,DP,3,1,1
5838,DP,4,1,2
5839,IT,66C,1,1
5839,IT,67,1,2
5840,MV,177,1,1
5841,POCSO,8,1,1
5841,POCSO,4,1,2
5841,POCSO,6,1,3
5842,IPC,411,1,1
5842,IPC,323,1,2
5843,DP,3,1,1
5843,DP,4,1,2
5844,NDPS,8,1,1
5844,NDPS,22,1,2
5844,NDPS,21,1,3
5845,DP,4,1,1
5845,DP,3,1,2
5846,MV,184,1,1
5846,MV,196,1,2
5846,MV,177,1,3
5847,DP,3,1,1
5847,DP,4,1,2
5848,IPC,302,1,1
5848,IPC,420,1,2
5849,DP,3,1,1
5850,MV,196,1,1
5850,MV,177,1,2
5850,MV,184,1,3
5851,IPC,379,1,1
5852,IT,66C,1,1
5853,IPC,411,1,1
5853,IPC,379,1,2
5853,IPC,420,1,3
5854,IT,67,1,1
5854,IT,66C,1,2
5855,POCSO,4,1,1
5855,POCSO,8,1,2
5855,POCSO,6,1,3
5856,MV,177,1,1
5857,IPC,420,1,1
5857,IPC,307,1,2
5858,NDPS,8,1,1
5859,IPC,323,1,1
5859,IPC,307,1,2
5859,IPC,376,1,3
5860,DP,4,1,1
5861,IT,67,1,1
5862,IPC,411,1,1
5862,IPC,120B,1,2
5862,IPC,307,1,3
5863,IT,66C,1,1
5863,IT,66D,1,2
5864,IPC,379,1,1
5864,IPC,376,1,2
5865,DP,4,1,1
5865,DP,3,1,2
5866,IT,66D,1,1
5867,IPC,120B,1,1
5867,IPC,323,1,2
5867,IPC,392,1,3
5868,DP,4,1,1
5868,DP,3,1,2
5869,POCSO,6,1,1
5870,NDPS,22,1,1
5870,NDPS,20,1,2
5871,DP,3,1,1
5871,DP,4,1,2
5872,IPC,120B,1,1
5873,NDPS,20,1,1
5873,NDPS,22,1,2
5874,NDPS,20,1,1
5874,NDPS,21,1,2
5875,IT,66D,1,1
5875,IT,66C,1,2
5875,IT,67,1,3
5876,MV,177,1,1
5876,MV,184,1,2
5877,POCSO,8,1,1
5878,IPC,34,1,1
5878,IPC,307,1,2
5879,POCSO,6,1,1
5880,IT,66D,1,1
5880,IT,66C,1,2
5881,MV,196,1,1
5882,NDPS,21,1,1
5883,IT,67,1,1
5883,IT,66D,1,2
5883,IT,66C,1,3
5884,POCSO,6,1,1
5884,POCSO,4,1,2
5885,DP,4,1,1
5885,DP,3,1,2
5886,DP,3,1,1
5886,DP,4,1,2
5887,POCSO,8,1,1
5888,MV,196,1,1
5888,MV,184,1,2
5888,MV,177,1,3
5889,DP,3,1,1
5890,DP,3,1,1
5890,DP,4,1,2
5891,POCSO,8,1,1
5891,POCSO,6,1,2
5891,POCSO,4,1,3
5892,IT,66C,1,1
5893,DP,3,1,1
5894,NDPS,21,1,1
5894,NDPS,20,1,2
5895,MV,196,1,1
5895,MV,177,1,2
5895,MV,184,1,3
5896,NDPS,22,1,1
5897,MV,196,1,1
5897,MV,184,1,2
5897,MV,177,1,3
5898,POCSO,8,1,1
5898,POCSO,4,1,2
5898,POCSO,6,1,3
5899,IPC,392,1,1
5899,IPC,354,1,2
5900,MV,196,1,1
5900,MV,184,1,2
5900,MV,177,1,3
5901,IPC,420,1,1
5901,IPC,411,1,2
5901,IPC,376,1,3
5902,NDPS,8,1,1
5902,NDPS,21,1,2
5903,NDPS,21,1,1
5904,IT,66C,1,1
5904,IT,67,1,2
5905,MV,196,1,1
5905,MV,184,1,2
5905,MV,177,1,3
5906,DP,3,1,1
5906,DP,4,1,2
5907,MV,184,1,1
5908,DP,4,1,1
5908,DP,3,1,2
5909,IPC,354,1,1
5909,IPC,307,1,2
5910,MV,184,1,1
5910,MV,196,1,2
5911,POCSO,4,1,1
5911,POCSO,8,1,2
5911,POCSO,6,1,3
5912,IPC,379,1,1
5912,IPC,34,1,2
5912,IPC,354,1,3
5913,IPC,302,1,1
5913,IPC,379,1,2
5914,IPC,34,1,1
5914,IPC,354,1,2
5915,DP,3,1,1
5916,MV,184,1,1
5917,NDPS,22,1,1
5917,NDPS,8,1,2
5917,NDPS,21,1,3
5918,DP,3,1,1
5919,POCSO,6,1,1
5920,NDPS,20,1,1
5920,NDPS,22,1,2
5921,POCSO,6,1,1
5922,MV,196,1,1
5922,MV,177,1,2
5923,DP,3,1,1
5923,DP,4,1,2
5924,NDPS,20,1,1
5924,NDPS,22,1,2
5925,IPC,120B,1,1
5926,NDPS,22,1,1
5926,NDPS,21,1,2
5926,NDPS,8,1,3
5927,IT,66D,1,1
5927,IT,66C,1,2
5928,IT,66D,1,1
5928,IT,67,1,2
5929,IPC,120B,1,1
5929,IPC,307,1,2
5929,IPC,376,1,3
5930,IT,66C,1,1
5931,MV,196,1,1
5932,NDPS,20,1,1
5932,NDPS,21,1,2
5933,IPC,354,1,1
5934,MV,184,1,1
5935,NDPS,8,1,1
5935,NDPS,21,1,2
5935,NDPS,22,1,3
5936,DP,4,1,1
5937,IPC,376,1,1
5937,IPC,302,1,2
5937,IPC,420,1,3
5938,IT,67,1,1
5938,IT,66D,1,2
5939,NDPS,20,1,1
5940,NDPS,22,1,1
5940,NDPS,21,1,2
5941,NDPS,20,1,1
5941,NDPS,21,1,2
5942,IPC,379,1,1
5942,IPC,376,1,2
5942,IPC,323,1,3
5943,DP,4,1,1
5943,DP,3,1,2
5944,IT,66D,1,1
5944,IT,66C,1,2
5944,IT,67,1,3
5945,DP,3,1,1
5945,DP,4,1,2
5946,IT,67,1,1
5947,DP,3,1,1
5947,DP,4,1,2
5948,POCSO,6,1,1
5948,POCSO,4,1,2
5948,POCSO,8,1,3
5949,DP,4,1,1
5950,NDPS,21,1,1
5951,IPC,302,1,1
5951,IPC,323,1,2
5951,IPC,411,1,3
5952,NDPS,22,1,1
5953,MV,184,1,1
5953,MV,196,1,2
5954,IPC,120B,1,1
5955,POCSO,6,1,1
5955,POCSO,4,1,2
5955,POCSO,8,1,3
5956,NDPS,8,1,1
5957,POCSO,4,1,1
5957,POCSO,6,1,2
5958,MV,196,1,1
5959,NDPS,8,1,1
5959,NDPS,21,1,2
5959,NDPS,22,1,3
5960,NDPS,8,1,1
5960,NDPS,20,1,2
5960,NDPS,21,1,3
5961,POCSO,4,1,1
5961,POCSO,8,1,2
5961,POCSO,6,1,3
5962,DP,4,1,1
5963,DP,3,1,1
5963,DP,4,1,2
5964,MV,177,1,1
5964,MV,196,1,2
5965,IPC,120B,1,1
5965,IPC,376,1,2
5966,IPC,392,1,1
5966,IPC,307,1,2
5967,IT,66D,1,1
5967,IT,67,1,2
5968,IPC,376,1,1
5968,IPC,379,1,2
5969,DP,4,1,1
5970,POCSO,8,1,1
5970,POCSO,4,1,2
5971,IPC,392,1,1
5972,MV,177,1,1
5973,IPC,411,1,1
5974,MV,184,1,1
5974,MV,196,1,2
5975,DP,3,1,1
5975,DP,4,1,2
5976,IPC,323,1,1
5976,IPC,354,1,2
5976,IPC,34,1,3
5977,MV,177,1,1
5978,POCSO,6,1,1
5978,POCSO,8,1,2
5978,POCSO,4,1,3
5979,POCSO,4,1,1
5979,POCSO,8,1,2
5980,DP,3,1,1
5981,MV,177,1,1
5981,MV,184,1,2
5981,MV,196,1,3
5982,NDPS,22,1,1
5982,NDPS,8,1,2
5983,MV,184,1,1
5984,IT,66D,1,1
5985,IT,67,1,1
5986,NDPS,8,1,1
5986,NDPS,21,1,2
5987,MV,196,1,1
5987,MV,177,1,2
5987,MV,184,1,3
5988,IT,67,1,1
5988,IT,66D,1,2
5988,IT,66C,1,3
5989,MV,196,1,1
5990,IT,66D,1,1
5990,IT,67,1,2
5991,DP,3,1,1
5992,IT,67,1,1
5992,IT,66C,1,2
5992,IT,66D,1,3
5993,POCSO,6,1,1
5994,POCSO,6,1,1
5995,IT,66C,1,1
5995,IT,67,1,2
5995,IT,66D,1,3
5996,IPC,120B,1,1
5997,IPC,302,1,1
5998,NDPS,22,1,1
5998,NDPS,21,1,2
5999,IPC,379,1,1
6000,DP,3,1,1
6001,NDPS,21,1,1
6001,NDPS,20,1,2
6002,IPC,323,1,1
6003,NDPS,22,1,1
6003,NDPS,21,1,2
6003,NDPS,20,1,3
6004,IPC,392,1,1
6005,IT,66C,1,1
6005,IT,67,1,2
6005,IT,66D,1,3
6006,NDPS,21,1,1
6006,NDPS,22,1,2
6006,NDPS,20,1,3
6007,DP,3,1,1
6008,IPC,323,1,1
6009,POCSO,4,1,1
6009,POCSO,6,1,2
6009,POCSO,8,1,3
6010,POCSO,4,1,1
6010,POCSO,8,1,2
6010,POCSO,6,1,3
6011,IT,66C,1,1
6011,IT,66D,1,2
6011,IT,67,1,3
6012,NDPS,20,1,1
6012,NDPS,8,1,2
6012,NDPS,22,1,3
6013,DP,4,1,1
6014,NDPS,22,1,1
6015,POCSO,4,1,1
6015,POCSO,6,1,2
6016,IPC,376,1,1
6017,NDPS,20,1,1
6017,NDPS,21,1,2
6018,DP,4,1,1
6019,DP,4,1,1
6019,DP,3,1,2
6020,IT,67,1,1
6021,POCSO,8,1,1
6021,POCSO,4,1,2
6022,IT,66D,1,1
6023,IT,67,1,1
6024,IPC,323,1,1
6024,IPC,420,1,2
6024,IPC,307,1,3
6025,DP,3,1,1
6026,IT,66D,1,1
6027,IPC,323,1,1
6027,IPC,354,1,2
6028,IPC,302,1,1
6029,IT,66D,1,1
6029,IT,66C,1,2
6030,IT,66C,1,1
6031,DP,3,1,1
6032,IPC,392,1,1
6032,IPC,379,1,2
6032,IPC,307,1,3
6033,NDPS,22,1,1
6033,NDPS,20,1,2
6033,NDPS,8,1,3
6034,IT,66C,1,1
6034,IT,66D,1,2
6035,IT,66D,1,1
6035,IT,67,1,2
6035,IT,66C,1,3
6036,NDPS,20,1,1
6037,DP,3,1,1
6037,DP,4,1,2
6038,NDPS,22,1,1
6038,NDPS,20,1,2
6039,MV,184,1,1
6039,MV,177,1,2
6040,IT,66C,1,1
6041,DP,4,1,1
6042,DP,4,1,1
6043,POCSO,6,1,1
6043,POCSO,4,1,2
6043,POCSO,8,1,3
6044,IPC,392,1,1
6044,IPC,307,1,2
6044,IPC,354,1,3
6045,IT,67,1,1
6046,MV,196,1,1
6047,IT,67,1,1
6048,IPC,34,1,1
6048,IPC,307,1,2
6048,IPC,302,1,3
6049,NDPS,20,1,1
6049,NDPS,22,1,2
6050,POCSO,8,1,1
6050,POCSO,4,1,2
6051,IT,67,1,1
6051,IT,66C,1,2
6051,IT,66D,1,3
6052,MV,196,1,1
6053,IPC,34,1,1
6053,IPC,392,1,2
6053,IPC,120B,1,3
6054,MV,184,1,1
6054,MV,196,1,2
6055,DP,3,1,1
6055,DP,4,1,2
6056,IT,66C,1,1
6056,IT,67,1,2
6057,DP,4,1,1
6057,DP,3,1,2
6058,IT,66C,1,1
6059,IPC,307,1,1
6060,MV,177,1,1
6061,NDPS,22,1,1
6061,NDPS,8,1,2
6061,NDPS,20,1,3
6062,POCSO,4,1,1
6062,POCSO,8,1,2
6063,IT,67,1,1
6063,IT,66D,1,2
6063,IT,66C,1,3
6064,IT,66D,1,1
6065,NDPS,21,1,1
6065,NDPS,20,1,2
6066,IT,67,1,1
6066,IT,66D,1,2
6066,IT,66C,1,3
6067,MV,184,1,1
6067,MV,196,1,2
6067,MV,177,1,3
6068,MV,177,1,1
6068,MV,196,1,2
6068,MV,184,1,3
6069,IT,66D,1,1
6070,NDPS,8,1,1
6070,NDPS,22,1,2
6070,NDPS,21,1,3
6071,POCSO,8,1,1
6071,POCSO,4,1,2
6071,POCSO,6,1,3
6072,IT,66C,1,1
6073,POCSO,8,1,1
6073,POCSO,4,1,2
6073,POCSO,6,1,3
6074,IT,67,1,1
6075,POCSO,4,1,1
6076,MV,177,1,1
6077,NDPS,8,1,1
6077,NDPS,21,1,2
6078,NDPS,8,1,1
6078,NDPS,22,1,2
6078,NDPS,21,1,3
6079,DP,3,1,1
6079,DP,4,1,2
6080,NDPS,20,1,1
6080,NDPS,8,1,2
6081,IT,66C,1,1
6081,IT,67,1,2
6081,IT,66D,1,3
6082,IPC,354,1,1
6082,IPC,302,1,2
6083,POCSO,6,1,1
6083,POCSO,4,1,2
6083,POCSO,8,1,3
6084,IPC,379,1,1
6084,IPC,376,1,2
6085,MV,177,1,1
6085,MV,196,1,2
6085,MV,184,1,3
6086,NDPS,20,1,1
6087,IT,66C,1,1
6088,IT,66D,1,1
6088,IT,67,1,2
6089,MV,196,1,1
6089,MV,184,1,2
6090,MV,196,1,1
6090,MV,177,1,2
6090,MV,184,1,3
6091,POCSO,4,1,1
6091,POCSO,6,1,2
6091,POCSO,8,1,3
6092,NDPS,20,1,1
6092,NDPS,22,1,2
6092,NDPS,8,1,3
6093,IT,66D,1,1
6093,IT,67,1,2
6093,IT,66C,1,3
6094,IT,66D,1,1
6094,IT,67,1,2
6094,IT,66C,1,3
6095,DP,3,1,1
6096,POCSO,4,1,1
6096,POCSO,6,1,2
6096,POCSO,8,1,3
6097,POCSO,4,1,1
6097,POCSO,6,1,2
6097,POCSO,8,1,3
6098,NDPS,8,1,1
6098,NDPS,22,1,2
6099,IT,66C,1,1
6100,POCSO,6,1,1
6100,POCSO,8,1,2
6100,POCSO,4,1,3
6101,DP,4,1,1
6102,IPC,307,1,1
6102,IPC,323,1,2
6102,IPC,354,1,3
6103,DP,4,1,1
6103,DP,3,1,2
6104,POCSO,4,1,1
6104,POCSO,6,1,2
6104,POCSO,8,1,3
6105,NDPS,22,1,1
6106,MV,184,1,1
6106,MV,177,1,2
6107,NDPS,22,1,1
6107,NDPS,20,1,2
6108,POCSO,6,1,1
6109,POCSO,4,1,1
6110,DP,4,1,1
6110,DP,3,1,2
6111,POCSO,8,1,1
6111,POCSO,4,1,2
6111,POCSO,6,1,3
6112,IPC,420,1,1
6113,IT,67,1,1
6113,IT,66D,1,2
6114,POCSO,4,1,1
6115,NDPS,21,1,1
6116,IPC,392,1,1
6116,IPC,323,1,2
6116,IPC,120B,1,3
6117,NDPS,20,1,1
6117,NDPS,21,1,2
6118,IT,66C,1,1
6118,IT,66D,1,2
6118,IT,67,1,3
6119,DP,4,1,1
6119,DP,3,1,2
6120,NDPS,20,1,1
6121,MV,177,1,1
6121,MV,184,1,2
6121,MV,196,1,3
6122,IPC,323,1,1
6123,IPC,392,1,1
6123,IPC,323,1,2
6124,IPC,392,1,1
6124,IPC,302,1,2
6125,MV,196,1,1
6126,IT,66C,1,1
6126,IT,66D,1,2
6126,IT,67,1,3
6127,IT,66C,1,1
6127,IT,66D,1,2
6127,IT,67,1,3
6128,IPC,302,1,1
6128,IPC,323,1,2
6129,IPC,379,1,1
6129,IPC,354,1,2
6130,IT,66D,1,1
6130,IT,66C,1,2
6130,IT,67,1,3
6131,IPC,376,1,1
6131,IPC,392,1,2
6132,NDPS,22,1,1
6133,IPC,302,1,1
6133,IPC,411,1,2
6134,MV,184,1,1
6134,MV,196,1,2
6135,DP,3,1,1
6135,DP,4,1,2
6136,DP,3,1,1
6136,DP,4,1,2
6137,IPC,392,1,1
6137,IPC,120B,1,2
6137,IPC,420,1,3
6138,NDPS,21,1,1
6139,DP,4,1,1
6139,DP,3,1,2
6140,NDPS,8,1,1
6140,NDPS,20,1,2
6141,IT,67,1,1
6141,IT,66D,1,2
6141,IT,66C,1,3
6142,IT,67,1,1
6142,IT,66C,1,2
6143,IPC,420,1,1
6143,IPC,323,1,2
6144,IT,66D,1,1
6145,IPC,392,1,1
6145,IPC,379,1,2
6146,IT,66C,1,1
6147,NDPS,22,1,1
6147,NDPS,21,1,2
6147,NDPS,20,1,3
6148,DP,3,1,1
6148,DP,4,1,2
6149,NDPS,21,1,1
6149,NDPS,20,1,2
6150,DP,3,1,1
6151,MV,196,1,1
6151,MV,184,1,2
6152,DP,4,1,1
6153,DP,4,1,1
6153,DP,3,1,2
6154,MV,196,1,1
6154,MV,184,1,2
6154,MV,177,1,3
6155,IPC,411,1,1
6155,IPC,120B,1,2
6156,POCSO,4,1,1
6157,DP,3,1,1
6158,IT,67,1,1
6158,IT,66D,1,2
6159,IT,66C,1,1
6159,IT,66D,1,2
6159,IT,67,1,3
6160,POCSO,4,1,1
6160,POCSO,6,1,2
6160,POCSO,8,1,3
6161,POCSO,4,1,1
6162,IPC,302,1,1
6162,IPC,420,1,2
6163,IT,66D,1,1
6163,IT,66C,1,2
6164,DP,4,1,1
6165,IT,67,1,1
6166,NDPS,8,1,1
6166,NDPS,20,1,2
6166,NDPS,21,1,3
6167,IPC,379,1,1
6167,IPC,411,1,2
6167,IPC,354,1,3
6168,NDPS,21,1,1
6168,NDPS,22,1,2
6168,NDPS,20,1,3
6169,DP,4,1,1
6169,DP,3,1,2
6170,NDPS,22,1,1
6170,NDPS,21,1,2
6171,DP,4,1,1
6172,NDPS,22,1,1
6172,NDPS,20,1,2
6173,MV,196,1,1
6173,MV,184,1,2
6173,MV,177,1,3
6174,IPC,411,1,1
6174,IPC,376,1,2
6175,MV,196,1,1
6175,MV,184,1,2
6175,MV,177,1,3
6176,MV,177,1,1
6176,MV,184,1,2
6176,MV,196,1,3
6177,NDPS,22,1,1
6177,NDPS,20,1,2
6177,NDPS,8,1,3
6178,DP,4,1,1
6179,POCSO,6,1,1
6180,NDPS,8,1,1
6180,NDPS,20,1,2
6181,IPC,354,1,1
6181,IPC,420,1,2
6182,IPC,34,1,1
6182,IPC,323,1,2
6182,IPC,420,1,3
6183,NDPS,21,1,1
6183,NDPS,8,1,2
6183,NDPS,22,1,3
6184,NDPS,22,1,1
6184,NDPS,20,1,2
6184,NDPS,8,1,3
6185,MV,196,1,1
6186,MV,177,1,1
6186,MV,196,1,2
6186,MV,184,1,3
6187,IT,66D,1,1
6187,IT,66C,1,2
6188,DP,3,1,1
6188,DP,4,1,2
6189,POCSO,6,1,1
6189,POCSO,8,1,2
6189,POCSO,4,1,3
6190,NDPS,20,1,1
6191,MV,184,1,1
6192,POCSO,6,1,1
6193,DP,3,1,1
6194,IPC,323,1,1
6194,IPC,302,1,2
6195,IT,66C,1,1
6195,IT,67,1,2
6195,IT,66D,1,3
6196,NDPS,21,1,1
6196,NDPS,20,1,2
6196,NDPS,8,1,3
6197,MV,196,1,1
6197,MV,184,1,2
6197,MV,177,1,3
6198,DP,3,1,1
6198,DP,4,1,2
6199,DP,3,1,1
6199,DP,4,1,2
6200,NDPS,8,1,1
6200,NDPS,21,1,2
6200,NDPS,22,1,3
6201,POCSO,6,1,1
6202,POCSO,8,1,1
6202,POCSO,6,1,2
6202,POCSO,4,1,3
6203,DP,4,1,1
6203,DP,3,1,2
6204,POCSO,4,1,1
6205,POCSO,8,1,1
6206,DP,3,1,1
6207,POCSO,6,1,1
6207,POCSO,4,1,2
6207,POCSO,8,1,3
6208,DP,4,1,1
6209,POCSO,8,1,1
6209,POCSO,6,1,2
6209,POCSO,4,1,3
6210,IT,66C,1,1
6210,IT,66D,1,2
6211,DP,4,1,1
6212,DP,4,1,1
6213,IPC,392,1,1
6213,IPC,302,1,2
6213,IPC,354,1,3
6214,IT,66C,1,1
6214,IT,67,1,2
6214,IT,66D,1,3
6215,NDPS,22,1,1
6215,NDPS,8,1,2
6216,NDPS,22,1,1
6216,NDPS,20,1,2
6216,NDPS,21,1,3
6217,IPC,354,1,1
6217,IPC,420,1,2
6218,IPC,120B,1,1
6218,IPC,420,1,2
6219,IPC,420,1,1
6219,IPC,34,1,2
6220,MV,196,1,1
6220,MV,184,1,2
6221,IPC,120B,1,1
6221,IPC,392,1,2
6221,IPC,302,1,3
6222,MV,196,1,1
6222,MV,184,1,2
6222,MV,177,1,3
6223,NDPS,22,1,1
6224,IPC,392,1,1
6225,POCSO,6,1,1
6225,POCSO,4,1,2
6225,POCSO,8,1,3
6226,NDPS,22,1,1
6227,IT,66D,1,1
6227,IT,67,1,2
6228,NDPS,21,1,1
6228,NDPS,20,1,2
6228,NDPS,8,1,3
6229,DP,3,1,1
6229,DP,4,1,2
6230,MV,196,1,1
6230,MV,184,1,2
6230,MV,177,1,3
6231,NDPS,20,1,1
6231,NDPS,22,1,2
6231,NDPS,8,1,3
6232,IT,67,1,1
6232,IT,66D,1,2
6232,IT,66C,1,3
6233,NDPS,21,1,1
6233,NDPS,20,1,2
6234,IT,66C,1,1
6234,IT,66D,1,2
6235,NDPS,8,1,1
6235,NDPS,22,1,2
6235,NDPS,20,1,3
6236,POCSO,6,1,1
6236,POCSO,4,1,2
6237,DP,4,1,1
6238,IT,67,1,1
6238,IT,66D,1,2
6238,IT,66C,1,3
6239,IT,66D,1,1
6239,IT,66C,1,2
6239,IT,67,1,3
6240,DP,4,1,1
6240,DP,3,1,2
6241,IT,67,1,1
6241,IT,66D,1,2
6241,IT,66C,1,3
6242,IT,66C,1,1
6243,NDPS,20,1,1
6243,NDPS,22,1,2
6244,POCSO,4,1,1
6244,POCSO,8,1,2
6245,POCSO,8,1,1
6245,POCSO,6,1,2
6246,IPC,323,1,1
6246,IPC,354,1,2
6246,IPC,34,1,3
6247,DP,4,1,1
6248,POCSO,8,1,1
6248,POCSO,6,1,2
6249,MV,184,1,1
6249,MV,177,1,2
6250,IPC,323,1,1
6251,NDPS,8,1,1
6251,NDPS,21,1,2
6252,POCSO,4,1,1
6253,DP,4,1,1
6253,DP,3,1,2
6254,NDPS,21,1,1
6255,DP,4,1,1
6256,MV,184,1,1
6256,MV,177,1,2
6257,POCSO,4,1,1
6257,POCSO,8,1,2
6258,DP,3,1,1
6258,DP,4,1,2
6259,MV,196,1,1
6259,MV,177,1,2
6260,POCSO,4,1,1
6260,POCSO,6,1,2
6260,POCSO,8,1,3
6261,DP,3,1,1
6262,IPC,411,1,1
6263,NDPS,22,1,1
6263,NDPS,21,1,2
6264,POCSO,8,1,1
6264,POCSO,4,1,2
6265,MV,184,1,1
6265,MV,196,1,2
6266,IPC,302,1,1
6266,IPC,411,1,2
6267,DP,4,1,1
6267,DP,3,1,2
6268,NDPS,8,1,1
6268,NDPS,20,1,2
6269,MV,184,1,1
6269,MV,196,1,2
6269,MV,177,1,3
6270,IPC,411,1,1
6270,IPC,120B,1,2
6270,IPC,354,1,3
6271,POCSO,6,1,1
6272,NDPS,20,1,1
6273,IPC,307,1,1
6273,IPC,323,1,2
6273,IPC,120B,1,3
6274,IT,66D,1,1
6275,IPC,354,1,1
6276,DP,4,1,1
6277,IT,66C,1,1
6278,IT,67,1,1
6278,IT,66D,1,2
6278,IT,66C,1,3
6279,NDPS,21,1,1
6279,NDPS,20,1,2
6280,IT,66D,1,1
6280,IT,66C,1,2
6281,DP,4,1,1
6282,POCSO,6,1,1
6282,POCSO,4,1,2
6283,IPC,411,1,1
6283,IPC,420,1,2
6284,NDPS,22,1,1
6284,NDPS,8,1,2
6285,IPC,376,1,1
6285,IPC,420,1,2
6285,IPC,307,1,3
6286,MV,184,1,1
6286,MV,177,1,2
6286,MV,196,1,3
6287,POCSO,6,1,1
6287,POCSO,8,1,2
6288,MV,184,1,1
6288,MV,196,1,2
6289,IT,66C,1,1
6289,IT,66D,1,2
6290,IPC,392,1,1
6290,IPC,323,1,2
6291,MV,196,1,1
6291,MV,184,1,2
6292,IT,66D,1,1
6292,IT,66C,1,2
6292,IT,67,1,3
6293,NDPS,8,1,1
6293,NDPS,21,1,2
6293,NDPS,22,1,3
6294,NDPS,21,1,1
6294,NDPS,22,1,2
6294,NDPS,8,1,3
6295,POCSO,4,1,1
6295,POCSO,6,1,2
6296,IT,66C,1,1
6296,IT,67,1,2
6297,MV,196,1,1
6297,MV,177,1,2
6297,MV,184,1,3
6298,IPC,323,1,1
6298,IPC,34,1,2
6298,IPC,307,1,3
6299,POCSO,4,1,1
6299,POCSO,6,1,2
6299,POCSO,8,1,3
6300,IPC,354,1,1
6300,IPC,307,1,2
6301,IT,66C,1,1
6301,IT,66D,1,2
6302,MV,196,1,1
6302,MV,177,1,2
6303,NDPS,20,1,1
6303,NDPS,8,1,2
6303,NDPS,22,1,3
6304,NDPS,20,1,1
6304,NDPS,8,1,2
6305,IPC,392,1,1
6305,IPC,307,1,2
6306,MV,196,1,1
6306,MV,184,1,2
6306,MV,177,1,3
6307,NDPS,21,1,1
6308,MV,196,1,1
6308,MV,184,1,2
6308,MV,177,1,3
6309,NDPS,20,1,1
6310,POCSO,6,1,1
6310,POCSO,4,1,2
6311,IT,66C,1,1
6312,DP,4,1,1
6312,DP,3,1,2
6313,IPC,323,1,1
6314,IT,66C,1,1
6314,IT,66D,1,2
6315,POCSO,4,1,1
6316,IT,67,1,1
6316,IT,66D,1,2
6317,POCSO,4,1,1
6317,POCSO,8,1,2
6318,IPC,354,1,1
6318,IPC,302,1,2
6319,POCSO,6,1,1
6319,POCSO,4,1,2
6319,POCSO,8,1,3
6320,POCSO,6,1,1
6320,POCSO,8,1,2
6321,NDPS,20,1,1
6321,NDPS,8,1,2
6322,NDPS,20,1,1
6322,NDPS,21,1,2
6323,NDPS,8,1,1
6324,IT,66D,1,1
6324,IT,67,1,2
6324,IT,66C,1,3
6325,IT,67,1,1
6326,IPC,323,1,1
6326,IPC,302,1,2
6327,NDPS,20,1,1
6327,NDPS,8,1,2
6328,NDPS,21,1,1
6329,MV,196,1,1
6329,MV,177,1,2
6330,DP,3,1,1
6330,DP,4,1,2
6331,NDPS,22,1,1
6331,NDPS,20,1,2
6332,MV,196,1,1
6333,NDPS,20,1,1
6334,NDPS,22,1,1
6334,NDPS,21,1,2
6334,NDPS,8,1,3
6335,IT,66D,1,1
6335,IT,67,1,2
6335,IT,66C,1,3
6336,IT,66D,1,1
6336,IT,66C,1,2
6337,IT,66C,1,1
6337,IT,67,1,2
6337,IT,66D,1,3
6338,MV,184,1,1
6338,MV,177,1,2
6338,MV,196,1,3
6339,MV,196,1,1
6339,MV,177,1,2
6340,IT,66D,1,1
6341,IT,66C,1,1
6342,NDPS,22,1,1
6343,NDPS,22,1,1
6343,NDPS,8,1,2
6344,IPC,34,1,1
6345,DP,3,1,1
6346,NDPS,20,1,1
6347,MV,196,1,1
6347,MV,177,1,2
6348,IPC,302,1,1
6349,IT,67,1,1
6349,IT,66C,1,2
6349,IT,66D,1,3
6350,POCSO,6,1,1
6350,POCSO,4,1,2
6350,POCSO,8,1,3
6351,NDPS,8,1,1
6351,NDPS,20,1,2
6351,NDPS,21,1,3
6352,IPC,379,1,1
6352,IPC,302,1,2
6353,POCSO,6,1,1
6353,POCSO,8,1,2
6353,POCSO,4,1,3
6354,POCSO,6,1,1
6355,POCSO,6,1,1
6355,POCSO,4,1,2
6356,POCSO,8,1,1
6357,IT,66D,1,1
6357,IT,67,1,2
6357,IT,66C,1,3
6358,NDPS,22,1,1
6358,NDPS,21,1,2
6358,NDPS,8,1,3
6359,MV,196,1,1
6359,MV,177,1,2
6359,MV,184,1,3
6360,MV,196,1,1
6360,MV,177,1,2
6361,IT,66D,1,1
6362,POCSO,6,1,1
6363,IT,67,1,1
6363,IT,66C,1,2
6364,DP,4,1,1
6364,DP,3,1,2
6365,NDPS,20,1,1
6365,NDPS,21,1,2
6365,NDPS,22,1,3
6366,NDPS,20,1,1
6366,NDPS,8,1,2
6366,NDPS,21,1,3
6367,IPC,354,1,1
6367,IPC,307,1,2
6368,DP,3,1,1
6369,POCSO,6,1,1
6369,POCSO,8,1,2
6370,NDPS,22,1,1
6371,DP,4,1,1
6372,IPC,376,1,1
6373,DP,4,1,1
6374,NDPS,8,1,1
6374,NDPS,20,1,2
6374,NDPS,21,1,3
6375,IT,67,1,1
6376,NDPS,22,1,1
6377,POCSO,6,1,1
6377,POCSO,8,1,2
6377,POCSO,4,1,3
6378,IT,67,1,1
6378,IT,66C,1,2
6378,IT,66D,1,3
6379,NDPS,22,1,1
6379,NDPS,8,1,2
6379,NDPS,21,1,3
6380,POCSO,4,1,1
6380,POCSO,8,1,2
6380,POCSO,6,1,3
6381,IPC,379,1,1
6381,IPC,392,1,2
6381,IPC,34,1,3
6382,IT,66C,1,1
6382,IT,67,1,2
6383,POCSO,6,1,1
6383,POCSO,4,1,2
6384,MV,177,1,1
6384,MV,184,1,2
6385,POCSO,4,1,1
6385,POCSO,6,1,2
6386,IT,66C,1,1
6387,POCSO,4,1,1
6387,POCSO,6,1,2
6388,NDPS,8,1,1
6388,NDPS,20,1,2
6388,NDPS,21,1,3
6389,NDPS,21,1,1
6389,NDPS,8,1,2
6390,IT,67,1,1
6390,IT,66C,1,2
6391,DP,3,1,1
6391,DP,4,1,2
6392,POCSO,8,1,1
6392,POCSO,4,1,2
6393,POCSO,4,1,1
6393,POCSO,6,1,2
6393,POCSO,8,1,3
6394,IPC,120B,1,1
6394,IPC,420,1,2
6395,DP,4,1,1
6396,POCSO,4,1,1
6396,POCSO,8,1,2
6397,NDPS,8,1,1
6397,NDPS,21,1,2
6398,MV,177,1,1
6399,IT,67,1,1
6399,IT,66C,1,2
6400,POCSO,4,1,1
6400,POCSO,8,1,2
6401,DP,3,1,1
6401,DP,4,1,2
6402,NDPS,20,1,1
6402,NDPS,8,1,2
6402,NDPS,21,1,3
6403,POCSO,6,1,1
6403,POCSO,4,1,2
6403,POCSO,8,1,3
6404,IPC,411,1,1
6404,IPC,120B,1,2
6405,IT,67,1,1
6405,IT,66D,1,2
6406,IT,66D,1,1
6407,MV,177,1,1
6407,MV,184,1,2
6408,NDPS,8,1,1
6409,DP,4,1,1
6409,DP,3,1,2
6410,POCSO,6,1,1
6411,MV,177,1,1
6411,MV,184,1,2
6411,MV,196,1,3
6412,DP,4,1,1
6412,DP,3,1,2
6413,POCSO,6,1,1
6413,POCSO,4,1,2
6413,POCSO,8,1,3
6414,MV,184,1,1
6414,MV,177,1,2
6415,MV,196,1,1
6416,POCSO,6,1,1
6416,POCSO,4,1,2
6416,POCSO,8,1,3
6417,IT,67,1,1
6417,IT,66C,1,2
6418,IPC,34,1,1
6418,IPC,392,1,2
6419,IPC,392,1,1
6420,DP,3,1,1
6421,POCSO,4,1,1
6422,IPC,411,1,1
6422,IPC,120B,1,2
6422,IPC,307,1,3
6423,NDPS,22,1,1
6424,IPC,411,1,1
6425,MV,196,1,1
6425,MV,184,1,2
6426,NDPS,21,1,1
6426,NDPS,20,1,2
6427,IT,66C,1,1
6427,IT,67,1,2
6427,IT,66D,1,3
6428,DP,3,1,1
6428,DP,4,1,2
6429,IPC,411,1,1
6429,IPC,302,1,2
6429,IPC,323,1,3
6430,IT,67,1,1
6431,IT,67,1,1
6431,IT,66C,1,2
6431,IT,66D,1,3
6432,IPC,323,1,1
6433,IT,66C,1,1
6433,IT,67,1,2
6434,NDPS,8,1,1
6434,NDPS,22,1,2
6435,MV,177,1,1
6435,MV,184,1,2
6435,MV,196,1,3
6436,IT,67,1,1
6436,IT,66C,1,2
6436,IT,66D,1,3
6437,DP,4,1,1
6437,DP,3,1,2
6438,IT,66C,1,1
6438,IT,67,1,2
6439,MV,177,1,1
6440,NDPS,21,1,1
6441,DP,4,1,1
6442,DP,3,1,1
6443,POCSO,4,1,1
6443,POCSO,6,1,2
6444,IPC,379,1,1
6444,IPC,411,1,2
6445,POCSO,6,1,1
6446,DP,3,1,1
6446,DP,4,1,2
6447,POCSO,4,1,1
6447,POCSO,6,1,2
6448,POCSO,8,1,1
6449,DP,3,1,1
6450,NDPS,22,1,1
6450,NDPS,20,1,2
6451,NDPS,20,1,1
6451,NDPS,8,1,2
6451,NDPS,22,1,3
6452,IT,66D,1,1
6452,IT,66C,1,2
6452,IT,67,1,3
6453,IT,67,1,1
6453,IT,66D,1,2
6453,IT,66C,1,3
6454,MV,184,1,1
6454,MV,177,1,2
6455,DP,4,1,1
6455,DP,3,1,2
6456,MV,177,1,1
6456,MV,196,1,2
6457,IPC,302,1,1
6457,IPC,354,1,2
6458,IPC,120B,1,1
6459,IT,67,1,1
6460,IT,66C,1,1
6460,IT,67,1,2
6460,IT,66D,1,3
6461,POCSO,8,1,1
6461,POCSO,4,1,2
6461,POCSO,6,1,3
6462,DP,3,1,1
6462,DP,4,1,2
6463,IT,67,1,1
6463,IT,66D,1,2
6463,IT,66C,1,3
6464,IT,66C,1,1
6464,IT,67,1,2
6465,IT,67,1,1
6465,IT,66C,1,2
6466,POCSO,6,1,1
6466,POCSO,4,1,2
6467,MV,177,1,1
6468,POCSO,6,1,1
6468,POCSO,4,1,2
6468,POCSO,8,1,3
6469,IPC,307,1,1
6469,IPC,411,1,2
6469,IPC,120B,1,3
6470,DP,4,1,1
6471,IT,66D,1,1
6471,IT,67,1,2
6472,DP,4,1,1
6472,DP,3,1,2
6473,MV,184,1,1
6474,NDPS,20,1,1
6474,NDPS,8,1,2
6475,IPC,376,1,1
6475,IPC,307,1,2
6475,IPC,323,1,3
6476,IT,67,1,1
6477,DP,4,1,1
6478,IT,66D,1,1
6478,IT,66C,1,2
6479,DP,3,1,1
6479,DP,4,1,2
6480,IT,66C,1,1
6480,IT,66D,1,2
6480,IT,67,1,3
6481,NDPS,20,1,1
6482,POCSO,6,1,1
6482,POCSO,4,1,2
6483,MV,184,1,1
6484,MV,196,1,1
6484,MV,184,1,2
6485,MV,184,1,1
6485,MV,177,1,2
6486,MV,196,1,1
6487,IT,66D,1,1
6487,IT,66C,1,2
6487,IT,67,1,3
6488,IPC,392,1,1
6489,MV,196,1,1
6489,MV,177,1,2
6490,POCSO,8,1,1
6491,NDPS,20,1,1
6491,NDPS,22,1,2
6492,IPC,120B,1,1
6492,IPC,420,1,2
6493,MV,184,1,1
6493,MV,177,1,2
6494,IT,66C,1,1
6495,NDPS,20,1,1
6495,NDPS,21,1,2
6496,DP,4,1,1
6496,DP,3,1,2
6497,MV,177,1,1
6498,IPC,376,1,1
6498,IPC,34,1,2
6499,IT,66C,1,1
6499,IT,67,1,2
6500,NDPS,21,1,1
6500,NDPS,20,1,2
6500,NDPS,8,1,3
6501,MV,196,1,1
6501,MV,177,1,2
6501,MV,184,1,3
6502,NDPS,22,1,1
6503,MV,196,1,1
6504,IT,66D,1,1
6504,IT,66C,1,2
6505,IT,67,1,1
6505,IT,66D,1,2
6505,IT,66C,1,3
6506,MV,196,1,1
6506,MV,184,1,2
6506,MV,177,1,3
6507,IT,66D,1,1
6507,IT,66C,1,2
6508,IT,66C,1,1
6508,IT,66D,1,2
6508,IT,67,1,3
6509,DP,3,1,1
6509,DP,4,1,2
6510,MV,184,1,1
6511,POCSO,4,1,1
6512,NDPS,22,1,1
6512,NDPS,21,1,2
6512,NDPS,20,1,3
6513,MV,196,1,1
6514,IT,67,1,1
6514,IT,66D,1,2
6514,IT,66C,1,3
6515,DP,3,1,1
6516,POCSO,6,1,1
6516,POCSO,8,1,2
6516,POCSO,4,1,3
6517,NDPS,22,1,1
6518,POCSO,6,1,1
6519,MV,196,1,1
6519,MV,184,1,2
6519,MV,177,1,3
6520,POCSO,8,1,1
6520,POCSO,6,1,2
6521,POCSO,8,1,1
6521,POCSO,4,1,2
6522,NDPS,22,1,1
6523,NDPS,20,1,1
6524,IT,66C,1,1
6525,NDPS,20,1,1
6525,NDPS,22,1,2
6525,NDPS,8,1,3
6526,DP,4,1,1
6527,DP,4,1,1
6527,DP,3,1,2
6528,MV,177,1,1
6528,MV,184,1,2
6528,MV,196,1,3
6529,MV,184,1,1
6529,MV,177,1,2
6529,MV,196,1,3
6530,MV,196,1,1
6531,MV,177,1,1
6532,NDPS,22,1,1
6533,IPC,354,1,1
6533,IPC,307,1,2
6534,NDPS,8,1,1
6535,POCSO,4,1,1
6535,POCSO,8,1,2
6535,POCSO,6,1,3
6536,DP,3,1,1
6537,MV,184,1,1
6538,IT,66D,1,1
6538,IT,67,1,2
6539,NDPS,22,1,1
6540,IT,66D,1,1
6541,MV,177,1,1
6541,MV,184,1,2
6542,DP,3,1,1
6542,DP,4,1,2
6543,DP,3,1,1
6544,NDPS,8,1,1
6544,NDPS,22,1,2
6544,NDPS,20,1,3
6545,IT,66D,1,1
6545,IT,66C,1,2
6545,IT,67,1,3
6546,NDPS,8,1,1
6546,NDPS,20,1,2
6547,IPC,34,1,1
6547,IPC,392,1,2
6548,POCSO,8,1,1
6548,POCSO,4,1,2
6549,POCSO,4,1,1
6549,POCSO,8,1,2
6550,IPC,392,1,1
6550,IPC,120B,1,2
6550,IPC,302,1,3
6551,IPC,354,1,1
6551,IPC,411,1,2
6552,IPC,411,1,1
6553,IT,67,1,1
6554,IT,67,1,1
6554,IT,66D,1,2
6555,DP,3,1,1
6555,DP,4,1,2
6556,IT,66C,1,1
6556,IT,66D,1,2
6557,NDPS,20,1,1
6558,NDPS,8,1,1
6559,IPC,379,1,1
6560,NDPS,20,1,1
6560,NDPS,22,1,2
6560,NDPS,8,1,3
6561,MV,177,1,1
6562,IT,66C,1,1
6562,IT,67,1,2
6562,IT,66D,1,3
6563,IPC,354,1,1
6564,POCSO,6,1,1
6564,POCSO,4,1,2
6564,POCSO,8,1,3
6565,IPC,120B,1,1
6565,IPC,34,1,2
6566,POCSO,6,1,1
6566,POCSO,8,1,2
6566,POCSO,4,1,3
6567,IPC,379,1,1
6567,IPC,354,1,2
6567,IPC,34,1,3
6568,DP,3,1,1
6568,DP,4,1,2
6569,IT,66D,1,1
6569,IT,66C,1,2
6569,IT,67,1,3
6570,IT,67,1,1
6571,MV,196,1,1
6571,MV,177,1,2
6571,MV,184,1,3
6572,DP,4,1,1
6573,POCSO,8,1,1
6573,POCSO,4,1,2
6573,POCSO,6,1,3
6574,DP,3,1,1
6574,DP,4,1,2
6575,IPC,354,1,1
6575,IPC,120B,1,2
6576,IPC,323,1,1
6577,IPC,392,1,1
6578,MV,177,1,1
6578,MV,184,1,2
6579,NDPS,22,1,1
6580,DP,3,1,1
6580,DP,4,1,2
6581,IT,66D,1,1
6581,IT,67,1,2
6582,IPC,302,1,1
6582,IPC,354,1,2
6582,IPC,392,1,3
6583,MV,196,1,1
6583,MV,184,1,2
6583,MV,177,1,3
6584,NDPS,21,1,1
6584,NDPS,8,1,2
6585,MV,196,1,1
6585,MV,184,1,2
6586,NDPS,21,1,1
6587,DP,4,1,1
6587,DP,3,1,2
6588,NDPS,8,1,1
6588,NDPS,22,1,2
6589,POCSO,6,1,1
6589,POCSO,4,1,2
6589,POCSO,8,1,3
6590,DP,3,1,1
6590,DP,4,1,2
6591,NDPS,20,1,1
6591,NDPS,22,1,2
6591,NDPS,8,1,3
6592,DP,3,1,1
6593,NDPS,20,1,1
6594,POCSO,6,1,1
6595,MV,184,1,1
6595,MV,177,1,2
6595,MV,196,1,3
6596,IPC,411,1,1
6596,IPC,379,1,2
6596,IPC,302,1,3
6597,POCSO,6,1,1
6597,POCSO,4,1,2
6597,POCSO,8,1,3
6598,IPC,411,1,1
6599,NDPS,20,1,1
6599,NDPS,21,1,2
6599,NDPS,8,1,3
6600,POCSO,4,1,1
6600,POCSO,8,1,2
6600,POCSO,6,1,3
6601,IT,66C,1,1
6601,IT,67,1,2
6602,DP,3,1,1
6602,DP,4,1,2
6603,IPC,379,1,1
6603,IPC,376,1,2
6604,NDPS,20,1,1
6604,NDPS,22,1,2
6604,NDPS,21,1,3
6605,MV,196,1,1
6605,MV,184,1,2
6606,IT,66C,1,1
6607,NDPS,20,1,1
6608,DP,4,1,1
6608,DP,3,1,2
6609,DP,3,1,1
6610,IPC,120B,1,1
6611,POCSO,8,1,1
6612,POCSO,6,1,1
6612,POCSO,8,1,2
6613,IT,66D,1,1
6613,IT,67,1,2
6613,IT,66C,1,3
6614,IPC,376,1,1
6614,IPC,379,1,2
6615,DP,3,1,1
6616,IPC,120B,1,1
6617,NDPS,20,1,1
6617,NDPS,8,1,2
6617,NDPS,21,1,3
6618,POCSO,8,1,1
6618,POCSO,6,1,2
6619,IT,66D,1,1
6619,IT,66C,1,2
6619,IT,67,1,3
6620,IPC,379,1,1
6620,IPC,420,1,2
6620,IPC,307,1,3
6621,POCSO,6,1,1
6621,POCSO,4,1,2
6622,IPC,420,1,1
6622,IPC,34,1,2
6622,IPC,411,1,3
6623,IPC,34,1,1
6623,IPC,379,1,2
6624,POCSO,4,1,1
6625,POCSO,6,1,1
6625,POCSO,4,1,2
6625,POCSO,8,1,3
6626,IPC,376,1,1
6626,IPC,411,1,2
6626,IPC,420,1,3
6627,IPC,323,1,1
6627,IPC,379,1,2
6628,DP,3,1,1
6629,MV,196,1,1
6629,MV,184,1,2
6629,MV,177,1,3
6630,DP,4,1,1
6631,NDPS,8,1,1
6631,NDPS,20,1,2
6632,POCSO,4,1,1
6632,POCSO,6,1,2
6632,POCSO,8,1,3
6633,POCSO,8,1,1
6633,POCSO,6,1,2
6633,POCSO,4,1,3
6634,IPC,411,1,1
6634,IPC,120B,1,2
6634,IPC,323,1,3
6635,POCSO,8,1,1
6636,DP,3,1,1
6636,DP,4,1,2
6637,NDPS,8,1,1
6638,DP,3,1,1
6639,IT,66C,1,1
6640,IPC,354,1,1
6640,IPC,120B,1,2
6641,POCSO,4,1,1
6641,POCSO,6,1,2
6642,IPC,34,1,1
6643,NDPS,21,1,1
6643,NDPS,8,1,2
6644,IT,66D,1,1
6644,IT,66C,1,2
6645,DP,3,1,1
6646,DP,4,1,1
6646,DP,3,1,2
6647,IPC,307,1,1
6648,DP,4,1,1
6649,POCSO,6,1,1
6650,POCSO,6,1,1
6650,POCSO,4,1,2
6650,POCSO,8,1,3
6651,MV,184,1,1
6651,MV,177,1,2
6651,MV,196,1,3
6652,IT,67,1,1
6653,MV,184,1,1
6654,IT,66C,1,1
6655,IPC,420,1,1
6655,IPC,354,1,2
6656,NDPS,20,1,1
6656,NDPS,8,1,2
6657,MV,177,1,1
6657,MV,184,1,2
6658,NDPS,20,1,1
6658,NDPS,22,1,2
6658,NDPS,8,1,3
6659,POCSO,4,1,1
6659,POCSO,8,1,2
6659,POCSO,6,1,3
6660,NDPS,20,1,1
6660,NDPS,22,1,2
6661,IPC,354,1,1
6662,IT,67,1,1
6663,DP,4,1,1
6664,IT,67,1,1
6664,IT,66C,1,2
6665,MV,184,1,1
6665,MV,196,1,2
6666,IPC,302,1,1
6666,IPC,420,1,2
6666,IPC,323,1,3
6667,IPC,420,1,1
6667,IPC,411,1,2
6668,IPC,420,1,1
6668,IPC,307,1,2
6668,IPC,376,1,3
6669,IPC,392,1,1
6670,DP,4,1,1
6670,DP,3,1,2
6671,POCSO,8,1,1
6671,POCSO,4,1,2
6671,POCSO,6,1,3
6672,IPC,379,1,1
6672,IPC,120B,1,2
6673,POCSO,4,1,1
6673,POCSO,6,1,2
6673,POCSO,8,1,3
6674,IPC,392,1,1
6674,IPC,411,1,2
6674,IPC,376,1,3
6675,NDPS,20,1,1
6676,NDPS,20,1,1
6677,MV,196,1,1
6678,IT,66C,1,1
6679,DP,3,1,1
6679,DP,4,1,2
6680,IPC,392,1,1
6680,IPC,354,1,2
6680,IPC,307,1,3
6681,NDPS,22,1,1
6681,NDPS,21,1,2
6681,NDPS,20,1,3
6682,NDPS,22,1,1
6683,POCSO,8,1,1
6683,POCSO,6,1,2
6684,POCSO,6,1,1
6684,POCSO,4,1,2
6684,POCSO,8,1,3
6685,POCSO,8,1,1
6685,POCSO,6,1,2
6686,MV,196,1,1
6686,MV,177,1,2
6687,MV,177,1,1
6687,MV,184,1,2
6687,MV,196,1,3
6688,MV,196,1,1
6689,IPC,420,1,1
6689,IPC,354,1,2
6690,IT,66D,1,1
6690,IT,66C,1,2
6691,MV,177,1,1
6692,MV,196,1,1
6693,IT,66C,1,1
6693,IT,66D,1,2
6694,POCSO,4,1,1
6695,POCSO,6,1,1
6695,POCSO,8,1,2
6695,POCSO,4,1,3
6696,MV,177,1,1
6696,MV,184,1,2
6696,MV,196,1,3
6697,MV,177,1,1
6697,MV,184,1,2
6697,MV,196,1,3
6698,IT,66C,1,1
6698,IT,66D,1,2
6699,IT,66C,1,1
6699,IT,66D,1,2
6700,IPC,302,1,1
6700,IPC,379,1,2
6700,IPC,354,1,3
6701,IPC,411,1,1
6701,IPC,34,1,2
6701,IPC,307,1,3
6702,IT,66C,1,1
6703,NDPS,8,1,1
6703,NDPS,22,1,2
6704,NDPS,22,1,1
6704,NDPS,20,1,2
6704,NDPS,21,1,3
6705,IPC,302,1,1
6706,NDPS,21,1,1
6707,IPC,302,1,1
6708,DP,3,1,1
6708,DP,4,1,2
6709,DP,3,1,1
6710,POCSO,6,1,1
6710,POCSO,8,1,2
6710,POCSO,4,1,3
6711,MV,177,1,1
6711,MV,184,1,2
6712,IT,66D,1,1
6712,IT,67,1,2
6712,IT,66C,1,3
6713,MV,184,1,1
6714,IT,67,1,1
6715,IT,67,1,1
6715,IT,66D,1,2
6716,MV,196,1,1
6717,IT,67,1,1
6717,IT,66C,1,2
6718,IPC,354,1,1
6719,MV,196,1,1
6720,DP,4,1,1
6721,NDPS,8,1,1
6721,NDPS,20,1,2
6721,NDPS,21,1,3
6722,POCSO,8,1,1
6722,POCSO,4,1,2
6723,IT,66D,1,1
6723,IT,67,1,2
6723,IT,66C,1,3
6724,IPC,302,1,1
6724,IPC,379,1,2
6724,IPC,420,1,3
6725,IPC,302,1,1
6725,IPC,323,1,2
6726,POCSO,6,1,1
6726,POCSO,4,1,2
6727,DP,4,1,1
6727,DP,3,1,2
6728,IT,66D,1,1
6729,NDPS,22,1,1
6729,NDPS,20,1,2
6730,MV,184,1,1
6730,MV,196,1,2
6731,DP,4,1,1
6732,POCSO,4,1,1
6733,IT,66D,1,1
6734,MV,177,1,1
6734,MV,184,1,2
6734,MV,196,1,3
6735,IPC,307,1,1
6735,IPC,302,1,2
6736,IPC,376,1,1
6737,IPC,420,1,1
6738,POCSO,4,1,1
6738,POCSO,8,1,2
6739,POCSO,4,1,1
6739,POCSO,8,1,2
6739,POCSO,6,1,3
6740,NDPS,22,1,1
6740,NDPS,8,1,2
6740,NDPS,21,1,3
6741,POCSO,4,1,1
6741,POCSO,8,1,2
6741,POCSO,6,1,3
6742,IPC,376,1,1
6742,IPC,354,1,2
6742,IPC,323,1,3
6743,MV,177,1,1
6744,NDPS,22,1,1
6745,DP,4,1,1
6746,MV,196,1,1
6746,MV,177,1,2
6746,MV,184,1,3
6747,IT,67,1,1
6748,DP,4,1,1
6748,DP,3,1,2
6749,IT,67,1,1
6749,IT,66D,1,2
6749,IT,66C,1,3
6750,POCSO,4,1,1
6750,POCSO,6,1,2
6751,IT,66C,1,1
6752,POCSO,6,1,1
6752,POCSO,4,1,2
6753,MV,184,1,1
6753,MV,196,1,2
6753,MV,177,1,3
6754,POCSO,6,1,1
6754,POCSO,8,1,2
6754,POCSO,4,1,3
6755,IT,66C,1,1
6756,DP,3,1,1
6756,DP,4,1,2
6757,DP,4,1,1
6758,DP,3,1,1
6759,NDPS,20,1,1
6760,NDPS,20,1,1
6760,NDPS,8,1,2
6761,IPC,411,1,1
6761,IPC,302,1,2
6762,IT,66D,1,1
6763,POCSO,6,1,1
6764,POCSO,6,1,1
6764,POCSO,8,1,2
6765,POCSO,8,1,1
6766,POCSO,4,1,1
6767,DP,4,1,1
6768,POCSO,8,1,1
6768,POCSO,4,1,2
6769,DP,3,1,1
6769,DP,4,1,2
6770,MV,177,1,1
6771,NDPS,21,1,1
6771,NDPS,22,1,2
6771,NDPS,8,1,3
6772,IT,67,1,1
6773,POCSO,8,1,1
6774,DP,3,1,1
6774,DP,4,1,2
6775,IT,67,1,1
6775,IT,66D,1,2
6775,IT,66C,1,3
6776,POCSO,6,1,1
6777,POCSO,8,1,1
6778,IT,66D,1,1
6778,IT,67,1,2
6779,MV,196,1,1
6780,POCSO,6,1,1
6780,POCSO,4,1,2
6780,POCSO,8,1,3
6781,IPC,392,1,1
6782,MV,184,1,1
6782,MV,177,1,2
6783,IPC,392,1,1
6783,IPC,354,1,2
6783,IPC,120B,1,3
6784,NDPS,21,1,1
6784,NDPS,8,1,2
6784,NDPS,22,1,3
6785,MV,196,1,1
6786,POCSO,4,1,1
6786,POCSO,6,1,2
6787,MV,184,1,1
6787,MV,196,1,2
6787,MV,177,1,3
6788,POCSO,6,1,1
6789,IT,66D,1,1
6789,IT,67,1,2
6790,IPC,323,1,1
6790,IPC,302,1,2
6790,IPC,376,1,3
6791,IPC,376,1,1
6792,MV,177,1,1
6792,MV,196,1,2
6793,MV,184,1,1
6794,POCSO,8,1,1
6795,MV,196,1,1
6795,MV,184,1,2
6796,DP,4,1,1
6797,MV,184,1,1
6797,MV,196,1,2
6798,MV,196,1,1
6799,IT,66D,1,1
6799,IT,66C,1,2
6799,IT,67,1,3
6800,IT,66D,1,1
6800,IT,67,1,2
6800,IT,66C,1,3
6801,POCSO,6,1,1
6801,POCSO,8,1,2
6802,IT,67,1,1
6802,IT,66D,1,2
6802,IT,66C,1,3
6803,DP,4,1,1
6804,NDPS,20,1,1
6805,IT,66D,1,1
6806,NDPS,22,1,1
6806,NDPS,21,1,2
6807,IPC,392,1,1
6807,IPC,379,1,2
6807,IPC,420,1,3
6808,POCSO,8,1,1
6808,POCSO,6,1,2
6809,IT,67,1,1
6810,POCSO,4,1,1
6810,POCSO,6,1,2
6810,POCSO,8,1,3
6811,IPC,307,1,1
6811,IPC,376,1,2
6812,NDPS,21,1,1
6812,NDPS,20,1,2
6812,NDPS,22,1,3
6813,DP,3,1,1
6814,POCSO,8,1,1
6815,IPC,392,1,1
6815,IPC,302,1,2
6815,IPC,379,1,3
6816,NDPS,22,1,1
6817,NDPS,8,1,1
6817,NDPS,22,1,2
6817,NDPS,20,1,3
6818,MV,177,1,1
6818,MV,196,1,2
6818,MV,184,1,3
6819,POCSO,8,1,1
6819,POCSO,4,1,2
6819,POCSO,6,1,3
6820,IPC,34,1,1
6821,IT,66C,1,1
6822,POCSO,6,1,1
6823,IPC,354,1,1
6823,IPC,120B,1,2
6823,IPC,302,1,3
6824,IT,67,1,1
6824,IT,66C,1,2
6824,IT,66D,1,3
6825,IT,66C,1,1
6825,IT,67,1,2
6825,IT,66D,1,3
6826,MV,184,1,1
6826,MV,196,1,2
6826,MV,177,1,3
6827,POCSO,8,1,1
6827,POCSO,6,1,2
6827,POCSO,4,1,3
6828,NDPS,22,1,1
6828,NDPS,20,1,2
6828,NDPS,8,1,3
6829,NDPS,20,1,1
6830,NDPS,20,1,1
6830,NDPS,21,1,2
6830,NDPS,22,1,3
6831,NDPS,22,1,1
6831,NDPS,8,1,2
6831,NDPS,20,1,3
6832,IPC,302,1,1
6832,IPC,34,1,2
6833,MV,177,1,1
6834,MV,177,1,1
6834,MV,196,1,2
6835,IPC,307,1,1
6836,IPC,302,1,1
6836,IPC,120B,1,2
6836,IPC,354,1,3
6837,IPC,411,1,1
6837,IPC,420,1,2
6837,IPC,323,1,3
6838,POCSO,6,1,1
6838,POCSO,8,1,2
6839,MV,196,1,1
6840,NDPS,8,1,1
6840,NDPS,21,1,2
6841,IT,67,1,1
6841,IT,66C,1,2
6841,IT,66D,1,3
6842,NDPS,22,1,1
6842,NDPS,8,1,2
6842,NDPS,21,1,3
6843,DP,4,1,1
6844,MV,177,1,1
6844,MV,196,1,2
6844,MV,184,1,3
6845,POCSO,6,1,1
6846,DP,3,1,1
6847,IPC,120B,1,1
6847,IPC,354,1,2
6848,IT,67,1,1
6848,IT,66C,1,2
6848,IT,66D,1,3
6849,POCSO,4,1,1
6849,POCSO,6,1,2
6850,IT,67,1,1
6851,IPC,307,1,1
6852,IT,66D,1,1
6852,IT,66C,1,2
6852,IT,67,1,3
6853,IT,67,1,1
6854,MV,177,1,1
6854,MV,184,1,2
6855,DP,4,1,1
6855,DP,3,1,2
6856,IT,66C,1,1
6856,IT,67,1,2
6856,IT,66D,1,3
6857,IT,66C,1,1
6858,POCSO,8,1,1
6858,POCSO,4,1,2
6858,POCSO,6,1,3
6859,IT,66D,1,1
6860,DP,4,1,1
6861,IPC,354,1,1
6861,IPC,302,1,2
6861,IPC,120B,1,3
6862,DP,3,1,1
6863,POCSO,4,1,1
6863,POCSO,8,1,2
6863,POCSO,6,1,3
6864,POCSO,6,1,1
6865,DP,4,1,1
6866,DP,3,1,1
6867,IT,66D,1,1
6867,IT,66C,1,2
6867,IT,67,1,3
6868,MV,196,1,1
6868,MV,177,1,2
6869,NDPS,21,1,1
6870,IPC,120B,1,1
6871,IPC,34,1,1
6872,POCSO,6,1,1
6873,POCSO,8,1,1
6873,POCSO,6,1,2
6873,POCSO,4,1,3
6874,MV,196,1,1
6874,MV,184,1,2
6874,MV,177,1,3
6875,IPC,392,1,1
6875,IPC,307,1,2
6876,NDPS,22,1,1
6876,NDPS,21,1,2
6877,IT,66D,1,1
6878,NDPS,21,1,1
6878,NDPS,22,1,2
6879,IT,66C,1,1
6879,IT,67,1,2
6879,IT,66D,1,3
6880,POCSO,8,1,1
6880,POCSO,6,1,2
6880,POCSO,4,1,3
6881,IPC,302,1,1
6881,IPC,376,1,2
6882,MV,196,1,1
6883,DP,3,1,1
6883,DP,4,1,2
6884,IPC,420,1,1
6884,IPC,302,1,2
6884,IPC,392,1,3
6885,IPC,354,1,1
6886,NDPS,21,1,1
6886,NDPS,22,1,2
6886,NDPS,20,1,3
6887,IPC,120B,1,1
6887,IPC,392,1,2
6888,IT,66C,1,1
6888,IT,67,1,2
6888,IT,66D,1,3
6889,POCSO,8,1,1
6889,POCSO,4,1,2
6890,IT,66D,1,1
6891,DP,4,1,1
6891,DP,3,1,2
6892,IPC,420,1,1
6893,MV,196,1,1
6893,MV,184,1,2
6894,POCSO,8,1,1
6895,MV,177,1,1
6895,MV,196,1,2
6895,MV,184,1,3
6896,DP,3,1,1
6896,DP,4,1,2
6897,DP,3,1,1
6897,DP,4,1,2
6898,MV,196,1,1
6898,MV,184,1,2
6898,MV,177,1,3
6899,NDPS,21,1,1
6900,IT,66C,1,1
6900,IT,67,1,2
6900,IT,66D,1,3
6901,NDPS,21,1,1
6901,NDPS,20,1,2
6902,IT,67,1,1
6902,IT,66C,1,2
6902,IT,66D,1,3
6903,DP,3,1,1
6904,MV,184,1,1
6904,MV,177,1,2
6904,MV,196,1,3
6905,POCSO,4,1,1
6905,POCSO,8,1,2
6905,POCSO,6,1,3
6906,NDPS,8,1,1
6907,POCSO,6,1,1
6907,POCSO,4,1,2
6907,POCSO,8,1,3
6908,MV,184,1,1
6909,IT,67,1,1
6910,DP,4,1,1
6910,DP,3,1,2
6911,DP,3,1,1
6911,DP,4,1,2
6912,NDPS,20,1,1
6912,NDPS,21,1,2
6913,IT,66C,1,1
6914,IT,66C,1,1
6914,IT,67,1,2
6915,POCSO,4,1,1
6915,POCSO,6,1,2
6915,POCSO,8,1,3
6916,IT,66C,1,1
6916,IT,67,1,2
6916,IT,66D,1,3
6917,IT,66C,1,1
6918,IPC,411,1,1
6918,IPC,120B,1,2
6918,IPC,379,1,3
6919,IT,66C,1,1
6919,IT,66D,1,2
6919,IT,67,1,3
6920,IPC,376,1,1
6920,IPC,323,1,2
6921,IT,67,1,1
6921,IT,66D,1,2
6922,IPC,307,1,1
6922,IPC,323,1,2
6922,IPC,34,1,3
6923,NDPS,20,1,1
6923,NDPS,8,1,2
6923,NDPS,21,1,3
6924,MV,184,1,1
6924,MV,196,1,2
6925,POCSO,6,1,1
6925,POCSO,8,1,2
6925,POCSO,4,1,3
6926,IPC,120B,1,1
6926,IPC,34,1,2
6926,IPC,376,1,3
6927,IPC,34,1,1
6927,IPC,392,1,2
6928,IPC,302,1,1
6928,IPC,411,1,2
6929,DP,3,1,1
6930,NDPS,8,1,1
6931,MV,196,1,1
6932,POCSO,6,1,1
6933,DP,4,1,1
6934,DP,4,1,1
6935,DP,4,1,1
6936,IPC,379,1,1
6937,DP,3,1,1
6937,DP,4,1,2
6938,NDPS,8,1,1
6938,NDPS,20,1,2
6939,DP,3,1,1
6939,DP,4,1,2
6940,POCSO,6,1,1
6940,POCSO,8,1,2
6941,IT,67,1,1
6941,IT,66D,1,2
6942,POCSO,4,1,1
6942,POCSO,6,1,2
6943,NDPS,8,1,1
6944,IPC,120B,1,1
6945,POCSO,4,1,1
6945,POCSO,8,1,2
6945,POCSO,6,1,3
6946,IPC,392,1,1
6947,POCSO,6,1,1
6948,POCSO,6,1,1
6948,POCSO,8,1,2
6948,POCSO,4,1,3
6949,IPC,392,1,1
6949,IPC,354,1,2
6949,IPC,323,1,3
6950,DP,3,1,1
6951,POCSO,6,1,1
6951,POCSO,8,1,2
6951,POCSO,4,1,3
6952,POCSO,6,1,1
6953,MV,177,1,1
6953,MV,196,1,2
6953,MV,184,1,3
6954,MV,184,1,1
6955,POCSO,8,1,1
6956,IT,67,1,1
6956,IT,66D,1,2
6957,NDPS,21,1,1
6957,NDPS,20,1,2
6957,NDPS,8,1,3
6958,POCSO,6,1,1
6958,POCSO,8,1,2
6959,IPC,420,1,1
6959,IPC,323,1,2
6959,IPC,411,1,3
6960,MV,184,1,1
6961,MV,177,1,1
6961,MV,184,1,2
6961,MV,196,1,3
6962,IT,66C,1,1
6962,IT,67,1,2
6962,IT,66D,1,3
6963,IT,66C,1,1
6963,IT,66D,1,2
6964,MV,196,1,1
6964,MV,184,1,2
6964,MV,177,1,3
6965,MV,196,1,1
6965,MV,177,1,2
6965,MV,184,1,3
6966,MV,184,1,1
6967,IT,66C,1,1
6968,POCSO,4,1,1
6969,IPC,307,1,1
6969,IPC,323,1,2
6970,NDPS,20,1,1
6970,NDPS,8,1,2
6971,IPC,376,1,1
6971,IPC,323,1,2
6971,IPC,420,1,3
6972,NDPS,8,1,1
6972,NDPS,21,1,2
6973,IT,67,1,1
6973,IT,66D,1,2
6973,IT,66C,1,3
6974,IPC,307,1,1
6975,IT,66C,1,1
6976,DP,3,1,1
6977,POCSO,4,1,1
6977,POCSO,8,1,2
6978,IPC,379,1,1
6978,IPC,120B,1,2
6979,IPC,323,1,1
6979,IPC,420,1,2
6979,IPC,120B,1,3
6980,IPC,307,1,1
6981,NDPS,20,1,1
6982,POCSO,8,1,1
6983,NDPS,22,1,1
6984,DP,3,1,1
6985,IPC,34,1,1
6985,IPC,411,1,2
6985,IPC,354,1,3
6986,MV,196,1,1
6986,MV,177,1,2
6987,IT,66C,1,1
6988,DP,3,1,1
6988,DP,4,1,2
6989,POCSO,8,1,1
6989,POCSO,6,1,2
6990,DP,3,1,1
6990,DP,4,1,2
6991,MV,184,1,1
6991,MV,196,1,2
6992,IPC,323,1,1
6992,IPC,411,1,2
6993,IPC,392,1,1
6994,IT,66D,1,1
6995,NDPS,21,1,1
6995,NDPS,22,1,2
6995,NDPS,8,1,3
6996,POCSO,6,1,1
6996,POCSO,4,1,2
6997,NDPS,21,1,1
6997,NDPS,20,1,2
6998,POCSO,6,1,1
6999,IPC,392,1,1
6999,IPC,411,1,2
6999,IPC,376,1,3
7000,POCSO,4,1,1
7000,POCSO,8,1,2
7001,POCSO,6,1,1
7002,DP,4,1,1
7002,DP,3,1,2
7003,MV,184,1,1
7003,MV,177,1,2
7003,MV,196,1,3
7004,MV,184,1,1
7005,MV,184,1,1
7005,MV,196,1,2
7006,NDPS,21,1,1
7006,NDPS,8,1,2
7007,POCSO,8,1,1
7007,POCSO,4,1,2
7007,POCSO,6,1,3
7008,NDPS,22,1,1
7009,MV,177,1,1
7009,MV,184,1,2
7010,POCSO,4,1,1
7010,POCSO,6,1,2
7011,IT,66C,1,1
7011,IT,67,1,2
7012,IPC,392,1,1
7012,IPC,420,1,2
7013,MV,184,1,1
7014,IPC,354,1,1
7014,IPC,302,1,2
7015,IT,67,1,1
7015,IT,66C,1,2
7016,POCSO,4,1,1
7016,POCSO,8,1,2
7017,IT,67,1,1
7017,IT,66D,1,2
7018,NDPS,21,1,1
7018,NDPS,22,1,2
7019,IPC,379,1,1
7020,IPC,120B,1,1
7020,IPC,420,1,2
7020,IPC,307,1,3
7021,NDPS,20,1,1
7021,NDPS,8,1,2
7021,NDPS,22,1,3
7022,MV,184,1,1
7022,MV,177,1,2
7022,MV,196,1,3
7023,NDPS,20,1,1
7024,DP,3,1,1
7024,DP,4,1,2
7025,DP,4,1,1
7025,DP,3,1,2
7026,MV,196,1,1
7026,MV,184,1,2
7027,POCSO,8,1,1
7027,POCSO,4,1,2
7027,POCSO,6,1,3
7028,NDPS,22,1,1
7029,DP,3,1,1
7029,DP,4,1,2
7030,IPC,323,1,1
7030,IPC,392,1,2
7030,IPC,420,1,3
7031,DP,4,1,1
7032,IT,66C,1,1
7033,NDPS,8,1,1
7033,NDPS,22,1,2
7034,IT,66C,1,1
7034,IT,67,1,2
7035,POCSO,8,1,1
7036,MV,196,1,1
7036,MV,177,1,2
7037,MV,196,1,1
7037,MV,184,1,2
7037,MV,177,1,3
7038,DP,4,1,1
7039,MV,177,1,1
7040,NDPS,21,1,1
7040,NDPS,20,1,2
7040,NDPS,8,1,3
7041,IT,66C,1,1
7042,IPC,120B,1,1
7043,DP,4,1,1
7043,DP,3,1,2
7044,IPC,323,1,1
7045,IT,66D,1,1
7045,IT,67,1,2
7046,DP,3,1,1
7047,DP,3,1,1
7048,POCSO,8,1,1
7048,POCSO,4,1,2
7048,POCSO,6,1,3
7049,NDPS,8,1,1
7050,POCSO,8,1,1
7051,IPC,120B,1,1
7051,IPC,34,1,2
7051,IPC,307,1,3
7052,POCSO,8,1,1
7052,POCSO,6,1,2
7052,POCSO,4,1,3
7053,DP,4,1,1
7054,MV,177,1,1
7055,DP,4,1,1
7056,IPC,392,1,1
7057,POCSO,6,1,1
7057,POCSO,4,1,2
7057,POCSO,8,1,3
7058,MV,196,1,1
7058,MV,177,1,2
7058,MV,184,1,3
7059,MV,196,1,1
7059,MV,184,1,2
7060,NDPS,20,1,1
7061,IPC,323,1,1
7061,IPC,34,1,2
7061,IPC,411,1,3
7062,IPC,307,1,1
7062,IPC,302,1,2
7062,IPC,411,1,3
7063,POCSO,6,1,1
7064,NDPS,8,1,1
7064,NDPS,21,1,2
7064,NDPS,22,1,3
7065,IT,66C,1,1
7065,IT,67,1,2
7065,IT,66D,1,3
7066,MV,184,1,1
7066,MV,177,1,2
7066,MV,196,1,3
7067,IPC,411,1,1
7067,IPC,420,1,2
7068,POCSO,4,1,1
7069,POCSO,4,1,1
7070,DP,4,1,1
7070,DP,3,1,2
7071,MV,196,1,1
7071,MV,184,1,2
7071,MV,177,1,3
7072,MV,196,1,1
7072,MV,177,1,2
7073,POCSO,4,1,1
7074,MV,196,1,1
7075,NDPS,21,1,1
7075,NDPS,20,1,2
7076,DP,4,1,1
7076,DP,3,1,2
7077,POCSO,4,1,1
7077,POCSO,8,1,2
7077,POCSO,6,1,3
7078,NDPS,20,1,1
7079,NDPS,8,1,1
7079,NDPS,22,1,2
7080,POCSO,4,1,1
7080,POCSO,6,1,2
7081,IT,67,1,1
7081,IT,66C,1,2
7081,IT,66D,1,3
7082,POCSO,4,1,1
7082,POCSO,8,1,2
7082,POCSO,6,1,3
7083,IPC,354,1,1
7083,IPC,411,1,2
7084,DP,4,1,1
7084,DP,3,1,2
7085,DP,3,1,1
7085,DP,4,1,2
7086,POCSO,4,1,1
7087,IT,67,1,1
7087,IT,66C,1,2
7087,IT,66D,1,3
7088,MV,177,1,1
7088,MV,196,1,2
7088,MV,184,1,3
7089,POCSO,8,1,1
7089,POCSO,4,1,2
7090,IPC,376,1,1
7091,MV,177,1,1
7091,MV,184,1,2
7092,IPC,302,1,1
7092,IPC,323,1,2
7093,POCSO,8,1,1
7093,POCSO,4,1,2
7094,IT,66C,1,1
7094,IT,67,1,2
7094,IT,66D,1,3
7095,NDPS,8,1,1
7096,MV,184,1,1
7097,IT,66C,1,1
7097,IT,67,1,2
7097,IT,66D,1,3
7098,POCSO,8,1,1
7099,IPC,34,1,1
7100,MV,184,1,1
7100,MV,196,1,2
7101,NDPS,21,1,1
7101,NDPS,20,1,2
7101,NDPS,22,1,3
7102,DP,4,1,1
7103,POCSO,8,1,1
7103,POCSO,4,1,2
7104,DP,4,1,1
7105,NDPS,21,1,1
7106,POCSO,6,1,1
7106,POCSO,4,1,2
7107,IPC,411,1,1
7108,POCSO,8,1,1
7108,POCSO,4,1,2
7109,DP,4,1,1
7110,IPC,323,1,1
7111,IT,66C,1,1
7111,IT,67,1,2
7111,IT,66D,1,3
7112,DP,4,1,1
7113,NDPS,8,1,1
7113,NDPS,21,1,2
7114,DP,4,1,1
7114,DP,3,1,2
7115,DP,3,1,1
7115,DP,4,1,2
7116,IT,66C,1,1
7117,IPC,379,1,1
7118,NDPS,8,1,1
7118,NDPS,20,1,2
7118,NDPS,21,1,3
7119,POCSO,6,1,1
7120,IT,66D,1,1
7121,POCSO,6,1,1
7122,DP,3,1,1
7123,NDPS,8,1,1
7123,NDPS,21,1,2
7124,NDPS,20,1,1
7125,DP,4,1,1
7126,IT,66C,1,1
7126,IT,67,1,2
7126,IT,66D,1,3
7127,IT,66C,1,1
7128,POCSO,4,1,1
7129,NDPS,21,1,1
7129,NDPS,22,1,2
7129,NDPS,20,1,3
7130,DP,3,1,1
7131,IPC,376,1,1
7132,POCSO,4,1,1
7132,POCSO,6,1,2
7132,POCSO,8,1,3
7133,IT,66C,1,1
7133,IT,67,1,2
7133,IT,66D,1,3
7134,POCSO,8,1,1
7134,POCSO,4,1,2
7135,IT,66D,1,1
7135,IT,66C,1,2
7136,IPC,307,1,1
7136,IPC,379,1,2
7137,DP,4,1,1
7138,IPC,307,1,1
7138,IPC,411,1,2
7139,NDPS,20,1,1
7139,NDPS,22,1,2
7140,NDPS,20,1,1
7141,DP,4,1,1
7142,POCSO,4,1,1
7142,POCSO,6,1,2
7143,DP,4,1,1
7143,DP,3,1,2
7144,DP,4,1,1
7145,POCSO,8,1,1
7145,POCSO,4,1,2
7145,POCSO,6,1,3
7146,DP,4,1,1
7147,DP,4,1,1
7147,DP,3,1,2
7148,POCSO,8,1,1
7149,MV,177,1,1
7149,MV,196,1,2
7150,DP,3,1,1
7150,DP,4,1,2
7151,POCSO,6,1,1
7151,POCSO,4,1,2
7151,POCSO,8,1,3
7152,NDPS,20,1,1
7153,IT,66D,1,1
7153,IT,67,1,2
7154,MV,177,1,1
7154,MV,184,1,2
7155,NDPS,8,1,1
7155,NDPS,22,1,2
7155,NDPS,20,1,3
7156,IPC,323,1,1
7157,IPC,34,1,1
7157,IPC,392,1,2
7157,IPC,411,1,3
7158,NDPS,22,1,1
7158,NDPS,8,1,2
7159,MV,184,1,1
7160,POCSO,4,1,1
7160,POCSO,8,1,2
7160,POCSO,6,1,3
7161,NDPS,22,1,1
7161,NDPS,8,1,2
7161,NDPS,20,1,3
7162,DP,4,1,1
7163,IPC,376,1,1
7164,MV,177,1,1
7164,MV,184,1,2
7164,MV,196,1,3
7165,IT,66D,1,1
7165,IT,67,1,2
7166,IT,66D,1,1
7167,POCSO,6,1,1
7167,POCSO,4,1,2
7167,POCSO,8,1,3
7168,NDPS,22,1,1
7168,NDPS,21,1,2
7168,NDPS,8,1,3
7169,IPC,376,1,1
7169,IPC,302,1,2
7169,IPC,120B,1,3
7170,IT,67,1,1
7170,IT,66C,1,2
7171,DP,3,1,1
7171,DP,4,1,2
7172,IPC,120B,1,1
7172,IPC,379,1,2
7173,IPC,376,1,1
7174,DP,4,1,1
7175,POCSO,8,1,1
7175,POCSO,4,1,2
7175,POCSO,6,1,3
7176,POCSO,4,1,1
7177,IT,67,1,1
7177,IT,66C,1,2
7177,IT,66D,1,3
7178,DP,4,1,1
7178,DP,3,1,2
7179,IPC,302,1,1
7179,IPC,411,1,2
7179,IPC,376,1,3
7180,POCSO,8,1,1
7180,POCSO,6,1,2
7181,MV,196,1,1
7182,POCSO,6,1,1
7183,POCSO,8,1,1
7183,POCSO,6,1,2
7184,IPC,379,1,1
7185,NDPS,22,1,1
7185,NDPS,21,1,2
7185,NDPS,8,1,3
7186,IT,67,1,1
7187,POCSO,8,1,1
7187,POCSO,6,1,2
7187,POCSO,4,1,3
7188,MV,184,1,1
7188,MV,177,1,2
7188,MV,196,1,3
7189,POCSO,8,1,1
7189,POCSO,4,1,2
7190,IPC,392,1,1
7190,IPC,120B,1,2
7191,DP,3,1,1
7192,IPC,34,1,1
7192,IPC,379,1,2
7192,IPC,392,1,3
7193,IPC,411,1,1
7193,IPC,323,1,2
7193,IPC,120B,1,3
7194,NDPS,21,1,1
7194,NDPS,22,1,2
7194,NDPS,20,1,3
7195,DP,4,1,1
7196,POCSO,6,1,1
7197,POCSO,6,1,1
7197,POCSO,4,1,2
7197,POCSO,8,1,3
7198,IT,66C,1,1
7198,IT,66D,1,2
7199,IT,66C,1,1
7200,NDPS,8,1,1
7200,NDPS,22,1,2
7200,NDPS,20,1,3
7201,DP,4,1,1
7202,NDPS,20,1,1
7202,NDPS,22,1,2
7202,NDPS,8,1,3
7203,IT,66D,1,1
7204,DP,4,1,1
7204,DP,3,1,2
7205,MV,196,1,1
7205,MV,177,1,2
7205,MV,184,1,3
7206,IT,67,1,1
7207,NDPS,21,1,1
7208,NDPS,21,1,1
7209,DP,4,1,1
7210,IPC,379,1,1
7210,IPC,34,1,2
7211,IT,66D,1,1
7211,IT,66C,1,2
7212,POCSO,6,1,1
7212,POCSO,8,1,2
7213,POCSO,4,1,1
7213,POCSO,6,1,2
7213,POCSO,8,1,3
7214,MV,177,1,1
7215,NDPS,21,1,1
7215,NDPS,20,1,2
7216,POCSO,6,1,1
7216,POCSO,4,1,2
7216,POCSO,8,1,3
7217,IPC,379,1,1
7217,IPC,411,1,2
7218,IT,67,1,1
7218,IT,66D,1,2
7218,IT,66C,1,3
7219,NDPS,20,1,1
7219,NDPS,22,1,2
7219,NDPS,21,1,3
7220,NDPS,22,1,1
7220,NDPS,20,1,2
7221,NDPS,20,1,1
7221,NDPS,8,1,2
7222,MV,184,1,1
7223,DP,4,1,1
7224,DP,3,1,1
7224,DP,4,1,2
7225,NDPS,22,1,1
7226,MV,196,1,1
7227,DP,4,1,1
7227,DP,3,1,2
7228,IT,67,1,1
7228,IT,66D,1,2
7228,IT,66C,1,3
7229,IT,66D,1,1
7230,NDPS,22,1,1
7230,NDPS,8,1,2
7230,NDPS,20,1,3
7231,MV,184,1,1
7232,NDPS,22,1,1
7232,NDPS,20,1,2
7232,NDPS,8,1,3
7233,MV,184,1,1
7234,POCSO,4,1,1
7235,IT,66C,1,1
7235,IT,67,1,2
7236,IT,67,1,1
7237,IPC,354,1,1
7238,POCSO,6,1,1
7239,DP,3,1,1
7239,DP,4,1,2
7240,IPC,376,1,1
7240,IPC,379,1,2
7240,IPC,323,1,3
7241,NDPS,20,1,1
7241,NDPS,21,1,2
7242,NDPS,21,1,1
7243,DP,4,1,1
7243,DP,3,1,2
7244,NDPS,22,1,1
7245,MV,196,1,1
7245,MV,177,1,2
7246,NDPS,8,1,1
7247,NDPS,22,1,1
7247,NDPS,21,1,2
7248,IT,66D,1,1
7248,IT,67,1,2
7249,IPC,420,1,1
7249,IPC,411,1,2
7250,DP,3,1,1
7251,IT,66C,1,1
7252,NDPS,20,1,1
7252,NDPS,8,1,2
7253,IPC,307,1,1
7253,IPC,323,1,2
7253,IPC,379,1,3
7254,DP,4,1,1
7255,IT,67,1,1
7256,IPC,323,1,1
7256,IPC,307,1,2
7256,IPC,411,1,3
7257,MV,196,1,1
7257,MV,177,1,2
7257,MV,184,1,3
7258,DP,3,1,1
7258,DP,4,1,2
7259,DP,3,1,1
7259,DP,4,1,2
7260,IPC,354,1,1
7260,IPC,34,1,2
7260,IPC,120B,1,3
7261,POCSO,8,1,1
7262,MV,177,1,1
7262,MV,196,1,2
7263,IPC,411,1,1
7264,DP,4,1,1
7264,DP,3,1,2
7265,MV,196,1,1
7265,MV,184,1,2
7266,MV,196,1,1
7266,MV,184,1,2
7266,MV,177,1,3
7267,IPC,376,1,1
7267,IPC,120B,1,2
7267,IPC,392,1,3
7268,DP,3,1,1
7269,NDPS,8,1,1
7270,IPC,379,1,1
7271,NDPS,21,1,1
7271,NDPS,8,1,2
7271,NDPS,22,1,3
7272,IT,66C,1,1
7273,NDPS,8,1,1
7273,NDPS,22,1,2
7274,DP,4,1,1
7275,NDPS,20,1,1
7276,POCSO,4,1,1
7276,POCSO,6,1,2
7277,MV,177,1,1
7277,MV,184,1,2
7278,IT,66C,1,1
7278,IT,67,1,2
7278,IT,66D,1,3
7279,IT,66D,1,1
7280,NDPS,8,1,1
7280,NDPS,20,1,2
7281,IPC,323,1,1
7281,IPC,376,1,2
7281,IPC,420,1,3
7282,DP,4,1,1
7282,DP,3,1,2
7283,NDPS,8,1,1
7283,NDPS,20,1,2
7284,IT,66D,1,1
7285,DP,3,1,1
7285,DP,4,1,2
7286,DP,3,1,1
7287,MV,177,1,1
7287,MV,196,1,2
7287,MV,184,1,3
7288,NDPS,20,1,1
7288,NDPS,21,1,2
7289,NDPS,8,1,1
7289,NDPS,20,1,2
7290,POCSO,8,1,1
7290,POCSO,4,1,2
7290,POCSO,6,1,3
7291,DP,3,1,1
7292,IPC,323,1,1
7292,IPC,420,1,2
7293,DP,4,1,1
7294,NDPS,22,1,1
7295,IT,66D,1,1
7296,IT,67,1,1
7296,IT,66D,1,2
7296,IT,66C,1,3
7297,MV,196,1,1
7297,MV,177,1,2
7298,DP,3,1,1
7298,DP,4,1,2
7299,MV,196,1,1
7300,IPC,376,1,1
7300,IPC,323,1,2
7300,IPC,307,1,3
7301,MV,184,1,1
7301,MV,177,1,2
7302,DP,3,1,1
7303,DP,3,1,1
7303,DP,4,1,2
7304,POCSO,6,1,1
7305,IPC,302,1,1
7305,IPC,354,1,2
7305,IPC,392,1,3
7306,IT,66C,1,1
7306,IT,66D,1,2
7307,IPC,379,1,1
7307,IPC,323,1,2
7307,IPC,302,1,3
7308,IT,66C,1,1
7308,IT,66D,1,2
7308,IT,67,1,3
7309,MV,196,1,1
7310,DP,4,1,1
7310,DP,3,1,2
7311,IT,67,1,1
7311,IT,66C,1,2
7311,IT,66D,1,3
7312,DP,4,1,1
7313,DP,4,1,1
7314,IPC,411,1,1
7314,IPC,376,1,2
7314,IPC,302,1,3
7315,NDPS,21,1,1
7315,NDPS,8,1,2
7316,IT,66C,1,1
7317,NDPS,8,1,1
7318,NDPS,22,1,1
7318,NDPS,21,1,2
7318,NDPS,20,1,3
7319,POCSO,4,1,1
7320,POCSO,8,1,1
7320,POCSO,6,1,2
7321,IPC,323,1,1
7322,IT,66C,1,1
7323,NDPS,20,1,1
7323,NDPS,22,1,2
7324,IPC,307,1,1
7324,IPC,302,1,2
7325,MV,196,1,1
7326,IT,66D,1,1
7326,IT,66C,1,2
7327,IPC,379,1,1
7327,IPC,376,1,2
7327,IPC,302,1,3
7328,DP,3,1,1
7329,IPC,379,1,1
7329,IPC,392,1,2
7330,DP,3,1,1
7331,DP,4,1,1
7331,DP,3,1,2
7332,IPC,302,1,1
7333,IPC,392,1,1
7333,IPC,120B,1,2
7333,IPC,420,1,3
7334,DP,3,1,1
7335,IPC,420,1,1
7336,DP,4,1,1
7336,DP,3,1,2
7337,NDPS,8,1,1
7337,NDPS,22,1,2
7338,POCSO,4,1,1
7338,POCSO,8,1,2
7339,POCSO,4,1,1
7339,POCSO,8,1,2
7339,POCSO,6,1,3
7340,POCSO,4,1,1
7340,POCSO,8,1,2
7341,DP,3,1,1
7342,IT,67,1,1
7342,IT,66C,1,2
7343,POCSO,6,1,1
7344,IT,67,1,1
7344,IT,66D,1,2
7345,POCSO,6,1,1
7345,POCSO,4,1,2
7346,NDPS,20,1,1
7346,NDPS,21,1,2
7346,NDPS,8,1,3
7347,MV,196,1,1
7347,MV,177,1,2
7347,MV,184,1,3
7348,POCSO,8,1,1
7349,MV,196,1,1
7349,MV,177,1,2
7349,MV,184,1,3
7350,POCSO,6,1,1
7351,MV,184,1,1
7352,DP,3,1,1
7352,DP,4,1,2
7353,DP,3,1,1
7353,DP,4,1,2
7354,NDPS,22,1,1
7355,MV,196,1,1
7355,MV,184,1,2
7355,MV,177,1,3
7356,NDPS,8,1,1
7356,NDPS,21,1,2
7356,NDPS,20,1,3
7357,NDPS,22,1,1
7357,NDPS,20,1,2
7358,MV,184,1,1
7358,MV,177,1,2
7359,NDPS,20,1,1
7360,POCSO,6,1,1
7360,POCSO,8,1,2
7361,POCSO,4,1,1
7361,POCSO,6,1,2
7361,POCSO,8,1,3
7362,IT,67,1,1
7362,IT,66C,1,2
7363,MV,196,1,1
7364,IPC,354,1,1
7365,NDPS,20,1,1
7365,NDPS,22,1,2
7365,NDPS,8,1,3
7366,NDPS,22,1,1
7367,POCSO,8,1,1
7367,POCSO,6,1,2
7368,IPC,307,1,1
7368,IPC,411,1,2
7369,MV,184,1,1
7369,MV,177,1,2
7370,IPC,420,1,1
7371,NDPS,22,1,1
7371,NDPS,20,1,2
7372,DP,3,1,1
7372,DP,4,1,2
7373,DP,3,1,1
7374,NDPS,20,1,1
7374,NDPS,21,1,2
7374,NDPS,22,1,3
7375,DP,3,1,1
7375,DP,4,1,2
7376,MV,196,1,1
7376,MV,177,1,2
7377,DP,3,1,1
7377,DP,4,1,2
7378,MV,184,1,1
7378,MV,196,1,2
7379,MV,177,1,1
7379,MV,184,1,2
7379,MV,196,1,3
7380,POCSO,8,1,1
7380,POCSO,4,1,2
7381,NDPS,21,1,1
7382,NDPS,22,1,1
7383,IPC,392,1,1
7383,IPC,376,1,2
7383,IPC,302,1,3
7384,NDPS,22,1,1
7384,NDPS,21,1,2
7384,NDPS,20,1,3
7385,MV,196,1,1
7385,MV,177,1,2
7385,MV,184,1,3
7386,POCSO,8,1,1
7386,POCSO,4,1,2
7387,NDPS,22,1,1
7387,NDPS,20,1,2
7388,DP,4,1,1
7388,DP,3,1,2
7389,NDPS,8,1,1
7389,NDPS,22,1,2
7390,MV,184,1,1
7391,IPC,376,1,1
7392,DP,4,1,1
7393,MV,177,1,1
7393,MV,184,1,2
7394,IPC,392,1,1
7394,IPC,34,1,2
7394,IPC,120B,1,3
7395,POCSO,6,1,1
7395,POCSO,4,1,2
7395,POCSO,8,1,3
7396,MV,177,1,1
7396,MV,184,1,2
7396,MV,196,1,3
7397,DP,4,1,1
7398,NDPS,21,1,1
7398,NDPS,22,1,2
7399,MV,177,1,1
7400,DP,3,1,1
7401,NDPS,22,1,1
7402,NDPS,22,1,1
7403,IT,67,1,1
7403,IT,66C,1,2
7403,IT,66D,1,3
7404,POCSO,4,1,1
7404,POCSO,6,1,2
7404,POCSO,8,1,3
7405,IT,67,1,1
7405,IT,66C,1,2
7405,IT,66D,1,3
7406,NDPS,8,1,1
7407,IT,67,1,1
7407,IT,66C,1,2
7408,MV,196,1,1
7408,MV,177,1,2
7409,IPC,34,1,1
7409,IPC,120B,1,2
7410,NDPS,8,1,1
7410,NDPS,20,1,2
7411,NDPS,22,1,1
7412,POCSO,4,1,1
7412,POCSO,8,1,2
7413,NDPS,8,1,1
7413,NDPS,20,1,2
7413,NDPS,22,1,3
7414,DP,4,1,1
7414,DP,3,1,2
7415,IPC,34,1,1
7415,IPC,354,1,2
7415,IPC,379,1,3
7416,NDPS,8,1,1
7417,DP,4,1,1
7417,DP,3,1,2
7418,NDPS,20,1,1
7418,NDPS,8,1,2
7419,DP,4,1,1
7420,POCSO,8,1,1
7420,POCSO,6,1,2
7420,POCSO,4,1,3
7421,DP,3,1,1
7422,MV,184,1,1
7423,NDPS,22,1,1
7424,IT,66C,1,1
7424,IT,67,1,2
7425,MV,177,1,1
7425,MV,184,1,2
7425,MV,196,1,3
7426,NDPS,22,1,1
7427,POCSO,8,1,1
7427,POCSO,6,1,2
7427,POCSO,4,1,3
7428,POCSO,8,1,1
7428,POCSO,6,1,2
7428,POCSO,4,1,3
7429,IT,66D,1,1
7430,IPC,120B,1,1
7430,IPC,307,1,2
7431,MV,177,1,1
7431,MV,196,1,2
7431,MV,184,1,3
7432,DP,3,1,1
7432,DP,4,1,2
7433,IPC,379,1,1
7433,IPC,392,1,2
7434,MV,184,1,1
7434,MV,196,1,2
7434,MV,177,1,3
7435,MV,184,1,1
7435,MV,196,1,2
7436,IPC,411,1,1
7437,NDPS,21,1,1
7437,NDPS,20,1,2
7438,MV,196,1,1
7438,MV,184,1,2
7438,MV,177,1,3
7439,IT,66D,1,1
7440,MV,184,1,1
7440,MV,196,1,2
7441,IPC,307,1,1
7441,IPC,379,1,2
7442,MV,196,1,1
7442,MV,177,1,2
7442,MV,184,1,3
7443,MV,196,1,1
7443,MV,177,1,2
7443,MV,184,1,3
7444,DP,3,1,1
7444,DP,4,1,2
7445,NDPS,21,1,1
7445,NDPS,20,1,2
7446,IPC,307,1,1
7446,IPC,354,1,2
7446,IPC,411,1,3
7447,MV,196,1,1
7447,MV,177,1,2
7448,NDPS,22,1,1
7448,NDPS,21,1,2
7448,NDPS,20,1,3
7449,IPC,392,1,1
7450,POCSO,8,1,1
7451,MV,196,1,1
7452,DP,4,1,1
7453,IT,66C,1,1
7453,IT,67,1,2
7453,IT,66D,1,3
7454,POCSO,6,1,1
7455,IT,67,1,1
7456,MV,184,1,1
7456,MV,177,1,2
7456,MV,196,1,3
7457,MV,184,1,1
7458,NDPS,20,1,1
7459,POCSO,4,1,1
7459,POCSO,6,1,2
7459,POCSO,8,1,3
7460,MV,184,1,1
7460,MV,196,1,2
7461,DP,4,1,1
7461,DP,3,1,2
7462,NDPS,21,1,1
7462,NDPS,8,1,2
7463,DP,4,1,1
7464,POCSO,8,1,1
7465,POCSO,8,1,1
7465,POCSO,4,1,2
7465,POCSO,6,1,3
7466,DP,4,1,1
7467,DP,4,1,1
7468,MV,177,1,1
7469,DP,4,1,1
7470,IPC,392,1,1
7470,IPC,34,1,2
7471,POCSO,6,1,1
7472,MV,184,1,1
7472,MV,196,1,2
7472,MV,177,1,3
7473,DP,4,1,1
7474,POCSO,4,1,1
7475,DP,4,1,1
7475,DP,3,1,2
7476,IPC,307,1,1
7477,MV,196,1,1
7478,POCSO,6,1,1
7479,MV,196,1,1
7480,MV,177,1,1
7480,MV,196,1,2
7481,IPC,379,1,1
7481,IPC,120B,1,2
7482,NDPS,20,1,1
7483,IPC,307,1,1
7483,IPC,354,1,2
7483,IPC,120B,1,3
7484,POCSO,8,1,1
7484,POCSO,6,1,2
7485,POCSO,6,1,1
7486,POCSO,4,1,1
7487,POCSO,4,1,1
7487,POCSO,8,1,2
7488,DP,4,1,1
7489,IT,66D,1,1
7490,POCSO,6,1,1
7490,POCSO,4,1,2
7490,POCSO,8,1,3
7491,MV,184,1,1
7492,IPC,379,1,1
7492,IPC,34,1,2
7493,NDPS,20,1,1
7493,NDPS,8,1,2
7494,IPC,392,1,1
7494,IPC,307,1,2
7495,POCSO,6,1,1
7496,DP,4,1,1
7497,IPC,323,1,1
7497,IPC,354,1,2
7498,MV,177,1,1
7498,MV,196,1,2
7499,NDPS,8,1,1
7499,NDPS,21,1,2
7500,IPC,323,1,1
7501,IT,67,1,1
7501,IT,66D,1,2
7502,IPC,34,1,1
7502,IPC,420,1,2
7502,IPC,307,1,3
7503,IPC,302,1,1
7503,IPC,411,1,2
7503,IPC,323,1,3
7504,DP,4,1,1
7504,DP,3,1,2
7505,NDPS,8,1,1
7505,NDPS,21,1,2
7506,MV,184,1,1
7506,MV,196,1,2
7506,MV,177,1,3
7507,POCSO,8,1,1
7507,POCSO,6,1,2
7508,POCSO,4,1,1
7508,POCSO,8,1,2
7508,POCSO,6,1,3
7509,DP,3,1,1
7510,POCSO,4,1,1
7510,POCSO,6,1,2
7510,POCSO,8,1,3
7511,POCSO,6,1,1
7511,POCSO,4,1,2
7512,IT,66D,1,1
7512,IT,67,1,2
7512,IT,66C,1,3
7513,DP,4,1,1
7513,DP,3,1,2
7514,IT,66C,1,1
7514,IT,67,1,2
7515,POCSO,6,1,1
7515,POCSO,8,1,2
7516,MV,177,1,1
7516,MV,196,1,2
7516,MV,184,1,3
7517,DP,3,1,1
7518,IT,67,1,1
7518,IT,66D,1,2
7519,IPC,302,1,1
7519,IPC,120B,1,2
7519,IPC,34,1,3
7520,DP,3,1,1
7520,DP,4,1,2
7521,NDPS,8,1,1
7521,NDPS,21,1,2
7521,NDPS,22,1,3
7522,POCSO,4,1,1
7523,IPC,376,1,1
7523,IPC,411,1,2
7524,IPC,120B,1,1
7524,IPC,379,1,2
7525,IPC,376,1,1
7525,IPC,307,1,2
7526,MV,184,1,1
7526,MV,177,1,2
7526,MV,196,1,3
7527,DP,4,1,1
7527,DP,3,1,2
7528,IT,66D,1,1
7529,IT,67,1,1
7529,IT,66C,1,2
7530,NDPS,8,1,1
7530,NDPS,20,1,2
7530,NDPS,22,1,3
7531,DP,4,1,1
7531,DP,3,1,2
7532,IT,67,1,1
7532,IT,66C,1,2
7533,MV,196,1,1
7534,IPC,120B,1,1
7534,IPC,392,1,2
7534,IPC,302,1,3
7535,DP,4,1,1
7536,IPC,302,1,1
7536,IPC,120B,1,2
7536,IPC,392,1,3
7537,MV,184,1,1
7538,DP,4,1,1
7539,DP,4,1,1
7540,POCSO,8,1,1
7540,POCSO,6,1,2
7541,NDPS,22,1,1
7542,IPC,302,1,1
7543,IT,67,1,1
7543,IT,66C,1,2
7543,IT,66D,1,3
7544,MV,184,1,1
7545,IT,66D,1,1
7546,IT,67,1,1
7547,DP,4,1,1
7547,DP,3,1,2
7548,POCSO,4,1,1
7549,MV,177,1,1
7550,DP,3,1,1
7551,IPC,307,1,1
7552,IPC,392,1,1
7552,IPC,420,1,2
7552,IPC,307,1,3
7553,IT,67,1,1
7553,IT,66C,1,2
7554,IPC,302,1,1
7555,IPC,307,1,1
7556,IT,67,1,1
7556,IT,66D,1,2
7557,IPC,323,1,1
7557,IPC,34,1,2
7558,MV,196,1,1
7559,MV,184,1,1
7559,MV,177,1,2
7560,NDPS,20,1,1
7560,NDPS,21,1,2
7561,IPC,411,1,1
7561,IPC,307,1,2
7561,IPC,376,1,3
7562,DP,3,1,1
7563,DP,3,1,1
7563,DP,4,1,2
7564,MV,196,1,1
7564,MV,184,1,2
7565,IT,66C,1,1
7565,IT,66D,1,2
7565,IT,67,1,3
7566,POCSO,8,1,1
7566,POCSO,4,1,2
7566,POCSO,6,1,3
7567,POCSO,6,1,1
7568,POCSO,4,1,1
7569,POCSO,4,1,1
7569,POCSO,6,1,2
7570,IPC,302,1,1
7570,IPC,392,1,2
7571,DP,4,1,1
7572,DP,3,1,1
7572,DP,4,1,2
7573,DP,3,1,1
7574,DP,3,1,1
7575,POCSO,6,1,1
7575,POCSO,8,1,2
7576,IPC,307,1,1
7577,NDPS,20,1,1
7577,NDPS,21,1,2
7577,NDPS,22,1,3
7578,NDPS,22,1,1
7578,NDPS,21,1,2
7578,NDPS,20,1,3
7579,NDPS,8,1,1
7579,NDPS,20,1,2
7580,IT,67,1,1
7581,IPC,354,1,1
7581,IPC,420,1,2
7581,IPC,323,1,3
7582,IT,66D,1,1
7582,IT,66C,1,2
7583,IT,66D,1,1
7583,IT,67,1,2
7583,IT,66C,1,3
7584,IPC,376,1,1
7584,IPC,34,1,2
7585,NDPS,22,1,1
7585,NDPS,21,1,2
7586,NDPS,20,1,1
7586,NDPS,21,1,2
7586,NDPS,8,1,3
7587,NDPS,20,1,1
7587,NDPS,21,1,2
7588,IT,67,1,1
7589,IT,66C,1,1
7589,IT,66D,1,2
7589,IT,67,1,3
7590,POCSO,4,1,1
7591,DP,4,1,1
7591,DP,3,1,2
7592,MV,196,1,1
7592,MV,184,1,2
7592,MV,177,1,3
7593,DP,4,1,1
7594,IT,66C,1,1
7594,IT,66D,1,2
7595,IT,66C,1,1
7595,IT,67,1,2
7595,IT,66D,1,3
7596,IPC,420,1,1
7597,MV,177,1,1
7597,MV,184,1,2
7598,DP,4,1,1
7599,MV,184,1,1
7599,MV,177,1,2
7600,MV,196,1,1
7600,MV,184,1,2
7600,MV,177,1,3
7601,DP,3,1,1
7602,POCSO,8,1,1
7602,POCSO,6,1,2
7602,POCSO,4,1,3
7603,IPC,379,1,1
7603,IPC,34,1,2
7604,IT,66D,1,1
7604,IT,66C,1,2
7604,IT,67,1,3
7605,DP,4,1,1
7606,DP,3,1,1
7607,NDPS,8,1,1
7607,NDPS,21,1,2
7608,IT,66D,1,1
7609,IT,67,1,1
7609,IT,66C,1,2
7610,IPC,392,1,1
7610,IPC,354,1,2
7611,IPC,420,1,1
7612,NDPS,21,1,1
7612,NDPS,8,1,2
7612,NDPS,20,1,3
7613,POCSO,8,1,1
7613,POCSO,4,1,2
7613,POCSO,6,1,3
7614,NDPS,22,1,1
7614,NDPS,21,1,2
7614,NDPS,8,1,3
7615,NDPS,8,1,1
7615,NDPS,20,1,2
7615,NDPS,21,1,3
7616,IT,66C,1,1
7616,IT,67,1,2
7617,DP,4,1,1
7618,MV,184,1,1
7618,MV,177,1,2
7618,MV,196,1,3
7619,IPC,420,1,1
7619,IPC,411,1,2
7619,IPC,379,1,3
7620,IPC,420,1,1
7621,POCSO,8,1,1
7622,IT,66C,1,1
7622,IT,67,1,2
7622,IT,66D,1,3
7623,IT,66C,1,1
7623,IT,66D,1,2
7623,IT,67,1,3
7624,DP,4,1,1
7625,POCSO,8,1,1
7625,POCSO,6,1,2
7626,IPC,120B,1,1
7626,IPC,376,1,2
7626,IPC,354,1,3
7627,NDPS,22,1,1
7627,NDPS,20,1,2
7627,NDPS,21,1,3
7628,DP,3,1,1
7628,DP,4,1,2
7629,MV,177,1,1
7629,MV,196,1,2
7630,POCSO,4,1,1
7630,POCSO,6,1,2
7631,NDPS,21,1,1
7632,POCSO,6,1,1
7632,POCSO,8,1,2
7633,MV,196,1,1
7633,MV,177,1,2
7634,POCSO,6,1,1
7634,POCSO,4,1,2
7635,NDPS,8,1,1
7635,NDPS,22,1,2
7635,NDPS,20,1,3
7636,IPC,354,1,1
7637,DP,3,1,1
7637,DP,4,1,2
7638,IT,66D,1,1
7639,DP,4,1,1
7640,IPC,379,1,1
7640,IPC,307,1,2
7640,IPC,323,1,3
7641,DP,4,1,1
7642,IPC,34,1,1
7642,IPC,354,1,2
7642,IPC,307,1,3
7643,POCSO,4,1,1
7643,POCSO,6,1,2
7644,IT,67,1,1
7644,IT,66C,1,2
7644,IT,66D,1,3
7645,MV,184,1,1
7646,NDPS,8,1,1
7647,IT,66C,1,1
7647,IT,66D,1,2
7648,IPC,354,1,1
7648,IPC,323,1,2
7648,IPC,420,1,3
7649,IPC,411,1,1
7649,IPC,379,1,2
7650,IPC,307,1,1
7650,IPC,354,1,2
7651,DP,3,1,1
7652,IT,66D,1,1
7652,IT,66C,1,2
7652,IT,67,1,3
7653,IPC,34,1,1
7654,IPC,307,1,1
7654,IPC,392,1,2
7655,DP,4,1,1
7656,NDPS,20,1,1
7656,NDPS,21,1,2
7656,NDPS,22,1,3
7657,IT,66D,1,1
7658,NDPS,22,1,1
7659,IT,66D,1,1
7659,IT,66C,1,2
7659,IT,67,1,3
7660,IT,66C,1,1
7660,IT,66D,1,2
7660,IT,67,1,3
7661,DP,3,1,1
7661,DP,4,1,2
7662,NDPS,20,1,1
7662,NDPS,8,1,2
7662,NDPS,22,1,3
7663,IT,66D,1,1
7663,IT,67,1,2
7663,IT,66C,1,3
7664,IT,67,1,1
7665,IT,66D,1,1
7665,IT,67,1,2
7666,IPC,392,1,1
7666,IPC,307,1,2
7667,IPC,392,1,1
7668,DP,3,1,1
7668,DP,4,1,2
7669,IT,66C,1,1
7670,POCSO,8,1,1
7670,POCSO,6,1,2
7671,MV,196,1,1
7671,MV,184,1,2
7671,MV,177,1,3
7672,POCSO,4,1,1
7673,NDPS,20,1,1
7673,NDPS,8,1,2
7674,IPC,34,1,1
7674,IPC,307,1,2
7675,IPC,420,1,1
7676,NDPS,22,1,1
7677,POCSO,6,1,1
7678,IT,66C,1,1
7678,IT,66D,1,2
7679,NDPS,20,1,1
7679,NDPS,21,1,2
7680,POCSO,4,1,1
7681,MV,196,1,1
7682,MV,177,1,1
7682,MV,184,1,2
7682,MV,196,1,3
7683,DP,3,1,1
7683,DP,4,1,2
7684,POCSO,8,1,1
7684,POCSO,6,1,2
7684,POCSO,4,1,3
7685,IT,67,1,1
7685,IT,66C,1,2
7685,IT,66D,1,3
7686,IPC,354,1,1
7686,IPC,302,1,2
7686,IPC,34,1,3
7687,IT,66D,1,1
7687,IT,66C,1,2
7688,IT,66D,1,1
7689,DP,4,1,1
7689,DP,3,1,2
7690,POCSO,8,1,1
7690,POCSO,4,1,2
7690,POCSO,6,1,3
7691,IPC,307,1,1
7691,IPC,376,1,2
7692,IT,67,1,1
7693,MV,177,1,1
7693,MV,184,1,2
7694,MV,196,1,1
7695,MV,184,1,1
7696,DP,4,1,1
7696,DP,3,1,2
7697,DP,4,1,1
7698,IT,67,1,1
7699,MV,177,1,1
7699,MV,196,1,2
7699,MV,184,1,3
7700,POCSO,4,1,1
7701,MV,196,1,1
7701,MV,184,1,2
7701,MV,177,1,3
7702,IT,66D,1,1
7702,IT,66C,1,2
7703,MV,184,1,1
7703,MV,196,1,2
7703,MV,177,1,3
7704,NDPS,21,1,1
7704,NDPS,8,1,2
7705,POCSO,8,1,1
7706,NDPS,22,1,1
7707,POCSO,8,1,1
7708,MV,184,1,1
7708,MV,177,1,2
7708,MV,196,1,3
7709,IT,66D,1,1
7710,POCSO,6,1,1
7710,POCSO,4,1,2
7711,MV,196,1,1
7711,MV,184,1,2
7711,MV,177,1,3
7712,NDPS,22,1,1
7712,NDPS,8,1,2
7713,POCSO,4,1,1
7713,POCSO,6,1,2
7713,POCSO,8,1,3
7714,NDPS,8,1,1
7714,NDPS,21,1,2
7714,NDPS,22,1,3
7715,POCSO,4,1,1
7715,POCSO,6,1,2
7715,POCSO,8,1,3
7716,POCSO,6,1,1
7716,POCSO,4,1,2
7717,IPC,120B,1,1
7718,POCSO,8,1,1
7719,MV,184,1,1
7719,MV,177,1,2
7720,DP,3,1,1
7720,DP,4,1,2
7721,IT,66D,1,1
7721,IT,66C,1,2
7722,MV,184,1,1
7723,IPC,307,1,1
7723,IPC,379,1,2
7724,POCSO,6,1,1
7724,POCSO,8,1,2
7724,POCSO,4,1,3
7725,MV,184,1,1
7725,MV,177,1,2
7725,MV,196,1,3
7726,DP,4,1,1
7727,DP,3,1,1
7727,DP,4,1,2
7728,NDPS,20,1,1
7728,NDPS,21,1,2
7729,MV,184,1,1
7729,MV,177,1,2
7730,POCSO,8,1,1
7731,DP,4,1,1
7731,DP,3,1,2
7732,IPC,302,1,1
7732,IPC,323,1,2
7733,DP,4,1,1
7733,DP,3,1,2
7734,IPC,420,1,1
7735,MV,177,1,1
7735,MV,196,1,2
7736,IPC,411,1,1
7737,NDPS,21,1,1
7737,NDPS,20,1,2
7738,MV,177,1,1
7739,IT,67,1,1
7739,IT,66C,1,2
7739,IT,66D,1,3
7740,DP,3,1,1
7741,DP,4,1,1
7741,DP,3,1,2
7742,DP,3,1,1
7742,DP,4,1,2
7743,POCSO,8,1,1
7744,IPC,307,1,1
7744,IPC,379,1,2
7745,IT,67,1,1
7745,IT,66D,1,2
7745,IT,66C,1,3
7746,NDPS,22,1,1
7746,NDPS,21,1,2
7746,NDPS,8,1,3
7747,IPC,34,1,1
7748,IPC,420,1,1
7749,NDPS,21,1,1
7750,IPC,302,1,1
7750,IPC,120B,1,2
7751,DP,4,1,1
7752,IT,66C,1,1
7753,IPC,34,1,1
7754,IT,66D,1,1
7755,POCSO,8,1,1
7755,POCSO,4,1,2
7755,POCSO,6,1,3
7756,MV,184,1,1
7756,MV,177,1,2
7757,IPC,392,1,1
7758,NDPS,21,1,1
7758,NDPS,8,1,2
7758,NDPS,22,1,3
7759,IPC,379,1,1
7760,MV,177,1,1
7760,MV,184,1,2
7761,MV,196,1,1
7761,MV,177,1,2
7762,IT,66D,1,1
7763,IPC,302,1,1
7764,NDPS,20,1,1
7764,NDPS,8,1,2
7765,POCSO,6,1,1
7765,POCSO,8,1,2
7766,MV,177,1,1
7766,MV,196,1,2
7766,MV,184,1,3
7767,DP,3,1,1
7767,DP,4,1,2
7768,DP,4,1,1
7769,NDPS,22,1,1
7770,POCSO,4,1,1
7770,POCSO,6,1,2
7770,POCSO,8,1,3
7771,MV,196,1,1
7771,MV,177,1,2
7771,MV,184,1,3
7772,IT,66D,1,1
7772,IT,67,1,2
7772,IT,66C,1,3
7773,IPC,411,1,1
7773,IPC,307,1,2
7773,IPC,34,1,3
7774,MV,196,1,1
7774,MV,177,1,2
7775,NDPS,20,1,1
7775,NDPS,22,1,2
7776,POCSO,4,1,1
7776,POCSO,6,1,2
7776,POCSO,8,1,3
7777,IPC,354,1,1
7777,IPC,392,1,2
7777,IPC,307,1,3
7778,POCSO,8,1,1
7778,POCSO,6,1,2
7778,POCSO,4,1,3
7779,IT,67,1,1
7780,POCSO,6,1,1
7780,POCSO,8,1,2
7781,MV,177,1,1
7782,POCSO,6,1,1
7783,IT,66D,1,1
7783,IT,66C,1,2
7783,IT,67,1,3
7784,MV,177,1,1
7784,MV,196,1,2
7784,MV,184,1,3
7785,IPC,392,1,1
7786,DP,3,1,1
7786,DP,4,1,2
7787,MV,196,1,1
7788,MV,184,1,1
7788,MV,196,1,2
7788,MV,177,1,3
7789,NDPS,22,1,1
7790,NDPS,21,1,1
7790,NDPS,22,1,2
7791,IT,66D,1,1
7792,POCSO,8,1,1
7793,MV,196,1,1
7793,MV,184,1,2
7794,NDPS,21,1,1
7795,POCSO,8,1,1
7795,POCSO,6,1,2
7795,POCSO,4,1,3
7796,NDPS,21,1,1
7796,NDPS,22,1,2
7796,NDPS,8,1,3
7797,POCSO,4,1,1
7797,POCSO,8,1,2
7798,IPC,34,1,1
7798,IPC,302,1,2
7799,NDPS,8,1,1
7800,NDPS,21,1,1
7801,NDPS,8,1,1
7801,NDPS,22,1,2
7802,POCSO,6,1,1
7802,POCSO,4,1,2
7803,DP,4,1,1
7804,DP,3,1,1
7805,DP,3,1,1
7806,POCSO,4,1,1
7806,POCSO,6,1,2
7806,POCSO,8,1,3
7807,IT,67,1,1
7807,IT,66D,1,2
7808,MV,196,1,1
7808,MV,184,1,2
7808,MV,177,1,3
7809,IPC,376,1,1
7809,IPC,379,1,2
7810,IT,66C,1,1
7811,DP,4,1,1
7811,DP,3,1,2
7812,MV,177,1,1
7812,MV,184,1,2
7813,MV,196,1,1
7814,IPC,392,1,1
7814,IPC,34,1,2
7815,IT,67,1,1
7815,IT,66C,1,2
7816,MV,177,1,1
7816,MV,196,1,2
7816,MV,184,1,3
7817,DP,3,1,1
7817,DP,4,1,2
7818,IPC,354,1,1
7818,IPC,376,1,2
7818,IPC,411,1,3
7819,NDPS,8,1,1
7819,NDPS,21,1,2
7819,NDPS,22,1,3
7820,POCSO,4,1,1
7821,NDPS,22,1,1
7822,MV,196,1,1
7822,MV,184,1,2
7822,MV,177,1,3
7823,DP,3,1,1
7823,DP,4,1,2
7824,IT,67,1,1
7825,DP,3,1,1
7826,NDPS,22,1,1
7826,NDPS,20,1,2
7826,NDPS,21,1,3
7827,NDPS,21,1,1
7827,NDPS,22,1,2
7828,IT,66C,1,1
7829,IT,66D,1,1
7830,IPC,379,1,1
7830,IPC,411,1,2
7830,IPC,302,1,3
7831,MV,177,1,1
7832,NDPS,22,1,1
7832,NDPS,8,1,2
7832,NDPS,21,1,3
7833,IT,67,1,1
7833,IT,66D,1,2
7834,IT,67,1,1
7834,IT,66D,1,2
7835,IPC,307,1,1
7836,DP,3,1,1
7836,DP,4,1,2
7837,POCSO,4,1,1
7837,POCSO,6,1,2
7838,MV,184,1,1
7839,POCSO,4,1,1
7840,MV,196,1,1
7840,MV,184,1,2
7841,IT,66D,1,1
7841,IT,67,1,2
7842,IPC,392,1,1
7842,IPC,323,1,2
7842,IPC,379,1,3
7843,POCSO,8,1,1
7843,POCSO,4,1,2
7843,POCSO,6,1,3
7844,IT,67,1,1
7845,POCSO,6,1,1
7845,POCSO,4,1,2
7845,POCSO,8,1,3
7846,NDPS,20,1,1
7846,NDPS,21,1,2
7847,IT,66C,1,1
7847,IT,66D,1,2
7847,IT,67,1,3
7848,IPC,354,1,1
7848,IPC,420,1,2
7849,MV,177,1,1
7849,MV,196,1,2
7849,MV,184,1,3
7850,DP,3,1,1
7850,DP,4,1,2
7851,IPC,379,1,1
7852,IT,66C,1,1
7853,POCSO,6,1,1
7853,POCSO,8,1,2
7853,POCSO,4,1,3
7854,IT,66C,1,1
7855,IPC,120B,1,1
7856,MV,184,1,1
7857,MV,184,1,1
7858,NDPS,8,1,1
7858,NDPS,22,1,2
7858,NDPS,21,1,3
7859,DP,4,1,1
7860,POCSO,6,1,1
7860,POCSO,4,1,2
7861,POCSO,8,1,1
7861,POCSO,4,1,2
7862,POCSO,8,1,1
7863,IPC,323,1,1
7863,IPC,420,1,2
7863,IPC,376,1,3
7864,MV,177,1,1
7864,MV,196,1,2
7864,MV,184,1,3
7865,NDPS,22,1,1
7865,NDPS,8,1,2
7866,MV,196,1,1
7866,MV,184,1,2
7866,MV,177,1,3
7867,NDPS,21,1,1
7867,NDPS,22,1,2
7868,IT,66D,1,1
7868,IT,66C,1,2
7868,IT,67,1,3
7869,DP,4,1,1
7869,DP,3,1,2
7870,POCSO,6,1,1
7870,POCSO,4,1,2
7870,POCSO,8,1,3
7871,MV,177,1,1
7871,MV,196,1,2
7871,MV,184,1,3
7872,DP,3,1,1
7872,DP,4,1,2
7873,IT,67,1,1
7873,IT,66C,1,2
7874,IPC,379,1,1
7874,IPC,323,1,2
7874,IPC,354,1,3
7875,DP,4,1,1
7875,DP,3,1,2
7876,POCSO,8,1,1
7876,POCSO,4,1,2
7876,POCSO,6,1,3
7877,DP,3,1,1
7878,IT,66C,1,1
7879,MV,196,1,1
7880,DP,4,1,1
7881,NDPS,22,1,1
7881,NDPS,20,1,2
7882,NDPS,8,1,1
7883,NDPS,22,1,1
7884,NDPS,8,1,1
7885,IT,66C,1,1
7885,IT,66D,1,2
7886,IPC,420,1,1
7886,IPC,323,1,2
7886,IPC,34,1,3
7887,IPC,379,1,1
7888,POCSO,4,1,1
7889,POCSO,4,1,1
7890,DP,3,1,1
7891,IPC,120B,1,1
7891,IPC,34,1,2
7891,IPC,420,1,3
7892,IPC,411,1,1
7892,IPC,376,1,2
7892,IPC,420,1,3
7893,POCSO,4,1,1
7894,NDPS,22,1,1
7894,NDPS,20,1,2
7894,NDPS,21,1,3
7895,IPC,323,1,1
7895,IPC,392,1,2
7896,IT,66C,1,1
7896,IT,67,1,2
7896,IT,66D,1,3
7897,MV,184,1,1
7898,IPC,392,1,1
7899,POCSO,6,1,1
7900,DP,3,1,1
7901,POCSO,4,1,1
7901,POCSO,6,1,2
7902,MV,177,1,1
7902,MV,196,1,2
7902,MV,184,1,3
7903,IPC,379,1,1
7903,IPC,376,1,2
7904,DP,4,1,1
7905,MV,196,1,1
7905,MV,177,1,2
7906,POCSO,4,1,1
7906,POCSO,8,1,2
7907,IT,67,1,1
7907,IT,66C,1,2
7907,IT,66D,1,3
7908,DP,3,1,1
7908,DP,4,1,2
7909,IT,67,1,1
7910,NDPS,22,1,1
7911,MV,196,1,1
7911,MV,177,1,2
7911,MV,184,1,3
7912,IPC,392,1,1
7913,MV,184,1,1
7913,MV,196,1,2
7913,MV,177,1,3
7914,IT,67,1,1
7914,IT,66C,1,2
7914,IT,66D,1,3
7915,POCSO,8,1,1
7915,POCSO,6,1,2
7916,DP,3,1,1
7917,NDPS,22,1,1
7917,NDPS,8,1,2
7917,NDPS,21,1,3
7918,NDPS,21,1,1
7918,NDPS,20,1,2
7919,IT,66C,1,1
7919,IT,67,1,2
7919,IT,66D,1,3
7920,NDPS,22,1,1
7920,NDPS,21,1,2
7921,POCSO,8,1,1
7921,POCSO,6,1,2
7921,POCSO,4,1,3
7922,IT,66C,1,1
7922,IT,67,1,2
7923,NDPS,20,1,1
7924,IT,66C,1,1
7924,IT,66D,1,2
7924,IT,67,1,3
7925,IPC,34,1,1
7925,IPC,392,1,2
7925,IPC,411,1,3
7926,DP,4,1,1
7927,POCSO,8,1,1
7927,POCSO,4,1,2
7927,POCSO,6,1,3
7928,MV,184,1,1
7928,MV,196,1,2
7929,NDPS,8,1,1
7929,NDPS,22,1,2
7930,NDPS,8,1,1
7930,NDPS,20,1,2
7930,NDPS,21,1,3
7931,MV,184,1,1
7931,MV,196,1,2
7931,MV,177,1,3
7932,NDPS,8,1,1
7932,NDPS,21,1,2
7932,NDPS,20,1,3
7933,IT,67,1,1
7934,DP,4,1,1
7934,DP,3,1,2
7935,MV,177,1,1
7935,MV,184,1,2
7936,NDPS,20,1,1
7936,NDPS,8,1,2
7937,MV,196,1,1
7937,MV,184,1,2
7937,MV,177,1,3
7938,NDPS,21,1,1
7939,DP,3,1,1
7939,DP,4,1,2
7940,MV,184,1,1
7941,POCSO,6,1,1
7941,POCSO,4,1,2
7942,MV,184,1,1
7943,DP,3,1,1
7944,IPC,420,1,1
7945,IPC,34,1,1
7945,IPC,307,1,2
7946,POCSO,8,1,1
7946,POCSO,6,1,2
7947,POCSO,6,1,1
7948,NDPS,20,1,1
7949,DP,4,1,1
7950,NDPS,22,1,1
7950,NDPS,20,1,2
7951,DP,4,1,1
7952,DP,3,1,1
7953,IT,66C,1,1
7953,IT,67,1,2
7953,IT,66D,1,3
7954,DP,3,1,1
7955,NDPS,8,1,1
7955,NDPS,20,1,2
7955,NDPS,22,1,3
7956,DP,4,1,1
7956,DP,3,1,2
7957,IPC,392,1,1
7957,IPC,420,1,2
7957,IPC,379,1,3
7958,NDPS,20,1,1
7959,MV,196,1,1
7959,MV,184,1,2
7959,MV,177,1,3
7960,IPC,323,1,1
7960,IPC,302,1,2
7961,IPC,323,1,1
7962,IT,67,1,1
7962,IT,66D,1,2
7963,IT,66D,1,1
7963,IT,67,1,2
7963,IT,66C,1,3
7964,DP,3,1,1
7964,DP,4,1,2
7965,NDPS,8,1,1
7965,NDPS,20,1,2
7965,NDPS,21,1,3
7966,MV,196,1,1
7966,MV,184,1,2
7966,MV,177,1,3
7967,IPC,354,1,1
7968,MV,177,1,1
7968,MV,184,1,2
7969,POCSO,8,1,1
7970,IPC,354,1,1
7970,IPC,323,1,2
7970,IPC,392,1,3
7971,POCSO,8,1,1
7971,POCSO,6,1,2
7972,MV,177,1,1
7972,MV,196,1,2
7972,MV,184,1,3
7973,IPC,323,1,1
7973,IPC,420,1,2
7974,IPC,411,1,1
7974,IPC,302,1,2
7974,IPC,120B,1,3
7975,NDPS,21,1,1
7975,NDPS,20,1,2
7975,NDPS,22,1,3
7976,NDPS,20,1,1
7977,POCSO,8,1,1
7978,POCSO,8,1,1
7979,IT,67,1,1
7979,IT,66C,1,2
7979,IT,66D,1,3
7980,NDPS,20,1,1
7980,NDPS,8,1,2
7980,NDPS,21,1,3
7981,IPC,302,1,1
7981,IPC,120B,1,2
7981,IPC,376,1,3
7982,POCSO,6,1,1
7982,POCSO,4,1,2
7983,NDPS,21,1,1
7983,NDPS,20,1,2
7983,NDPS,8,1,3
7984,DP,4,1,1
7984,DP,3,1,2
7985,IT,67,1,1
7985,IT,66D,1,2
7986,DP,4,1,1
7986,DP,3,1,2
7987,MV,177,1,1
7987,MV,196,1,2
7988,IPC,376,1,1
7988,IPC,302,1,2
7988,IPC,120B,1,3
7989,DP,4,1,1
7990,IT,66D,1,1
7990,IT,67,1,2
7990,IT,66C,1,3
7991,POCSO,8,1,1
7991,POCSO,6,1,2
7992,IPC,354,1,1
7992,IPC,379,1,2
7993,IPC,379,1,1
7994,IT,67,1,1
7994,IT,66D,1,2
7995,POCSO,4,1,1
7995,POCSO,6,1,2
7995,POCSO,8,1,3
7996,NDPS,21,1,1
7996,NDPS,22,1,2
7997,POCSO,4,1,1
7998,IPC,379,1,1
7999,IT,66C,1,1
7999,IT,66D,1,2
8000,DP,3,1,1
8001,IPC,379,1,1
8001,IPC,302,1,2
8001,IPC,307,1,3
8002,NDPS,8,1,1
8003,IPC,420,1,1
8003,IPC,376,1,2
8004,IPC,307,1,1
8004,IPC,34,1,2
8005,NDPS,21,1,1
8006,DP,4,1,1
8006,DP,3,1,2
8007,IPC,34,1,1
8007,IPC,411,1,2
8007,IPC,379,1,3
8008,POCSO,8,1,1
8008,POCSO,4,1,2
8008,POCSO,6,1,3
8009,IT,66C,1,1
8009,IT,66D,1,2
8010,DP,4,1,1
8010,DP,3,1,2
8011,NDPS,20,1,1
8011,NDPS,22,1,2
8012,POCSO,8,1,1
8012,POCSO,4,1,2
8012,POCSO,6,1,3
8013,MV,184,1,1
8014,IT,66D,1,1
8015,IT,67,1,1
8015,IT,66C,1,2
8015,IT,66D,1,3
8016,POCSO,8,1,1
8016,POCSO,6,1,2
8017,IPC,323,1,1
8017,IPC,392,1,2
8017,IPC,307,1,3
8018,IPC,354,1,1
8018,IPC,392,1,2
8019,NDPS,22,1,1
8020,DP,4,1,1
8020,DP,3,1,2
8021,IT,66C,1,1
8021,IT,66D,1,2
8021,IT,67,1,3
8022,IT,66D,1,1
8022,IT,67,1,2
8022,IT,66C,1,3
8023,IT,66D,1,1
8024,POCSO,8,1,1
8025,DP,4,1,1
8026,IPC,392,1,1
8026,IPC,376,1,2
8026,IPC,411,1,3
8027,IT,66D,1,1
8028,NDPS,22,1,1
8028,NDPS,21,1,2
8029,MV,177,1,1
8029,MV,196,1,2
8030,MV,177,1,1
8030,MV,196,1,2
8030,MV,184,1,3
8031,DP,3,1,1
8032,MV,184,1,1
8032,MV,196,1,2
8033,POCSO,6,1,1
8034,IPC,354,1,1
8034,IPC,420,1,2
8034,IPC,302,1,3
8035,IPC,379,1,1
8036,IPC,392,1,1
8036,IPC,411,1,2
8037,DP,4,1,1
8038,IPC,379,1,1
8038,IPC,323,1,2
8039,NDPS,20,1,1
8039,NDPS,8,1,2
8040,NDPS,21,1,1
8040,NDPS,20,1,2
8040,NDPS,8,1,3
8041,IT,66C,1,1
8042,NDPS,22,1,1
8043,IPC,376,1,1
8043,IPC,379,1,2
8044,DP,4,1,1
8044,DP,3,1,2
8045,NDPS,21,1,1
8046,MV,184,1,1
8046,MV,196,1,2
8046,MV,177,1,3
8047,POCSO,4,1,1
8048,IPC,411,1,1
8048,IPC,392,1,2
8048,IPC,302,1,3
8049,DP,4,1,1
8050,IPC,392,1,1
8050,IPC,354,1,2
8050,IPC,420,1,3
8051,DP,4,1,1
8051,DP,3,1,2
8052,MV,177,1,1
8052,MV,196,1,2
8052,MV,184,1,3
8053,IT,66C,1,1
8053,IT,67,1,2
8053,IT,66D,1,3
8054,MV,196,1,1
8054,MV,177,1,2
8055,MV,184,1,1
8055,MV,177,1,2
8055,MV,196,1,3
8056,NDPS,22,1,1
8056,NDPS,21,1,2
8056,NDPS,8,1,3
8057,NDPS,22,1,1
8057,NDPS,8,1,2
8057,NDPS,20,1,3
8058,DP,4,1,1
8059,IPC,376,1,1
8059,IPC,354,1,2
8059,IPC,379,1,3
8060,IT,66C,1,1
8060,IT,66D,1,2
8060,IT,67,1,3
8061,DP,3,1,1
8061,DP,4,1,2
8062,POCSO,4,1,1
8063,IT,67,1,1
8063,IT,66D,1,2
8063,IT,66C,1,3
8064,NDPS,8,1,1
8065,DP,4,1,1
8065,DP,3,1,2
8066,IPC,411,1,1
8066,IPC,302,1,2
8066,IPC,323,1,3
8067,IPC,420,1,1
8068,POCSO,8,1,1
8069,IT,66D,1,1
8069,IT,66C,1,2
8069,IT,67,1,3
8070,IPC,307,1,1
8071,IT,67,1,1
8071,IT,66C,1,2
8071,IT,66D,1,3
8072,IPC,379,1,1
8073,DP,4,1,1
8074,IPC,302,1,1
8075,NDPS,21,1,1
8076,POCSO,6,1,1
8076,POCSO,4,1,2
8076,POCSO,8,1,3
8077,MV,196,1,1
8077,MV,184,1,2
8078,MV,177,1,1
8078,MV,196,1,2
8078,MV,184,1,3
8079,NDPS,22,1,1
8080,NDPS,8,1,1
8080,NDPS,20,1,2
8081,IPC,120B,1,1
8081,IPC,420,1,2
8081,IPC,354,1,3
8082,IPC,376,1,1
8083,IPC,323,1,1
8083,IPC,302,1,2
8084,MV,196,1,1
8084,MV,184,1,2
8084,MV,177,1,3
8085,NDPS,8,1,1
8085,NDPS,21,1,2
8085,NDPS,20,1,3
8086,DP,3,1,1
8087,NDPS,8,1,1
8088,NDPS,21,1,1
8088,NDPS,20,1,2
8088,NDPS,8,1,3
8089,IPC,120B,1,1
8089,IPC,379,1,2
8089,IPC,411,1,3
8090,POCSO,6,1,1
8090,POCSO,4,1,2
8091,DP,3,1,1
8092,NDPS,8,1,1
8093,DP,4,1,1
8093,DP,3,1,2
8094,DP,3,1,1
8095,IPC,420,1,1
8095,IPC,411,1,2
8096,IPC,307,1,1
8096,IPC,120B,1,2
8097,IPC,354,1,1
8097,IPC,34,1,2
8098,NDPS,20,1,1
8098,NDPS,22,1,2
8099,DP,4,1,1
8099,DP,3,1,2
8100,MV,177,1,1
8100,MV,184,1,2
8101,POCSO,8,1,1
8101,POCSO,4,1,2
8102,IT,66D,1,1
8103,POCSO,8,1,1
8103,POCSO,6,1,2
8104,DP,4,1,1
8105,NDPS,8,1,1
8106,IPC,420,1,1
8106,IPC,307,1,2
8106,IPC,323,1,3
8107,NDPS,22,1,1
8108,IT,66C,1,1
8109,IPC,392,1,1
8109,IPC,376,1,2
8110,IPC,307,1,1
8110,IPC,379,1,2
8110,IPC,392,1,3
8111,IPC,420,1,1
8112,IPC,323,1,1
8112,IPC,392,1,2
8113,NDPS,21,1,1
8114,IT,67,1,1
8114,IT,66D,1,2
8115,IPC,392,1,1
8116,MV,184,1,1
8116,MV,177,1,2
8116,MV,196,1,3
8117,IT,66D,1,1
8117,IT,66C,1,2
8118,IT,67,1,1
8119,MV,184,1,1
8119,MV,196,1,2
8120,IPC,307,1,1
8120,IPC,34,1,2
8121,DP,3,1,1
8121,DP,4,1,2
8122,POCSO,4,1,1
8122,POCSO,8,1,2
8123,NDPS,20,1,1
8123,NDPS,21,1,2
8124,IPC,411,1,1
8125,IT,66D,1,1
8125,IT,67,1,2
8125,IT,66C,1,3
8126,POCSO,8,1,1
8126,POCSO,6,1,2
8127,NDPS,8,1,1
8127,NDPS,21,1,2
8128,IPC,323,1,1
8128,IPC,307,1,2
8129,POCSO,6,1,1
8129,POCSO,4,1,2
8129,POCSO,8,1,3
8130,DP,3,1,1
8131,POCSO,6,1,1
8131,POCSO,4,1,2
8131,POCSO,8,1,3
8132,POCSO,8,1,1
8132,POCSO,6,1,2
8132,POCSO,4,1,3
8133,IPC,354,1,1
8133,IPC,379,1,2
8133,IPC,392,1,3
8134,DP,3,1,1
8135,DP,4,1,1
8135,DP,3,1,2
8136,IPC,376,1,1
8137,NDPS,22,1,1
8137,NDPS,20,1,2
8138,POCSO,8,1,1
8138,POCSO,4,1,2
8138,POCSO,6,1,3
8139,IT,66C,1,1
8139,IT,66D,1,2
8139,IT,67,1,3
8140,NDPS,20,1,1
8140,NDPS,8,1,2
8140,NDPS,21,1,3
8141,POCSO,6,1,1
8142,POCSO,6,1,1
8142,POCSO,4,1,2
8143,POCSO,4,1,1
8144,IT,66C,1,1
8145,MV,196,1,1
8145,MV,184,1,2
8146,IT,66D,1,1
8146,IT,66C,1,2
8146,IT,67,1,3
8147,DP,4,1,1
8147,DP,3,1,2
8148,IPC,411,1,1
8148,IPC,392,1,2
8149,NDPS,22,1,1
8149,NDPS,21,1,2
8150,POCSO,6,1,1
8150,POCSO,4,1,2
8150,POCSO,8,1,3
8151,IPC,323,1,1
8152,IPC,379,1,1
8152,IPC,34,1,2
8152,IPC,302,1,3
8153,NDPS,22,1,1
8154,IT,66D,1,1
8154,IT,66C,1,2
8154,IT,67,1,3
8155,DP,4,1,1
8156,IT,67,1,1
8156,IT,66C,1,2
8157,DP,4,1,1
8157,DP,3,1,2
8158,IT,66C,1,1
8158,IT,67,1,2
8159,MV,196,1,1
8159,MV,184,1,2
8159,MV,177,1,3
8160,IT,66C,1,1
8161,MV,196,1,1
8161,MV,177,1,2
8162,POCSO,8,1,1
8162,POCSO,4,1,2
8163,MV,177,1,1
8163,MV,196,1,2
8164,MV,177,1,1
8164,MV,184,1,2
8165,IPC,307,1,1
8166,MV,196,1,1
8166,MV,177,1,2
8166,MV,184,1,3
8167,NDPS,22,1,1
8167,NDPS,8,1,2
8167,NDPS,20,1,3
8168,DP,3,1,1
8168,DP,4,1,2
8169,NDPS,8,1,1
8169,NDPS,22,1,2
8169,NDPS,21,1,3
8170,IT,67,1,1
8170,IT,66D,1,2
8170,IT,66C,1,3
8171,MV,196,1,1
8171,MV,184,1,2
8172,IPC,307,1,1
8172,IPC,302,1,2
8173,NDPS,21,1,1
8174,POCSO,6,1,1
8174,POCSO,8,1,2
8174,POCSO,4,1,3
8175,DP,3,1,1
8176,POCSO,6,1,1
8176,POCSO,8,1,2
8176,POCSO,4,1,3
8177,IT,66C,1,1
8177,IT,66D,1,2
8177,IT,67,1,3
8178,DP,4,1,1
8178,DP,3,1,2
8179,IPC,34,1,1
8179,IPC,411,1,2
8180,IPC,420,1,1
8181,IT,66D,1,1
8182,NDPS,8,1,1
8182,NDPS,22,1,2
8182,NDPS,21,1,3
8183,IT,66C,1,1
8183,IT,67,1,2
8183,IT,66D,1,3
8184,DP,4,1,1
8184,DP,3,1,2
8185,MV,196,1,1
8186,POCSO,4,1,1
8186,POCSO,8,1,2
8186,POCSO,6,1,3
8187,MV,177,1,1
8187,MV,196,1,2
8188,DP,3,1,1
8189,IT,66C,1,1
8189,IT,66D,1,2
8190,DP,4,1,1
8190,DP,3,1,2
8191,MV,196,1,1
8191,MV,184,1,2
8192,IPC,307,1,1
8193,IT,66C,1,1
8193,IT,66D,1,2
8194,POCSO,6,1,1
8195,IPC,411,1,1
8195,IPC,354,1,2
8195,IPC,392,1,3
8196,POCSO,8,1,1
8197,NDPS,8,1,1
8198,IT,67,1,1
8199,IPC,420,1,1
8199,IPC,323,1,2
8199,IPC,354,1,3
8200,DP,4,1,1
8200,DP,3,1,2
8201,MV,184,1,1
8202,IT,66C,1,1
8203,POCSO,4,1,1
8204,IT,66D,1,1
8205,IT,66D,1,1
8206,IPC,376,1,1
8206,IPC,392,1,2
8207,DP,4,1,1
8207,DP,3,1,2
8208,IT,66D,1,1
8209,NDPS,8,1,1
8209,NDPS,20,1,2
8210,POCSO,4,1,1
8210,POCSO,8,1,2
8211,POCSO,8,1,1
8211,POCSO,6,1,2
8211,POCSO,4,1,3
8212,IT,66C,1,1
8212,IT,66D,1,2
8213,MV,196,1,1
8213,MV,177,1,2
8214,MV,196,1,1
8214,MV,177,1,2
8214,MV,184,1,3
8215,POCSO,4,1,1
8216,NDPS,21,1,1
8216,NDPS,8,1,2
8216,NDPS,22,1,3
8217,IPC,420,1,1
8218,NDPS,8,1,1
8218,NDPS,20,1,2
8218,NDPS,21,1,3
8219,DP,4,1,1
8219,DP,3,1,2
8220,MV,184,1,1
8221,NDPS,22,1,1
8222,NDPS,8,1,1
8223,IPC,379,1,1
8223,IPC,354,1,2
8223,IPC,411,1,3
8224,DP,3,1,1
8224,DP,4,1,2
8225,IPC,392,1,1
8226,MV,177,1,1
8226,MV,196,1,2
8227,POCSO,6,1,1
8227,POCSO,8,1,2
8227,POCSO,4,1,3
8228,NDPS,8,1,1
8229,IT,66D,1,1
8229,IT,67,1,2
8229,IT,66C,1,3
8230,NDPS,21,1,1
8230,NDPS,8,1,2
8230,NDPS,20,1,3
8231,MV,177,1,1
8232,IPC,411,1,1
8232,IPC,302,1,2
8232,IPC,376,1,3
8233,NDPS,8,1,1
8233,NDPS,20,1,2
8233,NDPS,22,1,3
8234,NDPS,22,1,1
8234,NDPS,21,1,2
8234,NDPS,8,1,3
8235,MV,196,1,1
8235,MV,184,1,2
8236,IT,66D,1,1
8236,IT,67,1,2
8236,IT,66C,1,3
8237,IPC,392,1,1
8238,IT,67,1,1
8238,IT,66D,1,2
8238,IT,66C,1,3
8239,POCSO,4,1,1
8240,NDPS,22,1,1
8240,NDPS,21,1,2
8241,DP,4,1,1
8242,IPC,411,1,1
8243,NDPS,21,1,1
8243,NDPS,8,1,2
8244,IPC,323,1,1
8244,IPC,392,1,2
8244,IPC,420,1,3
8245,IT,66C,1,1
8246,POCSO,4,1,1
8247,IPC,411,1,1
8247,IPC,354,1,2
8248,IT,67,1,1
8248,IT,66D,1,2
8249,NDPS,8,1,1
8250,MV,184,1,1
8250,MV,196,1,2
8250,MV,177,1,3
8251,IT,67,1,1
8251,IT,66C,1,2
8252,IPC,34,1,1
8253,DP,3,1,1
8253,DP,4,1,2
8254,MV,184,1,1
8254,MV,196,1,2
8254,MV,177,1,3
8255,POCSO,4,1,1
8255,POCSO,8,1,2
8255,POCSO,6,1,3
8256,IPC,420,1,1
8257,NDPS,22,1,1
8257,NDPS,21,1,2
8257,NDPS,20,1,3
8258,POCSO,6,1,1
8258,POCSO,8,1,2
8259,DP,4,1,1
8260,MV,177,1,1
8260,MV,184,1,2
8261,IT,67,1,1
8261,IT,66C,1,2
8262,NDPS,20,1,1
8263,POCSO,4,1,1
8263,POCSO,6,1,2
8264,NDPS,20,1,1
8265,MV,177,1,1
8265,MV,196,1,2
8266,NDPS,22,1,1
8266,NDPS,20,1,2
8267,POCSO,8,1,1
8267,POCSO,6,1,2
8267,POCSO,4,1,3
8268,IPC,379,1,1
8268,IPC,411,1,2
8269,NDPS,20,1,1
8269,NDPS,22,1,2
8270,DP,4,1,1
8270,DP,3,1,2
8271,IT,67,1,1
8272,MV,184,1,1
8273,IT,66D,1,1
8273,IT,67,1,2
8274,MV,177,1,1
8274,MV,184,1,2
8274,MV,196,1,3
8275,POCSO,8,1,1
8275,POCSO,6,1,2
8276,NDPS,21,1,1
8277,POCSO,4,1,1
8277,POCSO,8,1,2
8278,POCSO,6,1,1
8279,IPC,420,1,1
8279,IPC,354,1,2
8280,MV,196,1,1
8280,MV,184,1,2
8281,POCSO,8,1,1
8281,POCSO,4,1,2
8282,POCSO,8,1,1
8282,POCSO,6,1,2
8282,POCSO,4,1,3
8283,NDPS,21,1,1
8283,NDPS,22,1,2
8283,NDPS,8,1,3
8284,DP,4,1,1
8284,DP,3,1,2
8285,DP,3,1,1
8285,DP,4,1,2
8286,IT,66D,1,1
8286,IT,67,1,2
8287,POCSO,8,1,1
8288,IPC,323,1,1
8289,IPC,376,1,1
8289,IPC,420,1,2
8290,IPC,34,1,1
8291,IT,66D,1,1
8291,IT,67,1,2
8292,MV,184,1,1
8292,MV,177,1,2
8293,IPC,120B,1,1
8294,POCSO,4,1,1
8294,POCSO,8,1,2
8294,POCSO,6,1,3
8295,POCSO,8,1,1
8295,POCSO,4,1,2
8295,POCSO,6,1,3
8296,POCSO,4,1,1
8296,POCSO,6,1,2
8296,POCSO,8,1,3
8297,POCSO,6,1,1
8297,POCSO,8,1,2
8298,MV,177,1,1
8298,MV,184,1,2
8298,MV,196,1,3
8299,NDPS,8,1,1
8299,NDPS,22,1,2
8300,NDPS,8,1,1
8301,MV,184,1,1
8302,NDPS,8,1,1
8302,NDPS,21,1,2
8303,DP,3,1,1
8303,DP,4,1,2
8304,POCSO,8,1,1
8304,POCSO,4,1,2
8304,POCSO,6,1,3
8305,MV,177,1,1
8306,POCSO,8,1,1
8306,POCSO,4,1,2
8307,DP,3,1,1
8307,DP,4,1,2
8308,NDPS,8,1,1
8308,NDPS,20,1,2
8308,NDPS,22,1,3
8309,DP,4,1,1
8309,DP,3,1,2
8310,NDPS,8,1,1
8310,NDPS,22,1,2
8311,POCSO,6,1,1
8311,POCSO,4,1,2
8311,POCSO,8,1,3
8312,MV,184,1,1
8312,MV,177,1,2
8312,MV,196,1,3
8313,DP,4,1,1
8314,DP,4,1,1
8314,DP,3,1,2
8315,DP,3,1,1
8316,NDPS,8,1,1
8317,MV,196,1,1
8317,MV,184,1,2
8317,MV,177,1,3
8318,NDPS,8,1,1
8319,IPC,120B,1,1
8320,DP,4,1,1
8320,DP,3,1,2
8321,POCSO,6,1,1
8321,POCSO,4,1,2
8322,DP,4,1,1
8322,DP,3,1,2
8323,NDPS,21,1,1
8323,NDPS,8,1,2
8324,NDPS,8,1,1
8324,NDPS,21,1,2
8325,NDPS,21,1,1
8325,NDPS,20,1,2
8325,NDPS,8,1,3
8326,POCSO,4,1,1
8326,POCSO,8,1,2
8326,POCSO,6,1,3
8327,DP,4,1,1
8328,MV,196,1,1
8329,DP,3,1,1
8330,MV,177,1,1
8330,MV,184,1,2
8331,MV,196,1,1
8331,MV,184,1,2
8331,MV,177,1,3
8332,POCSO,8,1,1
8332,POCSO,4,1,2
8332,POCSO,6,1,3
8333,IPC,323,1,1
8334,MV,177,1,1
8334,MV,184,1,2
8335,DP,3,1,1
8335,DP,4,1,2
8336,DP,4,1,1
8337,MV,177,1,1
8337,MV,184,1,2
8338,IPC,379,1,1
8339,DP,4,1,1
8339,DP,3,1,2
8340,POCSO,4,1,1
8340,POCSO,6,1,2
8341,DP,4,1,1
8342,IPC,376,1,1
8343,IT,66D,1,1
8344,IT,66D,1,1
8344,IT,66C,1,2
8345,NDPS,20,1,1
8346,NDPS,20,1,1
8346,NDPS,8,1,2
8347,DP,3,1,1
8347,DP,4,1,2
8348,IT,66D,1,1
8348,IT,67,1,2
8349,IT,66C,1,1
8350,IPC,120B,1,1
8351,POCSO,6,1,1
8352,POCSO,4,1,1
8352,POCSO,6,1,2
8353,MV,177,1,1
8353,MV,196,1,2
8354,NDPS,20,1,1
8355,POCSO,6,1,1
8355,POCSO,4,1,2
8356,IPC,379,1,1
8357,POCSO,4,1,1
8357,POCSO,6,1,2
8358,IPC,392,1,1
8358,IPC,376,1,2
8358,IPC,34,1,3
8359,DP,4,1,1
8359,DP,3,1,2
8360,NDPS,8,1,1
8361,MV,177,1,1
8361,MV,196,1,2
8362,MV,177,1,1
8363,IPC,392,1,1
8364,MV,196,1,1
8364,MV,184,1,2
8365,IT,67,1,1
8365,IT,66D,1,2
8365,IT,66C,1,3
8366,MV,177,1,1
8367,POCSO,8,1,1
8367,POCSO,6,1,2
8368,DP,4,1,1
8368,DP,3,1,2
8369,IPC,302,1,1
8369,IPC,323,1,2
8369,IPC,420,1,3
8370,NDPS,20,1,1
8370,NDPS,8,1,2
8370,NDPS,21,1,3
8371,POCSO,8,1,1
8371,POCSO,4,1,2
8372,POCSO,4,1,1
8372,POCSO,8,1,2
8372,POCSO,6,1,3
8373,IT,66C,1,1
8373,IT,67,1,2
8374,POCSO,4,1,1
8374,POCSO,6,1,2
8374,POCSO,8,1,3
8375,POCSO,4,1,1
8375,POCSO,6,1,2
8376,DP,3,1,1
8377,IT,66D,1,1
8377,IT,67,1,2
8378,DP,4,1,1
8378,DP,3,1,2
8379,NDPS,8,1,1
8379,NDPS,22,1,2
8380,MV,177,1,1
8380,MV,184,1,2
8381,DP,4,1,1
8382,IT,66C,1,1
8382,IT,66D,1,2
8383,POCSO,4,1,1
8383,POCSO,6,1,2
8383,POCSO,8,1,3
8384,MV,196,1,1
8384,MV,184,1,2
8384,MV,177,1,3
8385,NDPS,20,1,1
8385,NDPS,22,1,2
8386,IPC,420,1,1
8386,IPC,376,1,2
8387,POCSO,8,1,1
8388,MV,177,1,1
8389,POCSO,6,1,1
8389,POCSO,4,1,2
8389,POCSO,8,1,3
8390,IT,67,1,1
8390,IT,66D,1,2
8390,IT,66C,1,3
8391,MV,177,1,1
8391,MV,184,1,2
8392,DP,4,1,1
8392,DP,3,1,2
8393,MV,196,1,1
8393,MV,177,1,2
8394,DP,3,1,1
8395,MV,196,1,1
8396,IPC,376,1,1
8396,IPC,307,1,2
8397,NDPS,21,1,1
8397,NDPS,8,1,2
8397,NDPS,20,1,3
8398,IPC,323,1,1
8398,IPC,379,1,2
8399,IT,67,1,1
8399,IT,66C,1,2
8400,IPC,379,1,1
8401,POCSO,4,1,1
8402,IPC,302,1,1
8402,IPC,323,1,2
8403,POCSO,8,1,1
8403,POCSO,4,1,2
8403,POCSO,6,1,3
8404,DP,3,1,1
8404,DP,4,1,2
8405,IT,66C,1,1
8406,IT,67,1,1
8406,IT,66C,1,2
8407,POCSO,8,1,1
8407,POCSO,6,1,2
8408,IPC,120B,1,1
8409,POCSO,4,1,1
8409,POCSO,8,1,2
8409,POCSO,6,1,3
8410,POCSO,4,1,1
8411,NDPS,20,1,1
8411,NDPS,8,1,2
8411,NDPS,22,1,3
8412,POCSO,6,1,1
8413,POCSO,4,1,1
8414,MV,177,1,1
8415,MV,177,1,1
8415,MV,184,1,2
8416,NDPS,21,1,1
8416,NDPS,8,1,2
8416,NDPS,22,1,3
8417,MV,177,1,1
8418,NDPS,20,1,1
8418,NDPS,8,1,2
8418,NDPS,21,1,3
8419,IPC,420,1,1
8419,IPC,120B,1,2
8419,IPC,323,1,3
8420,MV,196,1,1
8421,MV,196,1,1
8421,MV,177,1,2
8421,MV,184,1,3
8422,POCSO,8,1,1
8422,POCSO,6,1,2
8422,POCSO,4,1,3
8423,IT,66C,1,1
8424,IT,66C,1,1
8425,IPC,302,1,1
8425,IPC,354,1,2
8426,IPC,420,1,1
8426,IPC,120B,1,2
8426,IPC,392,1,3
8427,DP,3,1,1
8427,DP,4,1,2
8428,IPC,379,1,1
8428,IPC,354,1,2
8429,MV,196,1,1
8429,MV,184,1,2
8429,MV,177,1,3
8430,IPC,376,1,1
8431,IPC,379,1,1
8432,DP,4,1,1
8433,MV,184,1,1
8433,MV,196,1,2
8434,MV,184,1,1
8434,MV,177,1,2
8434,MV,196,1,3
8435,POCSO,4,1,1
8435,POCSO,8,1,2
8436,MV,196,1,1
8437,IPC,420,1,1
8437,IPC,379,1,2
8438,IPC,354,1,1
8439,IT,66D,1,1
8439,IT,67,1,2
8439,IT,66C,1,3
8440,DP,3,1,1
8440,DP,4,1,2
8441,IT,66D,1,1
8442,IT,66C,1,1
8443,DP,4,1,1
8443,DP,3,1,2
8444,IPC,354,1,1
8444,IPC,307,1,2
8444,IPC,420,1,3
8445,MV,184,1,1
8446,MV,196,1,1
8446,MV,177,1,2
8446,MV,184,1,3
8447,IT,66C,1,1
8447,IT,67,1,2
8448,POCSO,8,1,1
8449,POCSO,4,1,1
8449,POCSO,6,1,2
8450,POCSO,4,1,1
8451,MV,196,1,1
8451,MV,184,1,2
8451,MV,177,1,3
8452,MV,177,1,1
8453,IT,66D,1,1
8453,IT,67,1,2
8454,DP,4,1,1
8454,DP,3,1,2
8455,IPC,420,1,1
8455,IPC,411,1,2
8456,NDPS,21,1,1
8457,IPC,120B,1,1
8458,MV,184,1,1
8458,MV,196,1,2
8459,MV,184,1,1
8459,MV,177,1,2
8460,NDPS,22,1,1
8460,NDPS,21,1,2
8461,IPC,34,1,1
8462,MV,177,1,1
8463,MV,177,1,1
8464,IT,66D,1,1
8465,POCSO,4,1,1
8465,POCSO,8,1,2
8465,POCSO,6,1,3
8466,IT,66C,1,1
8467,POCSO,6,1,1
8467,POCSO,8,1,2
8467,POCSO,4,1,3
8468,NDPS,20,1,1
8468,NDPS,22,1,2
8468,NDPS,21,1,3
8469,IPC,34,1,1
8469,IPC,411,1,2
8470,POCSO,6,1,1
8470,POCSO,8,1,2
8470,POCSO,4,1,3
8471,IT,66C,1,1
8472,DP,3,1,1
8473,IPC,34,1,1
8473,IPC,420,1,2
8474,IPC,376,1,1
8474,IPC,120B,1,2
8474,IPC,420,1,3
8475,DP,4,1,1
8475,DP,3,1,2
8476,MV,184,1,1
8476,MV,177,1,2
8476,MV,196,1,3
8477,IT,67,1,1
8477,IT,66C,1,2
8477,IT,66D,1,3
8478,POCSO,8,1,1
8479,NDPS,21,1,1
8480,IPC,307,1,1
8481,IPC,420,1,1
8481,IPC,302,1,2
8482,MV,184,1,1
8482,MV,196,1,2
8482,MV,177,1,3
8483,POCSO,6,1,1
8484,POCSO,4,1,1
8484,POCSO,6,1,2
8485,IT,66D,1,1
8485,IT,67,1,2
8485,IT,66C,1,3
8486,MV,184,1,1
8487,POCSO,8,1,1
8487,POCSO,6,1,2
8487,POCSO,4,1,3
8488,IT,66C,1,1
8489,IT,66D,1,1
8489,IT,66C,1,2
8489,IT,67,1,3
8490,IPC,379,1,1
8490,IPC,34,1,2
8491,MV,177,1,1
8491,MV,184,1,2
8492,DP,4,1,1
8493,IPC,411,1,1
8493,IPC,392,1,2
8493,IPC,376,1,3
8494,POCSO,8,1,1
8494,POCSO,4,1,2
8495,IPC,379,1,1
8496,POCSO,6,1,1
8496,POCSO,4,1,2
8497,POCSO,6,1,1
8498,IPC,376,1,1
8498,IPC,302,1,2
8499,IT,67,1,1
8499,IT,66C,1,2
8499,IT,66D,1,3
8500,NDPS,8,1,1
8500,NDPS,20,1,2
8500,NDPS,21,1,3
8501,POCSO,6,1,1
8501,POCSO,8,1,2
8502,MV,184,1,1
8503,POCSO,6,1,1
8503,POCSO,4,1,2
8504,NDPS,8,1,1
8504,NDPS,20,1,2
8504,NDPS,21,1,3
8505,MV,184,1,1
8505,MV,177,1,2
8506,NDPS,20,1,1
8506,NDPS,21,1,2
8506,NDPS,8,1,3
8507,MV,184,1,1
8507,MV,177,1,2
8507,MV,196,1,3
8508,MV,184,1,1
8508,MV,177,1,2
8509,NDPS,8,1,1
8509,NDPS,21,1,2
8510,MV,177,1,1
8510,MV,196,1,2
8510,MV,184,1,3
8511,IT,66C,1,1
8511,IT,67,1,2
8511,IT,66D,1,3
8512,NDPS,21,1,1
8512,NDPS,8,1,2
8513,POCSO,8,1,1
8514,NDPS,8,1,1
8514,NDPS,21,1,2
8514,NDPS,22,1,3
8515,NDPS,22,1,1
8516,NDPS,20,1,1
8516,NDPS,22,1,2
8517,DP,3,1,1
8517,DP,4,1,2
8518,NDPS,22,1,1
8518,NDPS,8,1,2
8518,NDPS,21,1,3
8519,IT,67,1,1
8519,IT,66D,1,2
8519,IT,66C,1,3
8520,DP,4,1,1
8521,IT,67,1,1
8521,IT,66C,1,2
8522,NDPS,22,1,1
8523,MV,184,1,1
8524,DP,4,1,1
8525,IT,66D,1,1
8525,IT,67,1,2
8526,NDPS,21,1,1
8526,NDPS,20,1,2
8526,NDPS,22,1,3
8527,NDPS,8,1,1
8527,NDPS,20,1,2
8528,POCSO,4,1,1
8529,NDPS,8,1,1
8529,NDPS,20,1,2
8530,MV,184,1,1
8531,DP,4,1,1
8532,DP,4,1,1
8533,IPC,307,1,1
8533,IPC,120B,1,2
8534,IPC,392,1,1
8534,IPC,379,1,2
8535,MV,196,1,1
8536,POCSO,6,1,1
8536,POCSO,4,1,2
8537,IT,66C,1,1
8538,POCSO,8,1,1
8538,POCSO,4,1,2
8538,POCSO,6,1,3
8539,DP,3,1,1
8540,NDPS,20,1,1
8540,NDPS,8,1,2
8541,MV,196,1,1
8542,NDPS,22,1,1
8542,NDPS,21,1,2
8543,IPC,34,1,1
8543,IPC,411,1,2
8543,IPC,120B,1,3
8544,NDPS,22,1,1
8544,NDPS,8,1,2
8545,IPC,302,1,1
8545,IPC,354,1,2
8546,DP,3,1,1
8546,DP,4,1,2
8547,NDPS,21,1,1
8548,MV,184,1,1
8548,MV,196,1,2
8548,MV,177,1,3
8549,POCSO,4,1,1
8550,IT,67,1,1
8551,NDPS,20,1,1
8551,NDPS,21,1,2
8551,NDPS,22,1,3
8552,IPC,392,1,1
8552,IPC,34,1,2
8552,IPC,307,1,3
8553,POCSO,8,1,1
8553,POCSO,6,1,2
8554,DP,3,1,1
8554,DP,4,1,2
8555,NDPS,8,1,1
8556,IPC,376,1,1
8556,IPC,323,1,2
8557,NDPS,22,1,1
8558,NDPS,21,1,1
8558,NDPS,22,1,2
8558,NDPS,20,1,3
8559,MV,196,1,1
8560,NDPS,22,1,1
8560,NDPS,20,1,2
8561,IPC,411,1,1
8561,IPC,379,1,2
8562,NDPS,20,1,1
8562,NDPS,22,1,2
8563,IPC,354,1,1
8564,MV,184,1,1
8565,DP,3,1,1
8566,IPC,379,1,1
8566,IPC,307,1,2
8566,IPC,302,1,3
8567,POCSO,4,1,1
8568,MV,184,1,1
8568,MV,196,1,2
8568,MV,177,1,3
8569,MV,184,1,1
8570,DP,4,1,1
8571,POCSO,8,1,1
8571,POCSO,4,1,2
8572,IPC,376,1,1
8573,NDPS,22,1,1
8574,NDPS,8,1,1
8574,NDPS,20,1,2
8575,POCSO,8,1,1
8576,POCSO,4,1,1
8576,POCSO,6,1,2
8577,DP,4,1,1
8577,DP,3,1,2
8578,NDPS,22,1,1
8578,NDPS,20,1,2
8579,POCSO,4,1,1
8579,POCSO,8,1,2
8579,POCSO,6,1,3
8580,POCSO,6,1,1
8580,POCSO,8,1,2
8581,IPC,392,1,1
8581,IPC,379,1,2
8582,IPC,392,1,1
8582,IPC,302,1,2
8583,POCSO,6,1,1
8583,POCSO,8,1,2
8583,POCSO,4,1,3
8584,IPC,376,1,1
8585,DP,3,1,1
8586,DP,4,1,1
8586,DP,3,1,2
8587,DP,3,1,1
8588,POCSO,8,1,1
8588,POCSO,4,1,2
8589,IPC,323,1,1
8589,IPC,307,1,2
8590,IT,66C,1,1
8590,IT,67,1,2
8590,IT,66D,1,3
8591,MV,196,1,1
8591,MV,177,1,2
8592,IT,67,1,1
8592,IT,66D,1,2
8592,IT,66C,1,3
8593,IT,67,1,1
8594,IT,66C,1,1
8595,MV,196,1,1
8595,MV,177,1,2
8596,NDPS,21,1,1
8597,MV,196,1,1
8598,MV,196,1,1
8598,MV,177,1,2
8598,MV,184,1,3
8599,POCSO,8,1,1
8600,POCSO,8,1,1
8600,POCSO,4,1,2
8601,IT,66D,1,1
8601,IT,67,1,2
8601,IT,66C,1,3
8602,IPC,302,1,1
8602,IPC,307,1,2
8603,MV,184,1,1
8603,MV,196,1,2
8603,MV,177,1,3
8604,DP,4,1,1
8604,DP,3,1,2
8605,NDPS,8,1,1
8605,NDPS,22,1,2
8606,NDPS,8,1,1
8606,NDPS,22,1,2
8606,NDPS,21,1,3
8607,NDPS,22,1,1
8608,POCSO,8,1,1
8609,POCSO,8,1,1
8610,POCSO,6,1,1
8610,POCSO,8,1,2
8611,POCSO,8,1,1
8611,POCSO,6,1,2
8611,POCSO,4,1,3
8612,POCSO,6,1,1
8612,POCSO,4,1,2
8612,POCSO,8,1,3
8613,DP,4,1,1
8614,IT,67,1,1
8614,IT,66D,1,2
8614,IT,66C,1,3
8615,DP,4,1,1
8616,IT,66D,1,1
8617,IPC,323,1,1
8618,NDPS,8,1,1
8618,NDPS,21,1,2
8619,MV,184,1,1
8619,MV,177,1,2
8619,MV,196,1,3
8620,MV,177,1,1
8620,MV,196,1,2
8620,MV,184,1,3
8621,DP,4,1,1
8621,DP,3,1,2
8622,MV,177,1,1
8623,POCSO,4,1,1
8623,POCSO,8,1,2
8624,MV,177,1,1
8624,MV,196,1,2
8625,POCSO,6,1,1
8626,MV,184,1,1
8626,MV,196,1,2
8626,MV,177,1,3
8627,NDPS,8,1,1
8628,NDPS,21,1,1
8628,NDPS,8,1,2
8629,IPC,354,1,1
8629,IPC,34,1,2
8629,IPC,307,1,3
8630,IT,66D,1,1
8630,IT,66C,1,2
8630,IT,67,1,3
8631,POCSO,6,1,1
8632,POCSO,6,1,1
8632,POCSO,4,1,2
8632,POCSO,8,1,3
8633,MV,184,1,1
8634,IT,66C,1,1
8635,MV,184,1,1
8636,NDPS,20,1,1
8636,NDPS,21,1,2
8636,NDPS,22,1,3
8637,DP,4,1,1
8638,IPC,392,1,1
8638,IPC,120B,1,2
8638,IPC,302,1,3
8639,NDPS,22,1,1
8639,NDPS,20,1,2
8639,NDPS,21,1,3
8640,IPC,411,1,1
8640,IPC,34,1,2
8640,IPC,376,1,3
8641,DP,4,1,1
8642,IT,66C,1,1
8643,IPC,392,1,1
8643,IPC,376,1,2
8644,MV,177,1,1
8645,DP,3,1,1
8646,IPC,354,1,1
8646,IPC,34,1,2
8646,IPC,411,1,3
8647,DP,3,1,1
8647,DP,4,1,2
8648,DP,4,1,1
8649,IPC,34,1,1
8649,IPC,379,1,2
8650,IT,67,1,1
8650,IT,66D,1,2
8651,NDPS,20,1,1
8651,NDPS,22,1,2
8651,NDPS,21,1,3
8652,MV,196,1,1
8653,MV,196,1,1
8654,IPC,307,1,1
8655,POCSO,6,1,1
8656,IPC,376,1,1
8656,IPC,302,1,2
8657,POCSO,4,1,1
8657,POCSO,6,1,2
8658,IT,66D,1,1
8658,IT,67,1,2
8659,DP,4,1,1
8660,IPC,34,1,1
8660,IPC,379,1,2
8660,IPC,323,1,3
8661,IPC,34,1,1
8661,IPC,354,1,2
8661,IPC,307,1,3
8662,DP,4,1,1
8663,IT,67,1,1
8663,IT,66C,1,2
8663,IT,66D,1,3
8664,IT,66D,1,1
8664,IT,66C,1,2
8665,IT,67,1,1
8666,DP,3,1,1
8667,IT,66C,1,1
8667,IT,67,1,2
8668,IT,66C,1,1
8668,IT,66D,1,2
8668,IT,67,1,3
8669,IT,66C,1,1
8670,MV,184,1,1
8670,MV,177,1,2
8671,IPC,392,1,1
8671,IPC,307,1,2
8672,NDPS,20,1,1
8672,NDPS,8,1,2
8672,NDPS,22,1,3
8673,POCSO,8,1,1
8673,POCSO,6,1,2
8674,DP,3,1,1
8674,DP,4,1,2
8675,POCSO,6,1,1
8675,POCSO,4,1,2
8676,NDPS,20,1,1
8677,POCSO,6,1,1
8677,POCSO,8,1,2
8678,NDPS,8,1,1
8678,NDPS,21,1,2
8678,NDPS,22,1,3
8679,POCSO,8,1,1
8679,POCSO,6,1,2
8680,POCSO,8,1,1
8680,POCSO,6,1,2
8681,MV,196,1,1
8682,IPC,354,1,1
8683,DP,3,1,1
8684,POCSO,6,1,1
8685,IT,66C,1,1
8685,IT,66D,1,2
8685,IT,67,1,3
8686,POCSO,8,1,1
8686,POCSO,6,1,2
8686,POCSO,4,1,3
8687,POCSO,4,1,1
8687,POCSO,8,1,2
8688,POCSO,8,1,1
8689,POCSO,4,1,1
8690,MV,196,1,1
8691,MV,177,1,1
8692,MV,177,1,1
8692,MV,184,1,2
8692,MV,196,1,3
8693,IPC,354,1,1
8693,IPC,411,1,2
8694,POCSO,8,1,1
8694,POCSO,4,1,2
8695,NDPS,22,1,1
8695,NDPS,20,1,2
8696,IT,67,1,1
8696,IT,66D,1,2
8697,NDPS,20,1,1
8698,IPC,354,1,1
8698,IPC,392,1,2
8698,IPC,379,1,3
8699,IT,67,1,1
8699,IT,66C,1,2
8699,IT,66D,1,3
8700,POCSO,6,1,1
8700,POCSO,8,1,2
8701,IPC,392,1,1
8701,IPC,120B,1,2
8702,NDPS,22,1,1
8702,NDPS,20,1,2
8702,NDPS,21,1,3
8703,POCSO,8,1,1
8703,POCSO,6,1,2
8704,NDPS,22,1,1
8705,POCSO,4,1,1
8706,DP,3,1,1
8707,POCSO,8,1,1
8708,POCSO,6,1,1
8709,MV,184,1,1
8709,MV,177,1,2
8710,IT,66C,1,1
8711,DP,4,1,1
8712,IPC,354,1,1
8713,POCSO,6,1,1
8714,IPC,379,1,1
8714,IPC,420,1,2
8714,IPC,411,1,3
8715,DP,3,1,1
8715,DP,4,1,2
8716,MV,177,1,1
8716,MV,196,1,2
8717,MV,177,1,1
8717,MV,196,1,2
8717,MV,184,1,3
8718,POCSO,4,1,1
8718,POCSO,6,1,2
8718,POCSO,8,1,3
8719,DP,4,1,1
8719,DP,3,1,2
8720,IPC,120B,1,1
8721,NDPS,20,1,1
8721,NDPS,22,1,2
8722,MV,196,1,1
8722,MV,184,1,2
8722,MV,177,1,3
8723,DP,4,1,1
8723,DP,3,1,2
8724,IT,66C,1,1
8724,IT,67,1,2
8725,DP,3,1,1
8725,DP,4,1,2
8726,IPC,307,1,1
8726,IPC,354,1,2
8726,IPC,411,1,3
8727,NDPS,22,1,1
8727,NDPS,20,1,2
8728,POCSO,4,1,1
8728,POCSO,8,1,2
8728,POCSO,6,1,3
8729,DP,3,1,1
8729,DP,4,1,2
8730,DP,3,1,1
8731,IPC,307,1,1
8731,IPC,323,1,2
8731,IPC,392,1,3
8732,IT,66C,1,1
8733,MV,184,1,1
8733,MV,177,1,2
8733,MV,196,1,3
8734,IT,66D,1,1
8734,IT,67,1,2
8735,DP,4,1,1
8736,MV,196,1,1
8736,MV,177,1,2
8736,MV,184,1,3
8737,IT,67,1,1
8737,IT,66D,1,2
8738,IPC,376,1,1
8739,IT,67,1,1
8739,IT,66D,1,2
8740,IPC,307,1,1
8741,IPC,120B,1,1
8742,MV,177,1,1
8742,MV,196,1,2
8742,MV,184,1,3
8743,MV,177,1,1
8744,MV,184,1,1
8744,MV,196,1,2
8744,MV,177,1,3
8745,DP,3,1,1
8746,IT,66C,1,1
8746,IT,67,1,2
8746,IT,66D,1,3
8747,NDPS,22,1,1
8747,NDPS,8,1,2
8748,MV,184,1,1
8749,POCSO,4,1,1
8749,POCSO,6,1,2
8749,POCSO,8,1,3
8750,IPC,354,1,1
8750,IPC,379,1,2
8750,IPC,323,1,3
8751,DP,4,1,1
8751,DP,3,1,2
8752,IT,66D,1,1
8753,DP,4,1,1
8753,DP,3,1,2
8754,IT,67,1,1
8755,POCSO,6,1,1
8755,POCSO,8,1,2
8756,IPC,323,1,1
8756,IPC,34,1,2
8756,IPC,411,1,3
8757,MV,177,1,1
8757,MV,184,1,2
8757,MV,196,1,3
8758,IT,66D,1,1
8758,IT,67,1,2
8759,NDPS,20,1,1
8759,NDPS,8,1,2
8759,NDPS,21,1,3
8760,IPC,376,1,1
8761,IT,66D,1,1
8762,NDPS,21,1,1
8763,MV,184,1,1
8763,MV,177,1,2
8764,IPC,323,1,1
8764,IPC,392,1,2
8765,POCSO,6,1,1
8765,POCSO,8,1,2
8766,NDPS,8,1,1
8766,NDPS,22,1,2
8766,NDPS,21,1,3
8767,IPC,120B,1,1
8767,IPC,420,1,2
8767,IPC,323,1,3
8768,POCSO,8,1,1
8768,POCSO,4,1,2
8768,POCSO,6,1,3
8769,IPC,354,1,1
8769,IPC,376,1,2
8770,IT,67,1,1
8771,IPC,411,1,1
8772,IT,66C,1,1
8772,IT,67,1,2
8773,MV,177,1,1
8773,MV,196,1,2
8774,MV,177,1,1
8774,MV,184,1,2
8775,DP,4,1,1
8776,IT,66C,1,1
8777,DP,3,1,1
8777,DP,4,1,2
8778,POCSO,8,1,1
8778,POCSO,6,1,2
8778,POCSO,4,1,3
8779,DP,4,1,1
8779,DP,3,1,2
8780,NDPS,22,1,1
8780,NDPS,8,1,2
8781,DP,3,1,1
8781,DP,4,1,2
8782,MV,196,1,1
8782,MV,177,1,2
8783,IT,66D,1,1
8783,IT,66C,1,2
8784,DP,3,1,1
8784,DP,4,1,2
8785,POCSO,4,1,1
8786,MV,184,1,1
8786,MV,177,1,2
8786,MV,196,1,3
8787,POCSO,6,1,1
8787,POCSO,8,1,2
8787,POCSO,4,1,3
8788,IPC,411,1,1
8788,IPC,376,1,2
8788,IPC,354,1,3
8789,DP,4,1,1
8790,POCSO,8,1,1
8790,POCSO,6,1,2
8790,POCSO,4,1,3
8791,IPC,323,1,1
8792,IPC,392,1,1
8793,DP,3,1,1
8793,DP,4,1,2
8794,IT,67,1,1
8794,IT,66D,1,2
8794,IT,66C,1,3
8795,IT,67,1,1
8795,IT,66C,1,2
8795,IT,66D,1,3
8796,DP,3,1,1
8796,DP,4,1,2
8797,MV,196,1,1
8798,DP,3,1,1
8798,DP,4,1,2
8799,NDPS,21,1,1
8799,NDPS,8,1,2
8800,NDPS,22,1,1
8800,NDPS,21,1,2
8800,NDPS,8,1,3
8801,DP,4,1,1
8801,DP,3,1,2
8802,POCSO,4,1,1
8802,POCSO,6,1,2
8802,POCSO,8,1,3
8803,NDPS,8,1,1
8803,NDPS,20,1,2
8803,NDPS,21,1,3
8804,MV,184,1,1
8804,MV,196,1,2
8805,DP,4,1,1
8805,DP,3,1,2
8806,MV,184,1,1
8807,POCSO,8,1,1
8807,POCSO,6,1,2
8808,IT,67,1,1
8808,IT,66C,1,2
8808,IT,66D,1,3
8809,IT,66C,1,1
8810,POCSO,8,1,1
8810,POCSO,6,1,2
8810,POCSO,4,1,3
8811,DP,4,1,1
8811,DP,3,1,2
8812,DP,3,1,1
8812,DP,4,1,2
8813,IPC,392,1,1
8814,IPC,420,1,1
8815,MV,196,1,1
8815,MV,177,1,2
8815,MV,184,1,3
8816,IPC,379,1,1
8817,DP,3,1,1
8817,DP,4,1,2
8818,MV,184,1,1
8819,POCSO,4,1,1
8820,IT,66D,1,1
8820,IT,67,1,2
8820,IT,66C,1,3
8821,IPC,323,1,1
8821,IPC,392,1,2
8822,DP,3,1,1
8823,IT,67,1,1
8823,IT,66C,1,2
8823,IT,66D,1,3
8824,IT,66D,1,1
8824,IT,66C,1,2
8825,POCSO,4,1,1
8825,POCSO,8,1,2
8825,POCSO,6,1,3
8826,DP,3,1,1
8827,NDPS,8,1,1
8827,NDPS,22,1,2
8828,IT,66C,1,1
8828,IT,67,1,2
8829,IPC,392,1,1
8829,IPC,376,1,2
8829,IPC,323,1,3
8830,IPC,120B,1,1
8830,IPC,392,1,2
8831,DP,3,1,1
8831,DP,4,1,2
8832,IPC,307,1,1
8832,IPC,323,1,2
8832,IPC,392,1,3
8833,IT,66D,1,1
8834,POCSO,8,1,1
8834,POCSO,6,1,2
8834,POCSO,4,1,3
8835,IT,66D,1,1
8836,MV,177,1,1
8836,MV,184,1,2
8836,MV,196,1,3
8837,IPC,34,1,1
8837,IPC,354,1,2
8838,DP,3,1,1
8839,NDPS,8,1,1
8840,IT,66C,1,1
8840,IT,66D,1,2
8841,DP,3,1,1
8841,DP,4,1,2
8842,POCSO,8,1,1
8843,IPC,420,1,1
8844,POCSO,4,1,1
8844,POCSO,8,1,2
8844,POCSO,6,1,3
8845,IPC,120B,1,1
8845,IPC,323,1,2
8846,IPC,354,1,1
8847,MV,184,1,1
8848,POCSO,6,1,1
8848,POCSO,8,1,2
8848,POCSO,4,1,3
8849,POCSO,8,1,1
8850,DP,4,1,1
8850,DP,3,1,2
8851,IPC,354,1,1
8852,IPC,392,1,1
8852,IPC,354,1,2
8853,IT,66D,1,1
8853,IT,67,1,2
8854,NDPS,21,1,1
8855,POCSO,4,1,1
8855,POCSO,6,1,2
8856,DP,3,1,1
8857,IPC,323,1,1
8857,IPC,34,1,2
8857,IPC,120B,1,3
8858,MV,184,1,1
8858,MV,177,1,2
8858,MV,196,1,3
8859,POCSO,8,1,1
8859,POCSO,4,1,2
8860,POCSO,6,1,1
8860,POCSO,8,1,2
8860,POCSO,4,1,3
8861,IPC,411,1,1
8861,IPC,307,1,2
8861,IPC,34,1,3
8862,IPC,302,1,1
8862,IPC,354,1,2
8863,DP,4,1,1
8863,DP,3,1,2
8864,IT,67,1,1
8864,IT,66D,1,2
8864,IT,66C,1,3
8865,IPC,376,1,1
8865,IPC,34,1,2
8866,DP,3,1,1
8866,DP,4,1,2
8867,IPC,120B,1,1
8867,IPC,323,1,2
8867,IPC,376,1,3
8868,POCSO,6,1,1
8868,POCSO,8,1,2
8869,IPC,411,1,1
8869,IPC,376,1,2
8870,IPC,379,1,1
8870,IPC,392,1,2
8871,MV,184,1,1
8871,MV,177,1,2
8872,IT,66D,1,1
8873,POCSO,6,1,1
8873,POCSO,4,1,2
8873,POCSO,8,1,3
8874,MV,184,1,1
8875,MV,184,1,1
8876,NDPS,21,1,1
8876,NDPS,22,1,2
8876,NDPS,20,1,3
8877,NDPS,21,1,1
8877,NDPS,8,1,2
8878,POCSO,4,1,1
8878,POCSO,6,1,2
8879,MV,177,1,1
8880,MV,196,1,1
8880,MV,177,1,2
8880,MV,184,1,3
8881,POCSO,8,1,1
8881,POCSO,4,1,2
8882,DP,3,1,1
8882,DP,4,1,2
8883,IPC,307,1,1
8883,IPC,34,1,2
8883,IPC,120B,1,3
8884,DP,4,1,1
8885,NDPS,21,1,1
8885,NDPS,8,1,2
8886,MV,196,1,1
8886,MV,184,1,2
8886,MV,177,1,3
8887,DP,4,1,1
8887,DP,3,1,2
8888,IPC,354,1,1
8888,IPC,379,1,2
8888,IPC,376,1,3
8889,NDPS,8,1,1
8890,MV,177,1,1
8890,MV,184,1,2
8890,MV,196,1,3
8891,IPC,34,1,1
8891,IPC,392,1,2
8892,IPC,120B,1,1
8892,IPC,411,1,2
8893,DP,3,1,1
8894,POCSO,6,1,1
8895,IPC,120B,1,1
8896,MV,184,1,1
8897,POCSO,6,1,1
8897,POCSO,8,1,2
8898,DP,4,1,1
8899,MV,184,1,1
8899,MV,196,1,2
8899,MV,177,1,3
8900,IPC,307,1,1
8900,IPC,302,1,2
8900,IPC,323,1,3
8901,NDPS,21,1,1
8901,NDPS,8,1,2
8901,NDPS,20,1,3
8902,MV,196,1,1
8902,MV,184,1,2
8902,MV,177,1,3
8903,NDPS,22,1,1
8903,NDPS,20,1,2
8904,IPC,379,1,1
8904,IPC,411,1,2
8905,IPC,379,1,1
8906,POCSO,4,1,1
8906,POCSO,6,1,2
8906,POCSO,8,1,3
8907,DP,4,1,1
8908,IPC,392,1,1
8909,NDPS,22,1,1
8910,MV,177,1,1
8911,IPC,379,1,1
8911,IPC,34,1,2
8912,MV,177,1,1
8913,MV,177,1,1
8913,MV,196,1,2
8914,IT,66D,1,1
8914,IT,66C,1,2
8915,DP,3,1,1
8915,DP,4,1,2
8916,DP,3,1,1
8916,DP,4,1,2
8917,IPC,392,1,1
8917,IPC,379,1,2
8918,IPC,411,1,1
8918,IPC,120B,1,2
8918,IPC,376,1,3
8919,DP,3,1,1
8919,DP,4,1,2
8920,DP,4,1,1
8920,DP,3,1,2
8921,DP,3,1,1
8922,NDPS,21,1,1
8922,NDPS,22,1,2
8922,NDPS,8,1,3
8923,MV,177,1,1
8924,MV,196,1,1
8925,IT,66C,1,1
8926,IPC,411,1,1
8926,IPC,307,1,2
8927,MV,184,1,1
8927,MV,196,1,2
8928,NDPS,22,1,1
8928,NDPS,8,1,2
8929,DP,3,1,1
8929,DP,4,1,2
8930,NDPS,22,1,1
8930,NDPS,8,1,2
8931,IPC,323,1,1
8931,IPC,379,1,2
8932,DP,3,1,1
8933,IPC,34,1,1
8934,IT,66C,1,1
8934,IT,67,1,2
8934,IT,66D,1,3
8935,IPC,302,1,1
8936,IPC,420,1,1
8937,IT,66D,1,1
8938,POCSO,6,1,1
8938,POCSO,8,1,2
8938,POCSO,4,1,3
8939,MV,184,1,1
8939,MV,196,1,2
8940,NDPS,20,1,1
8941,MV,177,1,1
8942,POCSO,6,1,1
8942,POCSO,4,1,2
8943,NDPS,20,1,1
8944,IT,67,1,1
8944,IT,66C,1,2
8945,IPC,392,1,1
8945,IPC,120B,1,2
8945,IPC,34,1,3
8946,POCSO,8,1,1
8946,POCSO,4,1,2
8947,NDPS,22,1,1
8948,MV,184,1,1
8949,IPC,307,1,1
8949,IPC,376,1,2
8950,IPC,411,1,1
8950,IPC,323,1,2
8950,IPC,420,1,3
8951,IT,67,1,1
8951,IT,66C,1,2
8951,IT,66D,1,3
8952,DP,3,1,1
8952,DP,4,1,2
8953,DP,4,1,1
8954,POCSO,8,1,1
8955,NDPS,20,1,1
8956,DP,3,1,1
8957,MV,196,1,1
8957,MV,184,1,2
8958,MV,196,1,1
8958,MV,184,1,2
8958,MV,177,1,3
8959,MV,177,1,1
8959,MV,196,1,2
8959,MV,184,1,3
8960,NDPS,21,1,1
8960,NDPS,20,1,2
8960,NDPS,22,1,3
8961,IT,67,1,1
8961,IT,66C,1,2
8961,IT,66D,1,3
8962,DP,3,1,1
8963,IT,67,1,1
8964,IT,67,1,1
8964,IT,66C,1,2
8965,POCSO,4,1,1
8965,POCSO,8,1,2
8965,POCSO,6,1,3
8966,IPC,307,1,1
8966,IPC,379,1,2
8966,IPC,323,1,3
8967,NDPS,22,1,1
8968,IPC,34,1,1
8968,IPC,379,1,2
8968,IPC,376,1,3
8969,NDPS,21,1,1
8970,IT,67,1,1
8970,IT,66C,1,2
8971,IT,66C,1,1
8971,IT,67,1,2
8971,IT,66D,1,3
8972,DP,3,1,1
8973,MV,177,1,1
8973,MV,196,1,2
8973,MV,184,1,3
8974,IPC,379,1,1
8975,POCSO,6,1,1
8975,POCSO,4,1,2
8976,IT,67,1,1
8976,IT,66D,1,2
8977,MV,196,1,1
8978,NDPS,20,1,1
8978,NDPS,8,1,2
8979,DP,4,1,1
8979,DP,3,1,2
8980,DP,4,1,1
8981,NDPS,8,1,1
8981,NDPS,22,1,2
8982,IT,66C,1,1
8983,IPC,354,1,1
8983,IPC,420,1,2
8984,IPC,302,1,1
8985,IPC,307,1,1
8985,IPC,354,1,2
8986,MV,177,1,1
8986,MV,184,1,2
8986,MV,196,1,3
8987,IPC,376,1,1
8987,IPC,302,1,2
8988,NDPS,20,1,1
8988,NDPS,21,1,2
8989,IPC,302,1,1
8989,IPC,307,1,2
8990,DP,4,1,1
8990,DP,3,1,2
8991,MV,177,1,1
8991,MV,196,1,2
8991,MV,184,1,3
8992,IPC,379,1,1
8992,IPC,120B,1,2
8992,IPC,420,1,3
8993,MV,177,1,1
8993,MV,184,1,2
8994,IPC,392,1,1
8994,IPC,307,1,2
8995,MV,196,1,1
8995,MV,177,1,2
8995,MV,184,1,3
8996,IPC,307,1,1
8996,IPC,302,1,2
8997,NDPS,21,1,1
8997,NDPS,8,1,2
8998,IPC,302,1,1
8998,IPC,307,1,2
8999,IT,67,1,1
9000,IPC,411,1,1
9000,IPC,420,1,2
9001,MV,184,1,1
9001,MV,177,1,2
9002,POCSO,8,1,1
9002,POCSO,6,1,2
9002,POCSO,4,1,3
9003,MV,196,1,1
9004,MV,177,1,1
9004,MV,184,1,2
9004,MV,196,1,3
9005,NDPS,21,1,1
9005,NDPS,22,1,2
9006,MV,184,1,1
9006,MV,177,1,2
9006,MV,196,1,3
9007,IT,67,1,1
9008,NDPS,21,1,1
9008,NDPS,20,1,2
9008,NDPS,8,1,3
9009,IPC,120B,1,1
9010,NDPS,8,1,1
9010,NDPS,20,1,2
9010,NDPS,21,1,3
9011,IT,66D,1,1
9011,IT,67,1,2
9012,IPC,307,1,1
9012,IPC,34,1,2
9013,IPC,34,1,1
9013,IPC,120B,1,2
9014,NDPS,8,1,1
9014,NDPS,22,1,2
9015,POCSO,6,1,1
9015,POCSO,4,1,2
9016,DP,3,1,1
9017,NDPS,20,1,1
9018,MV,196,1,1
9019,NDPS,20,1,1
9020,MV,196,1,1
9021,MV,177,1,1
9021,MV,196,1,2
9021,MV,184,1,3
9022,MV,177,1,1
9023,IPC,34,1,1
9024,POCSO,6,1,1
9024,POCSO,8,1,2
9025,NDPS,21,1,1
9026,DP,4,1,1
9027,NDPS,21,1,1
9027,NDPS,22,1,2
9028,DP,4,1,1
9028,DP,3,1,2
9029,POCSO,6,1,1
9029,POCSO,4,1,2
9029,POCSO,8,1,3
9030,POCSO,4,1,1
9030,POCSO,6,1,2
9031,IT,66D,1,1
9032,IPC,302,1,1
9032,IPC,323,1,2
9033,DP,3,1,1
9034,NDPS,22,1,1
9035,IT,66C,1,1
9036,IPC,376,1,1
9037,IPC,420,1,1
9038,POCSO,6,1,1
9038,POCSO,8,1,2
9038,POCSO,4,1,3
9039,IT,66C,1,1
9039,IT,67,1,2
9039,IT,66D,1,3
9040,IT,67,1,1
9040,IT,66C,1,2
9041,POCSO,6,1,1
9041,POCSO,4,1,2
9041,POCSO,8,1,3
9042,DP,3,1,1
9042,DP,4,1,2
9043,DP,3,1,1
9044,MV,196,1,1
9045,IPC,392,1,1
9046,MV,196,1,1
9046,MV,184,1,2
9047,IPC,379,1,1
9047,IPC,307,1,2
9047,IPC,34,1,3
9048,POCSO,8,1,1
9048,POCSO,4,1,2
9048,POCSO,6,1,3
9049,MV,184,1,1
9049,MV,196,1,2
9049,MV,177,1,3
9050,POCSO,6,1,1
9051,IT,66D,1,1
9051,IT,67,1,2
9051,IT,66C,1,3
9052,MV,184,1,1
9053,IT,67,1,1
9053,IT,66C,1,2
9053,IT,66D,1,3
9054,POCSO,8,1,1
9054,POCSO,4,1,2
9055,DP,3,1,1
9055,DP,4,1,2
9056,NDPS,22,1,1
9057,POCSO,8,1,1
9057,POCSO,4,1,2
9058,IPC,379,1,1
9058,IPC,120B,1,2
9059,MV,177,1,1
9060,NDPS,20,1,1
9060,NDPS,8,1,2
9060,NDPS,22,1,3
9061,IT,67,1,1
9061,IT,66C,1,2
9062,IPC,354,1,1
9062,IPC,323,1,2
9063,DP,3,1,1
9063,DP,4,1,2
9064,NDPS,22,1,1
9064,NDPS,8,1,2
9064,NDPS,21,1,3
9065,POCSO,6,1,1
9065,POCSO,8,1,2
9066,NDPS,22,1,1
9066,NDPS,8,1,2
9067,MV,177,1,1
9068,POCSO,4,1,1
9068,POCSO,6,1,2
9068,POCSO,8,1,3
9069,NDPS,22,1,1
9069,NDPS,20,1,2
9070,MV,196,1,1
9071,MV,177,1,1
9071,MV,184,1,2
9071,MV,196,1,3
9072,NDPS,8,1,1
9072,NDPS,21,1,2
9073,IT,66C,1,1
9073,IT,66D,1,2
9073,IT,67,1,3
9074,IPC,379,1,1
9074,IPC,354,1,2
9075,POCSO,8,1,1
9075,POCSO,6,1,2
9076,NDPS,20,1,1
9076,NDPS,8,1,2
9077,DP,3,1,1
9077,DP,4,1,2
9078,IT,67,1,1
9078,IT,66D,1,2
9079,NDPS,8,1,1
9080,IPC,120B,1,1
9080,IPC,34,1,2
9081,IPC,354,1,1
9081,IPC,120B,1,2
9082,NDPS,22,1,1
9082,NDPS,21,1,2
9082,NDPS,20,1,3
9083,IPC,323,1,1
9084,POCSO,6,1,1
9084,POCSO,4,1,2
9084,POCSO,8,1,3
9085,POCSO,4,1,1
9086,IT,66D,1,1
9086,IT,66C,1,2
9087,NDPS,20,1,1
9087,NDPS,21,1,2
9087,NDPS,22,1,3
9088,DP,3,1,1
9089,IT,67,1,1
9089,IT,66D,1,2
9089,IT,66C,1,3
9090,MV,177,1,1
9091,MV,177,1,1
9091,MV,196,1,2
9091,MV,184,1,3
9092,POCSO,4,1,1
9092,POCSO,8,1,2
9092,POCSO,6,1,3
9093,POCSO,6,1,1
9093,POCSO,8,1,2
9094,IT,67,1,1
9094,IT,66D,1,2
9094,IT,66C,1,3
9095,NDPS,22,1,1
9095,NDPS,21,1,2
9095,NDPS,20,1,3
9096,IT,66C,1,1
9096,IT,67,1,2
9097,NDPS,8,1,1
9097,NDPS,21,1,2
9098,POCSO,4,1,1
9098,POCSO,6,1,2
9098,POCSO,8,1,3
9099,MV,184,1,1
9099,MV,196,1,2
9100,IPC,302,1,1
9101,IT,66D,1,1
9101,IT,67,1,2
9101,IT,66C,1,3
9102,IPC,392,1,1
9102,IPC,411,1,2
9103,DP,4,1,1
9103,DP,3,1,2
9104,POCSO,8,1,1
9104,POCSO,4,1,2
9105,IT,66D,1,1
9106,MV,184,1,1
9106,MV,196,1,2
9106,MV,177,1,3
9107,IT,67,1,1
9107,IT,66D,1,2
9108,NDPS,22,1,1
9108,NDPS,8,1,2
9109,POCSO,4,1,1
9109,POCSO,6,1,2
9110,DP,4,1,1
9111,MV,184,1,1
9112,IPC,392,1,1
9112,IPC,302,1,2
9112,IPC,411,1,3
9113,POCSO,4,1,1
9113,POCSO,8,1,2
9113,POCSO,6,1,3
9114,IPC,354,1,1
9114,IPC,120B,1,2
9115,NDPS,8,1,1
9116,DP,3,1,1
9116,DP,4,1,2
9117,IPC,379,1,1
9117,IPC,376,1,2
9117,IPC,354,1,3
9118,IPC,354,1,1
9119,POCSO,8,1,1
9120,DP,3,1,1
9121,DP,3,1,1
9121,DP,4,1,2
9122,DP,3,1,1
9123,DP,3,1,1
9123,DP,4,1,2
9124,IT,66D,1,1
9124,IT,67,1,2
9125,IPC,376,1,1
9125,IPC,411,1,2
9126,NDPS,8,1,1
9126,NDPS,20,1,2
9127,MV,177,1,1
9128,POCSO,8,1,1
9129,NDPS,8,1,1
9129,NDPS,22,1,2
9129,NDPS,21,1,3
9130,MV,196,1,1
9131,NDPS,22,1,1
9132,IT,67,1,1
9133,MV,184,1,1
9133,MV,196,1,2
9133,MV,177,1,3
9134,POCSO,8,1,1
9134,POCSO,4,1,2
9135,DP,3,1,1
9135,DP,4,1,2
9136,POCSO,8,1,1
9137,IT,66D,1,1
9137,IT,66C,1,2
9138,DP,3,1,1
9139,DP,4,1,1
9139,DP,3,1,2
9140,IPC,379,1,1
9141,NDPS,8,1,1
9142,DP,4,1,1
9142,DP,3,1,2
9143,IPC,302,1,1
9143,IPC,323,1,2
9144,DP,3,1,1
9145,IPC,411,1,1
9146,IT,66C,1,1
9146,IT,66D,1,2
9146,IT,67,1,3
9147,NDPS,20,1,1
9148,POCSO,8,1,1
9149,NDPS,22,1,1
9149,NDPS,8,1,2
9150,IT,66D,1,1
9150,IT,67,1,2
9150,IT,66C,1,3
9151,IT,66C,1,1
9151,IT,67,1,2
9151,IT,66D,1,3
9152,POCSO,8,1,1
9152,POCSO,4,1,2
9153,MV,196,1,1
9153,MV,177,1,2
9154,DP,3,1,1
9155,POCSO,8,1,1
9155,POCSO,6,1,2
9156,IPC,34,1,1
9156,IPC,120B,1,2
9157,DP,3,1,1
9158,IPC,411,1,1
9159,MV,196,1,1
9159,MV,177,1,2
9160,POCSO,8,1,1
9161,MV,196,1,1
9161,MV,177,1,2
9162,DP,3,1,1
9163,NDPS,20,1,1
9163,NDPS,21,1,2
9163,NDPS,22,1,3
9164,POCSO,8,1,1
9164,POCSO,4,1,2
9165,IT,66C,1,1
9166,IPC,323,1,1
9166,IPC,411,1,2
9166,IPC,392,1,3
9167,NDPS,8,1,1
9167,NDPS,21,1,2
9168,IPC,379,1,1
9169,NDPS,22,1,1
9170,MV,177,1,1
9170,MV,184,1,2
9170,MV,196,1,3
9171,IPC,307,1,1
9171,IPC,411,1,2
9171,IPC,302,1,3
9172,MV,184,1,1
9172,MV,177,1,2
9173,POCSO,6,1,1
9173,POCSO,8,1,2
9173,POCSO,4,1,3
9174,MV,184,1,1
9174,MV,177,1,2
9175,POCSO,6,1,1
9175,POCSO,8,1,2
9175,POCSO,4,1,3
9176,POCSO,8,1,1
9176,POCSO,6,1,2
9176,POCSO,4,1,3
9177,IPC,392,1,1
9177,IPC,307,1,2
9177,IPC,34,1,3
9178,MV,184,1,1
9178,MV,177,1,2
9178,MV,196,1,3
9179,POCSO,8,1,1
9179,POCSO,6,1,2
9180,IPC,411,1,1
9181,IPC,120B,1,1
9182,MV,177,1,1
9182,MV,196,1,2
9182,MV,184,1,3
9183,POCSO,6,1,1
9183,POCSO,4,1,2
9184,MV,196,1,1
9185,IPC,392,1,1
9185,IPC,354,1,2
9186,MV,196,1,1
9187,MV,184,1,1
9187,MV,177,1,2
9187,MV,196,1,3
9188,IPC,323,1,1
9188,IPC,34,1,2
9189,DP,3,1,1
9190,IT,66C,1,1
9190,IT,67,1,2
9190,IT,66D,1,3
9191,POCSO,8,1,1
9191,POCSO,6,1,2
9191,POCSO,4,1,3
9192,IT,66D,1,1
9192,IT,67,1,2
9192,IT,66C,1,3
9193,MV,177,1,1
9193,MV,196,1,2
9193,MV,184,1,3
9194,POCSO,8,1,1
9194,POCSO,4,1,2
9194,POCSO,6,1,3
9195,DP,3,1,1
9196,DP,4,1,1
9197,POCSO,6,1,1
9197,POCSO,8,1,2
9198,IPC,379,1,1
9198,IPC,411,1,2
9198,IPC,120B,1,3
9199,DP,3,1,1
9200,IPC,34,1,1
9200,IPC,354,1,2
9201,IPC,307,1,1
9201,IPC,379,1,2
9201,IPC,34,1,3
9202,MV,196,1,1
9203,NDPS,21,1,1
9203,NDPS,22,1,2
9203,NDPS,8,1,3
9204,DP,4,1,1
9204,DP,3,1,2
9205,IPC,379,1,1
9205,IPC,34,1,2
9206,IPC,420,1,1
9207,NDPS,8,1,1
9208,NDPS,20,1,1
9209,DP,4,1,1
9209,DP,3,1,2
9210,NDPS,21,1,1
9210,NDPS,8,1,2
9210,NDPS,20,1,3
9211,POCSO,6,1,1
9212,DP,4,1,1
9213,NDPS,20,1,1
9213,NDPS,21,1,2
9213,NDPS,22,1,3
9214,NDPS,21,1,1
9214,NDPS,22,1,2
9214,NDPS,8,1,3
9215,IPC,392,1,1
9215,IPC,120B,1,2
9216,IPC,379,1,1
9216,IPC,120B,1,2
9216,IPC,392,1,3
9217,NDPS,8,1,1
9217,NDPS,20,1,2
9217,NDPS,22,1,3
9218,DP,3,1,1
9218,DP,4,1,2
9219,MV,177,1,1
9219,MV,184,1,2
9219,MV,196,1,3
9220,NDPS,20,1,1
9221,DP,4,1,1
9222,IPC,34,1,1
9222,IPC,379,1,2
9222,IPC,302,1,3
9223,DP,3,1,1
9224,MV,196,1,1
9224,MV,184,1,2
9225,IT,67,1,1
9225,IT,66C,1,2
9226,IPC,34,1,1
9226,IPC,392,1,2
9227,NDPS,20,1,1
9228,IT,67,1,1
9228,IT,66D,1,2
9228,IT,66C,1,3
9229,MV,184,1,1
9229,MV,196,1,2
9230,IPC,411,1,1
9230,IPC,323,1,2
9231,IPC,411,1,1
9232,IPC,120B,1,1
9232,IPC,323,1,2
9233,POCSO,4,1,1
9233,POCSO,8,1,2
9233,POCSO,6,1,3
9234,MV,184,1,1
9234,MV,177,1,2
9234,MV,196,1,3
9235,DP,3,1,1
9236,IPC,379,1,1
9237,POCSO,8,1,1
9237,POCSO,4,1,2
9237,POCSO,6,1,3
9238,MV,177,1,1
9238,MV,184,1,2
9238,MV,196,1,3
9239,IPC,392,1,1
9239,IPC,323,1,2
9239,IPC,420,1,3
9240,MV,196,1,1
9240,MV,177,1,2
9241,IT,66C,1,1
9241,IT,66D,1,2
9242,POCSO,6,1,1
9242,POCSO,4,1,2
9242,POCSO,8,1,3
9243,NDPS,21,1,1
9244,IPC,307,1,1
9244,IPC,379,1,2
9244,IPC,420,1,3
9245,POCSO,8,1,1
9245,POCSO,6,1,2
9245,POCSO,4,1,3
9246,IPC,323,1,1
9247,IT,67,1,1
9248,MV,196,1,1
9248,MV,177,1,2
9249,NDPS,20,1,1
9250,NDPS,8,1,1
9250,NDPS,22,1,2
9250,NDPS,20,1,3
9251,DP,4,1,1
9252,NDPS,8,1,1
9253,MV,184,1,1
9253,MV,196,1,2
9253,MV,177,1,3
9254,DP,4,1,1
9254,DP,3,1,2
9255,POCSO,8,1,1
9256,POCSO,6,1,1
9256,POCSO,8,1,2
9257,MV,184,1,1
9258,IPC,354,1,1
9258,IPC,420,1,2
9258,IPC,376,1,3
9259,IPC,302,1,1
9259,IPC,307,1,2
9259,IPC,392,1,3
9260,IT,66C,1,1
9261,IPC,420,1,1
9261,IPC,411,1,2
9262,MV,177,1,1
9263,IPC,420,1,1
9264,IPC,307,1,1
9264,IPC,379,1,2
9264,IPC,392,1,3
9265,POCSO,8,1,1
9266,POCSO,4,1,1
9267,IT,67,1,1
9268,IPC,34,1,1
9268,IPC,120B,1,2
9269,MV,196,1,1
9269,MV,177,1,2
9270,MV,196,1,1
9270,MV,184,1,2
9271,POCSO,4,1,1
9271,POCSO,6,1,2
9271,POCSO,8,1,3
9272,NDPS,21,1,1
9272,NDPS,8,1,2
9272,NDPS,20,1,3
9273,MV,196,1,1
9274,NDPS,20,1,1
9275,POCSO,6,1,1
9275,POCSO,4,1,2
9276,IPC,379,1,1
9277,IPC,354,1,1
9277,IPC,392,1,2
9277,IPC,411,1,3
9278,IPC,307,1,1
9278,IPC,392,1,2
9279,DP,4,1,1
9280,DP,3,1,1
9280,DP,4,1,2
9281,POCSO,4,1,1
9282,POCSO,8,1,1
9282,POCSO,4,1,2
9283,IPC,34,1,1
9283,IPC,120B,1,2
9283,IPC,323,1,3
9284,POCSO,6,1,1
9284,POCSO,8,1,2
9285,POCSO,8,1,1
9286,MV,177,1,1
9287,POCSO,8,1,1
9287,POCSO,6,1,2
9287,POCSO,4,1,3
9288,MV,196,1,1
9288,MV,184,1,2
9288,MV,177,1,3
9289,DP,4,1,1
9290,POCSO,4,1,1
9291,MV,196,1,1
9291,MV,184,1,2
9292,IT,66D,1,1
9292,IT,67,1,2
9292,IT,66C,1,3
9293,MV,177,1,1
9294,IPC,392,1,1
9295,IT,67,1,1
9296,POCSO,8,1,1
9296,POCSO,4,1,2
9297,NDPS,20,1,1
9297,NDPS,8,1,2
9298,NDPS,22,1,1
9299,POCSO,6,1,1
9300,IT,66C,1,1
9300,IT,66D,1,2
9300,IT,67,1,3
9301,MV,177,1,1
9301,MV,196,1,2
9302,IPC,120B,1,1
9303,MV,196,1,1
9303,MV,177,1,2
9304,NDPS,20,1,1
9305,NDPS,8,1,1
9305,NDPS,20,1,2
9305,NDPS,21,1,3
9306,MV,196,1,1
9306,MV,177,1,2
9307,POCSO,8,1,1
9307,POCSO,4,1,2
9307,POCSO,6,1,3
9308,POCSO,4,1,1
9309,MV,184,1,1
9309,MV,196,1,2
9309,MV,177,1,3
9310,IPC,411,1,1
9311,NDPS,20,1,1
9311,NDPS,8,1,2
9311,NDPS,22,1,3
9312,MV,184,1,1
9312,MV,196,1,2
9313,DP,3,1,1
9314,POCSO,8,1,1
9314,POCSO,6,1,2
9314,POCSO,4,1,3
9315,IT,67,1,1
9315,IT,66D,1,2
9315,IT,66C,1,3
9316,DP,4,1,1
9316,DP,3,1,2
9317,IT,67,1,1
9318,IPC,307,1,1
9319,POCSO,4,1,1
9319,POCSO,8,1,2
9319,POCSO,6,1,3
9320,IT,67,1,1
9320,IT,66D,1,2
9321,IPC,323,1,1
9321,IPC,307,1,2
9322,IT,67,1,1
9323,POCSO,8,1,1
9323,POCSO,4,1,2
9323,POCSO,6,1,3
9324,DP,3,1,1
9325,MV,196,1,1
9326,DP,3,1,1
9326,DP,4,1,2
9327,NDPS,8,1,1
9327,NDPS,20,1,2
9328,IPC,376,1,1
9329,MV,196,1,1
9329,MV,184,1,2
9329,MV,177,1,3
9330,DP,4,1,1
9331,POCSO,4,1,1
9331,POCSO,6,1,2
9331,POCSO,8,1,3
9332,DP,3,1,1
9332,DP,4,1,2
9333,MV,177,1,1
9333,MV,184,1,2
9333,MV,196,1,3
9334,DP,4,1,1
9334,DP,3,1,2
9335,IPC,376,1,1
9336,MV,177,1,1
9336,MV,184,1,2
9337,MV,177,1,1
9338,IT,66D,1,1
9338,IT,66C,1,2
9339,IPC,379,1,1
9339,IPC,34,1,2
9339,IPC,120B,1,3
9340,NDPS,21,1,1
9340,NDPS,20,1,2
9340,NDPS,8,1,3
9341,DP,3,1,1
9342,MV,196,1,1
9343,POCSO,4,1,1
9343,POCSO,8,1,2
9344,DP,4,1,1
9345,IPC,323,1,1
9345,IPC,120B,1,2
9345,IPC,354,1,3
9346,NDPS,20,1,1
9346,NDPS,8,1,2
9346,NDPS,22,1,3
9347,MV,177,1,1
9347,MV,196,1,2
9348,DP,4,1,1
9348,DP,3,1,2
9349,DP,3,1,1
9349,DP,4,1,2
9350,MV,177,1,1
9351,MV,196,1,1
9351,MV,177,1,2
9351,MV,184,1,3
9352,MV,184,1,1
9352,MV,196,1,2
9353,IPC,307,1,1
9354,MV,184,1,1
9354,MV,177,1,2
9355,DP,3,1,1
9355,DP,4,1,2
9356,NDPS,21,1,1
9356,NDPS,22,1,2
9356,NDPS,20,1,3
9357,POCSO,4,1,1
9358,MV,196,1,1
9358,MV,177,1,2
9358,MV,184,1,3
9359,DP,3,1,1
9360,DP,3,1,1
9361,NDPS,22,1,1
9362,IT,66C,1,1
9363,MV,184,1,1
9364,NDPS,21,1,1
9365,NDPS,22,1,1
9365,NDPS,8,1,2
9366,IPC,411,1,1
9366,IPC,354,1,2
9366,IPC,379,1,3
9367,POCSO,6,1,1
9367,POCSO,8,1,2
9367,POCSO,4,1,3
9368,POCSO,6,1,1
9369,DP,3,1,1
9370,DP,4,1,1
9370,DP,3,1,2
9371,NDPS,22,1,1
9372,IPC,323,1,1
9372,IPC,376,1,2
9372,IPC,307,1,3
9373,IT,66C,1,1
9373,IT,66D,1,2
9373,IT,67,1,3
9374,POCSO,8,1,1
9375,IT,66D,1,1
9375,IT,67,1,2
9376,IT,66C,1,1
9376,IT,67,1,2
9377,POCSO,6,1,1
9377,POCSO,8,1,2
9378,DP,4,1,1
9379,MV,177,1,1
9379,MV,184,1,2
9379,MV,196,1,3
9380,IPC,354,1,1
9380,IPC,392,1,2
9381,IPC,376,1,1
9382,MV,177,1,1
9382,MV,196,1,2
9383,POCSO,4,1,1
9384,MV,177,1,1
9385,NDPS,22,1,1
9386,MV,184,1,1
9387,MV,196,1,1
9387,MV,184,1,2
9387,MV,177,1,3
9388,IT,67,1,1
9388,IT,66D,1,2
9389,NDPS,21,1,1
9389,NDPS,22,1,2
9390,MV,184,1,1
9390,MV,196,1,2
9390,MV,177,1,3
9391,NDPS,22,1,1
9392,IPC,302,1,1
9392,IPC,323,1,2
9393,DP,4,1,1
9394,IPC,302,1,1
9395,IPC,376,1,1
9395,IPC,392,1,2
9395,IPC,323,1,3
9396,MV,196,1,1
9396,MV,184,1,2
9396,MV,177,1,3
9397,NDPS,22,1,1
9397,NDPS,20,1,2
9397,NDPS,8,1,3
9398,IT,66D,1,1
9398,IT,67,1,2
9399,IPC,302,1,1
9400,NDPS,20,1,1
9401,MV,177,1,1
9402,IT,66D,1,1
9402,IT,67,1,2
9402,IT,66C,1,3
9403,MV,177,1,1
9403,MV,184,1,2
9403,MV,196,1,3
9404,IPC,420,1,1
9404,IPC,307,1,2
9405,MV,184,1,1
9406,POCSO,6,1,1
9406,POCSO,4,1,2
9407,IT,67,1,1
9407,IT,66D,1,2
9408,IPC,34,1,1
9409,NDPS,21,1,1
9410,NDPS,21,1,1
9411,DP,4,1,1
9412,IT,66C,1,1
9412,IT,67,1,2
9412,IT,66D,1,3
9413,IT,67,1,1
9414,MV,196,1,1
9414,MV,177,1,2
9414,MV,184,1,3
9415,NDPS,8,1,1
9415,NDPS,21,1,2
9415,NDPS,20,1,3
9416,NDPS,8,1,1
9416,NDPS,20,1,2
9417,MV,177,1,1
9418,POCSO,8,1,1
9418,POCSO,4,1,2
9418,POCSO,6,1,3
9419,IPC,34,1,1
9419,IPC,392,1,2
9420,MV,196,1,1
9421,NDPS,22,1,1
9421,NDPS,8,1,2
9421,NDPS,20,1,3
9422,POCSO,4,1,1
9422,POCSO,6,1,2
9422,POCSO,8,1,3
9423,IT,66C,1,1
9424,DP,3,1,1
9425,DP,4,1,1
9426,IT,67,1,1
9426,IT,66C,1,2
9427,IPC,354,1,1
9428,DP,4,1,1
9428,DP,3,1,2
9429,DP,4,1,1
9430,IPC,307,1,1
9431,POCSO,6,1,1
9431,POCSO,4,1,2
9432,MV,184,1,1
9432,MV,196,1,2
9433,IT,66C,1,1
9434,DP,3,1,1
9435,NDPS,21,1,1
9435,NDPS,8,1,2
9436,POCSO,4,1,1
9436,POCSO,6,1,2
9437,IT,66C,1,1
9438,DP,4,1,1
9439,IT,67,1,1
9440,POCSO,8,1,1
9440,POCSO,6,1,2
9440,POCSO,4,1,3
9441,DP,4,1,1
9442,IT,67,1,1
9442,IT,66D,1,2
9443,IPC,379,1,1
9443,IPC,307,1,2
9444,NDPS,22,1,1
9444,NDPS,8,1,2
9445,DP,4,1,1
9445,DP,3,1,2
9446,MV,177,1,1
9446,MV,196,1,2
9447,POCSO,6,1,1
9447,POCSO,4,1,2
9448,DP,3,1,1
9448,DP,4,1,2
9449,POCSO,6,1,1
9449,POCSO,4,1,2
9450,IT,66C,1,1
9451,DP,4,1,1
9451,DP,3,1,2
9452,MV,184,1,1
9452,MV,196,1,2
9452,MV,177,1,3
9453,IPC,392,1,1
9454,IT,66D,1,1
9454,IT,67,1,2
9454,IT,66C,1,3
9455,IT,66D,1,1
9455,IT,66C,1,2
9455,IT,67,1,3
9456,IT,66D,1,1
9456,IT,66C,1,2
9457,MV,184,1,1
9458,DP,4,1,1
9458,DP,3,1,2
9459,NDPS,21,1,1
9459,NDPS,20,1,2
9459,NDPS,22,1,3
9460,IPC,120B,1,1
9460,IPC,302,1,2
9461,IT,66D,1,1
9461,IT,66C,1,2
9461,IT,67,1,3
9462,MV,177,1,1
9462,MV,196,1,2
9463,DP,3,1,1
9463,DP,4,1,2
9464,DP,4,1,1
9464,DP,3,1,2
9465,DP,4,1,1
9466,NDPS,22,1,1
9467,NDPS,21,1,1
9468,MV,177,1,1
9468,MV,184,1,2
9469,IT,66D,1,1
9470,MV,196,1,1
9470,MV,177,1,2
9471,MV,196,1,1
9472,POCSO,6,1,1
9472,POCSO,4,1,2
9473,IT,67,1,1
9473,IT,66D,1,2
9474,MV,196,1,1
9474,MV,177,1,2
9475,IPC,323,1,1
9476,NDPS,8,1,1
9477,NDPS,22,1,1
9478,IT,67,1,1
9478,IT,66D,1,2
9479,DP,3,1,1
9479,DP,4,1,2
9480,DP,3,1,1
9480,DP,4,1,2
9481,MV,184,1,1
9481,MV,177,1,2
9481,MV,196,1,3
9482,MV,184,1,1
9483,DP,3,1,1
9483,DP,4,1,2
9484,IPC,354,1,1
9484,IPC,323,1,2
9484,IPC,392,1,3
9485,DP,3,1,1
9485,DP,4,1,2
9486,NDPS,21,1,1
9486,NDPS,20,1,2
9486,NDPS,8,1,3
9487,DP,4,1,1
9488,POCSO,4,1,1
9488,POCSO,8,1,2
9488,POCSO,6,1,3
9489,DP,3,1,1
9490,NDPS,20,1,1
9490,NDPS,8,1,2
9491,POCSO,6,1,1
9491,POCSO,8,1,2
9492,IT,67,1,1
9493,IPC,302,1,1
9494,NDPS,21,1,1
9494,NDPS,20,1,2
9494,NDPS,8,1,3
9495,DP,3,1,1
9496,DP,4,1,1
9497,IT,66C,1,1
9498,IT,66D,1,1
9499,POCSO,4,1,1
9499,POCSO,8,1,2
9499,POCSO,6,1,3
9500,MV,184,1,1
9500,MV,196,1,2
9501,DP,4,1,1
9501,DP,3,1,2
9502,IPC,307,1,1
9502,IPC,392,1,2
9503,DP,4,1,1
9503,DP,3,1,2
9504,IT,66C,1,1
9504,IT,67,1,2
9505,NDPS,8,1,1
9505,NDPS,20,1,2
9506,NDPS,20,1,1
9506,NDPS,8,1,2
9506,NDPS,21,1,3
9507,MV,196,1,1
9507,MV,177,1,2
9507,MV,184,1,3
9508,IPC,376,1,1
9508,IPC,411,1,2
9508,IPC,302,1,3
9509,MV,196,1,1
9510,NDPS,20,1,1
9511,NDPS,21,1,1
9511,NDPS,8,1,2
9512,MV,184,1,1
9513,POCSO,8,1,1
9514,IT,66C,1,1
9514,IT,66D,1,2
9515,NDPS,20,1,1
9516,IPC,323,1,1
9516,IPC,302,1,2
9517,DP,4,1,1
9517,DP,3,1,2
9518,DP,3,1,1
9519,DP,3,1,1
9519,DP,4,1,2
9520,POCSO,8,1,1
9521,POCSO,6,1,1
9521,POCSO,4,1,2
9521,POCSO,8,1,3
9522,DP,3,1,1
9522,DP,4,1,2
9523,IT,66C,1,1
9523,IT,66D,1,2
9523,IT,67,1,3
9524,DP,4,1,1
9524,DP,3,1,2
9525,IT,66C,1,1
9526,MV,196,1,1
9526,MV,184,1,2
9527,MV,196,1,1
9527,MV,184,1,2
9528,MV,196,1,1
9528,MV,184,1,2
9528,MV,177,1,3
9529,IPC,354,1,1
9529,IPC,307,1,2
9530,DP,3,1,1
9531,MV,184,1,1
9531,MV,196,1,2
9532,NDPS,8,1,1
9532,NDPS,22,1,2
9533,MV,184,1,1
9533,MV,196,1,2
9534,MV,196,1,1
9535,MV,196,1,1
9535,MV,177,1,2
9535,MV,184,1,3
9536,NDPS,20,1,1
9536,NDPS,21,1,2
9537,IPC,307,1,1
9537,IPC,34,1,2
9537,IPC,411,1,3
9538,IPC,120B,1,1
9538,IPC,323,1,2
9538,IPC,34,1,3
9539,MV,177,1,1
9539,MV,184,1,2
9539,MV,196,1,3
9540,MV,177,1,1
9540,MV,184,1,2
9540,MV,196,1,3
9541,POCSO,4,1,1
9542,NDPS,21,1,1
9543,NDPS,22,1,1
9544,DP,4,1,1
9545,DP,4,1,1
9546,IPC,411,1,1
9546,IPC,307,1,2
9546,IPC,120B,1,3
9547,MV,184,1,1
9547,MV,196,1,2
9547,MV,177,1,3
9548,MV,184,1,1
9548,MV,196,1,2
9548,MV,177,1,3
9549,MV,184,1,1
9550,MV,184,1,1
9550,MV,177,1,2
9551,IPC,420,1,1
9551,IPC,411,1,2
9552,DP,4,1,1
9552,DP,3,1,2
9553,IPC,34,1,1
9553,IPC,354,1,2
9553,IPC,420,1,3
9554,MV,177,1,1
9554,MV,196,1,2
9555,IPC,302,1,1
9555,IPC,379,1,2
9556,POCSO,8,1,1
9556,POCSO,6,1,2
9556,POCSO,4,1,3
9557,NDPS,22,1,1
9557,NDPS,8,1,2
9557,NDPS,21,1,3
9558,NDPS,22,1,1
9558,NDPS,8,1,2
9558,NDPS,20,1,3
9559,DP,3,1,1
9559,DP,4,1,2
9560,POCSO,4,1,1
9560,POCSO,6,1,2
9561,MV,184,1,1
9561,MV,177,1,2
9562,POCSO,8,1,1
9562,POCSO,4,1,2
9563,MV,177,1,1
9564,DP,3,1,1
9564,DP,4,1,2
9565,MV,177,1,1
9566,IT,66C,1,1
9566,IT,66D,1,2
9566,IT,67,1,3
9567,MV,184,1,1
9568,MV,177,1,1
9568,MV,184,1,2
9568,MV,196,1,3
9569,NDPS,21,1,1
9569,NDPS,22,1,2
9570,IT,67,1,1
9570,IT,66C,1,2
9570,IT,66D,1,3
9571,IT,67,1,1
9571,IT,66C,1,2
9571,IT,66D,1,3
9572,DP,4,1,1
9572,DP,3,1,2
9573,DP,4,1,1
9574,DP,3,1,1
9575,IT,66C,1,1
9576,MV,184,1,1
9576,MV,177,1,2
9576,MV,196,1,3
9577,IPC,379,1,1
9577,IPC,323,1,2
9578,MV,184,1,1
9579,IPC,302,1,1
9580,IT,66C,1,1
9580,IT,67,1,2
9581,POCSO,6,1,1
9582,MV,177,1,1
9582,MV,196,1,2
9582,MV,184,1,3
9583,IT,66D,1,1
9583,IT,66C,1,2
9584,IT,67,1,1
9584,IT,66D,1,2
9585,MV,196,1,1
9585,MV,184,1,2
9585,MV,177,1,3
9586,IT,66C,1,1
9587,DP,3,1,1
9588,DP,4,1,1
9588,DP,3,1,2
9589,POCSO,4,1,1
9589,POCSO,6,1,2
9590,DP,3,1,1
9591,IT,66C,1,1
9591,IT,67,1,2
9591,IT,66D,1,3
9592,IT,66D,1,1
9592,IT,66C,1,2
9592,IT,67,1,3
9593,POCSO,8,1,1
9593,POCSO,4,1,2
9594,MV,196,1,1
9594,MV,184,1,2
9595,POCSO,8,1,1
9595,POCSO,4,1,2
9596,IT,66C,1,1
9597,NDPS,8,1,1
9597,NDPS,20,1,2
9598,POCSO,8,1,1
9598,POCSO,6,1,2
9599,DP,4,1,1
9600,NDPS,8,1,1
9600,NDPS,21,1,2
9600,NDPS,20,1,3
9601,IT,66C,1,1
9602,MV,184,1,1
9602,MV,177,1,2
9602,MV,196,1,3
9603,NDPS,22,1,1
9604,MV,184,1,1
9605,NDPS,8,1,1
9606,IT,67,1,1
9607,DP,3,1,1
9607,DP,4,1,2
9608,IPC,376,1,1
9609,NDPS,21,1,1
9609,NDPS,22,1,2
9609,NDPS,8,1,3
9610,MV,177,1,1
9610,MV,184,1,2
9610,MV,196,1,3
9611,IT,66C,1,1
9612,IT,66D,1,1
9612,IT,67,1,2
9612,IT,66C,1,3
9613,MV,196,1,1
9613,MV,184,1,2
9613,MV,177,1,3
9614,MV,196,1,1
9614,MV,177,1,2
9614,MV,184,1,3
9615,IPC,376,1,1
9615,IPC,354,1,2
9616,NDPS,21,1,1
9617,NDPS,20,1,1
9617,NDPS,22,1,2
9617,NDPS,21,1,3
9618,MV,177,1,1
9619,DP,4,1,1
9620,IPC,307,1,1
9620,IPC,376,1,2
9620,IPC,120B,1,3
9621,NDPS,21,1,1
9621,NDPS,22,1,2
9621,NDPS,8,1,3
9622,DP,4,1,1
9623,NDPS,22,1,1
9623,NDPS,21,1,2
9623,NDPS,8,1,3
9624,IPC,120B,1,1
9624,IPC,354,1,2
9624,IPC,379,1,3
9625,IPC,307,1,1
9625,IPC,379,1,2
9626,MV,196,1,1
9626,MV,184,1,2
9626,MV,177,1,3
9627,MV,184,1,1
9628,IT,67,1,1
9628,IT,66D,1,2
9629,DP,4,1,1
9630,DP,4,1,1
9630,DP,3,1,2
9631,MV,184,1,1
9631,MV,177,1,2
9632,MV,184,1,1
9632,MV,196,1,2
9633,IPC,376,1,1
9633,IPC,392,1,2
9633,IPC,302,1,3
9634,DP,4,1,1
9635,MV,177,1,1
9636,IPC,120B,1,1
9637,MV,184,1,1
9637,MV,177,1,2
9637,MV,196,1,3
9638,POCSO,4,1,1
9639,IT,66D,1,1
9639,IT,66C,1,2
9639,IT,67,1,3
9640,MV,177,1,1
9640,MV,196,1,2
9641,IPC,302,1,1
9642,NDPS,8,1,1
9643,IT,67,1,1
9643,IT,66C,1,2
9643,IT,66D,1,3
9644,MV,196,1,1
9644,MV,177,1,2
9645,IPC,420,1,1
9646,IT,66C,1,1
9646,IT,67,1,2
9646,IT,66D,1,3
9647,MV,184,1,1
9647,MV,196,1,2
9647,MV,177,1,3
9648,IPC,392,1,1
9649,MV,184,1,1
9649,MV,196,1,2
9650,MV,184,1,1
9650,MV,196,1,2
9650,MV,177,1,3
9651,NDPS,8,1,1
9651,NDPS,22,1,2
9652,NDPS,8,1,1
9652,NDPS,20,1,2
9653,NDPS,8,1,1
9653,NDPS,20,1,2
9654,POCSO,6,1,1
9655,NDPS,21,1,1
9655,NDPS,20,1,2
9655,NDPS,22,1,3
9656,DP,4,1,1
9656,DP,3,1,2
9657,POCSO,6,1,1
9658,NDPS,20,1,1
9658,NDPS,8,1,2
9659,IPC,379,1,1
9660,IPC,34,1,1
9660,IPC,354,1,2
9660,IPC,411,1,3
9661,IT,66D,1,1
9661,IT,66C,1,2
9662,DP,4,1,1
9662,DP,3,1,2
9663,MV,196,1,1
9663,MV,177,1,2
9663,MV,184,1,3
9664,DP,4,1,1
9665,IPC,120B,1,1
9665,IPC,307,1,2
9666,POCSO,6,1,1
9666,POCSO,8,1,2
9667,IPC,34,1,1
9668,MV,177,1,1
9668,MV,196,1,2
9669,IPC,120B,1,1
9669,IPC,302,1,2
9670,POCSO,6,1,1
9670,POCSO,8,1,2
9670,POCSO,4,1,3
9671,POCSO,4,1,1
9672,IPC,120B,1,1
9673,NDPS,8,1,1
9673,NDPS,21,1,2
9673,NDPS,22,1,3
9674,IT,66C,1,1
9674,IT,67,1,2
9674,IT,66D,1,3
9675,MV,196,1,1
9675,MV,177,1,2
9675,MV,184,1,3
9676,MV,196,1,1
9677,NDPS,22,1,1
9678,NDPS,20,1,1
9678,NDPS,8,1,2
9679,DP,4,1,1
9679,DP,3,1,2
9680,DP,4,1,1
9680,DP,3,1,2
9681,IT,67,1,1
9681,IT,66C,1,2
9682,DP,3,1,1
9683,NDPS,8,1,1
9683,NDPS,20,1,2
9683,NDPS,22,1,3
9684,IT,66C,1,1
9685,IT,66C,1,1
9685,IT,67,1,2
9686,IT,66D,1,1
9687,MV,196,1,1
9687,MV,184,1,2
9688,IPC,379,1,1
9689,DP,3,1,1
9689,DP,4,1,2
9690,POCSO,6,1,1
9691,IT,66D,1,1
9692,MV,184,1,1
9692,MV,196,1,2
9692,MV,177,1,3
9693,IT,66C,1,1
9693,IT,67,1,2
9693,IT,66D,1,3
9694,IPC,354,1,1
9694,IPC,307,1,2
9694,IPC,323,1,3
9695,IPC,307,1,1
9695,IPC,411,1,2
9695,IPC,392,1,3
9696,IPC,302,1,1
9697,IPC,392,1,1
9697,IPC,354,1,2
9698,DP,4,1,1
9698,DP,3,1,2
9699,MV,196,1,1
9700,MV,184,1,1
9701,DP,4,1,1
9701,DP,3,1,2
9702,NDPS,8,1,1
9702,NDPS,20,1,2
9703,MV,184,1,1
9703,MV,177,1,2
9704,NDPS,8,1,1
9705,IT,66C,1,1
9705,IT,66D,1,2
9706,MV,177,1,1
9706,MV,184,1,2
9706,MV,196,1,3
9707,IPC,379,1,1
9708,NDPS,8,1,1
9708,NDPS,20,1,2
9709,IT,66C,1,1
9709,IT,67,1,2
9710,DP,4,1,1
9711,POCSO,6,1,1
9712,NDPS,21,1,1
9713,DP,3,1,1
9714,NDPS,21,1,1
9714,NDPS,22,1,2
9714,NDPS,8,1,3
9715,IPC,379,1,1
9715,IPC,307,1,2
9715,IPC,376,1,3
9716,DP,3,1,1
9717,NDPS,21,1,1
9718,IT,67,1,1
9719,MV,196,1,1
9720,DP,4,1,1
9721,POCSO,8,1,1
9721,POCSO,4,1,2
9721,POCSO,6,1,3
9722,POCSO,8,1,1
9722,POCSO,6,1,2
9723,NDPS,20,1,1
9724,NDPS,20,1,1
9724,NDPS,21,1,2
9725,POCSO,4,1,1
9725,POCSO,6,1,2
9725,POCSO,8,1,3
9726,IPC,34,1,1
9726,IPC,302,1,2
9727,NDPS,20,1,1
9728,POCSO,8,1,1
9728,POCSO,4,1,2
9729,IPC,120B,1,1
9729,IPC,376,1,2
9729,IPC,411,1,3
9730,DP,4,1,1
9731,NDPS,8,1,1
9732,POCSO,4,1,1
9732,POCSO,6,1,2
9733,IT,66D,1,1
9733,IT,66C,1,2
9734,IPC,34,1,1
9734,IPC,420,1,2
9735,POCSO,6,1,1
9735,POCSO,8,1,2
9735,POCSO,4,1,3
9736,NDPS,20,1,1
9736,NDPS,8,1,2
9736,NDPS,21,1,3
9737,POCSO,8,1,1
9737,POCSO,6,1,2
9738,IT,66C,1,1
9738,IT,67,1,2
9739,NDPS,21,1,1
9739,NDPS,8,1,2
9740,POCSO,6,1,1
9740,POCSO,4,1,2
9741,IT,66C,1,1
9741,IT,66D,1,2
9742,NDPS,22,1,1
9742,NDPS,8,1,2
9742,NDPS,20,1,3
9743,NDPS,8,1,1
9744,IPC,392,1,1
9745,IT,67,1,1
9745,IT,66C,1,2
9746,POCSO,6,1,1
9746,POCSO,8,1,2
9747,MV,196,1,1
9747,MV,177,1,2
9747,MV,184,1,3
9748,POCSO,4,1,1
9748,POCSO,8,1,2
9749,IPC,420,1,1
9750,POCSO,4,1,1
9750,POCSO,8,1,2
9751,MV,196,1,1
9751,MV,177,1,2
9752,MV,184,1,1
9753,MV,184,1,1
9753,MV,177,1,2
9754,NDPS,20,1,1
9755,NDPS,8,1,1
9755,NDPS,21,1,2
9755,NDPS,20,1,3
9756,NDPS,8,1,1
9757,POCSO,8,1,1
9757,POCSO,6,1,2
9758,DP,4,1,1
9758,DP,3,1,2
9759,IT,66D,1,1
9760,IPC,392,1,1
9760,IPC,307,1,2
9761,DP,3,1,1
9761,DP,4,1,2
9762,DP,4,1,1
9762,DP,3,1,2
9763,IT,66D,1,1
9763,IT,67,1,2
9763,IT,66C,1,3
9764,MV,196,1,1
9764,MV,184,1,2
9764,MV,177,1,3
9765,DP,3,1,1
9765,DP,4,1,2
9766,IT,67,1,1
9766,IT,66D,1,2
9767,MV,184,1,1
9768,IPC,379,1,1
9768,IPC,354,1,2
9769,IT,66D,1,1
9770,IT,66C,1,1
9770,IT,67,1,2
9770,IT,66D,1,3
9771,DP,3,1,1
9772,POCSO,6,1,1
9772,POCSO,8,1,2
9772,POCSO,4,1,3
9773,NDPS,20,1,1
9773,NDPS,8,1,2
9774,IPC,307,1,1
9774,IPC,302,1,2
9775,IT,67,1,1
9776,POCSO,8,1,1
9777,MV,196,1,1
9777,MV,177,1,2
9777,MV,184,1,3
9778,IPC,376,1,1
9778,IPC,34,1,2
9778,IPC,354,1,3
9779,NDPS,22,1,1
9779,NDPS,20,1,2
9779,NDPS,21,1,3
9780,NDPS,21,1,1
9781,MV,196,1,1
9782,POCSO,6,1,1
9782,POCSO,8,1,2
9783,MV,184,1,1
9784,IPC,420,1,1
9784,IPC,379,1,2
9785,MV,177,1,1
9785,MV,184,1,2
9785,MV,196,1,3
9786,IPC,302,1,1
9787,POCSO,4,1,1
9787,POCSO,8,1,2
9788,IT,67,1,1
9788,IT,66C,1,2
9789,IPC,379,1,1
9789,IPC,307,1,2
9790,MV,177,1,1
9790,MV,184,1,2
9791,POCSO,4,1,1
9791,POCSO,6,1,2
9792,NDPS,8,1,1
9793,IT,66D,1,1
9793,IT,67,1,2
9793,IT,66C,1,3
9794,MV,196,1,1
9794,MV,184,1,2
9795,POCSO,8,1,1
9795,POCSO,4,1,2
9795,POCSO,6,1,3
9796,POCSO,4,1,1
9796,POCSO,8,1,2
9797,DP,4,1,1
9797,DP,3,1,2
9798,DP,4,1,1
9799,DP,4,1,1
9799,DP,3,1,2
9800,MV,196,1,1
9801,DP,3,1,1
9801,DP,4,1,2
9802,IT,66D,1,1
9803,MV,177,1,1
9803,MV,196,1,2
9803,MV,184,1,3
9804,MV,177,1,1
9804,MV,196,1,2
9804,MV,184,1,3
9805,POCSO,8,1,1
9805,POCSO,4,1,2
9805,POCSO,6,1,3
9806,MV,177,1,1
9807,MV,184,1,1
9807,MV,196,1,2
9807,MV,177,1,3
9808,NDPS,22,1,1
9808,NDPS,20,1,2
9808,NDPS,8,1,3
9809,POCSO,6,1,1
9809,POCSO,8,1,2
9809,POCSO,4,1,3
9810,IPC,34,1,1
9810,IPC,354,1,2
9810,IPC,302,1,3
9811,IPC,420,1,1
9812,DP,3,1,1
9812,DP,4,1,2
9813,MV,196,1,1
9814,IT,66D,1,1
9814,IT,67,1,2
9815,MV,184,1,1
9816,NDPS,8,1,1
9816,NDPS,22,1,2
9817,POCSO,8,1,1
9818,IPC,120B,1,1
9818,IPC,34,1,2
9818,IPC,323,1,3
9819,POCSO,4,1,1
9820,POCSO,8,1,1
9820,POCSO,4,1,2
9820,POCSO,6,1,3
9821,POCSO,6,1,1
9822,POCSO,8,1,1
9822,POCSO,4,1,2
9822,POCSO,6,1,3
9823,DP,4,1,1
9824,IT,67,1,1
9825,MV,196,1,1
9825,MV,177,1,2
9825,MV,184,1,3
9826,NDPS,21,1,1
9827,NDPS,20,1,1
9828,DP,4,1,1
9828,DP,3,1,2
9829,POCSO,6,1,1
9830,POCSO,4,1,1
9831,IPC,376,1,1
9832,IT,67,1,1
9833,DP,3,1,1
9833,DP,4,1,2
9834,MV,177,1,1
9835,NDPS,20,1,1
9835,NDPS,21,1,2
9835,NDPS,8,1,3
9836,DP,4,1,1
9837,MV,184,1,1
9837,MV,196,1,2
9838,IT,66D,1,1
9838,IT,67,1,2
9838,IT,66C,1,3
9839,DP,4,1,1
9839,DP,3,1,2
9840,NDPS,22,1,1
9840,NDPS,21,1,2
9840,NDPS,8,1,3
9841,IPC,379,1,1
9842,IT,66D,1,1
9843,MV,196,1,1
9843,MV,177,1,2
9843,MV,184,1,3
9844,NDPS,8,1,1
9844,NDPS,21,1,2
9844,NDPS,22,1,3
9845,IPC,392,1,1
9846,IPC,376,1,1
9846,IPC,392,1,2
9847,POCSO,6,1,1
9847,POCSO,4,1,2
9848,IT,67,1,1
9849,IT,66C,1,1
9849,IT,66D,1,2
9850,NDPS,21,1,1
9850,NDPS,8,1,2
9851,DP,3,1,1
9852,IPC,411,1,1
9852,IPC,392,1,2
9852,IPC,34,1,3
9853,IPC,376,1,1
9854,MV,196,1,1
9854,MV,184,1,2
9854,MV,177,1,3
9855,POCSO,8,1,1
9856,POCSO,6,1,1
9857,IT,66C,1,1
9858,IPC,420,1,1
9859,MV,196,1,1
9859,MV,184,1,2
9860,NDPS,21,1,1
9861,DP,4,1,1
9861,DP,3,1,2
9862,MV,177,1,1
9863,IT,66D,1,1
9863,IT,67,1,2
9864,NDPS,21,1,1
9864,NDPS,20,1,2
9865,NDPS,20,1,1
9865,NDPS,22,1,2
9865,NDPS,21,1,3
9866,IT,66D,1,1
9867,MV,184,1,1
9867,MV,196,1,2
9867,MV,177,1,3
9868,POCSO,6,1,1
9868,POCSO,8,1,2
9868,POCSO,4,1,3
9869,IPC,411,1,1
9869,IPC,323,1,2
9870,NDPS,8,1,1
9871,DP,4,1,1
9871,DP,3,1,2
9872,POCSO,4,1,1
9873,IPC,379,1,1
9874,NDPS,21,1,1
9874,NDPS,22,1,2
9875,DP,3,1,1
9876,DP,4,1,1
9876,DP,3,1,2
9877,IT,66D,1,1
9877,IT,67,1,2
9878,DP,4,1,1
9878,DP,3,1,2
9879,DP,4,1,1
9880,DP,4,1,1
9880,DP,3,1,2
9881,MV,177,1,1
9882,MV,184,1,1
9883,POCSO,8,1,1
9884,MV,177,1,1
9884,MV,196,1,2
9885,IPC,307,1,1
9886,IPC,302,1,1
9886,IPC,34,1,2
9886,IPC,379,1,3
9887,DP,4,1,1
9887,DP,3,1,2
9888,DP,3,1,1
9888,DP,4,1,2
9889,NDPS,21,1,1
9890,NDPS,22,1,1
9890,NDPS,20,1,2
9890,NDPS,21,1,3
9891,IT,67,1,1
9892,IT,66D,1,1
9893,NDPS,22,1,1
9893,NDPS,20,1,2
9893,NDPS,8,1,3
9894,POCSO,4,1,1
9894,POCSO,6,1,2
9895,NDPS,8,1,1
9895,NDPS,20,1,2
9896,IPC,376,1,1
9897,IPC,302,1,1
9897,IPC,354,1,2
9897,IPC,420,1,3
9898,IT,66C,1,1
9899,DP,4,1,1
9900,IPC,354,1,1
9900,IPC,307,1,2
9900,IPC,379,1,3
9901,IPC,307,1,1
9902,MV,196,1,1
9902,MV,184,1,2
9903,NDPS,21,1,1
9904,NDPS,22,1,1
9904,NDPS,20,1,2
9905,NDPS,21,1,1
9905,NDPS,20,1,2
9906,IT,67,1,1
9906,IT,66D,1,2
9906,IT,66C,1,3
9907,IPC,379,1,1
9907,IPC,392,1,2
9908,MV,196,1,1
9908,MV,177,1,2
9909,IPC,411,1,1
9909,IPC,34,1,2
9909,IPC,307,1,3
9910,NDPS,20,1,1
9910,NDPS,8,1,2
9911,NDPS,22,1,1
9911,NDPS,8,1,2
9912,IPC,34,1,1
9912,IPC,354,1,2
9912,IPC,411,1,3
9913,IPC,420,1,1
9913,IPC,323,1,2
9913,IPC,411,1,3
9914,POCSO,4,1,1
9914,POCSO,6,1,2
9914,POCSO,8,1,3
9915,POCSO,6,1,1
9915,POCSO,8,1,2
9915,POCSO,4,1,3
9916,DP,4,1,1
9916,DP,3,1,2
9917,POCSO,6,1,1
9917,POCSO,8,1,2
9917,POCSO,4,1,3
9918,MV,177,1,1
9919,DP,4,1,1
9919,DP,3,1,2
9920,POCSO,4,1,1
9921,IPC,392,1,1
9921,IPC,307,1,2
9922,POCSO,6,1,1
9923,MV,184,1,1
9923,MV,177,1,2
9924,IT,66C,1,1
9925,NDPS,21,1,1
9926,IPC,420,1,1
9927,NDPS,20,1,1
9927,NDPS,8,1,2
9928,NDPS,22,1,1
9928,NDPS,20,1,2
9929,POCSO,4,1,1
9929,POCSO,6,1,2
9930,MV,177,1,1
9931,IPC,411,1,1
9931,IPC,307,1,2
9931,IPC,323,1,3
9932,DP,4,1,1
9932,DP,3,1,2
9933,POCSO,8,1,1
9933,POCSO,6,1,2
9934,IPC,376,1,1
9935,IPC,354,1,1
9935,IPC,392,1,2
9936,IPC,411,1,1
9936,IPC,392,1,2
9937,IPC,376,1,1
9938,MV,184,1,1
9938,MV,177,1,2
9939,DP,4,1,1
9940,IT,66D,1,1
9940,IT,66C,1,2
9941,DP,3,1,1
9941,DP,4,1,2
9942,MV,177,1,1
9942,MV,184,1,2
9942,MV,196,1,3
9943,IPC,302,1,1
9943,IPC,34,1,2
9943,IPC,354,1,3
9944,IT,66D,1,1
9945,IT,67,1,1
9945,IT,66D,1,2
9946,DP,3,1,1
9946,DP,4,1,2
9947,IPC,302,1,1
9948,IT,66C,1,1
9948,IT,66D,1,2
9949,DP,4,1,1
9949,DP,3,1,2
9950,IT,67,1,1
9950,IT,66C,1,2
9950,IT,66D,1,3
9951,IT,67,1,1
9951,IT,66C,1,2
9952,MV,184,1,1
9952,MV,177,1,2
9953,POCSO,6,1,1
9954,IPC,392,1,1
9955,IPC,420,1,1
9955,IPC,354,1,2
9956,IPC,307,1,1
9956,IPC,379,1,2
9956,IPC,411,1,3
9957,POCSO,6,1,1
9957,POCSO,4,1,2
9957,POCSO,8,1,3
9958,MV,184,1,1
9958,MV,177,1,2
9959,IPC,354,1,1
9959,IPC,323,1,2
9960,IT,66D,1,1
9960,IT,67,1,2
9961,IPC,323,1,1
9962,POCSO,4,1,1
9962,POCSO,6,1,2
9963,DP,3,1,1
9964,IT,67,1,1
9965,IPC,379,1,1
9965,IPC,34,1,2
9966,IT,66D,1,1
9967,IT,67,1,1
9967,IT,66C,1,2
9967,IT,66D,1,3
9968,IPC,420,1,1
9968,IPC,34,1,2
9968,IPC,354,1,3
9969,IPC,323,1,1
9969,IPC,420,1,2
9970,NDPS,20,1,1
9970,NDPS,8,1,2
9971,MV,177,1,1
9971,MV,184,1,2
9971,MV,196,1,3
9972,MV,196,1,1
9972,MV,184,1,2
9972,MV,177,1,3
9973,IT,66C,1,1
9973,IT,67,1,2
9974,POCSO,8,1,1
9975,DP,4,1,1
9975,DP,3,1,2
9976,DP,3,1,1
9976,DP,4,1,2
9977,DP,4,1,1
9978,MV,184,1,1
9978,MV,196,1,2
9978,MV,177,1,3
9979,NDPS,20,1,1
9979,NDPS,21,1,2
9980,DP,3,1,1
9981,MV,184,1,1
9981,MV,177,1,2
9982,DP,4,1,1
9982,DP,3,1,2
9983,DP,4,1,1
9984,MV,196,1,1
9985,IPC,34,1,1
9985,IPC,376,1,2
9985,IPC,302,1,3
9986,DP,4,1,1
9987,IT,66D,1,1
9988,NDPS,22,1,1
9988,NDPS,8,1,2
9989,IT,67,1,1
9989,IT,66D,1,2
9990,IPC,392,1,1
9991,IT,66D,1,1
9992,IPC,420,1,1
9993,IPC,392,1,1
9993,IPC,120B,1,2
9994,POCSO,6,1,1
9995,MV,196,1,1
9995,MV,177,1,2
9996,DP,4,1,1
9996,DP,3,1,2
9997,POCSO,6,1,1
9998,DP,3,1,1
9998,DP,4,1,2
9999,IT,67,1,1
9999,IT,66C,1,2
10000,DP,4,1,1
10000,DP,3,1,2
