ArrestSurrenderID,CaseMasterID,ArrestSurrenderTypeID,ArrestSurrenderDate,ArrestSurrenderStateId,ArrestSurrenderDistrictId,PoliceStationID,IOID,CourtID,AccusedMasterID,IsAccused,IsComplainantAccused
1,1,1,2026-06-12,1,4,11,115,7,2,True,False
2,1,1,2026-07-09,1,4,11,115,7,3,True,False
3,3,2,2025-11-13,1,4,9,100,7,6,True,False
4,5,1,2025-08-31,1,4,10,106,8,12,True,False
5,6,1,2025-01-31,1,3,5,58,5,15,True,False
6,6,1,2025-01-22,1,3,5,58,5,16,True,False
7,7,1,2025-08-19,1,21,62,723,42,17,True,False
8,8,1,2026-03-07,1,4,11,114,8,19,True,False
9,9,1,2025-07-17,1,1,2,26,2,20,True,False
10,9,2,2025-07-24,1,1,2,26,2,21,True,False
11,9,1,2025-07-03,1,1,2,26,2,22,True,False
12,11,1,2024-09-26,1,4,10,105,8,24,True,False
13,11,1,2024-09-08,1,4,10,105,8,27,True,False
14,12,1,2025-05-24,1,15,39,444,29,28,True,False
15,12,1,2025-05-17,1,15,39,444,29,29,True,False
16,14,1,2025-05-11,1,7,19,213,13,31,True,False
17,14,2,2025-05-05,1,7,19,213,13,32,True,False
18,14,1,2025-05-01,1,7,19,213,13,33,True,False
19,14,1,2025-05-16,1,7,19,213,13,34,True,False
20,15,2,2025-01-31,1,5,14,154,9,35,True,False
21,16,1,2026-01-04,1,3,6,69,5,36,True,False
22,16,1,2025-12-22,1,3,6,69,5,38,True,False
23,16,1,2025-12-08,1,3,6,69,5,39,True,False
24,17,1,2024-10-15,1,24,72,843,47,40,True,False
25,18,1,2026-05-25,1,24,74,862,47,42,True,False
26,19,1,2024-12-17,1,4,11,114,8,43,True,False
27,19,1,2024-12-02,1,4,11,114,8,44,True,False
28,21,1,2026-03-12,1,4,10,111,7,49,True,False
29,21,1,2026-03-20,1,4,10,111,7,50,True,False
30,21,2,2026-03-07,1,4,10,111,7,51,True,False
31,22,1,2026-05-23,1,4,10,102,8,52,True,False
32,22,1,2026-05-19,1,4,10,102,8,53,True,False
33,22,1,2026-05-24,1,4,10,102,8,54,True,False
34,23,2,2026-03-14,1,4,9,101,8,56,True,False
35,24,1,2025-02-04,1,8,21,230,15,57,True,False
36,24,2,2025-02-18,1,8,21,230,15,58,True,False
37,25,1,2026-04-21,1,27,84,979,54,59,True,False
38,26,1,2026-06-22,1,26,81,947,51,61,True,False
39,27,1,2026-04-23,1,4,11,117,8,63,True,False
40,28,1,2026-06-28,1,29,89,1032,57,64,True,False
41,28,1,2026-07-08,1,29,89,1032,57,66,True,False
42,29,2,2026-01-09,1,1,1,12,1,67,True,False
43,29,2,2026-01-11,1,1,1,12,1,68,True,False
44,29,1,2026-01-17,1,1,1,12,1,69,True,False
45,29,1,2026-01-17,1,1,1,12,1,70,True,False
46,30,1,2026-02-15,1,3,8,85,6,71,True,False
47,32,1,2025-01-05,1,5,12,123,9,74,True,False
48,33,1,2025-09-04,1,4,9,101,8,78,True,False
49,35,2,2024-10-30,1,4,11,120,7,82,True,False
50,36,2,2025-06-19,1,26,81,945,51,86,True,False
51,37,1,2024-12-24,1,1,1,5,1,91,True,False
52,37,1,2025-01-12,1,1,1,5,1,92,True,False
53,38,2,2026-03-06,1,4,10,107,7,94,True,False
54,38,1,2026-03-14,1,4,10,107,7,95,True,False
55,39,1,2025-10-24,1,3,6,67,5,99,True,False
56,39,1,2025-11-11,1,3,6,67,5,100,True,False
57,40,1,2026-02-16,1,1,1,5,2,101,True,False
58,40,1,2026-02-10,1,1,1,5,2,102,True,False
59,41,2,2026-05-19,1,4,9,95,7,103,True,False
60,41,1,2026-05-19,1,4,9,95,7,104,True,False
61,41,1,2026-05-23,1,4,9,95,7,105,True,False
62,42,1,2026-06-20,1,21,61,709,41,106,True,False
63,42,1,2026-05-25,1,21,61,709,41,107,True,False
64,44,1,2026-07-15,1,4,9,101,8,109,True,False
65,45,1,2024-11-24,1,16,43,504,32,110,True,False
66,45,1,2024-11-16,1,16,43,504,32,111,True,False
67,46,2,2026-04-15,1,4,11,118,8,115,True,False
68,47,1,2025-07-21,1,22,65,760,43,116,True,False
69,48,1,2026-04-26,1,4,11,115,8,117,True,False
70,49,1,2024-10-16,1,18,49,559,36,118,True,False
71,49,1,2024-10-09,1,18,49,559,36,120,True,False
72,50,1,2024-09-05,1,29,90,1044,57,122,True,False
73,50,1,2024-09-08,1,29,90,1044,57,123,True,False
74,51,1,2025-04-16,1,4,9,94,7,125,True,False
75,52,1,2025-05-20,1,30,92,1070,60,126,True,False
76,53,1,2025-05-12,1,20,58,681,40,128,True,False
77,53,1,2025-06-05,1,20,58,681,40,129,True,False
78,53,1,2025-06-03,1,20,58,681,40,130,True,True
79,54,2,2026-07-13,1,14,38,434,28,131,True,False
80,55,1,2026-07-13,1,12,32,362,23,133,True,False
81,55,2,2026-07-14,1,12,32,362,23,134,True,False
82,55,2,2026-06-14,1,12,32,362,23,135,True,False
83,56,1,2025-11-02,1,27,83,969,53,136,True,False
84,57,1,2024-09-26,1,19,56,650,38,139,True,False
85,57,1,2024-10-04,1,19,56,650,38,140,True,False
86,58,1,2026-04-19,1,4,11,118,7,144,True,False
87,59,1,2026-03-12,1,4,10,106,7,145,True,False
88,60,1,2025-04-29,1,20,57,670,39,146,True,False
89,60,1,2025-04-19,1,20,57,670,39,147,True,False
90,60,2,2025-05-09,1,20,57,670,39,148,True,False
91,61,1,2025-04-13,1,25,76,885,49,149,True,False
92,61,1,2025-03-18,1,25,76,885,49,151,True,False
93,61,1,2025-03-21,1,25,76,885,49,152,True,False
94,62,1,2026-05-10,1,4,11,117,8,153,True,False
95,62,1,2026-05-19,1,4,11,117,8,155,True,False
96,63,1,2025-11-28,1,4,9,98,8,157,True,False
97,63,2,2025-11-08,1,4,9,98,8,158,True,False
98,63,1,2025-11-14,1,4,9,98,8,159,True,False
99,64,1,2024-11-08,1,11,30,340,22,161,True,False
100,65,1,2025-04-02,1,22,65,750,43,163,True,False
101,65,2,2025-03-25,1,22,65,750,43,165,True,False
102,66,1,2025-06-22,1,24,74,862,48,167,True,True
103,67,1,2026-02-20,1,24,74,865,47,168,True,False
104,67,2,2026-02-06,1,24,74,865,47,169,True,False
105,67,1,2026-02-02,1,24,74,865,47,170,True,False
106,68,1,2026-05-31,1,25,77,902,50,172,True,False
107,69,1,2026-02-24,1,1,1,12,1,176,True,True
108,70,1,2026-01-02,1,30,92,1072,59,177,True,False
109,71,1,2024-12-15,1,30,91,1057,60,180,True,False
110,73,1,2026-03-22,1,4,10,104,7,182,True,False
111,74,2,2026-07-21,1,4,9,100,7,184,True,False
112,75,1,2026-07-10,1,4,10,111,7,185,True,False
113,75,1,2026-06-12,1,4,10,111,7,186,True,False
114,76,1,2025-02-01,1,4,11,113,8,187,True,False
115,76,2,2025-02-23,1,4,11,113,8,188,True,False
116,77,2,2026-03-18,1,2,3,35,4,192,True,False
117,78,1,2025-02-09,1,1,1,14,2,194,True,False
118,78,2,2025-01-19,1,1,1,14,2,195,True,False
119,79,1,2025-12-15,1,14,36,405,28,198,True,False
120,82,2,2025-08-20,1,23,66,770,46,202,True,False
121,82,1,2025-08-23,1,23,66,770,46,203,True,False
122,82,1,2025-08-15,1,23,66,770,46,204,True,False
123,86,2,2026-03-09,1,4,10,106,7,210,True,False
124,86,2,2026-03-07,1,4,10,106,7,211,True,False
125,87,1,2025-08-02,1,21,61,714,41,215,True,False
126,89,1,2025-03-31,1,4,11,114,8,218,True,False
127,90,1,2025-12-18,1,4,10,106,7,219,True,True
128,90,1,2025-12-09,1,4,10,106,7,222,True,False
129,91,2,2026-01-02,1,26,79,926,52,223,True,False
130,92,1,2025-10-10,1,18,50,578,35,224,True,False
131,92,1,2025-10-03,1,18,50,578,35,225,True,False
132,93,2,2026-04-17,1,4,9,97,7,226,True,False
133,93,2,2026-05-11,1,4,9,97,7,228,True,False
134,94,2,2026-05-02,1,4,10,103,7,229,True,False
135,96,2,2026-06-13,1,27,83,972,53,231,True,False
136,97,1,2025-11-16,1,10,28,314,20,233,True,True
137,98,1,2026-03-16,1,4,9,97,8,236,True,False
138,98,1,2026-03-06,1,4,9,97,8,239,True,False
139,99,1,2026-07-02,1,4,11,116,8,240,True,False
140,99,1,2026-07-07,1,4,11,116,8,241,True,False
141,100,2,2025-12-10,1,18,51,586,36,244,True,False
142,100,1,2025-11-20,1,18,51,586,36,245,True,False
143,102,2,2026-04-13,1,4,9,99,7,247,True,False
144,104,1,2025-02-03,1,19,53,618,38,252,True,False
145,104,1,2025-02-09,1,19,53,618,38,253,True,False
146,105,2,2025-03-23,1,4,10,106,8,254,True,False
147,106,1,2025-07-06,1,4,9,96,8,255,True,False
148,106,2,2025-06-14,1,4,9,96,8,256,True,False
149,106,2,2025-06-19,1,4,9,96,8,257,True,False
150,106,1,2025-07-09,1,4,9,96,8,258,True,False
151,107,1,2025-04-29,1,8,20,227,15,260,True,False
152,107,2,2025-05-12,1,8,20,227,15,261,True,False
153,108,2,2025-05-23,1,4,10,110,8,263,True,False
154,108,2,2025-05-26,1,4,10,110,8,264,True,False
155,108,2,2025-05-09,1,4,10,110,8,265,True,False
156,110,2,2025-12-18,1,23,67,777,45,269,True,False
157,110,2,2025-12-17,1,23,67,777,45,270,True,False
158,111,1,2026-04-27,1,23,67,778,45,271,True,False
159,112,2,2026-04-09,1,4,9,94,7,272,True,False
160,112,2,2026-03-30,1,4,9,94,7,274,True,False
161,115,2,2026-02-07,1,4,10,108,8,278,True,False
162,118,1,2026-05-03,1,7,19,209,13,284,True,False
163,118,1,2026-05-10,1,7,19,209,13,285,True,False
164,120,1,2026-06-13,1,24,74,860,47,290,True,False
165,120,1,2026-06-01,1,24,74,860,47,292,True,False
166,121,1,2025-04-25,1,13,34,387,26,293,True,False
167,121,1,2025-04-18,1,13,34,387,26,294,True,False
168,122,1,2025-08-12,1,1,2,17,1,295,True,False
169,122,1,2025-08-01,1,1,2,17,1,296,True,False
170,122,1,2025-07-29,1,1,2,17,1,297,True,False
171,123,2,2026-07-03,1,5,13,140,9,298,True,False
172,123,1,2026-07-12,1,5,13,140,9,299,True,True
173,123,1,2026-06-16,1,5,13,140,9,300,True,False
174,123,2,2026-06-29,1,5,13,140,9,301,True,False
175,124,1,2026-06-13,1,4,10,102,8,302,True,False
176,127,1,2026-03-26,1,3,8,90,6,309,True,False
177,127,1,2026-03-03,1,3,8,90,6,310,True,False
178,128,1,2024-11-14,1,5,13,138,10,312,True,False
179,129,1,2025-12-25,1,1,2,19,2,314,True,False
180,130,1,2026-05-27,1,4,10,105,8,316,True,False
181,130,1,2026-06-19,1,4,10,105,8,317,True,False
182,131,1,2024-10-02,1,3,8,91,5,318,True,False
183,131,2,2024-09-18,1,3,8,91,5,319,True,False
184,131,1,2024-09-12,1,3,8,91,5,321,True,False
185,133,1,2025-10-28,1,4,11,117,7,327,True,False
186,133,1,2025-11-01,1,4,11,117,7,328,True,False
187,134,1,2026-05-08,1,4,11,118,8,330,True,False
188,134,1,2026-04-26,1,4,11,118,8,331,True,False
189,134,1,2026-04-28,1,4,11,118,8,332,True,False
190,136,2,2025-11-02,1,1,1,7,1,337,True,False
191,137,2,2026-07-06,1,4,10,104,8,340,True,False
192,138,1,2026-02-25,1,27,84,977,53,341,True,False
193,140,1,2024-11-20,1,6,17,188,11,348,True,False
194,140,1,2024-11-21,1,6,17,188,11,349,True,False
195,140,2,2024-11-15,1,6,17,188,11,350,True,False
196,141,1,2026-02-11,1,4,9,101,7,351,True,False
197,141,1,2026-03-02,1,4,9,101,7,354,True,False
198,142,2,2025-02-27,1,24,71,824,47,355,True,False
199,143,1,2026-03-21,1,4,11,120,8,356,True,False
200,144,1,2025-02-24,1,19,52,609,37,357,True,False
201,145,1,2025-02-28,1,4,9,101,7,358,True,False
202,145,1,2025-03-17,1,4,9,101,7,359,True,False
203,145,1,2025-03-19,1,4,9,101,7,360,True,False
204,146,1,2025-08-17,1,4,11,115,8,362,True,False
205,149,2,2025-03-16,1,1,2,25,1,366,True,False
206,149,1,2025-03-08,1,1,2,25,1,367,True,False
207,150,1,2026-01-21,1,15,40,466,29,370,True,False
208,151,1,2026-03-19,1,23,67,783,45,372,True,False
209,151,1,2026-03-08,1,23,67,783,45,373,True,False
210,151,1,2026-02-27,1,23,67,783,45,374,True,False
211,151,1,2026-03-26,1,23,67,783,45,375,True,True
212,152,1,2026-04-19,1,4,10,107,8,376,True,False
213,153,1,2026-02-12,1,4,9,95,7,377,True,False
214,154,1,2025-04-02,1,26,81,950,51,379,True,False
215,155,1,2026-02-10,1,4,11,114,7,380,True,False
216,155,2,2026-02-11,1,4,11,114,7,381,True,False
217,155,2,2026-02-12,1,4,11,114,7,382,True,False
218,155,1,2026-01-21,1,4,11,114,7,383,True,False
219,157,1,2025-11-20,1,4,10,111,7,385,True,False
220,158,1,2025-05-01,1,4,10,105,7,387,True,False
221,158,2,2025-05-05,1,4,10,105,7,388,True,False
222,159,1,2024-10-31,1,4,9,94,8,391,True,False
223,162,1,2025-08-21,1,29,89,1037,57,394,True,False
224,162,1,2025-08-08,1,29,89,1037,57,395,True,False
225,163,1,2025-08-15,1,4,11,119,7,398,True,False
226,163,2,2025-08-23,1,4,11,119,7,399,True,False
227,165,1,2025-11-26,1,23,70,822,45,402,True,False
228,166,1,2026-04-18,1,19,55,647,37,403,True,False
229,166,1,2026-04-15,1,19,55,647,37,404,True,False
230,166,2,2026-04-12,1,19,55,647,37,405,True,False
231,166,1,2026-04-26,1,19,55,647,37,406,True,False
232,167,1,2025-08-22,1,4,11,116,7,407,True,False
233,167,1,2025-08-24,1,4,11,116,7,409,True,False
234,168,1,2025-09-02,1,4,10,102,7,411,True,False
235,168,1,2025-08-25,1,4,10,102,7,412,True,False
236,168,1,2025-09-12,1,4,10,102,7,413,True,False
237,170,1,2025-03-31,1,19,55,644,37,417,True,False
238,170,1,2025-04-18,1,19,55,644,37,418,True,False
239,170,1,2025-03-24,1,19,55,644,37,419,True,False
240,171,1,2025-12-20,1,27,84,976,53,421,True,False
241,171,1,2025-12-30,1,27,84,976,53,422,True,False
242,172,1,2025-05-09,1,4,10,103,8,424,True,False
243,173,1,2026-04-18,1,21,61,711,42,427,True,False
244,174,1,2025-03-09,1,3,7,76,5,428,True,False
245,174,1,2025-03-29,1,3,7,76,5,429,True,False
246,174,2,2025-03-23,1,3,7,76,5,431,True,False
247,176,2,2025-02-16,1,29,89,1034,57,433,True,False
248,176,1,2025-03-05,1,29,89,1034,57,434,True,False
249,176,1,2025-02-24,1,29,89,1034,57,435,True,False
250,177,1,2026-03-09,1,1,2,17,1,437,True,False
251,178,1,2026-06-29,1,2,4,44,4,440,True,False
252,179,2,2026-04-13,1,11,29,328,22,441,True,False
253,179,1,2026-04-25,1,11,29,328,22,442,True,False
254,180,1,2025-06-15,1,4,11,117,7,443,True,False
255,180,1,2025-06-07,1,4,11,117,7,446,True,False
256,181,1,2025-09-13,1,3,7,76,5,447,True,False
257,181,2,2025-09-05,1,3,7,76,5,448,True,False
258,181,1,2025-09-12,1,3,7,76,5,449,True,False
259,181,1,2025-08-24,1,3,7,76,5,450,True,False
260,182,1,2024-08-01,1,22,63,734,43,451,True,False
261,183,1,2024-11-15,1,3,7,75,5,454,True,False
262,183,2,2024-11-10,1,3,7,75,5,455,True,True
263,183,1,2024-11-19,1,3,7,75,5,456,True,False
264,184,1,2024-10-04,1,24,72,839,48,458,True,False
265,185,1,2024-09-25,1,30,92,1066,59,459,True,False
266,188,2,2025-11-22,1,3,7,75,5,462,True,False
267,188,1,2025-11-30,1,3,7,75,5,463,True,False
268,189,1,2024-12-09,1,4,10,106,8,464,True,False
269,190,1,2025-07-04,1,4,9,93,7,466,True,False
270,191,1,2024-12-18,1,4,10,102,7,469,True,False
271,191,1,2025-01-04,1,4,10,102,7,470,True,False
272,192,2,2025-08-21,1,28,88,1024,55,472,True,False
273,192,1,2025-08-25,1,28,88,1024,55,473,True,False
274,192,1,2025-08-07,1,28,88,1024,55,474,True,False
275,193,2,2024-10-29,1,19,55,645,37,475,True,False
276,193,1,2024-11-10,1,19,55,645,37,476,True,False
277,194,2,2024-08-09,1,4,11,119,7,477,True,True
278,194,1,2024-08-21,1,4,11,119,7,479,True,False
279,195,1,2026-02-06,1,4,11,112,8,481,True,False
280,196,1,2024-08-16,1,23,69,801,46,482,True,False
281,196,2,2024-08-11,1,23,69,801,46,483,True,False
282,197,2,2026-05-13,1,1,1,4,1,484,True,False
283,197,1,2026-05-07,1,1,1,4,1,485,True,False
284,198,2,2025-12-06,1,4,11,116,8,487,True,False
285,198,1,2025-12-13,1,4,11,116,8,488,True,False
286,199,2,2026-04-21,1,4,10,109,7,489,True,False
287,199,1,2026-04-19,1,4,10,109,7,490,True,False
288,201,1,2025-08-14,1,20,59,693,39,493,True,False
289,201,1,2025-09-03,1,20,59,693,39,494,True,False
290,202,2,2026-05-13,1,28,85,989,56,496,True,False
291,202,1,2026-05-14,1,28,85,989,56,497,True,False
292,204,1,2026-01-30,1,22,63,736,43,499,True,False
293,205,1,2026-01-29,1,2,4,48,4,500,True,False
294,205,2,2026-02-05,1,2,4,48,4,501,True,False
295,205,1,2026-02-17,1,2,4,48,4,502,True,False
296,205,1,2026-02-02,1,2,4,48,4,503,True,False
297,206,1,2024-11-10,1,15,39,445,29,504,True,False
298,207,1,2026-07-06,1,4,9,100,8,507,True,False
299,207,1,2026-07-16,1,4,9,100,8,508,True,False
300,208,1,2026-01-17,1,3,7,81,6,510,True,False
301,208,1,2026-02-01,1,3,7,81,6,511,True,True
302,210,1,2024-10-21,1,4,9,101,7,513,True,False
303,211,1,2024-08-14,1,8,20,222,16,515,True,False
304,211,1,2024-09-04,1,8,20,222,16,516,True,False
305,211,1,2024-08-05,1,8,20,222,16,517,True,False
306,212,1,2026-01-23,1,20,57,662,39,518,True,False
307,212,1,2026-01-22,1,20,57,662,39,519,True,False
308,212,1,2026-01-30,1,20,57,662,39,520,True,False
309,213,1,2025-11-17,1,10,27,296,20,522,True,False
310,213,1,2025-12-15,1,10,27,296,20,524,True,False
311,214,1,2026-03-13,1,12,31,358,23,525,True,False
312,215,1,2024-08-08,1,7,19,215,13,527,True,False
313,216,1,2025-04-18,1,9,23,261,18,529,True,False
314,216,2,2025-04-02,1,9,23,261,18,530,True,False
315,216,1,2025-03-28,1,9,23,261,18,531,True,False
316,217,1,2026-03-26,1,1,1,1,2,533,True,False
317,217,1,2026-04-01,1,1,1,1,2,534,True,False
318,218,1,2025-12-17,1,11,30,339,22,535,True,False
319,219,1,2025-04-04,1,26,80,939,51,537,True,False
320,219,2,2025-04-01,1,26,80,939,51,538,True,False
321,221,1,2026-05-16,1,22,65,758,43,541,True,False
322,221,1,2026-06-02,1,22,65,758,43,542,True,False
323,221,1,2026-05-14,1,22,65,758,43,543,True,False
324,221,1,2026-05-27,1,22,65,758,43,544,True,False
325,222,1,2024-10-05,1,4,11,114,8,547,True,False
326,222,1,2024-10-10,1,4,11,114,8,548,True,False
327,223,1,2026-05-26,1,12,32,365,24,549,True,False
328,224,2,2025-01-09,1,22,63,735,43,550,True,False
329,224,2,2025-01-14,1,22,63,735,43,553,True,False
330,225,1,2026-02-07,1,25,76,890,50,554,True,False
331,225,1,2026-02-09,1,25,76,890,50,555,True,False
332,225,1,2026-03-02,1,25,76,890,50,556,True,False
333,226,2,2026-03-18,1,1,1,1,1,559,True,False
334,226,1,2026-03-27,1,1,1,1,1,560,True,False
335,227,2,2025-12-06,1,14,37,423,28,561,True,False
336,227,1,2025-12-12,1,14,37,423,28,562,True,False
337,228,1,2025-06-04,1,4,9,97,7,565,True,False
338,229,2,2025-10-17,1,4,11,120,8,566,True,False
339,229,2,2025-10-12,1,4,11,120,8,567,True,False
340,230,1,2024-12-18,1,20,57,665,39,571,True,False
341,231,1,2026-04-10,1,19,54,627,38,572,True,False
342,232,2,2025-04-22,1,23,69,803,45,575,True,False
343,233,1,2025-11-28,1,3,5,59,5,576,True,False
344,233,1,2025-12-01,1,3,5,59,5,579,True,False
345,234,2,2024-10-03,1,16,42,488,32,580,True,False
346,234,1,2024-09-27,1,16,42,488,32,581,True,False
347,235,1,2026-05-21,1,4,11,115,8,582,True,False
348,236,1,2025-11-25,1,3,5,57,5,583,True,False
349,236,1,2025-11-06,1,3,5,57,5,585,True,False
350,237,1,2026-06-04,1,1,2,17,2,586,True,False
351,237,1,2026-06-09,1,1,2,17,2,587,True,False
352,237,1,2026-06-04,1,1,2,17,2,588,True,False
353,238,2,2025-02-02,1,24,72,843,48,589,True,False
354,238,1,2025-01-22,1,24,72,843,48,590,True,False
355,238,1,2025-02-03,1,24,72,843,48,591,True,False
356,239,1,2026-04-11,1,13,34,382,26,593,True,False
357,239,1,2026-04-26,1,13,34,382,26,594,True,False
358,239,2,2026-04-13,1,13,34,382,26,595,True,False
359,240,1,2024-08-24,1,19,54,638,37,596,True,False
360,242,1,2024-07-14,1,9,25,285,17,598,True,False
361,242,1,2024-07-20,1,9,25,285,17,599,True,False
362,242,1,2024-07-12,1,9,25,285,17,600,True,False
363,243,1,2025-08-25,1,24,71,824,47,601,True,False
364,243,1,2025-08-15,1,24,71,824,47,602,True,False
365,243,1,2025-09-12,1,24,71,824,47,603,True,False
366,245,1,2024-10-28,1,5,13,133,9,605,True,False
367,246,1,2026-07-06,1,4,10,104,8,607,True,False
368,246,1,2026-06-24,1,4,10,104,8,609,True,False
369,247,2,2025-09-30,1,15,40,455,29,611,True,False
370,249,1,2025-12-17,1,3,7,78,5,618,True,False
371,250,1,2025-08-16,1,22,65,750,43,620,True,False
372,250,2,2025-08-03,1,22,65,750,43,621,True,False
373,251,1,2025-08-04,1,21,62,720,41,624,True,False
374,252,1,2025-01-26,1,3,7,77,5,626,True,False
375,252,1,2025-02-02,1,3,7,77,5,627,True,False
376,253,1,2025-09-16,1,13,33,371,25,629,True,False
377,253,1,2025-09-24,1,13,33,371,25,630,True,False
378,255,2,2026-05-22,1,7,19,212,13,633,True,False
379,256,1,2026-03-09,1,4,9,100,8,636,True,False
380,256,1,2026-03-03,1,4,9,100,8,637,True,False
381,258,1,2026-03-06,1,4,11,113,7,639,True,False
382,258,1,2026-03-06,1,4,11,113,7,641,True,False
383,261,1,2025-02-11,1,4,11,116,7,645,True,False
384,263,2,2026-04-19,1,4,11,118,8,648,True,False
385,263,1,2026-05-07,1,4,11,118,8,649,True,False
386,263,2,2026-05-12,1,4,11,118,8,650,True,False
387,264,1,2025-07-28,1,9,25,281,18,652,True,False
388,264,1,2025-07-11,1,9,25,281,18,653,True,False
389,265,1,2026-01-01,1,22,63,730,44,654,True,False
390,266,1,2025-01-10,1,16,43,500,31,656,True,False
391,267,1,2024-10-26,1,4,9,97,7,658,True,False
392,268,1,2026-04-28,1,9,23,259,18,660,True,False
393,269,1,2026-05-19,1,13,35,389,26,661,True,False
394,269,1,2026-05-17,1,13,35,389,26,662,True,False
395,270,1,2026-01-12,1,4,10,105,7,664,True,False
396,270,1,2026-01-01,1,4,10,105,7,665,True,False
397,271,1,2025-03-11,1,4,10,111,8,667,True,False
398,273,1,2026-06-15,1,4,10,103,7,670,True,False
399,275,1,2025-09-30,1,20,57,660,40,674,True,False
400,275,1,2025-10-06,1,20,57,660,40,675,True,False
401,275,1,2025-09-30,1,20,57,660,40,676,True,False
402,276,1,2026-02-11,1,1,1,12,2,677,True,False
403,276,1,2026-02-13,1,1,1,12,2,678,True,False
404,278,1,2026-04-18,1,3,8,88,5,680,True,False
405,278,1,2026-04-13,1,3,8,88,5,681,True,False
406,279,1,2025-08-18,1,1,2,17,2,682,True,False
407,281,1,2025-06-18,1,11,30,346,21,687,True,False
408,283,1,2026-04-14,1,25,78,905,50,691,True,False
409,285,1,2024-11-12,1,4,11,112,7,696,True,True
410,285,1,2024-11-25,1,4,11,112,7,698,True,False
411,286,1,2026-05-30,1,4,11,114,8,700,True,False
412,287,1,2025-02-19,1,19,55,641,37,701,True,False
413,287,1,2025-02-17,1,19,55,641,37,702,True,False
414,287,1,2025-02-13,1,19,55,641,37,703,True,False
415,287,2,2025-02-26,1,19,55,641,37,704,True,False
416,288,1,2025-05-30,1,3,8,85,6,705,True,False
417,288,2,2025-06-03,1,3,8,85,6,706,True,False
418,288,1,2025-05-29,1,3,8,85,6,707,True,False
419,289,1,2025-04-30,1,8,20,225,15,709,True,False
420,289,1,2025-04-08,1,8,20,225,15,710,True,False
421,290,1,2025-02-13,1,3,7,83,5,714,True,False
422,291,1,2025-08-19,1,3,6,72,6,717,True,False
423,292,1,2026-05-19,1,9,25,278,17,718,True,False
424,292,1,2026-05-24,1,9,25,278,17,719,True,False
425,293,1,2024-10-21,1,16,42,489,32,722,True,False
426,294,1,2025-12-11,1,11,29,327,22,724,True,True
427,295,1,2025-06-11,1,27,84,980,53,727,True,False
428,295,1,2025-07-09,1,27,84,980,53,728,True,False
429,298,2,2026-02-18,1,4,9,97,7,734,True,False
430,298,1,2026-03-02,1,4,9,97,7,735,True,False
431,298,1,2026-03-03,1,4,9,97,7,736,True,False
432,299,2,2026-08-04,1,3,7,82,6,738,True,False
433,299,1,2026-07-22,1,3,7,82,6,739,True,False
434,300,1,2026-03-21,1,13,33,369,26,740,True,False
435,300,1,2026-03-23,1,13,33,369,26,741,True,False
436,300,1,2026-04-10,1,13,33,369,26,742,True,False
437,301,1,2026-01-07,1,21,61,713,41,744,True,False
438,302,1,2025-09-08,1,7,19,208,13,747,True,False
439,302,2,2025-08-23,1,7,19,208,13,748,True,False
440,304,2,2025-12-07,1,2,3,34,4,751,True,True
441,304,2,2026-01-01,1,2,3,34,4,752,True,False
442,304,1,2025-12-28,1,2,3,34,4,753,True,False
443,305,1,2025-12-19,1,9,26,287,17,754,True,False
444,306,1,2025-12-09,1,7,18,204,14,756,True,False
445,306,1,2025-12-25,1,7,18,204,14,757,True,False
446,307,2,2024-08-20,1,1,2,28,2,760,True,False
447,307,1,2024-09-08,1,1,2,28,2,761,True,False
448,308,2,2026-04-20,1,4,10,104,7,762,True,False
449,308,1,2026-04-29,1,4,10,104,7,763,True,False
450,308,1,2026-04-29,1,4,10,104,7,764,True,False
451,310,1,2026-01-30,1,4,9,95,7,766,True,False
452,311,1,2025-12-05,1,22,64,749,44,767,True,False
453,312,1,2026-05-20,1,4,9,101,8,769,True,False
454,312,2,2026-05-17,1,4,9,101,8,770,True,False
455,312,1,2026-05-28,1,4,9,101,8,771,True,False
456,313,1,2024-09-24,1,27,84,978,53,773,True,False
457,313,1,2024-09-20,1,27,84,978,53,774,True,False
458,314,1,2025-02-25,1,26,81,948,52,777,True,False
459,315,1,2025-07-25,1,11,30,344,21,779,True,False
460,315,1,2025-07-17,1,11,30,344,21,780,True,False
461,315,1,2025-07-07,1,11,30,344,21,781,True,False
462,317,2,2025-04-27,1,21,61,709,42,783,True,False
463,318,1,2026-01-31,1,18,49,561,35,784,True,False
464,319,1,2024-10-16,1,11,29,328,22,785,True,False
465,319,1,2024-10-15,1,11,29,328,22,786,True,False
466,320,1,2025-02-27,1,1,2,15,1,787,True,False
467,320,2,2025-03-05,1,1,2,15,1,788,True,False
468,323,1,2025-05-19,1,27,83,965,54,794,True,False
469,323,2,2025-05-14,1,27,83,965,54,795,True,False
470,323,1,2025-05-14,1,27,83,965,54,796,True,False
471,324,1,2025-05-12,1,21,61,708,42,797,True,False
472,325,1,2026-05-26,1,4,9,95,8,798,True,False
473,325,1,2026-06-10,1,4,9,95,8,799,True,False
474,326,1,2026-01-24,1,29,90,1047,58,803,True,False
475,326,2,2026-01-21,1,29,90,1047,58,804,True,False
476,327,1,2024-08-18,1,10,27,299,20,805,True,True
477,328,1,2026-04-03,1,4,9,95,8,807,True,False
478,329,1,2026-03-05,1,1,2,16,2,808,True,False
479,329,2,2026-02-28,1,1,2,16,2,809,True,False
480,330,1,2026-03-17,1,4,11,114,8,810,True,False
481,330,1,2026-04-10,1,4,11,114,8,812,True,False
482,331,1,2026-02-18,1,4,9,95,7,813,True,False
483,332,1,2025-05-19,1,20,59,684,40,814,True,False
484,335,1,2026-02-12,1,4,9,96,8,819,True,False
485,335,1,2026-02-19,1,4,9,96,8,821,True,False
486,336,1,2025-04-10,1,27,82,956,54,823,True,False
487,336,1,2025-03-26,1,27,82,956,54,824,True,False
488,337,2,2026-06-23,1,27,83,963,54,826,True,False
489,339,2,2024-10-05,1,26,80,937,52,829,True,False
490,340,1,2025-03-28,1,10,27,297,20,832,True,False
491,340,1,2025-03-17,1,10,27,297,20,833,True,False
492,342,2,2026-07-10,1,4,10,103,7,836,True,False
493,342,1,2026-06-27,1,4,10,103,7,839,True,False
494,344,1,2024-10-19,1,12,32,364,24,844,True,False
495,345,1,2024-10-31,1,4,10,102,7,847,True,False
496,346,1,2025-12-10,1,4,11,120,8,848,True,False
497,346,1,2025-11-26,1,4,11,120,8,849,True,False
498,347,1,2025-07-14,1,1,1,7,2,852,True,False
499,347,2,2025-07-21,1,1,1,7,2,853,True,False
500,347,1,2025-07-21,1,1,1,7,2,854,True,False
501,348,2,2025-12-03,1,3,7,80,5,855,True,False
502,349,1,2026-07-04,1,4,10,111,7,857,True,False
503,349,1,2026-07-24,1,4,10,111,7,859,True,False
504,350,1,2025-03-19,1,4,9,101,7,861,True,False
505,351,1,2025-04-14,1,6,17,189,11,862,True,False
506,352,1,2026-03-01,1,4,11,117,8,863,True,False
507,352,2,2026-03-05,1,4,11,117,8,866,True,False
508,354,1,2025-05-09,1,13,33,369,26,869,True,False
509,355,1,2026-03-06,1,23,69,799,46,870,True,False
510,356,1,2025-07-06,1,23,69,796,45,873,True,False
511,356,1,2025-07-03,1,23,69,796,45,874,True,False
512,359,2,2025-09-29,1,20,57,661,39,878,True,False
513,360,1,2026-03-20,1,4,9,99,7,879,True,False
514,360,1,2026-03-05,1,4,9,99,7,880,True,False
515,361,1,2026-05-11,1,4,9,98,8,883,True,False
516,361,1,2026-04-26,1,4,9,98,8,884,True,False
517,362,1,2025-12-30,1,29,89,1035,57,886,True,False
518,362,1,2025-12-14,1,29,89,1035,57,887,True,True
519,362,1,2025-12-20,1,29,89,1035,57,888,True,False
520,363,2,2025-10-24,1,3,5,63,6,889,True,False
521,363,2,2025-10-23,1,3,5,63,6,890,True,False
522,364,1,2024-10-29,1,30,92,1070,60,891,True,False
523,366,1,2025-09-03,1,18,49,562,35,894,True,True
524,367,1,2024-12-14,1,10,27,302,19,895,True,False
525,368,1,2026-07-16,1,4,10,103,8,898,True,False
526,368,1,2026-07-12,1,4,10,103,8,899,True,False
527,368,1,2026-07-17,1,4,10,103,8,900,True,False
528,369,1,2026-02-22,1,7,19,206,14,902,True,False
529,370,1,2025-08-19,1,13,35,393,25,903,True,False
530,370,1,2025-08-05,1,13,35,393,25,904,True,False
531,370,1,2025-08-03,1,13,35,393,25,905,True,False
532,370,1,2025-08-01,1,13,35,393,25,906,True,False
533,371,2,2026-06-06,1,4,11,115,8,907,True,False
534,371,2,2026-06-02,1,4,11,115,8,908,True,False
535,371,1,2026-05-12,1,4,11,115,8,909,True,False
536,373,2,2026-02-22,1,9,22,246,18,914,True,False
537,374,1,2026-06-19,1,2,3,32,4,916,True,False
538,375,1,2026-04-02,1,1,2,22,2,917,True,False
539,375,2,2026-03-17,1,1,2,22,2,919,True,False
540,376,1,2026-03-05,1,3,8,86,6,922,True,False
541,377,1,2026-05-03,1,4,9,95,8,924,True,True
542,378,1,2026-05-20,1,4,11,120,7,926,True,True
543,378,1,2026-06-11,1,4,11,120,7,927,True,False
544,378,1,2026-05-22,1,4,11,120,7,928,True,False
545,379,1,2025-03-23,1,20,57,663,39,929,True,False
546,379,2,2025-04-08,1,20,57,663,39,930,True,False
547,379,1,2025-03-25,1,20,57,663,39,932,True,False
548,380,2,2025-10-08,1,8,20,223,16,933,True,False
549,381,1,2024-12-27,1,4,10,105,7,934,True,False
550,383,2,2025-03-18,1,6,17,183,11,939,True,False
551,384,1,2025-10-29,1,21,61,707,41,940,True,True
552,384,1,2025-11-04,1,21,61,707,41,941,True,False
553,384,1,2025-10-23,1,21,61,707,41,943,True,False
554,385,1,2024-11-15,1,4,11,115,7,944,True,False
555,385,2,2024-11-12,1,4,11,115,7,945,True,False
556,386,1,2026-06-21,1,19,52,599,37,946,True,False
557,387,2,2026-05-11,1,4,9,94,7,948,True,False
558,387,1,2026-05-04,1,4,9,94,7,949,True,False
559,388,1,2024-11-19,1,19,55,645,37,951,True,False
560,388,1,2024-11-20,1,19,55,645,37,953,True,False
561,389,1,2025-04-12,1,1,2,16,1,954,True,False
562,391,1,2024-10-09,1,4,11,117,7,959,True,True
563,391,1,2024-10-21,1,4,11,117,7,960,True,False
564,393,1,2026-01-23,1,1,2,21,1,962,True,False
565,393,2,2026-01-09,1,1,2,21,1,963,True,False
566,394,1,2026-03-17,1,4,9,101,8,965,True,False
567,395,1,2025-11-06,1,1,1,13,2,967,True,False
568,395,1,2025-11-04,1,1,1,13,2,968,True,False
569,396,1,2025-07-18,1,4,10,110,7,969,True,False
570,396,1,2025-07-28,1,4,10,110,7,971,True,False
571,397,1,2026-03-25,1,4,10,102,8,972,True,False
572,397,1,2026-03-19,1,4,10,102,8,974,True,False
573,398,2,2026-04-26,1,4,10,108,8,975,True,False
574,398,1,2026-04-22,1,4,10,108,8,976,True,False
575,398,1,2026-04-15,1,4,10,108,8,978,True,False
576,399,1,2025-01-21,1,4,11,113,7,979,True,False
577,400,2,2026-04-29,1,20,58,679,40,980,True,False
578,402,1,2025-04-08,1,3,5,57,5,985,True,False
579,402,1,2025-05-06,1,3,5,57,5,987,True,False
580,402,1,2025-04-20,1,3,5,57,5,988,True,False
581,403,2,2026-03-19,1,1,1,9,1,990,True,False
582,404,1,2026-02-09,1,4,9,97,8,993,True,False
583,404,1,2026-01-18,1,4,9,97,8,994,True,False
584,405,1,2026-02-23,1,6,17,184,12,997,True,False
585,405,1,2026-02-24,1,6,17,184,12,998,True,False
586,406,1,2025-08-27,1,25,76,884,49,999,True,False
587,406,1,2025-08-23,1,25,76,884,49,1000,True,False
588,407,1,2026-02-02,1,4,9,95,7,1002,True,False
589,410,1,2025-03-23,1,16,42,481,32,1009,True,False
590,414,2,2024-11-07,1,4,10,105,8,1014,True,False
591,414,1,2024-11-03,1,4,10,105,8,1015,True,False
592,414,1,2024-11-17,1,4,10,105,8,1016,True,True
593,416,1,2024-07-29,1,19,56,656,37,1019,True,False
594,416,1,2024-08-10,1,19,56,656,37,1020,True,False
595,417,1,2025-10-18,1,4,9,97,8,1022,True,False
596,417,1,2025-09-28,1,4,9,97,8,1023,True,False
597,418,1,2026-05-26,1,1,2,24,1,1024,True,False
598,418,1,2026-05-30,1,1,2,24,1,1025,True,False
599,419,2,2025-04-01,1,30,92,1072,59,1028,True,False
600,419,1,2025-04-09,1,30,92,1072,59,1029,True,False
601,419,1,2025-04-03,1,30,92,1072,59,1030,True,False
602,420,1,2026-08-04,1,10,28,315,19,1032,True,False
603,421,1,2025-03-10,1,17,45,518,33,1034,True,False
604,421,1,2025-03-12,1,17,45,518,33,1035,True,False
605,422,2,2026-06-17,1,4,9,93,8,1037,True,False
606,423,1,2024-11-29,1,22,63,733,44,1040,True,False
607,425,1,2024-10-03,1,16,42,489,32,1044,True,False
608,425,2,2024-09-27,1,16,42,489,32,1045,True,False
609,425,1,2024-09-23,1,16,42,489,32,1046,True,False
610,427,2,2025-12-25,1,4,9,99,8,1050,True,False
611,427,1,2026-01-01,1,4,9,99,8,1051,True,False
612,428,1,2024-10-03,1,11,29,321,22,1054,True,False
613,428,2,2024-09-09,1,11,29,321,22,1055,True,False
614,428,1,2024-09-13,1,11,29,321,22,1056,True,False
615,429,1,2025-01-05,1,1,2,26,2,1057,True,False
616,431,2,2024-08-29,1,13,34,379,26,1060,True,False
617,433,1,2026-06-28,1,7,18,205,14,1063,True,True
618,433,1,2026-06-17,1,7,18,205,14,1064,True,False
619,434,2,2024-10-06,1,3,7,80,5,1067,True,False
620,435,1,2025-10-27,1,4,11,116,7,1070,True,False
621,435,1,2025-11-07,1,4,11,116,7,1072,True,False
622,435,1,2025-10-27,1,4,11,116,7,1073,True,True
623,436,1,2025-07-05,1,26,80,934,51,1075,True,False
624,436,1,2025-06-17,1,26,80,934,51,1076,True,False
625,437,2,2026-01-09,1,8,21,232,16,1078,True,False
626,437,1,2025-12-30,1,8,21,232,16,1079,True,False
627,438,2,2025-09-04,1,3,8,85,5,1080,True,False
628,438,1,2025-08-15,1,3,8,85,5,1081,True,False
629,438,1,2025-09-02,1,3,8,85,5,1082,True,False
630,439,1,2024-08-20,1,20,59,688,39,1084,True,True
631,439,1,2024-08-26,1,20,59,688,39,1085,True,False
632,440,1,2024-07-26,1,3,6,64,5,1087,True,False
633,440,1,2024-07-31,1,3,6,64,5,1088,True,False
634,440,1,2024-08-15,1,3,6,64,5,1089,True,False
635,441,1,2024-09-05,1,4,11,112,7,1092,True,False
636,441,1,2024-08-26,1,4,11,112,7,1093,True,False
637,442,1,2025-12-24,1,4,10,103,8,1094,True,False
638,442,1,2025-12-11,1,4,10,103,8,1095,True,False
639,444,1,2025-08-05,1,19,56,657,38,1099,True,False
640,444,1,2025-08-26,1,19,56,657,38,1100,True,False
641,447,1,2025-04-06,1,5,14,147,9,1105,True,False
642,447,1,2025-04-07,1,5,14,147,9,1106,True,False
643,449,1,2025-08-18,1,19,54,633,37,1108,True,False
644,449,1,2025-09-01,1,19,54,633,37,1109,True,False
645,449,1,2025-09-04,1,19,54,633,37,1110,True,False
646,449,1,2025-08-21,1,19,54,633,37,1111,True,False
647,450,2,2024-10-08,1,4,9,93,7,1114,True,False
648,451,1,2026-06-26,1,10,27,296,20,1117,True,False
649,452,1,2025-01-09,1,29,90,1044,57,1120,True,False
650,453,1,2026-07-01,1,1,2,16,1,1122,True,False
651,454,1,2025-10-14,1,25,75,877,49,1124,True,False
652,456,1,2024-10-17,1,11,30,341,22,1126,True,True
653,457,1,2024-11-05,1,4,10,108,8,1128,True,False
654,458,1,2026-06-21,1,5,14,155,9,1129,True,False
655,459,1,2025-03-26,1,1,1,7,1,1132,True,False
656,460,1,2024-11-24,1,4,9,100,7,1134,True,False
657,460,1,2024-11-23,1,4,9,100,7,1135,True,False
658,461,1,2024-11-14,1,4,11,113,7,1136,True,False
659,461,1,2024-10-22,1,4,11,113,7,1137,True,False
660,462,1,2025-04-26,1,5,14,151,9,1138,True,False
661,462,1,2025-04-30,1,5,14,151,9,1141,True,False
662,463,1,2024-10-05,1,17,44,513,33,1142,True,False
663,466,1,2024-12-08,1,4,10,109,8,1147,True,False
664,466,1,2024-12-12,1,4,10,109,8,1148,True,False
665,467,1,2026-08-05,1,20,60,699,39,1150,True,False
666,469,1,2025-10-26,1,17,44,510,33,1152,True,False
667,470,1,2026-07-02,1,22,65,754,44,1153,True,False
668,470,1,2026-06-22,1,22,65,754,44,1154,True,False
669,470,1,2026-06-22,1,22,65,754,44,1155,True,False
670,471,1,2024-08-01,1,4,10,109,7,1156,True,False
671,472,1,2026-03-03,1,4,9,98,8,1158,True,False
672,472,1,2026-03-28,1,4,9,98,8,1159,True,False
673,472,1,2026-03-16,1,4,9,98,8,1160,True,False
674,473,2,2024-08-20,1,4,11,119,8,1163,True,False
675,473,2,2024-08-24,1,4,11,119,8,1164,True,True
676,474,2,2024-09-11,1,1,2,22,1,1166,True,False
677,475,1,2026-05-22,1,4,10,109,8,1167,True,False
678,475,1,2026-05-27,1,4,10,109,8,1168,True,False
679,475,2,2026-05-25,1,4,10,109,8,1169,True,False
680,476,1,2024-10-05,1,28,86,996,56,1170,True,False
681,477,2,2025-10-23,1,28,87,1016,55,1171,True,False
682,479,1,2024-10-16,1,5,13,138,10,1175,True,False
683,480,1,2026-03-12,1,4,11,120,8,1177,True,False
684,480,1,2026-03-02,1,4,11,120,8,1178,True,False
685,482,1,2024-10-26,1,3,6,69,5,1183,True,False
686,483,1,2025-06-06,1,21,62,721,42,1187,True,False
687,484,1,2026-06-08,1,4,10,102,8,1189,True,False
688,484,1,2026-06-19,1,4,10,102,8,1190,True,False
689,485,1,2024-12-31,1,15,39,447,30,1192,True,True
690,486,1,2026-04-20,1,4,10,104,8,1194,True,False
691,487,1,2024-08-19,1,22,64,743,43,1195,True,False
692,488,1,2024-12-08,1,1,1,7,1,1197,True,False
693,489,1,2025-09-30,1,4,9,99,7,1198,True,False
694,489,1,2025-09-28,1,4,9,99,7,1199,True,False
695,491,1,2025-09-27,1,6,16,177,11,1203,True,False
696,492,1,2026-07-20,1,1,1,5,2,1204,True,False
697,492,1,2026-07-08,1,1,1,5,2,1205,True,False
698,493,1,2026-05-10,1,9,23,259,18,1206,True,False
699,494,1,2025-10-20,1,12,32,365,24,1210,True,False
700,494,1,2025-11-17,1,12,32,365,24,1211,True,False
701,495,1,2025-06-26,1,29,90,1042,57,1213,True,False
702,495,1,2025-06-11,1,29,90,1042,57,1216,True,False
703,497,1,2024-09-03,1,23,69,800,46,1218,True,False
704,498,1,2026-05-09,1,30,91,1055,60,1219,True,False
705,498,1,2026-05-16,1,30,91,1055,60,1222,True,False
706,499,2,2025-03-19,1,27,82,953,53,1225,True,False
707,500,1,2025-01-08,1,16,41,472,32,1226,True,False
708,500,1,2025-01-03,1,16,41,472,32,1227,True,False
709,501,1,2026-01-12,1,9,26,295,17,1230,True,False
710,501,1,2026-01-21,1,9,26,295,17,1231,True,False
711,501,1,2026-01-29,1,9,26,295,17,1232,True,False
712,502,2,2026-04-13,1,4,11,112,8,1233,True,False
713,502,2,2026-05-02,1,4,11,112,8,1234,True,False
714,504,2,2025-10-15,1,20,59,686,40,1237,True,False
715,504,1,2025-10-14,1,20,59,686,40,1238,True,False
716,505,1,2025-03-26,1,30,92,1073,60,1242,True,False
717,506,1,2024-08-11,1,1,1,8,2,1243,True,False
718,506,1,2024-08-23,1,1,1,8,2,1245,True,False
719,507,1,2025-02-12,1,25,78,912,49,1246,True,False
720,507,1,2025-02-23,1,25,78,912,49,1247,True,False
721,508,1,2024-09-18,1,13,33,376,25,1248,True,False
722,508,1,2024-09-18,1,13,33,376,25,1249,True,False
723,509,2,2026-03-20,1,4,10,106,8,1250,True,False
724,509,1,2026-03-27,1,4,10,106,8,1253,True,False
725,510,1,2025-02-28,1,15,39,448,29,1254,True,False
726,510,1,2025-03-14,1,15,39,448,29,1257,True,False
727,511,1,2026-04-25,1,4,10,104,7,1258,True,False
728,511,2,2026-04-22,1,4,10,104,7,1259,True,False
729,511,1,2026-04-20,1,4,10,104,7,1260,True,False
730,513,1,2024-08-18,1,1,1,10,2,1262,True,False
731,513,1,2024-08-14,1,1,1,10,2,1264,True,False
732,514,1,2025-05-23,1,23,66,770,45,1267,True,False
733,516,1,2024-09-02,1,4,9,94,7,1269,True,False
734,518,1,2024-11-18,1,30,92,1070,59,1274,True,False
735,518,2,2024-11-05,1,30,92,1070,59,1275,True,False
736,518,1,2024-11-13,1,30,92,1070,59,1276,True,False
737,519,1,2026-04-20,1,28,86,1001,56,1278,True,False
738,521,1,2025-07-11,1,30,91,1057,60,1280,True,False
739,521,1,2025-06-30,1,30,91,1057,60,1282,True,True
740,523,1,2024-08-27,1,4,11,116,8,1285,True,False
741,524,1,2025-01-27,1,29,89,1032,57,1286,True,False
742,524,1,2025-01-19,1,29,89,1032,57,1288,True,False
743,524,1,2025-02-07,1,29,89,1032,57,1289,True,False
744,525,1,2026-07-06,1,21,61,710,41,1292,True,False
745,526,1,2025-04-30,1,17,46,532,34,1293,True,False
746,526,1,2025-04-23,1,17,46,532,34,1296,True,False
747,527,2,2026-04-29,1,10,28,308,19,1297,True,False
748,528,1,2026-05-27,1,22,64,749,43,1300,True,False
749,528,1,2026-06-07,1,22,64,749,43,1301,True,False
750,528,1,2026-05-28,1,22,64,749,43,1302,True,False
751,529,1,2026-03-17,1,4,9,98,7,1304,True,False
752,531,1,2026-06-13,1,10,28,313,20,1306,True,False
753,531,1,2026-07-02,1,10,28,313,20,1307,True,False
754,531,1,2026-06-07,1,10,28,313,20,1308,True,False
755,533,2,2025-02-05,1,22,64,740,44,1311,True,False
756,534,1,2026-04-12,1,4,10,109,7,1314,True,True
757,535,1,2026-06-30,1,4,11,115,7,1315,True,False
758,536,1,2024-10-02,1,4,10,108,7,1317,True,False
759,537,1,2025-06-18,1,19,56,649,38,1321,True,False
760,538,1,2025-07-16,1,3,6,67,5,1322,True,False
761,539,1,2024-12-13,1,10,28,313,20,1324,True,False
762,540,1,2025-04-08,1,19,55,646,37,1326,True,False
763,541,1,2025-09-15,1,26,79,925,51,1327,True,False
764,542,1,2025-04-16,1,5,14,150,10,1330,True,False
765,542,1,2025-04-25,1,5,14,150,10,1331,True,False
766,543,1,2025-05-01,1,2,3,29,4,1332,True,False
767,544,1,2025-11-13,1,25,78,912,50,1333,True,False
768,545,1,2026-01-28,1,3,5,58,5,1334,True,False
769,546,1,2025-03-13,1,8,21,237,15,1337,True,False
770,547,2,2024-08-20,1,4,9,95,8,1338,True,False
771,548,1,2025-01-05,1,1,2,19,2,1339,True,False
772,548,2,2025-01-17,1,1,2,19,2,1340,True,False
773,549,2,2026-05-22,1,1,1,6,1,1341,True,False
774,549,2,2026-05-23,1,1,1,6,1,1343,True,False
775,551,2,2025-01-12,1,1,1,5,2,1348,True,False
776,553,2,2025-03-30,1,26,80,942,51,1352,True,False
777,555,1,2024-08-07,1,4,10,110,7,1355,True,False
778,557,2,2026-06-26,1,3,6,72,5,1359,True,False
779,557,1,2026-07-05,1,3,6,72,5,1360,True,False
780,559,1,2025-03-07,1,18,51,587,35,1365,True,False
781,559,1,2025-03-15,1,18,51,587,35,1366,True,False
782,560,1,2025-06-17,1,29,89,1028,58,1368,True,False
783,560,2,2025-05-28,1,29,89,1028,58,1369,True,False
784,560,1,2025-06-27,1,29,89,1028,58,1370,True,False
785,561,2,2025-03-30,1,19,53,613,37,1373,True,False
786,562,1,2026-05-28,1,4,11,119,8,1374,True,False
787,562,1,2026-05-25,1,4,11,119,8,1375,True,False
788,562,2,2026-05-19,1,4,11,119,8,1376,True,False
789,563,1,2025-07-23,1,4,9,95,8,1378,True,False
790,563,1,2025-08-02,1,4,9,95,8,1379,True,False
791,564,1,2026-06-26,1,4,10,104,8,1380,True,False
792,565,1,2026-04-25,1,27,82,953,54,1381,True,False
793,566,1,2025-08-13,1,13,34,379,26,1382,True,False
794,566,1,2025-08-02,1,13,34,379,26,1384,True,False
795,566,1,2025-08-18,1,13,34,379,26,1385,True,False
796,569,1,2025-03-19,1,1,1,8,2,1388,True,False
797,569,1,2025-03-27,1,1,1,8,2,1389,True,False
798,569,1,2025-03-01,1,1,1,8,2,1390,True,False
799,570,1,2025-07-08,1,4,11,114,7,1391,True,False
800,570,1,2025-07-05,1,4,11,114,7,1392,True,False
801,571,1,2025-03-25,1,4,9,94,8,1393,True,False
802,571,1,2025-04-01,1,4,9,94,8,1394,True,False
803,572,1,2025-03-14,1,17,46,528,34,1395,True,False
804,573,1,2025-10-30,1,5,14,145,9,1398,True,True
805,573,1,2025-11-18,1,5,14,145,9,1399,True,False
806,574,2,2024-10-21,1,3,8,85,5,1400,True,False
807,574,1,2024-10-08,1,3,8,85,5,1401,True,False
808,576,1,2026-04-25,1,4,10,110,7,1406,True,False
809,577,1,2026-03-19,1,4,10,109,7,1407,True,False
810,577,1,2026-03-11,1,4,10,109,7,1410,True,False
811,578,1,2025-05-09,1,2,4,43,3,1411,True,False
812,579,1,2026-01-15,1,17,45,522,33,1414,True,False
813,580,1,2025-10-23,1,24,73,849,48,1416,True,False
814,581,1,2026-02-15,1,23,68,789,45,1417,True,False
815,581,1,2026-02-12,1,23,68,789,45,1418,True,False
816,582,1,2025-11-17,1,11,29,319,21,1419,True,False
817,582,1,2025-11-20,1,11,29,319,21,1420,True,False
818,585,1,2024-08-11,1,4,9,93,8,1425,True,False
819,587,1,2026-06-04,1,6,17,185,12,1427,True,False
820,588,1,2025-09-17,1,4,9,99,8,1429,True,True
821,588,1,2025-09-15,1,4,9,99,8,1430,True,False
822,588,1,2025-09-09,1,4,9,99,8,1432,True,False
823,589,1,2025-07-24,1,14,38,432,28,1435,True,False
824,590,1,2024-08-29,1,25,75,870,50,1438,True,False
825,591,2,2024-11-25,1,18,49,568,35,1441,True,False
826,591,1,2024-11-21,1,18,49,568,35,1442,True,False
827,592,2,2025-03-12,1,10,27,300,19,1444,True,False
828,592,2,2025-03-13,1,10,27,300,19,1445,True,False
829,593,1,2026-04-21,1,4,9,95,7,1446,True,False
830,593,1,2026-04-19,1,4,9,95,7,1449,True,False
831,594,1,2026-07-29,1,9,26,293,18,1452,True,False
832,595,1,2024-09-13,1,4,9,93,8,1455,True,False
833,597,1,2025-09-26,1,21,62,719,42,1458,True,False
834,598,1,2024-11-13,1,4,10,110,7,1462,True,False
835,599,1,2026-07-15,1,4,10,108,8,1463,True,False
836,599,2,2026-07-30,1,4,10,108,8,1464,True,False
837,600,1,2026-03-02,1,4,9,94,7,1466,True,False
838,600,1,2026-03-14,1,4,9,94,7,1467,True,False
839,601,1,2024-09-08,1,29,90,1038,58,1469,True,False
840,601,2,2024-09-16,1,29,90,1038,58,1471,True,False
841,602,2,2026-07-18,1,4,10,107,7,1472,True,False
842,603,1,2025-12-24,1,4,9,93,7,1475,True,False
843,603,2,2026-01-06,1,4,9,93,7,1477,True,False
844,604,1,2025-08-15,1,1,2,18,1,1479,True,False
845,604,1,2025-08-18,1,1,2,18,1,1481,True,False
846,605,1,2025-12-15,1,4,11,119,8,1482,True,False
847,605,2,2025-12-03,1,4,11,119,8,1483,True,False
848,605,2,2025-11-30,1,4,11,119,8,1485,True,False
849,606,1,2025-07-31,1,3,6,67,5,1486,True,False
850,607,1,2025-02-23,1,10,28,309,20,1489,True,False
851,608,1,2025-09-19,1,3,7,82,5,1490,True,False
852,610,1,2026-02-05,1,4,11,117,7,1495,True,False
853,611,2,2024-12-25,1,13,35,389,25,1496,True,False
854,612,1,2026-04-26,1,16,41,474,31,1497,True,False
855,612,1,2026-04-27,1,16,41,474,31,1499,True,False
856,613,1,2024-09-01,1,3,5,57,5,1500,True,False
857,613,1,2024-09-18,1,3,5,57,5,1502,True,False
858,614,1,2026-07-09,1,4,10,105,7,1503,True,False
859,614,2,2026-07-06,1,4,10,105,7,1505,True,False
860,615,1,2026-07-11,1,3,6,72,6,1506,True,False
861,615,1,2026-07-06,1,3,6,72,6,1507,True,False
862,615,1,2026-06-27,1,3,6,72,6,1508,True,False
863,615,1,2026-06-30,1,3,6,72,6,1509,True,False
864,616,1,2026-06-26,1,3,6,70,6,1510,True,False
865,616,1,2026-07-18,1,3,6,70,6,1511,True,False
866,616,1,2026-07-16,1,3,6,70,6,1512,True,False
867,617,1,2025-01-29,1,18,49,563,36,1513,True,False
868,619,1,2025-04-04,1,4,10,106,7,1515,True,False
869,620,1,2026-06-30,1,4,9,96,7,1518,True,False
870,620,2,2026-06-25,1,4,9,96,7,1519,True,False
871,621,1,2024-12-27,1,27,82,959,54,1521,True,False
872,621,1,2024-12-22,1,27,82,959,54,1522,True,False
873,622,1,2026-01-30,1,1,1,13,2,1524,True,False
874,623,1,2024-12-22,1,20,60,702,39,1525,True,False
875,623,1,2024-12-19,1,20,60,702,39,1526,True,False
876,623,1,2024-11-30,1,20,60,702,39,1527,True,False
877,624,2,2025-12-15,1,30,91,1049,60,1529,True,False
878,624,1,2025-12-15,1,30,91,1049,60,1530,True,False
879,626,1,2025-10-16,1,15,39,452,30,1532,True,False
880,626,2,2025-10-03,1,15,39,452,30,1534,True,False
881,627,1,2024-10-29,1,4,10,111,7,1536,True,False
882,628,1,2025-05-31,1,4,10,109,8,1537,True,False
883,628,1,2025-05-26,1,4,10,109,8,1538,True,False
884,628,1,2025-06-06,1,4,10,109,8,1539,True,False
885,629,1,2025-12-08,1,28,88,1025,56,1542,True,False
886,629,1,2025-12-10,1,28,88,1025,56,1544,True,False
887,630,2,2025-05-15,1,11,30,333,21,1545,True,False
888,630,1,2025-05-22,1,11,30,333,21,1546,True,False
889,631,1,2025-10-20,1,3,6,71,6,1547,True,False
890,631,2,2025-10-17,1,3,6,71,6,1548,True,False
891,632,2,2026-04-15,1,4,9,97,8,1549,True,False
892,632,1,2026-04-24,1,4,9,97,8,1552,True,False
893,633,1,2026-04-09,1,4,11,112,8,1553,True,False
894,633,1,2026-04-03,1,4,11,112,8,1554,True,False
895,633,2,2026-04-16,1,4,11,112,8,1555,True,False
896,634,1,2025-07-04,1,23,70,822,45,1556,True,False
897,636,1,2025-05-11,1,10,27,296,20,1561,True,False
898,637,1,2025-01-21,1,26,80,930,52,1565,True,False
899,638,1,2026-01-09,1,26,79,921,52,1569,True,False
900,639,1,2026-04-16,1,4,10,109,8,1570,True,False
901,639,1,2026-04-13,1,4,10,109,8,1573,True,False
902,640,2,2025-11-27,1,10,28,318,19,1574,True,False
903,640,1,2025-12-16,1,10,28,318,19,1575,True,False
904,641,2,2025-08-19,1,21,61,716,42,1576,True,False
905,641,2,2025-08-27,1,21,61,716,42,1577,True,False
906,641,1,2025-08-20,1,21,61,716,42,1578,True,False
907,642,1,2026-07-12,1,4,11,114,7,1580,True,False
908,642,1,2026-07-20,1,4,11,114,7,1581,True,False
909,642,1,2026-07-01,1,4,11,114,7,1582,True,False
910,644,1,2026-04-11,1,28,86,999,56,1585,True,False
911,644,2,2026-03-18,1,28,86,999,56,1587,True,False
912,645,1,2025-10-25,1,19,53,616,37,1591,True,False
913,646,1,2025-11-24,1,1,2,26,1,1592,True,False
914,646,1,2025-11-15,1,1,2,26,1,1593,True,False
915,647,1,2024-12-13,1,6,17,183,12,1595,True,False
916,648,1,2025-10-25,1,6,15,157,12,1597,True,False
917,648,1,2025-11-10,1,6,15,157,12,1599,True,False
918,649,1,2024-10-21,1,4,11,119,7,1600,True,False
919,650,2,2025-06-10,1,19,54,634,38,1604,True,False
920,651,1,2025-01-29,1,9,22,245,18,1606,True,False
921,651,1,2025-01-28,1,9,22,245,18,1607,True,False
922,652,2,2025-11-15,1,4,10,102,8,1610,True,False
923,652,1,2025-11-07,1,4,10,102,8,1611,True,False
924,653,1,2025-11-14,1,1,1,5,2,1612,True,False
925,653,1,2025-11-18,1,1,1,5,2,1613,True,False
926,653,2,2025-11-11,1,1,1,5,2,1614,True,False
927,653,1,2025-11-25,1,1,1,5,2,1615,True,False
928,654,1,2024-12-08,1,20,57,665,40,1616,True,False
929,654,1,2024-11-28,1,20,57,665,40,1617,True,False
930,656,2,2026-05-14,1,4,9,93,8,1620,True,False
931,657,2,2025-09-22,1,27,82,952,53,1622,True,False
932,657,1,2025-09-19,1,27,82,952,53,1624,True,False
933,660,1,2024-09-05,1,9,24,271,17,1632,True,False
934,662,1,2024-10-15,1,4,9,94,8,1635,True,False
935,664,1,2025-01-06,1,25,76,883,50,1638,True,False
936,665,2,2025-10-28,1,8,20,220,16,1639,True,False
937,665,1,2025-11-14,1,8,20,220,16,1640,True,False
938,666,1,2025-09-19,1,4,10,109,7,1644,True,False
939,667,2,2026-06-24,1,4,10,106,8,1646,True,False
940,668,1,2025-12-16,1,20,58,675,39,1648,True,True
941,669,1,2024-12-29,1,29,89,1034,57,1652,True,True
942,669,1,2025-01-21,1,29,89,1034,57,1654,True,False
943,670,1,2026-05-31,1,27,84,980,53,1656,True,False
944,672,2,2025-11-17,1,4,10,107,8,1658,True,False
945,672,1,2025-11-19,1,4,10,107,8,1659,True,False
946,672,1,2025-11-15,1,4,10,107,8,1660,True,False
947,672,1,2025-11-18,1,4,10,107,8,1661,True,False
948,673,1,2024-08-13,1,19,52,597,38,1663,True,False
949,673,2,2024-08-18,1,19,52,597,38,1664,True,False
950,674,2,2025-05-04,1,14,38,434,27,1665,True,False
951,674,1,2025-04-25,1,14,38,434,27,1666,True,False
952,675,2,2025-01-04,1,3,5,55,6,1668,True,False
953,676,1,2026-06-24,1,21,61,711,42,1669,True,False
954,676,1,2026-06-11,1,21,61,711,42,1671,True,False
955,677,1,2025-07-10,1,10,27,299,19,1672,True,False
956,678,1,2025-04-13,1,4,10,103,7,1675,True,False
957,678,1,2025-05-02,1,4,10,103,7,1677,True,False
958,679,1,2025-10-30,1,30,91,1058,60,1678,True,False
959,680,1,2025-02-19,1,3,5,55,6,1681,True,False
960,681,1,2026-08-01,1,4,10,104,8,1682,True,False
961,681,1,2026-07-10,1,4,10,104,8,1683,True,False
962,682,1,2026-02-16,1,18,49,559,35,1685,True,False
963,683,1,2026-04-04,1,9,25,285,17,1686,True,False
964,683,1,2026-04-29,1,9,25,285,17,1688,True,False
965,684,2,2025-05-01,1,12,32,364,24,1689,True,False
966,685,1,2026-07-09,1,17,48,555,34,1690,True,False
967,685,2,2026-07-14,1,17,48,555,34,1692,True,False
968,686,1,2024-08-12,1,11,30,342,22,1694,True,False
969,687,1,2025-10-01,1,4,10,107,7,1696,True,False
970,688,1,2026-05-27,1,4,10,109,8,1701,True,False
971,689,2,2026-07-06,1,27,84,974,53,1704,True,False
972,690,1,2026-02-25,1,13,35,389,25,1705,True,False
973,690,1,2026-03-15,1,13,35,389,25,1706,True,False
974,691,1,2025-11-19,1,25,75,868,49,1707,True,False
975,691,1,2025-12-01,1,25,75,868,49,1708,True,False
976,692,2,2026-03-29,1,4,9,93,7,1710,True,False
977,692,1,2026-03-09,1,4,9,93,7,1712,True,False
978,693,1,2025-01-04,1,21,62,728,42,1714,True,False
979,694,1,2024-08-22,1,4,11,120,8,1716,True,False
980,694,1,2024-09-05,1,4,11,120,8,1717,True,False
981,696,1,2025-06-16,1,30,91,1053,59,1720,True,False
982,696,1,2025-05-25,1,30,91,1053,59,1721,True,False
983,696,2,2025-06-15,1,30,91,1053,59,1722,True,False
984,696,2,2025-06-21,1,30,91,1053,59,1723,True,False
985,698,1,2025-04-14,1,3,5,56,5,1726,True,False
986,698,2,2025-04-18,1,3,5,56,5,1727,True,False
987,699,1,2025-12-25,1,28,87,1018,56,1730,True,False
988,699,1,2025-12-30,1,28,87,1018,56,1731,True,False
989,700,1,2024-10-15,1,16,43,504,31,1733,True,False
990,701,2,2025-02-05,1,4,10,111,7,1734,True,False
991,702,1,2024-12-05,1,1,2,15,2,1736,True,False
992,703,1,2024-11-20,1,4,9,100,8,1737,True,False
993,704,1,2026-02-05,1,3,7,75,5,1738,True,False
994,704,1,2026-02-21,1,3,7,75,5,1739,True,False
995,705,1,2025-05-18,1,8,20,223,15,1740,True,False
996,705,1,2025-05-07,1,8,20,223,15,1741,True,False
997,705,1,2025-05-13,1,8,20,223,15,1742,True,False
998,705,1,2025-06-01,1,8,20,223,15,1743,True,False
999,707,1,2026-02-07,1,8,21,234,16,1746,True,False
1000,707,2,2026-02-06,1,8,21,234,16,1747,True,True
1001,708,1,2026-02-11,1,4,11,120,8,1749,True,False
1002,709,1,2026-06-08,1,4,11,117,8,1750,True,False
1003,709,1,2026-06-04,1,4,11,117,8,1752,True,False
1004,709,1,2026-05-30,1,4,11,117,8,1753,True,False
1005,710,1,2025-11-09,1,4,9,99,8,1756,True,False
1006,711,1,2026-07-11,1,30,91,1052,60,1758,True,False
1007,712,1,2024-10-20,1,4,11,116,7,1759,True,False
1008,713,1,2025-02-15,1,13,34,382,25,1761,True,False
1009,713,2,2025-03-09,1,13,34,382,25,1762,True,False
1010,714,1,2025-09-11,1,26,79,917,51,1763,True,False
1011,715,1,2024-08-16,1,3,5,60,6,1765,True,False
1012,715,1,2024-08-30,1,3,5,60,6,1766,True,False
1013,716,1,2024-11-11,1,4,11,114,8,1767,True,False
1014,716,2,2024-11-17,1,4,11,114,8,1768,True,False
1015,717,2,2025-09-04,1,4,11,120,8,1769,True,False
1016,718,1,2024-08-01,1,17,48,550,33,1771,True,False
1017,720,2,2026-07-03,1,4,10,106,8,1774,True,False
1018,720,1,2026-06-28,1,4,10,106,8,1776,True,True
1019,721,1,2025-02-13,1,18,49,559,36,1778,True,False
1020,721,1,2025-02-14,1,18,49,559,36,1779,True,False
1021,722,1,2026-05-01,1,4,11,113,7,1780,True,False
1022,722,1,2026-04-30,1,4,11,113,7,1781,True,False
1023,722,1,2026-04-06,1,4,11,113,7,1782,True,False
1024,724,1,2026-02-19,1,13,34,381,25,1786,True,False
1025,725,1,2025-06-04,1,27,83,964,54,1787,True,False
1026,726,1,2026-04-21,1,22,65,755,44,1788,True,False
1027,726,1,2026-04-19,1,22,65,755,44,1789,True,False
1028,726,1,2026-04-07,1,22,65,755,44,1790,True,False
1029,727,2,2024-10-22,1,3,6,69,5,1792,True,True
1030,728,1,2025-07-24,1,7,18,203,13,1796,True,False
1031,728,1,2025-07-29,1,7,18,203,13,1797,True,False
1032,729,1,2026-01-21,1,7,19,215,14,1799,True,False
1033,730,1,2025-03-10,1,13,33,375,25,1801,True,False
1034,732,2,2026-02-12,1,4,10,105,7,1803,True,False
1035,732,1,2026-02-03,1,4,10,105,7,1804,True,False
1036,732,1,2026-02-04,1,4,10,105,7,1806,True,True
1037,733,1,2026-05-23,1,4,11,115,8,1807,True,False
1038,733,1,2026-05-18,1,4,11,115,8,1808,True,False
1039,733,1,2026-05-18,1,4,11,115,8,1809,True,False
1040,734,1,2024-10-21,1,3,7,78,5,1811,True,True
1041,734,1,2024-09-28,1,3,7,78,5,1812,True,False
1042,734,2,2024-09-27,1,3,7,78,5,1814,True,False
1043,736,2,2026-04-30,1,5,12,132,10,1816,True,False
1044,736,1,2026-05-05,1,5,12,132,10,1817,True,True
1045,736,1,2026-05-07,1,5,12,132,10,1818,True,False
1046,736,1,2026-05-11,1,5,12,132,10,1819,True,False
1047,737,1,2026-03-23,1,24,74,859,48,1821,True,False
1048,739,2,2025-11-05,1,4,9,100,8,1824,True,False
1049,740,1,2025-12-21,1,21,62,719,42,1826,True,False
1050,741,1,2025-04-24,1,4,11,120,8,1829,True,False
1051,741,1,2025-05-05,1,4,11,120,8,1830,True,False
1052,742,1,2026-06-07,1,28,87,1008,56,1832,True,False
1053,743,1,2026-07-10,1,3,6,69,5,1834,True,False
1054,744,1,2025-02-09,1,19,56,656,37,1835,True,False
1055,744,1,2025-03-02,1,19,56,656,37,1836,True,False
1056,745,1,2025-03-30,1,4,10,102,8,1838,True,False
1057,745,2,2025-03-22,1,4,10,102,8,1841,True,False
1058,749,1,2026-06-20,1,14,38,440,27,1849,True,False
1059,749,1,2026-06-12,1,14,38,440,27,1850,True,False
1060,750,1,2025-04-25,1,29,90,1045,58,1851,True,False
1061,751,1,2024-08-12,1,12,31,350,23,1855,True,False
1062,754,1,2025-04-16,1,3,7,81,5,1858,True,False
1063,754,1,2025-05-04,1,3,7,81,5,1859,True,False
1064,754,1,2025-04-22,1,3,7,81,5,1860,True,False
1065,755,1,2025-07-26,1,15,40,456,29,1861,True,False
1066,755,1,2025-07-24,1,15,40,456,29,1862,True,False
1067,756,1,2026-06-07,1,4,10,111,8,1865,True,False
1068,756,2,2026-07-01,1,4,10,111,8,1866,True,False
1069,757,1,2025-07-17,1,30,91,1057,60,1867,True,False
1070,757,1,2025-07-30,1,30,91,1057,60,1869,True,False
1071,758,1,2025-11-30,1,2,3,29,4,1870,True,False
1072,760,1,2026-02-08,1,4,11,117,7,1872,True,False
1073,760,1,2026-02-13,1,4,11,117,7,1873,True,False
1074,761,1,2026-07-01,1,4,10,104,8,1874,True,False
1075,761,2,2026-07-04,1,4,10,104,8,1876,True,False
1076,764,1,2026-07-07,1,11,30,339,21,1881,True,False
1077,766,2,2024-10-22,1,4,11,115,7,1883,True,False
1078,766,1,2024-10-13,1,4,11,115,7,1884,True,False
1079,767,1,2026-05-28,1,10,27,300,19,1885,True,False
1080,767,1,2026-05-21,1,10,27,300,19,1886,True,False
1081,768,1,2024-09-05,1,14,38,441,28,1887,True,False
1082,769,2,2024-11-23,1,23,69,796,45,1888,True,False
1083,772,1,2026-01-02,1,4,11,115,8,1893,True,False
1084,774,1,2025-06-28,1,7,18,205,13,1898,True,False
1085,774,1,2025-07-02,1,7,18,205,13,1899,True,False
1086,775,2,2026-02-12,1,4,10,105,7,1900,True,False
1087,775,1,2026-02-07,1,4,10,105,7,1901,True,False
1088,775,2,2026-02-09,1,4,10,105,7,1903,True,False
1089,776,1,2026-04-17,1,4,9,93,8,1904,True,False
1090,778,1,2025-01-05,1,4,9,97,8,1911,True,False
1091,779,1,2025-01-26,1,3,8,90,5,1913,True,False
1092,780,1,2025-10-22,1,6,16,172,12,1914,True,False
1093,780,1,2025-11-05,1,6,16,172,12,1915,True,False
1094,780,1,2025-10-23,1,6,16,172,12,1916,True,False
1095,781,1,2026-07-08,1,6,16,180,12,1918,True,False
1096,781,1,2026-07-13,1,6,16,180,12,1919,True,False
1097,782,1,2024-08-27,1,29,90,1040,57,1921,True,False
1098,783,2,2026-01-28,1,1,2,18,2,1924,True,False
1099,783,1,2026-02-05,1,1,2,18,2,1926,True,False
1100,784,1,2025-01-30,1,8,20,216,16,1927,True,False
1101,784,2,2025-02-19,1,8,20,216,16,1929,True,False
1102,785,1,2025-11-07,1,8,21,231,16,1931,True,False
1103,787,2,2024-12-27,1,8,20,218,15,1933,True,False
1104,787,1,2024-12-13,1,8,20,218,15,1934,True,False
1105,788,1,2024-08-20,1,3,7,78,5,1935,True,False
1106,788,1,2024-08-02,1,3,7,78,5,1937,True,False
1107,788,1,2024-07-31,1,3,7,78,5,1938,True,False
1108,790,1,2026-05-26,1,4,10,108,7,1941,True,False
1109,790,1,2026-06-05,1,4,10,108,7,1942,True,False
1110,790,1,2026-05-24,1,4,10,108,7,1943,True,False
1111,790,2,2026-05-14,1,4,10,108,7,1944,True,False
1112,791,1,2026-05-02,1,6,16,171,12,1945,True,False
1113,791,1,2026-04-29,1,6,16,171,12,1947,True,False
1114,792,1,2026-01-07,1,4,9,94,8,1948,True,False
1115,793,1,2025-05-05,1,29,90,1041,57,1949,True,False
1116,794,1,2025-08-10,1,4,11,115,7,1951,True,False
1117,795,2,2025-11-02,1,4,11,120,7,1952,True,False
1118,796,1,2026-04-27,1,4,11,113,8,1953,True,True
1119,796,1,2026-04-22,1,4,11,113,8,1954,True,False
1120,797,1,2025-12-14,1,25,75,876,50,1957,True,False
1121,798,1,2026-03-19,1,22,63,731,44,1959,True,False
1122,798,1,2026-03-20,1,22,63,731,44,1960,True,False
1123,799,2,2025-10-03,1,27,82,952,54,1961,True,False
1124,799,1,2025-09-14,1,27,82,952,54,1962,True,False
1125,801,2,2025-04-21,1,11,30,338,22,1966,True,False
1126,802,1,2025-01-18,1,15,39,451,29,1971,True,False
1127,803,1,2026-01-16,1,4,9,100,8,1974,True,False
1128,803,1,2026-02-04,1,4,9,100,8,1975,True,False
1129,804,1,2026-05-17,1,4,10,109,8,1976,True,False
1130,805,1,2025-06-18,1,4,10,105,8,1979,True,False
1131,806,2,2025-06-28,1,10,27,301,19,1981,True,False
1132,807,1,2025-11-19,1,18,51,595,35,1982,True,False
1133,808,2,2025-02-10,1,4,9,99,7,1984,True,False
1134,808,1,2025-03-07,1,4,9,99,7,1985,True,False
1135,809,1,2025-07-10,1,8,21,230,16,1987,True,False
1136,810,1,2026-07-12,1,4,10,107,8,1989,True,False
1137,810,1,2026-06-22,1,4,10,107,8,1990,True,False
1138,811,1,2026-05-19,1,4,10,102,7,1993,True,False
1139,811,1,2026-05-01,1,4,10,102,7,1995,True,False
1140,812,2,2025-11-08,1,12,32,364,23,1996,True,False
1141,813,2,2025-04-16,1,27,84,981,53,1997,True,False
1142,813,1,2025-03-29,1,27,84,981,53,1999,True,False
1143,814,1,2026-02-25,1,4,11,117,7,2001,True,False
1144,815,1,2024-12-21,1,1,2,25,1,2002,True,False
1145,816,1,2026-05-05,1,4,9,98,7,2004,True,False
1146,816,1,2026-05-10,1,4,9,98,7,2005,True,False
1147,817,2,2026-04-17,1,4,9,101,7,2007,True,False
1148,817,1,2026-04-07,1,4,9,101,7,2008,True,False
1149,817,1,2026-04-14,1,4,9,101,7,2009,True,False
1150,819,2,2025-03-19,1,4,9,98,7,2011,True,False
1151,819,1,2025-03-14,1,4,9,98,7,2012,True,False
1152,822,1,2025-03-03,1,28,86,997,56,2018,True,False
1153,823,1,2026-04-22,1,24,72,842,48,2019,True,False
1154,823,2,2026-04-05,1,24,72,842,48,2022,True,False
1155,824,1,2026-04-24,1,17,46,530,34,2023,True,False
1156,824,2,2026-05-07,1,17,46,530,34,2025,True,False
1157,824,1,2026-05-14,1,17,46,530,34,2026,True,False
1158,825,1,2026-07-21,1,16,42,481,32,2027,True,False
1159,825,1,2026-07-05,1,16,42,481,32,2028,True,False
1160,826,1,2024-11-24,1,29,90,1042,57,2033,True,False
1161,827,1,2026-06-30,1,21,61,714,41,2034,True,False
1162,827,1,2026-07-07,1,21,61,714,41,2035,True,False
1163,827,2,2026-07-15,1,21,61,714,41,2036,True,False
1164,828,1,2026-04-28,1,4,10,110,7,2037,True,False
1165,828,1,2026-05-16,1,4,10,110,7,2040,True,False
1166,829,1,2024-08-18,1,30,91,1057,59,2041,True,False
1167,829,1,2024-08-14,1,30,91,1057,59,2042,True,False
1168,830,1,2026-06-14,1,29,90,1042,57,2044,True,False
1169,830,2,2026-06-20,1,29,90,1042,57,2045,True,False
1170,831,1,2025-02-21,1,6,15,156,11,2047,True,False
1171,831,1,2025-03-11,1,6,15,156,11,2048,True,False
1172,833,1,2025-08-03,1,21,61,716,42,2052,True,False
1173,833,1,2025-07-26,1,21,61,716,42,2053,True,False
1174,834,1,2024-12-27,1,12,31,353,24,2055,True,False
1175,834,1,2024-12-25,1,12,31,353,24,2056,True,False
1176,834,2,2025-01-11,1,12,31,353,24,2057,True,False
1177,835,1,2025-09-17,1,4,9,96,7,2058,True,False
1178,835,1,2025-09-01,1,4,9,96,7,2061,True,False
1179,837,1,2024-09-09,1,14,36,412,27,2063,True,False
1180,838,1,2025-03-07,1,13,34,383,26,2064,True,False
1181,839,1,2024-11-08,1,1,2,15,2,2066,True,False
1182,840,1,2026-04-22,1,4,9,96,7,2070,True,False
1183,840,2,2026-04-24,1,4,9,96,7,2071,True,False
1184,841,1,2024-12-28,1,4,11,112,8,2073,True,False
1185,842,1,2026-07-05,1,14,36,403,27,2074,True,False
1186,843,1,2025-03-27,1,4,9,96,7,2075,True,False
1187,844,2,2026-03-08,1,25,76,891,50,2078,True,False
1188,845,1,2025-03-12,1,3,7,82,6,2079,True,False
1189,845,1,2025-03-25,1,3,7,82,6,2080,True,False
1190,845,1,2025-03-12,1,3,7,82,6,2081,True,False
1191,849,1,2024-12-20,1,1,2,15,2,2088,True,False
1192,849,2,2024-12-15,1,1,2,15,2,2090,True,False
1193,850,1,2025-01-07,1,9,22,243,18,2093,True,False
1194,852,1,2025-06-25,1,4,9,97,7,2097,True,False
1195,852,1,2025-06-19,1,4,9,97,7,2099,True,False
1196,853,1,2025-08-15,1,4,10,104,8,2101,True,False
1197,854,1,2025-07-18,1,4,10,104,8,2104,True,False
1198,854,1,2025-07-15,1,4,10,104,8,2106,True,False
1199,855,1,2025-06-21,1,18,51,591,35,2107,True,False
1200,856,1,2025-10-04,1,15,40,457,29,2108,True,False
1201,857,1,2026-05-19,1,15,39,452,29,2109,True,False
1202,857,1,2026-06-02,1,15,39,452,29,2110,True,False
1203,857,2,2026-05-31,1,15,39,452,29,2111,True,False
1204,858,1,2024-09-08,1,11,30,338,22,2113,True,False
1205,858,1,2024-08-16,1,11,30,338,22,2114,True,False
1206,859,1,2026-01-04,1,4,10,107,8,2115,True,False
1207,860,2,2025-06-21,1,20,60,705,40,2117,True,False
1208,864,1,2025-11-08,1,4,9,98,8,2121,True,False
1209,864,1,2025-11-08,1,4,9,98,8,2122,True,False
1210,864,1,2025-11-30,1,4,9,98,8,2123,True,False
1211,865,1,2026-05-09,1,4,11,112,7,2124,True,False
1212,867,1,2026-07-13,1,4,9,100,7,2126,True,False
1213,868,1,2025-03-16,1,8,21,236,15,2127,True,False
1214,870,1,2025-07-15,1,4,10,109,8,2132,True,False
1215,870,2,2025-07-17,1,4,10,109,8,2133,True,False
1216,870,1,2025-06-19,1,4,10,109,8,2134,True,False
1217,870,1,2025-06-28,1,4,10,109,8,2135,True,False
1218,871,2,2026-06-14,1,23,70,811,46,2136,True,False
1219,871,1,2026-06-15,1,23,70,811,46,2138,True,False
1220,873,1,2025-07-20,1,15,40,455,30,2141,True,False
1221,873,1,2025-07-10,1,15,40,455,30,2142,True,False
1222,874,1,2025-07-09,1,23,70,808,45,2144,True,False
1223,875,2,2025-12-14,1,26,80,941,52,2147,True,False
1224,876,1,2026-06-21,1,4,10,109,8,2148,True,False
1225,876,1,2026-06-12,1,4,10,109,8,2149,True,False
1226,877,1,2026-01-21,1,10,28,317,19,2150,True,False
1227,878,1,2025-12-29,1,30,92,1059,60,2152,True,False
1228,878,1,2025-12-17,1,30,92,1059,60,2154,True,False
1229,879,1,2025-02-09,1,1,1,8,1,2156,True,False
1230,879,1,2025-01-30,1,1,1,8,1,2157,True,False
1231,880,2,2026-07-05,1,8,21,233,16,2159,True,False
1232,880,2,2026-07-17,1,8,21,233,16,2161,True,False
1233,880,1,2026-07-22,1,8,21,233,16,2162,True,False
1234,881,1,2025-05-16,1,3,7,79,6,2164,True,False
1235,881,1,2025-05-06,1,3,7,79,6,2165,True,False
1236,883,2,2026-04-11,1,6,15,158,12,2168,True,False
1237,884,1,2026-05-19,1,4,10,107,8,2171,True,False
1238,884,1,2026-06-01,1,4,10,107,8,2172,True,False
1239,885,1,2024-08-23,1,11,30,337,22,2174,True,False
1240,885,1,2024-08-26,1,11,30,337,22,2175,True,False
1241,886,1,2025-10-22,1,29,89,1030,58,2176,True,False
1242,886,1,2025-10-08,1,29,89,1030,58,2177,True,False
1243,887,1,2026-02-02,1,22,63,737,44,2179,True,False
1244,888,2,2025-05-25,1,24,72,838,48,2180,True,False
1245,889,1,2024-12-20,1,26,80,941,51,2183,True,False
1246,890,2,2026-06-18,1,3,5,54,6,2186,True,False
1247,890,1,2026-06-20,1,3,5,54,6,2187,True,False
1248,890,1,2026-06-22,1,3,5,54,6,2188,True,False
1249,891,1,2025-05-10,1,6,17,182,12,2190,True,False
1250,891,1,2025-04-15,1,6,17,182,12,2191,True,False
1251,892,1,2026-03-09,1,3,8,91,6,2192,True,False
1252,893,1,2025-04-19,1,23,69,800,46,2193,True,True
1253,894,1,2025-12-04,1,23,69,800,45,2194,True,False
1254,894,1,2025-12-16,1,23,69,800,45,2196,True,False
1255,894,1,2025-12-12,1,23,69,800,45,2197,True,False
1256,895,1,2026-02-12,1,4,9,95,8,2200,True,False
1257,895,2,2026-02-20,1,4,9,95,8,2201,True,False
1258,896,2,2025-01-28,1,29,90,1038,58,2204,True,False
1259,897,2,2025-10-29,1,18,50,580,35,2205,True,False
1260,899,1,2024-10-28,1,4,11,113,7,2209,True,False
1261,899,1,2024-11-18,1,4,11,113,7,2211,True,False
1262,900,1,2026-06-11,1,4,11,117,7,2213,True,False
1263,900,1,2026-06-17,1,4,11,117,7,2214,True,False
1264,900,1,2026-05-29,1,4,11,117,7,2215,True,False
1265,901,1,2025-07-26,1,4,10,104,8,2217,True,False
1266,901,1,2025-07-30,1,4,10,104,8,2218,True,False
1267,903,1,2024-08-26,1,21,62,724,42,2221,True,False
1268,907,1,2025-03-13,1,1,2,24,2,2225,True,False
1269,907,1,2025-03-06,1,1,2,24,2,2226,True,False
1270,908,2,2025-01-17,1,24,71,824,47,2227,True,False
1271,909,1,2024-09-29,1,14,36,405,27,2228,True,False
1272,910,1,2025-12-21,1,25,76,886,50,2230,True,False
1273,911,1,2026-07-02,1,4,11,118,8,2232,True,False
1274,912,1,2026-07-29,1,1,1,3,1,2235,True,False
1275,912,2,2026-07-09,1,1,1,3,1,2237,True,False
1276,913,2,2026-04-24,1,4,11,119,8,2238,True,False
1277,916,1,2024-11-23,1,1,1,13,1,2243,True,False
1278,917,2,2026-05-16,1,4,11,114,8,2247,True,False
1279,918,1,2025-05-01,1,8,20,217,15,2250,True,False
1280,918,2,2025-05-26,1,8,20,217,15,2251,True,False
1281,919,1,2026-04-06,1,4,11,113,8,2252,True,False
1282,919,1,2026-04-19,1,4,11,113,8,2253,True,False
1283,919,1,2026-04-15,1,4,11,113,8,2254,True,False
1284,919,1,2026-04-07,1,4,11,113,8,2255,True,False
1285,920,1,2025-04-16,1,1,1,5,1,2258,True,False
1286,921,2,2025-06-04,1,15,40,459,29,2260,True,False
1287,922,1,2024-12-14,1,1,1,5,2,2261,True,False
1288,924,1,2025-05-04,1,20,57,662,40,2266,True,False
1289,925,1,2026-08-04,1,23,70,822,45,2268,True,False
1290,926,1,2025-06-06,1,13,35,391,26,2269,True,False
1291,926,1,2025-06-01,1,13,35,391,26,2271,True,False
1292,927,1,2026-01-08,1,4,10,102,8,2272,True,False
1293,928,1,2026-06-20,1,4,11,112,8,2273,True,False
1294,928,1,2026-06-13,1,4,11,112,8,2274,True,False
1295,929,1,2026-07-27,1,15,40,465,30,2275,True,False
1296,930,1,2025-12-21,1,11,29,323,22,2276,True,False
1297,930,1,2025-12-05,1,11,29,323,22,2277,True,False
1298,932,1,2026-01-05,1,11,29,326,21,2280,True,False
1299,932,1,2026-01-17,1,11,29,326,21,2281,True,False
1300,932,1,2026-01-29,1,11,29,326,21,2282,True,False
1301,933,1,2025-01-10,1,4,9,95,7,2283,True,False
1302,933,1,2025-01-16,1,4,9,95,7,2284,True,False
1303,934,2,2026-06-09,1,4,10,106,8,2286,True,False
1304,934,1,2026-05-29,1,4,10,106,8,2287,True,False
1305,935,1,2024-12-13,1,2,3,32,3,2291,True,False
1306,936,1,2026-06-22,1,4,10,107,7,2295,True,False
1307,936,2,2026-06-24,1,4,10,107,7,2296,True,False
1308,937,1,2025-08-18,1,3,7,79,5,2297,True,False
1309,938,1,2024-08-21,1,18,50,578,35,2300,True,False
1310,938,1,2024-09-05,1,18,50,578,35,2302,True,False
1311,939,1,2024-09-07,1,15,39,449,29,2303,True,False
1312,939,1,2024-08-23,1,15,39,449,29,2305,True,False
1313,939,1,2024-09-15,1,15,39,449,29,2306,True,False
1314,940,1,2026-03-14,1,28,86,1002,56,2309,True,False
1315,941,1,2026-05-12,1,7,18,203,14,2313,True,False
1316,943,1,2024-11-08,1,29,89,1034,57,2315,True,False
1317,944,1,2026-01-30,1,13,35,391,25,2316,True,False
1318,944,2,2026-01-15,1,13,35,391,25,2318,True,False
1319,945,1,2025-04-16,1,9,22,238,18,2321,True,False
1320,946,1,2025-03-18,1,23,67,783,46,2322,True,False
1321,947,1,2024-08-04,1,21,62,721,42,2323,True,False
1322,948,1,2026-06-27,1,4,10,110,8,2325,True,False
1323,948,1,2026-06-30,1,4,10,110,8,2327,True,False
1324,949,1,2026-01-25,1,4,9,98,8,2328,True,False
1325,949,1,2026-02-03,1,4,9,98,8,2329,True,False
1326,949,2,2026-02-04,1,4,9,98,8,2331,True,False
1327,950,1,2025-03-10,1,15,39,447,29,2332,True,False
1328,951,1,2024-08-20,1,4,9,97,8,2335,True,False
1329,952,1,2025-01-31,1,3,6,69,6,2336,True,False
1330,953,1,2026-07-04,1,4,10,109,8,2338,True,False
1331,953,1,2026-06-20,1,4,10,109,8,2339,True,False
1332,954,1,2024-09-18,1,3,5,58,5,2342,True,False
1333,954,1,2024-08-22,1,3,5,58,5,2344,True,False
1334,954,1,2024-09-09,1,3,5,58,5,2345,True,False
1335,956,1,2026-08-01,1,1,1,1,2,2347,True,False
1336,957,1,2025-08-24,1,14,37,420,28,2352,True,False
1337,957,1,2025-08-26,1,14,37,420,28,2353,True,False
1338,958,1,2025-08-10,1,2,4,49,4,2355,True,False
1339,958,1,2025-08-10,1,2,4,49,4,2356,True,False
1340,959,1,2026-07-11,1,14,37,424,28,2358,True,False
1341,960,1,2026-02-25,1,6,15,156,11,2359,True,False
1342,960,1,2026-02-28,1,6,15,156,11,2362,True,False
1343,961,1,2025-04-20,1,20,60,701,39,2363,True,False
1344,961,1,2025-04-09,1,20,60,701,39,2364,True,False
1345,961,1,2025-04-21,1,20,60,701,39,2366,True,False
1346,962,2,2025-05-22,1,19,55,640,37,2367,True,False
1347,962,1,2025-05-09,1,19,55,640,37,2368,True,False
1348,963,1,2026-02-26,1,4,9,97,7,2369,True,False
1349,963,1,2026-03-07,1,4,9,97,7,2370,True,False
1350,964,1,2025-01-02,1,4,9,100,7,2371,True,False
1351,965,2,2026-01-25,1,10,28,305,19,2374,True,False
1352,965,1,2026-01-22,1,10,28,305,19,2375,True,False
1353,966,1,2025-11-06,1,29,90,1041,58,2378,True,False
1354,967,2,2025-12-07,1,4,10,107,7,2381,True,False
1355,969,1,2026-07-22,1,4,9,97,7,2383,True,False
1356,973,1,2026-01-19,1,4,11,113,8,2388,True,False
1357,974,1,2024-08-18,1,1,2,17,2,2390,True,False
1358,975,2,2025-04-06,1,7,18,198,13,2392,True,False
1359,976,1,2026-03-08,1,18,50,584,35,2395,True,False
1360,977,1,2024-10-14,1,18,49,563,35,2396,True,False
1361,978,1,2024-11-01,1,1,2,25,2,2397,True,False
1362,978,1,2024-10-30,1,1,2,25,2,2398,True,False
1363,979,1,2026-06-23,1,4,11,114,8,2400,True,False
1364,980,1,2025-11-09,1,14,37,418,27,2401,True,False
1365,981,1,2026-05-18,1,4,11,116,7,2404,True,False
1366,983,1,2025-08-20,1,9,22,238,17,2409,True,False
1367,985,1,2026-04-16,1,4,11,119,8,2411,True,False
1368,986,1,2025-06-27,1,1,1,6,2,2412,True,False
1369,987,2,2024-09-22,1,4,10,107,8,2415,True,False
1370,987,2,2024-09-25,1,4,10,107,8,2416,True,True
1371,988,1,2025-12-03,1,1,1,14,1,2419,True,False
1372,988,1,2025-11-08,1,1,1,14,1,2420,True,False
1373,988,1,2025-12-05,1,1,1,14,1,2421,True,False
1374,990,1,2024-09-23,1,4,9,96,7,2423,True,False
1375,991,1,2025-12-26,1,8,21,231,15,2425,True,True
1376,991,1,2025-12-28,1,8,21,231,15,2426,True,False
1377,993,1,2025-02-12,1,16,43,500,31,2429,True,False
1378,993,1,2025-02-08,1,16,43,500,31,2430,True,False
1379,993,2,2025-02-18,1,16,43,500,31,2432,True,False
1380,994,1,2025-04-16,1,17,45,522,34,2433,True,False
1381,994,1,2025-04-25,1,17,45,522,34,2435,True,False
1382,995,1,2026-07-09,1,3,8,88,5,2436,True,False
1383,995,1,2026-06-24,1,3,8,88,5,2438,True,False
1384,996,1,2024-11-18,1,19,56,652,38,2440,True,False
1385,996,1,2024-11-06,1,19,56,652,38,2441,True,False
1386,998,1,2026-04-19,1,4,9,97,8,2443,True,False
1387,999,1,2025-05-16,1,16,41,473,32,2445,True,False
1388,999,1,2025-05-24,1,16,41,473,32,2446,True,False
1389,1000,1,2024-10-27,1,30,91,1049,59,2447,True,False
1390,1002,1,2024-11-21,1,16,42,485,32,2449,True,False
1391,1005,1,2026-05-13,1,28,88,1025,56,2454,True,False
1392,1005,1,2026-05-20,1,28,88,1025,56,2456,True,False
1393,1006,1,2025-06-24,1,11,29,322,21,2457,True,False
1394,1007,1,2026-08-02,1,4,9,97,8,2458,True,False
1395,1008,1,2026-04-30,1,4,9,99,8,2459,True,False
1396,1009,1,2026-05-15,1,15,40,457,30,2460,True,False
1397,1010,1,2025-02-18,1,4,11,116,7,2462,True,False
1398,1011,1,2026-04-22,1,15,40,463,30,2466,True,False
1399,1012,1,2025-01-30,1,3,8,88,5,2467,True,False
1400,1012,1,2025-02-25,1,3,8,88,5,2468,True,False
1401,1014,1,2025-08-18,1,7,18,198,14,2470,True,False
1402,1015,1,2025-03-09,1,1,2,28,2,2472,True,False
1403,1015,1,2025-03-15,1,1,2,28,2,2473,True,False
1404,1015,1,2025-03-26,1,1,2,28,2,2474,True,False
1405,1016,1,2025-06-18,1,4,9,98,8,2475,True,False
1406,1017,1,2026-06-03,1,4,9,94,7,2477,True,False
1407,1017,1,2026-06-03,1,4,9,94,7,2478,True,False
1408,1017,1,2026-05-14,1,4,9,94,7,2479,True,False
1409,1018,2,2025-02-14,1,24,73,849,47,2480,True,False
1410,1020,1,2024-10-24,1,22,64,744,44,2484,True,False
1411,1020,2,2024-10-19,1,22,64,744,44,2485,True,False
1412,1020,2,2024-10-15,1,22,64,744,44,2486,True,False
1413,1020,1,2024-10-11,1,22,64,744,44,2487,True,False
1414,1021,1,2025-10-26,1,1,1,1,2,2488,True,False
1415,1021,1,2025-11-01,1,1,1,1,2,2489,True,False
1416,1022,1,2025-10-18,1,26,81,948,52,2492,True,False
1417,1022,1,2025-10-30,1,26,81,948,52,2493,True,False
1418,1023,1,2025-09-28,1,4,10,102,7,2494,True,False
1419,1024,1,2026-05-28,1,4,10,107,7,2496,True,False
1420,1024,1,2026-06-16,1,4,10,107,7,2498,True,False
1421,1025,1,2025-10-23,1,4,11,112,8,2501,True,False
1422,1026,1,2025-04-13,1,11,29,329,22,2502,True,False
1423,1026,1,2025-04-22,1,11,29,329,22,2505,True,False
1424,1028,1,2024-12-12,1,16,43,497,31,2508,True,False
1425,1028,1,2024-12-26,1,16,43,497,31,2509,True,False
1426,1028,2,2024-12-07,1,16,43,497,31,2511,True,False
1427,1029,1,2025-09-17,1,30,91,1051,59,2512,True,False
1428,1030,1,2024-09-14,1,7,18,195,13,2515,True,False
1429,1032,1,2025-03-02,1,8,21,229,15,2519,True,False
1430,1033,1,2024-10-02,1,24,72,839,48,2520,True,False
1431,1033,1,2024-10-24,1,24,72,839,48,2521,True,False
1432,1033,1,2024-10-08,1,24,72,839,48,2522,True,False
1433,1035,1,2024-08-05,1,25,78,908,50,2526,True,False
1434,1035,1,2024-09-02,1,25,78,908,50,2527,True,False
1435,1035,1,2024-08-10,1,25,78,908,50,2528,True,False
1436,1036,1,2026-02-05,1,4,10,107,7,2529,True,False
1437,1036,1,2026-02-16,1,4,10,107,7,2531,True,False
1438,1037,1,2026-05-25,1,12,32,363,24,2533,True,False
1439,1037,2,2026-05-10,1,12,32,363,24,2534,True,False
1440,1037,1,2026-05-22,1,12,32,363,24,2535,True,False
1441,1038,1,2024-09-06,1,1,2,27,1,2536,True,False
1442,1039,1,2026-06-13,1,19,53,619,37,2540,True,False
1443,1039,1,2026-06-13,1,19,53,619,37,2541,True,False
1444,1040,2,2025-05-10,1,3,5,55,6,2542,True,False
1445,1040,1,2025-05-18,1,3,5,55,6,2543,True,False
1446,1042,2,2025-02-06,1,4,10,104,8,2546,True,False
1447,1042,1,2025-02-05,1,4,10,104,8,2547,True,False
1448,1044,1,2026-04-12,1,4,10,110,8,2551,True,False
1449,1044,1,2026-04-14,1,4,10,110,8,2552,True,False
1450,1045,1,2026-03-02,1,4,10,103,8,2553,True,False
1451,1046,1,2025-06-22,1,4,11,117,8,2555,True,False
1452,1046,1,2025-06-09,1,4,11,117,8,2556,True,False
1453,1047,1,2024-10-21,1,11,29,324,21,2558,True,False
1454,1048,1,2024-09-21,1,9,23,258,17,2559,True,False
1455,1050,1,2026-05-10,1,12,32,364,24,2563,True,False
1456,1050,1,2026-06-06,1,12,32,364,24,2564,True,False
1457,1051,1,2025-04-25,1,10,28,309,20,2566,True,False
1458,1051,1,2025-04-09,1,10,28,309,20,2567,True,False
1459,1052,1,2026-07-12,1,4,9,95,8,2569,True,False
1460,1052,1,2026-06-29,1,4,9,95,8,2570,True,False
1461,1052,1,2026-06-30,1,4,9,95,8,2571,True,False
1462,1054,1,2024-11-24,1,29,90,1047,58,2575,True,False
1463,1054,1,2024-11-25,1,29,90,1047,58,2576,True,False
1464,1055,1,2026-02-22,1,1,1,7,2,2577,True,False
1465,1057,1,2025-12-06,1,4,10,108,8,2579,True,False
1466,1057,2,2025-11-21,1,4,10,108,8,2580,True,False
1467,1059,1,2025-12-07,1,26,80,933,52,2586,True,False
1468,1060,1,2026-02-18,1,4,9,93,8,2587,True,False
1469,1061,2,2025-03-03,1,14,38,442,27,2589,True,False
1470,1062,1,2025-01-29,1,22,64,742,44,2592,True,False
1471,1064,2,2025-07-01,1,17,44,508,34,2595,True,False
1472,1064,1,2025-06-29,1,17,44,508,34,2597,True,False
1473,1065,1,2026-03-30,1,4,11,119,8,2598,True,False
1474,1066,1,2026-04-19,1,12,31,348,24,2599,True,False
1475,1067,1,2025-10-27,1,13,33,374,26,2600,True,False
1476,1067,1,2025-10-31,1,13,33,374,26,2601,True,False
1477,1068,1,2026-05-13,1,4,9,96,7,2607,True,False
1478,1069,1,2026-02-05,1,28,88,1022,56,2608,True,False
1479,1069,1,2026-02-23,1,28,88,1022,56,2609,True,False
1480,1070,1,2024-12-02,1,5,12,121,9,2611,True,False
1481,1071,1,2026-04-08,1,24,71,828,47,2612,True,False
1482,1073,1,2026-03-01,1,30,91,1053,59,2616,True,False
1483,1074,1,2026-02-09,1,4,11,114,7,2618,True,False
1484,1074,1,2026-01-18,1,4,11,114,7,2621,True,False
1485,1075,2,2026-01-18,1,18,49,567,35,2622,True,False
1486,1075,2,2026-02-06,1,18,49,567,35,2623,True,False
1487,1075,1,2026-02-08,1,18,49,567,35,2624,True,False
1488,1077,1,2026-05-16,1,13,33,371,25,2626,True,False
1489,1077,1,2026-05-14,1,13,33,371,25,2627,True,False
1490,1079,1,2025-11-10,1,30,92,1060,60,2631,True,False
1491,1081,1,2024-12-11,1,11,29,322,21,2634,True,False
1492,1083,2,2025-04-28,1,20,58,677,40,2638,True,False
1493,1083,2,2025-05-17,1,20,58,677,40,2639,True,False
1494,1084,1,2026-05-08,1,10,28,308,19,2641,True,False
1495,1084,1,2026-05-21,1,10,28,308,19,2642,True,False
1496,1084,1,2026-05-01,1,10,28,308,19,2643,True,False
1497,1085,2,2025-04-05,1,22,64,747,44,2644,True,False
1498,1085,1,2025-03-29,1,22,64,747,44,2645,True,False
1499,1085,2,2025-03-31,1,22,64,747,44,2646,True,False
1500,1088,1,2026-04-18,1,4,10,111,7,2650,True,False
1501,1089,1,2025-05-28,1,21,62,727,42,2652,True,False
1502,1089,1,2025-05-10,1,21,62,727,42,2653,True,False
1503,1093,1,2025-03-20,1,4,11,113,7,2658,True,False
1504,1093,1,2025-03-31,1,4,11,113,7,2659,True,False
1505,1094,1,2025-08-06,1,13,35,400,25,2660,True,False
1506,1094,2,2025-08-08,1,13,35,400,25,2661,True,False
1507,1096,2,2024-07-29,1,9,26,295,17,2667,True,False
1508,1097,1,2026-05-01,1,24,74,861,48,2668,True,False
1509,1097,1,2026-05-09,1,24,74,861,48,2669,True,False
1510,1098,2,2026-02-25,1,4,11,118,8,2673,True,False
1511,1098,1,2026-02-18,1,4,11,118,8,2675,True,False
1512,1099,1,2024-11-17,1,4,11,116,7,2676,True,False
1513,1099,1,2024-11-16,1,4,11,116,7,2677,True,False
1514,1101,1,2026-04-02,1,15,40,459,30,2682,True,False
1515,1103,1,2025-03-18,1,15,39,453,30,2684,True,False
1516,1103,1,2025-03-14,1,15,39,453,30,2685,True,True
1517,1104,1,2026-01-14,1,4,10,109,8,2686,True,False
1518,1107,1,2025-11-14,1,25,76,885,49,2692,True,False
1519,1107,1,2025-10-26,1,25,76,885,49,2693,True,False
1520,1109,2,2024-11-15,1,10,28,308,20,2697,True,False
1521,1109,1,2024-11-02,1,10,28,308,20,2700,True,False
1522,1110,1,2025-07-26,1,23,68,784,46,2701,True,False
1523,1110,2,2025-08-06,1,23,68,784,46,2702,True,False
1524,1110,1,2025-08-09,1,23,68,784,46,2703,True,False
1525,1110,1,2025-08-08,1,23,68,784,46,2704,True,False
1526,1111,1,2024-11-03,1,20,58,672,40,2705,True,False
1527,1111,1,2024-11-02,1,20,58,672,40,2706,True,False
1528,1112,2,2025-01-25,1,18,50,578,36,2709,True,False
1529,1112,2,2025-01-17,1,18,50,578,36,2710,True,False
1530,1113,1,2024-09-07,1,12,31,349,23,2712,True,False
1531,1114,1,2026-07-25,1,3,5,61,6,2714,True,False
1532,1114,1,2026-07-20,1,3,5,61,6,2715,True,False
1533,1114,1,2026-08-03,1,3,5,61,6,2716,True,False
1534,1115,1,2025-10-16,1,7,18,204,13,2718,True,False
1535,1115,1,2025-09-20,1,7,18,204,13,2719,True,False
1536,1115,1,2025-09-20,1,7,18,204,13,2720,True,True
1537,1116,1,2025-07-19,1,1,1,10,2,2721,True,False
1538,1117,1,2026-01-06,1,3,8,86,6,2723,True,False
1539,1117,2,2025-12-28,1,3,8,86,6,2724,True,False
1540,1118,1,2025-08-02,1,4,9,93,8,2728,True,False
1541,1118,1,2025-08-06,1,4,9,93,8,2729,True,False
1542,1120,1,2025-05-30,1,8,21,236,15,2732,True,False
1543,1121,1,2026-04-05,1,4,11,120,7,2734,True,False
1544,1121,2,2026-03-25,1,4,11,120,7,2735,True,False
1545,1123,1,2026-01-11,1,3,7,80,6,2738,True,False
1546,1125,1,2025-02-07,1,12,31,357,24,2743,True,False
1547,1125,1,2025-02-02,1,12,31,357,24,2744,True,False
1548,1127,1,2025-08-15,1,9,26,295,18,2747,True,False
1549,1128,1,2026-04-26,1,3,5,58,5,2749,True,False
1550,1128,1,2026-03-31,1,3,5,58,5,2750,True,False
1551,1130,2,2024-10-19,1,4,9,98,8,2754,True,False
1552,1130,1,2024-10-25,1,4,9,98,8,2755,True,False
1553,1131,1,2026-02-23,1,12,32,362,24,2756,True,False
1554,1131,2,2026-03-03,1,12,32,362,24,2758,True,False
1555,1131,1,2026-02-28,1,12,32,362,24,2759,True,False
1556,1132,2,2024-09-01,1,15,40,455,29,2761,True,False
1557,1132,1,2024-08-24,1,15,40,455,29,2762,True,False
1558,1133,2,2025-03-24,1,28,88,1025,55,2763,True,False
1559,1133,1,2025-03-20,1,28,88,1025,55,2766,True,False
1560,1134,1,2025-07-11,1,19,56,655,37,2767,True,False
1561,1135,1,2024-12-15,1,24,73,854,47,2769,True,False
1562,1135,1,2024-12-06,1,24,73,854,47,2770,True,False
1563,1135,1,2024-12-10,1,24,73,854,47,2771,True,False
1564,1136,1,2026-04-16,1,21,62,722,42,2773,True,False
1565,1136,1,2026-04-26,1,21,62,722,42,2774,True,False
1566,1137,1,2026-02-10,1,24,73,847,47,2776,True,False
1567,1137,1,2026-01-22,1,24,73,847,47,2777,True,False
1568,1138,1,2025-05-19,1,4,10,103,8,2779,True,False
1569,1139,1,2025-10-27,1,7,18,194,13,2783,True,False
1570,1139,1,2025-10-07,1,7,18,194,13,2785,True,False
1571,1140,1,2026-01-25,1,9,23,257,18,2786,True,False
1572,1141,1,2026-06-25,1,14,36,412,27,2788,True,False
1573,1142,2,2025-09-27,1,4,10,104,8,2789,True,False
1574,1144,2,2026-07-04,1,4,10,104,7,2796,True,False
1575,1144,1,2026-07-19,1,4,10,104,7,2797,True,False
1576,1145,1,2026-05-11,1,4,10,111,8,2799,True,False
1577,1146,2,2025-06-18,1,4,11,115,7,2801,True,False
1578,1146,1,2025-07-13,1,4,11,115,7,2802,True,False
1579,1146,2,2025-07-14,1,4,11,115,7,2803,True,False
1580,1147,1,2025-02-03,1,8,21,236,15,2805,True,False
1581,1148,2,2025-07-31,1,8,20,228,15,2806,True,False
1582,1149,2,2024-08-17,1,10,27,297,20,2808,True,False
1583,1150,1,2026-04-03,1,4,9,93,8,2809,True,False
1584,1151,1,2025-03-29,1,1,1,11,2,2812,True,False
1585,1153,1,2025-03-11,1,2,4,48,4,2815,True,False
1586,1153,2,2025-03-31,1,2,4,48,4,2816,True,False
1587,1154,1,2025-02-05,1,13,34,379,26,2818,True,False
1588,1156,1,2024-09-02,1,1,2,22,2,2820,True,False
1589,1159,1,2025-07-04,1,7,18,196,13,2825,True,False
1590,1160,1,2025-12-22,1,20,58,674,40,2827,True,False
1591,1161,2,2026-04-06,1,5,12,125,10,2828,True,False
1592,1161,1,2026-04-01,1,5,12,125,10,2829,True,False
1593,1161,2,2026-03-31,1,5,12,125,10,2830,True,False
1594,1161,1,2026-04-08,1,5,12,125,10,2831,True,False
1595,1162,1,2026-02-14,1,4,9,93,7,2832,True,True
1596,1162,1,2026-01-19,1,4,9,93,7,2833,True,False
1597,1163,1,2026-04-12,1,4,11,114,7,2834,True,False
1598,1163,1,2026-04-18,1,4,11,114,7,2836,True,False
1599,1164,1,2025-08-21,1,1,2,28,1,2837,True,False
1600,1164,1,2025-08-27,1,1,2,28,1,2838,True,False
1601,1164,1,2025-08-18,1,1,2,28,1,2839,True,False
1602,1165,2,2026-03-05,1,6,15,166,12,2841,True,False
1603,1166,1,2026-06-08,1,4,11,116,7,2842,True,False
1604,1167,1,2026-01-07,1,27,82,954,54,2843,True,False
1605,1167,1,2026-01-13,1,27,82,954,54,2844,True,False
1606,1167,1,2025-12-28,1,27,82,954,54,2845,True,False
1607,1168,1,2024-09-24,1,4,10,104,7,2846,True,False
1608,1173,1,2026-05-11,1,4,10,110,7,2854,True,False
1609,1174,2,2026-05-16,1,20,60,704,39,2856,True,False
1610,1174,1,2026-05-26,1,20,60,704,39,2858,True,False
1611,1175,1,2024-08-08,1,4,10,106,8,2859,True,False
1612,1176,2,2025-02-15,1,11,30,337,21,2861,True,False
1613,1177,1,2026-03-09,1,8,21,236,16,2863,True,True
1614,1178,1,2026-04-28,1,11,29,326,21,2867,True,True
1615,1178,1,2026-05-08,1,11,29,326,21,2868,True,False
1616,1178,1,2026-04-22,1,11,29,326,21,2869,True,False
1617,1183,1,2026-01-01,1,4,9,98,8,2877,True,False
1618,1184,1,2026-04-16,1,4,11,114,8,2878,True,False
1619,1184,1,2026-04-14,1,4,11,114,8,2879,True,False
1620,1184,1,2026-04-15,1,4,11,114,8,2880,True,False
1621,1184,1,2026-04-08,1,4,11,114,8,2881,True,False
1622,1185,2,2025-10-26,1,13,34,383,25,2883,True,False
1623,1185,1,2025-10-27,1,13,34,383,25,2884,True,False
1624,1187,1,2026-01-14,1,21,62,719,41,2886,True,False
1625,1188,1,2026-02-21,1,4,9,96,8,2888,True,True
1626,1189,2,2026-04-10,1,4,11,116,7,2891,True,False
1627,1190,2,2024-10-17,1,10,28,314,19,2894,True,False
1628,1191,1,2026-03-29,1,9,22,244,17,2898,True,False
1629,1191,1,2026-04-14,1,9,22,244,17,2899,True,False
1630,1192,1,2026-04-22,1,27,84,978,53,2900,True,False
1631,1192,1,2026-05-02,1,27,84,978,53,2901,True,False
1632,1193,1,2026-01-24,1,11,29,322,21,2902,True,False
1633,1193,1,2026-01-07,1,11,29,322,21,2903,True,False
1634,1193,2,2026-01-27,1,11,29,322,21,2905,True,False
1635,1194,1,2025-01-12,1,19,55,648,38,2906,True,False
1636,1194,1,2025-01-10,1,19,55,648,38,2907,True,False
1637,1195,2,2025-08-22,1,1,1,13,1,2908,True,True
1638,1196,1,2024-12-10,1,27,83,964,53,2910,True,False
1639,1197,1,2026-04-01,1,18,49,570,36,2912,True,False
1640,1199,2,2025-11-15,1,4,11,118,7,2915,True,False
1641,1200,1,2026-02-08,1,28,87,1006,55,2916,True,False
1642,1200,1,2026-01-17,1,28,87,1006,55,2917,True,False
1643,1200,1,2026-01-22,1,28,87,1006,55,2918,True,False
1644,1202,1,2024-10-27,1,2,3,29,4,2921,True,False
1645,1202,1,2024-11-20,1,2,3,29,4,2922,True,True
1646,1203,2,2025-04-11,1,11,30,337,22,2923,True,False
1647,1204,1,2024-08-29,1,4,11,116,8,2924,True,False
1648,1205,1,2026-03-03,1,14,36,414,28,2925,True,False
1649,1205,2,2026-03-28,1,14,36,414,28,2926,True,False
1650,1206,1,2026-01-18,1,3,5,63,5,2927,True,False
1651,1208,2,2025-08-31,1,4,10,107,7,2930,True,False
1652,1209,1,2024-12-24,1,24,72,838,47,2931,True,False
1653,1210,1,2024-10-23,1,4,9,96,8,2934,True,False
1654,1211,1,2024-10-09,1,4,11,120,7,2936,True,False
1655,1211,2,2024-10-18,1,4,11,120,7,2937,True,False
1656,1211,2,2024-10-15,1,4,11,120,7,2938,True,False
1657,1211,1,2024-10-29,1,4,11,120,7,2939,True,False
1658,1212,1,2024-11-29,1,4,9,98,8,2941,True,False
1659,1213,2,2026-07-28,1,4,9,96,7,2942,True,False
1660,1213,1,2026-07-13,1,4,9,96,7,2943,True,False
1661,1213,1,2026-07-10,1,4,9,96,7,2944,True,False
1662,1213,1,2026-07-06,1,4,9,96,7,2945,True,False
1663,1215,1,2025-03-10,1,4,9,96,7,2949,True,False
1664,1216,1,2025-02-19,1,3,8,84,6,2951,True,False
1665,1217,1,2025-10-17,1,14,38,443,28,2953,True,False
1666,1220,2,2025-11-08,1,30,92,1071,60,2960,True,False
1667,1221,1,2025-03-08,1,4,11,118,8,2961,True,False
1668,1221,1,2025-03-23,1,4,11,118,8,2962,True,False
1669,1221,1,2025-03-28,1,4,11,118,8,2963,True,False
1670,1223,1,2026-07-15,1,7,18,196,13,2965,True,False
1671,1224,1,2024-12-25,1,21,61,710,42,2966,True,False
1672,1225,1,2026-05-12,1,2,4,49,3,2967,True,False
1673,1225,1,2026-05-23,1,2,4,49,3,2968,True,False
1674,1226,1,2026-03-25,1,6,16,169,11,2972,True,False
1675,1227,1,2026-04-30,1,20,58,681,39,2973,True,False
1676,1228,1,2026-02-07,1,7,19,215,13,2977,True,False
1677,1228,1,2026-01-30,1,7,19,215,13,2978,True,False
1678,1229,1,2025-12-03,1,28,86,1002,56,2979,True,False
1679,1229,1,2025-12-05,1,28,86,1002,56,2980,True,False
1680,1231,2,2025-02-16,1,2,3,29,4,2983,True,False
1681,1232,1,2026-02-07,1,14,36,409,28,2986,True,False
1682,1234,1,2025-10-15,1,9,22,248,18,2989,True,False
1683,1234,1,2025-10-31,1,9,22,248,18,2990,True,False
1684,1234,1,2025-10-19,1,9,22,248,18,2991,True,False
1685,1236,1,2025-04-07,1,4,9,94,8,2995,True,False
1686,1237,2,2026-04-22,1,4,11,114,7,2996,True,False
1687,1238,1,2025-06-05,1,29,89,1028,58,3000,True,False
1688,1240,1,2025-12-18,1,4,9,101,8,3004,True,False
1689,1240,2,2025-12-16,1,4,9,101,8,3005,True,False
1690,1241,1,2025-02-14,1,28,86,1003,56,3007,True,False
1691,1241,1,2025-01-22,1,28,86,1003,56,3008,True,False
1692,1242,1,2025-11-11,1,1,2,16,2,3009,True,False
1693,1243,2,2026-01-25,1,28,88,1021,56,3010,True,False
1694,1243,1,2026-01-06,1,28,88,1021,56,3011,True,False
1695,1243,1,2026-02-04,1,28,88,1021,56,3012,True,False
1696,1245,1,2025-09-19,1,26,79,924,51,3016,True,False
1697,1245,1,2025-09-02,1,26,79,924,51,3017,True,False
1698,1246,1,2026-02-26,1,23,68,788,45,3018,True,False
1699,1246,1,2026-02-23,1,23,68,788,45,3019,True,False
1700,1247,1,2025-08-13,1,27,83,970,54,3023,True,False
1701,1247,1,2025-07-20,1,27,83,970,54,3024,True,False
1702,1247,1,2025-07-29,1,27,83,970,54,3025,True,False
1703,1248,1,2025-07-16,1,27,83,972,54,3027,True,False
1704,1251,1,2025-12-31,1,10,28,312,20,3031,True,False
1705,1251,2,2026-01-06,1,10,28,312,20,3032,True,False
1706,1252,1,2025-01-19,1,4,11,116,8,3033,True,False
1707,1254,2,2025-08-05,1,4,10,105,8,3039,True,False
1708,1255,1,2025-03-29,1,4,11,120,7,3040,True,False
1709,1255,1,2025-03-15,1,4,11,120,7,3041,True,False
1710,1255,1,2025-04-02,1,4,11,120,7,3042,True,False
1711,1255,1,2025-03-31,1,4,11,120,7,3043,True,False
1712,1257,1,2024-12-31,1,6,15,161,12,3048,True,False
1713,1259,1,2025-07-31,1,15,40,455,30,3051,True,False
1714,1259,1,2025-08-04,1,15,40,455,30,3052,True,False
1715,1260,1,2024-12-21,1,1,2,25,1,3053,True,False
1716,1261,1,2024-11-19,1,3,7,82,5,3055,True,False
1717,1261,1,2024-11-27,1,3,7,82,5,3056,True,False
1718,1262,1,2025-11-25,1,4,9,94,8,3057,True,False
1719,1263,1,2025-12-01,1,21,61,706,41,3060,True,False
1720,1263,1,2025-12-15,1,21,61,706,41,3061,True,False
1721,1263,1,2025-12-12,1,21,61,706,41,3062,True,False
1722,1263,1,2025-12-16,1,21,61,706,41,3063,True,False
1723,1266,1,2024-11-02,1,27,82,955,54,3066,True,False
1724,1267,1,2024-09-17,1,25,78,904,49,3069,True,False
1725,1268,1,2026-02-06,1,4,11,119,8,3071,True,False
1726,1270,1,2024-10-26,1,3,8,90,6,3076,True,False
1727,1271,1,2024-11-21,1,1,1,5,1,3077,True,False
1728,1271,1,2024-11-20,1,1,1,5,1,3078,True,False
1729,1271,1,2024-11-04,1,1,1,5,1,3079,True,False
1730,1272,1,2026-05-21,1,22,64,747,44,3081,True,False
1731,1272,1,2026-05-28,1,22,64,747,44,3082,True,True
1732,1273,1,2025-01-15,1,3,6,69,6,3084,True,False
1733,1273,1,2025-01-15,1,3,6,69,6,3087,True,False
1734,1275,2,2025-07-18,1,4,9,98,8,3089,True,False
1735,1277,1,2025-06-25,1,3,7,76,6,3091,True,False
1736,1277,2,2025-06-30,1,3,7,76,6,3092,True,False
1737,1277,1,2025-06-10,1,3,7,76,6,3093,True,False
1738,1277,1,2025-06-10,1,3,7,76,6,3094,True,False
1739,1278,1,2026-07-25,1,3,5,58,6,3095,True,False
1740,1278,1,2026-07-06,1,3,5,58,6,3096,True,False
1741,1278,1,2026-07-12,1,3,5,58,6,3097,True,False
1742,1280,1,2025-12-05,1,18,49,561,35,3101,True,False
1743,1280,2,2025-11-22,1,18,49,561,35,3102,True,False
1744,1281,1,2025-09-25,1,19,55,643,38,3103,True,False
1745,1282,1,2025-07-05,1,4,11,114,7,3104,True,False
1746,1282,1,2025-07-06,1,4,11,114,7,3105,True,False
1747,1282,1,2025-07-03,1,4,11,114,7,3106,True,False
1748,1283,1,2025-10-05,1,26,81,951,51,3107,True,False
1749,1283,1,2025-10-18,1,26,81,951,51,3108,True,False
1750,1284,1,2026-05-07,1,30,92,1071,59,3111,True,False
1751,1284,2,2026-05-07,1,30,92,1071,59,3112,True,False
1752,1284,1,2026-05-31,1,30,92,1071,59,3113,True,False
1753,1285,2,2026-05-30,1,4,10,103,8,3115,True,False
1754,1285,2,2026-05-27,1,4,10,103,8,3116,True,False
1755,1285,1,2026-06-17,1,4,10,103,8,3117,True,False
1756,1286,1,2025-01-11,1,1,1,11,1,3118,True,False
1757,1286,1,2024-12-21,1,1,1,11,1,3119,True,False
1758,1286,1,2024-12-17,1,1,1,11,1,3120,True,False
1759,1286,2,2024-12-22,1,1,1,11,1,3121,True,False
1760,1287,1,2025-11-11,1,4,11,120,7,3123,True,False
1761,1288,1,2026-07-26,1,4,9,100,7,3124,True,False
1762,1288,1,2026-07-02,1,4,9,100,7,3125,True,False
1763,1288,1,2026-07-05,1,4,9,100,7,3127,True,False
1764,1289,1,2025-09-03,1,4,10,108,8,3128,True,False
1765,1290,1,2026-06-09,1,28,87,1012,55,3129,True,False
1766,1291,1,2025-02-24,1,4,11,119,7,3133,True,False
1767,1291,1,2025-02-27,1,4,11,119,7,3134,True,False
1768,1291,1,2025-02-24,1,4,11,119,7,3135,True,False
1769,1291,2,2025-03-01,1,4,11,119,7,3136,True,False
1770,1292,1,2025-03-31,1,21,62,718,41,3137,True,False
1771,1292,1,2025-04-01,1,21,62,718,41,3138,True,False
1772,1292,1,2025-04-04,1,21,62,718,41,3139,True,False
1773,1292,1,2025-04-10,1,21,62,718,41,3140,True,False
1774,1293,1,2026-01-07,1,6,17,186,12,3141,True,False
1775,1294,2,2025-01-24,1,17,44,508,34,3143,True,False
1776,1294,1,2025-01-25,1,17,44,508,34,3144,True,False
1777,1294,1,2025-01-31,1,17,44,508,34,3145,True,False
1778,1295,1,2024-12-19,1,28,85,991,56,3147,True,False
1779,1295,1,2024-12-30,1,28,85,991,56,3148,True,False
1780,1296,1,2026-05-07,1,4,11,119,7,3149,True,False
1781,1296,1,2026-05-06,1,4,11,119,7,3150,True,False
1782,1296,1,2026-04-27,1,4,11,119,7,3151,True,False
1783,1297,1,2025-03-07,1,6,17,191,11,3152,True,False
1784,1297,1,2025-02-25,1,6,17,191,11,3153,True,False
1785,1297,1,2025-03-10,1,6,17,191,11,3154,True,False
1786,1298,1,2025-06-30,1,4,10,107,7,3155,True,False
1787,1298,1,2025-07-04,1,4,10,107,7,3157,True,False
1788,1298,1,2025-07-11,1,4,10,107,7,3158,True,False
1789,1299,2,2026-06-23,1,4,11,119,7,3159,True,False
1790,1299,1,2026-06-20,1,4,11,119,7,3161,True,False
1791,1299,2,2026-06-08,1,4,11,119,7,3162,True,False
1792,1301,1,2025-12-19,1,29,89,1033,57,3164,True,False
1793,1301,1,2025-12-22,1,29,89,1033,57,3167,True,False
1794,1302,1,2025-04-16,1,16,41,469,31,3168,True,False
1795,1302,1,2025-04-21,1,16,41,469,31,3169,True,False
1796,1302,1,2025-04-13,1,16,41,469,31,3170,True,False
1797,1302,1,2025-04-19,1,16,41,469,31,3171,True,False
1798,1305,1,2026-05-11,1,30,91,1055,59,3178,True,False
1799,1305,1,2026-04-16,1,30,91,1055,59,3179,True,False
1800,1306,1,2026-04-13,1,9,26,292,18,3180,True,False
1801,1306,1,2026-04-20,1,9,26,292,18,3182,True,False
1802,1307,2,2024-12-25,1,22,64,747,43,3183,True,False
1803,1307,1,2024-12-21,1,22,64,747,43,3184,True,False
1804,1308,1,2025-03-17,1,10,28,308,20,3185,True,False
1805,1310,1,2026-05-02,1,17,47,534,34,3189,True,False
1806,1311,1,2025-08-16,1,1,2,27,2,3190,True,True
1807,1314,1,2025-04-30,1,5,13,139,9,3195,True,False
1808,1316,1,2024-09-17,1,4,9,94,7,3198,True,False
1809,1316,2,2024-09-09,1,4,9,94,7,3199,True,False
1810,1317,1,2026-04-29,1,4,9,94,8,3201,True,False
1811,1319,1,2024-12-10,1,30,91,1057,59,3207,True,False
1812,1319,2,2024-11-20,1,30,91,1057,59,3209,True,False
1813,1320,1,2026-02-05,1,4,11,119,7,3211,True,False
1814,1321,1,2025-07-31,1,8,20,217,16,3212,True,False
1815,1324,1,2025-01-24,1,16,41,479,31,3217,True,False
1816,1325,1,2025-05-02,1,18,51,594,35,3218,True,False
1817,1325,1,2025-05-13,1,18,51,594,35,3219,True,False
1818,1326,1,2026-07-28,1,4,9,96,8,3221,True,False
1819,1326,1,2026-07-26,1,4,9,96,8,3223,True,False
1820,1327,1,2025-08-12,1,1,1,4,1,3227,True,False
1821,1328,1,2026-05-13,1,4,11,118,7,3228,True,False
1822,1328,1,2026-04-29,1,4,11,118,7,3229,True,False
1823,1328,1,2026-05-03,1,4,11,118,7,3230,True,False
1824,1330,1,2026-03-04,1,1,1,11,1,3232,True,False
1825,1330,1,2026-02-09,1,1,1,11,1,3234,True,False
1826,1331,1,2026-03-29,1,4,9,95,8,3235,True,False
1827,1331,1,2026-04-09,1,4,9,95,8,3236,True,False
1828,1331,1,2026-03-31,1,4,9,95,8,3237,True,False
1829,1332,2,2026-03-07,1,4,11,119,8,3240,True,False
1830,1332,2,2026-03-24,1,4,11,119,8,3241,True,False
1831,1334,1,2026-07-05,1,4,9,99,8,3243,True,False
1832,1334,1,2026-06-22,1,4,9,99,8,3244,True,False
1833,1335,2,2024-08-04,1,11,29,320,21,3247,True,False
1834,1335,2,2024-08-03,1,11,29,320,21,3248,True,False
1835,1338,1,2026-04-13,1,4,10,104,7,3253,True,False
1836,1338,1,2026-03-23,1,4,10,104,7,3254,True,False
1837,1338,1,2026-03-25,1,4,10,104,7,3255,True,False
1838,1339,2,2024-10-22,1,30,92,1063,60,3257,True,False
1839,1340,1,2026-02-12,1,5,12,129,9,3258,True,False
1840,1340,1,2026-02-07,1,5,12,129,9,3260,True,False
1841,1340,1,2026-02-18,1,5,12,129,9,3261,True,False
1842,1341,1,2025-09-21,1,17,48,555,34,3262,True,False
1843,1341,2,2025-10-17,1,17,48,555,34,3263,True,False
1844,1344,1,2024-11-29,1,16,43,502,32,3266,True,False
1845,1345,1,2025-08-11,1,6,17,190,11,3268,True,False
1846,1345,1,2025-08-08,1,6,17,190,11,3269,True,False
1847,1345,1,2025-08-14,1,6,17,190,11,3270,True,False
1848,1346,1,2024-12-27,1,4,9,99,8,3272,True,False
1849,1347,1,2025-07-25,1,3,6,66,6,3274,True,False
1850,1348,1,2025-04-08,1,4,11,115,7,3275,True,False
1851,1350,1,2025-03-31,1,3,6,70,5,3277,True,False
1852,1350,1,2025-04-05,1,3,6,70,5,3280,True,False
1853,1351,1,2026-05-25,1,4,11,119,8,3282,True,False
1854,1351,1,2026-06-11,1,4,11,119,8,3283,True,False
1855,1353,1,2026-05-21,1,3,8,87,6,3287,True,False
1856,1353,2,2026-05-10,1,3,8,87,6,3288,True,False
1857,1353,1,2026-05-16,1,3,8,87,6,3289,True,False
1858,1353,1,2026-05-07,1,3,8,87,6,3290,True,False
1859,1354,2,2026-07-15,1,4,10,103,8,3291,True,False
1860,1355,1,2024-11-10,1,12,32,364,24,3293,True,True
1861,1356,1,2024-11-02,1,10,27,301,19,3294,True,False
1862,1356,1,2024-11-05,1,10,27,301,19,3295,True,False
1863,1357,1,2026-04-02,1,11,29,322,22,3298,True,False
1864,1357,2,2026-04-03,1,11,29,322,22,3300,True,False
1865,1358,1,2026-03-19,1,9,23,255,17,3303,True,False
1866,1359,1,2026-01-29,1,3,6,70,6,3305,True,False
1867,1360,2,2025-03-03,1,24,73,845,48,3306,True,False
1868,1361,1,2026-05-22,1,4,9,99,8,3308,True,False
1869,1362,1,2025-08-10,1,25,75,880,50,3309,True,False
1870,1363,2,2026-06-26,1,14,38,438,27,3311,True,False
1871,1364,1,2025-09-13,1,5,14,155,10,3313,True,False
1872,1367,2,2026-06-13,1,4,11,118,8,3319,True,False
1873,1368,2,2024-12-20,1,29,90,1040,58,3320,True,False
1874,1369,1,2025-05-07,1,25,78,915,49,3321,True,False
1875,1369,1,2025-05-17,1,25,78,915,49,3322,True,False
1876,1369,1,2025-05-25,1,25,78,915,49,3324,True,False
1877,1370,2,2026-07-26,1,4,10,103,8,3325,True,False
1878,1371,1,2025-09-06,1,2,3,39,4,3326,True,False
1879,1373,1,2026-05-08,1,4,10,103,7,3329,True,False
1880,1374,1,2025-08-31,1,4,11,120,8,3333,True,False
1881,1375,1,2025-11-06,1,4,11,116,7,3334,True,False
1882,1375,1,2025-11-05,1,4,11,116,7,3335,True,False
1883,1376,1,2024-09-20,1,4,10,105,7,3336,True,False
1884,1376,2,2024-08-29,1,4,10,105,7,3339,True,False
1885,1377,1,2026-06-10,1,4,11,113,7,3341,True,False
1886,1378,1,2025-01-26,1,8,20,217,15,3343,True,False
1887,1379,2,2026-04-06,1,9,24,269,18,3347,True,True
1888,1379,1,2026-03-14,1,9,24,269,18,3348,True,False
1889,1379,1,2026-04-13,1,9,24,269,18,3349,True,False
1890,1381,1,2026-03-18,1,4,9,95,7,3351,True,False
1891,1381,1,2026-04-02,1,4,9,95,7,3352,True,False
1892,1381,1,2026-03-25,1,4,9,95,7,3354,True,False
1893,1382,2,2025-03-13,1,4,10,103,7,3355,True,False
1894,1383,1,2024-10-05,1,25,76,888,49,3358,True,False
1895,1384,1,2025-01-16,1,4,9,94,8,3359,True,False
1896,1384,2,2025-01-07,1,4,9,94,8,3360,True,False
1897,1386,2,2026-03-17,1,18,50,573,36,3363,True,False
1898,1387,1,2026-06-10,1,5,14,150,10,3365,True,False
1899,1388,1,2024-09-07,1,4,11,118,8,3366,True,False
1900,1389,1,2025-01-06,1,30,91,1053,60,3370,True,False
1901,1389,1,2025-01-16,1,30,91,1053,60,3371,True,False
1902,1389,2,2025-01-20,1,30,91,1053,60,3372,True,False
1903,1390,2,2026-03-01,1,4,10,108,8,3373,True,False
1904,1390,1,2026-03-01,1,4,10,108,8,3375,True,False
1905,1391,2,2025-05-10,1,4,10,107,7,3376,True,False
1906,1391,1,2025-05-10,1,4,10,107,7,3378,True,False
1907,1392,1,2024-10-13,1,29,90,1042,58,3380,True,False
1908,1394,2,2025-11-01,1,5,14,144,10,3383,True,False
1909,1394,1,2025-10-29,1,5,14,144,10,3384,True,False
1910,1394,1,2025-10-08,1,5,14,144,10,3385,True,False
1911,1394,2,2025-10-18,1,5,14,144,10,3386,True,False
1912,1395,1,2025-12-03,1,8,21,230,15,3388,True,False
1913,1396,1,2024-08-19,1,10,27,303,19,3392,True,False
1914,1397,1,2026-07-17,1,13,35,393,26,3394,True,False
1915,1398,2,2025-02-05,1,14,38,434,28,3395,True,False
1916,1398,2,2025-01-10,1,14,38,434,28,3396,True,False
1917,1398,1,2025-01-22,1,14,38,434,28,3397,True,False
1918,1399,1,2025-08-18,1,10,27,301,19,3398,True,False
1919,1400,1,2025-11-19,1,1,1,3,1,3404,True,False
1920,1401,1,2026-05-11,1,22,65,758,43,3405,True,False
1921,1402,2,2026-05-21,1,22,65,757,43,3407,True,False
1922,1402,2,2026-06-18,1,22,65,757,43,3408,True,False
1923,1402,1,2026-05-19,1,22,65,757,43,3409,True,False
1924,1403,1,2026-01-27,1,4,11,119,8,3410,True,False
1925,1405,1,2024-12-12,1,10,27,302,20,3413,True,False
1926,1406,1,2025-01-13,1,4,9,98,7,3414,True,False
1927,1407,2,2024-12-07,1,3,8,88,5,3415,True,False
1928,1407,1,2024-11-24,1,3,8,88,5,3417,True,False
1929,1407,2,2024-12-02,1,3,8,88,5,3418,True,False
1930,1408,1,2024-10-17,1,23,69,798,46,3419,True,False
1931,1408,2,2024-10-18,1,23,69,798,46,3421,True,False
1932,1409,1,2025-09-06,1,19,55,646,38,3423,True,False
1933,1410,1,2026-05-30,1,16,42,491,32,3425,True,False
1934,1411,1,2025-06-11,1,15,40,462,29,3427,True,False
1935,1411,1,2025-06-29,1,15,40,462,29,3428,True,False
1936,1412,1,2026-01-23,1,4,11,116,7,3431,True,False
1937,1413,1,2026-04-22,1,23,66,769,45,3433,True,False
1938,1414,1,2024-09-26,1,2,4,50,4,3435,True,False
1939,1415,2,2025-10-23,1,15,40,465,29,3439,True,False
1940,1416,1,2024-12-22,1,19,53,623,38,3440,True,False
1941,1417,1,2026-02-04,1,4,10,103,7,3441,True,False
1942,1418,2,2026-05-17,1,4,11,119,8,3444,True,False
1943,1418,1,2026-05-13,1,4,11,119,8,3446,True,False
1944,1420,2,2026-03-15,1,4,10,106,7,3450,True,False
1945,1421,2,2025-04-17,1,22,65,750,43,3452,True,False
1946,1422,1,2025-11-02,1,27,83,963,54,3453,True,False
1947,1424,1,2025-08-05,1,4,9,95,8,3456,True,False
1948,1425,1,2024-08-23,1,28,87,1009,56,3457,True,False
1949,1427,1,2026-03-04,1,20,59,684,39,3464,True,False
1950,1428,1,2025-03-16,1,30,91,1052,59,3466,True,False
1951,1428,1,2025-03-22,1,30,91,1052,59,3467,True,False
1952,1430,1,2025-03-29,1,29,90,1043,57,3470,True,False
1953,1430,1,2025-03-03,1,29,90,1043,57,3472,True,False
1954,1430,1,2025-03-28,1,29,90,1043,57,3473,True,False
1955,1431,1,2025-02-09,1,1,2,21,1,3474,True,False
1956,1432,1,2026-03-12,1,16,41,476,32,3478,True,False
1957,1433,1,2025-12-05,1,12,32,361,23,3481,True,False
1958,1433,1,2025-12-29,1,12,32,361,23,3482,True,False
1959,1434,1,2025-01-07,1,22,64,748,43,3483,True,False
1960,1436,1,2025-12-25,1,9,23,255,18,3489,True,False
1961,1438,2,2026-02-28,1,9,25,284,18,3492,True,False
1962,1438,1,2026-03-15,1,9,25,284,18,3493,True,False
1963,1438,1,2026-03-14,1,9,25,284,18,3495,True,False
1964,1439,1,2025-02-16,1,11,29,330,21,3496,True,False
1965,1439,1,2025-02-23,1,11,29,330,21,3497,True,False
1966,1440,2,2025-03-08,1,4,9,93,7,3498,True,False
1967,1441,2,2024-12-04,1,16,41,476,31,3499,True,False
1968,1441,1,2024-12-17,1,16,41,476,31,3501,True,False
1969,1442,2,2026-04-11,1,12,31,354,24,3502,True,False
1970,1443,2,2024-10-02,1,4,9,96,8,3503,True,False
1971,1444,1,2024-07-20,1,26,79,916,51,3504,True,False
1972,1444,1,2024-08-03,1,26,79,916,51,3505,True,False
1973,1444,2,2024-07-31,1,26,79,916,51,3506,True,False
1974,1445,2,2025-09-29,1,8,20,219,15,3508,True,False
1975,1445,1,2025-10-24,1,8,20,219,15,3510,True,False
1976,1445,2,2025-09-29,1,8,20,219,15,3511,True,False
1977,1446,2,2024-10-11,1,1,2,17,2,3512,True,False
1978,1446,1,2024-10-22,1,1,2,17,2,3514,True,False
1979,1446,2,2024-10-17,1,1,2,17,2,3515,True,False
1980,1447,2,2026-06-02,1,4,10,110,7,3516,True,False
1981,1448,1,2026-03-16,1,3,5,55,5,3517,True,False
1982,1448,1,2026-02-22,1,3,5,55,5,3520,True,False
1983,1449,1,2024-08-14,1,2,3,38,4,3523,True,False
1984,1449,2,2024-08-21,1,2,3,38,4,3524,True,False
1985,1450,1,2025-02-07,1,11,29,319,22,3526,True,False
1986,1451,1,2026-04-27,1,10,28,310,20,3527,True,False
1987,1451,1,2026-05-06,1,10,28,310,20,3528,True,False
1988,1451,1,2026-05-06,1,10,28,310,20,3529,True,False
1989,1454,1,2025-11-24,1,4,10,110,7,3534,True,False
1990,1454,2,2025-11-16,1,4,10,110,7,3535,True,False
1991,1456,2,2025-09-14,1,7,19,212,13,3540,True,False
1992,1456,1,2025-10-03,1,7,19,212,13,3541,True,False
1993,1457,1,2026-04-14,1,4,9,97,8,3542,True,False
1994,1458,1,2026-04-07,1,4,11,116,7,3543,True,False
1995,1458,1,2026-04-04,1,4,11,116,7,3544,True,False
1996,1459,1,2025-09-21,1,19,56,651,37,3547,True,False
1997,1459,1,2025-10-12,1,19,56,651,37,3548,True,False
1998,1460,2,2026-02-25,1,4,11,116,8,3549,True,False
1999,1460,1,2026-03-01,1,4,11,116,8,3550,True,False
2000,1461,2,2025-03-29,1,23,66,769,45,3552,True,False
2001,1462,2,2025-01-13,1,1,2,18,1,3554,True,False
2002,1462,2,2025-01-14,1,1,2,18,1,3555,True,True
2003,1463,1,2026-03-23,1,27,83,963,54,3557,True,False
2004,1464,2,2025-10-07,1,4,11,118,7,3560,True,False
2005,1464,2,2025-09-18,1,4,11,118,7,3561,True,False
2006,1465,2,2026-07-04,1,3,5,55,5,3562,True,False
2007,1466,1,2026-05-01,1,4,10,105,7,3563,True,False
2008,1467,2,2024-09-04,1,7,18,200,13,3567,True,False
2009,1467,2,2024-09-25,1,7,18,200,13,3568,True,False
2010,1468,1,2025-12-17,1,30,92,1061,60,3569,True,False
2011,1468,1,2025-12-20,1,30,92,1061,60,3570,True,True
2012,1471,1,2024-12-25,1,3,8,91,5,3576,True,False
2013,1471,1,2024-12-27,1,3,8,91,5,3578,True,False
2014,1472,1,2026-05-13,1,1,2,20,2,3579,True,False
2015,1472,1,2026-05-28,1,1,2,20,2,3580,True,False
2016,1474,2,2025-09-30,1,18,51,594,35,3584,True,False
2017,1474,1,2025-10-07,1,18,51,594,35,3585,True,True
2018,1475,1,2025-06-26,1,13,35,400,25,3586,True,False
2019,1475,1,2025-07-13,1,13,35,400,25,3587,True,False
2020,1476,1,2026-06-24,1,14,38,443,27,3589,True,False
2021,1476,1,2026-06-25,1,14,38,443,27,3590,True,False
2022,1476,1,2026-06-14,1,14,38,443,27,3591,True,False
2023,1476,1,2026-07-07,1,14,38,443,27,3592,True,False
2024,1477,1,2025-06-18,1,17,44,508,34,3593,True,False
2025,1478,1,2026-06-09,1,3,6,73,6,3594,True,False
2026,1479,2,2024-09-15,1,4,11,120,7,3598,True,False
2027,1480,1,2026-07-02,1,4,9,93,8,3599,True,False
2028,1482,1,2025-11-21,1,7,18,202,14,3604,True,False
2029,1483,1,2025-03-12,1,14,36,414,27,3608,True,False
2030,1483,1,2025-03-24,1,14,36,414,27,3609,True,False
2031,1484,1,2026-06-04,1,25,75,870,49,3610,True,True
2032,1485,1,2025-12-10,1,4,11,115,8,3612,True,False
2033,1486,1,2025-10-30,1,10,28,311,20,3615,True,False
2034,1487,1,2026-06-20,1,30,91,1050,59,3617,True,False
2035,1488,1,2025-03-29,1,17,48,552,34,3618,True,False
2036,1488,1,2025-04-06,1,17,48,552,34,3619,True,False
2037,1489,2,2025-12-18,1,4,9,94,7,3621,True,False
2038,1489,1,2025-12-18,1,4,9,94,7,3623,True,False
2039,1490,1,2026-05-12,1,13,33,374,25,3625,True,False
2040,1491,1,2024-12-14,1,4,9,100,8,3626,True,False
2041,1493,1,2026-03-27,1,25,78,903,50,3628,True,False
2042,1493,2,2026-03-27,1,25,78,903,50,3629,True,False
2043,1494,1,2026-03-05,1,11,29,330,22,3630,True,False
2044,1494,1,2026-02-23,1,11,29,330,22,3632,True,False
2045,1494,1,2026-03-18,1,11,29,330,22,3633,True,False
2046,1495,1,2026-04-10,1,3,7,80,5,3634,True,False
2047,1495,1,2026-03-23,1,3,7,80,5,3635,True,False
2048,1496,1,2026-02-20,1,8,20,228,15,3640,True,False
2049,1496,1,2026-03-04,1,8,20,228,15,3641,True,False
2050,1497,1,2026-03-09,1,1,1,12,2,3643,True,False
2051,1497,1,2026-02-22,1,1,1,12,2,3644,True,False
2052,1498,1,2025-03-21,1,17,47,540,34,3646,True,False
2053,1500,1,2025-03-30,1,4,10,104,7,3649,True,False
2054,1501,1,2025-12-28,1,3,6,66,5,3651,True,False
2055,1502,1,2025-09-01,1,3,8,85,6,3654,True,False
2056,1503,1,2024-11-17,1,1,2,16,1,3657,True,False
2057,1505,1,2025-12-23,1,1,1,11,2,3661,True,False
2058,1505,1,2025-12-03,1,1,1,11,2,3663,True,False
2059,1506,1,2026-03-11,1,24,72,843,47,3664,True,False
2060,1507,1,2024-11-22,1,10,27,302,20,3665,True,False
2061,1507,1,2024-11-09,1,10,27,302,20,3666,True,False
2062,1507,1,2024-11-11,1,10,27,302,20,3667,True,False
2063,1507,1,2024-11-06,1,10,27,302,20,3668,True,False
2064,1509,1,2026-05-11,1,9,25,276,18,3672,True,False
2065,1509,1,2026-05-20,1,9,25,276,18,3673,True,False
2066,1509,1,2026-05-19,1,9,25,276,18,3675,True,False
2067,1510,2,2025-07-26,1,9,23,261,18,3677,True,False
2068,1510,2,2025-08-06,1,9,23,261,18,3678,True,False
2069,1512,1,2025-12-06,1,4,9,96,8,3681,True,False
2070,1513,1,2025-08-25,1,4,10,104,7,3686,True,False
2071,1514,2,2024-09-08,1,27,84,977,53,3687,True,False
2072,1515,1,2026-06-27,1,11,29,321,21,3690,True,False
2073,1515,2,2026-06-24,1,11,29,321,21,3691,True,False
2074,1515,2,2026-07-15,1,11,29,321,21,3692,True,False
2075,1516,2,2026-05-14,1,4,9,96,8,3693,True,False
2076,1517,2,2024-09-24,1,7,19,215,13,3695,True,False
2077,1520,1,2025-10-31,1,2,4,52,4,3702,True,False
2078,1521,1,2024-08-03,1,9,22,240,17,3703,True,False
2079,1521,2,2024-08-31,1,9,22,240,17,3704,True,False
2080,1521,2,2024-09-02,1,9,22,240,17,3705,True,False
2081,1521,1,2024-08-03,1,9,22,240,17,3706,True,True
2082,1522,1,2025-10-15,1,10,27,298,20,3709,True,False
2083,1523,1,2026-07-09,1,7,18,196,13,3712,True,False
2084,1523,1,2026-07-26,1,7,18,196,13,3714,True,False
2085,1524,1,2025-08-06,1,6,15,161,12,3715,True,False
2086,1524,1,2025-08-27,1,6,15,161,12,3716,True,False
2087,1525,1,2026-01-07,1,1,2,18,1,3717,True,False
2088,1526,1,2025-01-03,1,2,3,39,4,3718,True,False
2089,1527,2,2026-06-13,1,4,11,114,7,3721,True,False
2090,1527,2,2026-06-19,1,4,11,114,7,3722,True,False
2091,1527,1,2026-06-23,1,4,11,114,7,3723,True,False
2092,1528,1,2025-08-09,1,3,5,54,5,3725,True,False
2093,1529,1,2024-12-14,1,3,8,92,6,3727,True,False
2094,1530,1,2026-01-07,1,28,86,999,55,3731,True,False
2095,1530,1,2026-01-20,1,28,86,999,55,3732,True,False
2096,1532,1,2024-12-14,1,1,2,22,1,3735,True,False
2097,1532,1,2024-12-05,1,1,2,22,1,3736,True,False
2098,1533,1,2025-06-13,1,6,16,168,12,3737,True,False
2099,1534,2,2025-11-24,1,4,10,107,7,3740,True,False
2100,1534,1,2025-11-14,1,4,10,107,7,3741,True,False
2101,1535,1,2026-07-10,1,4,11,117,8,3742,True,False
2102,1535,1,2026-07-29,1,4,11,117,8,3743,True,False
2103,1535,1,2026-07-11,1,4,11,117,8,3744,True,False
2104,1537,1,2025-08-19,1,16,43,500,32,3747,True,False
2105,1538,2,2026-04-15,1,3,7,75,6,3749,True,False
2106,1540,1,2025-08-29,1,28,88,1024,56,3757,True,False
2107,1541,1,2026-07-16,1,1,2,16,2,3758,True,False
2108,1541,1,2026-06-19,1,1,2,16,2,3760,True,False
2109,1542,1,2025-09-24,1,8,20,223,16,3761,True,False
2110,1542,1,2025-09-10,1,8,20,223,16,3762,True,False
2111,1542,2,2025-09-25,1,8,20,223,16,3763,True,False
2112,1542,1,2025-10-02,1,8,20,223,16,3764,True,False
2113,1543,1,2026-03-09,1,4,10,102,8,3765,True,False
2114,1543,1,2026-03-25,1,4,10,102,8,3766,True,False
2115,1543,1,2026-04-05,1,4,10,102,8,3767,True,False
2116,1544,1,2025-11-09,1,6,15,158,11,3769,True,True
2117,1544,1,2025-11-06,1,6,15,158,11,3771,True,False
2118,1545,2,2025-10-17,1,3,6,65,5,3772,True,False
2119,1547,1,2026-05-12,1,4,10,109,7,3777,True,False
2120,1549,1,2025-06-30,1,17,47,542,34,3781,True,False
2121,1549,1,2025-07-03,1,17,47,542,34,3782,True,False
2122,1550,1,2026-05-23,1,4,11,118,8,3783,True,False
2123,1551,1,2026-06-27,1,24,74,867,47,3784,True,False
2124,1551,1,2026-07-13,1,24,74,867,47,3785,True,False
2125,1551,1,2026-07-07,1,24,74,867,47,3786,True,False
2126,1552,1,2025-03-03,1,7,19,212,14,3787,True,False
2127,1552,1,2025-03-03,1,7,19,212,14,3788,True,False
2128,1553,1,2026-04-05,1,18,50,575,35,3789,True,False
2129,1553,1,2026-03-25,1,18,50,575,35,3790,True,False
2130,1553,1,2026-03-20,1,18,50,575,35,3792,True,False
2131,1554,1,2025-08-06,1,27,83,971,54,3793,True,False
2132,1554,1,2025-08-09,1,27,83,971,54,3794,True,False
2133,1555,1,2026-03-02,1,24,72,840,48,3795,True,False
2134,1556,1,2025-09-29,1,1,1,2,1,3798,True,False
2135,1558,1,2024-11-03,1,13,34,384,25,3801,True,False
2136,1558,1,2024-11-09,1,13,34,384,25,3802,True,False
2137,1559,1,2025-12-19,1,12,31,359,23,3805,True,False
2138,1560,2,2026-04-06,1,28,85,990,56,3808,True,False
2139,1561,1,2024-12-05,1,4,10,103,7,3811,True,False
2140,1563,1,2024-09-21,1,15,39,450,30,3813,True,False
2141,1564,1,2025-11-23,1,25,76,884,50,3817,True,False
2142,1564,1,2025-11-23,1,25,76,884,50,3818,True,False
2143,1565,1,2025-05-20,1,25,75,869,50,3820,True,False
2144,1567,2,2026-02-16,1,4,10,102,8,3823,True,False
2145,1568,1,2026-05-14,1,22,64,740,44,3824,True,False
2146,1568,1,2026-05-12,1,22,64,740,44,3825,True,False
2147,1569,1,2025-04-27,1,15,39,454,30,3827,True,False
2148,1569,1,2025-05-09,1,15,39,454,30,3829,True,False
2149,1570,1,2026-07-06,1,20,58,673,39,3831,True,False
2150,1570,1,2026-07-16,1,20,58,673,39,3832,True,False
2151,1570,1,2026-07-17,1,20,58,673,39,3833,True,False
2152,1571,1,2025-12-30,1,9,26,291,18,3834,True,False
2153,1572,1,2025-12-20,1,3,7,75,6,3836,True,False
2154,1573,2,2025-06-24,1,4,10,102,8,3840,True,False
2155,1575,1,2026-04-09,1,4,11,114,8,3842,True,False
2156,1576,2,2026-04-18,1,4,9,97,7,3845,True,False
2157,1578,2,2025-02-02,1,8,20,226,15,3848,True,False
2158,1579,2,2025-01-18,1,27,83,961,54,3853,True,False
2159,1579,1,2025-01-26,1,27,83,961,54,3854,True,False
2160,1580,1,2026-06-28,1,19,53,618,37,3856,True,False
2161,1580,2,2026-07-05,1,19,53,618,37,3857,True,False
2162,1581,2,2025-07-19,1,4,10,103,7,3862,True,False
2163,1582,1,2024-11-12,1,14,37,422,27,3864,True,False
2164,1582,1,2024-11-12,1,14,37,422,27,3865,True,False
2165,1582,1,2024-11-11,1,14,37,422,27,3866,True,False
2166,1583,1,2026-06-27,1,16,41,477,31,3868,True,False
2167,1583,1,2026-06-15,1,16,41,477,31,3870,True,False
2168,1585,2,2026-06-22,1,4,10,110,8,3873,True,False
2169,1586,1,2024-09-26,1,28,85,985,56,3874,True,False
2170,1587,1,2025-11-06,1,25,78,913,49,3877,True,False
2171,1587,1,2025-10-16,1,25,78,913,49,3878,True,False
2172,1589,1,2024-10-07,1,28,88,1021,56,3881,True,False
2173,1589,1,2024-10-07,1,28,88,1021,56,3882,True,False
2174,1590,1,2025-12-04,1,4,9,96,7,3883,True,False
2175,1591,1,2024-10-26,1,1,1,4,2,3885,True,False
2176,1591,2,2024-09-26,1,1,1,4,2,3887,True,False
2177,1593,1,2025-10-29,1,4,11,118,7,3890,True,False
2178,1594,1,2026-03-17,1,17,47,536,34,3891,True,False
2179,1595,1,2025-09-05,1,4,11,119,7,3895,True,False
2180,1596,1,2025-06-01,1,29,90,1038,57,3898,True,False
2181,1596,1,2025-05-29,1,29,90,1038,57,3899,True,False
2182,1598,1,2026-05-04,1,4,11,116,7,3901,True,False
2183,1599,1,2025-07-28,1,15,39,444,29,3902,True,False
2184,1599,1,2025-08-06,1,15,39,444,29,3903,True,False
2185,1599,1,2025-07-21,1,15,39,444,29,3905,True,False
2186,1600,1,2026-02-07,1,4,9,98,7,3907,True,False
2187,1602,1,2025-07-31,1,26,80,933,51,3910,True,False
2188,1602,1,2025-07-17,1,26,80,933,51,3911,True,False
2189,1603,1,2025-05-01,1,19,54,632,37,3912,True,False
2190,1603,1,2025-05-14,1,19,54,632,37,3913,True,False
2191,1603,1,2025-05-06,1,19,54,632,37,3914,True,False
2192,1604,1,2024-08-21,1,1,1,9,1,3915,True,False
2193,1604,1,2024-08-30,1,1,1,9,1,3916,True,False
2194,1605,1,2024-10-16,1,23,68,791,46,3917,True,False
2195,1605,1,2024-11-05,1,23,68,791,46,3918,True,False
2196,1606,2,2024-10-17,1,1,1,9,2,3919,True,False
2197,1607,1,2025-05-27,1,4,11,117,7,3920,True,False
2198,1608,1,2025-07-29,1,29,89,1028,58,3924,True,False
2199,1609,1,2024-08-14,1,27,82,956,53,3927,True,False
2200,1610,2,2026-03-16,1,4,10,104,7,3928,True,False
2201,1610,1,2026-04-06,1,4,10,104,7,3929,True,False
2202,1611,1,2025-10-20,1,4,11,113,7,3932,True,False
2203,1613,1,2025-09-23,1,4,11,117,8,3935,True,False
2204,1614,1,2026-02-12,1,10,27,298,19,3936,True,False
2205,1615,2,2026-01-26,1,13,33,377,25,3937,True,False
2206,1615,1,2026-01-13,1,13,33,377,25,3938,True,False
2207,1616,1,2025-08-10,1,15,40,459,30,3939,True,True
2208,1617,1,2025-02-23,1,3,7,77,5,3940,True,False
2209,1617,1,2025-03-02,1,3,7,77,5,3941,True,False
2210,1617,1,2025-03-17,1,3,7,77,5,3942,True,False
2211,1619,1,2025-03-26,1,4,9,98,7,3944,True,False
2212,1620,2,2026-06-17,1,1,1,9,2,3946,True,True
2213,1621,1,2026-07-29,1,3,5,56,5,3948,True,False
2214,1621,2,2026-07-13,1,3,5,56,5,3949,True,False
2215,1621,1,2026-07-11,1,3,5,56,5,3950,True,False
2216,1622,2,2026-05-24,1,16,41,478,32,3952,True,False
2217,1625,1,2026-04-09,1,4,9,98,8,3957,True,False
2218,1626,1,2025-05-04,1,4,9,95,7,3962,True,False
2219,1626,1,2025-04-30,1,4,9,95,7,3963,True,False
2220,1627,1,2026-07-04,1,4,10,110,8,3965,True,False
2221,1628,2,2025-04-10,1,9,25,279,18,3966,True,False
2222,1629,1,2025-06-09,1,15,40,455,30,3967,True,False
2223,1629,1,2025-06-22,1,15,40,455,30,3969,True,False
2224,1630,2,2026-06-29,1,9,26,291,18,3970,True,False
2225,1630,1,2026-06-25,1,9,26,291,18,3971,True,True
2226,1630,2,2026-07-10,1,9,26,291,18,3972,True,False
2227,1631,2,2026-07-02,1,4,10,103,7,3973,True,False
2228,1631,1,2026-07-07,1,4,10,103,7,3974,True,False
2229,1632,1,2026-03-07,1,4,9,100,7,3977,True,False
2230,1633,1,2026-04-18,1,4,10,109,8,3979,True,False
2231,1633,1,2026-04-17,1,4,10,109,8,3981,True,False
2232,1634,1,2026-04-09,1,14,38,433,28,3982,True,False
2233,1634,1,2026-04-08,1,14,38,433,28,3983,True,False
2234,1635,1,2025-11-16,1,4,10,103,7,3985,True,False
2235,1635,1,2025-11-06,1,4,10,103,7,3986,True,False
2236,1636,2,2025-05-10,1,4,11,119,7,3987,True,False
2237,1636,1,2025-04-25,1,4,11,119,7,3988,True,False
2238,1636,1,2025-05-01,1,4,11,119,7,3990,True,False
2239,1639,2,2026-01-09,1,9,22,241,18,3996,True,False
2240,1639,2,2026-01-31,1,9,22,241,18,3997,True,False
2241,1640,1,2025-04-23,1,4,9,98,7,3998,True,False
2242,1641,1,2025-08-17,1,28,85,993,55,4001,True,False
2243,1641,2,2025-08-16,1,28,85,993,55,4002,True,False
2244,1641,1,2025-08-16,1,28,85,993,55,4004,True,False
2245,1642,1,2026-05-26,1,17,45,519,34,4005,True,False
2246,1642,1,2026-05-04,1,17,45,519,34,4006,True,False
2247,1642,1,2026-05-06,1,17,45,519,34,4007,True,False
2248,1643,1,2026-08-07,1,2,3,31,4,4008,True,False
2249,1643,1,2026-08-06,1,2,3,31,4,4009,True,False
2250,1645,1,2024-10-18,1,1,2,28,1,4011,True,False
2251,1645,1,2024-10-12,1,1,2,28,1,4012,True,True
2252,1646,1,2025-01-23,1,4,11,117,8,4014,True,False
2253,1646,1,2024-12-31,1,4,11,117,8,4015,True,False
2254,1647,2,2026-06-28,1,15,39,452,30,4017,True,False
2255,1648,2,2025-05-10,1,24,73,853,47,4018,True,False
2256,1648,1,2025-05-13,1,24,73,853,47,4020,True,False
2257,1649,2,2026-02-13,1,8,20,228,15,4022,True,False
2258,1650,1,2025-11-03,1,22,63,731,43,4023,True,False
2259,1650,1,2025-11-01,1,22,63,731,43,4025,True,False
2260,1651,1,2026-04-15,1,21,61,710,42,4026,True,False
2261,1651,1,2026-04-15,1,21,61,710,42,4029,True,False
2262,1652,1,2026-07-22,1,17,46,528,34,4031,True,False
2263,1654,1,2025-07-25,1,2,4,41,3,4034,True,False
2264,1655,1,2026-07-03,1,4,11,120,7,4035,True,False
2265,1655,2,2026-07-09,1,4,11,120,7,4036,True,False
2266,1658,1,2026-02-19,1,2,4,53,3,4044,True,False
2267,1658,1,2026-02-22,1,2,4,53,3,4046,True,False
2268,1660,1,2025-04-06,1,23,66,771,46,4048,True,False
2269,1660,1,2025-03-29,1,23,66,771,46,4049,True,False
2270,1661,2,2026-03-01,1,4,10,109,8,4050,True,False
2271,1662,1,2024-08-18,1,24,74,859,48,4052,True,False
2272,1663,1,2026-01-16,1,4,11,113,7,4053,True,True
2273,1663,1,2026-02-06,1,4,11,113,7,4054,True,False
2274,1663,2,2026-01-29,1,4,11,113,7,4055,True,False
2275,1664,1,2025-06-15,1,4,9,100,8,4056,True,False
2276,1664,1,2025-05-29,1,4,9,100,8,4057,True,False
2277,1665,1,2026-07-16,1,7,19,208,14,4058,True,False
2278,1665,1,2026-07-03,1,7,19,208,14,4059,True,False
2279,1665,1,2026-07-15,1,7,19,208,14,4060,True,False
2280,1665,2,2026-06-25,1,7,19,208,14,4061,True,False
2281,1666,1,2025-03-24,1,9,23,254,17,4064,True,False
2282,1667,1,2024-09-06,1,13,33,371,26,4065,True,False
2283,1667,1,2024-09-01,1,13,33,371,26,4067,True,False
2284,1669,1,2025-04-25,1,3,7,75,5,4071,True,False
2285,1669,1,2025-04-17,1,3,7,75,5,4072,True,False
2286,1671,2,2024-11-28,1,15,39,453,30,4074,True,False
2287,1671,1,2024-12-07,1,15,39,453,30,4077,True,False
2288,1672,1,2026-06-16,1,4,10,104,7,4079,True,False
2289,1672,1,2026-06-09,1,4,10,104,7,4080,True,False
2290,1673,2,2026-04-21,1,9,26,286,18,4082,True,False
2291,1673,2,2026-04-22,1,9,26,286,18,4083,True,False
2292,1674,1,2024-10-18,1,12,31,357,23,4086,True,False
2293,1675,1,2025-03-13,1,25,75,878,49,4088,True,False
2294,1675,1,2025-03-06,1,25,75,878,49,4089,True,False
2295,1675,1,2025-02-19,1,25,75,878,49,4090,True,False
2296,1676,2,2025-12-27,1,4,11,112,8,4091,True,False
2297,1677,2,2026-03-28,1,25,77,900,50,4094,True,False
2298,1680,1,2026-05-22,1,14,38,436,28,4098,True,False
2299,1680,2,2026-05-19,1,14,38,436,28,4099,True,True
2300,1681,1,2026-04-28,1,4,9,99,7,4100,True,False
2301,1681,1,2026-04-24,1,4,9,99,7,4101,True,False
2302,1682,1,2024-12-31,1,3,6,66,5,4102,True,False
2303,1683,2,2026-05-22,1,4,9,97,8,4103,True,False
2304,1684,1,2026-04-21,1,4,11,117,8,4107,True,False
2305,1684,2,2026-04-05,1,4,11,117,8,4109,True,False
2306,1686,1,2026-02-02,1,4,10,107,7,4112,True,False
2307,1687,2,2025-11-09,1,25,77,900,49,4115,True,False
2308,1687,1,2025-11-02,1,25,77,900,49,4116,True,False
2309,1688,2,2025-03-21,1,27,84,978,54,4118,True,False
2310,1689,2,2025-08-19,1,30,91,1049,60,4120,True,False
2311,1689,1,2025-08-20,1,30,91,1049,60,4123,True,False
2312,1690,2,2025-05-04,1,23,66,764,46,4124,True,False
2313,1691,1,2026-02-21,1,4,9,101,7,4126,True,False
2314,1692,1,2024-10-28,1,4,9,94,7,4127,True,False
2315,1692,1,2024-10-31,1,4,9,94,7,4129,True,False
2316,1693,1,2024-09-02,1,27,84,976,54,4130,True,False
2317,1694,1,2026-06-13,1,28,87,1015,56,4131,True,False
2318,1695,1,2026-01-29,1,17,46,530,34,4133,True,False
2319,1696,1,2026-07-09,1,20,60,699,40,4134,True,False
2320,1697,1,2025-08-21,1,1,2,28,1,4135,True,False
2321,1697,1,2025-08-22,1,1,2,28,1,4136,True,False
2322,1699,1,2025-01-31,1,25,78,911,50,4138,True,False
2323,1700,1,2025-05-30,1,12,32,363,23,4139,True,False
2324,1700,1,2025-05-17,1,12,32,363,23,4142,True,False
2325,1701,1,2024-12-25,1,23,68,790,46,4143,True,False
2326,1701,1,2024-12-06,1,23,68,790,46,4145,True,False
2327,1702,1,2024-08-29,1,3,6,66,5,4146,True,False
2328,1705,2,2025-05-27,1,26,81,948,51,4150,True,False
2329,1706,1,2026-05-09,1,4,11,120,8,4153,True,False
2330,1706,1,2026-05-02,1,4,11,120,8,4154,True,False
2331,1709,1,2024-11-04,1,4,10,111,7,4159,True,False
2332,1710,1,2024-09-20,1,22,63,736,43,4160,True,False
2333,1710,1,2024-09-12,1,22,63,736,43,4161,True,False
2334,1711,1,2024-12-29,1,4,11,115,8,4162,True,False
2335,1713,1,2025-03-04,1,30,92,1059,59,4164,True,False
2336,1713,1,2025-02-23,1,30,92,1059,59,4166,True,False
2337,1714,1,2024-11-28,1,14,36,408,27,4169,True,False
2338,1715,2,2024-08-20,1,27,82,955,53,4170,True,False
2339,1715,1,2024-08-12,1,27,82,955,53,4172,True,False
2340,1716,1,2025-06-21,1,10,28,310,20,4174,True,False
2341,1717,2,2025-02-25,1,1,2,19,1,4176,True,False
2342,1719,1,2026-05-26,1,4,9,98,7,4179,True,False
2343,1720,1,2025-03-01,1,1,2,26,1,4181,True,False
2344,1721,1,2025-01-05,1,27,84,974,54,4183,True,False
2345,1721,1,2025-01-08,1,27,84,974,54,4184,True,False
2346,1722,1,2025-10-05,1,4,9,99,8,4185,True,False
2347,1722,2,2025-10-30,1,4,9,99,8,4186,True,False
2348,1723,1,2026-07-18,1,24,72,843,48,4188,True,False
2349,1724,1,2025-04-13,1,7,18,197,13,4189,True,False
2350,1724,1,2025-04-18,1,7,18,197,13,4190,True,False
2351,1725,2,2026-03-01,1,4,9,94,8,4191,True,False
2352,1725,1,2026-02-11,1,4,9,94,8,4194,True,False
2353,1726,1,2025-08-26,1,13,35,392,25,4195,True,False
2354,1728,1,2026-03-22,1,4,11,114,8,4198,True,False
2355,1728,1,2026-03-29,1,4,11,114,8,4199,True,False
2356,1729,1,2025-12-09,1,4,11,118,8,4201,True,False
2357,1731,1,2026-03-04,1,17,46,533,33,4203,True,False
2358,1731,1,2026-02-25,1,17,46,533,33,4204,True,False
2359,1731,2,2026-03-07,1,17,46,533,33,4205,True,False
2360,1732,1,2026-06-01,1,4,10,103,8,4206,True,False
2361,1732,1,2026-06-23,1,4,10,103,8,4207,True,False
2362,1733,2,2026-03-25,1,4,9,98,7,4209,True,False
2363,1733,2,2026-03-12,1,4,9,98,7,4211,True,False
2364,1733,2,2026-03-25,1,4,9,98,7,4212,True,False
2365,1735,1,2025-04-08,1,4,10,104,7,4217,True,False
2366,1735,2,2025-03-29,1,4,10,104,7,4218,True,False
2367,1736,1,2026-04-22,1,9,23,250,18,4219,True,False
2368,1736,1,2026-05-05,1,9,23,250,18,4220,True,False
2369,1736,1,2026-04-23,1,9,23,250,18,4221,True,False
2370,1737,2,2026-07-31,1,4,10,106,8,4224,True,False
2371,1738,2,2025-11-13,1,17,48,545,34,4225,True,False
2372,1738,1,2025-11-07,1,17,48,545,34,4227,True,False
2373,1739,2,2026-04-19,1,4,10,103,7,4230,True,False
2374,1742,1,2026-06-10,1,11,30,341,21,4237,True,False
2375,1743,1,2026-05-16,1,10,28,313,20,4238,True,False
2376,1743,1,2026-05-22,1,10,28,313,20,4239,True,True
2377,1743,1,2026-06-03,1,10,28,313,20,4241,True,False
2378,1744,1,2024-08-08,1,3,6,72,6,4242,True,False
2379,1744,1,2024-08-22,1,3,6,72,6,4243,True,False
2380,1744,2,2024-08-22,1,3,6,72,6,4244,True,False
2381,1744,2,2024-08-27,1,3,6,72,6,4245,True,False
2382,1746,1,2025-12-25,1,19,55,642,38,4247,True,False
2383,1746,1,2025-12-18,1,19,55,642,38,4248,True,False
2384,1747,1,2026-01-31,1,1,1,14,2,4250,True,False
2385,1747,1,2026-01-09,1,1,1,14,2,4251,True,False
2386,1747,2,2026-01-17,1,1,1,14,2,4253,True,False
2387,1748,2,2025-11-04,1,3,5,61,6,4254,True,False
2388,1749,1,2026-01-07,1,15,40,457,29,4256,True,False
2389,1750,1,2024-11-15,1,19,53,618,38,4257,True,False
2390,1751,1,2024-11-01,1,1,1,6,2,4259,True,False
2391,1752,1,2026-04-10,1,9,22,242,17,4262,True,False
2392,1753,2,2025-07-23,1,23,70,815,45,4265,True,False
2393,1753,1,2025-07-25,1,23,70,815,45,4266,True,False
2394,1754,1,2025-07-30,1,4,10,105,8,4269,True,False
2395,1754,2,2025-08-17,1,4,10,105,8,4270,True,False
2396,1755,2,2025-08-08,1,3,6,64,5,4272,True,False
2397,1755,1,2025-08-10,1,3,6,64,5,4274,True,False
2398,1757,1,2026-03-27,1,12,31,353,24,4276,True,False
2399,1757,1,2026-04-06,1,12,31,353,24,4278,True,False
2400,1757,1,2026-04-01,1,12,31,353,24,4279,True,False
2401,1758,1,2024-11-14,1,4,10,104,8,4280,True,False
2402,1758,1,2024-11-13,1,4,10,104,8,4282,True,False
2403,1758,1,2024-11-11,1,4,10,104,8,4283,True,False
2404,1759,1,2026-04-16,1,4,11,120,8,4284,True,False
2405,1760,1,2026-02-16,1,4,11,116,8,4285,True,False
2406,1762,1,2024-08-20,1,12,31,350,23,4292,True,False
2407,1762,1,2024-08-30,1,12,31,350,23,4293,True,False
2408,1763,1,2025-09-03,1,4,9,95,8,4295,True,False
2409,1763,2,2025-08-15,1,4,9,95,8,4296,True,False
2410,1763,1,2025-09-02,1,4,9,95,8,4297,True,False
2411,1764,1,2025-05-27,1,4,10,104,8,4298,True,False
2412,1764,1,2025-05-10,1,4,10,104,8,4299,True,True
2413,1764,1,2025-06-01,1,4,10,104,8,4301,True,True
2414,1766,2,2025-12-05,1,4,11,119,8,4304,True,False
2415,1766,1,2025-12-09,1,4,11,119,8,4305,True,False
2416,1766,1,2025-12-03,1,4,11,119,8,4306,True,False
2417,1767,1,2024-08-09,1,4,10,111,8,4308,True,False
2418,1767,1,2024-08-11,1,4,10,111,8,4309,True,False
2419,1768,1,2025-02-24,1,1,2,28,1,4310,True,False
2420,1768,1,2025-03-01,1,1,2,28,1,4311,True,False
2421,1768,1,2025-02-25,1,1,2,28,1,4312,True,False
2422,1768,1,2025-02-02,1,1,2,28,1,4313,True,False
2423,1770,1,2025-02-11,1,16,42,482,31,4318,True,False
2424,1771,1,2025-11-24,1,9,26,294,18,4319,True,False
2425,1772,1,2026-02-12,1,26,80,932,52,4321,True,False
2426,1775,1,2025-04-29,1,29,89,1034,57,4328,True,False
2427,1776,1,2026-05-06,1,29,89,1036,57,4330,True,False
2428,1776,2,2026-05-20,1,29,89,1036,57,4331,True,False
2429,1776,1,2026-05-03,1,29,89,1036,57,4332,True,False
2430,1777,1,2024-12-20,1,19,52,603,38,4334,True,False
2431,1777,1,2024-12-19,1,19,52,603,38,4335,True,False
2432,1778,1,2025-07-21,1,4,10,102,8,4336,True,False
2433,1781,1,2025-02-09,1,15,39,452,30,4343,True,False
2434,1781,1,2025-02-08,1,15,39,452,30,4344,True,False
2435,1781,2,2025-01-29,1,15,39,452,30,4345,True,False
2436,1782,2,2025-07-20,1,22,64,748,44,4346,True,False
2437,1783,1,2025-09-19,1,7,19,206,13,4348,True,False
2438,1784,1,2026-07-09,1,16,41,479,32,4349,True,False
2439,1784,1,2026-07-04,1,16,41,479,32,4351,True,False
2440,1785,1,2025-05-12,1,7,18,202,13,4352,True,False
2441,1785,1,2025-04-27,1,7,18,202,13,4354,True,False
2442,1786,1,2026-05-01,1,1,2,19,1,4357,True,False
2443,1786,1,2026-04-09,1,1,2,19,1,4358,True,False
2444,1787,1,2026-07-04,1,5,13,133,9,4359,True,False
2445,1788,1,2026-06-07,1,1,1,13,2,4361,True,False
2446,1789,1,2024-11-12,1,21,62,721,42,4362,True,False
2447,1789,1,2024-11-24,1,21,62,721,42,4363,True,False
2448,1789,2,2024-12-07,1,21,62,721,42,4365,True,False
2449,1790,2,2026-02-22,1,15,40,466,30,4366,True,False
2450,1791,1,2025-07-11,1,11,29,319,21,4369,True,False
2451,1793,1,2025-11-09,1,27,82,956,53,4371,True,False
2452,1793,1,2025-11-08,1,27,82,956,53,4374,True,False
2453,1794,1,2026-05-01,1,4,10,111,7,4376,True,True
2454,1796,2,2025-10-07,1,10,27,300,19,4379,True,False
2455,1796,1,2025-11-01,1,10,27,300,19,4380,True,False
2456,1797,1,2025-04-23,1,10,28,305,19,4382,True,False
2457,1797,1,2025-04-11,1,10,28,305,19,4383,True,False
2458,1797,1,2025-04-21,1,10,28,305,19,4384,True,False
2459,1799,1,2025-12-13,1,17,45,517,34,4389,True,True
2460,1799,1,2025-12-19,1,17,45,517,34,4390,True,False
2461,1800,1,2025-07-24,1,11,30,332,22,4391,True,False
2462,1801,1,2026-07-29,1,5,14,144,10,4395,True,False
2463,1802,1,2026-04-26,1,3,5,63,5,4397,True,False
2464,1803,1,2024-07-15,1,27,84,980,53,4400,True,False
2465,1804,1,2025-07-07,1,27,84,975,54,4401,True,False
2466,1804,1,2025-06-26,1,27,84,975,54,4402,True,False
2467,1805,1,2025-05-13,1,6,17,183,12,4404,True,False
2468,1805,1,2025-05-25,1,6,17,183,12,4405,True,False
2469,1806,1,2026-02-17,1,16,41,479,32,4408,True,False
2470,1808,1,2025-11-23,1,4,11,116,8,4413,True,False
2471,1808,1,2025-11-04,1,4,11,116,8,4414,True,False
2472,1809,1,2025-04-26,1,3,6,65,5,4416,True,False
2473,1811,1,2025-11-19,1,4,11,112,7,4420,True,False
2474,1811,1,2025-11-11,1,4,11,112,7,4421,True,False
2475,1812,2,2026-04-24,1,4,11,114,8,4422,True,False
2476,1812,1,2026-04-18,1,4,11,114,8,4423,True,False
2477,1814,1,2025-02-27,1,4,9,97,8,4428,True,False
2478,1814,1,2025-03-04,1,4,9,97,8,4429,True,False
2479,1815,1,2025-10-01,1,28,88,1019,55,4431,True,False
2480,1816,1,2025-03-15,1,7,18,202,14,4434,True,False
2481,1817,1,2025-09-18,1,12,31,353,24,4436,True,False
2482,1817,1,2025-08-26,1,12,31,353,24,4437,True,False
2483,1817,1,2025-08-20,1,12,31,353,24,4438,True,False
2484,1818,1,2024-09-04,1,13,34,380,25,4440,True,False
2485,1818,1,2024-09-24,1,13,34,380,25,4441,True,False
2486,1818,1,2024-09-21,1,13,34,380,25,4442,True,False
2487,1818,2,2024-09-22,1,13,34,380,25,4443,True,False
2488,1819,1,2025-07-18,1,5,13,133,9,4446,True,False
2489,1821,1,2025-01-28,1,3,5,55,6,4449,True,False
2490,1821,1,2025-01-21,1,3,5,55,6,4450,True,False
2491,1824,1,2025-05-22,1,2,3,35,4,4455,True,False
2492,1824,1,2025-05-17,1,2,3,35,4,4456,True,False
2493,1824,1,2025-05-05,1,2,3,35,4,4457,True,False
2494,1824,1,2025-05-03,1,2,3,35,4,4458,True,False
2495,1825,1,2026-01-08,1,24,74,865,48,4459,True,False
2496,1825,1,2026-01-05,1,24,74,865,48,4460,True,False
2497,1825,1,2026-01-05,1,24,74,865,48,4461,True,False
2498,1826,1,2024-09-28,1,30,91,1050,59,4462,True,False
2499,1826,1,2024-10-12,1,30,91,1050,59,4463,True,False
2500,1827,2,2025-03-02,1,3,7,77,5,4465,True,False
2501,1827,1,2025-02-14,1,3,7,77,5,4466,True,False
2502,1828,1,2026-01-20,1,1,2,22,2,4467,True,False
2503,1828,1,2026-01-22,1,1,2,22,2,4468,True,False
2504,1829,1,2025-09-25,1,28,86,1004,55,4469,True,False
2505,1829,1,2025-10-03,1,28,86,1004,55,4470,True,False
2506,1829,2,2025-09-08,1,28,86,1004,55,4471,True,True
2507,1829,1,2025-09-08,1,28,86,1004,55,4472,True,False
2508,1832,1,2026-03-04,1,3,7,81,6,4476,True,False
2509,1833,2,2024-11-02,1,2,4,48,4,4477,True,False
2510,1833,1,2024-11-01,1,2,4,48,4,4478,True,False
2511,1833,1,2024-11-15,1,2,4,48,4,4479,True,False
2512,1833,1,2024-10-22,1,2,4,48,4,4480,True,False
2513,1834,1,2024-10-08,1,7,19,215,13,4481,True,False
2514,1834,1,2024-10-14,1,7,19,215,13,4483,True,False
2515,1835,1,2025-08-24,1,29,90,1039,57,4484,True,False
2516,1835,2,2025-09-09,1,29,90,1039,57,4485,True,False
2517,1835,1,2025-09-02,1,29,90,1039,57,4486,True,True
2518,1836,1,2025-09-07,1,4,10,106,8,4487,True,False
2519,1838,2,2025-03-05,1,15,40,462,29,4491,True,False
2520,1839,2,2026-04-13,1,4,10,103,8,4494,True,False
2521,1840,1,2024-07-26,1,1,2,26,2,4495,True,False
2522,1840,1,2024-08-08,1,1,2,26,2,4497,True,False
2523,1841,1,2026-04-20,1,4,9,94,8,4501,True,False
2524,1842,2,2026-02-06,1,4,10,106,8,4502,True,False
2525,1843,2,2024-10-10,1,25,75,880,49,4504,True,False
2526,1844,1,2024-08-04,1,4,9,101,8,4505,True,False
2527,1844,1,2024-08-05,1,4,9,101,8,4506,True,False
2528,1844,1,2024-07-27,1,4,9,101,8,4507,True,False
2529,1844,2,2024-07-30,1,4,9,101,8,4508,True,False
2530,1845,1,2025-09-10,1,12,32,363,24,4509,True,False
2531,1847,1,2026-07-20,1,4,10,110,7,4514,True,False
2532,1847,1,2026-07-28,1,4,10,110,7,4515,True,False
2533,1847,1,2026-07-01,1,4,10,110,7,4516,True,False
2534,1848,1,2026-01-19,1,23,67,780,46,4517,True,False
2535,1849,1,2025-11-03,1,16,41,472,31,4518,True,False
2536,1850,1,2025-06-22,1,3,5,57,6,4520,True,False
2537,1850,1,2025-06-16,1,3,5,57,6,4521,True,False
2538,1851,2,2024-08-28,1,23,66,767,45,4523,True,False
2539,1851,1,2024-08-30,1,23,66,767,45,4524,True,False
2540,1852,1,2026-05-25,1,8,21,231,16,4527,True,False
2541,1853,2,2025-09-23,1,4,9,100,8,4530,True,False
2542,1853,1,2025-09-30,1,4,9,100,8,4532,True,False
2543,1853,1,2025-09-14,1,4,9,100,8,4533,True,False
2544,1855,2,2025-05-29,1,5,13,139,9,4537,True,False
2545,1855,1,2025-05-28,1,5,13,139,9,4539,True,False
2546,1857,1,2025-11-05,1,19,56,650,37,4542,True,False
2547,1858,1,2025-09-05,1,7,19,214,14,4548,True,False
2548,1859,1,2025-09-20,1,4,9,101,7,4551,True,False
2549,1859,1,2025-09-21,1,4,9,101,7,4552,True,False
2550,1860,1,2025-04-16,1,21,62,725,42,4553,True,False
2551,1861,1,2025-03-09,1,12,31,353,23,4554,True,False
2552,1864,1,2024-11-06,1,4,10,109,7,4558,True,False
2553,1864,1,2024-10-19,1,4,10,109,7,4559,True,False
2554,1865,1,2026-05-03,1,17,47,541,34,4560,True,False
2555,1865,1,2026-05-18,1,17,47,541,34,4561,True,False
2556,1865,1,2026-05-02,1,17,47,541,34,4562,True,False
2557,1865,2,2026-05-14,1,17,47,541,34,4563,True,False
2558,1867,1,2026-02-05,1,10,28,311,20,4565,True,False
2559,1867,2,2026-01-25,1,10,28,311,20,4567,True,False
2560,1869,2,2025-12-11,1,4,10,110,8,4572,True,True
2561,1872,1,2025-11-14,1,1,1,9,1,4576,True,False
2562,1872,1,2025-11-28,1,1,1,9,1,4578,True,False
2563,1873,1,2025-08-09,1,16,42,490,31,4579,True,False
2564,1873,1,2025-08-06,1,16,42,490,31,4580,True,False
2565,1875,1,2026-05-27,1,4,11,120,7,4582,True,False
2566,1875,1,2026-05-11,1,4,11,120,7,4584,True,True
2567,1875,2,2026-05-26,1,4,11,120,7,4585,True,False
2568,1876,1,2026-04-12,1,4,11,114,7,4586,True,False
2569,1877,1,2025-05-23,1,13,33,375,25,4592,True,False
2570,1877,2,2025-06-03,1,13,33,375,25,4593,True,False
2571,1878,2,2026-03-14,1,8,20,218,15,4594,True,False
2572,1879,1,2026-02-15,1,23,66,766,46,4595,True,False
2573,1879,1,2026-02-11,1,23,66,766,46,4596,True,False
2574,1880,1,2026-06-25,1,4,10,108,8,4597,True,False
2575,1881,1,2025-04-08,1,7,19,212,13,4598,True,False
2576,1881,1,2025-04-15,1,7,19,212,13,4599,True,False
2577,1882,1,2026-03-07,1,23,67,780,45,4601,True,False
2578,1883,1,2024-09-17,1,12,32,366,23,4604,True,False
2579,1883,2,2024-09-06,1,12,32,366,23,4605,True,False
2580,1883,2,2024-09-17,1,12,32,366,23,4606,True,False
2581,1885,1,2024-08-15,1,4,11,114,7,4611,True,False
2582,1885,1,2024-08-22,1,4,11,114,7,4614,True,False
2583,1886,1,2025-04-20,1,3,6,65,6,4616,True,False
2584,1887,1,2024-11-24,1,30,92,1073,60,4619,True,False
2585,1888,1,2025-02-14,1,28,85,990,56,4621,True,False
2586,1888,1,2025-02-27,1,28,85,990,56,4622,True,False
2587,1890,1,2025-11-04,1,4,9,100,8,4628,True,False
2588,1891,1,2024-08-26,1,6,17,192,12,4629,True,False
2589,1891,2,2024-08-18,1,6,17,192,12,4630,True,False
2590,1893,1,2025-08-18,1,25,77,901,50,4634,True,False
2591,1894,1,2025-01-25,1,4,11,120,7,4636,True,False
2592,1894,1,2025-02-09,1,4,11,120,7,4637,True,True
2593,1895,1,2025-01-21,1,3,5,57,5,4639,True,False
2594,1896,1,2024-10-01,1,15,40,464,30,4643,True,False
2595,1897,1,2026-07-17,1,28,87,1010,56,4646,True,False
2596,1898,2,2025-06-16,1,8,21,234,15,4647,True,False
2597,1898,1,2025-07-01,1,8,21,234,15,4648,True,False
2598,1900,1,2025-01-15,1,4,10,106,7,4652,True,False
2599,1901,1,2026-03-03,1,15,40,466,29,4655,True,False
2600,1901,1,2026-03-19,1,15,40,466,29,4658,True,False
2601,1902,2,2026-04-28,1,4,9,98,8,4659,True,False
2602,1902,1,2026-04-13,1,4,9,98,8,4660,True,False
2603,1902,1,2026-04-30,1,4,9,98,8,4661,True,False
2604,1903,2,2024-09-19,1,9,22,239,17,4662,True,False
2605,1903,2,2024-09-12,1,9,22,239,17,4663,True,False
2606,1903,2,2024-08-28,1,9,22,239,17,4664,True,False
2607,1904,1,2026-01-02,1,3,8,89,6,4666,True,False
2608,1905,1,2026-01-04,1,4,11,119,8,4668,True,False
2609,1905,1,2025-12-15,1,4,11,119,8,4670,True,False
2610,1906,2,2025-12-01,1,4,11,118,8,4671,True,False
2611,1906,2,2025-12-06,1,4,11,118,8,4673,True,False
2612,1908,1,2026-02-10,1,29,90,1043,57,4678,True,False
2613,1908,2,2026-01-26,1,29,90,1043,57,4679,True,False
2614,1908,1,2026-01-23,1,29,90,1043,57,4680,True,False
2615,1909,2,2026-06-07,1,2,3,37,4,4681,True,False
2616,1910,1,2026-06-13,1,4,9,93,8,4682,True,False
2617,1911,1,2024-10-10,1,4,11,115,7,4684,True,False
2618,1912,2,2025-05-02,1,10,27,297,20,4685,True,False
2619,1914,1,2026-05-21,1,13,33,377,25,4690,True,False
2620,1914,2,2026-05-23,1,13,33,377,25,4691,True,False
2621,1914,2,2026-05-27,1,13,33,377,25,4692,True,False
2622,1915,2,2025-02-14,1,12,32,363,24,4693,True,False
2623,1916,1,2025-04-19,1,4,11,119,7,4695,True,False
2624,1917,1,2026-05-01,1,4,10,111,8,4696,True,False
2625,1917,1,2026-04-21,1,4,10,111,8,4697,True,False
2626,1920,1,2026-03-20,1,4,10,103,7,4703,True,False
2627,1920,1,2026-03-12,1,4,10,103,7,4704,True,False
2628,1921,1,2025-04-04,1,4,11,120,7,4705,True,False
2629,1922,2,2024-09-23,1,26,79,918,51,4709,True,False
2630,1923,1,2026-06-05,1,26,79,923,52,4711,True,False
2631,1923,1,2026-05-25,1,26,79,923,52,4712,True,False
2632,1923,1,2026-05-27,1,26,79,923,52,4713,True,False
2633,1924,1,2025-10-27,1,12,32,364,23,4714,True,False
2634,1924,2,2025-11-08,1,12,32,364,23,4715,True,False
2635,1925,2,2026-04-08,1,3,8,87,5,4719,True,False
2636,1925,2,2026-04-05,1,3,8,87,5,4720,True,False
2637,1926,1,2025-11-03,1,29,89,1035,58,4721,True,False
2638,1927,1,2025-11-16,1,8,21,235,16,4725,True,False
2639,1928,1,2024-09-01,1,23,66,771,46,4726,True,False
2640,1930,1,2026-07-14,1,4,10,111,8,4728,True,False
2641,1931,2,2025-04-06,1,16,43,493,31,4729,True,False
2642,1931,2,2025-04-22,1,16,43,493,31,4730,True,False
2643,1932,1,2024-11-25,1,23,70,814,46,4731,True,False
2644,1934,1,2025-02-11,1,12,31,351,24,4734,True,False
2645,1934,1,2025-01-12,1,12,31,351,24,4735,True,False
2646,1934,1,2025-01-15,1,12,31,351,24,4736,True,False
2647,1935,2,2025-12-07,1,4,10,106,7,4737,True,False
2648,1935,1,2025-12-04,1,4,10,106,7,4738,True,False
2649,1935,1,2025-11-14,1,4,10,106,7,4740,True,False
2650,1936,1,2025-08-27,1,4,11,118,7,4741,True,False
2651,1936,2,2025-08-31,1,4,11,118,7,4742,True,False
2652,1937,1,2024-08-04,1,30,92,1064,60,4745,True,False
2653,1938,1,2026-03-02,1,4,11,119,7,4746,True,False
2654,1940,1,2025-09-21,1,4,10,109,8,4751,True,False
2655,1942,1,2025-05-26,1,1,1,2,1,4754,True,False
2656,1942,1,2025-06-03,1,1,1,2,1,4755,True,False
2657,1943,1,2025-08-24,1,3,8,87,5,4756,True,False
2658,1943,2,2025-08-04,1,3,8,87,5,4757,True,False
2659,1943,2,2025-09-03,1,3,8,87,5,4758,True,False
2660,1944,1,2026-05-01,1,4,9,94,8,4760,True,False
2661,1944,1,2026-05-07,1,4,9,94,8,4761,True,False
2662,1946,2,2024-09-04,1,20,60,700,40,4764,True,False
2663,1946,1,2024-09-09,1,20,60,700,40,4765,True,False
2664,1948,1,2026-06-02,1,4,11,118,8,4770,True,False
2665,1952,1,2025-04-25,1,18,49,570,35,4778,True,False
2666,1952,1,2025-05-05,1,18,49,570,35,4779,True,False
2667,1953,1,2024-11-15,1,2,4,48,4,4780,True,False
2668,1953,1,2024-11-25,1,2,4,48,4,4781,True,False
2669,1954,1,2026-01-07,1,4,11,112,8,4782,True,False
2670,1954,1,2025-12-27,1,4,11,112,8,4784,True,False
2671,1955,1,2025-10-16,1,4,10,103,7,4787,True,False
2672,1955,2,2025-11-03,1,4,10,103,7,4788,True,False
2673,1955,1,2025-10-23,1,4,10,103,7,4789,True,False
2674,1956,1,2025-01-11,1,23,69,804,45,4791,True,False
2675,1956,1,2025-01-02,1,23,69,804,45,4792,True,False
2676,1957,1,2026-01-15,1,4,9,96,7,4793,True,False
2677,1958,1,2024-08-06,1,20,59,691,40,4794,True,False
2678,1958,1,2024-07-27,1,20,59,691,40,4795,True,False
2679,1958,1,2024-07-23,1,20,59,691,40,4796,True,False
2680,1959,1,2025-01-17,1,3,5,54,5,4798,True,False
2681,1961,1,2026-05-19,1,4,11,114,8,4802,True,False
2682,1961,1,2026-05-20,1,4,11,114,8,4803,True,False
2683,1962,1,2025-07-19,1,11,29,329,21,4805,True,False
2684,1962,1,2025-07-31,1,11,29,329,21,4806,True,False
2685,1963,1,2026-05-19,1,12,31,357,24,4807,True,False
2686,1964,1,2025-08-14,1,9,22,240,18,4808,True,False
2687,1964,1,2025-08-02,1,9,22,240,18,4809,True,False
2688,1964,1,2025-08-20,1,9,22,240,18,4810,True,False
2689,1965,1,2025-01-24,1,4,9,100,8,4811,True,False
2690,1966,1,2025-05-07,1,6,17,190,11,4815,True,False
2691,1968,1,2025-08-11,1,4,11,119,8,4818,True,False
2692,1968,1,2025-08-27,1,4,11,119,8,4820,True,False
2693,1969,1,2026-03-30,1,11,29,320,22,4821,True,False
2694,1970,2,2026-02-10,1,17,47,543,33,4822,True,False
2695,1970,1,2026-02-18,1,17,47,543,33,4823,True,False
2696,1970,1,2026-02-17,1,17,47,543,33,4824,True,False
2697,1971,1,2025-01-14,1,4,11,112,7,4827,True,False
2698,1972,2,2025-11-22,1,21,61,710,42,4828,True,False
2699,1972,1,2025-12-08,1,21,61,710,42,4829,True,False
2700,1973,1,2026-03-05,1,4,10,111,8,4832,True,False
2701,1973,2,2026-03-20,1,4,10,111,8,4834,True,False
2702,1974,1,2024-11-26,1,17,44,506,33,4835,True,False
2703,1975,1,2024-10-11,1,7,18,193,13,4839,True,False
2704,1976,1,2025-08-09,1,16,42,482,32,4840,True,False
2705,1976,2,2025-07-22,1,16,42,482,32,4841,True,False
2706,1978,1,2025-04-01,1,18,51,585,35,4846,True,False
2707,1978,1,2025-03-30,1,18,51,585,35,4847,True,False
2708,1979,1,2026-03-28,1,15,39,445,29,4848,True,False
2709,1979,1,2026-04-03,1,15,39,445,29,4849,True,False
2710,1979,1,2026-03-31,1,15,39,445,29,4851,True,False
2711,1980,1,2026-02-15,1,4,9,93,7,4852,True,False
2712,1980,1,2026-01-30,1,4,9,93,7,4853,True,False
2713,1980,1,2026-02-18,1,4,9,93,7,4854,True,False
2714,1981,1,2025-03-26,1,4,10,103,8,4856,True,False
2715,1982,1,2026-02-19,1,23,68,791,46,4857,True,False
2716,1983,1,2026-06-11,1,6,17,185,12,4861,True,False
2717,1984,2,2026-04-05,1,11,30,332,22,4863,True,False
2718,1985,1,2024-11-30,1,29,90,1043,58,4865,True,False
2719,1985,1,2024-12-26,1,29,90,1043,58,4866,True,False
2720,1985,1,2024-12-29,1,29,90,1043,58,4867,True,False
2721,1986,1,2025-05-02,1,25,78,908,49,4869,True,False
2722,1988,1,2026-05-25,1,28,88,1025,56,4876,True,False
2723,1990,1,2025-12-17,1,16,43,505,31,4880,True,False
2724,1990,2,2025-12-17,1,16,43,505,31,4881,True,False
2725,1991,1,2025-09-02,1,1,1,14,2,4884,True,False
2726,1992,1,2024-10-21,1,3,6,74,5,4888,True,False
2727,1993,1,2025-11-10,1,19,56,657,38,4890,True,False
2728,1994,1,2024-10-01,1,1,1,4,2,4891,True,False
2729,1995,1,2024-12-01,1,4,11,113,7,4893,True,False
2730,1997,1,2025-10-29,1,4,10,104,7,4896,True,False
2731,1997,1,2025-10-29,1,4,10,104,7,4897,True,False
2732,1997,1,2025-10-20,1,4,10,104,7,4898,True,False
2733,2000,2,2025-12-16,1,26,81,945,52,4902,True,False
2734,2000,1,2025-12-08,1,26,81,945,52,4903,True,False
2735,2001,1,2026-03-26,1,3,8,87,5,4904,True,False
2736,2002,1,2024-10-28,1,5,14,143,10,4906,True,False
2737,2003,1,2025-02-06,1,14,38,435,28,4907,True,False
2738,2003,1,2025-01-24,1,14,38,435,28,4908,True,False
2739,2004,1,2025-10-24,1,12,32,361,23,4910,True,False
2740,2004,2,2025-10-24,1,12,32,361,23,4911,True,False
2741,2005,1,2025-12-02,1,17,46,531,33,4913,True,True
2742,2006,2,2026-02-11,1,4,9,95,7,4914,True,False
2743,2006,1,2026-02-28,1,4,9,95,7,4915,True,False
2744,2007,1,2026-03-30,1,4,9,100,7,4916,True,False
2745,2008,2,2026-03-08,1,4,9,101,8,4918,True,False
2746,2008,1,2026-03-23,1,4,9,101,8,4919,True,False
2747,2008,1,2026-04-04,1,4,9,101,8,4920,True,False
2748,2009,1,2026-05-09,1,16,43,504,31,4921,True,False
2749,2010,2,2025-09-19,1,3,7,81,6,4924,True,False
2750,2011,1,2026-07-16,1,4,11,115,8,4928,True,False
2751,2011,1,2026-07-06,1,4,11,115,8,4930,True,False
2752,2013,1,2025-04-13,1,18,51,594,35,4932,True,False
2753,2015,1,2025-01-27,1,3,7,78,6,4936,True,False
2754,2015,1,2025-01-13,1,3,7,78,6,4937,True,False
2755,2015,1,2025-01-20,1,3,7,78,6,4938,True,False
2756,2015,1,2025-01-11,1,3,7,78,6,4939,True,False
2757,2016,1,2024-09-30,1,4,10,109,8,4941,True,False
2758,2016,1,2024-09-22,1,4,10,109,8,4942,True,False
2759,2017,1,2025-05-08,1,25,77,901,50,4943,True,False
2760,2018,1,2025-02-09,1,4,10,109,8,4944,True,False
2761,2018,1,2025-02-06,1,4,10,109,8,4946,True,False
2762,2019,1,2025-11-12,1,3,6,69,5,4947,True,False
2763,2019,1,2025-11-08,1,3,6,69,5,4948,True,False
2764,2019,1,2025-11-16,1,3,6,69,5,4950,True,False
2765,2020,1,2025-11-06,1,13,35,391,25,4951,True,False
2766,2020,2,2025-10-23,1,13,35,391,25,4954,True,False
2767,2021,1,2025-04-17,1,18,50,576,36,4956,True,False
2768,2021,1,2025-05-01,1,18,50,576,36,4957,True,False
2769,2022,2,2025-05-18,1,4,11,119,7,4958,True,False
2770,2022,1,2025-05-15,1,4,11,119,7,4959,True,False
2771,2024,2,2025-06-10,1,15,39,447,30,4962,True,False
2772,2024,2,2025-05-19,1,15,39,447,30,4963,True,False
2773,2025,1,2025-01-10,1,1,2,15,2,4964,True,False
2774,2026,1,2026-07-29,1,1,2,25,1,4966,True,False
2775,2026,1,2026-07-08,1,1,2,25,1,4967,True,False
2776,2026,2,2026-07-11,1,1,2,25,1,4968,True,False
2777,2027,1,2024-08-22,1,5,13,138,10,4970,True,False
2778,2027,1,2024-08-28,1,5,13,138,10,4971,True,False
2779,2028,1,2025-05-20,1,22,63,730,44,4972,True,False
2780,2028,1,2025-05-18,1,22,63,730,44,4973,True,False
2781,2028,2,2025-05-04,1,22,63,730,44,4974,True,False
2782,2029,1,2025-02-21,1,4,11,115,7,4977,True,False
2783,2031,1,2026-04-01,1,4,11,116,8,4983,True,False
2784,2031,1,2026-03-29,1,4,11,116,8,4984,True,False
2785,2033,1,2024-09-09,1,1,1,9,2,4986,True,False
2786,2033,1,2024-09-18,1,1,1,9,2,4987,True,False
2787,2033,1,2024-09-08,1,1,1,9,2,4988,True,False
2788,2033,1,2024-09-08,1,1,1,9,2,4989,True,False
2789,2036,1,2024-10-26,1,29,89,1029,57,4992,True,False
2790,2036,1,2024-11-12,1,29,89,1029,57,4993,True,False
2791,2036,2,2024-11-09,1,29,89,1029,57,4994,True,False
2792,2036,1,2024-11-23,1,29,89,1029,57,4995,True,False
2793,2037,1,2024-12-27,1,4,9,97,7,4996,True,False
2794,2038,2,2025-10-10,1,17,48,554,33,4999,True,False
2795,2038,2,2025-09-22,1,17,48,554,33,5000,True,False
2796,2039,1,2026-03-20,1,13,35,396,25,5001,True,False
2797,2040,1,2026-02-17,1,30,91,1050,59,5002,True,False
2798,2040,1,2026-02-20,1,30,91,1050,59,5004,True,False
2799,2040,1,2026-01-28,1,30,91,1050,59,5005,True,False
2800,2041,1,2026-05-21,1,4,11,113,7,5006,True,False
2801,2041,2,2026-05-15,1,4,11,113,7,5007,True,False
2802,2044,1,2025-02-20,1,4,10,111,7,5013,True,False
2803,2045,1,2025-09-25,1,16,41,470,32,5014,True,False
2804,2045,1,2025-09-13,1,16,41,470,32,5017,True,False
2805,2046,1,2025-03-03,1,27,84,982,53,5018,True,False
2806,2047,1,2026-05-05,1,4,9,99,7,5019,True,False
2807,2047,1,2026-05-08,1,4,9,99,7,5020,True,False
2808,2047,1,2026-05-04,1,4,9,99,7,5021,True,False
2809,2050,1,2025-11-12,1,7,19,213,14,5027,True,False
2810,2052,1,2026-03-10,1,22,64,741,44,5029,True,False
2811,2052,1,2026-02-24,1,22,64,741,44,5030,True,False
2812,2052,2,2026-02-27,1,22,64,741,44,5031,True,False
2813,2053,1,2026-05-26,1,4,9,94,8,5033,True,False
2814,2054,1,2026-03-07,1,4,11,116,8,5038,True,False
2815,2055,2,2025-04-22,1,29,90,1038,58,5039,True,False
2816,2056,1,2024-10-14,1,6,16,168,12,5041,True,False
2817,2056,1,2024-10-19,1,6,16,168,12,5042,True,False
2818,2056,1,2024-10-13,1,6,16,168,12,5043,True,False
2819,2057,1,2024-11-15,1,15,40,458,30,5046,True,False
2820,2058,1,2026-02-03,1,3,6,72,5,5047,True,False
2821,2058,1,2026-02-12,1,3,6,72,5,5049,True,False
2822,2060,1,2025-02-06,1,4,9,101,7,5051,True,True
2823,2060,1,2025-01-21,1,4,9,101,7,5053,True,False
2824,2061,1,2025-02-01,1,3,6,68,5,5054,True,False
2825,2061,2,2025-02-13,1,3,6,68,5,5055,True,False
2826,2062,1,2024-10-02,1,2,4,49,3,5060,True,False
2827,2064,1,2025-02-24,1,4,11,115,8,5066,True,False
2828,2065,1,2025-07-10,1,4,11,116,7,5068,True,False
2829,2065,1,2025-06-14,1,4,11,116,7,5070,True,False
2830,2067,2,2026-03-17,1,4,10,103,8,5074,True,False
2831,2069,1,2025-03-20,1,3,5,60,5,5077,True,False
2832,2069,1,2025-03-11,1,3,5,60,5,5078,True,False
2833,2069,1,2025-03-15,1,3,5,60,5,5079,True,False
2834,2070,1,2025-05-14,1,4,9,96,7,5082,True,False
2835,2072,1,2026-03-14,1,4,9,98,7,5087,True,False
2836,2073,1,2025-08-01,1,17,44,506,34,5090,True,False
2837,2074,1,2024-12-14,1,29,90,1042,58,5094,True,False
2838,2075,1,2026-03-17,1,4,10,111,7,5095,True,False
2839,2075,1,2026-04-03,1,4,10,111,7,5097,True,False
2840,2075,1,2026-03-16,1,4,10,111,7,5098,True,False
2841,2076,2,2026-04-16,1,13,33,374,26,5100,True,False
2842,2078,1,2025-07-04,1,25,76,885,49,5103,True,False
2843,2078,2,2025-06-29,1,25,76,885,49,5104,True,False
2844,2078,1,2025-07-16,1,25,76,885,49,5105,True,False
2845,2079,1,2025-10-14,1,21,61,707,41,5106,True,False
2846,2080,1,2025-12-08,1,17,47,542,34,5109,True,False
2847,2082,1,2025-01-14,1,28,86,1000,55,5113,True,False
2848,2082,1,2025-01-24,1,28,86,1000,55,5114,True,False
2849,2084,1,2025-02-14,1,1,1,11,2,5118,True,False
2850,2086,1,2026-07-23,1,14,36,415,27,5124,True,False
2851,2087,1,2025-12-14,1,16,43,497,31,5125,True,False
2852,2088,1,2025-06-21,1,8,21,231,16,5127,True,False
2853,2089,1,2025-12-19,1,18,49,563,36,5129,True,False
2854,2089,1,2025-12-23,1,18,49,563,36,5130,True,False
2855,2090,1,2026-04-07,1,4,11,120,7,5132,True,False
2856,2090,1,2026-03-28,1,4,11,120,7,5133,True,False
2857,2091,1,2025-01-27,1,4,9,97,7,5137,True,False
2858,2093,1,2024-11-19,1,23,69,796,46,5140,True,False
2859,2093,1,2024-11-04,1,23,69,796,46,5141,True,False
2860,2093,1,2024-11-16,1,23,69,796,46,5142,True,False
2861,2094,2,2025-11-11,1,4,11,114,8,5144,True,False
2862,2095,1,2025-05-20,1,29,90,1038,58,5146,True,False
2863,2097,1,2025-08-07,1,12,32,366,23,5149,True,False
2864,2098,1,2026-05-06,1,3,8,91,6,5151,True,False
2865,2099,2,2026-03-20,1,14,38,432,28,5157,True,False
2866,2100,1,2026-02-12,1,28,87,1005,55,5159,True,False
2867,2101,2,2026-04-23,1,4,10,108,7,5160,True,False
2868,2104,1,2024-10-25,1,4,11,112,7,5165,True,False
2869,2104,1,2024-10-24,1,4,11,112,7,5166,True,False
2870,2105,2,2024-11-09,1,2,3,31,4,5167,True,False
2871,2105,1,2024-11-23,1,2,3,31,4,5169,True,False
2872,2106,1,2025-09-27,1,12,32,360,24,5171,True,False
2873,2107,2,2025-04-04,1,29,90,1041,58,5172,True,False
2874,2107,1,2025-04-08,1,29,90,1041,58,5173,True,False
2875,2108,1,2025-06-23,1,25,76,884,49,5175,True,False
2876,2108,1,2025-06-26,1,25,76,884,49,5176,True,False
2877,2109,2,2026-06-28,1,4,11,114,7,5180,True,False
2878,2109,1,2026-07-10,1,4,11,114,7,5181,True,False
2879,2109,1,2026-07-14,1,4,11,114,7,5182,True,False
2880,2111,1,2026-02-23,1,4,9,95,8,5184,True,False
2881,2111,1,2026-02-10,1,4,9,95,8,5185,True,False
2882,2112,1,2026-08-01,1,4,9,99,8,5187,True,False
2883,2112,2,2026-07-21,1,4,9,99,8,5188,True,False
2884,2113,1,2026-06-05,1,4,11,113,8,5189,True,False
2885,2113,1,2026-06-03,1,4,11,113,8,5191,True,False
2886,2113,1,2026-06-02,1,4,11,113,8,5192,True,False
2887,2114,1,2025-03-17,1,1,1,12,1,5194,True,False
2888,2114,1,2025-04-10,1,1,1,12,1,5196,True,False
2889,2115,1,2025-03-07,1,9,23,253,18,5197,True,False
2890,2115,1,2025-03-08,1,9,23,253,18,5199,True,False
2891,2116,1,2025-12-05,1,24,73,849,47,5201,True,False
2892,2116,1,2025-11-29,1,24,73,849,47,5202,True,False
2893,2117,1,2026-03-09,1,7,19,210,14,5203,True,False
2894,2117,2,2026-02-21,1,7,19,210,14,5204,True,False
2895,2117,2,2026-02-19,1,7,19,210,14,5205,True,False
2896,2119,1,2024-12-22,1,26,80,936,51,5211,True,False
2897,2121,2,2024-12-27,1,23,66,767,46,5214,True,False
2898,2122,1,2025-02-16,1,10,27,297,20,5216,True,False
2899,2122,2,2025-02-18,1,10,27,297,20,5217,True,False
2900,2123,2,2026-07-06,1,4,11,115,8,5219,True,False
2901,2124,1,2026-03-20,1,4,9,101,8,5220,True,False
2902,2124,1,2026-03-07,1,4,9,101,8,5221,True,True
2903,2124,1,2026-03-15,1,4,9,101,8,5223,True,False
2904,2125,1,2026-02-19,1,4,11,119,8,5224,True,False
2905,2127,1,2025-06-05,1,19,52,600,38,5228,True,False
2906,2127,2,2025-05-25,1,19,52,600,38,5229,True,False
2907,2129,1,2026-08-08,1,18,49,564,36,5231,True,False
2908,2130,1,2024-08-25,1,8,21,237,16,5232,True,False
2909,2131,1,2026-04-25,1,4,9,99,7,5235,True,False
2910,2132,1,2024-10-14,1,1,1,10,1,5238,True,False
2911,2132,1,2024-10-13,1,1,1,10,1,5239,True,False
2912,2132,1,2024-11-04,1,1,1,10,1,5240,True,False
2913,2132,1,2024-10-17,1,1,1,10,1,5241,True,False
2914,2133,1,2025-07-04,1,4,10,106,7,5242,True,False
2915,2134,1,2025-11-04,1,4,11,116,8,5245,True,False
2916,2136,1,2025-12-09,1,14,38,434,27,5247,True,False
2917,2136,1,2025-12-27,1,14,38,434,27,5248,True,False
2918,2137,1,2025-09-03,1,30,92,1064,59,5251,True,False
2919,2138,1,2024-09-07,1,4,10,111,8,5252,True,False
2920,2139,1,2026-03-12,1,1,1,4,2,5254,True,False
2921,2141,1,2025-08-19,1,27,82,953,54,5258,True,False
2922,2141,1,2025-08-16,1,27,82,953,54,5259,True,False
2923,2142,1,2025-01-04,1,4,9,100,8,5260,True,False
2924,2143,1,2024-09-12,1,26,80,941,51,5261,True,False
2925,2143,1,2024-09-19,1,26,80,941,51,5262,True,False
2926,2144,1,2024-10-05,1,2,3,36,4,5266,True,False
2927,2146,1,2026-05-30,1,4,9,97,7,5270,True,False
2928,2149,1,2026-02-12,1,1,2,28,2,5275,True,True
2929,2149,1,2026-03-09,1,1,2,28,2,5276,True,False
2930,2151,2,2025-03-05,1,4,10,104,7,5279,True,False
2931,2151,2,2025-02-09,1,4,10,104,7,5281,True,False
2932,2153,2,2024-11-14,1,9,22,245,17,5285,True,False
2933,2153,2,2024-11-09,1,9,22,245,17,5287,True,False
2934,2154,2,2026-02-07,1,4,10,110,8,5289,True,False
2935,2155,1,2025-03-29,1,12,32,364,24,5292,True,False
2936,2156,1,2024-11-03,1,25,75,878,50,5294,True,False
2937,2156,1,2024-10-18,1,25,75,878,50,5296,True,False
2938,2158,1,2024-12-24,1,3,7,82,5,5299,True,False
2939,2158,1,2024-12-30,1,3,7,82,5,5300,True,False
2940,2159,1,2024-10-06,1,11,30,336,22,5301,True,False
2941,2159,1,2024-09-09,1,11,30,336,22,5303,True,False
2942,2160,2,2026-02-18,1,17,45,516,34,5304,True,False
2943,2160,1,2026-03-14,1,17,45,516,34,5305,True,False
2944,2160,1,2026-03-02,1,17,45,516,34,5306,True,False
2945,2161,1,2026-03-14,1,5,12,127,9,5310,True,False
2946,2161,1,2026-03-04,1,5,12,127,9,5311,True,False
2947,2162,1,2024-12-23,1,12,32,363,23,5312,True,False
2948,2163,1,2024-10-22,1,5,13,135,10,5313,True,False
2949,2163,1,2024-10-01,1,5,13,135,10,5315,True,False
2950,2163,1,2024-09-23,1,5,13,135,10,5316,True,False
2951,2164,2,2026-06-06,1,4,10,102,7,5317,True,False
2952,2164,1,2026-06-01,1,4,10,102,7,5318,True,False
2953,2165,1,2024-11-13,1,1,1,12,2,5319,True,False
2954,2165,1,2024-11-16,1,1,1,12,2,5320,True,False
2955,2165,1,2024-12-02,1,1,1,12,2,5321,True,False
2956,2167,1,2024-10-18,1,4,9,95,7,5325,True,False
2957,2167,1,2024-11-03,1,4,9,95,7,5326,True,False
2958,2169,1,2025-04-22,1,13,33,371,26,5328,True,False
2959,2169,1,2025-04-18,1,13,33,371,26,5330,True,False
2960,2170,1,2024-10-15,1,3,5,62,6,5331,True,False
2961,2170,1,2024-09-28,1,3,5,62,6,5332,True,False
2962,2171,1,2026-04-27,1,13,35,394,26,5333,True,False
2963,2171,2,2026-04-12,1,13,35,394,26,5334,True,False
2964,2172,1,2026-07-25,1,27,82,958,53,5336,True,False
2965,2173,2,2026-06-15,1,15,40,461,29,5337,True,False
2966,2175,1,2024-12-12,1,12,31,359,24,5339,True,False
2967,2175,1,2024-11-27,1,12,31,359,24,5340,True,False
2968,2175,1,2024-11-30,1,12,31,359,24,5341,True,False
2969,2175,1,2024-12-02,1,12,31,359,24,5342,True,False
2970,2178,2,2025-12-20,1,4,9,97,7,5348,True,False
2971,2179,1,2024-12-31,1,4,10,109,7,5351,True,False
2972,2179,1,2024-12-29,1,4,10,109,7,5352,True,False
2973,2179,2,2025-01-08,1,4,10,109,7,5353,True,False
2974,2179,1,2024-12-30,1,4,10,109,7,5354,True,False
2975,2180,1,2026-04-27,1,19,53,622,38,5356,True,False
2976,2181,1,2025-02-07,1,4,10,110,8,5357,True,False
2977,2181,1,2025-03-03,1,4,10,110,8,5358,True,False
2978,2181,2,2025-02-26,1,4,10,110,8,5359,True,False
2979,2181,1,2025-03-02,1,4,10,110,8,5360,True,False
2980,2182,2,2025-09-21,1,4,9,100,7,5361,True,False
2981,2184,1,2026-07-09,1,20,60,705,39,5366,True,False
2982,2185,1,2024-11-13,1,29,90,1038,58,5367,True,False
2983,2186,1,2024-11-23,1,11,30,342,21,5368,True,False
2984,2187,1,2025-04-23,1,14,37,431,28,5373,True,False
2985,2188,1,2026-05-11,1,11,30,342,21,5376,True,False
2986,2189,1,2026-02-08,1,13,35,396,25,5379,True,False
2987,2190,1,2025-10-09,1,25,75,880,50,5382,True,False
2988,2191,1,2025-07-25,1,26,79,927,51,5383,True,False
2989,2191,2,2025-08-02,1,26,79,927,51,5384,True,False
2990,2191,1,2025-08-06,1,26,79,927,51,5385,True,False
2991,2192,1,2025-02-04,1,4,11,117,7,5386,True,False
2992,2192,1,2025-02-02,1,4,11,117,7,5387,True,False
2993,2193,2,2024-09-29,1,25,78,904,49,5388,True,False
2994,2193,1,2024-09-20,1,25,78,904,49,5389,True,False
2995,2193,1,2024-10-07,1,25,78,904,49,5390,True,False
2996,2194,1,2026-01-29,1,19,56,657,37,5391,True,False
2997,2194,1,2026-01-14,1,19,56,657,37,5393,True,False
2998,2194,2,2026-02-06,1,19,56,657,37,5394,True,False
2999,2195,1,2024-09-05,1,4,10,103,7,5396,True,False
3000,2196,1,2025-09-02,1,13,34,385,25,5398,True,False
3001,2196,2,2025-09-08,1,13,34,385,25,5399,True,False
3002,2196,2,2025-08-21,1,13,34,385,25,5400,True,False
3003,2197,2,2024-10-30,1,19,56,654,38,5403,True,False
3004,2197,1,2024-11-04,1,19,56,654,38,5404,True,False
3005,2198,1,2025-05-01,1,4,11,112,7,5405,True,False
3006,2199,1,2025-04-15,1,5,12,123,9,5409,True,False
3007,2199,1,2025-04-20,1,5,12,123,9,5410,True,False
3008,2201,2,2025-06-18,1,4,9,97,8,5414,True,False
3009,2203,1,2024-10-13,1,22,65,755,44,5417,True,False
3010,2203,1,2024-10-17,1,22,65,755,44,5418,True,False
3011,2203,1,2024-10-29,1,22,65,755,44,5420,True,False
3012,2204,2,2025-10-06,1,3,7,75,5,5421,True,False
3013,2204,2,2025-10-18,1,3,7,75,5,5422,True,False
3014,2205,1,2024-12-30,1,4,10,103,8,5423,True,False
3015,2206,1,2024-09-22,1,25,78,910,50,5424,True,False
3016,2206,1,2024-09-10,1,25,78,910,50,5425,True,False
3017,2207,1,2025-06-23,1,26,81,945,51,5427,True,False
3018,2207,1,2025-07-11,1,26,81,945,51,5428,True,False
3019,2209,1,2025-06-04,1,5,13,137,10,5430,True,False
3020,2209,2,2025-05-31,1,5,13,137,10,5431,True,False
3021,2209,1,2025-05-22,1,5,13,137,10,5432,True,False
3022,2210,2,2026-03-02,1,19,55,641,38,5433,True,False
3023,2210,2,2026-02-28,1,19,55,641,38,5434,True,False
3024,2210,1,2026-03-16,1,19,55,641,38,5435,True,False
3025,2211,1,2026-02-06,1,4,11,114,8,5436,True,False
3026,2212,1,2025-01-06,1,4,9,100,8,5440,True,False
3027,2214,1,2024-10-06,1,20,58,672,40,5444,True,False
3028,2215,1,2025-10-25,1,13,34,385,25,5446,True,False
3029,2216,2,2026-05-15,1,1,1,14,2,5447,True,False
3030,2216,1,2026-05-19,1,1,1,14,2,5448,True,False
3031,2216,1,2026-06-06,1,1,1,14,2,5449,True,False
3032,2217,1,2026-05-04,1,4,11,116,7,5452,True,False
3033,2219,1,2025-06-12,1,1,1,12,1,5454,True,False
3034,2220,1,2025-10-09,1,28,85,986,56,5455,True,False
3035,2221,1,2026-06-22,1,4,11,113,7,5457,True,False
3036,2222,1,2024-08-15,1,4,11,120,7,5460,True,False
3037,2222,1,2024-07-21,1,4,11,120,7,5461,True,False
3038,2223,1,2026-06-14,1,8,21,229,16,5462,True,False
3039,2223,2,2026-06-09,1,8,21,229,16,5463,True,False
3040,2226,2,2024-10-27,1,29,89,1032,58,5468,True,False
3041,2227,1,2025-06-03,1,29,90,1047,57,5469,True,False
3042,2227,1,2025-05-24,1,29,90,1047,57,5470,True,False
3043,2228,1,2024-11-30,1,1,1,13,1,5471,True,False
3044,2228,1,2024-11-20,1,1,1,13,1,5473,True,False
3045,2228,1,2024-12-06,1,1,1,13,1,5474,True,True
3046,2229,1,2025-10-28,1,6,16,170,11,5475,True,False
3047,2230,1,2026-01-19,1,11,30,341,21,5477,True,False
3048,2231,1,2025-11-03,1,4,9,96,7,5479,True,True
3049,2232,1,2025-11-17,1,3,8,84,6,5480,True,False
3050,2233,1,2026-02-10,1,4,11,119,7,5483,True,False
3051,2234,1,2026-04-09,1,4,10,104,8,5485,True,False
3052,2234,1,2026-04-18,1,4,10,104,8,5486,True,False
3053,2235,1,2025-08-13,1,25,78,909,50,5489,True,False
3054,2237,2,2025-05-04,1,1,1,7,1,5492,True,False
3055,2237,2,2025-04-09,1,1,1,7,1,5493,True,False
3056,2240,2,2024-10-03,1,30,92,1065,59,5498,True,False
3057,2241,2,2024-08-23,1,4,11,116,8,5499,True,False
3058,2242,2,2024-09-25,1,1,2,24,1,5500,True,False
3059,2242,2,2024-09-26,1,1,2,24,1,5501,True,False
3060,2244,1,2025-10-02,1,4,10,109,7,5504,True,False
3061,2244,1,2025-09-27,1,4,10,109,7,5505,True,False
3062,2246,2,2025-09-21,1,4,9,97,7,5511,True,False
3063,2247,1,2026-03-29,1,4,11,120,8,5514,True,False
3064,2247,1,2026-03-07,1,4,11,120,8,5516,True,False
3065,2248,1,2025-08-19,1,9,25,282,18,5518,True,False
3066,2249,1,2025-07-22,1,5,14,150,9,5519,True,False
3067,2249,2,2025-07-28,1,5,14,150,9,5520,True,False
3068,2250,1,2026-05-03,1,7,19,207,14,5522,True,False
3069,2251,1,2024-11-15,1,12,31,358,24,5524,True,False
3070,2251,1,2024-11-04,1,12,31,358,24,5525,True,True
3071,2252,1,2024-08-06,1,4,11,119,8,5529,True,False
3072,2252,1,2024-07-21,1,4,11,119,8,5530,True,False
3073,2253,1,2025-11-26,1,14,38,432,27,5531,True,False
3074,2253,1,2025-12-08,1,14,38,432,27,5532,True,False
3075,2255,1,2026-05-13,1,12,31,356,24,5536,True,False
3076,2255,2,2026-04-19,1,12,31,356,24,5537,True,False
3077,2255,1,2026-05-10,1,12,31,356,24,5539,True,False
3078,2256,1,2025-03-12,1,5,14,148,10,5542,True,False
3079,2256,1,2025-03-28,1,5,14,148,10,5543,True,False
3080,2258,1,2025-09-23,1,14,38,442,27,5546,True,False
3081,2258,1,2025-09-11,1,14,38,442,27,5547,True,False
3082,2259,1,2025-10-12,1,4,10,102,7,5548,True,False
3083,2260,1,2025-05-12,1,27,82,954,53,5549,True,False
3084,2261,1,2024-10-25,1,5,13,133,9,5552,True,False
3085,2262,1,2026-07-07,1,25,76,887,50,5553,True,False
3086,2263,1,2024-12-10,1,12,31,349,23,5555,True,True
3087,2264,1,2025-10-05,1,11,30,335,22,5559,True,False
3088,2264,1,2025-10-03,1,11,30,335,22,5560,True,False
3089,2265,1,2024-09-03,1,13,34,387,25,5562,True,False
3090,2266,1,2026-01-01,1,26,79,921,51,5563,True,False
3091,2267,1,2024-07-23,1,18,50,583,35,5564,True,True
3092,2267,1,2024-08-16,1,18,50,583,35,5565,True,False
3093,2268,1,2025-06-26,1,5,14,148,10,5567,True,False
3094,2268,1,2025-06-29,1,5,14,148,10,5568,True,False
3095,2269,1,2026-05-29,1,4,11,114,8,5569,True,False
3096,2269,1,2026-05-20,1,4,11,114,8,5570,True,False
3097,2270,2,2026-02-12,1,4,9,94,7,5571,True,False
3098,2272,1,2026-06-13,1,3,7,83,6,5574,True,False
3099,2273,2,2024-11-21,1,6,16,179,11,5577,True,False
3100,2275,1,2025-08-27,1,4,10,105,7,5581,True,False
3101,2275,2,2025-08-25,1,4,10,105,7,5582,True,False
3102,2275,1,2025-09-04,1,4,10,105,7,5583,True,False
3103,2278,1,2025-04-21,1,9,22,245,17,5588,True,False
3104,2278,1,2025-04-17,1,9,22,245,17,5589,True,False
3105,2279,1,2026-06-20,1,4,9,101,8,5590,True,False
3106,2279,2,2026-06-18,1,4,9,101,8,5591,True,False
3107,2280,2,2025-12-28,1,28,88,1027,56,5592,True,False
3108,2280,1,2025-12-23,1,28,88,1027,56,5593,True,False
3109,2281,1,2025-06-18,1,3,8,92,6,5597,True,False
3110,2282,2,2026-03-01,1,2,4,41,4,5598,True,False
3111,2284,1,2026-05-20,1,4,9,99,7,5600,True,False
3112,2284,1,2026-05-23,1,4,9,99,7,5602,True,False
3113,2285,1,2026-07-01,1,14,37,425,28,5603,True,False
3114,2286,2,2026-06-22,1,13,35,398,25,5604,True,False
3115,2286,1,2026-07-03,1,13,35,398,25,5605,True,False
3116,2286,1,2026-06-11,1,13,35,398,25,5607,True,False
3117,2287,1,2024-10-04,1,22,65,751,43,5608,True,False
3118,2288,1,2026-03-10,1,16,43,493,32,5609,True,False
3119,2289,1,2024-10-12,1,2,4,50,3,5613,True,False
3120,2291,1,2025-11-15,1,27,82,956,54,5617,True,False
3121,2292,1,2025-11-24,1,21,61,711,41,5619,True,False
3122,2292,1,2025-11-21,1,21,61,711,41,5620,True,False
3123,2292,1,2025-12-09,1,21,61,711,41,5621,True,False
3124,2293,1,2024-10-08,1,15,39,447,30,5622,True,False
3125,2293,1,2024-09-26,1,15,39,447,30,5625,True,False
3126,2294,1,2025-12-09,1,8,20,225,16,5627,True,False
3127,2295,1,2024-11-28,1,19,52,607,38,5630,True,False
3128,2296,2,2026-01-22,1,16,42,491,31,5635,True,False
3129,2297,1,2025-10-30,1,4,11,118,7,5636,True,False
3130,2297,1,2025-10-29,1,4,11,118,7,5637,True,False
3131,2297,1,2025-11-03,1,4,11,118,7,5638,True,False
3132,2298,1,2025-10-20,1,13,35,388,25,5639,True,False
3133,2298,1,2025-11-01,1,13,35,388,25,5640,True,False
3134,2299,1,2025-06-15,1,4,11,113,8,5641,True,False
3135,2300,1,2025-01-15,1,26,81,950,52,5642,True,False
3136,2301,1,2025-06-19,1,11,29,319,22,5644,True,False
3137,2302,2,2024-11-16,1,3,5,56,6,5645,True,False
3138,2303,1,2025-03-09,1,4,11,120,8,5646,True,False
3139,2305,1,2024-07-29,1,4,11,117,7,5651,True,False
3140,2307,1,2025-03-06,1,22,63,730,44,5654,True,False
3141,2308,1,2025-08-14,1,1,1,14,1,5656,True,False
3142,2309,1,2025-05-19,1,11,30,343,21,5657,True,False
3143,2309,2,2025-05-04,1,11,30,343,21,5658,True,False
3144,2309,1,2025-05-17,1,11,30,343,21,5659,True,False
3145,2310,1,2026-01-06,1,1,2,23,1,5661,True,False
3146,2311,1,2026-06-24,1,1,2,20,2,5662,True,False
3147,2312,2,2025-08-19,1,19,55,642,38,5663,True,False
3148,2313,1,2026-02-24,1,16,42,488,32,5667,True,False
3149,2313,1,2026-02-11,1,16,42,488,32,5668,True,False
3150,2314,1,2024-08-07,1,22,65,759,43,5669,True,False
3151,2314,1,2024-08-25,1,22,65,759,43,5670,True,False
3152,2314,1,2024-08-15,1,22,65,759,43,5671,True,False
3153,2315,1,2025-10-11,1,14,36,405,28,5673,True,False
3154,2316,1,2026-02-11,1,12,32,363,23,5675,True,False
3155,2316,1,2026-02-08,1,12,32,363,23,5677,True,False
3156,2317,1,2026-04-17,1,4,9,96,7,5679,True,False
3157,2317,1,2026-05-02,1,4,9,96,7,5681,True,False
3158,2318,2,2025-03-29,1,4,11,112,8,5682,True,False
3159,2318,1,2025-04-09,1,4,11,112,8,5683,True,False
3160,2319,1,2024-12-17,1,29,89,1035,57,5685,True,False
3161,2320,1,2026-07-03,1,4,11,116,8,5686,True,False
3162,2320,1,2026-07-11,1,4,11,116,8,5687,True,False
3163,2320,1,2026-07-10,1,4,11,116,8,5688,True,False
3164,2321,2,2026-07-11,1,7,18,199,13,5689,True,False
3165,2321,1,2026-07-08,1,7,18,199,13,5690,True,False
3166,2321,1,2026-07-14,1,7,18,199,13,5692,True,False
3167,2322,1,2026-04-30,1,4,10,103,8,5694,True,False
3168,2323,1,2026-07-12,1,10,28,310,19,5697,True,False
3169,2323,2,2026-07-10,1,10,28,310,19,5699,True,False
3170,2324,1,2024-11-19,1,29,89,1031,57,5703,True,False
3171,2325,1,2026-03-25,1,1,2,27,2,5705,True,False
3172,2326,1,2026-04-11,1,1,1,13,1,5708,True,False
3173,2326,2,2026-04-29,1,1,1,13,1,5709,True,False
3174,2327,1,2026-05-13,1,6,15,156,12,5710,True,False
3175,2327,1,2026-05-15,1,6,15,156,12,5711,True,False
3176,2328,2,2026-01-13,1,3,6,73,5,5715,True,False
3177,2329,1,2026-03-28,1,4,10,111,7,5716,True,False
3178,2329,1,2026-03-25,1,4,10,111,7,5717,True,False
3179,2330,2,2025-03-04,1,3,8,91,5,5718,True,False
3180,2330,2,2025-03-18,1,3,8,91,5,5719,True,False
3181,2331,1,2025-06-14,1,19,56,653,37,5720,True,False
3182,2331,1,2025-06-23,1,19,56,653,37,5721,True,False
3183,2332,1,2026-02-25,1,8,20,219,15,5722,True,False
3184,2334,1,2026-04-01,1,4,11,115,7,5728,True,False
3185,2334,1,2026-03-20,1,4,11,115,7,5729,True,False
3186,2336,1,2026-01-31,1,4,11,114,7,5731,True,False
3187,2337,1,2024-08-03,1,7,18,202,13,5736,True,False
3188,2339,2,2024-12-16,1,20,60,696,40,5738,True,False
3189,2339,1,2024-12-26,1,20,60,696,40,5739,True,False
3190,2340,1,2024-09-16,1,1,1,5,1,5743,True,False
3191,2343,1,2025-02-04,1,22,63,731,44,5749,True,False
3192,2344,1,2026-03-17,1,21,61,710,41,5752,True,False
3193,2345,1,2025-10-13,1,20,57,664,40,5755,True,False
3194,2345,1,2025-10-16,1,20,57,664,40,5756,True,False
3195,2345,1,2025-10-17,1,20,57,664,40,5758,True,False
3196,2346,1,2025-10-23,1,14,37,422,27,5760,True,False
3197,2346,1,2025-10-20,1,14,37,422,27,5761,True,False
3198,2347,1,2026-05-17,1,15,39,453,30,5763,True,False
3199,2349,2,2025-08-18,1,27,82,959,54,5767,True,False
3200,2349,1,2025-08-15,1,27,82,959,54,5769,True,False
3201,2349,1,2025-08-18,1,27,82,959,54,5770,True,False
3202,2350,1,2026-03-12,1,4,10,105,8,5771,True,False
3203,2350,1,2026-03-18,1,4,10,105,8,5772,True,False
3204,2353,1,2026-07-24,1,16,41,468,32,5776,True,False
3205,2353,1,2026-07-12,1,16,41,468,32,5777,True,False
3206,2353,1,2026-07-08,1,16,41,468,32,5779,True,False
3207,2354,1,2026-04-13,1,4,11,120,8,5780,True,False
3208,2355,1,2025-12-12,1,1,1,11,2,5781,True,False
3209,2355,1,2025-12-21,1,1,1,11,2,5782,True,False
3210,2355,1,2025-12-01,1,1,1,11,2,5783,True,False
3211,2356,1,2024-11-10,1,5,13,138,9,5786,True,False
3212,2356,1,2024-10-25,1,5,13,138,9,5787,True,False
3213,2357,1,2026-03-18,1,19,56,653,37,5788,True,False
3214,2358,1,2026-06-09,1,3,7,79,5,5790,True,False
3215,2358,1,2026-05-16,1,3,7,79,5,5793,True,False
3216,2359,1,2026-06-18,1,26,80,935,51,5794,True,False
3217,2359,1,2026-07-11,1,26,80,935,51,5795,True,False
3218,2359,1,2026-06-25,1,26,80,935,51,5796,True,False
3219,2360,1,2026-06-26,1,19,54,632,37,5797,True,False
3220,2361,2,2025-05-30,1,13,35,396,25,5801,True,False
3221,2362,1,2025-05-26,1,16,43,494,32,5802,True,False
3222,2363,1,2025-11-01,1,4,11,119,8,5804,True,False
3223,2363,1,2025-11-15,1,4,11,119,8,5805,True,False
3224,2364,1,2025-12-07,1,4,9,95,7,5807,True,False
3225,2365,1,2024-12-27,1,23,68,792,45,5808,True,False
3226,2366,1,2026-03-12,1,4,10,105,8,5809,True,False
3227,2366,1,2026-03-17,1,4,10,105,8,5810,True,False
3228,2367,1,2026-05-28,1,4,10,107,7,5811,True,False
3229,2367,1,2026-05-29,1,4,10,107,7,5812,True,False
3230,2367,1,2026-06-05,1,4,10,107,7,5813,True,False
3231,2368,1,2024-12-14,1,25,75,872,50,5814,True,False
3232,2368,1,2024-12-16,1,25,75,872,50,5815,True,False
3233,2369,1,2026-05-22,1,23,67,782,46,5817,True,False
3234,2370,2,2025-09-23,1,20,58,682,40,5818,True,False
3235,2370,2,2025-09-19,1,20,58,682,40,5819,True,False
3236,2371,1,2026-01-28,1,4,10,103,8,5820,True,False
3237,2371,2,2026-02-19,1,4,10,103,8,5821,True,False
3238,2371,1,2026-02-12,1,4,10,103,8,5822,True,False
3239,2371,1,2026-02-05,1,4,10,103,8,5823,True,False
3240,2372,2,2024-08-11,1,13,35,391,26,5824,True,False
3241,2373,1,2026-02-13,1,4,10,106,7,5826,True,False
3242,2373,1,2026-02-05,1,4,10,106,7,5827,True,False
3243,2375,1,2025-02-05,1,9,26,287,17,5830,True,False
3244,2376,1,2025-12-02,1,4,11,118,8,5831,True,False
3245,2376,1,2025-12-27,1,4,11,118,8,5833,True,False
3246,2378,1,2024-11-05,1,8,21,231,15,5837,True,False
3247,2378,1,2024-10-14,1,8,21,231,15,5838,True,False
3248,2378,2,2024-10-21,1,8,21,231,15,5839,True,False
3249,2379,1,2025-06-07,1,9,23,253,18,5841,True,False
3250,2379,1,2025-06-16,1,9,23,253,18,5842,True,False
3251,2382,1,2025-07-29,1,5,14,155,10,5848,True,False
3252,2382,1,2025-07-18,1,5,14,155,10,5849,True,False
3253,2382,1,2025-08-07,1,5,14,155,10,5850,True,False
3254,2382,1,2025-08-07,1,5,14,155,10,5851,True,False
3255,2384,1,2025-02-23,1,7,19,206,13,5853,True,False
3256,2385,1,2026-02-09,1,25,77,898,50,5854,True,False
3257,2386,1,2024-07-26,1,26,81,950,51,5857,True,False
3258,2386,2,2024-08-13,1,26,81,950,51,5858,True,False
3259,2386,1,2024-07-21,1,26,81,950,51,5859,True,False
3260,2387,1,2026-06-09,1,4,11,114,8,5860,True,False
3261,2388,1,2026-05-31,1,14,38,443,27,5862,True,False
3262,2388,1,2026-06-10,1,14,38,443,27,5863,True,False
3263,2389,1,2024-09-01,1,30,92,1064,59,5866,True,False
3264,2389,1,2024-09-04,1,30,92,1064,59,5867,True,True
3265,2390,2,2025-06-17,1,4,10,102,7,5869,True,False
3266,2390,1,2025-07-04,1,4,10,102,7,5871,True,False
3267,2391,1,2024-08-24,1,29,90,1046,57,5873,True,False
3268,2391,1,2024-08-09,1,29,90,1046,57,5875,True,False
3269,2393,1,2024-11-29,1,18,49,568,36,5877,True,False
3270,2394,1,2026-07-12,1,4,11,113,7,5879,True,False
3271,2399,2,2026-04-25,1,4,9,95,7,5891,True,False
3272,2399,1,2026-04-09,1,4,9,95,7,5892,True,False
3273,2399,1,2026-04-17,1,4,9,95,7,5893,True,False
3274,2400,1,2026-01-30,1,4,10,107,8,5894,True,False
3275,2400,1,2026-02-21,1,4,10,107,8,5895,True,False
3276,2400,1,2026-02-04,1,4,10,107,8,5896,True,False
3277,2402,1,2025-11-15,1,4,10,107,7,5900,True,False
3278,2403,1,2024-08-17,1,1,2,26,2,5902,True,False
3279,2403,1,2024-08-22,1,1,2,26,2,5903,True,False
3280,2404,1,2024-11-17,1,3,8,88,5,5904,True,False
3281,2404,2,2024-12-03,1,3,8,88,5,5905,True,False
3282,2405,1,2026-04-14,1,4,10,105,8,5907,True,False
3283,2405,1,2026-04-11,1,4,10,105,8,5908,True,False
3284,2406,1,2025-06-10,1,3,6,72,6,5909,True,False
3285,2407,1,2026-03-05,1,1,1,12,1,5911,True,True
3286,2408,2,2025-07-02,1,3,7,78,5,5913,True,False
3287,2409,1,2025-08-27,1,4,10,107,7,5914,True,False
3288,2409,1,2025-08-20,1,4,10,107,7,5915,True,False
3289,2410,2,2025-03-23,1,18,49,567,36,5917,True,False
3290,2410,1,2025-03-22,1,18,49,567,36,5918,True,False
3291,2411,1,2024-10-23,1,4,11,119,8,5919,True,False
3292,2412,1,2024-10-13,1,30,91,1054,60,5921,True,False
3293,2413,1,2026-06-29,1,4,9,96,8,5923,True,False
3294,2414,1,2025-01-26,1,3,8,91,5,5924,True,False
3295,2415,1,2025-06-01,1,16,42,480,32,5926,True,False
3296,2416,1,2025-01-16,1,14,36,403,28,5930,True,False
3297,2417,1,2025-06-17,1,26,79,924,52,5931,True,False
3298,2420,1,2026-06-07,1,4,9,93,8,5934,True,False
3299,2420,1,2026-06-12,1,4,9,93,8,5936,True,False
3300,2421,1,2024-11-12,1,1,1,5,2,5939,True,False
3301,2422,1,2026-03-29,1,4,11,116,8,5940,True,False
3302,2424,1,2026-05-22,1,4,10,111,7,5946,True,False
3303,2426,1,2026-05-31,1,7,19,215,13,5948,True,False
3304,2427,1,2024-10-08,1,4,11,117,8,5949,True,False
3305,2427,1,2024-10-01,1,4,11,117,8,5950,True,False
3306,2427,2,2024-09-28,1,4,11,117,8,5952,True,False
3307,2428,1,2025-04-06,1,1,2,23,2,5953,True,False
3308,2430,2,2026-01-06,1,21,61,710,42,5958,True,False
3309,2430,1,2025-12-30,1,21,61,710,42,5959,True,False
3310,2431,1,2025-10-25,1,18,49,561,36,5962,True,False
3311,2431,1,2025-10-10,1,18,49,561,36,5963,True,False
3312,2431,1,2025-10-05,1,18,49,561,36,5964,True,False
3313,2432,1,2025-09-29,1,9,23,251,17,5965,True,False
3314,2433,1,2025-01-08,1,13,35,388,26,5966,True,False
3315,2434,1,2025-11-24,1,10,27,300,20,5968,True,False
3316,2435,1,2025-08-20,1,4,11,117,8,5970,True,False
3317,2436,1,2026-06-08,1,4,10,110,8,5973,True,False
3318,2437,2,2025-04-28,1,29,89,1029,58,5974,True,False
3319,2438,1,2025-01-08,1,13,35,391,25,5975,True,False
3320,2438,1,2024-12-25,1,13,35,391,25,5976,True,False
3321,2439,1,2025-07-15,1,1,1,10,2,5978,True,False
3322,2439,2,2025-07-07,1,1,1,10,2,5980,True,False
3323,2440,1,2025-03-14,1,27,84,983,53,5981,True,False
3324,2441,2,2026-02-26,1,4,10,102,8,5982,True,False
3325,2442,1,2026-02-22,1,4,9,94,8,5983,True,False
3326,2442,1,2026-02-16,1,4,9,94,8,5984,True,False
3327,2442,1,2026-02-02,1,4,9,94,8,5986,True,False
3328,2443,1,2025-07-08,1,12,31,354,24,5987,True,False
3329,2444,1,2025-06-24,1,4,10,105,7,5990,True,False
3330,2444,1,2025-06-24,1,4,10,105,7,5991,True,False
3331,2446,2,2024-11-27,1,1,1,6,2,5994,True,False
3332,2447,1,2026-07-25,1,18,51,585,35,5997,True,False
3333,2448,1,2026-03-15,1,4,9,93,8,6000,True,False
3334,2448,2,2026-03-28,1,4,9,93,8,6001,True,False
3335,2449,1,2026-03-05,1,4,10,102,7,6002,True,False
3336,2450,2,2024-11-25,1,24,71,824,48,6004,True,False
3337,2451,2,2025-12-21,1,4,10,104,7,6005,True,False
3338,2452,1,2025-09-15,1,4,10,111,8,6006,True,False
3339,2453,1,2026-03-20,1,4,10,106,7,6008,True,False
3340,2453,1,2026-03-09,1,4,10,106,7,6009,True,False
3341,2453,1,2026-03-08,1,4,10,106,7,6010,True,False
3342,2454,1,2026-05-16,1,4,10,110,8,6012,True,False
3343,2454,1,2026-04-30,1,4,10,110,8,6013,True,False
3344,2455,1,2026-01-23,1,3,6,67,5,6015,True,False
3345,2455,1,2026-02-06,1,3,6,67,5,6016,True,False
3346,2456,1,2025-09-08,1,24,71,835,48,6017,True,False
3347,2457,1,2025-10-22,1,3,8,92,6,6019,True,False
3348,2458,2,2024-10-09,1,9,24,270,17,6020,True,False
3349,2458,1,2024-10-24,1,9,24,270,17,6021,True,False
3350,2459,1,2024-09-20,1,4,11,117,8,6022,True,False
3351,2459,1,2024-09-10,1,4,11,117,8,6024,True,False
3352,2460,1,2026-05-31,1,30,91,1058,59,6026,True,False
3353,2461,2,2025-10-22,1,4,10,106,7,6029,True,False
3354,2461,1,2025-10-31,1,4,10,106,7,6030,True,False
3355,2461,1,2025-10-19,1,4,10,106,7,6032,True,False
3356,2462,1,2025-05-04,1,9,24,273,17,6033,True,False
3357,2463,1,2025-03-13,1,4,10,108,7,6035,True,False
3358,2464,1,2026-03-05,1,4,9,95,7,6037,True,False
3359,2464,2,2026-03-11,1,4,9,95,7,6038,True,False
3360,2465,1,2026-07-22,1,4,9,94,7,6042,True,False
3361,2466,1,2024-08-18,1,5,14,149,10,6045,True,False
3362,2466,1,2024-08-04,1,5,14,149,10,6047,True,False
3363,2467,1,2026-03-30,1,4,10,107,7,6048,True,False
3364,2467,1,2026-03-28,1,4,10,107,7,6049,True,False
3365,2468,1,2024-10-30,1,5,13,140,10,6052,True,False
3366,2468,1,2024-10-22,1,5,13,140,10,6054,True,False
3367,2469,1,2024-09-13,1,4,10,111,8,6057,True,False
3368,2469,1,2024-09-13,1,4,10,111,8,6058,True,False
3369,2470,1,2025-12-10,1,9,23,250,18,6060,True,False
3370,2471,1,2026-04-02,1,14,38,441,27,6061,True,False
3371,2472,1,2025-02-28,1,15,40,463,29,6062,True,False
3372,2472,1,2025-03-21,1,15,40,463,29,6064,True,True
3373,2472,1,2025-03-27,1,15,40,463,29,6065,True,False
3374,2473,1,2024-07-29,1,1,2,19,1,6066,True,False
3375,2474,1,2026-01-29,1,24,74,866,47,6067,True,False
3376,2476,1,2025-02-13,1,19,54,636,38,6072,True,False
3377,2476,1,2025-01-24,1,19,54,636,38,6073,True,False
3378,2476,1,2025-02-05,1,19,54,636,38,6075,True,False
3379,2477,1,2024-12-03,1,3,7,76,5,6076,True,False
3380,2477,1,2024-12-26,1,3,7,76,5,6077,True,True
3381,2477,1,2024-12-02,1,3,7,76,5,6079,True,False
3382,2478,1,2025-10-09,1,8,20,226,15,6080,True,False
3383,2479,1,2026-05-19,1,4,11,113,7,6084,True,True
3384,2480,1,2026-02-04,1,4,11,113,7,6085,True,False
3385,2481,1,2025-11-15,1,4,11,120,7,6086,True,False
3386,2481,1,2025-11-23,1,4,11,120,7,6087,True,False
3387,2481,1,2025-11-02,1,4,11,120,7,6088,True,False
3388,2482,2,2026-01-01,1,10,27,296,20,6089,True,False
3389,2482,1,2025-12-19,1,10,27,296,20,6090,True,False
3390,2483,1,2026-04-11,1,15,40,465,30,6091,True,False
3391,2484,1,2026-04-01,1,4,10,109,8,6092,True,False
3392,2484,2,2026-04-20,1,4,10,109,8,6093,True,False
3393,2486,1,2025-06-15,1,29,90,1041,57,6099,True,False
3394,2486,1,2025-07-04,1,29,90,1041,57,6100,True,False
3395,2487,1,2025-12-20,1,27,83,969,53,6102,True,False
3396,2488,1,2025-05-08,1,19,55,642,38,6103,True,False
3397,2488,2,2025-05-04,1,19,55,642,38,6104,True,False
3398,2489,1,2025-01-03,1,10,27,303,20,6107,True,False
3399,2489,1,2024-12-12,1,10,27,303,20,6108,True,False
3400,2489,1,2024-12-22,1,10,27,303,20,6109,True,False
3401,2490,1,2024-11-19,1,13,35,390,25,6111,True,False
3402,2490,1,2024-11-07,1,13,35,390,25,6112,True,False
3403,2491,1,2026-07-07,1,4,9,95,8,6115,True,False
3404,2493,1,2024-10-18,1,1,1,13,2,6118,True,False
3405,2494,2,2025-12-31,1,24,72,842,47,6119,True,False
3406,2495,1,2026-04-28,1,29,90,1044,57,6120,True,False
3407,2495,1,2026-04-20,1,29,90,1044,57,6122,True,False
3408,2497,1,2026-07-05,1,20,59,688,40,6125,True,False
3409,2497,1,2026-07-05,1,20,59,688,40,6126,True,False
3410,2499,1,2026-04-02,1,20,58,678,39,6128,True,False
3411,2499,1,2026-03-31,1,20,58,678,39,6131,True,False
3412,2502,1,2024-09-18,1,12,32,367,24,6135,True,False
3413,2502,2,2024-09-25,1,12,32,367,24,6136,True,False
3414,2503,2,2024-08-21,1,26,79,921,52,6137,True,True
3415,2505,1,2024-10-12,1,26,79,916,52,6140,True,False
3416,2508,1,2024-11-14,1,4,9,93,8,6143,True,False
3417,2508,1,2024-11-03,1,4,9,93,8,6144,True,False
3418,2508,2,2024-11-19,1,4,9,93,8,6145,True,False
3419,2508,1,2024-11-23,1,4,9,93,8,6146,True,False
3420,2509,1,2026-05-15,1,3,8,84,6,6149,True,False
3421,2512,1,2026-03-28,1,13,33,375,25,6156,True,False
3422,2513,1,2024-12-25,1,11,30,341,21,6158,True,False
3423,2513,2,2024-12-30,1,11,30,341,21,6159,True,False
3424,2513,2,2025-01-05,1,11,30,341,21,6160,True,False
3425,2514,1,2024-12-18,1,4,9,93,8,6162,True,False
3426,2515,1,2025-10-12,1,27,83,967,53,6163,True,False
3427,2515,1,2025-10-03,1,27,83,967,53,6166,True,False
3428,2517,1,2026-05-01,1,1,2,24,2,6169,True,False
3429,2518,1,2024-12-09,1,4,10,111,8,6171,True,False
3430,2518,1,2024-11-28,1,4,10,111,8,6173,True,False
3431,2520,1,2026-01-07,1,20,57,667,40,6177,True,False
3432,2520,1,2025-12-26,1,20,57,667,40,6178,True,False
3433,2521,1,2026-02-06,1,4,9,95,8,6180,True,False
3434,2521,1,2026-02-17,1,4,9,95,8,6181,True,False
3435,2523,1,2026-03-24,1,4,10,104,8,6186,True,False
3436,2524,1,2026-02-16,1,16,42,484,31,6187,True,False
3437,2526,1,2025-11-23,1,19,56,655,38,6190,True,False
3438,2527,1,2025-09-04,1,9,23,260,17,6191,True,False
3439,2527,1,2025-09-05,1,9,23,260,17,6193,True,False
3440,2528,2,2026-02-02,1,3,8,84,6,6194,True,False
3441,2528,1,2026-01-26,1,3,8,84,6,6195,True,False
3442,2530,1,2024-12-14,1,3,7,75,6,6198,True,False
3443,2530,1,2024-11-23,1,3,7,75,6,6199,True,False
3444,2531,1,2025-06-12,1,23,68,790,46,6201,True,False
3445,2532,1,2024-09-11,1,27,84,979,54,6203,True,True
3446,2532,1,2024-09-18,1,27,84,979,54,6204,True,False
3447,2533,1,2025-01-11,1,4,11,115,8,6206,True,False
3448,2534,1,2025-01-08,1,28,86,1000,56,6208,True,False
3449,2534,2,2024-12-29,1,28,86,1000,56,6209,True,False
3450,2534,1,2024-12-18,1,28,86,1000,56,6210,True,False
3451,2535,1,2025-08-15,1,28,87,1014,55,6211,True,False
3452,2536,1,2025-11-10,1,2,3,31,3,6213,True,False
3453,2537,2,2026-05-28,1,3,6,72,5,6214,True,False
3454,2537,1,2026-05-22,1,3,6,72,5,6216,True,False
3455,2538,2,2025-11-11,1,27,82,956,53,6218,True,False
3456,2539,1,2026-04-25,1,14,37,427,28,6221,True,False
3457,2540,1,2026-03-31,1,25,77,895,49,6222,True,False
3458,2540,1,2026-04-04,1,25,77,895,49,6223,True,False
3459,2541,1,2024-09-08,1,5,13,135,9,6225,True,False
3460,2541,2,2024-08-19,1,5,13,135,9,6227,True,False
3461,2544,1,2025-08-19,1,19,55,648,38,6230,True,False
3462,2545,1,2025-07-18,1,4,10,107,8,6232,True,False
3463,2545,1,2025-07-17,1,4,10,107,8,6234,True,False
3464,2547,1,2025-07-12,1,4,10,106,7,6236,True,False
3465,2547,1,2025-07-16,1,4,10,106,7,6238,True,False
3466,2549,1,2025-09-30,1,8,21,235,15,6240,True,False
3467,2550,1,2024-12-02,1,4,9,99,7,6243,True,False
3468,2550,1,2024-12-06,1,4,9,99,7,6244,True,False
3469,2552,1,2025-06-10,1,5,13,137,10,6248,True,False
3470,2553,1,2024-10-25,1,4,10,104,8,6250,True,True
3471,2554,1,2025-02-27,1,21,62,722,42,6251,True,False
3472,2555,1,2025-02-23,1,9,25,284,18,6252,True,False
3473,2555,1,2025-02-18,1,9,25,284,18,6253,True,False
3474,2555,1,2025-03-08,1,9,25,284,18,6254,True,False
3475,2555,1,2025-02-14,1,9,25,284,18,6255,True,False
3476,2556,1,2026-02-12,1,4,10,104,8,6256,True,False
3477,2556,1,2026-03-06,1,4,10,104,8,6257,True,False
3478,2556,1,2026-02-10,1,4,10,104,8,6259,True,False
3479,2557,2,2026-02-16,1,4,10,106,8,6261,True,False
3480,2558,1,2024-10-21,1,1,1,11,2,6262,True,False
3481,2559,1,2025-10-22,1,3,6,65,5,6263,True,False
3482,2559,2,2025-10-27,1,3,6,65,5,6264,True,False
3483,2560,1,2026-05-19,1,18,51,585,35,6266,True,False
3484,2561,1,2025-10-22,1,3,5,63,5,6268,True,False
3485,2561,1,2025-10-20,1,3,5,63,5,6269,True,False
3486,2562,1,2026-05-28,1,12,31,351,24,6270,True,False
3487,2562,2,2026-05-09,1,12,31,351,24,6271,True,False
3488,2563,1,2025-11-06,1,2,4,51,4,6272,True,False
3489,2563,1,2025-11-07,1,2,4,51,4,6274,True,False
3490,2564,1,2026-05-11,1,4,10,103,7,6276,True,False
3491,2564,1,2026-05-12,1,4,10,103,7,6277,True,False
3492,2564,1,2026-05-07,1,4,10,103,7,6278,True,False
3493,2565,2,2026-06-19,1,4,11,120,8,6281,True,False
3494,2565,2,2026-06-05,1,4,11,120,8,6282,True,False
3495,2566,2,2024-10-18,1,24,71,826,48,6285,True,False
3496,2567,1,2026-07-10,1,7,19,212,14,6286,True,False
3497,2567,1,2026-07-16,1,7,19,212,14,6287,True,False
3498,2568,2,2026-02-22,1,4,9,95,8,6289,True,False
3499,2568,1,2026-01-29,1,4,9,95,8,6291,True,False
3500,2569,1,2026-05-05,1,4,9,97,8,6292,True,False
3501,2569,1,2026-04-28,1,4,9,97,8,6293,True,False
3502,2570,1,2026-02-25,1,25,78,914,49,6294,True,False
3503,2573,1,2025-07-24,1,1,2,22,2,6300,True,False
3504,2573,1,2025-07-15,1,1,2,22,2,6301,True,False
3505,2573,1,2025-07-22,1,1,2,22,2,6302,True,False
3506,2574,1,2026-06-15,1,4,11,116,7,6304,True,False
3507,2575,1,2025-12-29,1,4,10,111,8,6307,True,False
3508,2576,1,2024-10-21,1,28,87,1007,55,6311,True,False
3509,2577,1,2025-04-23,1,24,71,826,48,6315,True,False
3510,2578,1,2026-06-11,1,4,11,112,7,6317,True,False
3511,2580,2,2025-09-15,1,4,10,106,7,6319,True,False
3512,2581,1,2024-11-22,1,18,50,574,36,6321,True,False
3513,2581,1,2024-11-08,1,18,50,574,36,6322,True,False
3514,2582,1,2026-02-27,1,4,9,100,7,6323,True,False
3515,2582,1,2026-02-14,1,4,9,100,7,6324,True,False
3516,2583,1,2026-06-03,1,20,59,685,40,6325,True,False
3517,2583,1,2026-06-09,1,20,59,685,40,6326,True,False
3518,2583,2,2026-06-04,1,20,59,685,40,6327,True,False
3519,2583,1,2026-06-08,1,20,59,685,40,6328,True,False
3520,2584,1,2025-03-09,1,19,55,646,37,6330,True,False
3521,2585,1,2026-04-24,1,28,88,1021,55,6333,True,False
3522,2585,1,2026-04-09,1,28,88,1021,55,6334,True,False
3523,2585,2,2026-04-11,1,28,88,1021,55,6335,True,False
3524,2586,2,2026-01-08,1,3,7,79,6,6338,True,False
3525,2586,1,2026-01-02,1,3,7,79,6,6339,True,False
3526,2587,2,2026-04-08,1,4,11,118,8,6341,True,False
3527,2588,2,2026-01-28,1,4,9,98,7,6344,True,False
3528,2590,1,2024-07-31,1,20,57,658,39,6346,True,False
3529,2590,1,2024-07-27,1,20,57,658,39,6347,True,False
3530,2591,1,2025-04-08,1,18,49,570,35,6348,True,False
3531,2592,1,2024-08-06,1,4,10,104,7,6349,True,False
3532,2592,1,2024-08-09,1,4,10,104,7,6350,True,False
3533,2592,1,2024-08-16,1,4,10,104,7,6351,True,False
3534,2593,1,2024-12-10,1,4,9,98,8,6352,True,False
3535,2595,1,2026-05-27,1,4,11,119,7,6354,True,False
3536,2596,2,2025-07-16,1,5,14,149,9,6355,True,False
3537,2596,1,2025-07-18,1,5,14,149,9,6356,True,False
3538,2597,1,2025-04-17,1,23,67,773,45,6359,True,False
3539,2599,1,2024-10-20,1,4,10,111,8,6363,True,False
3540,2599,1,2024-10-07,1,4,10,111,8,6364,True,False
3541,2600,2,2025-01-31,1,1,2,16,1,6365,True,False
3542,2600,1,2025-01-17,1,1,2,16,1,6366,True,False
3543,2601,1,2025-02-09,1,4,9,97,8,6369,True,False
3544,2602,2,2026-06-03,1,29,89,1035,57,6373,True,False
3545,2605,1,2024-10-05,1,24,71,832,48,6376,True,False
3546,2605,1,2024-10-18,1,24,71,832,48,6378,True,False
3547,2607,1,2024-08-10,1,3,7,81,5,6380,True,False
3548,2608,2,2025-02-04,1,5,13,136,10,6383,True,False
3549,2608,1,2025-02-26,1,5,13,136,10,6384,True,False
3550,2609,1,2025-07-10,1,26,80,936,51,6385,True,False
3551,2610,1,2024-12-04,1,20,60,703,40,6386,True,False
3552,2611,1,2025-03-28,1,27,83,963,54,6389,True,False
3553,2611,2,2025-04-08,1,27,83,963,54,6391,True,False
3554,2612,1,2025-06-05,1,4,9,96,7,6392,True,False
3555,2612,1,2025-06-01,1,4,9,96,7,6393,True,False
3556,2613,1,2026-06-18,1,4,11,113,7,6394,True,False
3557,2613,1,2026-05-30,1,4,11,113,7,6395,True,False
3558,2613,2,2026-06-10,1,4,11,113,7,6396,True,False
3559,2614,1,2025-08-06,1,4,10,102,8,6397,True,False
3560,2614,1,2025-07-25,1,4,10,102,8,6398,True,False
3561,2616,1,2026-02-26,1,4,10,109,7,6400,True,False
3562,2616,1,2026-03-09,1,4,10,109,7,6402,True,False
3563,2616,1,2026-03-15,1,4,10,109,7,6403,True,False
3564,2617,1,2026-06-04,1,4,11,114,8,6405,True,False
3565,2617,1,2026-06-09,1,4,11,114,8,6406,True,False
3566,2618,2,2026-01-07,1,4,11,114,8,6408,True,False
3567,2620,1,2025-12-10,1,28,85,990,56,6411,True,False
3568,2620,1,2025-12-23,1,28,85,990,56,6413,True,False
3569,2621,2,2025-10-16,1,4,11,116,7,6414,True,False
3570,2621,1,2025-10-12,1,4,11,116,7,6415,True,False
3571,2622,1,2026-01-16,1,14,38,436,28,6416,True,False
3572,2622,1,2026-01-24,1,14,38,436,28,6417,True,False
3573,2623,1,2024-08-20,1,3,5,63,5,6419,True,False
3574,2624,2,2024-09-20,1,26,80,933,52,6420,True,False
3575,2624,2,2024-09-22,1,26,80,933,52,6421,True,False
3576,2624,1,2024-10-01,1,26,80,933,52,6422,True,False
3577,2625,1,2025-10-08,1,4,9,101,7,6425,True,False
3578,2625,1,2025-11-01,1,4,9,101,7,6426,True,False
3579,2626,2,2024-10-27,1,12,31,349,24,6427,True,False
3580,2626,1,2024-11-08,1,12,31,349,24,6428,True,False
3581,2627,1,2026-04-09,1,4,11,118,8,6432,True,False
3582,2627,1,2026-04-06,1,4,11,118,8,6433,True,False
3583,2628,1,2025-04-25,1,19,53,610,37,6434,True,False
3584,2628,1,2025-04-13,1,19,53,610,37,6435,True,False
3585,2628,1,2025-04-09,1,19,53,610,37,6436,True,False
3586,2629,1,2026-07-08,1,20,59,691,40,6437,True,False
3587,2629,1,2026-06-26,1,20,59,691,40,6438,True,False
3588,2630,1,2025-12-22,1,1,2,23,2,6442,True,False
3589,2630,1,2025-12-12,1,1,2,23,2,6443,True,False
3590,2631,1,2025-01-03,1,17,47,543,34,6444,True,False
3591,2631,1,2025-01-08,1,17,47,543,34,6445,True,False
3592,2632,1,2026-07-27,1,12,32,363,23,6446,True,False
3593,2632,1,2026-07-27,1,12,32,363,23,6447,True,False
3594,2633,2,2025-02-11,1,22,63,732,43,6448,True,False
3595,2633,2,2025-02-02,1,22,63,732,43,6449,True,False
3596,2634,1,2026-05-18,1,27,84,977,53,6450,True,False
3597,2634,1,2026-05-21,1,27,84,977,53,6452,True,False
3598,2635,1,2025-10-10,1,4,11,114,7,6454,True,False
3599,2637,1,2026-06-17,1,3,7,76,6,6457,True,False
3600,2638,1,2026-03-24,1,4,11,115,8,6461,True,False
3601,2640,1,2026-07-25,1,5,14,141,9,6467,True,False
3602,2640,1,2026-07-16,1,5,14,141,9,6468,True,False
3603,2641,1,2026-06-07,1,4,10,109,7,6469,True,False
3604,2641,1,2026-06-03,1,4,10,109,7,6470,True,False
3605,2641,1,2026-06-02,1,4,10,109,7,6471,True,False
3606,2642,2,2024-11-06,1,13,35,392,25,6472,True,False
3607,2642,1,2024-11-11,1,13,35,392,25,6473,True,False
3608,2643,1,2026-04-24,1,4,11,112,7,6474,True,False
3609,2643,2,2026-04-30,1,4,11,112,7,6475,True,False
3610,2644,1,2025-03-09,1,29,90,1042,58,6479,True,False
3611,2644,1,2025-03-20,1,29,90,1042,58,6480,True,False
3612,2645,1,2025-07-25,1,6,17,187,11,6481,True,False
3613,2645,1,2025-08-02,1,6,17,187,11,6482,True,False
3614,2646,1,2024-10-28,1,21,61,706,41,6483,True,False
3615,2646,1,2024-10-23,1,21,61,706,41,6484,True,False
3616,2646,1,2024-11-15,1,21,61,706,41,6485,True,False
3617,2647,1,2026-07-01,1,21,61,715,42,6487,True,False
3618,2648,2,2026-07-18,1,4,9,100,7,6489,True,False
3619,2648,1,2026-07-13,1,4,9,100,7,6490,True,False
3620,2648,2,2026-07-16,1,4,9,100,7,6491,True,False
3621,2650,1,2024-11-23,1,12,31,359,24,6493,True,False
3622,2652,1,2025-01-17,1,16,42,483,32,6497,True,False
3623,2653,1,2026-03-06,1,7,18,202,13,6499,True,False
3624,2653,1,2026-02-12,1,7,18,202,13,6500,True,False
3625,2653,1,2026-03-06,1,7,18,202,13,6502,True,False
3626,2654,1,2026-05-28,1,14,36,406,28,6505,True,False
3627,2655,1,2025-10-15,1,14,36,411,28,6507,True,False
3628,2655,1,2025-10-15,1,14,36,411,28,6510,True,True
3629,2656,1,2026-04-14,1,2,3,39,4,6511,True,False
3630,2657,1,2025-09-12,1,7,18,197,14,6512,True,False
3631,2657,1,2025-09-27,1,7,18,197,14,6513,True,False
3632,2657,1,2025-09-24,1,7,18,197,14,6515,True,False
3633,2658,1,2026-02-05,1,4,9,96,7,6516,True,False
3634,2658,1,2026-01-31,1,4,9,96,7,6517,True,False
3635,2658,1,2026-02-11,1,4,9,96,7,6518,True,True
3636,2659,1,2025-06-30,1,8,20,221,15,6519,True,False
3637,2660,1,2026-01-14,1,4,9,99,7,6520,True,False
3638,2663,1,2026-02-16,1,4,11,118,7,6523,True,False
3639,2663,2,2026-02-09,1,4,11,118,7,6526,True,False
3640,2664,1,2025-09-05,1,23,69,804,45,6527,True,False
3641,2665,1,2026-03-30,1,18,51,592,36,6528,True,False
3642,2666,1,2026-04-18,1,4,9,95,8,6530,True,True
3643,2666,1,2026-04-18,1,4,9,95,8,6531,True,False
3644,2667,1,2024-11-14,1,4,9,93,8,6534,True,False
3645,2668,1,2026-04-07,1,23,70,821,46,6536,True,False
3646,2669,1,2026-03-20,1,4,11,117,7,6537,True,True
3647,2669,1,2026-03-23,1,4,11,117,7,6538,True,False
3648,2669,1,2026-04-11,1,4,11,117,7,6539,True,True
3649,2670,1,2026-07-30,1,16,42,486,32,6540,True,False
3650,2670,1,2026-07-11,1,16,42,486,32,6541,True,False
3651,2671,1,2025-04-11,1,4,9,97,7,6544,True,False
3652,2673,2,2025-08-18,1,4,10,108,8,6546,True,False
3653,2674,1,2025-12-08,1,4,11,118,8,6547,True,False
3654,2674,1,2025-12-06,1,4,11,118,8,6548,True,False
3655,2675,2,2026-02-26,1,21,62,725,42,6549,True,False
3656,2675,1,2026-03-05,1,21,62,725,42,6550,True,False
3657,2677,2,2024-10-25,1,6,17,185,11,6553,True,False
3658,2677,1,2024-11-03,1,6,17,185,11,6554,True,False
3659,2677,1,2024-11-14,1,6,17,185,11,6555,True,False
3660,2679,2,2025-04-23,1,30,92,1068,60,6557,True,False
3661,2680,1,2026-01-19,1,3,7,83,5,6558,True,False
3662,2680,1,2026-01-13,1,3,7,83,5,6559,True,False
3663,2680,1,2026-01-23,1,3,7,83,5,6560,True,False
3664,2681,1,2026-04-18,1,14,38,434,28,6561,True,False
3665,2682,1,2025-08-12,1,20,60,698,39,6564,True,False
3666,2683,1,2026-06-06,1,4,9,100,8,6566,True,False
3667,2683,1,2026-06-03,1,4,9,100,8,6567,True,False
3668,2684,1,2026-04-24,1,4,11,112,7,6568,True,False
3669,2684,2,2026-05-08,1,4,11,112,7,6569,True,False
3670,2686,1,2026-02-19,1,3,8,89,6,6571,True,False
3671,2686,1,2026-02-19,1,3,8,89,6,6572,True,False
3672,2687,1,2026-05-16,1,4,9,94,7,6575,True,False
3673,2687,1,2026-05-10,1,4,9,94,7,6577,True,False
3674,2688,2,2026-02-06,1,17,45,525,34,6580,True,False
3675,2689,2,2026-04-09,1,2,4,43,3,6582,True,False
3676,2689,2,2026-04-20,1,2,4,43,3,6583,True,False
3677,2690,1,2024-08-06,1,30,92,1065,59,6584,True,False
3678,2690,1,2024-08-03,1,30,92,1065,59,6585,True,False
3679,2690,2,2024-07-31,1,30,92,1065,59,6586,True,False
3680,2690,2,2024-08-14,1,30,92,1065,59,6587,True,False
3681,2691,1,2025-09-11,1,4,9,97,8,6589,True,False
3682,2692,1,2025-06-29,1,21,61,710,41,6592,True,False
3683,2693,1,2026-06-07,1,4,10,107,7,6593,True,False
3684,2693,1,2026-06-22,1,4,10,107,7,6594,True,False
3685,2693,1,2026-07-01,1,4,10,107,7,6595,True,False
3686,2695,1,2026-06-22,1,18,50,584,36,6597,True,False
3687,2695,1,2026-06-17,1,18,50,584,36,6598,True,False
3688,2696,2,2026-01-02,1,27,83,964,53,6599,True,False
3689,2696,1,2026-01-02,1,27,83,964,53,6601,True,False
3690,2697,1,2025-06-21,1,25,75,874,49,6603,True,False
3691,2697,1,2025-06-10,1,25,75,874,49,6605,True,False
3692,2698,1,2024-07-22,1,11,30,344,22,6606,True,False
3693,2698,1,2024-07-16,1,11,30,344,22,6608,True,False
3694,2698,1,2024-07-17,1,11,30,344,22,6609,True,False
3695,2699,1,2025-09-04,1,24,71,832,47,6610,True,False
3696,2699,2,2025-09-30,1,24,71,832,47,6612,True,False
3697,2699,1,2025-09-07,1,24,71,832,47,6613,True,False
3698,2700,1,2026-03-02,1,4,10,111,8,6614,True,False
3699,2701,1,2024-12-10,1,4,11,116,8,6618,True,False
3700,2702,1,2026-07-15,1,5,13,138,9,6619,True,False
3701,2702,1,2026-07-15,1,5,13,138,9,6620,True,False
3702,2703,1,2026-03-24,1,30,91,1049,59,6621,True,False
3703,2705,1,2026-03-02,1,4,11,118,7,6624,True,False
3704,2705,1,2026-03-08,1,4,11,118,7,6625,True,False
3705,2705,1,2026-02-24,1,4,11,118,7,6626,True,False
3706,2706,1,2026-07-13,1,3,7,75,6,6628,True,False
3707,2708,2,2026-08-04,1,23,68,786,45,6630,True,False
3708,2708,2,2026-07-12,1,23,68,786,45,6631,True,False
3709,2708,1,2026-07-28,1,23,68,786,45,6632,True,False
3710,2709,1,2025-05-04,1,21,62,727,42,6634,True,False
3711,2710,2,2026-03-04,1,3,5,61,5,6635,True,False
3712,2711,1,2025-06-07,1,24,72,843,47,6637,True,False
3713,2711,1,2025-06-07,1,24,72,843,47,6640,True,False
3714,2712,1,2025-08-04,1,17,45,522,34,6641,True,False
3715,2715,1,2025-10-30,1,1,1,1,2,6646,True,False
3716,2716,1,2026-04-26,1,28,87,1008,56,6647,True,False
3717,2717,1,2024-10-25,1,2,3,33,4,6648,True,False
3718,2717,1,2024-11-12,1,2,3,33,4,6649,True,False
3719,2718,2,2025-02-22,1,25,76,886,49,6652,True,False
3720,2719,1,2026-02-03,1,23,70,810,46,6654,True,False
3721,2719,1,2026-02-16,1,23,70,810,46,6655,True,False
3722,2722,1,2025-09-15,1,21,62,719,42,6658,True,False
3723,2723,2,2026-02-13,1,4,9,98,8,6660,True,False
3724,2723,2,2026-02-06,1,4,9,98,8,6661,True,False
3725,2724,1,2025-12-28,1,20,60,699,39,6662,True,False
3726,2725,1,2026-02-12,1,26,81,951,51,6663,True,False
3727,2725,1,2026-02-12,1,26,81,951,51,6665,True,False
3728,2726,1,2026-04-03,1,20,57,668,39,6667,True,True
3729,2726,1,2026-03-21,1,20,57,668,39,6668,True,False
3730,2727,2,2024-10-16,1,1,1,10,1,6669,True,False
3731,2728,1,2025-12-11,1,13,33,370,25,6672,True,False
3732,2728,1,2025-11-24,1,13,33,370,25,6673,True,False
3733,2729,1,2026-04-09,1,4,9,98,7,6674,True,False
3734,2729,1,2026-03-19,1,4,9,98,7,6675,True,False
3735,2729,1,2026-03-18,1,4,9,98,7,6676,True,False
3736,2731,1,2025-01-09,1,10,27,302,20,6679,True,False
3737,2731,1,2024-12-29,1,10,27,302,20,6682,True,False
3738,2732,1,2025-02-24,1,4,11,114,7,6683,True,False
3739,2733,1,2026-01-18,1,3,6,67,6,6686,True,False
3740,2734,1,2026-04-26,1,4,11,117,7,6687,True,False
3741,2735,1,2025-04-20,1,1,2,16,1,6689,True,False
3742,2736,1,2026-01-07,1,19,55,644,38,6692,True,False
3743,2736,1,2026-01-21,1,19,55,644,38,6693,True,False
3744,2736,2,2026-01-27,1,19,55,644,38,6694,True,False
3745,2737,1,2024-12-03,1,4,11,120,8,6695,True,False
3746,2737,1,2024-12-16,1,4,11,120,8,6696,True,False
3747,2738,1,2026-03-21,1,4,11,114,8,6701,True,False
3748,2739,1,2026-02-20,1,4,10,106,7,6702,True,False
3749,2739,1,2026-01-22,1,4,10,106,7,6704,True,False
3750,2739,1,2026-01-26,1,4,10,106,7,6705,True,False
3751,2740,2,2024-12-15,1,1,2,20,2,6707,True,False
3752,2742,1,2025-07-02,1,24,71,834,47,6713,True,False
3753,2742,1,2025-06-29,1,24,71,834,47,6715,True,False
3754,2743,1,2025-03-30,1,14,37,420,27,6716,True,False
3755,2743,1,2025-03-17,1,14,37,420,27,6717,True,False
3756,2743,2,2025-03-07,1,14,37,420,27,6718,True,False
3757,2744,1,2026-07-18,1,4,10,109,8,6719,True,False
3758,2744,1,2026-07-25,1,4,10,109,8,6720,True,False
3759,2745,1,2026-06-12,1,4,9,93,8,6723,True,False
3760,2746,1,2025-07-02,1,4,9,98,8,6725,True,False
3761,2747,1,2026-04-06,1,1,1,3,1,6727,True,False
3762,2747,1,2026-04-01,1,1,1,3,1,6728,True,False
3763,2747,1,2026-04-12,1,1,1,3,1,6729,True,False
3764,2749,1,2025-07-31,1,4,11,117,8,6732,True,False
3765,2750,1,2026-07-03,1,1,2,19,1,6733,True,False
3766,2751,1,2024-10-11,1,15,40,463,29,6735,True,False
3767,2752,1,2026-01-25,1,28,86,999,56,6739,True,False
3768,2753,1,2025-09-08,1,23,66,764,45,6741,True,False
3769,2754,1,2025-09-18,1,3,5,58,5,6744,True,False
3770,2754,2,2025-09-06,1,3,5,58,5,6745,True,False
3771,2755,1,2025-06-27,1,1,1,8,1,6747,True,False
3772,2756,1,2024-12-08,1,18,49,566,36,6749,True,False
3773,2757,1,2025-01-27,1,3,7,82,5,6750,True,False
3774,2758,2,2026-02-28,1,3,7,77,5,6754,True,False
3775,2758,1,2026-02-21,1,3,7,77,5,6755,True,False
3776,2759,1,2026-04-19,1,4,10,111,8,6756,True,False
3777,2760,1,2026-02-03,1,4,11,114,8,6759,True,False
3778,2761,1,2026-06-12,1,4,11,118,7,6760,True,False
3779,2762,1,2025-05-13,1,17,46,530,34,6761,True,False
3780,2762,1,2025-05-16,1,17,46,530,34,6763,True,False
3781,2763,1,2026-05-26,1,2,4,51,3,6764,True,False
3782,2763,1,2026-05-20,1,2,4,51,3,6765,True,False
3783,2763,1,2026-06-13,1,2,4,51,3,6766,True,False
3784,2764,1,2026-04-19,1,2,3,30,4,6767,True,False
3785,2765,1,2025-10-18,1,19,52,609,38,6770,True,False
3786,2765,1,2025-10-15,1,19,52,609,38,6771,True,False
3787,2766,1,2026-03-16,1,4,11,116,7,6773,True,False
3788,2766,1,2026-03-26,1,4,11,116,7,6774,True,False
3789,2766,2,2026-03-15,1,4,11,116,7,6775,True,False
3790,2767,1,2025-01-10,1,20,59,688,40,6776,True,False
3791,2768,2,2026-07-23,1,4,10,102,7,6778,True,False
3792,2768,1,2026-07-12,1,4,10,102,7,6779,True,True
3793,2769,1,2024-09-10,1,8,20,228,15,6782,True,False
3794,2770,1,2024-11-18,1,29,89,1032,57,6784,True,False
3795,2770,2,2024-11-03,1,29,89,1032,57,6785,True,False
3796,2770,2,2024-11-23,1,29,89,1032,57,6786,True,False
3797,2771,1,2025-09-09,1,3,6,72,6,6788,True,False
3798,2771,1,2025-09-10,1,3,6,72,6,6789,True,False
3799,2771,2,2025-09-25,1,3,6,72,6,6791,True,False
3800,2773,1,2026-02-13,1,4,11,116,8,6793,True,False
3801,2773,1,2026-02-04,1,4,11,116,8,6794,True,False
3802,2774,1,2026-05-08,1,2,3,39,4,6797,True,False
3803,2774,2,2026-04-22,1,2,3,39,4,6798,True,False
3804,2774,1,2026-05-02,1,2,3,39,4,6799,True,False
3805,2775,1,2026-02-12,1,4,11,118,7,6801,True,False
3806,2775,1,2026-01-24,1,4,11,118,7,6802,True,False
3807,2776,2,2026-04-07,1,30,91,1058,60,6804,True,False
3808,2777,1,2025-03-06,1,14,37,417,28,6805,True,False
3809,2778,1,2025-01-15,1,2,3,31,3,6807,True,False
3810,2778,1,2025-01-30,1,2,3,31,3,6808,True,False
3811,2779,1,2024-10-11,1,12,31,359,23,6809,True,False
3812,2779,2,2024-10-22,1,12,31,359,23,6810,True,False
3813,2779,1,2024-10-11,1,12,31,359,23,6811,True,False
3814,2780,1,2025-03-18,1,13,35,393,25,6813,True,False
3815,2780,1,2025-03-27,1,13,35,393,25,6815,True,False
3816,2781,1,2025-06-17,1,15,39,454,30,6816,True,False
3817,2781,2,2025-06-17,1,15,39,454,30,6818,True,False
3818,2783,1,2026-01-16,1,16,43,497,31,6822,True,False
3819,2786,2,2025-03-12,1,4,11,116,8,6827,True,False
3820,2786,1,2025-03-22,1,4,11,116,8,6829,True,False
3821,2787,1,2026-06-20,1,4,11,114,8,6830,True,False
3822,2787,2,2026-06-18,1,4,11,114,8,6831,True,False
3823,2787,1,2026-06-17,1,4,11,114,8,6832,True,False
3824,2788,1,2025-10-24,1,9,24,263,18,6835,True,False
3825,2789,1,2025-06-05,1,20,59,688,40,6836,True,False
3826,2790,1,2026-03-02,1,1,1,5,1,6838,True,False
3827,2790,1,2026-03-14,1,1,1,5,1,6839,True,False
3828,2791,1,2026-06-23,1,27,83,972,53,6840,True,False
3829,2792,1,2025-05-05,1,8,21,231,15,6843,True,False
3830,2792,1,2025-05-19,1,8,21,231,15,6844,True,False
3831,2794,1,2025-11-02,1,28,86,1000,56,6846,True,False
3832,2794,1,2025-10-28,1,28,86,1000,56,6847,True,False
3833,2795,1,2025-04-05,1,23,68,794,46,6848,True,False
3834,2795,2,2025-04-23,1,23,68,794,46,6849,True,False
3835,2795,2,2025-04-03,1,23,68,794,46,6850,True,False
3836,2796,1,2025-06-04,1,3,6,71,6,6852,True,False
3837,2797,1,2024-07-31,1,13,33,373,26,6855,True,False
3838,2798,1,2026-07-14,1,4,9,93,7,6856,True,False
3839,2799,1,2026-03-24,1,4,10,109,7,6857,True,False
3840,2799,1,2026-03-29,1,4,10,109,7,6858,True,False
3841,2800,2,2026-03-10,1,2,3,38,3,6860,True,False
3842,2801,2,2024-11-07,1,4,9,99,8,6861,True,False
3843,2802,1,2026-06-20,1,4,9,95,8,6866,True,False
3844,2803,1,2024-08-22,1,4,11,116,7,6867,True,False
3845,2803,1,2024-08-22,1,4,11,116,7,6868,True,False
3846,2803,1,2024-08-26,1,4,11,116,7,6870,True,False
3847,2804,1,2026-04-20,1,3,6,64,6,6873,True,False
3848,2805,1,2026-02-06,1,4,10,106,7,6874,True,False
3849,2806,1,2025-05-13,1,28,87,1017,56,6876,True,False
3850,2806,1,2025-04-27,1,28,87,1017,56,6877,True,False
3851,2806,1,2025-05-03,1,28,87,1017,56,6878,True,False
3852,2807,2,2025-02-04,1,16,42,488,31,6879,True,False
3853,2807,1,2025-02-21,1,16,42,488,31,6880,True,False
3854,2808,1,2025-06-20,1,8,21,234,16,6882,True,False
3855,2808,1,2025-07-02,1,8,21,234,16,6884,True,False
3856,2808,1,2025-06-29,1,8,21,234,16,6885,True,False
3857,2809,2,2024-08-13,1,5,12,121,9,6889,True,True
3858,2810,2,2025-09-22,1,25,78,906,50,6892,True,False
3859,2811,1,2026-04-29,1,18,49,561,35,6894,True,False
3860,2812,1,2025-10-20,1,1,1,9,1,6897,True,False
3861,2812,1,2025-11-15,1,1,1,9,1,6898,True,False
3862,2813,1,2025-02-14,1,16,42,492,31,6901,True,False
3863,2813,1,2025-02-23,1,16,42,492,31,6903,True,False
3864,2815,1,2026-01-29,1,4,11,112,8,6906,True,False
3865,2815,1,2026-01-25,1,4,11,112,8,6907,True,False
3866,2815,1,2026-02-04,1,4,11,112,8,6908,True,False
3867,2815,1,2026-02-04,1,4,11,112,8,6909,True,False
3868,2816,1,2026-01-25,1,21,61,716,41,6910,True,False
3869,2816,1,2026-01-19,1,21,61,716,41,6911,True,False
3870,2816,2,2026-01-20,1,21,61,716,41,6912,True,False
3871,2817,2,2025-07-04,1,1,1,12,2,6913,True,False
3872,2818,2,2025-03-25,1,23,68,792,46,6914,True,False
3873,2819,1,2026-07-20,1,4,11,119,7,6916,True,False
3874,2819,1,2026-07-11,1,4,11,119,7,6918,True,False
3875,2820,1,2025-01-12,1,4,9,99,7,6921,True,False
3876,2821,1,2024-10-25,1,19,56,652,38,6922,True,False
3877,2823,1,2025-05-11,1,7,19,215,14,6927,True,False
3878,2824,1,2026-04-05,1,11,30,340,22,6928,True,False
3879,2824,1,2026-03-30,1,11,30,340,22,6929,True,False
3880,2825,1,2025-01-10,1,25,75,870,50,6930,True,False
3881,2826,1,2025-09-01,1,4,9,93,7,6931,True,False
3882,2826,1,2025-08-20,1,4,9,93,7,6933,True,False
3883,2827,1,2026-05-12,1,4,10,109,7,6934,True,False
3884,2827,1,2026-05-25,1,4,10,109,7,6935,True,False
3885,2828,1,2026-06-06,1,4,11,118,8,6937,True,False
3886,2828,1,2026-06-29,1,4,11,118,8,6938,True,False
3887,2829,1,2026-05-07,1,25,76,884,49,6940,True,False
3888,2832,1,2025-05-23,1,10,27,302,20,6944,True,False
3889,2832,1,2025-05-30,1,10,27,302,20,6946,True,False
3890,2833,1,2026-05-31,1,10,28,309,20,6947,True,False
3891,2834,1,2026-05-02,1,21,61,710,42,6948,True,False
3892,2834,1,2026-05-26,1,21,61,710,42,6951,True,False
3893,2835,1,2026-04-26,1,4,9,101,7,6953,True,False
3894,2836,1,2025-06-30,1,19,56,656,38,6954,True,False
3895,2837,1,2025-04-30,1,4,9,97,8,6955,True,False
3896,2837,1,2025-05-20,1,4,9,97,8,6956,True,False
3897,2837,1,2025-05-12,1,4,9,97,8,6957,True,True
3898,2838,2,2026-03-11,1,18,51,586,35,6958,True,False
3899,2839,1,2026-03-29,1,4,10,102,7,6961,True,False
3900,2840,2,2026-06-17,1,24,72,838,47,6962,True,False
3901,2840,1,2026-06-24,1,24,72,838,47,6963,True,True
3902,2840,1,2026-07-04,1,24,72,838,47,6964,True,False
3903,2840,1,2026-06-07,1,24,72,838,47,6965,True,False
3904,2843,1,2026-03-25,1,4,10,102,7,6968,True,False
3905,2843,1,2026-04-05,1,4,10,102,7,6969,True,False
3906,2843,1,2026-03-27,1,4,10,102,7,6970,True,False
3907,2843,2,2026-03-24,1,4,10,102,7,6971,True,False
3908,2845,1,2025-06-18,1,7,19,214,13,6974,True,False
3909,2845,1,2025-06-10,1,7,19,214,13,6975,True,False
3910,2846,1,2025-03-15,1,17,46,529,34,6976,True,False
3911,2847,1,2026-03-09,1,4,10,111,7,6981,True,False
3912,2847,1,2026-02-20,1,4,10,111,7,6982,True,False
3913,2848,1,2025-09-02,1,9,26,291,17,6984,True,False
3914,2849,2,2024-10-29,1,5,14,154,10,6987,True,False
3915,2850,1,2024-11-18,1,19,53,613,38,6988,True,False
3916,2850,2,2024-11-19,1,19,53,613,38,6989,True,False
3917,2850,1,2024-11-19,1,19,53,613,38,6990,True,False
3918,2851,1,2026-01-15,1,1,2,22,2,6992,True,False
3919,2851,2,2026-01-13,1,1,2,22,2,6993,True,False
3920,2851,1,2025-12-17,1,1,2,22,2,6994,True,False
3921,2852,1,2026-01-19,1,25,78,913,50,6998,True,False
3922,2852,1,2026-02-04,1,25,78,913,50,6999,True,False
3923,2853,1,2025-03-18,1,4,10,111,7,7001,True,False
3924,2853,1,2025-03-22,1,4,10,111,7,7002,True,False
3925,2854,1,2026-07-30,1,4,10,103,8,7003,True,False
3926,2854,1,2026-07-27,1,4,10,103,8,7004,True,False
3927,2855,2,2024-08-22,1,27,83,969,54,7005,True,False
3928,2855,1,2024-08-13,1,27,83,969,54,7007,True,False
3929,2860,2,2024-11-13,1,8,21,233,16,7017,True,False
3930,2861,1,2026-07-20,1,4,9,96,7,7018,True,False
3931,2862,1,2025-12-29,1,24,71,827,48,7021,True,False
3932,2862,2,2025-12-23,1,24,71,827,48,7022,True,False
3933,2863,1,2025-02-17,1,28,87,1005,55,7023,True,False
3934,2864,1,2025-01-05,1,16,42,492,32,7025,True,False
3935,2864,2,2025-01-27,1,16,42,492,32,7026,True,True
3936,2864,1,2025-01-16,1,16,42,492,32,7027,True,False
3937,2865,1,2025-12-05,1,17,46,528,34,7029,True,False
3938,2866,2,2026-04-20,1,4,9,97,7,7032,True,False
3939,2866,1,2026-05-08,1,4,9,97,7,7033,True,False
3940,2867,2,2026-01-27,1,19,55,645,37,7035,True,False
3941,2868,1,2026-04-07,1,13,33,370,25,7037,True,False
3942,2869,1,2024-08-29,1,4,10,108,7,7042,True,False
3943,2870,1,2026-07-26,1,4,9,96,8,7043,True,False
3944,2870,1,2026-07-03,1,4,9,96,8,7044,True,False
3945,2870,1,2026-06-27,1,4,9,96,8,7045,True,False
3946,2871,1,2026-06-20,1,4,10,103,7,7046,True,False
3947,2872,1,2025-03-03,1,23,68,794,46,7047,True,False
3948,2872,1,2025-03-07,1,23,68,794,46,7048,True,False
3949,2872,1,2025-02-16,1,23,68,794,46,7049,True,False
3950,2873,1,2025-06-14,1,24,71,834,47,7050,True,False
3951,2874,1,2025-04-19,1,5,12,127,10,7051,True,False
3952,2875,1,2024-09-06,1,30,91,1057,59,7052,True,False
3953,2876,1,2025-11-07,1,13,35,388,26,7056,True,False
3954,2877,1,2024-09-26,1,4,9,99,7,7057,True,False
3955,2877,1,2024-09-07,1,4,9,99,7,7058,True,False
3956,2877,1,2024-09-26,1,4,9,99,7,7059,True,False
3957,2878,1,2026-07-12,1,15,39,447,30,7060,True,False
3958,2879,1,2025-12-23,1,4,11,115,8,7063,True,False
3959,2879,1,2025-11-29,1,4,11,115,8,7064,True,True
3960,2879,1,2025-11-30,1,4,11,115,8,7066,True,False
3961,2880,1,2026-05-11,1,26,79,928,52,7067,True,False
3962,2881,1,2025-03-05,1,4,10,110,7,7068,True,False
3963,2882,1,2026-07-03,1,4,11,120,8,7070,True,False
3964,2882,1,2026-06-22,1,4,11,120,8,7071,True,False
3965,2882,1,2026-06-23,1,4,11,120,8,7072,True,False
3966,2883,1,2025-10-09,1,5,14,148,10,7073,True,False
3967,2884,1,2026-01-01,1,20,60,696,39,7076,True,False
3968,2885,1,2026-05-13,1,29,89,1036,57,7077,True,False
3969,2886,1,2025-01-03,1,11,29,324,22,7079,True,False
3970,2887,1,2026-06-03,1,4,10,108,8,7081,True,False
3971,2888,2,2026-03-24,1,16,43,495,31,7082,True,False
3972,2888,1,2026-03-04,1,16,43,495,31,7083,True,False
3973,2888,2,2026-02-27,1,16,43,495,31,7084,True,False
3974,2888,1,2026-03-28,1,16,43,495,31,7085,True,False
3975,2889,2,2026-04-01,1,2,3,34,3,7086,True,False
3976,2889,1,2026-04-07,1,2,3,34,3,7087,True,False
3977,2889,1,2026-04-02,1,2,3,34,3,7088,True,False
3978,2890,1,2026-01-31,1,29,89,1035,58,7090,True,False
3979,2891,2,2026-05-21,1,4,9,93,8,7092,True,False
3980,2891,1,2026-06-04,1,4,9,93,8,7093,True,False
3981,2891,1,2026-05-13,1,4,9,93,8,7094,True,False
3982,2892,2,2026-03-14,1,4,10,111,8,7096,True,False
3983,2893,1,2025-12-27,1,3,7,81,6,7099,True,False
3984,2894,2,2025-10-25,1,7,19,207,14,7101,True,False
3985,2895,1,2024-12-30,1,22,63,739,44,7103,True,False
3986,2895,1,2025-01-06,1,22,63,739,44,7105,True,False
3987,2895,1,2025-01-15,1,22,63,739,44,7106,True,False
3988,2896,2,2024-09-29,1,26,80,942,52,7107,True,True
3989,2897,1,2026-06-05,1,30,91,1051,60,7110,True,False
3990,2898,1,2025-06-13,1,13,33,370,26,7112,True,False
3991,2899,1,2025-12-02,1,29,90,1046,57,7115,True,False
3992,2900,1,2024-08-12,1,12,32,364,24,7117,True,False
3993,2901,1,2024-08-21,1,1,1,10,2,7118,True,False
3994,2902,1,2025-12-16,1,5,14,152,10,7119,True,False
3995,2902,2,2025-12-25,1,5,14,152,10,7120,True,False
3996,2902,1,2025-12-15,1,5,14,152,10,7121,True,False
3997,2903,1,2024-11-02,1,19,55,648,38,7123,True,False
3998,2904,1,2024-09-13,1,28,88,1025,56,7125,True,False
3999,2904,1,2024-09-24,1,28,88,1025,56,7126,True,False
4000,2904,1,2024-09-23,1,28,88,1025,56,7127,True,False
4001,2905,1,2025-05-04,1,10,28,310,20,7129,True,False
4002,2905,1,2025-05-25,1,10,28,310,20,7130,True,False
4003,2906,1,2024-10-03,1,4,9,95,8,7132,True,False
4004,2906,1,2024-09-04,1,4,9,95,8,7133,True,False
4005,2907,1,2025-12-14,1,27,84,980,54,7134,True,False
4006,2908,1,2025-03-17,1,30,92,1066,60,7135,True,False
4007,2908,1,2025-03-19,1,30,92,1066,60,7136,True,False
4008,2909,1,2024-11-25,1,29,89,1036,57,7137,True,False
4009,2909,2,2024-11-14,1,29,89,1036,57,7138,True,False
4010,2909,1,2024-11-19,1,29,89,1036,57,7139,True,False
4011,2910,1,2026-01-08,1,29,90,1048,57,7141,True,False
4012,2910,1,2025-12-16,1,29,90,1048,57,7143,True,False
4013,2910,1,2025-12-30,1,29,90,1048,57,7144,True,False
4014,2911,1,2026-01-09,1,4,10,110,7,7146,True,False
4015,2912,1,2025-12-11,1,7,18,198,14,7149,True,False
4016,2913,1,2024-12-16,1,4,11,112,7,7152,True,False
4017,2914,1,2025-02-17,1,28,86,999,56,7156,True,False
4018,2915,1,2026-06-09,1,10,27,300,19,7157,True,False
4019,2916,2,2026-03-12,1,25,75,870,50,7159,True,False
4020,2919,1,2025-11-09,1,30,91,1049,60,7164,True,False
4021,2919,1,2025-11-05,1,30,91,1049,60,7167,True,False
4022,2920,1,2025-03-11,1,14,38,441,27,7170,True,False
4023,2921,2,2025-06-26,1,11,29,320,22,7171,True,False
4024,2921,1,2025-07-03,1,11,29,320,22,7173,True,False
4025,2921,1,2025-07-14,1,11,29,320,22,7174,True,False
4026,2924,1,2026-05-18,1,4,11,114,7,7180,True,False
4027,2925,1,2026-06-11,1,25,76,891,49,7181,True,False
4028,2925,1,2026-06-23,1,25,76,891,49,7183,True,False
4029,2926,1,2026-02-01,1,18,51,593,36,7184,True,False
4030,2927,1,2026-06-15,1,4,10,108,7,7185,True,False
4031,2927,2,2026-06-06,1,4,10,108,7,7187,True,False
4032,2929,1,2025-07-04,1,20,60,704,39,7190,True,False
4033,2931,2,2026-07-23,1,4,11,116,8,7193,True,True
4034,2931,1,2026-08-10,1,4,11,116,8,7195,True,False
4035,2932,1,2024-11-06,1,9,24,273,17,7198,True,False
4036,2933,1,2026-01-24,1,4,11,115,8,7200,True,False
4037,2933,1,2026-02-07,1,4,11,115,8,7201,True,False
4038,2934,1,2024-10-27,1,12,31,358,24,7202,True,False
4039,2936,1,2026-03-17,1,11,29,320,22,7206,True,False
4040,2937,2,2026-01-28,1,26,80,930,52,7208,True,False
4041,2937,1,2026-01-29,1,26,80,930,52,7209,True,False
4042,2937,1,2026-01-22,1,26,80,930,52,7210,True,False
4043,2938,1,2025-10-01,1,25,77,894,49,7212,True,False
4044,2940,1,2026-04-24,1,4,9,96,8,7218,True,False
4045,2940,1,2026-04-10,1,4,9,96,8,7219,True,False
4046,2941,1,2025-03-11,1,4,11,118,8,7221,True,False
4047,2941,1,2025-02-28,1,4,11,118,8,7222,True,False
4048,2943,1,2024-10-14,1,24,71,823,47,7224,True,False
4049,2944,2,2024-09-17,1,9,24,267,17,7227,True,False
4050,2945,1,2025-10-01,1,6,15,166,11,7229,True,False
4051,2945,1,2025-09-05,1,6,15,166,11,7230,True,False
4052,2945,1,2025-09-08,1,6,15,166,11,7231,True,False
4053,2946,1,2026-05-27,1,1,2,27,2,7232,True,False
4054,2946,1,2026-05-20,1,1,2,27,2,7233,True,False
4055,2946,1,2026-04-28,1,1,2,27,2,7234,True,False
4056,2948,1,2026-02-13,1,4,9,101,7,7238,True,False
4057,2949,1,2026-03-28,1,4,10,106,7,7241,True,False
4058,2950,2,2026-05-11,1,12,31,350,23,7243,True,False
4059,2952,1,2025-10-31,1,4,10,107,7,7245,True,False
4060,2953,1,2025-01-13,1,4,11,117,7,7247,True,False
4061,2954,1,2026-07-12,1,3,7,75,6,7249,True,False
4062,2954,1,2026-07-25,1,3,7,75,6,7250,True,False
4063,2954,1,2026-07-22,1,3,7,75,6,7251,True,False
4064,2955,1,2026-03-05,1,6,16,169,12,7252,True,False
4065,2955,1,2026-03-06,1,6,16,169,12,7253,True,False
4066,2956,1,2025-08-19,1,17,46,532,33,7254,True,False
4067,2956,1,2025-09-08,1,17,46,532,33,7255,True,False
4068,2956,1,2025-09-01,1,17,46,532,33,7256,True,False
4069,2957,1,2025-10-31,1,12,32,362,24,7258,True,False
4070,2958,1,2026-02-12,1,4,9,100,8,7259,True,False
4071,2959,1,2026-01-29,1,10,27,302,19,7260,True,False
4072,2960,1,2025-02-20,1,30,91,1058,60,7261,True,False
4073,2960,1,2025-02-01,1,30,91,1058,60,7262,True,False
4074,2960,1,2025-02-12,1,30,91,1058,60,7264,True,False
4075,2961,1,2025-04-04,1,11,29,319,22,7265,True,False
4076,2961,1,2025-04-09,1,11,29,319,22,7267,True,False
4077,2962,1,2025-01-22,1,13,35,392,26,7269,True,False
4078,2962,1,2025-01-14,1,13,35,392,26,7270,True,False
4079,2964,2,2025-10-15,1,4,10,111,7,7274,True,False
4080,2965,1,2025-12-12,1,25,75,869,49,7277,True,False
4081,2966,2,2025-05-01,1,3,7,76,5,7278,True,False
4082,2967,1,2026-06-10,1,11,29,326,21,7280,True,False
4083,2967,1,2026-05-30,1,11,29,326,21,7281,True,False
4084,2967,1,2026-06-06,1,11,29,326,21,7283,True,False
4085,2968,1,2026-06-02,1,29,89,1036,57,7284,True,False
4086,2968,1,2026-06-04,1,29,89,1036,57,7285,True,False
4087,2969,2,2024-07-23,1,29,89,1028,57,7286,True,False
4088,2969,1,2024-08-02,1,29,89,1028,57,7287,True,False
4089,2969,1,2024-08-22,1,29,89,1028,57,7288,True,False
4090,2970,2,2025-05-10,1,5,13,133,9,7290,True,False
4091,2971,1,2024-10-05,1,23,68,789,45,7294,True,False
4092,2971,1,2024-09-21,1,23,68,789,45,7295,True,False
4093,2972,2,2026-05-24,1,30,92,1067,59,7298,True,False
4094,2972,1,2026-05-20,1,30,92,1067,59,7299,True,False
4095,2973,1,2026-04-02,1,3,8,89,5,7300,True,False
4096,2974,1,2025-12-17,1,25,76,887,50,7301,True,False
4097,2974,1,2025-12-20,1,25,76,887,50,7302,True,False
4098,2975,2,2026-06-29,1,20,60,704,39,7303,True,False
4099,2975,1,2026-06-05,1,20,60,704,39,7305,True,False
4100,2976,1,2025-12-09,1,3,5,62,6,7308,True,False
4101,2976,1,2025-12-25,1,3,5,62,6,7309,True,False
4102,2977,1,2024-12-02,1,27,84,976,53,7310,True,False
4103,2977,2,2024-12-05,1,27,84,976,53,7311,True,False
4104,2978,2,2024-10-31,1,4,9,96,8,7314,True,False
4105,2978,2,2024-10-11,1,4,9,96,8,7315,True,False
4106,2978,1,2024-10-09,1,4,9,96,8,7317,True,True
4107,2979,1,2024-09-11,1,18,51,596,36,7318,True,False
4108,2980,1,2025-02-03,1,15,40,456,29,7319,True,False
4109,2981,1,2025-02-27,1,16,41,469,32,7320,True,False
4110,2982,1,2024-12-01,1,9,25,280,17,7322,True,True
4111,2982,1,2024-11-26,1,9,25,280,17,7323,True,False
4112,2984,1,2026-04-18,1,19,55,640,37,7328,True,False
4113,2985,1,2026-05-18,1,27,84,980,54,7329,True,False
4114,2985,1,2026-05-11,1,27,84,980,54,7330,True,False
4115,2985,1,2026-05-29,1,27,84,980,54,7331,True,False
4116,2986,1,2026-07-21,1,13,34,385,26,7332,True,False
4117,2986,2,2026-08-01,1,13,34,385,26,7333,True,False
4118,2987,2,2025-12-27,1,18,50,576,35,7336,True,False
4119,2988,1,2026-06-25,1,24,73,850,48,7339,True,False
4120,2988,1,2026-07-09,1,24,73,850,48,7340,True,False
4121,2990,1,2025-07-17,1,30,91,1055,60,7343,True,False
4122,2990,1,2025-07-27,1,30,91,1055,60,7344,True,False
4123,2991,1,2025-04-14,1,2,4,41,4,7346,True,False
4124,2992,2,2026-03-09,1,4,11,115,8,7347,True,False
4125,2993,2,2025-03-30,1,2,4,50,4,7348,True,False
4126,2993,1,2025-03-31,1,2,4,50,4,7350,True,False
4127,2996,1,2024-08-11,1,4,10,102,8,7357,True,False
4128,2996,1,2024-08-07,1,4,10,102,8,7358,True,False
4129,2997,2,2025-02-18,1,9,25,282,17,7359,True,False
4130,2998,1,2026-03-12,1,5,13,134,10,7360,True,False
4131,2998,1,2026-02-26,1,5,13,134,10,7361,True,False
4132,2999,1,2025-12-28,1,13,34,381,26,7362,True,False
4133,2999,1,2025-12-25,1,13,34,381,26,7365,True,False
4134,3000,1,2024-12-13,1,8,20,216,16,7366,True,False
4135,3000,1,2024-12-01,1,8,20,216,16,7367,True,False
4136,3001,2,2026-01-28,1,30,91,1054,59,7368,True,False
4137,3001,2,2026-02-01,1,30,91,1054,59,7369,True,False
4138,3001,1,2026-02-16,1,30,91,1054,59,7370,True,False
4139,3002,2,2026-02-17,1,4,11,112,8,7373,True,False
4140,3002,1,2026-02-17,1,4,11,112,8,7374,True,False
4141,3004,1,2024-10-09,1,9,24,264,18,7378,True,False
4142,3005,1,2025-10-23,1,26,81,951,51,7379,True,False
4143,3006,1,2025-05-01,1,3,6,69,5,7380,True,False
4144,3006,1,2025-04-20,1,3,6,69,5,7381,True,True
4145,3009,2,2025-08-14,1,24,74,863,48,7388,True,False
4146,3010,1,2025-11-20,1,20,58,680,40,7390,True,False
4147,3010,1,2025-11-15,1,20,58,680,40,7391,True,False
4148,3011,1,2025-04-27,1,28,87,1005,55,7392,True,False
4149,3012,1,2025-09-17,1,3,6,74,5,7394,True,False
4150,3012,1,2025-09-02,1,3,6,74,5,7396,True,False
4151,3013,1,2024-09-30,1,3,8,90,6,7398,True,False
4152,3013,2,2024-09-27,1,3,8,90,6,7399,True,False
4153,3014,1,2024-11-04,1,18,51,596,36,7402,True,False
4154,3016,1,2025-11-12,1,3,8,88,5,7405,True,False
4155,3017,1,2025-04-17,1,24,73,851,47,7409,True,False
4156,3017,1,2025-04-21,1,24,73,851,47,7410,True,False
4157,3018,1,2026-07-25,1,4,9,95,7,7413,True,False
4158,3019,1,2026-04-28,1,23,69,804,45,7415,True,False
4159,3019,1,2026-04-20,1,23,69,804,45,7416,True,False
4160,3020,1,2025-06-06,1,4,11,118,7,7419,True,False
4161,3021,1,2026-03-17,1,26,79,917,51,7420,True,False
4162,3022,1,2026-06-21,1,5,14,144,9,7423,True,False
4163,3023,1,2026-02-04,1,4,9,93,7,7424,True,False
4164,3023,1,2026-02-20,1,4,9,93,7,7425,True,False
4165,3025,1,2025-02-15,1,15,39,449,29,7428,True,False
4166,3027,2,2026-02-18,1,4,11,120,7,7434,True,False
4167,3027,1,2026-02-28,1,4,11,120,7,7435,True,False
4168,3028,2,2026-06-01,1,28,85,991,55,7436,True,False
4169,3028,1,2026-06-08,1,28,85,991,55,7438,True,False
4170,3029,1,2025-08-17,1,13,34,383,26,7441,True,False
4171,3031,1,2024-09-18,1,9,25,277,17,7443,True,False
4172,3031,1,2024-09-14,1,9,25,277,17,7444,True,False
4173,3031,1,2024-09-22,1,9,25,277,17,7445,True,False
4174,3032,1,2024-12-17,1,28,88,1025,56,7446,True,False
4175,3032,1,2024-12-23,1,28,88,1025,56,7447,True,False
4176,3034,1,2024-08-22,1,28,87,1008,56,7451,True,False
4177,3035,2,2026-04-25,1,5,13,136,9,7452,True,False
4178,3036,1,2025-06-05,1,1,2,19,2,7454,True,False
4179,3037,1,2024-12-15,1,9,24,265,17,7457,True,False
4180,3038,1,2024-11-20,1,3,7,77,5,7460,True,False
4181,3039,1,2026-05-06,1,27,83,970,54,7463,True,False
4182,3040,1,2026-04-11,1,17,47,544,34,7464,True,False
4183,3040,1,2026-03-17,1,17,47,544,34,7465,True,False
4184,3040,1,2026-04-14,1,17,47,544,34,7467,True,False
4185,3041,1,2024-08-24,1,7,18,198,14,7468,True,False
4186,3042,1,2026-05-15,1,1,1,13,1,7469,True,False
4187,3042,2,2026-05-07,1,1,1,13,1,7470,True,False
4188,3042,1,2026-05-31,1,1,1,13,1,7471,True,False
4189,3042,1,2026-05-29,1,1,1,13,1,7472,True,False
4190,3043,2,2025-03-08,1,8,20,218,15,7473,True,False
4191,3044,1,2025-04-07,1,4,10,103,8,7475,True,False
4192,3047,1,2024-11-10,1,2,4,40,4,7481,True,False
4193,3048,1,2025-04-24,1,29,89,1031,57,7486,True,False
4194,3048,1,2025-04-29,1,29,89,1031,57,7487,True,False
4195,3048,1,2025-05-01,1,29,89,1031,57,7488,True,False
4196,3049,1,2024-09-19,1,19,52,604,38,7489,True,False
4197,3049,2,2024-09-11,1,19,52,604,38,7491,True,False
4198,3050,1,2026-05-21,1,16,41,476,32,7492,True,False
4199,3050,1,2026-06-12,1,16,41,476,32,7493,True,False
4200,3051,1,2025-07-20,1,22,64,748,44,7494,True,False
4201,3052,2,2026-02-18,1,4,11,112,7,7495,True,True
4202,3054,1,2026-03-04,1,21,62,718,42,7500,True,False
4203,3055,1,2025-07-01,1,4,11,114,8,7501,True,False
4204,3055,2,2025-06-19,1,4,11,114,8,7503,True,False
4205,3056,1,2026-07-18,1,3,6,68,6,7504,True,False
4206,3056,1,2026-07-09,1,3,6,68,6,7505,True,False
4207,3056,2,2026-07-20,1,3,6,68,6,7506,True,False
4208,3057,1,2024-10-15,1,30,91,1054,60,7508,True,False
4209,3059,1,2025-02-17,1,4,10,104,7,7511,True,False
4210,3060,1,2025-05-28,1,15,39,450,30,7513,True,False
4211,3060,1,2025-06-07,1,15,39,450,30,7514,True,False
4212,3062,2,2025-01-02,1,21,61,710,42,7517,True,False
4213,3062,1,2024-12-19,1,21,61,710,42,7518,True,False
4214,3064,2,2025-12-08,1,4,10,102,8,7520,True,False
4215,3064,1,2025-11-19,1,4,10,102,8,7521,True,False
4216,3065,1,2026-05-04,1,4,10,111,7,7523,True,False
4217,3066,2,2026-05-17,1,27,84,974,53,7526,True,False
4218,3066,1,2026-05-27,1,27,84,974,53,7528,True,False
4219,3067,2,2026-06-17,1,4,11,119,7,7529,True,False
4220,3068,1,2024-11-20,1,4,11,120,8,7531,True,False
4221,3070,1,2026-05-28,1,4,10,106,7,7538,True,False
4222,3071,1,2025-01-29,1,12,32,366,24,7542,True,False
4223,3073,1,2024-12-24,1,4,9,97,7,7546,True,False
4224,3074,1,2026-06-01,1,10,27,298,20,7550,True,False
4225,3075,1,2026-03-16,1,16,43,504,31,7551,True,False
4226,3075,1,2026-03-09,1,16,43,504,31,7552,True,False
4227,3075,1,2026-03-12,1,16,43,504,31,7553,True,False
4228,3076,1,2025-07-16,1,4,11,119,7,7554,True,False
4229,3076,1,2025-07-10,1,4,11,119,7,7555,True,False
4230,3076,1,2025-07-04,1,4,11,119,7,7556,True,False
4231,3077,1,2026-03-03,1,28,87,1010,56,7557,True,False
4232,3077,1,2026-03-12,1,28,87,1010,56,7558,True,False
4233,3078,1,2026-06-10,1,1,2,23,2,7561,True,False
4234,3078,1,2026-06-21,1,1,2,23,2,7562,True,False
4235,3079,1,2024-11-05,1,4,10,109,8,7563,True,False
4236,3079,1,2024-10-12,1,4,10,109,8,7565,True,False
4237,3080,1,2024-11-11,1,14,36,416,27,7567,True,False
4238,3080,1,2024-11-25,1,14,36,416,27,7568,True,False
4239,3080,1,2024-11-08,1,14,36,416,27,7569,True,False
4240,3081,1,2026-07-26,1,12,31,354,23,7571,True,False
4241,3081,1,2026-07-29,1,12,31,354,23,7572,True,False
4242,3081,2,2026-07-10,1,12,31,354,23,7573,True,False
4243,3082,1,2024-07-26,1,3,5,55,5,7574,True,False
4244,3082,1,2024-08-13,1,3,5,55,5,7575,True,False
4245,3083,1,2026-01-27,1,4,10,108,8,7577,True,False
4246,3083,2,2026-02-06,1,4,10,108,8,7578,True,False
4247,3083,2,2026-01-17,1,4,10,108,8,7579,True,False
4248,3084,1,2025-12-07,1,11,29,330,22,7580,True,False
4249,3084,1,2025-12-02,1,11,29,330,22,7582,True,False
4250,3086,1,2026-03-22,1,4,9,97,7,7586,True,False
4251,3087,1,2024-12-16,1,4,9,98,7,7587,True,False
4252,3087,1,2024-12-11,1,4,9,98,7,7588,True,False
4253,3087,2,2024-12-04,1,4,9,98,7,7589,True,False
4254,3087,2,2024-11-18,1,4,9,98,7,7590,True,False
4255,3088,1,2024-08-02,1,4,11,118,8,7591,True,False
4256,3090,1,2025-08-12,1,15,39,449,30,7595,True,False
4257,3091,1,2026-01-22,1,4,10,103,8,7599,True,False
4258,3092,1,2026-07-21,1,4,11,120,7,7602,True,False
4259,3093,1,2026-05-20,1,4,10,103,7,7604,True,False
4260,3093,1,2026-06-05,1,4,10,103,7,7605,True,False
4261,3093,1,2026-06-02,1,4,10,103,7,7606,True,False
4262,3094,1,2024-12-26,1,11,30,343,21,7607,True,False
4263,3095,1,2025-11-17,1,13,34,379,26,7609,True,False
4264,3096,1,2025-07-15,1,4,10,108,7,7611,True,False
4265,3096,1,2025-08-04,1,4,10,108,7,7614,True,False
4266,3097,1,2025-06-20,1,15,39,445,30,7615,True,False
4267,3097,1,2025-07-07,1,15,39,445,30,7617,True,False
4268,3098,1,2025-07-14,1,13,35,394,25,7618,True,False
4269,3100,1,2026-03-31,1,4,11,120,7,7622,True,False
4270,3100,1,2026-04-18,1,4,11,120,7,7623,True,False
4271,3100,1,2026-04-10,1,4,11,120,7,7624,True,False
4272,3101,1,2024-10-28,1,4,10,105,7,7626,True,False
4273,3102,1,2025-10-01,1,15,39,449,29,7629,True,False
4274,3102,1,2025-09-20,1,15,39,449,29,7630,True,False
4275,3102,2,2025-09-16,1,15,39,449,29,7631,True,False
4276,3102,1,2025-09-21,1,15,39,449,29,7632,True,False
4277,3103,1,2025-05-11,1,30,92,1068,59,7633,True,False
4278,3104,1,2025-07-23,1,14,37,425,27,7635,True,False
4279,3105,1,2026-05-08,1,4,10,109,8,7637,True,False
4280,3106,1,2024-09-27,1,29,90,1044,57,7638,True,False
4281,3106,1,2024-09-07,1,29,90,1044,57,7640,True,False
4282,3107,1,2024-08-28,1,1,2,21,1,7641,True,False
4283,3107,1,2024-09-03,1,1,2,21,1,7642,True,False
4284,3108,1,2026-07-18,1,4,11,118,7,7643,True,False
4285,3110,1,2026-04-09,1,4,11,115,8,7645,True,False
4286,3111,1,2024-08-11,1,22,65,761,44,7647,True,True
4287,3111,1,2024-08-13,1,22,65,761,44,7648,True,False
4288,3112,1,2026-02-10,1,4,9,101,7,7649,True,False
4289,3113,1,2026-02-14,1,4,11,117,8,7652,True,False
4290,3115,1,2026-05-25,1,12,32,361,23,7655,True,False
4291,3116,2,2026-08-02,1,5,12,127,9,7657,True,False
4292,3117,1,2025-05-07,1,4,10,107,7,7660,True,False
4293,3117,2,2025-04-23,1,4,10,107,7,7661,True,False
4294,3118,2,2025-11-01,1,29,90,1038,57,7662,True,True
4295,3119,1,2026-04-06,1,22,65,760,43,7665,True,False
4296,3121,1,2024-08-01,1,28,85,994,56,7668,True,False
4297,3121,1,2024-08-14,1,28,85,994,56,7669,True,False
4298,3121,1,2024-08-23,1,28,85,994,56,7671,True,False
4299,3122,1,2025-08-24,1,20,58,683,40,7673,True,False
4300,3123,2,2025-09-29,1,10,27,301,19,7675,True,False
4301,3125,1,2026-07-17,1,4,10,110,8,7680,True,False
4302,3125,1,2026-07-10,1,4,10,110,8,7682,True,False
4303,3126,1,2025-08-08,1,4,10,103,8,7686,True,False
4304,3128,1,2026-01-27,1,30,92,1068,60,7688,True,False
4305,3128,1,2026-02-05,1,30,92,1068,60,7689,True,False
4306,3128,1,2026-02-01,1,30,92,1068,60,7690,True,False
4307,3130,1,2025-06-12,1,4,11,117,7,7693,True,True
4308,3131,1,2024-12-09,1,18,49,560,36,7694,True,False
4309,3139,1,2026-02-22,1,4,11,112,8,7704,True,False
4310,3139,1,2026-02-01,1,4,11,112,8,7706,True,False
4311,3140,1,2025-06-19,1,16,42,485,31,7708,True,False
4312,3140,1,2025-06-26,1,16,42,485,31,7709,True,False
4313,3141,1,2025-10-09,1,21,62,728,42,7711,True,False
4314,3142,1,2026-05-26,1,4,9,98,7,7714,True,False
4315,3142,1,2026-06-09,1,4,9,98,7,7715,True,False
4316,3143,1,2026-05-22,1,4,9,94,7,7716,True,False
4317,3144,1,2025-01-21,1,3,7,79,5,7718,True,False
4318,3144,1,2025-02-06,1,3,7,79,5,7719,True,False
4319,3146,1,2025-05-05,1,25,78,913,49,7721,True,False
4320,3146,1,2025-04-24,1,25,78,913,49,7722,True,False
4321,3147,1,2024-08-17,1,20,58,676,39,7723,True,False
4322,3148,1,2025-10-06,1,19,55,643,37,7727,True,False
4323,3149,1,2026-07-12,1,14,37,428,27,7731,True,False
4324,3150,1,2025-08-15,1,15,39,449,30,7733,True,False
4325,3150,2,2025-08-17,1,15,39,449,30,7734,True,False
4326,3152,1,2024-11-12,1,4,10,103,7,7736,True,False
4327,3155,1,2024-10-30,1,19,53,620,38,7740,True,False
4328,3156,1,2026-05-02,1,6,17,184,12,7741,True,False
4329,3156,1,2026-05-02,1,6,17,184,12,7742,True,False
4330,3156,2,2026-05-22,1,6,17,184,12,7744,True,False
4331,3157,1,2025-02-07,1,8,20,222,16,7745,True,False
4332,3157,1,2025-01-29,1,8,20,222,16,7746,True,False
4333,3158,2,2025-08-31,1,2,4,50,4,7748,True,False
4334,3158,1,2025-08-15,1,2,4,50,4,7750,True,False
4335,3158,1,2025-08-18,1,2,4,50,4,7751,True,False
4336,3160,1,2026-03-04,1,4,11,118,8,7753,True,False
4337,3160,2,2026-02-21,1,4,11,118,8,7754,True,False
4338,3160,1,2026-02-07,1,4,11,118,8,7755,True,False
4339,3160,1,2026-02-27,1,4,11,118,8,7756,True,False
4340,3161,1,2024-10-04,1,20,58,676,40,7758,True,False
4341,3162,1,2025-03-01,1,3,7,76,5,7759,True,False
4342,3162,1,2025-02-24,1,3,7,76,5,7760,True,False
4343,3163,1,2025-01-27,1,3,8,85,5,7762,True,False
4344,3164,2,2025-12-26,1,26,80,941,51,7765,True,False
4345,3164,2,2026-01-06,1,26,80,941,51,7766,True,False
4346,3164,1,2026-01-17,1,26,80,941,51,7767,True,False
4347,3165,1,2026-04-16,1,7,18,202,14,7768,True,False
4348,3165,1,2026-04-16,1,7,18,202,14,7769,True,False
4349,3165,1,2026-04-18,1,7,18,202,14,7770,True,False
4350,3167,2,2025-03-26,1,14,38,436,28,7772,True,False
4351,3167,2,2025-04-13,1,14,38,436,28,7773,True,False
4352,3167,2,2025-04-03,1,14,38,436,28,7774,True,False
4353,3169,1,2024-08-11,1,22,64,746,43,7777,True,False
4354,3170,1,2026-01-31,1,4,10,103,8,7779,True,False
4355,3170,1,2026-01-27,1,4,10,103,8,7780,True,False
4356,3170,1,2026-01-28,1,4,10,103,8,7781,True,False
4357,3171,1,2026-03-18,1,22,64,741,43,7782,True,False
4358,3172,2,2024-12-05,1,10,28,311,19,7783,True,False
4359,3172,2,2024-11-29,1,10,28,311,19,7786,True,False
4360,3173,2,2025-03-24,1,28,86,1003,55,7787,True,False
4361,3173,1,2025-04-13,1,28,86,1003,55,7788,True,False
4362,3173,1,2025-04-02,1,28,86,1003,55,7789,True,False
4363,3174,1,2024-11-04,1,10,27,301,20,7791,True,False
4364,3174,1,2024-11-20,1,10,27,301,20,7792,True,False
4365,3175,1,2025-07-31,1,24,71,829,47,7794,True,False
4366,3176,1,2026-02-10,1,4,10,107,8,7795,True,False
4367,3176,1,2026-02-02,1,4,10,107,8,7797,True,False
4368,3177,2,2026-06-23,1,4,11,117,7,7798,True,False
4369,3177,1,2026-06-27,1,4,11,117,7,7799,True,False
4370,3177,1,2026-07-06,1,4,11,117,7,7800,True,False
4371,3177,2,2026-07-04,1,4,11,117,7,7801,True,True
4372,3182,1,2025-10-01,1,4,10,102,7,7812,True,False
4373,3182,1,2025-09-18,1,4,10,102,7,7813,True,False
4374,3184,1,2025-11-29,1,17,44,506,34,7816,True,False
4375,3185,1,2024-12-23,1,1,1,1,1,7818,True,False
4376,3185,1,2024-12-06,1,1,1,1,1,7819,True,False
4377,3187,1,2026-04-14,1,4,10,109,7,7823,True,False
4378,3188,2,2024-12-05,1,4,11,113,8,7824,True,False
4379,3190,1,2025-02-20,1,11,29,326,22,7829,True,False
4380,3190,2,2025-02-19,1,11,29,326,22,7831,True,False
4381,3190,1,2025-03-05,1,11,29,326,22,7832,True,False
4382,3191,1,2026-06-11,1,4,10,105,8,7833,True,False
4383,3191,1,2026-06-09,1,4,10,105,8,7835,True,False
4384,3193,1,2026-02-14,1,4,9,98,8,7838,True,False
4385,3193,1,2026-02-09,1,4,9,98,8,7839,True,False
4386,3194,1,2025-07-10,1,15,39,449,30,7841,True,True
4387,3194,1,2025-07-19,1,15,39,449,30,7842,True,False
4388,3195,1,2026-04-23,1,12,32,365,23,7844,True,False
4389,3195,1,2026-05-04,1,12,32,365,23,7846,True,False
4390,3196,1,2025-08-17,1,17,47,542,34,7848,True,False
4391,3197,2,2026-06-16,1,7,19,215,14,7849,True,False
4392,3197,1,2026-06-06,1,7,19,215,14,7850,True,False
4393,3197,1,2026-06-13,1,7,19,215,14,7851,True,False
4394,3197,1,2026-05-19,1,7,19,215,14,7852,True,False
4395,3198,1,2024-10-13,1,14,36,415,27,7854,True,False
4396,3200,1,2025-06-04,1,12,31,354,23,7857,True,False
4397,3201,1,2025-08-27,1,13,33,376,26,7861,True,False
4398,3202,1,2025-05-17,1,30,91,1057,59,7864,True,False
4399,3202,1,2025-05-18,1,30,91,1057,59,7865,True,False
4400,3203,1,2025-11-09,1,10,27,296,20,7866,True,False
4401,3203,1,2025-11-01,1,10,27,296,20,7867,True,False
4402,3205,1,2026-06-09,1,24,71,831,48,7870,True,False
4403,3207,1,2024-10-17,1,11,30,346,22,7874,True,False
4404,3208,2,2026-06-23,1,22,63,732,43,7878,True,False
4405,3208,1,2026-07-04,1,22,63,732,43,7879,True,False
4406,3209,1,2026-05-22,1,4,9,93,7,7880,True,False
4407,3210,1,2026-05-21,1,4,10,108,7,7882,True,False
4408,3210,1,2026-05-20,1,4,10,108,7,7883,True,False
4409,3210,1,2026-05-12,1,4,10,108,7,7884,True,False
4410,3211,1,2025-12-14,1,14,36,414,28,7885,True,False
4411,3211,2,2025-12-18,1,14,36,414,28,7886,True,False
4412,3212,1,2025-12-03,1,2,3,29,4,7887,True,True
4413,3212,2,2025-11-14,1,2,3,29,4,7888,True,False
4414,3213,1,2024-12-04,1,19,54,634,38,7890,True,False
4415,3213,1,2024-11-18,1,19,54,634,38,7892,True,False
4416,3214,1,2024-08-07,1,23,70,818,46,7894,True,False
4417,3215,2,2026-04-30,1,4,10,108,7,7896,True,False
4418,3216,2,2024-10-16,1,10,27,297,20,7897,True,False
4419,3216,1,2024-10-17,1,10,27,297,20,7898,True,False
4420,3216,1,2024-10-22,1,10,27,297,20,7899,True,False
4421,3217,1,2024-11-18,1,14,38,439,27,7900,True,False
4422,3217,1,2024-11-28,1,14,38,439,27,7901,True,False
4423,3218,2,2026-03-19,1,21,62,720,42,7902,True,False
4424,3219,1,2025-04-02,1,4,11,114,8,7904,True,True
4425,3219,1,2025-03-21,1,4,11,114,8,7906,True,False
4426,3220,2,2026-03-05,1,4,10,107,8,7907,True,False
4427,3221,2,2026-05-06,1,17,46,529,34,7909,True,False
4428,3221,1,2026-05-05,1,17,46,529,34,7910,True,False
4429,3221,1,2026-05-05,1,17,46,529,34,7911,True,False
4430,3222,2,2026-01-08,1,4,11,120,7,7913,True,False
4431,3222,1,2026-01-12,1,4,11,120,7,7914,True,False
4432,3224,1,2025-04-14,1,23,68,793,46,7916,True,False
4433,3225,1,2026-07-04,1,2,3,36,4,7917,True,False
4434,3225,1,2026-06-28,1,2,3,36,4,7919,True,False
4435,3225,1,2026-07-11,1,2,3,36,4,7920,True,False
4436,3226,1,2026-04-29,1,15,40,460,30,7921,True,False
4437,3227,1,2025-10-19,1,23,67,779,45,7925,True,False
4438,3228,1,2024-08-03,1,14,36,405,28,7926,True,False
4439,3229,1,2025-08-30,1,3,7,77,6,7928,True,True
4440,3229,1,2025-08-26,1,3,7,77,6,7929,True,False
4441,3230,2,2025-04-06,1,13,35,397,25,7930,True,False
4442,3230,1,2025-04-01,1,13,35,397,25,7932,True,False
4443,3230,1,2025-04-12,1,13,35,397,25,7933,True,False
4444,3231,1,2025-11-26,1,4,11,117,7,7934,True,False
4445,3233,1,2025-07-07,1,4,9,95,8,7941,True,False
4446,3234,1,2024-10-31,1,4,9,94,7,7946,True,False
4447,3235,1,2025-11-12,1,10,28,313,20,7948,True,False
4448,3235,1,2025-11-15,1,10,28,313,20,7949,True,False
4449,3235,1,2025-11-20,1,10,28,313,20,7950,True,False
4450,3236,1,2025-05-23,1,25,77,896,49,7951,True,False
4451,3236,1,2025-05-04,1,25,77,896,49,7953,True,False
4452,3237,1,2026-02-08,1,4,9,98,8,7954,True,False
4453,3237,1,2026-02-13,1,4,9,98,8,7955,True,False
4454,3237,1,2026-02-22,1,4,9,98,8,7956,True,False
4455,3238,1,2024-09-28,1,20,59,688,39,7957,True,False
4456,3238,1,2024-10-13,1,20,59,688,39,7958,True,False
4457,3239,1,2025-05-24,1,4,11,114,8,7961,True,False
4458,3241,1,2026-06-01,1,13,35,394,25,7963,True,False
4459,3241,1,2026-05-14,1,13,35,394,25,7964,True,False
4460,3242,1,2024-08-09,1,8,20,222,15,7965,True,False
4461,3242,1,2024-07-12,1,8,20,222,15,7966,True,False
4462,3245,1,2026-07-07,1,4,9,100,7,7971,True,False
4463,3246,1,2026-02-01,1,28,86,1000,55,7973,True,False
4464,3246,1,2026-02-23,1,28,86,1000,55,7974,True,False
4465,3247,1,2024-12-14,1,4,11,115,7,7975,True,False
4466,3247,1,2024-12-13,1,4,11,115,7,7976,True,True
4467,3247,1,2024-12-16,1,4,11,115,7,7978,True,False
4468,3248,1,2025-07-30,1,4,9,94,7,7980,True,False
4469,3248,1,2025-08-15,1,4,9,94,7,7982,True,False
4470,3250,1,2026-02-07,1,29,90,1044,57,7985,True,False
4471,3251,1,2025-03-03,1,7,19,211,14,7988,True,False
4472,3251,1,2025-02-14,1,7,19,211,14,7989,True,False
4473,3251,2,2025-02-25,1,7,19,211,14,7990,True,False
4474,3251,1,2025-03-06,1,7,19,211,14,7991,True,False
4475,3252,1,2025-06-05,1,4,10,109,7,7993,True,True
4476,3253,1,2026-04-20,1,4,9,94,8,7995,True,True
4477,3253,1,2026-04-22,1,4,9,94,8,7996,True,False
4478,3254,1,2026-01-28,1,4,11,113,8,7997,True,False
4479,3254,2,2026-01-18,1,4,11,113,8,7998,True,False
4480,3255,1,2025-07-20,1,4,10,108,8,7999,True,False
4481,3256,2,2025-02-10,1,12,32,364,23,8001,True,False
4482,3260,1,2025-06-20,1,4,9,94,8,8008,True,False
4483,3261,2,2026-03-29,1,8,21,229,15,8010,True,False
4484,3262,1,2025-09-15,1,21,61,708,42,8012,True,False
4485,3264,1,2026-04-28,1,4,10,104,7,8017,True,False
4486,3265,2,2026-03-16,1,3,5,55,6,8019,True,False
4487,3265,2,2026-03-02,1,3,5,55,6,8020,True,False
4488,3266,2,2026-07-07,1,4,11,118,8,8024,True,False
4489,3267,1,2026-07-22,1,19,56,655,38,8025,True,False
4490,3267,1,2026-07-01,1,19,56,655,38,8027,True,False
4491,3268,1,2025-02-03,1,13,34,380,26,8029,True,False
4492,3268,1,2025-02-12,1,13,34,380,26,8030,True,False
4493,3270,1,2026-03-10,1,30,92,1062,60,8033,True,False
4494,3270,1,2026-04-02,1,30,92,1062,60,8034,True,False
4495,3270,1,2026-03-17,1,30,92,1062,60,8035,True,False
4496,3271,1,2025-07-12,1,29,90,1043,58,8037,True,False
4497,3271,1,2025-08-04,1,29,90,1043,58,8038,True,False
4498,3271,1,2025-07-23,1,29,90,1043,58,8039,True,False
4499,3272,1,2025-11-18,1,28,87,1014,56,8040,True,False
4500,3272,1,2025-12-08,1,28,87,1014,56,8041,True,False
4501,3272,1,2025-12-03,1,28,87,1014,56,8043,True,False
4502,3273,1,2026-06-10,1,19,53,620,38,8046,True,False
4503,3273,1,2026-06-03,1,19,53,620,38,8047,True,False
4504,3274,1,2025-01-24,1,4,10,106,8,8048,True,False
4505,3275,1,2026-05-11,1,4,10,107,7,8053,True,False
4506,3276,2,2026-02-17,1,21,62,724,41,8054,True,False
4507,3278,1,2026-06-20,1,4,11,114,7,8059,True,False
4508,3278,1,2026-07-03,1,4,11,114,7,8060,True,False
4509,3279,1,2026-03-29,1,4,10,105,7,8062,True,False
4510,3279,1,2026-03-19,1,4,10,105,7,8064,True,False
4511,3280,1,2025-05-18,1,12,32,364,23,8065,True,False
4512,3280,2,2025-05-17,1,12,32,364,23,8066,True,False
4513,3282,1,2024-10-31,1,3,7,80,6,8070,True,False
4514,3284,1,2026-03-12,1,16,42,485,31,8076,True,False
4515,3285,1,2024-08-27,1,3,8,85,5,8079,True,False
4516,3285,1,2024-08-28,1,3,8,85,5,8081,True,False
4517,3287,1,2025-10-13,1,5,12,127,9,8086,True,False
4518,3288,2,2026-03-10,1,26,80,939,51,8088,True,False
4519,3288,1,2026-03-14,1,26,80,939,51,8090,True,False
4520,3288,1,2026-03-12,1,26,80,939,51,8091,True,False
4521,3289,1,2026-06-04,1,27,83,972,53,8092,True,False
4522,3289,2,2026-06-04,1,27,83,972,53,8093,True,False
4523,3289,1,2026-06-07,1,27,83,972,53,8094,True,False
4524,3290,1,2026-04-20,1,9,22,247,18,8096,True,False
4525,3290,2,2026-05-08,1,9,22,247,18,8097,True,False
4526,3290,1,2026-05-05,1,9,22,247,18,8099,True,True
4527,3291,1,2025-03-21,1,21,61,712,42,8100,True,False
4528,3291,1,2025-03-10,1,21,61,712,42,8101,True,False
4529,3291,2,2025-04-05,1,21,61,712,42,8102,True,False
4530,3293,1,2024-12-26,1,14,38,433,28,8105,True,False
4531,3294,1,2025-12-05,1,13,33,374,26,8107,True,False
4532,3294,1,2025-11-26,1,13,33,374,26,8109,True,False
4533,3296,1,2026-04-05,1,29,90,1048,57,8114,True,False
4534,3296,1,2026-03-27,1,29,90,1048,57,8115,True,False
4535,3297,1,2024-09-19,1,3,6,72,5,8117,True,False
4536,3299,1,2026-04-13,1,15,40,464,30,8124,True,False
4537,3300,2,2024-11-14,1,21,61,713,42,8126,True,False
4538,3300,1,2024-11-09,1,21,61,713,42,8127,True,False
4539,3301,1,2025-08-19,1,21,62,721,41,8128,True,False
4540,3301,2,2025-08-13,1,21,62,721,41,8129,True,False
4541,3302,2,2024-09-15,1,4,10,102,7,8131,True,False
4542,3304,1,2024-10-28,1,29,90,1038,57,8136,True,False
4543,3304,1,2024-11-05,1,29,90,1038,57,8137,True,False
4544,3304,1,2024-11-16,1,29,90,1038,57,8138,True,False
4545,3305,1,2025-03-13,1,23,68,791,46,8140,True,False
4546,3305,1,2025-03-13,1,23,68,791,46,8141,True,False
4547,3307,2,2025-04-01,1,14,38,440,28,8143,True,False
4548,3307,1,2025-04-08,1,14,38,440,28,8145,True,False
4549,3307,1,2025-03-24,1,14,38,440,28,8146,True,False
4550,3308,1,2026-07-09,1,4,10,110,7,8147,True,False
4551,3309,1,2025-02-24,1,9,26,295,18,8148,True,False
4552,3309,1,2025-02-18,1,9,26,295,18,8150,True,False
4553,3309,1,2025-02-10,1,9,26,295,18,8151,True,False
4554,3310,1,2025-05-22,1,5,14,151,10,8152,True,False
4555,3310,1,2025-05-28,1,5,14,151,10,8153,True,False
4556,3311,1,2026-06-08,1,4,10,103,8,8154,True,False
4557,3312,1,2025-12-20,1,4,11,118,8,8158,True,False
4558,3314,1,2024-07-25,1,27,83,965,53,8162,True,False
4559,3314,1,2024-07-31,1,27,83,965,53,8163,True,False
4560,3316,1,2026-05-12,1,1,1,10,1,8165,True,False
4561,3316,1,2026-04-14,1,1,1,10,1,8166,True,True
4562,3318,1,2025-06-29,1,8,21,231,16,8168,True,False
4563,3318,1,2025-07-01,1,8,21,231,16,8169,True,False
4564,3318,1,2025-06-20,1,8,21,231,16,8170,True,False
4565,3320,1,2026-06-06,1,25,77,896,49,8173,True,False
4566,3320,2,2026-05-24,1,25,77,896,49,8174,True,True
4567,3321,1,2025-01-11,1,22,65,759,43,8176,True,False
4568,3322,1,2025-07-10,1,11,29,331,21,8177,True,False
4569,3322,1,2025-07-16,1,11,29,331,21,8178,True,False
4570,3322,1,2025-07-15,1,11,29,331,21,8179,True,False
4571,3323,1,2026-04-22,1,6,15,163,12,8181,True,False
4572,3324,1,2025-12-16,1,2,3,29,4,8183,True,False
4573,3325,2,2024-10-06,1,1,1,7,2,8185,True,False
4574,3325,1,2024-09-21,1,1,1,7,2,8186,True,False
4575,3325,1,2024-10-01,1,1,1,7,2,8187,True,False
4576,3327,1,2025-05-04,1,3,7,82,6,8190,True,False
4577,3329,1,2024-11-14,1,15,39,452,30,8192,True,False
4578,3330,1,2024-08-15,1,23,66,764,45,8193,True,False
4579,3330,1,2024-08-23,1,23,66,764,45,8194,True,False
4580,3330,1,2024-08-29,1,23,66,764,45,8195,True,False
4581,3331,1,2025-08-12,1,4,11,115,7,8197,True,False
4582,3331,1,2025-09-07,1,4,11,115,7,8198,True,False
4583,3331,1,2025-08-19,1,4,11,115,7,8200,True,False
4584,3332,1,2026-04-26,1,4,11,116,8,8201,True,False
4585,3332,1,2026-04-30,1,4,11,116,8,8202,True,False
4586,3334,2,2024-08-15,1,13,33,371,25,8204,True,False
4587,3334,1,2024-08-10,1,13,33,371,25,8205,True,False
4588,3334,1,2024-08-03,1,13,33,371,25,8207,True,False
4589,3335,1,2026-04-10,1,15,40,466,30,8208,True,False
4590,3335,2,2026-04-13,1,15,40,466,30,8209,True,False
4591,3335,1,2026-03-31,1,15,40,466,30,8210,True,False
4592,3335,1,2026-04-12,1,15,40,466,30,8211,True,False
4593,3336,1,2025-04-16,1,5,14,153,9,8212,True,True
4594,3336,1,2025-04-01,1,5,14,153,9,8213,True,False
4595,3337,1,2025-02-23,1,29,90,1038,58,8215,True,False
4596,3338,1,2026-06-07,1,4,10,110,8,8216,True,False
4597,3339,1,2025-07-28,1,14,38,435,28,8218,True,False
4598,3340,2,2026-07-12,1,18,51,585,35,8221,True,False
4599,3340,2,2026-07-24,1,18,51,585,35,8222,True,False
4600,3341,1,2026-07-09,1,4,9,96,7,8224,True,False
4601,3342,1,2025-12-02,1,3,5,56,6,8225,True,False
4602,3343,1,2025-06-30,1,15,39,444,30,8226,True,False
4603,3344,1,2025-11-30,1,24,74,867,47,8227,True,False
4604,3344,1,2025-11-09,1,24,74,867,47,8228,True,False
4605,3345,1,2025-12-22,1,30,91,1058,59,8231,True,False
4606,3346,2,2024-10-30,1,24,73,845,47,8234,True,False
4607,3348,1,2026-04-06,1,4,9,100,8,8238,True,False
4608,3348,1,2026-04-01,1,4,9,100,8,8239,True,False
4609,3349,1,2025-09-28,1,4,11,117,7,8240,True,False
4610,3350,2,2026-07-19,1,4,9,94,7,8243,True,False
4611,3351,1,2025-09-10,1,4,10,106,8,8245,True,False
4612,3352,1,2025-12-02,1,18,49,557,35,8246,True,False
4613,3353,1,2025-10-20,1,9,24,271,17,8248,True,False
4614,3354,1,2024-10-14,1,25,78,906,50,8250,True,False
4615,3355,1,2025-10-08,1,4,11,117,8,8252,True,False
4616,3355,1,2025-10-07,1,4,11,117,8,8254,True,False
4617,3355,1,2025-10-28,1,4,11,117,8,8255,True,False
4618,3356,1,2024-10-26,1,9,22,243,17,8256,True,False
4619,3357,1,2024-09-12,1,28,88,1020,56,8258,True,True
4620,3358,1,2026-05-12,1,10,28,309,19,8259,True,False
4621,3359,2,2026-01-06,1,13,33,377,25,8262,True,False
4622,3360,1,2026-03-29,1,30,92,1072,60,8263,True,False
4623,3360,1,2026-04-03,1,30,92,1072,60,8265,True,True
4624,3361,1,2026-07-01,1,4,10,105,7,8268,True,False
4625,3362,1,2025-02-16,1,14,38,437,27,8269,True,False
4626,3363,1,2024-09-24,1,15,40,465,29,8272,True,False
4627,3364,2,2025-05-13,1,17,48,547,34,8273,True,False
4628,3366,2,2024-12-26,1,4,11,119,7,8279,True,False
4629,3366,1,2024-12-07,1,4,11,119,7,8280,True,False
4630,3367,1,2025-12-16,1,18,49,569,36,8284,True,False
4631,3369,1,2026-03-21,1,26,80,937,51,8286,True,False
4632,3370,2,2025-07-08,1,3,6,66,5,8287,True,False
4633,3371,2,2026-03-06,1,27,82,956,54,8290,True,False
4634,3371,1,2026-02-23,1,27,82,956,54,8291,True,False
4635,3371,1,2026-02-27,1,27,82,956,54,8292,True,False
4636,3372,2,2026-04-04,1,24,73,846,47,8293,True,False
4637,3372,1,2026-04-19,1,24,73,846,47,8294,True,False
4638,3373,1,2024-10-05,1,1,1,2,1,8297,True,False
4639,3374,1,2026-02-13,1,4,11,114,8,8300,True,False
4640,3374,1,2026-02-20,1,4,11,114,8,8301,True,False
4641,3375,1,2026-07-12,1,3,5,58,5,8302,True,False
4642,3375,1,2026-07-10,1,3,5,58,5,8303,True,False
4643,3375,2,2026-07-13,1,3,5,58,5,8304,True,False
4644,3376,1,2025-12-31,1,2,4,44,3,8305,True,False
4645,3376,1,2026-01-07,1,2,4,44,3,8307,True,False
4646,3378,1,2026-05-16,1,4,10,108,7,8311,True,False
4647,3379,1,2026-01-23,1,4,10,111,7,8313,True,False
4648,3380,1,2025-07-05,1,1,1,14,2,8314,True,False
4649,3380,1,2025-07-27,1,1,1,14,2,8315,True,False
4650,3381,2,2025-10-27,1,15,40,465,29,8317,True,False
4651,3381,1,2025-10-16,1,15,40,465,29,8319,True,False
4652,3383,1,2026-06-22,1,4,10,109,7,8323,True,False
4653,3385,1,2025-01-31,1,29,90,1040,57,8326,True,False
4654,3386,2,2026-04-26,1,16,42,484,31,8327,True,False
4655,3387,1,2025-06-26,1,1,2,18,2,8328,True,False
4656,3387,1,2025-06-26,1,1,2,18,2,8329,True,False
4657,3388,2,2024-09-13,1,25,75,881,50,8330,True,False
4658,3388,1,2024-10-08,1,25,75,881,50,8332,True,False
4659,3389,2,2026-06-21,1,4,10,105,8,8335,True,False
4660,3390,1,2025-08-12,1,11,29,329,22,8336,True,False
4661,3391,2,2025-04-18,1,18,50,571,36,8338,True,False
4662,3392,1,2026-01-01,1,18,49,567,36,8339,True,False
4663,3393,1,2024-12-29,1,9,25,284,17,8341,True,False
4664,3393,1,2025-01-14,1,9,25,284,17,8342,True,False
4665,3393,1,2024-12-27,1,9,25,284,17,8343,True,False
4666,3394,1,2025-02-20,1,3,6,73,6,8346,True,False
4667,3394,2,2025-01-31,1,3,6,73,6,8347,True,False
4668,3395,1,2024-07-27,1,4,10,107,7,8348,True,False
4669,3395,2,2024-07-22,1,4,10,107,7,8350,True,False
4670,3395,1,2024-07-28,1,4,10,107,7,8351,True,False
4671,3396,1,2025-06-13,1,23,67,778,45,8353,True,False
4672,3396,2,2025-07-08,1,23,67,778,45,8355,True,False
4673,3399,1,2025-09-05,1,19,56,654,38,8359,True,False
4674,3399,1,2025-08-19,1,19,56,654,38,8361,True,False
4675,3399,2,2025-08-12,1,19,56,654,38,8362,True,False
4676,3400,2,2025-07-08,1,4,11,113,8,8363,True,False
4677,3401,1,2025-01-26,1,4,11,116,8,8366,True,False
4678,3403,1,2025-07-21,1,4,11,116,7,8369,True,False
4679,3403,1,2025-07-07,1,4,11,116,7,8371,True,False
4680,3404,1,2026-04-14,1,2,4,41,4,8372,True,False
4681,3405,1,2025-05-01,1,18,51,589,36,8373,True,False
4682,3405,2,2025-05-16,1,18,51,589,36,8375,True,False
4683,3408,1,2024-08-24,1,28,85,991,55,8380,True,False
4684,3408,2,2024-08-07,1,28,85,991,55,8381,True,False
4685,3408,1,2024-08-14,1,28,85,991,55,8382,True,False
4686,3410,1,2025-06-01,1,4,10,110,8,8386,True,False
4687,3411,1,2025-03-03,1,4,10,109,8,8390,True,False
4688,3413,1,2025-10-30,1,11,30,343,22,8396,True,False
4689,3414,1,2024-12-21,1,5,14,147,10,8397,True,False
4690,3415,1,2026-01-12,1,7,18,203,14,8399,True,False
4691,3415,2,2025-12-26,1,7,18,203,14,8400,True,False
4692,3416,1,2026-04-28,1,4,10,105,8,8401,True,False
4693,3417,1,2026-02-25,1,4,9,101,8,8404,True,False
4694,3417,2,2026-03-05,1,4,9,101,8,8405,True,False
4695,3418,2,2025-02-10,1,14,36,407,27,8408,True,False
4696,3421,1,2024-08-05,1,25,77,897,50,8412,True,False
4697,3423,1,2026-06-24,1,13,34,383,26,8414,True,False
4698,3423,1,2026-07-21,1,13,34,383,26,8415,True,False
4699,3425,1,2024-11-13,1,5,14,142,9,8418,True,False
4700,3426,1,2026-07-02,1,14,36,412,28,8419,True,False
4701,3427,1,2025-03-19,1,25,75,879,49,8420,True,False
4702,3427,1,2025-03-25,1,25,75,879,49,8421,True,False
4703,3428,1,2025-10-31,1,18,50,584,35,8423,True,False
4704,3428,1,2025-10-30,1,18,50,584,35,8424,True,False
4705,3429,2,2025-01-11,1,27,83,971,53,8428,True,False
4706,3429,1,2025-01-14,1,27,83,971,53,8429,True,False
4707,3430,1,2026-06-18,1,14,38,440,28,8430,True,False
4708,3430,2,2026-06-12,1,14,38,440,28,8431,True,False
4709,3432,1,2024-09-02,1,22,63,735,44,8436,True,False
4710,3433,1,2025-08-28,1,11,29,329,21,8437,True,False
4711,3435,1,2025-05-21,1,19,53,618,38,8441,True,False
4712,3437,1,2026-03-31,1,16,41,474,32,8444,True,False
4713,3437,1,2026-03-30,1,16,41,474,32,8446,True,False
4714,3437,1,2026-03-21,1,16,41,474,32,8447,True,False
4715,3438,2,2024-11-08,1,29,89,1028,58,8448,True,False
4716,3438,1,2024-11-21,1,29,89,1028,58,8449,True,False
4717,3438,1,2024-11-15,1,29,89,1028,58,8451,True,False
4718,3439,1,2026-03-18,1,4,11,119,7,8453,True,False
4719,3440,1,2025-01-25,1,4,11,116,8,8454,True,False
4720,3441,1,2025-04-11,1,25,76,889,50,8457,True,False
4721,3442,1,2025-04-11,1,23,66,768,46,8458,True,False
4722,3443,1,2026-06-11,1,4,9,96,7,8460,True,False
4723,3444,1,2026-07-05,1,30,92,1069,60,8463,True,False
4724,3444,1,2026-06-28,1,30,92,1069,60,8464,True,False
4725,3445,2,2024-10-04,1,13,34,387,25,8465,True,False
4726,3446,1,2026-01-11,1,7,19,215,14,8468,True,False
4727,3447,1,2026-01-06,1,4,9,95,7,8469,True,False
4728,3447,2,2026-01-10,1,4,9,95,7,8470,True,False
4729,3449,1,2024-11-24,1,25,76,885,49,8474,True,False
4730,3450,1,2026-04-20,1,1,1,2,1,8477,True,False
4731,3451,1,2025-03-21,1,1,1,14,2,8478,True,False
4732,3452,1,2026-07-11,1,17,44,506,33,8480,True,False
4733,3453,2,2025-12-10,1,4,10,105,7,8482,True,False
4734,3453,1,2025-12-20,1,4,10,105,7,8483,True,False
4735,3454,1,2026-07-08,1,4,11,115,7,8486,True,False
4736,3456,2,2026-04-06,1,4,9,101,8,8488,True,False
4737,3456,1,2026-04-09,1,4,9,101,8,8489,True,False
4738,3456,1,2026-03-31,1,4,9,101,8,8490,True,False
4739,3459,1,2026-01-23,1,4,9,98,8,8495,True,False
4740,3460,1,2024-12-13,1,9,24,262,18,8496,True,False
4741,3463,1,2025-12-21,1,25,75,874,50,8500,True,False
4742,3464,1,2024-10-02,1,27,83,971,53,8501,True,False
4743,3464,1,2024-09-24,1,27,83,971,53,8502,True,False
4744,3464,2,2024-09-29,1,27,83,971,53,8503,True,False
4745,3465,1,2025-09-27,1,28,86,998,56,8504,True,False
4746,3465,1,2025-09-26,1,28,86,998,56,8506,True,False
4747,3466,1,2026-02-12,1,3,7,83,5,8508,True,False
4748,3467,1,2025-08-26,1,1,1,13,1,8511,True,False
4749,3467,2,2025-07-31,1,1,1,13,1,8513,True,False
4750,3467,1,2025-08-04,1,1,1,13,1,8514,True,False
4751,3468,2,2025-02-25,1,11,29,331,21,8515,True,False
4752,3468,2,2025-03-08,1,11,29,331,21,8516,True,False
4753,3469,1,2024-08-05,1,19,53,611,37,8517,True,False
4754,3469,2,2024-07-21,1,19,53,611,37,8518,True,False
4755,3469,1,2024-08-06,1,19,53,611,37,8519,True,False
4756,3469,1,2024-07-16,1,19,53,611,37,8520,True,False
4757,3470,1,2025-03-16,1,1,1,10,2,8522,True,False
4758,3471,1,2024-12-17,1,21,62,727,41,8523,True,False
4759,3474,2,2026-07-22,1,4,11,120,8,8527,True,False
4760,3474,1,2026-07-27,1,4,11,120,8,8529,True,False
4761,3475,1,2025-06-04,1,20,58,680,40,8531,True,False
4762,3475,1,2025-06-01,1,20,58,680,40,8532,True,False
4763,3475,1,2025-06-21,1,20,58,680,40,8533,True,False
4764,3476,1,2024-11-28,1,4,10,106,8,8534,True,False
4765,3476,1,2024-12-02,1,4,10,106,8,8535,True,False
4766,3476,1,2024-12-08,1,4,10,106,8,8536,True,False
4767,3477,1,2024-09-26,1,11,29,331,22,8539,True,False
4768,3477,1,2024-10-23,1,11,29,331,22,8540,True,False
4769,3478,1,2025-09-07,1,4,9,101,7,8542,True,False
4770,3479,1,2024-09-08,1,12,31,355,23,8543,True,False
4771,3479,2,2024-09-10,1,12,31,355,23,8544,True,False
4772,3480,2,2025-06-23,1,4,9,100,8,8545,True,False
4773,3482,1,2026-07-07,1,25,78,913,49,8550,True,False
4774,3484,1,2025-10-12,1,4,10,103,7,8555,True,False
4775,3484,1,2025-09-19,1,4,10,103,7,8556,True,False
4776,3484,1,2025-09-19,1,4,10,103,7,8557,True,False
4777,3486,2,2026-02-19,1,4,10,108,8,8563,True,False
4778,3486,1,2026-02-26,1,4,10,108,8,8564,True,False
4779,3487,1,2026-02-05,1,4,10,108,7,8565,True,False
4780,3487,1,2026-02-02,1,4,10,108,7,8566,True,False
4781,3489,2,2026-05-08,1,4,9,93,7,8570,True,True
4782,3490,1,2025-11-06,1,17,44,512,33,8571,True,False
4783,3490,1,2025-10-28,1,17,44,512,33,8572,True,False
4784,3491,1,2024-12-04,1,17,45,524,34,8575,True,False
4785,3491,2,2024-11-12,1,17,45,524,34,8576,True,False
4786,3492,1,2025-05-06,1,5,12,123,10,8577,True,False
4787,3493,2,2026-06-27,1,28,85,988,55,8581,True,False
4788,3494,1,2026-02-24,1,4,10,111,8,8582,True,False
4789,3495,2,2024-11-09,1,22,63,735,44,8583,True,False
4790,3496,1,2025-01-16,1,7,18,195,14,8584,True,False
4791,3497,1,2025-04-19,1,6,15,165,12,8587,True,False
4792,3498,1,2024-08-22,1,4,10,111,8,8589,True,False
4793,3498,1,2024-08-29,1,4,10,111,8,8590,True,False
4794,3500,1,2024-08-19,1,3,8,91,5,8595,True,False
4795,3500,1,2024-08-25,1,3,8,91,5,8596,True,False
4796,3500,2,2024-08-25,1,3,8,91,5,8597,True,False
4797,3501,1,2026-04-19,1,4,11,119,7,8600,True,False
4798,3502,2,2026-01-03,1,5,12,127,10,8603,True,False
4799,3502,1,2026-01-30,1,5,12,127,10,8604,True,False
4800,3503,1,2025-09-04,1,8,20,226,16,8608,True,False
4801,3504,1,2024-09-05,1,16,42,487,32,8610,True,False
4802,3504,1,2024-08-14,1,16,42,487,32,8611,True,False
4803,3505,1,2024-08-14,1,3,6,71,6,8612,True,False
4804,3507,1,2025-05-12,1,9,26,293,18,8617,True,False
4805,3507,1,2025-05-14,1,9,26,293,18,8618,True,False
4806,3509,1,2025-06-21,1,4,9,94,7,8621,True,False
4807,3509,1,2025-06-17,1,4,9,94,7,8622,True,False
4808,3509,2,2025-06-22,1,4,9,94,7,8623,True,False
4809,3510,1,2024-10-22,1,3,7,81,6,8628,True,False
4810,3511,2,2025-11-04,1,11,30,332,22,8629,True,False
4811,3511,1,2025-11-02,1,11,30,332,22,8632,True,False
4812,3512,1,2025-01-27,1,21,62,724,41,8634,True,False
4813,3512,1,2025-02-02,1,21,62,724,41,8635,True,False
4814,3512,1,2025-01-26,1,21,62,724,41,8636,True,False
4815,3513,1,2024-08-16,1,3,6,71,5,8637,True,False
4816,3513,1,2024-08-13,1,3,6,71,5,8638,True,False
4817,3515,2,2025-09-09,1,7,18,195,14,8642,True,True
4818,3515,1,2025-10-02,1,7,18,195,14,8643,True,False
4819,3516,1,2026-05-28,1,4,9,97,7,8646,True,False
4820,3516,2,2026-05-03,1,4,9,97,7,8647,True,False
4821,3517,1,2026-04-08,1,7,19,206,14,8650,True,False
4822,3517,1,2026-03-29,1,7,19,206,14,8652,True,False
4823,3518,1,2025-04-16,1,7,18,195,14,8654,True,False
4824,3519,2,2026-05-25,1,4,10,103,8,8655,True,False
4825,3519,1,2026-05-18,1,4,10,103,8,8656,True,False
4826,3519,1,2026-05-02,1,4,10,103,8,8658,True,False
4827,3520,1,2025-04-13,1,6,16,175,12,8661,True,False
4828,3520,1,2025-04-27,1,6,16,175,12,8662,True,False
4829,3521,1,2025-12-16,1,16,43,504,32,8663,True,False
4830,3521,1,2025-12-06,1,16,43,504,32,8664,True,False
4831,3522,1,2025-05-16,1,21,61,706,42,8666,True,False
4832,3522,1,2025-04-23,1,21,61,706,42,8667,True,False
4833,3523,1,2024-12-05,1,17,47,539,33,8669,True,False
4834,3523,1,2024-11-24,1,17,47,539,33,8670,True,False
4835,3523,1,2024-11-24,1,17,47,539,33,8671,True,False
4836,3524,2,2026-01-02,1,4,10,103,7,8672,True,False
4837,3524,1,2025-12-09,1,4,10,103,7,8673,True,False
4838,3524,1,2025-12-29,1,4,10,103,7,8674,True,False
4839,3525,1,2025-02-23,1,28,87,1013,56,8677,True,False
4840,3528,1,2025-08-29,1,29,90,1042,57,8683,True,False
4841,3529,1,2026-01-12,1,19,56,657,37,8688,True,False
4842,3530,1,2026-06-27,1,1,1,3,1,8691,True,False
4843,3530,1,2026-07-10,1,1,1,3,1,8692,True,False
4844,3533,1,2025-12-23,1,4,10,108,8,8700,True,False
4845,3534,1,2025-01-07,1,3,6,69,6,8702,True,False
4846,3535,1,2026-05-10,1,8,21,232,15,8704,True,True
4847,3536,1,2026-04-04,1,4,9,101,7,8706,True,False
4848,3536,2,2026-04-05,1,4,9,101,7,8707,True,False
4849,3537,2,2026-05-12,1,4,10,110,7,8709,True,False
4850,3537,2,2026-04-16,1,4,10,110,7,8711,True,False
4851,3538,1,2025-12-15,1,4,10,103,7,8712,True,False
4852,3539,1,2025-09-30,1,9,25,282,17,8714,True,False
4853,3541,1,2025-07-07,1,4,11,120,7,8717,True,False
4854,3541,1,2025-07-28,1,4,11,120,7,8719,True,False
4855,3542,1,2025-11-25,1,4,11,117,7,8720,True,False
4856,3542,1,2025-11-14,1,4,11,117,7,8721,True,False
4857,3544,1,2024-10-11,1,19,52,605,37,8725,True,False
4858,3547,1,2025-01-27,1,13,35,388,25,8730,True,False
4859,3547,1,2025-01-27,1,13,35,388,25,8731,True,False
4860,3547,2,2025-01-25,1,13,35,388,25,8732,True,False
4861,3548,1,2026-04-16,1,4,11,112,7,8733,True,False
4862,3550,1,2025-12-23,1,6,16,179,11,8736,True,False
4863,3551,1,2026-06-11,1,1,2,17,2,8737,True,False
4864,3552,1,2025-11-29,1,14,38,438,28,8738,True,False
4865,3552,1,2025-12-02,1,14,38,438,28,8739,True,True
4866,3553,2,2026-06-18,1,3,8,85,5,8740,True,False
4867,3553,1,2026-06-06,1,3,8,85,5,8741,True,False
4868,3553,1,2026-06-20,1,3,8,85,5,8742,True,False
4869,3554,1,2026-04-20,1,3,7,79,6,8745,True,False
4870,3555,1,2026-06-06,1,4,9,96,7,8746,True,False
4871,3555,2,2026-06-08,1,4,9,96,7,8748,True,False
4872,3557,1,2025-01-23,1,2,3,37,4,8752,True,False
4873,3558,1,2025-03-23,1,7,18,203,14,8754,True,False
4874,3558,1,2025-03-22,1,7,18,203,14,8756,True,False
4875,3561,1,2024-11-30,1,1,2,15,1,8762,True,False
4876,3561,1,2024-11-18,1,1,2,15,1,8763,True,False
4877,3562,2,2025-08-13,1,4,9,93,8,8766,True,False
4878,3562,1,2025-07-22,1,4,9,93,8,8768,True,False
4879,3562,2,2025-07-31,1,4,9,93,8,8769,True,False
4880,3564,1,2025-05-04,1,12,32,367,24,8773,True,False
4881,3565,2,2025-01-31,1,4,9,98,8,8775,True,True
4882,3566,2,2025-05-28,1,23,66,770,46,8777,True,False
4883,3566,2,2025-05-28,1,23,66,770,46,8779,True,False
4884,3566,1,2025-05-04,1,23,66,770,46,8780,True,False
4885,3568,1,2025-12-07,1,4,9,96,8,8782,True,False
4886,3568,1,2025-12-02,1,4,9,96,8,8783,True,False
4887,3568,1,2025-12-05,1,4,9,96,8,8784,True,False
4888,3569,1,2024-11-08,1,28,87,1010,55,8785,True,False
4889,3570,1,2025-05-27,1,4,9,99,8,8791,True,False
4890,3571,2,2025-04-25,1,4,9,95,7,8793,True,False
4891,3573,2,2025-04-10,1,11,30,334,22,8795,True,False
4892,3575,1,2025-06-10,1,1,2,25,2,8798,True,False
4893,3575,1,2025-07-03,1,1,2,25,2,8799,True,False
4894,3575,2,2025-06-07,1,1,2,25,2,8800,True,False
4895,3577,2,2024-12-03,1,5,14,150,9,8802,True,False
4896,3577,1,2024-11-05,1,5,14,150,9,8804,True,False
4897,3577,2,2024-11-19,1,5,14,150,9,8805,True,False
4898,3578,1,2026-04-06,1,17,45,521,34,8806,True,False
4899,3578,1,2026-03-17,1,17,45,521,34,8807,True,False
4900,3578,1,2026-03-20,1,17,45,521,34,8808,True,False
4901,3580,1,2025-03-31,1,4,11,120,8,8810,True,False
4902,3580,1,2025-04-14,1,4,11,120,8,8811,True,False
4903,3580,1,2025-03-23,1,4,11,120,8,8813,True,False
4904,3581,2,2026-06-29,1,16,42,480,31,8815,True,False
4905,3582,1,2025-04-19,1,4,9,95,7,8817,True,False
4906,3583,1,2026-06-06,1,12,32,360,23,8819,True,False
4907,3584,1,2025-05-02,1,4,10,106,8,8820,True,False
4908,3584,1,2025-05-13,1,4,10,106,8,8823,True,False
4909,3585,1,2025-06-30,1,26,80,941,52,8824,True,False
4910,3585,1,2025-07-17,1,26,80,941,52,8825,True,False
4911,3586,1,2025-05-20,1,2,3,37,4,8828,True,False
4912,3587,1,2025-01-18,1,4,9,95,8,8829,True,False
4913,3588,1,2026-02-18,1,1,1,3,2,8831,True,False
4914,3588,2,2026-02-05,1,1,1,3,2,8833,True,False
4915,3591,1,2025-06-05,1,3,6,65,5,8838,True,False
4916,3591,1,2025-06-10,1,3,6,65,5,8839,True,False
4917,3591,2,2025-05-26,1,3,6,65,5,8841,True,False
4918,3592,1,2025-09-30,1,1,1,7,2,8843,True,False
4919,3592,1,2025-10-20,1,1,1,7,2,8844,True,False
4920,3593,2,2024-07-31,1,5,13,138,10,8847,True,False
4921,3594,1,2025-11-17,1,26,81,945,52,8849,True,False
4922,3595,1,2026-02-05,1,4,9,96,7,8853,True,False
4923,3596,1,2025-06-28,1,4,9,96,8,8854,True,False
4924,3596,1,2025-06-28,1,4,9,96,8,8855,True,False
4925,3596,2,2025-06-23,1,4,9,96,8,8856,True,False
4926,3597,1,2026-04-15,1,21,62,727,41,8858,True,False
4927,3597,2,2026-04-18,1,21,62,727,41,8860,True,False
4928,3598,1,2025-07-12,1,5,14,149,9,8861,True,False
4929,3598,1,2025-07-21,1,5,14,149,9,8862,True,False
4930,3599,1,2025-03-05,1,11,30,332,21,8865,True,True
4931,3600,1,2025-08-15,1,15,40,462,29,8866,True,False
4932,3601,1,2024-08-26,1,7,19,211,14,8867,True,False
4933,3601,1,2024-08-26,1,7,19,211,14,8869,True,False
4934,3602,1,2025-08-03,1,4,9,96,7,8871,True,False
4935,3605,2,2024-08-11,1,1,1,8,2,8877,True,False
4936,3606,2,2026-04-23,1,4,9,94,8,8879,True,False
4937,3606,1,2026-04-14,1,4,9,94,8,8881,True,False
4938,3606,1,2026-04-11,1,4,9,94,8,8882,True,False
4939,3607,1,2024-09-23,1,16,41,467,32,8883,True,False
4940,3607,2,2024-09-29,1,16,41,467,32,8886,True,False
4941,3611,2,2024-11-21,1,30,91,1055,59,8891,True,True
4942,3612,1,2026-07-10,1,4,10,107,8,8893,True,False
4943,3613,1,2025-11-09,1,30,92,1068,59,8896,True,False
4944,3613,1,2025-11-26,1,30,92,1068,59,8897,True,False
4945,3613,1,2025-12-05,1,30,92,1068,59,8899,True,False
4946,3614,2,2025-06-15,1,23,67,779,45,8900,True,False
4947,3615,2,2025-04-24,1,3,7,76,5,8901,True,False
4948,3616,1,2025-12-09,1,19,53,614,38,8904,True,False
4949,3617,1,2024-08-05,1,11,30,340,22,8905,True,False
4950,3618,2,2025-08-08,1,4,9,100,8,8906,True,False
4951,3618,1,2025-07-18,1,4,9,100,8,8909,True,False
4952,3619,1,2026-07-12,1,4,11,113,7,8912,True,False
4953,3620,1,2026-07-29,1,4,10,103,7,8913,True,False
4954,3620,2,2026-07-28,1,4,10,103,7,8914,True,False
4955,3621,2,2026-03-24,1,21,62,723,42,8916,True,False
4956,3621,2,2026-04-09,1,21,62,723,42,8917,True,False
4957,3622,1,2026-06-12,1,18,50,580,35,8920,True,False
4958,3623,1,2025-11-11,1,16,43,494,32,8921,True,False
4959,3624,2,2025-11-09,1,29,89,1037,57,8923,True,False
4960,3625,1,2024-08-17,1,1,1,12,2,8925,True,False
4961,3625,2,2024-08-02,1,1,1,12,2,8926,True,False
4962,3625,1,2024-08-18,1,1,1,12,2,8927,True,False
4963,3626,2,2026-06-11,1,11,29,326,21,8928,True,False
4964,3626,1,2026-06-09,1,11,29,326,21,8929,True,False
4965,3627,1,2026-06-26,1,23,69,805,45,8931,True,False
4966,3630,1,2025-09-02,1,7,19,206,13,8939,True,False
4967,3630,1,2025-08-20,1,7,19,206,13,8941,True,False
4968,3631,1,2026-04-16,1,29,90,1047,57,8943,True,False
4969,3632,1,2025-12-10,1,16,43,496,32,8944,True,False
4970,3633,1,2025-10-19,1,1,1,14,2,8948,True,False
4971,3634,1,2024-11-11,1,12,31,348,24,8949,True,False
4972,3635,1,2026-05-30,1,18,49,565,36,8954,True,False
4973,3635,1,2026-06-22,1,18,49,565,36,8956,True,False
4974,3636,1,2025-07-03,1,3,5,63,5,8957,True,False
4975,3637,1,2025-10-29,1,3,8,91,6,8960,True,False
4976,3638,1,2026-02-13,1,10,28,311,19,8963,True,False
4977,3638,1,2026-02-10,1,10,28,311,19,8964,True,False
4978,3639,1,2025-03-26,1,24,73,850,48,8967,True,False
4979,3640,1,2026-05-31,1,4,9,98,8,8970,True,False
4980,3641,1,2026-05-13,1,4,9,93,8,8971,True,False
4981,3642,1,2024-12-18,1,3,5,61,6,8973,True,False
4982,3642,1,2024-12-11,1,3,5,61,6,8975,True,False
4983,3643,1,2025-07-21,1,26,80,939,51,8976,True,False
4984,3645,1,2024-08-29,1,9,26,287,17,8979,True,False
4985,3645,1,2024-09-17,1,9,26,287,17,8980,True,False
4986,3647,2,2024-10-12,1,14,37,425,27,8983,True,False
4987,3647,1,2024-11-09,1,14,37,425,27,8984,True,False
4988,3648,1,2025-04-12,1,23,66,766,46,8985,True,False
4989,3648,1,2025-03-18,1,23,66,766,46,8986,True,False
4990,3648,1,2025-04-02,1,23,66,766,46,8987,True,False
4991,3648,1,2025-03-22,1,23,66,766,46,8988,True,False
4992,3649,1,2025-12-26,1,3,6,70,6,8990,True,False
4993,3651,2,2026-03-16,1,3,5,57,6,8993,True,False
4994,3654,1,2024-12-09,1,22,65,751,44,8998,True,False
4995,3656,1,2025-11-30,1,2,3,32,4,9002,True,False
4996,3656,2,2025-12-03,1,2,3,32,4,9003,True,False
4997,3656,1,2025-11-12,1,2,3,32,4,9004,True,False
4998,3657,1,2026-07-17,1,4,10,103,8,9007,True,False
4999,3657,1,2026-07-24,1,4,10,103,8,9008,True,False
5000,3658,1,2026-05-10,1,4,10,110,8,9010,True,False
5001,3658,2,2026-05-15,1,4,10,110,8,9011,True,False
5002,3659,1,2026-01-14,1,4,10,103,7,9013,True,False
5003,3659,1,2026-01-26,1,4,10,103,7,9014,True,False
5004,3662,1,2026-05-20,1,24,72,839,48,9018,True,False
5005,3663,1,2025-05-14,1,3,5,54,6,9019,True,False
5006,3665,1,2025-02-25,1,4,9,97,8,9024,True,False
5007,3666,2,2025-10-28,1,1,1,6,2,9026,True,False
5008,3666,1,2025-10-13,1,1,1,6,2,9027,True,False
5009,3667,1,2025-10-28,1,4,9,98,7,9029,True,False
5010,3667,1,2025-11-03,1,4,9,98,7,9030,True,False
5011,3667,2,2025-11-02,1,4,9,98,7,9031,True,False
5012,3668,1,2026-05-13,1,4,10,107,8,9032,True,False
5013,3668,1,2026-04-29,1,4,10,107,8,9033,True,False
5014,3669,1,2024-09-29,1,25,76,883,50,9036,True,False
5015,3670,2,2025-02-03,1,4,11,119,7,9039,True,False
5016,3671,1,2025-12-11,1,1,2,24,1,9041,True,False
5017,3671,1,2025-12-27,1,1,2,24,1,9044,True,False
5018,3672,1,2025-09-26,1,4,11,112,8,9047,True,False
5019,3673,1,2025-04-27,1,14,37,423,28,9049,True,False
5020,3673,1,2025-04-19,1,14,37,423,28,9050,True,False
5021,3674,1,2024-08-27,1,3,7,77,5,9051,True,False
5022,3675,2,2025-11-30,1,10,28,311,20,9055,True,False
5023,3676,1,2026-06-17,1,29,89,1030,58,9056,True,False
5024,3677,1,2025-05-30,1,16,41,476,31,9059,True,False
5025,3677,1,2025-06-23,1,16,41,476,31,9060,True,False
5026,3678,2,2025-10-22,1,1,2,21,2,9061,True,False
5027,3678,1,2025-09-28,1,1,2,21,2,9062,True,False
5028,3678,1,2025-10-23,1,1,2,21,2,9063,True,False
5029,3679,1,2025-09-17,1,8,21,232,16,9065,True,False
5030,3679,2,2025-09-29,1,8,21,232,16,9066,True,False
5031,3679,1,2025-09-10,1,8,21,232,16,9067,True,False
5032,3680,1,2025-05-13,1,19,52,604,38,9068,True,False
5033,3681,1,2025-04-01,1,10,28,310,20,9069,True,False
5034,3682,1,2026-02-17,1,20,58,677,39,9070,True,False
5035,3682,1,2026-01-26,1,20,58,677,39,9071,True,False
5036,3682,2,2026-02-15,1,20,58,677,39,9073,True,False
5037,3683,1,2025-01-28,1,18,51,587,36,9074,True,False
5038,3683,1,2025-02-10,1,18,51,587,36,9075,True,False
5039,3684,2,2025-02-08,1,29,89,1034,57,9077,True,False
5040,3684,1,2025-01-28,1,29,89,1034,57,9078,True,False
5041,3685,1,2026-02-16,1,4,10,105,8,9080,True,False
5042,3685,1,2026-03-14,1,4,10,105,8,9081,True,False
5043,3686,1,2025-02-16,1,17,47,539,33,9082,True,False
5044,3687,1,2026-01-15,1,3,5,54,6,9083,True,False
5045,3687,1,2026-01-26,1,3,5,54,6,9084,True,False
5046,3688,1,2026-07-11,1,4,11,112,7,9085,True,False
5047,3688,1,2026-07-08,1,4,11,112,7,9086,True,False
5048,3688,1,2026-07-08,1,4,11,112,7,9088,True,False
5049,3689,1,2026-01-24,1,5,13,135,10,9089,True,False
5050,3689,1,2026-01-17,1,5,13,135,10,9090,True,False
5051,3690,1,2024-12-13,1,30,92,1073,59,9092,True,False
5052,3691,2,2026-02-27,1,4,10,108,7,9095,True,False
5053,3692,2,2026-03-14,1,9,22,240,17,9098,True,False
5054,3692,1,2026-03-26,1,9,22,240,17,9101,True,False
5055,3693,2,2026-04-26,1,4,11,119,7,9102,True,False
5056,3694,1,2026-07-09,1,4,9,100,8,9104,True,False
5057,3695,1,2024-10-15,1,3,8,92,5,9105,True,False
5058,3695,2,2024-10-14,1,3,8,92,5,9107,True,False
5059,3696,1,2025-02-12,1,4,9,95,7,9108,True,False
5060,3696,1,2025-02-14,1,4,9,95,7,9109,True,False
5061,3698,2,2026-02-23,1,30,92,1072,60,9114,True,False
5062,3699,2,2025-07-15,1,18,51,585,36,9115,True,False
5063,3700,1,2025-02-13,1,4,9,94,7,9116,True,False
5064,3701,1,2025-07-30,1,24,74,863,48,9117,True,False
5065,3704,1,2025-12-10,1,22,63,733,44,9124,True,False
5066,3704,1,2025-12-14,1,22,63,733,44,9125,True,False
5067,3704,1,2025-12-13,1,22,63,733,44,9126,True,False
5068,3705,1,2025-09-01,1,3,6,69,6,9128,True,False
5069,3705,1,2025-09-07,1,3,6,69,6,9129,True,False
5070,3706,1,2026-05-12,1,4,11,117,7,9131,True,False
5071,3706,2,2026-06-04,1,4,11,117,7,9132,True,False
5072,3707,1,2025-07-27,1,12,32,366,23,9133,True,False
5073,3708,1,2025-05-22,1,18,51,594,36,9137,True,False
5074,3708,1,2025-05-01,1,18,51,594,36,9138,True,False
5075,3709,2,2026-01-09,1,17,46,532,34,9140,True,False
5076,3710,1,2025-09-19,1,27,83,972,54,9142,True,False
5077,3710,2,2025-09-09,1,27,83,972,54,9143,True,False
5078,3710,2,2025-09-10,1,27,83,972,54,9144,True,False
5079,3711,1,2026-07-31,1,15,40,459,29,9145,True,False
5080,3713,1,2026-02-24,1,4,11,118,7,9151,True,False
5081,3713,1,2026-03-23,1,4,11,118,7,9153,True,False
5082,3714,1,2024-11-26,1,4,11,120,8,9154,True,False
5083,3715,2,2025-01-29,1,4,9,98,7,9155,True,False
5084,3715,1,2025-02-02,1,4,9,98,7,9156,True,False
5085,3715,1,2025-01-23,1,4,9,98,7,9158,True,False
5086,3716,1,2024-09-12,1,25,77,901,50,9159,True,False
5087,3717,1,2026-06-01,1,11,30,339,21,9162,True,False
5088,3717,1,2026-05-24,1,11,30,339,21,9164,True,False
5089,3718,1,2026-04-26,1,18,51,594,35,9165,True,False
5090,3718,1,2026-04-19,1,18,51,594,35,9166,True,False
5091,3719,1,2025-07-06,1,3,5,57,5,9167,True,False
5092,3719,1,2025-07-31,1,3,5,57,5,9168,True,False
5093,3720,1,2025-10-03,1,22,64,740,44,9169,True,False
5094,3720,1,2025-10-16,1,22,64,740,44,9170,True,False
5095,3722,1,2024-09-10,1,1,1,14,2,9173,True,False
5096,3722,2,2024-09-19,1,1,1,14,2,9174,True,False
5097,3722,2,2024-09-15,1,1,1,14,2,9175,True,False
5098,3723,1,2025-01-31,1,5,14,154,10,9176,True,False
5099,3723,1,2025-01-31,1,5,14,154,10,9177,True,False
5100,3723,1,2025-02-10,1,5,14,154,10,9179,True,False
5101,3724,2,2025-06-19,1,3,8,86,5,9180,True,False
5102,3724,2,2025-06-13,1,3,8,86,5,9181,True,False
5103,3724,1,2025-07-01,1,3,8,86,5,9183,True,False
5104,3725,1,2025-07-02,1,4,11,115,8,9184,True,False
5105,3725,1,2025-06-30,1,4,11,115,8,9185,True,False
5106,3726,1,2025-03-19,1,4,11,116,8,9186,True,False
5107,3726,1,2025-03-16,1,4,11,116,8,9187,True,False
5108,3727,1,2025-06-23,1,5,13,139,10,9189,True,False
5109,3729,1,2024-09-17,1,16,43,496,31,9192,True,False
5110,3729,1,2024-09-27,1,16,43,496,31,9193,True,False
5111,3730,1,2024-10-09,1,25,78,914,50,9194,True,True
5112,3732,1,2026-06-07,1,23,70,811,45,9200,True,False
5113,3733,1,2026-06-09,1,18,51,587,36,9201,True,False
5114,3733,2,2026-05-23,1,18,51,587,36,9202,True,False
5115,3733,1,2026-06-14,1,18,51,587,36,9204,True,False
5116,3735,2,2024-12-11,1,4,10,104,7,9206,True,False
5117,3736,1,2024-09-20,1,4,10,103,7,9210,True,False
5118,3739,1,2025-12-19,1,16,43,505,32,9217,True,False
5119,3739,1,2025-12-10,1,16,43,505,32,9218,True,False
5120,3739,1,2025-11-25,1,16,43,505,32,9219,True,False
5121,3740,1,2026-07-16,1,10,27,297,19,9221,True,False
5122,3741,2,2024-08-30,1,4,11,114,7,9222,True,False
5123,3742,1,2024-12-01,1,4,10,111,7,9223,True,False
5124,3742,1,2024-12-10,1,4,10,111,7,9224,True,False
5125,3742,1,2024-11-15,1,4,10,111,7,9225,True,False
5126,3743,1,2025-05-12,1,3,8,90,5,9227,True,False
5127,3743,1,2025-05-06,1,3,8,90,5,9228,True,False
5128,3744,1,2026-05-21,1,4,9,101,7,9230,True,False
5129,3745,1,2024-11-23,1,28,88,1021,56,9231,True,False
5130,3746,1,2025-10-18,1,6,17,188,12,9232,True,False
5131,3746,1,2025-10-13,1,6,17,188,12,9234,True,False
5132,3747,1,2026-05-19,1,4,11,115,7,9237,True,False
5133,3748,1,2025-07-23,1,22,63,735,43,9238,True,False
5134,3748,1,2025-07-29,1,22,63,735,43,9241,True,False
5135,3749,1,2026-01-21,1,7,18,201,13,9242,True,False
5136,3750,1,2024-09-02,1,20,59,687,39,9243,True,False
5137,3750,1,2024-08-29,1,20,59,687,39,9244,True,False
5138,3751,1,2024-11-19,1,8,20,221,15,9245,True,False
5139,3752,1,2026-05-14,1,7,18,196,14,9247,True,False
5140,3753,1,2024-11-21,1,28,85,985,55,9248,True,False
5141,3754,1,2025-01-31,1,4,10,103,7,9251,True,False
5142,3755,2,2024-10-04,1,4,11,116,8,9252,True,False
5143,3755,1,2024-10-12,1,4,11,116,8,9253,True,False
5144,3755,1,2024-10-16,1,4,11,116,8,9254,True,False
5145,3756,1,2025-12-13,1,12,31,356,23,9255,True,False
5146,3756,1,2025-12-03,1,12,31,356,23,9256,True,False
5147,3757,1,2026-02-15,1,28,88,1027,56,9257,True,False
5148,3757,1,2026-03-05,1,28,88,1027,56,9258,True,False
5149,3758,1,2025-11-13,1,3,8,86,5,9259,True,False
5150,3759,2,2026-03-28,1,20,58,674,39,9262,True,False
5151,3760,1,2024-10-12,1,4,10,105,7,9264,True,False
5152,3760,1,2024-10-10,1,4,10,105,7,9265,True,False
5153,3761,1,2024-10-25,1,3,5,62,5,9267,True,False
5154,3761,1,2024-11-07,1,3,5,62,5,9268,True,False
5155,3761,1,2024-11-01,1,3,5,62,5,9270,True,False
5156,3764,1,2026-04-22,1,2,4,48,4,9275,True,False
5157,3765,1,2025-05-08,1,16,43,505,32,9276,True,False
5158,3765,1,2025-05-20,1,16,43,505,32,9277,True,False
5159,3766,1,2026-04-26,1,4,9,95,8,9278,True,False
5160,3766,1,2026-04-11,1,4,9,95,8,9280,True,False
5161,3766,1,2026-04-20,1,4,9,95,8,9281,True,False
5162,3767,1,2025-06-10,1,29,90,1041,57,9282,True,False
5163,3767,1,2025-05-28,1,29,90,1041,57,9284,True,False
5164,3768,1,2025-04-29,1,1,1,4,2,9286,True,False
5165,3769,1,2026-06-05,1,4,11,119,8,9287,True,False
5166,3769,1,2026-06-17,1,4,11,119,8,9289,True,False
5167,3770,1,2024-10-01,1,4,9,93,7,9290,True,False
5168,3771,1,2026-01-26,1,4,11,113,8,9293,True,False
5169,3772,1,2026-06-27,1,1,2,26,2,9294,True,False
5170,3773,1,2025-03-02,1,29,89,1029,57,9295,True,False
5171,3773,1,2025-03-09,1,29,89,1029,57,9296,True,False
5172,3773,2,2025-03-16,1,29,89,1029,57,9297,True,False
5173,3775,1,2026-07-19,1,19,56,653,37,9299,True,False
5174,3776,1,2026-03-23,1,4,11,115,8,9303,True,False
5175,3776,1,2026-03-13,1,4,11,115,8,9304,True,False
5176,3776,1,2026-04-03,1,4,11,115,8,9305,True,False
5177,3778,1,2026-01-25,1,4,11,118,7,9307,True,False
5178,3778,2,2026-01-25,1,4,11,118,7,9308,True,False
5179,3778,1,2026-02-06,1,4,11,118,7,9309,True,False
5180,3779,1,2024-08-13,1,28,87,1005,55,9311,True,False
5181,3781,2,2024-08-24,1,4,9,93,8,9314,True,False
5182,3781,1,2024-08-21,1,4,9,93,8,9315,True,False
5183,3781,1,2024-08-28,1,4,9,93,8,9316,True,False
5184,3782,1,2025-02-12,1,1,2,22,2,9320,True,False
5185,3783,1,2026-06-07,1,24,71,826,47,9321,True,False
5186,3784,1,2026-03-29,1,4,10,110,8,9324,True,False
5187,3784,1,2026-04-03,1,4,10,110,8,9325,True,False
5188,3785,1,2025-03-27,1,4,10,102,8,9327,True,False
5189,3785,1,2025-03-24,1,4,10,102,8,9328,True,False
5190,3786,1,2026-01-09,1,13,35,394,25,9330,True,False
5191,3786,1,2026-01-30,1,13,35,394,25,9332,True,False
5192,3787,1,2025-06-03,1,20,58,672,39,9333,True,False
5193,3787,1,2025-06-04,1,20,58,672,39,9334,True,False
5194,3790,1,2025-01-02,1,22,63,734,44,9340,True,False
5195,3790,1,2024-12-16,1,22,63,734,44,9343,True,False
5196,3791,1,2026-07-18,1,4,11,120,7,9344,True,False
5197,3791,1,2026-07-17,1,4,11,120,7,9345,True,False
5198,3791,1,2026-07-10,1,4,11,120,7,9346,True,False
5199,3791,1,2026-07-02,1,4,11,120,7,9347,True,False
5200,3792,1,2026-03-30,1,4,11,119,7,9350,True,False
5201,3793,1,2024-12-22,1,24,71,825,48,9351,True,False
5202,3793,1,2025-01-17,1,24,71,825,48,9352,True,False
5203,3794,1,2026-03-06,1,4,9,97,8,9354,True,False
5204,3794,1,2026-02-14,1,4,9,97,8,9355,True,False
5205,3795,1,2025-06-09,1,4,9,98,8,9356,True,False
5206,3796,2,2026-06-15,1,5,14,147,9,9359,True,False
5207,3797,2,2026-03-22,1,4,9,99,8,9362,True,False
5208,3798,1,2025-06-10,1,4,10,108,7,9363,True,False
5209,3799,1,2026-05-05,1,4,11,116,8,9365,True,False
5210,3799,1,2026-04-23,1,4,11,116,8,9366,True,False
5211,3799,1,2026-04-15,1,4,11,116,8,9368,True,False
5212,3800,2,2024-11-16,1,29,90,1044,57,9369,True,False
5213,3801,2,2026-05-28,1,24,72,840,48,9372,True,False
5214,3802,1,2024-07-29,1,10,27,297,19,9373,True,False
5215,3802,1,2024-08-11,1,10,27,297,19,9374,True,False
5216,3805,1,2025-09-21,1,1,2,28,1,9379,True,False
5217,3805,2,2025-09-07,1,1,2,28,1,9380,True,False
5218,3806,1,2024-08-12,1,3,6,67,5,9381,True,False
5219,3806,1,2024-07-17,1,3,6,67,5,9382,True,False
5220,3806,1,2024-08-15,1,3,6,67,5,9383,True,False
5221,3808,1,2026-04-20,1,29,89,1034,58,9387,True,False
5222,3809,2,2025-04-14,1,26,80,930,51,9391,True,False
5223,3809,1,2025-04-18,1,26,80,930,51,9392,True,True
5224,3809,1,2025-05-08,1,26,80,930,51,9393,True,False
5225,3810,1,2024-12-11,1,30,91,1057,60,9394,True,False
5226,3811,1,2025-02-27,1,27,83,965,54,9399,True,False
5227,3811,1,2025-03-11,1,27,83,965,54,9400,True,False
5228,3813,1,2026-01-16,1,28,87,1008,56,9402,True,False
5229,3814,1,2026-03-23,1,1,1,3,2,9403,True,False
5230,3815,1,2025-05-17,1,7,18,203,14,9404,True,False
5231,3816,1,2026-01-30,1,4,11,116,8,9406,True,False
5232,3816,1,2026-01-28,1,4,11,116,8,9407,True,False
5233,3817,2,2025-02-11,1,15,40,460,30,9408,True,True
5234,3818,1,2026-01-27,1,4,9,100,7,9409,True,False
5235,3818,1,2026-01-22,1,4,9,100,7,9410,True,False
5236,3819,1,2026-04-15,1,20,60,705,39,9412,True,False
5237,3819,1,2026-05-09,1,20,60,705,39,9414,True,False
5238,3819,1,2026-04-19,1,20,60,705,39,9415,True,False
5239,3820,2,2025-04-06,1,4,10,103,8,9417,True,False
5240,3821,1,2026-02-18,1,4,9,94,8,9419,True,False
5241,3822,1,2025-03-31,1,22,64,745,43,9423,True,False
5242,3823,1,2026-06-19,1,4,11,116,8,9426,True,False
5243,3824,1,2025-08-28,1,28,86,996,56,9428,True,False
5244,3825,1,2025-07-12,1,1,1,11,2,9429,True,False
5245,3826,2,2025-07-31,1,19,54,638,38,9430,True,False
5246,3827,1,2025-11-28,1,4,11,112,8,9435,True,False
5247,3828,1,2024-09-24,1,14,36,410,27,9436,True,False
5248,3829,1,2026-05-26,1,24,73,850,47,9438,True,False
5249,3829,1,2026-05-15,1,24,73,850,47,9440,True,False
5250,3830,1,2024-09-27,1,26,79,929,52,9441,True,False
5251,3830,1,2024-09-21,1,26,79,929,52,9442,True,False
5252,3830,1,2024-10-12,1,26,79,929,52,9443,True,False
5253,3832,1,2026-01-04,1,4,10,106,7,9445,True,False
5254,3832,2,2026-01-17,1,4,10,106,7,9446,True,False
5255,3832,1,2026-01-10,1,4,10,106,7,9447,True,False
5256,3832,2,2025-12-23,1,4,10,106,7,9448,True,False
5257,3833,1,2026-04-19,1,15,39,453,30,9449,True,False
5258,3833,1,2026-04-08,1,15,39,453,30,9451,True,False
5259,3834,1,2024-09-30,1,22,64,744,44,9452,True,False
5260,3834,1,2024-10-08,1,22,64,744,44,9453,True,False
5261,3835,1,2025-02-24,1,4,11,118,7,9456,True,False
5262,3836,2,2026-05-13,1,4,9,101,8,9458,True,False
5263,3837,2,2025-11-27,1,1,1,11,1,9461,True,False
5264,3837,1,2025-11-15,1,1,1,11,1,9462,True,False
5265,3838,1,2024-11-09,1,22,64,740,43,9464,True,False
5266,3840,1,2025-10-10,1,9,25,280,17,9466,True,False
5267,3841,1,2026-07-11,1,4,9,99,7,9469,True,False
5268,3841,1,2026-07-01,1,4,9,99,7,9470,True,False
5269,3841,1,2026-07-18,1,4,9,99,7,9471,True,False
5270,3842,1,2025-10-22,1,9,22,245,18,9472,True,False
5271,3843,1,2024-12-25,1,11,30,336,22,9473,True,False
5272,3843,1,2024-12-26,1,11,30,336,22,9474,True,False
5273,3843,1,2024-12-25,1,11,30,336,22,9475,True,False
5274,3843,1,2024-12-24,1,11,30,336,22,9476,True,False
5275,3844,1,2024-07-30,1,18,49,563,35,9477,True,False
5276,3844,1,2024-07-30,1,18,49,563,35,9478,True,False
5277,3845,1,2025-05-20,1,4,9,100,8,9482,True,False
5278,3846,1,2025-03-17,1,3,8,85,5,9484,True,False
5279,3846,2,2025-03-22,1,3,8,85,5,9485,True,False
5280,3847,1,2026-01-18,1,19,56,656,38,9486,True,False
5281,3848,1,2024-12-07,1,4,10,104,7,9491,True,False
5282,3849,2,2024-12-22,1,1,2,20,1,9493,True,False
5283,3851,1,2025-03-29,1,2,4,48,4,9498,True,False
5284,3852,1,2025-03-21,1,4,10,110,8,9499,True,False
5285,3854,1,2025-04-10,1,9,24,271,17,9501,True,False
5286,3854,1,2025-03-31,1,9,24,271,17,9502,True,False
5287,3854,1,2025-03-24,1,9,24,271,17,9503,True,False
5288,3856,1,2025-04-08,1,9,24,273,18,9505,True,False
5289,3858,1,2025-05-26,1,1,2,19,2,9509,True,False
5290,3858,1,2025-05-23,1,1,2,19,2,9510,True,False
5291,3859,1,2025-06-11,1,12,32,364,24,9511,True,False
5292,3859,1,2025-05-16,1,12,32,364,24,9512,True,False
5293,3859,1,2025-06-06,1,12,32,364,24,9513,True,False
5294,3860,2,2026-04-16,1,22,63,739,44,9515,True,False
5295,3860,1,2026-04-26,1,22,63,739,44,9516,True,False
5296,3860,1,2026-04-14,1,22,63,739,44,9517,True,False
5297,3861,1,2024-11-17,1,4,11,118,8,9518,True,False
5298,3861,1,2024-11-14,1,4,11,118,8,9519,True,False
5299,3862,1,2026-02-25,1,4,9,101,7,9520,True,False
5300,3862,1,2026-03-03,1,4,9,101,7,9521,True,False
5301,3863,1,2025-07-11,1,4,9,94,8,9522,True,False
5302,3863,1,2025-07-12,1,4,9,94,8,9523,True,False
5303,3864,1,2025-04-05,1,4,9,99,8,9524,True,False
5304,3867,1,2026-05-24,1,4,11,114,8,9532,True,False
5305,3867,1,2026-06-02,1,4,11,114,8,9533,True,False
5306,3867,1,2026-05-29,1,4,11,114,8,9535,True,False
5307,3868,1,2026-04-05,1,7,18,195,14,9536,True,False
5308,3868,1,2026-04-27,1,7,18,195,14,9537,True,False
5309,3868,2,2026-04-18,1,7,18,195,14,9538,True,False
5310,3869,1,2026-02-20,1,21,61,711,41,9541,True,False
5311,3870,1,2025-11-11,1,4,11,114,8,9543,True,False
5312,3870,1,2025-10-26,1,4,11,114,8,9544,True,False
5313,3871,1,2025-08-01,1,10,28,312,19,9545,True,False
5314,3871,1,2025-07-24,1,10,28,312,19,9546,True,False
5315,3872,1,2025-04-26,1,4,10,108,8,9548,True,False
5316,3872,1,2025-05-22,1,4,10,108,8,9549,True,False
5317,3873,1,2026-06-19,1,4,11,115,8,9550,True,False
5318,3874,2,2024-10-03,1,3,5,56,5,9553,True,False
5319,3875,1,2025-10-17,1,3,7,75,6,9555,True,False
5320,3875,1,2025-10-18,1,3,7,75,6,9556,True,False
5321,3875,1,2025-10-21,1,3,7,75,6,9557,True,False
5322,3875,1,2025-10-16,1,3,7,75,6,9558,True,False
5323,3876,2,2025-03-11,1,28,86,997,55,9559,True,False
5324,3876,2,2025-03-22,1,28,86,997,55,9560,True,False
5325,3876,1,2025-03-11,1,28,86,997,55,9562,True,False
5326,3877,1,2026-05-30,1,4,11,112,7,9563,True,False
5327,3878,1,2025-09-06,1,10,27,303,20,9564,True,False
5328,3878,1,2025-09-27,1,10,27,303,20,9566,True,False
5329,3878,1,2025-09-05,1,10,27,303,20,9567,True,False
5330,3880,1,2025-01-15,1,22,63,730,43,9570,True,False
5331,3881,1,2024-10-04,1,3,8,86,5,9572,True,False
5332,3881,1,2024-09-13,1,3,8,86,5,9573,True,False
5333,3882,2,2026-04-12,1,4,9,100,8,9574,True,False
5334,3883,1,2026-03-14,1,25,75,880,50,9575,True,False
5335,3883,1,2026-02-25,1,25,75,880,50,9578,True,False
5336,3884,1,2025-04-10,1,4,9,100,8,9580,True,False
5337,3886,1,2025-03-24,1,3,6,68,5,9584,True,False
5338,3886,1,2025-03-24,1,3,6,68,5,9586,True,False
5339,3887,1,2025-04-19,1,20,59,689,39,9590,True,False
5340,3888,1,2025-10-04,1,10,28,306,19,9592,True,False
5341,3889,2,2025-10-18,1,10,27,296,19,9595,True,False
5342,3890,1,2025-01-13,1,27,82,955,54,9598,True,False
5343,3891,1,2026-06-07,1,14,37,428,28,9599,True,False
5344,3891,1,2026-06-13,1,14,37,428,28,9601,True,False
5345,3892,1,2025-11-27,1,20,58,675,39,9602,True,False
5346,3894,2,2026-03-10,1,4,11,120,7,9605,True,False
5347,3895,1,2024-10-08,1,8,20,228,15,9607,True,False
5348,3895,2,2024-09-28,1,8,20,228,15,9609,True,False
5349,3896,1,2026-03-29,1,17,45,519,34,9612,True,False
5350,3896,1,2026-04-11,1,17,45,519,34,9613,True,False
5351,3897,1,2026-06-14,1,18,49,566,36,9614,True,False
5352,3897,1,2026-06-09,1,18,49,566,36,9615,True,False
5353,3898,1,2026-06-15,1,4,10,103,8,9616,True,False
5354,3898,1,2026-06-14,1,4,10,103,8,9617,True,False
5355,3898,1,2026-06-10,1,4,10,103,8,9618,True,False
5356,3898,2,2026-05-24,1,4,10,103,8,9619,True,False
5357,3900,1,2024-10-01,1,8,20,225,15,9621,True,False
5358,3901,1,2026-06-28,1,4,10,111,7,9623,True,False
5359,3902,1,2026-07-06,1,4,9,99,7,9626,True,False
5360,3903,1,2026-01-30,1,17,44,511,34,9628,True,False
5361,3903,1,2026-01-23,1,17,44,511,34,9629,True,True
5362,3903,1,2026-01-31,1,17,44,511,34,9630,True,False
5363,3903,2,2026-01-27,1,17,44,511,34,9631,True,False
5364,3906,1,2026-03-21,1,17,46,532,33,9638,True,True
5365,3907,1,2026-03-22,1,4,10,104,8,9640,True,False
5366,3907,1,2026-03-12,1,4,10,104,8,9641,True,False
5367,3907,1,2026-03-17,1,4,10,104,8,9642,True,False
5368,3908,1,2026-03-27,1,20,58,679,39,9643,True,False
5369,3908,1,2026-04-05,1,20,58,679,39,9644,True,False
5370,3908,1,2026-04-02,1,20,58,679,39,9645,True,False
5371,3909,1,2024-09-14,1,8,21,233,15,9647,True,False
5372,3909,1,2024-09-15,1,8,21,233,15,9648,True,False
5373,3909,1,2024-09-03,1,8,21,233,15,9649,True,False
5374,3909,1,2024-08-30,1,8,21,233,15,9650,True,False
5375,3910,2,2025-06-14,1,5,13,136,10,9651,True,False
5376,3911,1,2026-05-06,1,15,39,446,29,9653,True,False
5377,3912,1,2025-07-17,1,5,12,130,10,9660,True,False
5378,3913,1,2026-02-22,1,21,62,723,42,9661,True,False
5379,3913,1,2026-03-13,1,21,62,723,42,9663,True,False
5380,3914,1,2026-07-23,1,14,37,418,27,9665,True,False
5381,3915,1,2025-01-22,1,4,9,94,7,9667,True,False
5382,3916,2,2025-07-31,1,3,6,72,6,9672,True,False
5383,3916,1,2025-08-27,1,3,6,72,6,9673,True,False
5384,3917,2,2025-09-10,1,28,87,1006,56,9674,True,False
5385,3917,1,2025-09-15,1,28,87,1006,56,9675,True,False
5386,3917,1,2025-09-10,1,28,87,1006,56,9676,True,False
5387,3918,1,2026-07-07,1,4,10,108,7,9679,True,False
5388,3919,1,2026-03-02,1,4,11,119,7,9682,True,False
5389,3920,1,2026-05-18,1,2,4,40,4,9683,True,False
5390,3921,1,2025-10-12,1,12,31,350,23,9685,True,False
5391,3922,2,2026-03-31,1,27,83,967,54,9687,True,False
5392,3923,1,2024-12-15,1,1,1,6,2,9694,True,False
5393,3924,2,2026-03-21,1,4,10,108,7,9696,True,False
5394,3925,2,2025-01-29,1,12,32,362,23,9698,True,False
5395,3926,1,2026-03-01,1,4,9,101,8,9699,True,False
5396,3926,1,2026-03-09,1,4,9,101,8,9701,True,False
5397,3927,1,2024-11-24,1,3,6,70,6,9702,True,False
5398,3927,1,2024-11-24,1,3,6,70,6,9703,True,False
5399,3927,1,2024-11-03,1,3,6,70,6,9705,True,False
5400,3928,2,2025-04-03,1,27,83,971,53,9707,True,False
5401,3928,1,2025-03-16,1,27,83,971,53,9708,True,False
5402,3929,2,2025-09-28,1,24,73,855,47,9709,True,False
5403,3930,1,2025-05-13,1,4,9,97,7,9713,True,False
5404,3931,2,2024-10-13,1,1,2,19,2,9716,True,False
5405,3932,1,2024-08-04,1,22,64,740,44,9719,True,False
5406,3932,2,2024-08-10,1,22,64,740,44,9720,True,False
5407,3933,1,2025-12-17,1,11,30,332,22,9721,True,False
5408,3933,1,2025-12-18,1,11,30,332,22,9724,True,False
5409,3934,1,2025-03-28,1,19,53,613,38,9725,True,False
5410,3934,2,2025-04-16,1,19,53,613,38,9726,True,False
5411,3934,1,2025-03-31,1,19,53,613,38,9727,True,False
5412,3935,1,2025-02-08,1,6,17,182,12,9730,True,False
5413,3936,1,2025-04-28,1,1,1,2,2,9733,True,False
5414,3937,1,2026-06-05,1,4,11,120,7,9734,True,False
5415,3939,1,2026-07-26,1,4,11,112,8,9736,True,False
5416,3939,2,2026-07-29,1,4,11,112,8,9737,True,False
5417,3940,1,2024-11-29,1,9,22,241,18,9739,True,False
5418,3940,1,2024-11-27,1,9,22,241,18,9740,True,False
5419,3941,1,2025-01-26,1,26,80,943,52,9741,True,False
5420,3942,2,2026-04-02,1,4,11,119,8,9743,True,False
5421,3944,2,2026-03-26,1,13,33,370,26,9745,True,False
5422,3946,1,2024-11-26,1,23,69,798,46,9752,True,False
5423,3946,1,2024-11-12,1,23,69,798,46,9753,True,False
5424,3947,2,2025-10-04,1,4,10,103,8,9755,True,False
5425,3948,1,2025-09-29,1,26,80,942,51,9756,True,False
5426,3948,1,2025-10-21,1,26,80,942,51,9758,True,False
5427,3948,2,2025-09-30,1,26,80,942,51,9759,True,False
5428,3949,2,2025-09-10,1,17,44,510,34,9760,True,False
5429,3949,1,2025-08-28,1,17,44,510,34,9761,True,True
5430,3950,1,2026-05-24,1,4,11,115,7,9762,True,False
5431,3951,1,2024-09-11,1,8,21,236,15,9765,True,False
5432,3952,1,2025-03-29,1,4,11,116,8,9769,True,False
5433,3953,1,2026-07-10,1,29,90,1046,58,9772,True,False
5434,3954,1,2026-07-10,1,4,10,107,7,9775,True,False
5435,3955,2,2026-02-17,1,15,39,454,30,9776,True,False
5436,3955,1,2026-02-21,1,15,39,454,30,9777,True,False
5437,3956,2,2026-04-18,1,4,11,114,8,9780,True,False
5438,3958,1,2026-05-14,1,4,10,105,8,9784,True,False
5439,3960,2,2025-12-09,1,11,30,335,22,9789,True,False
5440,3960,1,2025-12-09,1,11,30,335,22,9790,True,False
5441,3962,1,2026-05-11,1,12,32,363,24,9795,True,False
5442,3963,2,2025-07-03,1,4,10,111,8,9798,True,False
5443,3964,2,2025-10-20,1,3,8,84,6,9800,True,False
5444,3967,1,2026-06-16,1,4,9,98,7,9805,True,False
5445,3968,1,2026-05-21,1,24,73,850,47,9806,True,False
5446,3969,1,2024-08-04,1,28,85,989,55,9807,True,False
5447,3970,1,2025-01-22,1,17,48,547,34,9811,True,False
5448,3970,1,2025-01-25,1,17,48,547,34,9813,True,False
5449,3971,1,2024-12-23,1,4,9,93,7,9815,True,False
5450,3971,1,2024-12-07,1,4,9,93,7,9816,True,False
5451,3973,1,2026-06-25,1,4,10,111,8,9821,True,False
5452,3974,1,2026-03-29,1,4,11,119,7,9822,True,False
5453,3974,1,2026-04-06,1,4,11,119,7,9823,True,False
5454,3974,1,2026-03-28,1,4,11,119,7,9824,True,False
5455,3975,2,2025-09-27,1,22,64,744,44,9825,True,False
5456,3977,1,2026-07-25,1,4,11,120,8,9827,True,False
5457,3979,1,2026-02-13,1,23,68,791,46,9834,True,False
5458,3980,1,2026-07-17,1,28,86,1003,56,9836,True,False
5459,3980,2,2026-07-11,1,28,86,1003,56,9837,True,False
5460,3981,2,2025-05-27,1,4,11,120,7,9838,True,False
5461,3981,1,2025-05-17,1,4,11,120,7,9839,True,False
5462,3982,1,2026-03-07,1,4,9,101,7,9840,True,False
5463,3983,2,2026-06-24,1,8,20,218,16,9842,True,False
5464,3983,1,2026-07-13,1,8,20,218,16,9843,True,False
5465,3985,1,2026-03-07,1,4,11,116,7,9845,True,False
5466,3985,2,2026-03-03,1,4,11,116,7,9847,True,False
5467,3986,1,2026-04-26,1,4,9,94,7,9849,True,False
5468,3987,1,2025-08-08,1,4,9,94,8,9850,True,False
5469,3989,2,2025-06-10,1,1,1,7,2,9852,True,True
5470,3990,2,2025-01-31,1,16,41,476,32,9854,True,False
5471,3990,1,2025-01-22,1,16,41,476,32,9855,True,False
5472,3991,1,2025-09-25,1,17,48,551,34,9856,True,False
5473,3991,1,2025-10-04,1,17,48,551,34,9857,True,False
5474,3992,1,2025-09-22,1,4,10,108,7,9858,True,False
5475,3993,2,2026-03-19,1,4,9,97,7,9859,True,False
5476,3993,1,2026-03-29,1,4,9,97,7,9861,True,False
5477,3994,1,2026-06-18,1,4,9,94,7,9862,True,False
5478,3994,1,2026-06-15,1,4,9,94,7,9863,True,False
5479,3994,1,2026-06-11,1,4,9,94,7,9864,True,False
5480,3995,2,2026-05-15,1,4,10,105,7,9866,True,False
5481,3998,1,2025-01-10,1,14,37,430,27,9873,True,False
5482,3998,1,2025-01-18,1,14,37,430,27,9874,True,False
5483,3998,1,2025-01-17,1,14,37,430,27,9875,True,False
5484,3999,1,2026-05-29,1,3,5,63,6,9877,True,False
5485,4000,1,2025-06-08,1,5,12,122,10,9880,True,False
5486,4001,1,2025-01-23,1,13,35,396,25,9881,True,False
5487,4001,1,2025-01-31,1,13,35,396,25,9882,True,False
5488,4002,1,2026-01-12,1,12,31,353,23,9884,True,False
5489,4002,1,2026-02-05,1,12,31,353,23,9885,True,False
5490,4003,1,2024-09-29,1,9,24,265,18,9887,True,False
5491,4003,1,2024-10-12,1,9,24,265,18,9888,True,True
5492,4004,1,2025-02-08,1,4,11,119,7,9890,True,False
5493,4004,1,2025-01-27,1,4,11,119,7,9891,True,False
5494,4005,1,2026-02-28,1,4,9,93,8,9893,True,False
5495,4006,1,2025-01-02,1,1,1,9,2,9894,True,False
5496,4006,1,2025-01-05,1,1,1,9,2,9895,True,False
5497,4006,1,2025-01-25,1,1,1,9,2,9896,True,False
5498,4006,1,2025-01-15,1,1,1,9,2,9897,True,False
5499,4008,2,2026-03-24,1,4,10,102,8,9900,True,False
5500,4009,1,2025-11-05,1,1,2,19,1,9901,True,False
5501,4009,2,2025-10-14,1,1,2,19,1,9902,True,False
5502,4010,1,2026-07-20,1,4,11,120,7,9903,True,False
5503,4011,1,2024-09-24,1,21,61,716,42,9905,True,False
5504,4011,1,2024-09-10,1,21,61,716,42,9906,True,False
5505,4012,1,2026-01-20,1,28,85,991,56,9908,True,False
5506,4012,2,2026-01-18,1,28,85,991,56,9910,True,False
5507,4013,2,2025-07-11,1,3,6,73,6,9911,True,False
5508,4014,2,2025-07-02,1,20,59,686,40,9912,True,False
5509,4014,2,2025-06-19,1,20,59,686,40,9913,True,False
5510,4014,1,2025-06-24,1,20,59,686,40,9914,True,False
5511,4015,1,2026-05-05,1,4,10,106,7,9915,True,False
5512,4015,1,2026-05-10,1,4,10,106,7,9917,True,False
5513,4015,1,2026-05-03,1,4,10,106,7,9918,True,False
5514,4016,1,2026-01-18,1,23,69,801,45,9919,True,False
5515,4019,1,2026-02-16,1,4,9,95,8,9924,True,False
5516,4021,1,2024-12-04,1,22,63,738,43,9928,True,False
5517,4022,1,2025-05-19,1,29,90,1048,57,9931,True,False
5518,4023,1,2025-01-25,1,5,13,134,10,9934,True,False
5519,4024,1,2025-11-25,1,3,5,54,5,9937,True,False
5520,4025,1,2026-06-30,1,16,42,490,31,9938,True,True
5521,4025,1,2026-06-21,1,16,42,490,31,9939,True,False
5522,4026,2,2025-07-18,1,3,8,84,5,9942,True,False
5523,4027,1,2026-07-16,1,8,20,217,16,9946,True,False
5524,4028,1,2026-07-22,1,4,9,99,7,9949,True,False
5525,4030,1,2025-01-29,1,1,2,19,1,9952,True,True
5526,4030,1,2025-02-08,1,1,2,19,1,9953,True,False
5527,4032,2,2025-05-16,1,16,42,480,31,9957,True,False
5528,4032,2,2025-05-09,1,16,42,480,31,9959,True,False
5529,4033,1,2025-06-03,1,28,87,1005,55,9963,True,False
5530,4035,2,2025-09-27,1,4,11,113,8,9965,True,True
5531,4037,1,2025-07-03,1,23,70,813,46,9969,True,False
5532,4038,1,2025-10-22,1,3,8,86,6,9970,True,False
5533,4041,1,2025-11-09,1,13,33,374,26,9974,True,False
5534,4042,2,2025-09-15,1,20,58,676,39,9975,True,False
5535,4042,1,2025-09-22,1,20,58,676,39,9976,True,False
5536,4043,1,2025-01-01,1,19,53,614,38,9977,True,False
5537,4043,1,2024-12-25,1,19,53,614,38,9978,True,False
5538,4043,1,2025-01-02,1,19,53,614,38,9979,True,False
5539,4045,1,2025-01-06,1,1,1,8,2,9981,True,False
5540,4045,1,2025-01-08,1,1,1,8,2,9982,True,False
5541,4045,2,2025-02-03,1,1,1,8,2,9984,True,False
5542,4046,1,2024-11-20,1,13,34,384,25,9985,True,False
5543,4047,2,2024-12-05,1,3,8,86,6,9986,True,False
5544,4047,1,2024-12-08,1,3,8,86,6,9988,True,False
5545,4048,1,2025-04-08,1,9,24,274,18,9990,True,False
5546,4049,1,2025-04-28,1,27,84,982,53,9991,True,False
5547,4050,1,2026-02-03,1,19,55,647,37,9992,True,False
5548,4051,1,2026-07-05,1,3,6,74,6,9994,True,False
5549,4052,1,2024-09-07,1,23,70,822,45,9995,True,False
5550,4052,1,2024-09-08,1,23,70,822,45,9996,True,False
5551,4053,1,2024-07-24,1,4,9,93,8,9997,True,False
5552,4054,1,2025-01-02,1,4,10,104,8,9998,True,False
5553,4055,1,2026-04-08,1,3,8,84,6,9999,True,False
5554,4055,1,2026-04-19,1,3,8,84,6,10000,True,True
5555,4055,1,2026-04-11,1,3,8,84,6,10001,True,False
5556,4056,2,2024-09-30,1,13,35,398,26,10004,True,False
5557,4056,1,2024-10-01,1,13,35,398,26,10005,True,False
5558,4057,1,2026-06-14,1,18,50,573,36,10006,True,False
5559,4059,1,2026-01-13,1,3,8,91,6,10009,True,False
5560,4059,1,2025-12-24,1,3,8,91,6,10010,True,False
5561,4060,1,2026-01-29,1,9,23,250,17,10012,True,False
5562,4061,1,2026-02-05,1,4,11,118,7,10015,True,False
5563,4062,1,2025-03-05,1,4,9,100,8,10021,True,False
5564,4063,1,2024-11-04,1,27,84,983,53,10022,True,False
5565,4063,2,2024-10-20,1,27,84,983,53,10023,True,False
5566,4067,1,2026-02-19,1,6,16,172,11,10029,True,False
5567,4068,1,2026-07-01,1,30,91,1050,60,10032,True,False
5568,4068,2,2026-07-21,1,30,91,1050,60,10034,True,False
5569,4069,2,2025-04-16,1,27,82,957,54,10035,True,False
5570,4070,1,2024-08-16,1,2,4,47,4,10036,True,False
5571,4070,2,2024-09-06,1,2,4,47,4,10037,True,False
5572,4071,2,2026-07-17,1,27,82,955,54,10038,True,False
5573,4071,1,2026-07-15,1,27,82,955,54,10039,True,False
5574,4071,1,2026-07-01,1,27,82,955,54,10040,True,False
5575,4072,1,2025-04-19,1,4,11,120,8,10043,True,False
5576,4073,2,2026-05-12,1,7,18,205,13,10044,True,True
5577,4076,1,2025-05-23,1,7,19,208,13,10050,True,False
5578,4077,2,2026-05-03,1,1,2,27,2,10051,True,False
5579,4077,1,2026-05-11,1,1,2,27,2,10052,True,False
5580,4078,1,2026-01-26,1,1,2,15,1,10053,True,False
5581,4079,1,2025-02-12,1,9,22,248,17,10054,True,False
5582,4079,1,2025-02-10,1,9,22,248,17,10056,True,False
5583,4080,1,2026-05-10,1,4,9,95,7,10058,True,False
5584,4080,1,2026-05-26,1,4,9,95,7,10059,True,False
5585,4081,1,2024-08-24,1,11,29,322,22,10060,True,False
5586,4083,1,2025-01-14,1,4,10,103,7,10066,True,False
5587,4084,2,2024-12-02,1,23,70,813,46,10068,True,False
5588,4085,1,2025-10-30,1,27,84,973,53,10071,True,False
5589,4085,1,2025-10-28,1,27,84,973,53,10073,True,False
5590,4086,1,2025-12-28,1,17,44,508,33,10075,True,False
5591,4088,1,2024-11-26,1,4,11,117,8,10077,True,False
5592,4090,1,2026-02-01,1,4,11,113,8,10079,True,False
5593,4090,1,2026-01-23,1,4,11,113,8,10080,True,False
5594,4091,2,2024-07-18,1,18,50,572,36,10083,True,False
5595,4091,1,2024-08-05,1,18,50,572,36,10084,True,True
5596,4092,1,2025-05-04,1,7,18,194,13,10087,True,False
5597,4092,1,2025-04-11,1,7,18,194,13,10088,True,False
5598,4093,1,2024-07-27,1,19,55,640,38,10089,True,False
5599,4093,2,2024-07-28,1,19,55,640,38,10090,True,False
5600,4093,2,2024-07-24,1,19,55,640,38,10091,True,False
5601,4094,1,2024-09-01,1,5,14,146,9,10092,True,False
5602,4094,1,2024-08-15,1,5,14,146,9,10093,True,False
5603,4095,1,2025-08-15,1,1,2,25,2,10094,True,False
5604,4095,1,2025-08-11,1,1,2,25,2,10095,True,False
5605,4096,1,2025-01-18,1,23,70,812,45,10098,True,False
5606,4096,1,2025-01-08,1,23,70,812,45,10100,True,False
5607,4098,1,2025-09-26,1,27,83,962,53,10103,True,False
5608,4099,1,2026-07-25,1,6,17,190,12,10105,True,False
5609,4101,1,2025-12-13,1,9,26,294,17,10109,True,False
5610,4101,1,2025-11-30,1,9,26,294,17,10110,True,False
5611,4102,1,2025-04-28,1,4,11,117,7,10112,True,False
5612,4102,2,2025-04-28,1,4,11,117,7,10113,True,False
5613,4102,1,2025-05-05,1,4,11,117,7,10114,True,False
5614,4103,1,2026-06-06,1,7,18,199,13,10117,True,False
5615,4104,2,2025-09-19,1,22,64,743,43,10118,True,False
5616,4106,2,2025-02-26,1,8,21,236,16,10120,True,False
5617,4107,1,2025-04-08,1,7,18,204,14,10122,True,True
5618,4108,2,2024-08-11,1,11,30,340,21,10124,True,False
5619,4110,1,2025-06-04,1,1,1,10,2,10126,True,False
5620,4110,1,2025-06-21,1,1,1,10,2,10127,True,False
5621,4116,1,2026-03-31,1,4,11,116,7,10138,True,False
5622,4116,2,2026-04-12,1,4,11,116,7,10139,True,False
5623,4116,1,2026-04-15,1,4,11,116,7,10140,True,False
5624,4118,1,2024-11-25,1,25,75,878,49,10143,True,False
5625,4119,1,2025-04-30,1,15,39,453,30,10144,True,False
5626,4119,1,2025-04-20,1,15,39,453,30,10145,True,False
5627,4119,1,2025-05-10,1,15,39,453,30,10146,True,False
5628,4119,1,2025-04-23,1,15,39,453,30,10147,True,False
5629,4120,1,2026-04-21,1,3,8,90,5,10148,True,False
5630,4120,2,2026-03-25,1,3,8,90,5,10149,True,False
5631,4120,1,2026-04-07,1,3,8,90,5,10151,True,False
5632,4122,1,2024-09-12,1,4,11,119,8,10154,True,False
5633,4123,1,2025-04-18,1,27,83,969,54,10155,True,False
5634,4123,1,2025-05-11,1,27,83,969,54,10156,True,False
5635,4124,2,2024-10-26,1,30,92,1070,60,10157,True,False
5636,4125,1,2026-04-23,1,6,17,182,12,10158,True,False
5637,4126,1,2026-04-14,1,23,66,766,46,10160,True,False
5638,4127,1,2024-12-07,1,12,31,348,24,10161,True,False
5639,4127,1,2024-11-15,1,12,31,348,24,10164,True,False
5640,4129,2,2026-03-14,1,4,9,96,8,10169,True,False
5641,4129,1,2026-03-20,1,4,9,96,8,10170,True,False
5642,4130,1,2026-02-24,1,4,10,108,7,10171,True,True
5643,4131,1,2025-10-19,1,21,62,720,42,10173,True,False
5644,4132,1,2025-04-29,1,24,72,841,47,10176,True,False
5645,4133,2,2025-07-22,1,4,11,119,7,10178,True,False
5646,4133,1,2025-07-03,1,4,11,119,7,10179,True,False
5647,4133,2,2025-06-30,1,4,11,119,7,10180,True,False
5648,4134,1,2025-06-29,1,22,65,753,44,10181,True,False
5649,4135,1,2025-06-02,1,1,1,7,1,10185,True,False
5650,4135,1,2025-06-05,1,1,1,7,1,10186,True,False
5651,4135,2,2025-05-19,1,1,1,7,1,10187,True,False
5652,4135,1,2025-05-06,1,1,1,7,1,10188,True,False
5653,4136,2,2024-10-01,1,14,38,432,28,10191,True,False
5654,4136,1,2024-09-15,1,14,38,432,28,10192,True,False
5655,4137,1,2026-03-27,1,4,10,107,8,10196,True,False
5656,4138,2,2025-04-11,1,4,9,98,8,10199,True,False
5657,4138,1,2025-04-04,1,4,9,98,8,10200,True,False
5658,4139,1,2026-03-17,1,4,11,114,7,10202,True,False
5659,4139,2,2026-03-15,1,4,11,114,7,10203,True,False
5660,4140,1,2026-06-16,1,11,30,336,21,10206,True,False
5661,4141,1,2024-09-21,1,4,10,104,7,10207,True,False
5662,4141,1,2024-09-28,1,4,10,104,7,10208,True,False
5663,4142,1,2024-10-30,1,15,40,456,29,10211,True,False
5664,4142,1,2024-10-21,1,15,40,456,29,10213,True,False
5665,4142,1,2024-10-16,1,15,40,456,29,10214,True,False
5666,4143,2,2026-01-30,1,4,11,115,8,10217,True,False
5667,4144,1,2025-04-26,1,13,35,400,25,10220,True,False
5668,4145,1,2026-01-07,1,4,10,105,7,10223,True,False
5669,4146,1,2025-06-09,1,29,89,1028,57,10224,True,False
5670,4146,1,2025-05-29,1,29,89,1028,57,10225,True,False
5671,4146,1,2025-06-09,1,29,89,1028,57,10226,True,False
5672,4146,1,2025-05-31,1,29,89,1028,57,10227,True,False
5673,4147,1,2025-12-05,1,20,59,684,39,10229,True,False
5674,4147,1,2025-12-06,1,20,59,684,39,10230,True,False
5675,4148,1,2026-05-24,1,14,38,436,27,10231,True,False
5676,4148,1,2026-05-11,1,14,38,436,27,10232,True,False
5677,4148,1,2026-06-06,1,14,38,436,27,10233,True,False
5678,4149,1,2024-12-28,1,29,89,1034,58,10234,True,False
5679,4149,1,2024-12-14,1,29,89,1034,58,10235,True,False
5680,4151,1,2026-07-14,1,1,1,8,1,10237,True,False
5681,4151,1,2026-06-21,1,1,1,8,1,10238,True,False
5682,4151,1,2026-07-13,1,1,1,8,1,10239,True,False
5683,4151,1,2026-07-07,1,1,1,8,1,10240,True,False
5684,4153,2,2026-04-09,1,4,9,96,8,10243,True,False
5685,4153,1,2026-05-03,1,4,9,96,8,10244,True,False
5686,4156,1,2025-01-10,1,3,6,64,6,10250,True,False
5687,4157,1,2026-07-19,1,4,11,115,7,10254,True,False
5688,4158,1,2025-09-20,1,4,9,95,7,10256,True,False
5689,4158,1,2025-09-30,1,4,9,95,7,10257,True,False
5690,4158,1,2025-09-22,1,4,9,95,7,10258,True,False
5691,4159,1,2026-03-31,1,3,8,84,5,10259,True,False
5692,4159,1,2026-03-29,1,3,8,84,5,10260,True,False
5693,4159,2,2026-03-26,1,3,8,84,5,10261,True,False
5694,4159,1,2026-03-20,1,3,8,84,5,10262,True,False
5695,4160,1,2025-10-18,1,13,35,401,26,10263,True,False
5696,4160,1,2025-10-22,1,13,35,401,26,10264,True,False
5697,4160,1,2025-10-29,1,13,35,401,26,10265,True,False
5698,4160,1,2025-11-08,1,13,35,401,26,10266,True,False
5699,4161,1,2025-07-11,1,26,81,946,51,10267,True,False
5700,4162,1,2025-04-03,1,4,9,100,7,10269,True,True
5701,4162,1,2025-04-15,1,4,9,100,7,10270,True,False
5702,4163,1,2025-01-17,1,9,24,271,17,10272,True,False
5703,4163,1,2025-01-24,1,9,24,271,17,10275,True,False
5704,4164,1,2024-08-08,1,10,27,303,20,10278,True,False
5705,4164,1,2024-08-03,1,10,27,303,20,10279,True,False
5706,4165,2,2025-07-05,1,12,31,355,23,10280,True,False
5707,4165,1,2025-07-05,1,12,31,355,23,10283,True,False
5708,4166,1,2025-08-14,1,4,11,114,8,10284,True,False
5709,4166,1,2025-09-04,1,4,11,114,8,10285,True,False
5710,4166,1,2025-08-29,1,4,11,114,8,10286,True,False
5711,4167,1,2024-08-07,1,4,9,101,7,10288,True,False
5712,4167,1,2024-08-21,1,4,9,101,7,10289,True,False
5713,4168,1,2025-06-07,1,3,6,72,6,10290,True,False
5714,4170,1,2025-04-12,1,20,59,690,40,10293,True,False
5715,4171,2,2025-04-30,1,1,2,22,2,10294,True,False
5716,4172,1,2025-11-25,1,26,80,941,52,10297,True,False
5717,4173,2,2025-02-07,1,23,69,802,45,10300,True,False
5718,4173,1,2025-02-06,1,23,69,802,45,10301,True,False
5719,4173,1,2025-02-16,1,23,69,802,45,10302,True,False
5720,4174,1,2026-04-05,1,3,8,84,6,10304,True,False
5721,4174,1,2026-04-21,1,3,8,84,6,10305,True,False
5722,4175,2,2026-05-09,1,4,10,107,8,10307,True,False
5723,4176,1,2026-05-27,1,9,22,248,18,10308,True,False
5724,4176,1,2026-05-15,1,9,22,248,18,10309,True,False
5725,4177,1,2024-11-27,1,3,7,77,6,10310,True,False
5726,4178,2,2024-10-07,1,8,20,219,15,10313,True,False
5727,4178,1,2024-09-26,1,8,20,219,15,10314,True,False
5728,4178,2,2024-10-11,1,8,20,219,15,10315,True,False
5729,4179,1,2026-06-07,1,13,33,375,26,10316,True,False
5730,4180,1,2024-12-21,1,4,9,100,7,10320,True,False
5731,4181,1,2024-12-27,1,16,42,486,32,10323,True,False
5732,4182,1,2024-12-19,1,4,11,119,8,10326,True,False
5733,4182,1,2024-12-02,1,4,11,119,8,10327,True,False
5734,4183,1,2026-07-02,1,8,21,235,15,10329,True,False
5735,4184,1,2025-06-04,1,28,88,1019,56,10331,True,False
5736,4187,2,2026-01-19,1,4,11,113,7,10335,True,False
5737,4188,1,2026-03-04,1,28,86,1001,56,10336,True,False
5738,4189,1,2025-12-26,1,9,23,256,17,10338,True,False
5739,4189,1,2025-12-22,1,9,23,256,17,10339,True,False
5740,4190,1,2026-02-13,1,24,74,865,47,10340,True,False
5741,4192,1,2025-01-07,1,4,10,107,7,10343,True,True
5742,4192,1,2025-01-18,1,4,10,107,7,10344,True,False
5743,4192,1,2025-01-05,1,4,10,107,7,10345,True,False
5744,4193,1,2026-07-24,1,4,9,100,7,10347,True,True
5745,4194,1,2026-03-12,1,4,10,105,7,10348,True,False
5746,4194,2,2026-03-15,1,4,10,105,7,10349,True,False
5747,4196,1,2025-04-22,1,13,33,370,25,10351,True,False
5748,4197,1,2025-09-11,1,7,19,210,14,10353,True,False
5749,4198,1,2025-02-04,1,4,10,109,8,10354,True,False
5750,4198,1,2025-02-14,1,4,10,109,8,10355,True,False
5751,4199,1,2024-10-09,1,13,33,375,26,10356,True,False
5752,4200,1,2025-10-30,1,14,36,403,27,10360,True,False
5753,4200,1,2025-10-11,1,14,36,403,27,10361,True,False
5754,4201,1,2025-05-31,1,14,37,423,27,10363,True,False
5755,4201,1,2025-05-16,1,14,37,423,27,10364,True,False
5756,4201,1,2025-05-15,1,14,37,423,27,10366,True,False
5757,4202,1,2025-10-10,1,18,49,566,35,10367,True,False
5758,4203,1,2026-06-29,1,4,11,113,8,10370,True,False
5759,4204,1,2025-04-18,1,4,10,108,8,10372,True,False
5760,4205,1,2025-03-19,1,6,17,191,11,10373,True,False
5761,4205,1,2025-04-15,1,6,17,191,11,10374,True,False
5762,4205,1,2025-03-21,1,6,17,191,11,10375,True,False
5763,4206,1,2026-06-12,1,10,27,297,19,10376,True,False
5764,4207,1,2026-02-19,1,20,57,661,40,10377,True,False
5765,4208,1,2025-04-04,1,29,89,1033,58,10378,True,False
5766,4209,2,2026-01-12,1,26,80,943,51,10380,True,False
5767,4209,1,2026-01-20,1,26,80,943,51,10381,True,False
5768,4210,1,2025-07-18,1,21,61,714,41,10384,True,False
5769,4211,1,2026-03-17,1,7,18,205,13,10385,True,False
5770,4211,2,2026-03-07,1,7,18,205,13,10386,True,False
5771,4212,2,2025-12-12,1,4,9,97,8,10389,True,False
5772,4212,1,2025-12-19,1,4,9,97,8,10390,True,False
5773,4213,1,2026-02-23,1,1,2,16,2,10391,True,False
5774,4213,1,2026-02-25,1,1,2,16,2,10392,True,False
5775,4213,1,2026-03-01,1,1,2,16,2,10393,True,False
5776,4214,1,2026-02-19,1,4,10,109,8,10395,True,False
5777,4214,1,2026-02-01,1,4,10,109,8,10397,True,False
5778,4215,1,2026-01-07,1,4,9,101,8,10398,True,False
5779,4216,1,2025-09-11,1,4,10,108,8,10401,True,False
5780,4216,1,2025-08-22,1,4,10,108,8,10402,True,False
5781,4217,2,2025-02-21,1,4,9,100,7,10405,True,False
5782,4218,1,2025-06-23,1,3,7,82,6,10409,True,False
5783,4218,1,2025-06-14,1,3,7,82,6,10410,True,False
5784,4220,1,2024-09-11,1,4,10,110,7,10413,True,False
5785,4221,2,2026-03-06,1,4,10,105,7,10414,True,False
5786,4222,1,2024-10-16,1,15,39,445,30,10415,True,False
5787,4223,1,2026-03-09,1,14,37,431,27,10417,True,False
5788,4226,1,2026-03-16,1,19,55,648,38,10423,True,False
5789,4227,1,2026-04-07,1,4,11,114,8,10424,True,False
5790,4228,1,2026-03-19,1,15,40,456,29,10427,True,False
5791,4229,1,2026-07-31,1,4,11,116,8,10428,True,False
5792,4229,2,2026-07-11,1,4,11,116,8,10429,True,False
5793,4230,1,2026-03-02,1,4,11,120,7,10431,True,True
5794,4230,1,2026-02-27,1,4,11,120,7,10432,True,False
5795,4230,1,2026-03-03,1,4,11,120,7,10433,True,False
5796,4234,1,2025-07-05,1,10,28,309,19,10440,True,False
5797,4234,1,2025-06-29,1,10,28,309,19,10441,True,False
5798,4235,1,2026-05-29,1,5,12,129,10,10442,True,False
5799,4235,1,2026-05-29,1,5,12,129,10,10444,True,False
5800,4235,1,2026-06-16,1,5,12,129,10,10445,True,False
5801,4236,1,2025-06-18,1,13,34,379,26,10446,True,False
5802,4236,1,2025-06-27,1,13,34,379,26,10448,True,False
5803,4237,2,2025-03-12,1,4,10,104,7,10449,True,False
5804,4237,1,2025-03-19,1,4,10,104,7,10451,True,False
5805,4237,2,2025-03-02,1,4,10,104,7,10452,True,False
5806,4238,2,2024-08-13,1,1,1,12,1,10454,True,False
5807,4238,1,2024-08-28,1,1,1,12,1,10456,True,False
5808,4239,1,2025-10-04,1,30,92,1071,59,10458,True,False
5809,4239,1,2025-10-01,1,30,92,1071,59,10459,True,False
5810,4239,1,2025-09-14,1,30,92,1071,59,10460,True,False
5811,4240,1,2026-03-11,1,14,36,403,28,10461,True,False
5812,4240,2,2026-04-03,1,14,36,403,28,10462,True,False
5813,4240,2,2026-03-23,1,14,36,403,28,10463,True,False
5814,4241,1,2025-01-02,1,17,44,515,34,10464,True,False
5815,4242,1,2026-02-25,1,7,19,209,14,10466,True,False
5816,4242,2,2026-03-18,1,7,19,209,14,10467,True,False
5817,4244,1,2024-10-14,1,15,40,458,29,10471,True,False
5818,4246,1,2025-07-07,1,4,11,113,7,10476,True,False
5819,4246,1,2025-07-22,1,4,11,113,7,10477,True,False
5820,4247,1,2026-07-06,1,4,11,117,7,10478,True,False
5821,4248,1,2024-11-09,1,7,18,205,14,10482,True,False
5822,4249,1,2024-11-26,1,15,39,451,30,10484,True,False
5823,4249,1,2024-11-24,1,15,39,451,30,10485,True,False
5824,4250,1,2025-08-04,1,4,9,95,8,10488,True,False
5825,4251,1,2026-05-05,1,1,1,13,2,10491,True,False
5826,4251,1,2026-05-13,1,1,1,13,2,10492,True,False
5827,4252,1,2025-06-11,1,3,5,56,5,10494,True,False
5828,4254,1,2025-12-09,1,7,18,201,13,10496,True,False
5829,4254,1,2025-12-05,1,7,18,201,13,10499,True,False
5830,4255,1,2025-12-07,1,30,91,1056,59,10500,True,False
5831,4256,1,2025-03-09,1,13,34,386,26,10501,True,False
5832,4256,1,2025-04-03,1,13,34,386,26,10502,True,False
5833,4257,1,2025-01-13,1,3,5,55,6,10505,True,False
5834,4257,1,2024-12-30,1,3,5,55,6,10506,True,False
5835,4258,1,2026-03-11,1,23,70,818,46,10509,True,False
5836,4259,1,2026-04-04,1,4,11,119,7,10514,True,False
5837,4260,2,2026-02-09,1,4,10,103,7,10516,True,False
5838,4263,1,2026-04-19,1,1,1,8,2,10520,True,False
5839,4263,1,2026-03-30,1,1,1,8,2,10522,True,False
5840,4264,2,2025-10-31,1,26,79,928,52,10523,True,False
5841,4264,1,2025-10-28,1,26,79,928,52,10524,True,False
5842,4264,1,2025-10-23,1,26,79,928,52,10525,True,False
5843,4265,1,2025-05-29,1,7,18,193,14,10527,True,False
5844,4265,1,2025-06-14,1,7,18,193,14,10528,True,False
5845,4265,2,2025-06-17,1,7,18,193,14,10529,True,False
5846,4266,1,2026-07-26,1,30,91,1049,59,10530,True,False
5847,4266,1,2026-07-21,1,30,91,1049,59,10531,True,False
5848,4266,1,2026-07-02,1,30,91,1049,59,10532,True,False
5849,4266,1,2026-07-05,1,30,91,1049,59,10533,True,False
5850,4267,1,2026-07-12,1,18,49,560,36,10536,True,False
5851,4270,1,2024-12-06,1,21,62,727,42,10540,True,True
5852,4271,1,2024-08-13,1,29,89,1037,58,10544,True,False
5853,4272,1,2024-10-23,1,23,68,789,46,10545,True,False
5854,4272,1,2024-10-24,1,23,68,789,46,10546,True,False
5855,4274,1,2025-08-09,1,6,15,164,11,10550,True,False
5856,4274,1,2025-08-18,1,6,15,164,11,10551,True,False
5857,4275,2,2025-10-05,1,1,2,28,1,10552,True,False
5858,4275,1,2025-09-30,1,1,2,28,1,10554,True,False
5859,4276,1,2026-05-16,1,4,9,96,8,10556,True,False
5860,4276,2,2026-06-01,1,4,9,96,8,10557,True,False
5861,4277,1,2026-05-30,1,4,11,120,8,10558,True,False
5862,4278,1,2024-11-03,1,23,67,775,45,10560,True,False
5863,4279,1,2026-03-28,1,4,10,105,7,10561,True,False
5864,4280,1,2024-12-14,1,7,19,207,13,10562,True,False
5865,4281,1,2026-02-04,1,27,84,982,53,10563,True,False
5866,4281,1,2026-02-17,1,27,84,982,53,10564,True,False
5867,4282,1,2025-08-31,1,20,59,692,39,10567,True,False
5868,4283,1,2026-05-31,1,3,7,78,6,10570,True,False
5869,4285,2,2026-06-12,1,25,75,872,49,10574,True,False
5870,4285,1,2026-06-11,1,25,75,872,49,10575,True,False
5871,4286,2,2025-11-05,1,29,89,1037,58,10577,True,False
5872,4287,1,2026-02-15,1,4,11,112,8,10578,True,False
5873,4287,1,2026-02-27,1,4,11,112,8,10579,True,False
5874,4287,1,2026-02-01,1,4,11,112,8,10580,True,False
5875,4287,1,2026-02-25,1,4,11,112,8,10581,True,False
5876,4288,1,2025-02-17,1,23,67,782,46,10582,True,False
5877,4288,1,2025-02-05,1,23,67,782,46,10583,True,False
5878,4289,1,2025-11-13,1,25,76,889,50,10584,True,False
5879,4290,2,2025-08-09,1,11,29,320,22,10586,True,False
5880,4290,1,2025-07-31,1,11,29,320,22,10587,True,False
5881,4291,1,2024-12-24,1,3,6,72,5,10588,True,False
5882,4292,1,2025-05-18,1,28,88,1021,55,10591,True,False
5883,4292,1,2025-05-02,1,28,88,1021,55,10592,True,False
5884,4293,1,2025-01-05,1,6,16,170,12,10593,True,False
5885,4293,2,2025-01-19,1,6,16,170,12,10594,True,False
5886,4294,1,2025-01-29,1,1,2,25,1,10599,True,False
5887,4295,1,2025-10-26,1,24,73,854,47,10600,True,False
5888,4295,1,2025-10-12,1,24,73,854,47,10602,True,False
5889,4295,1,2025-10-23,1,24,73,854,47,10603,True,False
5890,4296,1,2026-06-09,1,2,4,47,4,10605,True,False
5891,4297,1,2026-06-03,1,4,11,118,7,10606,True,False
5892,4297,1,2026-05-31,1,4,11,118,7,10607,True,False
5893,4298,1,2024-09-30,1,16,42,492,31,10608,True,False
5894,4301,1,2026-03-08,1,17,45,525,34,10613,True,False
5895,4302,2,2026-02-12,1,22,63,729,43,10615,True,False
5896,4303,2,2026-06-20,1,4,10,106,7,10616,True,False
5897,4305,1,2024-12-29,1,13,33,375,26,10619,True,False
5898,4306,1,2024-11-20,1,9,22,243,17,10620,True,False
5899,4306,1,2024-11-07,1,9,22,243,17,10621,True,False
5900,4306,1,2024-11-16,1,9,22,243,17,10622,True,False
5901,4307,1,2025-10-14,1,4,10,109,8,10623,True,False
5902,4307,1,2025-09-24,1,4,10,109,8,10624,True,False
5903,4307,1,2025-10-04,1,4,10,109,8,10625,True,False
5904,4307,1,2025-10-03,1,4,10,109,8,10626,True,False
5905,4308,1,2025-10-10,1,4,10,102,7,10627,True,False
5906,4308,1,2025-09-25,1,4,10,102,7,10629,True,False
5907,4309,1,2025-01-09,1,4,10,103,8,10632,True,False
5908,4309,2,2025-01-01,1,4,10,103,8,10634,True,False
5909,4310,2,2025-10-12,1,21,61,706,41,10635,True,False
5910,4310,1,2025-10-22,1,21,61,706,41,10636,True,False
5911,4310,1,2025-10-21,1,21,61,706,41,10637,True,False
5912,4311,1,2025-11-01,1,25,75,878,49,10639,True,False
5913,4313,1,2025-06-18,1,4,9,100,8,10641,True,True
5914,4313,1,2025-06-13,1,4,9,100,8,10642,True,False
5915,4314,2,2025-12-07,1,22,65,763,44,10643,True,False
5916,4315,1,2025-06-05,1,4,9,97,8,10647,True,False
5917,4315,1,2025-06-27,1,4,9,97,8,10648,True,False
5918,4317,1,2026-07-26,1,1,1,1,1,10652,True,False
5919,4318,2,2026-05-28,1,4,11,115,8,10653,True,False
5920,4318,1,2026-05-27,1,4,11,115,8,10654,True,False
5921,4318,1,2026-06-19,1,4,11,115,8,10655,True,False
5922,4318,1,2026-06-07,1,4,11,115,8,10656,True,False
5923,4320,1,2025-03-20,1,28,88,1024,56,10660,True,False
5924,4320,1,2025-03-24,1,28,88,1024,56,10661,True,False
5925,4321,1,2024-08-22,1,16,42,485,31,10663,True,False
5926,4321,1,2024-09-02,1,16,42,485,31,10665,True,False
5927,4322,2,2025-08-14,1,4,11,113,8,10666,True,False
5928,4323,1,2025-09-16,1,4,11,116,8,10667,True,False
5929,4323,1,2025-09-18,1,4,11,116,8,10669,True,False
5930,4323,1,2025-09-18,1,4,11,116,8,10670,True,False
5931,4325,2,2025-04-22,1,26,80,931,51,10674,True,False
5932,4325,1,2025-03-31,1,26,80,931,51,10675,True,False
5933,4325,1,2025-03-31,1,26,80,931,51,10676,True,False
5934,4326,2,2025-06-03,1,14,37,427,27,10677,True,False
5935,4326,2,2025-06-05,1,14,37,427,27,10678,True,False
5936,4327,1,2026-04-13,1,1,1,10,2,10680,True,False
5937,4328,1,2024-10-26,1,1,2,25,2,10683,True,False
5938,4329,2,2025-12-24,1,4,9,94,7,10685,True,False
5939,4330,1,2026-04-17,1,4,9,98,7,10687,True,False
5940,4330,2,2026-03-27,1,4,9,98,7,10688,True,False
5941,4331,1,2024-09-20,1,1,1,6,2,10690,True,False
5942,4331,1,2024-10-10,1,1,1,6,2,10691,True,False
5943,4332,1,2026-03-28,1,24,71,833,47,10692,True,False
5944,4332,1,2026-03-16,1,24,71,833,47,10693,True,False
5945,4333,2,2026-03-07,1,4,11,113,8,10694,True,False
5946,4334,1,2025-05-04,1,3,8,90,5,10698,True,False
5947,4334,1,2025-05-12,1,3,8,90,5,10699,True,False
5948,4334,1,2025-05-08,1,3,8,90,5,10700,True,False
5949,4335,1,2025-10-03,1,12,32,361,24,10701,True,False
5950,4336,2,2025-01-28,1,4,10,102,8,10703,True,False
5951,4337,1,2024-07-18,1,4,11,120,7,10704,True,False
5952,4338,1,2024-12-23,1,9,22,248,18,10705,True,True
5953,4339,1,2026-06-15,1,28,88,1021,56,10709,True,False
5954,4341,1,2026-02-23,1,4,11,112,7,10712,True,False
5955,4341,1,2026-02-22,1,4,11,112,7,10713,True,False
5956,4342,2,2025-11-20,1,16,41,467,31,10715,True,False
5957,4343,1,2025-01-11,1,3,8,89,5,10716,True,False
5958,4343,1,2025-01-14,1,3,8,89,5,10717,True,False
5959,4343,1,2025-01-07,1,3,8,89,5,10718,True,False
5960,4343,1,2025-01-05,1,3,8,89,5,10719,True,False
5961,4345,1,2026-05-16,1,7,18,201,13,10723,True,False
5962,4348,1,2024-11-29,1,9,25,276,17,10730,True,False
5963,4349,2,2025-10-16,1,26,80,942,52,10735,True,False
5964,4349,1,2025-10-19,1,26,80,942,52,10737,True,False
5965,4350,1,2025-06-26,1,20,59,693,39,10739,True,False
5966,4350,1,2025-06-10,1,20,59,693,39,10740,True,False
5967,4351,1,2025-09-19,1,16,42,480,31,10742,True,False
5968,4352,1,2024-10-03,1,4,9,93,7,10743,True,False
5969,4353,1,2025-02-17,1,28,88,1021,56,10744,True,False
5970,4353,1,2025-01-21,1,28,88,1021,56,10746,True,False
5971,4354,1,2025-08-21,1,1,2,28,2,10747,True,False
5972,4354,1,2025-08-17,1,1,2,28,2,10748,True,False
5973,4354,1,2025-08-07,1,1,2,28,2,10749,True,False
5974,4354,1,2025-08-16,1,1,2,28,2,10750,True,False
5975,4355,1,2025-01-17,1,17,46,526,33,10751,True,False
5976,4355,1,2025-02-08,1,17,46,526,33,10752,True,False
5977,4355,1,2025-02-05,1,17,46,526,33,10753,True,False
5978,4356,2,2026-04-26,1,29,90,1040,57,10755,True,False
5979,4356,1,2026-04-25,1,29,90,1040,57,10756,True,False
5980,4357,2,2026-02-27,1,4,10,111,7,10758,True,False
5981,4358,1,2025-01-28,1,4,10,109,8,10759,True,False
5982,4359,1,2026-02-09,1,10,28,305,20,10760,True,False
5983,4360,1,2026-03-17,1,4,10,105,8,10763,True,False
5984,4360,2,2026-03-25,1,4,10,105,8,10764,True,False
5985,4361,1,2026-07-10,1,19,54,636,38,10766,True,False
5986,4362,1,2026-01-05,1,12,31,350,23,10768,True,False
5987,4363,2,2024-08-05,1,2,3,38,3,10769,True,False
5988,4363,1,2024-08-07,1,2,3,38,3,10770,True,False
5989,4363,1,2024-07-25,1,2,3,38,3,10771,True,False
5990,4363,2,2024-07-26,1,2,3,38,3,10772,True,False
5991,4364,1,2025-04-26,1,4,11,120,8,10774,True,False
5992,4365,2,2024-11-14,1,5,13,135,10,10776,True,False
5993,4365,1,2024-10-26,1,5,13,135,10,10777,True,True
5994,4366,1,2026-04-24,1,4,9,99,7,10779,True,False
5995,4366,2,2026-04-20,1,4,9,99,7,10781,True,False
5996,4367,1,2025-10-08,1,10,27,302,20,10782,True,False
5997,4367,1,2025-10-06,1,10,27,302,20,10783,True,False
5998,4367,2,2025-10-10,1,10,27,302,20,10784,True,False
5999,4368,2,2024-07-22,1,22,65,759,43,10785,True,False
6000,4368,1,2024-08-06,1,22,65,759,43,10787,True,False
6001,4370,2,2025-02-22,1,8,20,216,15,10790,True,False
6002,4370,1,2025-02-10,1,8,20,216,15,10791,True,False
6003,4370,1,2025-02-09,1,8,20,216,15,10792,True,False
6004,4370,1,2025-02-16,1,8,20,216,15,10793,True,False
6005,4371,1,2025-09-06,1,21,61,710,42,10795,True,False
6006,4371,1,2025-09-06,1,21,61,710,42,10797,True,False
6007,4372,2,2026-06-20,1,25,75,882,50,10798,True,False
6008,4372,1,2026-06-18,1,25,75,882,50,10799,True,False
6009,4373,1,2025-12-30,1,27,82,959,53,10802,True,False
6010,4374,1,2026-07-19,1,28,87,1008,55,10804,True,False
6011,4375,1,2024-09-13,1,18,51,592,35,10805,True,False
6012,4375,1,2024-09-09,1,18,51,592,35,10806,True,False
6013,4375,1,2024-08-24,1,18,51,592,35,10808,True,False
6014,4377,2,2025-11-15,1,10,27,302,19,10811,True,False
6015,4378,1,2025-12-14,1,4,9,100,8,10814,True,False
6016,4379,1,2025-12-09,1,17,48,549,33,10817,True,True
6017,4380,2,2026-01-31,1,22,64,742,44,10819,True,False
6018,4381,1,2024-12-07,1,17,45,525,33,10823,True,False
6019,4381,1,2024-11-24,1,17,45,525,33,10824,True,False
6020,4381,2,2024-11-19,1,17,45,525,33,10825,True,False
6021,4382,1,2026-01-10,1,23,70,813,46,10827,True,False
6022,4383,1,2024-10-12,1,4,9,99,8,10828,True,False
6023,4383,2,2024-10-16,1,4,9,99,8,10829,True,False
6024,4383,2,2024-09-28,1,4,9,99,8,10830,True,False
6025,4384,2,2024-11-17,1,29,90,1046,58,10831,True,False
6026,4385,1,2026-02-03,1,4,10,111,8,10834,True,False
6027,4385,1,2026-02-11,1,4,10,111,8,10835,True,False
6028,4386,1,2025-09-11,1,10,27,303,19,10838,True,False
6029,4389,2,2026-04-24,1,4,11,117,8,10842,True,False
6030,4390,1,2024-08-20,1,12,31,349,23,10844,True,False
6031,4390,2,2024-08-14,1,12,31,349,23,10845,True,False
6032,4391,1,2026-05-07,1,4,9,93,8,10848,True,False
6033,4391,1,2026-05-06,1,4,9,93,8,10849,True,False
6034,4392,2,2026-02-01,1,21,61,708,42,10853,True,False
6035,4393,1,2025-12-15,1,17,44,515,34,10854,True,False
6036,4394,1,2026-06-24,1,4,11,120,8,10856,True,False
6037,4394,1,2026-06-15,1,4,11,120,8,10858,True,False
6038,4395,1,2025-01-18,1,4,11,115,7,10859,True,False
6039,4395,1,2025-01-28,1,4,11,115,7,10860,True,False
6040,4395,1,2025-02-03,1,4,11,115,7,10861,True,False
6041,4396,1,2024-08-27,1,19,55,648,38,10863,True,True
6042,4396,1,2024-09-02,1,19,55,648,38,10864,True,False
6043,4396,1,2024-09-08,1,19,55,648,38,10866,True,False
6044,4397,1,2026-05-16,1,5,14,149,9,10867,True,False
6045,4397,1,2026-05-04,1,5,14,149,9,10868,True,False
6046,4398,1,2026-03-18,1,4,9,97,7,10870,True,False
6047,4399,2,2025-07-06,1,4,11,114,7,10872,True,False
6048,4399,2,2025-06-28,1,4,11,114,7,10873,True,False
6049,4400,1,2024-10-26,1,10,27,297,19,10876,True,False
6050,4401,2,2024-11-30,1,21,62,719,41,10877,True,False
6051,4401,1,2024-11-30,1,21,62,719,41,10878,True,False
6052,4401,1,2024-11-29,1,21,62,719,41,10879,True,False
6053,4401,1,2024-12-10,1,21,62,719,41,10880,True,False
6054,4402,2,2025-09-05,1,2,4,51,4,10881,True,False
6055,4402,2,2025-08-29,1,2,4,51,4,10882,True,False
6056,4402,1,2025-09-14,1,2,4,51,4,10883,True,False
6057,4403,1,2025-10-14,1,6,15,162,12,10887,True,False
6058,4404,2,2024-09-06,1,22,65,751,44,10888,True,False
6059,4404,1,2024-08-21,1,22,65,751,44,10890,True,False
6060,4404,1,2024-09-12,1,22,65,751,44,10891,True,False
6061,4405,2,2026-03-26,1,8,20,227,16,10893,True,False
6062,4405,1,2026-03-18,1,8,20,227,16,10894,True,False
6063,4405,1,2026-03-12,1,8,20,227,16,10895,True,False
6064,4406,2,2026-05-22,1,4,10,108,7,10896,True,False
6065,4406,1,2026-05-15,1,4,10,108,7,10897,True,False
6066,4406,2,2026-05-25,1,4,10,108,7,10898,True,False
6067,4407,2,2025-02-10,1,4,11,114,8,10899,True,False
6068,4409,1,2025-01-04,1,25,78,905,50,10905,True,False
6069,4411,2,2025-06-15,1,28,86,1002,55,10909,True,False
6070,4412,1,2026-05-25,1,4,10,106,7,10910,True,False
6071,4413,1,2025-09-25,1,4,10,111,7,10911,True,False
6072,4414,1,2026-03-21,1,24,73,857,47,10912,True,False
6073,4414,1,2026-04-02,1,24,73,857,47,10913,True,False
6074,4415,2,2026-05-08,1,17,48,551,33,10915,True,False
6075,4416,1,2025-10-30,1,17,46,526,33,10918,True,False
6076,4416,1,2025-10-18,1,17,46,526,33,10919,True,False
6077,4417,1,2025-06-28,1,13,33,373,26,10920,True,False
6078,4417,1,2025-06-24,1,13,33,373,26,10921,True,False
6079,4417,2,2025-06-17,1,13,33,373,26,10922,True,False
6080,4419,1,2025-02-05,1,9,25,280,17,10926,True,False
6081,4420,1,2026-06-09,1,4,9,97,7,10928,True,False
6082,4422,1,2026-02-26,1,4,9,98,7,10932,True,False
6083,4422,1,2026-03-09,1,4,9,98,7,10933,True,False
6084,4425,2,2025-02-09,1,23,70,811,46,10940,True,False
6085,4425,1,2025-02-26,1,23,70,811,46,10942,True,False
6086,4426,1,2026-04-18,1,4,9,100,7,10944,True,False
6087,4426,1,2026-04-17,1,4,9,100,7,10945,True,False
6088,4427,1,2024-09-01,1,3,6,64,5,10947,True,False
6089,4427,1,2024-09-04,1,3,6,64,5,10948,True,False
6090,4428,1,2024-08-21,1,2,3,30,3,10950,True,False
6091,4428,2,2024-08-10,1,2,3,30,3,10952,True,False
6092,4429,1,2025-02-22,1,20,57,668,39,10953,True,False
6093,4431,1,2025-06-18,1,26,81,944,52,10958,True,False
6094,4431,1,2025-06-19,1,26,81,944,52,10959,True,False
6095,4432,1,2026-05-14,1,19,55,646,37,10960,True,True
6096,4433,2,2026-05-29,1,7,19,212,13,10963,True,False
6097,4434,2,2026-04-01,1,17,44,506,34,10965,True,False
6098,4436,1,2024-08-05,1,3,7,76,5,10967,True,False
6099,4437,1,2024-11-10,1,1,2,16,2,10970,True,False
6100,4437,1,2024-10-28,1,1,2,16,2,10971,True,False
6101,4439,1,2025-04-29,1,11,30,336,21,10973,True,False
6102,4439,2,2025-05-20,1,11,30,336,21,10974,True,False
6103,4440,1,2025-11-23,1,18,50,577,36,10975,True,False
6104,4440,1,2025-11-16,1,18,50,577,36,10976,True,False
6105,4440,1,2025-11-22,1,18,50,577,36,10977,True,False
6106,4440,1,2025-11-17,1,18,50,577,36,10978,True,False
6107,4442,1,2026-01-03,1,4,11,112,8,10981,True,False
6108,4442,1,2026-01-22,1,4,11,112,8,10982,True,False
6109,4443,1,2026-02-18,1,23,70,809,46,10983,True,False
6110,4443,1,2026-02-14,1,23,70,809,46,10984,True,False
6111,4443,1,2026-02-05,1,23,70,809,46,10985,True,False
6112,4444,1,2026-07-05,1,4,10,108,8,10986,True,False
6113,4446,1,2025-07-27,1,4,10,110,7,10993,True,False
6114,4446,1,2025-07-27,1,4,10,110,7,10994,True,False
6115,4447,1,2024-11-21,1,24,72,836,47,10995,True,False
6116,4447,2,2024-11-17,1,24,72,836,47,10997,True,False
6117,4448,1,2024-10-21,1,3,7,77,6,10998,True,False
6118,4450,1,2026-05-22,1,4,10,108,7,11002,True,False
6119,4450,2,2026-05-29,1,4,10,108,7,11004,True,False
6120,4451,1,2025-06-08,1,4,9,95,7,11005,True,False
6121,4452,1,2024-10-08,1,3,8,86,5,11007,True,False
6122,4452,1,2024-10-12,1,3,8,86,5,11009,True,False
6123,4454,1,2025-03-14,1,3,7,77,6,11012,True,False
6124,4454,1,2025-04-02,1,3,7,77,6,11013,True,False
6125,4454,1,2025-04-01,1,3,7,77,6,11014,True,False
6126,4455,1,2025-12-13,1,24,72,842,48,11016,True,False
6127,4456,2,2025-04-03,1,1,2,19,1,11018,True,False
6128,4456,2,2025-04-04,1,1,2,19,1,11019,True,False
6129,4457,1,2025-07-03,1,28,85,994,56,11020,True,False
6130,4457,1,2025-07-08,1,28,85,994,56,11021,True,False
6131,4458,1,2025-07-27,1,3,8,89,5,11023,True,False
6132,4459,1,2026-05-21,1,4,11,113,8,11026,True,False
6133,4459,1,2026-05-25,1,4,11,113,8,11027,True,False
6134,4460,1,2026-06-22,1,9,26,294,17,11028,True,False
6135,4460,1,2026-05-31,1,9,26,294,17,11029,True,False
6136,4460,2,2026-06-07,1,9,26,294,17,11031,True,True
6137,4463,1,2025-02-12,1,24,71,823,48,11035,True,False
6138,4466,1,2026-03-04,1,4,11,113,8,11042,True,False
6139,4467,1,2025-06-17,1,19,55,640,37,11044,True,False
6140,4467,1,2025-06-02,1,19,55,640,37,11045,True,False
6141,4468,1,2026-06-05,1,4,11,114,8,11046,True,False
6142,4469,1,2026-05-26,1,4,10,106,7,11047,True,False
6143,4469,1,2026-05-16,1,4,10,106,7,11048,True,False
6144,4469,2,2026-05-21,1,4,10,106,7,11049,True,False
6145,4470,2,2025-07-25,1,5,14,142,9,11051,True,False
6146,4470,1,2025-07-28,1,5,14,142,9,11053,True,False
6147,4471,1,2025-08-06,1,7,18,199,13,11055,True,False
6148,4471,1,2025-08-12,1,7,18,199,13,11056,True,False
6149,4471,1,2025-08-16,1,7,18,199,13,11057,True,False
6150,4473,1,2025-05-01,1,2,4,53,3,11060,True,False
6151,4474,1,2025-02-14,1,12,32,366,24,11063,True,False
6152,4474,1,2025-02-03,1,12,32,366,24,11064,True,False
6153,4474,1,2025-01-29,1,12,32,366,24,11065,True,False
6154,4475,1,2026-04-29,1,11,29,324,21,11066,True,False
6155,4476,1,2025-10-18,1,9,22,246,17,11070,True,False
6156,4479,1,2024-08-12,1,4,10,109,8,11073,True,False
6157,4480,1,2026-06-08,1,18,50,572,36,11076,True,False
6158,4480,1,2026-06-23,1,18,50,572,36,11077,True,False
6159,4481,1,2025-05-27,1,3,5,59,6,11079,True,False
6160,4481,1,2025-05-05,1,3,5,59,6,11080,True,False
6161,4481,1,2025-05-12,1,3,5,59,6,11081,True,False
6162,4482,2,2024-11-23,1,21,62,717,41,11082,True,False
6163,4482,2,2024-11-12,1,21,62,717,41,11084,True,False
6164,4483,1,2025-10-27,1,8,20,222,15,11085,True,False
6165,4483,1,2025-11-12,1,8,20,222,15,11088,True,False
6166,4484,1,2024-09-01,1,19,52,606,38,11090,True,False
6167,4485,1,2025-10-15,1,25,76,885,49,11092,True,False
6168,4485,1,2025-10-27,1,25,76,885,49,11093,True,False
6169,4488,2,2026-07-31,1,7,19,209,14,11098,True,False
6170,4489,1,2024-12-08,1,14,38,438,28,11100,True,False
6171,4489,1,2024-12-12,1,14,38,438,28,11101,True,False
6172,4489,1,2024-12-16,1,14,38,438,28,11103,True,False
6173,4490,1,2026-05-07,1,27,84,978,54,11104,True,False
6174,4492,2,2025-10-15,1,10,28,307,20,11107,True,False
6175,4492,1,2025-10-31,1,10,28,307,20,11108,True,False
6176,4493,2,2025-09-24,1,26,80,931,51,11109,True,False
6177,4494,2,2026-01-18,1,8,20,216,16,11110,True,False
6178,4495,1,2025-01-31,1,4,11,118,8,11112,True,False
6179,4496,2,2026-01-30,1,13,35,400,25,11114,True,False
6180,4497,1,2025-08-25,1,3,5,58,5,11116,True,True
6181,4498,1,2026-01-22,1,4,10,104,7,11117,True,False
6182,4501,1,2025-01-26,1,8,20,219,15,11122,True,False
6183,4502,1,2025-08-28,1,4,10,105,7,11124,True,False
6184,4502,1,2025-08-15,1,4,10,105,7,11125,True,False
6185,4502,2,2025-09-01,1,4,10,105,7,11126,True,False
6186,4502,1,2025-08-17,1,4,10,105,7,11127,True,False
6187,4503,1,2026-01-23,1,1,1,1,1,11128,True,False
6188,4504,1,2025-05-09,1,27,84,984,54,11131,True,False
6189,4505,1,2025-01-25,1,5,12,127,9,11133,True,False
6190,4505,2,2024-12-30,1,5,12,127,9,11134,True,False
6191,4505,1,2025-01-07,1,5,12,127,9,11135,True,False
6192,4506,1,2025-01-05,1,17,45,520,33,11136,True,False
6193,4506,1,2025-01-09,1,17,45,520,33,11137,True,False
6194,4506,1,2025-01-17,1,17,45,520,33,11139,True,False
6195,4507,1,2025-01-19,1,19,55,643,37,11140,True,False
6196,4507,2,2025-01-27,1,19,55,643,37,11142,True,False
6197,4508,1,2026-07-07,1,4,11,113,7,11144,True,True
6198,4508,1,2026-06-25,1,4,11,113,7,11145,True,False
6199,4509,1,2025-06-09,1,4,11,114,7,11146,True,False
6200,4511,1,2024-10-04,1,4,9,101,8,11149,True,False
6201,4512,2,2026-06-04,1,4,9,99,8,11151,True,False
6202,4514,1,2025-04-25,1,3,6,64,6,11157,True,False
6203,4514,2,2025-04-24,1,3,6,64,6,11158,True,False
6204,4516,2,2025-08-23,1,30,91,1050,60,11161,True,False
6205,4516,1,2025-08-10,1,30,91,1050,60,11163,True,False
6206,4517,1,2024-09-13,1,1,2,18,1,11164,True,False
6207,4517,1,2024-09-19,1,1,2,18,1,11165,True,False
6208,4519,1,2024-11-15,1,4,10,109,7,11167,True,False
6209,4519,1,2024-10-25,1,4,10,109,7,11168,True,False
6210,4520,1,2025-10-08,1,18,49,570,35,11171,True,False
6211,4520,1,2025-10-22,1,18,49,570,35,11172,True,False
6212,4520,1,2025-10-10,1,18,49,570,35,11173,True,False
6213,4522,2,2025-02-26,1,24,72,843,47,11179,True,False
6214,4523,1,2025-05-01,1,10,27,301,20,11182,True,False
6215,4523,1,2025-04-30,1,10,27,301,20,11183,True,False
6216,4524,1,2025-05-05,1,17,48,556,34,11184,True,False
6217,4525,1,2025-05-21,1,16,41,470,31,11185,True,False
6218,4525,1,2025-05-22,1,16,41,470,31,11186,True,False
6219,4525,1,2025-05-22,1,16,41,470,31,11187,True,False
6220,4526,1,2026-01-19,1,3,5,60,5,11190,True,False
6221,4527,1,2024-12-01,1,4,11,112,8,11191,True,False
6222,4528,1,2025-08-19,1,8,21,236,15,11193,True,False
6223,4529,1,2026-05-21,1,17,47,540,33,11194,True,False
6224,4531,1,2026-05-24,1,4,9,95,8,11200,True,False
6225,4532,1,2025-07-16,1,15,40,456,30,11202,True,False
6226,4533,2,2026-08-07,1,19,53,623,37,11204,True,False
6227,4533,1,2026-08-03,1,19,53,623,37,11206,True,False
6228,4534,1,2024-10-25,1,9,24,272,18,11207,True,False
6229,4534,1,2024-10-17,1,9,24,272,18,11208,True,False
6230,4534,1,2024-10-22,1,9,24,272,18,11209,True,False
6231,4535,1,2025-10-11,1,20,57,669,39,11211,True,False
6232,4536,1,2025-01-30,1,16,41,473,32,11213,True,False
6233,4536,1,2025-02-07,1,16,41,473,32,11215,True,False
6234,4536,1,2025-02-10,1,16,41,473,32,11216,True,False
6235,4537,1,2025-09-15,1,4,10,107,8,11217,True,False
6236,4538,1,2025-11-27,1,4,10,106,7,11219,True,False
6237,4539,1,2024-11-14,1,30,91,1057,60,11220,True,False
6238,4539,1,2024-10-30,1,30,91,1057,60,11222,True,False
6239,4540,1,2026-02-23,1,4,10,107,8,11223,True,False
6240,4540,1,2026-03-02,1,4,10,107,8,11224,True,False
6241,4541,2,2025-06-02,1,26,81,949,51,11226,True,False
6242,4543,2,2025-12-26,1,6,17,182,11,11233,True,False
6243,4544,1,2024-11-16,1,30,91,1057,59,11235,True,False
6244,4544,1,2024-12-07,1,30,91,1057,59,11236,True,False
6245,4546,2,2025-03-31,1,4,11,115,7,11240,True,False
6246,4546,1,2025-03-26,1,4,11,115,7,11241,True,False
6247,4546,1,2025-03-20,1,4,11,115,7,11242,True,False
6248,4547,1,2026-02-22,1,4,9,98,7,11245,True,False
6249,4548,1,2026-05-28,1,19,52,599,37,11246,True,True
6250,4548,2,2026-06-02,1,19,52,599,37,11247,True,False
6251,4548,1,2026-06-19,1,19,52,599,37,11248,True,False
6252,4548,2,2026-06-11,1,19,52,599,37,11249,True,False
6253,4550,2,2025-08-14,1,27,84,983,54,11252,True,False
6254,4550,1,2025-07-23,1,27,84,983,54,11255,True,False
6255,4551,1,2026-05-28,1,4,10,103,8,11256,True,False
6256,4552,1,2025-12-12,1,28,85,991,56,11257,True,False
6257,4552,1,2025-12-18,1,28,85,991,56,11258,True,False
6258,4553,1,2025-03-05,1,9,26,294,18,11261,True,False
6259,4554,1,2025-06-28,1,16,41,478,31,11263,True,False
6260,4554,1,2025-07-14,1,16,41,478,31,11264,True,False
6261,4554,1,2025-06-26,1,16,41,478,31,11265,True,False
6262,4555,2,2024-08-18,1,11,30,340,22,11267,True,False
6263,4556,1,2025-10-14,1,4,11,119,8,11270,True,False
6264,4556,1,2025-10-19,1,4,11,119,8,11271,True,False
6265,4556,1,2025-10-28,1,4,11,119,8,11272,True,False
6266,4557,1,2025-07-31,1,28,87,1005,56,11276,True,False
6267,4558,1,2026-06-21,1,4,11,118,7,11279,True,False
6268,4559,2,2025-01-21,1,4,9,97,8,11280,True,False
6269,4559,1,2025-02-07,1,4,9,97,8,11283,True,False
6270,4562,1,2026-03-12,1,2,4,49,3,11286,True,False
6271,4562,1,2026-03-09,1,2,4,49,3,11287,True,False
6272,4562,1,2026-02-19,1,2,4,49,3,11288,True,False
6273,4562,1,2026-02-16,1,2,4,49,3,11289,True,False
6274,4563,1,2025-12-19,1,10,27,303,20,11290,True,False
6275,4563,2,2026-01-10,1,10,27,303,20,11292,True,False
6276,4564,1,2025-11-11,1,4,11,115,8,11294,True,False
6277,4565,1,2026-01-17,1,3,6,70,5,11295,True,False
6278,4565,1,2026-01-31,1,3,6,70,5,11297,True,False
6279,4566,1,2024-10-18,1,4,9,94,7,11299,True,False
6280,4569,1,2026-06-17,1,4,9,96,8,11307,True,False
6281,4570,1,2025-11-06,1,9,22,245,17,11310,True,False
6282,4572,1,2026-05-22,1,12,31,358,23,11314,True,False
6283,4572,1,2026-06-09,1,12,31,358,23,11315,True,False
6284,4573,1,2026-03-17,1,17,48,547,33,11316,True,False
6285,4573,1,2026-04-02,1,17,48,547,33,11317,True,False
6286,4573,1,2026-03-08,1,17,48,547,33,11318,True,False
6287,4573,1,2026-03-15,1,17,48,547,33,11319,True,False
6288,4574,2,2024-10-31,1,5,13,135,9,11320,True,False
6289,4574,1,2024-11-06,1,5,13,135,9,11321,True,False
6290,4575,2,2025-05-29,1,17,44,509,33,11322,True,False
6291,4576,1,2026-03-17,1,4,9,95,8,11323,True,False
6292,4576,1,2026-03-17,1,4,9,95,8,11324,True,False
6293,4577,1,2025-06-15,1,5,14,142,10,11325,True,False
6294,4578,1,2024-09-15,1,18,51,590,36,11327,True,False
6295,4578,1,2024-09-26,1,18,51,590,36,11329,True,False
6296,4579,1,2026-08-01,1,4,10,105,7,11330,True,False
6297,4580,1,2025-01-26,1,27,82,952,54,11331,True,False
6298,4580,1,2025-01-09,1,27,82,952,54,11332,True,False
6299,4580,1,2025-01-13,1,27,82,952,54,11333,True,False
6300,4581,1,2026-05-20,1,28,86,998,56,11335,True,False
6301,4581,1,2026-05-03,1,28,86,998,56,11336,True,False
6302,4582,2,2026-05-26,1,25,76,890,50,11337,True,False
6303,4584,2,2025-06-20,1,2,3,39,4,11341,True,False
6304,4585,1,2025-01-24,1,25,78,915,50,11343,True,False
6305,4586,1,2025-01-30,1,1,1,8,1,11345,True,False
6306,4587,2,2026-06-10,1,3,8,85,5,11347,True,False
6307,4588,1,2026-01-15,1,1,1,3,1,11349,True,False
6308,4588,1,2026-01-20,1,1,1,3,1,11351,True,False
6309,4590,1,2026-05-17,1,21,62,718,42,11359,True,False
6310,4591,2,2025-08-29,1,8,20,226,15,11360,True,False
6311,4592,2,2025-04-13,1,1,2,20,1,11364,True,False
6312,4595,1,2025-11-05,1,4,9,93,7,11373,True,False
6313,4595,2,2025-11-10,1,4,9,93,7,11374,True,False
6314,4595,1,2025-10-28,1,4,9,93,7,11375,True,False
6315,4596,1,2025-03-25,1,2,3,32,4,11377,True,False
6316,4597,2,2026-03-02,1,4,10,102,7,11378,True,False
6317,4598,1,2026-05-25,1,3,8,85,6,11379,True,False
6318,4598,1,2026-06-03,1,3,8,85,6,11380,True,False
6319,4600,1,2026-02-20,1,4,10,110,8,11385,True,False
6320,4600,1,2026-02-13,1,4,10,110,8,11386,True,True
6321,4601,1,2025-11-08,1,9,23,260,18,11387,True,False
6322,4601,2,2025-10-17,1,9,23,260,18,11389,True,False
6323,4602,1,2026-06-12,1,3,5,55,5,11390,True,False
6324,4602,2,2026-06-05,1,3,5,55,5,11391,True,False
6325,4602,1,2026-06-11,1,3,5,55,5,11392,True,False
6326,4602,1,2026-06-30,1,3,5,55,5,11393,True,False
6327,4603,2,2025-12-14,1,10,28,318,19,11394,True,False
6328,4603,2,2025-11-22,1,10,28,318,19,11395,True,False
6329,4603,1,2025-11-28,1,10,28,318,19,11396,True,False
6330,4604,1,2026-01-29,1,4,10,103,8,11397,True,False
6331,4604,1,2026-01-20,1,4,10,103,8,11398,True,False
6332,4605,1,2024-09-11,1,25,76,890,50,11399,True,False
6333,4605,1,2024-09-21,1,25,76,890,50,11400,True,False
6334,4606,1,2025-03-16,1,28,88,1023,55,11402,True,False
6335,4607,1,2026-06-13,1,3,7,76,5,11407,True,False
6336,4608,1,2026-06-06,1,4,10,105,7,11408,True,False
6337,4610,1,2026-03-10,1,3,8,92,5,11412,True,False
6338,4611,1,2024-09-13,1,14,37,431,28,11414,True,False
6339,4613,1,2025-06-19,1,1,1,10,2,11419,True,False
6340,4613,2,2025-07-16,1,1,1,10,2,11420,True,False
6341,4614,1,2024-07-27,1,23,68,784,45,11422,True,False
6342,4615,1,2024-07-13,1,5,12,129,10,11423,True,False
6343,4616,1,2024-11-30,1,2,4,46,3,11424,True,False
6344,4617,2,2026-03-03,1,15,40,456,29,11425,True,False
6345,4617,1,2026-03-10,1,15,40,456,29,11426,True,False
6346,4617,1,2026-02-13,1,15,40,456,29,11427,True,False
6347,4617,1,2026-03-01,1,15,40,456,29,11428,True,False
6348,4618,2,2025-03-03,1,27,83,969,54,11429,True,False
6349,4618,1,2025-02-27,1,27,83,969,54,11430,True,False
6350,4618,1,2025-02-27,1,27,83,969,54,11431,True,True
6351,4621,1,2026-02-19,1,4,11,116,8,11439,True,False
6352,4621,1,2026-02-06,1,4,11,116,8,11440,True,False
6353,4622,1,2024-11-30,1,28,87,1007,56,11441,True,False
6354,4623,2,2026-01-18,1,4,11,115,7,11444,True,False
6355,4624,1,2026-05-17,1,4,11,119,8,11445,True,False
6356,4624,2,2026-05-30,1,4,11,119,8,11447,True,False
6357,4624,1,2026-06-01,1,4,11,119,8,11448,True,False
6358,4625,1,2025-08-03,1,1,1,1,1,11452,True,False
6359,4626,1,2026-04-30,1,4,9,99,7,11453,True,False
6360,4626,1,2026-05-13,1,4,9,99,7,11454,True,False
6361,4627,1,2025-02-21,1,25,76,887,49,11458,True,False
6362,4628,1,2024-11-14,1,28,86,1003,55,11462,True,False
6363,4630,1,2025-11-26,1,21,61,712,41,11466,True,False
6364,4631,2,2026-03-30,1,1,1,8,2,11467,True,False
6365,4634,2,2025-02-15,1,4,10,105,7,11472,True,False
6366,4634,1,2025-01-25,1,4,10,105,7,11473,True,False
6367,4635,1,2025-08-31,1,4,11,115,7,11476,True,False
6368,4636,1,2024-10-27,1,16,43,498,32,11479,True,False
6369,4637,2,2026-06-27,1,16,41,475,31,11481,True,False
6370,4637,1,2026-06-18,1,16,41,475,31,11482,True,False
6371,4638,1,2026-04-24,1,4,11,119,8,11484,True,False
6372,4638,1,2026-03-29,1,4,11,119,8,11485,True,False
6373,4639,1,2024-11-04,1,4,11,117,8,11488,True,False
6374,4640,1,2026-06-30,1,4,11,120,8,11491,True,False
6375,4640,1,2026-06-16,1,4,11,120,8,11492,True,False
6376,4641,1,2026-01-24,1,12,31,353,24,11493,True,False
6377,4642,2,2024-09-21,1,25,75,871,50,11495,True,False
6378,4643,1,2024-11-20,1,24,71,826,48,11498,True,True
6379,4644,1,2026-05-04,1,1,2,20,1,11501,True,False
6380,4644,1,2026-05-04,1,1,2,20,1,11502,True,False
6381,4645,1,2024-08-14,1,22,63,739,44,11504,True,False
6382,4645,2,2024-08-18,1,22,63,739,44,11505,True,False
6383,4645,1,2024-08-17,1,22,63,739,44,11506,True,False
6384,4646,1,2025-01-20,1,3,5,54,6,11507,True,False
6385,4646,1,2025-01-04,1,3,5,54,6,11508,True,False
6386,4647,1,2026-01-17,1,4,11,117,8,11511,True,False
6387,4648,1,2025-01-29,1,2,4,45,4,11512,True,False
6388,4648,1,2025-01-26,1,2,4,45,4,11513,True,False
6389,4649,2,2026-05-17,1,25,76,886,49,11514,True,False
6390,4650,1,2025-07-30,1,20,58,673,40,11518,True,False
6391,4651,1,2026-06-20,1,29,89,1037,58,11519,True,False
6392,4652,1,2025-06-13,1,25,78,911,49,11520,True,False
6393,4653,2,2026-03-20,1,4,11,114,7,11523,True,False
6394,4656,2,2025-01-03,1,26,81,950,51,11527,True,False
6395,4656,1,2025-01-24,1,26,81,950,51,11529,True,False
6396,4657,1,2025-07-28,1,1,2,23,2,11531,True,False
6397,4658,1,2025-08-08,1,3,5,55,6,11532,True,False
6398,4660,1,2026-05-03,1,7,18,203,14,11535,True,False
6399,4660,1,2026-05-07,1,7,18,203,14,11536,True,False
6400,4661,1,2025-05-16,1,23,66,768,46,11540,True,False
6401,4661,1,2025-05-06,1,23,66,768,46,11541,True,False
6402,4663,1,2026-02-28,1,24,74,867,47,11545,True,False
6403,4663,1,2026-02-07,1,24,74,867,47,11546,True,False
6404,4664,1,2026-07-09,1,4,9,95,8,11547,True,False
6405,4665,2,2024-11-15,1,3,8,86,6,11550,True,False
6406,4667,1,2026-04-13,1,21,61,709,42,11556,True,False
6407,4668,1,2024-09-04,1,5,13,134,10,11557,True,False
6408,4669,1,2025-02-06,1,27,82,953,54,11559,True,False
6409,4670,1,2025-01-12,1,4,11,114,7,11560,True,False
6410,4670,1,2025-01-02,1,4,11,114,7,11562,True,False
6411,4672,1,2025-10-18,1,23,69,798,46,11565,True,False
6412,4673,2,2025-06-17,1,15,40,458,30,11567,True,False
6413,4674,1,2024-12-11,1,26,81,951,51,11568,True,False
6414,4674,1,2024-11-24,1,26,81,951,51,11569,True,False
6415,4675,1,2024-08-03,1,1,2,23,1,11574,True,False
6416,4678,1,2026-07-06,1,12,32,361,24,11577,True,False
6417,4678,1,2026-07-07,1,12,32,361,24,11579,True,False
6418,4679,1,2024-09-16,1,19,55,645,37,11580,True,False
6419,4679,1,2024-09-19,1,19,55,645,37,11581,True,False
6420,4680,1,2026-07-13,1,4,10,107,8,11584,True,False
6421,4681,1,2024-12-17,1,29,89,1032,57,11587,True,False
6422,4682,1,2026-01-09,1,10,28,316,20,11589,True,False
6423,4684,1,2026-02-24,1,5,14,153,9,11591,True,False
6424,4685,1,2024-09-18,1,25,76,884,49,11595,True,False
6425,4685,2,2024-09-22,1,25,76,884,49,11596,True,False
6426,4685,1,2024-08-27,1,25,76,884,49,11597,True,False
6427,4686,1,2025-11-06,1,30,91,1057,59,11600,True,False
6428,4687,1,2026-04-06,1,2,4,51,3,11602,True,False
6429,4687,2,2026-03-09,1,2,4,51,3,11603,True,False
6430,4690,1,2026-05-30,1,4,10,109,7,11609,True,False
6431,4690,1,2026-06-07,1,4,10,109,7,11610,True,False
6432,4691,2,2026-03-09,1,21,61,711,42,11611,True,False
6433,4692,1,2024-09-17,1,28,88,1022,55,11613,True,False
6434,4692,1,2024-09-24,1,28,88,1022,55,11614,True,False
6435,4693,2,2025-11-04,1,4,9,93,7,11616,True,False
6436,4693,1,2025-11-21,1,4,9,93,7,11617,True,False
6437,4694,1,2025-12-09,1,7,19,210,13,11619,True,False
6438,4694,1,2025-11-22,1,7,19,210,13,11620,True,False
6439,4695,1,2024-11-09,1,14,36,407,28,11622,True,False
6440,4695,1,2024-10-24,1,14,36,407,28,11623,True,False
6441,4696,2,2026-05-19,1,19,55,640,37,11625,True,True
6442,4697,2,2024-10-18,1,2,3,37,4,11626,True,False
6443,4697,1,2024-09-26,1,2,3,37,4,11627,True,False
6444,4698,1,2025-11-26,1,3,7,75,5,11628,True,False
6445,4698,1,2025-11-30,1,3,7,75,5,11630,True,False
6446,4699,1,2026-04-29,1,28,85,989,55,11631,True,False
6447,4699,1,2026-05-10,1,28,85,989,55,11634,True,False
6448,4700,2,2025-04-23,1,3,5,55,5,11635,True,False
6449,4701,2,2026-01-21,1,4,9,94,7,11636,True,False
6450,4703,2,2026-05-15,1,15,39,449,29,11640,True,False
6451,4703,1,2026-05-04,1,15,39,449,29,11641,True,False
6452,4704,1,2026-04-09,1,7,19,207,13,11643,True,False
6453,4704,1,2026-04-15,1,7,19,207,13,11644,True,False
6454,4704,1,2026-04-21,1,7,19,207,13,11645,True,False
6455,4705,1,2024-08-08,1,16,42,483,31,11646,True,False
6456,4705,1,2024-08-08,1,16,42,483,31,11647,True,False
6457,4706,1,2026-02-15,1,4,10,107,7,11648,True,False
6458,4707,1,2026-02-20,1,27,83,966,54,11651,True,False
6459,4707,1,2026-03-08,1,27,83,966,54,11652,True,False
6460,4708,1,2026-01-18,1,3,5,63,5,11653,True,False
6461,4708,1,2026-01-24,1,3,5,63,5,11656,True,False
6462,4710,2,2025-07-18,1,1,2,16,2,11659,True,False
6463,4710,2,2025-06-26,1,1,2,16,2,11660,True,False
6464,4710,2,2025-06-29,1,1,2,16,2,11661,True,False
6465,4712,1,2025-06-09,1,5,14,154,10,11665,True,False
6466,4713,1,2025-04-01,1,1,2,25,2,11666,True,False
6467,4714,1,2025-05-21,1,17,45,523,33,11667,True,False
6468,4716,1,2025-09-25,1,17,46,527,33,11673,True,False
6469,4717,1,2026-03-06,1,4,11,113,7,11675,True,False
6470,4718,1,2026-03-30,1,1,1,7,2,11677,True,False
6471,4719,1,2024-11-01,1,15,40,462,29,11678,True,False
6472,4719,1,2024-10-23,1,15,40,462,29,11679,True,False
6473,4720,1,2025-05-11,1,20,59,685,40,11680,True,False
6474,4720,1,2025-05-12,1,20,59,685,40,11681,True,False
6475,4720,1,2025-04-15,1,20,59,685,40,11682,True,False
6476,4722,2,2025-11-11,1,29,89,1032,57,11686,True,False
6477,4723,1,2025-12-06,1,16,41,468,31,11688,True,False
6478,4725,2,2025-01-29,1,24,72,837,47,11690,True,False
6479,4725,1,2025-01-15,1,24,72,837,47,11691,True,False
6480,4726,1,2024-08-15,1,10,27,302,19,11692,True,False
6481,4726,1,2024-07-29,1,10,27,302,19,11695,True,False
6482,4727,1,2025-02-05,1,11,29,321,21,11696,True,False
6483,4728,1,2025-10-23,1,13,33,376,26,11698,True,False
6484,4729,1,2025-11-16,1,4,9,99,7,11699,True,False
6485,4730,1,2026-03-02,1,2,3,39,3,11700,True,False
6486,4730,1,2026-02-24,1,2,3,39,3,11701,True,False
6487,4730,1,2026-02-17,1,2,3,39,3,11702,True,False
6488,4733,1,2025-12-31,1,1,2,27,1,11705,True,True
6489,4733,1,2026-01-04,1,1,2,27,1,11706,True,False
6490,4734,1,2026-03-24,1,4,10,104,7,11710,True,False
6491,4737,2,2025-06-25,1,6,16,167,12,11714,True,False
6492,4737,2,2025-06-28,1,6,16,167,12,11715,True,False
6493,4737,1,2025-06-09,1,6,16,167,12,11716,True,False
6494,4739,2,2025-10-31,1,4,11,112,7,11720,True,True
6495,4740,1,2025-10-31,1,23,70,822,45,11722,True,False
6496,4741,1,2026-06-24,1,4,9,93,7,11724,True,False
6497,4741,1,2026-06-21,1,4,9,93,7,11725,True,False
6498,4742,2,2026-04-14,1,4,10,108,7,11726,True,False
6499,4742,1,2026-05-02,1,4,10,108,7,11727,True,False
6500,4742,2,2026-04-17,1,4,10,108,7,11729,True,False
6501,4743,1,2025-03-08,1,30,91,1049,59,11731,True,False
6502,4746,1,2025-06-30,1,4,9,98,7,11736,True,False
6503,4747,1,2026-04-08,1,4,11,115,8,11740,True,False
6504,4748,1,2026-05-20,1,1,1,10,2,11742,True,False
6505,4748,1,2026-05-01,1,1,1,10,2,11743,True,False
6506,4750,1,2025-12-07,1,27,82,953,54,11747,True,False
6507,4752,1,2024-10-12,1,9,22,243,18,11753,True,False
6508,4754,1,2024-10-10,1,4,11,114,8,11757,True,False
6509,4755,1,2026-07-24,1,4,10,108,7,11759,True,False
6510,4756,1,2025-05-10,1,4,11,117,7,11762,True,False
6511,4757,1,2025-03-18,1,1,1,14,1,11764,True,False
6512,4757,1,2025-03-20,1,1,1,14,1,11766,True,False
6513,4758,1,2026-03-01,1,4,9,98,8,11767,True,False
6514,4759,2,2025-09-25,1,3,8,89,6,11768,True,False
6515,4760,1,2026-05-22,1,4,10,102,8,11770,True,False
6516,4760,1,2026-05-12,1,4,10,102,8,11771,True,False
6517,4760,1,2026-05-15,1,4,10,102,8,11772,True,False
6518,4761,1,2025-07-11,1,8,21,234,16,11773,True,False
6519,4762,1,2024-08-23,1,3,7,76,6,11776,True,False
6520,4762,2,2024-08-21,1,3,7,76,6,11777,True,True
6521,4762,1,2024-09-15,1,3,7,76,6,11779,True,False
6522,4763,2,2024-12-03,1,30,92,1072,59,11781,True,False
6523,4763,1,2024-12-09,1,30,92,1072,59,11782,True,False
6524,4766,1,2025-08-14,1,19,56,649,38,11786,True,False
6525,4767,1,2025-09-16,1,22,64,743,43,11787,True,False
6526,4768,1,2025-12-14,1,4,9,98,7,11788,True,False
6527,4769,1,2024-10-31,1,27,83,966,53,11790,True,False
6528,4769,2,2024-11-01,1,27,83,966,53,11791,True,False
6529,4769,1,2024-10-30,1,27,83,966,53,11792,True,False
6530,4769,1,2024-11-12,1,27,83,966,53,11793,True,False
6531,4770,1,2024-12-26,1,4,10,107,7,11794,True,False
6532,4770,1,2024-12-22,1,4,10,107,7,11795,True,False
6533,4770,1,2024-12-14,1,4,10,107,7,11796,True,False
6534,4771,1,2026-07-13,1,10,27,299,20,11797,True,False
6535,4771,1,2026-07-13,1,10,27,299,20,11798,True,False
6536,4771,1,2026-07-02,1,10,27,299,20,11800,True,False
6537,4772,1,2025-07-23,1,22,63,735,43,11801,True,False
6538,4773,1,2025-12-29,1,9,22,242,17,11803,True,False
6539,4775,1,2024-11-11,1,4,9,98,7,11806,True,False
6540,4775,1,2024-10-24,1,4,9,98,7,11807,True,False
6541,4776,1,2025-12-18,1,4,9,94,8,11810,True,False
6542,4776,1,2025-11-25,1,4,9,94,8,11811,True,False
6543,4777,1,2026-03-04,1,6,17,186,12,11815,True,False
6544,4778,1,2024-10-12,1,1,1,6,1,11817,True,False
6545,4778,2,2024-09-28,1,1,1,6,1,11818,True,False
6546,4778,2,2024-10-23,1,1,1,6,1,11819,True,True
6547,4778,1,2024-10-04,1,1,1,6,1,11820,True,False
6548,4780,2,2026-06-24,1,4,9,96,7,11822,True,False
6549,4781,1,2025-11-18,1,1,1,11,2,11824,True,False
6550,4781,1,2025-11-16,1,1,1,11,2,11825,True,False
6551,4783,1,2025-04-29,1,20,59,695,39,11827,True,False
6552,4784,2,2025-10-15,1,4,9,97,7,11830,True,False
6553,4784,1,2025-10-23,1,4,9,97,7,11832,True,False
6554,4785,1,2025-06-19,1,12,31,356,24,11833,True,False
6555,4786,1,2026-02-21,1,4,9,99,8,11834,True,False
6556,4788,1,2026-04-04,1,30,92,1068,60,11838,True,False
6557,4788,2,2026-03-09,1,30,92,1068,60,11839,True,False
6558,4789,1,2026-03-23,1,13,35,398,26,11842,True,False
6559,4790,1,2025-12-20,1,4,11,119,8,11843,True,False
6560,4790,1,2025-12-07,1,4,11,119,8,11844,True,False
6561,4791,1,2026-07-06,1,1,1,2,1,11845,True,False
6562,4792,1,2026-04-26,1,6,16,175,11,11848,True,False
6563,4793,1,2024-09-20,1,18,50,582,35,11849,True,False
6564,4796,1,2025-12-13,1,13,35,394,26,11855,True,False
6565,4798,1,2024-12-14,1,24,73,856,48,11857,True,False
6566,4798,1,2024-11-29,1,24,73,856,48,11858,True,False
6567,4800,1,2024-09-30,1,4,10,108,8,11861,True,False
6568,4802,2,2024-10-18,1,11,29,325,22,11865,True,False
6569,4803,2,2026-01-17,1,4,9,99,7,11866,True,False
6570,4803,1,2026-02-13,1,4,9,99,7,11867,True,False
6571,4803,1,2026-02-02,1,4,9,99,7,11868,True,False
6572,4804,2,2025-05-24,1,4,10,108,8,11870,True,False
6573,4804,1,2025-05-10,1,4,10,108,8,11871,True,False
6574,4806,1,2025-09-14,1,4,9,93,7,11873,True,False
6575,4807,1,2025-12-22,1,17,48,547,33,11875,True,False
6576,4808,1,2024-11-23,1,5,13,135,10,11878,True,False
6577,4809,1,2024-12-09,1,4,10,104,7,11879,True,False
6578,4810,1,2026-03-27,1,19,56,657,37,11883,True,False
6579,4810,1,2026-04-12,1,19,56,657,37,11885,True,False
6580,4811,1,2026-01-01,1,10,28,310,19,11886,True,False
6581,4812,1,2026-04-17,1,15,40,461,30,11887,True,False
6582,4812,1,2026-04-13,1,15,40,461,30,11889,True,False
6583,4813,1,2025-02-27,1,4,9,100,8,11891,True,False
6584,4813,1,2025-03-04,1,4,9,100,8,11892,True,False
6585,4815,2,2025-04-19,1,4,11,113,8,11897,True,False
6586,4815,1,2025-04-19,1,4,11,113,8,11898,True,False
6587,4816,1,2025-05-01,1,10,27,300,20,11900,True,False
6588,4816,1,2025-05-11,1,10,27,300,20,11901,True,False
6589,4817,1,2025-04-29,1,4,10,108,7,11902,True,False
6590,4817,1,2025-04-16,1,4,10,108,7,11903,True,False
6591,4818,1,2025-02-26,1,13,33,368,26,11905,True,False
6592,4818,1,2025-02-04,1,13,33,368,26,11906,True,False
6593,4819,1,2024-08-25,1,4,11,120,8,11907,True,False
6594,4819,1,2024-09-18,1,4,11,120,8,11910,True,False
6595,4820,1,2026-01-20,1,1,2,19,2,11911,True,False
6596,4822,1,2024-07-20,1,4,10,111,8,11917,True,False
6597,4823,2,2025-09-11,1,15,40,466,30,11918,True,False
6598,4823,1,2025-09-21,1,15,40,466,30,11920,True,False
6599,4824,1,2026-07-01,1,20,58,677,39,11922,True,False
6600,4824,2,2026-07-17,1,20,58,677,39,11923,True,False
6601,4825,1,2025-02-01,1,24,73,845,48,11924,True,False
6602,4825,2,2025-01-15,1,24,73,845,48,11925,True,False
6603,4826,1,2026-03-09,1,10,27,301,20,11928,True,False
6604,4828,2,2025-02-10,1,9,25,276,17,11933,True,False
6605,4829,1,2026-05-05,1,4,10,107,7,11935,True,False
6606,4829,1,2026-04-26,1,4,10,107,7,11936,True,False
6607,4829,1,2026-05-23,1,4,10,107,7,11937,True,False
6608,4831,1,2026-03-12,1,20,57,671,39,11939,True,False
6609,4831,1,2026-03-01,1,20,57,671,39,11940,True,False
6610,4831,1,2026-02-27,1,20,57,671,39,11941,True,False
6611,4832,1,2024-10-20,1,4,11,118,8,11942,True,False
6612,4833,2,2026-03-13,1,21,61,715,42,11944,True,False
6613,4833,1,2026-03-20,1,21,61,715,42,11945,True,False
6614,4833,1,2026-03-16,1,21,61,715,42,11946,True,False
6615,4834,1,2025-11-09,1,10,28,314,19,11949,True,False
6616,4835,1,2026-02-15,1,4,9,94,7,11950,True,False
6617,4835,2,2026-02-11,1,4,9,94,7,11951,True,False
6618,4836,1,2025-08-06,1,26,79,923,52,11952,True,False
6619,4836,1,2025-08-03,1,26,79,923,52,11953,True,False
6620,4836,1,2025-07-27,1,26,79,923,52,11955,True,False
6621,4837,2,2025-06-24,1,8,21,232,16,11956,True,False
6622,4838,2,2024-08-18,1,20,59,684,39,11958,True,False
6623,4840,2,2026-01-06,1,3,5,62,5,11964,True,False
6624,4841,1,2024-12-24,1,7,18,202,13,11966,True,False
6625,4841,1,2024-11-28,1,7,18,202,13,11967,True,False
6626,4842,1,2024-12-28,1,6,16,174,11,11969,True,False
6627,4842,1,2025-01-11,1,6,16,174,11,11970,True,False
6628,4842,2,2025-01-15,1,6,16,174,11,11972,True,False
6629,4843,1,2025-12-25,1,26,79,926,51,11973,True,False
6630,4843,1,2025-12-25,1,26,79,926,51,11975,True,False
6631,4843,1,2026-01-10,1,26,79,926,51,11976,True,False
6632,4845,1,2025-01-16,1,21,61,706,41,11980,True,False
6633,4845,1,2025-01-22,1,21,61,706,41,11981,True,False
6634,4845,2,2025-01-25,1,21,61,706,41,11982,True,False
6635,4846,1,2025-10-01,1,14,37,421,28,11983,True,False
6636,4846,1,2025-09-27,1,14,37,421,28,11984,True,False
6637,4847,1,2025-01-04,1,4,9,96,8,11986,True,False
6638,4847,1,2025-01-06,1,4,9,96,8,11987,True,False
6639,4847,2,2025-01-18,1,4,9,96,8,11988,True,False
6640,4847,2,2024-12-24,1,4,9,96,8,11989,True,False
6641,4848,1,2024-12-30,1,4,10,111,8,11990,True,False
6642,4850,1,2026-07-13,1,14,36,406,28,11993,True,True
6643,4853,2,2026-01-05,1,29,90,1048,57,11997,True,False
6644,4853,1,2025-12-26,1,29,90,1048,57,11998,True,False
6645,4854,1,2026-05-01,1,2,3,32,4,12000,True,False
6646,4855,1,2024-11-29,1,6,17,192,11,12002,True,False
6647,4856,1,2024-07-30,1,2,3,36,4,12005,True,False
6648,4857,2,2025-07-27,1,7,18,197,14,12007,True,False
6649,4857,1,2025-07-05,1,7,18,197,14,12009,True,False
6650,4858,1,2024-12-03,1,1,2,19,2,12012,True,False
6651,4858,1,2024-12-02,1,1,2,19,2,12013,True,False
6652,4859,1,2026-01-17,1,3,5,61,5,12014,True,False
6653,4859,1,2026-01-19,1,3,5,61,5,12016,True,False
6654,4859,1,2026-01-04,1,3,5,61,5,12017,True,False
6655,4860,1,2026-02-25,1,4,11,115,7,12018,True,False
6656,4861,1,2025-07-25,1,18,49,565,35,12024,True,False
6657,4862,2,2025-03-27,1,5,12,125,10,12025,True,False
6658,4864,1,2026-02-01,1,25,78,905,49,12029,True,False
6659,4865,1,2024-12-11,1,4,11,113,7,12031,True,False
6660,4865,1,2024-12-12,1,4,11,113,7,12032,True,True
6661,4865,1,2025-01-02,1,4,11,113,7,12033,True,True
6662,4866,2,2025-03-16,1,4,11,112,7,12036,True,False
6663,4868,1,2026-04-02,1,4,9,97,7,12039,True,False
6664,4868,2,2026-03-31,1,4,9,97,7,12040,True,False
6665,4868,1,2026-03-30,1,4,9,97,7,12041,True,False
6666,4869,1,2026-03-13,1,4,10,107,8,12042,True,False
6667,4869,2,2026-03-24,1,4,10,107,8,12043,True,False
6668,4870,1,2025-06-28,1,29,90,1041,58,12045,True,False
6669,4870,1,2025-06-17,1,29,90,1041,58,12046,True,False
6670,4870,1,2025-06-09,1,29,90,1041,58,12047,True,False
6671,4870,1,2025-06-12,1,29,90,1041,58,12048,True,False
6672,4871,2,2025-12-18,1,12,31,349,24,12049,True,False
6673,4872,1,2024-09-10,1,14,36,405,27,12050,True,False
6674,4872,1,2024-09-16,1,14,36,405,27,12053,True,False
6675,4873,2,2024-12-13,1,29,90,1044,57,12054,True,False
6676,4873,2,2024-12-19,1,29,90,1044,57,12055,True,False
6677,4874,1,2025-08-17,1,23,67,775,46,12058,True,False
6678,4874,1,2025-07-28,1,23,67,775,46,12060,True,False
6679,4875,1,2024-10-08,1,4,10,107,8,12061,True,False
6680,4876,1,2026-02-27,1,30,91,1058,59,12062,True,True
6681,4876,1,2026-02-17,1,30,91,1058,59,12063,True,False
6682,4876,1,2026-02-26,1,30,91,1058,59,12065,True,False
6683,4877,1,2025-10-22,1,1,2,26,1,12066,True,False
6684,4877,2,2025-11-04,1,1,2,26,1,12067,True,False
6685,4877,2,2025-11-04,1,1,2,26,1,12068,True,False
6686,4877,1,2025-11-15,1,1,2,26,1,12069,True,False
6687,4878,2,2025-05-18,1,19,52,597,37,12071,True,False
6688,4878,2,2025-05-11,1,19,52,597,37,12072,True,False
6689,4879,1,2024-07-25,1,13,33,376,25,12074,True,False
6690,4880,1,2025-04-03,1,6,16,170,11,12075,True,False
6691,4880,1,2025-04-08,1,6,16,170,11,12077,True,False
6692,4881,1,2024-11-21,1,5,13,134,10,12078,True,True
6693,4881,1,2024-11-27,1,5,13,134,10,12079,True,False
6694,4881,1,2024-12-05,1,5,13,134,10,12080,True,False
6695,4881,1,2024-11-27,1,5,13,134,10,12081,True,False
6696,4882,2,2025-04-30,1,20,58,675,39,12083,True,False
6697,4884,2,2026-01-10,1,7,18,198,13,12089,True,False
6698,4885,2,2025-10-24,1,12,32,364,23,12090,True,False
6699,4885,1,2025-10-24,1,12,32,364,23,12091,True,False
6700,4885,1,2025-10-16,1,12,32,364,23,12092,True,False
6701,4887,2,2025-08-22,1,7,18,205,14,12096,True,False
6702,4888,1,2026-01-26,1,4,10,107,8,12097,True,False
6703,4889,1,2025-05-10,1,29,90,1042,58,12098,True,False
6704,4892,2,2026-06-22,1,4,11,119,7,12107,True,False
6705,4896,2,2026-02-10,1,3,5,61,5,12114,True,False
6706,4897,2,2026-03-29,1,5,12,122,9,12116,True,False
6707,4898,1,2025-04-07,1,17,46,532,34,12117,True,False
6708,4898,1,2025-04-24,1,17,46,532,34,12118,True,False
6709,4901,1,2024-11-10,1,30,92,1063,59,12122,True,False
6710,4902,1,2026-06-22,1,29,90,1045,57,12124,True,False
6711,4902,2,2026-06-08,1,29,90,1045,57,12125,True,False
6712,4903,1,2025-10-11,1,11,29,319,21,12126,True,False
6713,4903,2,2025-10-14,1,11,29,319,21,12127,True,False
6714,4905,1,2025-09-03,1,4,10,105,8,12132,True,False
6715,4906,1,2024-07-15,1,4,11,112,7,12135,True,False
6716,4906,1,2024-07-23,1,4,11,112,7,12136,True,True
6717,4906,1,2024-07-31,1,4,11,112,7,12137,True,False
6718,4907,1,2026-03-31,1,1,2,21,2,12139,True,False
6719,4907,1,2026-03-19,1,1,2,21,2,12140,True,False
6720,4908,1,2026-06-08,1,10,28,316,20,12142,True,False
6721,4909,1,2026-06-21,1,4,11,120,8,12146,True,False
6722,4910,1,2024-11-06,1,24,71,828,48,12149,True,False
6723,4911,2,2024-09-09,1,4,11,114,7,12150,True,False
6724,4912,1,2025-07-30,1,29,89,1031,57,12155,True,False
6725,4913,1,2025-10-10,1,4,9,93,7,12158,True,False
6726,4913,1,2025-09-29,1,4,9,93,7,12159,True,False
6727,4914,1,2025-08-09,1,7,19,207,14,12161,True,False
6728,4914,2,2025-07-27,1,7,19,207,14,12162,True,False
6729,4915,2,2024-08-09,1,7,19,210,13,12164,True,False
6730,4915,1,2024-08-18,1,7,19,210,13,12165,True,False
6731,4916,1,2026-04-28,1,4,10,103,7,12169,True,False
6732,4916,1,2026-05-20,1,4,10,103,7,12170,True,False
6733,4918,1,2024-09-11,1,4,11,115,7,12172,True,False
6734,4919,1,2025-02-25,1,8,21,231,16,12173,True,False
6735,4920,1,2026-01-09,1,4,9,95,7,12176,True,False
6736,4920,1,2026-01-13,1,4,9,95,7,12178,True,False
6737,4922,1,2026-04-04,1,4,9,97,8,12183,True,False
6738,4924,2,2026-07-01,1,21,61,706,42,12186,True,False
6739,4924,1,2026-07-07,1,21,61,706,42,12188,True,False
6740,4924,2,2026-06-13,1,21,61,706,42,12189,True,False
6741,4925,1,2025-03-18,1,29,90,1038,58,12190,True,True
6742,4925,1,2025-03-07,1,29,90,1038,58,12191,True,False
6743,4926,1,2026-06-03,1,5,12,124,10,12192,True,False
6744,4926,1,2026-05-23,1,5,12,124,10,12194,True,False
6745,4929,2,2025-10-05,1,4,10,106,8,12203,True,False
6746,4929,2,2025-09-16,1,4,10,106,8,12204,True,False
6747,4930,2,2025-05-03,1,17,47,534,34,12207,True,False
6748,4931,1,2026-06-09,1,8,21,235,15,12211,True,False
6749,4931,1,2026-06-03,1,8,21,235,15,12212,True,False
6750,4932,1,2025-07-14,1,3,5,63,5,12213,True,False
6751,4932,1,2025-07-12,1,3,5,63,5,12214,True,False
6752,4933,1,2026-04-02,1,3,5,57,6,12215,True,False
6753,4933,1,2026-04-08,1,3,5,57,6,12216,True,False
6754,4936,1,2026-03-29,1,3,7,77,5,12223,True,False
6755,4937,2,2024-12-25,1,4,9,93,7,12226,True,False
6756,4938,1,2025-05-29,1,10,27,302,19,12227,True,False
6757,4938,1,2025-06-10,1,10,27,302,19,12228,True,False
6758,4940,2,2025-02-23,1,4,10,103,8,12230,True,False
6759,4942,1,2025-03-12,1,2,4,45,3,12232,True,False
6760,4942,1,2025-03-14,1,2,4,45,3,12233,True,False
6761,4943,1,2025-03-20,1,6,15,166,11,12235,True,False
6762,4944,1,2026-01-20,1,4,11,113,8,12237,True,False
6763,4945,1,2025-03-08,1,13,34,382,25,12238,True,False
6764,4945,1,2025-03-05,1,13,34,382,25,12240,True,False
6765,4945,1,2025-03-10,1,13,34,382,25,12241,True,False
6766,4946,1,2026-01-28,1,16,42,482,31,12242,True,False
6767,4947,1,2024-12-10,1,4,11,117,7,12243,True,False
6768,4949,2,2025-03-14,1,4,10,104,7,12246,True,False
6769,4951,1,2025-07-28,1,29,90,1045,57,12248,True,False
6770,4951,1,2025-07-23,1,29,90,1045,57,12250,True,False
6771,4952,1,2024-08-05,1,3,6,68,5,12254,True,False
6772,4953,1,2025-07-12,1,11,29,326,21,12255,True,False
6773,4953,1,2025-08-07,1,11,29,326,21,12256,True,False
6774,4954,1,2024-10-19,1,4,10,111,7,12259,True,False
6775,4955,1,2026-03-12,1,15,39,448,30,12260,True,False
6776,4957,1,2025-01-09,1,14,38,435,27,12264,True,False
6777,4957,1,2025-01-12,1,14,38,435,27,12266,True,False
6778,4957,2,2024-12-27,1,14,38,435,27,12267,True,False
6779,4958,1,2026-05-29,1,19,53,615,38,12268,True,False
6780,4960,1,2025-09-05,1,1,2,17,1,12270,True,False
6781,4960,1,2025-09-17,1,1,2,17,1,12271,True,False
6782,4960,1,2025-09-17,1,1,2,17,1,12272,True,False
6783,4961,2,2025-02-08,1,4,9,93,8,12273,True,False
6784,4961,1,2025-02-09,1,4,9,93,8,12275,True,False
6785,4963,1,2026-06-25,1,29,90,1038,58,12277,True,False
6786,4965,1,2024-12-21,1,27,82,958,53,12281,True,False
6787,4965,1,2025-01-05,1,27,82,958,53,12282,True,False
6788,4966,1,2025-05-08,1,23,66,769,45,12283,True,False
6789,4968,1,2026-04-24,1,4,9,98,7,12287,True,False
6790,4968,1,2026-05-04,1,4,9,98,7,12288,True,False
6791,4969,1,2024-09-03,1,4,9,101,7,12289,True,False
6792,4971,1,2026-04-16,1,9,25,284,17,12291,True,False
6793,4971,1,2026-04-06,1,9,25,284,17,12292,True,False
6794,4971,1,2026-03-18,1,9,25,284,17,12293,True,False
6795,4971,1,2026-04-09,1,9,25,284,17,12294,True,False
6796,4972,2,2026-08-07,1,1,1,11,2,12295,True,False
6797,4973,2,2026-04-12,1,4,11,118,7,12299,True,False
6798,4973,1,2026-05-08,1,4,11,118,7,12300,True,False
6799,4974,1,2026-07-06,1,8,21,233,16,12301,True,False
6800,4975,1,2025-07-30,1,28,85,985,56,12302,True,False
6801,4976,1,2024-10-13,1,24,71,829,48,12304,True,False
6802,4977,2,2026-07-08,1,11,30,345,22,12305,True,False
6803,4977,1,2026-06-26,1,11,30,345,22,12306,True,False
6804,4977,1,2026-07-09,1,11,30,345,22,12308,True,False
6805,4978,2,2024-10-17,1,16,43,501,32,12309,True,False
6806,4980,1,2026-02-25,1,1,2,19,1,12313,True,False
6807,4981,1,2025-08-17,1,26,81,948,51,12314,True,False
6808,4982,1,2025-03-05,1,22,65,754,43,12316,True,False
6809,4985,1,2026-07-11,1,4,9,97,8,12323,True,False
6810,4986,2,2024-12-11,1,4,11,112,8,12325,True,False
6811,4987,2,2025-07-16,1,15,39,454,29,12328,True,False
6812,4988,2,2025-07-09,1,1,1,11,1,12331,True,False
6813,4991,1,2025-01-01,1,10,27,297,20,12335,True,False
6814,4991,1,2025-01-15,1,10,27,297,20,12336,True,False
6815,4992,2,2025-12-15,1,12,32,362,23,12337,True,False
6816,4994,1,2026-06-02,1,4,10,104,8,12340,True,False
6817,4994,1,2026-05-26,1,4,10,104,8,12343,True,False
6818,4997,1,2025-11-03,1,28,85,986,56,12346,True,False
6819,4997,1,2025-10-04,1,28,85,986,56,12347,True,False
6820,4998,1,2025-12-25,1,7,19,208,13,12348,True,False
6821,4999,1,2026-03-01,1,4,10,103,8,12349,True,False
6822,4999,1,2026-03-15,1,4,10,103,8,12350,True,False
6823,5000,1,2026-05-25,1,2,4,41,3,12351,True,False
6824,5000,2,2026-05-30,1,2,4,41,3,12352,True,False
6825,5002,1,2026-03-12,1,20,57,670,40,12354,True,False
6826,5003,1,2026-05-28,1,10,27,299,19,12355,True,False
6827,5003,1,2026-05-26,1,10,27,299,19,12356,True,True
6828,5003,1,2026-06-12,1,10,27,299,19,12357,True,False
6829,5005,1,2026-07-03,1,25,77,893,49,12359,True,False
6830,5005,1,2026-07-03,1,25,77,893,49,12360,True,False
6831,5006,1,2025-05-12,1,14,36,414,28,12361,True,False
6832,5010,1,2024-08-07,1,27,82,959,54,12368,True,False
6833,5011,1,2025-03-20,1,3,8,89,5,12369,True,False
6834,5011,1,2025-04-02,1,3,8,89,5,12370,True,False
6835,5012,1,2026-01-25,1,23,70,819,45,12373,True,False
6836,5013,1,2025-12-14,1,28,88,1019,55,12374,True,False
6837,5013,1,2025-12-26,1,28,88,1019,55,12375,True,True
6838,5013,1,2026-01-03,1,28,88,1019,55,12377,True,False
6839,5014,2,2024-09-08,1,12,31,349,23,12378,True,False
6840,5015,1,2024-08-08,1,1,1,2,1,12380,True,False
6841,5015,2,2024-08-02,1,1,1,2,1,12382,True,False
6842,5016,1,2026-05-01,1,4,9,94,7,12383,True,False
6843,5016,1,2026-05-25,1,4,9,94,7,12385,True,False
6844,5016,2,2026-05-21,1,4,9,94,7,12386,True,False
6845,5017,1,2024-12-25,1,29,89,1029,58,12388,True,False
6846,5019,1,2026-02-25,1,1,1,5,1,12392,True,False
6847,5020,1,2026-02-23,1,4,11,118,7,12395,True,False
6848,5022,2,2025-03-10,1,12,31,350,23,12399,True,False
6849,5023,1,2025-11-24,1,28,87,1008,56,12404,True,False
6850,5024,2,2025-06-13,1,4,10,104,8,12407,True,False
6851,5026,1,2025-09-08,1,10,27,302,19,12410,True,False
6852,5027,1,2026-05-08,1,12,31,353,24,12411,True,False
6853,5027,1,2026-05-01,1,12,31,353,24,12412,True,False
6854,5028,1,2025-06-05,1,15,39,450,30,12413,True,False
6855,5028,1,2025-05-23,1,15,39,450,30,12414,True,False
6856,5031,1,2026-06-26,1,5,13,138,10,12419,True,False
6857,5031,1,2026-06-21,1,5,13,138,10,12420,True,False
6858,5031,1,2026-06-27,1,5,13,138,10,12421,True,False
6859,5033,1,2026-01-09,1,13,34,381,25,12425,True,False
6860,5034,1,2025-04-23,1,1,2,23,1,12426,True,False
6861,5035,1,2026-03-13,1,21,61,715,41,12428,True,False
6862,5035,1,2026-03-04,1,21,61,715,41,12430,True,False
6863,5035,1,2026-03-09,1,21,61,715,41,12431,True,False
6864,5038,1,2026-05-12,1,26,81,950,51,12437,True,False
6865,5038,1,2026-05-26,1,26,81,950,51,12438,True,False
6866,5039,1,2025-02-09,1,19,52,598,38,12439,True,False
6867,5039,1,2025-01-31,1,19,52,598,38,12440,True,False
6868,5040,2,2026-02-26,1,5,12,122,9,12441,True,False
6869,5040,1,2026-02-25,1,5,12,122,9,12442,True,False
6870,5041,1,2026-06-14,1,4,9,93,7,12445,True,False
6871,5041,1,2026-07-12,1,4,9,93,7,12446,True,False
6872,5042,1,2025-04-26,1,14,37,430,27,12447,True,False
6873,5043,1,2024-09-06,1,25,77,893,49,12452,True,False
6874,5043,1,2024-09-20,1,25,77,893,49,12453,True,False
6875,5043,2,2024-09-19,1,25,77,893,49,12454,True,True
6876,5045,1,2026-05-01,1,24,73,852,47,12459,True,False
6877,5046,1,2024-09-05,1,4,10,102,8,12462,True,False
6878,5048,1,2025-10-21,1,25,76,884,50,12464,True,False
6879,5050,2,2026-04-28,1,4,11,119,8,12467,True,False
6880,5051,2,2025-02-28,1,30,92,1071,59,12469,True,False
6881,5052,2,2026-03-05,1,4,10,102,7,12470,True,False
6882,5052,1,2026-03-15,1,4,10,102,7,12471,True,False
6883,5052,2,2026-03-22,1,4,10,102,7,12473,True,False
6884,5053,1,2024-10-14,1,4,9,99,8,12474,True,False
6885,5053,2,2024-10-05,1,4,9,99,8,12476,True,False
6886,5053,2,2024-10-02,1,4,9,99,8,12477,True,False
6887,5054,1,2026-05-22,1,4,10,108,8,12479,True,False
6888,5054,1,2026-05-23,1,4,10,108,8,12481,True,False
6889,5056,1,2025-12-19,1,6,16,171,12,12485,True,False
6890,5057,1,2025-10-09,1,4,11,116,7,12489,True,False
6891,5057,1,2025-10-18,1,4,11,116,7,12490,True,False
6892,5059,2,2024-12-31,1,19,54,639,38,12494,True,False
6893,5060,1,2026-03-23,1,12,31,356,24,12498,True,False
6894,5060,2,2026-03-25,1,12,31,356,24,12499,True,False
6895,5061,1,2024-10-08,1,13,33,377,25,12502,True,False
6896,5061,1,2024-10-09,1,13,33,377,25,12503,True,False
6897,5063,1,2025-05-19,1,4,9,100,7,12505,True,False
6898,5063,2,2025-04-29,1,4,9,100,7,12506,True,False
6899,5065,1,2026-04-11,1,4,10,106,7,12511,True,False
6900,5066,2,2025-03-20,1,2,3,29,4,12512,True,False
6901,5068,1,2025-08-25,1,3,8,84,5,12517,True,False
6902,5068,1,2025-09-09,1,3,8,84,5,12520,True,False
6903,5069,1,2025-05-11,1,29,89,1028,57,12521,True,False
6904,5070,1,2025-07-16,1,23,67,776,46,12523,True,False
6905,5070,1,2025-07-19,1,23,67,776,46,12524,True,False
6906,5071,1,2026-05-16,1,3,6,71,6,12527,True,False
6907,5072,1,2026-03-25,1,3,7,80,5,12530,True,False
6908,5073,1,2025-11-23,1,26,80,939,52,12531,True,False
6909,5073,1,2025-12-04,1,26,80,939,52,12532,True,False
6910,5074,1,2024-11-14,1,20,58,683,39,12534,True,False
6911,5074,2,2024-10-31,1,20,58,683,39,12535,True,False
6912,5075,1,2024-12-15,1,28,87,1008,56,12538,True,False
6913,5075,1,2024-12-10,1,28,87,1008,56,12540,True,False
6914,5076,2,2026-06-27,1,4,9,101,8,12541,True,False
6915,5076,2,2026-07-11,1,4,9,101,8,12543,True,False
6916,5077,1,2024-09-15,1,4,11,114,7,12545,True,False
6917,5078,1,2024-10-04,1,17,46,533,33,12549,True,False
6918,5078,1,2024-09-29,1,17,46,533,33,12550,True,False
6919,5080,2,2026-02-10,1,20,57,660,40,12554,True,True
6920,5080,1,2026-02-16,1,20,57,660,40,12555,True,False
6921,5080,1,2026-01-28,1,20,57,660,40,12557,True,False
6922,5081,1,2025-09-27,1,5,13,134,9,12558,True,False
6923,5082,1,2026-06-03,1,6,17,189,11,12559,True,True
6924,5083,1,2024-12-25,1,4,11,112,8,12560,True,False
6925,5083,1,2025-01-02,1,4,11,112,8,12562,True,False
6926,5084,1,2024-08-08,1,14,36,406,27,12564,True,False
6927,5085,1,2025-10-29,1,4,10,107,7,12568,True,False
6928,5086,1,2025-03-04,1,27,83,968,54,12569,True,False
6929,5087,1,2024-07-23,1,28,86,998,56,12570,True,False
6930,5087,1,2024-08-11,1,28,86,998,56,12571,True,False
6931,5087,2,2024-08-08,1,28,86,998,56,12572,True,True
6932,5090,1,2024-11-03,1,20,57,662,39,12579,True,False
6933,5091,1,2025-11-18,1,4,10,109,8,12582,True,False
6934,5092,2,2025-08-07,1,4,10,103,7,12583,True,False
6935,5093,1,2025-01-20,1,13,34,383,26,12584,True,False
6936,5093,1,2025-02-03,1,13,34,383,26,12585,True,False
6937,5093,1,2025-01-23,1,13,34,383,26,12586,True,False
6938,5094,1,2024-12-03,1,14,36,404,27,12587,True,False
6939,5096,2,2024-09-02,1,4,9,94,7,12590,True,False
6940,5098,1,2026-04-25,1,4,9,95,8,12595,True,False
6941,5099,1,2025-11-30,1,4,9,93,8,12596,True,False
6942,5099,1,2025-11-13,1,4,9,93,8,12597,True,False
6943,5099,1,2025-11-12,1,4,9,93,8,12598,True,False
6944,5099,2,2025-11-17,1,4,9,93,8,12599,True,True
6945,5101,1,2025-12-20,1,3,5,60,5,12602,True,False
6946,5102,2,2026-04-15,1,4,9,94,8,12605,True,False
6947,5102,1,2026-04-28,1,4,9,94,8,12607,True,False
6948,5103,1,2024-12-01,1,5,12,131,10,12609,True,False
6949,5104,1,2026-04-04,1,4,9,96,8,12614,True,False
6950,5105,1,2025-04-29,1,11,30,333,22,12615,True,False
6951,5106,1,2024-09-23,1,28,87,1005,56,12618,True,False
6952,5106,1,2024-08-30,1,28,87,1005,56,12619,True,False
6953,5106,1,2024-09-01,1,28,87,1005,56,12620,True,False
6954,5107,1,2026-04-14,1,5,12,122,9,12622,True,False
6955,5108,1,2025-09-12,1,17,45,522,34,12624,True,False
6956,5108,1,2025-08-26,1,17,45,522,34,12625,True,False
6957,5108,1,2025-09-03,1,17,45,522,34,12626,True,False
6958,5110,1,2025-06-15,1,4,10,111,7,12628,True,False
6959,5111,1,2025-03-23,1,5,14,143,10,12629,True,False
6960,5112,1,2024-09-20,1,8,21,234,15,12630,True,False
6961,5113,1,2025-11-11,1,4,9,98,7,12633,True,False
6962,5115,1,2025-09-05,1,4,10,104,8,12635,True,False
6963,5115,2,2025-08-15,1,4,10,104,8,12636,True,False
6964,5116,1,2025-05-08,1,1,1,3,1,12639,True,False
6965,5117,1,2026-06-06,1,4,11,115,7,12643,True,False
6966,5118,2,2025-06-03,1,4,11,120,8,12644,True,False
6967,5119,1,2026-03-02,1,4,9,93,7,12647,True,False
6968,5119,1,2026-03-05,1,4,9,93,7,12649,True,False
6969,5119,1,2026-02-17,1,4,9,93,7,12650,True,False
6970,5120,2,2025-12-01,1,4,10,108,8,12652,True,False
6971,5120,1,2025-12-15,1,4,10,108,8,12653,True,False
6972,5121,1,2025-03-16,1,1,2,28,2,12654,True,False
6973,5122,1,2025-03-11,1,1,1,4,1,12657,True,False
6974,5123,1,2026-05-08,1,14,38,441,27,12658,True,False
6975,5123,1,2026-05-11,1,14,38,441,27,12659,True,False
6976,5123,1,2026-05-08,1,14,38,441,27,12660,True,False
6977,5124,1,2025-03-05,1,9,22,238,18,12662,True,False
6978,5125,1,2026-03-01,1,1,1,13,2,12663,True,False
6979,5125,1,2026-02-21,1,1,1,13,2,12666,True,False
6980,5126,2,2024-12-27,1,26,81,947,51,12668,True,False
6981,5127,1,2025-09-21,1,4,10,108,7,12669,True,False
6982,5127,1,2025-09-24,1,4,10,108,7,12670,True,False
6983,5128,1,2025-02-03,1,6,15,157,11,12671,True,False
6984,5129,1,2026-03-07,1,4,11,118,8,12672,True,False
6985,5129,2,2026-03-07,1,4,11,118,8,12675,True,False
6986,5130,1,2025-04-20,1,6,17,188,11,12676,True,False
6987,5131,1,2025-07-22,1,22,65,751,43,12677,True,False
6988,5132,1,2026-03-09,1,12,32,360,24,12678,True,True
6989,5132,1,2026-04-07,1,12,32,360,24,12680,True,False
6990,5133,1,2025-11-14,1,22,63,733,44,12681,True,False
6991,5134,2,2026-01-25,1,3,6,71,5,12682,True,False
6992,5135,1,2025-06-03,1,1,2,16,1,12683,True,False
6993,5135,1,2025-06-09,1,1,2,16,1,12684,True,False
6994,5136,1,2024-12-12,1,4,11,120,8,12685,True,True
6995,5140,1,2026-08-05,1,18,50,574,35,12689,True,False
6996,5141,1,2024-09-26,1,19,52,597,38,12690,True,False
6997,5142,1,2025-06-27,1,30,91,1056,59,12695,True,False
6998,5144,1,2026-06-16,1,29,90,1043,57,12698,True,False
6999,5145,1,2025-04-09,1,4,11,118,8,12701,True,False
7000,5146,1,2024-12-26,1,12,32,367,24,12703,True,False
7001,5146,2,2025-01-12,1,12,32,367,24,12704,True,False
7002,5147,1,2026-04-24,1,26,80,933,52,12706,True,False
7003,5148,1,2025-04-09,1,10,27,296,20,12710,True,False
7004,5148,1,2025-03-28,1,10,27,296,20,12711,True,False
7005,5149,1,2026-05-22,1,6,17,182,12,12713,True,False
7006,5149,2,2026-05-20,1,6,17,182,12,12714,True,False
7007,5149,1,2026-05-10,1,6,17,182,12,12715,True,False
7008,5150,1,2025-03-11,1,16,42,482,31,12717,True,False
7009,5151,2,2025-07-12,1,4,11,116,8,12718,True,False
7010,5151,1,2025-07-26,1,4,11,116,8,12720,True,False
7011,5152,2,2026-07-19,1,14,38,439,28,12721,True,False
7012,5152,1,2026-07-19,1,14,38,439,28,12723,True,False
7013,5153,1,2025-08-06,1,20,58,676,40,12725,True,False
7014,5153,1,2025-08-27,1,20,58,676,40,12727,True,True
7015,5155,1,2025-09-04,1,4,10,104,8,12729,True,False
7016,5156,1,2025-07-14,1,4,11,115,7,12730,True,False
7017,5156,1,2025-07-18,1,4,11,115,7,12732,True,False
7018,5157,1,2025-08-07,1,24,74,866,47,12733,True,False
7019,5157,1,2025-08-10,1,24,74,866,47,12734,True,False
7020,5157,1,2025-08-19,1,24,74,866,47,12735,True,True
7021,5158,1,2024-08-22,1,12,32,363,23,12736,True,False
7022,5159,1,2026-03-23,1,22,65,754,44,12738,True,False
7023,5159,1,2026-02-25,1,22,65,754,44,12739,True,False
7024,5160,1,2024-12-03,1,6,16,167,11,12742,True,False
7025,5161,1,2025-06-30,1,3,7,78,6,12745,True,False
7026,5162,2,2026-02-26,1,4,10,108,7,12747,True,False
7027,5163,1,2024-08-24,1,4,11,118,8,12749,True,True
7028,5165,1,2026-02-26,1,4,9,93,8,12754,True,False
7029,5166,1,2025-01-11,1,24,74,867,47,12756,True,False
7030,5169,1,2026-01-17,1,3,6,74,6,12759,True,False
7031,5169,1,2026-02-04,1,3,6,74,6,12760,True,False
7032,5170,1,2025-06-10,1,4,9,95,7,12763,True,False
7033,5170,1,2025-06-19,1,4,9,95,7,12764,True,False
7034,5170,2,2025-06-04,1,4,9,95,7,12765,True,False
7035,5171,1,2025-03-09,1,19,52,604,37,12766,True,False
7036,5172,1,2024-09-05,1,15,39,449,30,12768,True,False
7037,5172,1,2024-09-08,1,15,39,449,30,12771,True,False
7038,5173,1,2026-04-20,1,4,11,116,8,12772,True,False
7039,5173,1,2026-04-22,1,4,11,116,8,12773,True,False
7040,5173,1,2026-04-22,1,4,11,116,8,12774,True,False
7041,5174,1,2025-06-15,1,4,11,120,7,12776,True,False
7042,5175,1,2025-01-13,1,4,11,112,7,12777,True,False
7043,5175,2,2025-02-03,1,4,11,112,7,12778,True,False
7044,5175,2,2025-01-11,1,4,11,112,7,12779,True,False
7045,5176,1,2025-10-03,1,9,24,274,17,12780,True,False
7046,5177,1,2025-12-18,1,4,10,107,8,12782,True,False
7047,5177,1,2025-12-15,1,4,10,107,8,12783,True,False
7048,5178,1,2026-07-30,1,4,9,97,8,12784,True,False
7049,5179,2,2024-09-25,1,30,91,1052,60,12785,True,False
7050,5180,1,2025-05-26,1,6,17,187,11,12788,True,False
7051,5181,1,2026-07-22,1,10,27,302,19,12789,True,False
7052,5182,2,2024-12-11,1,21,62,723,41,12793,True,False
7053,5184,1,2025-12-12,1,15,39,451,29,12798,True,False
7054,5187,1,2025-05-19,1,19,54,629,38,12805,True,False
7055,5187,1,2025-05-31,1,19,54,629,38,12806,True,False
7056,5188,1,2025-10-10,1,25,78,903,49,12807,True,False
7057,5188,1,2025-10-10,1,25,78,903,49,12809,True,False
7058,5189,2,2026-03-30,1,8,21,232,15,12812,True,False
7059,5189,2,2026-03-30,1,8,21,232,15,12814,True,False
7060,5190,2,2026-07-08,1,28,86,999,56,12815,True,False
7061,5190,2,2026-07-05,1,28,86,999,56,12816,True,False
7062,5191,1,2025-11-11,1,3,8,89,6,12817,True,False
7063,5192,1,2026-06-30,1,1,2,28,1,12818,True,False
7064,5192,2,2026-07-04,1,1,2,28,1,12819,True,False
7065,5192,1,2026-06-25,1,1,2,28,1,12821,True,False
7066,5194,1,2026-06-20,1,7,19,206,13,12826,True,False
7067,5195,1,2025-02-02,1,1,1,9,2,12828,True,False
7068,5195,1,2025-02-11,1,1,1,9,2,12829,True,False
7069,5196,1,2026-05-16,1,4,10,103,7,12831,True,False
7070,5196,1,2026-04-28,1,4,10,103,7,12832,True,False
7071,5196,1,2026-05-15,1,4,10,103,7,12833,True,False
7072,5199,1,2025-07-04,1,23,67,778,46,12840,True,False
7073,5200,1,2025-02-22,1,4,11,113,7,12843,True,False
7074,5201,2,2025-07-03,1,21,61,708,42,12844,True,False
7075,5202,1,2026-07-26,1,4,11,115,7,12846,True,False
7076,5202,1,2026-08-03,1,4,11,115,7,12848,True,False
7077,5202,2,2026-07-14,1,4,11,115,7,12849,True,False
7078,5204,1,2025-06-04,1,4,11,117,7,12855,True,False
7079,5204,1,2025-06-19,1,4,11,117,7,12856,True,False
7080,5205,1,2026-06-21,1,1,2,28,2,12857,True,False
7081,5205,2,2026-06-01,1,1,2,28,2,12858,True,False
7082,5206,2,2026-04-21,1,16,43,499,32,12860,True,False
7083,5207,2,2024-09-02,1,5,12,122,9,12862,True,False
7084,5207,1,2024-08-12,1,5,12,122,9,12863,True,False
7085,5208,1,2025-09-04,1,3,8,90,5,12864,True,False
7086,5209,1,2025-04-30,1,4,9,96,8,12865,True,True
7087,5210,1,2026-04-12,1,4,11,120,8,12866,True,False
7088,5212,1,2025-04-08,1,4,11,116,7,12870,True,False
7089,5214,1,2026-06-02,1,4,9,98,8,12873,True,False
7090,5215,1,2024-10-11,1,4,10,102,8,12874,True,False
7091,5217,1,2026-04-23,1,15,39,448,29,12881,True,False
7092,5217,1,2026-03-29,1,15,39,448,29,12882,True,False
7093,5217,1,2026-04-18,1,15,39,448,29,12883,True,False
7094,5218,1,2026-04-13,1,4,10,109,8,12884,True,False
7095,5219,1,2025-11-11,1,20,59,684,40,12885,True,False
7096,5219,2,2025-11-23,1,20,59,684,40,12886,True,False
7097,5220,1,2025-08-28,1,17,45,517,34,12887,True,False
7098,5220,1,2025-08-07,1,17,45,517,34,12888,True,False
7099,5221,2,2024-10-30,1,6,16,178,11,12889,True,False
7100,5221,2,2024-11-15,1,6,16,178,11,12890,True,False
7101,5221,1,2024-11-11,1,6,16,178,11,12891,True,False
7102,5222,1,2024-12-05,1,25,75,882,49,12892,True,False
7103,5223,1,2024-10-28,1,10,28,312,19,12893,True,False
7104,5224,1,2026-03-04,1,4,10,109,7,12895,True,True
7105,5225,2,2026-05-13,1,23,68,785,45,12897,True,False
7106,5226,1,2025-02-11,1,4,10,106,7,12898,True,False
7107,5227,2,2025-08-14,1,1,2,15,1,12899,True,False
7108,5228,1,2024-11-15,1,1,2,15,1,12901,True,False
7109,5230,2,2025-10-16,1,1,2,18,2,12906,True,False
7110,5231,1,2024-08-27,1,12,31,353,23,12907,True,False
7111,5231,1,2024-09-01,1,12,31,353,23,12908,True,False
7112,5231,1,2024-08-18,1,12,31,353,23,12909,True,False
7113,5232,1,2024-11-23,1,26,81,947,52,12910,True,False
7114,5233,1,2025-02-18,1,11,29,329,22,12912,True,False
7115,5233,1,2025-02-19,1,11,29,329,22,12913,True,False
7116,5235,1,2026-03-01,1,5,13,134,9,12916,True,False
7117,5235,1,2026-03-22,1,5,13,134,9,12917,True,False
7118,5237,2,2025-12-02,1,3,8,84,6,12920,True,False
7119,5237,1,2025-11-14,1,3,8,84,6,12921,True,False
7120,5238,1,2024-10-26,1,4,10,107,7,12922,True,False
7121,5238,2,2024-10-18,1,4,10,107,7,12923,True,False
7122,5240,1,2026-06-12,1,11,29,321,21,12927,True,False
7123,5240,1,2026-06-11,1,11,29,321,21,12928,True,True
7124,5241,1,2024-09-22,1,26,81,951,52,12930,True,False
7125,5241,1,2024-09-25,1,26,81,951,52,12931,True,False
7126,5242,1,2025-02-21,1,14,37,426,27,12932,True,False
7127,5244,1,2025-01-06,1,21,62,719,42,12935,True,False
7128,5247,1,2025-10-01,1,15,39,446,30,12940,True,False
7129,5247,1,2025-09-22,1,15,39,446,30,12941,True,False
7130,5248,1,2026-06-09,1,4,10,102,8,12942,True,False
7131,5248,1,2026-06-23,1,4,10,102,8,12943,True,False
7132,5248,1,2026-05-28,1,4,10,102,8,12944,True,False
7133,5249,1,2025-11-10,1,1,2,27,2,12948,True,False
7134,5250,2,2025-11-23,1,1,2,22,2,12949,True,False
7135,5251,1,2025-04-06,1,4,9,97,7,12953,True,True
7136,5252,1,2024-08-21,1,26,80,942,52,12955,True,False
7137,5252,2,2024-08-14,1,26,80,942,52,12957,True,False
7138,5253,1,2026-03-30,1,11,29,328,22,12960,True,False
7139,5254,2,2025-07-31,1,7,18,203,14,12962,True,False
7140,5255,1,2025-12-18,1,4,11,118,8,12963,True,False
7141,5256,1,2026-05-30,1,4,11,117,8,12964,True,False
7142,5257,1,2026-07-16,1,30,92,1066,60,12965,True,False
7143,5258,1,2026-02-06,1,5,14,144,10,12966,True,False
7144,5258,1,2026-02-12,1,5,14,144,10,12967,True,False
7145,5259,1,2026-06-24,1,4,11,120,7,12970,True,False
7146,5260,1,2025-02-27,1,2,4,40,3,12973,True,False
7147,5261,1,2024-07-25,1,3,8,91,6,12975,True,False
7148,5262,1,2024-12-02,1,21,61,713,42,12976,True,False
7149,5262,1,2024-11-15,1,21,61,713,42,12977,True,False
7150,5262,2,2024-11-20,1,21,61,713,42,12978,True,False
7151,5262,1,2024-11-05,1,21,61,713,42,12979,True,False
7152,5263,1,2025-12-20,1,15,40,459,29,12980,True,False
7153,5264,1,2025-07-25,1,22,65,759,43,12982,True,False
7154,5264,1,2025-07-14,1,22,65,759,43,12983,True,False
7155,5264,1,2025-08-11,1,22,65,759,43,12984,True,False
7156,5265,1,2026-02-09,1,23,69,796,46,12986,True,False
7157,5265,2,2026-02-09,1,23,69,796,46,12989,True,False
7158,5266,1,2026-01-19,1,1,1,1,1,12990,True,False
7159,5267,1,2025-09-06,1,5,14,151,9,12993,True,False
7160,5267,1,2025-09-22,1,5,14,151,9,12994,True,False
7161,5268,1,2026-03-27,1,4,9,98,8,12995,True,False
7162,5269,1,2024-08-01,1,4,9,99,7,12996,True,False
7163,5270,1,2025-11-18,1,15,40,456,29,12999,True,False
7164,5271,1,2025-05-24,1,3,5,58,5,13000,True,False
7165,5271,1,2025-05-09,1,3,5,58,5,13001,True,False
7166,5271,1,2025-05-12,1,3,5,58,5,13002,True,False
7167,5271,1,2025-05-16,1,3,5,58,5,13003,True,False
7168,5272,1,2024-12-24,1,30,92,1061,59,13004,True,False
7169,5272,1,2025-01-04,1,30,92,1061,59,13006,True,False
7170,5274,1,2024-12-19,1,14,37,429,28,13010,True,False
7171,5274,1,2024-12-12,1,14,37,429,28,13012,True,False
7172,5275,2,2026-02-18,1,25,75,869,49,13014,True,False
7173,5276,1,2025-05-12,1,4,11,120,8,13015,True,False
7174,5277,1,2025-03-27,1,15,39,446,30,13019,True,False
7175,5277,1,2025-03-24,1,15,39,446,30,13020,True,False
7176,5278,1,2024-09-06,1,4,11,117,8,13021,True,False
7177,5279,1,2025-04-30,1,4,9,101,8,13023,True,False
7178,5280,1,2026-01-04,1,1,1,8,2,13026,True,False
7179,5280,1,2025-12-29,1,1,1,8,2,13027,True,False
7180,5281,1,2026-04-12,1,21,62,722,41,13029,True,False
7181,5281,1,2026-04-17,1,21,62,722,41,13032,True,False
7182,5282,1,2024-10-30,1,1,1,3,1,13034,True,False
7183,5283,1,2024-10-23,1,1,2,26,1,13036,True,False
7184,5283,1,2024-10-13,1,1,2,26,1,13038,True,False
7185,5284,1,2026-01-24,1,4,10,108,7,13039,True,False
7186,5285,1,2026-03-03,1,4,10,105,7,13040,True,False
7187,5285,1,2026-02-25,1,4,10,105,7,13041,True,False
7188,5286,1,2026-06-26,1,13,33,370,26,13042,True,False
7189,5286,1,2026-06-28,1,13,33,370,26,13043,True,False
7190,5286,2,2026-06-02,1,13,33,370,26,13044,True,False
7191,5289,1,2025-11-13,1,3,7,79,6,13048,True,False
7192,5289,1,2025-11-03,1,3,7,79,6,13050,True,False
7193,5289,1,2025-11-08,1,3,7,79,6,13051,True,False
7194,5290,1,2025-02-16,1,4,9,98,8,13052,True,False
7195,5290,1,2025-01-30,1,4,9,98,8,13054,True,False
7196,5290,2,2025-01-30,1,4,9,98,8,13055,True,False
7197,5292,1,2025-10-29,1,4,9,98,7,13057,True,False
7198,5292,1,2025-10-30,1,4,9,98,7,13059,True,False
7199,5293,1,2025-10-03,1,9,22,248,18,13061,True,False
7200,5293,1,2025-10-20,1,9,22,248,18,13062,True,False
7201,5295,1,2025-05-03,1,4,10,109,8,13067,True,False
7202,5296,1,2025-05-27,1,20,57,661,39,13068,True,False
7203,5296,1,2025-05-17,1,20,57,661,39,13069,True,False
7204,5296,1,2025-06-04,1,20,57,661,39,13070,True,False
7205,5296,1,2025-05-17,1,20,57,661,39,13071,True,False
7206,5297,2,2024-10-31,1,15,39,444,29,13073,True,False
7207,5297,2,2024-10-29,1,15,39,444,29,13075,True,False
7208,5299,1,2025-12-23,1,29,90,1045,57,13077,True,False
7209,5299,1,2025-12-13,1,29,90,1045,57,13079,True,False
7210,5300,1,2026-03-27,1,12,31,347,23,13080,True,False
7211,5302,1,2024-11-08,1,22,65,760,43,13083,True,True
7212,5302,1,2024-11-12,1,22,65,760,43,13084,True,False
7213,5304,1,2026-04-22,1,4,10,110,8,13086,True,True
7214,5304,2,2026-04-21,1,4,10,110,8,13087,True,False
7215,5305,1,2025-03-16,1,3,6,74,5,13089,True,False
7216,5306,1,2025-08-15,1,25,76,889,49,13091,True,False
7217,5307,1,2025-12-16,1,14,37,428,28,13093,True,False
7218,5307,1,2025-11-26,1,14,37,428,28,13094,True,False
7219,5307,1,2025-12-25,1,14,37,428,28,13095,True,False
7220,5308,2,2024-10-22,1,3,7,80,5,13096,True,False
7221,5309,1,2025-08-16,1,19,52,608,38,13097,True,False
7222,5309,2,2025-08-19,1,19,52,608,38,13099,True,False
7223,5311,1,2025-02-25,1,1,2,24,2,13105,True,False
7224,5311,1,2025-02-28,1,1,2,24,2,13106,True,False
7225,5313,1,2025-11-03,1,4,11,116,8,13111,True,False
7226,5313,2,2025-11-09,1,4,11,116,8,13112,True,False
7227,5314,1,2025-01-04,1,17,44,507,34,13115,True,False
7228,5315,1,2025-06-18,1,4,11,118,8,13117,True,False
7229,5316,2,2026-07-16,1,4,11,118,8,13119,True,False
7230,5317,1,2025-01-20,1,13,35,398,26,13121,True,False
7231,5318,2,2025-06-16,1,19,56,655,38,13123,True,False
7232,5318,1,2025-06-24,1,19,56,655,38,13124,True,False
7233,5320,1,2024-10-03,1,1,2,20,2,13126,True,False
7234,5320,2,2024-09-22,1,1,2,20,2,13128,True,False
7235,5322,1,2025-10-29,1,21,61,710,41,13130,True,False
7236,5322,1,2025-10-18,1,21,61,710,41,13131,True,False
7237,5323,1,2025-04-02,1,1,1,4,2,13132,True,False
7238,5323,1,2025-03-13,1,1,1,4,2,13133,True,False
7239,5323,2,2025-04-02,1,1,1,4,2,13135,True,False
7240,5324,1,2024-12-01,1,4,9,94,7,13136,True,False
7241,5324,2,2024-12-07,1,4,9,94,7,13137,True,False
7242,5324,1,2024-12-04,1,4,9,94,7,13138,True,False
7243,5325,1,2025-06-30,1,10,27,297,19,13140,True,False
7244,5327,1,2026-04-11,1,22,64,745,43,13143,True,False
7245,5329,1,2025-03-09,1,16,42,491,32,13146,True,False
7246,5329,1,2025-02-25,1,16,42,491,32,13147,True,False
7247,5329,1,2025-02-24,1,16,42,491,32,13148,True,False
7248,5330,1,2026-03-11,1,30,91,1050,60,13149,True,False
7249,5330,2,2026-03-27,1,30,91,1050,60,13150,True,False
7250,5330,1,2026-04-03,1,30,91,1050,60,13151,True,False
7251,5331,1,2024-09-28,1,2,4,45,4,13153,True,False
7252,5332,1,2025-07-07,1,8,21,229,15,13156,True,False
7253,5332,1,2025-07-20,1,8,21,229,15,13157,True,False
7254,5333,1,2025-04-06,1,1,1,3,1,13158,True,True
7255,5333,1,2025-04-05,1,1,1,3,1,13159,True,False
7256,5333,1,2025-05-01,1,1,1,3,1,13160,True,False
7257,5333,1,2025-04-24,1,1,1,3,1,13161,True,False
7258,5335,1,2024-11-16,1,3,7,83,6,13164,True,False
7259,5336,1,2026-06-02,1,4,10,110,7,13166,True,False
7260,5336,1,2026-06-04,1,4,10,110,7,13167,True,False
7261,5336,2,2026-06-06,1,4,10,110,7,13168,True,False
7262,5337,1,2026-01-24,1,12,32,363,24,13169,True,False
7263,5337,1,2026-01-30,1,12,32,363,24,13171,True,False
7264,5340,1,2024-09-27,1,1,2,27,2,13176,True,False
7265,5340,1,2024-10-08,1,1,2,27,2,13177,True,False
7266,5340,1,2024-09-25,1,1,2,27,2,13178,True,False
7267,5341,1,2025-08-11,1,4,10,108,8,13181,True,False
7268,5342,1,2026-02-07,1,26,81,948,51,13182,True,False
7269,5342,1,2026-01-24,1,26,81,948,51,13183,True,False
7270,5343,1,2026-06-16,1,28,86,999,55,13184,True,False
7271,5343,1,2026-06-13,1,28,86,999,55,13185,True,False
7272,5343,1,2026-06-03,1,28,86,999,55,13186,True,True
7273,5343,1,2026-06-11,1,28,86,999,55,13187,True,False
7274,5344,1,2025-09-30,1,24,74,863,47,13188,True,False
7275,5344,1,2025-09-22,1,24,74,863,47,13189,True,False
7276,5345,2,2025-04-11,1,4,9,95,8,13190,True,False
7277,5345,1,2025-03-27,1,4,9,95,8,13191,True,False
7278,5345,1,2025-04-06,1,4,9,95,8,13193,True,False
7279,5346,1,2025-07-15,1,12,31,354,24,13194,True,False
7280,5347,1,2024-11-27,1,4,9,98,8,13195,True,False
7281,5347,2,2024-11-27,1,4,9,98,8,13196,True,False
7282,5348,2,2026-05-31,1,10,28,311,19,13198,True,False
7283,5349,1,2026-03-05,1,4,11,116,7,13199,True,False
7284,5349,1,2026-03-05,1,4,11,116,7,13200,True,False
7285,5349,1,2026-03-03,1,4,11,116,7,13202,True,False
7286,5351,1,2024-12-23,1,14,36,402,27,13204,True,False
7287,5352,1,2026-05-25,1,12,32,360,24,13205,True,False
7288,5353,1,2026-02-28,1,27,84,981,53,13207,True,False
7289,5354,1,2026-02-06,1,4,9,99,8,13209,True,False
7290,5354,2,2026-01-25,1,4,9,99,8,13210,True,False
7291,5356,1,2024-10-07,1,4,10,105,7,13213,True,False
7292,5358,1,2026-03-28,1,20,57,670,40,13216,True,False
7293,5361,1,2025-08-08,1,14,38,432,28,13220,True,False
7294,5361,1,2025-08-05,1,14,38,432,28,13221,True,False
7295,5362,1,2025-12-28,1,28,87,1006,55,13224,True,False
7296,5363,1,2026-06-09,1,4,10,102,7,13225,True,False
7297,5364,1,2026-05-23,1,4,9,99,8,13226,True,False
7298,5364,1,2026-05-10,1,4,9,99,8,13227,True,False
7299,5366,2,2025-07-24,1,9,23,259,17,13231,True,False
7300,5366,1,2025-07-25,1,9,23,259,17,13232,True,False
7301,5366,1,2025-07-01,1,9,23,259,17,13233,True,False
7302,5368,1,2024-12-12,1,1,1,10,2,13238,True,False
7303,5370,1,2025-10-13,1,4,9,99,8,13244,True,False
7304,5371,1,2024-09-13,1,18,51,590,35,13247,True,False
7305,5372,1,2025-01-08,1,16,42,488,32,13248,True,False
7306,5372,2,2024-12-18,1,16,42,488,32,13249,True,False
7307,5372,2,2024-12-17,1,16,42,488,32,13250,True,False
7308,5373,1,2026-05-29,1,4,9,93,7,13252,True,False
7309,5373,2,2026-05-16,1,4,9,93,7,13253,True,False
7310,5373,1,2026-05-14,1,4,9,93,7,13254,True,False
7311,5374,1,2026-03-13,1,4,9,101,7,13255,True,False
7312,5374,1,2026-02-15,1,4,9,101,7,13256,True,False
7313,5375,1,2025-05-28,1,20,60,698,39,13258,True,False
7314,5375,1,2025-05-22,1,20,60,698,39,13259,True,False
7315,5376,1,2025-05-11,1,28,86,1002,55,13260,True,False
7316,5377,1,2025-06-01,1,29,89,1029,58,13262,True,False
7317,5378,2,2025-11-21,1,24,72,840,47,13263,True,False
7318,5378,1,2025-11-17,1,24,72,840,47,13264,True,False
7319,5378,1,2025-11-23,1,24,72,840,47,13265,True,False
7320,5379,2,2025-09-23,1,26,79,929,51,13267,True,False
7321,5380,1,2026-07-18,1,4,10,106,8,13268,True,False
7322,5381,1,2025-03-07,1,16,43,504,32,13270,True,False
7323,5384,2,2025-05-16,1,4,11,119,7,13276,True,False
7324,5384,1,2025-05-20,1,4,11,119,7,13277,True,True
7325,5387,1,2026-02-26,1,4,10,106,7,13282,True,False
7326,5388,1,2024-08-30,1,6,15,159,11,13283,True,False
7327,5390,1,2026-01-11,1,2,3,33,4,13285,True,False
7328,5390,1,2025-12-27,1,2,3,33,4,13286,True,False
7329,5390,1,2026-01-24,1,2,3,33,4,13287,True,False
7330,5391,2,2025-03-07,1,26,79,925,52,13289,True,False
7331,5391,1,2025-03-15,1,26,79,925,52,13290,True,False
7332,5391,1,2025-03-10,1,26,79,925,52,13291,True,False
7333,5392,1,2026-02-12,1,25,78,907,50,13292,True,False
7334,5393,1,2026-06-28,1,15,39,447,30,13293,True,False
7335,5394,2,2024-10-14,1,26,80,939,51,13295,True,False
7336,5394,1,2024-09-30,1,26,80,939,51,13296,True,False
7337,5395,2,2025-12-29,1,4,10,108,7,13299,True,True
7338,5395,2,2026-01-01,1,4,10,108,7,13300,True,False
7339,5395,1,2025-12-16,1,4,10,108,7,13301,True,False
7340,5395,1,2025-12-15,1,4,10,108,7,13302,True,False
7341,5397,1,2025-04-15,1,4,11,114,8,13306,True,False
7342,5397,1,2025-03-25,1,4,11,114,8,13307,True,False
7343,5398,1,2025-09-02,1,4,11,119,7,13310,True,False
7344,5399,1,2025-12-02,1,21,61,711,41,13311,True,False
7345,5399,1,2025-11-24,1,21,61,711,41,13313,True,False
7346,5401,1,2025-08-13,1,16,41,471,31,13316,True,False
7347,5402,1,2025-02-25,1,1,1,14,2,13317,True,False
7348,5403,1,2024-12-14,1,7,19,214,14,13318,True,False
7349,5403,2,2024-12-05,1,7,19,214,14,13321,True,False
7350,5404,2,2025-09-18,1,7,19,215,13,13322,True,False
7351,5404,1,2025-09-14,1,7,19,215,13,13324,True,False
7352,5405,2,2025-10-12,1,25,75,871,49,13326,True,False
7353,5406,1,2026-01-07,1,4,10,109,8,13327,True,False
7354,5407,2,2024-10-22,1,12,32,360,24,13330,True,False
7355,5407,1,2024-11-02,1,12,32,360,24,13331,True,False
7356,5408,1,2026-07-13,1,6,16,172,12,13332,True,False
7357,5408,2,2026-07-18,1,6,16,172,12,13333,True,False
7358,5409,1,2025-03-26,1,5,14,151,10,13335,True,False
7359,5411,2,2024-08-09,1,21,62,719,42,13339,True,False
7360,5411,1,2024-08-11,1,21,62,719,42,13340,True,False
7361,5411,2,2024-08-28,1,21,62,719,42,13341,True,False
7362,5412,1,2026-02-26,1,4,9,96,7,13342,True,False
7363,5413,1,2025-11-29,1,4,9,101,8,13346,True,False
7364,5413,1,2025-11-15,1,4,9,101,8,13348,True,False
7365,5414,1,2026-01-05,1,28,85,994,56,13349,True,False
7366,5415,1,2024-12-11,1,13,34,379,26,13351,True,False
7367,5415,2,2024-12-24,1,13,34,379,26,13352,True,False
7368,5415,1,2024-12-06,1,13,34,379,26,13353,True,False
7369,5415,1,2024-12-23,1,13,34,379,26,13354,True,False
7370,5416,2,2024-09-10,1,12,31,357,24,13356,True,False
7371,5417,2,2026-07-06,1,28,86,996,56,13358,True,False
7372,5417,1,2026-07-15,1,28,86,996,56,13360,True,False
7373,5419,1,2025-01-14,1,4,9,96,8,13365,True,False
7374,5421,1,2025-11-07,1,2,3,32,3,13371,True,False
7375,5422,1,2025-11-28,1,4,11,116,8,13373,True,True
7376,5422,1,2025-12-08,1,4,11,116,8,13375,True,False
7377,5422,1,2025-11-30,1,4,11,116,8,13376,True,False
7378,5423,2,2025-02-20,1,4,9,94,8,13378,True,False
7379,5423,1,2025-03-06,1,4,9,94,8,13379,True,False
7380,5424,1,2026-01-06,1,1,2,19,2,13380,True,False
7381,5425,1,2026-06-24,1,4,11,117,7,13384,True,False
7382,5425,1,2026-06-21,1,4,11,117,7,13385,True,False
7383,5427,1,2025-05-17,1,14,38,437,27,13387,True,False
7384,5428,1,2025-11-06,1,12,32,363,23,13389,True,False
7385,5428,1,2025-11-24,1,12,32,363,23,13391,True,False
7386,5429,1,2025-10-09,1,7,18,201,14,13392,True,False
7387,5430,1,2026-04-26,1,4,9,93,7,13393,True,False
7388,5430,2,2026-04-21,1,4,9,93,7,13395,True,False
7389,5433,1,2026-03-14,1,4,10,111,8,13399,True,False
7390,5435,1,2026-02-09,1,4,11,119,8,13402,True,False
7391,5436,1,2026-07-19,1,4,10,102,7,13406,True,False
7392,5436,1,2026-07-25,1,4,10,102,7,13407,True,False
7393,5437,1,2026-02-03,1,22,65,762,44,13409,True,False
7394,5437,1,2026-01-28,1,22,65,762,44,13410,True,False
7395,5439,1,2025-09-27,1,7,18,193,13,13413,True,False
7396,5439,1,2025-09-13,1,7,18,193,13,13415,True,False
7397,5441,2,2025-02-02,1,10,28,307,19,13417,True,False
7398,5442,2,2026-02-03,1,4,9,96,8,13419,True,False
7399,5442,1,2026-01-16,1,4,9,96,8,13421,True,False
7400,5442,1,2026-01-05,1,4,9,96,8,13422,True,False
7401,5443,1,2026-02-10,1,22,63,733,44,13423,True,False
7402,5443,1,2026-02-10,1,22,63,733,44,13425,True,False
7403,5444,2,2025-11-07,1,15,40,459,29,13428,True,False
7404,5444,1,2025-11-11,1,15,40,459,29,13429,True,False
7405,5445,2,2025-06-20,1,4,9,94,7,13430,True,False
7406,5445,1,2025-06-25,1,4,9,94,7,13431,True,False
7407,5446,1,2024-10-10,1,28,86,1004,55,13433,True,False
7408,5446,1,2024-10-10,1,28,86,1004,55,13434,True,False
7409,5448,1,2025-06-04,1,24,72,839,47,13437,True,False
7410,5449,1,2026-01-19,1,17,44,515,33,13440,True,False
7411,5449,1,2026-01-18,1,17,44,515,33,13442,True,False
7412,5449,1,2026-01-27,1,17,44,515,33,13443,True,False
7413,5453,1,2026-06-01,1,24,74,859,48,13450,True,False
7414,5453,2,2026-06-20,1,24,74,859,48,13452,True,False
7415,5454,1,2026-01-13,1,3,6,66,5,13455,True,False
7416,5454,1,2026-01-21,1,3,6,66,5,13456,True,False
7417,5455,1,2025-12-15,1,4,9,93,7,13457,True,False
7418,5455,1,2026-01-01,1,4,9,93,7,13460,True,False
7419,5456,1,2024-12-18,1,4,9,97,7,13461,True,False
7420,5457,1,2025-09-11,1,25,78,906,49,13462,True,False
7421,5457,2,2025-09-22,1,25,78,906,49,13463,True,False
7422,5457,1,2025-09-10,1,25,78,906,49,13464,True,False
7423,5458,1,2025-01-30,1,4,11,115,7,13465,True,False
7424,5458,1,2025-01-30,1,4,11,115,7,13466,True,False
7425,5459,2,2024-12-13,1,1,2,19,1,13467,True,False
7426,5460,1,2024-10-22,1,20,59,687,39,13468,True,False
7427,5460,1,2024-10-09,1,20,59,687,39,13470,True,False
7428,5462,1,2026-04-30,1,4,9,100,8,13472,True,False
7429,5462,1,2026-05-14,1,4,9,100,8,13473,True,False
7430,5462,1,2026-05-11,1,4,9,100,8,13474,True,False
7431,5463,2,2025-10-03,1,4,11,119,8,13477,True,False
7432,5463,1,2025-09-21,1,4,11,119,8,13478,True,False
7433,5465,1,2026-02-26,1,4,10,107,7,13481,True,False
7434,5466,1,2024-11-03,1,1,1,2,2,13482,True,False
7435,5466,1,2024-10-14,1,1,1,2,2,13483,True,False
7436,5467,1,2025-08-27,1,4,9,97,7,13485,True,False
7437,5467,1,2025-08-12,1,4,9,97,7,13486,True,False
7438,5468,1,2026-06-08,1,4,9,96,8,13487,True,False
7439,5468,1,2026-05-28,1,4,9,96,8,13488,True,False
7440,5470,1,2025-04-18,1,4,11,112,8,13492,True,False
7441,5470,1,2025-03-30,1,4,11,112,8,13493,True,False
7442,5471,1,2025-09-15,1,11,30,337,21,13494,True,False
7443,5472,1,2025-10-14,1,27,84,979,54,13496,True,False
7444,5473,1,2025-08-24,1,1,2,16,1,13500,True,False
7445,5474,1,2024-10-11,1,28,88,1027,55,13501,True,False
7446,5475,1,2025-12-20,1,12,31,359,23,13505,True,False
7447,5476,1,2025-03-30,1,4,9,99,7,13506,True,False
7448,5476,1,2025-03-14,1,4,9,99,7,13507,True,False
7449,5476,2,2025-03-25,1,4,9,99,7,13508,True,False
7450,5476,1,2025-03-20,1,4,9,99,7,13509,True,False
7451,5477,1,2025-03-29,1,9,23,256,18,13510,True,False
7452,5478,1,2026-06-29,1,4,9,95,8,13512,True,False
7453,5478,1,2026-07-15,1,4,9,95,8,13513,True,False
7454,5478,1,2026-07-24,1,4,9,95,8,13514,True,False
7455,5479,1,2025-02-03,1,4,10,102,8,13517,True,False
7456,5479,1,2025-02-10,1,4,10,102,8,13519,True,False
7457,5480,2,2026-06-12,1,4,10,102,7,13520,True,False
7458,5480,1,2026-06-12,1,4,10,102,7,13521,True,False
7459,5480,1,2026-05-22,1,4,10,102,7,13522,True,False
7460,5481,1,2024-10-12,1,9,23,257,17,13525,True,False
7461,5482,1,2025-12-22,1,4,9,99,8,13526,True,False
7462,5483,1,2025-02-16,1,5,12,131,10,13527,True,False
7463,5483,1,2025-02-16,1,5,12,131,10,13528,True,False
7464,5484,1,2025-01-01,1,7,19,210,13,13529,True,False
7465,5485,1,2026-06-11,1,14,37,429,27,13531,True,False
7466,5485,1,2026-06-09,1,14,37,429,27,13532,True,False
7467,5485,1,2026-06-16,1,14,37,429,27,13533,True,False
7468,5486,1,2024-09-10,1,24,71,826,48,13535,True,False
7469,5487,1,2024-12-27,1,4,10,110,8,13536,True,False
7470,5487,1,2025-01-11,1,4,10,110,8,13538,True,False
7471,5488,1,2025-10-08,1,13,35,394,25,13540,True,False
7472,5489,2,2025-06-22,1,25,78,905,49,13544,True,False
7473,5490,1,2025-07-25,1,26,79,920,52,13546,True,False
7474,5490,1,2025-07-27,1,26,79,920,52,13547,True,False
7475,5493,1,2026-05-30,1,4,10,106,8,13553,True,False
7476,5494,1,2025-09-30,1,4,11,117,7,13554,True,False
7477,5494,1,2025-10-17,1,4,11,117,7,13555,True,False
7478,5495,2,2025-03-06,1,26,80,939,51,13556,True,False
7479,5495,2,2025-03-08,1,26,80,939,51,13557,True,False
7480,5496,1,2025-01-08,1,1,1,2,1,13560,True,True
7481,5496,2,2025-01-10,1,1,1,2,1,13561,True,False
7482,5496,1,2024-12-29,1,1,1,2,1,13562,True,False
7483,5497,2,2026-02-12,1,4,10,102,7,13563,True,False
7484,5498,1,2024-08-20,1,26,81,945,52,13565,True,False
7485,5499,1,2024-11-04,1,3,5,54,6,13566,True,False
7486,5500,2,2026-03-26,1,3,7,75,6,13567,True,False
7487,5501,1,2025-06-08,1,2,3,31,3,13568,True,False
7488,5501,1,2025-06-06,1,2,3,31,3,13569,True,False
7489,5502,1,2025-05-15,1,9,25,276,18,13570,True,False
7490,5502,1,2025-04-20,1,9,25,276,18,13572,True,False
7491,5504,1,2026-06-05,1,5,12,132,10,13574,True,False
7492,5504,1,2026-05-21,1,5,12,132,10,13575,True,False
7493,5505,1,2026-04-29,1,2,4,44,3,13577,True,False
7494,5505,1,2026-04-23,1,2,4,44,3,13578,True,False
7495,5505,1,2026-04-12,1,2,4,44,3,13580,True,False
7496,5506,1,2024-12-10,1,28,88,1019,56,13581,True,False
7497,5506,1,2024-12-06,1,28,88,1019,56,13582,True,False
7498,5507,1,2025-10-27,1,16,41,471,31,13583,True,False
7499,5507,1,2025-10-13,1,16,41,471,31,13586,True,False
7500,5508,1,2025-10-06,1,5,14,145,9,13587,True,False
7501,5508,1,2025-10-10,1,5,14,145,9,13589,True,False
7502,5508,1,2025-10-12,1,5,14,145,9,13590,True,False
7503,5510,1,2026-01-05,1,4,10,111,7,13592,True,False
7504,5510,1,2026-01-17,1,4,10,111,7,13593,True,False
7505,5510,1,2026-01-14,1,4,10,111,7,13594,True,False
7506,5512,2,2025-09-22,1,10,27,296,20,13598,True,False
7507,5512,1,2025-09-24,1,10,27,296,20,13599,True,True
7508,5512,1,2025-09-08,1,10,27,296,20,13600,True,False
7509,5513,1,2026-01-06,1,3,6,72,6,13601,True,False
7510,5514,1,2024-11-25,1,4,9,96,7,13605,True,False
7511,5514,1,2024-11-25,1,4,9,96,7,13607,True,False
7512,5515,2,2024-10-18,1,17,47,535,34,13609,True,False
7513,5516,1,2025-02-09,1,8,21,233,15,13612,True,False
7514,5517,1,2026-05-25,1,18,51,593,36,13614,True,False
7515,5517,1,2026-05-29,1,18,51,593,36,13615,True,False
7516,5517,1,2026-05-18,1,18,51,593,36,13616,True,False
7517,5518,1,2026-06-06,1,4,9,101,7,13617,True,False
7518,5519,1,2025-03-21,1,10,27,303,19,13619,True,False
7519,5520,1,2024-10-20,1,2,3,32,4,13623,True,False
7520,5521,1,2026-04-19,1,4,9,93,7,13624,True,False
7521,5521,2,2026-04-11,1,4,9,93,7,13625,True,False
7522,5522,1,2025-11-01,1,4,10,111,8,13626,True,False
7523,5522,1,2025-11-01,1,4,10,111,8,13627,True,False
7524,5522,1,2025-10-20,1,4,10,111,8,13628,True,False
7525,5523,1,2024-12-05,1,9,26,294,18,13630,True,False
7526,5524,1,2024-07-19,1,20,57,667,40,13632,True,False
7527,5524,1,2024-07-25,1,20,57,667,40,13633,True,False
7528,5525,1,2026-05-18,1,6,15,158,12,13636,True,False
7529,5525,1,2026-05-24,1,6,15,158,12,13637,True,False
7530,5526,1,2025-07-11,1,11,29,324,22,13638,True,False
7531,5526,1,2025-07-16,1,11,29,324,22,13639,True,False
7532,5526,1,2025-08-05,1,11,29,324,22,13641,True,False
7533,5527,1,2025-02-15,1,5,14,151,9,13642,True,False
7534,5527,1,2025-02-17,1,5,14,151,9,13643,True,False
7535,5531,2,2026-05-31,1,18,51,591,36,13652,True,True
7536,5531,1,2026-05-21,1,18,51,591,36,13653,True,False
7537,5531,1,2026-06-09,1,18,51,591,36,13654,True,False
7538,5532,2,2026-02-25,1,27,84,981,53,13656,True,False
7539,5532,2,2026-03-24,1,27,84,981,53,13657,True,False
7540,5533,1,2025-12-15,1,6,15,158,11,13659,True,False
7541,5534,1,2025-01-01,1,4,11,114,8,13660,True,False
7542,5534,1,2024-12-29,1,4,11,114,8,13661,True,False
7543,5535,2,2026-01-05,1,4,10,104,8,13662,True,False
7544,5536,1,2025-12-16,1,22,64,746,43,13664,True,False
7545,5539,1,2026-01-18,1,4,11,118,8,13669,True,False
7546,5540,1,2025-12-13,1,3,6,67,5,13670,True,False
7547,5542,1,2025-08-24,1,4,9,96,8,13672,True,False
7548,5543,1,2025-08-21,1,4,11,112,7,13674,True,False
7549,5544,1,2024-07-19,1,1,2,23,2,13679,True,False
7550,5545,1,2025-08-11,1,15,39,453,30,13682,True,False
7551,5546,1,2026-06-30,1,4,10,106,7,13684,True,False
7552,5546,1,2026-06-28,1,4,10,106,7,13685,True,True
7553,5546,1,2026-07-20,1,4,10,106,7,13686,True,False
7554,5547,2,2025-06-01,1,24,73,844,48,13688,True,False
7555,5548,1,2025-09-07,1,1,1,13,1,13689,True,False
7556,5549,2,2025-11-17,1,15,39,445,30,13690,True,True
7557,5550,1,2024-10-22,1,1,2,25,2,13691,True,False
7558,5551,2,2025-11-14,1,16,43,500,31,13693,True,False
7559,5552,1,2025-06-08,1,3,5,58,5,13694,True,False
7560,5553,1,2026-03-07,1,4,11,120,8,13700,True,False
7561,5555,1,2026-04-08,1,9,25,278,17,13703,True,False
7562,5555,1,2026-04-02,1,9,25,278,17,13704,True,False
7563,5556,1,2025-12-06,1,1,1,5,1,13706,True,False
7564,5556,1,2025-11-23,1,1,1,5,1,13707,True,False
7565,5556,1,2025-11-09,1,1,1,5,1,13708,True,False
7566,5557,1,2025-11-19,1,3,5,58,6,13709,True,False
7567,5557,1,2025-10-27,1,3,5,58,6,13710,True,False
7568,5557,2,2025-11-18,1,3,5,58,6,13711,True,False
7569,5560,2,2026-06-29,1,13,34,382,25,13716,True,True
7570,5560,1,2026-06-08,1,13,34,382,25,13718,True,False
7571,5561,2,2025-10-11,1,4,9,100,8,13719,True,False
7572,5563,1,2026-04-10,1,4,10,103,7,13723,True,False
7573,5564,2,2025-04-16,1,4,9,100,8,13726,True,False
7574,5564,1,2025-04-28,1,4,9,100,8,13727,True,False
7575,5565,2,2026-06-05,1,3,6,71,6,13728,True,False
7576,5566,2,2026-01-23,1,4,9,100,7,13730,True,False
7577,5566,1,2026-01-08,1,4,9,100,7,13732,True,False
7578,5567,1,2025-01-28,1,11,30,338,21,13733,True,False
7579,5567,1,2025-02-06,1,11,30,338,21,13734,True,False
7580,5567,1,2025-02-11,1,11,30,338,21,13735,True,False
7581,5567,1,2025-01-27,1,11,30,338,21,13736,True,False
7582,5568,1,2026-07-04,1,4,11,120,7,13738,True,False
7583,5569,1,2026-06-28,1,11,29,329,22,13740,True,False
7584,5569,1,2026-07-14,1,11,29,329,22,13741,True,False
7585,5571,1,2025-01-30,1,4,11,119,7,13743,True,False
7586,5571,1,2025-02-13,1,4,11,119,7,13744,True,False
7587,5572,1,2025-08-25,1,4,9,100,7,13746,True,False
7588,5572,1,2025-09-03,1,4,9,100,7,13747,True,False
7589,5572,1,2025-08-19,1,4,9,100,7,13748,True,False
7590,5573,1,2026-02-16,1,4,10,106,7,13751,True,False
7591,5573,1,2026-02-12,1,4,10,106,7,13752,True,False
7592,5574,1,2025-10-08,1,27,83,971,54,13753,True,False
7593,5574,1,2025-10-03,1,27,83,971,54,13754,True,False
7594,5574,2,2025-10-04,1,27,83,971,54,13755,True,False
7595,5576,2,2024-10-05,1,12,31,352,24,13760,True,False
7596,5576,2,2024-09-26,1,12,31,352,24,13761,True,False
7597,5577,1,2024-11-27,1,3,6,65,5,13764,True,False
7598,5577,1,2024-12-06,1,3,6,65,5,13765,True,False
7599,5578,1,2026-02-23,1,28,87,1016,55,13767,True,False
7600,5579,1,2025-10-07,1,19,54,627,37,13768,True,False
7601,5579,2,2025-09-14,1,19,54,627,37,13769,True,False
7602,5581,2,2025-11-03,1,16,42,486,31,13773,True,False
7603,5582,2,2026-05-31,1,4,11,116,7,13774,True,False
7604,5583,1,2025-06-11,1,3,8,90,5,13776,True,False
7605,5584,1,2026-03-01,1,6,16,178,11,13779,True,False
7606,5584,1,2026-03-19,1,6,16,178,11,13780,True,False
7607,5585,1,2026-07-23,1,18,50,575,35,13782,True,False
7608,5587,1,2025-06-18,1,25,78,915,49,13786,True,False
7609,5589,1,2026-01-12,1,4,9,95,7,13788,True,False
7610,5591,1,2026-07-16,1,16,41,474,31,13790,True,False
7611,5592,2,2025-12-31,1,6,17,189,11,13793,True,False
7612,5593,1,2026-05-21,1,23,66,771,45,13794,True,False
7613,5593,1,2026-05-24,1,23,66,771,45,13795,True,True
7614,5594,1,2025-01-25,1,4,10,106,7,13796,True,False
7615,5595,1,2025-06-08,1,4,11,118,7,13797,True,False
7616,5595,2,2025-07-04,1,4,11,118,7,13799,True,False
7617,5596,1,2025-01-05,1,4,11,118,7,13800,True,False
7618,5597,1,2025-04-06,1,22,63,731,44,13802,True,False
7619,5597,1,2025-03-19,1,22,63,731,44,13804,True,False
7620,5598,2,2026-06-21,1,4,10,102,8,13806,True,False
7621,5599,2,2025-05-24,1,23,66,769,46,13807,True,False
7622,5600,1,2025-11-22,1,4,10,111,7,13808,True,False
7623,5602,1,2026-05-09,1,4,9,98,7,13811,True,False
7624,5602,2,2026-05-01,1,4,9,98,7,13813,True,False
7625,5604,1,2025-12-11,1,26,80,931,52,13817,True,False
7626,5604,1,2025-11-30,1,26,80,931,52,13818,True,False
7627,5606,2,2024-09-22,1,17,48,553,33,13820,True,False
7628,5606,1,2024-09-25,1,17,48,553,33,13821,True,False
7629,5607,2,2026-05-29,1,4,10,104,7,13823,True,False
7630,5608,1,2026-03-21,1,4,11,120,8,13824,True,False
7631,5608,1,2026-03-10,1,4,11,120,8,13825,True,False
7632,5610,2,2025-07-27,1,4,11,120,7,13830,True,True
7633,5611,1,2024-09-11,1,3,7,82,6,13832,True,False
7634,5611,2,2024-08-26,1,3,7,82,6,13833,True,False
7635,5611,1,2024-09-14,1,3,7,82,6,13834,True,False
7636,5612,1,2026-02-11,1,4,11,112,7,13837,True,False
7637,5612,1,2026-02-10,1,4,11,112,7,13838,True,False
7638,5613,2,2026-05-18,1,5,13,140,9,13841,True,False
7639,5614,1,2025-11-11,1,25,76,885,50,13842,True,False
7640,5614,2,2025-11-11,1,25,76,885,50,13843,True,False
7641,5615,1,2025-09-21,1,5,12,126,9,13844,True,False
7642,5616,1,2026-06-29,1,27,84,973,53,13847,True,False
7643,5616,1,2026-06-22,1,27,84,973,53,13848,True,False
7644,5617,2,2025-12-30,1,4,11,115,8,13850,True,False
7645,5617,1,2025-12-28,1,4,11,115,8,13851,True,False
7646,5618,1,2026-05-14,1,4,10,111,7,13852,True,False
7647,5620,2,2026-05-14,1,4,11,114,8,13855,True,False
7648,5620,2,2026-05-17,1,4,11,114,8,13857,True,False
7649,5620,1,2026-05-20,1,4,11,114,8,13858,True,False
7650,5623,1,2025-08-28,1,2,4,44,4,13864,True,False
7651,5625,1,2025-12-25,1,29,90,1043,57,13866,True,False
7652,5625,1,2025-12-10,1,29,90,1043,57,13867,True,False
7653,5628,1,2024-12-10,1,4,11,116,8,13872,True,False
7654,5628,2,2024-12-04,1,4,11,116,8,13873,True,False
7655,5628,1,2024-11-23,1,4,11,116,8,13874,True,False
7656,5629,2,2025-06-11,1,4,10,104,8,13876,True,False
7657,5629,1,2025-05-24,1,4,10,104,8,13877,True,False
7658,5629,1,2025-06-02,1,4,10,104,8,13878,True,False
7659,5630,1,2026-06-26,1,26,81,945,52,13880,True,False
7660,5630,2,2026-06-24,1,26,81,945,52,13881,True,False
7661,5630,1,2026-07-02,1,26,81,945,52,13882,True,False
7662,5631,1,2025-07-20,1,26,81,945,52,13884,True,False
7663,5632,1,2025-02-22,1,26,81,951,52,13887,True,False
7664,5632,2,2025-03-09,1,26,81,951,52,13888,True,False
7665,5632,1,2025-02-25,1,26,81,951,52,13889,True,False
7666,5633,1,2026-04-20,1,20,59,689,39,13891,True,False
7667,5633,1,2026-05-01,1,20,59,689,39,13892,True,False
7668,5634,2,2024-12-06,1,5,14,155,10,13895,True,False
7669,5634,1,2024-12-03,1,5,14,155,10,13897,True,False
7670,5635,1,2026-03-19,1,4,9,93,7,13898,True,False
7671,5637,1,2024-11-30,1,11,30,341,21,13900,True,True
7672,5637,1,2024-11-23,1,11,30,341,21,13901,True,False
7673,5637,1,2024-12-02,1,11,30,341,21,13902,True,False
7674,5637,2,2024-11-20,1,11,30,341,21,13903,True,False
7675,5638,1,2024-09-07,1,4,10,109,8,13904,True,False
7676,5638,2,2024-09-12,1,4,10,109,8,13905,True,False
7677,5639,1,2026-03-29,1,1,2,24,2,13907,True,False
7678,5640,1,2025-02-07,1,29,90,1042,58,13910,True,False
7679,5640,1,2025-02-13,1,29,90,1042,58,13912,True,False
7680,5641,2,2025-11-11,1,4,9,95,8,13913,True,False
7681,5642,2,2024-10-27,1,18,51,592,36,13916,True,False
7682,5642,2,2024-10-16,1,18,51,592,36,13917,True,False
7683,5645,1,2025-02-21,1,19,52,608,38,13924,True,True
7684,5645,2,2025-02-15,1,19,52,608,38,13925,True,False
7685,5646,2,2026-02-15,1,4,11,116,8,13927,True,True
7686,5647,1,2026-03-17,1,23,66,771,45,13929,True,False
7687,5649,2,2025-04-30,1,12,31,351,23,13932,True,False
7688,5650,1,2025-06-01,1,3,6,73,6,13934,True,False
7689,5650,1,2025-06-03,1,3,6,73,6,13935,True,False
7690,5650,1,2025-05-30,1,3,6,73,6,13937,True,True
7691,5651,1,2026-07-01,1,4,11,113,7,13938,True,False
7692,5651,1,2026-07-01,1,4,11,113,7,13939,True,False
7693,5651,1,2026-06-23,1,4,11,113,7,13940,True,False
7694,5652,1,2025-03-11,1,1,1,5,1,13942,True,False
7695,5653,1,2026-07-04,1,27,84,980,53,13943,True,False
7696,5653,1,2026-06-28,1,27,84,980,53,13944,True,False
7697,5653,1,2026-07-12,1,27,84,980,53,13945,True,False
7698,5654,2,2026-07-14,1,4,11,113,8,13946,True,False
7699,5654,1,2026-06-23,1,4,11,113,8,13947,True,False
7700,5654,1,2026-07-03,1,4,11,113,8,13949,True,False
7701,5656,1,2025-09-08,1,5,14,150,9,13952,True,False
7702,5656,2,2025-09-23,1,5,14,150,9,13953,True,False
7703,5657,1,2025-12-18,1,4,11,119,8,13955,True,False
7704,5658,1,2025-03-26,1,15,39,452,30,13960,True,False
7705,5658,1,2025-03-28,1,15,39,452,30,13961,True,False
7706,5659,1,2024-09-04,1,1,1,1,1,13962,True,False
7707,5659,1,2024-09-17,1,1,1,1,1,13963,True,False
7708,5659,1,2024-09-06,1,1,1,1,1,13964,True,False
7709,5660,1,2026-07-02,1,16,41,475,31,13965,True,False
7710,5661,1,2026-05-08,1,4,11,116,7,13967,True,False
7711,5661,1,2026-04-16,1,4,11,116,7,13969,True,False
7712,5661,1,2026-04-23,1,4,11,116,7,13970,True,False
7713,5662,1,2025-05-19,1,1,2,23,1,13971,True,False
7714,5663,1,2026-03-11,1,23,66,767,46,13973,True,False
7715,5665,1,2026-04-16,1,4,11,113,8,13977,True,False
7716,5665,1,2026-04-24,1,4,11,113,8,13979,True,False
7717,5665,2,2026-04-18,1,4,11,113,8,13980,True,False
7718,5666,1,2025-07-27,1,24,71,831,47,13981,True,False
7719,5666,1,2025-08-07,1,24,71,831,47,13982,True,False
7720,5667,1,2026-04-12,1,4,9,101,8,13986,True,False
7721,5668,1,2026-03-02,1,17,46,528,34,13987,True,False
7722,5668,1,2026-03-06,1,17,46,528,34,13990,True,False
7723,5669,1,2024-09-17,1,4,11,116,8,13991,True,False
7724,5670,2,2026-03-30,1,4,9,100,8,13992,True,False
7725,5670,1,2026-04-18,1,4,9,100,8,13993,True,False
7726,5671,2,2025-10-15,1,5,13,140,10,13994,True,False
7727,5671,1,2025-10-18,1,5,13,140,10,13995,True,False
7728,5671,1,2025-10-01,1,5,13,140,10,13996,True,False
7729,5672,1,2025-01-29,1,20,60,697,39,13999,True,False
7730,5672,1,2025-02-21,1,20,60,697,39,14000,True,False
7731,5675,1,2024-09-22,1,3,8,90,5,14004,True,False
7732,5676,1,2026-01-12,1,4,9,98,8,14007,True,False
7733,5676,1,2026-01-13,1,4,9,98,8,14008,True,False
7734,5677,1,2025-08-04,1,16,42,483,32,14010,True,False
7735,5677,1,2025-07-31,1,16,42,483,32,14012,True,False
7736,5678,2,2026-01-15,1,4,11,117,8,14013,True,False
7737,5678,1,2026-01-08,1,4,11,117,8,14015,True,False
7738,5679,1,2026-02-10,1,18,50,573,36,14016,True,False
7739,5679,1,2026-01-27,1,18,50,573,36,14017,True,False
7740,5680,2,2024-08-18,1,21,61,707,42,14018,True,False
7741,5683,1,2025-04-10,1,24,74,863,48,14026,True,False
7742,5685,1,2024-08-29,1,4,9,95,8,14028,True,False
7743,5687,1,2024-12-21,1,4,11,115,8,14034,True,False
7744,5687,1,2024-12-23,1,4,11,115,8,14035,True,False
7745,5688,1,2025-11-19,1,3,7,82,5,14037,True,False
7746,5688,1,2025-11-21,1,3,7,82,5,14039,True,False
7747,5689,1,2025-06-15,1,4,9,94,7,14041,True,False
7748,5689,2,2025-06-22,1,4,9,94,7,14042,True,False
7749,5689,2,2025-06-24,1,4,9,94,7,14043,True,False
7750,5692,2,2026-04-15,1,4,9,95,7,14047,True,False
7751,5692,1,2026-04-10,1,4,9,95,7,14049,True,False
7752,5693,1,2024-11-23,1,1,2,26,1,14050,True,False
7753,5694,2,2026-06-22,1,3,7,79,5,14051,True,False
7754,5694,1,2026-07-15,1,3,7,79,5,14052,True,False
7755,5695,2,2026-07-12,1,29,89,1028,57,14053,True,False
7756,5695,2,2026-07-24,1,29,89,1028,57,14055,True,False
7757,5697,1,2026-01-22,1,9,23,256,17,14058,True,False
7758,5697,1,2026-01-24,1,9,23,256,17,14059,True,False
7759,5697,1,2026-01-06,1,9,23,256,17,14061,True,False
7760,5700,1,2026-07-16,1,4,10,103,8,14067,True,False
7761,5700,1,2026-07-25,1,4,10,103,8,14068,True,False
7762,5701,1,2025-08-05,1,4,11,113,8,14069,True,False
7763,5702,1,2026-01-15,1,13,35,397,25,14071,True,False
7764,5704,1,2024-09-25,1,5,14,151,10,14075,True,False
7765,5705,1,2024-12-30,1,4,10,109,7,14078,True,False
7766,5705,2,2024-12-19,1,4,10,109,7,14079,True,False
7767,5707,2,2025-10-18,1,5,13,137,9,14081,True,False
7768,5707,1,2025-11-06,1,5,13,137,9,14082,True,False
7769,5707,1,2025-10-19,1,5,13,137,9,14083,True,False
7770,5708,2,2026-05-04,1,4,10,103,8,14085,True,False
7771,5708,1,2026-05-27,1,4,10,103,8,14086,True,False
7772,5708,2,2026-05-03,1,4,10,103,8,14087,True,False
7773,5709,1,2025-02-09,1,29,89,1029,58,14088,True,False
7774,5709,1,2025-02-26,1,29,89,1029,58,14089,True,False
7775,5711,1,2025-08-10,1,4,11,120,7,14093,True,False
7776,5711,1,2025-08-07,1,4,11,120,7,14094,True,False
7777,5712,2,2026-05-14,1,6,16,176,11,14095,True,False
7778,5712,1,2026-05-08,1,6,16,176,11,14096,True,False
7779,5713,2,2024-08-04,1,4,11,113,8,14097,True,False
7780,5714,1,2024-08-22,1,3,8,87,6,14098,True,False
7781,5715,2,2024-08-09,1,30,91,1057,59,14099,True,False
7782,5716,1,2025-12-15,1,24,71,824,47,14100,True,False
7783,5717,2,2025-06-21,1,24,74,860,48,14103,True,False
7784,5717,2,2025-06-27,1,24,74,860,48,14104,True,False
7785,5718,1,2026-02-12,1,4,11,114,8,14107,True,False
7786,5719,1,2026-05-03,1,4,11,118,8,14108,True,False
7787,5719,1,2026-04-10,1,4,11,118,8,14109,True,False
7788,5720,1,2025-02-25,1,26,80,933,51,14110,True,False
7789,5720,1,2025-03-10,1,26,80,933,51,14111,True,False
7790,5720,2,2025-02-12,1,26,80,933,51,14112,True,False
7791,5721,2,2025-07-06,1,2,3,39,4,14114,True,False
7792,5722,1,2025-06-15,1,11,30,332,21,14115,True,False
7793,5722,1,2025-06-09,1,11,30,332,21,14116,True,False
7794,5722,1,2025-06-02,1,11,30,332,21,14117,True,False
7795,5723,1,2024-08-26,1,25,76,884,49,14118,True,False
7796,5724,1,2026-05-07,1,4,9,97,8,14120,True,False
7797,5725,1,2026-01-01,1,4,10,102,8,14122,True,False
7798,5726,2,2025-07-24,1,6,16,171,12,14123,True,False
7799,5727,1,2026-04-08,1,3,8,87,5,14127,True,False
7800,5727,1,2026-03-31,1,3,8,87,5,14128,True,False
7801,5727,1,2026-04-03,1,3,8,87,5,14129,True,False
7802,5730,1,2024-10-14,1,4,9,99,7,14134,True,False
7803,5730,1,2024-10-13,1,4,9,99,7,14135,True,False
7804,5731,2,2025-12-01,1,1,2,26,2,14136,True,False
7805,5731,1,2025-11-30,1,1,2,26,2,14137,True,False
7806,5732,1,2026-04-18,1,10,27,298,19,14139,True,False
7807,5733,1,2026-04-30,1,8,20,228,16,14141,True,False
7808,5733,2,2026-04-07,1,8,20,228,16,14143,True,False
7809,5734,1,2026-05-07,1,17,47,534,34,14146,True,False
7810,5734,1,2026-05-24,1,17,47,534,34,14147,True,False
7811,5735,1,2026-03-31,1,4,11,117,8,14148,True,False
7812,5735,1,2026-03-22,1,4,11,117,8,14150,True,False
7813,5736,1,2026-02-19,1,28,86,1004,55,14151,True,False
7814,5736,1,2026-03-03,1,28,86,1004,55,14152,True,False
7815,5737,1,2026-03-29,1,17,48,550,33,14155,True,False
7816,5737,1,2026-03-01,1,17,48,550,33,14157,True,False
7817,5739,1,2026-01-21,1,29,90,1043,57,14160,True,False
7818,5740,1,2025-09-06,1,3,7,79,6,14164,True,False
7819,5741,1,2025-08-15,1,14,36,416,28,14165,True,False
7820,5743,2,2025-09-19,1,18,51,592,35,14167,True,False
7821,5743,1,2025-10-04,1,18,51,592,35,14168,True,False
7822,5744,1,2024-12-11,1,26,81,944,51,14172,True,False
7823,5745,1,2024-09-21,1,1,1,9,1,14173,True,False
7824,5745,1,2024-09-13,1,1,1,9,1,14175,True,False
7825,5745,1,2024-09-25,1,1,1,9,1,14176,True,False
7826,5746,1,2026-02-01,1,3,7,76,6,14177,True,False
7827,5749,1,2024-09-24,1,4,10,105,7,14182,True,False
7828,5751,1,2026-03-06,1,18,50,578,35,14184,True,False
7829,5752,1,2026-06-26,1,2,3,36,3,14186,True,False
7830,5752,1,2026-06-27,1,2,3,36,3,14187,True,False
7831,5753,1,2026-07-02,1,4,11,116,8,14188,True,False
7832,5753,1,2026-06-16,1,4,11,116,8,14189,True,False
7833,5753,1,2026-07-11,1,4,11,116,8,14190,True,False
7834,5754,1,2024-11-04,1,1,2,15,1,14192,True,False
7835,5754,1,2024-10-26,1,1,2,15,1,14193,True,False
7836,5755,1,2025-09-09,1,2,3,34,3,14196,True,False
7837,5755,1,2025-09-01,1,2,3,34,3,14197,True,False
7838,5757,1,2025-05-26,1,4,11,119,8,14202,True,False
7839,5758,1,2026-01-02,1,4,9,96,7,14205,True,False
7840,5759,1,2025-05-12,1,22,64,749,44,14206,True,False
7841,5759,1,2025-05-04,1,22,64,749,44,14207,True,False
7842,5760,1,2025-04-06,1,29,90,1040,57,14208,True,False
7843,5760,1,2025-04-01,1,29,90,1040,57,14209,True,False
7844,5761,1,2025-05-10,1,15,39,448,29,14210,True,False
7845,5761,2,2025-04-27,1,15,39,448,29,14211,True,False
7846,5761,1,2025-04-24,1,15,39,448,29,14212,True,False
7847,5762,1,2025-09-28,1,4,9,100,8,14213,True,False
7848,5762,1,2025-10-02,1,4,9,100,8,14214,True,False
7849,5762,1,2025-10-07,1,4,9,100,8,14215,True,False
7850,5763,1,2026-05-20,1,4,10,108,7,14216,True,False
7851,5765,1,2025-10-21,1,9,22,243,18,14219,True,False
7852,5767,1,2026-01-19,1,20,57,666,40,14222,True,False
7853,5768,1,2024-12-29,1,1,1,8,2,14228,True,False
7854,5769,1,2025-03-16,1,25,77,894,50,14229,True,False
7855,5770,1,2025-08-23,1,4,9,93,7,14230,True,False
7856,5770,1,2025-09-11,1,4,9,93,7,14232,True,False
7857,5771,1,2026-06-07,1,11,29,329,22,14234,True,False
7858,5772,1,2025-03-01,1,3,8,87,5,14237,True,False
7859,5773,2,2026-03-01,1,4,10,103,8,14241,True,False
7860,5773,1,2026-02-26,1,4,10,103,8,14242,True,False
7861,5774,1,2025-01-12,1,2,4,44,3,14243,True,False
7862,5774,2,2025-02-01,1,2,4,44,3,14244,True,False
7863,5775,1,2025-09-16,1,3,6,67,5,14247,True,False
7864,5776,1,2025-09-09,1,27,82,956,53,14249,True,False
7865,5778,1,2026-06-18,1,4,10,106,8,14254,True,False
7866,5779,1,2025-09-10,1,7,18,197,14,14255,True,False
7867,5780,2,2025-03-30,1,4,10,108,7,14257,True,False
7868,5780,1,2025-04-17,1,4,10,108,7,14259,True,False
7869,5781,1,2025-07-27,1,4,10,106,8,14260,True,False
7870,5781,1,2025-07-28,1,4,10,106,8,14261,True,False
7871,5782,1,2026-05-22,1,4,9,96,7,14265,True,False
7872,5782,1,2026-04-30,1,4,9,96,7,14266,True,False
7873,5784,2,2024-08-10,1,20,58,674,40,14272,True,False
7874,5785,1,2025-09-22,1,17,46,530,33,14274,True,False
7875,5785,1,2025-10-01,1,17,46,530,33,14275,True,False
7876,5785,1,2025-10-12,1,17,46,530,33,14276,True,False
7877,5786,1,2024-11-14,1,9,23,253,18,14277,True,False
7878,5787,1,2025-11-08,1,29,89,1033,57,14278,True,False
7879,5788,2,2024-10-09,1,5,14,149,9,14279,True,False
7880,5789,2,2025-05-22,1,3,8,86,5,14280,True,False
7881,5789,1,2025-05-09,1,3,8,86,5,14281,True,False
7882,5796,1,2026-06-19,1,4,10,108,8,14290,True,False
7883,5796,1,2026-05-27,1,4,10,108,8,14291,True,False
7884,5797,1,2026-04-04,1,8,20,223,15,14293,True,False
7885,5798,1,2024-11-09,1,4,9,100,8,14294,True,False
7886,5799,1,2025-12-10,1,19,56,649,37,14295,True,False
7887,5799,1,2025-12-18,1,19,56,649,37,14297,True,False
7888,5799,1,2026-01-04,1,19,56,649,37,14298,True,False
7889,5800,2,2026-01-24,1,4,11,114,8,14299,True,False
7890,5801,1,2026-06-12,1,27,84,981,53,14302,True,False
7891,5801,2,2026-07-06,1,27,84,981,53,14303,True,False
7892,5801,1,2026-06-26,1,27,84,981,53,14304,True,False
7893,5801,2,2026-06-30,1,27,84,981,53,14305,True,False
7894,5802,1,2026-05-15,1,4,11,116,8,14306,True,False
7895,5802,1,2026-05-08,1,4,11,116,8,14308,True,False
7896,5804,1,2024-12-21,1,4,9,98,7,14311,True,False
7897,5804,1,2024-12-27,1,4,9,98,7,14314,True,False
7898,5805,1,2026-06-13,1,4,10,108,8,14316,True,False
7899,5805,1,2026-06-15,1,4,10,108,8,14317,True,False
7900,5807,1,2026-04-24,1,4,9,97,8,14320,True,False
7901,5807,1,2026-04-01,1,4,9,97,8,14321,True,False
7902,5808,2,2024-08-10,1,1,1,3,2,14323,True,False
7903,5808,1,2024-08-11,1,1,1,3,2,14325,True,False
7904,5809,1,2026-06-27,1,4,10,111,8,14326,True,False
7905,5809,1,2026-06-30,1,4,10,111,8,14327,True,False
7906,5810,1,2026-06-12,1,24,72,839,48,14328,True,False
7907,5810,1,2026-07-06,1,24,72,839,48,14329,True,False
7908,5811,1,2026-07-02,1,4,11,112,8,14331,True,False
7909,5813,1,2025-01-25,1,1,1,12,1,14334,True,False
7910,5813,1,2025-01-08,1,1,1,12,1,14335,True,False
7911,5814,1,2025-03-16,1,12,32,364,24,14337,True,False
7912,5814,1,2025-03-05,1,12,32,364,24,14338,True,False
7913,5815,1,2025-12-31,1,10,27,297,19,14339,True,False
7914,5816,1,2026-03-04,1,4,11,117,8,14341,True,False
7915,5817,2,2025-07-20,1,4,9,101,8,14343,True,False
7916,5817,2,2025-06-24,1,4,9,101,8,14346,True,False
7917,5818,1,2026-05-14,1,16,41,471,32,14347,True,False
7918,5818,1,2026-04-23,1,16,41,471,32,14348,True,True
7919,5818,1,2026-04-29,1,16,41,471,32,14349,True,False
7920,5819,1,2026-05-21,1,24,74,859,48,14354,True,False
7921,5821,1,2024-08-14,1,2,4,48,4,14356,True,False
7922,5821,1,2024-08-13,1,2,4,48,4,14357,True,False
7923,5824,1,2025-01-26,1,2,4,50,4,14361,True,False
7924,5824,1,2025-01-23,1,2,4,50,4,14362,True,False
7925,5824,1,2025-02-09,1,2,4,50,4,14363,True,True
7926,5825,1,2025-11-08,1,7,18,197,13,14365,True,False
7927,5826,1,2026-04-15,1,4,10,110,8,14366,True,False
7928,5829,1,2025-12-15,1,10,27,296,20,14371,True,False
7929,5830,1,2024-08-01,1,4,9,96,7,14373,True,False
7930,5831,1,2025-12-26,1,26,80,937,51,14374,True,False
7931,5831,1,2025-12-20,1,26,80,937,51,14375,True,False
7932,5832,2,2025-01-26,1,15,40,458,30,14377,True,False
7933,5832,1,2025-01-29,1,15,40,458,30,14378,True,False
7934,5833,1,2024-08-07,1,22,65,760,44,14379,True,False
7935,5833,1,2024-08-05,1,22,65,760,44,14380,True,False
7936,5834,1,2026-05-27,1,11,29,321,21,14382,True,False
7937,5834,2,2026-05-23,1,11,29,321,21,14384,True,False
7938,5835,2,2024-09-09,1,4,11,118,7,14387,True,False
7939,5836,2,2024-07-22,1,30,91,1055,60,14388,True,False
7940,5838,1,2024-08-19,1,3,5,58,6,14392,True,False
7941,5838,1,2024-08-20,1,3,5,58,6,14393,True,False
7942,5839,1,2026-05-05,1,8,20,226,16,14394,True,False
7943,5839,1,2026-04-29,1,8,20,226,16,14395,True,False
7944,5839,1,2026-04-19,1,8,20,226,16,14397,True,False
7945,5840,2,2026-06-03,1,4,11,115,7,14398,True,False
7946,5840,2,2026-06-01,1,4,11,115,7,14399,True,False
7947,5840,2,2026-06-24,1,4,11,115,7,14400,True,True
7948,5841,1,2025-06-01,1,21,62,719,41,14402,True,False
7949,5842,1,2024-12-12,1,30,92,1068,60,14403,True,False
7950,5845,1,2026-05-08,1,17,44,511,33,14410,True,False
7951,5845,1,2026-05-23,1,17,44,511,33,14411,True,False
7952,5845,1,2026-05-27,1,17,44,511,33,14412,True,False
7953,5845,1,2026-06-01,1,17,44,511,33,14413,True,False
7954,5846,2,2026-04-19,1,12,31,355,23,14415,True,False
7955,5846,1,2026-04-08,1,12,31,355,23,14416,True,False
7956,5847,1,2025-05-15,1,16,41,472,32,14418,True,False
7957,5848,2,2025-05-30,1,4,9,97,8,14419,True,False
7958,5848,1,2025-06-23,1,4,9,97,8,14420,True,False
7959,5850,1,2026-06-10,1,4,11,117,8,14424,True,False
7960,5851,2,2026-05-27,1,4,11,119,8,14426,True,False
7961,5852,1,2025-08-21,1,4,9,99,8,14429,True,False
7962,5853,1,2024-09-06,1,24,71,830,48,14431,True,False
7963,5853,1,2024-09-28,1,24,71,830,48,14432,True,False
7964,5854,1,2025-08-23,1,30,91,1053,59,14433,True,False
7965,5854,1,2025-08-29,1,30,91,1053,59,14435,True,False
7966,5854,1,2025-08-25,1,30,91,1053,59,14436,True,True
7967,5855,1,2024-09-15,1,2,4,41,4,14438,True,False
7968,5856,1,2025-02-22,1,27,84,975,54,14440,True,False
7969,5856,1,2025-03-21,1,27,84,975,54,14441,True,False
7970,5857,1,2026-07-23,1,4,11,117,7,14443,True,False
7971,5857,1,2026-07-16,1,4,11,117,7,14444,True,False
7972,5858,1,2026-03-30,1,25,75,876,49,14445,True,False
7973,5858,1,2026-04-07,1,25,75,876,49,14446,True,False
7974,5858,1,2026-04-03,1,25,75,876,49,14447,True,False
7975,5858,1,2026-03-13,1,25,75,876,49,14448,True,False
7976,5859,2,2026-05-26,1,23,70,820,46,14449,True,False
7977,5860,1,2024-12-16,1,29,89,1037,57,14450,True,False
7978,5860,1,2024-11-25,1,29,89,1037,57,14451,True,False
7979,5861,2,2025-02-15,1,24,72,840,48,14453,True,False
7980,5861,1,2025-03-09,1,24,72,840,48,14454,True,False
7981,5861,1,2025-02-11,1,24,72,840,48,14455,True,False
7982,5862,1,2025-09-01,1,1,1,3,2,14457,True,False
7983,5862,1,2025-09-30,1,1,1,3,2,14458,True,False
7984,5862,1,2025-09-12,1,1,1,3,2,14459,True,False
7985,5863,1,2025-05-02,1,1,1,9,2,14460,True,False
7986,5863,1,2025-05-03,1,1,1,9,2,14461,True,False
7987,5863,1,2025-04-25,1,1,1,9,2,14462,True,False
7988,5863,1,2025-05-08,1,1,1,9,2,14463,True,False
7989,5865,1,2025-06-08,1,12,31,354,23,14468,True,False
7990,5865,1,2025-06-11,1,12,31,354,23,14469,True,False
7991,5866,1,2026-04-26,1,4,11,117,8,14471,True,False
7992,5866,1,2026-05-10,1,4,11,117,8,14473,True,False
7993,5867,2,2025-07-20,1,11,29,323,21,14475,True,False
7994,5868,2,2025-04-29,1,4,11,119,8,14477,True,False
7995,5869,1,2025-07-10,1,23,70,816,45,14478,True,False
7996,5870,1,2026-05-30,1,4,11,114,7,14480,True,False
7997,5870,1,2026-06-10,1,4,11,114,7,14482,True,False
7998,5870,2,2026-06-01,1,4,11,114,7,14483,True,False
7999,5872,1,2025-03-17,1,19,52,597,37,14487,True,False
8000,5875,1,2026-03-11,1,18,51,596,35,14491,True,False
8001,5876,1,2025-12-29,1,15,40,458,29,14492,True,False
8002,5876,1,2025-12-24,1,15,40,458,29,14493,True,False
8003,5876,1,2026-01-13,1,15,40,458,29,14494,True,False
8004,5877,1,2024-09-02,1,3,5,54,5,14496,True,False
8005,5877,2,2024-08-29,1,3,5,54,5,14499,True,False
8006,5878,1,2025-07-24,1,4,11,119,7,14501,True,False
8007,5878,1,2025-07-27,1,4,11,119,7,14502,True,False
8008,5879,2,2025-03-28,1,1,1,4,2,14505,True,False
8009,5879,1,2025-03-08,1,1,1,4,2,14506,True,True
8010,5880,1,2026-07-15,1,1,1,14,2,14507,True,False
8011,5880,2,2026-07-06,1,1,1,14,2,14509,True,False
8012,5881,1,2026-03-13,1,23,67,777,45,14510,True,False
8013,5881,1,2026-03-29,1,23,67,777,45,14512,True,False
8014,5882,1,2026-05-06,1,4,10,104,8,14514,True,False
8015,5882,1,2026-04-23,1,4,10,104,8,14515,True,False
8016,5882,1,2026-05-05,1,4,10,104,8,14516,True,False
8017,5886,1,2025-11-19,1,17,45,525,33,14520,True,False
8018,5887,1,2024-12-20,1,18,50,572,36,14521,True,False
8019,5891,1,2025-12-20,1,20,58,680,39,14528,True,False
8020,5891,1,2025-12-30,1,20,58,680,39,14529,True,False
8021,5892,1,2024-11-27,1,25,76,887,49,14530,True,False
8022,5893,1,2025-09-16,1,15,39,450,30,14531,True,False
8023,5893,1,2025-09-22,1,15,39,450,30,14532,True,False
8024,5894,1,2026-01-14,1,4,9,99,7,14533,True,False
8025,5895,2,2025-06-06,1,5,12,122,9,14536,True,True
8026,5895,1,2025-06-06,1,5,12,122,9,14537,True,False
8027,5897,1,2026-04-04,1,1,1,6,1,14542,True,False
8028,5898,2,2026-05-16,1,20,60,704,40,14544,True,False
8029,5898,1,2026-05-23,1,20,60,704,40,14545,True,False
8030,5898,1,2026-05-21,1,20,60,704,40,14546,True,False
8031,5899,1,2024-08-09,1,1,2,24,1,14547,True,True
8032,5899,1,2024-08-19,1,1,2,24,1,14548,True,False
8033,5899,2,2024-08-16,1,1,2,24,1,14549,True,False
8034,5899,2,2024-08-22,1,1,2,24,1,14550,True,True
8035,5901,1,2025-12-04,1,6,16,176,12,14553,True,False
8036,5902,1,2026-07-12,1,9,22,244,17,14554,True,False
8037,5903,1,2026-04-25,1,4,11,113,8,14555,True,False
8038,5904,1,2025-07-14,1,3,7,78,6,14559,True,False
8039,5905,1,2026-04-07,1,4,9,96,8,14561,True,False
8040,5906,1,2025-02-15,1,5,14,149,9,14565,True,False
8041,5906,1,2025-02-01,1,5,14,149,9,14566,True,False
8042,5908,1,2026-06-21,1,16,43,494,31,14569,True,False
8043,5908,2,2026-06-11,1,16,43,494,31,14570,True,False
8044,5909,1,2025-06-08,1,11,30,334,21,14571,True,False
8045,5911,2,2024-08-15,1,26,80,942,52,14574,True,False
8046,5911,1,2024-08-05,1,26,80,942,52,14575,True,False
8047,5912,1,2025-02-21,1,7,18,198,13,14578,True,False
8048,5912,1,2025-03-02,1,7,18,198,13,14579,True,False
8049,5912,1,2025-02-03,1,7,18,198,13,14580,True,False
8050,5913,1,2025-12-14,1,14,37,424,27,14581,True,False
8051,5914,1,2026-03-23,1,17,45,523,34,14584,True,False
8052,5916,1,2025-07-20,1,13,35,398,25,14586,True,False
8053,5917,2,2025-10-08,1,1,2,24,1,14588,True,False
8054,5919,2,2025-05-30,1,6,16,167,11,14590,True,False
8055,5919,1,2025-05-22,1,6,16,167,11,14591,True,True
8056,5919,1,2025-05-19,1,6,16,167,11,14592,True,False
8057,5919,2,2025-05-05,1,6,16,167,11,14593,True,False
8058,5920,1,2026-02-12,1,1,2,17,1,14594,True,False
8059,5921,1,2026-07-12,1,19,54,627,38,14595,True,False
8060,5922,2,2024-10-08,1,4,10,105,7,14596,True,False
8061,5923,1,2024-07-13,1,3,5,59,5,14599,True,False
8062,5924,2,2025-02-21,1,3,8,85,6,14600,True,False
8063,5924,1,2025-02-02,1,3,8,85,6,14602,True,False
8064,5925,1,2026-06-29,1,14,37,424,27,14605,True,False
8065,5926,1,2025-04-17,1,4,11,116,7,14606,True,False
8066,5926,1,2025-05-01,1,4,11,116,7,14607,True,False
8067,5927,1,2025-10-20,1,23,68,785,45,14609,True,False
8068,5928,1,2026-04-17,1,13,35,394,26,14610,True,False
8069,5928,1,2026-04-10,1,13,35,394,26,14612,True,False
8070,5928,1,2026-04-12,1,13,35,394,26,14613,True,False
8071,5929,2,2026-04-12,1,9,26,286,17,14614,True,False
8072,5930,1,2026-01-27,1,29,89,1033,57,14619,True,False
8073,5932,1,2026-03-15,1,18,50,580,36,14623,True,False
8074,5934,1,2025-12-11,1,4,11,116,7,14628,True,False
8075,5935,2,2025-02-09,1,4,10,102,7,14631,True,False
8076,5935,1,2025-02-06,1,4,10,102,7,14632,True,False
8077,5936,1,2025-07-21,1,14,36,408,28,14633,True,False
8078,5937,2,2026-03-11,1,18,50,571,36,14634,True,False
8079,5937,2,2026-03-20,1,18,50,571,36,14635,True,False
8080,5937,2,2026-03-08,1,18,50,571,36,14636,True,False
8081,5939,1,2025-11-07,1,8,21,237,16,14638,True,False
8082,5940,1,2024-09-01,1,4,11,116,8,14640,True,False
8083,5940,1,2024-09-08,1,4,11,116,8,14642,True,False
8084,5941,1,2026-01-23,1,4,9,95,7,14644,True,False
8085,5941,1,2026-01-23,1,4,9,95,7,14646,True,False
8086,5942,2,2024-07-29,1,4,10,103,8,14647,True,False
8087,5942,1,2024-07-24,1,4,10,103,8,14649,True,False
8088,5942,2,2024-08-02,1,4,10,103,8,14650,True,False
8089,5943,1,2026-06-07,1,13,35,399,25,14651,True,False
8090,5943,1,2026-06-11,1,13,35,399,25,14652,True,False
8091,5944,1,2025-10-30,1,29,90,1042,58,14656,True,False
8092,5946,1,2025-04-29,1,24,73,853,47,14659,True,False
8093,5947,1,2025-11-15,1,4,10,109,7,14662,True,False
8094,5948,1,2026-05-14,1,4,11,117,7,14664,True,False
8095,5948,1,2026-05-14,1,4,11,117,7,14665,True,False
8096,5948,1,2026-05-23,1,4,11,117,7,14666,True,False
8097,5949,1,2025-08-01,1,26,81,950,51,14668,True,False
8098,5949,1,2025-08-05,1,26,81,950,51,14669,True,False
8099,5950,1,2025-01-23,1,4,11,112,8,14670,True,False
8100,5950,1,2025-01-16,1,4,11,112,8,14671,True,False
8101,5952,1,2025-07-08,1,13,35,390,26,14675,True,False
8102,5955,2,2025-02-19,1,14,37,422,28,14681,True,False
8103,5956,1,2025-11-20,1,4,11,113,7,14683,True,False
8104,5956,1,2025-12-05,1,4,11,113,7,14685,True,False
8105,5958,1,2024-11-14,1,4,11,112,8,14687,True,False
8106,5958,1,2024-10-29,1,4,11,112,8,14689,True,False
8107,5960,1,2026-03-30,1,12,32,362,24,14694,True,True
8108,5961,2,2025-03-03,1,17,48,553,34,14696,True,False
8109,5961,2,2025-03-11,1,17,48,553,34,14697,True,False
8110,5962,2,2026-03-15,1,30,91,1057,59,14700,True,False
8111,5962,1,2026-03-05,1,30,91,1057,59,14701,True,False
8112,5963,2,2024-10-05,1,6,17,183,11,14703,True,True
8113,5964,1,2025-07-22,1,11,30,340,21,14704,True,False
8114,5965,1,2025-05-13,1,7,18,204,14,14706,True,True
8115,5966,2,2024-12-15,1,15,39,446,29,14707,True,False
8116,5967,1,2024-09-19,1,22,63,736,43,14708,True,False
8117,5968,1,2024-11-24,1,20,58,678,40,14711,True,False
8118,5969,1,2025-08-01,1,28,86,1003,56,14713,True,False
8119,5970,1,2025-11-04,1,4,10,104,7,14715,True,False
8120,5971,1,2025-04-15,1,3,5,55,5,14716,True,False
8121,5971,1,2025-04-16,1,3,5,55,5,14717,True,False
8122,5972,1,2026-04-06,1,19,54,630,37,14718,True,False
8123,5972,1,2026-04-10,1,19,54,630,37,14720,True,False
8124,5972,1,2026-04-11,1,19,54,630,37,14721,True,False
8125,5973,1,2026-01-29,1,28,88,1025,56,14722,True,False
8126,5973,1,2026-01-21,1,28,88,1025,56,14723,True,False
8127,5974,1,2026-04-03,1,4,11,112,8,14725,True,False
8128,5975,1,2026-05-12,1,4,11,118,8,14726,True,False
8129,5975,1,2026-05-14,1,4,11,118,8,14727,True,False
8130,5976,1,2025-05-25,1,29,90,1045,57,14728,True,False
8131,5977,1,2026-05-14,1,29,90,1046,58,14731,True,False
8132,5979,1,2026-07-12,1,7,19,212,13,14734,True,False
8133,5981,1,2025-11-11,1,4,10,110,7,14736,True,False
8134,5982,1,2025-11-13,1,1,1,13,1,14737,True,False
8135,5983,1,2026-04-23,1,29,90,1038,58,14739,True,False
8136,5984,2,2026-07-08,1,5,13,136,10,14740,True,False
8137,5984,1,2026-06-22,1,5,13,136,10,14743,True,False
8138,5985,1,2026-02-21,1,22,65,751,43,14745,True,False
8139,5986,1,2026-05-15,1,4,11,114,7,14749,True,False
8140,5987,1,2025-08-17,1,8,20,227,15,14750,True,False
8141,5987,1,2025-09-04,1,8,20,227,15,14752,True,False
8142,5988,1,2026-06-26,1,4,11,118,8,14753,True,False
8143,5988,1,2026-07-03,1,4,11,118,8,14756,True,False
8144,5990,2,2024-10-07,1,18,49,562,35,14762,True,False
8145,5991,1,2024-11-21,1,16,42,483,31,14763,True,False
8146,5992,1,2025-05-09,1,4,10,111,7,14765,True,False
8147,5992,1,2025-04-10,1,4,10,111,7,14766,True,False
8148,5993,1,2024-10-04,1,12,32,363,24,14767,True,False
8149,5994,2,2026-05-31,1,1,2,25,2,14768,True,False
8150,5994,1,2026-05-30,1,1,2,25,2,14769,True,False
8151,5994,1,2026-06-13,1,1,2,25,2,14770,True,False
8152,5995,2,2025-05-25,1,19,55,640,37,14772,True,False
8153,5995,1,2025-06-01,1,19,55,640,37,14773,True,False
8154,5996,1,2025-04-23,1,13,35,398,25,14775,True,False
8155,5997,1,2024-09-07,1,2,4,47,4,14777,True,False
8156,5997,1,2024-09-08,1,2,4,47,4,14778,True,False
8157,5998,1,2026-07-09,1,22,65,763,43,14779,True,False
8158,5999,2,2026-02-25,1,4,11,117,8,14780,True,False
8159,6000,1,2026-03-29,1,11,30,338,22,14781,True,False
8160,6000,1,2026-03-29,1,11,30,338,22,14782,True,False
8161,6001,1,2026-03-14,1,1,2,28,2,14783,True,False
8162,6001,1,2026-03-23,1,1,2,28,2,14785,True,False
8163,6002,1,2025-04-07,1,25,76,890,49,14786,True,False
8164,6002,1,2025-04-24,1,25,76,890,49,14788,True,False
8165,6003,1,2025-10-14,1,23,70,810,45,14789,True,False
8166,6004,1,2025-03-15,1,23,70,818,45,14791,True,False
8167,6006,1,2026-07-21,1,22,64,740,43,14794,True,False
8168,6008,1,2026-05-19,1,4,11,114,8,14797,True,False
8169,6008,2,2026-06-17,1,4,11,114,8,14798,True,False
8170,6008,1,2026-06-02,1,4,11,114,8,14799,True,False
8171,6009,1,2025-04-08,1,25,76,886,50,14800,True,False
8172,6010,1,2026-04-26,1,4,11,119,8,14801,True,False
8173,6011,1,2024-12-26,1,26,79,923,51,14804,True,False
8174,6011,1,2024-12-14,1,26,79,923,51,14805,True,False
8175,6012,1,2024-10-30,1,20,58,672,39,14806,True,False
8176,6012,1,2024-11-10,1,20,58,672,39,14807,True,False
8177,6012,1,2024-11-17,1,20,58,672,39,14808,True,False
8178,6013,1,2025-07-08,1,1,1,1,2,14809,True,False
8179,6013,2,2025-06-24,1,1,1,1,2,14811,True,False
8180,6015,1,2025-12-05,1,4,9,99,7,14815,True,False
8181,6016,1,2025-03-22,1,4,11,112,7,14818,True,False
8182,6016,1,2025-04-02,1,4,11,112,7,14819,True,False
8183,6016,2,2025-04-05,1,4,11,112,7,14820,True,False
8184,6017,1,2025-05-21,1,17,45,523,34,14824,True,False
8185,6019,2,2025-06-03,1,4,11,120,7,14826,True,False
8186,6020,1,2024-11-21,1,10,27,296,20,14827,True,False
8187,6021,2,2025-04-30,1,5,14,144,9,14828,True,False
8188,6022,1,2024-10-29,1,24,73,844,47,14829,True,False
8189,6023,1,2025-08-20,1,4,10,107,8,14830,True,False
8190,6023,1,2025-08-22,1,4,10,107,8,14832,True,False
8191,6023,1,2025-08-09,1,4,10,107,8,14833,True,False
8192,6024,1,2024-10-10,1,16,43,494,32,14836,True,False
8193,6025,1,2025-09-06,1,3,8,91,6,14838,True,False
8194,6026,1,2025-12-01,1,4,11,115,8,14839,True,False
8195,6026,1,2025-12-14,1,4,11,115,8,14840,True,False
8196,6026,2,2025-11-25,1,4,11,115,8,14842,True,False
8197,6027,2,2026-02-16,1,4,11,115,7,14843,True,False
8198,6028,1,2026-01-01,1,12,31,359,23,14844,True,False
8199,6029,1,2025-07-10,1,11,30,335,22,14845,True,False
8200,6029,1,2025-06-25,1,11,30,335,22,14846,True,False
8201,6030,1,2024-11-01,1,23,69,801,46,14847,True,False
8202,6031,1,2025-01-11,1,8,21,235,16,14848,True,False
8203,6031,1,2025-01-17,1,8,21,235,16,14850,True,False
8204,6032,1,2024-10-30,1,4,11,118,8,14851,True,False
8205,6032,2,2024-10-18,1,4,11,118,8,14852,True,False
8206,6032,1,2024-11-10,1,4,11,118,8,14853,True,False
8207,6033,1,2026-03-05,1,4,9,97,8,14854,True,False
8208,6035,1,2026-07-02,1,4,10,108,7,14856,True,True
8209,6035,1,2026-07-14,1,4,10,108,7,14857,True,False
8210,6036,1,2024-11-02,1,18,50,577,36,14859,True,False
8211,6036,1,2024-11-06,1,18,50,577,36,14862,True,False
8212,6037,1,2025-01-14,1,15,40,464,30,14863,True,False
8213,6037,2,2025-01-14,1,15,40,464,30,14866,True,False
8214,6040,2,2025-02-27,1,21,61,708,41,14873,True,False
8215,6042,2,2025-07-01,1,2,4,45,3,14877,True,False
8216,6042,1,2025-06-20,1,2,4,45,3,14878,True,False
8217,6043,1,2025-01-24,1,4,10,107,7,14880,True,False
8218,6044,1,2026-02-08,1,4,11,117,7,14883,True,False
8219,6046,1,2025-05-22,1,2,3,33,4,14888,True,False
8220,6046,2,2025-06-03,1,2,3,33,4,14889,True,False
8221,6047,1,2026-05-11,1,4,9,93,7,14893,True,False
8222,6048,1,2026-06-07,1,4,10,109,8,14894,True,False
8223,6048,1,2026-06-06,1,4,10,109,8,14895,True,False
8224,6048,1,2026-05-17,1,4,10,109,8,14896,True,False
8225,6049,2,2025-10-10,1,24,71,827,48,14897,True,False
8226,6049,1,2025-10-03,1,24,71,827,48,14898,True,False
8227,6050,1,2025-10-03,1,29,89,1033,57,14899,True,False
8228,6051,1,2025-04-02,1,5,13,138,10,14900,True,False
8229,6052,1,2025-09-22,1,24,74,864,48,14901,True,False
8230,6052,1,2025-09-24,1,24,74,864,48,14902,True,False
8231,6054,1,2025-10-26,1,7,19,214,13,14904,True,False
8232,6054,2,2025-10-24,1,7,19,214,13,14905,True,False
8233,6054,1,2025-11-18,1,7,19,214,13,14907,True,False
8234,6055,2,2025-06-29,1,4,10,111,8,14908,True,False
8235,6058,2,2024-12-17,1,1,1,2,1,14914,True,False
8236,6059,1,2025-08-22,1,4,11,120,8,14916,True,False
8237,6060,1,2024-10-07,1,15,40,456,30,14920,True,False
8238,6060,2,2024-10-12,1,15,40,456,30,14921,True,False
8239,6062,1,2024-08-03,1,9,23,256,17,14923,True,False
8240,6062,1,2024-08-22,1,9,23,256,17,14924,True,False
8241,6063,1,2026-06-21,1,4,11,112,8,14925,True,False
8242,6063,2,2026-06-24,1,4,11,112,8,14927,True,False
8243,6064,2,2025-12-12,1,17,45,521,33,14928,True,False
8244,6064,1,2025-12-24,1,17,45,521,33,14930,True,False
8245,6064,1,2025-12-26,1,17,45,521,33,14931,True,False
8246,6066,2,2026-06-27,1,1,2,21,1,14935,True,True
8247,6067,1,2026-03-17,1,4,10,108,8,14937,True,True
8248,6068,1,2025-07-18,1,4,11,119,7,14939,True,False
8249,6069,1,2026-03-12,1,23,69,801,46,14941,True,False
8250,6070,1,2026-06-21,1,4,9,101,7,14943,True,False
8251,6071,2,2026-01-11,1,4,10,104,7,14944,True,True
8252,6071,1,2026-01-14,1,4,10,104,7,14945,True,False
8253,6071,1,2026-01-03,1,4,10,104,7,14946,True,False
8254,6072,2,2026-01-25,1,4,9,101,7,14947,True,False
8255,6072,1,2026-02-11,1,4,9,101,7,14948,True,False
8256,6073,1,2025-06-10,1,5,12,131,10,14950,True,False
8257,6074,1,2025-02-15,1,4,11,116,8,14952,True,False
8258,6074,1,2025-01-28,1,4,11,116,8,14953,True,False
8259,6076,1,2026-07-05,1,4,10,110,7,14958,True,False
8260,6077,1,2025-03-19,1,25,75,868,49,14960,True,False
8261,6078,1,2026-07-06,1,4,10,104,8,14962,True,False
8262,6078,1,2026-07-09,1,4,10,104,8,14964,True,False
8263,6079,1,2025-04-30,1,20,57,668,39,14966,True,False
8264,6080,1,2024-12-17,1,29,90,1041,58,14970,True,False
8265,6081,2,2026-03-30,1,28,85,995,55,14972,True,False
8266,6082,1,2024-08-20,1,1,1,4,2,14974,True,False
8267,6082,2,2024-08-12,1,1,1,4,2,14975,True,False
8268,6083,1,2026-06-21,1,4,9,98,7,14978,True,False
8269,6084,1,2025-02-17,1,16,42,488,31,14981,True,False
8270,6085,2,2024-10-30,1,6,15,162,11,14982,True,False
8271,6085,1,2024-11-08,1,6,15,162,11,14983,True,False
8272,6085,1,2024-11-29,1,6,15,162,11,14984,True,False
8273,6086,1,2025-09-25,1,7,18,200,14,14988,True,False
8274,6088,1,2025-04-28,1,8,21,237,16,14992,True,False
8275,6089,1,2026-02-14,1,4,11,118,8,14993,True,False
8276,6090,1,2025-07-27,1,3,8,84,6,14995,True,False
8277,6090,1,2025-08-18,1,3,8,84,6,14996,True,False
8278,6090,1,2025-08-25,1,3,8,84,6,14997,True,False
8279,6091,1,2026-06-10,1,4,9,99,7,14999,True,False
8280,6093,1,2026-07-10,1,4,9,93,7,15002,True,False
8281,6093,2,2026-07-23,1,4,9,93,7,15003,True,False
8282,6093,2,2026-07-11,1,4,9,93,7,15005,True,False
8283,6094,1,2025-02-04,1,3,6,64,6,15006,True,False
8284,6095,2,2026-01-23,1,1,1,14,1,15010,True,False
8285,6095,1,2026-01-23,1,1,1,14,1,15013,True,False
8286,6096,1,2026-06-27,1,4,9,94,7,15014,True,False
8287,6096,1,2026-07-07,1,4,9,94,7,15015,True,False
8288,6096,1,2026-06-23,1,4,9,94,7,15016,True,False
8289,6098,1,2026-05-01,1,4,9,100,7,15019,True,False
8290,6098,2,2026-05-03,1,4,9,100,7,15021,True,False
8291,6098,1,2026-04-28,1,4,9,100,7,15022,True,False
8292,6099,1,2026-04-10,1,4,11,119,7,15024,True,False
8293,6100,1,2026-07-02,1,4,11,118,8,15026,True,False
8294,6102,1,2026-01-16,1,15,39,453,29,15029,True,False
8295,6103,1,2026-01-20,1,17,47,538,33,15030,True,False
8296,6103,1,2026-01-19,1,17,47,538,33,15032,True,False
8297,6104,1,2025-09-28,1,1,1,4,2,15035,True,False
8298,6106,1,2026-02-11,1,11,29,331,22,15040,True,False
8299,6107,1,2025-11-10,1,28,88,1023,56,15043,True,False
8300,6108,1,2025-07-28,1,27,84,977,53,15045,True,False
8301,6108,1,2025-07-19,1,27,84,977,53,15046,True,False
8302,6108,2,2025-07-21,1,27,84,977,53,15047,True,False
8303,6109,1,2025-05-10,1,27,83,963,53,15049,True,False
8304,6109,1,2025-05-20,1,27,83,963,53,15050,True,False
8305,6111,1,2026-04-15,1,21,61,716,41,15053,True,False
8306,6111,1,2026-04-15,1,21,61,716,41,15054,True,False
8307,6111,2,2026-03-27,1,21,61,716,41,15055,True,False
8308,6112,1,2026-05-11,1,23,68,794,46,15056,True,False
8309,6112,1,2026-05-12,1,23,68,794,46,15058,True,False
8310,6112,1,2026-04-26,1,23,68,794,46,15059,True,False
8311,6113,1,2025-05-06,1,14,36,403,28,15060,True,False
8312,6114,1,2024-07-28,1,4,10,105,7,15062,True,False
8313,6114,1,2024-08-02,1,4,10,105,7,15063,True,False
8314,6116,1,2026-02-07,1,4,9,94,7,15066,True,False
8315,6116,1,2026-02-22,1,4,9,94,7,15067,True,False
8316,6117,1,2025-05-31,1,11,30,346,21,15068,True,False
8317,6117,1,2025-05-14,1,11,30,346,21,15069,True,False
8318,6119,2,2026-06-22,1,29,90,1038,57,15072,True,False
8319,6119,1,2026-07-06,1,29,90,1038,57,15073,True,False
8320,6119,2,2026-06-30,1,29,90,1038,57,15074,True,False
8321,6120,2,2026-06-18,1,19,53,620,37,15077,True,False
8322,6120,1,2026-07-06,1,19,53,620,37,15078,True,False
8323,6120,1,2026-07-06,1,19,53,620,37,15079,True,False
8324,6121,1,2026-07-09,1,4,10,109,8,15080,True,False
8325,6121,1,2026-07-14,1,4,10,109,8,15082,True,False
8326,6122,1,2025-04-16,1,10,27,302,19,15085,True,False
8327,6124,1,2024-10-27,1,1,1,6,2,15087,True,False
8328,6126,1,2025-02-22,1,6,16,167,11,15094,True,False
8329,6126,2,2025-02-27,1,6,16,167,11,15095,True,False
8330,6128,1,2026-07-12,1,4,10,107,8,15101,True,True
8331,6130,1,2026-03-31,1,4,9,99,7,15105,True,False
8332,6130,1,2026-04-01,1,4,9,99,7,15106,True,False
8333,6130,2,2026-04-07,1,4,9,99,7,15107,True,False
8334,6131,1,2025-07-03,1,29,90,1038,58,15109,True,False
8335,6132,1,2026-04-15,1,4,9,100,7,15110,True,False
8336,6132,1,2026-04-29,1,4,9,100,7,15111,True,False
8337,6133,2,2025-04-02,1,15,39,446,30,15114,True,False
8338,6134,1,2026-06-29,1,4,9,98,8,15116,True,False
8339,6135,1,2026-02-16,1,4,11,112,8,15121,True,False
8340,6135,1,2026-02-27,1,4,11,112,8,15122,True,False
8341,6137,1,2025-09-26,1,1,1,9,2,15127,True,False
8342,6138,1,2026-04-01,1,17,45,517,33,15129,True,False
8343,6138,1,2026-04-17,1,17,45,517,33,15130,True,False
8344,6139,1,2025-06-14,1,11,30,342,21,15133,True,False
8345,6140,1,2025-01-19,1,21,62,722,41,15136,True,False
8346,6141,1,2024-09-14,1,4,10,104,7,15137,True,False
8347,6141,1,2024-08-21,1,4,10,104,7,15138,True,False
8348,6142,1,2025-07-08,1,4,9,94,7,15139,True,False
8349,6142,2,2025-07-09,1,4,9,94,7,15140,True,False
8350,6142,1,2025-07-31,1,4,9,94,7,15141,True,False
8351,6143,1,2026-02-07,1,4,11,120,8,15142,True,False
8352,6143,2,2026-01-18,1,4,11,120,8,15143,True,False
8353,6143,1,2026-02-02,1,4,11,120,8,15145,True,False
8354,6144,1,2024-08-29,1,3,6,67,6,15146,True,False
8355,6144,1,2024-09-08,1,3,6,67,6,15147,True,False
8356,6145,1,2024-08-01,1,4,9,99,7,15150,True,False
8357,6145,1,2024-08-07,1,4,9,99,7,15151,True,False
8358,6146,2,2025-12-04,1,22,65,760,44,15154,True,False
8359,6147,1,2025-06-11,1,14,36,416,27,15156,True,False
8360,6148,1,2025-12-30,1,26,80,939,52,15159,True,False
8361,6151,1,2024-11-10,1,8,21,233,15,15163,True,False
8362,6151,1,2024-11-30,1,8,21,233,15,15164,True,False
8363,6151,2,2024-11-09,1,8,21,233,15,15165,True,False
8364,6152,1,2026-02-27,1,4,10,104,7,15166,True,False
8365,6152,2,2026-02-27,1,4,10,104,7,15167,True,False
8366,6152,2,2026-03-04,1,4,10,104,7,15169,True,False
8367,6153,2,2025-07-28,1,29,90,1041,57,15170,True,False
8368,6153,1,2025-07-13,1,29,90,1041,57,15171,True,False
8369,6153,1,2025-07-12,1,29,90,1041,57,15172,True,False
8370,6155,2,2025-03-24,1,1,1,1,1,15175,True,False
8371,6155,1,2025-03-14,1,1,1,1,1,15176,True,False
8372,6155,1,2025-03-27,1,1,1,1,1,15177,True,False
8373,6155,2,2025-03-17,1,1,1,1,1,15178,True,False
8374,6156,1,2026-04-22,1,4,9,99,8,15180,True,False
8375,6156,1,2026-04-16,1,4,9,99,8,15181,True,False
8376,6157,1,2025-09-03,1,19,53,613,38,15182,True,False
8377,6157,1,2025-08-21,1,19,53,613,38,15183,True,False
8378,6158,1,2025-03-14,1,4,9,97,7,15184,True,False
8379,6159,1,2026-01-07,1,4,11,117,8,15187,True,False
8380,6159,1,2026-01-16,1,4,11,117,8,15190,True,False
8381,6160,1,2026-03-02,1,4,10,105,7,15191,True,False
8382,6160,1,2026-02-27,1,4,10,105,7,15192,True,False
8383,6160,1,2026-03-17,1,4,10,105,7,15194,True,False
8384,6161,1,2024-11-16,1,25,75,877,49,15198,True,False
8385,6162,2,2025-10-10,1,3,7,79,6,15201,True,False
8386,6163,1,2025-01-01,1,2,4,44,3,15202,True,False
8387,6164,1,2025-05-07,1,26,81,945,51,15204,True,False
8388,6164,1,2025-04-25,1,26,81,945,51,15205,True,False
8389,6165,1,2024-09-05,1,26,79,917,51,15207,True,False
8390,6165,1,2024-09-20,1,26,79,917,51,15209,True,False
8391,6166,1,2025-10-05,1,8,20,227,16,15210,True,False
8392,6166,1,2025-09-25,1,8,20,227,16,15212,True,False
8393,6168,1,2025-12-21,1,4,10,107,7,15215,True,False
8394,6169,2,2025-04-04,1,1,2,19,1,15218,True,False
8395,6170,1,2026-06-27,1,13,33,378,26,15219,True,False
8396,6171,1,2025-02-03,1,3,8,92,5,15221,True,False
8397,6172,2,2025-08-23,1,4,11,120,8,15223,True,False
8398,6172,1,2025-08-17,1,4,11,120,8,15225,True,False
8399,6173,1,2025-01-05,1,9,26,295,17,15226,True,True
8400,6173,1,2025-01-03,1,9,26,295,17,15228,True,False
8401,6173,1,2024-12-24,1,9,26,295,17,15229,True,False
8402,6174,1,2024-09-14,1,1,1,1,2,15230,True,False
8403,6175,1,2024-12-11,1,8,21,235,15,15231,True,False
8404,6175,1,2024-12-11,1,8,21,235,15,15232,True,False
8405,6176,1,2026-03-14,1,4,9,93,7,15235,True,False
8406,6177,1,2024-10-04,1,11,29,328,21,15237,True,False
8407,6178,1,2026-04-19,1,4,11,113,8,15238,True,False
8408,6180,2,2024-11-05,1,7,19,206,13,15242,True,False
8409,6180,2,2024-10-28,1,7,19,206,13,15243,True,False
8410,6181,1,2025-10-11,1,18,51,594,35,15244,True,False
8411,6183,1,2026-02-12,1,1,2,19,1,15246,True,False
8412,6184,2,2026-03-09,1,13,33,378,26,15249,True,False
8413,6185,1,2024-08-06,1,10,27,298,19,15250,True,False
8414,6186,1,2025-01-22,1,3,6,71,5,15254,True,False
8415,6186,1,2025-01-31,1,3,6,71,5,15255,True,False
8416,6187,1,2026-03-16,1,4,11,112,8,15256,True,False
8417,6188,1,2025-09-15,1,17,44,507,34,15257,True,False
8418,6188,1,2025-09-13,1,17,44,507,34,15258,True,False
8419,6188,1,2025-10-04,1,17,44,507,34,15260,True,False
8420,6189,1,2025-12-13,1,11,29,322,22,15261,True,False
8421,6189,2,2025-12-15,1,11,29,322,22,15262,True,False
8422,6189,1,2025-12-21,1,11,29,322,22,15263,True,False
8423,6189,2,2025-12-08,1,11,29,322,22,15264,True,False
8424,6190,1,2024-08-12,1,7,18,204,14,15266,True,False
8425,6191,1,2026-04-04,1,20,59,688,39,15269,True,False
8426,6192,1,2026-05-07,1,4,11,112,8,15270,True,False
8427,6193,1,2026-06-29,1,14,37,425,27,15271,True,False
8428,6193,1,2026-06-18,1,14,37,425,27,15273,True,False
8429,6194,2,2025-02-25,1,12,32,364,23,15274,True,False
8430,6195,1,2025-08-11,1,3,5,60,5,15276,True,False
8431,6196,1,2026-07-07,1,4,10,107,8,15279,True,False
8432,6196,1,2026-07-13,1,4,10,107,8,15280,True,False
8433,6196,1,2026-06-18,1,4,10,107,8,15282,True,False
8434,6198,1,2026-03-21,1,26,80,933,51,15285,True,False
8435,6199,1,2025-04-04,1,4,9,96,7,15287,True,False
8436,6199,1,2025-04-17,1,4,9,96,7,15288,True,False
8437,6199,1,2025-03-25,1,4,9,96,7,15289,True,False
8438,6200,1,2024-12-13,1,18,49,557,36,15293,True,False
8439,6202,1,2026-02-04,1,4,10,109,7,15296,True,False
8440,6203,1,2024-10-21,1,19,54,628,38,15297,True,False
8441,6204,1,2025-06-04,1,17,44,514,34,15301,True,False
8442,6205,2,2025-05-30,1,14,36,415,27,15302,True,False
8443,6206,1,2026-06-16,1,4,11,112,7,15305,True,True
8444,6207,1,2025-10-11,1,6,17,190,11,15307,True,False
8445,6208,2,2026-03-01,1,4,9,97,7,15310,True,False
8446,6209,2,2024-12-15,1,27,84,983,54,15312,True,False
8447,6209,1,2024-12-19,1,27,84,983,54,15313,True,False
8448,6209,1,2024-12-20,1,27,84,983,54,15314,True,False
8449,6210,1,2024-09-18,1,1,2,19,1,15315,True,False
8450,6210,1,2024-09-14,1,1,2,19,1,15316,True,False
8451,6211,2,2025-12-28,1,7,18,194,14,15317,True,False
8452,6212,1,2026-03-18,1,4,9,96,8,15319,True,False
8453,6212,1,2026-03-29,1,4,9,96,8,15320,True,False
8454,6212,1,2026-03-03,1,4,9,96,8,15321,True,False
8455,6213,1,2025-09-15,1,28,87,1014,56,15323,True,False
8456,6213,1,2025-09-24,1,28,87,1014,56,15324,True,False
8457,6214,1,2024-10-21,1,25,77,895,50,15325,True,False
8458,6214,2,2024-10-16,1,25,77,895,50,15326,True,False
8459,6214,1,2024-10-03,1,25,77,895,50,15327,True,False
8460,6215,1,2025-12-12,1,6,17,182,11,15329,True,False
8461,6216,1,2025-08-16,1,2,4,42,4,15330,True,False
8462,6216,1,2025-08-29,1,2,4,42,4,15331,True,False
8463,6216,1,2025-08-20,1,2,4,42,4,15332,True,False
8464,6219,1,2024-10-21,1,11,29,329,21,15336,True,False
8465,6221,2,2026-05-01,1,19,53,620,37,15339,True,False
8466,6221,1,2026-05-08,1,19,53,620,37,15340,True,False
8467,6222,1,2025-07-16,1,30,92,1072,59,15343,True,False
8468,6222,1,2025-07-11,1,30,92,1072,59,15344,True,False
8469,6223,1,2026-07-08,1,21,62,718,42,15346,True,False
8470,6223,1,2026-07-10,1,21,62,718,42,15347,True,False
8471,6224,1,2024-10-10,1,4,10,110,8,15348,True,False
8472,6224,1,2024-10-13,1,4,10,110,8,15349,True,False
8473,6225,2,2026-03-13,1,4,9,98,7,15352,True,True
8474,6226,1,2026-08-01,1,28,85,995,55,15355,True,False
8475,6227,1,2025-06-24,1,4,11,116,8,15356,True,False
8476,6228,1,2025-07-14,1,21,61,715,41,15358,True,False
8477,6229,1,2025-01-17,1,4,9,101,8,15359,True,False
8478,6229,1,2025-01-05,1,4,9,101,8,15360,True,False
8479,6229,1,2025-01-09,1,4,9,101,8,15362,True,False
8480,6231,2,2026-03-06,1,4,11,115,7,15366,True,False
8481,6231,1,2026-03-13,1,4,11,115,7,15367,True,False
8482,6234,1,2025-03-16,1,7,18,202,13,15371,True,False
8483,6235,1,2026-01-02,1,1,2,17,2,15373,True,False
8484,6236,1,2026-06-01,1,4,9,96,7,15376,True,False
8485,6238,1,2025-11-08,1,3,8,89,5,15380,True,False
8486,6238,2,2025-11-18,1,3,8,89,5,15381,True,False
8487,6239,1,2025-06-30,1,22,63,730,43,15382,True,False
8488,6240,2,2026-01-17,1,21,62,719,42,15385,True,False
8489,6240,1,2026-02-04,1,21,62,719,42,15386,True,False
8490,6240,1,2026-01-07,1,21,62,719,42,15387,True,False
8491,6241,1,2026-07-11,1,4,11,112,7,15388,True,False
8492,6243,1,2024-12-19,1,9,24,271,17,15392,True,False
8493,6244,2,2025-04-03,1,30,91,1051,60,15394,True,False
8494,6245,1,2026-05-14,1,4,11,115,7,15396,True,False
8495,6245,2,2026-05-03,1,4,11,115,7,15397,True,False
8496,6245,1,2026-04-24,1,4,11,115,7,15398,True,False
8497,6246,1,2026-07-11,1,19,54,639,38,15400,True,False
8498,6246,1,2026-07-11,1,19,54,639,38,15401,True,False
8499,6249,1,2026-01-22,1,25,77,892,50,15405,True,False
8500,6249,1,2026-01-22,1,25,77,892,50,15406,True,False
8501,6250,1,2026-04-01,1,23,70,819,46,15409,True,False
8502,6251,1,2024-12-09,1,24,72,843,47,15411,True,False
8503,6251,1,2024-12-08,1,24,72,843,47,15412,True,False
8504,6255,1,2026-01-17,1,4,11,112,8,15418,True,False
8505,6256,1,2024-11-11,1,30,92,1069,59,15419,True,False
8506,6257,1,2025-05-23,1,21,62,720,41,15420,True,True
8507,6257,1,2025-05-15,1,21,62,720,41,15423,True,False
8508,6258,2,2026-02-28,1,3,8,86,6,15424,True,False
8509,6258,1,2026-03-20,1,3,8,86,6,15425,True,False
8510,6260,2,2026-06-04,1,4,9,101,7,15429,True,False
8511,6260,1,2026-06-13,1,4,9,101,7,15430,True,False
8512,6260,1,2026-06-18,1,4,9,101,7,15431,True,False
8513,6260,1,2026-06-23,1,4,9,101,7,15432,True,False
8514,6261,2,2025-03-30,1,21,62,719,42,15436,True,False
8515,6262,2,2025-01-01,1,12,32,366,23,15437,True,False
8516,6262,1,2025-01-01,1,12,32,366,23,15439,True,False
8517,6263,1,2025-10-11,1,10,28,312,19,15441,True,False
8518,6263,2,2025-09-29,1,10,28,312,19,15442,True,False
8519,6264,1,2024-12-24,1,4,11,117,8,15443,True,False
8520,6265,2,2026-04-23,1,4,10,108,8,15446,True,False
8521,6265,1,2026-04-18,1,4,10,108,8,15447,True,False
8522,6266,1,2025-09-24,1,4,9,97,8,15450,True,False
8523,6266,1,2025-09-21,1,4,9,97,8,15452,True,False
8524,6268,1,2024-12-29,1,4,10,108,8,15454,True,False
8525,6269,1,2025-02-15,1,4,9,93,8,15456,True,False
8526,6271,1,2026-04-15,1,4,10,105,8,15460,True,False
8527,6272,1,2025-02-18,1,3,6,73,5,15462,True,False
8528,6272,1,2025-02-26,1,3,6,73,5,15463,True,False
8529,6272,2,2025-02-16,1,3,6,73,5,15465,True,False
8530,6275,1,2026-04-25,1,4,11,116,7,15471,True,False
8531,6275,1,2026-04-10,1,4,11,116,7,15472,True,False
8532,6275,1,2026-04-18,1,4,11,116,7,15473,True,False
8533,6276,1,2024-09-26,1,15,40,456,30,15474,True,False
8534,6276,2,2024-10-11,1,15,40,456,30,15476,True,False
8535,6277,2,2025-11-11,1,4,9,98,7,15477,True,False
8536,6278,1,2025-07-26,1,23,68,792,45,15478,True,False
8537,6280,1,2026-07-31,1,4,9,96,7,15480,True,False
8538,6280,2,2026-07-17,1,4,9,96,7,15482,True,False
8539,6281,1,2025-03-31,1,23,68,790,45,15485,True,False
8540,6282,1,2026-06-27,1,5,13,133,10,15487,True,False
8541,6282,1,2026-06-29,1,5,13,133,10,15488,True,False
8542,6282,1,2026-06-25,1,5,13,133,10,15489,True,False
8543,6283,1,2025-08-30,1,3,7,82,6,15493,True,False
8544,6283,2,2025-09-24,1,3,7,82,6,15494,True,False
8545,6284,1,2026-05-22,1,11,30,335,22,15497,True,False
8546,6285,1,2026-01-31,1,4,9,100,8,15498,True,False
8547,6285,1,2026-02-04,1,4,9,100,8,15499,True,False
8548,6286,1,2024-11-12,1,5,12,127,9,15502,True,False
8549,6287,2,2026-07-18,1,1,1,11,2,15505,True,False
8550,6288,1,2025-01-03,1,4,11,114,7,15508,True,False
8551,6288,1,2024-12-30,1,4,11,114,7,15509,True,False
8552,6289,2,2026-02-19,1,4,11,117,8,15511,True,False
8553,6289,1,2026-01-27,1,4,11,117,8,15512,True,False
8554,6290,2,2025-01-13,1,18,50,577,36,15514,True,False
8555,6292,1,2026-04-08,1,4,10,108,7,15520,True,False
8556,6293,1,2025-01-21,1,20,60,699,40,15525,True,False
8557,6294,1,2025-10-04,1,30,91,1054,59,15526,True,False
8558,6296,1,2026-07-03,1,2,3,38,3,15530,True,False
8559,6297,1,2025-01-29,1,8,20,217,16,15532,True,False
8560,6298,2,2025-06-05,1,1,2,28,1,15536,True,False
8561,6298,1,2025-06-01,1,1,2,28,1,15538,True,False
8562,6299,1,2025-04-11,1,9,23,256,18,15539,True,False
8563,6299,1,2025-04-07,1,9,23,256,18,15540,True,False
8564,6299,1,2025-04-06,1,9,23,256,18,15541,True,False
8565,6300,1,2026-03-18,1,16,41,469,31,15543,True,True
8566,6300,1,2026-02-25,1,16,41,469,31,15545,True,False
8567,6301,1,2025-01-19,1,15,40,464,29,15546,True,False
8568,6302,2,2026-06-22,1,26,80,939,51,15548,True,False
8569,6303,1,2026-06-09,1,2,4,44,3,15550,True,False
8570,6305,1,2026-06-24,1,21,62,725,42,15552,True,False
8571,6305,1,2026-07-22,1,21,62,725,42,15553,True,False
8572,6306,1,2026-03-27,1,19,53,617,37,15555,True,False
8573,6306,1,2026-03-22,1,19,53,617,37,15556,True,False
8574,6307,1,2025-08-29,1,5,12,128,9,15557,True,False
8575,6307,1,2025-09-15,1,5,12,128,9,15558,True,False
8576,6308,1,2025-08-01,1,23,66,771,46,15560,True,False
8577,6309,1,2026-03-29,1,1,2,24,2,15565,True,False
8578,6309,2,2026-03-16,1,1,2,24,2,15566,True,False
8579,6310,2,2026-02-08,1,26,81,951,52,15569,True,False
8580,6311,1,2025-04-03,1,4,10,111,8,15571,True,False
8581,6312,1,2026-07-01,1,4,9,101,7,15572,True,False
8582,6313,1,2025-09-20,1,3,8,88,6,15573,True,False
8583,6313,1,2025-08-22,1,3,8,88,6,15575,True,True
8584,6314,1,2025-06-17,1,8,21,237,15,15577,True,False
8585,6315,1,2026-07-11,1,25,78,915,50,15582,True,False
8586,6315,1,2026-07-16,1,25,78,915,50,15583,True,False
8587,6316,2,2025-03-16,1,5,14,147,10,15585,True,False
8588,6317,1,2024-08-28,1,4,11,119,8,15588,True,False
8589,6318,1,2025-10-31,1,23,66,766,46,15589,True,False
8590,6318,1,2025-11-11,1,23,66,766,46,15590,True,False
8591,6318,1,2025-11-27,1,23,66,766,46,15591,True,False
8592,6318,2,2025-11-14,1,23,66,766,46,15592,True,False
8593,6322,1,2026-04-18,1,25,78,903,49,15599,True,False
8594,6322,2,2026-04-26,1,25,78,903,49,15600,True,False
8595,6323,1,2025-05-22,1,4,11,117,8,15602,True,False
8596,6324,1,2025-02-06,1,25,76,885,50,15603,True,False
8597,6324,2,2025-02-10,1,25,76,885,50,15604,True,False
8598,6324,2,2025-02-04,1,25,76,885,50,15605,True,False
8599,6324,1,2025-02-04,1,25,76,885,50,15606,True,False
8600,6326,1,2025-12-19,1,3,7,77,6,15610,True,False
8601,6329,2,2025-02-02,1,13,33,377,26,15618,True,False
8602,6330,1,2026-05-03,1,29,90,1039,58,15620,True,False
8603,6330,1,2026-04-10,1,29,90,1039,58,15621,True,False
8604,6332,2,2026-07-09,1,4,11,120,8,15625,True,False
8605,6333,2,2026-05-24,1,4,11,112,7,15627,True,False
8606,6333,1,2026-05-17,1,4,11,112,7,15628,True,False
8607,6334,1,2026-06-30,1,4,9,93,7,15630,True,False
8608,6335,1,2026-03-10,1,1,2,20,2,15632,True,False
8609,6335,1,2026-03-17,1,1,2,20,2,15633,True,True
8610,6335,1,2026-03-23,1,1,2,20,2,15634,True,False
8611,6336,1,2026-02-05,1,4,10,106,8,15637,True,False
8612,6337,1,2026-06-05,1,4,11,117,7,15638,True,False
8613,6337,2,2026-06-15,1,4,11,117,7,15641,True,False
8614,6339,1,2025-11-30,1,3,5,63,6,15643,True,False
8615,6341,1,2026-06-16,1,23,68,784,46,15647,True,False
8616,6341,2,2026-05-30,1,23,68,784,46,15649,True,False
8617,6341,1,2026-05-27,1,23,68,784,46,15650,True,False
8618,6342,1,2026-02-15,1,19,56,650,38,15651,True,False
8619,6343,1,2025-07-19,1,26,80,938,52,15655,True,False
8620,6343,1,2025-07-24,1,26,80,938,52,15656,True,False
8621,6343,1,2025-07-04,1,26,80,938,52,15657,True,False
8622,6345,1,2026-03-17,1,4,9,99,7,15660,True,False
8623,6346,1,2026-05-14,1,8,21,236,16,15661,True,True
8624,6347,1,2024-12-16,1,27,84,978,54,15662,True,False
8625,6347,2,2024-12-15,1,27,84,978,54,15663,True,False
8626,6347,2,2024-12-22,1,27,84,978,54,15664,True,False
8627,6347,1,2024-12-16,1,27,84,978,54,15665,True,False
8628,6348,1,2025-12-02,1,1,2,24,1,15666,True,False
8629,6349,1,2026-06-26,1,14,37,425,28,15668,True,False
8630,6350,1,2024-12-05,1,4,9,93,7,15669,True,False
8631,6351,1,2026-06-23,1,4,10,107,8,15670,True,False
8632,6352,2,2026-01-06,1,7,18,202,13,15671,True,False
8633,6352,1,2026-01-05,1,7,18,202,13,15673,True,False
8634,6353,1,2025-08-25,1,22,63,739,43,15674,True,False
8635,6353,1,2025-09-03,1,22,63,739,43,15676,True,False
8636,6354,1,2024-07-28,1,4,11,117,7,15677,True,False
8637,6355,1,2025-11-09,1,9,23,250,17,15680,True,False
8638,6356,1,2025-09-24,1,4,10,107,8,15682,True,False
8639,6356,1,2025-10-01,1,4,10,107,8,15685,True,False
8640,6357,1,2025-02-01,1,1,2,21,2,15687,True,False
8641,6357,1,2025-02-02,1,1,2,21,2,15689,True,False
8642,6359,1,2025-03-07,1,27,83,972,54,15691,True,False
8643,6360,2,2025-11-08,1,9,24,265,17,15694,True,False
8644,6361,1,2025-04-01,1,30,91,1057,59,15697,True,False
8645,6361,1,2025-04-16,1,30,91,1057,59,15698,True,False
8646,6361,1,2025-04-02,1,30,91,1057,59,15700,True,False
8647,6362,2,2026-05-11,1,4,9,95,8,15701,True,False
8648,6364,1,2026-02-09,1,8,20,226,16,15706,True,False
8649,6365,2,2025-12-10,1,4,11,119,8,15707,True,False
8650,6365,2,2025-12-20,1,4,11,119,8,15710,True,False
8651,6366,1,2025-08-02,1,16,43,503,31,15711,True,False
8652,6368,1,2025-01-06,1,10,27,300,20,15715,True,False
8653,6369,1,2024-08-12,1,8,20,216,16,15718,True,False
8654,6369,1,2024-09-01,1,8,20,216,16,15719,True,False
8655,6369,2,2024-08-07,1,8,20,216,16,15720,True,False
8656,6369,1,2024-08-26,1,8,20,216,16,15721,True,False
8657,6371,2,2024-10-16,1,1,2,16,2,15725,True,False
8658,6372,1,2026-02-09,1,4,11,114,7,15727,True,False
8659,6373,1,2024-08-20,1,4,11,119,7,15728,True,False
8660,6373,1,2024-09-05,1,4,11,119,7,15729,True,False
8661,6373,1,2024-09-08,1,4,11,119,7,15731,True,False
8662,6374,1,2026-02-06,1,4,10,107,7,15733,True,False
8663,6374,1,2026-02-12,1,4,10,107,7,15734,True,False
8664,6375,1,2025-12-08,1,10,28,316,19,15735,True,False
8665,6375,1,2025-11-30,1,10,28,316,19,15736,True,False
8666,6376,1,2026-02-04,1,4,10,109,7,15737,True,False
8667,6376,1,2026-02-12,1,4,10,109,7,15738,True,False
8668,6376,1,2026-01-24,1,4,10,109,7,15739,True,False
8669,6376,2,2026-02-09,1,4,10,109,7,15740,True,False
8670,6378,1,2026-04-24,1,4,9,100,7,15742,True,False
8671,6379,2,2025-07-15,1,4,9,100,8,15743,True,False
8672,6379,2,2025-07-17,1,4,9,100,8,15745,True,False
8673,6379,1,2025-07-25,1,4,9,100,8,15746,True,False
8674,6380,1,2026-06-22,1,21,62,723,41,15748,True,False
8675,6381,1,2025-08-20,1,4,9,95,7,15750,True,False
8676,6381,2,2025-08-12,1,4,9,95,7,15751,True,False
8677,6382,1,2025-02-23,1,1,1,2,2,15752,True,False
8678,6382,1,2025-02-15,1,1,1,2,2,15753,True,False
8679,6383,2,2026-01-21,1,13,34,383,25,15756,True,False
8680,6385,1,2024-11-03,1,4,10,111,8,15760,True,False
8681,6386,2,2026-04-24,1,4,9,95,7,15763,True,False
8682,6387,1,2025-04-03,1,19,54,638,37,15764,True,False
8683,6387,2,2025-04-11,1,19,54,638,37,15765,True,False
8684,6388,1,2026-06-13,1,4,9,99,7,15768,True,False
8685,6389,1,2026-01-28,1,13,34,382,25,15769,True,False
8686,6389,1,2026-02-06,1,13,34,382,25,15771,True,False
8687,6389,1,2026-01-23,1,13,34,382,25,15772,True,False
8688,6390,1,2026-04-17,1,11,29,331,22,15773,True,False
8689,6390,1,2026-05-05,1,11,29,331,22,15774,True,False
8690,6392,1,2026-06-11,1,28,86,999,55,15778,True,False
8691,6393,1,2026-05-02,1,30,91,1058,60,15779,True,False
8692,6393,1,2026-04-07,1,30,91,1058,60,15780,True,False
8693,6393,1,2026-04-27,1,30,91,1058,60,15781,True,False
8694,6393,1,2026-04-16,1,30,91,1058,60,15782,True,False
8695,6395,1,2025-09-18,1,12,32,366,24,15786,True,False
8696,6395,1,2025-09-15,1,12,32,366,24,15787,True,False
8697,6396,1,2026-03-29,1,23,70,822,45,15789,True,False
8698,6397,1,2025-02-25,1,22,63,731,43,15790,True,False
8699,6397,1,2025-02-06,1,22,63,731,43,15792,True,False
8700,6398,1,2025-08-28,1,4,10,103,7,15794,True,False
8701,6399,1,2025-07-30,1,14,38,435,28,15795,True,False
8702,6399,1,2025-08-24,1,14,38,435,28,15797,True,False
8703,6400,1,2026-05-27,1,17,45,520,33,15798,True,False
8704,6400,1,2026-06-07,1,17,45,520,33,15799,True,False
8705,6400,1,2026-05-29,1,17,45,520,33,15800,True,False
8706,6401,1,2024-10-06,1,1,1,5,1,15801,True,False
8707,6401,1,2024-10-15,1,1,1,5,1,15803,True,False
8708,6402,1,2025-11-26,1,27,82,956,54,15805,True,False
8709,6403,1,2026-01-03,1,3,7,81,5,15808,True,False
8710,6403,1,2026-01-08,1,3,7,81,5,15809,True,False
8711,6403,1,2026-01-04,1,3,7,81,5,15810,True,False
8712,6403,2,2026-01-08,1,3,7,81,5,15811,True,False
8713,6404,1,2024-09-09,1,1,2,16,2,15813,True,False
8714,6404,1,2024-09-03,1,1,2,16,2,15815,True,False
8715,6405,1,2025-06-15,1,8,20,219,15,15816,True,False
8716,6405,1,2025-06-20,1,8,20,219,15,15817,True,False
8717,6406,1,2025-02-23,1,4,9,95,7,15820,True,False
8718,6406,1,2025-02-12,1,4,9,95,7,15821,True,False
8719,6408,2,2026-05-09,1,22,63,739,44,15825,True,False
8720,6409,1,2026-05-07,1,6,16,174,12,15826,True,False
8721,6409,1,2026-05-04,1,6,16,174,12,15827,True,False
8722,6410,1,2026-05-22,1,4,11,114,8,15829,True,False
8723,6410,1,2026-05-28,1,4,11,114,8,15830,True,False
8724,6411,1,2024-11-02,1,4,10,110,7,15832,True,False
8725,6412,1,2024-09-26,1,1,1,12,2,15833,True,False
8726,6412,1,2024-09-12,1,1,1,12,2,15834,True,False
8727,6412,1,2024-09-30,1,1,1,12,2,15836,True,False
8728,6414,1,2025-05-25,1,5,12,132,10,15839,True,False
8729,6414,2,2025-06-02,1,5,12,132,10,15840,True,False
8730,6414,1,2025-05-23,1,5,12,132,10,15841,True,False
8731,6415,1,2024-11-08,1,25,77,897,49,15842,True,False
8732,6416,1,2026-01-11,1,23,68,787,45,15845,True,False
8733,6416,2,2026-01-09,1,23,68,787,45,15846,True,False
8734,6416,1,2025-12-24,1,23,68,787,45,15847,True,False
8735,6416,1,2025-12-26,1,23,68,787,45,15848,True,False
8736,6417,1,2025-09-30,1,27,82,955,53,15849,True,False
8737,6417,2,2025-09-12,1,27,82,955,53,15850,True,False
8738,6418,1,2025-03-07,1,17,46,530,34,15853,True,False
8739,6418,1,2025-03-08,1,17,46,530,34,15854,True,False
8740,6422,1,2025-05-04,1,10,28,316,19,15860,True,False
8741,6422,1,2025-05-30,1,10,28,316,19,15861,True,False
8742,6423,1,2026-05-14,1,23,68,794,45,15862,True,False
8743,6424,1,2026-08-03,1,4,11,114,8,15864,True,False
8744,6424,2,2026-07-14,1,4,11,114,8,15867,True,False
8745,6425,1,2025-01-19,1,4,10,102,7,15869,True,False
8746,6425,1,2025-01-29,1,4,10,102,7,15870,True,False
8747,6425,1,2025-01-15,1,4,10,102,7,15871,True,False
8748,6426,1,2026-03-23,1,20,59,687,40,15873,True,False
8749,6426,2,2026-03-25,1,20,59,687,40,15874,True,False
8750,6427,1,2025-01-31,1,2,3,30,4,15876,True,False
8751,6427,1,2025-01-02,1,2,3,30,4,15878,True,False
8752,6428,1,2024-08-24,1,23,66,764,45,15879,True,False
8753,6428,1,2024-08-27,1,23,66,764,45,15880,True,False
8754,6429,2,2025-01-24,1,20,58,679,39,15881,True,False
8755,6429,1,2025-01-22,1,20,58,679,39,15883,True,False
8756,6430,1,2026-06-08,1,13,35,399,26,15884,True,False
8757,6430,1,2026-05-31,1,13,35,399,26,15885,True,False
8758,6430,1,2026-05-24,1,13,35,399,26,15886,True,False
8759,6431,1,2024-08-27,1,27,82,956,54,15890,True,False
8760,6432,1,2025-07-09,1,5,12,124,9,15891,True,False
8761,6432,1,2025-07-02,1,5,12,124,9,15893,True,False
8762,6433,1,2026-04-14,1,2,3,37,3,15895,True,False
8763,6433,1,2026-03-31,1,2,3,37,3,15896,True,False
8764,6434,1,2025-03-06,1,18,51,592,36,15898,True,False
8765,6434,1,2025-03-07,1,18,51,592,36,15899,True,False
8766,6434,1,2025-02-22,1,18,51,592,36,15901,True,False
8767,6435,2,2024-09-18,1,6,17,183,11,15902,True,False
8768,6435,2,2024-09-14,1,6,17,183,11,15903,True,False
8769,6436,2,2025-04-14,1,4,9,94,7,15905,True,False
8770,6436,1,2025-04-27,1,4,9,94,7,15907,True,False
8771,6436,1,2025-04-30,1,4,9,94,7,15908,True,False
8772,6438,1,2026-07-09,1,4,9,93,8,15910,True,True
8773,6438,2,2026-07-13,1,4,9,93,8,15912,True,False
8774,6438,2,2026-07-12,1,4,9,93,8,15913,True,False
8775,6439,1,2025-10-01,1,1,1,7,1,15914,True,False
8776,6440,1,2024-12-17,1,3,5,56,5,15915,True,False
8777,6440,1,2024-12-14,1,3,5,56,5,15916,True,False
8778,6441,1,2026-02-04,1,4,10,104,8,15917,True,False
8779,6441,1,2026-02-21,1,4,10,104,8,15919,True,False
8780,6441,1,2026-02-13,1,4,10,104,8,15920,True,False
8781,6442,1,2025-08-05,1,25,78,910,49,15921,True,False
8782,6444,1,2025-03-24,1,9,26,286,17,15923,True,False
8783,6444,1,2025-03-18,1,9,26,286,17,15924,True,False
8784,6445,1,2024-08-20,1,1,1,9,1,15926,True,False
8785,6446,1,2025-06-06,1,8,21,230,15,15929,True,False
8786,6446,1,2025-05-09,1,8,21,230,15,15930,True,False
8787,6447,1,2026-05-10,1,4,11,118,7,15932,True,False
8788,6448,1,2025-02-20,1,6,17,184,11,15935,True,False
8789,6448,2,2025-03-01,1,6,17,184,11,15936,True,False
8790,6449,1,2026-07-06,1,28,86,998,55,15937,True,False
8791,6450,2,2025-10-19,1,23,70,819,46,15939,True,False
8792,6450,1,2025-10-22,1,23,70,819,46,15940,True,False
8793,6450,2,2025-10-09,1,23,70,819,46,15941,True,False
8794,6452,1,2025-05-31,1,29,89,1035,57,15944,True,False
8795,6452,1,2025-06-09,1,29,89,1035,57,15945,True,False
8796,6453,2,2026-05-27,1,4,11,114,8,15947,True,False
8797,6455,1,2026-06-16,1,8,21,235,15,15950,True,False
8798,6455,1,2026-07-02,1,8,21,235,15,15951,True,False
8799,6456,1,2025-11-22,1,14,37,418,27,15952,True,False
8800,6456,1,2025-11-08,1,14,37,418,27,15953,True,False
8801,6456,1,2025-12-04,1,14,37,418,27,15955,True,False
8802,6457,1,2025-04-20,1,13,34,383,26,15956,True,False
8803,6457,1,2025-05-06,1,13,34,383,26,15957,True,False
8804,6458,1,2026-03-07,1,6,16,179,12,15960,True,False
8805,6458,1,2026-03-10,1,6,16,179,12,15961,True,False
8806,6460,1,2026-05-28,1,5,12,121,9,15964,True,False
8807,6460,1,2026-05-13,1,5,12,121,9,15965,True,False
8808,6461,1,2026-01-13,1,9,23,250,17,15966,True,False
8809,6461,1,2026-01-20,1,9,23,250,17,15967,True,False
8810,6461,1,2026-01-16,1,9,23,250,17,15968,True,False
8811,6462,1,2025-10-08,1,14,37,431,27,15970,True,False
8812,6462,1,2025-10-11,1,14,37,431,27,15971,True,False
8813,6463,1,2025-01-20,1,4,10,107,7,15975,True,False
8814,6463,1,2025-01-28,1,4,10,107,7,15976,True,False
8815,6466,1,2025-08-27,1,2,4,48,4,15981,True,False
8816,6468,1,2026-02-02,1,10,28,306,20,15983,True,False
8817,6468,2,2026-01-25,1,10,28,306,20,15985,True,False
8818,6468,1,2026-01-10,1,10,28,306,20,15986,True,False
8819,6470,1,2025-04-11,1,5,13,140,9,15989,True,False
8820,6470,1,2025-04-13,1,5,13,140,9,15990,True,False
8821,6471,2,2025-05-10,1,1,2,22,2,15992,True,False
8822,6471,2,2025-04-23,1,1,2,22,2,15993,True,False
8823,6473,1,2025-10-28,1,1,2,26,2,15997,True,False
8824,6473,1,2025-10-14,1,1,2,26,2,15999,True,False
8825,6474,1,2024-10-30,1,18,50,577,35,16001,True,False
8826,6474,1,2024-11-18,1,18,50,577,35,16002,True,False
8827,6475,1,2025-09-30,1,20,57,661,40,16003,True,True
8828,6475,2,2025-10-28,1,20,57,661,40,16004,True,False
8829,6477,1,2024-11-08,1,2,4,42,3,16007,True,False
8830,6478,1,2026-05-11,1,1,2,16,1,16008,True,False
8831,6478,1,2026-05-23,1,1,2,16,1,16009,True,False
8832,6479,2,2024-12-09,1,15,39,447,29,16012,True,False
8833,6481,2,2024-09-04,1,3,5,57,6,16016,True,False
8834,6481,2,2024-09-01,1,3,5,57,6,16017,True,False
8835,6482,1,2026-04-01,1,18,49,560,36,16018,True,False
8836,6482,1,2026-03-14,1,18,49,560,36,16019,True,False
8837,6482,2,2026-03-19,1,18,49,560,36,16021,True,False
8838,6483,2,2026-02-22,1,21,61,715,41,16023,True,False
8839,6484,1,2025-05-24,1,26,79,928,51,16027,True,False
8840,6485,1,2026-05-18,1,13,34,379,25,16031,True,False
8841,6486,1,2025-08-20,1,28,85,989,56,16032,True,False
8842,6486,1,2025-08-22,1,28,85,989,56,16033,True,False
8843,6487,1,2025-08-26,1,29,90,1047,57,16034,True,False
8844,6487,1,2025-07-31,1,29,90,1047,57,16036,True,True
8845,6488,1,2025-03-24,1,28,88,1021,56,16039,True,False
8846,6488,1,2025-04-07,1,28,88,1021,56,16041,True,False
8847,6490,1,2026-01-28,1,4,10,102,7,16044,True,False
8848,6490,1,2026-02-18,1,4,10,102,7,16045,True,False
8849,6491,2,2025-03-20,1,26,80,932,52,16046,True,False
8850,6491,1,2025-03-20,1,26,80,932,52,16047,True,False
8851,6493,1,2026-04-21,1,4,10,104,7,16055,True,False
8852,6494,1,2025-09-15,1,26,80,932,52,16059,True,False
8853,6495,1,2026-04-17,1,4,11,116,8,16060,True,False
8854,6495,1,2026-03-22,1,4,11,116,8,16061,True,False
8855,6495,1,2026-04-13,1,4,11,116,8,16062,True,False
8856,6496,2,2026-07-03,1,7,19,213,14,16063,True,False
8857,6496,1,2026-07-16,1,7,19,213,14,16064,True,False
8858,6496,1,2026-07-22,1,7,19,213,14,16065,True,False
8859,6497,1,2026-03-29,1,4,9,99,8,16067,True,False
8860,6497,2,2026-04-22,1,4,9,99,8,16068,True,False
8861,6497,1,2026-04-14,1,4,9,99,8,16069,True,False
8862,6498,2,2024-12-10,1,24,73,857,48,16071,True,False
8863,6498,2,2024-12-23,1,24,73,857,48,16072,True,False
8864,6500,1,2026-03-20,1,4,10,107,8,16079,True,False
8865,6500,2,2026-03-02,1,4,10,107,8,16080,True,False
8866,6501,1,2026-06-25,1,4,11,114,8,16081,True,False
8867,6502,1,2025-04-15,1,4,9,96,8,16082,True,False
8868,6502,1,2025-04-09,1,4,9,96,8,16083,True,False
8869,6503,1,2025-06-20,1,4,10,110,8,16085,True,False
8870,6504,1,2026-03-26,1,7,18,205,13,16087,True,False
8871,6505,1,2025-09-30,1,13,34,387,26,16090,True,False
8872,6505,1,2025-09-10,1,13,34,387,26,16091,True,False
8873,6508,2,2026-06-28,1,4,10,107,7,16095,True,False
8874,6508,1,2026-06-26,1,4,10,107,7,16097,True,False
8875,6508,1,2026-06-07,1,4,10,107,7,16098,True,False
8876,6509,2,2024-11-28,1,4,9,100,7,16099,True,False
8877,6509,1,2024-12-09,1,4,9,100,7,16100,True,False
8878,6509,1,2024-12-08,1,4,9,100,7,16101,True,False
8879,6510,1,2024-12-01,1,26,81,946,52,16102,True,False
8880,6510,1,2024-12-08,1,26,81,946,52,16104,True,False
8881,6514,2,2024-10-05,1,8,21,229,16,16109,True,False
8882,6514,1,2024-09-06,1,8,21,229,16,16110,True,False
8883,6515,1,2026-04-03,1,4,11,112,8,16113,True,False
8884,6515,1,2026-04-06,1,4,11,112,8,16114,True,False
8885,6516,2,2026-04-17,1,4,10,107,7,16115,True,False
8886,6517,1,2024-07-24,1,3,7,78,6,16117,True,False
8887,6518,1,2026-05-23,1,4,11,116,8,16118,True,False
8888,6519,1,2026-03-03,1,10,27,299,19,16120,True,False
8889,6520,1,2026-03-02,1,4,11,118,8,16121,True,False
8890,6521,2,2025-07-31,1,29,90,1048,57,16123,True,False
8891,6521,2,2025-07-27,1,29,90,1048,57,16124,True,False
8892,6521,1,2025-07-25,1,29,90,1048,57,16125,True,False
8893,6522,1,2026-04-19,1,8,21,232,15,16126,True,False
8894,6524,1,2026-02-17,1,19,56,653,37,16130,True,False
8895,6525,1,2025-02-13,1,15,40,461,29,16132,True,False
8896,6527,1,2025-01-12,1,3,7,80,6,16136,True,False
8897,6527,1,2025-01-29,1,3,7,80,6,16137,True,False
8898,6528,1,2025-08-12,1,22,63,730,43,16138,True,False
8899,6529,1,2026-04-28,1,2,4,47,4,16143,True,False
8900,6530,1,2025-04-01,1,13,34,381,25,16144,True,False
8901,6530,1,2025-04-03,1,13,34,381,25,16145,True,False
8902,6531,1,2025-02-13,1,3,7,78,6,16146,True,False
8903,6533,1,2024-09-03,1,4,10,102,8,16149,True,False
8904,6535,1,2026-04-17,1,4,9,98,7,16154,True,False
8905,6535,1,2026-04-22,1,4,9,98,7,16155,True,False
8906,6536,1,2026-07-13,1,24,73,845,48,16156,True,False
8907,6537,2,2026-03-23,1,17,44,508,33,16159,True,False
8908,6537,1,2026-03-27,1,17,44,508,33,16160,True,False
8909,6540,1,2025-07-03,1,26,81,946,51,16164,True,False
8910,6540,1,2025-07-03,1,26,81,946,51,16165,True,False
8911,6541,1,2026-05-11,1,20,58,682,39,16168,True,False
8912,6542,1,2024-10-29,1,10,27,296,20,16171,True,False
8913,6543,2,2026-05-11,1,16,42,488,32,16175,True,True
8914,6543,1,2026-05-16,1,16,42,488,32,16176,True,False
8915,6544,1,2025-05-29,1,2,4,40,3,16179,True,False
8916,6545,1,2026-02-16,1,4,11,116,7,16180,True,False
8917,6545,1,2026-02-18,1,4,11,116,7,16181,True,False
8918,6545,1,2026-03-08,1,4,11,116,7,16182,True,False
8919,6546,1,2026-01-22,1,16,41,473,31,16183,True,False
8920,6546,1,2026-01-08,1,16,41,473,31,16184,True,False
8921,6546,1,2026-01-23,1,16,41,473,31,16185,True,False
8922,6547,1,2026-01-10,1,25,78,905,49,16186,True,False
8923,6548,2,2026-04-10,1,4,11,116,8,16187,True,False
8924,6548,1,2026-03-19,1,4,11,116,8,16188,True,False
8925,6548,1,2026-04-12,1,4,11,116,8,16189,True,False
8926,6548,1,2026-03-18,1,4,11,116,8,16190,True,False
8927,6550,1,2026-06-15,1,18,51,588,35,16193,True,False
8928,6550,1,2026-06-27,1,18,51,588,35,16195,True,False
8929,6551,1,2026-04-03,1,7,19,215,14,16196,True,False
8930,6552,1,2024-09-06,1,4,10,105,7,16197,True,False
8931,6553,1,2026-06-11,1,24,74,863,47,16200,True,False
8932,6554,2,2026-03-05,1,23,70,808,45,16202,True,False
8933,6554,1,2026-03-20,1,23,70,808,45,16203,True,False
8934,6555,1,2026-03-16,1,4,11,119,8,16206,True,False
8935,6555,1,2026-03-21,1,4,11,119,8,16207,True,False
8936,6556,1,2026-07-15,1,4,11,118,8,16209,True,False
8937,6556,2,2026-07-21,1,4,11,118,8,16210,True,False
8938,6557,1,2026-04-09,1,28,87,1005,56,16213,True,True
8939,6557,1,2026-04-20,1,28,87,1005,56,16214,True,False
8940,6558,1,2024-11-11,1,4,9,100,7,16216,True,False
8941,6558,1,2024-11-15,1,4,9,100,7,16218,True,False
8942,6559,2,2026-02-06,1,3,5,62,5,16220,True,False
8943,6560,1,2026-03-27,1,4,10,109,8,16223,True,False
8944,6561,1,2025-05-08,1,1,1,14,1,16226,True,False
8945,6561,1,2025-05-14,1,1,1,14,1,16228,True,False
8946,6562,1,2025-07-16,1,6,15,158,11,16230,True,False
8947,6562,1,2025-07-01,1,6,15,158,11,16231,True,False
8948,6562,1,2025-06-25,1,6,15,158,11,16232,True,False
8949,6563,1,2025-07-20,1,3,6,67,6,16235,True,False
8950,6563,1,2025-07-08,1,3,6,67,6,16236,True,False
8951,6564,2,2026-07-14,1,4,9,94,8,16238,True,False
8952,6565,1,2026-04-20,1,21,62,726,42,16239,True,False
8953,6565,1,2026-04-29,1,21,62,726,42,16241,True,False
8954,6567,1,2025-08-02,1,25,75,876,49,16246,True,False
8955,6568,1,2026-03-21,1,26,79,918,52,16249,True,False
8956,6568,1,2026-03-22,1,26,79,918,52,16250,True,False
8957,6569,1,2026-06-23,1,4,11,120,7,16251,True,False
8958,6569,2,2026-07-07,1,4,11,120,7,16252,True,False
8959,6570,2,2026-07-03,1,7,18,193,14,16253,True,False
8960,6571,1,2024-11-13,1,1,2,28,2,16256,True,False
8961,6572,2,2026-04-10,1,4,11,115,8,16257,True,False
8962,6574,1,2026-03-13,1,1,1,2,2,16259,True,False
8963,6575,1,2025-08-06,1,7,18,201,13,16260,True,False
8964,6575,1,2025-07-31,1,7,18,201,13,16261,True,False
8965,6576,1,2026-04-10,1,18,51,593,35,16264,True,False
8966,6576,1,2026-05-08,1,18,51,593,35,16265,True,False
8967,6577,2,2025-09-15,1,4,10,110,8,16267,True,False
8968,6578,2,2025-09-22,1,4,10,109,7,16268,True,False
8969,6579,1,2024-12-15,1,3,7,80,6,16270,True,False
8970,6580,1,2026-06-18,1,4,11,115,7,16272,True,False
8971,6581,1,2024-07-28,1,3,7,78,5,16276,True,False
8972,6582,1,2026-04-27,1,12,31,355,24,16278,True,False
8973,6584,2,2024-10-19,1,4,10,105,7,16284,True,False
8974,6586,1,2025-05-13,1,4,11,119,8,16289,True,False
8975,6587,1,2026-03-24,1,9,25,285,18,16290,True,False
8976,6587,2,2026-03-30,1,9,25,285,18,16291,True,False
8977,6588,2,2025-08-10,1,28,85,985,56,16293,True,False
8978,6588,1,2025-07-16,1,28,85,985,56,16294,True,False
8979,6588,1,2025-08-07,1,28,85,985,56,16295,True,False
8980,6588,1,2025-08-04,1,28,85,985,56,16296,True,False
8981,6589,1,2026-07-14,1,3,6,68,6,16297,True,False
8982,6589,1,2026-07-07,1,3,6,68,6,16300,True,False
8983,6590,2,2026-02-07,1,4,10,109,8,16301,True,False
8984,6590,1,2026-02-27,1,4,10,109,8,16302,True,False
8985,6590,1,2026-02-10,1,4,10,109,8,16303,True,False
8986,6591,1,2026-06-22,1,26,79,921,51,16306,True,False
8987,6591,2,2026-05-25,1,26,79,921,51,16307,True,False
8988,6592,1,2026-01-13,1,23,67,779,46,16309,True,False
8989,6592,1,2026-01-16,1,23,67,779,46,16310,True,False
8990,6594,1,2024-11-16,1,29,89,1032,58,16317,True,False
8991,6594,2,2024-12-02,1,29,89,1032,58,16318,True,False
8992,6595,1,2026-04-26,1,4,11,112,8,16320,True,False
8993,6595,1,2026-04-16,1,4,11,112,8,16321,True,True
8994,6596,2,2026-04-13,1,8,21,234,15,16323,True,False
8995,6596,1,2026-04-16,1,8,21,234,15,16324,True,False
8996,6597,1,2025-09-05,1,3,6,68,6,16326,True,False
8997,6597,1,2025-08-29,1,3,6,68,6,16327,True,False
8998,6597,1,2025-09-01,1,3,6,68,6,16328,True,False
8999,6597,1,2025-08-26,1,3,6,68,6,16329,True,False
9000,6598,1,2024-11-14,1,25,76,891,50,16330,True,False
9001,6599,1,2024-10-05,1,29,90,1043,58,16333,True,False
9002,6599,1,2024-10-20,1,29,90,1043,58,16334,True,False
9003,6599,1,2024-09-27,1,29,90,1043,58,16335,True,False
9004,6601,2,2026-05-12,1,4,10,103,8,16338,True,False
9005,6601,1,2026-05-15,1,4,10,103,8,16339,True,False
9006,6603,2,2026-05-08,1,4,9,98,8,16342,True,False
9007,6604,1,2025-11-21,1,8,20,224,15,16345,True,False
9008,6606,1,2024-10-23,1,25,76,887,50,16352,True,False
9009,6607,1,2025-02-06,1,4,9,101,7,16356,True,False
9010,6608,1,2025-08-30,1,15,39,445,30,16359,True,False
9011,6609,2,2026-04-13,1,4,9,96,7,16362,True,False
9012,6609,1,2026-04-23,1,4,9,96,7,16363,True,False
9013,6610,1,2024-12-05,1,10,27,299,19,16365,True,False
9014,6611,1,2024-10-11,1,23,68,794,46,16367,True,False
9015,6612,1,2025-01-13,1,4,9,101,7,16369,True,False
9016,6612,1,2025-02-06,1,4,9,101,7,16371,True,False
9017,6613,1,2026-03-08,1,4,11,113,8,16373,True,True
9018,6613,1,2026-03-07,1,4,11,113,8,16374,True,False
9019,6614,1,2025-05-05,1,20,58,672,40,16376,True,False
9020,6614,1,2025-05-11,1,20,58,672,40,16377,True,False
9021,6615,1,2025-08-03,1,22,65,752,44,16378,True,False
9022,6615,1,2025-08-01,1,22,65,752,44,16381,True,False
9023,6616,1,2024-08-07,1,25,76,886,50,16382,True,False
9024,6619,1,2025-07-22,1,25,75,875,49,16389,True,False
9025,6621,2,2025-01-09,1,18,51,594,36,16392,True,False
9026,6622,1,2024-09-30,1,29,90,1041,58,16394,True,False
9027,6622,2,2024-09-30,1,29,90,1041,58,16395,True,False
9028,6622,1,2024-09-21,1,29,90,1041,58,16396,True,False
9029,6623,1,2026-06-07,1,23,68,794,45,16397,True,False
9030,6623,1,2026-05-23,1,23,68,794,45,16398,True,False
9031,6623,1,2026-05-28,1,23,68,794,45,16399,True,False
9032,6624,1,2025-05-18,1,4,9,95,8,16400,True,False
9033,6625,2,2025-08-28,1,1,1,6,2,16401,True,False
9034,6626,1,2025-10-04,1,17,46,533,33,16403,True,False
9035,6627,1,2025-08-17,1,5,13,139,10,16404,True,False
9036,6628,1,2025-10-31,1,1,2,21,2,16407,True,False
9037,6629,1,2024-12-11,1,4,9,94,7,16412,True,False
9038,6631,1,2024-10-22,1,20,60,697,40,16414,True,False
9039,6631,1,2024-11-09,1,20,60,697,40,16415,True,False
9040,6631,1,2024-10-26,1,20,60,697,40,16416,True,False
9041,6631,2,2024-10-16,1,20,60,697,40,16417,True,False
9042,6632,1,2024-08-27,1,25,77,894,50,16418,True,False
9043,6632,1,2024-09-01,1,25,77,894,50,16419,True,False
9044,6633,2,2026-06-10,1,3,8,84,6,16421,True,False
9045,6633,2,2026-05-19,1,3,8,84,6,16422,True,False
9046,6636,1,2024-12-05,1,1,2,24,1,16427,True,False
9047,6636,2,2024-12-07,1,1,2,24,1,16428,True,False
9048,6637,1,2024-12-19,1,14,38,439,28,16429,True,False
9049,6637,1,2025-01-14,1,14,38,439,28,16430,True,False
9050,6637,1,2024-12-21,1,14,38,439,28,16431,True,False
9051,6638,1,2024-09-17,1,24,73,844,47,16434,True,False
9052,6639,1,2025-08-25,1,21,61,716,41,16435,True,False
9053,6639,1,2025-09-04,1,21,61,716,41,16436,True,False
9054,6642,1,2026-02-25,1,25,78,903,49,16439,True,False
9055,6643,1,2026-06-03,1,11,30,334,22,16442,True,False
9056,6645,1,2026-05-11,1,4,11,113,7,16445,True,False
9057,6645,1,2026-05-07,1,4,11,113,7,16448,True,False
9058,6646,1,2025-02-08,1,3,8,87,6,16449,True,False
9059,6647,1,2025-11-18,1,4,9,95,8,16450,True,False
9060,6647,1,2025-11-24,1,4,9,95,8,16451,True,False
9061,6649,1,2026-03-23,1,10,28,307,20,16456,True,False
9062,6650,2,2025-05-15,1,8,21,229,16,16458,True,False
9063,6650,2,2025-05-21,1,8,21,229,16,16459,True,False
9064,6652,2,2025-12-24,1,4,10,111,7,16464,True,False
9065,6653,2,2026-02-13,1,4,10,111,8,16469,True,False
9066,6654,2,2026-05-19,1,4,9,98,7,16470,True,False
9067,6654,2,2026-05-26,1,4,9,98,7,16471,True,False
9068,6655,1,2026-03-21,1,3,8,84,5,16473,True,False
9069,6655,1,2026-04-03,1,3,8,84,5,16475,True,False
9070,6656,2,2025-05-22,1,1,1,4,2,16477,True,False
9071,6657,1,2024-10-27,1,4,9,94,8,16478,True,False
9072,6659,1,2025-10-22,1,3,8,85,5,16481,True,False
9073,6659,1,2025-10-18,1,3,8,85,5,16482,True,False
9074,6660,1,2025-06-26,1,1,2,28,2,16483,True,False
9075,6660,1,2025-06-30,1,1,2,28,2,16484,True,False
9076,6660,1,2025-07-03,1,1,2,28,2,16485,True,False
9077,6660,1,2025-06-26,1,1,2,28,2,16486,True,False
9078,6661,2,2026-03-25,1,8,21,229,15,16487,True,False
9079,6663,1,2026-05-24,1,4,10,105,8,16492,True,False
9080,6663,1,2026-05-28,1,4,10,105,8,16493,True,False
9081,6666,1,2025-04-04,1,27,82,952,54,16497,True,False
9082,6667,1,2025-05-23,1,1,1,6,1,16498,True,False
9083,6670,1,2025-10-31,1,12,32,367,24,16502,True,False
9084,6671,1,2025-02-03,1,16,43,495,31,16505,True,False
9085,6672,1,2025-05-19,1,22,63,735,44,16507,True,False
9086,6672,1,2025-05-07,1,22,63,735,44,16509,True,False
9087,6673,1,2025-03-28,1,16,42,482,32,16510,True,False
9088,6673,1,2025-04-17,1,16,42,482,32,16512,True,False
9089,6673,1,2025-04-12,1,16,42,482,32,16513,True,False
9090,6674,1,2026-03-24,1,16,42,491,32,16515,True,False
9091,6675,1,2024-08-29,1,1,1,7,2,16519,True,False
9092,6676,1,2025-02-06,1,4,11,113,7,16521,True,False
9093,6677,1,2026-07-15,1,21,62,723,41,16526,True,False
9094,6679,1,2026-03-28,1,30,91,1056,59,16530,True,False
9095,6681,1,2025-03-31,1,11,30,339,21,16534,True,False
9096,6682,2,2025-03-15,1,25,77,893,49,16536,True,True
9097,6683,1,2026-06-16,1,4,10,105,7,16537,True,False
9098,6684,1,2025-07-30,1,16,42,491,32,16539,True,False
9099,6685,1,2025-01-31,1,11,29,321,21,16542,True,False
9100,6685,1,2025-01-11,1,11,29,321,21,16543,True,False
9101,6686,1,2026-05-18,1,4,9,101,7,16547,True,False
9102,6686,1,2026-05-31,1,4,9,101,7,16548,True,False
9103,6688,1,2025-05-29,1,11,30,332,22,16551,True,False
9104,6692,1,2025-05-25,1,19,55,640,38,16557,True,False
9105,6693,1,2025-12-19,1,13,35,396,26,16558,True,False
9106,6693,1,2025-12-05,1,13,35,396,26,16559,True,False
9107,6693,1,2025-11-30,1,13,35,396,26,16561,True,False
9108,6694,1,2025-11-26,1,4,9,96,7,16562,True,False
9109,6695,1,2024-10-04,1,16,43,496,32,16563,True,False
9110,6696,1,2025-10-17,1,8,21,235,15,16564,True,False
9111,6697,1,2025-03-07,1,13,33,369,26,16565,True,False
9112,6697,1,2025-02-18,1,13,33,369,26,16567,True,False
9113,6697,1,2025-02-23,1,13,33,369,26,16568,True,False
9114,6699,1,2025-04-02,1,16,43,495,32,16571,True,False
9115,6700,1,2026-06-01,1,4,9,93,7,16574,True,False
9116,6700,1,2026-06-19,1,4,9,93,7,16575,True,False
9117,6701,2,2026-05-03,1,5,14,153,10,16577,True,True
9118,6701,1,2026-05-15,1,5,14,153,10,16578,True,False
9119,6702,1,2026-05-27,1,1,1,10,2,16579,True,False
9120,6702,1,2026-05-21,1,1,1,10,2,16580,True,False
9121,6704,1,2026-05-16,1,4,11,115,8,16583,True,False
9122,6704,1,2026-06-07,1,4,11,115,8,16584,True,False
9123,6705,2,2026-03-24,1,4,9,100,7,16585,True,False
9124,6706,1,2025-10-30,1,17,46,527,33,16586,True,False
9125,6706,1,2025-10-11,1,17,46,527,33,16587,True,False
9126,6707,1,2026-04-24,1,29,90,1043,57,16588,True,False
9127,6707,1,2026-04-24,1,29,90,1043,57,16589,True,False
9128,6708,1,2024-12-31,1,4,9,94,7,16592,True,False
9129,6708,1,2025-01-15,1,4,9,94,7,16593,True,False
9130,6711,2,2026-06-17,1,24,74,864,47,16604,True,False
9131,6712,1,2025-11-18,1,29,89,1032,58,16605,True,False
9132,6712,1,2025-11-11,1,29,89,1032,58,16606,True,False
9133,6712,1,2025-11-03,1,29,89,1032,58,16607,True,False
9134,6713,1,2026-01-03,1,4,10,108,8,16610,True,False
9135,6713,1,2025-12-31,1,4,10,108,8,16611,True,False
9136,6715,1,2024-10-16,1,27,84,973,54,16615,True,False
9137,6715,1,2024-10-18,1,27,84,973,54,16616,True,False
9138,6716,1,2026-04-17,1,4,9,98,8,16618,True,False
9139,6716,1,2026-04-05,1,4,9,98,8,16620,True,False
9140,6717,1,2026-01-10,1,22,64,745,43,16622,True,False
9141,6717,2,2026-01-09,1,22,64,745,43,16623,True,True
9142,6718,1,2026-01-19,1,20,57,664,40,16624,True,False
9143,6718,1,2026-01-17,1,20,57,664,40,16627,True,False
9144,6721,1,2026-06-02,1,4,10,105,8,16633,True,False
9145,6723,1,2026-04-21,1,4,9,96,7,16636,True,False
9146,6723,1,2026-04-14,1,4,9,96,7,16637,True,False
9147,6723,1,2026-04-05,1,4,9,96,7,16638,True,True
9148,6724,1,2026-04-22,1,4,9,96,8,16640,True,False
9149,6725,2,2026-05-31,1,20,60,704,39,16641,True,False
9150,6726,1,2026-01-26,1,18,49,561,35,16643,True,False
9151,6727,1,2025-04-09,1,18,49,561,36,16645,True,False
9152,6729,1,2026-05-29,1,4,10,107,7,16648,True,False
9153,6729,1,2026-05-25,1,4,10,107,7,16650,True,False
9154,6730,2,2026-04-13,1,4,11,117,7,16651,True,False
9155,6732,1,2025-04-29,1,1,2,17,1,16656,True,False
9156,6733,1,2026-05-21,1,4,9,98,8,16657,True,False
9157,6733,2,2026-05-29,1,4,9,98,8,16658,True,False
9158,6733,1,2026-05-13,1,4,9,98,8,16659,True,False
9159,6733,1,2026-05-22,1,4,9,98,8,16660,True,False
9160,6734,1,2026-05-31,1,4,11,116,7,16661,True,False
9161,6734,2,2026-06-21,1,4,11,116,7,16662,True,False
9162,6735,1,2026-01-04,1,2,4,53,3,16666,True,False
9163,6735,1,2026-01-06,1,2,4,53,3,16667,True,False
9164,6736,1,2025-07-31,1,18,50,572,35,16668,True,False
9165,6736,1,2025-08-03,1,18,50,572,35,16669,True,True
9166,6737,1,2025-12-19,1,27,84,977,53,16670,True,False
9167,6737,2,2025-12-01,1,27,84,977,53,16671,True,False
9168,6738,1,2026-02-11,1,3,7,83,6,16672,True,False
9169,6740,1,2026-06-12,1,20,58,680,40,16676,True,False
9170,6740,1,2026-06-21,1,20,58,680,40,16678,True,False
9171,6741,1,2025-06-16,1,9,22,247,18,16679,True,False
9172,6741,1,2025-06-26,1,9,22,247,18,16680,True,False
9173,6741,2,2025-06-01,1,9,22,247,18,16681,True,False
9174,6742,1,2024-09-20,1,4,10,111,8,16683,True,False
9175,6743,2,2024-12-01,1,4,10,107,8,16684,True,False
9176,6743,2,2024-12-21,1,4,10,107,8,16685,True,False
9177,6745,1,2026-04-25,1,8,21,229,16,16688,True,False
9178,6746,2,2024-10-28,1,17,46,530,33,16691,True,False
9179,6746,1,2024-10-30,1,17,46,530,33,16692,True,False
9180,6746,1,2024-11-21,1,17,46,530,33,16693,True,False
9181,6747,2,2026-03-11,1,4,11,120,8,16694,True,False
9182,6747,1,2026-03-08,1,4,11,120,8,16695,True,False
9183,6747,1,2026-03-16,1,4,11,120,8,16696,True,False
9184,6749,1,2025-11-23,1,22,64,745,44,16698,True,False
9185,6749,1,2025-12-03,1,22,64,745,44,16699,True,False
9186,6750,2,2025-03-23,1,28,88,1019,56,16702,True,False
9187,6751,2,2026-06-26,1,4,10,105,7,16705,True,False
9188,6753,1,2025-12-24,1,1,2,25,2,16707,True,False
9189,6754,1,2026-06-23,1,10,28,310,20,16710,True,False
9190,6754,1,2026-06-25,1,10,28,310,20,16712,True,False
9191,6755,1,2026-06-23,1,7,19,213,14,16714,True,False
9192,6756,1,2026-05-05,1,3,6,66,6,16716,True,False
9193,6756,1,2026-06-01,1,3,6,66,6,16717,True,False
9194,6757,1,2024-12-08,1,3,6,67,6,16720,True,False
9195,6758,1,2025-05-08,1,17,48,548,34,16721,True,False
9196,6759,1,2024-09-05,1,12,32,367,23,16723,True,False
9197,6760,1,2026-06-15,1,4,10,108,8,16726,True,False
9198,6761,1,2024-10-10,1,30,91,1050,59,16730,True,True
9199,6761,1,2024-10-01,1,30,91,1050,59,16731,True,False
9200,6762,1,2026-04-04,1,3,5,59,5,16733,True,False
9201,6763,1,2026-01-25,1,3,6,72,6,16734,True,False
9202,6763,1,2026-01-04,1,3,6,72,6,16736,True,False
9203,6766,1,2026-02-02,1,24,71,823,48,16739,True,False
9204,6766,1,2026-02-15,1,24,71,823,48,16741,True,False
9205,6767,1,2024-12-13,1,8,20,216,16,16743,True,True
9206,6767,2,2024-12-29,1,8,20,216,16,16744,True,False
9207,6767,1,2025-01-09,1,8,20,216,16,16745,True,False
9208,6768,1,2025-12-24,1,1,2,27,1,16747,True,False
9209,6769,1,2026-07-12,1,9,24,272,18,16749,True,False
9210,6769,1,2026-07-16,1,9,24,272,18,16752,True,False
9211,6770,1,2026-03-12,1,4,10,110,7,16753,True,False
9212,6770,2,2026-02-27,1,4,10,110,7,16755,True,False
9213,6771,1,2025-11-19,1,4,9,95,7,16758,True,True
9214,6771,1,2025-11-30,1,4,9,95,7,16759,True,False
9215,6773,1,2026-01-05,1,10,28,313,19,16763,True,False
9216,6773,2,2025-12-19,1,10,28,313,19,16765,True,False
9217,6774,1,2026-05-23,1,30,92,1073,60,16766,True,False
9218,6774,2,2026-06-03,1,30,92,1073,60,16767,True,False
9219,6774,1,2026-06-09,1,30,92,1073,60,16768,True,False
9220,6775,2,2024-09-13,1,1,1,5,1,16769,True,False
9221,6775,1,2024-09-27,1,1,1,5,1,16770,True,False
9222,6775,1,2024-09-08,1,1,1,5,1,16771,True,False
9223,6776,1,2026-03-16,1,4,11,117,8,16772,True,True
9224,6776,1,2026-03-04,1,4,11,117,8,16773,True,False
9225,6776,1,2026-03-13,1,4,11,117,8,16774,True,False
9226,6776,1,2026-03-24,1,4,11,117,8,16775,True,False
9227,6777,2,2024-12-01,1,4,10,106,8,16777,True,False
9228,6778,1,2024-11-30,1,14,37,425,28,16779,True,False
9229,6780,2,2024-10-29,1,4,9,101,7,16783,True,False
9230,6782,2,2024-11-10,1,28,86,1004,56,16786,True,False
9231,6782,1,2024-11-05,1,28,86,1004,56,16787,True,False
9232,6783,1,2025-06-06,1,10,28,318,19,16788,True,False
9233,6785,1,2025-10-14,1,21,62,723,41,16794,True,False
9234,6785,1,2025-10-07,1,21,62,723,41,16796,True,False
9235,6786,1,2026-02-07,1,4,11,118,7,16798,True,False
9236,6787,1,2026-04-07,1,4,11,118,7,16799,True,False
9237,6787,1,2026-03-22,1,4,11,118,7,16800,True,False
9238,6788,1,2024-08-27,1,29,89,1036,58,16801,True,False
9239,6789,1,2026-03-17,1,4,9,95,8,16802,True,False
9240,6789,1,2026-03-16,1,4,9,95,8,16804,True,False
9241,6790,2,2024-10-05,1,4,11,113,7,16805,True,False
9242,6791,1,2025-04-28,1,4,11,117,7,16806,True,False
9243,6792,1,2025-10-10,1,4,9,99,7,16808,True,False
9244,6794,1,2025-12-02,1,26,80,942,52,16812,True,False
9245,6795,2,2024-10-28,1,4,9,101,7,16814,True,False
9246,6795,1,2024-10-24,1,4,9,101,7,16815,True,False
9247,6795,2,2024-10-18,1,4,9,101,7,16816,True,False
9248,6796,1,2025-02-20,1,4,9,94,7,16817,True,False
9249,6797,2,2026-07-22,1,1,2,23,2,16819,True,False
9250,6797,1,2026-07-17,1,1,2,23,2,16821,True,False
9251,6799,1,2025-02-02,1,5,12,130,10,16826,True,False
9252,6800,2,2024-12-09,1,14,37,428,27,16827,True,False
9253,6801,2,2026-06-14,1,9,22,239,18,16829,True,False
9254,6802,1,2024-08-25,1,18,49,564,36,16832,True,False
9255,6803,2,2025-06-16,1,4,9,98,8,16834,True,False
9256,6803,2,2025-07-01,1,4,9,98,8,16835,True,False
9257,6804,2,2024-11-28,1,28,86,1002,55,16836,True,False
9258,6805,1,2025-05-16,1,10,27,297,19,16838,True,False
9259,6805,2,2025-05-19,1,10,27,297,19,16839,True,False
9260,6806,1,2025-06-03,1,4,11,114,7,16840,True,False
9261,6806,1,2025-06-08,1,4,11,114,7,16841,True,False
9262,6808,1,2025-10-24,1,30,92,1073,59,16844,True,False
9263,6809,2,2026-06-28,1,11,29,321,22,16845,True,False
9264,6809,1,2026-06-04,1,11,29,321,22,16846,True,False
9265,6809,1,2026-06-03,1,11,29,321,22,16847,True,False
9266,6809,1,2026-06-30,1,11,29,321,22,16848,True,False
9267,6810,2,2025-02-04,1,4,11,115,7,16849,True,False
9268,6811,2,2025-03-03,1,17,46,528,34,16850,True,False
9269,6811,1,2025-03-05,1,17,46,528,34,16851,True,False
9270,6813,1,2025-10-10,1,1,1,5,2,16853,True,False
9271,6813,2,2025-10-29,1,1,1,5,2,16854,True,False
9272,6813,1,2025-10-04,1,1,1,5,2,16855,True,False
9273,6814,1,2024-09-10,1,3,6,68,6,16857,True,False
9274,6815,1,2026-02-16,1,4,9,93,8,16859,True,False
9275,6815,2,2026-02-08,1,4,9,93,8,16860,True,False
9276,6817,1,2024-12-13,1,14,36,409,28,16864,True,False
9277,6818,1,2024-08-25,1,24,73,849,47,16866,True,True
9278,6818,1,2024-09-06,1,24,73,849,47,16867,True,False
9279,6818,2,2024-09-05,1,24,73,849,47,16868,True,False
9280,6819,1,2024-09-25,1,11,29,322,21,16869,True,False
9281,6819,1,2024-10-12,1,11,29,322,21,16870,True,True
9282,6819,1,2024-09-19,1,11,29,322,21,16871,True,False
9283,6820,1,2026-03-14,1,19,53,619,38,16873,True,False
9284,6821,2,2024-10-28,1,1,1,5,1,16874,True,False
9285,6821,2,2024-10-08,1,1,1,5,1,16875,True,False
9286,6822,1,2026-03-30,1,28,87,1006,56,16879,True,False
9287,6823,1,2025-09-20,1,16,43,499,32,16881,True,False
9288,6823,1,2025-09-24,1,16,43,499,32,16882,True,False
9289,6823,1,2025-09-09,1,16,43,499,32,16883,True,False
9290,6824,1,2025-11-02,1,6,15,164,12,16885,True,False
9291,6828,1,2024-10-20,1,15,39,453,30,16893,True,False
9292,6828,1,2024-10-30,1,15,39,453,30,16895,True,False
9293,6828,1,2024-11-07,1,15,39,453,30,16896,True,False
9294,6829,1,2026-03-31,1,4,10,102,8,16898,True,False
9295,6829,2,2026-03-24,1,4,10,102,8,16899,True,False
9296,6830,1,2026-07-04,1,30,92,1070,60,16901,True,False
9297,6830,1,2026-07-26,1,30,92,1070,60,16902,True,False
9298,6830,1,2026-07-24,1,30,92,1070,60,16904,True,False
9299,6831,1,2025-09-08,1,19,54,633,38,16905,True,False
9300,6832,2,2026-02-10,1,20,60,696,40,16906,True,False
9301,6833,1,2025-11-17,1,26,81,950,51,16910,True,False
9302,6833,2,2025-11-28,1,26,81,950,51,16911,True,False
9303,6835,1,2025-01-23,1,4,11,112,7,16913,True,False
9304,6836,1,2025-12-30,1,4,9,99,8,16914,True,False
9305,6837,1,2026-04-09,1,4,10,107,8,16918,True,False
9306,6838,1,2025-11-24,1,16,42,485,31,16919,True,False
9307,6839,2,2026-03-20,1,1,1,12,1,16920,True,False
9308,6840,1,2025-11-01,1,5,14,147,10,16925,True,False
9309,6841,1,2024-09-27,1,4,10,110,8,16927,True,False
9310,6841,1,2024-09-29,1,4,10,110,8,16929,True,False
9311,6842,2,2026-01-17,1,17,47,534,33,16930,True,False
9312,6842,1,2026-01-16,1,17,47,534,33,16932,True,False
9313,6843,1,2025-03-26,1,1,2,15,1,16933,True,False
9314,6843,2,2025-02-28,1,1,2,15,1,16935,True,False
9315,6844,1,2025-08-26,1,22,65,762,44,16938,True,False
9316,6844,1,2025-09-02,1,22,65,762,44,16939,True,False
9317,6845,1,2024-08-17,1,29,90,1043,57,16941,True,False
9318,6846,1,2024-10-13,1,4,11,116,7,16942,True,False
9319,6847,1,2026-01-26,1,17,48,550,33,16947,True,False
9320,6847,2,2026-01-24,1,17,48,550,33,16948,True,False
9321,6848,1,2024-11-24,1,1,1,9,2,16951,True,False
9322,6850,1,2024-09-30,1,22,63,735,43,16957,True,False
9323,6852,1,2024-12-09,1,20,57,658,40,16959,True,False
9324,6853,1,2025-09-24,1,9,25,281,18,16960,True,False
9325,6853,1,2025-09-19,1,9,25,281,18,16961,True,False
9326,6854,1,2026-03-30,1,4,9,93,8,16962,True,False
9327,6854,1,2026-04-12,1,4,9,93,8,16963,True,False
9328,6854,1,2026-04-25,1,4,9,93,8,16964,True,False
9329,6855,2,2025-03-19,1,12,32,367,24,16965,True,False
9330,6855,1,2025-03-18,1,12,32,367,24,16966,True,False
9331,6855,2,2025-03-09,1,12,32,367,24,16968,True,False
9332,6857,1,2026-02-12,1,4,10,108,7,16971,True,False
9333,6857,1,2026-02-14,1,4,10,108,7,16972,True,False
9334,6858,1,2026-04-15,1,26,81,949,52,16973,True,False
9335,6860,2,2026-01-11,1,7,18,199,14,16975,True,False
9336,6861,2,2026-06-12,1,4,11,114,7,16976,True,False
9337,6861,1,2026-06-17,1,4,11,114,7,16977,True,False
9338,6862,2,2026-02-16,1,27,82,952,54,16981,True,False
9339,6863,1,2025-01-02,1,26,79,927,51,16983,True,False
9340,6866,1,2025-06-24,1,4,9,97,7,16989,True,False
9341,6867,1,2025-09-24,1,29,89,1036,58,16991,True,False
9342,6868,2,2026-06-23,1,1,1,9,1,16993,True,False
9343,6869,1,2025-10-26,1,29,89,1036,57,16996,True,False
9344,6869,1,2025-10-29,1,29,89,1036,57,16997,True,False
9345,6870,2,2026-06-02,1,4,10,107,7,16998,True,False
9346,6870,1,2026-06-06,1,4,10,107,7,16999,True,False
9347,6871,1,2024-07-26,1,21,62,719,41,17003,True,False
9348,6872,2,2026-03-15,1,6,16,175,12,17004,True,False
9349,6873,1,2025-07-16,1,22,65,752,43,17008,True,False
9350,6873,2,2025-07-04,1,22,65,752,43,17009,True,False
9351,6874,1,2024-09-16,1,22,65,755,44,17012,True,True
9352,6874,1,2024-09-24,1,22,65,755,44,17013,True,False
9353,6875,1,2025-07-26,1,29,89,1030,58,17014,True,False
9354,6876,1,2026-04-17,1,6,16,173,11,17015,True,False
9355,6876,1,2026-05-02,1,6,16,173,11,17016,True,False
9356,6877,1,2025-07-20,1,19,56,649,38,17019,True,False
9357,6877,1,2025-06-29,1,19,56,649,38,17021,True,False
9358,6879,2,2025-01-31,1,1,1,14,1,17025,True,True
9359,6881,1,2025-06-30,1,9,22,243,17,17027,True,False
9360,6881,2,2025-06-12,1,9,22,243,17,17029,True,False
9361,6882,1,2024-08-19,1,28,86,996,56,17031,True,False
9362,6882,2,2024-08-13,1,28,86,996,56,17032,True,True
9363,6883,1,2025-03-31,1,3,6,69,6,17034,True,False
9364,6885,1,2025-08-19,1,4,9,94,8,17039,True,False
9365,6885,1,2025-08-28,1,4,9,94,8,17040,True,False
9366,6885,1,2025-09-09,1,4,9,94,8,17041,True,False
9367,6886,2,2025-12-31,1,14,36,403,28,17044,True,False
9368,6887,1,2025-07-08,1,4,9,100,8,17048,True,False
9369,6888,1,2024-11-18,1,4,11,120,8,17050,True,False
9370,6888,1,2024-10-28,1,4,11,120,8,17051,True,False
9371,6890,1,2024-07-25,1,12,31,349,24,17057,True,False
9372,6890,2,2024-08-09,1,12,31,349,24,17058,True,False
9373,6891,1,2025-03-11,1,13,35,397,25,17060,True,False
9374,6891,1,2025-03-01,1,13,35,397,25,17061,True,False
9375,6892,1,2025-10-11,1,18,51,593,35,17062,True,False
9376,6893,1,2024-09-23,1,17,48,555,33,17064,True,False
9377,6894,1,2025-06-19,1,23,68,788,45,17065,True,False
9378,6895,2,2026-04-09,1,1,1,8,2,17067,True,False
9379,6895,1,2026-04-14,1,1,1,8,2,17068,True,False
9380,6895,1,2026-03-20,1,1,1,8,2,17069,True,False
9381,6896,1,2024-09-14,1,20,58,678,39,17071,True,False
9382,6897,1,2025-10-02,1,17,47,535,33,17072,True,False
9383,6897,1,2025-10-15,1,17,47,535,33,17073,True,False
9384,6898,1,2024-10-14,1,1,1,8,2,17076,True,False
9385,6898,2,2024-09-21,1,1,1,8,2,17077,True,False
9386,6900,1,2025-07-27,1,25,78,911,49,17081,True,False
9387,6903,1,2025-07-01,1,2,4,47,4,17086,True,False
9388,6903,1,2025-07-05,1,2,4,47,4,17088,True,False
9389,6906,2,2025-01-04,1,11,29,320,21,17092,True,False
9390,6906,2,2025-01-14,1,11,29,320,21,17093,True,False
9391,6906,1,2025-01-23,1,11,29,320,21,17094,True,False
9392,6907,2,2026-02-01,1,4,11,118,7,17097,True,False
9393,6907,1,2026-02-04,1,4,11,118,7,17098,True,False
9394,6908,2,2024-08-05,1,7,18,203,14,17100,True,False
9395,6909,1,2025-04-12,1,4,9,96,8,17103,True,False
9396,6909,1,2025-04-13,1,4,9,96,8,17104,True,False
9397,6909,1,2025-04-27,1,4,9,96,8,17105,True,False
9398,6910,1,2025-06-08,1,4,9,93,7,17107,True,False
9399,6910,2,2025-06-05,1,4,9,93,7,17108,True,False
9400,6911,2,2024-10-23,1,1,2,23,1,17110,True,False
9401,6911,1,2024-09-29,1,1,2,23,1,17111,True,False
9402,6911,2,2024-10-27,1,1,2,23,1,17112,True,False
9403,6912,1,2026-06-15,1,21,61,710,42,17113,True,False
9404,6913,1,2026-06-07,1,8,20,218,16,17115,True,False
9405,6914,1,2026-04-03,1,4,9,97,7,17116,True,False
9406,6915,2,2024-09-08,1,13,35,397,25,17118,True,False
9407,6915,1,2024-09-11,1,13,35,397,25,17119,True,False
9408,6917,1,2025-10-21,1,25,78,909,49,17122,True,False
9409,6917,1,2025-11-10,1,25,78,909,49,17123,True,False
9410,6917,1,2025-11-02,1,25,78,909,49,17124,True,False
9411,6917,1,2025-11-04,1,25,78,909,49,17125,True,False
9412,6918,2,2024-09-12,1,4,11,114,7,17128,True,False
9413,6918,1,2024-09-09,1,4,11,114,7,17129,True,False
9414,6920,1,2025-11-12,1,25,77,897,50,17133,True,False
9415,6920,1,2025-11-08,1,25,77,897,50,17134,True,False
9416,6921,1,2026-02-02,1,4,11,114,7,17137,True,False
9417,6923,1,2024-09-27,1,29,89,1030,57,17140,True,False
9418,6924,1,2025-10-02,1,22,63,731,43,17141,True,False
9419,6924,1,2025-10-12,1,22,63,731,43,17142,True,False
9420,6924,1,2025-10-07,1,22,63,731,43,17143,True,False
9421,6925,1,2024-11-10,1,20,59,692,40,17144,True,False
9422,6925,1,2024-11-07,1,20,59,692,40,17145,True,False
9423,6926,1,2025-01-15,1,9,24,273,17,17147,True,False
9424,6927,1,2025-12-03,1,3,5,54,6,17148,True,False
9425,6928,1,2025-01-04,1,4,11,119,7,17152,True,False
9426,6928,1,2024-12-26,1,4,11,119,7,17154,True,False
9427,6929,1,2026-02-19,1,17,45,519,34,17156,True,False
9428,6930,1,2024-08-18,1,12,32,362,23,17158,True,False
9429,6930,1,2024-09-03,1,12,32,362,23,17159,True,False
9430,6931,2,2026-01-04,1,4,11,118,8,17161,True,False
9431,6932,1,2026-03-24,1,2,4,49,4,17164,True,False
9432,6932,2,2026-03-08,1,2,4,49,4,17165,True,False
9433,6933,1,2026-06-09,1,17,47,538,33,17168,True,False
9434,6934,1,2025-05-22,1,29,89,1033,58,17170,True,False
9435,6934,1,2025-05-20,1,29,89,1033,58,17171,True,False
9436,6935,1,2025-09-17,1,27,82,954,53,17173,True,False
9437,6936,1,2026-03-14,1,3,6,73,5,17174,True,False
9438,6938,1,2026-01-31,1,17,44,506,34,17176,True,False
9439,6939,1,2024-09-11,1,30,92,1065,59,17177,True,False
9440,6940,1,2026-01-30,1,27,83,967,54,17181,True,False
9441,6941,1,2024-11-20,1,4,10,108,8,17185,True,False
9442,6942,1,2026-03-14,1,21,61,716,41,17188,True,False
9443,6943,1,2026-06-23,1,4,10,108,7,17190,True,False
9444,6943,1,2026-07-05,1,4,10,108,7,17191,True,False
9445,6943,1,2026-06-28,1,4,10,108,7,17192,True,False
9446,6945,1,2025-02-26,1,10,27,298,19,17195,True,False
9447,6947,1,2025-12-02,1,13,35,393,25,17199,True,False
9448,6947,1,2025-12-01,1,13,35,393,25,17201,True,False
9449,6948,1,2024-11-21,1,13,33,375,25,17203,True,False
9450,6948,1,2024-10-31,1,13,33,375,25,17204,True,False
9451,6948,1,2024-11-17,1,13,33,375,25,17205,True,False
9452,6951,1,2024-09-05,1,10,28,312,19,17211,True,False
9453,6951,1,2024-09-23,1,10,28,312,19,17212,True,False
9454,6954,1,2025-02-23,1,4,10,103,8,17216,True,False
9455,6954,1,2025-03-04,1,4,10,103,8,17217,True,False
9456,6954,1,2025-03-05,1,4,10,103,8,17219,True,False
9457,6955,1,2026-06-06,1,11,29,322,22,17220,True,False
9458,6956,1,2026-02-13,1,2,4,48,4,17223,True,False
9459,6959,1,2025-05-30,1,4,10,107,7,17229,True,False
9460,6960,1,2026-06-27,1,14,36,404,27,17232,True,False
9461,6961,2,2025-02-09,1,27,83,970,54,17235,True,False
9462,6961,1,2025-01-25,1,27,83,970,54,17236,True,True
9463,6962,1,2025-02-15,1,1,1,1,2,17238,True,False
9464,6962,1,2025-01-25,1,1,1,1,2,17239,True,False
9465,6962,1,2025-02-05,1,1,1,1,2,17240,True,False
9466,6963,1,2024-08-02,1,15,40,464,30,17241,True,False
9467,6964,1,2025-06-01,1,26,81,945,51,17243,True,False
9468,6964,1,2025-05-26,1,26,81,945,51,17245,True,False
9469,6965,1,2024-11-30,1,4,10,109,7,17247,True,False
9470,6965,1,2024-11-17,1,4,10,109,7,17249,True,False
9471,6965,1,2024-12-09,1,4,10,109,7,17250,True,False
9472,6967,1,2026-02-08,1,4,10,106,8,17252,True,False
9473,6967,1,2026-01-31,1,4,10,106,8,17254,True,False
9474,6968,1,2025-03-27,1,14,37,424,27,17257,True,False
9475,6969,1,2026-05-05,1,4,9,95,8,17258,True,False
9476,6970,1,2025-07-04,1,3,6,72,6,17259,True,False
9477,6970,1,2025-07-06,1,3,6,72,6,17260,True,False
9478,6971,1,2026-07-22,1,1,2,22,1,17261,True,False
9479,6971,1,2026-07-04,1,1,2,22,1,17263,True,False
9480,6971,2,2026-07-23,1,1,2,22,1,17264,True,False
9481,6972,2,2025-01-20,1,15,40,462,30,17265,True,False
9482,6972,1,2025-01-20,1,15,40,462,30,17266,True,False
9483,6973,1,2024-10-07,1,12,31,354,24,17267,True,False
9484,6973,1,2024-10-27,1,12,31,354,24,17269,True,False
9485,6973,1,2024-11-03,1,12,31,354,24,17270,True,False
9486,6974,1,2025-12-08,1,3,7,83,5,17271,True,False
9487,6974,2,2025-12-24,1,3,7,83,5,17272,True,False
9488,6974,2,2025-12-16,1,3,7,83,5,17273,True,False
9489,6975,1,2025-09-13,1,4,11,120,8,17274,True,False
9490,6975,1,2025-08-28,1,4,11,120,8,17275,True,True
9491,6976,1,2026-05-28,1,4,10,105,7,17276,True,False
9492,6976,1,2026-06-08,1,4,10,105,7,17278,True,False
9493,6977,1,2026-05-16,1,9,24,273,18,17279,True,False
9494,6978,2,2026-04-27,1,26,80,933,51,17281,True,False
9495,6979,1,2025-02-06,1,4,9,101,8,17285,True,False
9496,6980,1,2026-02-10,1,1,1,1,1,17289,True,False
9497,6981,2,2024-12-08,1,20,60,703,39,17291,True,False
9498,6981,1,2024-11-25,1,20,60,703,39,17292,True,False
9499,6982,1,2024-12-13,1,4,10,104,8,17296,True,False
9500,6984,1,2026-04-12,1,10,27,296,19,17299,True,False
9501,6986,2,2026-07-19,1,2,3,34,3,17302,True,False
9502,6987,1,2024-12-27,1,24,73,851,47,17305,True,False
9503,6987,1,2024-12-25,1,24,73,851,47,17307,True,False
9504,6988,1,2026-03-07,1,4,10,108,7,17309,True,False
9505,6989,1,2025-12-17,1,9,26,291,18,17312,True,False
9506,6989,1,2025-12-04,1,9,26,291,18,17314,True,False
9507,6990,1,2024-10-20,1,4,11,112,8,17315,True,False
9508,6991,1,2025-11-28,1,4,11,120,8,17318,True,False
9509,6991,2,2025-12-10,1,4,11,120,8,17319,True,False
9510,6991,1,2025-11-27,1,4,11,120,8,17320,True,False
9511,6992,1,2026-06-14,1,4,11,118,7,17322,True,False
9512,6992,1,2026-06-14,1,4,11,118,7,17323,True,False
9513,6995,2,2025-05-15,1,3,8,84,5,17330,True,False
9514,6996,1,2024-10-16,1,7,19,210,14,17331,True,False
9515,6997,1,2026-04-25,1,7,18,193,13,17333,True,False
9516,6997,2,2026-05-14,1,7,18,193,13,17334,True,False
9517,6999,1,2026-02-22,1,17,48,546,33,17337,True,False
9518,7000,1,2024-08-22,1,4,9,101,7,17338,True,False
9519,7000,2,2024-09-04,1,4,9,101,7,17341,True,False
9520,7001,2,2025-11-07,1,4,11,112,8,17342,True,False
9521,7001,1,2025-11-10,1,4,11,112,8,17343,True,False
9522,7001,1,2025-11-28,1,4,11,112,8,17344,True,False
9523,7002,1,2025-06-10,1,3,7,76,5,17345,True,False
9524,7002,2,2025-05-20,1,3,7,76,5,17347,True,False
9525,7003,2,2025-03-23,1,4,11,118,7,17351,True,False
9526,7004,2,2025-02-28,1,20,58,683,40,17352,True,False
9527,7005,1,2025-05-25,1,12,31,359,24,17353,True,False
9528,7005,1,2025-05-17,1,12,31,359,24,17355,True,False
9529,7006,2,2026-03-28,1,4,11,117,7,17357,True,False
9530,7007,1,2025-05-28,1,7,18,202,14,17358,True,True
9531,7007,2,2025-06-03,1,7,18,202,14,17359,True,False
9532,7008,2,2025-06-06,1,12,31,352,24,17361,True,False
9533,7010,1,2025-10-12,1,7,18,205,14,17364,True,False
9534,7011,1,2024-11-15,1,8,21,231,15,17368,True,False
9535,7011,1,2024-11-14,1,8,21,231,15,17370,True,False
9536,7012,1,2024-08-18,1,14,38,433,28,17371,True,False
9537,7012,1,2024-07-31,1,14,38,433,28,17372,True,False
9538,7013,1,2025-09-03,1,20,60,701,40,17375,True,False
9539,7013,2,2025-08-10,1,20,60,701,40,17376,True,False
9540,7013,1,2025-08-16,1,20,60,701,40,17378,True,False
9541,7014,1,2026-07-29,1,24,71,827,48,17379,True,False
9542,7015,1,2025-08-13,1,30,92,1060,59,17382,True,False
9543,7016,1,2026-06-09,1,4,10,109,8,17383,True,False
9544,7016,1,2026-06-03,1,4,10,109,8,17384,True,False
9545,7017,1,2025-12-09,1,14,38,440,28,17386,True,False
9546,7018,1,2026-02-06,1,1,1,9,1,17388,True,False
9547,7018,2,2026-02-15,1,1,1,9,1,17389,True,False
9548,7019,2,2025-04-09,1,7,19,210,13,17391,True,False
9549,7019,1,2025-03-23,1,7,19,210,13,17392,True,False
9550,7021,1,2026-05-30,1,1,1,1,1,17395,True,False
9551,7021,1,2026-06-08,1,1,1,1,1,17396,True,False
9552,7022,1,2025-11-20,1,10,27,296,19,17398,True,False
9553,7022,1,2025-11-11,1,10,27,296,19,17399,True,False
9554,7024,2,2025-03-11,1,24,71,832,47,17401,True,False
9555,7024,1,2025-03-29,1,24,71,832,47,17402,True,False
9556,7026,1,2026-05-31,1,8,20,223,16,17405,True,False
9557,7029,2,2026-04-01,1,15,40,464,29,17408,True,False
9558,7029,1,2026-03-08,1,15,40,464,29,17409,True,False
9559,7030,1,2025-04-30,1,3,6,66,5,17412,True,False
9560,7030,1,2025-04-23,1,3,6,66,5,17413,True,False
9561,7031,1,2025-03-01,1,20,57,658,40,17414,True,False
9562,7031,1,2025-02-24,1,20,57,658,40,17416,True,False
9563,7031,1,2025-03-20,1,20,57,658,40,17417,True,False
9564,7034,2,2026-02-26,1,7,18,201,13,17424,True,False
9565,7035,1,2026-04-08,1,4,9,93,7,17426,True,False
9566,7035,1,2026-03-22,1,4,9,93,7,17427,True,False
9567,7037,1,2026-02-27,1,21,62,727,41,17430,True,False
9568,7037,2,2026-02-22,1,21,62,727,41,17431,True,False
9569,7039,1,2026-04-24,1,3,7,76,5,17434,True,False
9570,7040,1,2025-01-16,1,16,42,480,31,17435,True,False
9571,7040,1,2025-01-09,1,16,42,480,31,17436,True,False
9572,7040,1,2025-01-19,1,16,42,480,31,17437,True,False
9573,7041,1,2026-04-27,1,4,9,98,7,17438,True,False
9574,7041,1,2026-04-22,1,4,9,98,7,17439,True,False
9575,7042,1,2025-03-16,1,20,60,696,39,17443,True,False
9576,7043,1,2026-03-10,1,26,80,935,51,17444,True,False
9577,7044,1,2026-06-23,1,11,29,325,22,17446,True,True
9578,7044,2,2026-07-06,1,11,29,325,22,17447,True,False
9579,7046,1,2025-01-22,1,6,17,183,11,17451,True,False
9580,7047,1,2025-09-01,1,8,20,224,15,17455,True,False
9581,7048,1,2025-11-26,1,1,2,24,2,17456,True,False
9582,7049,1,2025-12-05,1,1,1,13,1,17457,True,False
9583,7049,1,2025-11-26,1,1,1,13,1,17458,True,False
9584,7050,1,2025-07-18,1,13,35,401,25,17459,True,False
9585,7050,1,2025-07-13,1,13,35,401,25,17460,True,False
9586,7050,1,2025-07-06,1,13,35,401,25,17462,True,False
9587,7051,1,2024-10-27,1,3,6,65,6,17463,True,False
9588,7051,2,2024-10-15,1,3,6,65,6,17464,True,False
9589,7054,1,2024-08-24,1,9,24,274,17,17470,True,True
9590,7055,1,2025-09-22,1,11,29,325,22,17472,True,False
9591,7055,1,2025-08-31,1,11,29,325,22,17474,True,False
9592,7056,1,2026-01-10,1,4,9,100,7,17475,True,False
9593,7057,1,2024-11-11,1,25,76,885,50,17479,True,False
9594,7059,1,2026-02-18,1,9,23,258,17,17485,True,False
9595,7059,2,2026-03-15,1,9,23,258,17,17486,True,False
9596,7060,1,2025-04-08,1,3,8,86,5,17487,True,False
9597,7060,2,2025-03-30,1,3,8,86,5,17488,True,False
9598,7061,1,2025-02-25,1,4,11,115,8,17489,True,False
9599,7064,1,2026-04-25,1,6,17,190,12,17495,True,False
9600,7064,1,2026-04-16,1,6,17,190,12,17496,True,False
9601,7064,1,2026-04-15,1,6,17,190,12,17497,True,False
9602,7066,1,2026-02-19,1,4,9,93,7,17500,True,False
9603,7066,1,2026-02-13,1,4,9,93,7,17502,True,False
9604,7066,1,2026-02-09,1,4,9,93,7,17503,True,False
9605,7069,2,2026-03-18,1,13,34,379,26,17508,True,False
9606,7069,1,2026-03-26,1,13,34,379,26,17510,True,False
9607,7070,2,2026-05-23,1,16,41,476,32,17511,True,False
9608,7070,1,2026-04-30,1,16,41,476,32,17512,True,False
9609,7070,1,2026-05-10,1,16,41,476,32,17513,True,False
9610,7071,2,2025-06-29,1,1,1,2,2,17515,True,False
9611,7072,2,2026-04-17,1,4,11,119,7,17517,True,False
9612,7072,1,2026-04-18,1,4,11,119,7,17518,True,True
9613,7072,1,2026-04-02,1,4,11,119,7,17520,True,False
9614,7073,1,2026-02-11,1,28,86,1004,55,17522,True,False
9615,7074,2,2026-06-01,1,12,32,366,23,17526,True,False
9616,7075,1,2026-07-03,1,26,81,949,52,17527,True,False
9617,7075,1,2026-07-10,1,26,81,949,52,17528,True,False
9618,7075,1,2026-07-10,1,26,81,949,52,17529,True,False
9619,7075,1,2026-07-07,1,26,81,949,52,17530,True,False
9620,7076,1,2026-05-16,1,4,9,101,8,17531,True,False
9621,7076,2,2026-05-12,1,4,9,101,8,17532,True,False
9622,7077,1,2026-06-30,1,4,11,112,8,17534,True,False
9623,7078,1,2026-05-02,1,12,31,359,24,17535,True,False
9624,7078,2,2026-05-08,1,12,31,359,24,17537,True,False
9625,7078,1,2026-04-19,1,12,31,359,24,17538,True,False
9626,7079,1,2025-08-17,1,9,23,260,18,17539,True,False
9627,7081,2,2025-11-16,1,20,57,667,40,17544,True,False
9628,7081,2,2025-11-06,1,20,57,667,40,17547,True,False
9629,7082,2,2026-01-15,1,12,31,356,24,17548,True,False
9630,7083,1,2025-07-16,1,4,9,96,7,17551,True,False
9631,7083,1,2025-07-05,1,4,9,96,7,17552,True,False
9632,7083,1,2025-07-29,1,4,9,96,7,17553,True,False
9633,7084,2,2025-06-24,1,4,10,107,8,17555,True,False
9634,7084,1,2025-07-03,1,4,10,107,8,17556,True,False
9635,7084,1,2025-07-06,1,4,10,107,8,17557,True,False
9636,7085,1,2025-03-20,1,24,74,867,48,17560,True,False
9637,7086,1,2026-04-08,1,4,9,99,8,17561,True,False
9638,7086,1,2026-04-22,1,4,9,99,8,17562,True,False
9639,7087,1,2024-10-08,1,23,67,782,46,17565,True,False
9640,7088,1,2025-08-03,1,4,10,109,8,17567,True,False
9641,7088,2,2025-08-05,1,4,10,109,8,17569,True,False
9642,7089,2,2024-10-16,1,4,10,110,7,17570,True,False
9643,7090,1,2025-09-20,1,5,13,138,9,17572,True,False
9644,7090,1,2025-09-06,1,5,13,138,9,17573,True,False
9645,7090,1,2025-09-17,1,5,13,138,9,17574,True,False
9646,7091,2,2026-03-25,1,4,10,105,7,17575,True,False
9647,7091,1,2026-03-22,1,4,10,105,7,17576,True,False
9648,7094,1,2024-07-23,1,4,9,101,8,17581,True,False
9649,7095,1,2025-05-21,1,22,65,760,43,17583,True,False
9650,7095,1,2025-05-15,1,22,65,760,43,17584,True,False
9651,7096,1,2025-03-03,1,27,82,959,54,17585,True,False
9652,7097,1,2024-10-27,1,14,38,432,28,17586,True,False
9653,7098,1,2026-04-20,1,4,10,110,7,17588,True,False
9654,7098,2,2026-05-15,1,4,10,110,7,17590,True,False
9655,7100,1,2025-07-31,1,19,56,650,38,17595,True,False
9656,7100,1,2025-08-20,1,19,56,650,38,17596,True,False
9657,7100,1,2025-08-22,1,19,56,650,38,17597,True,False
9658,7101,1,2026-03-19,1,27,84,982,53,17599,True,False
9659,7101,2,2026-04-07,1,27,84,982,53,17600,True,False
9660,7102,1,2025-07-02,1,9,26,288,17,17602,True,False
9661,7102,1,2025-06-28,1,9,26,288,17,17604,True,False
9662,7103,1,2025-07-12,1,4,10,111,8,17606,True,False
9663,7103,1,2025-07-17,1,4,10,111,8,17608,True,False
9664,7104,2,2025-03-03,1,1,2,28,1,17609,True,False
9665,7104,2,2025-03-17,1,1,2,28,1,17610,True,False
9666,7105,1,2025-11-14,1,22,64,742,44,17612,True,False
9667,7105,1,2025-11-02,1,22,64,742,44,17613,True,False
9668,7106,2,2026-04-08,1,4,9,98,8,17615,True,False
9669,7107,1,2025-09-21,1,18,51,596,35,17617,True,False
9670,7108,2,2025-12-19,1,4,9,95,8,17618,True,False
9671,7108,2,2025-12-25,1,4,9,95,8,17620,True,False
9672,7108,2,2025-12-10,1,4,9,95,8,17621,True,False
9673,7109,1,2024-09-30,1,2,3,35,3,17622,True,False
9674,7111,1,2024-08-27,1,29,89,1029,58,17626,True,False
9675,7112,1,2025-05-22,1,26,80,930,51,17627,True,False
9676,7113,1,2024-10-26,1,30,91,1058,60,17629,True,False
9677,7114,2,2024-09-27,1,2,3,32,3,17630,True,False
9678,7114,1,2024-09-17,1,2,3,32,3,17631,True,False
9679,7114,2,2024-09-21,1,2,3,32,3,17632,True,False
9680,7115,1,2026-01-25,1,4,10,110,7,17633,True,False
9681,7115,1,2026-02-16,1,4,10,110,7,17635,True,True
9682,7116,1,2025-07-03,1,7,19,210,13,17636,True,False
9683,7116,2,2025-06-29,1,7,19,210,13,17638,True,False
9684,7118,2,2025-11-24,1,19,56,652,37,17642,True,False
9685,7119,1,2025-06-26,1,19,54,636,37,17643,True,False
9686,7119,1,2025-06-29,1,19,54,636,37,17644,True,False
9687,7119,1,2025-06-24,1,19,54,636,37,17646,True,False
9688,7121,2,2025-11-30,1,29,90,1039,57,17650,True,False
9689,7122,1,2024-10-22,1,8,20,219,15,17651,True,True
9690,7122,1,2024-09-29,1,8,20,219,15,17654,True,False
9691,7123,1,2026-04-06,1,4,10,110,8,17655,True,False
9692,7124,1,2024-10-03,1,9,22,245,18,17656,True,False
9693,7124,1,2024-10-23,1,9,22,245,18,17657,True,False
9694,7125,1,2024-11-11,1,8,21,229,16,17660,True,False
9695,7125,1,2024-11-03,1,8,21,229,16,17661,True,False
9696,7126,1,2025-05-13,1,1,1,1,1,17662,True,False
9697,7127,1,2025-10-28,1,23,68,791,46,17663,True,False
9698,7127,1,2025-10-10,1,23,68,791,46,17664,True,False
9699,7128,1,2025-05-12,1,4,9,99,8,17666,True,False
9700,7129,1,2025-10-23,1,3,7,79,6,17670,True,False
9701,7130,1,2026-01-12,1,10,27,297,19,17674,True,False
9702,7131,1,2025-12-11,1,4,11,118,8,17676,True,False
9703,7132,1,2025-10-05,1,3,8,92,6,17677,True,False
9704,7132,1,2025-09-10,1,3,8,92,6,17678,True,False
9705,7132,2,2025-09-22,1,3,8,92,6,17679,True,False
9706,7133,1,2026-05-09,1,14,36,402,28,17680,True,False
9707,7133,1,2026-05-03,1,14,36,402,28,17681,True,False
9708,7135,1,2026-04-02,1,14,36,406,28,17683,True,False
9709,7136,1,2025-10-13,1,26,79,926,52,17684,True,False
9710,7137,2,2024-08-19,1,1,2,23,1,17687,True,False
9711,7138,1,2025-11-14,1,13,33,371,25,17689,True,False
9712,7138,1,2025-11-25,1,13,33,371,25,17690,True,False
9713,7138,1,2025-11-20,1,13,33,371,25,17691,True,False
9714,7139,1,2025-01-29,1,8,20,217,15,17693,True,False
9715,7139,2,2025-01-14,1,8,20,217,15,17694,True,False
9716,7139,1,2025-01-15,1,8,20,217,15,17695,True,False
9717,7140,1,2026-06-01,1,4,10,110,8,17696,True,False
9718,7140,1,2026-06-08,1,4,10,110,8,17697,True,False
9719,7142,1,2025-10-30,1,29,90,1046,57,17702,True,False
9720,7142,1,2025-11-12,1,29,90,1046,57,17703,True,False
9721,7143,1,2024-10-12,1,3,5,57,6,17706,True,False
9722,7144,1,2026-05-10,1,4,10,110,8,17708,True,False
9723,7145,1,2025-05-17,1,3,6,72,6,17710,True,False
9724,7145,1,2025-05-19,1,3,6,72,6,17712,True,False
9725,7146,1,2024-11-12,1,23,66,766,45,17713,True,False
9726,7146,2,2024-11-28,1,23,66,766,45,17716,True,False
9727,7147,2,2025-11-20,1,10,27,302,20,17717,True,False
9728,7147,1,2025-11-10,1,10,27,302,20,17718,True,False
9729,7147,2,2025-11-13,1,10,27,302,20,17719,True,True
9730,7147,2,2025-11-13,1,10,27,302,20,17720,True,False
9731,7148,2,2024-11-10,1,1,1,13,2,17722,True,False
9732,7149,1,2026-04-12,1,4,10,103,7,17724,True,False
9733,7149,1,2026-04-25,1,4,10,103,7,17727,True,False
9734,7150,1,2026-07-06,1,4,11,115,8,17728,True,True
9735,7151,1,2024-10-15,1,3,7,78,6,17732,True,False
9736,7152,1,2024-10-04,1,4,10,107,7,17733,True,True
9737,7153,2,2025-12-28,1,9,22,244,17,17736,True,False
9738,7154,1,2026-05-28,1,15,40,464,30,17737,True,False
9739,7154,1,2026-05-27,1,15,40,464,30,17739,True,False
9740,7155,2,2025-10-06,1,25,77,902,50,17740,True,False
9741,7156,1,2025-06-03,1,26,80,941,52,17742,True,False
9742,7156,1,2025-05-30,1,26,80,941,52,17743,True,False
9743,7156,2,2025-06-02,1,26,80,941,52,17745,True,False
9744,7158,1,2026-04-24,1,27,84,975,54,17747,True,False
9745,7158,1,2026-04-24,1,27,84,975,54,17748,True,False
9746,7159,1,2024-12-28,1,26,80,942,52,17749,True,False
9747,7160,1,2024-11-01,1,24,72,839,47,17750,True,False
9748,7161,2,2025-11-19,1,4,10,110,7,17753,True,False
9749,7161,1,2025-10-28,1,4,10,110,7,17755,True,False
9750,7162,1,2025-06-20,1,19,56,656,38,17757,True,False
9751,7163,1,2026-06-02,1,8,20,224,16,17758,True,False
9752,7163,1,2026-05-20,1,8,20,224,16,17760,True,False
9753,7164,2,2025-09-28,1,20,58,673,40,17761,True,False
9754,7164,2,2025-09-17,1,20,58,673,40,17762,True,False
9755,7164,1,2025-09-14,1,20,58,673,40,17763,True,False
9756,7166,1,2025-02-16,1,16,43,501,32,17766,True,False
9757,7167,1,2025-05-05,1,24,71,823,48,17767,True,False
9758,7167,1,2025-04-20,1,24,71,823,48,17768,True,True
9759,7169,1,2026-05-13,1,4,11,113,7,17771,True,False
9760,7169,2,2026-04-28,1,4,11,113,7,17774,True,False
9761,7171,1,2025-03-31,1,4,10,111,8,17778,True,False
9762,7172,1,2026-03-02,1,15,39,452,29,17781,True,False
9763,7174,1,2024-12-19,1,1,2,22,2,17784,True,False
9764,7174,1,2024-12-10,1,1,2,22,2,17785,True,False
9765,7176,1,2026-07-25,1,4,11,113,8,17787,True,False
9766,7177,1,2026-04-26,1,20,57,668,39,17790,True,False
9767,7178,1,2026-07-10,1,4,9,98,7,17793,True,False
9768,7179,1,2026-05-24,1,20,57,659,39,17799,True,False
9769,7180,1,2026-01-12,1,11,30,334,22,17801,True,False
9770,7182,1,2025-04-30,1,2,3,29,3,17803,True,False
9771,7183,1,2024-08-12,1,26,81,948,52,17804,True,False
9772,7183,1,2024-08-17,1,26,81,948,52,17806,True,False
9773,7183,2,2024-08-20,1,26,81,948,52,17807,True,False
9774,7185,2,2025-03-23,1,1,1,4,2,17810,True,False
9775,7185,2,2025-03-03,1,1,1,4,2,17811,True,False
9776,7185,1,2025-03-28,1,1,1,4,2,17812,True,False
9777,7186,1,2025-02-26,1,4,11,117,8,17814,True,False
9778,7186,2,2025-02-23,1,4,11,117,8,17815,True,False
9779,7187,1,2025-05-11,1,4,9,94,7,17819,True,False
9780,7188,2,2025-11-19,1,7,19,210,13,17820,True,True
9781,7188,2,2025-11-18,1,7,19,210,13,17821,True,False
9782,7188,1,2025-12-04,1,7,19,210,13,17822,True,False
9783,7190,1,2025-11-21,1,4,10,111,7,17825,True,False
9784,7191,1,2026-07-14,1,22,63,730,44,17829,True,False
9785,7191,1,2026-07-24,1,22,63,730,44,17830,True,False
9786,7192,2,2026-03-16,1,11,29,330,21,17832,True,False
9787,7194,1,2025-06-14,1,4,11,116,8,17839,True,False
9788,7195,1,2026-02-02,1,26,81,944,52,17840,True,False
9789,7195,1,2026-02-17,1,26,81,944,52,17841,True,False
9790,7196,1,2025-04-22,1,25,76,890,49,17845,True,False
9791,7196,1,2025-04-22,1,25,76,890,49,17846,True,False
9792,7197,1,2025-06-23,1,3,7,81,6,17847,True,False
9793,7198,1,2024-11-11,1,4,9,100,7,17848,True,False
9794,7198,1,2024-10-30,1,4,9,100,7,17849,True,False
9795,7199,1,2024-11-12,1,2,4,50,3,17850,True,False
9796,7201,2,2025-01-10,1,3,5,61,5,17855,True,False
9797,7203,1,2024-11-10,1,16,42,482,32,17858,True,False
9798,7204,1,2025-04-07,1,2,3,35,4,17860,True,False
9799,7204,1,2025-04-17,1,2,3,35,4,17861,True,False
9800,7207,1,2024-11-13,1,4,11,115,8,17870,True,False
9801,7208,1,2024-10-07,1,5,14,154,10,17872,True,False
9802,7209,1,2025-07-02,1,1,1,7,2,17875,True,False
9803,7209,2,2025-06-15,1,1,1,7,2,17876,True,False
9804,7210,1,2025-07-25,1,11,30,332,22,17880,True,False
9805,7211,1,2026-04-09,1,6,17,192,11,17882,True,False
9806,7211,1,2026-04-26,1,6,17,192,11,17883,True,False
9807,7212,1,2025-02-25,1,4,11,114,7,17885,True,False
9808,7212,1,2025-02-12,1,4,11,114,7,17886,True,False
9809,7213,1,2025-11-24,1,16,42,482,31,17890,True,False
9810,7214,2,2026-05-10,1,20,57,663,40,17892,True,False
9811,7215,1,2025-04-06,1,4,11,115,8,17893,True,False
9812,7216,1,2026-03-07,1,4,9,96,8,17896,True,False
9813,7220,1,2025-04-21,1,5,13,137,10,17905,True,False
9814,7220,1,2025-05-06,1,5,13,137,10,17906,True,False
9815,7221,1,2025-05-19,1,4,9,97,8,17907,True,False
9816,7222,2,2026-03-17,1,21,62,722,41,17913,True,False
9817,7223,2,2025-03-05,1,4,11,113,8,17914,True,False
9818,7224,1,2024-11-04,1,4,9,96,8,17915,True,False
9819,7224,1,2024-10-25,1,4,9,96,8,17916,True,False
9820,7224,1,2024-11-12,1,4,9,96,8,17917,True,False
9821,7224,1,2024-10-30,1,4,9,96,8,17918,True,False
9822,7225,2,2024-12-14,1,6,15,158,11,17919,True,False
9823,7225,1,2024-12-05,1,6,15,158,11,17920,True,False
9824,7226,1,2026-01-29,1,4,9,94,8,17921,True,False
9825,7227,1,2025-10-24,1,3,8,86,5,17922,True,False
9826,7227,1,2025-10-16,1,3,8,86,5,17923,True,False
9827,7227,1,2025-10-11,1,3,8,86,5,17924,True,False
9828,7228,1,2024-09-24,1,2,4,49,3,17927,True,False
9829,7230,1,2026-02-09,1,27,84,978,53,17929,True,False
9830,7230,2,2026-02-08,1,27,84,978,53,17930,True,False
9831,7230,1,2026-02-23,1,27,84,978,53,17931,True,False
9832,7231,1,2025-12-13,1,2,4,53,3,17933,True,False
9833,7233,1,2026-05-11,1,4,9,98,8,17938,True,False
9834,7233,1,2026-04-30,1,4,9,98,8,17939,True,False
9835,7234,1,2024-12-19,1,23,66,769,46,17942,True,False
9836,7235,1,2026-01-28,1,13,33,371,26,17943,True,False
9837,7236,1,2025-03-22,1,20,57,667,39,17945,True,False
9838,7236,1,2025-04-01,1,20,57,667,39,17947,True,False
9839,7237,1,2026-04-07,1,15,39,446,29,17950,True,False
9840,7239,1,2024-12-08,1,23,67,782,45,17953,True,False
9841,7240,2,2026-05-15,1,9,22,238,18,17954,True,False
9842,7241,1,2026-06-21,1,22,63,732,44,17957,True,False
9843,7241,1,2026-05-28,1,22,63,732,44,17959,True,False
9844,7242,1,2026-06-26,1,29,90,1048,58,17960,True,False
9845,7242,1,2026-05-31,1,29,90,1048,58,17961,True,False
9846,7243,2,2025-03-25,1,25,78,909,49,17962,True,False
9847,7244,2,2026-07-13,1,4,10,104,7,17963,True,False
9848,7245,1,2026-06-11,1,4,10,105,7,17964,True,False
9849,7245,1,2026-06-16,1,4,10,105,7,17966,True,False
9850,7246,1,2024-11-16,1,3,5,61,6,17967,True,False
9851,7246,1,2024-11-27,1,3,5,61,6,17968,True,False
9852,7249,1,2026-04-11,1,4,10,105,8,17974,True,False
9853,7251,1,2026-02-11,1,3,8,92,5,17980,True,False
9854,7251,2,2026-01-17,1,3,8,92,5,17982,True,False
9855,7252,1,2025-02-08,1,4,9,94,7,17984,True,False
9856,7254,1,2025-01-09,1,2,3,37,3,17986,True,False
9857,7255,2,2025-01-22,1,28,88,1027,55,17987,True,False
9858,7255,2,2025-01-20,1,28,88,1027,55,17988,True,False
9859,7255,1,2025-01-15,1,28,88,1027,55,17989,True,False
9860,7257,1,2026-07-18,1,4,9,98,7,17991,True,False
9861,7260,1,2024-08-10,1,14,36,412,27,17995,True,True
9862,7260,1,2024-08-13,1,14,36,412,27,17997,True,False
9863,7261,1,2024-11-17,1,20,60,704,39,17998,True,False
9864,7262,1,2025-10-17,1,26,81,946,52,18000,True,False
9865,7264,1,2024-12-24,1,3,5,57,6,18004,True,False
9866,7264,1,2024-12-13,1,3,5,57,6,18006,True,False
9867,7266,1,2024-07-20,1,10,27,303,19,18011,True,False
9868,7268,1,2025-12-28,1,21,62,723,41,18014,True,False
9869,7268,1,2025-12-29,1,21,62,723,41,18015,True,False
9870,7269,1,2026-02-02,1,4,10,106,8,18017,True,False
9871,7270,2,2025-12-10,1,3,5,54,5,18019,True,False
9872,7270,2,2025-12-10,1,3,5,54,5,18021,True,False
9873,7271,1,2026-05-09,1,4,10,108,7,18022,True,False
9874,7271,1,2026-05-22,1,4,10,108,7,18023,True,False
9875,7271,1,2026-05-12,1,4,10,108,7,18024,True,False
9876,7271,1,2026-05-12,1,4,10,108,7,18025,True,False
9877,7272,2,2025-04-27,1,4,11,118,8,18026,True,False
9878,7273,1,2025-10-05,1,1,2,28,1,18028,True,False
9879,7274,1,2024-10-28,1,18,50,584,35,18031,True,False
9880,7274,1,2024-10-31,1,18,50,584,35,18032,True,False
9881,7274,1,2024-11-05,1,18,50,584,35,18033,True,False
9882,7275,1,2025-07-17,1,27,84,982,54,18036,True,False
9883,7275,1,2025-07-17,1,27,84,982,54,18037,True,False
9884,7277,1,2025-10-10,1,29,90,1046,58,18039,True,False
9885,7279,1,2025-11-01,1,4,9,94,8,18041,True,False
9886,7279,1,2025-10-25,1,4,9,94,8,18042,True,False
9887,7280,1,2024-11-07,1,21,62,728,42,18044,True,False
9888,7281,1,2024-08-07,1,29,89,1029,57,18045,True,False
9889,7282,2,2025-08-30,1,16,42,480,31,18047,True,False
9890,7284,1,2025-01-20,1,7,18,199,13,18051,True,False
9891,7284,2,2025-01-18,1,7,18,199,13,18053,True,False
9892,7285,1,2025-03-14,1,14,37,423,27,18056,True,False
9893,7287,2,2026-06-09,1,4,11,115,7,18058,True,False
9894,7288,1,2025-06-11,1,4,10,105,7,18059,True,False
9895,7288,1,2025-06-08,1,4,10,105,7,18060,True,False
9896,7288,2,2025-05-28,1,4,10,105,7,18061,True,False
9897,7288,1,2025-05-17,1,4,10,105,7,18062,True,False
9898,7289,1,2026-01-29,1,1,1,5,1,18064,True,False
9899,7289,1,2026-01-20,1,1,1,5,1,18065,True,False
9900,7289,1,2026-01-08,1,1,1,5,1,18066,True,False
9901,7290,1,2024-09-15,1,1,2,18,1,18068,True,False
9902,7291,1,2025-12-07,1,30,92,1067,59,18069,True,False
9903,7291,1,2025-12-27,1,30,92,1067,59,18070,True,False
9904,7293,1,2025-11-14,1,24,74,863,48,18075,True,False
9905,7294,2,2025-09-09,1,13,35,393,25,18077,True,False
9906,7295,2,2024-12-14,1,20,60,698,40,18079,True,False
9907,7297,1,2024-11-22,1,19,53,621,37,18083,True,False
9908,7297,1,2024-11-17,1,19,53,621,37,18084,True,False
9909,7298,2,2026-03-21,1,4,10,102,7,18086,True,False
9910,7301,1,2026-07-18,1,1,2,26,1,18092,True,False
9911,7301,2,2026-07-13,1,1,2,26,1,18093,True,False
9912,7302,1,2024-12-25,1,26,79,922,52,18098,True,False
9913,7303,1,2025-05-07,1,1,2,27,2,18099,True,False
9914,7303,1,2025-05-06,1,1,2,27,2,18100,True,False
9915,7303,1,2025-05-06,1,1,2,27,2,18101,True,False
9916,7304,1,2024-09-16,1,3,6,72,6,18102,True,False
9917,7304,1,2024-08-24,1,3,6,72,6,18103,True,False
9918,7304,1,2024-09-06,1,3,6,72,6,18104,True,False
9919,7305,1,2026-07-03,1,4,10,107,8,18105,True,False
9920,7305,2,2026-06-29,1,4,10,107,8,18106,True,False
9921,7305,1,2026-07-14,1,4,10,107,8,18108,True,False
9922,7306,1,2025-01-03,1,1,2,15,2,18109,True,False
9923,7306,2,2024-12-24,1,1,2,15,2,18110,True,False
9924,7306,1,2025-01-06,1,1,2,15,2,18111,True,False
9925,7306,1,2024-12-25,1,1,2,15,2,18112,True,False
9926,7310,1,2026-06-11,1,4,10,105,7,18120,True,False
9927,7311,1,2025-07-20,1,1,1,12,2,18125,True,True
9928,7311,2,2025-07-18,1,1,1,12,2,18126,True,False
9929,7312,1,2025-11-13,1,11,30,338,21,18127,True,False
9930,7314,1,2026-07-24,1,4,10,108,7,18129,True,False
9931,7314,1,2026-07-30,1,4,10,108,7,18130,True,False
9932,7315,1,2025-09-25,1,3,5,55,5,18131,True,False
9933,7317,1,2024-08-04,1,20,58,677,40,18136,True,False
9934,7318,1,2024-09-14,1,28,85,992,56,18137,True,False
9935,7319,1,2025-08-03,1,2,4,52,3,18141,True,False
9936,7321,1,2025-01-07,1,4,9,100,8,18143,True,False
9937,7321,1,2025-01-02,1,4,9,100,8,18144,True,False
9938,7321,1,2025-01-12,1,4,9,100,8,18146,True,False
9939,7322,1,2025-07-21,1,30,91,1051,60,18147,True,False
9940,7323,1,2026-01-28,1,19,56,656,37,18148,True,False
9941,7323,1,2026-02-07,1,19,56,656,37,18149,True,False
9942,7323,1,2026-01-23,1,19,56,656,37,18150,True,False
9943,7326,1,2026-04-25,1,4,11,114,7,18156,True,False
9944,7327,1,2026-06-20,1,4,11,115,8,18158,True,False
9945,7327,2,2026-06-24,1,4,11,115,8,18159,True,False
9946,7328,1,2024-10-23,1,24,74,859,48,18161,True,False
9947,7329,2,2025-05-04,1,4,9,97,8,18164,True,False
9948,7329,1,2025-05-01,1,4,9,97,8,18165,True,False
9949,7330,1,2025-01-12,1,4,9,96,8,18166,True,False
9950,7333,1,2025-09-24,1,7,19,210,14,18170,True,False
9951,7333,1,2025-10-05,1,7,19,210,14,18171,True,False
9952,7333,2,2025-10-01,1,7,19,210,14,18172,True,False
9953,7334,1,2025-08-12,1,1,1,1,1,18173,True,False
9954,7335,2,2026-03-28,1,9,24,272,17,18176,True,False
9955,7336,1,2026-02-25,1,4,10,108,8,18178,True,False
9956,7336,1,2026-02-27,1,4,10,108,8,18179,True,False
9957,7336,2,2026-03-11,1,4,10,108,8,18180,True,False
9958,7337,1,2026-03-04,1,3,5,58,6,18181,True,False
9959,7338,1,2025-11-13,1,4,9,101,8,18182,True,False
9960,7338,1,2025-11-09,1,4,9,101,8,18183,True,False
9961,7338,1,2025-11-07,1,4,9,101,8,18184,True,False
9962,7339,1,2026-06-20,1,26,80,934,51,18186,True,False
9963,7339,1,2026-07-08,1,26,80,934,51,18187,True,False
9964,7340,1,2026-02-22,1,26,81,949,52,18190,True,False
9965,7340,1,2026-02-18,1,26,81,949,52,18191,True,False
9966,7341,1,2025-11-06,1,4,11,113,7,18192,True,False
9967,7341,1,2025-10-21,1,4,11,113,7,18194,True,False
9968,7343,1,2025-05-29,1,4,11,118,8,18197,True,False
9969,7343,1,2025-05-29,1,4,11,118,8,18198,True,False
9970,7343,1,2025-05-28,1,4,11,118,8,18199,True,False
9971,7344,1,2025-12-10,1,4,10,108,8,18201,True,False
9972,7344,1,2025-12-06,1,4,10,108,8,18202,True,False
9973,7344,1,2025-12-13,1,4,10,108,8,18203,True,False
9974,7346,2,2026-01-18,1,4,11,113,8,18206,True,False
9975,7347,1,2026-01-23,1,4,10,102,8,18208,True,False
9976,7351,1,2026-01-25,1,4,9,96,7,18216,True,False
9977,7352,1,2025-09-04,1,12,31,359,24,18217,True,False
9978,7354,2,2025-10-09,1,15,40,456,29,18221,True,False
9979,7355,1,2024-07-30,1,16,41,471,31,18223,True,False
9980,7355,1,2024-07-15,1,16,41,471,31,18224,True,False
9981,7355,1,2024-07-22,1,16,41,471,31,18225,True,False
9982,7356,1,2024-09-09,1,14,36,410,28,18227,True,False
9983,7357,1,2026-06-14,1,2,3,39,4,18230,True,False
9984,7357,1,2026-06-26,1,2,3,39,4,18231,True,False
9985,7357,1,2026-06-03,1,2,3,39,4,18232,True,False
9986,7359,1,2025-01-21,1,24,73,845,48,18235,True,False
9987,7360,1,2025-10-27,1,27,83,971,54,18236,True,False
9988,7360,1,2025-11-09,1,27,83,971,54,18237,True,False
9989,7360,1,2025-10-13,1,27,83,971,54,18239,True,False
9990,7361,1,2025-04-15,1,4,9,95,8,18241,True,True
9991,7361,1,2025-04-21,1,4,9,95,8,18243,True,False
9992,7362,1,2026-03-14,1,3,7,83,6,18244,True,False
9993,7362,2,2026-03-26,1,3,7,83,6,18245,True,False
9994,7362,1,2026-03-13,1,3,7,83,6,18246,True,False
9995,7363,1,2026-06-08,1,4,9,101,8,18249,True,False
9996,7363,2,2026-06-13,1,4,9,101,8,18250,True,False
9997,7364,1,2026-04-26,1,4,9,93,7,18251,True,False
9998,7364,1,2026-05-22,1,4,9,93,7,18252,True,False
9999,7365,1,2025-01-05,1,23,70,821,45,18253,True,False
10000,7366,1,2025-04-24,1,4,9,98,7,18254,True,False
10001,7366,1,2025-05-21,1,4,9,98,7,18256,True,False
10002,7366,2,2025-05-17,1,4,9,98,7,18257,True,False
10003,7368,1,2026-07-08,1,4,9,93,8,18261,True,False
10004,7369,1,2025-01-11,1,1,1,13,2,18263,True,False
10005,7370,1,2026-02-19,1,4,9,96,7,18267,True,False
10006,7371,1,2024-11-21,1,20,58,682,40,18270,True,False
10007,7372,1,2025-04-19,1,3,8,89,6,18271,True,False
10008,7373,1,2025-01-28,1,4,10,111,8,18274,True,False
10009,7373,1,2025-02-05,1,4,10,111,8,18275,True,True
10010,7373,1,2025-02-07,1,4,10,111,8,18276,True,False
10011,7374,1,2026-05-09,1,19,55,640,38,18277,True,False
10012,7375,2,2025-11-18,1,28,87,1017,55,18278,True,False
10013,7377,2,2026-04-17,1,4,9,93,8,18283,True,False
10014,7378,1,2024-09-24,1,4,10,105,7,18284,True,False
10015,7378,1,2024-10-05,1,4,10,105,7,18285,True,False
10016,7378,1,2024-10-14,1,4,10,105,7,18286,True,False
10017,7379,1,2025-12-31,1,29,89,1029,58,18287,True,False
10018,7379,2,2026-01-13,1,29,89,1029,58,18288,True,False
10019,7379,1,2026-01-07,1,29,89,1029,58,18289,True,False
10020,7380,1,2026-08-07,1,27,82,952,53,18291,True,False
10021,7381,1,2025-06-11,1,20,60,700,40,18292,True,False
10022,7381,1,2025-06-07,1,20,60,700,40,18293,True,False
10023,7382,1,2025-01-14,1,17,44,511,33,18295,True,False
10024,7382,1,2025-01-22,1,17,44,511,33,18296,True,False
10025,7382,1,2025-01-29,1,17,44,511,33,18297,True,False
10026,7383,1,2026-02-16,1,4,9,93,7,18300,True,False
10027,7383,1,2026-02-17,1,4,9,93,7,18301,True,False
10028,7385,2,2025-07-14,1,9,22,240,18,18304,True,False
10029,7385,2,2025-07-04,1,9,22,240,18,18305,True,False
10030,7386,1,2025-11-28,1,12,32,366,23,18307,True,False
10031,7387,1,2026-06-25,1,14,38,440,28,18310,True,False
10032,7387,1,2026-07-19,1,14,38,440,28,18311,True,False
10033,7388,1,2025-12-03,1,22,64,746,43,18312,True,False
10034,7389,1,2024-08-08,1,3,5,54,5,18315,True,False
10035,7389,1,2024-08-18,1,3,5,54,5,18316,True,False
10036,7391,2,2024-12-11,1,3,5,58,5,18320,True,False
10037,7391,1,2024-11-15,1,3,5,58,5,18321,True,False
10038,7391,1,2024-12-05,1,3,5,58,5,18322,True,False
10039,7392,1,2025-09-03,1,4,9,98,8,18323,True,False
10040,7392,1,2025-08-29,1,4,9,98,8,18325,True,False
10041,7395,1,2026-04-23,1,4,10,111,8,18329,True,False
10042,7396,1,2024-09-26,1,4,11,113,7,18330,True,False
10043,7397,1,2025-04-08,1,29,89,1032,57,18331,True,False
10044,7397,1,2025-04-12,1,29,89,1032,57,18332,True,False
10045,7397,1,2025-04-28,1,29,89,1032,57,18334,True,False
10046,7398,1,2025-09-10,1,26,80,943,51,18336,True,True
10047,7398,2,2025-09-07,1,26,80,943,51,18337,True,False
10048,7398,1,2025-09-01,1,26,80,943,51,18338,True,False
10049,7399,1,2025-09-26,1,10,27,298,20,18339,True,False
10050,7400,2,2026-07-11,1,4,9,95,7,18340,True,False
10051,7400,1,2026-07-12,1,4,9,95,7,18341,True,False
10052,7400,1,2026-07-07,1,4,9,95,7,18342,True,False
10053,7401,2,2025-07-04,1,4,10,111,8,18343,True,False
10054,7402,1,2025-06-23,1,4,9,99,8,18344,True,False
10055,7403,1,2026-04-04,1,5,13,137,10,18349,True,False
10056,7403,1,2026-03-28,1,5,13,137,10,18351,True,False
10057,7404,1,2025-08-16,1,4,9,93,8,18352,True,False
10058,7404,1,2025-07-24,1,4,9,93,8,18355,True,False
10059,7405,1,2026-04-09,1,4,9,96,7,18356,True,False
10060,7405,1,2026-03-28,1,4,9,96,7,18357,True,False
10061,7405,1,2026-04-14,1,4,9,96,7,18358,True,False
10062,7406,2,2024-09-12,1,4,10,105,8,18359,True,False
10063,7406,1,2024-08-14,1,4,10,105,8,18360,True,False
10064,7406,1,2024-08-30,1,4,10,105,8,18361,True,False
10065,7406,1,2024-09-03,1,4,10,105,8,18362,True,False
10066,7407,1,2025-04-30,1,8,21,229,16,18364,True,False
10067,7407,1,2025-04-15,1,8,21,229,16,18365,True,False
10068,7408,1,2025-10-30,1,18,50,574,36,18366,True,True
10069,7408,1,2025-11-20,1,18,50,574,36,18367,True,False
10070,7408,1,2025-10-30,1,18,50,574,36,18368,True,False
10071,7410,1,2026-07-30,1,4,11,112,7,18370,True,False
10072,7411,1,2026-06-02,1,13,35,398,26,18374,True,False
10073,7412,1,2024-08-12,1,7,18,205,14,18375,True,False
10074,7412,2,2024-08-03,1,7,18,205,14,18376,True,False
10075,7413,1,2026-07-22,1,4,10,106,7,18379,True,False
10076,7413,1,2026-07-10,1,4,10,106,7,18380,True,True
10077,7414,1,2026-01-21,1,24,72,838,48,18383,True,False
10078,7415,2,2025-08-26,1,14,36,412,28,18385,True,False
10079,7415,1,2025-08-19,1,14,36,412,28,18386,True,False
10080,7415,2,2025-08-15,1,14,36,412,28,18387,True,False
10081,7416,2,2025-03-25,1,29,89,1035,58,18388,True,False
10082,7416,1,2025-03-31,1,29,89,1035,58,18389,True,False
10083,7417,1,2026-03-24,1,14,37,424,28,18391,True,False
10084,7417,1,2026-03-29,1,14,37,424,28,18392,True,False
10085,7419,1,2026-04-27,1,14,38,432,28,18396,True,False
10086,7420,2,2026-04-08,1,4,10,105,7,18397,True,False
10087,7420,1,2026-03-28,1,4,10,105,7,18398,True,False
10088,7420,1,2026-04-16,1,4,10,105,7,18399,True,False
10089,7421,2,2026-07-02,1,4,9,94,8,18402,True,False
10090,7422,1,2024-10-01,1,3,6,64,5,18403,True,False
10091,7422,1,2024-09-27,1,3,6,64,5,18405,True,False
10092,7423,2,2026-05-07,1,4,9,99,8,18408,True,False
10093,7423,1,2026-05-07,1,4,9,99,8,18409,True,False
10094,7424,1,2026-03-25,1,4,11,118,8,18412,True,False
10095,7425,1,2024-07-14,1,7,19,211,14,18413,True,False
10096,7426,1,2026-06-27,1,4,10,109,8,18414,True,False
10097,7426,1,2026-06-03,1,4,10,109,8,18415,True,False
10098,7427,1,2025-08-16,1,17,46,530,33,18416,True,False
10099,7428,1,2025-12-05,1,28,87,1005,55,18418,True,False
10100,7432,1,2025-09-13,1,23,70,822,45,18424,True,False
10101,7434,1,2025-10-31,1,20,59,690,40,18427,True,False
10102,7435,1,2025-10-03,1,19,55,646,37,18431,True,False
10103,7435,1,2025-10-07,1,19,55,646,37,18432,True,False
10104,7438,2,2025-12-14,1,16,42,482,31,18438,True,False
10105,7438,1,2025-12-28,1,16,42,482,31,18440,True,False
10106,7440,1,2024-09-28,1,7,18,198,14,18444,True,False
10107,7441,1,2026-07-05,1,9,22,241,17,18446,True,False
10108,7445,1,2025-11-19,1,2,3,38,3,18454,True,False
10109,7445,1,2025-11-20,1,2,3,38,3,18455,True,False
10110,7445,1,2025-10-27,1,2,3,38,3,18456,True,False
10111,7446,1,2026-06-07,1,4,9,99,8,18457,True,False
10112,7449,2,2025-09-07,1,11,30,341,22,18460,True,False
10113,7450,2,2026-06-21,1,5,13,139,10,18462,True,False
10114,7452,2,2025-04-13,1,25,75,869,49,18466,True,False
10115,7452,1,2025-05-08,1,25,75,869,49,18467,True,False
10116,7453,2,2025-09-15,1,11,30,339,21,18468,True,False
10117,7453,1,2025-09-23,1,11,30,339,21,18469,True,False
10118,7454,1,2026-05-09,1,9,25,276,18,18470,True,False
10119,7455,1,2025-02-15,1,13,35,390,25,18472,True,False
10120,7455,1,2025-01-27,1,13,35,390,25,18473,True,False
10121,7457,2,2025-07-05,1,1,2,15,2,18476,True,False
10122,7457,1,2025-07-15,1,1,2,15,2,18477,True,False
10123,7458,1,2025-06-20,1,27,84,982,53,18481,True,False
10124,7459,1,2025-05-09,1,4,10,107,7,18483,True,False
10125,7459,1,2025-05-10,1,4,10,107,7,18484,True,False
10126,7460,2,2024-08-19,1,2,3,39,3,18485,True,False
10127,7460,2,2024-08-21,1,2,3,39,3,18487,True,False
10128,7461,1,2025-07-04,1,13,33,375,25,18489,True,False
10129,7461,2,2025-07-10,1,13,33,375,25,18490,True,False
10130,7463,1,2025-05-28,1,1,2,17,2,18492,True,False
10131,7463,1,2025-05-30,1,1,2,17,2,18493,True,False
10132,7464,2,2024-12-07,1,12,32,362,23,18495,True,False
10133,7465,1,2025-11-23,1,14,38,434,28,18497,True,False
10134,7466,1,2025-03-04,1,19,53,623,37,18501,True,False
10135,7467,1,2025-11-22,1,2,4,51,4,18504,True,False
10136,7468,2,2026-01-17,1,12,32,367,24,18509,True,False
10137,7469,2,2024-11-17,1,4,11,120,7,18511,True,False
10138,7469,1,2024-11-07,1,4,11,120,7,18512,True,False
10139,7470,1,2024-12-27,1,4,9,97,8,18513,True,False
10140,7471,1,2026-07-14,1,19,54,628,38,18514,True,False
10141,7471,1,2026-07-01,1,19,54,628,38,18516,True,False
10142,7471,1,2026-07-09,1,19,54,628,38,18517,True,False
10143,7472,2,2024-10-06,1,21,62,720,41,18521,True,False
10144,7473,1,2026-07-02,1,4,10,111,7,18522,True,False
10145,7473,1,2026-06-24,1,4,10,111,7,18523,True,False
10146,7476,1,2025-08-27,1,4,10,105,8,18528,True,False
10147,7477,1,2025-09-13,1,5,13,140,10,18529,True,False
10148,7477,1,2025-09-21,1,5,13,140,10,18531,True,False
10149,7478,1,2024-12-13,1,16,43,502,32,18533,True,False
10150,7478,2,2024-11-28,1,16,43,502,32,18534,True,False
10151,7479,1,2025-05-09,1,1,1,5,1,18535,True,False
10152,7482,1,2024-11-15,1,28,88,1021,56,18539,True,False
10153,7482,1,2024-11-05,1,28,88,1021,56,18540,True,False
10154,7483,2,2025-10-07,1,5,13,139,10,18543,True,False
10155,7483,1,2025-10-09,1,5,13,139,10,18545,True,False
10156,7484,2,2026-02-14,1,4,11,113,7,18546,True,False
10157,7484,2,2026-02-24,1,4,11,113,7,18547,True,False
10158,7485,1,2026-04-11,1,7,18,195,13,18550,True,False
10159,7486,1,2026-04-20,1,4,10,108,8,18551,True,False
10160,7488,1,2026-06-03,1,4,9,99,8,18555,True,False
10161,7489,1,2024-10-27,1,3,5,55,6,18558,True,False
10162,7489,1,2024-11-08,1,3,5,55,6,18560,True,False
10163,7492,1,2024-12-17,1,3,7,78,5,18566,True,False
10164,7492,1,2024-12-29,1,3,7,78,5,18568,True,False
10165,7494,1,2024-10-29,1,4,11,118,8,18571,True,False
10166,7494,1,2024-11-05,1,4,11,118,8,18573,True,False
10167,7495,1,2025-02-27,1,4,11,115,7,18575,True,False
10168,7497,1,2026-06-18,1,4,11,116,7,18581,True,False
10169,7498,1,2025-06-26,1,13,34,386,25,18582,True,False
10170,7498,1,2025-06-19,1,13,34,386,25,18583,True,False
10171,7498,2,2025-06-29,1,13,34,386,25,18584,True,False
10172,7500,2,2024-12-18,1,3,5,58,6,18587,True,False
10173,7501,1,2025-10-26,1,26,81,948,51,18589,True,False
10174,7501,1,2025-11-01,1,26,81,948,51,18590,True,False
10175,7502,1,2025-11-26,1,8,21,232,16,18591,True,False
10176,7503,2,2025-11-21,1,4,9,99,7,18595,True,False
10177,7504,1,2025-04-10,1,25,78,910,50,18598,True,False
10178,7504,1,2025-04-12,1,25,78,910,50,18599,True,False
10179,7505,1,2025-06-01,1,3,5,59,5,18602,True,False
10180,7506,1,2025-09-12,1,5,13,134,9,18605,True,False
10181,7506,2,2025-09-08,1,5,13,134,9,18606,True,False
10182,7507,1,2025-01-20,1,7,19,211,13,18607,True,False
10183,7509,1,2025-12-12,1,4,9,93,8,18615,True,False
10184,7510,1,2025-01-27,1,20,58,672,40,18617,True,False
10185,7511,1,2025-06-13,1,4,9,96,8,18618,True,False
10186,7512,1,2026-04-11,1,10,27,303,20,18620,True,False
10187,7513,1,2024-11-25,1,26,81,948,51,18622,True,False
10188,7513,2,2024-11-11,1,26,81,948,51,18624,True,False
10189,7514,1,2024-12-30,1,5,13,133,9,18625,True,False
10190,7515,1,2025-03-02,1,2,3,39,4,18626,True,False
10191,7516,1,2024-10-12,1,12,32,362,23,18627,True,False
10192,7516,1,2024-09-26,1,12,32,362,23,18628,True,False
10193,7517,1,2024-08-20,1,10,27,296,20,18630,True,False
10194,7517,1,2024-08-21,1,10,27,296,20,18631,True,False
10195,7518,2,2026-04-25,1,2,4,52,4,18634,True,False
10196,7520,1,2026-07-26,1,4,11,118,8,18637,True,False
10197,7520,2,2026-07-11,1,4,11,118,8,18639,True,False
10198,7523,2,2026-07-14,1,28,88,1026,55,18642,True,False
10199,7525,1,2024-10-12,1,1,1,11,2,18644,True,False
10200,7525,1,2024-10-08,1,1,1,11,2,18647,True,False
10201,7526,1,2026-07-05,1,16,42,482,32,18648,True,False
10202,7526,1,2026-07-16,1,16,42,482,32,18649,True,False
10203,7526,1,2026-07-09,1,16,42,482,32,18650,True,False
10204,7526,1,2026-06-20,1,16,42,482,32,18651,True,False
10205,7527,1,2025-09-25,1,16,43,505,32,18652,True,False
10206,7528,1,2026-05-16,1,21,61,713,42,18654,True,False
10207,7528,1,2026-05-05,1,21,61,713,42,18655,True,False
10208,7529,2,2026-02-08,1,9,24,273,17,18658,True,False
10209,7532,1,2026-04-29,1,4,9,99,7,18663,True,False
10210,7532,1,2026-05-04,1,4,9,99,7,18664,True,False
10211,7533,2,2026-02-22,1,4,10,106,7,18667,True,False
10212,7534,1,2025-09-20,1,24,72,840,47,18669,True,False
10213,7534,1,2025-10-01,1,24,72,840,47,18670,True,False
10214,7534,2,2025-09-26,1,24,72,840,47,18672,True,False
10215,7536,1,2025-05-03,1,4,9,93,8,18675,True,False
10216,7537,2,2025-02-13,1,7,18,199,13,18678,True,False
10217,7539,1,2026-03-02,1,4,10,111,7,18681,True,True
10218,7540,1,2025-05-24,1,25,75,872,50,18682,True,False
10219,7541,1,2026-01-22,1,16,43,505,31,18683,True,False
10220,7541,1,2026-01-23,1,16,43,505,31,18684,True,False
10221,7542,1,2026-05-28,1,4,11,114,8,18686,True,False
10222,7542,1,2026-06-05,1,4,11,114,8,18687,True,False
10223,7543,1,2025-02-27,1,4,11,120,7,18688,True,False
10224,7544,1,2024-10-14,1,2,4,53,3,18695,True,False
10225,7545,1,2026-06-02,1,27,82,957,54,18696,True,False
10226,7545,1,2026-05-24,1,27,82,957,54,18697,True,False
10227,7545,1,2026-06-13,1,27,82,957,54,18699,True,False
10228,7546,1,2025-11-02,1,16,41,476,32,18701,True,False
10229,7546,1,2025-10-24,1,16,41,476,32,18702,True,False
10230,7548,1,2025-08-13,1,4,11,119,8,18704,True,False
10231,7548,1,2025-07-19,1,4,11,119,8,18705,True,False
10232,7550,2,2024-09-06,1,7,19,210,14,18708,True,False
10233,7550,1,2024-09-27,1,7,19,210,14,18709,True,False
10234,7550,2,2024-09-05,1,7,19,210,14,18711,True,False
10235,7551,2,2025-04-11,1,4,11,114,8,18713,True,False
10236,7551,1,2025-04-16,1,4,11,114,8,18714,True,False
10237,7552,1,2026-03-30,1,28,86,1000,56,18716,True,False
10238,7552,1,2026-04-12,1,28,86,1000,56,18718,True,False
10239,7553,1,2026-06-03,1,4,11,116,8,18719,True,False
10240,7553,1,2026-06-04,1,4,11,116,8,18720,True,False
10241,7553,1,2026-06-16,1,4,11,116,8,18722,True,False
10242,7554,1,2025-04-17,1,4,9,99,8,18723,True,False
10243,7554,1,2025-03-29,1,4,9,99,8,18725,True,False
10244,7555,2,2025-07-28,1,14,38,433,28,18728,True,False
10245,7556,1,2025-05-02,1,10,28,312,20,18729,True,False
10246,7556,1,2025-04-13,1,10,28,312,20,18731,True,False
10247,7557,1,2025-09-25,1,8,21,229,16,18732,True,False
10248,7557,1,2025-09-22,1,8,21,229,16,18734,True,False
10249,7558,1,2025-12-10,1,4,11,117,7,18735,True,False
10250,7558,1,2025-12-08,1,4,11,117,7,18736,True,False
10251,7559,1,2024-10-09,1,1,1,9,2,18737,True,False
10252,7559,1,2024-10-12,1,1,1,9,2,18740,True,False
10253,7560,2,2026-06-27,1,3,7,83,5,18741,True,False
10254,7562,1,2024-08-16,1,4,10,106,8,18743,True,False
10255,7562,2,2024-08-11,1,4,10,106,8,18744,True,False
10256,7562,1,2024-08-31,1,4,10,106,8,18745,True,False
10257,7563,1,2024-12-22,1,2,4,53,4,18746,True,False
10258,7564,1,2026-02-07,1,3,8,88,6,18747,True,False
10259,7564,1,2026-01-28,1,3,8,88,6,18748,True,False
10260,7564,1,2026-01-24,1,3,8,88,6,18749,True,False
10261,7565,1,2025-03-05,1,30,92,1069,59,18751,True,False
10262,7567,1,2025-12-13,1,2,3,33,3,18756,True,False
10263,7568,1,2025-12-20,1,20,58,673,40,18758,True,False
10264,7568,1,2025-12-15,1,20,58,673,40,18759,True,False
10265,7569,2,2024-09-23,1,3,5,61,6,18762,True,False
10266,7570,1,2024-09-09,1,15,40,459,29,18764,True,False
10267,7571,1,2025-04-23,1,18,50,576,36,18765,True,False
10268,7571,1,2025-04-15,1,18,50,576,36,18766,True,False
10269,7571,1,2025-04-05,1,18,50,576,36,18768,True,True
10270,7572,1,2025-06-13,1,8,20,220,16,18769,True,False
10271,7572,1,2025-06-16,1,8,20,220,16,18770,True,False
10272,7573,1,2025-10-03,1,23,68,792,45,18772,True,False
10273,7574,1,2025-10-31,1,4,10,103,8,18775,True,False
10274,7574,1,2025-11-10,1,4,10,103,8,18776,True,False
10275,7574,1,2025-11-10,1,4,10,103,8,18777,True,False
10276,7575,1,2025-06-06,1,8,20,226,16,18778,True,False
10277,7577,1,2025-08-27,1,4,9,99,8,18781,True,False
10278,7577,1,2025-08-25,1,4,9,99,8,18782,True,False
10279,7578,1,2024-09-03,1,1,2,26,1,18783,True,False
10280,7578,2,2024-09-05,1,1,2,26,1,18784,True,False
10281,7578,1,2024-09-01,1,1,2,26,1,18785,True,False
10282,7581,1,2026-01-16,1,3,5,56,6,18792,True,False
10283,7583,1,2025-12-31,1,6,17,188,11,18797,True,False
10284,7583,2,2025-12-19,1,6,17,188,11,18798,True,False
10285,7584,1,2026-07-04,1,4,10,108,8,18799,True,False
10286,7584,1,2026-06-28,1,4,10,108,8,18800,True,False
10287,7585,1,2024-11-02,1,11,29,329,21,18801,True,False
10288,7585,2,2024-11-21,1,11,29,329,21,18802,True,False
10289,7587,1,2025-08-03,1,28,85,990,55,18806,True,False
10290,7588,1,2025-08-01,1,25,77,899,50,18808,True,False
10291,7589,1,2026-07-01,1,12,31,351,23,18811,True,False
10292,7590,1,2024-12-25,1,23,67,780,45,18813,True,False
10293,7591,2,2025-04-24,1,29,89,1033,58,18814,True,False
10294,7592,2,2024-10-17,1,10,28,312,19,18815,True,False
10295,7593,2,2025-09-17,1,3,8,91,6,18816,True,False
10296,7593,1,2025-08-30,1,3,8,91,6,18818,True,False
10297,7594,1,2026-07-18,1,4,10,104,8,18819,True,False
10298,7595,1,2026-01-27,1,4,10,104,7,18822,True,False
10299,7595,1,2026-01-13,1,4,10,104,7,18823,True,False
10300,7596,1,2026-03-06,1,11,30,343,22,18824,True,False
10301,7596,1,2026-02-26,1,11,30,343,22,18825,True,False
10302,7598,2,2025-02-02,1,8,21,235,16,18829,True,False
10303,7599,2,2025-03-02,1,28,88,1023,55,18831,True,False
10304,7599,1,2025-03-03,1,28,88,1023,55,18832,True,False
10305,7600,1,2026-06-09,1,4,10,105,7,18834,True,False
10306,7601,2,2026-01-25,1,8,21,230,15,18836,True,False
10307,7602,1,2025-03-21,1,7,18,200,13,18838,True,False
10308,7604,1,2025-05-14,1,18,50,575,35,18841,True,False
10309,7604,2,2025-05-13,1,18,50,575,35,18844,True,False
10310,7607,1,2025-01-27,1,4,11,115,7,18848,True,False
10311,7607,1,2025-01-25,1,4,11,115,7,18849,True,False
10312,7608,2,2025-02-06,1,17,46,526,33,18850,True,True
10313,7609,1,2025-08-19,1,1,1,7,2,18852,True,False
10314,7610,1,2026-04-21,1,27,84,979,54,18855,True,False
10315,7610,1,2026-04-27,1,27,84,979,54,18856,True,False
10316,7610,1,2026-04-23,1,27,84,979,54,18857,True,False
10317,7611,1,2026-05-30,1,29,90,1047,57,18859,True,False
10318,7612,1,2025-12-05,1,6,15,156,12,18861,True,False
10319,7614,2,2025-02-18,1,20,60,701,40,18863,True,False
10320,7615,1,2026-07-15,1,3,6,71,5,18865,True,False
10321,7615,1,2026-07-16,1,3,6,71,5,18866,True,False
10322,7616,1,2026-02-01,1,19,56,652,37,18867,True,False
10323,7617,1,2026-06-18,1,4,11,120,7,18869,True,False
10324,7617,1,2026-06-15,1,4,11,120,7,18871,True,False
10325,7619,2,2026-02-08,1,14,37,418,27,18874,True,False
10326,7622,1,2026-03-22,1,4,11,115,8,18878,True,False
10327,7623,1,2026-07-12,1,4,9,98,8,18880,True,False
10328,7625,1,2026-03-29,1,4,9,97,7,18884,True,False
10329,7626,1,2025-05-26,1,18,51,586,36,18886,True,False
10330,7627,1,2026-02-25,1,4,9,93,8,18887,True,False
10331,7627,1,2026-02-26,1,4,9,93,8,18888,True,False
10332,7628,1,2025-04-15,1,6,17,190,12,18890,True,False
10333,7629,1,2025-01-21,1,17,46,528,33,18891,True,False
10334,7629,1,2025-01-10,1,17,46,528,33,18893,True,False
10335,7629,1,2025-01-17,1,17,46,528,33,18894,True,False
10336,7631,2,2026-07-21,1,11,30,346,22,18897,True,False
10337,7632,1,2025-10-26,1,1,2,21,2,18900,True,False
10338,7633,1,2025-05-30,1,4,10,104,7,18901,True,False
10339,7633,1,2025-05-25,1,4,10,104,7,18902,True,False
10340,7633,2,2025-05-21,1,4,10,104,7,18903,True,False
10341,7634,2,2025-03-14,1,4,11,117,8,18905,True,False
10342,7635,1,2025-05-15,1,4,9,97,8,18906,True,False
10343,7635,1,2025-05-15,1,4,9,97,8,18908,True,True
10344,7636,1,2025-08-21,1,1,2,25,2,18909,True,False
10345,7636,1,2025-08-06,1,1,2,25,2,18911,True,False
10346,7637,1,2025-12-12,1,22,63,738,43,18912,True,False
10347,7637,1,2025-12-09,1,22,63,738,43,18913,True,False
10348,7639,1,2025-04-02,1,3,6,72,6,18917,True,True
10349,7640,1,2025-02-28,1,1,1,10,1,18919,True,False
10350,7641,1,2025-07-07,1,3,7,80,5,18922,True,False
10351,7641,1,2025-07-03,1,3,7,80,5,18923,True,False
10352,7641,1,2025-07-02,1,3,7,80,5,18924,True,False
10353,7642,2,2024-08-09,1,7,18,195,14,18925,True,False
10354,7643,1,2026-04-24,1,4,10,111,8,18927,True,False
10355,7644,1,2026-04-02,1,4,11,115,8,18928,True,False
10356,7645,1,2026-06-10,1,19,52,605,38,18929,True,False
10357,7646,2,2026-02-20,1,4,9,98,8,18931,True,False
10358,7647,1,2025-07-06,1,27,83,970,53,18933,True,False
10359,7648,1,2026-04-14,1,4,9,98,8,18934,True,False
10360,7649,1,2025-01-15,1,16,43,499,31,18935,True,False
10361,7650,1,2024-09-05,1,26,79,918,51,18939,True,True
10362,7650,1,2024-08-23,1,26,79,918,51,18940,True,False
10363,7651,1,2025-02-07,1,4,10,111,8,18943,True,False
10364,7651,1,2025-01-25,1,4,10,111,8,18944,True,False
10365,7652,2,2026-06-10,1,29,90,1039,58,18945,True,False
10366,7652,1,2026-06-13,1,29,90,1039,58,18947,True,False
10367,7653,1,2026-02-09,1,12,32,364,23,18950,True,False
10368,7655,1,2025-05-19,1,2,3,29,4,18954,True,False
10369,7656,1,2025-07-16,1,4,11,115,7,18958,True,False
10370,7657,1,2024-08-23,1,4,9,97,8,18959,True,False
10371,7657,1,2024-09-14,1,4,9,97,8,18961,True,False
10372,7658,2,2025-12-13,1,23,66,768,46,18962,True,False
10373,7658,1,2025-12-16,1,23,66,768,46,18963,True,False
10374,7658,1,2025-12-26,1,23,66,768,46,18964,True,False
10375,7659,1,2024-09-24,1,24,71,823,48,18968,True,False
10376,7659,2,2024-09-09,1,24,71,823,48,18969,True,True
10377,7660,1,2024-10-31,1,10,27,301,19,18971,True,False
10378,7660,1,2024-11-06,1,10,27,301,19,18972,True,False
10379,7661,2,2026-05-29,1,14,36,407,28,18974,True,False
10380,7661,2,2026-05-26,1,14,36,407,28,18975,True,False
10381,7662,1,2025-08-23,1,7,19,213,14,18979,True,False
10382,7664,2,2026-01-18,1,16,41,478,32,18981,True,False
10383,7665,2,2025-05-29,1,3,5,56,5,18982,True,False
10384,7665,1,2025-05-31,1,3,5,56,5,18983,True,False
10385,7665,1,2025-05-14,1,3,5,56,5,18985,True,True
10386,7666,1,2026-06-24,1,15,39,444,30,18986,True,False
10387,7667,1,2026-05-04,1,4,10,103,8,18988,True,False
10388,7669,1,2025-08-22,1,16,42,486,31,18992,True,False
10389,7669,1,2025-09-09,1,16,42,486,31,18994,True,False
10390,7669,1,2025-09-09,1,16,42,486,31,18995,True,False
10391,7670,2,2026-07-27,1,4,9,99,8,18996,True,False
10392,7670,1,2026-07-11,1,4,9,99,8,18997,True,False
10393,7670,1,2026-07-23,1,4,9,99,8,18998,True,False
10394,7671,1,2025-08-16,1,4,9,100,7,19000,True,False
10395,7671,2,2025-08-05,1,4,9,100,7,19001,True,False
10396,7673,2,2025-10-03,1,3,5,55,5,19004,True,False
10397,7674,2,2026-05-31,1,28,85,994,55,19007,True,False
10398,7675,1,2025-08-30,1,1,1,8,1,19008,True,False
10399,7677,1,2025-07-12,1,20,58,682,40,19013,True,False
10400,7677,2,2025-07-07,1,20,58,682,40,19016,True,False
10401,7679,1,2026-02-13,1,17,44,513,34,19019,True,False
10402,7679,1,2026-01-17,1,17,44,513,34,19020,True,False
10403,7680,1,2026-04-18,1,4,11,120,8,19021,True,False
10404,7681,1,2025-12-22,1,4,9,94,8,19022,True,False
10405,7682,2,2026-01-03,1,6,17,184,11,19024,True,False
10406,7682,1,2026-01-07,1,6,17,184,11,19025,True,False
10407,7684,1,2026-07-02,1,3,7,78,5,19030,True,False
10408,7686,1,2025-05-25,1,21,61,710,42,19035,True,False
10409,7686,1,2025-06-01,1,21,61,710,42,19036,True,False
10410,7687,1,2025-11-10,1,20,59,684,40,19037,True,False
10411,7687,1,2025-11-06,1,20,59,684,40,19039,True,False
10412,7688,2,2025-06-08,1,4,9,96,8,19041,True,False
10413,7688,1,2025-06-30,1,4,9,96,8,19042,True,True
10414,7688,1,2025-06-12,1,4,9,96,8,19043,True,False
10415,7688,1,2025-06-17,1,4,9,96,8,19044,True,False
10416,7689,1,2025-02-17,1,14,38,442,28,19045,True,False
10417,7689,1,2025-02-05,1,14,38,442,28,19046,True,False
10418,7690,2,2025-04-18,1,15,40,461,30,19049,True,False
10419,7690,1,2025-05-09,1,15,40,461,30,19050,True,False
10420,7690,1,2025-04-28,1,15,40,461,30,19051,True,False
10421,7691,1,2026-04-14,1,26,81,947,52,19053,True,False
10422,7691,1,2026-03-26,1,26,81,947,52,19054,True,False
10423,7692,1,2025-10-03,1,13,34,387,25,19057,True,False
10424,7693,1,2026-02-12,1,3,8,89,5,19060,True,False
10425,7693,1,2026-02-07,1,3,8,89,5,19062,True,False
10426,7694,2,2025-06-12,1,2,3,36,4,19063,True,False
10427,7694,1,2025-06-18,1,2,3,36,4,19065,True,False
10428,7695,1,2025-01-27,1,11,29,323,21,19070,True,False
10429,7696,1,2025-02-21,1,3,7,80,5,19071,True,False
10430,7697,1,2025-01-17,1,4,9,97,7,19075,True,False
10431,7699,1,2026-07-08,1,1,1,12,2,19079,True,False
10432,7699,2,2026-06-24,1,1,1,12,2,19080,True,False
10433,7702,1,2026-02-25,1,4,9,98,7,19085,True,False
10434,7704,1,2024-09-30,1,13,34,384,26,19088,True,False
10435,7705,2,2024-09-26,1,21,62,722,42,19090,True,False
10436,7705,1,2024-09-22,1,21,62,722,42,19091,True,False
10437,7705,2,2024-09-19,1,21,62,722,42,19092,True,False
10438,7706,1,2025-07-28,1,3,7,79,6,19093,True,False
10439,7706,1,2025-07-15,1,3,7,79,6,19094,True,False
10440,7706,2,2025-07-22,1,3,7,79,6,19095,True,False
10441,7708,1,2025-11-01,1,6,15,163,11,19098,True,False
10442,7708,1,2025-10-23,1,6,15,163,11,19099,True,False
10443,7708,2,2025-10-12,1,6,15,163,11,19100,True,False
10444,7709,2,2026-04-08,1,29,89,1037,57,19101,True,False
10445,7711,1,2026-03-23,1,4,10,107,7,19104,True,False
10446,7712,2,2024-10-11,1,28,86,1003,56,19106,True,False
10447,7713,1,2026-04-04,1,27,84,974,54,19107,True,False
10448,7714,2,2026-05-28,1,14,37,428,27,19109,True,False
10449,7714,1,2026-05-13,1,14,37,428,27,19110,True,False
10450,7714,1,2026-05-28,1,14,37,428,27,19111,True,False
10451,7715,1,2025-12-15,1,12,31,359,23,19112,True,False
10452,7715,1,2025-12-11,1,12,31,359,23,19113,True,False
10453,7717,1,2024-11-01,1,4,9,93,7,19115,True,False
10454,7717,1,2024-11-08,1,4,9,93,7,19116,True,False
10455,7717,2,2024-11-12,1,4,9,93,7,19118,True,False
10456,7718,2,2024-09-10,1,12,31,349,24,19121,True,False
10457,7719,1,2025-04-15,1,2,3,33,3,19122,True,False
10458,7719,1,2025-04-28,1,2,3,33,3,19124,True,False
10459,7720,1,2026-07-06,1,4,10,103,7,19126,True,False
10460,7720,1,2026-07-24,1,4,10,103,7,19127,True,False
10461,7720,1,2026-06-28,1,4,10,103,7,19129,True,False
10462,7721,1,2025-07-30,1,10,28,313,20,19130,True,False
10463,7722,1,2024-09-11,1,20,59,691,39,19132,True,False
10464,7722,1,2024-09-05,1,20,59,691,39,19133,True,False
10465,7722,2,2024-09-05,1,20,59,691,39,19134,True,False
10466,7723,1,2026-06-15,1,4,10,102,7,19137,True,False
10467,7723,1,2026-06-26,1,4,10,102,7,19138,True,False
10468,7724,1,2026-05-05,1,4,11,114,8,19142,True,False
10469,7727,1,2025-06-25,1,20,58,674,40,19150,True,False
10470,7728,2,2026-07-12,1,5,12,124,9,19152,True,True
10471,7728,1,2026-06-29,1,5,12,124,9,19153,True,False
10472,7729,1,2026-04-19,1,19,53,624,37,19155,True,False
10473,7730,2,2025-12-28,1,5,12,125,9,19157,True,False
10474,7731,1,2026-04-08,1,1,2,26,1,19160,True,True
10475,7732,1,2026-07-02,1,16,42,483,31,19162,True,False
10476,7733,1,2025-12-19,1,11,29,331,21,19164,True,False
10477,7733,2,2025-12-14,1,11,29,331,21,19165,True,False
10478,7733,1,2025-12-11,1,11,29,331,21,19166,True,False
10479,7734,2,2024-08-28,1,4,11,117,7,19167,True,False
10480,7734,1,2024-08-08,1,4,11,117,7,19168,True,False
10481,7735,1,2025-10-22,1,9,24,264,17,19169,True,False
10482,7735,2,2025-09-27,1,9,24,264,17,19170,True,False
10483,7736,2,2024-11-29,1,24,71,835,48,19172,True,False
10484,7736,1,2024-11-11,1,24,71,835,48,19173,True,False
10485,7737,1,2026-02-24,1,21,62,718,42,19174,True,False
10486,7738,1,2025-06-06,1,14,37,420,28,19175,True,False
10487,7738,1,2025-06-21,1,14,37,420,28,19176,True,False
10488,7739,1,2026-02-28,1,9,25,281,17,19178,True,False
10489,7739,1,2026-03-23,1,9,25,281,17,19180,True,False
10490,7740,1,2025-03-07,1,17,44,512,34,19181,True,False
10491,7740,1,2025-03-07,1,17,44,512,34,19182,True,False
10492,7740,1,2025-03-01,1,17,44,512,34,19183,True,False
10493,7740,1,2025-03-21,1,17,44,512,34,19184,True,False
10494,7741,1,2026-06-24,1,4,11,116,7,19185,True,False
10495,7742,1,2026-02-21,1,4,10,104,7,19186,True,False
10496,7743,2,2026-03-15,1,8,20,225,16,19189,True,False
10497,7744,1,2026-07-08,1,4,10,106,8,19190,True,False
10498,7744,2,2026-06-26,1,4,10,106,8,19191,True,False
10499,7744,1,2026-06-17,1,4,10,106,8,19192,True,False
10500,7745,1,2026-01-15,1,17,45,518,34,19194,True,False
10501,7746,1,2024-08-10,1,16,42,489,31,19196,True,False
10502,7747,1,2026-01-28,1,4,11,120,7,19198,True,False
10503,7747,1,2026-02-20,1,4,11,120,7,19199,True,False
10504,7747,2,2026-02-21,1,4,11,120,7,19200,True,False
10505,7747,1,2026-02-16,1,4,11,120,7,19201,True,False
10506,7748,1,2024-08-10,1,3,7,79,6,19202,True,False
10507,7749,1,2025-05-22,1,4,9,98,7,19203,True,True
10508,7749,2,2025-06-10,1,4,9,98,7,19205,True,False
10509,7750,1,2025-07-13,1,6,17,192,11,19208,True,False
10510,7751,1,2026-01-23,1,4,11,120,8,19210,True,False
10511,7752,1,2024-09-24,1,13,35,396,26,19211,True,False
10512,7753,1,2025-08-24,1,17,45,519,33,19212,True,False
10513,7754,1,2026-01-11,1,3,8,89,6,19213,True,False
10514,7754,1,2026-01-22,1,3,8,89,6,19216,True,False
10515,7755,1,2025-11-21,1,21,61,707,41,19217,True,False
10516,7755,2,2025-11-20,1,21,61,707,41,19218,True,False
10517,7756,1,2025-10-02,1,23,66,768,46,19220,True,False
10518,7756,1,2025-10-10,1,23,66,768,46,19221,True,False
10519,7759,1,2025-11-09,1,11,30,336,21,19229,True,False
10520,7760,1,2026-06-16,1,25,76,883,49,19232,True,False
10521,7760,1,2026-06-09,1,25,76,883,49,19233,True,False
10522,7760,1,2026-07-02,1,25,76,883,49,19234,True,False
10523,7760,1,2026-06-10,1,25,76,883,49,19235,True,False
10524,7761,1,2026-04-10,1,4,10,107,8,19237,True,False
10525,7761,1,2026-04-02,1,4,10,107,8,19238,True,False
10526,7761,1,2026-04-26,1,4,10,107,8,19239,True,False
10527,7762,2,2025-03-22,1,4,9,95,8,19240,True,False
10528,7764,2,2025-11-15,1,7,19,209,13,19244,True,False
10529,7765,1,2024-09-09,1,8,20,220,15,19247,True,False
10530,7767,2,2025-03-06,1,8,21,237,16,19249,True,False
10531,7767,1,2025-02-17,1,8,21,237,16,19251,True,False
10532,7768,1,2025-07-21,1,23,69,807,46,19253,True,False
10533,7768,1,2025-08-06,1,23,69,807,46,19254,True,False
10534,7769,1,2025-02-06,1,14,36,409,28,19257,True,False
10535,7770,1,2026-04-30,1,4,9,98,8,19259,True,False
10536,7770,2,2026-04-27,1,4,9,98,8,19260,True,False
10537,7770,2,2026-04-15,1,4,9,98,8,19261,True,False
10538,7770,2,2026-04-23,1,4,9,98,8,19262,True,False
10539,7771,1,2026-05-17,1,2,3,38,4,19264,True,False
10540,7772,1,2026-04-29,1,4,10,105,7,19265,True,False
10541,7772,1,2026-04-11,1,4,10,105,7,19266,True,False
10542,7773,2,2025-09-04,1,3,8,85,5,19268,True,False
10543,7775,1,2025-07-29,1,15,40,462,30,19270,True,False
10544,7775,1,2025-07-17,1,15,40,462,30,19271,True,False
10545,7778,1,2025-10-18,1,16,42,484,32,19276,True,False
10546,7779,1,2025-09-28,1,4,9,99,7,19277,True,False
10547,7781,2,2024-09-16,1,3,5,60,5,19279,True,False
10548,7781,1,2024-09-11,1,3,5,60,5,19281,True,False
10549,7781,1,2024-08-31,1,3,5,60,5,19282,True,False
10550,7782,1,2026-01-23,1,3,5,62,6,19283,True,False
10551,7782,1,2026-02-03,1,3,5,62,6,19285,True,False
10552,7783,1,2026-04-27,1,29,89,1036,58,19286,True,False
10553,7785,1,2025-12-02,1,15,39,450,29,19293,True,False
10554,7786,1,2024-11-16,1,4,9,93,8,19294,True,False
10555,7787,2,2026-02-18,1,3,7,81,5,19298,True,False
10556,7787,1,2026-02-17,1,3,7,81,5,19299,True,False
10557,7788,1,2025-11-26,1,3,8,92,5,19300,True,False
10558,7788,2,2025-12-02,1,3,8,92,5,19301,True,False
10559,7789,1,2026-06-08,1,22,65,760,44,19305,True,False
10560,7789,1,2026-06-11,1,22,65,760,44,19306,True,False
10561,7789,1,2026-05-24,1,22,65,760,44,19307,True,False
10562,7790,1,2025-02-07,1,20,59,686,39,19308,True,False
10563,7791,1,2025-05-05,1,5,13,137,9,19312,True,False
10564,7794,1,2024-07-26,1,4,10,103,8,19318,True,False
10565,7795,1,2024-10-21,1,1,2,25,1,19319,True,False
10566,7795,1,2024-10-20,1,1,2,25,1,19320,True,False
10567,7795,2,2024-10-19,1,1,2,25,1,19321,True,False
10568,7797,2,2026-05-25,1,4,9,96,8,19323,True,False
10569,7799,2,2024-12-30,1,3,6,72,5,19326,True,True
10570,7800,1,2026-06-29,1,4,11,120,7,19327,True,False
10571,7801,1,2026-05-29,1,4,10,102,8,19330,True,False
10572,7801,1,2026-06-06,1,4,10,102,8,19332,True,False
10573,7802,2,2025-05-27,1,27,83,966,54,19333,True,False
10574,7806,1,2026-04-18,1,11,30,346,22,19339,True,False
10575,7806,1,2026-05-15,1,11,30,346,22,19341,True,False
10576,7807,1,2025-07-10,1,17,45,518,33,19343,True,False
10577,7808,1,2026-02-19,1,15,39,448,30,19344,True,False
10578,7808,1,2026-02-21,1,15,39,448,30,19345,True,False
10579,7808,1,2026-02-08,1,15,39,448,30,19346,True,False
10580,7809,1,2026-03-04,1,23,70,815,46,19348,True,False
10581,7809,1,2026-02-24,1,23,70,815,46,19349,True,False
10582,7810,1,2025-04-22,1,3,7,75,5,19350,True,False
10583,7810,1,2025-04-27,1,3,7,75,5,19352,True,False
10584,7811,1,2026-06-21,1,4,10,108,8,19353,True,False
10585,7812,1,2025-03-18,1,29,90,1047,57,19354,True,False
10586,7812,1,2025-03-26,1,29,90,1047,57,19356,True,False
10587,7812,2,2025-03-16,1,29,90,1047,57,19357,True,False
10588,7813,1,2026-07-08,1,23,67,783,46,19358,True,False
10589,7813,2,2026-07-23,1,23,67,783,46,19359,True,False
10590,7814,1,2026-02-05,1,12,32,365,24,19360,True,False
10591,7814,1,2026-02-21,1,12,32,365,24,19363,True,False
10592,7816,1,2025-02-09,1,21,62,723,42,19366,True,False
10593,7816,1,2025-01-19,1,21,62,723,42,19368,True,False
10594,7816,1,2025-01-15,1,21,62,723,42,19369,True,False
10595,7818,1,2026-05-17,1,27,84,974,54,19371,True,False
10596,7819,2,2025-02-21,1,18,50,572,35,19374,True,False
10597,7819,1,2025-03-01,1,18,50,572,35,19376,True,False
10598,7820,1,2026-01-01,1,1,1,12,1,19377,True,False
10599,7822,1,2025-05-15,1,4,10,105,8,19380,True,False
10600,7823,1,2026-06-21,1,3,7,78,6,19381,True,False
10601,7823,1,2026-07-11,1,3,7,78,6,19382,True,False
10602,7824,2,2026-06-25,1,7,18,199,13,19384,True,False
10603,7825,1,2024-09-24,1,3,5,60,6,19389,True,False
10604,7827,2,2024-10-26,1,27,82,957,54,19392,True,False
10605,7828,1,2026-03-27,1,7,19,213,14,19394,True,False
10606,7828,1,2026-03-25,1,7,19,213,14,19395,True,False
10607,7829,2,2024-11-06,1,3,7,78,6,19396,True,False
10608,7829,1,2024-11-02,1,3,7,78,6,19397,True,False
10609,7830,1,2025-05-07,1,13,34,387,26,19398,True,False
10610,7830,2,2025-05-05,1,13,34,387,26,19399,True,False
10611,7830,1,2025-04-18,1,13,34,387,26,19400,True,False
10612,7831,2,2025-12-10,1,4,9,95,8,19404,True,False
10613,7832,1,2025-11-03,1,15,39,444,30,19406,True,False
10614,7832,1,2025-11-09,1,15,39,444,30,19408,True,False
10615,7833,1,2025-10-26,1,13,35,401,25,19410,True,False
10616,7834,1,2025-04-16,1,19,56,653,37,19413,True,False
10617,7835,1,2026-04-04,1,4,10,103,7,19415,True,False
10618,7837,1,2026-06-02,1,4,9,98,7,19417,True,False
10619,7838,1,2025-02-04,1,17,45,521,33,19419,True,False
10620,7838,1,2025-02-15,1,17,45,521,33,19420,True,False
10621,7839,1,2024-08-28,1,13,35,391,26,19421,True,False
10622,7839,1,2024-09-16,1,13,35,391,26,19422,True,False
10623,7841,1,2025-02-23,1,1,1,13,1,19425,True,False
10624,7842,1,2025-06-15,1,4,11,112,8,19428,True,False
10625,7843,1,2025-03-31,1,1,1,14,2,19430,True,False
10626,7843,1,2025-04-02,1,1,1,14,2,19432,True,False
10627,7843,1,2025-03-24,1,1,1,14,2,19433,True,False
10628,7844,1,2025-05-03,1,26,80,940,52,19434,True,False
10629,7844,1,2025-04-21,1,26,80,940,52,19435,True,False
10630,7845,2,2025-03-21,1,4,10,110,7,19436,True,False
10631,7846,1,2024-08-27,1,3,7,82,6,19438,True,False
10632,7847,1,2024-10-11,1,24,74,865,47,19439,True,False
10633,7847,1,2024-10-11,1,24,74,865,47,19440,True,False
10634,7848,2,2025-08-01,1,27,83,967,53,19441,True,False
10635,7848,2,2025-08-10,1,27,83,967,53,19442,True,False
10636,7849,1,2026-05-18,1,27,84,981,54,19443,True,False
10637,7849,1,2026-06-09,1,27,84,981,54,19444,True,False
10638,7849,1,2026-06-04,1,27,84,981,54,19446,True,False
10639,7850,1,2026-05-11,1,4,10,105,8,19447,True,False
10640,7850,2,2026-04-28,1,4,10,105,8,19449,True,False
10641,7851,2,2024-09-03,1,30,91,1051,60,19451,True,False
10642,7851,1,2024-09-05,1,30,91,1051,60,19452,True,False
10643,7851,1,2024-09-19,1,30,91,1051,60,19453,True,False
10644,7853,1,2024-10-20,1,1,2,25,2,19458,True,False
10645,7853,1,2024-10-13,1,1,2,25,2,19459,True,False
10646,7856,1,2026-01-10,1,5,12,128,10,19465,True,False
10647,7856,1,2025-12-24,1,5,12,128,10,19467,True,False
10648,7857,1,2025-05-06,1,23,66,767,46,19469,True,False
10649,7858,1,2024-08-17,1,21,62,724,41,19470,True,False
10650,7859,2,2024-08-14,1,16,43,496,32,19472,True,False
10651,7861,1,2026-02-08,1,4,11,115,7,19474,True,False
10652,7861,1,2026-01-15,1,4,11,115,7,19475,True,False
10653,7862,1,2026-05-18,1,4,9,100,7,19477,True,False
10654,7863,1,2025-04-24,1,30,91,1053,59,19479,True,False
10655,7863,1,2025-04-23,1,30,91,1053,59,19480,True,False
10656,7863,1,2025-04-05,1,30,91,1053,59,19481,True,False
10657,7864,1,2026-01-09,1,2,4,49,4,19482,True,False
10658,7864,1,2025-12-22,1,2,4,49,4,19483,True,False
10659,7865,1,2025-04-17,1,30,92,1072,59,19484,True,False
10660,7866,1,2025-12-07,1,25,76,883,49,19485,True,False
10661,7866,2,2025-12-13,1,25,76,883,49,19486,True,False
10662,7866,1,2025-11-27,1,25,76,883,49,19487,True,False
10663,7868,2,2024-12-13,1,9,24,273,17,19492,True,False
10664,7869,1,2026-02-02,1,4,11,112,7,19493,True,False
10665,7869,2,2026-02-26,1,4,11,112,7,19494,True,False
10666,7871,1,2026-07-04,1,4,11,116,8,19496,True,False
10667,7872,1,2024-08-28,1,1,2,27,2,19498,True,False
10668,7872,1,2024-08-15,1,1,2,27,2,19499,True,False
10669,7874,1,2026-04-11,1,4,9,98,8,19501,True,False
10670,7874,1,2026-04-13,1,4,9,98,8,19503,True,False
10671,7874,1,2026-05-03,1,4,9,98,8,19504,True,False
10672,7875,1,2025-11-30,1,7,19,208,13,19505,True,False
10673,7875,1,2025-12-23,1,7,19,208,13,19506,True,False
10674,7876,1,2025-08-05,1,5,12,132,10,19508,True,False
10675,7876,2,2025-08-03,1,5,12,132,10,19509,True,False
10676,7876,2,2025-07-18,1,5,12,132,10,19510,True,False
10677,7877,1,2024-08-13,1,10,27,303,20,19511,True,False
10678,7877,1,2024-08-02,1,10,27,303,20,19513,True,False
10679,7877,1,2024-08-13,1,10,27,303,20,19514,True,False
10680,7879,1,2024-10-02,1,13,34,385,26,19516,True,False
10681,7880,1,2026-02-09,1,20,58,673,39,19520,True,False
10682,7880,2,2026-02-08,1,20,58,673,39,19521,True,False
10683,7881,1,2025-11-08,1,4,11,113,7,19523,True,False
10684,7881,1,2025-10-19,1,4,11,113,7,19524,True,False
10685,7883,1,2026-07-09,1,14,37,430,28,19526,True,False
10686,7883,1,2026-07-19,1,14,37,430,28,19527,True,False
10687,7884,1,2026-06-21,1,12,32,364,23,19528,True,False
10688,7885,2,2026-07-08,1,9,25,277,18,19529,True,False
10689,7887,1,2025-03-08,1,4,10,102,8,19532,True,False
10690,7888,2,2024-12-20,1,27,84,974,53,19535,True,False
10691,7888,1,2025-01-03,1,27,84,974,53,19537,True,False
10692,7889,1,2025-08-27,1,9,23,260,17,19538,True,False
10693,7889,1,2025-09-02,1,9,23,260,17,19539,True,False
10694,7889,2,2025-09-15,1,9,23,260,17,19540,True,False
10695,7889,1,2025-08-31,1,9,23,260,17,19541,True,False
10696,7890,1,2026-03-21,1,4,9,100,7,19542,True,False
10697,7890,1,2026-03-17,1,4,9,100,7,19544,True,False
10698,7891,1,2025-03-21,1,4,11,116,7,19545,True,False
10699,7891,2,2025-03-20,1,4,11,116,7,19546,True,False
10700,7891,1,2025-03-13,1,4,11,116,7,19547,True,False
10701,7892,1,2024-11-30,1,1,2,27,1,19548,True,False
10702,7892,2,2024-11-24,1,1,2,27,1,19550,True,False
10703,7892,1,2024-11-16,1,1,2,27,1,19551,True,False
10704,7893,1,2026-03-07,1,18,51,593,35,19553,True,False
10705,7894,1,2025-09-07,1,16,42,489,31,19554,True,False
10706,7895,2,2025-04-17,1,4,9,98,8,19556,True,False
10707,7895,1,2025-05-05,1,4,9,98,8,19557,True,False
10708,7896,1,2026-06-09,1,24,73,845,48,19559,True,False
10709,7896,1,2026-06-19,1,24,73,845,48,19560,True,False
10710,7896,1,2026-06-28,1,24,73,845,48,19561,True,False
10711,7896,1,2026-06-19,1,24,73,845,48,19562,True,False
10712,7897,2,2026-05-31,1,15,39,447,29,19563,True,False
10713,7897,1,2026-06-17,1,15,39,447,29,19564,True,False
10714,7898,1,2026-07-12,1,16,43,497,31,19565,True,False
10715,7900,2,2025-07-13,1,8,20,220,16,19568,True,False
10716,7900,1,2025-07-15,1,8,20,220,16,19569,True,False
10717,7901,2,2026-07-02,1,12,32,366,24,19570,True,False
10718,7901,1,2026-06-13,1,12,32,366,24,19571,True,False
10719,7903,1,2026-05-23,1,16,42,488,31,19574,True,False
10720,7904,1,2025-03-30,1,19,53,613,37,19575,True,False
10721,7905,1,2026-04-18,1,4,11,118,8,19576,True,False
10722,7906,1,2025-08-18,1,29,90,1045,58,19579,True,False
10723,7907,1,2025-02-17,1,8,21,232,16,19580,True,False
10724,7908,1,2026-03-08,1,4,9,101,8,19582,True,False
10725,7909,1,2026-06-10,1,10,27,301,20,19585,True,False
10726,7911,1,2024-12-11,1,4,9,98,7,19587,True,False
10727,7911,1,2024-12-25,1,4,9,98,7,19588,True,False
10728,7911,1,2024-11-28,1,4,9,98,7,19590,True,False
10729,7913,1,2025-04-28,1,14,36,404,27,19592,True,False
10730,7914,1,2026-06-12,1,21,61,710,42,19593,True,True
10731,7914,1,2026-06-04,1,21,61,710,42,19595,True,False
10732,7917,1,2025-10-30,1,20,59,693,40,19599,True,False
10733,7917,1,2025-11-22,1,20,59,693,40,19601,True,False
10734,7917,2,2025-10-27,1,20,59,693,40,19602,True,True
10735,7918,1,2026-04-28,1,16,41,475,32,19604,True,False
10736,7919,1,2025-05-20,1,4,10,103,8,19606,True,False
10737,7920,2,2024-09-09,1,11,30,332,21,19607,True,False
10738,7922,1,2025-07-07,1,14,37,430,27,19613,True,False
10739,7923,2,2024-11-10,1,15,40,463,29,19614,True,False
10740,7924,1,2025-09-24,1,22,63,736,44,19615,True,False
10741,7924,1,2025-10-16,1,22,63,736,44,19616,True,False
10742,7925,2,2024-12-08,1,11,30,343,22,19618,True,False
10743,7925,1,2024-12-01,1,11,30,343,22,19620,True,False
10744,7926,2,2026-04-07,1,30,92,1073,59,19622,True,False
10745,7929,1,2025-04-23,1,3,7,82,6,19630,True,False
10746,7930,1,2025-09-09,1,3,6,67,6,19631,True,False
10747,7930,2,2025-09-17,1,3,6,67,6,19633,True,False
10748,7930,1,2025-09-13,1,3,6,67,6,19634,True,False
10749,7931,1,2025-05-29,1,19,56,656,38,19635,True,False
10750,7931,2,2025-05-22,1,19,56,656,38,19637,True,False
10751,7931,1,2025-05-07,1,19,56,656,38,19638,True,False
10752,7932,1,2026-05-12,1,4,9,94,8,19641,True,False
10753,7932,1,2026-05-13,1,4,9,94,8,19642,True,False
10754,7933,1,2026-02-28,1,12,32,365,23,19643,True,False
10755,7933,1,2026-02-26,1,12,32,365,23,19644,True,False
10756,7934,1,2025-12-21,1,12,32,364,23,19647,True,False
10757,7934,1,2025-12-17,1,12,32,364,23,19649,True,False
10758,7935,2,2026-07-25,1,4,9,101,7,19651,True,False
10759,7935,2,2026-07-06,1,4,9,101,7,19652,True,False
10760,7935,1,2026-07-26,1,4,9,101,7,19653,True,False
10761,7937,1,2025-10-04,1,21,62,728,41,19655,True,False
10762,7938,1,2025-06-27,1,28,88,1019,56,19656,True,False
10763,7938,1,2025-07-09,1,28,88,1019,56,19658,True,False
10764,7940,1,2025-12-18,1,4,11,120,8,19662,True,False
10765,7941,1,2026-07-27,1,5,14,154,9,19665,True,False
10766,7941,1,2026-07-05,1,5,14,154,9,19666,True,False
10767,7942,1,2026-04-24,1,14,37,418,28,19668,True,False
10768,7942,1,2026-05-04,1,14,37,418,28,19669,True,False
10769,7943,2,2025-05-26,1,20,58,678,40,19670,True,False
10770,7943,1,2025-05-12,1,20,58,678,40,19671,True,False
10771,7944,1,2025-11-18,1,12,31,357,24,19674,True,False
10772,7944,2,2025-10-24,1,12,31,357,24,19675,True,False
10773,7944,1,2025-11-08,1,12,31,357,24,19677,True,False
10774,7946,1,2026-02-02,1,19,53,623,38,19681,True,False
10775,7946,1,2026-03-02,1,19,53,623,38,19682,True,False
10776,7946,1,2026-02-11,1,19,53,623,38,19683,True,False
10777,7947,2,2025-06-20,1,21,62,725,42,19685,True,False
10778,7948,1,2024-12-28,1,19,53,621,38,19688,True,False
10779,7948,1,2025-01-05,1,19,53,621,38,19689,True,False
10780,7949,2,2026-03-04,1,4,9,96,8,19690,True,False
10781,7950,1,2026-04-19,1,4,11,116,7,19691,True,False
10782,7950,1,2026-04-15,1,4,11,116,7,19692,True,False
10783,7950,1,2026-04-13,1,4,11,116,7,19693,True,False
10784,7950,2,2026-04-17,1,4,11,116,7,19694,True,False
10785,7951,1,2025-01-10,1,1,1,4,1,19695,True,False
10786,7951,1,2025-02-05,1,1,1,4,1,19698,True,False
10787,7952,1,2026-06-20,1,1,1,5,2,19699,True,False
10788,7952,1,2026-06-21,1,1,1,5,2,19700,True,False
10789,7954,2,2024-12-10,1,22,64,744,43,19705,True,False
10790,7956,1,2025-05-16,1,7,18,194,14,19709,True,False
10791,7957,1,2024-10-08,1,13,34,380,25,19711,True,False
10792,7957,1,2024-10-01,1,13,34,380,25,19712,True,False
10793,7959,2,2025-12-26,1,3,8,87,5,19714,True,False
10794,7963,1,2026-03-02,1,4,11,115,8,19722,True,False
10795,7965,1,2026-06-15,1,4,9,99,8,19725,True,False
10796,7965,1,2026-06-07,1,4,9,99,8,19726,True,False
10797,7965,1,2026-06-07,1,4,9,99,8,19728,True,False
10798,7966,2,2026-02-18,1,27,84,983,53,19729,True,False
10799,7966,2,2026-01-28,1,27,84,983,53,19730,True,False
10800,7967,2,2026-05-05,1,11,29,322,21,19731,True,False
10801,7967,1,2026-04-30,1,11,29,322,21,19732,True,False
10802,7968,2,2026-04-09,1,4,11,112,7,19735,True,False
10803,7968,1,2026-04-08,1,4,11,112,7,19736,True,False
10804,7969,2,2025-02-13,1,18,49,569,36,19737,True,False
10805,7969,2,2025-02-21,1,18,49,569,36,19738,True,False
10806,7970,1,2025-04-15,1,4,11,115,8,19741,True,False
10807,7971,1,2026-04-29,1,4,11,116,8,19743,True,False
10808,7973,1,2024-09-07,1,13,33,374,25,19748,True,False
10809,7973,1,2024-09-26,1,13,33,374,25,19749,True,False
10810,7974,1,2024-08-01,1,11,29,328,21,19750,True,False
10811,7975,1,2026-07-07,1,4,11,116,8,19752,True,False
10812,7976,1,2025-08-29,1,4,11,114,7,19755,True,False
10813,7977,1,2026-03-22,1,4,10,108,8,19757,True,False
10814,7978,1,2026-03-16,1,10,28,308,19,19761,True,False
10815,7979,2,2024-09-12,1,2,4,44,3,19762,True,False
10816,7979,1,2024-09-12,1,2,4,44,3,19763,True,False
10817,7980,2,2024-12-16,1,4,11,118,8,19765,True,True
10818,7981,1,2024-09-05,1,4,10,107,8,19767,True,False
10819,7981,1,2024-08-23,1,4,10,107,8,19769,True,False
10820,7982,1,2026-02-15,1,23,67,772,46,19770,True,False
10821,7983,1,2025-05-07,1,14,37,428,27,19771,True,False
10822,7984,1,2026-06-07,1,1,2,21,1,19773,True,False
10823,7984,1,2026-06-10,1,1,2,21,1,19774,True,False
10824,7984,1,2026-06-05,1,1,2,21,1,19775,True,False
10825,7985,1,2024-08-23,1,9,26,294,17,19776,True,False
10826,7985,1,2024-08-20,1,9,26,294,17,19777,True,False
10827,7986,1,2026-02-01,1,4,11,112,8,19779,True,False
10828,7986,2,2026-02-01,1,4,11,112,8,19780,True,False
10829,7988,1,2025-02-16,1,4,10,111,7,19784,True,False
10830,7990,2,2026-07-19,1,14,38,438,27,19789,True,False
10831,7990,1,2026-07-15,1,14,38,438,27,19791,True,False
10832,7992,2,2026-02-08,1,4,11,113,8,19794,True,False
10833,7995,2,2026-05-31,1,4,11,114,8,19800,True,False
10834,7995,1,2026-06-29,1,4,11,114,8,19801,True,False
10835,7996,1,2026-02-12,1,22,63,733,43,19803,True,False
10836,7996,1,2026-02-25,1,22,63,733,43,19804,True,False
10837,7997,1,2026-03-20,1,4,9,99,8,19806,True,False
10838,7998,1,2025-06-07,1,10,27,303,19,19808,True,False
10839,7999,2,2024-10-22,1,4,10,104,8,19813,True,False
10840,8000,1,2024-12-06,1,1,1,6,2,19814,True,False
10841,8001,1,2026-06-08,1,4,11,115,7,19818,True,False
10842,8001,1,2026-05-30,1,4,11,115,7,19820,True,False
10843,8002,2,2026-03-15,1,24,74,867,48,19821,True,False
10844,8003,1,2026-01-21,1,22,63,731,44,19822,True,False
10845,8003,1,2026-01-15,1,22,63,731,44,19823,True,False
10846,8005,1,2026-04-27,1,4,10,102,8,19827,True,False
10847,8005,1,2026-05-20,1,4,10,102,8,19829,True,False
10848,8006,1,2024-10-08,1,9,26,287,18,19830,True,True
10849,8006,1,2024-09-30,1,9,26,287,18,19832,True,False
10850,8006,2,2024-09-12,1,9,26,287,18,19833,True,False
10851,8007,1,2026-05-13,1,4,9,98,8,19835,True,False
10852,8008,2,2025-03-12,1,12,32,363,23,19838,True,False
10853,8008,1,2025-04-03,1,12,32,363,23,19839,True,True
10854,8009,2,2025-03-08,1,4,9,101,7,19840,True,False
10855,8010,2,2026-05-28,1,4,10,108,8,19843,True,False
10856,8010,1,2026-05-04,1,4,10,108,8,19844,True,False
10857,8011,2,2024-10-20,1,2,3,36,4,19846,True,False
10858,8012,1,2025-09-16,1,10,28,313,20,19847,True,False
10859,8013,1,2025-01-19,1,5,12,128,9,19848,True,False
10860,8014,1,2026-03-23,1,4,11,112,7,19849,True,False
10861,8014,2,2026-03-31,1,4,11,112,7,19850,True,False
10862,8014,1,2026-04-03,1,4,11,112,7,19852,True,False
10863,8015,2,2025-09-17,1,4,11,114,8,19853,True,False
10864,8016,1,2024-09-14,1,24,73,848,47,19854,True,False
10865,8017,1,2025-04-03,1,1,1,13,2,19855,True,False
10866,8017,1,2025-03-30,1,1,1,13,2,19856,True,False
10867,8018,1,2024-11-14,1,12,32,364,24,19857,True,True
10868,8018,1,2024-11-19,1,12,32,364,24,19859,True,False
10869,8019,1,2025-01-13,1,10,27,297,20,19861,True,False
10870,8020,1,2025-12-29,1,4,11,116,8,19864,True,False
10871,8020,1,2025-12-31,1,4,11,116,8,19865,True,False
10872,8021,1,2026-04-04,1,4,11,120,7,19867,True,True
10873,8021,1,2026-04-15,1,4,11,120,7,19868,True,False
10874,8022,2,2026-07-23,1,12,32,366,23,19869,True,False
10875,8023,2,2025-11-06,1,3,6,68,6,19870,True,False
10876,8023,1,2025-11-08,1,3,6,68,6,19871,True,False
10877,8023,1,2025-11-29,1,3,6,68,6,19872,True,False
10878,8024,1,2026-05-21,1,4,10,103,7,19873,True,False
10879,8024,1,2026-05-13,1,4,10,103,7,19874,True,False
10880,8024,1,2026-05-27,1,4,10,103,7,19875,True,False
10881,8024,2,2026-05-28,1,4,10,103,7,19876,True,False
10882,8025,1,2026-02-16,1,4,11,117,8,19877,True,False
10883,8027,1,2026-01-20,1,1,2,19,2,19880,True,False
10884,8027,1,2026-01-06,1,1,2,19,2,19882,True,False
10885,8028,1,2026-04-16,1,4,11,118,7,19885,True,False
10886,8029,1,2026-05-09,1,4,11,115,8,19887,True,False
10887,8029,1,2026-05-24,1,4,11,115,8,19888,True,False
10888,8029,1,2026-05-27,1,4,11,115,8,19889,True,False
10889,8030,1,2026-07-17,1,17,48,545,34,19890,True,False
10890,8030,1,2026-07-13,1,17,48,545,34,19891,True,False
10891,8031,2,2025-05-08,1,18,49,561,36,19894,True,False
10892,8031,1,2025-05-01,1,18,49,561,36,19895,True,False
10893,8031,1,2025-04-14,1,18,49,561,36,19897,True,False
10894,8032,1,2025-04-15,1,21,61,706,41,19898,True,False
10895,8033,1,2026-04-15,1,4,9,97,7,19899,True,False
10896,8035,1,2026-04-19,1,4,9,98,7,19903,True,False
10897,8035,1,2026-05-06,1,4,9,98,7,19904,True,False
10898,8036,1,2024-09-18,1,4,11,112,8,19906,True,False
10899,8038,1,2025-08-12,1,3,7,76,5,19908,True,False
10900,8038,1,2025-08-26,1,3,7,76,5,19909,True,False
10901,8039,1,2026-03-20,1,4,9,97,8,19911,True,False
10902,8039,1,2026-03-23,1,4,9,97,8,19912,True,False
10903,8039,1,2026-03-14,1,4,9,97,8,19913,True,False
10904,8040,1,2024-09-27,1,14,36,414,28,19915,True,False
10905,8040,1,2024-10-01,1,14,36,414,28,19916,True,True
10906,8040,1,2024-09-25,1,14,36,414,28,19917,True,False
10907,8040,2,2024-10-01,1,14,36,414,28,19918,True,True
10908,8041,1,2026-07-08,1,4,9,98,8,19919,True,False
10909,8042,1,2025-06-30,1,4,11,116,8,19920,True,False
10910,8045,1,2024-10-22,1,7,19,215,14,19930,True,False
10911,8045,1,2024-10-25,1,7,19,215,14,19931,True,False
10912,8045,1,2024-10-18,1,7,19,215,14,19932,True,False
10913,8046,1,2025-12-19,1,26,81,946,51,19933,True,False
10914,8046,1,2025-12-03,1,26,81,946,51,19934,True,False
10915,8046,1,2025-12-19,1,26,81,946,51,19936,True,False
10916,8047,1,2026-05-12,1,15,40,466,30,19937,True,False
10917,8047,1,2026-05-24,1,15,40,466,30,19939,True,False
10918,8049,1,2026-04-29,1,2,3,30,4,19943,True,False
10919,8049,1,2026-04-29,1,2,3,30,4,19944,True,False
10920,8049,1,2026-04-25,1,2,3,30,4,19945,True,False
10921,8049,1,2026-04-18,1,2,3,30,4,19946,True,False
10922,8050,1,2026-06-17,1,19,54,637,38,19949,True,False
10923,8050,1,2026-06-06,1,19,54,637,38,19950,True,False
10924,8053,1,2024-08-28,1,4,9,97,7,19954,True,False
10925,8054,2,2025-06-29,1,1,1,1,2,19955,True,False
10926,8055,1,2025-10-22,1,14,38,440,27,19956,True,False
10927,8055,1,2025-10-27,1,14,38,440,27,19957,True,False
10928,8056,1,2025-12-26,1,1,1,8,2,19959,True,False
10929,8056,1,2026-01-16,1,1,1,8,2,19960,True,False
10930,8056,1,2026-01-08,1,1,1,8,2,19961,True,False
10931,8057,1,2025-09-29,1,13,35,390,25,19962,True,False
10932,8057,2,2025-09-28,1,13,35,390,25,19963,True,False
10933,8057,1,2025-10-07,1,13,35,390,25,19965,True,False
10934,8060,1,2025-03-17,1,18,51,589,35,19970,True,False
10935,8061,2,2025-07-20,1,29,89,1029,58,19971,True,False
10936,8062,1,2024-12-05,1,20,57,660,40,19973,True,False
10937,8063,1,2025-09-01,1,4,10,105,8,19975,True,False
10938,8064,1,2025-10-06,1,1,1,8,2,19977,True,False
10939,8065,1,2026-05-05,1,1,2,15,1,19979,True,False
10940,8065,1,2026-05-07,1,1,2,15,1,19980,True,False
10941,8066,1,2026-01-14,1,1,2,19,2,19981,True,False
10942,8066,1,2026-01-23,1,1,2,19,2,19982,True,False
10943,8067,1,2025-11-26,1,22,65,754,44,19984,True,False
10944,8067,1,2025-12-13,1,22,65,754,44,19985,True,False
10945,8067,2,2025-11-24,1,22,65,754,44,19986,True,False
10946,8067,1,2025-12-18,1,22,65,754,44,19987,True,False
10947,8069,2,2024-10-02,1,27,82,955,54,19989,True,False
10948,8070,2,2025-07-08,1,16,42,484,32,19990,True,False
10949,8071,1,2025-09-29,1,7,19,214,14,19991,True,False
10950,8073,1,2026-06-09,1,3,6,68,5,19996,True,False
10951,8073,1,2026-05-28,1,3,6,68,5,19997,True,False
10952,8075,1,2025-05-19,1,6,16,180,12,20000,True,False
10953,8075,1,2025-05-26,1,6,16,180,12,20001,True,False
10954,8076,2,2026-02-01,1,30,92,1066,60,20002,True,True
10955,8076,1,2026-01-22,1,30,92,1066,60,20003,True,False
10956,8077,1,2024-11-03,1,4,9,100,7,20004,True,False
10957,8077,1,2024-11-08,1,4,9,100,7,20007,True,False
10958,8081,1,2025-06-23,1,12,31,349,24,20012,True,False
10959,8082,1,2025-11-20,1,17,45,519,33,20013,True,False
10960,8083,1,2025-05-21,1,7,18,193,14,20014,True,False
10961,8083,1,2025-04-30,1,7,18,193,14,20015,True,False
10962,8084,1,2025-02-03,1,25,77,896,49,20019,True,False
10963,8084,1,2025-01-14,1,25,77,896,49,20020,True,False
10964,8084,1,2025-01-15,1,25,77,896,49,20021,True,False
10965,8085,2,2025-02-09,1,20,60,703,40,20022,True,False
10966,8086,1,2024-09-03,1,2,4,45,4,20023,True,False
10967,8086,2,2024-08-10,1,2,4,45,4,20024,True,False
10968,8086,1,2024-08-30,1,2,4,45,4,20026,True,False
10969,8087,2,2026-06-29,1,4,9,101,7,20028,True,False
10970,8087,2,2026-06-15,1,4,9,101,7,20029,True,False
10971,8088,1,2025-09-26,1,3,8,86,5,20032,True,False
10972,8088,1,2025-10-21,1,3,8,86,5,20033,True,False
10973,8091,1,2025-01-16,1,16,41,479,32,20039,True,False
10974,8092,1,2025-08-30,1,4,9,97,8,20040,True,False
10975,8093,2,2024-10-16,1,29,90,1047,58,20041,True,False
10976,8093,1,2024-10-23,1,29,90,1047,58,20042,True,False
10977,8093,1,2024-11-12,1,29,90,1047,58,20043,True,False
10978,8093,1,2024-11-09,1,29,90,1047,58,20044,True,False
10979,8095,1,2026-04-28,1,22,63,737,44,20046,True,False
10980,8095,1,2026-04-29,1,22,63,737,44,20047,True,False
10981,8095,1,2026-04-19,1,22,63,737,44,20048,True,False
10982,8095,1,2026-04-29,1,22,63,737,44,20049,True,False
10983,8096,1,2025-11-19,1,27,84,975,54,20050,True,False
10984,8097,1,2026-06-12,1,4,11,114,8,20051,True,False
10985,8097,1,2026-07-06,1,4,11,114,8,20053,True,False
10986,8097,1,2026-06-11,1,4,11,114,8,20054,True,True
10987,8098,1,2026-05-24,1,4,9,97,8,20055,True,False
10988,8098,2,2026-05-26,1,4,9,97,8,20057,True,False
10989,8099,2,2025-02-25,1,14,37,425,27,20058,True,False
10990,8099,1,2025-02-12,1,14,37,425,27,20059,True,False
10991,8102,1,2024-12-24,1,28,88,1021,55,20063,True,False
10992,8103,1,2025-09-04,1,4,10,107,8,20064,True,False
10993,8104,1,2025-02-12,1,16,43,505,31,20066,True,True
10994,8106,1,2026-05-25,1,4,9,97,8,20070,True,False
10995,8106,1,2026-05-26,1,4,9,97,8,20071,True,False
10996,8107,1,2025-04-17,1,4,11,115,7,20075,True,False
10997,8109,2,2026-05-30,1,22,64,744,43,20078,True,False
10998,8110,2,2024-12-26,1,18,49,559,35,20081,True,False
10999,8110,1,2025-01-01,1,18,49,559,35,20082,True,False
11000,8111,1,2026-01-19,1,4,9,94,7,20084,True,False
11001,8113,1,2024-08-02,1,4,10,107,7,20088,True,False
11002,8113,2,2024-07-29,1,4,10,107,7,20089,True,False
11003,8114,2,2025-08-20,1,10,27,300,20,20090,True,False
11004,8114,1,2025-08-15,1,10,27,300,20,20091,True,False
11005,8114,2,2025-08-06,1,10,27,300,20,20092,True,False
11006,8114,1,2025-08-15,1,10,27,300,20,20093,True,False
11007,8115,1,2025-09-23,1,4,10,103,7,20094,True,False
11008,8117,1,2025-08-08,1,29,90,1043,58,20099,True,False
11009,8117,2,2025-08-05,1,29,90,1043,58,20100,True,False
11010,8118,1,2025-07-27,1,7,18,201,13,20102,True,False
11011,8118,1,2025-07-23,1,7,18,201,13,20103,True,False
11012,8120,2,2024-09-28,1,11,30,336,22,20107,True,False
11013,8120,1,2024-10-01,1,11,30,336,22,20109,True,False
11014,8121,1,2026-02-27,1,4,9,100,8,20110,True,False
11015,8121,1,2026-03-02,1,4,9,100,8,20112,True,False
11016,8121,2,2026-02-23,1,4,9,100,8,20113,True,False
11017,8122,1,2025-06-23,1,4,10,110,7,20114,True,False
11018,8122,1,2025-06-02,1,4,10,110,7,20115,True,False
11019,8122,2,2025-06-18,1,4,10,110,7,20116,True,False
11020,8123,1,2025-04-10,1,21,62,722,41,20118,True,False
11021,8123,1,2025-04-26,1,21,62,722,41,20119,True,False
11022,8125,1,2026-03-07,1,4,10,105,7,20123,True,False
11023,8125,1,2026-02-24,1,4,10,105,7,20124,True,False
11024,8125,1,2026-03-04,1,4,10,105,7,20125,True,False
11025,8126,1,2026-04-09,1,24,72,837,48,20126,True,False
11026,8127,1,2026-05-27,1,26,81,950,51,20128,True,False
11027,8128,1,2025-03-10,1,4,10,109,7,20129,True,False
11028,8128,1,2025-03-10,1,4,10,109,7,20130,True,False
11029,8129,2,2025-01-29,1,3,8,84,6,20133,True,False
11030,8130,1,2025-08-30,1,10,27,303,20,20134,True,False
11031,8130,1,2025-08-19,1,10,27,303,20,20135,True,False
11032,8131,1,2025-05-08,1,1,1,6,1,20137,True,False
11033,8132,1,2026-06-12,1,3,7,76,6,20138,True,False
11034,8132,1,2026-06-27,1,3,7,76,6,20139,True,False
11035,8133,1,2024-10-10,1,4,10,109,8,20142,True,False
11036,8133,1,2024-10-14,1,4,10,109,8,20143,True,False
11037,8134,2,2024-12-26,1,4,11,116,7,20144,True,False
11038,8134,2,2024-12-18,1,4,11,116,7,20145,True,False
11039,8136,1,2026-06-29,1,12,31,349,23,20149,True,False
11040,8137,2,2026-08-02,1,4,9,100,8,20150,True,False
11041,8138,1,2026-04-29,1,4,11,117,7,20153,True,False
11042,8139,1,2026-06-25,1,19,54,625,37,20155,True,False
11043,8139,2,2026-07-16,1,19,54,625,37,20156,True,False
11044,8139,2,2026-07-21,1,19,54,625,37,20157,True,False
11045,8140,1,2025-10-18,1,7,19,208,14,20158,True,False
11046,8140,1,2025-10-19,1,7,19,208,14,20159,True,False
11047,8140,2,2025-09-29,1,7,19,208,14,20160,True,False
11048,8141,1,2025-05-31,1,23,66,766,45,20162,True,False
11049,8142,1,2024-10-01,1,4,11,119,8,20163,True,False
11050,8143,1,2026-06-20,1,4,9,95,8,20164,True,False
11051,8144,1,2025-05-16,1,3,6,66,5,20168,True,False
11052,8144,2,2025-06-09,1,3,6,66,5,20169,True,False
11053,8144,1,2025-05-28,1,3,6,66,5,20170,True,False
11054,8144,1,2025-05-23,1,3,6,66,5,20171,True,False
11055,8146,1,2025-08-02,1,4,11,120,7,20174,True,False
11056,8146,1,2025-07-29,1,4,11,120,7,20176,True,False
11057,8147,1,2026-01-10,1,9,25,280,17,20179,True,False
11058,8148,1,2024-10-06,1,29,90,1039,57,20181,True,False
11059,8150,1,2025-05-22,1,3,6,64,6,20183,True,False
11060,8150,1,2025-05-13,1,3,6,64,6,20185,True,False
11061,8151,1,2025-11-28,1,25,78,905,49,20186,True,False
11062,8152,1,2025-05-31,1,23,68,792,46,20189,True,False
11063,8152,1,2025-05-31,1,23,68,792,46,20190,True,False
11064,8153,1,2026-04-17,1,6,16,170,11,20192,True,False
11065,8153,2,2026-03-18,1,6,16,170,11,20193,True,False
11066,8153,1,2026-03-31,1,6,16,170,11,20195,True,False
11067,8154,1,2026-02-23,1,19,52,598,38,20197,True,False
11068,8155,1,2026-05-02,1,17,45,522,33,20198,True,False
11069,8157,1,2025-11-26,1,5,13,137,10,20204,True,False
11070,8158,1,2025-07-09,1,22,65,751,44,20208,True,False
11071,8159,1,2026-04-22,1,4,11,112,8,20209,True,False
11072,8159,1,2026-05-15,1,4,11,112,8,20211,True,False
11073,8160,1,2025-07-18,1,3,7,79,6,20212,True,False
11074,8160,1,2025-07-25,1,3,7,79,6,20213,True,False
11075,8160,1,2025-08-03,1,3,7,79,6,20214,True,False
11076,8161,1,2024-08-20,1,29,90,1046,58,20215,True,False
11077,8161,2,2024-08-05,1,29,90,1046,58,20216,True,False
11078,8161,1,2024-08-17,1,29,90,1046,58,20217,True,True
11079,8162,1,2026-03-04,1,14,37,424,27,20218,True,False
11080,8163,1,2026-07-08,1,4,10,106,8,20219,True,False
11081,8163,1,2026-07-04,1,4,10,106,8,20222,True,False
11082,8164,1,2026-05-06,1,4,10,107,7,20225,True,False
11083,8166,1,2024-12-23,1,5,14,146,9,20228,True,False
11084,8167,1,2024-12-08,1,1,2,26,2,20229,True,False
11085,8167,1,2024-11-30,1,1,2,26,2,20230,True,True
11086,8167,1,2024-11-20,1,1,2,26,2,20231,True,False
11087,8169,1,2026-01-01,1,17,48,545,34,20233,True,False
11088,8169,2,2025-12-26,1,17,48,545,34,20235,True,False
11089,8170,1,2026-07-09,1,3,7,78,6,20238,True,False
11090,8170,1,2026-07-05,1,3,7,78,6,20239,True,False
11091,8172,2,2024-12-06,1,8,21,234,15,20242,True,False
11092,8172,2,2024-11-28,1,8,21,234,15,20243,True,False
11093,8175,1,2025-12-28,1,4,10,104,8,20249,True,False
11094,8176,1,2026-03-30,1,4,10,102,8,20251,True,False
11095,8177,1,2025-07-27,1,4,10,102,8,20252,True,False
11096,8177,1,2025-07-17,1,4,10,102,8,20253,True,False
11097,8177,1,2025-07-31,1,4,10,102,8,20254,True,False
11098,8177,1,2025-08-01,1,4,10,102,8,20255,True,False
11099,8178,1,2024-08-09,1,26,79,920,51,20256,True,False
11100,8178,1,2024-07-23,1,26,79,920,51,20257,True,False
11101,8179,1,2025-07-14,1,7,18,203,14,20258,True,False
11102,8179,1,2025-07-25,1,7,18,203,14,20259,True,False
11103,8182,1,2024-10-11,1,4,9,101,8,20267,True,False
11104,8182,1,2024-09-26,1,4,9,101,8,20268,True,False
11105,8183,1,2025-05-25,1,9,22,239,18,20269,True,False
11106,8184,1,2024-12-10,1,30,92,1061,60,20273,True,False
11107,8184,2,2024-11-23,1,30,92,1061,60,20274,True,False
11108,8185,1,2026-03-18,1,4,10,106,8,20275,True,False
11109,8185,2,2026-04-16,1,4,10,106,8,20277,True,False
11110,8186,1,2024-12-21,1,4,11,117,8,20278,True,False
11111,8187,2,2026-03-27,1,4,9,100,7,20279,True,False
11112,8187,1,2026-03-08,1,4,9,100,7,20280,True,False
11113,8187,1,2026-03-26,1,4,9,100,7,20281,True,False
11114,8188,1,2025-03-06,1,16,42,487,32,20282,True,False
11115,8189,1,2026-06-30,1,4,9,98,8,20284,True,False
11116,8191,1,2025-02-19,1,4,9,95,8,20287,True,False
11117,8191,1,2025-02-16,1,4,9,95,8,20288,True,False
11118,8194,1,2025-10-26,1,23,69,806,46,20296,True,False
11119,8194,2,2025-10-27,1,23,69,806,46,20297,True,False
11120,8194,1,2025-10-21,1,23,69,806,46,20298,True,False
11121,8194,2,2025-10-16,1,23,69,806,46,20299,True,False
11122,8196,2,2026-02-26,1,4,10,103,8,20302,True,False
11123,8197,1,2026-02-16,1,4,10,109,7,20304,True,False
11124,8198,1,2025-05-17,1,24,71,835,47,20306,True,False
11125,8199,1,2026-07-06,1,4,11,120,7,20309,True,False
11126,8200,1,2025-01-14,1,14,36,411,28,20310,True,False
11127,8201,1,2025-08-17,1,15,39,453,29,20312,True,False
11128,8201,1,2025-07-30,1,15,39,453,29,20313,True,False
11129,8202,1,2024-12-26,1,16,43,493,32,20316,True,False
11130,8203,1,2025-07-14,1,1,1,14,1,20319,True,False
11131,8204,1,2024-11-18,1,4,9,98,7,20321,True,False
11132,8205,1,2025-05-19,1,15,40,465,29,20324,True,False
11133,8205,1,2025-05-10,1,15,40,465,29,20325,True,False
11134,8207,2,2025-10-28,1,4,11,114,7,20327,True,False
11135,8207,1,2025-10-15,1,4,11,114,7,20328,True,False
11136,8207,2,2025-10-11,1,4,11,114,7,20329,True,False
11137,8208,1,2025-04-15,1,4,11,116,8,20330,True,False
11138,8208,1,2025-04-04,1,4,11,116,8,20331,True,False
11139,8210,1,2025-12-03,1,23,68,788,46,20336,True,False
11140,8211,1,2026-06-14,1,15,40,458,30,20337,True,False
11141,8211,1,2026-07-08,1,15,40,458,30,20338,True,False
11142,8211,1,2026-07-08,1,15,40,458,30,20339,True,False
11143,8212,1,2026-04-06,1,25,77,902,50,20340,True,False
11144,8212,1,2026-03-17,1,25,77,902,50,20341,True,False
11145,8212,2,2026-03-21,1,25,77,902,50,20342,True,False
11146,8214,2,2026-01-05,1,4,11,120,7,20346,True,False
11147,8215,1,2025-09-16,1,17,44,515,33,20347,True,False
11148,8216,2,2025-11-28,1,4,11,117,7,20349,True,False
11149,8218,1,2026-07-13,1,12,32,363,23,20351,True,False
11150,8220,1,2026-05-14,1,4,9,93,8,20353,True,False
11151,8221,1,2024-12-06,1,4,11,118,7,20355,True,False
11152,8222,1,2025-12-14,1,4,9,99,7,20359,True,False
11153,8223,1,2026-01-29,1,4,11,119,8,20361,True,False
11154,8223,1,2026-02-18,1,4,11,119,8,20362,True,False
11155,8224,1,2025-02-10,1,1,1,8,2,20364,True,False
11156,8225,1,2025-02-21,1,4,10,108,7,20366,True,False
11157,8228,1,2026-03-10,1,23,67,778,45,20370,True,False
11158,8229,1,2024-10-22,1,18,51,589,36,20371,True,False
11159,8229,2,2024-11-04,1,18,51,589,36,20373,True,False
11160,8229,1,2024-11-20,1,18,51,589,36,20374,True,True
11161,8230,1,2026-03-11,1,14,38,434,28,20375,True,False
11162,8230,1,2026-04-03,1,14,38,434,28,20377,True,False
11163,8231,2,2024-12-13,1,25,76,889,49,20380,True,False
11164,8232,1,2025-03-18,1,1,2,15,1,20382,True,False
11165,8233,1,2025-08-03,1,10,27,297,19,20383,True,False
11166,8234,2,2026-01-28,1,4,9,97,7,20384,True,False
11167,8234,1,2026-01-24,1,4,9,97,7,20385,True,False
11168,8235,1,2025-01-30,1,11,30,337,22,20388,True,False
11169,8235,1,2025-01-02,1,11,30,337,22,20389,True,False
11170,8238,1,2026-07-06,1,23,69,799,45,20392,True,False
11171,8240,1,2025-07-23,1,18,49,567,36,20394,True,False
11172,8241,1,2026-05-03,1,1,1,7,1,20397,True,False
11173,8241,1,2026-05-03,1,1,1,7,1,20398,True,False
11174,8243,1,2026-04-25,1,4,11,114,7,20402,True,False
11175,8243,1,2026-05-21,1,4,11,114,7,20403,True,True
11176,8244,2,2026-03-05,1,26,80,933,51,20404,True,False
11177,8245,1,2025-01-26,1,7,19,206,14,20407,True,False
11178,8245,1,2025-02-16,1,7,19,206,14,20409,True,False
11179,8245,2,2025-01-27,1,7,19,206,14,20410,True,False
11180,8246,1,2026-02-15,1,22,63,737,44,20411,True,False
11181,8247,1,2025-02-17,1,4,10,106,8,20412,True,False
11182,8247,1,2025-02-04,1,4,10,106,8,20414,True,False
11183,8248,1,2025-06-04,1,3,8,84,6,20415,True,False
11184,8249,1,2025-04-09,1,4,10,108,7,20417,True,False
11185,8250,1,2026-06-03,1,4,11,117,7,20418,True,False
11186,8251,2,2026-04-29,1,4,10,105,8,20420,True,False
11187,8252,1,2025-12-28,1,13,35,394,26,20423,True,False
11188,8252,2,2025-12-31,1,13,35,394,26,20425,True,False
11189,8253,1,2025-01-14,1,20,57,664,39,20426,True,False
11190,8253,1,2024-12-22,1,20,57,664,39,20427,True,False
11191,8254,1,2026-05-02,1,4,11,115,8,20432,True,False
11192,8255,1,2025-04-16,1,4,10,103,8,20433,True,False
11193,8255,2,2025-04-21,1,4,10,103,8,20435,True,False
11194,8256,1,2025-07-14,1,4,10,106,8,20436,True,False
11195,8257,1,2026-03-04,1,4,11,118,7,20438,True,False
11196,8258,1,2024-09-10,1,19,53,624,37,20439,True,False
11197,8260,1,2024-08-05,1,4,11,112,8,20444,True,True
11198,8261,1,2025-10-08,1,4,11,114,7,20448,True,False
11199,8261,1,2025-10-11,1,4,11,114,7,20449,True,False
11200,8262,1,2025-12-23,1,24,71,831,47,20450,True,False
11201,8262,1,2025-12-26,1,24,71,831,47,20453,True,False
11202,8263,2,2026-02-26,1,22,64,749,43,20454,True,False
11203,8263,1,2026-02-27,1,22,64,749,43,20455,True,False
11204,8264,1,2025-02-24,1,2,3,37,3,20456,True,False
11205,8264,1,2025-02-13,1,2,3,37,3,20458,True,True
11206,8265,1,2025-10-16,1,23,66,765,46,20459,True,False
11207,8265,1,2025-10-13,1,23,66,765,46,20460,True,False
11208,8265,1,2025-10-13,1,23,66,765,46,20462,True,False
11209,8266,1,2025-11-01,1,27,84,975,53,20465,True,False
11210,8267,1,2025-03-18,1,15,40,455,30,20467,True,False
11211,8267,1,2025-03-29,1,15,40,455,30,20468,True,False
11212,8268,1,2026-01-30,1,4,9,95,8,20470,True,False
11213,8269,2,2024-09-01,1,4,9,100,8,20471,True,False
11214,8269,2,2024-09-08,1,4,9,100,8,20472,True,False
11215,8269,1,2024-09-05,1,4,9,100,8,20474,True,False
11216,8270,2,2025-10-19,1,26,79,917,51,20477,True,False
11217,8271,2,2024-10-16,1,3,7,80,6,20479,True,False
11218,8271,2,2024-10-01,1,3,7,80,6,20480,True,False
11219,8271,1,2024-10-06,1,3,7,80,6,20482,True,False
11220,8272,1,2025-10-07,1,22,65,751,43,20485,True,False
11221,8272,2,2025-10-31,1,22,65,751,43,20486,True,False
11222,8274,1,2026-04-01,1,4,11,120,7,20489,True,False
11223,8275,1,2026-07-14,1,25,77,900,49,20491,True,False
11224,8277,1,2024-12-28,1,23,69,799,45,20495,True,False
11225,8279,1,2025-02-06,1,18,50,575,36,20499,True,False
11226,8280,2,2025-06-01,1,2,3,39,4,20502,True,False
11227,8281,1,2025-04-24,1,7,18,200,13,20505,True,False
11228,8282,2,2026-03-27,1,4,10,105,8,20507,True,False
11229,8283,1,2026-06-12,1,4,11,119,8,20508,True,False
11230,8286,1,2025-06-12,1,24,73,849,47,20514,True,False
11231,8287,1,2025-10-22,1,4,9,98,8,20515,True,False
11232,8287,1,2025-10-30,1,4,9,98,8,20516,True,False
11233,8290,2,2026-02-15,1,1,2,19,2,20521,True,False
11234,8290,1,2026-02-15,1,1,2,19,2,20522,True,False
11235,8291,2,2026-04-16,1,20,58,678,40,20524,True,False
11236,8291,1,2026-04-07,1,20,58,678,40,20525,True,False
11237,8292,1,2025-03-03,1,4,9,93,8,20527,True,False
11238,8293,1,2024-10-08,1,24,72,842,47,20529,True,False
11239,8294,1,2025-03-05,1,8,20,221,16,20532,True,False
11240,8294,1,2025-02-28,1,8,20,221,16,20533,True,False
11241,8296,1,2024-08-15,1,11,29,321,22,20535,True,False
11242,8296,1,2024-08-16,1,11,29,321,22,20536,True,False
11243,8297,1,2025-12-04,1,4,10,103,8,20539,True,False
11244,8298,1,2025-07-10,1,10,27,297,20,20540,True,False
11245,8298,1,2025-07-23,1,10,27,297,20,20541,True,False
11246,8298,1,2025-07-17,1,10,27,297,20,20542,True,False
11247,8299,2,2024-12-27,1,16,41,475,32,20543,True,False
11248,8299,2,2025-01-25,1,16,41,475,32,20544,True,False
11249,8301,1,2026-07-28,1,3,6,73,6,20548,True,False
11250,8302,1,2025-11-30,1,8,21,232,16,20553,True,False
11251,8303,1,2025-10-23,1,12,31,350,24,20555,True,False
11252,8303,2,2025-10-25,1,12,31,350,24,20556,True,False
11253,8303,1,2025-10-03,1,12,31,350,24,20557,True,False
11254,8304,1,2024-09-02,1,4,9,100,8,20559,True,False
11255,8305,1,2024-09-25,1,27,84,977,53,20560,True,False
11256,8306,1,2025-11-03,1,4,9,97,8,20562,True,False
11257,8307,1,2025-09-04,1,5,12,123,10,20565,True,False
11258,8309,2,2025-09-24,1,4,10,107,8,20573,True,False
11259,8309,1,2025-09-17,1,4,10,107,8,20574,True,False
11260,8311,1,2026-02-03,1,18,49,565,35,20577,True,False
11261,8313,1,2026-03-16,1,4,10,105,7,20581,True,False
11262,8313,1,2026-03-30,1,4,10,105,7,20582,True,False
11263,8314,2,2024-09-11,1,17,47,535,34,20583,True,False
11264,8314,1,2024-09-20,1,17,47,535,34,20584,True,False
11265,8314,1,2024-10-09,1,17,47,535,34,20585,True,False
11266,8315,1,2026-06-11,1,6,15,158,12,20587,True,False
11267,8315,1,2026-06-18,1,6,15,158,12,20588,True,False
11268,8316,1,2025-03-17,1,15,39,445,30,20590,True,False
11269,8317,2,2024-08-16,1,11,30,335,22,20591,True,False
11270,8317,1,2024-09-10,1,11,30,335,22,20593,True,False
11271,8317,2,2024-09-09,1,11,30,335,22,20594,True,False
11272,8318,1,2025-09-17,1,11,29,323,21,20595,True,False
11273,8318,1,2025-09-08,1,11,29,323,21,20596,True,False
11274,8320,1,2025-08-06,1,10,28,304,20,20600,True,False
11275,8322,1,2025-06-10,1,9,24,273,18,20606,True,False
11276,8323,1,2026-06-27,1,21,61,712,42,20608,True,False
11277,8323,1,2026-07-05,1,21,61,712,42,20609,True,False
11278,8325,1,2025-06-12,1,30,92,1068,59,20611,True,False
11279,8325,1,2025-06-18,1,30,92,1068,59,20612,True,False
11280,8325,1,2025-06-10,1,30,92,1068,59,20613,True,False
11281,8325,1,2025-06-26,1,30,92,1068,59,20614,True,False
11282,8326,1,2025-04-12,1,27,84,973,54,20615,True,False
11283,8326,1,2025-04-07,1,27,84,973,54,20616,True,False
11284,8326,1,2025-03-27,1,27,84,973,54,20617,True,False
11285,8327,1,2025-07-08,1,4,11,117,8,20618,True,False
11286,8327,1,2025-07-14,1,4,11,117,8,20619,True,False
11287,8329,1,2024-11-14,1,30,91,1052,59,20621,True,False
11288,8329,1,2024-10-19,1,30,91,1052,59,20624,True,False
11289,8330,2,2025-05-22,1,1,2,19,2,20625,True,False
11290,8330,1,2025-06-02,1,1,2,19,2,20627,True,False
11291,8331,1,2026-05-02,1,1,1,1,2,20630,True,False
11292,8332,1,2026-07-24,1,17,46,531,34,20631,True,False
11293,8332,1,2026-07-27,1,17,46,531,34,20633,True,False
11294,8333,1,2024-11-27,1,6,17,183,11,20634,True,False
11295,8333,1,2024-11-18,1,6,17,183,11,20635,True,False
11296,8335,1,2026-07-15,1,18,50,571,36,20640,True,False
11297,8336,1,2024-11-29,1,29,89,1033,57,20641,True,False
11298,8337,1,2025-07-30,1,13,33,378,26,20642,True,False
11299,8337,1,2025-08-10,1,13,33,378,26,20643,True,False
11300,8337,2,2025-08-19,1,13,33,378,26,20644,True,False
11301,8338,1,2025-12-16,1,4,9,93,7,20646,True,False
11302,8339,1,2025-09-27,1,3,6,65,6,20650,True,False
11303,8340,1,2026-02-23,1,4,9,93,7,20654,True,False
11304,8341,1,2025-08-02,1,21,61,715,42,20656,True,False
11305,8341,1,2025-07-09,1,21,61,715,42,20657,True,False
11306,8341,1,2025-08-01,1,21,61,715,42,20658,True,False
11307,8342,1,2026-01-31,1,4,10,107,7,20659,True,False
11308,8342,1,2026-02-03,1,4,10,107,7,20661,True,False
11309,8342,1,2026-02-21,1,4,10,107,7,20662,True,False
11310,8343,1,2025-11-21,1,27,84,977,53,20663,True,False
11311,8345,2,2025-03-12,1,3,7,77,5,20667,True,False
11312,8345,1,2025-03-27,1,3,7,77,5,20670,True,False
11313,8346,1,2026-04-08,1,4,10,110,7,20673,True,False
11314,8346,2,2026-03-25,1,4,10,110,7,20674,True,False
11315,8347,1,2026-03-13,1,9,26,290,18,20677,True,False
11316,8348,1,2025-09-16,1,1,1,3,2,20678,True,False
11317,8348,1,2025-09-30,1,1,1,3,2,20679,True,False
11318,8348,1,2025-09-23,1,1,1,3,2,20680,True,False
11319,8349,2,2025-04-03,1,4,9,96,8,20681,True,False
11320,8349,1,2025-03-21,1,4,9,96,8,20682,True,False
11321,8350,2,2025-09-05,1,4,9,100,7,20686,True,False
11322,8350,1,2025-09-07,1,4,9,100,7,20687,True,False
11323,8351,1,2025-05-30,1,30,92,1072,60,20691,True,False
11324,8352,1,2024-10-03,1,10,28,317,19,20692,True,False
11325,8352,1,2024-10-02,1,10,28,317,19,20693,True,False
11326,8353,1,2025-06-30,1,4,9,97,7,20694,True,False
11327,8354,1,2026-03-09,1,25,77,899,49,20696,True,False
11328,8354,2,2026-03-19,1,25,77,899,49,20697,True,False
11329,8354,2,2026-04-04,1,25,77,899,49,20698,True,False
11330,8354,1,2026-03-25,1,25,77,899,49,20699,True,False
11331,8355,1,2025-06-25,1,6,16,181,11,20700,True,False
11332,8355,1,2025-06-26,1,6,16,181,11,20702,True,False
11333,8355,1,2025-06-23,1,6,16,181,11,20703,True,False
11334,8358,2,2025-10-04,1,29,90,1042,57,20708,True,False
11335,8358,1,2025-10-26,1,29,90,1042,57,20709,True,False
11336,8359,1,2026-04-17,1,4,9,100,8,20711,True,False
11337,8360,1,2025-06-30,1,4,9,98,8,20712,True,False
11338,8360,1,2025-06-17,1,4,9,98,8,20713,True,False
11339,8361,2,2025-02-26,1,4,9,93,8,20714,True,False
11340,8362,1,2026-01-12,1,15,40,460,30,20719,True,False
11341,8363,1,2024-10-15,1,11,29,328,22,20721,True,False
11342,8364,1,2025-07-01,1,3,6,64,6,20722,True,False
11343,8365,2,2025-01-11,1,23,68,789,46,20726,True,False
11344,8366,1,2025-07-24,1,2,4,44,3,20728,True,False
11345,8368,1,2025-11-04,1,3,8,91,5,20731,True,False
11346,8368,2,2025-10-15,1,3,8,91,5,20732,True,False
11347,8368,1,2025-10-31,1,3,8,91,5,20733,True,False
11348,8369,1,2025-01-29,1,4,9,101,7,20734,True,False
11349,8370,1,2024-12-24,1,3,5,59,5,20736,True,False
11350,8371,1,2026-01-04,1,13,35,394,26,20740,True,False
11351,8371,1,2026-01-01,1,13,35,394,26,20742,True,False
11352,8372,1,2026-07-10,1,15,39,452,30,20743,True,False
11353,8372,1,2026-06-30,1,15,39,452,30,20744,True,False
11354,8374,1,2025-03-04,1,4,9,95,7,20748,True,False
11355,8375,1,2025-05-16,1,4,10,107,7,20752,True,False
11356,8376,1,2026-07-21,1,4,11,119,7,20753,True,False
11357,8377,1,2025-09-29,1,4,9,93,8,20755,True,False
11358,8379,1,2026-06-29,1,9,22,243,17,20758,True,False
11359,8381,1,2024-11-25,1,4,10,102,8,20762,True,False
11360,8381,1,2024-11-21,1,4,10,102,8,20763,True,False
11361,8382,1,2025-12-27,1,26,79,918,52,20765,True,False
11362,8382,1,2025-12-27,1,26,79,918,52,20766,True,False
11363,8382,1,2025-12-20,1,26,79,918,52,20767,True,False
11364,8383,2,2025-03-04,1,25,75,877,49,20770,True,False
11365,8384,1,2025-08-23,1,3,7,79,6,20771,True,False
11366,8386,1,2025-11-08,1,24,72,836,47,20773,True,False
11367,8387,1,2026-05-04,1,4,9,98,7,20774,True,False
11368,8387,1,2026-04-15,1,4,9,98,7,20775,True,False
11369,8387,1,2026-05-01,1,4,9,98,7,20776,True,False
11370,8388,1,2025-08-24,1,4,9,94,8,20777,True,False
11371,8388,1,2025-08-31,1,4,9,94,8,20778,True,False
11372,8389,2,2025-05-24,1,4,10,105,8,20780,True,False
11373,8389,1,2025-05-18,1,4,10,105,8,20781,True,False
11374,8390,1,2025-11-30,1,21,62,719,41,20782,True,False
11375,8390,1,2025-11-28,1,21,62,719,41,20785,True,False
11376,8391,2,2025-09-16,1,3,6,74,5,20786,True,False
11377,8391,1,2025-09-29,1,3,6,74,5,20789,True,False
11378,8393,2,2026-02-11,1,24,71,833,48,20793,True,False
11379,8395,1,2025-07-29,1,4,11,112,7,20797,True,False
11380,8395,1,2025-07-28,1,4,11,112,7,20799,True,False
11381,8397,1,2026-03-21,1,4,9,100,8,20802,True,False
11382,8399,1,2024-12-25,1,20,60,696,39,20805,True,False
11383,8399,1,2024-12-17,1,20,60,696,39,20806,True,False
11384,8400,1,2026-06-05,1,28,87,1009,55,20808,True,False
11385,8400,1,2026-06-24,1,28,87,1009,55,20810,True,False
11386,8400,2,2026-06-19,1,28,87,1009,55,20811,True,False
11387,8401,1,2024-12-29,1,20,58,676,40,20812,True,False
11388,8401,1,2024-12-18,1,20,58,676,40,20813,True,False
11389,8401,1,2024-12-17,1,20,58,676,40,20814,True,False
11390,8403,1,2025-01-12,1,9,24,273,18,20816,True,False
11391,8404,1,2026-03-25,1,4,10,107,7,20819,True,False
11392,8404,2,2026-04-05,1,4,10,107,7,20820,True,False
11393,8405,1,2026-06-10,1,4,9,97,7,20821,True,True
11394,8405,2,2026-07-03,1,4,9,97,7,20822,True,False
11395,8405,2,2026-06-29,1,4,9,97,7,20823,True,False
11396,8406,1,2025-01-17,1,4,11,117,7,20827,True,False
11397,8408,1,2025-12-03,1,25,75,869,49,20831,True,False
11398,8409,1,2025-04-12,1,25,76,884,49,20832,True,False
11399,8409,1,2025-05-02,1,25,76,884,49,20833,True,False
11400,8410,1,2025-10-09,1,5,14,142,9,20837,True,True
11401,8411,1,2026-05-17,1,28,85,990,56,20840,True,True
11402,8411,1,2026-05-13,1,28,85,990,56,20842,True,False
11403,8412,2,2026-04-07,1,16,41,469,31,20843,True,False
11404,8413,1,2025-04-18,1,4,10,111,8,20846,True,False
11405,8414,1,2026-05-16,1,16,42,485,32,20847,True,False
11406,8416,1,2026-05-12,1,4,9,95,7,20850,True,False
11407,8416,1,2026-05-07,1,4,9,95,7,20851,True,False
11408,8417,1,2026-01-24,1,18,49,557,36,20852,True,False
11409,8417,1,2026-02-02,1,18,49,557,36,20853,True,False
11410,8418,2,2025-07-27,1,3,7,79,5,20857,True,False
11411,8419,1,2025-09-16,1,25,77,895,49,20858,True,False
11412,8419,1,2025-09-09,1,25,77,895,49,20859,True,False
11413,8420,1,2025-10-25,1,28,85,992,55,20860,True,False
11414,8421,2,2025-08-19,1,25,76,888,49,20861,True,False
11415,8422,1,2026-07-17,1,4,10,111,7,20863,True,False
11416,8422,1,2026-07-12,1,4,10,111,7,20864,True,False
11417,8422,1,2026-07-07,1,4,10,111,7,20865,True,False
11418,8423,1,2026-03-04,1,4,11,114,7,20866,True,False
11419,8424,2,2024-11-23,1,3,6,65,6,20868,True,False
11420,8424,2,2024-11-21,1,3,6,65,6,20869,True,False
11421,8424,1,2024-11-21,1,3,6,65,6,20870,True,False
11422,8425,1,2026-03-10,1,13,34,380,26,20871,True,False
11423,8425,1,2026-03-12,1,13,34,380,26,20872,True,False
11424,8425,1,2026-03-18,1,13,34,380,26,20873,True,False
11425,8425,1,2026-03-18,1,13,34,380,26,20874,True,False
11426,8426,1,2026-04-07,1,1,2,23,1,20877,True,False
11427,8427,1,2026-01-10,1,14,37,418,27,20878,True,False
11428,8428,1,2025-05-05,1,4,10,104,8,20881,True,False
11429,8428,1,2025-04-21,1,4,10,104,8,20882,True,False
11430,8428,2,2025-05-10,1,4,10,104,8,20883,True,False
11431,8429,1,2025-01-24,1,16,43,493,32,20884,True,False
11432,8429,1,2025-01-18,1,16,43,493,32,20885,True,False
11433,8431,1,2025-08-01,1,14,38,437,28,20887,True,False
11434,8431,1,2025-07-23,1,14,38,437,28,20888,True,True
11435,8432,1,2024-11-04,1,4,11,120,8,20889,True,False
11436,8432,2,2024-10-13,1,4,11,120,8,20890,True,False
11437,8433,2,2025-06-11,1,16,41,470,32,20893,True,False
11438,8433,1,2025-05-30,1,16,41,470,32,20894,True,False
11439,8433,1,2025-06-01,1,16,41,470,32,20895,True,False
11440,8434,1,2025-08-08,1,11,30,334,21,20896,True,False
11441,8434,2,2025-07-28,1,11,30,334,21,20897,True,False
11442,8435,1,2025-06-18,1,10,28,318,19,20899,True,False
11443,8435,2,2025-06-09,1,10,28,318,19,20900,True,False
11444,8435,1,2025-06-15,1,10,28,318,19,20901,True,False
11445,8437,2,2025-03-10,1,9,24,275,17,20905,True,False
11446,8438,1,2024-09-23,1,14,37,421,27,20906,True,False
11447,8439,2,2026-02-05,1,26,79,924,52,20907,True,False
11448,8439,1,2026-01-22,1,26,79,924,52,20908,True,False
11449,8439,1,2026-02-03,1,26,79,924,52,20909,True,False
11450,8440,1,2025-09-13,1,3,5,55,6,20910,True,False
11451,8441,1,2025-10-05,1,12,31,348,24,20912,True,False
11452,8442,1,2026-05-20,1,1,1,12,2,20913,True,False
11453,8442,1,2026-06-11,1,1,1,12,2,20915,True,False
11454,8442,1,2026-05-23,1,1,1,12,2,20916,True,False
11455,8443,1,2026-01-25,1,4,11,119,7,20919,True,False
11456,8447,1,2025-07-11,1,4,9,100,8,20925,True,False
11457,8448,1,2026-07-03,1,4,11,114,7,20928,True,False
11458,8449,1,2025-10-18,1,4,11,116,8,20931,True,False
11459,8449,1,2025-10-30,1,4,11,116,8,20932,True,False
11460,8452,1,2025-10-08,1,4,11,113,8,20936,True,False
11461,8452,1,2025-09-18,1,4,11,113,8,20937,True,False
11462,8453,1,2025-12-11,1,27,82,952,54,20939,True,False
11463,8454,1,2025-08-02,1,5,12,125,10,20941,True,False
11464,8455,1,2024-10-06,1,13,35,395,25,20942,True,False
11465,8455,2,2024-09-26,1,13,35,395,25,20943,True,False
11466,8457,1,2024-11-18,1,4,9,98,8,20946,True,False
11467,8457,1,2024-11-23,1,4,9,98,8,20947,True,False
11468,8458,1,2025-12-02,1,3,8,91,5,20949,True,False
11469,8459,1,2025-12-01,1,10,27,296,20,20951,True,False
11470,8460,1,2024-12-11,1,28,88,1022,55,20955,True,False
11471,8461,1,2026-02-04,1,4,9,97,8,20956,True,False
11472,8461,1,2026-02-05,1,4,9,97,8,20957,True,False
11473,8462,1,2025-11-21,1,13,33,369,26,20959,True,False
11474,8462,1,2025-12-06,1,13,33,369,26,20960,True,False
11475,8462,1,2025-11-22,1,13,33,369,26,20961,True,False
11476,8463,1,2026-04-12,1,4,11,116,7,20962,True,False
11477,8463,1,2026-04-05,1,4,11,116,7,20964,True,False
11478,8464,1,2025-04-11,1,14,37,425,27,20967,True,False
11479,8465,2,2025-09-02,1,5,14,143,9,20970,True,False
11480,8465,1,2025-09-16,1,5,14,143,9,20971,True,False
11481,8466,2,2026-05-04,1,4,10,110,7,20972,True,False
11482,8466,1,2026-05-07,1,4,10,110,7,20973,True,False
11483,8468,1,2026-02-25,1,10,27,300,20,20979,True,False
11484,8469,2,2025-03-20,1,4,10,102,8,20981,True,False
11485,8469,2,2025-04-04,1,4,10,102,8,20982,True,False
11486,8470,1,2025-06-12,1,29,90,1040,57,20983,True,False
11487,8470,1,2025-06-19,1,29,90,1040,57,20984,True,False
11488,8471,2,2025-12-17,1,18,51,590,35,20985,True,False
11489,8471,1,2025-12-13,1,18,51,590,35,20986,True,False
11490,8472,1,2025-09-09,1,10,27,302,20,20987,True,False
11491,8472,1,2025-08-27,1,10,27,302,20,20988,True,False
11492,8473,1,2025-07-30,1,20,57,669,40,20989,True,False
11493,8474,1,2025-02-12,1,4,9,98,8,20990,True,False
11494,8474,2,2025-02-16,1,4,9,98,8,20992,True,False
11495,8476,1,2025-02-12,1,25,76,886,49,20995,True,False
11496,8477,1,2025-10-29,1,24,73,855,48,20997,True,False
11497,8478,1,2026-07-27,1,4,9,98,7,20999,True,False
11498,8479,1,2025-01-07,1,6,16,171,12,21000,True,False
11499,8480,1,2025-03-13,1,4,11,120,8,21001,True,False
11500,8480,1,2025-03-04,1,4,11,120,8,21002,True,False
11501,8481,1,2025-08-11,1,4,9,96,8,21004,True,False
11502,8481,2,2025-08-20,1,4,9,96,8,21005,True,False
11503,8481,1,2025-08-10,1,4,9,96,8,21007,True,False
11504,8483,1,2026-01-30,1,4,9,98,7,21011,True,False
11505,8484,1,2025-07-27,1,18,51,585,35,21014,True,False
11506,8484,1,2025-08-14,1,18,51,585,35,21015,True,False
11507,8485,2,2025-12-26,1,8,20,226,16,21017,True,False
11508,8486,1,2025-08-05,1,16,41,473,32,21018,True,False
11509,8487,1,2026-07-18,1,4,10,104,8,21020,True,False
11510,8488,1,2025-11-25,1,8,20,218,15,21021,True,False
11511,8488,1,2025-11-24,1,8,20,218,15,21022,True,False
11512,8488,2,2025-12-22,1,8,20,218,15,21023,True,False
11513,8488,1,2025-12-09,1,8,20,218,15,21024,True,False
11514,8489,1,2025-03-01,1,11,29,324,22,21027,True,False
11515,8491,1,2026-02-14,1,17,44,515,33,21029,True,False
11516,8491,1,2026-02-18,1,17,44,515,33,21030,True,False
11517,8491,1,2026-02-11,1,17,44,515,33,21031,True,False
11518,8491,1,2026-01-20,1,17,44,515,33,21032,True,False
11519,8493,1,2025-05-07,1,3,7,82,5,21036,True,False
11520,8493,1,2025-06-01,1,3,7,82,5,21037,True,False
11521,8493,1,2025-05-25,1,3,7,82,5,21038,True,False
11522,8494,1,2024-08-31,1,3,8,88,5,21039,True,False
11523,8495,1,2026-05-28,1,29,89,1032,58,21040,True,False
11524,8495,1,2026-05-20,1,29,89,1032,58,21041,True,False
11525,8496,1,2026-03-08,1,23,69,798,46,21043,True,False
11526,8496,1,2026-03-09,1,23,69,798,46,21044,True,False
11527,8496,1,2026-02-24,1,23,69,798,46,21045,True,False
11528,8498,2,2026-02-09,1,22,65,751,43,21047,True,False
11529,8498,1,2026-02-16,1,22,65,751,43,21050,True,False
11530,8501,1,2026-03-16,1,2,3,35,4,21054,True,False
11531,8502,2,2025-10-07,1,13,35,393,25,21055,True,False
11532,8502,1,2025-09-24,1,13,35,393,25,21056,True,False
11533,8502,1,2025-09-19,1,13,35,393,25,21057,True,False
11534,8503,1,2024-10-14,1,5,13,134,9,21058,True,False
11535,8503,2,2024-09-29,1,5,13,134,9,21059,True,False
11536,8503,1,2024-09-20,1,5,13,134,9,21060,True,False
11537,8504,1,2025-01-03,1,4,10,106,8,21062,True,False
11538,8504,1,2024-12-22,1,4,10,106,8,21063,True,False
11539,8505,1,2026-03-08,1,26,81,949,52,21065,True,False
11540,8507,1,2024-10-01,1,21,61,711,41,21070,True,False
11541,8508,1,2024-07-24,1,5,12,122,10,21071,True,False
11542,8510,1,2026-03-25,1,19,55,645,38,21074,True,False
11543,8510,1,2026-03-16,1,19,55,645,38,21075,True,False
11544,8511,1,2026-06-21,1,4,10,111,7,21076,True,False
11545,8512,1,2026-06-16,1,4,11,118,7,21078,True,False
11546,8514,1,2024-07-28,1,1,1,11,2,21082,True,False
11547,8514,1,2024-08-21,1,1,1,11,2,21084,True,False
11548,8517,2,2026-02-08,1,17,45,522,34,21088,True,False
11549,8517,1,2026-01-22,1,17,45,522,34,21089,True,False
11550,8517,1,2026-01-28,1,17,45,522,34,21090,True,False
11551,8518,2,2026-06-22,1,21,61,714,42,21091,True,False
11552,8519,2,2026-08-05,1,4,9,98,8,21095,True,False
11553,8520,2,2024-11-08,1,4,11,113,8,21097,True,False
11554,8520,1,2024-11-16,1,4,11,113,8,21098,True,False
11555,8521,1,2024-08-17,1,7,19,212,14,21099,True,False
11556,8521,1,2024-08-03,1,7,19,212,14,21100,True,False
11557,8521,1,2024-08-08,1,7,19,212,14,21101,True,False
11558,8521,2,2024-08-09,1,7,19,212,14,21102,True,False
11559,8522,1,2025-09-20,1,18,50,581,35,21104,True,False
11560,8523,1,2025-11-14,1,1,1,7,1,21108,True,False
11561,8524,2,2025-03-10,1,8,20,226,15,21109,True,False
11562,8524,2,2025-03-09,1,8,20,226,15,21110,True,False
11563,8526,1,2026-03-29,1,4,10,102,7,21113,True,False
11564,8526,1,2026-04-05,1,4,10,102,7,21114,True,False
11565,8528,1,2024-08-17,1,24,72,836,47,21117,True,False
11566,8528,1,2024-08-14,1,24,72,836,47,21118,True,False
11567,8529,1,2024-11-30,1,1,1,8,2,21120,True,False
11568,8529,1,2024-12-17,1,1,1,8,2,21121,True,False
11569,8529,1,2024-12-01,1,1,1,8,2,21122,True,True
11570,8529,1,2024-11-24,1,1,1,8,2,21123,True,False
11571,8530,1,2025-10-12,1,20,60,705,40,21125,True,False
11572,8530,1,2025-09-29,1,20,60,705,40,21126,True,False
11573,8531,1,2025-07-08,1,8,21,233,16,21128,True,False
11574,8532,1,2025-05-01,1,22,63,739,43,21129,True,False
11575,8534,2,2025-10-22,1,4,11,112,7,21136,True,False
11576,8535,1,2025-05-27,1,22,64,745,43,21138,True,False
11577,8536,1,2026-04-28,1,4,9,98,7,21140,True,False
11578,8536,1,2026-04-19,1,4,9,98,7,21141,True,False
11579,8537,2,2025-06-15,1,16,43,496,31,21145,True,False
11580,8539,1,2024-10-21,1,15,39,451,30,21147,True,False
11581,8539,2,2024-10-28,1,15,39,451,30,21148,True,False
11582,8540,1,2025-05-14,1,4,9,95,7,21149,True,False
11583,8540,1,2025-05-03,1,4,9,95,7,21150,True,False
11584,8541,1,2026-04-18,1,27,82,959,54,21152,True,False
11585,8542,2,2025-02-15,1,4,9,100,7,21154,True,False
11586,8544,1,2026-03-15,1,4,10,111,7,21157,True,False
11587,8544,1,2026-03-30,1,4,10,111,7,21158,True,False
11588,8544,1,2026-03-30,1,4,10,111,7,21159,True,False
11589,8545,1,2024-10-17,1,26,81,950,51,21160,True,False
11590,8547,1,2026-06-13,1,4,10,109,7,21164,True,False
11591,8547,2,2026-06-18,1,4,10,109,7,21166,True,False
11592,8548,1,2025-11-10,1,1,1,6,1,21168,True,False
11593,8548,1,2025-10-19,1,1,1,6,1,21170,True,False
11594,8548,2,2025-11-06,1,1,1,6,1,21171,True,False
11595,8549,2,2025-12-19,1,16,41,469,32,21172,True,False
11596,8549,1,2025-12-30,1,16,41,469,32,21174,True,False
11597,8550,1,2026-02-12,1,16,43,500,32,21175,True,False
11598,8550,1,2026-02-26,1,16,43,500,32,21176,True,False
11599,8550,1,2026-02-13,1,16,43,500,32,21177,True,False
11600,8550,1,2026-02-10,1,16,43,500,32,21178,True,False
11601,8552,2,2025-10-17,1,4,11,120,8,21182,True,False
11602,8552,1,2025-10-02,1,4,11,120,8,21183,True,False
11603,8553,1,2025-05-29,1,4,10,103,7,21184,True,False
11604,8553,1,2025-06-24,1,4,10,103,7,21185,True,False
11605,8553,1,2025-06-24,1,4,10,103,7,21187,True,False
11606,8554,1,2026-06-22,1,30,91,1054,60,21188,True,False
11607,8554,1,2026-06-01,1,30,91,1054,60,21189,True,False
11608,8554,1,2026-06-14,1,30,91,1054,60,21191,True,False
11609,8556,1,2024-08-22,1,21,61,707,42,21194,True,False
11610,8556,1,2024-07-27,1,21,61,707,42,21195,True,False
11611,8557,2,2025-10-15,1,10,27,302,19,21196,True,False
11612,8558,1,2025-04-09,1,12,31,352,23,21197,True,False
11613,8558,1,2025-03-24,1,12,31,352,23,21198,True,False
11614,8559,1,2025-08-30,1,21,62,717,41,21199,True,False
11615,8561,2,2024-12-18,1,1,1,13,1,21206,True,False
11616,8562,1,2024-08-28,1,1,1,8,2,21208,True,False
11617,8562,1,2024-08-05,1,1,1,8,2,21210,True,False
11618,8563,2,2025-02-10,1,11,30,343,21,21212,True,False
11619,8563,1,2025-01-26,1,11,30,343,21,21213,True,False
11620,8564,1,2025-03-04,1,3,6,69,6,21216,True,False
11621,8564,1,2025-03-02,1,3,6,69,6,21218,True,False
11622,8565,1,2026-05-28,1,27,84,976,53,21220,True,False
11623,8566,1,2025-08-20,1,13,34,387,25,21222,True,False
11624,8566,1,2025-07-30,1,13,34,387,25,21224,True,False
11625,8566,1,2025-08-06,1,13,34,387,25,21225,True,True
11626,8567,1,2026-03-12,1,4,9,98,8,21226,True,False
11627,8568,1,2024-08-10,1,2,3,34,3,21228,True,False
11628,8569,1,2025-04-25,1,24,74,862,47,21232,True,False
11629,8570,1,2026-01-18,1,7,19,208,14,21234,True,False
11630,8571,1,2026-01-17,1,4,11,119,7,21235,True,False
11631,8571,2,2026-01-23,1,4,11,119,7,21236,True,False
11632,8571,1,2026-01-08,1,4,11,119,7,21237,True,False
11633,8571,2,2026-01-17,1,4,11,119,7,21238,True,False
11634,8573,1,2025-02-13,1,7,18,196,13,21243,True,False
11635,8574,1,2026-05-21,1,4,9,96,7,21244,True,False
11636,8574,1,2026-05-12,1,4,9,96,7,21245,True,False
11637,8574,1,2026-05-12,1,4,9,96,7,21246,True,False
11638,8575,1,2025-11-25,1,23,70,817,45,21247,True,False
11639,8576,1,2026-02-14,1,4,10,105,8,21248,True,False
11640,8577,1,2025-07-28,1,28,88,1025,55,21250,True,False
11641,8578,1,2025-12-03,1,3,6,66,6,21254,True,False
11642,8578,1,2025-11-28,1,3,6,66,6,21256,True,False
11643,8579,1,2025-12-18,1,20,60,698,39,21257,True,False
11644,8579,1,2025-12-05,1,20,60,698,39,21258,True,False
11645,8580,2,2026-03-28,1,24,71,825,48,21259,True,False
11646,8580,1,2026-04-01,1,24,71,825,48,21261,True,False
11647,8580,1,2026-03-27,1,24,71,825,48,21262,True,False
11648,8583,1,2024-10-08,1,4,9,97,8,21267,True,False
11649,8584,2,2025-02-16,1,2,3,38,4,21268,True,False
11650,8584,1,2025-02-02,1,2,3,38,4,21270,True,False
11651,8584,1,2025-02-14,1,2,3,38,4,21271,True,False
11652,8586,1,2025-09-17,1,30,91,1053,59,21274,True,False
11653,8586,2,2025-09-11,1,30,91,1053,59,21275,True,False
11654,8586,2,2025-09-18,1,30,91,1053,59,21276,True,False
11655,8586,1,2025-09-12,1,30,91,1053,59,21277,True,False
11656,8587,2,2025-01-08,1,16,41,475,31,21279,True,False
11657,8588,1,2026-01-31,1,4,10,110,7,21280,True,False
11658,8588,1,2026-02-16,1,4,10,110,7,21281,True,False
11659,8588,1,2026-02-17,1,4,10,110,7,21282,True,False
11660,8589,1,2025-01-01,1,26,81,944,51,21284,True,False
11661,8589,1,2025-01-03,1,26,81,944,51,21285,True,False
11662,8590,1,2025-07-20,1,4,10,103,8,21289,True,False
11663,8591,1,2026-05-31,1,4,9,100,8,21290,True,False
11664,8592,1,2025-04-23,1,17,46,533,34,21291,True,False
11665,8592,2,2025-05-13,1,17,46,533,34,21292,True,True
11666,8593,1,2026-03-13,1,22,64,747,43,21298,True,False
11667,8594,1,2026-06-28,1,4,9,95,8,21299,True,False
11668,8595,1,2026-04-11,1,1,2,27,2,21302,True,False
11669,8596,1,2026-05-19,1,13,33,374,26,21304,True,False
11670,8599,1,2025-07-26,1,4,10,106,8,21308,True,False
11671,8599,1,2025-07-18,1,4,10,106,8,21310,True,False
11672,8601,1,2025-04-02,1,30,92,1072,59,21313,True,False
11673,8602,1,2026-07-16,1,14,37,420,27,21318,True,False
11674,8602,1,2026-07-01,1,14,37,420,27,21319,True,True
11675,8603,1,2026-02-10,1,22,65,757,44,21320,True,False
11676,8603,1,2026-02-24,1,22,65,757,44,21322,True,False
11677,8603,1,2026-03-05,1,22,65,757,44,21323,True,False
11678,8604,1,2024-10-03,1,12,32,365,23,21324,True,False
11679,8605,1,2026-02-04,1,4,9,98,7,21328,True,False
11680,8605,2,2026-01-21,1,4,9,98,7,21329,True,False
11681,8606,1,2025-10-29,1,26,81,949,52,21331,True,False
11682,8608,1,2026-02-21,1,15,39,448,29,21337,True,False
11683,8609,1,2024-08-09,1,18,51,596,35,21342,True,False
11684,8610,1,2025-06-20,1,4,11,115,8,21343,True,False
11685,8610,1,2025-06-02,1,4,11,115,8,21345,True,False
11686,8611,1,2024-09-09,1,12,32,367,24,21346,True,False
11687,8612,1,2026-01-04,1,23,70,818,45,21347,True,True
11688,8613,1,2024-12-10,1,18,49,568,35,21349,True,False
11689,8613,1,2024-12-07,1,18,49,568,35,21350,True,False
11690,8614,1,2026-04-18,1,5,13,134,9,21351,True,False
11691,8614,2,2026-04-17,1,5,13,134,9,21352,True,False
11692,8615,2,2026-07-25,1,3,8,87,5,21353,True,False
11693,8615,1,2026-07-12,1,3,8,87,5,21356,True,False
11694,8616,1,2025-06-19,1,24,72,837,47,21357,True,False
11695,8616,1,2025-06-19,1,24,72,837,47,21358,True,False
11696,8618,2,2024-10-17,1,20,57,671,40,21360,True,False
11697,8618,2,2024-10-27,1,20,57,671,40,21361,True,False
11698,8619,1,2024-08-04,1,4,11,119,8,21364,True,False
11699,8620,1,2025-05-16,1,4,9,99,8,21365,True,False
11700,8620,1,2025-05-19,1,4,9,99,8,21366,True,False
11701,8620,1,2025-05-09,1,4,9,99,8,21367,True,False
11702,8620,1,2025-04-19,1,4,9,99,8,21368,True,False
11703,8621,1,2025-05-01,1,17,47,535,33,21372,True,False
11704,8622,1,2026-01-26,1,23,70,821,45,21373,True,False
11705,8624,2,2025-11-02,1,4,11,117,7,21377,True,False
11706,8624,2,2025-11-09,1,4,11,117,7,21378,True,False
11707,8624,1,2025-11-13,1,4,11,117,7,21380,True,False
11708,8626,1,2026-02-19,1,4,11,117,7,21382,True,False
11709,8627,1,2025-08-05,1,3,5,56,6,21385,True,False
11710,8627,1,2025-08-14,1,3,5,56,6,21386,True,False
11711,8628,1,2025-04-09,1,3,6,67,5,21387,True,True
11712,8628,2,2025-04-30,1,3,6,67,5,21388,True,False
11713,8628,1,2025-04-26,1,3,6,67,5,21389,True,False
11714,8629,2,2026-07-14,1,23,67,778,45,21391,True,False
11715,8630,1,2026-03-07,1,10,28,307,20,21393,True,False
11716,8631,1,2025-12-22,1,27,82,958,54,21394,True,False
11717,8631,1,2025-12-16,1,27,82,958,54,21395,True,False
11718,8632,1,2025-09-18,1,22,64,742,44,21396,True,False
11719,8632,2,2025-09-13,1,22,64,742,44,21398,True,False
11720,8634,2,2026-01-21,1,18,50,574,35,21400,True,False
11721,8635,1,2024-10-27,1,4,11,120,8,21401,True,False
11722,8635,1,2024-10-11,1,4,11,120,8,21403,True,False
11723,8638,2,2026-07-17,1,12,32,367,24,21408,True,False
11724,8638,1,2026-07-08,1,12,32,367,24,21409,True,True
11725,8639,1,2025-12-22,1,18,50,580,35,21412,True,False
11726,8639,1,2025-11-30,1,18,50,580,35,21413,True,False
11727,8640,1,2025-09-15,1,4,10,111,8,21414,True,False
11728,8641,2,2025-03-30,1,1,1,7,1,21416,True,False
11729,8642,1,2025-12-01,1,1,1,8,1,21419,True,True
11730,8642,1,2025-12-24,1,1,1,8,1,21420,True,False
11731,8643,1,2026-02-09,1,16,43,498,31,21421,True,False
11732,8644,1,2025-03-15,1,5,12,129,9,21422,True,False
11733,8644,1,2025-03-07,1,5,12,129,9,21423,True,False
11734,8644,1,2025-03-13,1,5,12,129,9,21425,True,False
11735,8647,1,2026-05-26,1,4,9,95,7,21429,True,False
11736,8647,2,2026-06-11,1,4,9,95,7,21430,True,False
11737,8648,2,2025-04-09,1,16,42,483,32,21431,True,False
11738,8648,1,2025-04-27,1,16,42,483,32,21433,True,False
11739,8650,2,2025-10-17,1,17,44,512,33,21435,True,False
11740,8650,1,2025-10-15,1,17,44,512,33,21437,True,False
11741,8650,1,2025-10-12,1,17,44,512,33,21438,True,False
11742,8651,2,2025-03-28,1,4,9,94,7,21441,True,False
11743,8652,1,2025-07-10,1,4,10,109,7,21443,True,False
11744,8652,1,2025-07-25,1,4,10,109,7,21444,True,False
11745,8652,1,2025-08-04,1,4,10,109,7,21445,True,False
11746,8652,1,2025-08-03,1,4,10,109,7,21446,True,False
11747,8653,2,2025-02-18,1,3,6,73,5,21447,True,False
11748,8653,2,2025-02-01,1,3,6,73,5,21448,True,False
11749,8653,1,2025-01-30,1,3,6,73,5,21449,True,False
11750,8654,1,2025-06-26,1,4,11,112,7,21450,True,False
11751,8654,1,2025-06-28,1,4,11,112,7,21451,True,False
11752,8654,1,2025-06-23,1,4,11,112,7,21452,True,False
11753,8656,1,2025-02-03,1,3,8,90,6,21455,True,False
11754,8656,1,2025-01-30,1,3,8,90,6,21456,True,False
11755,8657,1,2025-04-27,1,10,28,311,20,21458,True,False
11756,8657,1,2025-05-16,1,10,28,311,20,21459,True,False
11757,8658,1,2026-04-13,1,4,9,99,7,21460,True,False
11758,8661,2,2026-05-27,1,3,5,57,5,21464,True,False
11759,8661,1,2026-06-06,1,3,5,57,5,21465,True,False
11760,8661,1,2026-06-02,1,3,5,57,5,21467,True,False
11761,8662,2,2024-12-20,1,8,21,233,15,21468,True,False
11762,8662,1,2024-12-27,1,8,21,233,15,21469,True,False
11763,8662,1,2024-12-14,1,8,21,233,15,21470,True,False
11764,8662,1,2024-12-08,1,8,21,233,15,21471,True,False
11765,8663,1,2026-02-12,1,4,11,113,7,21472,True,False
11766,8663,1,2026-03-01,1,4,11,113,7,21473,True,False
11767,8667,2,2025-04-17,1,29,90,1040,58,21483,True,False
11768,8668,1,2025-05-26,1,1,1,8,2,21485,True,False
11769,8668,1,2025-05-27,1,1,1,8,2,21486,True,False
11770,8669,1,2025-11-23,1,18,50,577,36,21488,True,False
11771,8669,1,2025-10-30,1,18,50,577,36,21489,True,False
11772,8670,2,2024-11-23,1,1,1,11,2,21491,True,False
11773,8672,2,2024-12-13,1,22,63,736,44,21497,True,False
11774,8672,1,2024-11-29,1,22,63,736,44,21498,True,False
11775,8672,1,2024-12-13,1,22,63,736,44,21500,True,False
11776,8673,1,2024-09-05,1,4,11,113,7,21501,True,False
11777,8673,1,2024-09-03,1,4,11,113,7,21503,True,False
11778,8674,1,2025-10-29,1,8,21,229,15,21505,True,False
11779,8674,1,2025-11-01,1,8,21,229,15,21506,True,False
11780,8675,1,2024-12-01,1,17,45,521,33,21508,True,False
11781,8675,1,2024-12-09,1,17,45,521,33,21509,True,False
11782,8676,1,2025-08-27,1,4,11,112,8,21511,True,False
11783,8676,1,2025-09-12,1,4,11,112,8,21512,True,True
11784,8678,1,2026-01-09,1,25,77,899,49,21517,True,False
11785,8679,2,2026-07-20,1,18,50,576,36,21519,True,False
11786,8680,1,2025-04-03,1,4,10,107,7,21520,True,False
11787,8682,1,2026-02-10,1,8,21,235,16,21525,True,False
11788,8683,1,2026-05-30,1,25,77,899,50,21526,True,False
11789,8684,1,2026-07-06,1,14,36,411,28,21527,True,False
11790,8685,2,2026-07-24,1,14,36,416,27,21529,True,False
11791,8686,1,2025-02-24,1,8,20,227,15,21533,True,False
11792,8687,1,2026-03-04,1,4,9,100,7,21534,True,False
11793,8687,1,2026-03-05,1,4,9,100,7,21536,True,False
11794,8687,1,2026-03-09,1,4,9,100,7,21537,True,False
11795,8688,2,2025-02-12,1,5,13,133,10,21538,True,False
11796,8689,1,2026-07-02,1,4,11,117,8,21539,True,False
11797,8689,1,2026-07-08,1,4,11,117,8,21540,True,False
11798,8689,2,2026-06-16,1,4,11,117,8,21542,True,False
11799,8690,1,2026-01-28,1,4,9,101,8,21543,True,False
11800,8690,1,2026-01-26,1,4,9,101,8,21544,True,False
11801,8690,1,2026-01-30,1,4,9,101,8,21545,True,False
11802,8691,2,2026-04-17,1,4,11,112,8,21548,True,False
11803,8692,1,2025-10-16,1,12,31,354,23,21549,True,False
11804,8693,1,2024-11-19,1,1,1,9,2,21551,True,False
11805,8694,2,2024-12-24,1,11,29,327,22,21553,True,False
11806,8696,1,2025-12-02,1,4,11,114,8,21557,True,False
11807,8696,1,2025-11-27,1,4,11,114,8,21558,True,False
11808,8696,1,2025-12-06,1,4,11,114,8,21559,True,False
11809,8697,1,2026-01-13,1,16,42,491,31,21560,True,False
11810,8697,1,2026-01-27,1,16,42,491,31,21561,True,False
11811,8697,1,2026-02-02,1,16,42,491,31,21562,True,False
11812,8698,1,2024-12-18,1,21,62,718,41,21565,True,False
11813,8699,1,2024-08-27,1,9,25,276,18,21568,True,False
11814,8699,2,2024-08-11,1,9,25,276,18,21569,True,False
11815,8700,1,2025-08-01,1,3,7,80,5,21570,True,False
11816,8700,1,2025-08-07,1,3,7,80,5,21571,True,False
11817,8701,1,2025-09-02,1,16,41,468,31,21572,True,False
11818,8701,1,2025-09-14,1,16,41,468,31,21573,True,False
11819,8701,1,2025-09-18,1,16,41,468,31,21575,True,False
11820,8703,2,2024-07-30,1,10,27,301,20,21577,True,False
11821,8703,1,2024-08-27,1,10,27,301,20,21578,True,False
11822,8704,1,2026-04-01,1,8,21,233,16,21581,True,False
11823,8704,1,2026-03-14,1,8,21,233,16,21582,True,False
11824,8704,1,2026-03-23,1,8,21,233,16,21584,True,False
11825,8705,1,2025-11-27,1,1,1,6,1,21586,True,False
11826,8706,2,2025-05-27,1,17,47,534,33,21588,True,False
11827,8707,1,2025-05-31,1,10,27,302,19,21589,True,False
11828,8708,1,2025-07-23,1,29,89,1030,58,21590,True,False
11829,8709,1,2026-03-20,1,19,56,653,38,21592,True,False
11830,8710,1,2024-09-30,1,3,5,63,5,21596,True,False
11831,8710,1,2024-09-23,1,3,5,63,5,21597,True,False
11832,8710,1,2024-09-12,1,3,5,63,5,21598,True,False
11833,8711,1,2025-01-27,1,4,9,96,7,21599,True,False
11834,8711,1,2025-01-20,1,4,9,96,7,21600,True,False
11835,8711,1,2025-02-09,1,4,9,96,7,21601,True,False
11836,8712,2,2026-05-22,1,20,59,691,39,21602,True,False
11837,8712,1,2026-05-22,1,20,59,691,39,21603,True,False
11838,8713,1,2024-12-19,1,3,6,66,5,21604,True,False
11839,8714,1,2024-09-15,1,25,75,874,49,21606,True,False
11840,8715,1,2026-01-27,1,29,90,1042,57,21608,True,False
11841,8715,1,2026-01-28,1,29,90,1042,57,21610,True,False
11842,8716,2,2026-05-07,1,4,11,115,7,21611,True,False
11843,8717,1,2025-11-08,1,29,90,1048,57,21613,True,False
11844,8718,1,2025-04-13,1,16,43,502,31,21615,True,False
11845,8718,1,2025-05-03,1,16,43,502,31,21616,True,False
11846,8719,1,2025-09-14,1,6,16,172,11,21617,True,False
11847,8720,1,2025-10-05,1,15,40,456,29,21620,True,False
11848,8720,1,2025-10-23,1,15,40,456,29,21621,True,False
11849,8721,1,2025-01-09,1,4,9,96,8,21624,True,False
11850,8722,2,2024-09-01,1,4,11,118,7,21625,True,False
11851,8724,1,2026-06-26,1,4,10,105,7,21628,True,False
11852,8724,1,2026-06-07,1,4,10,105,7,21629,True,False
11853,8724,1,2026-06-24,1,4,10,105,7,21630,True,False
11854,8725,1,2026-03-10,1,24,74,866,47,21632,True,False
11855,8726,2,2024-12-08,1,1,1,1,2,21633,True,False
11856,8726,1,2024-12-04,1,1,1,1,2,21634,True,False
11857,8727,2,2026-07-19,1,5,12,132,9,21638,True,False
11858,8727,1,2026-07-10,1,5,12,132,9,21639,True,False
11859,8728,2,2025-11-17,1,21,62,718,42,21640,True,False
11860,8728,1,2025-12-12,1,21,62,718,42,21642,True,False
11861,8728,1,2025-12-05,1,21,62,718,42,21643,True,False
11862,8729,2,2026-07-15,1,5,12,124,9,21644,True,False
11863,8729,2,2026-07-05,1,5,12,124,9,21645,True,False
11864,8729,1,2026-07-07,1,5,12,124,9,21646,True,False
11865,8730,1,2026-05-02,1,1,2,18,2,21648,True,False
11866,8731,2,2026-07-06,1,4,10,111,8,21651,True,False
11867,8731,1,2026-07-15,1,4,10,111,8,21652,True,False
11868,8732,1,2026-05-22,1,3,7,77,5,21653,True,False
11869,8733,1,2026-01-22,1,25,78,910,49,21655,True,False
11870,8733,1,2026-01-20,1,25,78,910,49,21656,True,False
11871,8734,1,2025-05-01,1,26,81,949,51,21657,True,False
11872,8735,1,2025-12-08,1,19,53,615,37,21660,True,False
11873,8735,1,2025-11-20,1,19,53,615,37,21661,True,False
11874,8736,1,2026-03-29,1,21,61,709,42,21664,True,False
11875,8737,1,2026-06-13,1,4,11,119,7,21665,True,False
11876,8737,1,2026-06-10,1,4,11,119,7,21666,True,False
11877,8740,1,2025-05-03,1,4,9,101,8,21671,True,False
11878,8740,2,2025-05-07,1,4,9,101,8,21672,True,False
11879,8741,2,2024-08-20,1,4,9,99,7,21674,True,False
11880,8741,1,2024-08-28,1,4,9,99,7,21675,True,False
11881,8742,2,2025-11-13,1,17,48,553,33,21677,True,False
11882,8742,1,2025-11-26,1,17,48,553,33,21678,True,False
11883,8742,1,2025-11-08,1,17,48,553,33,21679,True,False
11884,8742,1,2025-12-04,1,17,48,553,33,21680,True,False
11885,8745,2,2025-08-30,1,30,92,1068,60,21686,True,False
11886,8745,1,2025-09-09,1,30,92,1068,60,21687,True,False
11887,8745,1,2025-09-07,1,30,92,1068,60,21688,True,False
11888,8746,2,2025-08-01,1,9,24,274,18,21689,True,False
11889,8747,1,2026-05-24,1,24,74,860,47,21692,True,False
11890,8748,1,2024-10-05,1,15,40,455,29,21693,True,False
11891,8748,1,2024-10-17,1,15,40,455,29,21694,True,False
11892,8749,1,2025-06-04,1,6,17,183,11,21695,True,False
11893,8749,1,2025-05-20,1,6,17,183,11,21696,True,False
11894,8751,2,2025-03-28,1,5,13,137,9,21700,True,False
11895,8752,1,2026-04-04,1,4,10,103,7,21703,True,False
11896,8752,1,2026-04-22,1,4,10,103,7,21704,True,False
11897,8752,2,2026-04-19,1,4,10,103,7,21705,True,False
11898,8752,2,2026-03-28,1,4,10,103,7,21706,True,False
11899,8753,1,2026-01-25,1,18,49,558,36,21707,True,False
11900,8755,1,2024-08-10,1,3,6,74,6,21713,True,False
11901,8757,1,2025-04-26,1,28,86,999,55,21715,True,False
11902,8757,1,2025-04-28,1,28,86,999,55,21716,True,False
11903,8757,1,2025-04-26,1,28,86,999,55,21717,True,False
11904,8757,1,2025-04-28,1,28,86,999,55,21718,True,False
11905,8758,1,2026-07-16,1,10,28,317,20,21719,True,False
11906,8759,1,2025-07-25,1,28,85,995,55,21721,True,False
11907,8759,1,2025-08-07,1,28,85,995,55,21722,True,False
11908,8760,1,2026-06-17,1,16,43,505,32,21725,True,False
11909,8761,1,2025-02-15,1,12,31,354,23,21727,True,False
11910,8761,1,2025-02-17,1,12,31,354,23,21729,True,False
11911,8762,1,2026-05-23,1,15,40,457,30,21731,True,False
11912,8762,1,2026-06-02,1,15,40,457,30,21733,True,False
11913,8763,2,2025-07-02,1,1,1,1,2,21734,True,False
11914,8763,1,2025-07-05,1,1,1,1,2,21736,True,False
11915,8764,1,2024-12-29,1,3,5,54,6,21737,True,False
11916,8764,2,2024-12-10,1,3,5,54,6,21738,True,False
11917,8765,1,2026-04-27,1,25,75,881,49,21740,True,False
11918,8767,1,2024-08-16,1,4,9,98,8,21744,True,False
11919,8767,1,2024-08-24,1,4,9,98,8,21745,True,False
11920,8767,1,2024-08-25,1,4,9,98,8,21746,True,False
11921,8769,1,2025-02-06,1,27,83,972,53,21748,True,False
11922,8769,1,2025-02-12,1,27,83,972,53,21749,True,False
11923,8769,1,2025-02-12,1,27,83,972,53,21750,True,False
11924,8769,1,2025-02-05,1,27,83,972,53,21751,True,False
11925,8770,1,2025-02-02,1,28,87,1013,55,21752,True,False
11926,8771,1,2026-03-05,1,5,13,134,10,21753,True,False
11927,8771,1,2026-04-02,1,5,13,134,10,21754,True,False
11928,8771,1,2026-03-24,1,5,13,134,10,21756,True,False
11929,8772,1,2024-12-19,1,13,33,369,25,21757,True,False
11930,8772,1,2024-12-19,1,13,33,369,25,21759,True,False
11931,8772,1,2024-12-25,1,13,33,369,25,21760,True,False
11932,8773,1,2026-06-11,1,20,57,661,40,21761,True,False
11933,8773,1,2026-05-31,1,20,57,661,40,21762,True,False
11934,8773,2,2026-06-06,1,20,57,661,40,21763,True,False
11935,8773,1,2026-06-02,1,20,57,661,40,21764,True,False
11936,8774,1,2026-05-27,1,1,2,19,2,21765,True,False
11937,8774,1,2026-06-02,1,1,2,19,2,21767,True,True
11938,8775,1,2025-01-14,1,23,67,783,45,21769,True,False
11939,8775,1,2025-01-20,1,23,67,783,45,21770,True,False
11940,8775,2,2025-01-10,1,23,67,783,45,21771,True,False
11941,8775,2,2025-01-20,1,23,67,783,45,21772,True,False
11942,8776,1,2025-03-04,1,4,10,104,8,21773,True,False
11943,8777,1,2026-05-10,1,4,9,101,7,21774,True,False
11944,8777,1,2026-05-10,1,4,9,101,7,21775,True,False
11945,8777,1,2026-05-22,1,4,9,101,7,21776,True,False
11946,8778,1,2025-09-26,1,4,9,94,7,21777,True,False
11947,8778,1,2025-09-29,1,4,9,94,7,21778,True,False
11948,8780,1,2024-12-31,1,6,15,161,12,21782,True,False
11949,8781,1,2025-01-28,1,5,14,142,10,21785,True,False
11950,8782,2,2025-03-26,1,3,8,88,5,21786,True,False
11951,8784,1,2025-02-06,1,27,83,967,53,21788,True,False
11952,8785,1,2025-07-04,1,4,11,114,8,21790,True,False
11953,8785,1,2025-07-09,1,4,11,114,8,21791,True,False
11954,8786,2,2026-07-09,1,4,11,120,8,21792,True,False
11955,8787,1,2024-08-29,1,26,81,945,51,21795,True,False
11956,8787,1,2024-09-08,1,26,81,945,51,21796,True,False
11957,8787,2,2024-09-25,1,26,81,945,51,21797,True,False
11958,8787,1,2024-09-21,1,26,81,945,51,21798,True,False
11959,8788,1,2025-10-24,1,4,10,107,7,21799,True,True
11960,8788,2,2025-10-15,1,4,10,107,7,21800,True,False
11961,8789,1,2025-01-20,1,4,9,93,8,21802,True,False
11962,8789,1,2025-01-05,1,4,9,93,8,21803,True,False
11963,8790,1,2026-05-24,1,11,29,324,22,21804,True,False
11964,8790,1,2026-04-28,1,11,29,324,22,21805,True,False
11965,8791,1,2024-11-14,1,16,42,491,31,21809,True,False
11966,8791,1,2024-11-23,1,16,42,491,31,21810,True,False
11967,8792,1,2025-01-23,1,4,10,110,8,21811,True,False
11968,8792,2,2025-01-23,1,4,10,110,8,21813,True,False
11969,8793,1,2026-07-23,1,8,20,222,15,21816,True,False
11970,8793,1,2026-07-19,1,8,20,222,15,21817,True,False
11971,8794,2,2026-06-24,1,29,90,1043,58,21818,True,False
11972,8795,1,2025-02-13,1,25,77,897,49,21820,True,False
11973,8797,1,2026-03-24,1,12,31,356,24,21824,True,False
11974,8798,2,2026-03-05,1,3,8,84,6,21827,True,False
11975,8799,1,2024-08-03,1,1,1,1,2,21829,True,False
11976,8799,1,2024-08-26,1,1,1,1,2,21831,True,False
11977,8800,1,2025-05-11,1,4,9,101,8,21832,True,False
11978,8800,1,2025-05-17,1,4,9,101,8,21833,True,False
11979,8801,1,2025-03-07,1,4,10,104,8,21834,True,False
11980,8801,1,2025-03-23,1,4,10,104,8,21836,True,False
11981,8802,1,2026-01-20,1,4,9,96,8,21838,True,False
11982,8802,2,2026-02-13,1,4,9,96,8,21839,True,False
11983,8803,1,2025-11-15,1,17,44,512,33,21843,True,False
11984,8804,1,2025-12-24,1,4,9,100,7,21844,True,False
11985,8805,1,2026-02-05,1,4,9,96,7,21845,True,False
11986,8805,1,2026-02-11,1,4,9,96,7,21847,True,False
11987,8806,1,2026-07-21,1,23,69,807,46,21849,True,False
11988,8806,1,2026-07-22,1,23,69,807,46,21850,True,False
11989,8806,1,2026-07-04,1,23,69,807,46,21851,True,False
11990,8808,1,2026-02-04,1,4,10,106,7,21856,True,False
11991,8809,1,2026-04-08,1,2,3,36,4,21857,True,False
11992,8809,1,2026-04-07,1,2,3,36,4,21859,True,False
11993,8810,1,2026-03-08,1,4,10,104,8,21861,True,False
11994,8812,1,2025-01-14,1,1,1,13,2,21864,True,False
11995,8812,1,2024-12-26,1,1,1,13,2,21866,True,False
11996,8813,1,2025-12-31,1,4,10,107,7,21868,True,False
11997,8813,1,2025-12-13,1,4,10,107,7,21870,True,False
11998,8814,1,2025-11-03,1,5,13,134,10,21872,True,False
11999,8814,2,2025-10-20,1,5,13,134,10,21873,True,False
12000,8815,2,2026-05-14,1,4,10,102,7,21875,True,False
12001,8815,1,2026-05-26,1,4,10,102,7,21876,True,False
12002,8817,1,2025-07-24,1,27,84,981,53,21879,True,False
12003,8818,2,2025-09-18,1,4,9,97,8,21880,True,False
12004,8818,2,2025-09-13,1,4,9,97,8,21881,True,False
12005,8818,1,2025-09-26,1,4,9,97,8,21882,True,False
12006,8820,2,2024-10-29,1,3,8,87,5,21886,True,False
12007,8821,1,2026-06-01,1,4,9,93,8,21887,True,False
12008,8821,1,2026-06-11,1,4,9,93,8,21889,True,False
12009,8825,1,2025-01-25,1,25,78,908,50,21893,True,False
12010,8825,2,2025-01-27,1,25,78,908,50,21896,True,False
12011,8826,1,2025-08-04,1,4,9,98,8,21897,True,False
12012,8827,1,2026-04-28,1,4,9,101,7,21899,True,False
12013,8827,1,2026-05-04,1,4,9,101,7,21900,True,False
12014,8828,1,2026-06-21,1,4,9,96,7,21901,True,False
12015,8830,1,2025-02-15,1,2,4,42,3,21907,True,False
12016,8832,1,2025-01-26,1,3,7,83,5,21909,True,False
12017,8832,1,2025-02-14,1,3,7,83,5,21911,True,False
12018,8834,1,2025-09-02,1,10,28,318,19,21914,True,False
12019,8834,1,2025-08-27,1,10,28,318,19,21915,True,False
12020,8836,1,2025-03-13,1,26,79,928,52,21919,True,False
12021,8837,1,2026-06-16,1,5,13,133,10,21922,True,False
12022,8837,1,2026-06-10,1,5,13,133,10,21923,True,False
12023,8838,1,2026-05-29,1,4,10,103,7,21926,True,False
12024,8839,1,2025-01-07,1,4,9,98,8,21929,True,False
12025,8840,1,2025-04-25,1,14,36,414,28,21931,True,True
12026,8840,1,2025-04-11,1,14,36,414,28,21932,True,False
12027,8842,1,2026-07-20,1,2,3,34,4,21935,True,False
12028,8842,2,2026-07-24,1,2,3,34,4,21936,True,False
12029,8843,1,2025-01-01,1,4,9,97,7,21937,True,False
12030,8845,1,2026-03-29,1,5,14,152,9,21940,True,False
12031,8845,1,2026-04-15,1,5,14,152,9,21941,True,False
12032,8845,1,2026-03-24,1,5,14,152,9,21942,True,False
12033,8847,2,2025-05-17,1,10,27,297,20,21944,True,False
12034,8847,1,2025-05-17,1,10,27,297,20,21945,True,False
12035,8848,1,2025-09-09,1,22,63,739,43,21946,True,False
12036,8849,1,2024-09-14,1,17,45,524,33,21948,True,False
12037,8849,1,2024-09-12,1,17,45,524,33,21950,True,False
12038,8851,2,2025-11-29,1,2,4,51,3,21953,True,False
12039,8851,1,2025-11-28,1,2,4,51,3,21954,True,False
12040,8852,1,2026-07-21,1,30,92,1062,59,21956,True,False
12041,8852,1,2026-08-04,1,30,92,1062,59,21958,True,False
12042,8853,1,2024-09-28,1,4,10,102,7,21959,True,False
12043,8854,1,2025-12-11,1,3,7,82,6,21961,True,False
12044,8854,1,2025-11-30,1,3,7,82,6,21963,True,True
12045,8855,1,2024-08-04,1,19,55,640,38,21964,True,False
12046,8855,1,2024-07-27,1,19,55,640,38,21966,True,False
12047,8856,1,2025-05-14,1,18,51,586,36,21967,True,False
12048,8856,1,2025-05-17,1,18,51,586,36,21968,True,False
12049,8856,1,2025-05-21,1,18,51,586,36,21969,True,False
12050,8857,1,2025-11-24,1,18,49,557,36,21970,True,False
12051,8858,2,2026-06-08,1,4,10,102,8,21974,True,False
12052,8859,1,2026-07-11,1,4,10,110,7,21977,True,False
12053,8859,1,2026-07-02,1,4,10,110,7,21978,True,False
12054,8859,2,2026-06-16,1,4,10,110,7,21980,True,False
12055,8860,1,2025-02-28,1,24,73,852,48,21982,True,False
12056,8861,1,2026-07-04,1,1,2,23,2,21985,True,False
12057,8862,1,2024-11-06,1,1,2,16,2,21988,True,False
12058,8863,2,2025-02-15,1,6,15,162,12,21989,True,False
12059,8863,1,2025-02-06,1,6,15,162,12,21990,True,False
12060,8863,1,2025-02-16,1,6,15,162,12,21991,True,False
12061,8863,1,2025-01-29,1,6,15,162,12,21992,True,False
12062,8864,1,2026-06-09,1,1,2,18,2,21993,True,False
12063,8864,2,2026-05-16,1,1,2,18,2,21994,True,False
12064,8864,2,2026-05-20,1,1,2,18,2,21996,True,False
12065,8865,2,2025-01-23,1,3,7,81,5,22000,True,False
12066,8868,1,2025-06-23,1,4,11,115,8,22004,True,False
12067,8869,1,2025-12-09,1,4,9,98,7,22005,True,False
12068,8869,2,2025-11-22,1,4,9,98,7,22006,True,False
12069,8870,2,2026-07-14,1,4,10,110,7,22008,True,False
12070,8871,2,2025-12-17,1,4,11,120,7,22011,True,False
12071,8871,1,2025-12-10,1,4,11,120,7,22012,True,False
12072,8872,1,2024-08-05,1,2,4,41,4,22013,True,False
12073,8872,2,2024-08-22,1,2,4,41,4,22014,True,False
12074,8873,2,2026-05-22,1,4,10,108,8,22016,True,False
12075,8873,1,2026-05-27,1,4,10,108,8,22017,True,False
12076,8873,1,2026-05-06,1,4,10,108,8,22018,True,False
12077,8873,1,2026-05-30,1,4,10,108,8,22019,True,False
12078,8875,1,2025-12-22,1,26,79,925,52,22024,True,False
12079,8876,2,2026-03-29,1,25,77,892,50,22027,True,False
12080,8877,1,2026-03-26,1,25,77,897,49,22028,True,False
12081,8877,1,2026-03-18,1,25,77,897,49,22029,True,False
12082,8877,1,2026-03-15,1,25,77,897,49,22030,True,False
12083,8878,1,2026-04-26,1,2,4,51,4,22032,True,False
12084,8878,1,2026-05-20,1,2,4,51,4,22033,True,False
12085,8879,1,2025-11-17,1,15,39,454,29,22035,True,False
12086,8880,1,2024-09-29,1,5,12,127,9,22036,True,False
12087,8880,1,2024-09-30,1,5,12,127,9,22037,True,False
12088,8881,2,2024-08-10,1,4,10,108,7,22039,True,False
12089,8882,1,2025-08-23,1,23,69,804,46,22041,True,False
12090,8882,2,2025-09-10,1,23,69,804,46,22042,True,False
12091,8883,1,2025-09-27,1,12,32,362,23,22043,True,False
12092,8885,1,2025-06-03,1,27,83,971,53,22046,True,False
12093,8886,1,2025-10-06,1,3,7,75,5,22049,True,False
12094,8886,1,2025-09-13,1,3,7,75,5,22050,True,False
12095,8887,1,2026-01-09,1,29,89,1031,58,22051,True,False
12096,8888,1,2025-05-06,1,19,55,641,38,22052,True,False
12097,8888,1,2025-04-17,1,19,55,641,38,22053,True,False
12098,8889,2,2026-05-27,1,4,9,99,7,22054,True,False
12099,8890,1,2025-10-22,1,3,6,68,6,22055,True,False
12100,8891,1,2026-04-17,1,4,10,109,8,22057,True,False
12101,8891,2,2026-04-17,1,4,10,109,8,22059,True,False
12102,8892,1,2025-12-27,1,4,11,114,7,22060,True,False
12103,8892,1,2025-12-04,1,4,11,114,7,22063,True,False
12104,8894,1,2025-06-27,1,20,58,682,39,22067,True,False
12105,8895,2,2026-06-24,1,5,14,148,9,22068,True,False
12106,8895,2,2026-07-17,1,5,14,148,9,22069,True,False
12107,8895,1,2026-07-18,1,5,14,148,9,22071,True,True
12108,8896,1,2024-11-18,1,20,59,695,39,22072,True,False
12109,8897,1,2026-05-17,1,4,11,113,7,22073,True,False
12110,8897,1,2026-06-12,1,4,11,113,7,22074,True,False
12111,8898,1,2025-03-26,1,23,67,783,45,22077,True,False
12112,8899,2,2025-12-27,1,4,11,118,8,22078,True,False
12113,8901,1,2025-10-19,1,3,5,63,5,22080,True,False
12114,8902,1,2026-02-19,1,22,65,755,43,22081,True,False
12115,8903,1,2025-06-22,1,4,10,105,7,22083,True,False
12116,8903,1,2025-06-13,1,4,10,105,7,22085,True,False
12117,8903,2,2025-06-13,1,4,10,105,7,22086,True,False
12118,8904,1,2024-11-17,1,1,2,20,1,22087,True,False
12119,8904,1,2024-10-29,1,1,2,20,1,22090,True,False
12120,8906,1,2025-12-30,1,4,9,98,7,22093,True,False
12121,8907,1,2026-07-15,1,24,73,857,47,22094,True,False
12122,8908,1,2025-12-17,1,4,11,117,7,22095,True,False
12123,8909,1,2024-12-24,1,21,61,710,41,22096,True,False
12124,8909,1,2025-01-16,1,21,61,710,41,22097,True,False
12125,8910,1,2025-10-09,1,1,1,11,1,22098,True,False
12126,8911,1,2026-07-28,1,4,10,109,8,22099,True,False
12127,8911,1,2026-07-19,1,4,10,109,8,22100,True,False
12128,8912,1,2025-06-19,1,2,3,32,3,22101,True,False
12129,8912,2,2025-06-03,1,2,3,32,3,22102,True,False
12130,8913,1,2025-02-11,1,4,10,106,7,22104,True,False
12131,8913,1,2025-02-06,1,4,10,106,7,22106,True,False
12132,8914,1,2025-11-18,1,4,9,94,8,22108,True,False
12133,8915,1,2024-12-03,1,18,51,585,36,22109,True,False
12134,8916,2,2025-02-08,1,8,21,234,15,22113,True,False
12135,8916,1,2025-02-09,1,8,21,234,15,22114,True,False
12136,8917,2,2025-01-02,1,3,6,67,5,22115,True,False
12137,8918,1,2025-03-29,1,4,9,99,7,22118,True,False
12138,8919,1,2025-01-07,1,21,61,713,41,22120,True,False
12139,8920,2,2025-04-18,1,1,1,8,2,22121,True,False
12140,8920,1,2025-04-14,1,1,1,8,2,22122,True,False
12141,8920,2,2025-05-07,1,1,1,8,2,22123,True,False
12142,8920,1,2025-05-01,1,1,1,8,2,22124,True,False
12143,8923,1,2026-06-05,1,15,39,450,29,22127,True,False
12144,8923,2,2026-06-14,1,15,39,450,29,22130,True,False
12145,8924,2,2025-07-30,1,3,5,57,5,22131,True,False
12146,8925,1,2026-03-01,1,4,10,109,7,22132,True,False
12147,8926,1,2024-08-09,1,24,71,824,47,22133,True,False
12148,8926,2,2024-08-17,1,24,71,824,47,22134,True,False
12149,8927,1,2026-06-25,1,4,9,101,8,22135,True,False
12150,8928,1,2024-08-19,1,23,69,800,46,22139,True,False
12151,8929,1,2025-12-05,1,4,11,117,7,22140,True,False
12152,8930,1,2026-05-26,1,1,1,12,2,22143,True,False
12153,8930,1,2026-06-04,1,1,1,12,2,22144,True,False
12154,8931,1,2026-07-23,1,18,50,573,35,22147,True,False
12155,8932,1,2025-04-01,1,13,34,384,26,22148,True,False
12156,8934,1,2024-11-17,1,4,11,114,7,22151,True,False
12157,8934,1,2024-11-22,1,4,11,114,7,22152,True,False
12158,8934,1,2024-11-16,1,4,11,114,7,22153,True,False
12159,8936,1,2024-10-10,1,12,32,360,24,22156,True,False
12160,8937,1,2024-09-15,1,4,9,95,8,22159,True,False
12161,8937,2,2024-10-08,1,4,9,95,8,22161,True,False
12162,8938,1,2026-06-04,1,30,91,1049,59,22164,True,False
12163,8939,1,2024-11-18,1,28,85,993,56,22165,True,False
12164,8940,2,2026-02-14,1,4,9,101,7,22166,True,False
12165,8941,1,2026-04-28,1,8,21,233,15,22168,True,False
12166,8942,1,2025-12-12,1,19,54,638,37,22169,True,False
12167,8943,2,2024-10-16,1,4,9,97,7,22170,True,False
12168,8943,2,2024-10-17,1,4,9,97,7,22171,True,False
12169,8944,1,2025-10-18,1,23,68,787,45,22174,True,False
12170,8945,2,2025-06-12,1,4,11,115,8,22175,True,False
12171,8946,1,2024-11-23,1,23,70,814,45,22177,True,False
12172,8949,2,2025-01-10,1,21,62,720,42,22180,True,False
12173,8949,2,2025-01-14,1,21,62,720,42,22181,True,False
12174,8949,1,2025-01-30,1,21,62,720,42,22182,True,False
12175,8950,1,2026-03-25,1,4,11,113,8,22184,True,False
12176,8950,1,2026-03-31,1,4,11,113,8,22185,True,False
12177,8951,2,2026-02-18,1,4,9,96,7,22187,True,False
12178,8953,1,2025-12-29,1,3,5,57,6,22189,True,False
12179,8954,2,2025-02-07,1,3,8,87,6,22190,True,False
12180,8955,1,2025-01-28,1,24,74,861,47,22191,True,False
12181,8956,1,2025-07-26,1,14,37,422,28,22198,True,False
12182,8957,1,2026-07-17,1,4,10,103,7,22199,True,False
12183,8958,1,2024-12-20,1,10,28,308,19,22200,True,False
12184,8959,1,2025-01-22,1,15,40,459,30,22202,True,False
12185,8962,1,2026-02-04,1,8,21,234,15,22208,True,False
12186,8962,2,2026-02-21,1,8,21,234,15,22209,True,False
12187,8963,1,2024-11-11,1,18,50,578,36,22210,True,False
12188,8964,1,2026-05-19,1,4,9,94,8,22213,True,False
12189,8965,2,2026-03-30,1,4,9,100,8,22214,True,False
12190,8966,1,2026-07-28,1,4,9,94,8,22215,True,False
12191,8966,1,2026-07-17,1,4,9,94,8,22216,True,False
12192,8966,1,2026-08-10,1,4,9,94,8,22217,True,False
12193,8967,1,2026-06-12,1,4,11,115,7,22218,True,False
12194,8967,1,2026-07-02,1,4,11,115,7,22220,True,False
12195,8969,1,2024-07-19,1,19,55,642,38,22222,True,False
12196,8969,1,2024-08-09,1,19,55,642,38,22224,True,False
12197,8972,1,2025-01-27,1,4,9,97,7,22230,True,False
12198,8973,1,2025-11-09,1,22,63,737,44,22234,True,False
12199,8975,1,2026-02-25,1,4,11,116,8,22237,True,False
12200,8976,1,2026-03-15,1,4,9,95,8,22241,True,False
12201,8977,1,2024-08-20,1,20,57,667,39,22243,True,False
12202,8979,1,2024-08-23,1,30,91,1052,59,22247,True,False
12203,8979,2,2024-09-05,1,30,91,1052,59,22248,True,False
12204,8979,1,2024-09-13,1,30,91,1052,59,22249,True,False
12205,8981,1,2026-04-13,1,4,10,111,7,22251,True,False
12206,8982,1,2026-01-26,1,4,10,104,8,22253,True,False
12207,8982,2,2026-02-09,1,4,10,104,8,22254,True,False
12208,8983,1,2026-06-07,1,4,10,107,8,22256,True,False
12209,8984,1,2025-04-29,1,8,21,230,15,22257,True,False
12210,8984,1,2025-05-11,1,8,21,230,15,22258,True,False
12211,8985,1,2025-10-12,1,4,10,110,8,22261,True,False
12212,8987,1,2026-02-04,1,4,10,105,7,22265,True,False
12213,8987,1,2026-02-20,1,4,10,105,7,22266,True,False
12214,8988,2,2026-03-11,1,4,9,100,8,22269,True,False
12215,8988,2,2026-03-15,1,4,9,100,8,22271,True,False
12216,8989,1,2024-12-27,1,7,19,210,14,22273,True,False
12217,8989,1,2024-12-08,1,7,19,210,14,22274,True,False
12218,8990,1,2026-02-05,1,20,60,703,39,22276,True,False
12219,8990,1,2026-02-16,1,20,60,703,39,22278,True,False
12220,8991,2,2026-02-09,1,8,21,234,15,22280,True,False
12221,8991,2,2026-02-27,1,8,21,234,15,22281,True,False
12222,8992,2,2026-03-09,1,17,45,516,34,22283,True,False
12223,8993,1,2025-02-05,1,1,2,19,2,22287,True,False
12224,8994,2,2025-12-24,1,24,72,842,47,22289,True,False
12225,8995,2,2025-10-17,1,12,31,351,24,22291,True,False
12226,8995,1,2025-10-16,1,12,31,351,24,22293,True,False
12227,8995,1,2025-10-26,1,12,31,351,24,22294,True,False
12228,8996,1,2025-01-11,1,27,82,954,53,22295,True,False
12229,8996,2,2024-12-19,1,27,82,954,53,22296,True,False
12230,8997,1,2025-09-09,1,10,28,312,19,22297,True,False
12231,8997,1,2025-08-31,1,10,28,312,19,22298,True,False
12232,8997,2,2025-08-29,1,10,28,312,19,22300,True,False
12233,8998,2,2026-06-15,1,4,11,120,7,22301,True,False
12234,8998,1,2026-06-06,1,4,11,120,7,22302,True,False
12235,8998,1,2026-06-10,1,4,11,120,7,22303,True,False
12236,8998,2,2026-06-16,1,4,11,120,7,22304,True,False
12237,8999,1,2025-02-14,1,3,5,56,6,22305,True,False
12238,8999,2,2025-02-22,1,3,5,56,6,22307,True,False
12239,9000,2,2026-02-16,1,24,73,852,47,22308,True,True
12240,9000,2,2026-02-04,1,24,73,852,47,22309,True,False
12241,9004,1,2025-02-14,1,23,66,769,46,22313,True,False
12242,9004,1,2025-03-01,1,23,66,769,46,22315,True,False
12243,9005,1,2025-05-12,1,12,32,367,23,22316,True,False
12244,9006,1,2026-06-14,1,27,82,957,54,22319,True,False
12245,9009,1,2026-07-30,1,4,9,98,7,22326,True,False
12246,9010,1,2025-09-10,1,1,2,21,2,22327,True,False
12247,9010,1,2025-09-02,1,1,2,21,2,22330,True,False
12248,9011,1,2025-10-03,1,3,7,78,5,22331,True,False
12249,9011,2,2025-10-05,1,3,7,78,5,22332,True,False
12250,9012,1,2026-01-04,1,5,12,123,9,22335,True,False
12251,9013,1,2026-01-03,1,24,71,830,47,22337,True,False
12252,9013,1,2025-12-21,1,24,71,830,47,22338,True,False
12253,9016,1,2024-09-08,1,4,9,95,7,22344,True,False
12254,9016,1,2024-09-18,1,4,9,95,7,22345,True,False
12255,9017,1,2026-04-13,1,4,10,104,7,22347,True,False
12256,9017,1,2026-04-01,1,4,10,104,7,22348,True,False
12257,9018,1,2025-03-19,1,24,74,863,47,22349,True,False
12258,9019,1,2025-02-15,1,26,79,920,51,22350,True,False
12259,9019,1,2025-01-24,1,26,79,920,51,22352,True,False
12260,9020,1,2025-03-06,1,14,37,417,27,22353,True,False
12261,9021,1,2025-12-15,1,23,67,782,46,22354,True,False
12262,9021,1,2025-12-22,1,23,67,782,46,22356,True,False
12263,9022,1,2025-06-09,1,2,4,45,4,22357,True,False
12264,9022,1,2025-06-01,1,2,4,45,4,22359,True,False
12265,9023,2,2025-05-19,1,4,9,100,7,22361,True,False
12266,9024,2,2025-02-18,1,10,28,312,20,22364,True,False
12267,9024,1,2025-02-18,1,10,28,312,20,22365,True,False
12268,9024,1,2025-03-03,1,10,28,312,20,22366,True,False
12269,9024,1,2025-02-06,1,10,28,312,20,22367,True,False
12270,9025,1,2025-11-21,1,6,16,172,12,22370,True,False
12271,9026,1,2025-01-03,1,12,31,350,23,22372,True,False
12272,9028,1,2025-10-21,1,24,72,839,48,22374,True,False
12273,9028,1,2025-10-04,1,24,72,839,48,22375,True,False
12274,9029,1,2026-07-26,1,29,90,1038,57,22378,True,False
12275,9029,2,2026-07-14,1,29,90,1038,57,22379,True,False
12276,9029,2,2026-07-18,1,29,90,1038,57,22380,True,False
12277,9030,1,2026-02-07,1,4,9,99,7,22382,True,False
12278,9030,1,2026-02-17,1,4,9,99,7,22384,True,False
12279,9032,1,2026-03-22,1,4,10,110,7,22386,True,False
12280,9032,1,2026-02-24,1,4,10,110,7,22387,True,False
12281,9033,1,2025-06-18,1,26,80,930,51,22389,True,False
12282,9033,1,2025-07-03,1,26,80,930,51,22390,True,False
12283,9034,1,2025-10-21,1,21,61,711,41,22392,True,False
12284,9034,1,2025-10-19,1,21,61,711,41,22393,True,False
12285,9035,1,2024-08-18,1,4,11,120,8,22395,True,False
12286,9035,1,2024-08-10,1,4,11,120,8,22396,True,False
12287,9036,1,2026-04-12,1,4,9,95,7,22397,True,False
12288,9037,2,2026-06-18,1,4,11,116,7,22398,True,False
12289,9037,2,2026-06-25,1,4,11,116,7,22399,True,False
12290,9037,1,2026-06-07,1,4,11,116,7,22400,True,False
12291,9037,1,2026-06-06,1,4,11,116,7,22401,True,False
12292,9038,1,2025-09-26,1,15,39,449,30,22402,True,False
12293,9039,1,2024-08-09,1,14,37,420,27,22403,True,False
12294,9039,1,2024-08-09,1,14,37,420,27,22404,True,False
12295,9039,1,2024-09-04,1,14,37,420,27,22406,True,False
12296,9040,1,2026-05-17,1,14,38,437,27,22407,True,False
12297,9040,1,2026-04-28,1,14,38,437,27,22408,True,False
12298,9040,1,2026-05-02,1,14,38,437,27,22409,True,False
12299,9040,2,2026-05-12,1,14,38,437,27,22410,True,False
12300,9041,2,2025-12-26,1,27,83,966,53,22412,True,False
12301,9041,1,2026-01-04,1,27,83,966,53,22413,True,False
12302,9042,2,2025-09-05,1,23,69,798,46,22414,True,False
12303,9043,2,2024-08-22,1,1,1,3,2,22416,True,False
12304,9044,1,2025-04-28,1,19,56,654,37,22418,True,False
12305,9044,1,2025-05-12,1,19,56,654,37,22419,True,False
12306,9044,2,2025-05-17,1,19,56,654,37,22420,True,False
12307,9044,2,2025-05-15,1,19,56,654,37,22421,True,False
12308,9046,1,2024-10-10,1,13,35,398,25,22424,True,False
12309,9046,1,2024-10-09,1,13,35,398,25,22425,True,False
12310,9047,1,2025-10-16,1,21,61,710,42,22426,True,False
12311,9047,2,2025-10-11,1,21,61,710,42,22428,True,False
12312,9048,1,2026-03-13,1,17,45,517,33,22431,True,False
12313,9048,1,2026-03-15,1,17,45,517,33,22432,True,False
12314,9050,2,2025-08-23,1,19,54,636,38,22434,True,False
12315,9050,1,2025-08-11,1,19,54,636,38,22435,True,False
12316,9050,2,2025-08-10,1,19,54,636,38,22436,True,False
12317,9051,1,2025-08-30,1,4,10,109,7,22438,True,False
12318,9052,1,2026-02-25,1,26,79,921,51,22439,True,False
12319,9052,1,2026-03-19,1,26,79,921,51,22441,True,False
12320,9053,1,2025-03-29,1,8,21,230,15,22443,True,False
12321,9053,1,2025-04-22,1,8,21,230,15,22446,True,False
12322,9055,1,2024-08-02,1,15,39,451,29,22450,True,False
12323,9055,2,2024-07-30,1,15,39,451,29,22453,True,False
12324,9056,1,2025-09-19,1,8,21,237,15,22454,True,True
12325,9056,2,2025-09-21,1,8,21,237,15,22457,True,False
12326,9057,1,2026-06-21,1,4,11,112,8,22458,True,True
12327,9059,1,2025-12-22,1,4,9,93,8,22461,True,False
12328,9059,1,2026-01-19,1,4,9,93,8,22462,True,False
12329,9061,1,2025-09-26,1,24,74,861,48,22465,True,False
12330,9063,2,2026-05-08,1,3,8,86,5,22467,True,False
12331,9063,1,2026-06-01,1,3,8,86,5,22469,True,False
12332,9063,1,2026-05-11,1,3,8,86,5,22470,True,False
12333,9064,1,2026-06-22,1,22,64,748,44,22471,True,False
12334,9064,1,2026-07-02,1,22,64,748,44,22472,True,False
12335,9064,1,2026-07-11,1,22,64,748,44,22473,True,False
12336,9064,1,2026-06-23,1,22,64,748,44,22474,True,False
12337,9066,1,2025-03-21,1,4,11,113,7,22477,True,False
12338,9067,1,2024-11-07,1,21,62,718,41,22478,True,False
12339,9067,1,2024-12-03,1,21,62,718,41,22479,True,False
12340,9069,1,2024-08-31,1,17,48,545,34,22482,True,False
12341,9070,1,2025-02-05,1,3,6,66,5,22485,True,False
12342,9071,1,2026-01-06,1,4,10,104,7,22486,True,False
12343,9071,1,2025-12-27,1,4,10,104,7,22487,True,False
12344,9072,1,2026-03-16,1,22,65,760,44,22489,True,False
12345,9072,1,2026-03-06,1,22,65,760,44,22490,True,False
12346,9072,1,2026-03-23,1,22,65,760,44,22491,True,False
12347,9073,1,2026-05-16,1,4,9,97,8,22492,True,False
12348,9073,1,2026-05-15,1,4,9,97,8,22494,True,False
12349,9075,2,2025-05-03,1,1,1,10,2,22496,True,False
12350,9076,1,2026-04-29,1,4,9,93,8,22500,True,False
12351,9078,1,2024-12-25,1,7,18,200,14,22503,True,False
12352,9079,2,2026-04-06,1,17,48,546,34,22504,True,False
12353,9079,1,2026-03-24,1,17,48,546,34,22505,True,False
12354,9080,1,2025-02-19,1,3,6,73,6,22506,True,False
12355,9080,1,2025-03-01,1,3,6,73,6,22507,True,False
12356,9080,1,2025-02-11,1,3,6,73,6,22508,True,False
12357,9080,2,2025-02-11,1,3,6,73,6,22509,True,False
12358,9081,1,2026-06-18,1,4,10,102,7,22510,True,False
12359,9081,2,2026-06-11,1,4,10,102,7,22511,True,False
12360,9082,1,2026-05-31,1,3,6,73,5,22512,True,False
12361,9082,1,2026-05-17,1,3,6,73,5,22513,True,False
12362,9084,1,2025-11-27,1,4,9,98,7,22519,True,False
12363,9085,1,2026-01-30,1,10,28,311,20,22521,True,False
12364,9089,1,2025-07-13,1,16,43,503,32,22530,True,False
12365,9090,1,2025-09-22,1,19,56,657,37,22532,True,False
12366,9090,1,2025-09-12,1,19,56,657,37,22533,True,False
12367,9091,1,2026-04-10,1,4,9,96,8,22535,True,False
12368,9091,1,2026-04-02,1,4,9,96,8,22536,True,False
12369,9091,1,2026-03-24,1,4,9,96,8,22537,True,False
12370,9093,1,2025-07-10,1,3,5,61,6,22541,True,False
12371,9094,2,2026-02-25,1,7,18,195,14,22543,True,False
12372,9094,1,2026-02-23,1,7,18,195,14,22544,True,False
12373,9095,1,2025-11-16,1,10,28,311,19,22546,True,False
12374,9095,1,2025-11-19,1,10,28,311,19,22548,True,False
12375,9097,1,2025-03-30,1,13,33,376,26,22552,True,False
12376,9098,1,2024-11-24,1,5,12,129,9,22553,True,False
12377,9099,2,2025-06-21,1,4,11,117,7,22556,True,False
12378,9100,1,2026-06-16,1,8,20,228,15,22557,True,False
12379,9100,2,2026-06-11,1,8,20,228,15,22558,True,False
12380,9101,2,2024-12-09,1,1,1,4,2,22561,True,False
12381,9101,2,2024-12-04,1,1,1,4,2,22562,True,False
12382,9102,1,2025-08-06,1,16,41,470,32,22564,True,False
12383,9103,1,2025-01-16,1,22,63,731,43,22566,True,False
12384,9103,1,2024-12-23,1,22,63,731,43,22568,True,False
12385,9104,1,2026-02-26,1,4,10,111,7,22570,True,False
12386,9104,1,2026-03-09,1,4,10,111,7,22571,True,False
12387,9104,1,2026-02-18,1,4,10,111,7,22572,True,False
12388,9105,1,2026-05-09,1,28,88,1022,55,22573,True,False
12389,9105,1,2026-04-27,1,28,88,1022,55,22574,True,True
12390,9106,1,2025-06-11,1,4,10,103,7,22576,True,False
12391,9106,1,2025-06-12,1,4,10,103,7,22577,True,False
12392,9106,1,2025-06-04,1,4,10,103,7,22578,True,False
12393,9107,1,2026-07-13,1,22,63,729,43,22580,True,False
12394,9107,2,2026-06-29,1,22,63,729,43,22581,True,False
12395,9107,1,2026-07-22,1,22,63,729,43,22583,True,False
12396,9108,1,2026-07-12,1,4,9,95,7,22585,True,False
12397,9109,1,2025-06-11,1,4,10,104,8,22589,True,False
12398,9110,1,2025-09-05,1,7,19,207,13,22590,True,False
12399,9111,1,2026-04-07,1,4,10,104,8,22591,True,False
12400,9112,1,2026-05-24,1,4,11,113,7,22593,True,False
12401,9113,1,2025-07-28,1,13,33,377,25,22596,True,False
12402,9114,1,2024-08-19,1,4,9,93,7,22598,True,False
12403,9114,1,2024-08-05,1,4,9,93,7,22601,True,False
12404,9115,1,2025-10-04,1,6,16,176,12,22603,True,False
12405,9116,1,2024-10-01,1,4,9,99,8,22605,True,False
12406,9116,1,2024-10-03,1,4,9,99,8,22606,True,False
12407,9116,2,2024-09-29,1,4,9,99,8,22607,True,False
12408,9116,1,2024-09-14,1,4,9,99,8,22608,True,False
12409,9117,1,2026-07-21,1,4,10,104,8,22610,True,True
12410,9118,1,2025-03-22,1,12,31,348,23,22611,True,False
12411,9120,1,2026-04-24,1,4,10,104,8,22613,True,False
12412,9120,1,2026-04-11,1,4,10,104,8,22614,True,False
12413,9120,1,2026-04-19,1,4,10,104,8,22615,True,False
12414,9123,1,2025-02-14,1,8,21,231,15,22619,True,False
12415,9123,1,2025-02-09,1,8,21,231,15,22621,True,False
12416,9124,2,2024-08-16,1,14,38,436,27,22623,True,False
12417,9124,1,2024-08-07,1,14,38,436,27,22624,True,False
12418,9125,1,2025-11-20,1,3,5,60,5,22626,True,False
12419,9126,1,2024-12-17,1,14,38,438,28,22629,True,False
12420,9126,1,2024-12-01,1,14,38,438,28,22630,True,False
12421,9126,1,2024-12-12,1,14,38,438,28,22631,True,False
12422,9127,1,2025-03-31,1,20,59,688,40,22634,True,True
12423,9127,1,2025-03-12,1,20,59,688,40,22635,True,False
12424,9128,1,2025-03-11,1,5,13,134,9,22636,True,False
12425,9130,2,2026-06-18,1,25,78,905,50,22638,True,False
12426,9130,1,2026-06-29,1,25,78,905,50,22639,True,False
12427,9130,1,2026-06-09,1,25,78,905,50,22640,True,False
12428,9132,1,2025-09-24,1,6,16,175,12,22642,True,False
12429,9132,1,2025-10-11,1,6,16,175,12,22643,True,False
12430,9133,1,2026-04-12,1,16,42,492,31,22646,True,False
12431,9133,1,2026-04-09,1,16,42,492,31,22647,True,False
12432,9135,1,2025-02-22,1,25,75,877,50,22650,True,False
12433,9135,1,2025-03-18,1,25,75,877,50,22651,True,False
12434,9136,1,2024-11-11,1,6,17,187,12,22653,True,False
12435,9137,1,2026-06-14,1,18,51,585,35,22654,True,False
12436,9137,1,2026-05-27,1,18,51,585,35,22657,True,False
12437,9138,1,2025-06-20,1,1,2,28,1,22659,True,False
12438,9139,1,2025-06-06,1,22,64,740,44,22661,True,False
12439,9140,2,2026-06-30,1,4,11,113,8,22663,True,False
12440,9141,2,2026-03-27,1,16,43,495,32,22665,True,False
12441,9141,1,2026-03-30,1,16,43,495,32,22666,True,False
12442,9141,2,2026-03-21,1,16,43,495,32,22667,True,False
12443,9143,1,2026-02-19,1,14,38,435,27,22671,True,False
12444,9144,1,2025-03-29,1,22,63,731,44,22672,True,False
12445,9145,1,2026-02-23,1,4,11,117,7,22675,True,False
12446,9146,1,2024-10-09,1,4,10,104,7,22677,True,False
12447,9147,1,2026-05-22,1,8,21,232,16,22679,True,False
12448,9150,1,2026-07-10,1,4,9,94,8,22687,True,False
12449,9150,1,2026-07-08,1,4,9,94,8,22689,True,False
12450,9151,1,2025-01-07,1,7,18,198,13,22691,True,False
12451,9151,1,2025-01-26,1,7,18,198,13,22692,True,False
12452,9152,2,2024-10-08,1,4,10,102,7,22693,True,False
12453,9153,1,2024-09-11,1,15,40,466,29,22694,True,False
12454,9154,2,2025-09-25,1,11,29,329,22,22695,True,False
12455,9154,1,2025-09-03,1,11,29,329,22,22696,True,False
12456,9155,1,2026-04-12,1,24,72,837,47,22697,True,False
12457,9156,1,2026-06-25,1,4,10,107,8,22701,True,False
12458,9156,2,2026-06-11,1,4,10,107,8,22702,True,False
12459,9157,1,2026-03-26,1,18,49,560,35,22704,True,False
12460,9157,1,2026-03-02,1,18,49,560,35,22705,True,False
12461,9158,1,2025-10-13,1,18,50,581,35,22708,True,False
12462,9158,1,2025-10-08,1,18,50,581,35,22710,True,False
12463,9159,1,2024-08-08,1,4,11,115,7,22711,True,False
12464,9160,2,2025-04-15,1,2,4,41,4,22712,True,False
12465,9160,1,2025-04-30,1,2,4,41,4,22713,True,False
12466,9161,1,2026-07-03,1,10,28,315,20,22714,True,False
12467,9161,1,2026-06-03,1,10,28,315,20,22715,True,False
12468,9162,1,2025-04-04,1,18,50,584,36,22717,True,False
12469,9163,1,2026-01-25,1,4,10,103,7,22720,True,False
12470,9163,1,2026-02-15,1,4,10,103,7,22721,True,False
12471,9164,2,2026-07-01,1,10,28,318,19,22723,True,False
12472,9164,1,2026-06-28,1,10,28,318,19,22724,True,False
12473,9165,1,2024-09-23,1,10,28,309,19,22725,True,False
12474,9166,2,2024-10-16,1,4,9,94,8,22726,True,False
12475,9166,1,2024-10-31,1,4,9,94,8,22728,True,False
12476,9167,1,2026-07-30,1,1,2,27,2,22731,True,False
12477,9167,1,2026-07-21,1,1,2,27,2,22732,True,True
12478,9169,1,2025-03-14,1,4,10,106,8,22735,True,False
12479,9169,1,2025-03-16,1,4,10,106,8,22736,True,False
12480,9169,1,2025-03-24,1,4,10,106,8,22737,True,False
12481,9170,1,2025-08-26,1,1,2,24,2,22738,True,False
12482,9170,1,2025-08-26,1,1,2,24,2,22739,True,False
12483,9171,1,2025-07-27,1,4,11,115,7,22740,True,False
12484,9172,1,2025-09-11,1,19,56,656,38,22741,True,False
12485,9173,2,2025-02-24,1,27,83,965,53,22743,True,False
12486,9173,1,2025-03-08,1,27,83,965,53,22744,True,False
12487,9174,1,2026-01-08,1,25,78,910,49,22746,True,False
12488,9175,1,2025-11-01,1,30,92,1070,59,22747,True,False
12489,9177,1,2026-05-28,1,4,10,103,8,22749,True,False
12490,9177,1,2026-06-13,1,4,10,103,8,22750,True,False
12491,9178,1,2024-09-13,1,30,91,1051,59,22752,True,False
12492,9179,2,2025-10-26,1,4,11,119,8,22754,True,False
12493,9179,2,2025-10-19,1,4,11,119,8,22755,True,False
12494,9179,1,2025-10-29,1,4,11,119,8,22756,True,False
12495,9179,2,2025-11-10,1,4,11,119,8,22757,True,False
12496,9180,1,2024-11-17,1,4,11,114,8,22758,True,False
12497,9180,1,2024-11-30,1,4,11,114,8,22759,True,False
12498,9180,1,2024-11-16,1,4,11,114,8,22760,True,False
12499,9182,1,2026-05-26,1,4,10,109,8,22764,True,False
12500,9182,1,2026-05-20,1,4,10,109,8,22765,True,False
12501,9183,1,2025-06-18,1,21,61,713,42,22768,True,False
12502,9183,1,2025-06-12,1,21,61,713,42,22769,True,False
12503,9184,1,2025-01-30,1,8,21,236,15,22771,True,False
12504,9184,2,2025-01-26,1,8,21,236,15,22773,True,False
12505,9185,1,2025-10-12,1,1,1,12,2,22774,True,False
12506,9186,1,2026-06-11,1,3,8,92,5,22779,True,False
12507,9186,2,2026-05-18,1,3,8,92,5,22780,True,False
12508,9188,1,2026-04-02,1,4,10,104,7,22782,True,False
12509,9189,2,2025-08-28,1,4,9,101,8,22783,True,False
12510,9191,1,2025-01-24,1,9,26,292,18,22788,True,False
12511,9193,1,2024-12-31,1,27,83,968,53,22791,True,False
12512,9194,2,2026-08-01,1,4,10,103,7,22792,True,False
12513,9194,1,2026-07-18,1,4,10,103,7,22793,True,False
12514,9194,1,2026-07-26,1,4,10,103,7,22794,True,False
12515,9194,2,2026-07-19,1,4,10,103,7,22795,True,False
12516,9195,2,2026-04-25,1,14,38,438,27,22799,True,False
12517,9197,1,2025-05-05,1,1,1,8,1,22803,True,False
12518,9198,1,2026-06-01,1,22,65,757,44,22806,True,True
12519,9199,1,2025-03-11,1,12,32,365,23,22807,True,False
12520,9199,1,2025-02-27,1,12,32,365,23,22808,True,False
12521,9200,1,2024-09-06,1,4,10,110,8,22811,True,False
12522,9200,1,2024-09-02,1,4,10,110,8,22812,True,False
12523,9201,1,2025-09-14,1,18,49,562,35,22814,True,False
12524,9201,1,2025-09-21,1,18,49,562,35,22815,True,False
12525,9201,1,2025-09-01,1,18,49,562,35,22816,True,False
12526,9202,1,2025-05-04,1,5,13,140,10,22818,True,False
12527,9203,2,2026-04-06,1,4,10,106,7,22819,True,False
12528,9203,1,2026-03-12,1,4,10,106,7,22820,True,False
12529,9205,2,2026-06-25,1,1,2,19,1,22825,True,False
12530,9205,2,2026-06-20,1,1,2,19,1,22826,True,False
12531,9206,1,2025-08-08,1,4,10,102,7,22827,True,False
12532,9206,1,2025-07-30,1,4,10,102,7,22828,True,False
12533,9206,1,2025-08-20,1,4,10,102,7,22829,True,False
12534,9207,1,2025-11-17,1,7,18,200,13,22830,True,False
12535,9207,1,2025-11-12,1,7,18,200,13,22831,True,False
12536,9208,2,2024-07-21,1,12,32,364,24,22833,True,False
12537,9208,1,2024-08-11,1,12,32,364,24,22834,True,False
12538,9208,1,2024-08-05,1,12,32,364,24,22835,True,False
12539,9210,2,2025-01-01,1,23,69,798,45,22837,True,False
12540,9210,2,2025-01-09,1,23,69,798,45,22839,True,False
12541,9211,2,2024-12-31,1,8,21,235,16,22840,True,False
12542,9211,1,2024-12-21,1,8,21,235,16,22841,True,False
12543,9211,2,2024-12-31,1,8,21,235,16,22842,True,False
12544,9212,2,2025-06-27,1,14,38,441,27,22844,True,False
12545,9214,1,2025-02-15,1,8,20,218,16,22848,True,False
12546,9214,2,2025-01-23,1,8,20,218,16,22849,True,False
12547,9214,1,2025-02-22,1,8,20,218,16,22850,True,True
12548,9215,1,2025-03-02,1,25,78,906,50,22851,True,False
12549,9215,1,2025-03-02,1,25,78,906,50,22852,True,False
12550,9216,2,2025-02-19,1,29,89,1034,58,22853,True,False
12551,9217,1,2025-03-24,1,4,11,115,7,22854,True,False
12552,9218,1,2026-07-25,1,3,7,79,5,22857,True,False
12553,9218,2,2026-07-08,1,3,7,79,5,22858,True,False
12554,9218,1,2026-07-19,1,3,7,79,5,22859,True,False
12555,9219,2,2025-03-03,1,17,44,514,33,22860,True,False
12556,9221,1,2025-06-08,1,4,10,108,8,22865,True,False
12557,9223,1,2025-07-09,1,3,6,74,5,22868,True,False
12558,9223,1,2025-07-03,1,3,6,74,5,22869,True,False
12559,9224,1,2025-05-21,1,27,82,954,54,22870,True,False
12560,9225,2,2025-03-10,1,5,14,144,9,22872,True,False
12561,9225,1,2025-03-22,1,5,14,144,9,22873,True,False
12562,9225,1,2025-03-02,1,5,14,144,9,22874,True,False
12563,9226,1,2025-07-26,1,17,46,527,34,22875,True,False
12564,9226,1,2025-08-10,1,17,46,527,34,22877,True,False
12565,9227,1,2025-06-07,1,3,8,84,6,22881,True,False
12566,9228,1,2026-05-15,1,10,28,318,19,22886,True,False
12567,9229,1,2026-05-10,1,7,18,205,14,22887,True,False
12568,9229,1,2026-05-17,1,7,18,205,14,22889,True,False
12569,9230,1,2025-11-14,1,4,11,119,7,22892,True,False
12570,9231,1,2025-04-16,1,3,6,67,5,22894,True,True
12571,9233,1,2025-04-06,1,27,84,973,54,22897,True,False
12572,9233,1,2025-04-18,1,27,84,973,54,22898,True,False
12573,9234,1,2025-12-17,1,4,11,118,7,22899,True,False
12574,9234,1,2025-12-28,1,4,11,118,7,22901,True,False
12575,9235,1,2024-12-03,1,23,68,790,46,22903,True,False
12576,9236,1,2026-04-09,1,4,10,108,7,22906,True,False
12577,9236,1,2026-04-08,1,4,10,108,7,22907,True,False
12578,9239,1,2024-09-09,1,1,2,21,1,22915,True,False
12579,9240,1,2025-01-20,1,25,75,868,50,22916,True,False
12580,9240,2,2025-01-10,1,25,75,868,50,22917,True,False
12581,9241,1,2025-07-08,1,18,50,582,36,22918,True,False
12582,9242,1,2025-05-18,1,3,5,63,6,22919,True,False
12583,9243,2,2026-07-04,1,4,9,96,8,22921,True,False
12584,9243,2,2026-07-26,1,4,9,96,8,22922,True,False
12585,9244,1,2025-02-17,1,27,83,972,53,22924,True,False
12586,9245,1,2025-11-13,1,24,72,837,47,22927,True,False
12587,9245,1,2025-11-14,1,24,72,837,47,22928,True,False
12588,9245,2,2025-11-13,1,24,72,837,47,22930,True,False
12589,9246,1,2024-10-30,1,14,36,407,27,22931,True,False
12590,9247,1,2024-09-14,1,23,66,764,46,22933,True,False
12591,9248,2,2024-11-18,1,4,11,114,7,22936,True,False
12592,9249,1,2024-09-22,1,5,13,134,9,22937,True,False
12593,9249,1,2024-09-18,1,5,13,134,9,22939,True,False
12594,9249,1,2024-09-11,1,5,13,134,9,22940,True,False
12595,9250,1,2025-11-28,1,24,74,861,47,22942,True,False
12596,9251,1,2026-06-02,1,4,9,98,7,22945,True,False
12597,9251,1,2026-05-21,1,4,9,98,7,22947,True,False
12598,9253,1,2025-08-10,1,21,62,724,42,22951,True,True
12599,9253,1,2025-08-08,1,21,62,724,42,22952,True,False
12600,9254,1,2025-11-28,1,10,28,305,20,22954,True,False
12601,9254,2,2025-12-02,1,10,28,305,20,22956,True,False
12602,9255,1,2026-07-13,1,4,10,110,8,22957,True,False
12603,9255,2,2026-07-07,1,4,10,110,8,22958,True,False
12604,9255,1,2026-07-19,1,4,10,110,8,22959,True,False
12605,9255,1,2026-07-15,1,4,10,110,8,22960,True,False
12606,9256,1,2024-10-12,1,28,87,1011,55,22961,True,False
12607,9256,1,2024-10-17,1,28,87,1011,55,22964,True,False
12608,9257,2,2025-12-01,1,4,10,111,7,22965,True,False
12609,9257,2,2025-11-23,1,4,10,111,7,22967,True,False
12610,9258,2,2025-05-15,1,1,2,22,2,22970,True,False
12611,9258,2,2025-05-12,1,1,2,22,2,22971,True,False
12612,9260,2,2024-08-17,1,26,80,937,52,22976,True,False
12613,9260,1,2024-08-23,1,26,80,937,52,22977,True,False
12614,9262,2,2025-11-30,1,1,2,28,2,22983,True,False
12615,9262,2,2025-11-28,1,1,2,28,2,22984,True,False
12616,9263,1,2026-04-14,1,22,63,734,43,22987,True,False
12617,9263,2,2026-04-03,1,22,63,734,43,22989,True,False
12618,9264,1,2026-07-04,1,4,10,111,7,22990,True,False
12619,9265,1,2025-07-12,1,10,27,300,20,22991,True,False
12620,9267,2,2026-03-26,1,4,10,104,8,22996,True,False
12621,9267,2,2026-03-31,1,4,10,104,8,22997,True,False
12622,9267,1,2026-03-01,1,4,10,104,8,22998,True,False
12623,9268,1,2025-03-01,1,3,7,81,6,22999,True,False
12624,9269,1,2026-01-13,1,17,46,530,34,23001,True,False
12625,9269,1,2026-01-15,1,17,46,530,34,23004,True,False
12626,9270,1,2026-01-04,1,22,65,761,44,23005,True,False
12627,9271,1,2025-06-13,1,23,70,821,45,23006,True,False
12628,9272,1,2025-03-21,1,1,2,15,2,23008,True,False
12629,9272,2,2025-03-24,1,1,2,15,2,23009,True,False
12630,9273,1,2025-07-21,1,3,6,65,5,23012,True,False
12631,9273,1,2025-07-19,1,3,6,65,5,23013,True,False
12632,9274,1,2024-10-31,1,14,38,442,28,23014,True,False
12633,9274,1,2024-11-19,1,14,38,442,28,23015,True,False
12634,9274,1,2024-11-26,1,14,38,442,28,23016,True,True
12635,9275,2,2026-04-02,1,4,11,119,7,23017,True,False
12636,9275,1,2026-03-26,1,4,11,119,7,23018,True,False
12637,9276,1,2026-04-06,1,14,38,442,27,23020,True,False
12638,9277,1,2026-02-14,1,29,90,1048,58,23021,True,False
12639,9277,1,2026-01-21,1,29,90,1048,58,23023,True,False
12640,9278,1,2024-10-12,1,11,30,344,22,23026,True,False
12641,9278,1,2024-10-15,1,11,30,344,22,23027,True,False
12642,9278,1,2024-10-20,1,11,30,344,22,23028,True,False
12643,9279,1,2026-01-15,1,24,73,851,47,23030,True,False
12644,9280,1,2026-04-10,1,12,31,352,24,23033,True,False
12645,9282,1,2024-12-13,1,30,91,1057,59,23038,True,False
12646,9282,1,2024-12-22,1,30,91,1057,59,23039,True,False
12647,9283,1,2026-06-11,1,4,11,119,7,23040,True,False
12648,9284,1,2026-04-04,1,4,11,117,7,23041,True,False
12649,9284,1,2026-03-16,1,4,11,117,7,23042,True,False
12650,9285,1,2024-10-11,1,20,58,682,40,23044,True,False
12651,9286,1,2026-05-03,1,15,39,452,29,23045,True,False
12652,9287,1,2026-06-02,1,4,9,94,7,23046,True,False
12653,9287,1,2026-06-04,1,4,9,94,7,23047,True,False
12654,9287,1,2026-06-15,1,4,9,94,7,23048,True,False
12655,9288,1,2025-07-15,1,28,87,1012,55,23049,True,False
12656,9289,1,2026-03-09,1,19,55,641,38,23053,True,False
12657,9289,1,2026-04-01,1,19,55,641,38,23054,True,False
12658,9289,1,2026-03-13,1,19,55,641,38,23055,True,False
12659,9290,1,2025-01-04,1,12,31,354,23,23056,True,False
12660,9291,1,2026-05-26,1,4,9,93,8,23058,True,False
12661,9291,2,2026-05-25,1,4,9,93,8,23060,True,False
12662,9292,1,2025-04-23,1,20,60,705,39,23063,True,False
12663,9293,1,2026-05-24,1,4,9,100,7,23064,True,False
12664,9294,1,2024-11-18,1,3,6,64,6,23065,True,False
12665,9294,1,2024-11-15,1,3,6,64,6,23066,True,False
12666,9295,1,2025-04-12,1,4,10,103,8,23069,True,False
12667,9296,1,2026-06-11,1,3,7,80,5,23072,True,False
12668,9296,1,2026-06-13,1,3,7,80,5,23073,True,False
12669,9297,1,2026-03-13,1,4,9,98,7,23075,True,False
12670,9297,1,2026-03-08,1,4,9,98,7,23076,True,False
12671,9297,1,2026-03-18,1,4,9,98,7,23077,True,False
12672,9298,2,2025-11-07,1,21,62,719,41,23078,True,False
12673,9298,1,2025-11-08,1,21,62,719,41,23079,True,False
12674,9299,1,2025-11-21,1,16,41,471,31,23081,True,False
12675,9299,1,2025-11-09,1,16,41,471,31,23082,True,False
12676,9300,1,2025-06-02,1,11,30,346,21,23083,True,False
12677,9300,1,2025-06-03,1,11,30,346,21,23084,True,False
12678,9301,1,2025-07-23,1,6,15,164,12,23086,True,False
12679,9301,1,2025-07-22,1,6,15,164,12,23088,True,False
12680,9302,2,2025-12-01,1,30,92,1060,60,23091,True,False
12681,9303,2,2026-06-27,1,28,88,1027,55,23092,True,False
12682,9304,2,2024-07-22,1,26,80,938,51,23093,True,False
12683,9305,2,2025-03-22,1,3,7,80,5,23094,True,False
12684,9305,1,2025-04-10,1,3,7,80,5,23097,True,False
12685,9306,1,2026-03-29,1,4,11,112,8,23099,True,False
12686,9306,1,2026-03-25,1,4,11,112,8,23100,True,False
12687,9307,2,2026-08-03,1,13,33,368,26,23101,True,False
12688,9307,1,2026-07-18,1,13,33,368,26,23102,True,False
12689,9308,1,2025-05-19,1,24,72,837,47,23104,True,False
12690,9309,1,2025-12-08,1,24,71,831,48,23106,True,False
12691,9310,1,2025-07-17,1,1,1,11,2,23107,True,False
12692,9310,2,2025-06-27,1,1,1,11,2,23108,True,False
12693,9311,1,2025-08-12,1,27,84,979,53,23110,True,False
12694,9311,2,2025-08-17,1,27,84,979,53,23111,True,False
12695,9311,1,2025-08-29,1,27,84,979,53,23112,True,False
12696,9312,1,2026-06-26,1,5,12,131,10,23114,True,True
12697,9313,1,2026-06-21,1,8,21,237,16,23117,True,False
12698,9314,1,2026-02-26,1,4,9,101,7,23118,True,False
12699,9316,1,2024-12-29,1,18,50,583,35,23124,True,False
12700,9317,1,2025-06-29,1,4,11,116,8,23125,True,False
12701,9318,1,2025-05-06,1,4,10,110,8,23126,True,False
12702,9319,1,2025-09-11,1,4,10,107,7,23129,True,False
12703,9320,1,2026-01-02,1,21,62,718,41,23130,True,False
12704,9320,1,2026-01-02,1,21,62,718,41,23131,True,False
12705,9321,1,2025-08-12,1,25,75,868,50,23133,True,False
12706,9321,1,2025-08-22,1,25,75,868,50,23134,True,False
12707,9321,1,2025-08-24,1,25,75,868,50,23135,True,False
12708,9321,1,2025-08-19,1,25,75,868,50,23136,True,False
12709,9324,1,2025-09-29,1,11,29,323,21,23141,True,False
12710,9324,1,2025-09-27,1,11,29,323,21,23142,True,False
12711,9325,1,2025-09-02,1,17,45,521,34,23143,True,False
12712,9325,1,2025-08-17,1,17,45,521,34,23144,True,False
12713,9326,1,2024-11-18,1,10,28,313,19,23146,True,False
12714,9326,2,2024-12-09,1,10,28,313,19,23148,True,False
12715,9327,1,2024-10-28,1,4,11,114,7,23150,True,False
12716,9328,1,2025-02-19,1,4,11,118,8,23152,True,False
12717,9328,2,2025-02-18,1,4,11,118,8,23153,True,False
12718,9329,1,2026-03-08,1,4,11,120,7,23155,True,False
12719,9330,1,2026-01-11,1,4,10,111,8,23159,True,False
12720,9331,1,2025-01-18,1,4,10,105,8,23162,True,False
12721,9331,1,2025-01-27,1,4,10,105,8,23165,True,False
12722,9332,1,2025-12-06,1,4,11,117,7,23167,True,False
12723,9333,1,2026-05-28,1,17,48,550,33,23169,True,False
12724,9334,2,2025-04-16,1,1,1,6,2,23170,True,False
12725,9335,1,2025-02-13,1,4,11,112,8,23171,True,False
12726,9336,1,2025-06-30,1,11,29,330,22,23174,True,False
12727,9337,1,2026-01-23,1,4,9,99,7,23177,True,False
12728,9337,1,2026-01-24,1,4,9,99,7,23179,True,False
12729,9338,1,2025-10-14,1,28,87,1012,56,23181,True,False
12730,9339,1,2024-09-21,1,4,11,120,7,23183,True,False
12731,9339,1,2024-09-17,1,4,11,120,7,23185,True,False
12732,9339,2,2024-09-10,1,4,11,120,7,23186,True,False
12733,9340,1,2024-12-02,1,7,18,199,13,23187,True,False
12734,9341,1,2024-12-13,1,8,21,233,15,23189,True,False
12735,9341,1,2024-12-14,1,8,21,233,15,23190,True,False
12736,9342,1,2026-02-27,1,4,10,108,7,23191,True,False
12737,9343,1,2026-07-21,1,15,40,458,30,23193,True,False
12738,9343,1,2026-07-11,1,15,40,458,30,23194,True,False
12739,9343,1,2026-07-07,1,15,40,458,30,23195,True,False
12740,9344,1,2024-09-21,1,6,16,170,11,23196,True,False
12741,9344,1,2024-09-13,1,6,16,170,11,23197,True,False
12742,9344,1,2024-09-12,1,6,16,170,11,23198,True,False
12743,9344,1,2024-09-26,1,6,16,170,11,23199,True,False
12744,9345,1,2024-08-06,1,11,30,336,22,23200,True,False
12745,9345,1,2024-08-14,1,11,30,336,22,23201,True,False
12746,9346,1,2025-03-20,1,18,49,560,35,23205,True,False
12747,9347,1,2026-01-02,1,24,72,836,47,23206,True,False
12748,9348,1,2025-06-19,1,29,90,1040,58,23207,True,False
12749,9351,1,2025-07-10,1,3,6,69,5,23212,True,False
12750,9352,1,2026-06-09,1,4,11,112,8,23215,True,False
12751,9353,1,2025-10-11,1,8,21,235,16,23216,True,False
12752,9354,1,2025-03-21,1,29,89,1037,57,23221,True,False
12753,9354,1,2025-03-16,1,29,89,1037,57,23222,True,False
12754,9355,2,2025-04-14,1,13,34,384,26,23223,True,False
12755,9355,1,2025-04-06,1,13,34,384,26,23224,True,False
12756,9357,1,2025-04-01,1,4,9,93,8,23227,True,False
12757,9358,1,2025-03-29,1,28,86,996,56,23228,True,False
12758,9359,1,2026-06-02,1,24,72,837,47,23231,True,False
12759,9359,1,2026-06-15,1,24,72,837,47,23232,True,False
12760,9359,1,2026-06-09,1,24,72,837,47,23233,True,False
12761,9360,2,2025-04-18,1,4,9,97,7,23235,True,False
12762,9361,1,2025-02-13,1,21,62,728,42,23238,True,False
12763,9362,1,2025-01-03,1,23,69,798,46,23241,True,True
12764,9363,2,2026-03-24,1,4,10,103,8,23243,True,False
12765,9363,1,2026-03-28,1,4,10,103,8,23244,True,False
12766,9364,2,2026-05-30,1,4,9,96,8,23246,True,False
12767,9364,1,2026-06-27,1,4,9,96,8,23247,True,False
12768,9364,1,2026-06-13,1,4,9,96,8,23248,True,False
12769,9365,1,2026-06-30,1,3,8,86,6,23249,True,False
12770,9365,1,2026-07-08,1,3,8,86,6,23250,True,False
12771,9366,1,2026-03-08,1,4,10,107,7,23254,True,False
12772,9367,2,2025-10-16,1,4,10,111,7,23255,True,False
12773,9368,1,2026-04-08,1,3,6,67,5,23257,True,False
12774,9368,1,2026-03-19,1,3,6,67,5,23258,True,True
12775,9371,2,2026-04-11,1,4,11,117,8,23264,True,False
12776,9372,1,2024-08-27,1,4,10,102,8,23267,True,False
12777,9373,1,2026-07-25,1,3,6,65,5,23268,True,False
12778,9373,1,2026-07-14,1,3,6,65,5,23269,True,False
12779,9373,1,2026-07-15,1,3,6,65,5,23270,True,False
12780,9373,1,2026-07-15,1,3,6,65,5,23271,True,False
12781,9374,1,2025-08-08,1,1,2,17,2,23274,True,False
12782,9374,1,2025-08-13,1,1,2,17,2,23275,True,False
12783,9375,1,2025-03-13,1,12,31,359,23,23278,True,False
12784,9377,1,2026-01-12,1,26,81,950,52,23281,True,False
12785,9377,1,2025-12-31,1,26,81,950,52,23282,True,False
12786,9379,2,2025-09-29,1,12,31,359,23,23284,True,False
12787,9379,1,2025-10-04,1,12,31,359,23,23285,True,False
12788,9379,1,2025-09-22,1,12,31,359,23,23286,True,True
12789,9380,1,2026-06-27,1,4,10,110,7,23287,True,False
12790,9380,2,2026-06-19,1,4,10,110,7,23289,True,False
12791,9381,1,2026-03-04,1,14,36,411,27,23290,True,False
12792,9381,1,2026-03-03,1,14,36,411,27,23291,True,False
12793,9381,1,2026-03-08,1,14,36,411,27,23293,True,False
12794,9382,1,2025-03-06,1,4,11,117,8,23296,True,False
12795,9384,1,2024-09-29,1,4,11,116,8,23300,True,False
12796,9384,1,2024-10-02,1,4,11,116,8,23301,True,False
12797,9385,2,2026-06-27,1,20,58,676,40,23302,True,False
12798,9385,1,2026-07-13,1,20,58,676,40,23303,True,True
12799,9385,1,2026-07-02,1,20,58,676,40,23304,True,False
12800,9385,1,2026-06-27,1,20,58,676,40,23305,True,False
12801,9386,1,2026-07-30,1,13,34,386,26,23306,True,False
12802,9386,1,2026-07-06,1,13,34,386,26,23308,True,False
12803,9387,1,2025-10-23,1,1,2,16,1,23309,True,False
12804,9388,1,2026-07-03,1,10,27,301,19,23310,True,False
12805,9388,1,2026-07-04,1,10,27,301,19,23312,True,False
12806,9391,1,2026-03-28,1,1,2,24,2,23319,True,False
12807,9392,1,2025-01-14,1,4,9,100,8,23320,True,False
12808,9392,2,2024-12-31,1,4,9,100,8,23321,True,False
12809,9394,1,2026-02-27,1,14,37,422,27,23325,True,False
12810,9394,1,2026-02-27,1,14,37,422,27,23326,True,False
12811,9395,1,2024-08-17,1,3,5,58,5,23327,True,False
12812,9395,1,2024-09-08,1,3,5,58,5,23329,True,False
12813,9396,1,2025-01-10,1,1,1,13,1,23330,True,False
12814,9396,1,2025-01-09,1,1,1,13,1,23331,True,False
12815,9397,1,2026-06-03,1,25,76,888,50,23332,True,False
12816,9397,1,2026-05-14,1,25,76,888,50,23333,True,False
12817,9399,1,2025-06-06,1,16,43,505,31,23337,True,False
12818,9400,1,2025-05-31,1,20,59,691,39,23338,True,False
12819,9400,2,2025-05-06,1,20,59,691,39,23339,True,False
12820,9400,1,2025-05-26,1,20,59,691,39,23340,True,False
12821,9401,1,2024-07-27,1,3,8,91,6,23341,True,False
12822,9401,1,2024-08-21,1,3,8,91,6,23342,True,False
12823,9402,1,2025-07-08,1,4,10,111,7,23345,True,False
12824,9403,2,2025-04-10,1,4,9,95,7,23347,True,False
12825,9403,1,2025-04-14,1,4,9,95,7,23348,True,False
12826,9404,1,2026-05-31,1,6,15,164,12,23351,True,False
12827,9407,1,2025-02-27,1,4,10,109,8,23356,True,False
12828,9408,1,2025-07-09,1,7,19,209,14,23360,True,False
12829,9409,1,2025-04-18,1,4,10,104,8,23361,True,False
12830,9409,1,2025-05-05,1,4,10,104,8,23362,True,False
12831,9411,1,2025-08-27,1,13,33,376,25,23364,True,False
12832,9411,1,2025-08-16,1,13,33,376,25,23365,True,False
12833,9413,2,2026-02-23,1,20,57,663,39,23367,True,False
12834,9414,1,2026-01-06,1,30,92,1063,59,23368,True,False
12835,9414,1,2026-01-08,1,30,92,1063,59,23369,True,False
12836,9416,1,2025-12-08,1,9,22,240,17,23373,True,False
12837,9416,1,2025-12-23,1,9,22,240,17,23374,True,False
12838,9416,1,2025-12-08,1,9,22,240,17,23375,True,False
12839,9417,2,2025-01-22,1,10,27,302,20,23376,True,False
12840,9417,1,2025-01-26,1,10,27,302,20,23377,True,False
12841,9417,2,2025-02-10,1,10,27,302,20,23378,True,False
12842,9418,1,2025-11-17,1,18,49,570,36,23380,True,False
12843,9418,2,2025-11-25,1,18,49,570,36,23381,True,False
12844,9419,1,2025-05-01,1,4,9,98,8,23382,True,False
12845,9420,1,2025-01-28,1,10,27,301,19,23383,True,False
12846,9420,1,2025-01-26,1,10,27,301,19,23384,True,False
12847,9422,1,2026-03-10,1,19,52,603,37,23390,True,False
12848,9423,2,2025-01-07,1,17,46,531,34,23391,True,False
12849,9426,1,2025-02-13,1,25,77,901,49,23398,True,False
12850,9427,2,2026-08-02,1,14,37,420,27,23399,True,False
12851,9427,1,2026-07-27,1,14,37,420,27,23401,True,False
12852,9428,1,2026-02-07,1,4,11,112,7,23402,True,False
12853,9429,1,2024-09-14,1,13,33,377,26,23408,True,False
12854,9430,1,2024-12-05,1,1,1,1,1,23410,True,False
12855,9431,1,2025-11-26,1,4,10,106,7,23411,True,False
12856,9432,1,2025-05-30,1,29,90,1045,58,23412,True,False
12857,9432,1,2025-05-19,1,29,90,1045,58,23413,True,False
12858,9432,1,2025-06-03,1,29,90,1045,58,23415,True,False
12859,9433,1,2026-03-05,1,4,11,114,7,23416,True,False
12860,9434,1,2025-06-11,1,27,84,975,54,23417,True,False
12861,9434,1,2025-06-08,1,27,84,975,54,23418,True,False
12862,9435,1,2025-02-01,1,12,31,356,23,23421,True,False
12863,9438,1,2025-01-18,1,4,10,108,7,23428,True,False
12864,9439,1,2025-02-08,1,1,1,9,2,23429,True,False
12865,9439,1,2025-02-25,1,1,1,9,2,23431,True,False
12866,9439,1,2025-01-29,1,1,1,9,2,23432,True,False
12867,9440,1,2026-01-01,1,20,59,689,40,23433,True,False
12868,9440,1,2025-12-14,1,20,59,689,40,23434,True,False
12869,9441,1,2026-04-05,1,14,36,405,27,23435,True,False
12870,9442,1,2026-01-13,1,18,51,594,35,23436,True,False
12871,9442,1,2026-01-09,1,18,51,594,35,23437,True,False
12872,9444,1,2026-05-14,1,14,37,417,27,23439,True,False
12873,9446,1,2025-01-12,1,9,23,252,17,23445,True,False
12874,9447,1,2025-11-21,1,24,73,848,47,23446,True,False
12875,9447,2,2025-12-13,1,24,73,848,47,23447,True,False
12876,9448,1,2025-09-19,1,21,61,709,42,23449,True,False
12877,9448,1,2025-09-26,1,21,61,709,42,23450,True,False
12878,9448,1,2025-09-16,1,21,61,709,42,23451,True,False
12879,9448,2,2025-10-01,1,21,61,709,42,23452,True,False
12880,9449,2,2024-12-20,1,7,19,212,14,23453,True,True
12881,9450,1,2025-01-24,1,21,61,711,42,23457,True,False
12882,9452,1,2026-02-12,1,4,11,118,7,23462,True,False
12883,9453,1,2026-03-01,1,4,9,94,8,23463,True,False
12884,9454,1,2025-10-03,1,3,6,65,6,23464,True,False
12885,9455,2,2025-02-20,1,4,9,97,8,23467,True,False
12886,9456,1,2025-01-08,1,23,66,769,45,23468,True,False
12887,9457,2,2026-04-11,1,4,10,109,8,23469,True,False
12888,9457,1,2026-04-05,1,4,10,109,8,23470,True,False
12889,9457,2,2026-04-17,1,4,10,109,8,23471,True,False
12890,9459,2,2025-08-29,1,4,10,111,8,23473,True,False
12891,9460,1,2024-08-29,1,4,11,117,8,23475,True,False
12892,9460,1,2024-08-19,1,4,11,117,8,23476,True,False
12893,9460,1,2024-08-18,1,4,11,117,8,23477,True,False
12894,9461,1,2024-09-10,1,15,39,449,29,23478,True,False
12895,9461,1,2024-08-13,1,15,39,449,29,23479,True,False
12896,9462,1,2024-10-04,1,26,80,931,51,23481,True,False
12897,9462,1,2024-10-14,1,26,80,931,51,23482,True,False
12898,9463,1,2025-01-06,1,18,51,585,36,23484,True,False
12899,9463,1,2025-01-09,1,18,51,585,36,23485,True,False
12900,9463,1,2024-12-14,1,18,51,585,36,23486,True,False
12901,9465,2,2024-09-04,1,4,9,96,8,23490,True,False
12902,9465,2,2024-09-08,1,4,9,96,8,23491,True,False
12903,9466,1,2024-12-29,1,7,18,198,14,23492,True,False
12904,9468,2,2025-10-22,1,16,41,468,31,23500,True,False
12905,9468,1,2025-10-13,1,16,41,468,31,23501,True,False
12906,9469,1,2025-03-26,1,11,30,336,21,23503,True,False
12907,9470,1,2025-11-20,1,19,53,621,38,23508,True,False
12908,9470,1,2025-12-06,1,19,53,621,38,23509,True,False
12909,9471,1,2026-03-23,1,1,1,9,1,23510,True,False
12910,9473,1,2025-12-28,1,4,10,110,7,23514,True,False
12911,9474,1,2025-04-27,1,3,8,89,5,23516,True,False
12912,9475,2,2025-07-31,1,21,61,710,42,23517,True,False
12913,9476,1,2026-04-03,1,4,11,119,8,23519,True,False
12914,9477,1,2025-11-05,1,4,9,97,8,23520,True,False
12915,9477,1,2025-11-24,1,4,9,97,8,23521,True,False
12916,9479,1,2024-10-23,1,5,14,151,10,23526,True,False
12917,9481,1,2025-01-06,1,2,4,45,4,23530,True,False
12918,9481,2,2025-01-23,1,2,4,45,4,23531,True,False
12919,9483,1,2026-03-12,1,4,9,97,7,23533,True,False
12920,9484,1,2024-10-07,1,4,11,117,7,23535,True,False
12921,9485,1,2026-04-24,1,8,21,233,15,23539,True,False
12922,9486,1,2025-10-26,1,3,7,78,6,23540,True,False
12923,9487,1,2025-07-13,1,22,64,742,43,23541,True,False
12924,9487,1,2025-07-09,1,22,64,742,43,23542,True,False
12925,9487,1,2025-07-12,1,22,64,742,43,23543,True,False
12926,9488,1,2026-07-21,1,4,11,112,7,23544,True,False
12927,9488,1,2026-07-16,1,4,11,112,7,23545,True,False
12928,9490,1,2024-11-15,1,8,21,235,15,23549,True,False
12929,9491,2,2024-08-14,1,4,10,106,7,23551,True,False
12930,9491,1,2024-08-16,1,4,10,106,7,23552,True,False
12931,9492,1,2024-12-16,1,3,5,57,5,23553,True,False
12932,9492,1,2024-11-29,1,3,5,57,5,23556,True,False
12933,9493,1,2026-04-23,1,3,7,78,5,23557,True,False
12934,9493,1,2026-05-07,1,3,7,78,5,23558,True,False
12935,9493,2,2026-04-12,1,3,7,78,5,23559,True,False
12936,9493,1,2026-05-07,1,3,7,78,5,23560,True,False
12937,9494,2,2025-12-10,1,14,37,420,28,23561,True,False
12938,9494,1,2025-11-28,1,14,37,420,28,23562,True,False
12939,9495,1,2025-07-31,1,4,10,102,8,23566,True,False
12940,9496,1,2026-04-14,1,4,11,119,8,23568,True,False
12941,9497,1,2024-10-02,1,24,71,832,48,23570,True,False
12942,9497,1,2024-09-28,1,24,71,832,48,23572,True,False
12943,9498,1,2026-06-11,1,11,29,324,21,23573,True,False
12944,9498,1,2026-06-17,1,11,29,324,21,23574,True,False
12945,9498,2,2026-06-29,1,11,29,324,21,23575,True,False
12946,9499,1,2024-08-04,1,1,2,20,2,23576,True,False
12947,9499,1,2024-07-13,1,1,2,20,2,23577,True,False
12948,9501,1,2025-08-28,1,8,20,227,15,23580,True,False
12949,9502,1,2026-05-14,1,4,10,106,8,23582,True,False
12950,9502,1,2026-05-15,1,4,10,106,8,23584,True,False
12951,9503,1,2024-10-22,1,7,18,200,14,23586,True,False
12952,9504,1,2026-01-11,1,4,10,105,7,23588,True,True
12953,9504,2,2025-12-25,1,4,10,105,7,23589,True,False
12954,9505,1,2026-07-18,1,21,62,723,42,23592,True,False
12955,9505,1,2026-07-08,1,21,62,723,42,23593,True,False
12956,9506,1,2026-07-03,1,4,11,118,8,23594,True,False
12957,9507,2,2025-10-25,1,7,19,208,14,23598,True,False
12958,9507,1,2025-10-12,1,7,19,208,14,23599,True,False
12959,9507,2,2025-10-15,1,7,19,208,14,23600,True,False
12960,9508,1,2026-03-14,1,14,36,413,28,23603,True,False
12961,9508,1,2026-02-18,1,14,36,413,28,23604,True,False
12962,9509,1,2026-05-26,1,4,9,96,8,23606,True,False
12963,9509,1,2026-05-20,1,4,9,96,8,23607,True,False
12964,9510,1,2026-07-15,1,4,11,118,7,23608,True,False
12965,9510,2,2026-06-22,1,4,11,118,7,23609,True,False
12966,9510,2,2026-07-09,1,4,11,118,7,23610,True,False
12967,9510,1,2026-07-11,1,4,11,118,7,23611,True,False
12968,9512,1,2026-06-22,1,4,11,119,7,23614,True,False
12969,9513,1,2025-07-18,1,24,71,827,47,23615,True,False
12970,9513,1,2025-07-01,1,24,71,827,47,23616,True,False
12971,9513,1,2025-07-14,1,24,71,827,47,23617,True,False
12972,9514,1,2025-01-31,1,15,40,457,30,23618,True,False
12973,9515,1,2025-10-03,1,1,1,6,1,23621,True,False
12974,9516,1,2026-06-01,1,4,10,103,8,23624,True,False
12975,9518,2,2024-10-06,1,22,64,745,43,23627,True,False
12976,9519,1,2024-07-21,1,22,63,729,43,23629,True,False
12977,9521,1,2026-05-15,1,11,30,338,21,23631,True,False
12978,9522,2,2026-05-24,1,20,58,676,40,23634,True,False
12979,9524,1,2025-10-25,1,21,62,723,42,23637,True,False
12980,9524,1,2025-10-24,1,21,62,723,42,23638,True,False
12981,9526,1,2025-02-14,1,13,34,385,26,23641,True,False
12982,9526,1,2025-02-24,1,13,34,385,26,23642,True,False
12983,9529,1,2024-08-12,1,27,84,977,53,23647,True,False
12984,9530,1,2024-12-19,1,20,57,669,40,23649,True,False
12985,9532,1,2025-04-12,1,4,9,97,8,23651,True,False
12986,9532,1,2025-04-18,1,4,9,97,8,23653,True,False
12987,9533,1,2026-04-19,1,4,11,116,7,23654,True,True
12988,9533,1,2026-05-06,1,4,11,116,7,23655,True,False
12989,9534,1,2025-08-16,1,28,88,1025,56,23657,True,False
12990,9535,1,2024-10-19,1,5,12,129,10,23659,True,False
12991,9536,2,2024-11-05,1,1,2,27,1,23660,True,False
12992,9537,1,2026-01-04,1,1,1,3,1,23663,True,False
12993,9538,2,2026-04-19,1,4,10,106,8,23666,True,False
12994,9538,2,2026-04-16,1,4,10,106,8,23667,True,False
12995,9539,1,2026-07-05,1,4,10,107,7,23669,True,False
12996,9540,1,2026-02-11,1,4,9,98,7,23673,True,False
12997,9541,1,2026-06-07,1,4,9,98,8,23677,True,False
12998,9541,1,2026-06-11,1,4,9,98,8,23678,True,False
12999,9542,1,2026-03-06,1,4,11,114,7,23679,True,False
13000,9542,1,2026-03-23,1,4,11,114,7,23680,True,False
13001,9544,1,2024-09-14,1,28,86,996,56,23683,True,False
13002,9544,1,2024-09-14,1,28,86,996,56,23684,True,False
13003,9544,1,2024-10-01,1,28,86,996,56,23685,True,False
13004,9545,1,2024-08-02,1,20,57,661,39,23686,True,False
13005,9546,1,2025-11-17,1,28,85,989,55,23687,True,False
13006,9546,1,2025-11-22,1,28,85,989,55,23689,True,False
13007,9549,1,2026-01-28,1,1,2,25,1,23695,True,False
13008,9549,1,2026-02-15,1,1,2,25,1,23698,True,False
13009,9550,1,2025-08-01,1,27,82,955,53,23699,True,False
13010,9550,1,2025-08-04,1,27,82,955,53,23702,True,False
13011,9551,1,2024-09-28,1,4,9,100,7,23704,True,False
13012,9555,2,2026-03-31,1,1,2,16,1,23710,True,False
13013,9556,1,2026-06-22,1,4,11,116,8,23712,True,False
13014,9558,2,2026-03-18,1,4,10,111,8,23714,True,False
13015,9558,1,2026-03-22,1,4,10,111,8,23715,True,False
13016,9559,1,2026-04-18,1,4,9,100,8,23716,True,False
13017,9559,1,2026-05-10,1,4,9,100,8,23719,True,False
13018,9560,2,2026-05-23,1,4,9,95,7,23720,True,False
13019,9560,1,2026-05-26,1,4,9,95,7,23722,True,False
13020,9562,1,2025-04-24,1,4,10,105,8,23725,True,False
13021,9563,1,2026-04-14,1,20,57,668,39,23729,True,False
13022,9563,1,2026-04-21,1,20,57,668,39,23730,True,False
13023,9564,1,2024-08-26,1,30,92,1062,60,23732,True,False
13024,9564,1,2024-08-19,1,30,92,1062,60,23733,True,False
13025,9564,2,2024-09-06,1,30,92,1062,60,23734,True,False
13026,9566,2,2025-09-03,1,4,9,98,7,23736,True,False
13027,9567,1,2026-06-19,1,27,82,954,53,23737,True,False
13028,9567,1,2026-06-27,1,27,82,954,53,23738,True,False
13029,9568,1,2025-09-30,1,13,35,399,26,23741,True,False
13030,9568,1,2025-09-04,1,13,35,399,26,23743,True,False
13031,9569,1,2025-05-09,1,4,9,98,7,23745,True,False
13032,9569,1,2025-04-24,1,4,9,98,7,23747,True,True
13033,9570,1,2026-03-21,1,12,31,351,24,23749,True,False
13034,9570,1,2026-03-12,1,12,31,351,24,23750,True,False
13035,9572,1,2025-05-16,1,15,40,465,29,23753,True,False
13036,9575,1,2026-01-05,1,4,10,110,7,23760,True,False
13037,9575,1,2026-01-06,1,4,10,110,7,23761,True,False
13038,9576,1,2025-05-02,1,4,10,103,8,23765,True,False
13039,9576,1,2025-05-08,1,4,10,103,8,23766,True,False
13040,9577,1,2025-11-12,1,9,24,268,17,23767,True,False
13041,9578,1,2026-07-23,1,4,11,112,8,23768,True,True
13042,9578,1,2026-07-24,1,4,11,112,8,23769,True,False
13043,9579,1,2025-05-24,1,23,66,765,45,23771,True,False
13044,9580,2,2026-03-04,1,4,11,119,8,23774,True,False
13045,9581,2,2026-02-28,1,4,9,93,8,23776,True,False
13046,9582,1,2026-04-27,1,22,63,736,44,23778,True,False
13047,9582,1,2026-05-03,1,22,63,736,44,23779,True,False
13048,9583,1,2025-06-23,1,1,2,16,2,23782,True,False
13049,9584,1,2025-01-23,1,1,2,26,2,23784,True,False
13050,9584,1,2025-01-07,1,1,2,26,2,23785,True,False
13051,9585,2,2025-01-13,1,18,49,557,36,23787,True,False
13052,9585,1,2024-12-28,1,18,49,557,36,23788,True,False
13053,9586,1,2026-03-04,1,3,6,65,6,23789,True,False
13054,9586,1,2026-02-10,1,3,6,65,6,23791,True,False
13055,9587,1,2026-03-08,1,10,27,298,20,23793,True,False
13056,9588,2,2025-10-25,1,21,62,728,42,23795,True,False
13057,9589,1,2024-09-04,1,23,70,818,45,23797,True,False
13058,9590,1,2026-03-29,1,20,58,678,40,23798,True,False
13059,9591,1,2024-07-26,1,5,12,125,9,23803,True,False
13060,9592,1,2024-12-10,1,23,69,804,45,23805,True,False
13061,9593,1,2026-05-11,1,26,81,948,52,23806,True,False
13062,9593,1,2026-05-07,1,26,81,948,52,23807,True,False
13063,9593,1,2026-05-18,1,26,81,948,52,23808,True,False
13064,9594,2,2026-05-19,1,4,9,99,7,23809,True,False
13065,9596,1,2026-06-01,1,2,3,38,4,23812,True,False
13066,9597,2,2024-08-25,1,4,9,95,8,23814,True,False
13067,9598,2,2025-08-24,1,4,10,107,7,23817,True,False
13068,9599,1,2025-02-05,1,20,58,680,40,23819,True,False
13069,9599,1,2025-02-01,1,20,58,680,40,23820,True,False
13070,9601,1,2026-07-15,1,4,10,103,8,23822,True,False
13071,9601,1,2026-07-27,1,4,10,103,8,23823,True,False
13072,9602,2,2025-02-18,1,4,9,94,8,23827,True,False
13073,9604,2,2026-03-19,1,11,29,330,22,23829,True,False
13074,9605,1,2025-07-12,1,30,92,1067,60,23830,True,False
13075,9605,1,2025-07-23,1,30,92,1067,60,23831,True,True
13076,9605,1,2025-07-24,1,30,92,1067,60,23832,True,False
13077,9606,1,2024-09-17,1,4,10,110,7,23834,True,False
13078,9609,1,2025-12-29,1,4,11,118,8,23839,True,False
13079,9611,1,2025-05-04,1,4,9,98,8,23843,True,False
13080,9612,1,2025-12-12,1,20,57,666,40,23845,True,False
13081,9612,1,2025-12-17,1,20,57,666,40,23848,True,False
13082,9614,1,2025-09-07,1,18,51,591,36,23850,True,False
13083,9615,1,2025-01-05,1,30,91,1052,59,23851,True,False
13084,9616,1,2026-07-21,1,29,89,1036,57,23853,True,False
13085,9616,1,2026-07-19,1,29,89,1036,57,23854,True,False
13086,9616,1,2026-07-01,1,29,89,1036,57,23856,True,False
13087,9617,1,2025-03-11,1,1,1,7,1,23857,True,False
13088,9618,1,2025-01-07,1,1,1,10,1,23858,True,False
13089,9619,1,2024-08-16,1,4,11,116,8,23862,True,False
13090,9620,1,2026-04-18,1,16,43,498,32,23864,True,False
13091,9621,1,2026-01-19,1,14,36,411,28,23867,True,False
13092,9622,1,2025-04-25,1,21,61,707,41,23869,True,False
13093,9622,2,2025-04-17,1,21,61,707,41,23870,True,False
13094,9623,1,2026-06-10,1,4,9,100,7,23872,True,False
13095,9623,1,2026-06-01,1,4,9,100,7,23874,True,False
13096,9624,2,2025-01-03,1,30,92,1062,59,23877,True,False
13097,9625,1,2026-01-30,1,4,11,120,8,23878,True,False
13098,9626,2,2025-08-30,1,4,11,116,7,23882,True,False
13099,9627,1,2025-11-11,1,25,75,879,50,23886,True,False
13100,9628,1,2024-11-23,1,26,79,917,51,23887,True,False
13101,9629,1,2025-06-19,1,20,59,693,39,23890,True,False
13102,9629,1,2025-06-09,1,20,59,693,39,23891,True,False
13103,9630,1,2025-01-04,1,2,4,44,4,23892,True,False
13104,9630,1,2024-12-26,1,2,4,44,4,23893,True,False
13105,9630,1,2024-12-22,1,2,4,44,4,23894,True,False
13106,9630,2,2024-12-28,1,2,4,44,4,23895,True,False
13107,9631,1,2026-07-03,1,10,28,304,20,23896,True,False
13108,9631,1,2026-06-08,1,10,28,304,20,23897,True,False
13109,9635,2,2025-12-05,1,5,13,135,9,23905,True,False
13110,9635,1,2025-11-28,1,5,13,135,9,23907,True,False
13111,9636,1,2026-01-20,1,4,11,118,8,23910,True,False
13112,9638,1,2024-09-15,1,1,1,5,2,23912,True,False
13113,9639,1,2025-10-01,1,17,46,530,34,23914,True,False
13114,9639,1,2025-10-05,1,17,46,530,34,23915,True,False
13115,9640,1,2025-01-25,1,20,60,702,40,23917,True,False
13116,9641,1,2026-05-10,1,4,10,110,8,23918,True,False
13117,9641,1,2026-05-10,1,4,10,110,8,23919,True,False
13118,9642,1,2026-06-25,1,11,29,331,21,23921,True,False
13119,9643,1,2025-08-09,1,4,11,119,8,23922,True,False
13120,9644,1,2026-02-25,1,4,10,106,8,23925,True,False
13121,9644,1,2026-01-29,1,4,10,106,8,23926,True,False
13122,9645,1,2025-03-28,1,19,55,645,38,23931,True,False
13123,9647,1,2025-03-24,1,4,9,94,7,23933,True,False
13124,9647,1,2025-04-11,1,4,9,94,7,23935,True,False
13125,9647,2,2025-03-12,1,4,9,94,7,23936,True,False
13126,9650,1,2025-12-14,1,18,50,581,35,23939,True,False
13127,9650,1,2025-12-06,1,18,50,581,35,23940,True,False
13128,9650,2,2025-12-16,1,18,50,581,35,23941,True,False
13129,9650,1,2025-11-26,1,18,50,581,35,23942,True,False
13130,9651,1,2026-05-05,1,4,9,100,8,23945,True,False
13131,9651,2,2026-05-10,1,4,9,100,8,23946,True,False
13132,9652,2,2025-01-05,1,4,11,114,8,23947,True,False
13133,9653,1,2026-01-22,1,4,10,109,7,23949,True,False
13134,9654,1,2025-01-30,1,1,2,26,2,23950,True,False
13135,9654,1,2025-01-26,1,1,2,26,2,23951,True,False
13136,9654,1,2025-01-19,1,1,2,26,2,23952,True,False
13137,9654,2,2025-01-09,1,1,2,26,2,23953,True,False
13138,9655,1,2026-01-01,1,4,9,94,7,23954,True,False
13139,9655,1,2026-01-30,1,4,9,94,7,23955,True,False
13140,9655,1,2026-01-24,1,4,9,94,7,23956,True,False
13141,9655,1,2026-01-08,1,4,9,94,7,23957,True,False
13142,9656,2,2024-08-22,1,3,7,77,5,23959,True,False
13143,9656,2,2024-08-29,1,3,7,77,5,23960,True,False
13144,9657,1,2025-06-11,1,30,92,1059,60,23962,True,False
13145,9658,1,2025-04-12,1,5,14,149,9,23964,True,False
13146,9658,1,2025-04-01,1,5,14,149,9,23965,True,False
13147,9659,1,2024-11-04,1,4,11,118,7,23966,True,False
13148,9659,2,2024-10-31,1,4,11,118,7,23967,True,False
13149,9662,1,2026-02-15,1,4,11,112,8,23972,True,False
13150,9662,1,2026-02-26,1,4,11,112,8,23973,True,False
13151,9663,1,2026-02-20,1,4,11,117,8,23974,True,False
13152,9664,2,2024-09-03,1,4,10,104,7,23975,True,False
13153,9666,1,2025-05-24,1,1,2,27,1,23980,True,False
13154,9668,1,2024-08-12,1,29,90,1041,58,23983,True,False
13155,9668,1,2024-08-11,1,29,90,1041,58,23985,True,False
13156,9669,1,2025-11-11,1,9,25,276,18,23988,True,False
13157,9669,2,2025-11-12,1,9,25,276,18,23990,True,False
13158,9670,1,2024-11-21,1,20,58,679,39,23991,True,False
13159,9670,1,2024-11-18,1,20,58,679,39,23992,True,False
13160,9672,1,2024-08-14,1,12,31,356,23,23996,True,False
13161,9673,1,2025-06-16,1,12,31,356,23,23997,True,False
13162,9673,1,2025-06-08,1,12,31,356,23,23998,True,False
13163,9674,1,2025-02-08,1,16,41,476,32,24000,True,False
13164,9675,1,2025-08-21,1,22,65,750,43,24004,True,False
13165,9675,1,2025-07-28,1,22,65,750,43,24005,True,False
13166,9675,1,2025-08-01,1,22,65,750,43,24006,True,False
13167,9676,1,2025-04-17,1,30,91,1049,59,24007,True,False
13168,9676,1,2025-04-22,1,30,91,1049,59,24008,True,False
13169,9676,1,2025-05-06,1,30,91,1049,59,24009,True,False
13170,9677,2,2024-08-04,1,14,38,433,28,24010,True,False
13171,9679,1,2025-03-16,1,1,2,24,1,24013,True,False
13172,9679,1,2025-02-28,1,1,2,24,1,24014,True,False
13173,9680,1,2026-06-25,1,30,92,1066,60,24015,True,False
13174,9681,1,2024-09-10,1,27,82,954,54,24017,True,False
13175,9682,1,2026-06-28,1,4,11,117,8,24018,True,False
13176,9685,2,2025-01-08,1,9,22,242,17,24023,True,False
13177,9686,1,2026-03-04,1,30,92,1064,60,24028,True,False
13178,9688,2,2025-04-25,1,10,28,309,20,24032,True,False
13179,9688,2,2025-04-25,1,10,28,309,20,24034,True,True
13180,9688,1,2025-04-09,1,10,28,309,20,24035,True,False
13181,9689,1,2025-09-25,1,11,30,332,21,24037,True,False
13182,9690,1,2025-05-20,1,19,54,625,37,24040,True,False
13183,9693,1,2026-02-19,1,1,2,28,1,24048,True,False
13184,9693,1,2026-02-04,1,1,2,28,1,24049,True,False
13185,9694,1,2026-02-25,1,21,61,708,41,24050,True,False
13186,9695,1,2026-06-16,1,4,9,100,7,24051,True,False
13187,9695,1,2026-06-09,1,4,9,100,7,24052,True,False
13188,9696,2,2025-09-24,1,4,10,111,7,24054,True,False
13189,9696,1,2025-10-08,1,4,10,111,7,24055,True,False
13190,9697,1,2025-05-20,1,4,11,113,8,24057,True,False
13191,9698,1,2026-03-18,1,4,9,100,7,24060,True,False
13192,9700,1,2026-06-12,1,4,11,117,8,24063,True,False
13193,9700,1,2026-05-16,1,4,11,117,8,24065,True,False
13194,9700,1,2026-05-16,1,4,11,117,8,24066,True,False
13195,9701,1,2025-08-28,1,25,75,870,49,24068,True,False
13196,9702,2,2026-06-30,1,16,41,477,31,24069,True,False
13197,9702,1,2026-06-24,1,16,41,477,31,24071,True,False
13198,9703,2,2025-12-23,1,27,82,954,54,24073,True,False
13199,9704,1,2025-07-07,1,3,8,85,5,24076,True,False
13200,9707,1,2024-11-17,1,5,14,150,9,24081,True,False
13201,9708,2,2026-02-09,1,4,10,111,7,24082,True,False
13202,9708,1,2026-02-14,1,4,10,111,7,24085,True,False
13203,9709,1,2026-06-07,1,4,11,118,7,24086,True,False
13204,9709,1,2026-06-11,1,4,11,118,7,24088,True,False
13205,9710,2,2026-05-07,1,7,18,198,14,24091,True,False
13206,9711,1,2025-10-01,1,15,40,465,30,24092,True,False
13207,9711,1,2025-10-26,1,15,40,465,30,24093,True,False
13208,9712,2,2026-03-08,1,29,90,1046,57,24094,True,False
13209,9712,1,2026-02-28,1,29,90,1046,57,24095,True,False
13210,9712,1,2026-03-09,1,29,90,1046,57,24096,True,False
13211,9714,1,2024-12-14,1,3,5,58,6,24103,True,False
13212,9715,2,2025-10-02,1,3,7,82,5,24104,True,False
13213,9715,2,2025-09-27,1,3,7,82,5,24106,True,False
13214,9715,1,2025-10-13,1,3,7,82,5,24107,True,False
13215,9716,1,2026-02-23,1,4,9,93,7,24108,True,False
13216,9719,1,2026-07-05,1,25,75,878,49,24113,True,False
13217,9719,2,2026-07-17,1,25,75,878,49,24114,True,False
13218,9719,1,2026-07-24,1,25,75,878,49,24116,True,False
13219,9720,2,2025-09-12,1,7,19,207,13,24118,True,False
13220,9721,2,2026-05-08,1,6,16,176,12,24122,True,False
13221,9722,1,2025-06-16,1,23,67,780,45,24123,True,False
13222,9723,1,2026-04-24,1,28,88,1020,56,24124,True,False
13223,9724,1,2024-11-19,1,15,39,446,29,24128,True,False
13224,9724,1,2024-11-17,1,15,39,446,29,24129,True,False
13225,9725,1,2024-12-16,1,1,2,24,1,24131,True,False
13226,9726,1,2025-10-24,1,15,39,450,29,24133,True,False
13227,9727,1,2025-11-21,1,3,8,92,6,24135,True,True
13228,9727,1,2025-11-21,1,3,8,92,6,24137,True,False
13229,9728,1,2026-04-27,1,23,67,782,46,24138,True,False
13230,9728,1,2026-05-09,1,23,67,782,46,24139,True,False
13231,9729,1,2026-07-10,1,4,11,112,8,24141,True,False
13232,9729,1,2026-07-04,1,4,11,112,8,24142,True,False
13233,9730,1,2024-12-06,1,28,85,989,55,24143,True,False
13234,9731,1,2025-08-28,1,4,10,107,7,24144,True,False
13235,9731,1,2025-09-13,1,4,10,107,7,24145,True,False
13236,9731,1,2025-09-11,1,4,10,107,7,24146,True,False
13237,9732,1,2026-05-14,1,4,11,116,7,24147,True,False
13238,9732,1,2026-05-17,1,4,11,116,7,24148,True,False
13239,9732,1,2026-05-13,1,4,11,116,7,24149,True,False
13240,9733,1,2026-04-18,1,4,9,97,7,24151,True,False
13241,9733,1,2026-05-14,1,4,9,97,7,24152,True,False
13242,9734,2,2025-02-05,1,23,66,764,46,24155,True,False
13243,9735,2,2024-12-16,1,4,11,120,7,24156,True,False
13244,9736,1,2026-02-20,1,26,81,945,52,24157,True,False
13245,9737,1,2025-03-20,1,10,28,306,20,24161,True,False
13246,9737,1,2025-04-04,1,10,28,306,20,24163,True,False
13247,9737,1,2025-04-08,1,10,28,306,20,24164,True,False
13248,9739,1,2025-07-05,1,2,4,43,4,24166,True,False
13249,9740,1,2026-03-16,1,13,33,376,25,24167,True,False
13250,9741,1,2025-12-14,1,4,10,109,8,24171,True,False
13251,9742,2,2026-05-27,1,20,59,693,39,24172,True,False
13252,9743,2,2025-06-04,1,3,8,92,5,24173,True,False
13253,9743,2,2025-06-02,1,3,8,92,5,24174,True,False
13254,9743,1,2025-06-18,1,3,8,92,5,24175,True,False
13255,9744,2,2024-12-10,1,27,82,956,53,24179,True,False
13256,9745,1,2026-02-20,1,29,90,1043,57,24180,True,False
13257,9746,1,2025-11-29,1,17,47,538,33,24182,True,False
13258,9746,1,2025-12-19,1,17,47,538,33,24183,True,False
13259,9747,1,2026-07-18,1,4,10,104,7,24184,True,False
13260,9747,1,2026-06-27,1,4,10,104,7,24185,True,False
13261,9748,2,2026-03-22,1,24,71,826,47,24186,True,False
13262,9748,1,2026-03-16,1,24,71,826,47,24187,True,False
13263,9748,1,2026-03-01,1,24,71,826,47,24188,True,False
13264,9749,1,2025-10-20,1,4,9,101,8,24190,True,False
13265,9749,1,2025-10-14,1,4,9,101,8,24191,True,False
13266,9750,2,2025-09-06,1,17,47,542,34,24192,True,False
13267,9751,2,2025-10-29,1,2,4,48,4,24193,True,True
13268,9752,2,2026-03-20,1,17,48,545,33,24194,True,False
13269,9753,1,2026-01-07,1,1,1,7,1,24195,True,False
13270,9753,1,2026-01-05,1,1,1,7,1,24196,True,False
13271,9754,1,2026-04-08,1,4,10,103,7,24197,True,False
13272,9755,1,2025-08-11,1,4,11,119,7,24200,True,False
13273,9756,1,2025-06-03,1,4,9,99,7,24203,True,False
13274,9757,1,2025-07-06,1,14,36,414,27,24204,True,False
13275,9758,1,2025-03-06,1,14,37,422,28,24208,True,False
13276,9758,1,2025-03-05,1,14,37,422,28,24209,True,False
13277,9758,2,2025-03-02,1,14,37,422,28,24210,True,False
13278,9759,2,2026-07-04,1,18,49,563,35,24211,True,False
13279,9759,1,2026-06-26,1,18,49,563,35,24213,True,True
13280,9760,1,2024-08-22,1,1,1,8,2,24215,True,False
13281,9761,1,2026-03-16,1,4,9,98,7,24216,True,False
13282,9764,1,2026-02-27,1,16,41,479,32,24224,True,False
13283,9766,1,2025-05-17,1,23,67,781,46,24227,True,False
13284,9766,1,2025-05-23,1,23,67,781,46,24228,True,False
13285,9767,1,2025-02-01,1,23,68,788,46,24232,True,False
13286,9768,2,2026-07-31,1,23,69,799,45,24234,True,False
13287,9768,1,2026-07-06,1,23,69,799,45,24236,True,False
13288,9769,1,2025-04-29,1,12,32,364,23,24239,True,False
13289,9769,2,2025-04-20,1,12,32,364,23,24240,True,False
13290,9770,1,2026-04-29,1,4,10,110,8,24241,True,False
13291,9770,2,2026-05-21,1,4,10,110,8,24242,True,False
13292,9770,1,2026-04-27,1,4,10,110,8,24244,True,True
13293,9771,1,2025-05-26,1,1,2,19,2,24247,True,True
13294,9772,2,2026-05-19,1,29,90,1048,57,24248,True,False
13295,9774,1,2025-09-22,1,4,9,101,7,24253,True,False
13296,9774,1,2025-09-07,1,4,9,101,7,24254,True,False
13297,9776,1,2025-06-26,1,4,10,105,7,24257,True,False
13298,9777,1,2026-03-03,1,24,72,842,47,24258,True,False
13299,9777,2,2026-03-09,1,24,72,842,47,24259,True,False
13300,9777,2,2026-03-07,1,24,72,842,47,24260,True,True
13301,9779,2,2025-08-06,1,5,14,153,9,24263,True,False
13302,9779,1,2025-07-18,1,5,14,153,9,24264,True,False
13303,9780,1,2026-02-06,1,4,9,93,8,24265,True,False
13304,9780,1,2026-02-18,1,4,9,93,8,24266,True,False
13305,9781,1,2025-07-10,1,25,77,894,50,24268,True,False
13306,9782,1,2026-01-22,1,3,6,69,6,24270,True,False
13307,9783,2,2025-01-17,1,30,91,1050,59,24271,True,False
13308,9783,1,2025-01-28,1,30,91,1050,59,24272,True,False
13309,9784,1,2026-03-08,1,19,55,640,38,24274,True,False
13310,9785,2,2024-10-20,1,3,7,82,6,24275,True,False
13311,9785,1,2024-10-22,1,3,7,82,6,24277,True,False
13312,9785,1,2024-10-15,1,3,7,82,6,24278,True,False
13313,9786,1,2025-03-24,1,3,5,58,5,24280,True,False
13314,9786,1,2025-03-19,1,3,5,58,5,24281,True,False
13315,9787,1,2025-08-16,1,3,8,89,5,24283,True,False
13316,9787,1,2025-08-23,1,3,8,89,5,24284,True,False
13317,9787,1,2025-08-11,1,3,8,89,5,24285,True,False
13318,9789,1,2025-03-10,1,12,31,347,24,24287,True,False
13319,9790,1,2026-04-16,1,21,62,717,42,24288,True,False
13320,9791,1,2025-11-04,1,26,79,920,51,24289,True,False
13321,9791,1,2025-10-19,1,26,79,920,51,24290,True,False
13322,9792,1,2026-07-08,1,4,10,109,8,24291,True,False
13323,9792,2,2026-07-22,1,4,10,109,8,24292,True,False
13324,9792,2,2026-07-30,1,4,10,109,8,24294,True,False
13325,9793,1,2026-07-28,1,4,10,104,7,24295,True,True
13326,9793,1,2026-07-17,1,4,10,104,7,24296,True,False
13327,9793,1,2026-07-23,1,4,10,104,7,24297,True,False
13328,9793,1,2026-07-15,1,4,10,104,7,24298,True,False
13329,9795,1,2025-03-31,1,25,78,914,49,24301,True,False
13330,9795,2,2025-04-19,1,25,78,914,49,24302,True,False
13331,9795,2,2025-04-11,1,25,78,914,49,24303,True,False
13332,9796,2,2026-04-15,1,4,11,120,8,24304,True,False
13333,9797,1,2025-08-13,1,24,71,829,47,24305,True,False
13334,9798,1,2024-08-26,1,4,11,115,8,24307,True,False
13335,9800,1,2026-04-10,1,4,9,99,7,24310,True,False
13336,9803,2,2025-02-04,1,4,11,120,8,24315,True,False
13337,9803,1,2025-01-30,1,4,11,120,8,24317,True,False
13338,9804,1,2025-04-25,1,4,11,116,7,24318,True,False
13339,9805,1,2026-05-24,1,16,41,467,32,24319,True,False
13340,9805,1,2026-05-29,1,16,41,467,32,24321,True,False
13341,9805,1,2026-05-20,1,16,41,467,32,24322,True,False
13342,9806,1,2024-12-02,1,4,10,107,8,24326,True,False
13343,9808,1,2025-06-30,1,2,3,37,4,24328,True,False
13344,9808,1,2025-06-29,1,2,3,37,4,24330,True,False
13345,9810,2,2025-02-02,1,4,11,112,7,24335,True,False
13346,9812,1,2026-01-11,1,3,5,54,6,24341,True,False
13347,9813,1,2026-05-19,1,12,32,364,23,24344,True,False
13348,9814,1,2026-03-27,1,1,2,26,2,24346,True,False
13349,9816,1,2025-08-30,1,26,81,947,51,24348,True,False
13350,9817,1,2024-11-24,1,29,90,1041,58,24350,True,False
13351,9818,1,2025-03-19,1,21,62,725,41,24351,True,False
13352,9818,1,2025-04-06,1,21,62,725,41,24353,True,False
13353,9818,1,2025-03-20,1,21,62,725,41,24354,True,False
13354,9819,1,2025-05-24,1,20,59,688,40,24355,True,False
13355,9819,1,2025-05-20,1,20,59,688,40,24356,True,False
13356,9819,1,2025-06-10,1,20,59,688,40,24357,True,False
13357,9820,1,2026-02-11,1,7,19,210,14,24359,True,False
13358,9822,1,2025-10-03,1,24,73,852,48,24361,True,False
13359,9823,1,2025-09-01,1,4,9,98,8,24364,True,True
13360,9824,1,2026-05-15,1,29,89,1031,58,24366,True,False
13361,9825,1,2025-04-15,1,22,65,759,43,24369,True,False
13362,9825,1,2025-05-02,1,22,65,759,43,24371,True,False
13363,9826,1,2025-09-22,1,4,11,119,7,24372,True,False
13364,9829,1,2026-04-14,1,2,3,29,3,24375,True,False
13365,9830,2,2025-06-23,1,17,45,518,34,24376,True,False
13366,9830,2,2025-07-20,1,17,45,518,34,24377,True,False
13367,9831,1,2025-03-07,1,21,61,710,42,24380,True,False
13368,9831,1,2025-02-15,1,21,61,710,42,24382,True,False
13369,9832,1,2026-04-12,1,4,11,116,8,24383,True,False
13370,9832,1,2026-04-16,1,4,11,116,8,24384,True,False
13371,9832,1,2026-04-27,1,4,11,116,8,24385,True,False
13372,9834,1,2025-04-15,1,14,37,430,27,24387,True,False
13373,9834,1,2025-04-11,1,14,37,430,27,24388,True,False
13374,9834,1,2025-03-24,1,14,37,430,27,24389,True,False
13375,9834,1,2025-04-17,1,14,37,430,27,24390,True,False
13376,9835,1,2026-07-27,1,3,7,78,5,24391,True,False
13377,9836,1,2026-04-27,1,15,40,458,30,24393,True,False
13378,9836,1,2026-04-13,1,15,40,458,30,24394,True,False
13379,9838,2,2026-02-22,1,29,89,1028,58,24397,True,False
13380,9838,1,2026-02-12,1,29,89,1028,58,24399,True,False
13381,9838,2,2026-02-19,1,29,89,1028,58,24400,True,False
13382,9839,1,2025-02-26,1,20,59,690,39,24402,True,False
13383,9839,1,2025-03-06,1,20,59,690,39,24403,True,False
13384,9840,1,2025-07-19,1,4,10,111,8,24404,True,False
13385,9840,1,2025-07-24,1,4,10,111,8,24405,True,False
13386,9840,1,2025-07-20,1,4,10,111,8,24407,True,False
13387,9841,1,2026-03-03,1,4,11,112,7,24408,True,False
13388,9841,1,2026-03-23,1,4,11,112,7,24410,True,False
13389,9842,1,2024-08-14,1,11,30,341,21,24412,True,True
13390,9844,1,2026-01-12,1,2,3,35,4,24414,True,False
13391,9844,1,2026-01-06,1,2,3,35,4,24415,True,False
13392,9846,1,2024-07-20,1,25,76,883,49,24417,True,True
13393,9847,1,2026-05-22,1,4,10,108,8,24418,True,False
13394,9848,1,2025-11-27,1,22,63,736,43,24419,True,False
13395,9848,1,2025-11-07,1,22,63,736,43,24421,True,False
13396,9849,1,2024-10-30,1,4,10,110,7,24422,True,False
13397,9850,1,2025-06-14,1,10,28,315,19,24425,True,False
13398,9850,1,2025-06-25,1,10,28,315,19,24427,True,False
13399,9851,1,2025-03-23,1,16,42,488,31,24430,True,False
13400,9851,2,2025-03-01,1,16,42,488,31,24432,True,False
13401,9852,1,2025-09-03,1,24,71,831,48,24433,True,False
13402,9852,1,2025-09-14,1,24,71,831,48,24434,True,False
13403,9854,2,2025-03-15,1,2,4,40,3,24438,True,False
13404,9855,2,2025-05-08,1,20,57,660,40,24442,True,False
13405,9856,1,2025-09-23,1,4,11,117,7,24443,True,False
13406,9856,1,2025-10-14,1,4,11,117,7,24444,True,False
13407,9856,2,2025-09-28,1,4,11,117,7,24445,True,False
13408,9857,1,2024-11-22,1,30,91,1050,60,24446,True,False
13409,9857,1,2024-11-06,1,30,91,1050,60,24448,True,False
13410,9858,1,2026-04-25,1,4,9,93,7,24449,True,False
13411,9858,2,2026-04-17,1,4,9,93,7,24450,True,False
13412,9859,2,2025-08-16,1,22,65,757,43,24451,True,False
13413,9859,1,2025-08-17,1,22,65,757,43,24453,True,False
13414,9859,2,2025-08-20,1,22,65,757,43,24454,True,False
13415,9860,1,2026-05-03,1,10,28,305,20,24457,True,False
13416,9860,1,2026-04-25,1,10,28,305,20,24458,True,False
13417,9861,1,2025-10-29,1,6,17,184,12,24459,True,False
13418,9861,1,2025-10-10,1,6,17,184,12,24460,True,True
13419,9862,1,2026-05-05,1,4,10,108,7,24463,True,False
13420,9862,1,2026-04-17,1,4,10,108,7,24465,True,False
13421,9864,1,2026-02-12,1,13,33,368,26,24467,True,False
13422,9864,2,2026-01-28,1,13,33,368,26,24468,True,False
13423,9865,1,2025-07-30,1,5,13,135,9,24469,True,False
13424,9865,1,2025-08-15,1,5,13,135,9,24472,True,False
13425,9867,1,2024-10-05,1,28,87,1013,56,24475,True,False
13426,9867,1,2024-10-16,1,28,87,1013,56,24476,True,False
13427,9868,1,2024-12-21,1,30,91,1057,59,24477,True,False
13428,9869,1,2026-02-24,1,4,11,118,7,24478,True,True
13429,9869,1,2026-03-16,1,4,11,118,7,24479,True,False
13430,9870,1,2024-10-25,1,6,15,158,11,24481,True,False
13431,9871,1,2025-10-05,1,21,62,721,41,24483,True,False
13432,9872,1,2026-01-30,1,4,9,97,8,24484,True,False
13433,9872,1,2026-01-18,1,4,9,97,8,24485,True,False
13434,9872,1,2026-01-26,1,4,9,97,8,24486,True,False
13435,9873,1,2026-02-05,1,8,21,230,16,24487,True,False
13436,9874,1,2026-02-25,1,4,9,98,8,24491,True,False
13437,9874,1,2026-02-13,1,4,9,98,8,24492,True,False
13438,9875,1,2025-06-12,1,4,11,119,8,24495,True,False
13439,9876,1,2024-12-11,1,18,51,589,35,24496,True,False
13440,9876,1,2024-12-23,1,18,51,589,35,24497,True,False
13441,9877,1,2026-03-06,1,4,11,112,8,24498,True,False
13442,9877,1,2026-03-06,1,4,11,112,8,24499,True,False
13443,9879,1,2025-11-12,1,4,10,102,7,24503,True,False
13444,9880,2,2026-07-14,1,4,10,102,7,24508,True,False
13445,9881,2,2024-10-26,1,12,32,362,24,24509,True,False
13446,9882,2,2026-02-27,1,4,11,114,7,24510,True,False
13447,9883,1,2025-06-25,1,2,3,29,4,24513,True,False
13448,9884,1,2026-02-11,1,4,11,116,7,24514,True,False
13449,9884,1,2026-02-15,1,4,11,116,7,24515,True,False
13450,9884,1,2026-01-26,1,4,11,116,7,24516,True,False
13451,9885,1,2025-09-10,1,4,9,98,8,24518,True,False
13452,9887,1,2026-01-30,1,19,52,609,37,24521,True,False
13453,9887,2,2026-02-21,1,19,52,609,37,24523,True,False
13454,9888,1,2024-10-14,1,29,89,1028,57,24525,True,True
13455,9888,1,2024-10-08,1,29,89,1028,57,24526,True,False
13456,9891,1,2026-05-17,1,4,10,107,8,24532,True,False
13457,9891,1,2026-05-27,1,4,10,107,8,24533,True,False
13458,9892,1,2024-12-02,1,11,29,325,21,24535,True,False
13459,9892,2,2024-11-26,1,11,29,325,21,24536,True,False
13460,9894,1,2025-10-06,1,12,32,365,24,24539,True,False
13461,9895,1,2026-03-06,1,11,29,321,21,24540,True,False
13462,9896,1,2024-11-27,1,27,84,979,54,24542,True,False
13463,9898,1,2025-10-09,1,4,9,99,8,24546,True,False
13464,9898,1,2025-10-03,1,4,9,99,8,24547,True,False
13465,9899,1,2025-07-27,1,7,19,209,14,24550,True,False
13466,9900,1,2026-05-14,1,4,11,119,7,24553,True,False
13467,9901,1,2025-08-20,1,12,31,353,23,24555,True,False
13468,9902,2,2024-11-09,1,21,61,715,41,24557,True,False
13469,9902,1,2024-12-06,1,21,61,715,41,24559,True,False
13470,9903,1,2025-01-14,1,4,11,115,8,24560,True,False
13471,9905,1,2026-07-22,1,4,11,120,8,24562,True,False
13472,9905,1,2026-06-26,1,4,11,120,8,24564,True,False
13473,9906,1,2025-10-26,1,2,3,38,3,24565,True,False
13474,9907,1,2025-05-19,1,4,9,98,8,24567,True,False
13475,9908,1,2025-10-27,1,4,9,101,7,24568,True,True
13476,9908,1,2025-10-27,1,4,9,101,7,24569,True,False
13477,9909,1,2025-11-09,1,6,16,178,12,24572,True,False
13478,9909,2,2025-11-12,1,6,16,178,12,24573,True,False
13479,9909,1,2025-11-14,1,6,16,178,12,24574,True,False
13480,9910,1,2025-12-12,1,11,30,342,21,24577,True,False
13481,9913,1,2024-10-28,1,20,57,670,39,24581,True,False
13482,9913,1,2024-10-12,1,20,57,670,39,24583,True,False
13483,9914,1,2025-07-29,1,1,1,8,2,24586,True,False
13484,9915,2,2025-03-31,1,20,60,701,40,24587,True,False
13485,9915,2,2025-04-12,1,20,60,701,40,24588,True,False
13486,9915,1,2025-04-07,1,20,60,701,40,24589,True,False
13487,9915,1,2025-04-16,1,20,60,701,40,24590,True,False
13488,9916,1,2025-08-25,1,9,26,294,18,24593,True,False
13489,9916,1,2025-08-31,1,9,26,294,18,24594,True,False
13490,9917,1,2026-02-21,1,4,10,107,8,24595,True,False
13491,9918,1,2024-09-16,1,21,61,715,41,24598,True,False
13492,9919,1,2025-10-19,1,17,45,525,34,24600,True,False
13493,9919,1,2025-10-29,1,17,45,525,34,24601,True,False
13494,9921,1,2024-09-07,1,23,67,772,46,24608,True,False
13495,9922,1,2025-09-25,1,1,2,21,1,24609,True,False
13496,9923,1,2026-03-29,1,4,9,96,8,24611,True,False
13497,9925,1,2024-12-06,1,1,1,13,1,24615,True,False
13498,9925,2,2024-12-20,1,1,1,13,1,24617,True,False
13499,9927,1,2025-05-14,1,10,27,296,19,24620,True,False
13500,9930,1,2025-12-25,1,15,40,458,29,24623,True,False
13501,9930,1,2026-01-02,1,15,40,458,29,24625,True,False
13502,9933,1,2025-10-20,1,17,45,523,33,24632,True,False
13503,9933,1,2025-10-19,1,17,45,523,33,24633,True,False
13504,9934,1,2026-04-01,1,4,9,101,7,24635,True,False
13505,9934,1,2026-04-06,1,4,9,101,7,24636,True,False
13506,9934,1,2026-04-01,1,4,9,101,7,24638,True,False
13507,9935,1,2025-07-17,1,12,31,353,24,24640,True,False
13508,9937,2,2026-04-09,1,3,7,83,5,24645,True,False
13509,9939,1,2025-09-22,1,3,8,89,5,24647,True,False
13510,9939,1,2025-09-11,1,3,8,89,5,24648,True,False
13511,9939,1,2025-09-26,1,3,8,89,5,24650,True,False
13512,9940,2,2025-10-11,1,4,10,109,7,24651,True,False
13513,9940,1,2025-10-23,1,4,10,109,7,24653,True,False
13514,9942,1,2024-08-10,1,4,11,120,8,24656,True,False
13515,9944,1,2025-07-15,1,3,6,74,5,24660,True,False
13516,9944,1,2025-07-06,1,3,6,74,5,24661,True,False
13517,9945,1,2024-11-23,1,1,1,2,1,24663,True,False
13518,9946,1,2026-01-17,1,20,58,672,39,24667,True,False
13519,9946,1,2025-12-29,1,20,58,672,39,24668,True,False
13520,9947,1,2025-06-05,1,27,84,984,54,24670,True,False
13521,9947,1,2025-06-07,1,27,84,984,54,24671,True,False
13522,9947,1,2025-05-28,1,27,84,984,54,24672,True,False
13523,9948,1,2025-10-26,1,16,42,484,31,24674,True,False
13524,9949,1,2025-12-13,1,2,4,48,3,24676,True,False
13525,9950,1,2026-02-04,1,4,11,117,8,24679,True,False
13526,9952,2,2025-01-27,1,4,10,107,7,24684,True,False
13527,9953,1,2026-03-14,1,11,30,332,22,24686,True,False
13528,9953,2,2026-03-16,1,11,30,332,22,24687,True,False
13529,9954,1,2026-05-15,1,9,23,249,18,24688,True,False
13530,9954,2,2026-05-31,1,9,23,249,18,24689,True,False
13531,9954,1,2026-05-28,1,9,23,249,18,24690,True,False
13532,9954,1,2026-06-05,1,9,23,249,18,24691,True,False
13533,9955,1,2026-07-15,1,4,11,117,7,24693,True,False
13534,9957,1,2025-11-25,1,3,7,82,5,24697,True,True
13535,9957,1,2025-11-29,1,3,7,82,5,24698,True,False
13536,9958,1,2025-08-14,1,4,11,118,8,24699,True,False
13537,9959,1,2025-10-26,1,4,11,114,7,24702,True,False
13538,9959,2,2025-10-22,1,4,11,114,7,24703,True,False
13539,9960,2,2026-07-04,1,21,61,716,41,24704,True,False
13540,9960,1,2026-06-19,1,21,61,716,41,24706,True,False
13541,9960,1,2026-07-01,1,21,61,716,41,24707,True,False
13542,9961,1,2025-02-04,1,23,68,792,46,24708,True,False
13543,9961,2,2025-02-10,1,23,68,792,46,24711,True,False
13544,9962,1,2025-10-11,1,1,1,9,2,24712,True,False
13545,9962,1,2025-09-29,1,1,1,9,2,24715,True,False
13546,9963,2,2025-03-13,1,4,9,93,7,24716,True,False
13547,9963,1,2025-03-03,1,4,9,93,7,24717,True,False
13548,9963,1,2025-03-01,1,4,9,93,7,24719,True,False
13549,9964,1,2024-11-02,1,4,10,104,7,24720,True,False
13550,9964,1,2024-10-30,1,4,10,104,7,24721,True,False
13551,9964,1,2024-11-08,1,4,10,104,7,24722,True,False
13552,9965,1,2024-12-23,1,1,2,23,1,24724,True,False
13553,9965,1,2025-01-03,1,1,2,23,1,24726,True,False
13554,9966,1,2026-06-08,1,15,40,455,29,24727,True,False
13555,9966,1,2026-06-10,1,15,40,455,29,24728,True,False
13556,9966,1,2026-05-17,1,15,40,455,29,24729,True,False
13557,9967,1,2024-07-31,1,24,72,839,48,24732,True,False
13558,9967,2,2024-07-23,1,24,72,839,48,24733,True,False
13559,9968,1,2026-06-15,1,4,10,105,8,24734,True,False
13560,9968,2,2026-06-13,1,4,10,105,8,24735,True,False
13561,9969,1,2025-12-11,1,4,10,103,7,24736,True,False
13562,9969,1,2025-12-28,1,4,10,103,7,24737,True,False
13563,9970,1,2026-03-14,1,3,5,60,6,24738,True,False
13564,9972,1,2024-12-28,1,3,8,87,5,24742,True,False
13565,9973,1,2024-12-14,1,23,68,793,45,24744,True,False
13566,9973,2,2024-12-05,1,23,68,793,45,24745,True,False
13567,9974,1,2026-02-25,1,4,10,109,7,24746,True,False
13568,9974,1,2026-03-01,1,4,10,109,7,24747,True,False
13569,9974,1,2026-03-04,1,4,10,109,7,24748,True,False
13570,9975,1,2025-11-25,1,7,18,200,13,24749,True,False
13571,9978,2,2026-03-25,1,4,10,105,7,24753,True,False
13572,9978,2,2026-03-18,1,4,10,105,7,24754,True,False
13573,9978,1,2026-03-20,1,4,10,105,7,24755,True,False
13574,9979,1,2025-11-10,1,21,61,715,42,24756,True,False
13575,9979,1,2025-12-06,1,21,61,715,42,24757,True,False
13576,9979,1,2025-11-29,1,21,61,715,42,24758,True,False
13577,9980,2,2026-02-11,1,4,11,117,8,24759,True,False
13578,9981,2,2025-09-07,1,14,38,435,27,24761,True,False
13579,9981,1,2025-08-23,1,14,38,435,27,24762,True,False
13580,9981,1,2025-08-19,1,14,38,435,27,24763,True,False
13581,9982,1,2025-11-28,1,4,11,115,8,24764,True,False
13582,9983,1,2024-11-04,1,29,89,1034,57,24766,True,False
13583,9983,1,2024-11-19,1,29,89,1034,57,24768,True,False
13584,9983,1,2024-11-11,1,29,89,1034,57,24769,True,False
13585,9984,1,2026-04-06,1,22,65,758,44,24772,True,False
13586,9984,2,2026-04-13,1,22,65,758,44,24773,True,False
13587,9985,1,2026-02-09,1,30,91,1054,60,24776,True,False
13588,9987,1,2025-09-01,1,22,63,731,43,24779,True,True
13589,9988,1,2025-04-20,1,21,61,716,41,24780,True,False
13590,9989,2,2026-05-14,1,17,46,529,34,24783,True,False
13591,9990,1,2026-02-14,1,28,88,1022,55,24787,True,False
13592,9991,2,2026-03-25,1,4,11,118,8,24788,True,False
13593,9991,1,2026-03-18,1,4,11,118,8,24789,True,False
13594,9994,1,2025-04-14,1,4,10,106,8,24792,True,False
13595,9996,1,2026-07-09,1,23,66,770,46,24797,True,False
13596,9997,1,2025-07-11,1,4,11,117,8,24798,True,False
13597,9997,1,2025-07-09,1,4,11,117,8,24799,True,False
13598,9998,1,2026-06-16,1,4,9,93,7,24801,True,False
13599,9999,1,2025-10-21,1,28,87,1010,56,24803,True,False
13600,10000,1,2025-10-28,1,12,32,361,24,24805,True,False
