CSID,CaseMasterID,csdate,cstype,PolicePersonID
1,3,2026-02-27T14:40:24.173291,A,100
2,7,2025-10-01T14:40:24.173895,B,723
3,11,2024-10-05T14:40:24.174285,C,105
4,12,2025-08-21T14:40:24.174395,A,444
5,14,2025-10-01T14:40:24.174621,A,213
6,15,2025-05-01T14:40:24.174775,A,154
7,20,2026-04-19T14:40:24.175295,C,22
8,21,2026-07-19T14:40:24.175371,C,111
9,23,2026-04-26T14:40:24.175630,C,101
10,24,2025-03-20T14:40:24.175722,B,230
11,25,2026-09-14T14:40:24.175821,A,979
12,26,2026-09-27T14:40:24.175955,A,947
13,29,2026-02-25T14:40:24.176294,A,12
14,31,2025-03-22T14:40:24.176500,B,450
15,32,2025-02-15T14:40:24.176625,A,123
16,33,2026-02-06T14:40:24.176736,A,101
17,34,2026-09-30T14:40:24.176835,A,79
18,35,2025-03-03T14:40:24.176900,B,120
19,37,2025-05-04T14:40:24.177111,A,5
20,38,2026-08-04T14:40:24.177230,C,107
21,42,2026-09-24T14:40:24.177662,C,709
22,43,2026-08-05T14:40:24.177755,C,366
23,46,2026-08-06T14:40:24.178019,A,118
24,48,2026-09-16T14:40:24.178186,C,115
25,50,2025-01-19T14:40:24.178366,A,1044
26,51,2025-08-24T14:40:24.178476,A,94
27,58,2026-06-21T14:40:24.179207,B,118
28,59,2026-04-26T14:40:24.179363,A,106
29,60,2025-10-11T14:40:24.179438,A,670
30,61,2025-08-07T14:40:24.179579,A,885
31,63,2026-01-27T14:40:24.179946,A,98
32,64,2025-02-23T14:40:24.180056,A,340
33,65,2025-09-07T14:40:24.180151,A,750
34,66,2025-09-27T14:40:24.180252,A,862
35,67,2026-05-12T14:40:24.180320,A,865
36,68,2026-06-12T14:40:24.180445,A,902
37,69,2026-03-31T14:40:24.180512,A,12
38,70,2026-06-02T14:40:24.180656,A,1072
39,74,2026-10-24T14:40:24.181214,B,100
40,75,2026-10-16T14:40:24.181299,A,111
41,76,2025-04-09T14:40:24.181389,A,113
42,77,2026-05-10T14:40:24.181516,B,35
43,78,2025-06-16T14:40:24.181726,A,14
44,80,2025-04-18T14:40:24.181959,B,59
45,82,2025-10-13T14:40:24.182131,C,770
46,84,2026-08-02T14:40:24.182399,C,108
47,85,2026-02-27T14:40:24.182482,A,62
48,89,2025-06-19T14:40:24.182940,C,114
49,90,2026-03-29T14:40:24.183028,A,106
50,93,2026-06-30T14:40:24.183362,C,97
51,94,2026-09-04T14:40:24.183481,A,103
52,95,2026-08-05T14:40:24.183641,B,190
53,97,2025-12-23T14:40:24.183821,B,314
54,98,2026-07-03T14:40:24.184000,A,97
55,101,2026-06-13T14:40:24.184383,A,306
56,102,2026-09-06T14:40:24.184478,A,99
57,103,2025-11-03T14:40:24.184632,A,16
58,104,2025-03-18T14:40:24.184734,A,618
59,105,2025-09-05T14:40:24.184825,A,106
60,106,2025-11-07T14:40:24.184906,A,96
61,107,2025-09-02T14:40:24.185036,A,227
62,108,2025-09-14T14:40:24.185159,A,110
63,109,2026-09-12T14:40:24.185301,A,450
64,113,2026-08-04T14:40:24.185744,C,229
65,114,2026-04-01T14:40:24.185833,A,105
66,119,2026-09-01T14:40:24.186411,A,540
67,120,2026-09-29T14:40:24.186506,A,860
68,122,2025-12-04T14:40:24.186779,A,17
69,126,2024-11-16T14:40:24.187377,B,686
70,130,2026-09-03T14:40:24.188004,A,105
71,132,2024-11-03T14:40:24.188280,A,432
72,136,2026-03-10T14:40:24.188805,C,7
73,138,2026-04-06T14:40:24.189065,C,977
74,141,2026-05-14T14:40:24.189520,B,101
75,143,2026-08-28T14:40:24.189818,C,120
76,148,2026-09-23T14:40:24.190456,C,104
77,150,2026-05-07T14:40:24.190747,A,466
78,153,2026-05-04T14:40:24.191140,A,95
79,157,2025-12-16T14:40:24.191519,B,111
80,158,2025-08-27T14:40:24.191671,A,105
81,159,2025-01-22T14:40:24.191781,C,94
82,160,2024-10-11T14:40:24.191937,A,607
83,161,2025-02-17T14:40:24.192064,B,356
84,162,2025-11-10T14:40:24.192159,A,1037
85,163,2025-10-19T14:40:24.192274,B,119
86,165,2026-05-18T14:40:24.192463,A,822
87,166,2026-06-30T14:40:24.192627,C,647
88,167,2025-11-21T14:40:24.192774,A,116
89,168,2025-12-04T14:40:24.192884,C,102
90,170,2025-07-10T14:40:24.193097,C,644
91,175,2024-10-29T14:40:24.193678,A,242
92,176,2025-03-22T14:40:24.193775,C,1034
93,177,2026-04-24T14:40:24.193877,A,17
94,178,2026-07-10T14:40:24.193964,B,44
95,179,2026-06-15T14:40:24.194076,B,328
96,180,2025-10-02T14:40:24.194164,A,117
97,182,2024-12-04T14:40:24.194414,A,734
98,185,2024-12-26T14:40:24.194798,A,1066
99,188,2026-03-18T14:40:24.194994,A,75
100,189,2025-02-17T14:40:24.195105,A,106
101,192,2025-10-02T14:40:24.195387,C,1024
102,193,2025-03-07T14:40:24.195513,C,645
103,194,2025-01-02T14:40:24.195652,C,119
104,196,2024-09-16T14:40:24.195941,B,801
105,198,2026-04-27T14:40:24.196143,A,116
106,199,2026-06-13T14:40:24.196267,A,109
107,200,2025-12-13T14:40:24.196366,C,182
108,201,2025-10-23T14:40:24.196476,C,693
109,202,2026-09-13T14:40:24.196628,C,989
110,203,2025-11-18T14:40:24.196731,B,281
111,206,2025-04-08T14:40:24.197029,B,445
112,207,2026-12-10T14:40:24.197141,A,100
113,208,2026-07-03T14:40:24.197253,A,81
114,211,2024-10-19T14:40:24.197530,A,222
115,213,2026-04-10T14:40:24.197828,C,296
116,214,2026-07-31T14:40:24.197957,B,358
117,215,2025-01-14T14:40:24.198027,B,215
118,216,2025-06-15T14:40:24.198126,C,261
119,218,2026-03-19T14:40:24.198384,C,339
120,220,2026-06-12T14:40:24.198619,A,88
121,221,2026-07-20T14:40:24.198734,A,758
122,222,2025-01-11T14:40:24.198851,A,114
123,224,2025-03-24T14:40:24.199045,A,735
124,225,2026-03-20T14:40:24.199163,A,890
125,226,2026-06-10T14:40:24.199285,C,1
126,231,2026-06-13T14:40:24.199877,A,627
127,235,2026-08-19T14:40:24.200304,B,115
128,236,2026-01-31T14:40:24.200379,C,57
129,237,2026-10-29T14:40:24.200474,A,17
130,238,2025-04-27T14:40:24.200702,C,843
131,241,2026-03-30T14:40:24.201177,C,236
132,242,2024-08-17T14:40:24.201308,A,285
133,243,2025-12-11T14:40:24.201472,B,824
134,244,2025-07-20T14:40:24.201668,A,373
135,246,2026-08-04T14:40:24.201842,A,104
136,250,2025-08-31T14:40:24.202408,A,750
137,251,2025-12-19T14:40:24.202580,C,720
138,252,2025-02-15T14:40:24.202747,B,77
139,253,2026-02-18T14:40:24.202843,A,371
140,255,2026-08-18T14:40:24.203022,A,212
141,256,2026-07-29T14:40:24.203115,B,100
142,257,2025-05-15T14:40:24.203253,A,1061
143,260,2025-05-21T14:40:24.203627,A,217
144,262,2026-06-07T14:40:24.203886,C,104
145,264,2025-10-23T14:40:24.204103,A,281
146,266,2025-03-27T14:40:24.204280,C,500
147,267,2025-03-07T14:40:24.204383,A,97
148,268,2026-05-01T14:40:24.204469,A,259
149,269,2026-10-09T14:40:24.204617,A,389
150,270,2026-06-14T14:40:24.204764,C,105
151,271,2025-08-05T14:40:24.204880,B,111
152,272,2026-04-07T14:40:24.204971,A,93
153,276,2026-06-15T14:40:24.205329,A,12
154,279,2025-08-30T14:40:24.205647,A,17
155,281,2025-11-28T14:40:24.205810,B,346
156,283,2026-08-04T14:40:24.205979,C,905
157,284,2025-08-02T14:40:24.206097,A,288
158,285,2025-01-31T14:40:24.206195,A,112
159,286,2026-10-15T14:40:24.206332,A,114
160,287,2025-05-28T14:40:24.206432,A,641
161,289,2025-05-31T14:40:24.206755,A,225
162,290,2025-03-31T14:40:24.206879,C,83
163,292,2026-08-28T14:40:24.207116,C,278
164,294,2026-05-03T14:40:24.207338,A,327
165,298,2026-08-11T14:40:24.207746,A,97
166,302,2026-01-26T14:40:24.208342,A,208
167,303,2024-09-18T14:40:24.208444,C,994
168,304,2026-01-21T14:40:24.208540,A,34
169,305,2026-04-28T14:40:24.208697,B,287
170,307,2024-09-17T14:40:24.208881,B,28
171,311,2026-01-16T14:40:24.209278,A,749
172,313,2025-01-16T14:40:24.209513,C,978
173,314,2025-06-27T14:40:24.209702,B,948
174,316,2025-11-11T14:40:24.209909,A,55
175,317,2025-06-26T14:40:24.209976,A,709
176,320,2025-04-13T14:40:24.210199,C,15
177,324,2025-08-12T14:40:24.210640,A,708
178,325,2026-10-01T14:40:24.210725,C,95
179,327,2025-01-11T14:40:24.210974,B,299
180,331,2026-06-15T14:40:24.212360,A,95
181,332,2025-08-01T14:40:24.212460,A,684
182,333,2025-10-14T14:40:24.212604,A,15
183,334,2025-11-04T14:40:24.212713,A,690
184,335,2026-07-31T14:40:24.212811,B,96
185,337,2026-11-05T14:40:24.213103,C,963
186,338,2025-11-30T14:40:24.213238,A,413
187,341,2026-08-23T14:40:24.213487,B,101
188,344,2024-11-13T14:40:24.213888,A,364
189,346,2025-12-19T14:40:24.214079,B,120
190,349,2026-09-12T14:40:24.214583,A,111
191,350,2025-07-18T14:40:24.214711,A,101
192,352,2026-05-26T14:40:24.214870,A,117
193,353,2026-09-24T14:40:24.215001,A,935
194,356,2025-11-13T14:40:24.215306,C,796
195,358,2026-09-26T14:40:24.215515,A,105
196,359,2025-10-07T14:40:24.215656,C,661
197,362,2026-01-22T14:40:24.216066,C,1035
198,364,2025-04-11T14:40:24.216335,A,1070
199,368,2026-09-12T14:40:24.216817,C,103
200,373,2026-05-23T14:40:24.217362,A,246
201,375,2026-08-22T14:40:24.217518,C,22
202,377,2026-06-23T14:40:24.217780,B,95
203,378,2026-11-13T14:40:24.217868,C,120
204,379,2025-06-11T14:40:24.217984,C,663
205,381,2025-05-11T14:40:24.218213,A,105
206,383,2025-08-17T14:40:24.218396,C,183
207,384,2026-03-31T14:40:24.218467,A,707
208,385,2025-03-02T14:40:24.218639,A,115
209,386,2026-09-18T14:40:24.218756,A,599
210,391,2025-02-08T14:40:24.219222,A,117
211,393,2026-02-26T14:40:24.219384,B,21
212,395,2025-11-28T14:40:24.219632,A,13
213,396,2025-10-03T14:40:24.219732,B,110
214,398,2026-09-21T14:40:24.220015,A,108
215,399,2025-03-22T14:40:24.220151,A,113
216,400,2026-08-05T14:40:24.220236,A,679
217,405,2026-05-28T14:40:24.220991,B,184
218,411,2025-04-18T14:40:24.221584,B,959
219,412,2026-08-08T14:40:24.221697,B,440
220,413,2026-05-22T14:40:24.221790,A,329
221,414,2025-03-12T14:40:24.221868,A,105
222,415,2026-10-13T14:40:24.221984,A,198
223,422,2026-09-19T14:40:24.222780,A,93
224,424,2024-10-15T14:40:24.222954,A,466
225,425,2025-02-13T14:40:24.223069,C,489
226,426,2026-08-08T14:40:24.223219,A,110
227,427,2026-04-20T14:40:24.223302,A,99
228,428,2025-01-23T14:40:24.223450,C,321
229,430,2025-05-29T14:40:24.223726,B,897
230,431,2025-02-09T14:40:24.223805,A,379
231,432,2025-03-16T14:40:24.223969,C,209
232,433,2026-09-07T14:40:24.224052,A,205
233,434,2025-01-08T14:40:24.224178,C,80
234,435,2026-03-13T14:40:24.224319,A,116
235,436,2025-08-14T14:40:24.224483,A,934
236,437,2026-01-20T14:40:24.224635,A,232
237,439,2024-12-27T14:40:24.224905,A,688
238,441,2024-12-20T14:40:24.225196,C,112
239,443,2024-10-07T14:40:24.225511,A,769
240,445,2025-07-10T14:40:24.225799,A,64
241,446,2026-08-08T14:40:24.225881,A,106
242,447,2025-05-23T14:40:24.225964,C,147
243,449,2025-09-25T14:40:24.226159,A,633
244,450,2025-03-05T14:40:24.226317,A,93
245,451,2026-07-10T14:40:24.226447,C,296
246,452,2025-04-19T14:40:24.226694,A,1044
247,453,2026-07-08T14:40:24.226787,A,16
248,459,2025-06-15T14:40:24.227342,A,7
249,460,2025-01-31T14:40:24.227432,B,100
250,461,2025-02-27T14:40:24.227571,B,113
251,462,2025-09-29T14:40:24.227667,B,151
252,463,2024-12-07T14:40:24.227791,A,513
253,464,2025-10-20T14:40:24.227925,A,177
254,465,2026-04-21T14:40:24.228003,C,117
255,471,2024-10-13T14:40:24.228591,A,109
256,472,2026-04-13T14:40:24.228711,A,98
257,475,2026-09-19T14:40:24.229179,A,109
258,477,2026-02-23T14:40:24.229359,C,1016
259,479,2024-11-28T14:40:24.229503,A,138
260,481,2025-08-19T14:40:24.229745,A,38
261,482,2024-11-23T14:40:24.229839,A,69
262,483,2025-11-04T14:40:24.229948,A,721
263,484,2026-09-27T14:40:24.230083,C,102
264,491,2026-01-24T14:40:24.230857,B,177
265,493,2026-06-13T14:40:24.231049,A,259
266,494,2026-02-23T14:40:24.231185,A,365
267,495,2025-08-12T14:40:24.231305,A,1042
268,497,2024-10-12T14:40:24.231648,C,800
269,500,2025-01-24T14:40:24.232039,C,472
270,501,2026-04-21T14:40:24.232169,B,295
271,503,2026-01-08T14:40:24.232444,B,111
272,505,2025-07-31T14:40:24.232761,B,1073
273,507,2025-03-17T14:40:24.232983,C,912
274,508,2025-02-02T14:40:24.233090,C,376
275,509,2026-06-10T14:40:24.233193,C,106
276,510,2025-06-30T14:40:24.233313,A,448
277,511,2026-08-19T14:40:24.233449,A,104
278,516,2024-12-05T14:40:24.234034,A,94
279,517,2025-12-23T14:40:24.234140,A,365
280,518,2025-03-16T14:40:24.234228,C,1070
281,522,2025-11-01T14:40:24.234716,C,294
282,523,2024-10-04T14:40:24.234789,A,116
283,524,2025-03-10T14:40:24.234881,A,1032
284,525,2026-09-10T14:40:24.235041,B,710
285,529,2026-08-12T14:40:24.235570,A,98
286,530,2024-12-25T14:40:24.235672,B,466
287,532,2026-02-17T14:40:24.235907,A,119
288,533,2025-05-20T14:40:24.235988,A,740
289,534,2026-05-26T14:40:24.236090,C,109
290,544,2026-01-20T14:40:24.237113,A,912
291,545,2026-03-26T14:40:24.237211,A,58
292,547,2024-12-22T14:40:24.237411,C,95
293,550,2026-01-14T14:40:24.237771,C,104
294,554,2024-11-14T14:40:24.238192,C,87
295,555,2024-11-20T14:40:24.238284,C,110
296,557,2026-09-03T14:40:24.238455,B,72
297,559,2025-04-07T14:40:24.238691,B,587
298,560,2025-09-19T14:40:24.238918,B,1028
299,565,2026-09-18T14:40:24.239470,C,953
300,569,2025-04-14T14:40:24.242230,A,8
301,570,2025-09-12T14:40:24.242408,A,114
302,572,2025-09-07T14:40:24.242667,A,528
303,573,2026-02-06T14:40:24.242773,B,145
304,576,2026-10-04T14:40:24.243119,B,110
305,577,2026-05-09T14:40:24.243244,A,109
306,580,2026-01-21T14:40:24.243640,A,849
307,583,2026-10-07T14:40:24.244065,B,450
308,584,2025-11-03T14:40:24.244221,C,19
309,585,2024-10-10T14:40:24.244352,A,93
310,589,2025-11-18T14:40:24.244826,B,432
311,590,2025-02-04T14:40:24.244953,A,870
312,593,2026-07-05T14:40:24.245300,C,95
313,595,2025-01-10T14:40:24.245625,A,93
314,597,2025-12-27T14:40:24.245831,A,719
315,599,2026-08-22T14:40:24.246017,A,108
316,600,2026-03-30T14:40:24.246123,A,94
317,601,2025-01-10T14:40:24.246238,A,1038
318,603,2026-01-19T14:40:24.246469,A,93
319,604,2025-11-09T14:40:24.246636,A,18
320,605,2026-03-21T14:40:24.246747,B,119
321,607,2025-05-08T14:40:24.246997,B,309
322,609,2026-04-11T14:40:24.247223,A,685
323,610,2026-07-05T14:40:24.247325,B,117
324,612,2026-07-07T14:40:24.247482,C,474
325,613,2024-12-03T14:40:24.247625,C,57
326,615,2026-08-12T14:40:24.247952,A,72
327,616,2026-11-09T14:40:24.248105,C,70
328,617,2025-02-21T14:40:24.248250,A,563
329,619,2025-07-20T14:40:24.248433,B,106
330,620,2026-07-18T14:40:24.248508,B,96
331,624,2026-03-08T14:40:24.249037,C,1049
332,625,2026-04-19T14:40:24.249161,A,81
333,628,2025-10-06T14:40:24.249451,C,109
334,629,2026-01-01T14:40:24.249613,C,1025
335,630,2025-10-03T14:40:24.249749,C,333
336,634,2025-11-15T14:40:24.250241,B,822
337,635,2026-11-11T14:40:24.250427,B,683
338,636,2025-10-02T14:40:24.250519,C,296
339,637,2025-05-15T14:40:24.250670,B,930
340,641,2026-01-10T14:40:24.251179,A,716
341,642,2026-11-15T14:40:24.251309,C,114
342,643,2026-08-10T14:40:24.251440,C,111
343,646,2026-01-04T14:40:24.251825,A,26
344,647,2025-02-22T14:40:24.251996,A,183
345,650,2025-09-12T14:40:24.252361,A,634
346,655,2026-02-20T14:40:24.253020,B,120
347,656,2026-09-15T14:40:24.253105,A,93
348,658,2025-10-21T14:40:24.253343,A,663
349,659,2026-09-17T14:40:24.253460,C,110
350,660,2024-11-18T14:40:24.253579,A,271
351,661,2025-12-24T14:40:24.253730,A,117
352,662,2024-12-19T14:40:24.253813,A,94
353,663,2025-01-31T14:40:24.253891,C,93
354,665,2025-12-06T14:40:24.254079,A,220
355,666,2026-01-25T14:40:24.254245,A,109
356,667,2026-07-31T14:40:24.254375,A,106
357,670,2026-11-24T14:40:24.254799,A,980
358,674,2025-09-13T14:40:24.255249,A,434
359,675,2025-05-08T14:40:24.255376,C,55
360,676,2026-07-18T14:40:24.255453,A,711
361,677,2025-09-16T14:40:24.255617,B,299
362,678,2025-08-03T14:40:24.255722,B,103
363,679,2025-12-29T14:40:24.255898,A,1058
364,681,2026-08-28T14:40:24.256100,C,104
365,683,2026-05-14T14:40:24.256307,A,285
366,684,2025-06-28T14:40:24.256500,A,364
367,686,2024-11-13T14:40:24.256774,A,342
368,687,2025-12-05T14:40:24.256869,B,107
369,688,2026-07-11T14:40:24.257025,A,109
370,691,2025-12-15T14:40:24.257372,A,868
371,693,2025-03-18T14:40:24.257604,A,728
372,694,2024-12-05T14:40:24.257706,A,120
373,695,2025-11-27T14:40:24.257840,C,521
374,696,2025-08-28T14:40:24.257922,C,1053
375,697,2026-04-09T14:40:24.258051,C,331
376,700,2024-11-17T14:40:24.258410,A,504
377,701,2025-06-03T14:40:24.258509,A,111
378,706,2026-02-08T14:40:24.259030,A,111
379,708,2026-07-03T14:40:24.259239,C,120
380,710,2025-12-28T14:40:24.259461,A,99
381,711,2026-10-27T14:40:24.259616,C,1052
382,714,2026-02-17T14:40:24.260011,A,917
383,715,2024-09-17T14:40:24.260103,A,60
384,716,2025-03-21T14:40:24.260244,B,114
385,717,2026-01-29T14:40:24.260343,C,120
386,718,2024-08-25T14:40:24.260438,C,550
387,719,2025-01-14T14:40:24.260585,B,56
388,720,2026-09-09T14:40:24.260699,A,106
389,721,2025-05-26T14:40:24.260813,A,559
390,722,2026-05-31T14:40:24.260915,A,113
391,723,2024-12-06T14:40:24.261036,A,107
392,724,2026-06-23T14:40:24.261148,C,381
393,725,2025-07-11T14:40:24.261239,A,964
394,726,2026-05-28T14:40:24.261332,B,755
395,727,2024-12-18T14:40:24.261488,B,69
396,730,2025-05-04T14:40:24.261907,A,375
397,734,2025-03-16T14:40:24.262328,A,78
398,737,2026-05-14T14:40:24.262801,B,859
399,738,2025-03-22T14:40:24.262887,B,1037
400,742,2026-07-19T14:40:24.263303,A,1008
401,743,2026-11-17T14:40:24.263407,A,69
402,744,2025-05-03T14:40:24.263489,A,656
403,745,2025-07-14T14:40:24.263649,B,102
404,746,2025-04-26T14:40:24.263793,A,301
405,748,2026-08-07T14:40:24.264066,C,105
406,754,2025-09-07T14:40:24.264748,C,81
407,755,2025-12-20T14:40:24.264884,A,456
408,756,2026-10-31T14:40:24.264996,B,111
409,757,2025-11-17T14:40:24.265126,A,1057
410,758,2026-03-15T14:40:24.265259,C,29
411,761,2026-10-09T14:40:24.265540,C,104
412,762,2025-07-06T14:40:24.265706,B,343
413,763,2026-07-22T14:40:24.265806,A,287
414,765,2025-11-25T14:40:24.265963,C,104
415,766,2024-11-06T14:40:24.266034,A,115
416,767,2026-10-30T14:40:24.266128,A,300
417,769,2025-04-09T14:40:24.266318,B,796
418,770,2025-03-18T14:40:24.266420,C,44
419,772,2026-04-20T14:40:24.266639,B,115
420,773,2025-05-29T14:40:24.266720,A,705
421,774,2025-11-19T14:40:24.266823,B,205
422,775,2026-02-25T14:40:24.266984,A,105
423,777,2026-09-13T14:40:24.267317,B,79
424,778,2025-05-04T14:40:24.267441,C,97
425,779,2025-03-27T14:40:24.267518,B,90
426,781,2026-12-01T14:40:24.267782,A,180
427,788,2024-11-12T14:40:24.268741,A,78
428,790,2026-10-26T14:40:24.268989,C,108
429,791,2026-09-11T14:40:24.269122,A,171
430,793,2025-05-21T14:40:24.269339,C,1041
431,800,2025-09-23T14:40:24.270169,A,977
432,801,2025-09-15T14:40:24.270353,C,338
433,803,2026-03-09T14:40:24.270800,B,100
434,804,2026-06-07T14:40:24.271009,A,109
435,805,2025-07-19T14:40:24.271119,C,105
436,806,2025-11-02T14:40:24.271263,A,301
437,807,2025-12-27T14:40:24.271355,A,595
438,810,2026-11-17T14:40:24.271753,C,107
439,812,2025-12-03T14:40:24.272095,A,364
440,814,2026-06-27T14:40:24.272301,C,117
441,815,2025-03-19T14:40:24.272408,A,25
442,816,2026-09-04T14:40:24.272492,A,98
443,817,2026-08-03T14:40:24.272695,C,101
444,818,2025-05-25T14:40:24.272824,A,138
445,822,2025-04-27T14:40:24.273219,A,997
446,823,2026-07-04T14:40:24.273306,A,842
447,825,2026-12-16T14:40:24.273630,A,481
448,827,2026-08-30T14:40:24.273899,A,714
449,829,2024-10-21T14:40:24.274156,C,1057
450,831,2025-05-14T14:40:24.274409,B,156
451,833,2025-12-20T14:40:24.274658,A,716
452,834,2025-02-11T14:40:24.274896,A,353
453,837,2024-11-29T14:40:24.275303,B,412
454,838,2025-08-09T14:40:24.275384,A,383
455,839,2025-04-25T14:40:24.275480,A,15
456,840,2026-07-26T14:40:24.275654,A,96
457,841,2025-03-01T14:40:24.275812,A,112
458,842,2026-09-26T14:40:24.275944,A,403
459,845,2025-05-29T14:40:24.276232,A,82
460,849,2025-01-18T14:40:24.276685,A,15
461,853,2026-01-09T14:40:24.277222,A,104
462,854,2025-09-05T14:40:24.277365,A,104
463,856,2026-03-01T14:40:24.277594,B,457
464,862,2026-09-19T14:40:24.278184,C,102
465,864,2025-12-19T14:40:24.278325,B,98
466,865,2026-09-08T14:40:24.278459,A,112
467,868,2025-08-01T14:40:24.278751,A,236
468,869,2025-03-03T14:40:24.278863,C,387
469,870,2025-09-18T14:40:24.278957,A,109
470,872,2026-01-07T14:40:24.279250,A,82
471,873,2025-09-19T14:40:24.279352,C,455
472,875,2026-03-22T14:40:24.279634,A,941
473,876,2026-06-30T14:40:24.279733,C,109
474,878,2026-05-22T14:40:24.279991,A,1059
475,879,2025-06-12T14:40:24.280157,C,8
476,880,2026-11-04T14:40:24.280309,A,233
477,882,2026-07-07T14:40:24.280583,A,658
478,885,2025-01-12T14:40:24.281051,C,337
479,888,2025-10-06T14:40:24.281393,A,838
480,891,2025-06-30T14:40:24.281830,C,182
481,892,2026-07-15T14:40:24.281954,B,91
482,893,2025-08-14T14:40:24.282042,B,800
483,895,2026-07-21T14:40:24.282269,A,95
484,896,2025-05-29T14:40:24.282415,A,1038
485,898,2025-08-17T14:40:24.282671,A,100
486,899,2024-12-20T14:40:24.282797,A,113
487,900,2026-11-04T14:40:24.282938,A,117
488,901,2025-11-22T14:40:24.283056,B,104
489,902,2024-12-03T14:40:24.283185,A,139
490,903,2024-11-11T14:40:24.283259,B,724
491,904,2026-10-17T14:40:24.283362,B,99
492,906,2026-09-10T14:40:24.283506,C,23
493,907,2025-08-02T14:40:24.283632,C,24
494,908,2025-06-30T14:40:24.283742,A,824
495,910,2026-03-03T14:40:24.283967,C,886
496,912,2026-08-08T14:40:24.284244,B,3
497,914,2026-07-23T14:40:24.284589,A,113
498,915,2025-06-02T14:40:24.284685,A,113
499,916,2025-01-15T14:40:24.284764,A,13
500,918,2025-06-05T14:40:24.284988,B,217
501,919,2026-06-10T14:40:24.285143,A,113
502,921,2025-08-22T14:40:24.285436,A,459
503,925,2026-11-02T14:40:24.285886,A,822
504,926,2025-07-22T14:40:24.285976,A,391
505,932,2026-04-28T14:40:24.286623,A,326
506,934,2026-09-28T14:40:24.286888,B,106
507,936,2026-07-20T14:40:24.287319,B,107
508,937,2025-11-26T14:40:24.287443,A,79
509,938,2024-10-23T14:40:24.287578,C,578
510,939,2024-11-14T14:40:24.287753,C,449
511,940,2026-07-10T14:40:24.287968,C,1002
512,944,2026-03-12T14:40:24.288422,A,391
513,945,2025-09-23T14:40:24.288541,A,238
514,947,2024-09-08T14:40:24.288810,A,721
515,948,2026-11-16T14:40:24.288920,A,110
516,949,2026-05-14T14:40:24.289055,B,98
517,952,2025-07-14T14:40:24.289417,A,69
518,954,2024-12-12T14:40:24.289698,B,58
519,955,2026-07-13T14:40:24.289853,A,262
520,956,2026-09-18T14:40:24.289941,A,1
521,957,2025-11-19T14:40:24.290064,B,420
522,960,2026-06-13T14:40:24.290463,B,156
523,961,2025-06-23T14:40:24.290654,C,701
524,963,2026-06-01T14:40:24.290939,A,97
525,967,2026-01-31T14:40:24.291406,A,107
526,968,2024-12-14T14:40:24.291565,B,923
527,969,2026-09-04T14:40:24.291673,A,97
528,971,2025-01-29T14:40:24.291875,A,95
529,972,2026-03-28T14:40:24.291981,A,100
530,975,2025-04-09T14:40:24.292278,C,198
531,979,2026-10-09T14:40:24.292786,A,114
532,982,2026-09-24T14:40:24.293170,A,75
533,983,2025-11-04T14:40:24.293306,B,238
534,986,2025-10-06T14:40:24.293625,C,6
535,989,2026-06-03T14:40:24.294069,A,111
536,990,2025-01-26T14:40:24.294144,C,96
537,992,2026-09-23T14:40:24.294375,A,108
538,993,2025-06-06T14:40:24.294455,A,500
539,998,2026-10-05T14:40:24.295680,A,97
540,999,2025-08-20T14:40:24.295960,A,473
541,1000,2025-01-02T14:40:24.296181,C,1049
542,1002,2025-02-25T14:40:24.296398,C,485
543,1003,2026-07-09T14:40:24.296623,C,553
544,1005,2026-06-03T14:40:24.296954,B,1025
545,1010,2025-03-31T14:40:24.297473,A,116
546,1013,2025-04-15T14:40:24.297853,A,663
547,1014,2025-10-04T14:40:24.297940,B,198
548,1017,2026-09-15T14:40:24.298266,C,94
549,1018,2025-07-02T14:40:24.298414,C,849
550,1019,2026-07-02T14:40:24.298572,C,60
551,1021,2026-01-26T14:40:24.298830,A,1
552,1022,2025-12-19T14:40:24.298959,A,948
553,1023,2025-11-27T14:40:24.299073,A,102
554,1024,2026-09-01T14:40:24.299300,C,107
555,1025,2026-02-08T14:40:24.299440,B,112
556,1026,2025-09-17T14:40:24.299616,A,329
557,1029,2025-10-10T14:40:24.300093,B,1051
558,1030,2024-11-24T14:40:24.300231,C,195
559,1031,2026-01-12T14:40:24.300409,A,894
560,1032,2025-05-15T14:40:24.300506,A,229
561,1035,2024-09-17T14:40:24.300916,A,908
562,1036,2026-03-31T14:40:24.301047,A,107
563,1037,2026-08-07T14:40:24.301217,C,363
564,1038,2024-10-27T14:40:24.301346,A,27
565,1039,2026-09-25T14:40:24.301443,A,619
566,1040,2025-10-27T14:40:24.301621,C,55
567,1041,2025-04-05T14:40:24.301731,A,94
568,1042,2025-04-17T14:40:24.301832,A,104
569,1045,2026-07-25T14:40:24.302158,A,103
570,1046,2025-10-02T14:40:24.302241,A,117
571,1047,2025-01-13T14:40:24.302389,A,324
572,1048,2024-12-16T14:40:24.302513,A,258
573,1049,2026-06-16T14:40:24.302684,C,89
574,1050,2026-06-20T14:40:24.302791,B,364
575,1052,2026-07-24T14:40:24.303026,A,95
576,1058,2026-07-28T14:40:24.303866,A,1072
577,1059,2026-05-14T14:40:24.303993,A,933
578,1060,2026-03-13T14:40:24.304134,C,93
579,1062,2025-02-26T14:40:24.304347,A,742
580,1064,2025-08-18T14:40:24.304645,A,508
581,1065,2026-08-28T14:40:24.304801,B,119
582,1066,2026-08-27T14:40:24.304887,A,348
583,1067,2026-01-21T14:40:24.304987,A,374
584,1068,2026-10-12T14:40:24.305145,A,96
585,1070,2025-02-03T14:40:24.305517,A,121
586,1071,2026-08-04T14:40:24.305636,A,828
587,1072,2026-03-25T14:40:24.305742,A,88
588,1073,2026-07-14T14:40:24.305867,A,1053
589,1074,2026-06-17T14:40:24.305948,A,114
590,1076,2025-04-29T14:40:24.306264,A,89
591,1078,2026-06-30T14:40:24.306480,A,118
592,1079,2026-03-30T14:40:24.306574,C,1060
593,1080,2026-06-15T14:40:24.306725,A,107
594,1083,2025-08-16T14:40:24.307002,B,677
595,1087,2026-06-20T14:40:24.307679,B,303
596,1089,2025-08-14T14:40:24.307887,B,727
597,1091,2025-03-08T14:40:24.308128,A,118
598,1093,2025-05-27T14:40:24.308306,A,113
599,1094,2025-11-07T14:40:24.308448,A,400
600,1095,2025-02-19T14:40:24.308585,A,116
601,1098,2026-07-13T14:40:24.309006,A,118
602,1099,2025-03-08T14:40:24.309165,C,116
603,1100,2026-03-11T14:40:24.309305,A,566
604,1102,2025-04-17T14:40:24.309537,A,369
605,1104,2026-04-26T14:40:24.309797,B,109
606,1105,2026-03-01T14:40:24.309878,C,481
607,1109,2025-03-11T14:40:24.310392,A,308
608,1110,2025-09-14T14:40:24.310576,B,784
609,1112,2025-05-04T14:40:24.310903,A,578
610,1114,2026-09-06T14:40:24.311149,A,61
611,1116,2025-12-05T14:40:24.311610,A,10
612,1117,2026-04-25T14:40:24.311719,B,86
613,1119,2026-04-12T14:40:24.312095,A,651
614,1123,2026-02-06T14:40:24.312501,B,80
615,1126,2026-01-15T14:40:24.312906,C,116
616,1127,2026-02-02T14:40:24.312998,B,295
617,1128,2026-06-25T14:40:24.313100,B,58
618,1129,2025-08-29T14:40:24.313223,A,984
619,1133,2025-04-28T14:40:24.313794,B,1025
620,1135,2025-04-08T14:40:24.314044,C,854
621,1136,2026-05-09T14:40:24.314168,C,722
622,1137,2026-07-03T14:40:24.314330,B,847
623,1138,2025-09-04T14:40:24.314470,A,103
624,1140,2026-03-17T14:40:24.314824,C,257
625,1142,2025-11-01T14:40:24.315036,C,104
626,1143,2025-02-13T14:40:24.315120,A,83
627,1144,2026-11-18T14:40:24.315296,C,104
628,1146,2025-12-01T14:40:24.315504,A,115
629,1148,2025-12-07T14:40:24.315791,A,228
630,1149,2024-11-24T14:40:24.315950,B,297
631,1153,2025-08-14T14:40:24.316356,A,48
632,1154,2025-05-21T14:40:24.316541,C,379
633,1155,2026-03-19T14:40:24.316683,A,1010
634,1156,2024-11-26T14:40:24.316768,A,22
635,1157,2026-07-23T14:40:24.316869,A,212
636,1162,2026-05-16T14:40:24.317472,A,93
637,1163,2026-08-08T14:40:24.317728,A,114
638,1164,2025-10-23T14:40:24.317868,C,28
639,1166,2026-10-24T14:40:24.318107,B,116
640,1167,2026-06-10T14:40:24.318196,A,954
641,1168,2024-12-06T14:40:24.318332,B,104
642,1170,2026-09-03T14:40:24.318514,A,110
643,1172,2026-02-10T14:40:24.318716,B,106
644,1174,2026-10-21T14:40:24.318964,C,704
645,1175,2024-10-12T14:40:24.319103,A,106
646,1176,2025-05-29T14:40:24.319224,A,337
647,1178,2026-07-28T14:40:24.319464,A,326
648,1179,2024-12-18T14:40:24.319662,A,98
649,1180,2025-04-04T14:40:24.319777,B,103
650,1185,2026-02-25T14:40:24.320391,C,383
651,1187,2026-03-17T14:40:24.320708,A,719
652,1192,2026-06-12T14:40:24.321367,C,978
653,1193,2026-03-05T14:40:24.321472,A,322
654,1194,2025-01-30T14:40:24.321679,A,648
655,1195,2025-11-07T14:40:24.321811,A,13
656,1196,2025-04-19T14:40:24.321904,A,964
657,1198,2024-10-07T14:40:24.322149,A,28
658,1199,2025-12-28T14:40:24.322255,A,118
659,1200,2026-03-30T14:40:24.322344,A,1006
660,1201,2026-07-17T14:40:24.322516,A,590
661,1202,2025-03-05T14:40:24.322646,C,29
662,1204,2024-11-25T14:40:24.322852,A,116
663,1206,2026-02-15T14:40:24.323054,A,63
664,1208,2025-12-24T14:40:24.323218,C,107
665,1209,2025-05-13T14:40:24.323324,A,838
666,1213,2026-08-21T14:40:24.324003,A,96
667,1217,2026-03-22T14:40:24.324510,C,443
668,1218,2025-11-27T14:40:24.324655,B,81
669,1221,2025-07-21T14:40:24.325024,A,118
670,1224,2025-06-10T14:40:24.325375,A,710
671,1225,2026-07-18T14:40:24.325466,A,49
672,1226,2026-07-26T14:40:24.325632,C,169
673,1227,2026-08-28T14:40:24.325793,A,681
674,1228,2026-03-30T14:40:24.325945,A,215
675,1230,2026-09-13T14:40:24.326214,A,108
676,1231,2025-04-07T14:40:24.326296,C,29
677,1233,2025-06-30T14:40:24.326529,A,1041
678,1235,2025-06-17T14:40:24.326873,A,102
679,1239,2025-10-12T14:40:24.327403,A,307
680,1240,2026-02-14T14:40:24.327493,B,101
681,1241,2025-06-16T14:40:24.327675,A,1003
682,1243,2026-03-09T14:40:24.327968,B,1021
683,1244,2025-10-19T14:40:24.328114,A,123
684,1245,2026-01-11T14:40:24.328229,B,924
685,1248,2025-08-31T14:40:24.328736,A,972
686,1253,2025-05-16T14:40:24.329305,C,339
687,1254,2025-09-12T14:40:24.329438,A,105
688,1255,2025-08-15T14:40:24.329535,A,120
689,1257,2025-04-16T14:40:24.329977,C,161
690,1258,2025-09-28T14:40:24.330095,A,499
691,1263,2026-01-25T14:40:24.330766,B,706
692,1265,2024-11-24T14:40:24.331007,B,592
693,1267,2025-01-29T14:40:24.331205,A,904
694,1269,2025-03-17T14:40:24.331423,B,368
695,1270,2025-03-11T14:40:24.331571,B,90
696,1273,2025-03-05T14:40:24.332066,B,69
697,1274,2026-08-04T14:40:24.332236,B,95
698,1276,2026-11-28T14:40:24.332369,B,69
699,1278,2026-09-21T14:40:24.332646,A,58
700,1279,2026-05-04T14:40:24.332818,A,656
701,1282,2025-09-06T14:40:24.333138,A,114
702,1283,2026-02-19T14:40:24.333287,C,951
703,1284,2026-10-03T14:40:24.333434,C,1071
704,1285,2026-09-24T14:40:24.333643,A,103
705,1286,2025-06-10T14:40:24.333809,A,11
706,1287,2026-03-01T14:40:24.333980,C,120
707,1290,2026-07-14T14:40:24.334358,A,1012
708,1292,2025-04-28T14:40:24.334756,B,718
709,1293,2026-04-26T14:40:24.334953,A,186
710,1295,2025-01-15T14:40:24.335230,C,991
711,1297,2025-07-13T14:40:24.335507,B,191
712,1301,2026-04-13T14:40:24.336222,C,1033
713,1308,2025-07-17T14:40:24.337258,A,308
714,1310,2026-06-10T14:40:24.337446,A,534
715,1311,2026-01-10T14:40:24.337570,B,27
716,1314,2025-07-14T14:40:24.337921,A,139
717,1315,2026-04-16T14:40:24.338061,A,328
718,1316,2024-12-01T14:40:24.338151,B,94
719,1317,2026-09-30T14:40:24.338272,C,94
720,1318,2024-10-17T14:40:24.338396,A,97
721,1320,2026-04-30T14:40:24.338754,B,119
722,1321,2025-09-25T14:40:24.338832,B,217
723,1322,2025-07-15T14:40:24.338925,B,13
724,1324,2025-03-15T14:40:24.339092,A,479
725,1325,2025-08-27T14:40:24.339239,A,594
726,1327,2025-10-21T14:40:24.339536,A,4
727,1329,2025-03-29T14:40:24.339902,A,102
728,1330,2026-05-14T14:40:24.339989,A,11
729,1332,2026-07-08T14:40:24.340310,A,119
730,1336,2025-01-17T14:40:24.340910,B,1045
731,1337,2026-04-01T14:40:24.341017,A,8
732,1338,2026-06-02T14:40:24.341177,A,104
733,1340,2026-05-19T14:40:24.341419,A,129
734,1342,2026-06-11T14:40:24.341769,A,110
735,1343,2026-04-28T14:40:24.341858,C,365
736,1344,2025-04-02T14:40:24.341951,A,502
737,1346,2025-05-02T14:40:24.342301,B,99
738,1347,2025-10-18T14:40:24.342444,A,66
739,1348,2025-04-23T14:40:24.342529,A,115
740,1349,2026-09-14T14:40:24.342661,C,104
741,1353,2026-07-04T14:40:24.343157,A,87
742,1355,2025-02-17T14:40:24.343424,A,364
743,1357,2026-08-12T14:40:24.343750,A,322
744,1360,2025-07-28T14:40:24.344208,C,845
745,1361,2026-10-31T14:40:24.344311,C,99
746,1362,2025-10-12T14:40:24.344433,C,880
747,1363,2026-08-29T14:40:24.344582,A,438
748,1368,2025-03-28T14:40:24.345166,C,1040
749,1369,2025-05-29T14:40:24.345235,B,915
750,1376,2024-12-19T14:40:24.346078,A,105
751,1377,2026-11-06T14:40:24.346250,A,113
752,1378,2025-04-13T14:40:24.346392,C,217
753,1380,2026-03-26T14:40:24.346752,C,1055
754,1382,2025-06-03T14:40:24.347003,B,103
755,1383,2024-11-19T14:40:24.347097,C,888
756,1384,2025-04-22T14:40:24.347245,A,94
757,1385,2025-06-29T14:40:24.347346,C,1003
758,1386,2026-07-10T14:40:24.347435,A,573
759,1387,2026-10-24T14:40:24.347574,A,150
760,1388,2024-12-11T14:40:24.347693,A,118
761,1391,2025-06-19T14:40:24.348363,C,107
762,1393,2026-06-14T14:40:24.348651,A,94
763,1394,2026-03-25T14:40:24.348757,A,144
764,1397,2026-09-01T14:40:24.349222,A,393
765,1398,2025-03-17T14:40:24.349335,C,434
766,1400,2026-01-17T14:40:24.349668,C,3
767,1401,2026-06-10T14:40:24.349792,B,758
768,1402,2026-06-23T14:40:24.349874,A,757
769,1403,2026-04-02T14:40:24.350037,C,119
770,1404,2025-08-13T14:40:24.350117,C,99
771,1409,2025-11-23T14:40:24.350806,A,646
772,1410,2026-10-25T14:40:24.350952,A,491
773,1413,2026-08-21T14:40:24.351337,C,769
774,1414,2025-01-16T14:40:24.351432,C,50
775,1416,2025-03-04T14:40:24.351755,B,623
776,1417,2026-04-12T14:40:24.351883,B,103
777,1419,2026-10-09T14:40:24.352215,A,94
778,1420,2026-07-15T14:40:24.352309,A,106
779,1421,2025-06-12T14:40:24.352430,A,750
780,1422,2026-02-22T14:40:24.352590,A,963
781,1424,2026-01-21T14:40:24.352789,A,95
782,1426,2026-06-29T14:40:24.353041,A,101
783,1427,2026-04-21T14:40:24.353117,C,684
784,1428,2025-04-13T14:40:24.353268,C,1052
785,1430,2025-06-15T14:40:24.353495,A,1043
786,1434,2025-04-07T14:40:24.354145,C,748
787,1438,2026-05-07T14:40:24.354765,A,284
788,1441,2025-03-10T14:40:24.355178,C,476
789,1442,2026-05-06T14:40:24.355298,A,354
790,1446,2025-01-11T14:40:24.355942,A,17
791,1448,2026-07-12T14:40:24.356188,A,55
792,1449,2024-11-23T14:40:24.356351,C,38
793,1452,2025-06-14T14:40:24.356835,A,307
794,1453,2025-03-31T14:40:24.356950,C,114
795,1455,2026-09-08T14:40:24.357156,A,1030
796,1458,2026-08-17T14:40:24.357575,A,116
797,1460,2026-06-17T14:40:24.357910,A,116
798,1461,2025-05-11T14:40:24.358037,A,769
799,1462,2025-03-12T14:40:24.358153,A,18
800,1464,2026-01-29T14:40:24.358414,C,118
801,1469,2025-07-25T14:40:24.359168,B,120
802,1470,2026-01-03T14:40:24.359278,A,362
803,1472,2026-09-25T14:40:24.359597,A,20
804,1475,2025-11-06T14:40:24.360058,B,400
805,1476,2026-11-17T14:40:24.360218,A,443
806,1477,2025-08-11T14:40:24.360715,A,508
807,1478,2026-07-02T14:40:24.360872,A,73
808,1479,2024-12-11T14:40:24.361044,C,120
809,1480,2026-12-10T14:40:24.361162,A,93
810,1481,2025-05-31T14:40:24.361262,A,133
811,1482,2026-02-02T14:40:24.361463,C,202
812,1487,2026-09-07T14:40:24.362307,B,1050
813,1489,2026-05-11T14:40:24.362665,A,94
814,1491,2025-03-15T14:40:24.362961,A,100
815,1494,2026-07-29T14:40:24.363283,A,330
816,1496,2026-07-03T14:40:24.363717,B,228
817,1497,2026-05-05T14:40:24.363957,A,12
818,1499,2025-09-17T14:40:24.364274,A,90
819,1500,2025-09-13T14:40:24.364366,B,104
820,1501,2026-04-30T14:40:24.364489,A,66
821,1507,2025-03-23T14:40:24.365432,B,302
822,1508,2025-11-13T14:40:24.365653,A,98
823,1509,2026-08-16T14:40:24.365835,C,276
824,1510,2025-12-16T14:40:24.366038,C,261
825,1512,2026-03-20T14:40:24.366378,C,96
826,1513,2026-01-21T14:40:24.366486,C,104
827,1516,2026-09-21T14:40:24.367136,A,96
828,1518,2024-12-01T14:40:24.367394,A,58
829,1520,2026-03-22T14:40:24.367663,C,52
830,1524,2025-09-30T14:40:24.368655,C,161
831,1525,2026-03-11T14:40:24.368785,C,18
832,1527,2026-08-09T14:40:24.369040,C,114
833,1529,2025-02-17T14:40:24.369393,B,92
834,1530,2026-06-08T14:40:24.369639,A,999
835,1531,2025-03-29T14:40:24.369809,A,945
836,1533,2025-07-29T14:40:24.370069,A,168
837,1534,2026-02-27T14:40:24.370214,C,107
838,1538,2026-07-17T14:40:24.370757,A,75
839,1539,2026-04-22T14:40:24.370863,A,892
840,1540,2025-10-23T14:40:24.371091,A,1024
841,1541,2026-08-07T14:40:24.371289,A,16
842,1542,2025-12-13T14:40:24.371452,C,223
843,1545,2026-03-22T14:40:24.372189,C,65
844,1547,2026-10-13T14:40:24.372467,B,109
845,1548,2026-06-15T14:40:24.372624,A,110
846,1549,2025-10-18T14:40:24.372737,A,542
847,1550,2026-07-03T14:40:24.373030,A,118
848,1551,2026-11-14T14:40:24.373115,A,867
849,1555,2026-06-20T14:40:24.373839,A,840
850,1556,2026-01-09T14:40:24.373915,C,2
851,1559,2026-05-09T14:40:24.374372,C,359
852,1563,2025-03-05T14:40:24.375006,B,450
853,1566,2025-06-20T14:40:24.375492,C,107
854,1570,2026-10-13T14:40:24.376153,A,673
855,1572,2026-05-13T14:40:24.376431,A,75
856,1573,2025-07-16T14:40:24.376659,A,102
857,1574,2026-03-07T14:40:24.376787,B,76
858,1575,2026-07-30T14:40:24.376885,B,114
859,1577,2024-10-26T14:40:24.377167,B,82
860,1580,2026-09-24T14:40:24.377645,B,618
861,1581,2025-10-21T14:40:24.377835,B,103
862,1582,2025-04-20T14:40:24.378027,A,422
863,1583,2026-11-22T14:40:24.378223,A,477
864,1584,2025-09-19T14:40:24.378434,B,12
865,1586,2024-10-14T14:40:24.378660,B,985
866,1588,2026-05-20T14:40:24.379045,C,1006
867,1591,2025-03-25T14:40:24.379426,A,4
868,1594,2026-03-17T14:40:24.380016,C,536
869,1595,2025-11-13T14:40:24.380162,A,119
870,1596,2025-09-23T14:40:24.380325,C,1038
871,1599,2025-09-13T14:40:24.380753,C,444
872,1600,2026-03-20T14:40:24.380919,B,98
873,1601,2025-03-11T14:40:24.381073,B,99
874,1604,2025-01-07T14:40:24.381528,A,9
875,1607,2025-08-28T14:40:24.381983,A,117
876,1608,2025-12-30T14:40:24.382077,C,1028
877,1609,2025-01-27T14:40:24.382278,B,956
878,1611,2026-03-27T14:40:24.382670,C,113
879,1614,2026-07-10T14:40:24.383013,A,298
880,1615,2026-03-20T14:40:24.383110,A,377
881,1618,2024-12-02T14:40:24.383586,B,38
882,1619,2025-04-04T14:40:24.383683,C,98
883,1621,2026-11-08T14:40:24.384048,C,56
884,1623,2025-05-14T14:40:24.384410,A,240
885,1626,2025-09-24T14:40:24.384853,B,95
886,1627,2026-11-29T14:40:24.385150,A,110
887,1629,2025-07-19T14:40:24.385413,A,455
888,1632,2026-04-29T14:40:24.385988,A,100
889,1637,2025-01-22T14:40:24.386745,A,342
890,1640,2025-05-27T14:40:24.387119,A,98
891,1641,2026-01-14T14:40:24.387281,A,993
892,1642,2026-07-03T14:40:24.387447,C,519
893,1644,2026-01-19T14:40:24.387801,C,698
894,1645,2024-11-16T14:40:24.387926,A,28
895,1647,2026-11-26T14:40:24.388255,C,452
896,1648,2025-09-24T14:40:24.388385,A,853
897,1649,2026-08-04T14:40:24.388602,C,228
898,1652,2026-11-01T14:40:24.389086,A,528
899,1655,2026-08-12T14:40:24.389395,A,120
900,1659,2026-08-23T14:40:24.390033,A,968
901,1660,2025-05-23T14:40:24.390119,A,771
902,1663,2026-07-14T14:40:24.390446,C,113
903,1664,2025-09-16T14:40:24.390642,C,100
904,1665,2026-09-01T14:40:24.390775,A,208
905,1666,2025-07-20T14:40:24.390966,A,254
906,1668,2026-09-26T14:40:24.391478,A,42
907,1669,2025-07-29T14:40:24.391674,A,75
908,1670,2026-03-03T14:40:24.391819,A,513
909,1671,2025-05-01T14:40:24.391982,B,453
910,1672,2026-10-18T14:40:24.392168,A,104
911,1674,2024-11-25T14:40:24.392630,C,357
912,1675,2025-05-21T14:40:24.392884,A,878
913,1678,2025-07-09T14:40:24.393389,B,448
914,1682,2025-03-03T14:40:24.393960,C,66
915,1684,2026-07-11T14:40:24.394298,A,117
916,1686,2026-07-21T14:40:24.394603,A,107
917,1687,2026-02-04T14:40:24.394768,A,900
918,1688,2025-07-14T14:40:24.394956,A,978
919,1689,2026-01-26T14:40:24.395089,C,1049
920,1690,2025-06-19T14:40:24.395310,A,764
921,1691,2026-06-20T14:40:24.395470,C,101
922,1692,2024-12-20T14:40:24.395654,A,94
923,1693,2024-10-03T14:40:24.395881,C,976
924,1695,2026-07-16T14:40:24.396153,C,530
925,1696,2026-12-01T14:40:24.396271,C,699
926,1697,2026-02-14T14:40:24.396358,A,28
927,1698,2025-01-05T14:40:24.396503,A,763
928,1699,2025-04-30T14:40:24.396647,A,911
929,1700,2025-08-26T14:40:24.396774,C,363
930,1701,2025-03-09T14:40:24.396999,A,790
931,1707,2025-08-07T14:40:24.397931,A,2
932,1708,2025-02-26T14:40:24.398063,A,77
933,1710,2024-11-18T14:40:24.398340,B,736
934,1711,2025-03-26T14:40:24.398489,B,115
935,1713,2025-07-17T14:40:24.398760,A,1059
936,1715,2024-10-14T14:40:24.399106,A,955
937,1718,2026-07-13T14:40:24.399630,A,719
938,1719,2026-08-02T14:40:24.399726,C,98
939,1720,2025-03-27T14:40:24.399889,C,26
940,1721,2025-02-22T14:40:24.400061,A,974
941,1722,2026-03-15T14:40:24.400192,A,99
942,1723,2026-12-18T14:40:24.400332,B,843
943,1724,2025-06-29T14:40:24.400451,B,197
944,1726,2026-01-24T14:40:24.400844,A,392
945,1728,2026-07-10T14:40:24.401078,A,114
946,1729,2026-02-27T14:40:24.401275,A,118
947,1731,2026-04-14T14:40:24.401572,B,533
948,1733,2026-04-04T14:40:24.401943,A,98
949,1734,2025-07-23T14:40:24.402179,A,836
950,1736,2026-06-03T14:40:24.402495,C,250
951,1737,2026-08-14T14:40:24.402704,C,106
952,1738,2026-04-15T14:40:24.402834,B,545
953,1739,2026-08-16T14:40:24.403025,A,103
954,1743,2026-06-18T14:40:24.403690,B,313
955,1744,2024-11-02T14:40:24.403966,C,72
956,1748,2025-12-09T14:40:24.404756,A,61
957,1749,2026-05-30T14:40:24.404905,B,457
958,1752,2026-07-10T14:40:24.405335,B,242
959,1755,2025-08-25T14:40:24.405882,A,64
960,1756,2026-09-19T14:40:24.406072,C,472
961,1759,2026-06-27T14:40:24.406597,A,120
962,1761,2025-04-18T14:40:24.406830,A,120
963,1764,2025-07-18T14:40:24.407332,C,104
964,1766,2026-02-13T14:40:24.407709,A,119
965,1768,2025-07-26T14:40:24.408154,A,28
966,1769,2026-05-12T14:40:24.408392,A,109
967,1770,2025-05-16T14:40:24.408510,A,482
968,1772,2026-03-29T14:40:24.408857,C,932
969,1773,2025-02-22T14:40:24.409009,B,62
970,1775,2025-09-07T14:40:24.409251,C,1034
971,1784,2026-08-16T14:40:24.410637,A,479
972,1785,2025-07-27T14:40:24.410806,A,202
973,1789,2025-04-06T14:40:24.411464,B,721
974,1790,2026-05-31T14:40:24.411723,A,466
975,1791,2025-12-14T14:40:24.411931,A,319
976,1792,2026-06-28T14:40:24.412046,C,103
977,1793,2026-02-06T14:40:24.412132,A,956
978,1796,2026-01-12T14:40:24.412568,A,300
979,1797,2025-05-16T14:40:24.412784,A,305
980,1798,2026-02-05T14:40:24.412987,C,1048
981,1799,2026-05-02T14:40:24.413135,B,517
982,1800,2025-12-21T14:40:24.413327,A,332
983,1802,2026-09-03T14:40:24.413702,A,63
984,1803,2024-12-28T14:40:24.413849,C,980
985,1805,2025-10-12T14:40:24.414129,C,183
986,1806,2026-08-04T14:40:24.414291,A,479
987,1808,2026-01-02T14:40:24.414623,C,116
988,1810,2025-07-07T14:40:24.414924,C,97
989,1811,2026-02-13T14:40:24.415036,A,112
990,1813,2025-06-25T14:40:24.415345,B,69
991,1814,2025-04-16T14:40:24.415528,A,97
992,1815,2026-01-22T14:40:24.415987,B,1019
993,1816,2025-08-17T14:40:24.416132,A,202
994,1818,2024-12-13T14:40:24.416533,A,380
995,1819,2025-09-02T14:40:24.416756,A,133
996,1821,2025-03-26T14:40:24.417048,C,55
997,1823,2025-05-18T14:40:24.417312,A,226
998,1826,2025-02-16T14:40:24.417815,A,1050
999,1827,2025-07-18T14:40:24.417950,C,77
1000,1828,2026-03-01T14:40:24.418090,B,22
1001,1831,2025-04-20T14:40:24.418607,A,39
1002,1832,2026-04-30T14:40:24.418700,C,81
1003,1833,2024-12-07T14:40:24.418801,A,48
1004,1834,2024-10-27T14:40:24.418990,A,215
1005,1835,2025-10-29T14:40:24.419138,A,1039
1006,1837,2026-04-08T14:40:24.419402,A,116
1007,1838,2025-06-27T14:40:24.419485,A,462
1008,1839,2026-09-13T14:40:24.419790,C,103
1009,1840,2024-08-22T14:40:24.419987,A,26
1010,1842,2026-03-09T14:40:24.420369,A,106
1011,1844,2024-09-24T14:40:24.420628,C,101
1012,1845,2025-11-24T14:40:24.420846,C,363
1013,1847,2026-08-24T14:40:24.421133,A,110
1014,1849,2026-02-01T14:40:24.421375,A,472
1015,1850,2025-08-11T14:40:24.421521,C,57
1016,1854,2026-10-22T14:40:24.422380,B,874
1017,1857,2026-04-01T14:40:24.422889,C,650
1018,1858,2025-12-07T14:40:24.423065,A,214
1019,1859,2025-11-14T14:40:24.423249,C,101
1020,1860,2025-06-17T14:40:24.423454,A,725
1021,1862,2026-05-23T14:40:24.423768,A,97
1022,1863,2025-01-25T14:40:24.423910,A,1025
1023,1865,2026-07-22T14:40:24.424211,A,541
1024,1868,2026-08-10T14:40:24.424822,A,126
1025,1869,2026-05-17T14:40:24.424995,B,110
1026,1870,2026-05-19T14:40:24.425158,A,458
1027,1871,2025-03-26T14:40:24.425264,C,754
1028,1875,2026-07-26T14:40:24.425861,A,120
1029,1876,2026-05-20T14:40:24.426055,A,114
1030,1882,2026-05-17T14:40:24.426916,A,780
1031,1883,2025-02-21T14:40:24.427127,A,366
1032,1884,2024-12-20T14:40:24.427325,B,153
1033,1885,2024-12-28T14:40:24.427531,C,114
1034,1887,2025-01-15T14:40:24.428108,A,1073
1035,1888,2025-07-08T14:40:24.428306,B,990
1036,1889,2026-10-23T14:40:24.428435,B,840
1037,1890,2026-03-08T14:40:24.428684,B,100
1038,1894,2025-03-18T14:40:24.429361,C,120
1039,1896,2024-12-16T14:40:24.429801,A,464
1040,1897,2026-10-29T14:40:24.429958,A,1010
1041,1898,2025-08-19T14:40:24.430183,C,234
1042,1899,2026-02-27T14:40:24.430380,A,170
1043,1900,2025-03-29T14:40:24.430516,A,106
1044,1902,2026-09-17T14:40:24.430993,A,98
1045,1903,2025-02-13T14:40:24.431178,B,239
1046,1904,2026-02-06T14:40:24.431343,C,89
1047,1905,2026-05-14T14:40:24.431484,A,119
1048,1906,2026-02-06T14:40:24.431779,C,118
1049,1908,2026-05-19T14:40:24.432137,A,1043
1050,1910,2026-10-18T14:40:24.432410,B,93
1051,1911,2025-03-18T14:40:24.432580,A,115
1052,1914,2026-07-12T14:40:24.432974,A,377
1053,1916,2025-07-20T14:40:24.433266,B,119
1054,1917,2026-09-30T14:40:24.433417,A,111
1055,1919,2025-02-19T14:40:24.433778,A,44
1056,1920,2026-07-05T14:40:24.433876,C,103
1057,1921,2025-08-21T14:40:24.434090,B,120
1058,1922,2024-11-23T14:40:24.434266,C,918
1059,1923,2026-08-07T14:40:24.434392,A,923
1060,1924,2026-04-05T14:40:24.434616,A,364
1061,1925,2026-06-18T14:40:24.434817,B,87
1062,1929,2025-07-12T14:40:24.435430,C,185
1063,1931,2025-08-29T14:40:24.435620,C,493
1064,1932,2025-03-20T14:40:24.435772,C,814
1065,1933,2025-11-11T14:40:24.435974,A,113
1066,1934,2025-03-14T14:40:24.436132,A,351
1067,1936,2025-12-15T14:40:24.436603,A,118
1068,1939,2025-07-30T14:40:24.437016,A,248
1069,1941,2026-07-21T14:40:24.437349,C,888
1070,1942,2025-08-20T14:40:24.437462,A,2
1071,1943,2026-01-11T14:40:24.437636,A,87
1072,1947,2026-07-22T14:40:24.438333,C,1040
1073,1949,2025-01-09T14:40:24.438709,A,110
1074,1950,2025-01-26T14:40:24.438838,C,85
1075,1952,2025-08-15T14:40:24.439136,A,570
1076,1955,2025-11-16T14:40:24.439810,A,103
1077,1956,2025-04-20T14:40:24.440055,A,804
1078,1957,2026-07-02T14:40:24.440267,B,96
1079,1958,2025-01-02T14:40:24.440366,A,691
1080,1959,2025-05-09T14:40:24.440615,C,54
1081,1961,2026-09-15T14:40:24.440907,A,114
1082,1962,2025-09-25T14:40:24.441099,B,329
1083,1963,2026-10-18T14:40:24.441246,B,357
1084,1966,2025-07-02T14:40:24.441770,C,190
1085,1969,2026-06-19T14:40:24.442249,B,320
1086,1972,2025-12-27T14:40:24.442816,C,710
1087,1973,2026-04-21T14:40:24.443010,A,111
1088,1974,2025-03-01T14:40:24.443235,A,506
1089,1975,2025-02-12T14:40:24.443406,B,193
1090,1976,2025-10-27T14:40:24.443531,B,482
1091,1977,2026-08-05T14:40:24.443753,B,101
1092,1978,2025-08-22T14:40:24.444036,C,585
1093,1980,2026-06-15T14:40:24.444442,B,93
1094,1981,2025-08-16T14:40:24.444773,B,103
1095,1984,2026-08-20T14:40:24.445231,A,332
1096,1988,2026-06-06T14:40:24.446263,A,1025
1097,1989,2025-09-20T14:40:24.446445,B,280
1098,1991,2025-11-22T14:40:24.446854,B,14
1099,1992,2025-02-03T14:40:24.447039,C,74
1100,1993,2026-02-02T14:40:24.447203,A,657
1101,1994,2025-01-28T14:40:24.447309,C,4
1102,1996,2026-03-14T14:40:24.447588,A,7
1103,1997,2026-02-12T14:40:24.447683,C,104
1104,1998,2025-02-13T14:40:24.447939,C,1044
1105,2003,2025-07-05T14:40:24.448532,B,435
1106,2004,2025-11-18T14:40:24.448827,B,361
1107,2005,2026-04-23T14:40:24.448998,A,531
1108,2008,2026-04-15T14:40:24.449374,A,101
1109,2009,2026-06-03T14:40:24.449613,A,504
1110,2010,2025-12-14T14:40:24.449807,C,81
1111,2011,2026-10-19T14:40:24.449965,B,115
1112,2012,2025-06-24T14:40:24.450160,A,760
1113,2013,2025-07-12T14:40:24.450284,C,594
1114,2014,2026-10-23T14:40:24.450437,A,1022
1115,2017,2025-09-30T14:40:24.451036,A,901
1116,2018,2025-03-11T14:40:24.451170,A,109
1117,2019,2026-04-16T14:40:24.451323,C,69
1118,2021,2025-08-02T14:40:24.451966,A,576
1119,2024,2025-10-05T14:40:24.452437,A,447
1120,2026,2026-09-16T14:40:24.452775,A,25
1121,2027,2024-11-30T14:40:24.452968,A,138
1122,2028,2025-09-17T14:40:24.453119,A,730
1123,2029,2025-03-10T14:40:24.453351,B,115
1124,2031,2026-04-22T14:40:24.453703,A,116
1125,2032,2025-12-10T14:40:24.453936,B,116
1126,2033,2024-10-17T14:40:24.454055,B,9
1127,2034,2025-01-19T14:40:24.454287,A,614
1128,2036,2025-02-17T14:40:24.454461,A,1029
1129,2038,2025-12-28T14:40:24.454884,B,554
1130,2040,2026-03-09T14:40:24.455127,A,1050
1131,2041,2026-10-22T14:40:24.455369,C,113
1132,2042,2025-12-19T14:40:24.455518,A,859
1133,2044,2025-06-18T14:40:24.455804,B,111
1134,2045,2025-11-01T14:40:24.456118,C,470
1135,2046,2025-04-02T14:40:24.456371,B,982
1136,2047,2026-09-19T14:40:24.456496,B,99
1137,2052,2026-06-11T14:40:24.457262,A,741
1138,2055,2025-09-01T14:40:24.457925,A,1038
1139,2061,2025-06-23T14:40:24.458939,A,68
1140,2062,2025-02-21T14:40:24.459122,A,49
1141,2066,2026-03-18T14:40:24.459991,A,66
1142,2067,2026-05-07T14:40:24.460120,C,103
1143,2068,2024-11-26T14:40:24.460258,B,85
1144,2069,2025-06-10T14:40:24.460354,A,60
1145,2071,2025-04-07T14:40:24.460758,B,978
1146,2074,2025-01-09T14:40:24.461271,A,1042
1147,2075,2026-05-08T14:40:24.461435,A,111
1148,2076,2026-07-20T14:40:24.461654,A,374
1149,2077,2025-11-09T14:40:24.461798,A,494
1150,2078,2025-10-08T14:40:24.461912,A,885
1151,2080,2026-05-15T14:40:24.462223,A,542
1152,2081,2025-07-19T14:40:24.462403,A,383
1153,2082,2025-04-03T14:40:24.462514,C,1000
1154,2087,2026-04-15T14:40:24.463315,B,497
1155,2088,2025-07-28T14:40:24.463421,B,231
1156,2090,2026-07-08T14:40:24.463879,A,120
1157,2091,2025-06-02T14:40:24.464074,A,97
1158,2094,2026-04-11T14:40:24.464599,C,114
1159,2100,2026-04-13T14:40:24.465524,C,1005
1160,2101,2026-07-08T14:40:24.465658,C,108
1161,2102,2026-05-08T14:40:24.465849,A,108
1162,2103,2025-04-17T14:40:24.465946,B,85
1163,2104,2025-01-21T14:40:24.466042,B,112
1164,2105,2024-12-02T14:40:24.466196,C,31
1165,2109,2026-12-05T14:40:24.466918,A,114
1166,2114,2025-08-01T14:40:24.467718,A,12
1167,2115,2025-06-23T14:40:24.467999,A,253
1168,2117,2026-08-08T14:40:24.468350,A,210
1169,2121,2025-02-21T14:40:24.469063,C,767
1170,2122,2025-05-31T14:40:24.469188,C,297
1171,2124,2026-07-03T14:40:24.469477,B,101
1172,2125,2026-05-19T14:40:24.469730,A,119
1173,2127,2025-08-08T14:40:24.470042,A,600
1174,2129,2026-12-26T14:40:24.470382,A,564
1175,2130,2024-11-21T14:40:24.470478,A,237
1176,2131,2026-07-22T14:40:24.470660,A,99
1177,2133,2025-11-05T14:40:24.471064,C,106
1178,2134,2026-02-02T14:40:24.471252,C,116
1179,2136,2026-01-20T14:40:24.471452,A,434
1180,2140,2026-01-19T14:40:24.472213,A,455
1181,2143,2025-01-08T14:40:24.472615,A,941
1182,2145,2026-03-12T14:40:24.472930,C,17
1183,2146,2026-08-01T14:40:24.473037,C,97
1184,2147,2026-08-12T14:40:24.473212,C,898
1185,2151,2025-04-04T14:40:24.473762,A,104
1186,2153,2025-03-28T14:40:24.474092,A,245
1187,2155,2025-08-19T14:40:24.474502,A,364
1188,2156,2025-02-08T14:40:24.474686,C,878
1189,2157,2026-08-23T14:40:24.474859,C,96
1190,2158,2025-04-26T14:40:24.474959,B,82
1191,2161,2026-07-31T14:40:24.475490,A,127
1192,2164,2026-06-28T14:40:24.476114,A,102
1193,2165,2024-12-15T14:40:24.476275,A,12
1194,2168,2024-10-31T14:40:24.476809,A,1067
1195,2169,2025-06-04T14:40:24.476913,A,371
1196,2172,2026-08-20T14:40:24.477394,C,958
1197,2174,2026-09-03T14:40:24.477663,A,160
1198,2175,2025-05-10T14:40:24.477768,A,359
1199,2176,2026-03-27T14:40:24.477951,A,460
1200,2178,2026-05-24T14:40:24.478224,A,97
1201,2181,2025-07-18T14:40:24.478815,C,110
1202,2183,2025-10-15T14:40:24.479255,B,316
1203,2184,2026-11-19T14:40:24.479381,A,705
1204,2188,2026-07-02T14:40:24.480107,B,342
1205,2192,2025-04-07T14:40:24.480860,A,117
1206,2196,2025-11-12T14:40:24.481588,A,385
1207,2197,2025-02-07T14:40:24.481840,A,654
1208,2198,2025-10-05T14:40:24.482083,A,112
1209,2199,2025-05-20T14:40:24.482307,A,123
1210,2200,2026-10-03T14:40:24.482487,A,103
1211,2201,2025-11-28T14:40:24.482661,C,97
1212,2204,2025-11-25T14:40:24.483082,A,75
1213,2205,2025-04-12T14:40:24.483247,C,103
1214,2206,2024-11-12T14:40:24.483356,B,910
1215,2207,2025-10-25T14:40:24.483533,A,945
1216,2208,2025-06-08T14:40:24.483722,A,225
1217,2209,2025-09-04T14:40:24.483820,A,137
1218,2210,2026-07-26T14:40:24.484073,C,641
1219,2211,2026-02-28T14:40:24.484228,A,114
1220,2212,2025-03-04T14:40:24.484346,C,100
1221,2213,2025-03-25T14:40:24.484608,A,106
1222,2214,2025-02-04T14:40:24.484759,A,672
1223,2218,2026-08-10T14:40:24.485419,A,104
1224,2220,2026-02-02T14:40:24.485678,B,986
1225,2223,2026-08-13T14:40:24.486197,A,229
1226,2224,2025-08-18T14:40:24.486395,A,103
1227,2225,2025-08-02T14:40:24.486598,A,80
1228,2226,2025-02-21T14:40:24.486716,A,1032
1229,2227,2025-10-18T14:40:24.486827,C,1047
1230,2230,2026-06-08T14:40:24.487358,A,341
1231,2234,2026-05-06T14:40:24.488007,A,104
1232,2236,2025-01-04T14:40:24.488314,C,890
1233,2237,2025-09-18T14:40:24.488439,A,7
1234,2238,2024-11-03T14:40:24.488613,C,3
1235,2241,2025-01-26T14:40:24.489007,C,116
1236,2242,2025-02-05T14:40:24.489162,C,24
1237,2243,2026-12-21T14:40:24.489346,C,998
1238,2244,2026-02-03T14:40:24.489472,A,109
1239,2245,2025-08-02T14:40:24.489685,A,14
1240,2246,2026-01-21T14:40:24.489892,A,97
1241,2248,2025-12-18T14:40:24.490228,B,282
1242,2252,2024-11-12T14:40:24.490882,C,119
1243,2253,2026-04-11T14:40:24.491110,A,432
1244,2258,2026-01-15T14:40:24.492251,A,442
1245,2260,2025-05-26T14:40:24.492605,C,954
1246,2262,2026-08-13T14:40:24.492893,B,887
1247,2267,2024-09-02T14:40:24.493642,C,583
1248,2268,2025-08-29T14:40:24.493790,B,148
1249,2269,2026-09-25T14:40:24.493948,C,114
1250,2270,2026-07-06T14:40:24.494074,A,94
1251,2271,2025-01-12T14:40:24.494205,A,105
1252,2275,2025-11-30T14:40:24.494803,C,105
1253,2276,2026-06-17T14:40:24.494991,A,112
1254,2278,2025-08-04T14:40:24.495250,A,245
1255,2279,2026-09-25T14:40:24.495446,B,101
1256,2281,2025-09-17T14:40:24.495816,B,92
1257,2284,2026-06-05T14:40:24.496271,C,99
1258,2285,2026-09-24T14:40:24.496498,A,425
1259,2287,2025-01-28T14:40:24.496911,C,751
1260,2290,2026-08-16T14:40:24.497354,A,478
1261,2292,2026-05-08T14:40:24.497722,C,711
1262,2294,2026-03-09T14:40:24.498130,B,225
1263,2298,2026-01-06T14:40:24.499076,A,388
1264,2299,2025-11-08T14:40:24.499262,B,113
1265,2301,2025-07-27T14:40:24.499673,A,319
1266,2303,2025-03-18T14:40:24.499949,C,120
1267,2304,2026-11-24T14:40:24.500110,C,113
1268,2306,2026-02-23T14:40:24.500402,C,110
1269,2307,2025-04-20T14:40:24.500470,C,730
1270,2309,2025-08-31T14:40:24.500798,C,343
1271,2310,2026-03-06T14:40:24.500985,A,23
1272,2313,2026-08-04T14:40:24.501504,C,488
1273,2314,2024-10-31T14:40:24.501700,A,759
1274,2315,2026-02-25T14:40:24.501887,A,405
1275,2317,2026-07-18T14:40:24.502361,B,96
1276,2318,2025-05-06T14:40:24.502577,C,112
1277,2320,2026-09-21T14:40:24.502913,A,116
1278,2321,2026-11-20T14:40:24.503095,A,199
1279,2323,2026-12-15T14:40:24.503576,C,310
1280,2324,2025-02-01T14:40:24.503754,A,1031
1281,2326,2026-05-08T14:40:24.504219,C,13
1282,2329,2026-09-06T14:40:24.504905,C,111
1283,2330,2025-08-12T14:40:24.505048,C,91
1284,2332,2026-06-19T14:40:24.505349,B,219
1285,2333,2025-12-05T14:40:24.505492,A,57
1286,2335,2026-05-25T14:40:24.505903,B,1008
1287,2336,2026-05-01T14:40:24.506006,A,114
1288,2338,2025-11-28T14:40:24.506334,C,87
1289,2340,2025-02-09T14:40:24.506619,A,5
1290,2343,2025-02-14T14:40:24.507287,A,731
1291,2344,2026-05-20T14:40:24.507440,B,710
1292,2345,2025-12-24T14:40:24.507712,C,664
1293,2347,2026-05-21T14:40:24.508178,A,453
1294,2348,2026-08-07T14:40:24.508328,C,1029
1295,2349,2025-12-09T14:40:24.508468,C,959
1296,2351,2025-04-15T14:40:24.508873,A,509
1297,2352,2025-05-30T14:40:24.508986,B,762
1298,2353,2026-12-07T14:40:24.509130,A,468
1299,2354,2026-08-09T14:40:24.509386,A,120
1300,2355,2026-03-04T14:40:24.509490,A,11
1301,2356,2025-03-17T14:40:24.509761,A,138
1302,2357,2026-05-04T14:40:24.509958,A,653
1303,2358,2026-07-14T14:40:24.510117,A,79
1304,2360,2026-10-04T14:40:24.510503,A,632
1305,2361,2025-10-27T14:40:24.510812,A,396
1306,2362,2025-09-04T14:40:24.510928,B,494
1307,2363,2026-04-14T14:40:24.511084,C,119
1308,2364,2026-04-25T14:40:24.511292,A,95
1309,2366,2026-07-02T14:40:24.511585,C,105
1310,2367,2026-11-16T14:40:24.511749,A,107
1311,2368,2025-01-06T14:40:24.511991,B,872
1312,2374,2026-08-11T14:40:24.513050,A,1010
1313,2376,2026-01-07T14:40:24.513286,B,118
1314,2379,2025-07-04T14:40:24.513908,A,253
1315,2380,2026-01-09T14:40:24.514059,C,861
1316,2382,2026-01-02T14:40:24.514368,A,155
1317,2383,2025-05-27T14:40:24.514640,B,612
1318,2384,2025-03-11T14:40:24.514754,C,206
1319,2386,2024-10-15T14:40:24.515050,A,950
1320,2387,2026-09-09T14:40:24.515196,B,114
1321,2388,2026-09-01T14:40:24.515313,A,443
1322,2389,2024-12-03T14:40:24.515566,B,1064
1323,2390,2025-11-12T14:40:24.515910,A,102
1324,2391,2024-10-19T14:40:24.516355,A,1046
1325,2393,2025-03-05T14:40:24.517035,A,568
1326,2399,2026-08-19T14:40:24.518873,A,95
1327,2400,2026-07-17T14:40:24.519270,B,107
1328,2401,2026-07-15T14:40:24.519609,A,112
1329,2403,2024-12-15T14:40:24.520002,A,26
1330,2404,2025-04-12T14:40:24.520215,A,88
1331,2406,2025-10-15T14:40:24.520633,A,72
1332,2407,2026-05-25T14:40:24.520754,A,12
1333,2409,2025-09-16T14:40:24.520999,B,107
1334,2410,2025-09-10T14:40:24.521195,B,567
1335,2415,2025-07-25T14:40:24.521930,C,480
1336,2419,2024-08-18T14:40:24.522495,C,102
1337,2421,2025-03-15T14:40:24.522940,C,5
1338,2422,2026-07-24T14:40:24.523133,A,116
1339,2423,2026-09-20T14:40:24.523274,A,858
1340,2426,2026-07-05T14:40:24.524093,B,215
1341,2427,2024-12-04T14:40:24.524201,C,117
1342,2429,2026-06-02T14:40:24.524762,C,6
1343,2431,2025-11-09T14:40:24.525063,B,561
1344,2433,2025-05-24T14:40:24.525416,A,388
1345,2436,2026-08-19T14:40:24.525944,B,110
1346,2437,2025-08-01T14:40:24.526048,C,1029
1347,2440,2025-04-21T14:40:24.526498,B,983
1348,2442,2026-04-12T14:40:24.526781,A,94
1349,2446,2024-12-07T14:40:24.527467,B,6
1350,2447,2026-11-06T14:40:24.527735,C,585
1351,2449,2026-03-19T14:40:24.528139,B,102
1352,2451,2026-04-01T14:40:24.528415,A,104
1353,2452,2025-11-03T14:40:24.528493,C,111
1354,2453,2026-05-02T14:40:24.528738,B,106
1355,2454,2026-10-16T14:40:24.529058,C,110
1356,2455,2026-04-17T14:40:24.529315,C,67
1357,2456,2025-12-20T14:40:24.529513,C,835
1358,2458,2024-11-16T14:40:24.529845,B,270
1359,2463,2025-04-24T14:40:24.530977,B,108
1360,2465,2026-09-12T14:40:24.531393,A,94
1361,2467,2026-07-24T14:40:24.531995,A,107
1362,2468,2025-03-30T14:40:24.532198,B,140
1363,2469,2024-12-13T14:40:24.532380,B,111
1364,2470,2026-04-30T14:40:24.532637,C,250
1365,2472,2025-08-23T14:40:24.532953,A,463
1366,2473,2024-09-30T14:40:24.533196,C,19
1367,2474,2026-05-31T14:40:24.533341,A,866
1368,2475,2026-08-01T14:40:24.533533,A,127
1369,2477,2025-05-14T14:40:24.534193,C,76
1370,2478,2025-10-12T14:40:24.534395,C,226
1371,2484,2026-08-13T14:40:24.535699,C,109
1372,2485,2025-05-21T14:40:24.536025,C,107
1373,2486,2025-11-14T14:40:24.536179,B,1041
1374,2489,2025-02-18T14:40:24.536731,A,303
1375,2490,2025-01-07T14:40:24.536939,B,390
1376,2491,2026-09-07T14:40:24.537193,C,95
1377,2492,2025-11-20T14:40:24.537352,A,114
1378,2494,2026-01-12T14:40:24.537626,A,842
1379,2495,2026-05-07T14:40:24.537763,A,1044
1380,2497,2026-08-17T14:40:24.538066,B,688
1381,2499,2026-06-15T14:40:24.538329,C,678
1382,2501,2025-02-18T14:40:24.538695,C,302
1383,2503,2025-01-14T14:40:24.538987,A,921
1384,2504,2026-07-24T14:40:24.539103,C,757
1385,2506,2026-07-14T14:40:24.539365,A,203
1386,2507,2025-02-28T14:40:24.539472,A,114
1387,2511,2024-12-18T14:40:24.540362,A,237
1388,2512,2026-08-07T14:40:24.540497,C,375
1389,2513,2025-04-26T14:40:24.540747,A,341
1390,2514,2025-03-05T14:40:24.540984,C,93
1391,2515,2026-01-08T14:40:24.541120,A,967
1392,2516,2026-07-03T14:40:24.541512,B,108
1393,2518,2025-03-27T14:40:24.541803,A,111
1394,2520,2026-04-07T14:40:24.542178,A,667
1395,2524,2026-07-15T14:40:24.542965,C,484
1396,2525,2026-01-14T14:40:24.543099,B,585
1397,2526,2026-03-17T14:40:24.543243,A,655
1398,2529,2025-08-03T14:40:24.543823,A,333
1399,2531,2025-08-26T14:40:24.544204,B,790
1400,2533,2025-02-14T14:40:24.544585,C,115
1401,2534,2025-04-01T14:40:24.544804,A,1000
1402,2535,2025-11-03T14:40:24.545059,A,1014
1403,2537,2026-09-05T14:40:24.545329,A,72
1404,2538,2026-03-23T14:40:24.545616,A,956
1405,2540,2026-06-09T14:40:24.545935,C,895
1406,2541,2024-12-16T14:40:24.546145,C,135
1407,2544,2025-12-23T14:40:24.546586,A,648
1408,2547,2025-10-27T14:40:24.547094,C,106
1409,2553,2025-03-19T14:40:24.548347,C,104
1410,2555,2025-07-12T14:40:24.548651,A,284
1411,2556,2026-05-19T14:40:24.548906,B,104
1412,2557,2026-07-28T14:40:24.549138,A,106
1413,2558,2024-12-11T14:40:24.549297,C,11
1414,2560,2026-10-23T14:40:24.549657,C,585
1415,2561,2026-04-08T14:40:24.549843,A,63
1416,2562,2026-08-05T14:40:24.550028,B,351
1417,2563,2025-11-27T14:40:24.550218,A,51
1418,2565,2026-09-18T14:40:24.550753,A,120
1419,2566,2024-11-13T14:40:24.551009,C,826
1420,2567,2026-10-10T14:40:24.551160,A,212
1421,2568,2026-07-14T14:40:24.551376,C,95
1422,2569,2026-09-08T14:40:24.551736,C,97
1423,2571,2026-05-09T14:40:24.552133,C,69
1424,2576,2025-01-03T14:40:24.553535,C,1007
1425,2577,2025-08-10T14:40:24.553842,C,826
1426,2578,2026-07-09T14:40:24.554027,A,112
1427,2579,2026-05-09T14:40:24.554202,C,1031
1428,2581,2025-04-04T14:40:24.554510,A,574
1429,2582,2026-07-14T14:40:24.554708,C,100
1430,2583,2026-09-07T14:40:24.554904,A,685
1431,2585,2026-05-18T14:40:24.555435,A,1021
1432,2586,2026-01-28T14:40:24.555742,C,79
1433,2588,2026-03-27T14:40:24.556314,C,98
1434,2589,2026-04-15T14:40:24.556456,A,19
1435,2590,2024-12-10T14:40:24.556623,B,658
1436,2595,2026-09-22T14:40:24.557289,A,119
1437,2598,2025-05-07T14:40:24.557811,A,185
1438,2599,2024-11-29T14:40:24.558000,A,111
1439,2600,2025-05-20T14:40:24.558149,C,16
1440,2601,2025-04-23T14:40:24.558357,C,97
1441,2604,2025-10-29T14:40:24.558903,A,521
1442,2605,2025-03-02T14:40:24.559009,B,832
1443,2606,2026-10-09T14:40:24.559193,A,109
1444,2607,2024-10-25T14:40:24.559315,A,81
1445,2608,2025-04-08T14:40:24.559442,B,136
1446,2609,2025-11-15T14:40:24.559814,A,936
1447,2612,2025-07-02T14:40:24.560617,B,96
1448,2613,2026-10-22T14:40:24.560822,C,113
1449,2614,2025-10-02T14:40:24.561032,A,102
1450,2615,2025-07-10T14:40:24.561202,B,14
1451,2617,2026-08-01T14:40:24.561534,A,114
1452,2618,2026-01-27T14:40:24.561913,A,114
1453,2619,2025-05-12T14:40:24.562102,C,348
1454,2623,2024-11-07T14:40:24.562917,A,63
1455,2625,2026-03-13T14:40:24.563628,A,101
1456,2626,2025-04-07T14:40:24.564078,C,349
1457,2627,2026-05-20T14:40:24.564339,A,118
1458,2630,2026-01-28T14:40:24.565398,A,23
1459,2631,2025-03-27T14:40:24.565684,A,543
1460,2632,2026-11-13T14:40:24.565950,A,363
1461,2633,2025-06-05T14:40:24.566094,C,732
1462,2634,2026-07-13T14:40:24.566267,A,977
1463,2635,2026-03-13T14:40:24.566492,B,114
1464,2638,2026-08-11T14:40:24.567001,A,115
1465,2639,2026-04-01T14:40:24.567231,A,170
1466,2641,2026-10-24T14:40:24.567659,C,109
1467,2642,2025-02-22T14:40:24.568130,B,392
1468,2644,2025-07-15T14:40:24.568974,A,1042
1469,2647,2026-09-23T14:40:24.569598,C,715
1470,2654,2026-08-17T14:40:24.571039,C,406
1471,2655,2026-03-11T14:40:24.571295,C,411
1472,2657,2025-10-21T14:40:24.571780,A,197
1473,2658,2026-05-03T14:40:24.572118,A,96
1474,2660,2026-06-22T14:40:24.572458,A,99
1475,2664,2026-01-19T14:40:24.573136,C,804
1476,2665,2026-08-05T14:40:24.573262,A,592
1477,2667,2024-11-27T14:40:24.573600,C,93
1478,2668,2026-09-28T14:40:24.573852,A,821
1479,2670,2026-10-20T14:40:24.574181,C,486
1480,2674,2026-01-20T14:40:24.574826,B,118
1481,2676,2026-11-04T14:40:24.575165,C,31
1482,2677,2025-03-05T14:40:24.575274,A,185
1483,2678,2025-11-30T14:40:24.575515,B,93
1484,2679,2025-07-09T14:40:24.575707,A,1068
1485,2680,2026-05-13T14:40:24.575882,B,83
1486,2685,2025-02-24T14:40:24.576823,A,81
1487,2686,2026-03-23T14:40:24.576930,A,89
1488,2687,2026-08-03T14:40:24.577123,A,94
1489,2688,2026-04-20T14:40:24.577348,A,525
1490,2689,2026-05-24T14:40:24.577631,C,43
1491,2690,2024-10-22T14:40:24.577817,A,1065
1492,2691,2025-11-26T14:40:24.578139,C,97
1493,2692,2025-10-09T14:40:24.578320,A,710
1494,2693,2026-10-31T14:40:24.578520,B,107
1495,2694,2024-12-24T14:40:24.578782,C,96
1496,2696,2026-03-18T14:40:24.579089,A,964
1497,2697,2025-08-28T14:40:24.579328,B,874
1498,2698,2024-10-29T14:40:24.579588,C,344
1499,2700,2026-06-16T14:40:24.580241,A,111
1500,2701,2025-02-18T14:40:24.580471,B,116
1501,2703,2026-07-12T14:40:24.580875,A,1049
1502,2705,2026-04-13T14:40:24.581184,C,118
1503,2708,2026-09-23T14:40:24.581774,C,786
1504,2710,2026-07-20T14:40:24.582137,A,61
1505,2715,2026-01-20T14:40:24.582984,A,1
1506,2716,2026-05-04T14:40:24.583103,A,1008
1507,2718,2025-06-20T14:40:24.583366,A,886
1508,2720,2026-05-05T14:40:24.583888,A,111
1509,2723,2026-04-20T14:40:24.584416,C,98
1510,2725,2026-05-15T14:40:24.584779,A,951
1511,2726,2026-09-03T14:40:24.585021,C,668
1512,2727,2024-11-04T14:40:24.585142,A,10
1513,2728,2026-04-30T14:40:24.585365,A,370
1514,2729,2026-07-12T14:40:24.585531,A,98
1515,2733,2026-06-18T14:40:24.586360,B,67
1516,2735,2025-07-27T14:40:24.586722,A,16
1517,2737,2025-04-24T14:40:24.587127,A,120
1518,2738,2026-04-14T14:40:24.587360,A,114
1519,2739,2026-04-21T14:40:24.587632,C,106
1520,2740,2025-05-27T14:40:24.587923,C,20
1521,2742,2025-09-07T14:40:24.588355,A,834
1522,2746,2025-09-13T14:40:24.589198,B,98
1523,2747,2026-09-12T14:40:24.589398,A,3
1524,2748,2025-05-25T14:40:24.589652,C,199
1525,2749,2026-01-10T14:40:24.589797,A,117
1526,2750,2026-10-09T14:40:24.589902,C,19
1527,2752,2026-03-30T14:40:24.590433,A,999
1528,2754,2026-02-15T14:40:24.590827,A,58
1529,2756,2025-01-21T14:40:24.591212,C,566
1530,2759,2026-10-03T14:40:24.591777,B,111
1531,2760,2026-06-29T14:40:24.592027,C,114
1532,2765,2026-02-23T14:40:24.592974,C,609
1533,2766,2026-06-10T14:40:24.593234,B,116
1534,2767,2025-03-05T14:40:24.593458,A,688
1535,2768,2026-11-27T14:40:24.593643,B,102
1536,2770,2025-01-09T14:40:24.594051,A,1032
1537,2772,2024-11-23T14:40:24.594523,A,179
1538,2773,2026-07-08T14:40:24.594674,A,116
1539,2774,2026-06-06T14:40:24.594923,A,39
1540,2775,2026-04-06T14:40:24.595178,A,118
1541,2776,2026-09-08T14:40:24.595290,C,1058
1542,2780,2025-06-30T14:40:24.596062,A,393
1543,2782,2025-09-07T14:40:24.596655,B,798
1544,2783,2026-02-01T14:40:24.596785,A,497
1545,2784,2026-07-10T14:40:24.596905,A,114
1546,2787,2026-09-18T14:40:24.597398,A,114
1547,2788,2026-03-05T14:40:24.597685,B,263
1548,2791,2026-08-31T14:40:24.598192,A,972
1549,2792,2025-07-17T14:40:24.598347,B,231
1550,2797,2024-09-11T14:40:24.599205,C,373
1551,2801,2025-03-23T14:40:24.599887,A,99
1552,2803,2024-12-06T14:40:24.600311,A,116
1553,2804,2026-06-09T14:40:24.600606,C,64
1554,2806,2025-09-08T14:40:24.600942,A,1017
1555,2807,2025-07-07T14:40:24.601195,B,488
1556,2808,2025-10-25T14:40:24.601399,C,234
1557,2810,2026-01-14T14:40:24.601930,C,906
1558,2811,2026-09-19T14:40:24.602226,B,561
1559,2820,2025-05-26T14:40:24.604119,C,99
1560,2821,2025-02-26T14:40:24.604325,A,652
1561,2822,2025-09-12T14:40:24.604472,A,786
1562,2823,2025-07-06T14:40:24.604736,B,215
1563,2824,2026-09-10T14:40:24.604893,C,340
1564,2827,2026-10-21T14:40:24.605357,A,109
1565,2828,2026-09-14T14:40:24.605580,C,118
1566,2829,2026-10-01T14:40:24.605799,A,884
1567,2830,2026-08-10T14:40:24.605905,B,363
1568,2831,2025-08-07T14:40:24.606065,A,116
1569,2833,2026-08-11T14:40:24.606353,A,309
1570,2835,2026-10-10T14:40:24.606723,A,101
1571,2838,2026-06-20T14:40:24.607188,A,586
1572,2839,2026-05-07T14:40:24.607384,A,102
1573,2841,2025-04-09T14:40:24.607797,C,108
1574,2843,2026-07-27T14:40:24.608109,C,102
1575,2845,2025-11-01T14:40:24.608471,A,214
1576,2846,2025-06-02T14:40:24.608785,A,529
1577,2850,2025-05-11T14:40:24.609622,C,613
1578,2852,2026-04-18T14:40:24.610154,B,913
1579,2857,2026-09-06T14:40:24.611282,C,28
1580,2858,2025-10-11T14:40:24.611386,A,108
1581,2860,2025-02-27T14:40:24.611716,A,233
1582,2861,2026-10-12T14:40:24.611936,C,96
1583,2865,2026-02-12T14:40:24.612811,B,528
1584,2866,2026-08-16T14:40:24.613025,A,97
1585,2868,2026-07-03T14:40:24.613476,B,370
1586,2869,2025-01-11T14:40:24.613698,C,108
1587,2872,2025-07-20T14:40:24.614291,A,794
1588,2873,2025-08-22T14:40:24.614586,C,834
1589,2875,2024-10-24T14:40:24.614961,A,1057
1590,2876,2026-03-01T14:40:24.615179,A,388
1591,2878,2026-09-07T14:40:24.615633,C,447
1592,2882,2026-10-05T14:40:24.616422,C,120
1593,2883,2025-10-26T14:40:24.616712,A,148
1594,2884,2026-04-04T14:40:24.616881,C,696
1595,2885,2026-05-23T14:40:24.617037,A,1036
1596,2886,2025-05-04T14:40:24.617157,A,324
1597,2888,2026-08-18T14:40:24.617470,C,495
1598,2889,2026-08-30T14:40:24.617761,B,34
1599,2890,2026-02-19T14:40:24.617927,C,1035
1600,2891,2026-07-12T14:40:24.618112,A,93
1601,2895,2025-05-27T14:40:24.618996,C,739
1602,2896,2025-02-12T14:40:24.619267,A,942
1603,2897,2026-06-22T14:40:24.619427,A,1051
1604,2899,2026-04-18T14:40:24.619788,A,1046
1605,2900,2024-10-09T14:40:24.620048,A,364
1606,2902,2026-05-26T14:40:24.620380,C,152
1607,2903,2025-02-11T14:40:24.620727,A,648
1608,2907,2026-02-04T14:40:24.621607,A,980
1609,2908,2025-06-06T14:40:24.621744,A,1066
1610,2911,2026-02-21T14:40:24.622507,C,110
1611,2914,2025-05-22T14:40:24.623163,A,999
1612,2915,2026-09-19T14:40:24.623456,C,300
1613,2916,2026-08-04T14:40:24.623634,B,870
1614,2917,2024-11-16T14:40:24.623896,C,114
1615,2918,2025-08-29T14:40:24.624101,B,318
1616,2919,2026-01-16T14:40:24.624268,A,1049
1617,2920,2025-05-30T14:40:24.624601,A,441
1618,2921,2025-09-24T14:40:24.624840,C,320
1619,2923,2024-12-14T14:40:24.625267,C,497
1620,2928,2025-02-25T14:40:24.626156,C,934
1621,2929,2025-08-17T14:40:24.626299,C,704
1622,2930,2026-10-01T14:40:24.626454,C,99
1623,2931,2026-09-04T14:40:24.626598,A,116
1624,2933,2026-06-18T14:40:24.627200,B,115
1625,2934,2025-03-03T14:40:24.627363,A,358
1626,2938,2026-02-07T14:40:24.628267,B,894
1627,2939,2026-06-22T14:40:24.628576,B,904
1628,2942,2025-05-27T14:40:24.629247,C,97
1629,2944,2025-01-06T14:40:24.629523,A,267
1630,2946,2026-06-08T14:40:24.630022,A,27
1631,2947,2026-06-29T14:40:24.630468,C,346
1632,2948,2026-08-09T14:40:24.630732,A,101
1633,2950,2026-10-07T14:40:24.631146,A,350
1634,2954,2026-11-22T14:40:24.631654,A,75
1635,2959,2026-06-02T14:40:24.633378,C,302
1636,2960,2025-03-04T14:40:24.633514,B,1058
1637,2962,2025-04-17T14:40:24.634111,A,392
1638,2963,2026-06-27T14:40:24.634390,A,202
1639,2966,2025-09-30T14:40:24.635031,C,76
1640,2967,2026-10-26T14:40:24.635207,A,326
1641,2970,2025-08-05T14:40:24.636024,B,133
1642,2972,2026-09-25T14:40:24.636482,C,1067
1643,2975,2026-07-04T14:40:24.637036,A,704
1644,2976,2026-02-01T14:40:24.637270,A,62
1645,2979,2024-11-09T14:40:24.638068,A,596
1646,2982,2025-05-02T14:40:24.638637,B,280
1647,2984,2026-08-16T14:40:24.638973,C,640
1648,2985,2026-07-02T14:40:24.639214,A,980
1649,2986,2026-10-01T14:40:24.639422,B,385
1650,2995,2025-06-07T14:40:24.641223,A,211
1651,2997,2025-04-11T14:40:24.641631,B,282
1652,3001,2026-05-04T14:40:24.642438,C,1054
1653,3004,2025-01-03T14:40:24.643277,A,264
1654,3006,2025-09-07T14:40:24.643531,A,69
1655,3008,2026-03-10T14:40:24.644038,C,31
1656,3011,2025-09-18T14:40:24.644745,A,1005
1657,3012,2025-12-10T14:40:24.644915,C,74
1658,3015,2026-08-20T14:40:24.645534,A,94
1659,3018,2026-10-27T14:40:24.646144,B,95
1660,3019,2026-07-13T14:40:24.646398,A,804
1661,3023,2026-03-17T14:40:24.647150,A,93
1662,3025,2025-06-26T14:40:24.647479,C,449
1663,3026,2026-07-25T14:40:24.647779,C,72
1664,3027,2026-07-19T14:40:24.647957,A,120
1665,3029,2025-12-10T14:40:24.648388,A,383
1666,3030,2025-11-26T14:40:24.648659,A,307
1667,3031,2024-12-19T14:40:24.648770,A,277
1668,3033,2025-09-22T14:40:24.649126,A,100
1669,3034,2024-11-18T14:40:24.649344,A,1008
1670,3039,2026-06-05T14:40:24.650179,A,970
1671,3040,2026-07-03T14:40:24.650437,B,544
1672,3041,2024-11-25T14:40:24.650870,A,198
1673,3042,2026-09-30T14:40:24.650982,A,13
1674,3044,2025-05-07T14:40:24.651352,A,103
1675,3045,2026-09-13T14:40:24.651651,A,184
1676,3046,2025-03-15T14:40:24.651801,A,1003
1677,3049,2025-02-05T14:40:24.652692,A,604
1678,3051,2025-11-01T14:40:24.653105,A,748
1679,3052,2026-02-27T14:40:24.653251,A,112
1680,3053,2025-12-12T14:40:24.653452,A,454
1681,3056,2026-11-22T14:40:24.653955,C,68
1682,3060,2025-08-19T14:40:24.654529,B,450
1683,3061,2025-04-23T14:40:24.654771,A,256
1684,3065,2026-05-27T14:40:24.655474,C,111
1685,3066,2026-08-14T14:40:24.655728,C,974
1686,3068,2025-02-01T14:40:24.656126,B,120
1687,3069,2025-12-26T14:40:24.656352,A,110
1688,3071,2025-03-05T14:40:24.656938,C,366
1689,3072,2026-07-31T14:40:24.657079,B,770
1690,3075,2026-06-07T14:40:24.657689,A,504
1691,3078,2026-08-13T14:40:24.658399,A,23
1692,3079,2025-03-07T14:40:24.658650,A,109
1693,3081,2026-08-27T14:40:24.659141,C,354
1694,3082,2024-12-02T14:40:24.659398,A,55
1695,3084,2026-01-21T14:40:24.659938,C,330
1696,3086,2026-06-22T14:40:24.660273,B,97
1697,3087,2024-12-20T14:40:24.660458,C,98
1698,3090,2025-11-24T14:40:24.661177,B,449
1699,3091,2026-02-02T14:40:24.661377,A,103
1700,3093,2026-09-28T14:40:24.661853,C,103
1701,3097,2025-11-26T14:40:24.662700,B,445
1702,3099,2025-01-17T14:40:24.663168,B,117
1703,3100,2026-07-02T14:40:24.663411,A,120
1704,3101,2025-03-29T14:40:24.663711,A,105
1705,3103,2025-05-28T14:40:24.664255,A,1068
1706,3104,2025-09-18T14:40:24.664354,C,425
1707,3105,2026-07-14T14:40:24.664512,A,109
1708,3107,2024-11-11T14:40:24.664850,A,21
1709,3108,2026-10-03T14:40:24.665021,A,118
1710,3109,2024-12-29T14:40:24.665147,B,700
1711,3110,2026-08-25T14:40:24.665239,A,115
1712,3114,2026-03-14T14:40:24.665893,A,278
1713,3118,2026-02-08T14:40:24.666625,A,1038
1714,3120,2026-06-09T14:40:24.667003,A,120
1715,3121,2024-09-04T14:40:24.667157,A,994
1716,3123,2026-02-18T14:40:24.667684,B,301
1717,3128,2026-07-04T14:40:24.668761,A,1068
1718,3129,2025-07-13T14:40:24.669115,A,478
1719,3130,2025-08-01T14:40:24.669254,A,117
1720,3131,2025-04-29T14:40:24.669400,A,560
1721,3132,2025-02-13T14:40:24.669693,A,207
1722,3133,2025-07-12T14:40:24.669827,C,103
1723,3135,2026-06-22T14:40:24.670062,C,17
1724,3136,2026-11-06T14:40:24.670167,A,316
1725,3138,2025-01-02T14:40:24.670390,A,32
1726,3144,2025-05-04T14:40:24.671653,A,79
1727,3146,2025-08-02T14:40:24.671991,C,913
1728,3147,2025-01-29T14:40:24.672161,A,676
1729,3148,2026-02-10T14:40:24.672406,A,643
1730,3150,2025-09-27T14:40:24.672947,C,449
1731,3151,2025-02-15T14:40:24.673143,C,26
1732,3153,2024-12-25T14:40:24.673426,A,69
1733,3154,2025-06-27T14:40:24.673657,C,975
1734,3155,2025-02-25T14:40:24.673792,A,620
1735,3156,2026-08-06T14:40:24.673902,A,184
1736,3157,2025-05-06T14:40:24.674138,A,222
1737,3158,2025-10-17T14:40:24.674372,C,50
1738,3160,2026-03-27T14:40:24.674819,A,118
1739,3161,2025-02-26T14:40:24.675083,A,676
1740,3163,2025-04-04T14:40:24.675608,A,85
1741,3164,2026-03-09T14:40:24.675878,B,941
1742,3165,2026-06-29T14:40:24.676163,A,202
1743,3166,2025-07-23T14:40:24.676364,A,189
1744,3167,2025-08-20T14:40:24.676457,C,436
1745,3174,2025-02-01T14:40:24.677927,A,301
1746,3181,2024-09-20T14:40:24.679462,C,730
1747,3182,2025-10-20T14:40:24.679683,A,102
1748,3183,2026-04-07T14:40:24.679909,B,102
1749,3184,2026-02-20T14:40:24.680098,A,506
1750,3185,2025-03-26T14:40:24.680237,A,1
1751,3186,2025-02-15T14:40:24.680500,B,979
1752,3187,2026-05-02T14:40:24.680688,A,109
1753,3189,2026-03-30T14:40:24.681074,B,572
1754,3194,2025-10-01T14:40:24.682397,A,449
1755,3197,2026-06-20T14:40:24.683037,B,215
1756,3198,2025-01-27T14:40:24.683323,B,415
1757,3200,2025-11-09T14:40:24.683701,A,354
1758,3202,2025-09-09T14:40:24.684129,C,1057
1759,3203,2025-12-28T14:40:24.684365,A,296
1760,3204,2026-08-02T14:40:24.684601,C,116
1761,3205,2026-07-12T14:40:24.684808,A,831
1762,3206,2025-09-02T14:40:24.684926,A,110
1763,3207,2025-01-05T14:40:24.685060,C,346
1764,3208,2026-11-16T14:40:24.685350,A,732
1765,3212,2026-02-16T14:40:24.686198,A,29
1766,3213,2025-01-04T14:40:24.686424,A,634
1767,3215,2026-06-21T14:40:24.686907,B,108
1768,3216,2025-03-12T14:40:24.687064,A,297
1769,3217,2025-01-17T14:40:24.687291,A,439
1770,3218,2026-07-18T14:40:24.687608,A,720
1771,3219,2025-09-05T14:40:24.687807,C,114
1772,3220,2026-06-26T14:40:24.688060,C,107
1773,3222,2026-05-18T14:40:24.688473,A,120
1774,3223,2025-05-09T14:40:24.688747,B,107
1775,3224,2025-06-08T14:40:24.688892,B,793
1776,3226,2026-09-15T14:40:24.689292,C,460
1777,3228,2024-09-14T14:40:24.689721,A,405
1778,3229,2025-09-26T14:40:24.689855,B,77
1779,3231,2026-02-09T14:40:24.690328,B,117
1780,3233,2025-09-07T14:40:24.690760,A,95
1781,3234,2025-01-13T14:40:24.691056,A,94
1782,3235,2026-01-20T14:40:24.691424,A,313
1783,3238,2024-11-14T14:40:24.692357,C,688
1784,3240,2026-08-06T14:40:24.692776,B,108
1785,3241,2026-09-18T14:40:24.692943,B,394
1786,3242,2024-10-30T14:40:24.693122,A,222
1787,3244,2024-10-20T14:40:24.693417,C,508
1788,3246,2026-06-18T14:40:24.693908,A,1000
1789,3247,2025-04-04T14:40:24.694127,A,115
1790,3249,2026-11-16T14:40:24.694689,C,103
1791,3251,2025-05-23T14:40:24.695116,C,211
1792,3255,2025-08-29T14:40:24.696082,B,108
1793,3256,2025-06-10T14:40:24.696279,B,364
1794,3259,2026-03-26T14:40:24.696758,B,118
1795,3262,2025-10-24T14:40:24.697366,A,708
1796,3269,2026-08-25T14:40:24.698861,A,96
1797,3273,2026-10-16T14:40:24.699988,A,620
1798,3277,2024-09-20T14:40:24.700885,A,881
1799,3278,2026-07-27T14:40:24.701056,A,114
1800,3279,2026-05-15T14:40:24.701370,A,105
1801,3280,2025-10-10T14:40:24.701634,A,364
1802,3281,2026-05-21T14:40:24.701883,B,7
1803,3282,2025-01-13T14:40:24.701993,A,80
1804,3283,2025-09-05T14:40:24.702278,A,201
1805,3284,2026-06-23T14:40:24.702459,B,485
1806,3287,2026-01-12T14:40:24.703296,A,127
1807,3290,2026-09-03T14:40:24.704293,A,247
1808,3292,2024-11-10T14:40:24.704911,A,314
1809,3293,2025-02-10T14:40:24.705031,C,433
1810,3294,2026-04-07T14:40:24.705194,C,374
1811,3296,2026-06-12T14:40:24.705659,A,1048
1812,3298,2025-07-20T14:40:24.706416,C,96
1813,3301,2025-10-12T14:40:24.706994,A,721
1814,3302,2024-12-20T14:40:24.707124,A,102
1815,3304,2025-01-19T14:40:24.707587,C,1038
1816,3305,2025-08-03T14:40:24.707942,B,791
1817,3307,2025-08-04T14:40:24.708267,C,440
1818,3308,2026-08-15T14:40:24.708608,A,110
1819,3309,2025-04-15T14:40:24.708736,A,295
1820,3311,2026-09-27T14:40:24.709213,A,103
1821,3313,2024-11-24T14:40:24.709508,B,698
1822,3317,2024-12-07T14:40:24.710338,C,107
1823,3318,2025-07-23T14:40:24.710462,C,231
1824,3320,2026-11-06T14:40:24.710880,A,896
1825,3321,2025-03-12T14:40:24.711093,C,759
1826,3323,2026-07-22T14:40:24.711494,A,163
1827,3325,2024-10-21T14:40:24.712042,A,7
1828,3326,2026-06-05T14:40:24.712358,A,7
1829,3327,2025-06-16T14:40:24.712488,B,82
1830,3329,2025-04-09T14:40:24.712852,C,452
1831,3331,2025-11-12T14:40:24.713339,B,115
1832,3334,2024-10-12T14:40:24.714005,B,371
1833,3335,2026-06-30T14:40:24.714329,A,466
1834,3339,2025-09-25T14:40:24.715162,A,435
1835,3340,2026-11-12T14:40:24.715347,C,585
1836,3342,2026-02-23T14:40:24.715918,C,56
1837,3346,2025-03-30T14:40:24.716735,C,845
1838,3350,2026-11-29T14:40:24.717397,C,94
1839,3354,2024-11-06T14:40:24.718179,A,906
1840,3356,2024-11-08T14:40:24.718747,A,243
1841,3357,2024-11-28T14:40:24.718929,C,1020
1842,3360,2026-07-31T14:40:24.719381,A,1072
1843,3361,2026-09-08T14:40:24.719695,A,105
1844,3363,2025-01-04T14:40:24.720124,C,465
1845,3364,2025-06-23T14:40:24.720306,B,547
1846,3368,2025-03-31T14:40:24.721132,A,830
1847,3369,2026-04-05T14:40:24.721252,A,937
1848,3371,2026-04-26T14:40:24.721666,A,956
1849,3373,2025-02-04T14:40:24.722267,A,2
1850,3374,2026-06-05T14:40:24.722462,C,114
1851,3376,2026-05-25T14:40:24.722882,A,44
1852,3377,2026-01-17T14:40:24.723152,A,1040
1853,3378,2026-07-22T14:40:24.723395,C,108
1854,3379,2026-03-07T14:40:24.723620,A,111
1855,3380,2025-08-21T14:40:24.723760,A,14
1856,3382,2026-07-04T14:40:24.724423,A,730
1857,3384,2026-03-11T14:40:24.724874,A,102
1858,3387,2025-11-28T14:40:24.725295,C,18
1859,3388,2025-01-12T14:40:24.725489,A,881
1860,3389,2026-09-10T14:40:24.725784,A,105
1861,3390,2025-09-14T14:40:24.725990,C,329
1862,3391,2025-06-01T14:40:24.726183,A,571
1863,3395,2024-11-17T14:40:24.727043,A,107
1864,3396,2025-07-24T14:40:24.727292,C,778
1865,3397,2025-11-20T14:40:24.727602,B,330
1866,3399,2025-10-03T14:40:24.727973,A,654
1867,3403,2025-10-25T14:40:24.728878,B,116
1868,3409,2025-09-27T14:40:24.730109,A,16
1869,3412,2025-11-25T14:40:24.731056,C,114
1870,3414,2025-04-20T14:40:24.731625,B,147
1871,3415,2026-04-22T14:40:24.731871,A,203
1872,3418,2025-07-01T14:40:24.732584,B,407
1873,3419,2026-08-13T14:40:24.732781,A,119
1874,3420,2026-07-14T14:40:24.732889,B,107
1875,3425,2024-12-21T14:40:24.733675,A,142
1876,3426,2026-09-22T14:40:24.733868,A,412
1877,3427,2025-06-30T14:40:24.733991,C,879
1878,3428,2025-11-20T14:40:24.734245,A,584
1879,3429,2025-03-26T14:40:24.734470,A,971
1880,3430,2026-07-19T14:40:24.734804,A,440
1881,3434,2026-11-18T14:40:24.735573,B,119
1882,3436,2025-01-03T14:40:24.735813,C,201
1883,3439,2026-04-25T14:40:24.736882,B,119
1884,3440,2025-04-25T14:40:24.737055,C,116
1885,3441,2025-05-13T14:40:24.737197,B,889
1886,3442,2025-07-18T14:40:24.737425,A,768
1887,3445,2024-11-07T14:40:24.738099,A,387
1888,3446,2026-06-12T14:40:24.738283,B,215
1889,3448,2026-09-21T14:40:24.738769,C,60
1890,3457,2026-07-10T14:40:24.740712,A,120
1891,3458,2026-11-04T14:40:24.740877,C,96
1892,3460,2025-03-05T14:40:24.741198,C,262
1893,3465,2026-02-06T14:40:24.742050,B,998
1894,3466,2026-05-25T14:40:24.742330,A,83
1895,3467,2025-09-22T14:40:24.742712,A,13
1896,3468,2025-08-08T14:40:24.743037,A,331
1897,3469,2024-10-07T14:40:24.743230,A,611
1898,3470,2025-06-29T14:40:24.743608,A,10
1899,3471,2025-04-23T14:40:24.743816,B,727
1900,3472,2026-05-09T14:40:24.744035,A,109
1901,3474,2026-09-12T14:40:24.744358,C,120
1902,3475,2025-11-21T14:40:24.744646,A,680
1903,3476,2025-03-24T14:40:24.744963,A,106
1904,3477,2024-11-28T14:40:24.745204,B,331
1905,3478,2025-11-05T14:40:24.745424,B,101
1906,3479,2025-01-14T14:40:24.745652,A,355
1907,3480,2025-12-06T14:40:24.745856,B,100
1908,3482,2026-08-19T14:40:24.746223,C,913
1909,3484,2026-03-12T14:40:24.746662,C,103
1910,3485,2025-01-02T14:40:24.746962,A,662
1911,3486,2026-06-11T14:40:24.747203,B,108
1912,3487,2026-07-09T14:40:24.747463,A,108
1913,3488,2026-11-02T14:40:24.747717,A,424
1914,3489,2026-06-09T14:40:24.747990,A,93
1915,3490,2025-12-21T14:40:24.748195,B,512
1916,3499,2026-05-13T14:40:24.750268,B,4
1917,3500,2025-01-16T14:40:24.750443,A,91
1918,3501,2026-06-03T14:40:24.750740,B,119
1919,3505,2024-12-08T14:40:24.751917,A,71
1920,3508,2026-08-09T14:40:24.752632,C,719
1921,3510,2025-01-06T14:40:24.753052,A,81
1922,3514,2025-08-31T14:40:24.754239,A,112
1923,3515,2026-01-24T14:40:24.754387,A,195
1924,3516,2026-09-11T14:40:24.754740,C,97
1925,3517,2026-08-04T14:40:24.755108,A,206
1926,3518,2025-08-30T14:40:24.755419,A,195
1927,3519,2026-10-26T14:40:24.755599,A,103
1928,3520,2025-05-02T14:40:24.756005,A,175
1929,3523,2025-02-10T14:40:24.756805,A,539
1930,3524,2026-03-20T14:40:24.757097,C,103
1931,3525,2025-07-07T14:40:24.757363,C,1013
1932,3527,2025-03-13T14:40:24.757875,B,20
1933,3529,2026-02-12T14:40:24.758298,C,657
1934,3531,2026-02-20T14:40:24.758880,A,765
1935,3533,2026-02-19T14:40:24.759293,B,108
1936,3535,2026-06-30T14:40:24.759782,C,232
1937,3538,2026-04-14T14:40:24.760505,C,103
1938,3539,2025-11-04T14:40:24.760778,A,282
1939,3540,2026-03-30T14:40:24.761061,C,118
1940,3541,2025-08-20T14:40:24.761224,A,120
1941,3542,2026-04-06T14:40:24.761382,B,117
1942,3543,2026-08-07T14:40:24.761688,C,119
1943,3546,2026-05-01T14:40:24.762222,A,737
1944,3547,2025-04-02T14:40:24.762363,C,388
1945,3550,2026-05-14T14:40:24.763045,A,179
1946,3552,2026-04-09T14:40:24.763321,C,438
1947,3554,2026-07-26T14:40:24.764045,C,79
1948,3555,2026-10-19T14:40:24.764317,A,96
1949,3558,2025-04-24T14:40:24.765079,A,203
1950,3560,2026-07-13T14:40:24.765710,A,108
1951,3562,2025-08-31T14:40:24.766128,C,93
1952,3563,2026-03-19T14:40:24.766434,A,1045
1953,3564,2025-08-01T14:40:24.766740,A,367
1954,3565,2025-06-23T14:40:24.766875,B,98
1955,3568,2026-01-19T14:40:24.767716,B,96
1956,3569,2025-02-19T14:40:24.768017,A,1010
1957,3571,2025-06-02T14:40:24.768584,C,95
1958,3572,2026-09-09T14:40:24.768803,C,21
1959,3575,2025-07-29T14:40:24.769266,B,25
1960,3576,2025-10-22T14:40:24.769503,A,416
1961,3577,2025-04-07T14:40:24.769679,C,150
1962,3581,2026-07-31T14:40:24.770722,A,480
1963,3582,2025-09-13T14:40:24.770938,A,95
1964,3584,2025-06-24T14:40:24.771271,C,106
1965,3585,2025-09-01T14:40:24.771607,B,941
1966,3586,2025-09-19T14:40:24.772028,A,37
1967,3588,2026-04-29T14:40:24.772361,C,3
1968,3589,2026-05-11T14:40:24.772667,C,150
1969,3590,2026-06-12T14:40:24.772809,A,539
1970,3592,2026-01-29T14:40:24.773381,A,7
1971,3593,2024-09-22T14:40:24.773731,B,138
1972,3595,2026-07-10T14:40:24.774246,B,96
1973,3596,2025-10-10T14:40:24.774467,A,96
1974,3597,2026-08-01T14:40:24.774741,A,727
1975,3599,2025-05-14T14:40:24.775250,C,332
1976,3600,2025-08-27T14:40:24.775377,A,462
1977,3601,2024-10-12T14:40:24.775518,B,211
1978,3604,2025-09-09T14:40:24.776287,C,293
1979,3606,2026-08-23T14:40:24.776752,C,94
1980,3608,2025-11-28T14:40:24.777350,B,115
1981,3610,2026-01-14T14:40:24.777664,A,437
1982,3612,2026-10-29T14:40:24.777988,C,107
1983,3613,2026-01-28T14:40:24.778280,A,1068
1984,3616,2026-01-10T14:40:24.778998,C,614
1985,3617,2024-09-14T14:40:24.779132,C,340
1986,3618,2025-08-17T14:40:24.779265,A,100
1987,3619,2026-12-01T14:40:24.779749,B,113
1988,3620,2026-12-16T14:40:24.780077,B,103
1989,3621,2026-08-18T14:40:24.780358,A,723
1990,3622,2026-08-29T14:40:24.780644,B,580
1991,3624,2026-02-05T14:40:24.781066,C,1037
1992,3625,2025-01-21T14:40:24.781331,A,12
1993,3626,2026-11-10T14:40:24.781695,A,326
1994,3627,2026-10-14T14:40:24.781917,A,805
1995,3628,2026-09-02T14:40:24.782180,C,775
1996,3631,2026-09-09T14:40:24.783038,C,1047
1997,3634,2025-03-23T14:40:24.783744,A,348
1998,3635,2026-07-08T14:40:24.784122,C,565
1999,3636,2025-11-29T14:40:24.784488,A,63
2000,3637,2025-12-18T14:40:24.784809,B,91
2001,3639,2025-05-05T14:40:24.785263,C,850
2002,3642,2025-05-22T14:40:24.786082,A,61
2003,3643,2025-09-23T14:40:24.786337,C,939
2004,3644,2024-11-26T14:40:24.786528,B,355
2005,3646,2026-06-05T14:40:24.786983,B,109
2006,3648,2025-08-13T14:40:24.787299,A,766
2007,3650,2026-01-17T14:40:24.787922,A,168
2008,3652,2026-10-10T14:40:24.788274,A,93
2009,3653,2026-01-30T14:40:24.788489,A,114
2010,3654,2025-03-11T14:40:24.788665,A,751
2011,3656,2026-02-06T14:40:24.789037,A,32
2012,3658,2026-08-14T14:40:24.789633,A,110
2013,3660,2026-04-27T14:40:24.790162,C,1067
2014,3662,2026-06-28T14:40:24.790497,A,839
2015,3663,2025-10-27T14:40:24.790693,A,54
2016,3664,2026-10-12T14:40:24.791013,A,97
2017,3665,2025-03-24T14:40:24.791130,A,97
2018,3666,2026-03-03T14:40:24.791277,C,6
2019,3668,2026-07-01T14:40:24.791952,A,107
2020,3669,2025-01-01T14:40:24.792330,A,883
2021,3673,2025-08-08T14:40:24.793379,A,423
2022,3678,2026-03-04T14:40:24.794699,B,21
2023,3680,2025-08-31T14:40:24.795414,C,604
2024,3683,2025-03-08T14:40:24.796088,A,587
2025,3686,2025-04-23T14:40:24.796845,B,539
2026,3687,2026-06-27T14:40:24.796994,A,54
2027,3688,2026-10-21T14:40:24.797193,B,112
2028,3689,2026-05-16T14:40:24.797486,C,135
2029,3691,2026-03-23T14:40:24.798111,A,108
2030,3692,2026-06-18T14:40:24.798378,A,240
2031,3693,2026-08-21T14:40:24.798734,A,119
2032,3694,2026-09-18T14:40:24.798882,B,100
2033,3695,2024-11-29T14:40:24.799064,A,92
2034,3696,2025-03-23T14:40:24.799304,A,95
2035,3699,2025-08-19T14:40:24.800060,B,585
2036,3702,2026-07-11T14:40:24.800644,C,118
2037,3703,2025-09-22T14:40:24.800831,A,302
2038,3704,2026-02-01T14:40:24.801030,A,733
2039,3705,2025-10-26T14:40:24.801291,B,69
2040,3706,2026-10-24T14:40:24.801525,B,117
2041,3708,2025-06-06T14:40:24.802137,C,594
2042,3709,2026-03-27T14:40:24.802443,A,532
2043,3710,2026-02-03T14:40:24.802608,A,972
2044,3713,2026-04-04T14:40:24.803512,C,118
2045,3714,2024-12-27T14:40:24.803924,A,120
2046,3716,2024-12-18T14:40:24.804476,B,901
2047,3718,2026-08-17T14:40:24.805070,B,594
2048,3721,2025-05-15T14:40:24.805784,C,953
2049,3722,2024-12-21T14:40:24.805930,B,14
2050,3726,2025-07-14T14:40:24.807034,A,116
2051,3727,2025-10-30T14:40:24.807276,C,139
2052,3729,2025-01-16T14:40:24.807591,C,496
2053,3730,2024-11-24T14:40:24.807987,C,914
2054,3731,2024-09-13T14:40:24.808318,C,200
2055,3733,2026-08-08T14:40:24.808705,A,587
2056,3734,2025-12-21T14:40:24.809027,C,10
2057,3738,2026-10-03T14:40:24.809846,A,101
2058,3740,2026-10-13T14:40:24.810622,C,297
2059,3741,2024-11-11T14:40:24.810777,A,114
2060,3743,2025-06-17T14:40:24.811185,C,90
2061,3745,2025-03-17T14:40:24.811667,C,1021
2062,3746,2026-01-11T14:40:24.811783,A,188
2063,3747,2026-09-02T14:40:24.812074,C,115
2064,3751,2024-12-29T14:40:24.813066,A,221
2065,3752,2026-08-23T14:40:24.813275,A,196
2066,3754,2025-07-03T14:40:24.813571,A,103
2067,3756,2026-04-03T14:40:24.814176,B,356
2068,3758,2025-12-12T14:40:24.814658,A,86
2069,3761,2024-12-01T14:40:24.815390,C,62
2070,3762,2026-05-08T14:40:24.815676,A,256
2071,3763,2026-11-13T14:40:24.815938,A,100
2072,3769,2026-09-01T14:40:24.817243,C,119
2073,3770,2024-11-25T14:40:24.817484,B,93
2074,3773,2025-07-31T14:40:24.818102,A,1029
2075,3774,2025-02-04T14:40:24.818370,A,1043
2076,3776,2026-09-01T14:40:24.818777,C,115
2077,3777,2026-09-03T14:40:24.819087,A,112
2078,3778,2026-04-18T14:40:24.819325,A,118
2079,3779,2024-10-21T14:40:24.819634,B,1005
2080,3781,2024-09-12T14:40:24.820131,A,93
2081,3784,2026-07-10T14:40:24.820933,C,110
2082,3791,2026-08-01T14:40:24.823026,A,120
2083,3793,2025-03-01T14:40:24.823605,A,825
2084,3794,2026-04-18T14:40:24.823877,A,97
2085,3796,2026-08-03T14:40:24.824384,A,147
2086,3798,2025-11-09T14:40:24.825034,A,108
2087,3799,2026-05-16T14:40:24.825232,B,116
2088,3800,2025-02-25T14:40:24.825465,B,1044
2089,3801,2026-06-11T14:40:24.825764,C,840
2090,3804,2026-06-16T14:40:24.826277,A,1013
2091,3805,2025-12-13T14:40:24.826414,C,28
2092,3806,2024-11-16T14:40:24.826816,A,67
2093,3809,2025-08-20T14:40:24.827701,C,930
2094,3811,2025-07-21T14:40:24.828638,A,965
2095,3812,2024-10-14T14:40:24.828920,A,588
2096,3813,2026-04-17T14:40:24.829047,C,1008
2097,3816,2026-05-25T14:40:24.829589,C,116
2098,3818,2026-05-12T14:40:24.829953,C,100
2099,3819,2026-05-18T14:40:24.830247,C,705
2100,3820,2025-05-28T14:40:24.830620,B,103
2101,3821,2026-05-08T14:40:24.830915,A,94
2102,3822,2025-07-30T14:40:24.831223,C,745
2103,3823,2026-11-13T14:40:24.831439,A,116
2104,3825,2025-08-08T14:40:24.831957,C,11
2105,3828,2024-10-30T14:40:24.832880,A,410
2106,3829,2026-07-19T14:40:24.833077,A,850
2107,3830,2025-02-13T14:40:24.833351,B,929
2108,3833,2026-06-23T14:40:24.834121,A,453
2109,3839,2026-05-02T14:40:24.836070,C,221
2110,3840,2026-01-08T14:40:24.836239,C,280
2111,3843,2025-05-13T14:40:24.836962,C,336
2112,3844,2024-10-12T14:40:24.837296,C,563
2113,3846,2025-04-30T14:40:24.837826,A,85
2114,3848,2025-03-24T14:40:24.838346,B,104
2115,3854,2025-06-03T14:40:24.839639,A,271
2116,3857,2025-01-05T14:40:24.840299,A,692
2117,3858,2025-09-18T14:40:24.840503,B,19
2118,3860,2026-06-11T14:40:24.841232,A,739
2119,3861,2025-01-01T14:40:24.841612,A,118
2120,3868,2026-07-15T14:40:24.843424,A,195
2121,3869,2026-07-19T14:40:24.843762,C,711
2122,3870,2025-12-24T14:40:24.844174,C,114
2123,3877,2026-08-12T14:40:24.846233,A,112
2124,3878,2026-01-24T14:40:24.846362,B,303
2125,3880,2025-06-03T14:40:24.846999,C,730
2126,3883,2026-08-20T14:40:24.847764,A,880
2127,3884,2025-06-19T14:40:24.848099,A,100
2128,3886,2025-04-02T14:40:24.848594,C,68
2129,3887,2025-07-26T14:40:24.848856,B,689
2130,3888,2025-12-10T14:40:24.849178,A,306
2131,3891,2026-10-21T14:40:24.849946,A,428
2132,3892,2026-01-16T14:40:24.850195,A,675
2133,3893,2025-02-18T14:40:24.850396,A,119
2134,3895,2024-11-08T14:40:24.850801,C,228
2135,3896,2026-09-20T14:40:24.851074,B,519
2136,3897,2026-08-05T14:40:24.851390,C,566
2137,3902,2026-08-29T14:40:24.852709,A,99
2138,3904,2026-01-11T14:40:24.853424,A,351
2139,3907,2026-07-24T14:40:24.854198,B,104
2140,3908,2026-06-17T14:40:24.854502,A,679
2141,3910,2025-07-16T14:40:24.855367,A,136
2142,3912,2025-08-19T14:40:24.856000,B,130
2143,3915,2025-02-28T14:40:24.856852,A,94
2144,3916,2026-01-09T14:40:24.857182,C,72
2145,3922,2026-04-23T14:40:24.858802,C,967
2146,3923,2025-01-09T14:40:24.859259,A,6
2147,3925,2025-03-03T14:40:24.859957,A,362
2148,3926,2026-05-20T14:40:24.860116,B,101
2149,3927,2025-03-02T14:40:24.860341,C,70
2150,3929,2025-11-11T14:40:24.861026,A,855
2151,3932,2024-11-12T14:40:24.861825,A,740
2152,3933,2026-01-21T14:40:24.862127,A,332
2153,3935,2025-05-28T14:40:24.862862,A,182
2154,3936,2025-08-23T14:40:24.863223,B,2
2155,3937,2026-09-03T14:40:24.863382,B,120
2156,3940,2025-03-28T14:40:24.863927,A,241
2157,3942,2026-09-07T14:40:24.864427,C,119
2158,3943,2024-12-23T14:40:24.864673,A,451
2159,3944,2026-07-26T14:40:24.864878,A,370
2160,3947,2026-02-27T14:40:24.865952,C,103
2161,3948,2025-11-27T14:40:24.866150,B,942
2162,3952,2025-07-05T14:40:24.867101,A,116
2163,3953,2026-11-25T14:40:24.867433,B,1046
2164,3954,2026-10-12T14:40:24.867628,A,107
2165,3958,2026-08-10T14:40:24.868671,A,105
2166,3959,2026-07-29T14:40:24.868920,C,985
2167,3960,2026-04-25T14:40:24.869209,A,335
2168,3961,2026-06-06T14:40:24.869612,A,101
2169,3962,2026-09-12T14:40:24.869765,C,363
2170,3963,2025-10-28T14:40:24.870039,B,111
2171,3965,2025-05-22T14:40:24.870415,A,298
2172,3968,2026-06-03T14:40:24.870999,A,850
2173,3970,2025-02-15T14:40:24.871573,A,547
2174,3972,2025-10-24T14:40:24.872318,A,730
2175,3974,2026-04-21T14:40:24.872777,C,119
2176,3977,2026-10-05T14:40:24.873812,A,120
2177,3980,2026-09-11T14:40:24.874844,A,1003
2178,3982,2026-04-18T14:40:24.875468,A,101
2179,3984,2025-12-06T14:40:24.876101,A,167
2180,3986,2026-07-26T14:40:24.876611,B,94
2181,3987,2025-11-28T14:40:24.876863,C,94
2182,3990,2025-02-25T14:40:24.877382,A,476
2183,3992,2025-12-31T14:40:24.878011,C,108
2184,3993,2026-06-11T14:40:24.878137,B,97
2185,3994,2026-09-02T14:40:24.878418,C,94
2186,3995,2026-06-03T14:40:24.878825,C,105
2187,3997,2026-08-23T14:40:24.879377,B,94
2188,4000,2025-08-19T14:40:24.880341,A,122
2189,4001,2025-07-03T14:40:24.880479,C,396
2190,4002,2026-05-02T14:40:24.880835,A,353
2191,4003,2025-02-19T14:40:24.881106,B,265
2192,4004,2025-02-26T14:40:24.881395,A,119
2193,4005,2026-06-17T14:40:24.881666,A,93
2194,4008,2026-05-12T14:40:24.882467,A,102
2195,4009,2026-03-19T14:40:24.882654,C,19
2196,4010,2026-12-03T14:40:24.882853,A,120
2197,4011,2025-01-19T14:40:24.883104,A,716
2198,4014,2025-09-17T14:40:24.884069,C,686
2199,4017,2025-08-03T14:40:24.884993,B,112
2200,4018,2026-01-31T14:40:24.885170,C,113
2201,4020,2025-08-31T14:40:24.885762,B,142
2202,4021,2025-02-24T14:40:24.885970,C,738
2203,4025,2026-07-24T14:40:24.886947,C,490
2204,4028,2026-12-04T14:40:24.888049,A,99
2205,4030,2025-04-14T14:40:24.888330,C,19
2206,4032,2025-07-05T14:40:24.888902,A,480
2207,4033,2025-09-12T14:40:24.889176,A,1005
2208,4034,2024-10-30T14:40:24.889583,A,358
2209,4036,2025-05-21T14:40:24.890112,B,105
2210,4039,2024-12-20T14:40:24.890608,B,681
2211,4042,2026-01-09T14:40:24.891090,A,676
2212,4043,2025-05-05T14:40:24.891279,B,614
2213,4044,2026-02-12T14:40:24.891585,A,948
2214,4045,2025-04-27T14:40:24.891746,A,8
2215,4048,2025-08-11T14:40:24.892828,A,274
2216,4049,2025-08-08T14:40:24.893030,A,982
2217,4051,2026-12-05T14:40:24.893420,A,74
2218,4052,2024-09-27T14:40:24.893731,A,822
2219,4053,2024-11-14T14:40:24.893999,A,93
2220,4054,2025-05-26T14:40:24.894166,A,104
2221,4058,2026-04-09T14:40:24.895364,C,225
2222,4059,2026-02-26T14:40:24.895522,B,91
2223,4061,2026-04-25T14:40:24.896229,C,118
2224,4062,2025-07-08T14:40:24.896511,C,100
2225,4064,2026-02-24T14:40:24.897042,C,960
2226,4065,2026-03-06T14:40:24.897171,A,186
2227,4068,2026-10-08T14:40:24.897914,C,1050
2228,4070,2024-11-03T14:40:24.898385,C,47
2229,4071,2026-08-02T14:40:24.898710,A,955
2230,4072,2025-09-18T14:40:24.899017,A,120
2231,4073,2026-06-02T14:40:24.899294,A,205
2232,4075,2025-04-27T14:40:24.899751,C,110
2233,4076,2025-08-13T14:40:24.900057,B,208
2234,4077,2026-10-11T14:40:24.900383,A,27
2235,4079,2025-05-04T14:40:24.900867,B,248
2236,4082,2025-03-05T14:40:24.901671,A,71
2237,4083,2025-06-06T14:40:24.901937,A,103
2238,4084,2025-05-11T14:40:24.902293,A,813
2239,4089,2025-12-22T14:40:24.903474,B,110
2240,4094,2024-12-13T14:40:24.904998,A,146
2241,4095,2025-12-03T14:40:24.905223,A,25
2242,4096,2025-03-04T14:40:24.905583,A,812
2243,4097,2026-11-03T14:40:24.905939,C,454
2244,4100,2026-08-25T14:40:24.906493,C,104
2245,4101,2026-04-28T14:40:24.906758,B,294
2246,4102,2025-08-21T14:40:24.907038,A,117
2247,4103,2026-07-29T14:40:24.907508,A,199
2248,4104,2025-10-06T14:40:24.907904,A,743
2249,4106,2025-03-11T14:40:24.908231,A,236
2250,4108,2024-09-16T14:40:24.908626,C,340
2251,4110,2025-10-18T14:40:24.909013,A,10
2252,4113,2025-08-05T14:40:24.909735,A,350
2253,4115,2026-08-07T14:40:24.910012,A,751
2254,4116,2026-07-28T14:40:24.910279,B,116
2255,4118,2025-04-03T14:40:24.910796,C,878
2256,4119,2025-08-13T14:40:24.910946,A,453
2257,4121,2026-07-16T14:40:24.911681,A,98
2258,4123,2025-06-07T14:40:24.912120,A,969
2259,4124,2025-01-19T14:40:24.912358,B,1070
2260,4127,2025-02-07T14:40:24.912960,A,348
2261,4128,2025-10-12T14:40:24.913386,A,355
2262,4130,2026-08-08T14:40:24.914047,A,108
2263,4131,2026-01-26T14:40:24.914201,A,720
2264,4135,2025-09-05T14:40:24.915673,C,7
2265,4139,2026-08-06T14:40:24.917147,A,114
2266,4141,2025-01-21T14:40:24.917734,C,104
2267,4145,2026-03-31T14:40:24.918921,A,105
2268,4146,2025-07-21T14:40:24.919176,C,1028
2269,4147,2026-03-13T14:40:24.919698,C,684
2270,4148,2026-06-19T14:40:24.920097,C,436
2271,4149,2025-04-28T14:40:24.920386,A,1034
2272,4151,2026-11-11T14:40:24.920820,B,8
2273,4152,2026-04-12T14:40:24.921170,A,9
2274,4153,2026-06-03T14:40:24.921393,A,96
2275,4154,2026-01-06T14:40:24.921640,C,642
2276,4158,2026-02-16T14:40:24.922691,A,95
2277,4160,2026-01-10T14:40:24.923341,B,401
2278,4161,2025-10-30T14:40:24.923811,C,946
2279,4164,2024-08-17T14:40:24.924833,A,303
2280,4165,2025-11-09T14:40:24.925176,A,355
2281,4169,2025-09-30T14:40:24.926510,C,107
2282,4170,2025-07-10T14:40:24.926720,C,690
2283,4171,2025-08-07T14:40:24.926871,A,22
2284,4172,2026-04-19T14:40:24.927070,A,941
2285,4173,2025-07-24T14:40:24.927416,B,802
2286,4174,2026-06-23T14:40:24.927807,C,84
2287,4175,2026-10-07T14:40:24.928113,C,107
2288,4177,2025-02-05T14:40:24.928446,B,77
2289,4180,2025-04-27T14:40:24.929271,B,100
2290,4181,2025-02-17T14:40:24.929714,A,486
2291,4183,2026-09-05T14:40:24.930518,A,235
2292,4184,2025-07-03T14:40:24.930780,A,1019
2293,4185,2025-11-11T14:40:24.930944,A,962
2294,4186,2025-06-16T14:40:24.931104,C,583
2295,4188,2026-05-31T14:40:24.931500,A,1001
2296,4190,2026-05-05T14:40:24.932254,C,865
2297,4191,2025-07-17T14:40:24.932494,A,503
2298,4194,2026-06-17T14:40:24.933250,B,105
2299,4199,2025-03-13T14:40:24.934459,C,375
2300,4200,2026-02-09T14:40:24.934789,A,403
2301,4201,2025-08-22T14:40:24.935132,C,423
2302,4203,2026-10-18T14:40:24.935814,A,113
2303,4206,2026-10-14T14:40:24.936772,A,297
2304,4207,2026-04-17T14:40:24.936931,B,661
2305,4208,2025-09-14T14:40:24.937072,A,1033
2306,4210,2025-11-13T14:40:24.937509,C,714
2307,4211,2026-06-22T14:40:24.937797,B,205
2308,4212,2026-04-09T14:40:24.938137,C,97
2309,4214,2026-03-10T14:40:24.938940,A,109
2310,4216,2025-10-03T14:40:24.939527,B,108
2311,4217,2025-07-08T14:40:24.940045,A,100
2312,4218,2025-06-28T14:40:24.940369,A,82
2313,4219,2026-01-29T14:40:24.940590,C,571
2314,4220,2024-11-02T14:40:24.940687,A,110
2315,4222,2025-02-17T14:40:24.940932,B,445
2316,4223,2026-04-21T14:40:24.941088,A,431
2317,4224,2026-09-12T14:40:24.941380,A,95
2318,4226,2026-05-07T14:40:24.941818,C,648
2319,4229,2026-08-09T14:40:24.942479,C,116
2320,4230,2026-07-14T14:40:24.942745,A,120
2321,4233,2025-05-11T14:40:24.943494,C,720
2322,4235,2026-07-12T14:40:24.944184,C,129
2323,4236,2025-07-15T14:40:24.944655,C,379
2324,4237,2025-06-10T14:40:24.944964,B,104
2325,4240,2026-06-06T14:40:24.946227,A,403
2326,4241,2025-05-12T14:40:24.946503,A,515
2327,4242,2026-05-01T14:40:24.946802,A,209
2328,4243,2026-11-24T14:40:24.947200,C,102
2329,4244,2024-11-23T14:40:24.947345,B,458
2330,4248,2025-03-08T14:40:24.948668,C,205
2331,4252,2025-09-19T14:40:24.949833,A,56
2332,4253,2025-06-03T14:40:24.950118,C,846
2333,4255,2026-01-14T14:40:24.950619,B,1056
2334,4256,2025-07-22T14:40:24.950813,A,386
2335,4258,2026-08-27T14:40:24.951523,B,818
2336,4260,2026-04-29T14:40:24.952235,A,103
2337,4261,2025-11-21T14:40:24.952430,B,983
2338,4262,2026-02-03T14:40:24.952621,C,975
2339,4263,2026-08-09T14:40:24.952797,A,8
2340,4264,2025-12-05T14:40:24.953140,A,928
2341,4266,2026-12-05T14:40:24.953853,A,1049
2342,4267,2026-12-02T14:40:24.954239,B,560
2343,4269,2025-07-12T14:40:24.954730,B,107
2344,4272,2025-01-16T14:40:24.955599,C,789
2345,4273,2026-08-03T14:40:24.956078,A,1031
2346,4274,2025-10-01T14:40:24.956319,A,164
2347,4276,2026-06-08T14:40:24.956922,A,96
2348,4279,2026-08-24T14:40:24.957531,B,105
2349,4281,2026-03-10T14:40:24.957841,A,982
2350,4282,2025-10-06T14:40:24.958251,C,692
2351,4283,2026-10-18T14:40:24.958628,A,78
2352,4285,2026-11-20T14:40:24.959076,A,872
2353,4286,2026-02-28T14:40:24.959478,C,1037
2354,4287,2026-03-03T14:40:24.959744,A,112
2355,4288,2025-04-29T14:40:24.960335,A,782
2356,4289,2025-12-08T14:40:24.960671,A,889
2357,4290,2025-10-29T14:40:24.960933,B,320
2358,4291,2025-05-05T14:40:24.961157,A,72
2359,4297,2026-09-20T14:40:24.963073,A,118
2360,4299,2025-03-10T14:40:24.963502,A,604
2361,4302,2026-05-30T14:40:24.964296,B,729
2362,4303,2026-09-15T14:40:24.964499,A,106
2363,4304,2026-01-27T14:40:24.964728,A,715
2364,4305,2025-04-09T14:40:24.964981,A,375
2365,4306,2024-12-11T14:40:24.965140,A,243
2366,4309,2025-02-25T14:40:24.966253,A,103
2367,4310,2026-03-02T14:40:24.966631,A,706
2368,4311,2026-01-02T14:40:24.966927,A,878
2369,4312,2026-08-13T14:40:24.967129,A,94
2370,4313,2025-10-11T14:40:24.967296,A,100
2371,4314,2025-12-30T14:40:24.967683,A,763
2372,4316,2026-05-12T14:40:24.968402,C,107
2373,4317,2026-11-11T14:40:24.968727,B,1
2374,4322,2026-01-06T14:40:24.970177,C,113
2375,4328,2025-01-16T14:40:24.972004,A,25
2376,4329,2026-02-02T14:40:24.972293,C,94
2377,4330,2026-08-27T14:40:24.972519,A,98
2378,4333,2026-06-06T14:40:24.973330,B,113
2379,4334,2025-10-17T14:40:24.973648,B,90
2380,4336,2025-04-13T14:40:24.974437,C,102
2381,4338,2025-05-22T14:40:24.974816,A,248
2382,4340,2025-03-14T14:40:24.975287,A,102
2383,4341,2026-03-31T14:40:24.975449,B,112
2384,4342,2026-01-25T14:40:24.976064,A,467
2385,4343,2025-02-24T14:40:24.976364,B,89
2386,4346,2026-07-31T14:40:24.977351,A,97
2387,4348,2025-03-15T14:40:24.977888,B,276
2388,4351,2026-02-19T14:40:24.979035,B,480
2389,4352,2025-03-04T14:40:24.979200,C,93
2390,4353,2025-06-30T14:40:24.979378,C,1021
2391,4354,2025-08-30T14:40:24.979726,B,28
2392,4356,2026-05-24T14:40:24.980705,B,1040
2393,4358,2025-03-20T14:40:24.981322,C,109
2394,4359,2026-03-02T14:40:24.981504,C,305
2395,4361,2026-11-02T14:40:24.982229,C,636
2396,4362,2026-03-27T14:40:24.982630,A,350
2397,4363,2024-09-16T14:40:24.982841,A,38
2398,4364,2025-05-31T14:40:24.983184,A,120
2399,4365,2025-03-20T14:40:24.983412,A,135
2400,4366,2026-09-20T14:40:24.983785,A,99
2401,4367,2025-12-29T14:40:24.984205,A,302
2402,4370,2025-07-19T14:40:24.985129,A,216
2403,4371,2025-10-25T14:40:24.985494,B,710
2404,4374,2026-10-30T14:40:24.986706,A,1008
2405,4375,2024-11-09T14:40:24.986960,A,592
2406,4377,2026-03-26T14:40:24.987621,A,302
2407,4379,2026-05-12T14:40:24.988188,A,549
2408,4380,2026-04-17T14:40:24.988619,B,742
2409,4382,2026-05-13T14:40:24.989259,B,813
2410,4389,2026-09-08T14:40:24.991151,A,117
2411,4390,2024-10-18T14:40:24.991282,A,349
2412,4391,2026-08-11T14:40:24.991693,C,93
2413,4392,2026-05-31T14:40:24.992049,A,708
2414,4395,2025-05-24T14:40:24.993106,A,115
2415,4397,2026-08-16T14:40:24.993832,C,149
2416,4398,2026-03-31T14:40:24.994176,A,97
2417,4400,2024-12-31T14:40:24.994775,A,297
2418,4402,2025-12-10T14:40:24.995408,C,51
2419,4403,2025-12-20T14:40:24.995957,A,162
2420,4404,2024-12-31T14:40:24.996420,C,751
2421,4405,2026-08-15T14:40:24.996853,B,227
2422,4406,2026-08-23T14:40:24.997168,A,108
2423,4407,2025-07-20T14:40:24.997484,A,114
2424,4413,2026-03-17T14:40:24.998944,B,111
2425,4414,2026-05-20T14:40:24.999099,C,857
2426,4415,2026-06-07T14:40:24.999377,A,551
2427,4416,2025-11-14T14:40:24.999642,B,526
2428,4418,2024-09-25T14:40:25.000356,A,120
2429,4420,2026-10-06T14:40:25.000834,B,97
2430,4421,2025-06-21T14:40:25.001171,A,489
2431,4422,2026-04-11T14:40:25.001335,C,98
2432,4424,2026-04-12T14:40:25.001752,A,175
2433,4428,2024-12-27T14:40:25.003226,C,30
2434,4429,2025-06-10T14:40:25.003702,A,668
2435,4430,2026-06-30T14:40:25.003828,C,706
2436,4432,2026-10-10T14:40:25.004723,A,646
2437,4434,2026-06-16T14:40:25.005355,B,506
2438,4435,2025-01-06T14:40:25.005535,A,88
2439,4437,2025-02-15T14:40:25.006154,A,16
2440,4438,2024-11-20T14:40:25.006505,A,19
2441,4440,2026-01-04T14:40:25.006993,A,577
2442,4441,2025-08-20T14:40:25.007422,C,116
2443,4443,2026-04-17T14:40:25.008178,A,809
2444,4444,2026-12-16T14:40:25.008484,A,108
2445,4446,2025-08-28T14:40:25.009102,C,110
2446,4447,2025-03-20T14:40:25.009437,C,836
2447,4449,2025-11-02T14:40:25.009975,A,732
2448,4452,2025-03-17T14:40:25.010851,A,86
2449,4453,2026-08-09T14:40:25.011176,C,311
2450,4454,2025-06-23T14:40:25.011441,C,77
2451,4455,2026-01-04T14:40:25.012029,C,842
2452,4456,2025-09-08T14:40:25.012385,C,19
2453,4460,2026-11-16T14:40:25.013523,C,294
2454,4461,2026-02-17T14:40:25.013944,C,799
2455,4462,2026-01-06T14:40:25.014182,C,946
2456,4463,2025-06-12T14:40:25.014504,A,823
2457,4466,2026-07-26T14:40:25.015334,A,113
2458,4468,2026-06-28T14:40:25.016117,A,114
2459,4471,2025-10-21T14:40:25.017309,A,199
2460,4473,2025-07-27T14:40:25.017927,C,53
2461,4478,2024-11-18T14:40:25.019290,C,99
2462,4480,2026-07-22T14:40:25.019725,A,572
2463,4482,2025-04-05T14:40:25.020706,B,717
2464,4485,2026-01-04T14:40:25.021842,A,885
2465,4486,2024-11-03T14:40:25.022074,A,711
2466,4487,2024-10-29T14:40:25.022242,A,269
2467,4489,2025-05-19T14:40:25.022803,A,438
2468,4491,2025-10-31T14:40:25.023406,B,94
2469,4492,2026-02-07T14:40:25.023608,A,307
2470,4494,2026-04-08T14:40:25.024114,A,216
2471,4497,2025-10-26T14:40:25.024928,C,58
2472,4498,2026-04-11T14:40:25.025140,B,104
2473,4504,2025-06-18T14:40:25.026906,C,984
2474,4507,2025-05-13T14:40:25.027991,A,643
2475,4508,2026-08-24T14:40:25.028426,A,113
2476,4509,2025-11-11T14:40:25.028706,C,114
2477,4514,2025-06-15T14:40:25.029867,A,64
2478,4515,2025-06-25T14:40:25.030171,B,595
2479,4516,2026-01-18T14:40:25.030343,B,1050
2480,4520,2026-03-05T14:40:25.031444,A,570
2481,4525,2025-08-24T14:40:25.033363,A,470
2482,4527,2024-12-29T14:40:25.034030,B,112
2483,4531,2026-09-30T14:40:25.035234,A,95
2484,4532,2025-11-30T14:40:25.035473,A,456
2485,4533,2026-10-20T14:40:25.035782,A,623
2486,4534,2025-01-14T14:40:25.036370,C,272
2487,4536,2025-03-05T14:40:25.037082,B,473
2488,4537,2025-11-29T14:40:25.037398,C,107
2489,4539,2025-03-25T14:40:25.037864,A,1057
2490,4540,2026-04-09T14:40:25.038170,C,107
2491,4541,2025-08-03T14:40:25.038498,B,949
2492,4542,2026-06-23T14:40:25.039032,B,116
2493,4543,2026-02-10T14:40:25.039242,A,182
2494,4546,2025-07-17T14:40:25.040569,A,115
2495,4547,2026-05-20T14:40:25.041057,A,98
2496,4548,2026-07-30T14:40:25.041445,A,599
2497,4550,2025-12-28T14:40:25.042207,B,983
2498,4551,2026-08-24T14:40:25.042627,A,103
2499,4552,2026-01-09T14:40:25.042797,A,991
2500,4553,2025-07-22T14:40:25.043065,C,294
2501,4557,2025-09-29T14:40:25.044499,B,1005
2502,4558,2026-09-27T14:40:25.044993,B,118
2503,4562,2026-07-06T14:40:25.046164,A,49
2504,4563,2026-05-28T14:40:25.046707,A,303
2505,4564,2026-04-11T14:40:25.047087,A,115
2506,4565,2026-03-20T14:40:25.047326,C,70
2507,4568,2026-07-13T14:40:25.048274,A,364
2508,4569,2026-09-07T14:40:25.048746,C,96
2509,4570,2026-03-28T14:40:25.049126,B,245
2510,4571,2025-12-24T14:40:25.049380,A,13
2511,4572,2026-08-14T14:40:25.049579,A,358
2512,4576,2026-08-11T14:40:25.050862,A,95
2513,4577,2025-10-04T14:40:25.051258,A,142
2514,4578,2025-03-01T14:40:25.051448,C,590
2515,4579,2026-10-08T14:40:25.051964,B,105
2516,4580,2025-04-26T14:40:25.052082,A,952
2517,4581,2026-07-18T14:40:25.052383,A,998
2518,4582,2026-09-22T14:40:25.052780,A,890
2519,4584,2025-09-17T14:40:25.053197,A,39
2520,4586,2025-06-06T14:40:25.053807,C,8
2521,4587,2026-07-26T14:40:25.054057,C,85
2522,4588,2026-06-14T14:40:25.054228,B,3
2523,4589,2026-04-26T14:40:25.054618,A,98
2524,4592,2025-09-20T14:40:25.055970,A,20
2525,4596,2025-04-25T14:40:25.057616,C,32
2526,4598,2026-09-23T14:40:25.058068,A,85
2527,4602,2026-08-12T14:40:25.059344,A,55
2528,4603,2026-02-26T14:40:25.059779,A,318
2529,4605,2024-12-11T14:40:25.060455,A,890
2530,4606,2025-06-02T14:40:25.060884,A,1023
2531,4607,2026-11-16T14:40:25.061222,A,76
2532,4608,2026-08-21T14:40:25.061627,B,105
2533,4611,2025-01-08T14:40:25.062414,A,431
2534,4612,2025-10-08T14:40:25.062728,A,97
2535,4613,2025-10-25T14:40:25.062971,C,10
2536,4614,2025-01-21T14:40:25.063309,B,784
2537,4616,2025-03-12T14:40:25.063987,A,46
2538,4617,2026-03-29T14:40:25.064219,A,456
2539,4618,2025-06-06T14:40:25.064765,C,969
2540,4619,2026-02-18T14:40:25.065182,A,119
2541,4620,2025-01-22T14:40:25.065688,A,569
2542,4621,2026-05-07T14:40:25.066032,A,116
2543,4623,2026-02-19T14:40:25.066846,A,115
2544,4624,2026-08-24T14:40:25.067056,A,119
2545,4625,2025-09-05T14:40:25.067525,A,1
2546,4628,2024-12-14T14:40:25.068783,B,1003
2547,4629,2026-04-11T14:40:25.069218,C,65
2548,4632,2026-06-20T14:40:25.070029,C,127
2549,4633,2026-07-05T14:40:25.070202,C,113
2550,4637,2026-11-08T14:40:25.071774,A,475
2551,4639,2024-12-21T14:40:25.072516,B,117
2552,4640,2026-07-24T14:40:25.072927,B,120
2553,4641,2026-05-21T14:40:25.073207,A,353
2554,4646,2025-03-05T14:40:25.074980,A,54
2555,4647,2026-07-05T14:40:25.075342,A,117
2556,4650,2025-09-21T14:40:25.076485,C,673
2557,4651,2026-09-25T14:40:25.076891,A,1037
2558,4654,2024-09-14T14:40:25.077725,B,19
2559,4655,2026-07-07T14:40:25.077971,A,93
2560,4658,2025-11-30T14:40:25.078732,C,55
2561,4664,2026-07-13T14:40:25.080575,A,95
2562,4667,2026-05-16T14:40:25.081331,B,709
2563,4668,2024-11-18T14:40:25.081963,B,134
2564,4669,2025-04-10T14:40:25.082184,C,953
2565,4672,2026-02-13T14:40:25.083038,A,798
2566,4676,2026-03-05T14:40:25.084348,A,88
2567,4679,2024-12-21T14:40:25.085149,A,645
2568,4680,2026-11-20T14:40:25.085490,C,107
2569,4681,2025-03-08T14:40:25.085811,A,1032
2570,4683,2026-11-02T14:40:25.086256,C,119
2571,4684,2026-03-24T14:40:25.086361,B,153
2572,4685,2024-10-24T14:40:25.087168,A,884
2573,4687,2026-04-23T14:40:25.088174,A,51
2574,4689,2026-09-08T14:40:25.088878,A,118
2575,4690,2026-10-25T14:40:25.089034,B,109
2576,4691,2026-06-25T14:40:25.089482,C,711
2577,4694,2026-04-02T14:40:25.090504,A,210
2578,4695,2025-03-06T14:40:25.090827,B,407
2579,4700,2025-06-11T14:40:25.092699,A,55
2580,4701,2026-06-04T14:40:25.092875,A,94
2581,4705,2024-09-18T14:40:25.094110,B,483
2582,4706,2026-04-18T14:40:25.094413,C,107
2583,4709,2026-08-06T14:40:25.095602,B,1007
2584,4711,2025-02-11T14:40:25.096231,A,584
2585,4712,2025-11-22T14:40:25.096529,A,154
2586,4713,2025-05-19T14:40:25.096852,A,25
2587,4718,2026-07-28T14:40:25.098230,A,7
2588,4719,2025-03-10T14:40:25.098384,A,462
2589,4720,2025-09-04T14:40:25.098753,C,685
2590,4722,2026-01-04T14:40:25.099483,B,1032
2591,4726,2024-10-04T14:40:25.100748,A,302
2592,4727,2025-04-30T14:40:25.101227,A,321
2593,4728,2026-01-08T14:40:25.101586,B,376
2594,4731,2025-06-07T14:40:25.102427,B,117
2595,4732,2026-05-27T14:40:25.102625,A,70
2596,4733,2026-04-19T14:40:25.102827,B,27
2597,4735,2026-05-09T14:40:25.103655,B,214
2598,4736,2026-02-18T14:40:25.103977,A,93
2599,4739,2025-11-13T14:40:25.104786,B,112
2600,4740,2026-01-05T14:40:25.105058,C,822
2601,4744,2026-04-10T14:40:25.106524,C,715
2602,4745,2026-06-17T14:40:25.106786,A,204
2603,4746,2025-11-04T14:40:25.107173,C,98
2604,4747,2026-07-23T14:40:25.107422,A,115
2605,4749,2026-07-29T14:40:25.108351,A,120
2606,4751,2025-01-13T14:40:25.108840,B,1045
2607,4752,2025-02-08T14:40:25.109091,B,243
2608,4753,2026-01-21T14:40:25.109481,A,743
2609,4754,2025-02-12T14:40:25.109704,A,114
2610,4757,2025-08-07T14:40:25.110697,B,14
2611,4758,2026-05-26T14:40:25.111073,C,98
2612,4760,2026-07-15T14:40:25.111523,C,102
2613,4761,2025-11-27T14:40:25.112067,A,234
2614,4763,2025-03-29T14:40:25.113016,A,1072
2615,4765,2025-10-01T14:40:25.113597,C,573
2616,4766,2025-09-20T14:40:25.113828,A,649
2617,4768,2026-02-28T14:40:25.114285,C,98
2618,4769,2025-02-23T14:40:25.114601,C,966
2619,4775,2024-11-20T14:40:25.116919,A,98
2620,4778,2025-01-01T14:40:25.118167,C,6
2621,4779,2025-04-26T14:40:25.118756,C,100
2622,4781,2026-01-27T14:40:25.119111,A,11
2623,4783,2025-05-27T14:40:25.119596,A,695
2624,4786,2026-07-04T14:40:25.120695,C,99
2625,4787,2025-12-10T14:40:25.121002,B,109
2626,4788,2026-04-05T14:40:25.121179,C,1068
2627,4789,2026-07-29T14:40:25.121462,A,398
2628,4790,2026-01-10T14:40:25.121940,C,119
2629,4791,2026-10-23T14:40:25.122504,A,2
2630,4798,2025-01-07T14:40:25.124200,C,856
2631,4799,2026-05-20T14:40:25.124418,A,113
2632,4800,2024-10-31T14:40:25.124751,A,108
2633,4805,2026-06-01T14:40:25.126381,C,107
2634,4807,2026-03-22T14:40:25.126850,B,547
2635,4808,2025-01-19T14:40:25.127295,A,135
2636,4809,2025-04-05T14:40:25.127485,B,104
2637,4810,2026-08-19T14:40:25.127998,A,657
2638,4811,2026-03-18T14:40:25.128378,B,310
2639,4814,2026-10-25T14:40:25.129300,A,115
2640,4815,2025-09-26T14:40:25.129793,C,113
2641,4816,2025-10-14T14:40:25.130099,C,300
2642,4817,2025-05-10T14:40:25.130480,B,108
2643,4818,2025-04-01T14:40:25.131074,A,368
2644,4822,2024-09-02T14:40:25.132532,A,111
2645,4823,2025-12-30T14:40:25.133119,B,466
2646,4825,2025-05-29T14:40:25.133922,A,845
2647,4826,2026-05-13T14:40:25.134217,A,301
2648,4827,2026-06-23T14:40:25.134636,A,976
2649,4828,2025-03-08T14:40:25.135060,C,276
2650,4829,2026-09-28T14:40:25.135321,A,107
2651,4830,2025-10-30T14:40:25.136050,A,772
2652,4831,2026-08-05T14:40:25.136251,A,671
2653,4834,2025-11-30T14:40:25.137689,A,314
2654,4840,2026-06-11T14:40:25.139533,C,62
2655,4841,2025-05-12T14:40:25.139997,A,202
2656,4845,2025-06-12T14:40:25.142012,A,706
2657,4846,2026-02-05T14:40:25.142507,A,421
2658,4849,2026-08-21T14:40:25.143762,A,102
2659,4850,2026-09-09T14:40:25.144008,A,406
2660,4851,2025-07-22T14:40:25.144221,A,199
2661,4852,2026-05-27T14:40:25.144500,A,104
2662,4853,2026-04-02T14:40:25.144727,B,1048
2663,4855,2025-01-25T14:40:25.145326,A,192
2664,4856,2024-11-25T14:40:25.145504,A,36
2665,4857,2025-08-13T14:40:25.146044,A,197
2666,4858,2025-02-01T14:40:25.146382,B,19
2667,4859,2026-01-29T14:40:25.146951,A,61
2668,4861,2025-12-22T14:40:25.147768,C,565
2669,4866,2025-07-17T14:40:25.149619,A,112
2670,4867,2025-10-15T14:40:25.149957,A,74
2671,4868,2026-06-01T14:40:25.150216,A,97
2672,4869,2026-04-11T14:40:25.150599,C,107
2673,4871,2026-01-12T14:40:25.151526,A,349
2674,4873,2025-04-21T14:40:25.152393,B,1044
2675,4874,2025-10-12T14:40:25.152938,A,775
2676,4875,2025-02-01T14:40:25.153342,A,107
2677,4876,2026-07-14T14:40:25.153526,A,1058
2678,4877,2025-11-30T14:40:25.154098,A,26
2679,4879,2024-09-25T14:40:25.155150,A,376
2680,4880,2025-07-10T14:40:25.155351,A,170
2681,4881,2025-04-22T14:40:25.155820,A,134
2682,4883,2026-10-02T14:40:25.156688,A,462
2683,4885,2025-12-17T14:40:25.157198,A,364
2684,4887,2025-12-02T14:40:25.158115,A,205
2685,4890,2026-02-12T14:40:25.159007,C,18
2686,4892,2026-07-19T14:40:25.159598,A,119
2687,4894,2026-04-14T14:40:25.160342,C,102
2688,4895,2024-10-11T14:40:25.160425,C,889
2689,4898,2025-06-04T14:40:25.161362,B,532
2690,4900,2026-06-14T14:40:25.161923,A,112
2691,4901,2024-11-28T14:40:25.162142,A,1063
2692,4902,2026-11-07T14:40:25.162534,B,1045
2693,4904,2026-01-10T14:40:25.163194,A,996
2694,4906,2024-08-25T14:40:25.164032,A,112
2695,4908,2026-10-29T14:40:25.164976,A,316
2696,4910,2024-11-19T14:40:25.165755,B,828
2697,4911,2025-01-18T14:40:25.166142,A,114
2698,4912,2025-10-10T14:40:25.166603,C,1031
2699,4914,2025-08-26T14:40:25.167644,B,207
2700,4917,2024-11-04T14:40:25.169052,A,233
2701,4918,2024-11-24T14:40:25.169233,A,115
2702,4919,2025-05-21T14:40:25.169422,A,231
2703,4921,2026-05-14T14:40:25.170174,A,118
2704,4922,2026-07-21T14:40:25.170575,A,97
2705,4923,2026-07-09T14:40:25.170923,B,114
2706,4925,2025-06-30T14:40:25.171727,C,1038
2707,4934,2026-08-16T14:40:25.175412,A,95
2708,4935,2026-09-10T14:40:25.175827,C,98
2709,4937,2025-03-23T14:40:25.176356,A,93
2710,4939,2025-11-15T14:40:25.177071,B,506
2711,4940,2025-03-08T14:40:25.177241,A,103
2712,4941,2026-07-28T14:40:25.177495,C,9
2713,4942,2025-06-08T14:40:25.177752,A,45
2714,4943,2025-08-10T14:40:25.178057,A,166
2715,4945,2025-05-08T14:40:25.178637,A,382
2716,4946,2026-03-23T14:40:25.179256,A,482
2717,4947,2025-03-30T14:40:25.179434,A,117
2718,4948,2025-09-21T14:40:25.179769,B,112
2719,4949,2025-05-12T14:40:25.180049,C,104
2720,4950,2025-12-14T14:40:25.180261,A,566
2721,4952,2024-08-21T14:40:25.180797,A,68
2722,4954,2025-03-03T14:40:25.181364,B,111
2723,4956,2026-07-10T14:40:25.182032,C,1025
2724,4958,2026-08-11T14:40:25.182963,A,615
2725,4959,2025-08-05T14:40:25.183174,C,74
2726,4962,2025-03-28T14:40:25.184261,A,608
2727,4963,2026-11-24T14:40:25.184466,A,1038
2728,4964,2026-01-26T14:40:25.184716,A,119
2729,4965,2025-03-04T14:40:25.185012,B,958
2730,4966,2025-09-30T14:40:25.185532,A,769
2731,4972,2026-10-29T14:40:25.187409,A,11
2732,4973,2026-09-05T14:40:25.187975,A,118
2733,4974,2026-09-26T14:40:25.188301,A,233
2734,4976,2024-12-28T14:40:25.188876,C,829
2735,4977,2026-10-11T14:40:25.189069,A,345
2736,4980,2026-07-18T14:40:25.189998,B,19
2737,4983,2026-02-17T14:40:25.190843,B,809
2738,4985,2026-12-25T14:40:25.191596,A,97
2739,4986,2025-05-14T14:40:25.192067,A,112
2740,4987,2025-12-20T14:40:25.192423,A,454
2741,4988,2025-12-09T14:40:25.192931,A,11
2742,4989,2025-02-24T14:40:25.193216,C,949
2743,4991,2025-03-18T14:40:25.193450,A,297
2744,4992,2026-05-09T14:40:25.193912,A,362
2745,4993,2025-06-11T14:40:25.194097,A,906
2746,4994,2026-09-30T14:40:25.194398,C,104
2747,4996,2026-07-15T14:40:25.195131,A,103
2748,4997,2025-12-09T14:40:25.195291,A,986
2749,4998,2026-03-12T14:40:25.195617,A,208
2750,5002,2026-08-01T14:40:25.196650,C,670
2751,5003,2026-06-23T14:40:25.196878,A,299
2752,5004,2025-07-16T14:40:25.197244,A,472
2753,5005,2026-09-16T14:40:25.197602,A,893
2754,5006,2025-06-18T14:40:25.197941,A,414
2755,5007,2026-02-10T14:40:25.198231,A,594
2756,5009,2025-05-17T14:40:25.198595,C,392
2757,5011,2025-05-15T14:40:25.199182,A,89
2758,5012,2026-07-13T14:40:25.199672,A,819
2759,5013,2026-04-23T14:40:25.199936,B,1019
2760,5017,2025-02-09T14:40:25.201717,A,1029
2761,5020,2026-04-05T14:40:25.202656,A,118
2762,5023,2026-04-30T14:40:25.203914,A,1008
2763,5025,2026-07-14T14:40:25.204491,A,212
2764,5026,2025-12-19T14:40:25.204840,B,302
2765,5028,2025-10-18T14:40:25.205306,A,450
2766,5030,2025-12-16T14:40:25.205820,B,108
2767,5031,2026-10-12T14:40:25.206079,B,138
2768,5032,2025-02-19T14:40:25.206681,C,595
2769,5033,2026-05-13T14:40:25.206962,A,381
2770,5034,2025-06-04T14:40:25.207204,A,23
2771,5035,2026-06-12T14:40:25.207477,B,715
2772,5036,2026-11-15T14:40:25.208104,A,91
2773,5037,2026-03-19T14:40:25.208284,A,117
2774,5038,2026-10-29T14:40:25.208704,B,950
2775,5039,2025-03-02T14:40:25.209083,A,598
2776,5041,2026-10-08T14:40:25.209840,C,93
2777,5043,2024-12-09T14:40:25.210530,C,893
2778,5048,2025-11-19T14:40:25.212371,C,884
2779,5049,2026-09-14T14:40:25.212669,A,102
2780,5050,2026-05-09T14:40:25.212906,A,119
2781,5051,2025-04-09T14:40:25.213268,A,1071
2782,5055,2025-06-30T14:40:25.215012,A,679
2783,5057,2026-03-04T14:40:25.215931,A,116
2784,5059,2025-01-31T14:40:25.216765,A,639
2785,5060,2026-07-09T14:40:25.217179,A,356
2786,5062,2025-08-29T14:40:25.218143,B,952
2787,5065,2026-09-08T14:40:25.218893,A,106
2788,5068,2025-11-22T14:40:25.219931,C,84
2789,5069,2025-07-05T14:40:25.220406,A,1028
2790,5071,2026-08-03T14:40:25.221127,C,71
2791,5075,2025-05-02T14:40:25.233459,A,1008
2792,5076,2026-08-15T14:40:25.233939,A,101
2793,5082,2026-09-17T14:40:25.236488,C,189
2794,5084,2024-09-28T14:40:25.237311,C,406
2795,5085,2026-02-09T14:40:25.237737,C,107
2796,5086,2025-04-20T14:40:25.238111,A,968
2797,5087,2024-12-06T14:40:25.238297,A,998
2798,5088,2025-12-21T14:40:25.238802,C,70
2799,5091,2026-02-11T14:40:25.240003,C,109
2800,5092,2025-08-24T14:40:25.240214,A,103
2801,5094,2025-01-03T14:40:25.240825,A,404
2802,5095,2025-10-27T14:40:25.241087,A,374
2803,5096,2024-11-22T14:40:25.241274,C,94
2804,5098,2026-08-01T14:40:25.242011,A,95
2805,5099,2026-03-23T14:40:25.242153,A,93
2806,5100,2025-01-31T14:40:25.244968,A,453
2807,5102,2026-06-26T14:40:25.245859,A,94
2808,5103,2025-02-26T14:40:25.246263,A,131
2809,5106,2025-01-04T14:40:25.247275,A,1005
2810,5108,2025-12-05T14:40:25.248286,C,522
2811,5110,2025-10-15T14:40:25.248925,C,111
2812,5113,2025-11-18T14:40:25.249689,A,98
2813,5115,2026-01-23T14:40:25.250029,C,104
2814,5117,2026-08-26T14:40:25.250818,A,115
2815,5118,2025-09-13T14:40:25.251105,B,120
2816,5119,2026-07-20T14:40:25.251479,C,93
2817,5125,2026-05-08T14:40:25.253916,A,13
2818,5128,2025-06-26T14:40:25.254889,A,157
2819,5129,2026-04-07T14:40:25.255076,A,118
2820,5130,2025-09-25T14:40:25.255505,C,188
2821,5132,2026-08-24T14:40:25.256009,A,360
2822,5134,2026-03-18T14:40:25.256618,C,71
2823,5136,2025-03-12T14:40:25.257129,A,120
2824,5137,2025-07-16T14:40:25.257323,A,484
2825,5138,2026-02-23T14:40:25.257488,C,942
2826,5139,2025-12-21T14:40:25.257798,B,374
2827,5140,2026-11-23T14:40:25.258004,A,574
2828,5141,2024-10-14T14:40:25.258172,A,597
2829,5144,2026-09-06T14:40:25.259209,A,1043
2830,5145,2025-06-20T14:40:25.259594,A,118
2831,5146,2025-02-26T14:40:25.259809,A,367
2832,5147,2026-07-12T14:40:25.260320,A,933
2833,5149,2026-07-06T14:40:25.261214,A,182
2834,5154,2025-06-25T14:40:25.263180,C,779
2835,5155,2026-01-23T14:40:25.263360,C,104
2836,5156,2025-12-14T14:40:25.263524,A,115
2837,5158,2024-10-05T14:40:25.264534,A,363
2838,5161,2025-11-17T14:40:25.265802,A,78
2839,5162,2026-03-30T14:40:25.266010,A,108
2840,5163,2025-01-16T14:40:25.266275,B,118
2841,5164,2025-10-06T14:40:25.266673,A,20
2842,5168,2025-05-26T14:40:25.267795,A,614
2843,5169,2026-03-13T14:40:25.268068,A,74
2844,5170,2025-10-17T14:40:25.268645,C,95
2845,5171,2025-04-21T14:40:25.269060,A,604
2846,5172,2024-12-31T14:40:25.269336,A,449
2847,5173,2026-07-13T14:40:25.269840,B,116
2848,5175,2025-05-09T14:40:25.270401,A,112
2849,5176,2026-02-21T14:40:25.270850,A,274
2850,5177,2025-12-31T14:40:25.271144,B,107
2851,5178,2026-09-30T14:40:25.271427,A,97
2852,5180,2025-10-12T14:40:25.272168,B,187
2853,5184,2026-02-02T14:40:25.273979,C,451
2854,5185,2026-10-22T14:40:25.274238,A,1042
2855,5186,2025-06-08T14:40:25.274404,B,117
2856,5187,2025-06-30T14:40:25.274728,C,629
2857,5189,2026-05-16T14:40:25.275398,A,232
2858,5191,2026-03-16T14:40:25.276263,C,89
2859,5193,2025-12-30T14:40:25.277176,A,793
2860,5197,2025-12-05T14:40:25.279221,A,107
2861,5198,2026-08-10T14:40:25.279333,A,116
2862,5199,2025-11-29T14:40:25.279977,A,778
2863,5200,2025-05-09T14:40:25.280370,A,113
2864,5202,2026-11-15T14:40:25.281117,C,115
2865,5205,2026-08-17T14:40:25.282858,A,28
2866,5206,2026-06-16T14:40:25.283361,A,499
2867,5207,2024-09-27T14:40:25.283729,A,122
2868,5210,2026-04-23T14:40:25.284920,C,120
2869,5211,2025-08-04T14:40:25.285380,A,475
2870,5212,2025-08-01T14:40:25.285630,A,116
2871,5213,2025-01-21T14:40:25.286075,A,1015
2872,5214,2026-09-27T14:40:25.286275,C,98
2873,5216,2026-06-05T14:40:25.286916,A,116
2874,5219,2026-04-13T14:40:25.288171,C,684
2875,5220,2025-12-15T14:40:25.288527,A,517
2876,5221,2025-02-22T14:40:25.289054,C,178
2877,5222,2025-02-15T14:40:25.289627,C,882
2878,5223,2025-04-22T14:40:25.289884,A,312
2879,5224,2026-06-03T14:40:25.290307,A,109
2880,5227,2025-10-14T14:40:25.291160,A,15
2881,5229,2025-08-26T14:40:25.291829,A,52
2882,5230,2025-12-23T14:40:25.292353,C,18
2883,5231,2024-11-27T14:40:25.292571,C,353
2884,5234,2025-01-19T14:40:25.293698,A,551
2885,5236,2025-03-14T14:40:25.294248,A,874
2886,5239,2025-12-23T14:40:25.295358,A,94
2887,5240,2026-08-05T14:40:25.295514,B,321
2888,5242,2025-03-20T14:40:25.296388,A,426
2889,5243,2024-12-04T14:40:25.296790,B,936
2890,5246,2026-06-30T14:40:25.297788,A,225
2891,5247,2025-11-26T14:40:25.297999,A,446
2892,5248,2026-11-13T14:40:25.298262,A,102
2893,5251,2025-06-29T14:40:25.299477,A,97
2894,5254,2025-12-19T14:40:25.300927,A,203
2895,5256,2026-09-06T14:40:25.301289,C,117
2896,5258,2026-04-02T14:40:25.301667,A,144
2897,5260,2025-07-31T14:40:25.302376,C,40
2898,5262,2025-03-25T14:40:25.303130,A,713
2899,5263,2026-03-05T14:40:25.303707,C,459
2900,5264,2026-01-08T14:40:25.304078,A,759
2901,5265,2026-07-07T14:40:25.304615,C,796
2902,5266,2026-05-02T14:40:25.305137,C,1
2903,5269,2024-10-03T14:40:25.306060,C,99
2904,5271,2025-09-17T14:40:25.306620,A,58
2905,5272,2025-01-30T14:40:25.307092,A,1061
2906,5273,2024-11-24T14:40:25.307588,B,103
2907,5275,2026-05-20T14:40:25.308350,A,869
2908,5276,2025-08-04T14:40:25.308534,A,120
2909,5277,2025-06-09T14:40:25.309077,A,446
2910,5279,2025-10-18T14:40:25.309737,A,101
2911,5282,2025-02-21T14:40:25.310921,A,3
2912,5284,2026-06-01T14:40:25.311666,C,108
2913,5285,2026-04-01T14:40:25.311920,A,105
2914,5286,2026-10-13T14:40:25.312219,A,370
2915,5290,2025-03-02T14:40:25.313508,A,98
2916,5291,2026-04-01T14:40:25.314068,A,93
2917,5295,2025-07-07T14:40:25.315446,A,109
2918,5298,2025-10-22T14:40:25.316855,A,522
2919,5299,2026-05-15T14:40:25.317039,B,1045
2920,5300,2026-08-21T14:40:25.317483,B,347
2921,5301,2025-01-20T14:40:25.317847,A,944
2922,5302,2025-03-31T14:40:25.318026,A,760
2923,5303,2025-12-26T14:40:25.318309,A,11
2924,5305,2025-04-02T14:40:25.318854,A,74
2925,5308,2025-02-19T14:40:25.319940,C,80
2926,5310,2025-03-03T14:40:25.320495,C,15
2927,5312,2026-12-13T14:40:25.321406,B,101
2928,5313,2026-02-01T14:40:25.321849,A,116
2929,5315,2025-07-23T14:40:25.322479,C,118
2930,5316,2026-10-19T14:40:25.322839,B,118
2931,5319,2024-11-20T14:40:25.323899,A,1010
2932,5322,2026-03-09T14:40:25.324772,A,710
2933,5323,2025-08-14T14:40:25.325083,A,4
2934,5324,2024-12-22T14:40:25.325494,C,94
2935,5325,2025-09-07T14:40:25.325942,C,297
2936,5326,2025-10-31T14:40:25.326173,C,95
2937,5328,2025-12-08T14:40:25.326656,A,644
2938,5329,2025-04-23T14:40:25.326856,B,491
2939,5330,2026-07-14T14:40:25.327490,A,1050
2940,5331,2025-03-15T14:40:25.328036,A,45
2941,5332,2025-09-23T14:40:25.328486,A,229
2942,5335,2025-04-03T14:40:25.329501,A,83
2943,5336,2026-11-11T14:40:25.329863,A,110
2944,5338,2026-06-24T14:40:25.330628,A,116
2945,5344,2025-11-14T14:40:25.332983,A,863
2946,5345,2025-08-17T14:40:25.333209,C,95
2947,5350,2026-05-24T14:40:25.335038,C,116
2948,5353,2026-06-16T14:40:25.335719,C,981
2949,5356,2025-03-09T14:40:25.336583,C,105
2950,5357,2024-10-16T14:40:25.336919,A,69
2951,5358,2026-05-30T14:40:25.337169,C,670
2952,5359,2026-12-07T14:40:25.337345,A,108
2953,5360,2026-04-23T14:40:25.337603,B,643
2954,5361,2025-12-29T14:40:25.337822,C,432
2955,5362,2026-05-11T14:40:25.338289,C,1006
2956,5364,2026-06-21T14:40:25.338974,A,99
2957,5366,2025-12-23T14:40:25.339723,A,259
2958,5371,2024-10-06T14:40:25.341649,A,590
2959,5372,2025-01-22T14:40:25.342039,A,488
2960,5373,2026-07-03T14:40:25.342325,A,93
2961,5374,2026-04-25T14:40:25.342851,C,101
2962,5375,2025-06-21T14:40:25.343226,A,698
2963,5376,2025-06-26T14:40:25.343493,C,1002
2964,5377,2025-09-29T14:40:25.343756,A,1029
2965,5378,2026-02-12T14:40:25.344180,A,840
2966,5380,2026-09-13T14:40:25.345102,A,106
2967,5382,2026-07-30T14:40:25.345705,A,106
2968,5383,2026-03-10T14:40:25.345829,C,115
2969,5384,2025-07-15T14:40:25.346042,A,119
2970,5386,2024-09-19T14:40:25.346632,C,979
2971,5387,2026-08-22T14:40:25.346845,A,106
2972,5388,2024-09-18T14:40:25.347214,B,159
2973,5389,2026-06-16T14:40:25.347383,A,106
2974,5391,2025-05-15T14:40:25.348184,A,925
2975,5392,2026-04-12T14:40:25.348719,C,907
2976,5397,2025-05-03T14:40:25.350677,B,114
2977,5398,2025-11-30T14:40:25.351061,C,119
2978,5399,2025-12-22T14:40:25.351439,A,711
2979,5401,2026-01-11T14:40:25.352216,A,471
2980,5402,2025-03-29T14:40:25.352405,C,14
2981,5403,2025-02-04T14:40:25.352633,A,214
2982,5405,2026-02-16T14:40:25.353571,A,871
2983,5406,2026-04-01T14:40:25.353790,A,109
2984,5410,2026-11-01T14:40:25.355169,A,5
2985,5411,2024-12-28T14:40:25.355527,A,719
2986,5412,2026-04-15T14:40:25.356063,B,96
2987,5413,2026-04-10T14:40:25.356633,C,101
2988,5414,2026-05-23T14:40:25.357063,C,994
2989,5415,2025-05-05T14:40:25.357354,B,379
2990,5417,2026-11-06T14:40:25.358352,A,996
2991,5419,2025-06-18T14:40:25.359229,A,96
2992,5420,2025-10-28T14:40:25.359728,A,93
2993,5425,2026-09-08T14:40:25.361694,B,117
2994,5430,2026-06-30T14:40:25.363334,C,93
2995,5431,2026-03-16T14:40:25.363776,C,459
2996,5433,2026-08-10T14:40:25.364407,C,111
2997,5436,2026-08-06T14:40:25.365242,A,102
2998,5437,2026-07-04T14:40:25.365800,C,762
2999,5438,2025-03-19T14:40:25.366190,C,119
3000,5446,2024-12-10T14:40:25.369788,B,1004
3001,5449,2026-05-28T14:40:25.370835,A,515
3002,5450,2025-06-29T14:40:25.371287,C,70
3003,5451,2026-01-13T14:40:25.371940,A,116
3004,5452,2026-01-22T14:40:25.372158,C,515
3005,5455,2026-03-24T14:40:25.373307,C,93
3006,5456,2025-05-24T14:40:25.373824,A,97
3007,5457,2025-10-18T14:40:25.374020,C,906
3008,5458,2025-05-31T14:40:25.374474,C,115
3009,5461,2026-07-31T14:40:25.375571,C,266
3010,5462,2026-07-04T14:40:25.375693,C,100
3011,5463,2025-12-09T14:40:25.376158,A,119
3012,5464,2026-08-21T14:40:25.376687,B,98
3013,5465,2026-06-17T14:40:25.376899,A,107
3014,5467,2026-01-03T14:40:25.377479,B,97
3015,5470,2025-09-05T14:40:25.378612,A,112
3016,5473,2025-09-08T14:40:25.379927,C,16
3017,5475,2026-03-26T14:40:25.380506,A,359
3018,5476,2025-04-12T14:40:25.380766,C,99
3019,5477,2025-05-04T14:40:25.381404,A,256
3020,5478,2026-10-18T14:40:25.381822,A,95
3021,5479,2025-05-23T14:40:25.382292,A,102
3022,5482,2026-04-07T14:40:25.383509,A,99
3023,5483,2025-07-04T14:40:25.383787,C,131
3024,5487,2025-01-25T14:40:25.385337,A,110
3025,5489,2025-08-06T14:40:25.386275,A,905
3026,5491,2026-08-13T14:40:25.387018,C,114
3027,5492,2026-06-01T14:40:25.387445,A,47
3028,5494,2026-01-14T14:40:25.387930,B,117
3029,5495,2025-07-15T14:40:25.388295,A,939
3030,5498,2024-09-03T14:40:25.389468,B,945
3031,5502,2025-06-03T14:40:25.390514,B,276
3032,5503,2025-09-05T14:40:25.391000,C,82
3033,5505,2026-08-05T14:40:25.391688,B,44
3034,5507,2025-11-20T14:40:25.392753,C,471
3035,5509,2025-11-20T14:40:25.393797,B,111
3036,5512,2026-03-07T14:40:25.394789,A,296
3037,5513,2026-05-07T14:40:25.395284,A,72
3038,5514,2025-02-20T14:40:25.395960,A,96
3039,5518,2026-06-13T14:40:25.397568,A,101
3040,5519,2025-08-05T14:40:25.397778,A,303
3041,5521,2026-05-28T14:40:25.398478,A,93
3042,5522,2025-11-19T14:40:25.398932,A,111
3043,5526,2025-10-31T14:40:25.400736,A,324
3044,5528,2025-12-09T14:40:25.401734,A,318
3045,5529,2026-05-13T14:40:25.402010,A,99
3046,5530,2025-03-07T14:40:25.402179,C,933
3047,5531,2026-10-10T14:40:25.402389,A,591
3048,5534,2025-04-21T14:40:25.403686,A,114
3049,5535,2026-06-11T14:40:25.403967,A,104
3050,5538,2025-01-14T14:40:25.404898,A,676
3051,5539,2026-06-03T14:40:25.405209,C,118
3052,5541,2026-07-24T14:40:25.405619,C,65
3053,5542,2025-09-24T14:40:25.405832,A,96
3054,5543,2025-09-30T14:40:25.406118,A,112
3055,5544,2024-10-07T14:40:25.406483,C,23
3056,5545,2025-10-24T14:40:25.406948,C,453
3057,5546,2026-12-08T14:40:25.407421,C,106
3058,5548,2025-09-26T14:40:25.408260,C,13
3059,5549,2026-03-06T14:40:25.408464,B,445
3060,5550,2025-01-10T14:40:25.408697,A,25
3061,5552,2025-09-13T14:40:25.409230,B,58
3062,5554,2025-04-12T14:40:25.410389,C,296
3063,5555,2026-06-12T14:40:25.410613,C,278
3064,5556,2025-12-31T14:40:25.411479,C,5
3065,5557,2025-12-16T14:40:25.412660,A,58
3066,5559,2026-08-26T14:40:25.413733,A,209
3067,5560,2026-08-26T14:40:25.414171,B,382
3068,5561,2025-12-31T14:40:25.414678,A,100
3069,5563,2026-08-18T14:40:25.415204,A,103
3070,5564,2025-09-11T14:40:25.415647,B,100
3071,5566,2026-05-18T14:40:25.416433,C,100
3072,5568,2026-07-22T14:40:25.417503,A,120
3073,5570,2024-12-17T14:40:25.418423,A,114
3074,5571,2025-07-04T14:40:25.418512,A,119
3075,5572,2025-11-19T14:40:25.419036,B,100
3076,5573,2026-05-29T14:40:25.419531,A,106
3077,5574,2025-12-16T14:40:25.420172,A,971
3078,5576,2025-03-07T14:40:25.421126,C,352
3079,5579,2026-02-28T14:40:25.422273,A,627
3080,5582,2026-08-23T14:40:25.423282,A,116
3081,5583,2025-09-16T14:40:25.423644,A,90
3082,5585,2026-12-25T14:40:25.424650,A,575
3083,5586,2025-03-13T14:40:25.425045,C,416
3084,5587,2025-10-17T14:40:25.425248,C,915
3085,5588,2025-07-09T14:40:25.425525,A,1049
3086,5590,2026-08-05T14:40:25.426028,A,102
3087,5592,2026-05-14T14:40:25.426488,A,189
3088,5596,2025-02-11T14:40:25.427818,A,118
3089,5598,2026-06-29T14:40:25.428848,A,102
3090,5601,2025-12-15T14:40:25.429672,A,299
3091,5604,2026-03-26T14:40:25.430902,A,931
3092,5605,2024-12-08T14:40:25.431198,C,54
3093,5607,2026-07-18T14:40:25.431739,A,104
3094,5608,2026-06-02T14:40:25.432150,B,120
3095,5610,2025-08-15T14:40:25.432895,C,120
3096,5612,2026-05-20T14:40:25.433656,C,112
3097,5615,2025-12-05T14:40:25.435023,C,126
3098,5618,2026-07-05T14:40:25.436357,A,111
3099,5622,2025-12-06T14:40:25.437761,A,212
3100,5624,2025-10-31T14:40:25.438359,A,99
3101,5625,2026-01-14T14:40:25.438632,B,1043
3102,5627,2025-03-31T14:40:25.439319,A,439
3103,5628,2025-04-12T14:40:25.439673,C,116
3104,5629,2025-10-12T14:40:25.440343,A,104
3105,5632,2025-05-09T14:40:25.441840,C,951
3106,5634,2025-01-25T14:40:25.442926,A,155
3107,5635,2026-04-24T14:40:25.443473,B,93
3108,5636,2025-02-15T14:40:25.443719,A,1035
3109,5641,2026-04-03T14:40:25.445932,A,95
3110,5642,2025-03-04T14:40:25.446245,C,592
3111,5643,2026-01-28T14:40:25.446830,C,375
3112,5645,2025-05-22T14:40:25.447571,B,608
3113,5649,2025-10-09T14:40:25.449167,C,351
3114,5650,2025-10-22T14:40:25.449472,A,73
3115,5651,2026-08-28T14:40:25.450086,A,113
3116,5654,2026-10-26T14:40:25.451366,A,113
3117,5655,2025-10-07T14:40:25.451898,A,352
3118,5656,2025-12-01T14:40:25.452128,A,150
3119,5657,2026-04-19T14:40:25.452714,A,119
3120,5659,2025-02-14T14:40:25.453752,B,1
3121,5660,2026-12-01T14:40:25.454295,C,475
3122,5662,2025-09-12T14:40:25.455204,C,23
3123,5664,2026-05-01T14:40:25.456087,A,98
3124,5666,2025-11-07T14:40:25.456908,A,831
3125,5670,2026-06-17T14:40:25.458478,A,100
3126,5672,2025-03-22T14:40:25.459512,C,697
3127,5674,2025-02-25T14:40:25.460426,A,1012
3128,5679,2026-07-02T14:40:25.462634,A,573
3129,5680,2024-09-04T14:40:25.462979,A,707
3130,5681,2025-12-02T14:40:25.463181,A,108
3131,5682,2026-01-04T14:40:25.463379,B,120
3132,5683,2025-08-27T14:40:25.463907,C,863
3133,5685,2024-12-31T14:40:25.464687,A,95
3134,5686,2026-07-04T14:40:25.465115,A,114
3135,5691,2026-09-09T14:40:25.467276,A,809
3136,5693,2025-03-20T14:40:25.468072,A,26
3137,5696,2026-06-08T14:40:25.469165,A,199
3138,5698,2026-08-06T14:40:25.470143,A,118
3139,5702,2026-01-21T14:40:25.471351,C,397
3140,5704,2024-12-12T14:40:25.472262,C,151
3141,5706,2026-04-23T14:40:25.473033,B,116
3142,5707,2025-12-18T14:40:25.473198,A,137
3143,5708,2026-06-24T14:40:25.473626,C,103
3144,5710,2026-04-24T14:40:25.474512,A,75
3145,5711,2025-09-07T14:40:25.474902,C,120
3146,5712,2026-07-10T14:40:25.475287,A,176
3147,5714,2024-12-03T14:40:25.475924,C,87
3148,5715,2024-12-22T14:40:25.476155,A,1057
3149,5719,2026-10-06T14:40:25.477686,A,118
3150,5720,2025-04-28T14:40:25.478042,A,933
3151,5722,2025-07-15T14:40:25.478940,C,332
3152,5723,2024-11-26T14:40:25.479422,A,884
3153,5724,2026-06-20T14:40:25.479669,A,97
3154,5727,2026-07-29T14:40:25.480867,A,87
3155,5729,2025-05-21T14:40:25.481713,A,884
3156,5730,2025-04-04T14:40:25.481939,B,99
3157,5733,2026-07-30T14:40:25.482992,C,228
3158,5734,2026-06-13T14:40:25.483466,A,534
3159,5736,2026-08-07T14:40:25.484808,A,1004
3160,5737,2026-05-16T14:40:25.485274,B,550
3161,5738,2025-02-28T14:40:25.485891,A,996
3162,5742,2026-02-13T14:40:25.487231,A,710
3163,5743,2026-01-13T14:40:25.487449,A,592
3164,5744,2025-03-06T14:40:25.488126,C,944
3165,5749,2025-01-23T14:40:25.490032,B,105
3166,5750,2025-12-24T14:40:25.490278,A,424
3167,5751,2026-04-25T14:40:25.490604,A,578
3168,5752,2026-11-19T14:40:25.490848,A,36
3169,5753,2026-08-29T14:40:25.491470,A,116
3170,5757,2025-07-05T14:40:25.493465,A,119
3171,5758,2026-01-24T14:40:25.493955,C,96
3172,5759,2025-08-05T14:40:25.494332,A,749
3173,5762,2026-01-12T14:40:25.495592,A,100
3174,5763,2026-10-06T14:40:25.496174,A,108
3175,5764,2024-12-31T14:40:25.496370,A,118
3176,5765,2025-12-09T14:40:25.496602,A,243
3177,5766,2025-02-11T14:40:25.497040,A,33
3178,5768,2025-04-03T14:40:25.497854,C,8
3179,5769,2025-06-01T14:40:25.498283,B,894
3180,5770,2025-10-24T14:40:25.498496,C,93
3181,5771,2026-06-30T14:40:25.499110,A,329
3182,5772,2025-08-09T14:40:25.499370,C,87
3183,5774,2025-06-26T14:40:25.500518,C,44
3184,5775,2025-11-14T14:40:25.501117,A,67
3185,5778,2026-07-20T14:40:25.502068,A,106
3186,5779,2026-01-02T14:40:25.502379,C,197
3187,5780,2025-06-07T14:40:25.502843,A,108
3188,5781,2025-12-05T14:40:25.503362,A,106
3189,5782,2026-07-02T14:40:25.504053,C,96
3190,5783,2026-12-12T14:40:25.504668,B,205
3191,5785,2025-11-30T14:40:25.505473,B,530
3192,5787,2026-03-13T14:40:25.506250,A,1033
3193,5789,2025-09-24T14:40:25.506715,A,86
3194,5790,2025-10-03T14:40:25.507174,B,730
3195,5798,2025-03-20T14:40:25.509446,A,100
3196,5799,2026-01-30T14:40:25.509730,B,649
3197,5800,2026-05-30T14:40:25.510350,A,114
3198,5801,2026-08-18T14:40:25.510878,A,981
3199,5803,2026-11-26T14:40:25.511881,A,623
3200,5806,2025-12-04T14:40:25.513259,A,115
3201,5808,2024-10-21T14:40:25.514055,A,3
3202,5809,2026-08-28T14:40:25.514378,B,111
3203,5810,2026-07-25T14:40:25.514732,C,839
3204,5812,2026-09-23T14:40:25.515667,B,646
3205,5813,2025-02-16T14:40:25.515958,C,12
3206,5816,2026-08-01T14:40:25.517033,C,117
3207,5817,2025-08-03T14:40:25.517413,A,101
3208,5818,2026-07-25T14:40:25.518057,B,471
3209,5820,2025-02-12T14:40:25.519098,A,94
3210,5823,2026-08-09T14:40:25.520151,A,113
3211,5825,2026-02-01T14:40:25.521010,A,197
3212,5827,2026-03-17T14:40:25.521671,C,204
3213,5828,2026-08-27T14:40:25.521992,C,197
3214,5829,2025-12-28T14:40:25.522165,A,296
3215,5830,2024-10-02T14:40:25.522480,C,96
3216,5836,2024-10-24T14:40:25.525179,A,1055
3217,5837,2026-03-28T14:40:25.525290,B,111
3218,5838,2024-12-06T14:40:25.525645,A,58
3219,5841,2025-11-01T14:40:25.527008,B,719
3220,5842,2025-04-29T14:40:25.527326,A,1068
3221,5844,2026-06-24T14:40:25.528511,B,101
3222,5845,2026-06-20T14:40:25.528789,A,511
3223,5847,2025-08-19T14:40:25.529926,A,472
3224,5848,2025-07-16T14:40:25.530053,A,97
3225,5849,2026-05-12T14:40:25.530346,B,237
3226,5851,2026-06-26T14:40:25.531138,A,119
3227,5852,2025-09-10T14:40:25.531616,A,99
3228,5853,2024-11-12T14:40:25.531909,A,830
3229,5857,2026-12-13T14:40:25.533793,B,117
3230,5858,2026-08-21T14:40:25.534050,A,876
3231,5859,2026-10-28T14:40:25.534636,A,820
3232,5862,2025-10-12T14:40:25.535945,B,3
3233,5863,2025-10-21T14:40:25.536531,A,9
3234,5866,2026-07-22T14:40:25.538111,C,117
3235,5867,2025-10-04T14:40:25.538673,A,323
3236,5870,2026-10-04T14:40:25.539362,B,114
3237,5873,2026-07-30T14:40:25.541071,C,590
3238,5876,2026-02-18T14:40:25.541875,B,458
3239,5877,2024-09-16T14:40:25.542518,C,54
3240,5878,2025-11-23T14:40:25.543146,A,119
3241,5880,2026-11-25T14:40:25.544251,C,14
3242,5881,2026-06-10T14:40:25.544800,B,777
3243,5882,2026-07-26T14:40:25.545236,C,104
3244,5884,2026-11-09T14:40:25.546202,C,164
3245,5886,2026-04-01T14:40:25.546705,B,525
3246,5887,2025-06-07T14:40:25.546940,A,572
3247,5889,2025-07-18T14:40:25.547752,A,596
3248,5891,2026-04-27T14:40:25.548407,C,680
3249,5892,2025-03-14T14:40:25.548800,B,887
3250,5895,2025-09-13T14:40:25.549628,B,122
3251,5896,2025-09-01T14:40:25.550208,A,149
3252,5897,2026-06-18T14:40:25.550685,A,6
3253,5899,2024-11-21T14:40:25.551641,C,24
3254,5900,2026-08-19T14:40:25.552386,A,40
3255,5901,2026-03-16T14:40:25.552668,A,176
3256,5902,2026-11-27T14:40:25.553002,C,244
3257,5903,2026-05-09T14:40:25.553223,B,113
3258,5908,2026-10-01T14:40:25.555261,A,494
3259,5909,2025-06-21T14:40:25.555736,B,334
3260,5912,2025-05-01T14:40:25.556943,A,198
3261,5914,2026-06-21T14:40:25.558057,A,523
3262,5916,2025-12-21T14:40:25.558529,A,398
3263,5917,2026-02-26T14:40:25.558849,A,24
3264,5919,2025-06-22T14:40:25.559239,A,167
3265,5921,2026-08-17T14:40:25.560205,A,627
3266,5923,2024-09-04T14:40:25.561004,A,59
3267,5926,2025-08-21T14:40:25.562130,C,116
3268,5929,2026-06-29T14:40:25.563233,A,286
3269,5933,2025-10-16T14:40:25.565203,C,95
3270,5935,2025-07-16T14:40:25.565794,C,102
3271,5939,2026-04-10T14:40:25.567123,C,237
3272,5940,2025-02-05T14:40:25.567442,C,116
3273,5942,2024-11-10T14:40:25.568643,A,103
3274,5943,2026-08-03T14:40:25.569208,B,399
3275,5944,2025-12-05T14:40:25.569848,A,1042
3276,5946,2025-05-30T14:40:25.570524,C,853
3277,5947,2026-01-05T14:40:25.571197,A,109
3278,5948,2026-09-30T14:40:25.571513,C,117
3279,5949,2025-12-18T14:40:25.572230,A,950
3280,5950,2025-03-01T14:40:25.572596,A,112
3281,5955,2025-06-06T14:40:25.574240,A,422
3282,5956,2026-04-17T14:40:25.574439,C,113
3283,5957,2026-07-03T14:40:25.574973,A,107
3284,5959,2026-06-19T14:40:25.575717,A,20
3285,5960,2026-06-16T14:40:25.576106,B,362
3286,5961,2025-06-03T14:40:25.576450,A,553
3287,5962,2026-07-02T14:40:25.577125,A,1057
3288,5963,2025-02-18T14:40:25.577467,A,183
3289,5964,2025-11-15T14:40:25.577740,A,340
3290,5965,2025-09-28T14:40:25.577973,C,204
3291,5970,2025-11-26T14:40:25.579517,B,104
3292,5972,2026-09-11T14:40:25.580418,C,630
3293,5974,2026-08-03T14:40:25.581531,C,112
3294,5975,2026-09-23T14:40:25.581818,A,118
3295,5977,2026-07-16T14:40:25.582773,C,1046
3296,5978,2026-10-21T14:40:25.583007,C,114
3297,5985,2026-05-05T14:40:25.585170,C,751
3298,5987,2025-12-30T14:40:25.586194,A,227
3299,5988,2026-09-06T14:40:25.586769,A,118
3300,5990,2024-11-04T14:40:25.588101,C,562
3301,5995,2025-08-27T14:40:25.590216,A,640
3302,5996,2025-09-15T14:40:25.590636,A,398
3303,5997,2024-10-04T14:40:25.591230,B,47
3304,5998,2026-10-08T14:40:25.591672,A,763
3305,5999,2026-07-20T14:40:25.591990,B,117
3306,6000,2026-06-25T14:40:25.592270,A,338
3307,6001,2026-07-05T14:40:25.592647,B,28
3308,6003,2025-12-04T14:40:25.593487,A,810
3309,6005,2026-05-26T14:40:25.594083,A,717
3310,6009,2025-06-27T14:40:25.596640,A,886
3311,6010,2026-04-29T14:40:25.597098,C,119
3312,6012,2025-02-13T14:40:25.599071,A,672
3313,6013,2025-11-09T14:40:25.600074,A,1
3314,6014,2026-02-21T14:40:25.601059,C,617
3315,6017,2025-07-30T14:40:25.604119,A,523
3316,6018,2025-02-09T14:40:25.605142,A,736
3317,6019,2025-09-23T14:40:25.605607,A,120
3318,6020,2025-01-14T14:40:25.605914,A,296
3319,6022,2024-12-17T14:40:25.606376,C,844
3320,6023,2025-09-09T14:40:25.606636,C,107
3321,6028,2026-06-07T14:40:25.609676,A,359
3322,6029,2025-10-01T14:40:25.609942,B,335
3323,6031,2025-06-30T14:40:25.610581,C,235
3324,6032,2025-02-20T14:40:25.611189,C,118
3325,6033,2026-08-05T14:40:25.611635,A,97
3326,6037,2025-05-22T14:40:25.613306,C,464
3327,6039,2026-08-18T14:40:25.614380,C,97
3328,6042,2025-11-11T14:40:25.615460,A,45
3329,6043,2025-03-23T14:40:25.615969,B,107
3330,6046,2025-07-08T14:40:25.617392,B,33
3331,6048,2026-08-19T14:40:25.618316,A,109
3332,6052,2025-12-01T14:40:25.619793,C,864
3333,6053,2025-09-17T14:40:25.620250,C,425
3334,6059,2025-11-14T14:40:25.622379,A,120
3335,6060,2025-03-08T14:40:25.622903,A,456
3336,6061,2026-01-12T14:40:25.623359,C,810
3337,6062,2024-09-11T14:40:25.623485,A,256
3338,6065,2026-07-05T14:40:25.624993,C,1046
3339,6066,2026-10-06T14:40:25.625154,B,21
3340,6067,2026-05-23T14:40:25.625854,A,108
3341,6068,2025-10-08T14:40:25.626063,A,119
3342,6071,2026-02-22T14:40:25.627160,A,104
3343,6073,2025-10-07T14:40:25.628080,A,131
3344,6078,2026-10-09T14:40:25.630244,A,104
3345,6079,2025-07-17T14:40:25.630740,A,668
3346,6080,2025-03-01T14:40:25.631062,A,1041
3347,6083,2026-09-13T14:40:25.632894,B,98
3348,6084,2025-04-05T14:40:25.633424,B,488
3349,6085,2025-02-25T14:40:25.633614,C,162
3350,6086,2025-11-18T14:40:25.634180,B,200
3351,6087,2024-12-19T14:40:25.634908,B,209
3352,6088,2025-07-20T14:40:25.635279,C,237
3353,6089,2026-03-16T14:40:25.636119,C,118
3354,6090,2025-12-14T14:40:25.636460,A,84
3355,6093,2026-09-22T14:40:25.637861,B,93
3356,6094,2025-05-09T14:40:25.638446,A,64
3357,6095,2026-07-05T14:40:25.639045,A,14
3358,6096,2026-09-12T14:40:25.639662,A,94
3359,6097,2025-03-14T14:40:25.640253,C,60
3360,6098,2026-09-06T14:40:25.640635,A,100
3361,6099,2026-08-12T14:40:25.641226,C,119
3362,6101,2025-07-01T14:40:25.642097,C,787
3363,6102,2026-05-06T14:40:25.642340,A,453
3364,6103,2026-05-14T14:40:25.642594,A,538
3365,6107,2026-04-23T14:40:25.644780,A,1023
3366,6109,2025-09-21T14:40:25.645800,B,963
3367,6113,2025-10-23T14:40:25.647751,C,403
3368,6115,2025-09-24T14:40:25.648500,A,100
3369,6117,2025-10-06T14:40:25.649134,A,346
3370,6118,2026-03-26T14:40:25.649474,B,106
3371,6119,2026-12-02T14:40:25.649909,C,1038
3372,6121,2026-09-22T14:40:25.651237,A,109
3373,6122,2025-05-15T14:40:25.652004,B,302
3374,6124,2025-02-26T14:40:25.652566,C,6
3375,6125,2025-01-07T14:40:25.653060,A,101
3376,6126,2025-05-08T14:40:25.653624,A,167
3377,6127,2026-07-09T14:40:25.654228,A,97
3378,6128,2026-10-01T14:40:25.654736,C,107
3379,6130,2026-07-06T14:40:25.655385,C,99
3380,6131,2025-09-01T14:40:25.656136,A,1038
3381,6132,2026-05-20T14:40:25.656470,B,100
3382,6133,2025-05-15T14:40:25.656901,A,446
3383,6134,2026-12-17T14:40:25.657479,C,98
3384,6135,2026-05-23T14:40:25.658153,A,112
3385,6137,2025-10-19T14:40:25.659023,A,9
3386,6138,2026-07-03T14:40:25.659507,A,517
3387,6139,2025-06-24T14:40:25.660161,A,342
3388,6140,2025-06-27T14:40:25.660517,C,722
3389,6141,2024-12-23T14:40:25.661060,C,104
3390,6142,2025-11-13T14:40:25.661421,A,94
3391,6143,2026-06-07T14:40:25.661912,A,120
3392,6148,2026-04-18T14:40:25.664378,A,939
3393,6149,2026-01-13T14:40:25.664944,B,80
3394,6150,2024-10-31T14:40:25.665291,A,300
3395,6154,2026-01-29T14:40:25.667292,C,95
3396,6163,2025-03-16T14:40:25.672234,A,44
3397,6164,2025-05-25T14:40:25.672457,B,945
3398,6165,2025-01-13T14:40:25.673012,B,917
3399,6167,2025-03-23T14:40:25.674050,C,101
3400,6168,2026-03-09T14:40:25.674252,A,107
3401,6169,2025-08-16T14:40:25.675100,A,19
3402,6172,2026-01-30T14:40:25.676053,A,120
3403,6173,2025-03-23T14:40:25.676604,A,295
3404,6175,2025-04-20T14:40:25.677388,A,235
3405,6176,2026-05-19T14:40:25.678043,A,93
3406,6177,2024-12-17T14:40:25.678283,A,328
3407,6178,2026-07-24T14:40:25.678691,B,113
3408,6179,2025-05-06T14:40:25.678920,A,375
3409,6180,2025-02-28T14:40:25.679139,C,206
3410,6181,2025-12-06T14:40:25.679813,A,594
3411,6182,2025-10-20T14:40:25.680106,A,111
3412,6184,2026-04-15T14:40:25.680936,A,378
3413,6187,2026-04-06T14:40:25.682211,A,112
3414,6192,2026-10-21T14:40:25.684781,C,112
3415,6194,2025-07-24T14:40:25.685361,A,364
3416,6196,2026-11-08T14:40:25.686225,C,107
3417,6198,2026-04-14T14:40:25.687200,C,933
3418,6200,2025-02-05T14:40:25.688440,C,557
3419,6203,2025-03-07T14:40:25.689511,C,628
3420,6205,2025-09-14T14:40:25.690381,A,415
3421,6206,2026-10-15T14:40:25.690836,B,112
3422,6208,2026-04-05T14:40:25.691795,A,97
3423,6209,2025-03-27T14:40:25.692234,A,983
3424,6211,2026-05-06T14:40:25.693302,A,194
3425,6212,2026-07-11T14:40:25.693721,A,96
3426,6213,2025-11-09T14:40:25.694312,A,1014
3427,6215,2026-04-01T14:40:25.695249,A,182
3428,6216,2025-11-04T14:40:25.695468,C,42
3429,6217,2026-06-21T14:40:25.696115,C,118
3430,6218,2025-08-24T14:40:25.696358,B,68
3431,6219,2025-02-12T14:40:25.696771,B,329
3432,6220,2026-07-22T14:40:25.697105,A,962
3433,6221,2026-06-16T14:40:25.697322,C,620
3434,6226,2026-09-17T14:40:25.699815,B,995
3435,6227,2025-10-15T14:40:25.700251,A,116
3436,6228,2025-07-21T14:40:25.700629,A,715
3437,6231,2026-06-17T14:40:25.702035,A,115
3438,6232,2025-08-26T14:40:25.702481,B,53
3439,6233,2025-12-18T14:40:25.702771,C,589
3440,6234,2025-07-02T14:40:25.702997,A,202
3441,6237,2025-05-29T14:40:25.704480,C,807
3442,6238,2025-12-15T14:40:25.704763,B,89
3443,6241,2026-11-11T14:40:25.706293,A,112
3444,6242,2024-11-05T14:40:25.706680,A,137
3445,6243,2025-04-07T14:40:25.707037,A,271
3446,6245,2026-07-05T14:40:25.707652,A,115
3447,6246,2026-10-31T14:40:25.708237,A,639
3448,6250,2026-08-20T14:40:25.709857,A,819
3449,6251,2025-01-15T14:40:25.710244,C,843
3450,6252,2025-04-15T14:40:25.710903,A,220
3451,6256,2024-12-23T14:40:25.711923,C,1069
3452,6257,2025-06-09T14:40:25.712188,A,720
3453,6259,2025-02-11T14:40:25.713384,A,664
3454,6260,2026-10-26T14:40:25.713959,A,101
3455,6262,2025-03-10T14:40:25.715214,A,366
3456,6265,2026-08-02T14:40:25.716933,C,108
3457,6268,2025-06-17T14:40:25.718158,A,108
3458,6269,2025-05-31T14:40:25.718390,C,93
3459,6270,2026-03-14T14:40:25.718913,B,361
3460,6271,2026-05-18T14:40:25.719143,A,105
3461,6272,2025-04-27T14:40:25.719657,C,73
3462,6273,2025-06-26T14:40:25.720375,B,435
3463,6275,2026-07-25T14:40:25.721145,B,116
3464,6276,2024-10-20T14:40:25.721839,A,456
3465,6277,2026-01-24T14:40:25.722278,A,98
3466,6278,2025-12-05T14:40:25.722488,C,792
3467,6279,2024-10-31T14:40:25.722858,B,15
3468,6281,2025-08-14T14:40:25.723706,C,790
3469,6282,2026-08-11T14:40:25.724454,A,133
3470,6286,2025-02-12T14:40:25.727074,C,127
3471,6287,2026-08-12T14:40:25.727606,B,11
3472,6288,2025-05-04T14:40:25.728211,C,114
3473,6292,2026-09-18T14:40:25.730315,A,108
3474,6293,2025-03-17T14:40:25.730786,A,699
3475,6295,2026-07-08T14:40:25.731747,A,450
3476,6296,2026-08-03T14:40:25.732040,A,38
3477,6297,2025-05-13T14:40:25.732567,A,217
3478,6298,2025-07-02T14:40:25.733141,A,28
3479,6300,2026-07-23T14:40:25.734233,A,469
3480,6302,2026-08-26T14:40:25.735238,C,939
3481,6303,2026-08-21T14:40:25.735713,A,44
3482,6305,2026-09-08T14:40:25.736385,A,725
3483,6307,2025-11-13T14:40:25.737285,A,128
3484,6311,2025-06-16T14:40:25.739310,A,111
3485,6312,2026-10-29T14:40:25.739575,A,101
3486,6313,2025-10-23T14:40:25.739812,A,88
3487,6316,2025-05-20T14:40:25.741857,C,147
3488,6320,2026-07-28T14:40:25.743640,A,307
3489,6321,2026-03-19T14:40:25.744288,B,868
3490,6322,2026-09-03T14:40:25.744532,B,903
3491,6324,2025-05-24T14:40:25.745349,A,885
3492,6325,2026-01-17T14:40:25.745908,A,330
3493,6326,2026-02-03T14:40:25.746250,C,77
3494,6327,2025-10-25T14:40:25.746639,A,708
3495,6329,2025-06-03T14:40:25.747775,C,377
3496,6331,2025-09-14T14:40:25.748580,B,237
3497,6333,2026-08-10T14:40:25.749457,A,112
3498,6334,2026-10-25T14:40:25.749910,A,93
3499,6335,2026-06-07T14:40:25.750140,A,20
3500,6337,2026-11-02T14:40:25.751192,A,117
3501,6338,2024-11-29T14:40:25.751883,C,892
3502,6343,2025-12-04T14:40:25.754149,C,938
3503,6344,2026-02-19T14:40:25.754686,C,96
3504,6345,2026-05-23T14:40:25.755061,A,99
3505,6346,2026-06-12T14:40:25.755267,C,236
3506,6348,2026-04-18T14:40:25.756266,A,24
3507,6350,2025-02-02T14:40:25.756912,C,93
3508,6351,2026-11-17T14:40:25.757139,B,107
3509,6353,2025-12-30T14:40:25.757789,C,739
3510,6355,2025-12-01T14:40:25.758662,A,250
3511,6357,2025-02-28T14:40:25.759878,C,21
3512,6358,2025-07-03T14:40:25.760456,C,108
3513,6363,2025-08-16T14:40:25.762747,C,97
3514,6364,2026-07-02T14:40:25.762968,A,226
3515,6365,2026-06-02T14:40:25.763414,A,119
3516,6366,2026-01-24T14:40:25.764159,C,503
3517,6369,2024-11-20T14:40:25.765439,B,216
3518,6371,2025-02-02T14:40:25.766472,A,16
3519,6372,2026-07-21T14:40:25.767037,A,114
3520,6374,2026-03-02T14:40:25.768376,C,107
3521,6375,2026-05-14T14:40:25.769436,C,316
3522,6377,2026-09-15T14:40:25.771339,A,803
3523,6378,2026-06-04T14:40:25.771977,A,100
3524,6380,2026-08-08T14:40:25.773108,C,723
3525,6382,2025-03-08T14:40:25.774052,A,2
3526,6383,2026-05-29T14:40:25.774400,B,383
3527,6384,2025-09-04T14:40:25.775113,B,174
3528,6385,2024-12-20T14:40:25.775339,A,111
3529,6386,2026-06-05T14:40:25.775743,A,95
3530,6387,2025-07-22T14:40:25.776345,C,638
3531,6390,2026-05-17T14:40:25.778093,C,331
3532,6391,2026-06-05T14:40:25.778679,A,200
3533,6392,2026-09-30T14:40:25.779002,A,999
3534,6397,2025-06-17T14:40:25.781366,A,731
3535,6398,2025-11-21T14:40:25.781987,B,103
3536,6401,2025-03-15T14:40:25.783628,C,5
3537,6403,2026-03-18T14:40:25.784921,A,81
3538,6404,2024-12-15T14:40:25.785392,B,16
3539,6405,2025-08-01T14:40:25.786016,A,219
3540,6406,2025-03-26T14:40:25.786510,A,95
3541,6407,2025-10-24T14:40:25.787225,A,216
3542,6408,2026-06-27T14:40:25.787669,B,739
3543,6409,2026-10-19T14:40:25.787989,A,174
3544,6410,2026-07-18T14:40:25.788391,A,114
3545,6411,2024-12-29T14:40:25.788833,C,110
3546,6415,2024-12-17T14:40:25.790824,A,897
3547,6416,2026-02-25T14:40:25.791334,B,787
3548,6422,2025-08-03T14:40:25.794233,C,316
3549,6424,2026-12-02T14:40:25.795051,C,114
3550,6426,2026-07-11T14:40:25.796594,B,687
3551,6427,2025-03-23T14:40:25.797148,A,30
3552,6429,2025-03-07T14:40:25.798118,A,679
3553,6430,2026-11-07T14:40:25.798635,A,399
3554,6431,2024-11-11T14:40:25.799289,A,956
3555,6432,2025-08-03T14:40:25.799876,A,124
3556,6435,2025-01-03T14:40:25.801905,C,183
3557,6437,2025-03-29T14:40:25.803171,A,220
3558,6439,2026-01-19T14:40:25.804177,B,7
3559,6440,2025-03-21T14:40:25.804345,A,56
3560,6443,2024-10-26T14:40:25.805685,B,96
3561,6444,2025-04-27T14:40:25.805943,A,286
3562,6445,2024-12-23T14:40:25.806304,A,9
3563,6446,2025-09-01T14:40:25.806972,A,230
3564,6447,2026-08-01T14:40:25.807283,C,118
3565,6451,2025-03-08T14:40:25.809462,C,88
3566,6453,2026-06-23T14:40:25.810289,C,114
3567,6454,2026-01-06T14:40:25.810510,A,25
3568,6458,2026-05-22T14:40:25.812725,A,179
3569,6459,2025-02-20T14:40:25.813290,A,95
3570,6460,2026-05-31T14:40:25.813693,A,121
3571,6461,2026-02-08T14:40:25.814218,A,250
3572,6462,2025-12-10T14:40:25.814777,B,431
3573,6463,2025-03-18T14:40:25.815291,C,107
3574,6464,2026-03-11T14:40:25.816075,C,22
3575,6465,2026-07-13T14:40:25.816438,C,33
3576,6466,2025-11-22T14:40:25.816689,C,48
3577,6467,2026-02-11T14:40:25.817064,A,542
3578,6470,2025-07-26T14:40:25.818229,A,140
3579,6475,2025-12-19T14:40:25.821119,A,661
3580,6478,2026-06-14T14:40:25.822167,C,16
3581,6479,2025-05-12T14:40:25.822718,B,447
3582,6480,2025-10-13T14:40:25.823279,A,133
3583,6481,2024-11-20T14:40:25.823514,A,57
3584,6483,2026-07-06T14:40:25.824934,A,715
3585,6486,2025-10-24T14:40:25.826782,C,989
3586,6488,2025-05-20T14:40:25.827719,C,1021
3587,6489,2025-03-21T14:40:25.828530,B,93
3588,6491,2025-07-22T14:40:25.829280,A,932
3589,6493,2026-07-22T14:40:25.830247,B,104
3590,6494,2026-01-16T14:40:25.830948,A,932
3591,6495,2026-08-22T14:40:25.831649,A,116
3592,6496,2026-09-22T14:40:25.832356,B,213
3593,6497,2026-08-14T14:40:25.832951,A,99
3594,6498,2025-01-18T14:40:25.833653,A,857
3595,6500,2026-04-21T14:40:25.834774,A,107
3596,6504,2026-06-21T14:40:25.836517,A,205
3597,6505,2026-01-20T14:40:25.837105,C,387
3598,6506,2025-12-19T14:40:25.837663,C,110
3599,6507,2026-09-13T14:40:25.837942,B,116
3600,6508,2026-10-29T14:40:25.838194,B,107
3601,6509,2025-05-14T14:40:25.839063,B,100
3602,6510,2025-03-10T14:40:25.839594,A,946
3603,6512,2025-08-06T14:40:25.840444,B,268
3604,6514,2025-01-20T14:40:25.841103,A,229
3605,6515,2026-09-03T14:40:25.841793,C,112
3606,6517,2024-09-02T14:40:25.842372,C,78
3607,6519,2026-05-22T14:40:25.842922,C,299
3608,6521,2025-12-23T14:40:25.843703,B,1048
3609,6522,2026-07-19T14:40:25.844460,C,232
3610,6526,2025-03-24T14:40:25.845991,A,807
3611,6532,2026-12-13T14:40:25.848587,C,298
3612,6533,2024-09-15T14:40:25.848851,C,102
3613,6534,2026-08-07T14:40:25.849481,C,726
3614,6535,2026-07-26T14:40:25.849903,A,98
3615,6538,2025-09-28T14:40:25.851436,C,675
3616,6539,2025-07-02T14:40:25.851716,A,135
3617,6543,2026-09-06T14:40:25.853900,A,488
3618,6544,2025-09-14T14:40:25.854411,C,40
3619,6545,2026-06-18T14:40:25.854987,C,116
3620,6547,2026-04-25T14:40:25.856102,B,905
3621,6548,2026-08-17T14:40:25.856341,A,116
3622,6552,2024-11-07T14:40:25.858383,A,105
3623,6553,2026-11-20T14:40:25.858849,C,863
3624,6554,2026-06-01T14:40:25.859343,B,808
3625,6555,2026-06-15T14:40:25.860163,A,119
3626,6557,2026-08-14T14:40:25.861050,A,1005
3627,6559,2026-06-05T14:40:25.862252,A,62
3628,6560,2026-06-10T14:40:25.862607,A,109
3629,6561,2025-07-18T14:40:25.863362,C,14
3630,6562,2025-10-11T14:40:25.864045,C,158
3631,6563,2025-09-08T14:40:25.864668,B,67
3632,6564,2026-08-15T14:40:25.865301,A,94
3633,6567,2025-10-04T14:40:25.866623,C,876
3634,6570,2026-10-17T14:40:25.868287,C,193
3635,6571,2025-01-17T14:40:25.868766,C,28
3636,6572,2026-07-14T14:40:25.869278,B,115
3637,6573,2025-11-12T14:40:25.869698,C,1005
3638,6575,2025-12-17T14:40:25.870246,B,201
3639,6576,2026-08-19T14:40:25.870688,A,593
3640,6578,2025-10-30T14:40:25.871615,A,109
3641,6580,2026-11-22T14:40:25.872353,B,115
3642,6581,2024-08-30T14:40:25.872850,B,78
3643,6584,2025-02-03T14:40:25.874371,A,105
3644,6585,2026-02-25T14:40:25.875067,B,27
3645,6586,2025-09-28T14:40:25.875592,B,119
3646,6587,2026-07-05T14:40:25.875927,A,285
3647,6588,2025-09-14T14:40:25.876479,A,985
3648,6589,2026-09-05T14:40:25.877242,C,68
3649,6590,2026-05-27T14:40:25.877972,B,109
3650,6591,2026-10-19T14:40:25.878685,B,921
3651,6592,2026-03-14T14:40:25.879239,C,779
3652,6593,2026-05-16T14:40:25.879880,A,120
3653,6596,2026-05-13T14:40:25.882001,C,234
3654,6599,2025-02-08T14:40:25.883979,C,1043
3655,6601,2026-05-20T14:40:25.884847,A,103
3656,6602,2024-10-31T14:40:25.885252,A,249
3657,6606,2024-12-25T14:40:25.887059,A,887
3658,6607,2025-08-02T14:40:25.887731,B,101
3659,6609,2026-09-09T14:40:25.889258,A,96
3660,6610,2025-05-04T14:40:25.889839,C,299
3661,6612,2025-06-25T14:40:25.890782,B,101
3662,6615,2025-12-08T14:40:25.892477,A,752
3663,6617,2025-02-10T14:40:25.893630,C,966
3664,6618,2025-03-13T14:40:25.894049,C,206
3665,6620,2026-01-06T14:40:25.895215,C,894
3666,6623,2026-08-14T14:40:25.896919,A,794
3667,6624,2025-09-04T14:40:25.897618,A,95
3668,6628,2026-03-07T14:40:25.899612,A,21
3669,6629,2025-03-13T14:40:25.900176,B,94
3670,6631,2025-02-12T14:40:25.900933,A,697
3671,6633,2026-09-06T14:40:25.902504,A,84
3672,6635,2025-02-21T14:40:25.903670,C,77
3673,6640,2026-05-30T14:40:25.906331,A,111
3674,6642,2026-04-05T14:40:25.907000,C,903
3675,6645,2026-06-18T14:40:25.908521,A,113
3676,6647,2026-01-28T14:40:25.909714,A,95
3677,6649,2026-04-19T14:40:25.910794,B,307
3678,6650,2025-06-27T14:40:25.911438,A,229
3679,6652,2026-01-12T14:40:25.912479,A,111
3680,6654,2026-07-05T14:40:25.914048,A,98
3681,6655,2026-08-10T14:40:25.914581,A,84
3682,6656,2025-10-24T14:40:25.915365,A,4
3683,6657,2025-01-15T14:40:25.915779,A,94
3684,6658,2025-09-13T14:40:25.916124,C,637
3685,6660,2025-07-22T14:40:25.917066,B,28
3686,6663,2026-06-13T14:40:25.918177,C,105
3687,6666,2025-06-29T14:40:25.919491,A,952
3688,6667,2025-06-23T14:40:25.920190,C,6
3689,6670,2026-02-25T14:40:25.921170,A,367
3690,6673,2025-05-07T14:40:25.923091,B,482
3691,6674,2026-06-02T14:40:25.923952,C,491
3692,6676,2025-04-13T14:40:25.925457,C,113
3693,6677,2026-11-19T14:40:25.926410,B,723
3694,6678,2025-04-13T14:40:25.927069,C,401
3695,6679,2026-04-07T14:40:25.927373,A,1056
3696,6681,2025-07-29T14:40:25.928636,A,339
3697,6682,2025-07-06T14:40:25.929157,C,893
3698,6684,2025-12-29T14:40:25.929706,C,491
3699,6686,2026-07-22T14:40:25.930935,B,101
3700,6688,2025-09-13T14:40:25.932345,A,332
3701,6689,2026-10-25T14:40:25.932819,C,74
3702,6690,2025-09-12T14:40:25.933188,C,76
3703,6691,2026-04-11T14:40:25.933431,C,96
3704,6693,2026-02-11T14:40:25.934523,A,396
3705,6694,2026-04-23T14:40:25.935316,A,96
3706,6698,2026-05-06T14:40:25.937239,A,1037
3707,6699,2025-06-17T14:40:25.937581,C,495
3708,6700,2026-07-11T14:40:25.938067,A,93
3709,6701,2026-07-21T14:40:25.938841,C,153
3710,6703,2025-06-15T14:40:25.940235,A,767
3711,6704,2026-10-22T14:40:25.940800,B,115
3712,6705,2026-05-05T14:40:25.941326,B,100
3713,6706,2026-03-22T14:40:25.941617,A,527
3714,6707,2026-05-15T14:40:25.942125,C,1043
3715,6708,2025-02-05T14:40:25.943025,B,94
3716,6710,2026-06-15T14:40:25.944582,A,94
3717,6711,2026-10-14T14:40:25.945272,C,864
3718,6714,2026-10-11T14:40:25.947955,C,302
3719,6715,2025-02-07T14:40:25.948212,A,973
3720,6720,2025-04-24T14:40:25.951316,C,115
3721,6722,2026-04-22T14:40:25.952570,A,835
3722,6727,2025-09-01T14:40:25.955335,A,561
3723,6729,2026-06-30T14:40:25.956336,A,107
3724,6730,2026-07-10T14:40:25.956899,C,117
3725,6731,2026-08-31T14:40:25.957602,A,1045
3726,6732,2025-06-26T14:40:25.958074,C,17
3727,6734,2026-11-06T14:40:25.959075,A,116
3728,6735,2026-04-05T14:40:25.959905,C,53
3729,6736,2025-09-13T14:40:25.960478,C,572
3730,6737,2026-04-20T14:40:25.961030,C,977
3731,6739,2025-07-14T14:40:25.962261,C,327
3732,6740,2026-11-13T14:40:25.962676,B,680
3733,6741,2025-07-28T14:40:25.963328,A,247
3734,6744,2025-08-30T14:40:25.965247,C,558
3735,6745,2026-09-19T14:40:25.965599,A,229
3736,6746,2025-03-24T14:40:25.966346,A,530
3737,6747,2026-07-10T14:40:25.967153,C,120
3738,6752,2025-05-30T14:40:25.970000,B,287
3739,6753,2026-03-06T14:40:25.970231,C,25
3740,6755,2026-12-03T14:40:25.971876,A,213
3741,6757,2025-04-08T14:40:25.972950,A,67
3742,6759,2025-02-18T14:40:25.973886,C,367
3743,6760,2026-08-13T14:40:25.974680,A,108
3744,6761,2025-01-01T14:40:25.975377,A,1050
3745,6763,2026-03-04T14:40:25.976524,C,72
3746,6768,2026-03-16T14:40:25.979687,B,27
3747,6769,2026-10-30T14:40:25.980461,B,272
3748,6771,2026-01-04T14:40:25.982106,A,95
3749,6772,2025-10-13T14:40:25.982680,C,902
3750,6773,2026-03-25T14:40:25.983418,C,313
3751,6778,2025-04-29T14:40:25.986981,C,425
3752,6783,2025-10-24T14:40:25.989602,A,318
3753,6784,2025-05-21T14:40:25.990086,C,961
3754,6786,2026-03-13T14:40:25.991643,C,118
3755,6787,2026-08-02T14:40:25.992135,C,118
3756,6791,2025-09-22T14:40:25.993820,B,117
3757,6799,2025-05-28T14:40:25.998030,C,130
3758,6801,2026-11-22T14:40:25.999074,A,239
3759,6802,2024-12-17T14:40:25.999580,B,564
3760,6803,2025-09-29T14:40:26.000559,A,98
3761,6806,2025-08-23T14:40:26.002142,C,114
3762,6809,2026-10-07T14:40:26.003676,C,321
3763,6811,2025-08-08T14:40:26.004782,A,528
3764,6814,2024-12-04T14:40:26.006295,A,68
3765,6816,2025-02-17T14:40:26.007579,A,114
3766,6817,2025-01-09T14:40:26.007931,A,409
3767,6818,2024-10-10T14:40:26.008414,A,849
3768,6819,2025-03-08T14:40:26.009192,C,322
3769,6821,2024-12-22T14:40:26.010276,A,5
3770,6824,2025-11-29T14:40:26.012336,A,164
3771,6826,2025-07-29T14:40:26.012759,A,459
3772,6830,2026-10-23T14:40:26.015462,A,1070
3773,6833,2026-03-08T14:40:26.017204,B,950
3774,6835,2025-05-28T14:40:26.018015,C,112
3775,6836,2026-05-26T14:40:26.018251,C,99
3776,6839,2026-06-17T14:40:26.019377,B,12
3777,6840,2026-03-18T14:40:26.020332,C,147
3778,6841,2025-01-08T14:40:26.020839,C,110
3779,6842,2026-04-14T14:40:26.021409,A,534
3780,6844,2026-01-03T14:40:26.022734,A,762
3781,6848,2025-04-06T14:40:26.025085,B,9
3782,6850,2024-12-12T14:40:26.026448,B,735
3783,6851,2026-06-13T14:40:26.026758,A,568
3784,6852,2025-03-14T14:40:26.027037,A,658
3785,6856,2026-01-26T14:40:26.029035,A,461
3786,6859,2025-04-25T14:40:26.030227,B,215
3787,6861,2026-09-13T14:40:26.030794,B,114
3788,6862,2026-07-11T14:40:26.031482,A,952
3789,6863,2025-03-01T14:40:26.032020,A,927
3790,6864,2025-12-03T14:40:26.032748,C,1
3791,6865,2025-04-11T14:40:26.033187,A,4
3792,6867,2025-10-15T14:40:26.034033,B,1036
3793,6868,2026-08-22T14:40:26.034302,A,9
3794,6869,2025-12-19T14:40:26.034960,B,1036
3795,6870,2026-08-13T14:40:26.035648,A,107
3796,6871,2024-11-14T14:40:26.036312,C,719
3797,6874,2024-11-20T14:40:26.038201,A,755
3798,6878,2024-12-04T14:40:26.040739,C,68
3799,6879,2025-07-19T14:40:26.041169,A,14
3800,6880,2025-09-28T14:40:26.041605,C,697
3801,6881,2025-07-16T14:40:26.041873,C,243
3802,6882,2024-10-22T14:40:26.042412,C,996
3803,6884,2025-08-26T14:40:26.044007,A,571
3804,6885,2025-12-31T14:40:26.044270,A,94
3805,6886,2026-04-08T14:40:26.045121,B,403
3806,6887,2025-11-14T14:40:26.045779,A,100
3807,6888,2025-04-05T14:40:26.046638,C,120
3808,6893,2024-12-19T14:40:26.049781,B,555
3809,6894,2025-11-30T14:40:26.050037,B,788
3810,6895,2026-07-08T14:40:26.050332,A,8
3811,6898,2024-12-15T14:40:26.052572,A,8
3812,6899,2026-08-25T14:40:26.052961,C,816
3813,6901,2026-01-01T14:40:26.053773,B,120
3814,6902,2025-08-24T14:40:26.054192,B,96
3815,6904,2025-10-03T14:40:26.055117,A,511
3816,6906,2025-06-22T14:40:26.055714,A,320
3817,6908,2024-09-14T14:40:26.057199,A,203
3818,6910,2025-07-03T14:40:26.058485,B,93
3819,6911,2024-12-14T14:40:26.059026,B,23
3820,6914,2026-07-16T14:40:26.060631,A,97
3821,6915,2024-12-13T14:40:26.060739,B,397
3822,6916,2025-07-02T14:40:26.061270,B,157
3823,6919,2025-11-29T14:40:26.063029,C,303
3824,6922,2026-11-11T14:40:26.064941,B,845
3825,6927,2026-04-23T14:40:26.067174,A,54
3826,6928,2025-06-15T14:40:26.067996,A,119
3827,6929,2026-07-24T14:40:26.068581,C,519
3828,6930,2024-11-16T14:40:26.069163,A,362
3829,6933,2026-10-25T14:40:26.070866,A,538
3830,6934,2025-07-20T14:40:26.071421,A,1033
3831,6935,2026-02-18T14:40:26.072294,A,954
3832,6937,2026-10-14T14:40:26.072824,C,70
3833,6940,2026-05-31T14:40:26.074076,B,967
3834,6941,2024-12-15T14:40:26.074478,A,108
3835,6942,2026-08-10T14:40:26.074968,B,716
3836,6943,2026-11-07T14:40:26.075928,A,108
3837,6944,2026-02-07T14:40:26.076685,A,632
3838,6946,2025-10-06T14:40:26.077362,C,94
3839,6947,2026-01-01T14:40:26.077827,C,393
3840,6949,2025-08-19T14:40:26.079162,C,99
3841,6951,2025-01-06T14:40:26.080285,A,312
3842,6952,2024-10-15T14:40:26.080789,C,114
3843,6953,2024-08-17T14:40:26.081170,B,104
3844,6954,2025-07-30T14:40:26.081427,C,103
3845,6955,2026-07-31T14:40:26.082328,A,322
3846,6956,2026-03-17T14:40:26.082612,C,48
3847,6957,2026-03-16T14:40:26.083268,A,392
3848,6958,2025-01-03T14:40:26.084226,A,99
3849,6961,2025-03-27T14:40:26.085823,A,970
3850,6964,2025-09-15T14:40:26.087401,A,945
3851,6965,2025-01-01T14:40:26.088311,B,109
3852,6970,2025-07-27T14:40:26.090763,C,72
3853,6972,2025-03-29T14:40:26.092086,A,462
3854,6974,2026-05-20T14:40:26.093277,A,83
3855,6977,2026-06-25T14:40:26.095077,B,273
3856,6978,2026-08-20T14:40:26.095332,A,933
3857,6980,2026-05-18T14:40:26.096712,C,1
3858,6981,2025-04-23T14:40:26.097484,B,703
3859,6983,2026-09-01T14:40:26.099007,A,102
3860,6985,2026-10-14T14:40:26.100010,A,118
3861,6987,2025-04-10T14:40:26.100944,C,851
3862,6989,2026-05-29T14:40:26.102206,A,291
3863,6990,2025-01-16T14:40:26.102980,B,112
3864,6991,2026-04-20T14:40:26.103661,A,120
3865,6993,2025-11-21T14:40:26.105192,A,163
3866,6996,2025-01-01T14:40:26.106722,A,210
3867,6999,2026-03-25T14:40:26.107817,A,546
3868,7001,2025-12-23T14:40:26.109068,C,112
3869,7004,2025-03-18T14:40:26.111090,A,683
3870,7005,2025-10-09T14:40:26.111368,A,359
3871,7006,2026-06-04T14:40:26.112326,C,117
3872,7007,2025-09-14T14:40:26.112629,C,202
3873,7008,2025-06-25T14:40:26.113213,C,352
3874,7009,2025-02-19T14:40:26.113637,B,79
3875,7011,2025-03-01T14:40:26.114619,A,231
3876,7012,2024-09-12T14:40:26.115209,C,433
3877,7013,2026-01-29T14:40:26.116050,C,701
3878,7017,2026-03-11T14:40:26.118139,C,440
3879,7018,2026-05-13T14:40:26.118684,B,9
3880,7019,2025-05-21T14:40:26.119299,A,210
3881,7021,2026-08-04T14:40:26.120408,A,1
3882,7022,2026-03-31T14:40:26.121072,A,296
3883,7024,2025-05-05T14:40:26.121810,C,832
3884,7025,2026-07-23T14:40:26.122721,A,1040
3885,7026,2026-08-29T14:40:26.123012,C,223
3886,7028,2026-04-19T14:40:26.123431,A,760
3887,7029,2026-06-11T14:40:26.123710,C,464
3888,7030,2025-07-20T14:40:26.124816,A,66
3889,7031,2025-04-12T14:40:26.125243,A,658
3890,7033,2026-12-31T14:40:26.126686,A,957
3891,7034,2026-08-08T14:40:26.127199,B,201
3892,7035,2026-04-12T14:40:26.127656,A,93
3893,7036,2024-11-13T14:40:26.128343,C,325
3894,7042,2025-07-10T14:40:26.130986,A,696
3895,7043,2026-06-13T14:40:26.131635,A,935
3896,7046,2025-04-22T14:40:26.132856,C,183
3897,7049,2026-03-14T14:40:26.134491,A,13
3898,7050,2025-09-18T14:40:26.134960,A,401
3899,7051,2024-11-11T14:40:26.135712,A,65
3900,7054,2024-11-27T14:40:26.137109,A,274
3901,7055,2025-10-30T14:40:26.137904,C,325
3902,7056,2026-03-12T14:40:26.138449,A,100
3903,7058,2025-09-08T14:40:26.139712,B,118
3904,7059,2026-06-23T14:40:26.140415,A,258
3905,7062,2025-04-12T14:40:26.141417,A,1004
3906,7064,2026-09-13T14:40:26.142466,A,190
3907,7065,2024-10-31T14:40:26.143346,A,987
3908,7067,2026-02-21T14:40:26.144489,B,105
3909,7068,2025-09-15T14:40:26.144789,A,236
3910,7072,2026-07-29T14:40:26.147442,A,119
3911,7073,2026-04-27T14:40:26.148305,A,1004
3912,7074,2026-07-28T14:40:26.149202,A,366
3913,7075,2026-10-06T14:40:26.149683,A,949
3914,7076,2026-07-24T14:40:26.150182,A,101
3915,7077,2026-10-26T14:40:26.150815,C,112
3916,7084,2025-11-25T14:40:26.154749,C,107
3917,7085,2025-09-05T14:40:26.155680,A,867
3918,7087,2025-01-22T14:40:26.156785,A,782
3919,7089,2025-02-21T14:40:26.158207,C,110
3920,7090,2026-01-22T14:40:26.158461,A,138
3921,7095,2025-10-11T14:40:26.161113,A,760
3922,7096,2025-03-31T14:40:26.161725,C,959
3923,7097,2025-01-26T14:40:26.161871,A,432
3924,7099,2026-07-21T14:40:26.162905,A,112
3925,7100,2025-08-27T14:40:26.163706,A,650
3926,7102,2025-09-25T14:40:26.165211,A,288
3927,7103,2025-12-16T14:40:26.165972,A,111
3928,7104,2025-07-30T14:40:26.166638,C,28
3929,7109,2025-03-24T14:40:26.169129,C,35
3930,7113,2025-01-06T14:40:26.170523,C,1058
3931,7114,2024-10-16T14:40:26.171041,A,32
3932,7117,2026-01-18T14:40:26.172981,A,81
3933,7121,2026-03-12T14:40:26.174994,C,1039
3934,7122,2024-12-01T14:40:26.175584,A,219
3935,7124,2025-02-18T14:40:26.176793,A,245
3936,7125,2025-01-25T14:40:26.177382,A,229
3937,7126,2025-07-04T14:40:26.177889,A,1
3938,7127,2026-03-21T14:40:26.178152,C,791
3939,7128,2025-10-21T14:40:26.178777,A,99
3940,7129,2026-04-12T14:40:26.179489,A,79
3941,7130,2026-04-08T14:40:26.180301,A,297
3942,7131,2025-12-29T14:40:26.180769,C,118
3943,7133,2026-08-06T14:40:26.181746,A,402
3944,7134,2025-01-29T14:40:26.182195,A,806
3945,7135,2026-08-20T14:40:26.182431,A,406
3946,7136,2026-03-11T14:40:26.182750,B,926
3947,7139,2025-05-01T14:40:26.184511,A,217
3948,7140,2026-06-16T14:40:26.185357,A,110
3949,7141,2026-07-14T14:40:26.185815,C,108
3950,7143,2025-02-15T14:40:26.187183,B,57
3951,7144,2026-09-25T14:40:26.188170,B,110
3952,7145,2025-06-18T14:40:26.188659,A,72
3953,7147,2025-12-08T14:40:26.190053,B,302
3954,7151,2025-01-15T14:40:26.193250,B,78
3955,7152,2025-03-09T14:40:26.193696,A,107
3956,7153,2026-05-29T14:40:26.193968,A,244
3957,7155,2026-01-11T14:40:26.195183,A,902
3958,7156,2025-07-29T14:40:26.195613,C,941
3959,7157,2026-02-05T14:40:26.196471,A,116
3960,7158,2026-06-26T14:40:26.196872,C,975
3961,7162,2025-08-24T14:40:26.198992,C,656
3962,7163,2026-09-07T14:40:26.199411,C,224
3963,7164,2025-10-22T14:40:26.200144,A,673
3964,7165,2026-06-24T14:40:26.200845,C,897
3965,7166,2025-05-15T14:40:26.201092,C,501
3966,7168,2025-05-16T14:40:26.202059,C,454
3967,7171,2025-05-28T14:40:26.203489,A,111
3968,7174,2024-12-21T14:40:26.205104,A,22
3969,7177,2026-06-12T14:40:26.206224,B,668
3970,7179,2026-07-22T14:40:26.207377,A,659
3971,7181,2026-01-18T14:40:26.208639,B,95
3972,7182,2025-07-17T14:40:26.208926,C,29
3973,7183,2024-12-26T14:40:26.209177,A,948
3974,7185,2025-08-08T14:40:26.210476,C,4
3975,7187,2025-07-08T14:40:26.211500,C,94
3976,7192,2026-05-23T14:40:26.215108,A,330
3977,7193,2026-01-03T14:40:26.215763,A,864
3978,7195,2026-05-05T14:40:26.216854,A,944
3979,7196,2025-05-05T14:40:26.217673,A,890
3980,7198,2025-01-23T14:40:26.218517,A,100
3981,7200,2026-09-06T14:40:26.219295,B,1031
3982,7202,2025-10-25T14:40:26.220191,A,190
3983,7203,2025-04-09T14:40:26.220429,A,482
3984,7206,2025-04-30T14:40:26.222321,A,420
3985,7207,2025-04-01T14:40:26.222920,C,115
3986,7210,2025-12-15T14:40:26.224870,C,332
3987,7212,2025-06-10T14:40:26.226444,A,114
3988,7213,2026-03-09T14:40:26.227139,A,482
3989,7214,2026-07-29T14:40:26.228107,A,663
3990,7215,2025-05-01T14:40:26.228374,A,115
3991,7216,2026-06-19T14:40:26.228695,A,96
3992,7220,2025-05-20T14:40:26.231162,A,137
3993,7221,2025-07-22T14:40:26.231439,B,97
3994,7225,2025-04-19T14:40:26.234143,A,158
3995,7230,2026-06-07T14:40:26.236337,B,978
3996,7231,2026-04-30T14:40:26.237252,B,53
3997,7235,2026-07-15T14:40:26.239105,A,371
3998,7236,2025-08-19T14:40:26.239522,B,667
3999,7237,2026-07-10T14:40:26.240108,A,446
4000,7238,2025-03-27T14:40:26.240940,A,105
4001,7242,2026-09-27T14:40:26.242926,C,1048
4002,7243,2025-08-18T14:40:26.243194,B,909
4003,7246,2025-02-19T14:40:26.244438,A,61
4004,7248,2025-02-11T14:40:26.247787,A,215
4005,7249,2026-06-22T14:40:26.248331,C,105
4006,7250,2025-12-03T14:40:26.248815,A,902
4007,7251,2026-05-13T14:40:26.249581,C,92
4008,7253,2026-06-05T14:40:26.250655,C,107
4009,7254,2025-02-17T14:40:26.250906,A,37
4010,7256,2026-01-01T14:40:26.251818,C,211
4011,7257,2026-07-24T14:40:26.252151,A,98
4012,7258,2025-02-01T14:40:26.252459,B,100
4013,7259,2026-09-11T14:40:26.252807,C,105
4014,7260,2025-01-26T14:40:26.253064,C,412
4015,7263,2026-06-29T14:40:26.254749,B,1
4016,7266,2024-09-06T14:40:26.256696,C,303
4017,7267,2025-04-21T14:40:26.257003,C,760
4018,7269,2026-07-13T14:40:26.258001,A,106
4019,7271,2026-08-22T14:40:26.259146,C,108
4020,7273,2026-01-05T14:40:26.260452,A,28
4021,7274,2025-03-08T14:40:26.260961,C,584
4022,7276,2026-07-21T14:40:26.262660,A,115
4023,7277,2026-01-29T14:40:26.262919,C,1046
4024,7279,2026-03-06T14:40:26.263440,C,94
4025,7285,2025-08-20T14:40:26.266484,A,423
4026,7286,2025-07-30T14:40:26.267140,A,529
4027,7289,2026-05-27T14:40:26.268291,A,5
4028,7290,2024-12-17T14:40:26.269090,A,18
4029,7292,2026-05-21T14:40:26.270174,C,95
4030,7294,2026-02-01T14:40:26.271233,A,393
4031,7298,2026-07-17T14:40:26.273322,A,102
4032,7299,2024-10-15T14:40:26.274177,A,309
4033,7300,2026-03-14T14:40:26.274429,A,974
4034,7301,2026-12-16T14:40:26.274720,C,26
4035,7303,2025-05-31T14:40:26.276182,A,27
4036,7304,2024-12-28T14:40:26.276800,B,72
4037,7305,2026-12-12T14:40:26.277418,A,107
4038,7308,2026-08-08T14:40:26.279816,C,936
4039,7309,2024-12-12T14:40:26.280314,A,116
4040,7310,2026-07-28T14:40:26.280622,A,105
4041,7314,2026-10-17T14:40:26.282731,B,108
4042,7316,2025-11-22T14:40:26.283693,A,710
4043,7317,2024-10-12T14:40:26.284309,A,677
4044,7319,2025-10-04T14:40:26.285289,C,52
4045,7320,2025-09-14T14:40:26.285757,B,114
4046,7321,2025-05-23T14:40:26.286011,A,100
4047,7324,2025-06-30T14:40:26.287992,A,942
4048,7325,2026-04-04T14:40:26.288280,A,930
4049,7326,2026-10-11T14:40:26.288790,A,114
4050,7328,2025-03-16T14:40:26.289821,A,859
4051,7330,2025-02-21T14:40:26.291055,C,96
4052,7334,2025-09-28T14:40:26.293008,A,1
4053,7335,2026-06-26T14:40:26.293235,A,272
4054,7337,2026-04-02T14:40:26.294512,B,58
4055,7338,2026-01-27T14:40:26.294842,C,101
4056,7339,2026-08-14T14:40:26.295631,C,934
4057,7340,2026-07-08T14:40:26.296388,A,949
4058,7353,2025-11-24T14:40:26.303404,A,529
4059,7355,2024-09-14T14:40:26.304123,A,471
4060,7358,2026-12-13T14:40:26.306064,C,98
4061,7360,2026-02-04T14:40:26.306827,C,971
4062,7362,2026-06-16T14:40:26.308422,A,83
4063,7363,2026-08-13T14:40:26.309187,A,101
4064,7364,2026-07-16T14:40:26.309910,A,93
4065,7365,2025-06-12T14:40:26.310342,A,821
4066,7367,2024-11-27T14:40:26.311428,A,120
4067,7368,2026-10-30T14:40:26.312175,A,93
4068,7372,2025-09-16T14:40:26.314422,B,89
4069,7373,2025-05-26T14:40:26.315192,C,111
4070,7374,2026-10-15T14:40:26.315808,C,640
4071,7377,2026-07-14T14:40:26.316896,C,93
4072,7378,2024-12-07T14:40:26.317501,A,105
4073,7380,2026-09-30T14:40:26.318964,A,952
4074,7385,2025-07-30T14:40:26.321874,A,240
4075,7388,2026-04-08T14:40:26.323731,A,746
4076,7389,2024-11-01T14:40:26.324263,B,54
4077,7390,2025-03-03T14:40:26.324987,A,111
4078,7393,2025-07-07T14:40:26.326901,A,878
4079,7394,2026-09-17T14:40:26.327255,C,104
4080,7396,2024-11-23T14:40:26.328107,A,113
4081,7399,2025-10-22T14:40:26.330057,A,298
4082,7400,2026-09-26T14:40:26.330318,A,95
4083,7401,2025-10-22T14:40:26.330789,A,111
4084,7402,2025-08-18T14:40:26.331044,C,99
4085,7407,2025-09-12T14:40:26.335043,C,229
4086,7408,2026-04-11T14:40:26.335669,A,574
4087,7412,2024-10-25T14:40:26.337768,A,205
4088,7413,2026-10-19T14:40:26.338640,A,106
4089,7414,2026-06-03T14:40:26.339238,C,838
4090,7415,2025-12-04T14:40:26.339879,A,412
4091,7416,2025-05-20T14:40:26.340702,A,1035
4092,7418,2026-02-03T14:40:26.341737,A,113
4093,7420,2026-06-18T14:40:26.342450,A,105
4094,7421,2026-07-14T14:40:26.343230,A,94
4095,7425,2024-10-10T14:40:26.346193,C,211
4096,7426,2026-08-06T14:40:26.346472,A,109
4097,7428,2026-02-15T14:40:26.347296,A,1005
4098,7429,2024-12-24T14:40:26.347814,A,422
4099,7430,2025-04-21T14:40:26.348192,B,523
4100,7435,2026-01-09T14:40:26.350589,C,646
4101,7436,2025-12-25T14:40:26.351371,B,411
4102,7438,2026-01-29T14:40:26.352285,C,482
4103,7439,2026-06-04T14:40:26.353101,A,1054
4104,7440,2024-11-09T14:40:26.353424,B,198
4105,7441,2026-11-27T14:40:26.353958,C,241
4106,7443,2025-11-02T14:40:26.354880,A,54
4107,7444,2026-04-04T14:40:26.355480,A,98
4108,7447,2025-02-12T14:40:26.357058,A,467
4109,7448,2026-02-21T14:40:26.357312,C,115
4110,7450,2026-09-13T14:40:26.357870,A,139
4111,7452,2025-07-21T14:40:26.359006,C,869
4112,7455,2025-03-14T14:40:26.360250,A,390
4113,7457,2025-12-14T14:40:26.361351,C,15
4114,7458,2025-08-18T14:40:26.362137,B,982
4115,7459,2025-05-11T14:40:26.362570,A,107
4116,7460,2024-09-10T14:40:26.363212,A,39
4117,7461,2025-09-06T14:40:26.364280,A,375
4118,7462,2026-01-08T14:40:26.364866,A,90
4119,7464,2025-05-01T14:40:26.365598,C,362
4120,7465,2026-04-06T14:40:26.366005,B,434
4121,7466,2025-06-20T14:40:26.366784,C,623
4122,7470,2025-04-02T14:40:26.369276,C,97
4123,7471,2026-09-16T14:40:26.369571,A,628
4124,7472,2024-12-05T14:40:26.370455,B,720
4125,7473,2026-07-21T14:40:26.371282,A,111
4126,7474,2026-04-09T14:40:26.372009,A,108
4127,7475,2025-08-04T14:40:26.372278,B,764
4128,7476,2025-11-02T14:40:26.372609,A,105
4129,7478,2024-12-20T14:40:26.373815,B,502
4130,7483,2026-02-14T14:40:26.378576,C,139
4131,7484,2026-07-31T14:40:26.379196,A,113
4132,7485,2026-06-07T14:40:26.380408,B,195
4133,7490,2025-11-10T14:40:26.383207,A,859
4134,7492,2025-04-27T14:40:26.384251,A,78
4135,7493,2026-07-23T14:40:26.385129,A,781
4136,7494,2025-01-10T14:40:26.385805,B,118
4137,7496,2026-03-05T14:40:26.387366,B,722
4138,7503,2026-03-31T14:40:26.393155,A,99
4139,7506,2025-12-19T14:40:26.395243,B,134
4140,7507,2025-02-16T14:40:26.396097,B,211
4141,7511,2025-07-16T14:40:26.399095,A,96
4142,7514,2025-04-15T14:40:26.401783,C,133
4143,7517,2024-09-24T14:40:26.404219,A,296
4144,7520,2026-10-25T14:40:26.407585,C,118
4145,7525,2024-12-23T14:40:26.410482,A,11
4146,7526,2026-08-05T14:40:26.411332,A,482
4147,7527,2026-01-19T14:40:26.412358,A,505
4148,7530,2025-08-09T14:40:26.414232,C,236
4149,7531,2026-04-28T14:40:26.414505,B,346
4150,7533,2026-07-07T14:40:26.416726,A,106
4151,7535,2026-05-30T14:40:26.418335,A,954
4152,7537,2025-06-24T14:40:26.419694,A,199
4153,7538,2024-12-29T14:40:26.420633,A,1052
4154,7541,2026-02-27T14:40:26.421707,A,505
4155,7544,2025-02-28T14:40:26.424212,B,53
4156,7545,2026-10-31T14:40:26.425334,A,957
4157,7548,2025-09-22T14:40:26.427303,A,119
4158,7550,2025-02-25T14:40:26.428190,B,210
4159,7554,2025-04-19T14:40:26.434271,A,99
4160,7558,2026-03-04T14:40:26.438412,A,117
4161,7559,2025-02-04T14:40:26.439160,A,9
4162,7560,2026-08-22T14:40:26.440253,A,83
4163,7561,2026-06-21T14:40:26.440625,A,714
4164,7562,2024-12-08T14:40:26.441101,B,106
4165,7563,2025-03-08T14:40:26.442266,A,53
4166,7564,2026-06-17T14:40:26.442703,C,88
4167,7565,2025-03-10T14:40:26.443490,A,1069
4168,7567,2026-02-05T14:40:26.444851,B,33
4169,7569,2024-12-28T14:40:26.446112,A,61
4170,7570,2025-01-04T14:40:26.446806,A,459
4171,7571,2025-09-07T14:40:26.447083,A,576
4172,7572,2025-08-19T14:40:26.448034,A,220
4173,7574,2026-02-28T14:40:26.449289,C,103
4174,7575,2025-08-07T14:40:26.450276,A,226
4175,7576,2026-06-02T14:40:26.450509,A,950
4176,7577,2025-11-05T14:40:26.451088,C,99
4177,7578,2025-01-18T14:40:26.451591,A,26
4178,7579,2025-04-02T14:40:26.452492,A,769
4179,7582,2025-07-05T14:40:26.454722,A,578
4180,7583,2026-01-17T14:40:26.455274,A,188
4181,7587,2025-09-19T14:40:26.457507,C,990
4182,7590,2025-01-04T14:40:26.458962,C,780
4183,7596,2026-07-27T14:40:26.462045,C,343
4184,7599,2025-04-18T14:40:26.463764,A,1023
4185,7600,2026-09-29T14:40:26.464619,C,105
4186,7601,2026-06-13T14:40:26.464910,B,230
4187,7602,2025-05-18T14:40:26.465268,A,200
4188,7603,2026-01-31T14:40:26.465497,C,198
4189,7605,2026-12-02T14:40:26.466700,A,549
4190,7607,2025-06-08T14:40:26.467469,A,115
4191,7609,2025-10-01T14:40:26.468468,A,7
4192,7611,2026-07-13T14:40:26.469891,A,1047
4193,7612,2026-03-28T14:40:26.470479,C,156
4194,7615,2026-09-29T14:40:26.471504,C,71
4195,7617,2026-08-11T14:40:26.472444,C,120
4196,7618,2026-10-05T14:40:26.473125,A,103
4197,7619,2026-03-24T14:40:26.473562,A,418
4198,7620,2026-07-03T14:40:26.474059,A,9
4199,7622,2026-05-20T14:40:26.474705,A,115
4200,7623,2026-12-29T14:40:26.475169,B,98
4201,7624,2026-09-05T14:40:26.475670,C,922
4202,7625,2026-08-27T14:40:26.476220,A,97
4203,7626,2025-08-27T14:40:26.476523,A,586
4204,7627,2026-06-01T14:40:26.476955,A,93
4205,7630,2025-05-13T14:40:26.478592,C,79
4206,7631,2026-08-13T14:40:26.479044,A,346
4207,7634,2025-08-25T14:40:26.480933,A,117
4208,7636,2026-01-16T14:40:26.481913,A,25
4209,7639,2025-04-22T14:40:26.483350,A,72
4210,7641,2025-08-31T14:40:26.484690,C,80
4211,7643,2026-05-27T14:40:26.485957,B,111
4212,7644,2026-08-14T14:40:26.486426,C,115
4213,7646,2026-03-27T14:40:26.487133,C,98
4214,7649,2025-03-18T14:40:26.488414,B,499
4215,7650,2024-09-23T14:40:26.489005,B,918
4216,7655,2025-09-03T14:40:26.492476,B,29
4217,7656,2025-12-07T14:40:26.493317,B,115
4218,7658,2026-03-13T14:40:26.494287,C,768
4219,7659,2024-12-09T14:40:26.494990,C,823
4220,7662,2025-10-09T14:40:26.497275,A,213
4221,7664,2026-07-01T14:40:26.498314,C,478
4222,7665,2025-07-23T14:40:26.498676,A,56
4223,7666,2026-07-21T14:40:26.499487,C,444
4224,7667,2026-09-13T14:40:26.499874,A,103
4225,7668,2025-04-16T14:40:26.500723,C,99
4226,7669,2026-01-30T14:40:26.500995,A,486
4227,7671,2026-01-02T14:40:26.502464,A,100
4228,7672,2025-01-06T14:40:26.503158,A,860
4229,7674,2026-10-19T14:40:26.503770,C,994
4230,7678,2026-09-21T14:40:26.506715,A,108
4231,7679,2026-04-02T14:40:26.507148,A,513
4232,7683,2026-06-08T14:40:26.508941,A,810
4233,7687,2026-02-13T14:40:26.511233,A,684
4234,7688,2025-07-30T14:40:26.512471,B,96
4235,7689,2025-06-10T14:40:26.513711,C,442
4236,7692,2026-02-07T14:40:26.516321,A,387
4237,7694,2025-11-06T14:40:26.518156,C,36
4238,7697,2025-04-07T14:40:26.521613,A,97
4239,7698,2026-08-10T14:40:26.522146,B,816
4240,7699,2026-09-05T14:40:26.522499,A,12
4241,7703,2025-07-02T14:40:26.524632,B,156
4242,7704,2024-11-21T14:40:26.524943,A,384
4243,7706,2025-12-19T14:40:26.526423,B,79
4244,7707,2026-10-15T14:40:26.527131,A,99
4245,7709,2026-08-27T14:40:26.528390,A,1037
4246,7710,2025-08-08T14:40:26.528966,C,96
4247,7711,2026-07-21T14:40:26.529245,B,107
4248,7713,2026-08-12T14:40:26.530194,A,974
4249,7714,2026-06-22T14:40:26.530454,A,428
4250,7715,2026-05-20T14:40:26.531268,A,359
4251,7716,2026-06-29T14:40:26.531783,A,513
4252,7720,2026-08-06T14:40:26.535101,C,103
4253,7722,2025-01-17T14:40:26.536405,C,691
4254,7725,2025-06-10T14:40:26.538799,B,314
4255,7726,2025-02-21T14:40:26.539069,A,660
4256,7728,2026-08-20T14:40:26.540479,C,124
4257,7730,2026-01-13T14:40:26.541714,A,125
4258,7733,2026-04-03T14:40:26.543770,C,331
4259,7736,2025-04-29T14:40:26.547823,A,835
4260,7738,2025-10-12T14:40:26.549333,B,420
4261,7739,2026-08-07T14:40:26.549894,A,281
4262,7740,2025-07-17T14:40:26.550778,C,512
4263,7741,2026-09-11T14:40:26.551466,A,116
4264,7742,2026-07-02T14:40:26.551815,A,104
4265,7744,2026-11-23T14:40:26.553122,A,106
4266,7746,2025-01-02T14:40:26.554822,A,489
4267,7747,2026-05-04T14:40:26.555503,C,120
4268,7749,2025-09-06T14:40:26.556771,A,98
4269,7750,2025-11-13T14:40:26.557849,A,192
4270,7751,2026-03-09T14:40:26.558525,A,120
4271,7752,2025-01-12T14:40:26.558842,B,396
4272,7755,2026-04-26T14:40:26.560526,C,707
4273,7756,2026-02-07T14:40:26.561173,A,768
4274,7757,2024-11-06T14:40:26.562440,C,10
4275,7759,2026-02-11T14:40:26.564464,A,336
4276,7760,2026-10-23T14:40:26.565396,C,883
4277,7761,2026-08-24T14:40:26.566295,A,107
4278,7762,2025-08-30T14:40:26.567223,C,95
4279,7763,2025-11-03T14:40:26.567711,A,97
4280,7765,2024-10-17T14:40:26.568521,A,220
4281,7766,2024-12-10T14:40:26.569045,C,409
4282,7767,2025-03-20T14:40:26.569311,A,237
4283,7768,2025-10-15T14:40:26.570517,A,807
4284,7769,2025-06-28T14:40:26.571095,A,409
4285,7770,2026-08-29T14:40:26.571875,A,98
4286,7771,2026-09-27T14:40:26.572826,A,38
4287,7773,2026-01-24T14:40:26.573875,A,85
4288,7775,2025-12-21T14:40:26.574613,B,462
4289,7776,2024-10-06T14:40:26.575298,A,261
4290,7777,2025-04-10T14:40:26.575584,B,744
4291,7779,2026-01-02T14:40:26.576668,C,99
4292,7780,2025-06-06T14:40:26.577015,C,791
4293,7782,2026-04-28T14:40:26.578172,B,62
4294,7783,2026-08-06T14:40:26.578858,A,1036
4295,7784,2026-07-17T14:40:26.579346,A,86
4296,7785,2026-01-10T14:40:26.579684,C,450
4297,7787,2026-07-27T14:40:26.580891,C,81
4298,7789,2026-09-11T14:40:26.582559,C,760
4299,7790,2025-06-22T14:40:26.583245,A,686
4300,7792,2026-07-25T14:40:26.584559,A,9
4301,7793,2025-01-23T14:40:26.584854,A,986
4302,7795,2024-11-21T14:40:26.585918,B,25
4303,7796,2026-08-12T14:40:26.586520,B,620
4304,7799,2025-02-15T14:40:26.587609,C,72
4305,7800,2026-08-15T14:40:26.587984,B,120
4306,7802,2025-07-09T14:40:26.589277,A,966
4307,7803,2026-08-13T14:40:26.589575,B,112
4308,7805,2025-12-24T14:40:26.590077,A,1051
4309,7809,2026-07-30T14:40:26.593343,A,815
4310,7811,2026-10-22T14:40:26.594510,B,108
4311,7812,2025-06-09T14:40:26.594851,B,1047
4312,7813,2026-10-05T14:40:26.595709,A,783
4313,7814,2026-04-05T14:40:26.596020,B,365
4314,7816,2025-04-23T14:40:26.597411,C,723
4315,7817,2026-08-19T14:40:26.598319,C,101
4316,7818,2026-10-15T14:40:26.598617,A,974
4317,7819,2025-04-09T14:40:26.599272,B,572
4318,7820,2026-04-01T14:40:26.600023,A,12
4319,7827,2024-12-12T14:40:26.603372,B,957
4320,7828,2026-06-29T14:40:26.604182,A,213
4321,7830,2025-08-22T14:40:26.605094,A,387
4322,7831,2026-02-08T14:40:26.605940,A,95
4323,7832,2026-01-06T14:40:26.606583,C,444
4324,7833,2026-04-09T14:40:26.607447,A,401
4325,7835,2026-05-01T14:40:26.609202,A,103
4326,7839,2025-01-30T14:40:26.610729,B,391
4327,7841,2025-06-05T14:40:26.611721,C,13
4328,7843,2025-08-22T14:40:26.612913,A,14
4329,7844,2025-10-06T14:40:26.613770,B,940
4330,7846,2024-10-15T14:40:26.614740,A,82
4331,7847,2024-10-25T14:40:26.615026,B,865
4332,7849,2026-09-26T14:40:26.616124,A,981
4333,7851,2024-10-18T14:40:26.617621,C,1051
4334,7854,2025-03-10T14:40:26.619956,B,18
4335,7857,2025-09-21T14:40:26.621614,A,767
4336,7858,2025-01-10T14:40:26.622199,A,724
4337,7859,2024-11-27T14:40:26.622481,A,496
4338,7861,2026-03-26T14:40:26.623161,A,115
4339,7865,2025-07-18T14:40:26.625632,A,1072
4340,7868,2025-02-12T14:40:26.627240,B,273
4341,7869,2026-06-02T14:40:26.627638,A,112
4342,7870,2025-04-20T14:40:26.628217,A,577
4343,7874,2026-05-14T14:40:26.629879,B,98
4344,7875,2025-12-24T14:40:26.630752,A,208
4345,7878,2026-06-02T14:40:26.633088,A,376
4346,7881,2025-12-20T14:40:26.634921,C,113
4347,7883,2026-12-17T14:40:26.635617,A,430
4348,7884,2026-09-25T14:40:26.636307,C,364
4349,7886,2026-06-16T14:40:26.637497,A,94
4350,7888,2025-05-07T14:40:26.638425,B,974
4351,7890,2026-06-06T14:40:26.640180,C,100
4352,7892,2025-03-03T14:40:26.641443,B,27
4353,7893,2026-03-29T14:40:26.642329,A,593
4354,7894,2025-12-25T14:40:26.642863,C,489
4355,7897,2026-10-31T14:40:26.645005,C,447
4356,7898,2026-09-10T14:40:26.645459,A,497
4357,7900,2025-08-12T14:40:26.646080,C,220
4358,7901,2026-07-15T14:40:26.646917,A,366
4359,7904,2025-08-02T14:40:26.648238,C,613
4360,7905,2026-05-24T14:40:26.648515,A,118
4361,7912,2026-10-15T14:40:26.652126,A,108
4362,7913,2025-10-03T14:40:26.652429,A,404
4363,7914,2026-10-13T14:40:26.652859,C,710
4364,7916,2025-08-30T14:40:26.654038,C,15
4365,7917,2026-03-29T14:40:26.654503,A,693
4366,7918,2026-07-25T14:40:26.655391,C,475
4367,7920,2025-02-23T14:40:26.656328,B,332
4368,7921,2025-07-01T14:40:26.657065,C,861
4369,7922,2025-07-22T14:40:26.657560,C,430
4370,7923,2025-02-23T14:40:26.657884,A,463
4371,7925,2025-04-24T14:40:26.658947,A,343
4372,7927,2026-10-16T14:40:26.660611,A,105
4373,7928,2026-08-06T14:40:26.661074,A,109
4374,7929,2025-05-12T14:40:26.661491,C,82
4375,7931,2025-09-09T14:40:26.662983,A,656
4376,7933,2026-03-14T14:40:26.664935,A,365
4377,7936,2025-11-21T14:40:26.667382,B,497
4378,7937,2026-03-02T14:40:26.667707,C,728
4379,7938,2025-09-04T14:40:26.668036,A,1019
4380,7939,2026-04-11T14:40:26.668874,A,329
4381,7940,2026-01-12T14:40:26.669150,B,120
4382,7943,2025-06-25T14:40:26.671330,A,678
4383,7944,2026-02-25T14:40:26.672308,A,357
4384,7945,2025-09-20T14:40:26.673227,A,367
4385,7947,2025-12-05T14:40:26.674589,B,725
4386,7949,2026-07-11T14:40:26.676078,A,96
4387,7952,2026-09-01T14:40:26.678056,B,5
4388,7953,2026-09-01T14:40:26.678953,A,1032
4389,7954,2025-02-14T14:40:26.679414,A,744
4390,7955,2026-05-12T14:40:26.679734,A,136
4391,7957,2025-01-12T14:40:26.680858,B,380
4392,7958,2025-09-22T14:40:26.681584,C,31
4393,7964,2024-12-12T14:40:26.684308,C,514
4394,7965,2026-09-03T14:40:26.684875,C,99
4395,7966,2026-04-24T14:40:26.685765,A,983
4396,7971,2026-06-23T14:40:26.689242,B,116
4397,7973,2024-12-12T14:40:26.690084,A,374
4398,7974,2024-12-18T14:40:26.690853,C,328
4399,7975,2026-07-30T14:40:26.691326,A,116
4400,7980,2025-01-24T14:40:26.694267,A,118
4401,7981,2024-12-13T14:40:26.694810,C,107
4402,7986,2026-04-18T14:40:26.698222,B,112
4403,7987,2026-04-21T14:40:26.698742,C,1000
4404,7989,2025-12-26T14:40:26.699605,C,135
4405,7992,2026-05-27T14:40:26.701900,B,113
4406,7999,2025-03-23T14:40:26.706225,C,104
4407,8001,2026-07-14T14:40:26.707523,A,115
4408,8004,2025-11-21T14:40:26.709308,A,93
4409,8005,2026-08-07T14:40:26.709656,A,102
4410,8006,2025-01-13T14:40:26.710512,A,287
4411,8007,2026-09-04T14:40:26.711344,C,98
4412,8013,2025-06-04T14:40:26.714661,B,128
4413,8014,2026-08-11T14:40:26.714965,A,112
4414,8015,2025-11-16T14:40:26.715917,A,114
4415,8016,2024-12-10T14:40:26.716219,C,848
4416,8019,2025-02-06T14:40:26.717620,A,297
4417,8020,2026-06-12T14:40:26.718280,C,116
4418,8021,2026-07-13T14:40:26.718844,A,120
4419,8024,2026-10-03T14:40:26.720688,B,103
4420,8026,2026-08-12T14:40:26.721693,A,117
4421,8031,2025-06-12T14:40:26.725566,B,561
4422,8032,2025-07-17T14:40:26.726591,A,706
4423,8034,2025-09-24T14:40:26.728044,B,463
4424,8035,2026-05-30T14:40:26.728336,A,98
4425,8036,2025-02-21T14:40:26.729071,C,112
4426,8037,2025-08-17T14:40:26.729361,C,926
4427,8040,2024-10-29T14:40:26.731325,A,414
4428,8041,2026-07-25T14:40:26.732354,C,98
4429,8042,2025-10-23T14:40:26.732703,C,116
4430,8043,2025-03-29T14:40:26.733109,A,439
4431,8044,2025-06-06T14:40:26.734126,B,1066
4432,8047,2026-07-22T14:40:26.737042,A,466
4433,8048,2025-12-18T14:40:26.737774,C,616
4434,8050,2026-10-24T14:40:26.739373,A,637
4435,8052,2026-04-08T14:40:26.740871,A,226
4436,8058,2024-12-23T14:40:26.744806,C,116
4437,8060,2025-07-27T14:40:26.745837,B,589
4438,8062,2025-03-10T14:40:26.746278,C,660
4439,8068,2026-04-08T14:40:26.750312,B,1055
4440,8071,2026-02-10T14:40:26.751249,C,214
4441,8073,2026-06-22T14:40:26.752757,A,68
4442,8074,2026-03-09T14:40:26.753283,A,107
4443,8075,2025-06-20T14:40:26.753672,B,180
4444,8076,2026-03-21T14:40:26.754499,A,1066
4445,8077,2025-02-08T14:40:26.755089,A,100
4446,8084,2025-05-11T14:40:26.758926,B,896
4447,8085,2025-05-20T14:40:26.759913,C,703
4448,8091,2025-05-05T14:40:26.763351,C,479
4449,8093,2024-11-21T14:40:26.764231,A,1047
4450,8095,2026-08-11T14:40:26.765572,A,737
4451,8096,2025-12-31T14:40:26.766509,A,975
4452,8097,2026-08-16T14:40:26.766988,B,114
4453,8098,2026-10-10T14:40:26.767972,A,97
4454,8099,2025-06-03T14:40:26.768719,A,425
4455,8103,2025-10-06T14:40:26.770184,A,107
4456,8105,2026-01-11T14:40:26.771070,C,437
4457,8106,2026-07-01T14:40:26.771623,A,97
4458,8107,2025-06-07T14:40:26.772379,A,115
4459,8108,2026-01-13T14:40:26.773358,A,9
4460,8111,2026-07-03T14:40:26.775464,A,94
4461,8112,2026-05-25T14:40:26.776115,B,793
4462,8116,2026-07-15T14:40:26.778670,A,119
4463,8117,2025-08-30T14:40:26.779777,B,1043
4464,8118,2025-10-16T14:40:26.780804,B,201
4465,8119,2025-12-16T14:40:26.782696,B,60
4466,8120,2024-12-08T14:40:26.783281,B,336
4467,8122,2025-08-27T14:40:26.787439,B,110
4468,8124,2025-03-24T14:40:26.790711,B,103
4469,8125,2026-05-15T14:40:26.791896,C,105
4470,8126,2026-08-14T14:40:26.793447,C,837
4471,8128,2025-05-15T14:40:26.795152,C,109
4472,8129,2025-04-06T14:40:26.796368,B,84
4473,8131,2025-08-01T14:40:26.799012,C,6
4474,8132,2026-10-29T14:40:26.800166,B,76
4475,8133,2024-11-28T14:40:26.801771,B,109
4476,8135,2026-07-21T14:40:26.805074,A,338
4477,8137,2026-09-09T14:40:26.806753,B,100
4478,8138,2026-05-23T14:40:26.808345,C,117
4479,8141,2025-08-02T14:40:26.812574,A,766
4480,8143,2026-11-20T14:40:26.813274,A,95
4481,8145,2026-03-28T14:40:26.815361,B,110
4482,8146,2025-09-04T14:40:26.815989,A,120
4483,8147,2026-01-24T14:40:26.816741,C,280
4484,8148,2025-02-05T14:40:26.817463,A,1039
4485,8149,2026-03-04T14:40:26.817949,B,94
4486,8153,2026-08-11T14:40:26.820458,A,170
4487,8154,2026-05-24T14:40:26.821138,C,598
4488,8156,2026-09-02T14:40:26.822184,B,376
4489,8157,2026-02-26T14:40:26.822908,C,137
4490,8160,2025-12-13T14:40:26.825128,C,79
4491,8162,2026-03-07T14:40:26.826753,C,424
4492,8163,2026-11-24T14:40:26.827353,C,106
4493,8164,2026-06-19T14:40:26.828397,A,107
4494,8165,2026-04-11T14:40:26.829171,C,759
4495,8168,2025-10-06T14:40:26.830856,B,113
4496,8170,2026-09-11T14:40:26.832121,A,78
4497,8173,2025-12-14T14:40:26.833834,A,20
4498,8174,2026-07-17T14:40:26.834354,A,112
4499,8175,2026-03-05T14:40:26.834668,A,104
4500,8176,2026-05-07T14:40:26.835392,A,102
4501,8178,2024-10-14T14:40:26.836355,A,920
4502,8180,2025-07-07T14:40:26.837390,A,38
4503,8183,2025-10-12T14:40:26.839419,A,239
4504,8184,2024-12-24T14:40:26.840232,A,1061
4505,8185,2026-07-16T14:40:26.840952,A,106
4506,8187,2026-06-05T14:40:26.841915,A,100
4507,8189,2026-10-10T14:40:26.843071,B,98
4508,8190,2025-02-11T14:40:26.843354,A,539
4509,8192,2025-01-28T14:40:26.844976,B,93
4510,8193,2026-12-20T14:40:26.845563,C,105
4511,8194,2026-02-28T14:40:26.846252,A,806
4512,8196,2026-06-17T14:40:26.847664,B,103
4513,8197,2026-06-13T14:40:26.848016,C,109
4514,8198,2025-10-07T14:40:26.848311,C,835
4515,8199,2026-12-17T14:40:26.849053,A,120
4516,8200,2025-06-07T14:40:26.849503,A,411
4517,8201,2025-12-18T14:40:26.849848,A,453
4518,8203,2025-08-11T14:40:26.851106,A,14
4519,8205,2025-06-15T14:40:26.852430,A,465
4520,8207,2026-03-22T14:40:26.853734,A,114
4521,8209,2026-10-08T14:40:26.855050,A,1037
4522,8210,2026-05-26T14:40:26.856082,A,788
4523,8211,2026-08-27T14:40:26.856407,A,458
4524,8212,2026-07-23T14:40:26.857146,A,902
4525,8213,2026-04-09T14:40:26.857973,B,102
4526,8215,2025-11-03T14:40:26.859000,A,515
4527,8217,2025-09-11T14:40:26.860256,B,104
4528,8218,2026-09-15T14:40:26.860810,A,363
4529,8220,2026-09-25T14:40:26.861776,A,93
4530,8223,2026-05-04T14:40:26.863486,A,119
4531,8224,2025-04-10T14:40:26.864511,A,8
4532,8225,2025-07-10T14:40:26.864878,A,108
4533,8227,2026-04-26T14:40:26.865888,B,107
4534,8228,2026-07-15T14:40:26.866175,C,778
4535,8229,2024-12-28T14:40:26.866449,A,589
4536,8232,2025-07-10T14:40:26.868810,A,15
4537,8233,2025-12-14T14:40:26.869295,C,297
4538,8234,2026-04-04T14:40:26.869618,A,97
4539,8235,2025-05-16T14:40:26.870655,C,337
4540,8236,2026-06-24T14:40:26.871161,A,103
4541,8237,2025-05-23T14:40:26.871420,A,1068
4542,8238,2026-09-08T14:40:26.871780,C,799
4543,8241,2026-07-11T14:40:26.872524,C,7
4544,8242,2024-11-03T14:40:26.873423,A,725
4545,8243,2026-09-10T14:40:26.873947,A,114
4546,8245,2025-07-01T14:40:26.875506,C,206
4547,8247,2025-05-29T14:40:26.876878,C,106
4548,8248,2025-07-09T14:40:26.877571,A,84
4549,8250,2026-08-16T14:40:26.878352,C,117
4550,8251,2026-07-19T14:40:26.878884,A,105
4551,8252,2026-02-27T14:40:26.879347,A,394
4552,8253,2025-04-20T14:40:26.880350,C,664
4553,8255,2025-05-05T14:40:26.881993,A,103
4554,8257,2026-08-08T14:40:26.883754,A,118
4555,8258,2025-01-16T14:40:26.884112,A,624
4556,8259,2025-07-12T14:40:26.884563,C,562
4557,8260,2024-11-20T14:40:26.885020,B,112
4558,8261,2025-10-26T14:40:26.885798,B,114
4559,8262,2026-06-10T14:40:26.886486,B,831
4560,8264,2025-06-27T14:40:26.888018,A,37
4561,8266,2026-01-01T14:40:26.889579,A,975
4562,8270,2026-03-20T14:40:26.892867,B,917
4563,8274,2026-08-31T14:40:26.896190,C,120
4564,8275,2026-12-15T14:40:26.896485,A,900
4565,8276,2026-07-06T14:40:26.897024,B,93
4566,8277,2025-04-26T14:40:26.897746,A,799
4567,8280,2025-09-12T14:40:26.898992,B,39
4568,8281,2025-06-04T14:40:26.899938,B,200
4569,8285,2026-06-15T14:40:26.902276,C,115
4570,8286,2025-11-16T14:40:26.902576,A,849
4571,8287,2026-01-09T14:40:26.902887,A,98
4572,8288,2024-12-09T14:40:26.903385,A,110
4573,8289,2025-04-06T14:40:26.903704,B,490
4574,8292,2025-08-02T14:40:26.905862,A,93
4575,8293,2024-12-22T14:40:26.906471,B,842
4576,8295,2026-05-22T14:40:26.907922,A,314
4577,8298,2025-12-14T14:40:26.909260,B,297
4578,8301,2026-08-14T14:40:26.911049,C,73
4579,8305,2025-02-01T14:40:26.913910,A,977
4580,8306,2026-03-11T14:40:26.914195,C,97
4581,8307,2026-01-19T14:40:26.914712,C,123
4582,8308,2026-07-24T14:40:26.915671,C,191
4583,8309,2025-12-17T14:40:26.916570,C,107
4584,8311,2026-07-03T14:40:26.917440,C,565
4585,8313,2026-05-03T14:40:26.918630,C,105
4586,8318,2025-12-09T14:40:26.922225,C,323
4587,8321,2025-11-01T14:40:26.924075,C,531
4588,8324,2025-08-08T14:40:26.926198,A,102
4589,8325,2025-07-29T14:40:26.926461,A,1068
4590,8326,2025-06-07T14:40:26.927252,A,973
4591,8327,2025-11-30T14:40:26.928065,A,117
4592,8331,2026-10-11T14:40:26.930562,A,1
4593,8333,2025-02-03T14:40:26.931738,A,183
4594,8337,2026-01-18T14:40:26.933755,C,378
4595,8340,2026-06-04T14:40:26.935800,B,93
4596,8342,2026-04-22T14:40:26.937222,A,107
4597,8343,2026-01-28T14:40:26.937827,B,977
4598,8344,2026-10-30T14:40:26.938309,A,109
4599,8345,2025-05-01T14:40:26.938822,A,77
4600,8349,2025-09-08T14:40:26.942154,A,96
4601,8350,2025-09-29T14:40:26.943179,C,100
4602,8351,2025-09-17T14:40:26.944212,B,1072
4603,8352,2025-01-22T14:40:26.945024,A,317
4604,8354,2026-08-16T14:40:26.946102,B,899
4605,8355,2025-07-29T14:40:26.946970,C,181
4606,8358,2026-03-13T14:40:26.948938,A,1042
4607,8360,2025-11-04T14:40:26.950078,A,98
4608,8361,2025-06-18T14:40:26.950630,A,93
4609,8362,2026-01-31T14:40:26.951517,A,460
4610,8363,2024-11-19T14:40:26.952382,A,328
4611,8364,2025-09-16T14:40:26.952721,C,64
4612,8366,2025-11-28T14:40:26.953968,A,44
4613,8367,2026-08-15T14:40:26.954462,A,739
4614,8368,2026-03-08T14:40:26.955113,A,91
4615,8370,2025-01-17T14:40:26.956285,A,59
4616,8373,2025-04-02T14:40:26.958703,C,217
4617,8374,2025-04-30T14:40:26.959205,A,95
4618,8375,2025-08-30T14:40:26.960189,A,107
4619,8376,2026-10-23T14:40:26.960463,A,119
4620,8388,2026-01-21T14:40:26.966947,C,94
4621,8390,2026-01-07T14:40:26.968301,A,719
4622,8392,2026-10-26T14:40:26.970207,C,113
4623,8393,2026-03-08T14:40:26.970926,A,833
4624,8395,2025-08-18T14:40:26.972042,C,112
4625,8396,2025-10-26T14:40:26.972806,B,16
4626,8400,2026-08-10T14:40:26.975029,C,1009
4627,8403,2025-02-26T14:40:26.976845,B,273
4628,8404,2026-04-27T14:40:26.977594,A,107
4629,8405,2026-08-31T14:40:26.978565,C,97
4630,8406,2025-02-23T14:40:26.980066,B,117
4631,8407,2026-07-29T14:40:26.981174,C,300
4632,8408,2026-05-01T14:40:26.981483,B,869
4633,8411,2026-09-09T14:40:26.983795,C,990
4634,8412,2026-06-09T14:40:26.984892,A,469
4635,8414,2026-10-13T14:40:26.986016,C,485
4636,8416,2026-05-19T14:40:26.986726,A,95
4637,8418,2025-08-11T14:40:26.988278,B,79
4638,8419,2025-11-10T14:40:26.989030,B,895
4639,8420,2026-04-18T14:40:26.989481,C,992
4640,8421,2025-12-06T14:40:26.989945,B,888
4641,8422,2026-12-07T14:40:26.990254,A,111
4642,8424,2025-04-08T14:40:26.991910,A,65
4643,8425,2026-04-25T14:40:26.992876,B,380
4644,8428,2025-10-12T14:40:26.995077,C,104
4645,8429,2025-05-20T14:40:26.995909,C,493
4646,8434,2025-12-31T14:40:26.998957,A,334
4647,8436,2025-02-04T14:40:27.000609,A,205
4648,8438,2024-10-28T14:40:27.001454,A,421
4649,8439,2026-05-08T14:40:27.001785,B,924
4650,8441,2026-01-13T14:40:27.002912,A,348
4651,8442,2026-08-20T14:40:27.003218,C,12
4652,8443,2026-06-15T14:40:27.004035,C,119
4653,8444,2026-08-20T14:40:27.004831,A,111
4654,8445,2026-01-08T14:40:27.005124,C,916
4655,8452,2025-10-25T14:40:27.008992,A,113
4656,8454,2026-01-12T14:40:27.010339,C,125
4657,8455,2025-02-21T14:40:27.010706,B,395
4658,8456,2026-02-17T14:40:27.011212,C,337
4659,8458,2026-03-05T14:40:27.012489,C,91
4660,8459,2026-01-25T14:40:27.013001,C,296
4661,8460,2025-03-16T14:40:27.013478,C,1022
4662,8461,2026-04-18T14:40:27.014208,A,97
4663,8462,2026-03-02T14:40:27.014964,A,369
4664,8464,2025-07-16T14:40:27.016641,C,425
4665,8465,2025-12-30T14:40:27.017171,A,143
4666,8466,2026-08-10T14:40:27.018112,C,110
4667,8473,2025-11-03T14:40:27.022624,A,669
4668,8475,2025-12-16T14:40:27.023734,A,8
4669,8479,2025-03-26T14:40:27.025761,A,171
4670,8481,2026-01-19T14:40:27.026843,A,96
4671,8482,2026-10-22T14:40:27.027816,C,10
4672,8485,2026-04-28T14:40:27.029954,A,226
4673,8486,2025-10-14T14:40:27.030452,A,473
4674,8487,2026-10-10T14:40:27.030798,B,104
4675,8488,2026-04-17T14:40:27.031292,A,218
4676,8490,2025-12-13T14:40:27.033090,C,932
4677,8493,2025-06-26T14:40:27.035119,B,82
4678,8494,2025-01-03T14:40:27.036161,A,88
4679,8496,2026-05-28T14:40:27.037189,A,798
4680,8500,2025-08-02T14:40:27.039642,C,258
4681,8501,2026-07-28T14:40:27.040166,A,35
4682,8502,2026-02-06T14:40:27.040643,A,393
4683,8505,2026-06-28T14:40:27.044102,C,949
4684,8509,2024-09-16T14:40:27.046095,A,328
4685,8512,2026-09-10T14:40:27.047918,C,118
4686,8513,2025-01-24T14:40:27.048219,A,733
4687,8514,2024-10-10T14:40:27.049218,C,11
4688,8515,2026-06-04T14:40:27.050094,A,97
4689,8516,2025-06-15T14:40:27.050398,B,106
4690,8517,2026-04-08T14:40:27.051002,A,522
4691,8518,2026-08-31T14:40:27.051890,B,714
4692,8520,2024-12-17T14:40:27.053320,C,113
4693,8523,2026-04-14T14:40:27.055324,A,7
4694,8524,2025-06-17T14:40:27.056348,B,226
4695,8528,2025-02-04T14:40:27.058713,C,836
4696,8529,2025-01-01T14:40:27.060523,A,8
4697,8530,2026-03-12T14:40:27.061754,C,705
4698,8532,2025-06-26T14:40:27.063057,B,739
4699,8533,2026-12-05T14:40:27.063635,C,232
4700,8534,2026-02-26T14:40:27.064240,A,112
4701,8536,2026-07-29T14:40:27.066154,A,98
4702,8539,2024-12-18T14:40:27.068113,A,451
4703,8540,2025-09-10T14:40:27.068675,B,95
4704,8541,2026-09-25T14:40:27.069227,C,959
4705,8542,2025-03-18T14:40:27.069820,A,100
4706,8544,2026-07-18T14:40:27.070711,A,111
4707,8545,2025-01-27T14:40:27.071564,A,950
4708,8549,2026-04-03T14:40:27.074855,B,469
4709,8550,2026-03-17T14:40:27.075377,B,500
4710,8552,2026-02-07T14:40:27.077270,A,120
4711,8553,2025-10-23T14:40:27.077838,B,103
4712,8556,2024-11-09T14:40:27.080218,A,707
4713,8558,2025-06-11T14:40:27.081165,A,352
4714,8560,2025-03-09T14:40:27.082665,A,88
4715,8561,2025-01-19T14:40:27.082993,C,13
4716,8563,2025-02-25T14:40:27.084949,A,343
4717,8565,2026-08-04T14:40:27.086808,A,976
4718,8567,2026-06-11T14:40:27.088712,B,98
4719,8569,2025-07-21T14:40:27.089891,C,862
4720,8571,2026-06-21T14:40:27.091054,A,119
4721,8572,2025-03-07T14:40:27.092313,A,95
4722,8574,2026-08-12T14:40:27.093663,A,96
4723,8575,2026-04-13T14:40:27.094408,A,817
4724,8578,2026-04-08T14:40:27.096425,C,66
4725,8579,2026-03-15T14:40:27.097079,A,698
4726,8581,2025-01-13T14:40:27.098634,A,931
4727,8584,2025-06-02T14:40:27.099870,C,38
4728,8585,2025-04-28T14:40:27.100900,A,116
4729,8586,2026-01-28T14:40:27.101595,C,1053
4730,8587,2025-05-31T14:40:27.102560,C,475
4731,8588,2026-04-25T14:40:27.103103,A,110
4732,8589,2025-03-21T14:40:27.104050,C,944
4733,8590,2025-09-16T14:40:27.104901,A,103
4734,8591,2026-08-26T14:40:27.105460,C,100
4735,8593,2026-06-15T14:40:27.106656,A,747
4736,8595,2026-08-06T14:40:27.108045,C,27
4737,8596,2026-08-31T14:40:27.108940,A,374
4738,8598,2025-09-30T14:40:27.109823,A,101
4739,8601,2025-04-04T14:40:27.111717,A,1072
4740,8603,2026-04-28T14:40:27.113320,C,757
4741,8605,2026-06-15T14:40:27.115102,C,98
4742,8607,2025-01-26T14:40:27.116947,A,38
4743,8609,2025-01-02T14:40:27.118089,C,596
4744,8610,2025-11-03T14:40:27.119247,C,115
4745,8614,2026-09-23T14:40:27.121733,A,134
4746,8615,2026-11-27T14:40:27.122576,C,87
4747,8618,2024-12-03T14:40:27.124855,A,671
4748,8619,2024-11-20T14:40:27.125378,A,119
4749,8620,2025-07-28T14:40:27.126171,A,99
4750,8621,2025-07-08T14:40:27.127255,B,535
4751,8623,2026-02-08T14:40:27.129056,A,393
4752,8625,2026-10-18T14:40:27.130376,A,992
4753,8627,2025-11-30T14:40:27.131065,A,56
4754,8628,2025-07-12T14:40:27.132090,C,67
4755,8630,2026-07-14T14:40:27.133744,C,307
4756,8632,2025-10-04T14:40:27.134597,B,742
4757,8633,2025-11-08T14:40:27.135372,B,108
4758,8640,2025-10-22T14:40:27.139708,A,111
4759,8644,2025-05-21T14:40:27.141861,B,129
4760,8647,2026-08-29T14:40:27.143696,A,95
4761,8648,2025-08-18T14:40:27.144519,B,483
4762,8649,2026-04-17T14:40:27.145433,A,113
4763,8650,2026-03-09T14:40:27.145807,B,512
4764,8651,2025-08-04T14:40:27.146900,A,94
4765,8652,2025-09-16T14:40:27.147976,B,109
4766,8653,2025-07-06T14:40:27.148818,C,73
4767,8654,2025-11-14T14:40:27.149650,B,112
4768,8655,2026-05-11T14:40:27.150396,B,71
4769,8656,2025-04-01T14:40:27.150740,A,90
4770,8659,2026-06-26T14:40:27.152787,C,98
4771,8660,2026-02-17T14:40:27.153334,A,726
4772,8661,2026-10-06T14:40:27.153693,A,57
4773,8664,2026-05-05T14:40:27.156757,C,106
4774,8665,2026-08-08T14:40:27.156905,C,109
4775,8666,2025-08-31T14:40:27.157757,A,280
4776,8668,2025-11-07T14:40:27.158963,B,8
4777,8670,2025-03-30T14:40:27.160588,B,11
4778,8672,2025-01-01T14:40:27.161956,B,736
4779,8673,2024-10-10T14:40:27.162957,A,113
4780,8674,2026-04-12T14:40:27.163910,B,229
4781,8676,2025-11-24T14:40:27.165831,A,112
4782,8677,2026-10-24T14:40:27.166803,A,94
4783,8678,2026-04-01T14:40:27.167110,B,899
4784,8679,2026-10-18T14:40:27.167417,C,576
4785,8680,2025-07-11T14:40:27.167780,A,107
4786,8682,2026-06-04T14:40:27.168996,A,235
4787,8685,2026-12-07T14:40:27.170138,A,416
4788,8687,2026-05-01T14:40:27.171706,B,100
4789,8689,2026-09-13T14:40:27.173075,A,117
4790,8690,2026-06-26T14:40:27.174105,C,101
4791,8691,2026-09-20T14:40:27.174902,A,112
4792,8692,2025-12-17T14:40:27.175766,A,354
4793,8693,2025-04-07T14:40:27.176135,A,9
4794,8694,2025-01-09T14:40:27.176940,A,327
4795,8695,2025-06-19T14:40:27.177437,A,435
4796,8698,2025-03-11T14:40:27.179299,A,718
4797,8699,2025-01-10T14:40:27.180392,B,276
4798,8702,2025-04-27T14:40:27.182344,A,106
4799,8704,2026-04-22T14:40:27.183720,B,233
4800,8706,2025-06-22T14:40:27.185618,B,534
4801,8707,2025-09-27T14:40:27.185945,B,302
4802,8709,2026-04-16T14:40:27.186816,C,653
4803,8712,2026-08-04T14:40:27.189348,A,691
4804,8713,2025-05-18T14:40:27.189932,B,66
4805,8715,2026-04-10T14:40:27.190803,C,1042
4806,8716,2026-08-13T14:40:27.192205,C,115
4807,8718,2025-08-13T14:40:27.193097,C,502
4808,8720,2025-10-31T14:40:27.194368,B,456
4809,8721,2025-06-03T14:40:27.195561,C,96
4810,8724,2026-09-30T14:40:27.196850,B,105
4811,8725,2026-04-21T14:40:27.197886,A,866
4812,8726,2025-02-17T14:40:27.198217,A,1
4813,8728,2026-01-17T14:40:27.199959,B,718
4814,8730,2026-06-05T14:40:27.201920,A,18
4815,8734,2025-06-16T14:40:27.204341,B,949
4816,8736,2026-04-29T14:40:27.206057,A,709
4817,8737,2026-09-22T14:40:27.206749,B,119
4818,8739,2025-01-09T14:40:27.207938,A,863
4819,8744,2025-04-12T14:40:27.211755,C,1038
4820,8746,2025-09-25T14:40:27.213015,A,274
4821,8747,2026-09-21T14:40:27.213843,A,860
4822,8751,2025-07-20T14:40:27.215930,C,137
4823,8752,2026-07-30T14:40:27.216973,A,103
4824,8753,2026-05-17T14:40:27.217999,A,558
4825,8755,2024-08-31T14:40:27.219105,A,74
4826,8756,2026-05-01T14:40:27.219955,A,96
4827,8758,2026-09-18T14:40:27.221300,A,317
4828,8764,2025-04-26T14:40:27.226145,B,54
4829,8765,2026-05-12T14:40:27.226763,A,881
4830,8766,2025-05-04T14:40:27.227508,A,74
4831,8768,2026-05-28T14:40:27.229139,C,117
4832,8769,2025-05-03T14:40:27.229466,C,972
4833,8770,2025-07-19T14:40:27.230484,A,1013
4834,8772,2025-02-18T14:40:27.231896,A,369
4835,8774,2026-09-08T14:40:27.234052,A,19
4836,8776,2025-07-09T14:40:27.236294,A,104
4837,8777,2026-09-05T14:40:27.236675,A,101
4838,8778,2026-02-04T14:40:27.237224,A,94
4839,8780,2025-04-01T14:40:27.238392,A,161
4840,8785,2025-08-08T14:40:27.240627,A,114
4841,8786,2026-10-03T14:40:27.241293,A,120
4842,8787,2025-02-22T14:40:27.242121,B,945
4843,8788,2026-01-11T14:40:27.243215,A,107
4844,8789,2025-03-31T14:40:27.243818,B,93
4845,8791,2025-04-15T14:40:27.245461,C,491
4846,8792,2025-03-09T14:40:27.246625,B,110
4847,8793,2026-10-20T14:40:27.247433,A,222
4848,8796,2025-01-23T14:40:27.251629,C,351
4849,8797,2026-06-27T14:40:27.252569,C,356
4850,8800,2025-08-07T14:40:27.254711,A,101
4851,8801,2025-04-09T14:40:27.255294,B,104
4852,8802,2026-03-19T14:40:27.256442,B,96
4853,8803,2026-01-10T14:40:27.257027,B,512
4854,8805,2026-06-17T14:40:27.258396,A,96
4855,8807,2025-11-26T14:40:27.260485,B,101
4856,8809,2026-04-30T14:40:27.261885,B,36
4857,8811,2026-12-11T14:40:27.263164,C,95
4858,8814,2026-02-01T14:40:27.266004,C,134
4859,8816,2026-11-27T14:40:27.267369,A,125
4860,8818,2026-01-04T14:40:27.268333,A,97
4861,8821,2026-10-10T14:40:27.270077,A,93
4862,8823,2025-05-17T14:40:27.271285,C,133
4863,8824,2025-05-03T14:40:27.271661,B,721
4864,8825,2025-05-21T14:40:27.272033,A,908
4865,8826,2025-11-14T14:40:27.273089,A,98
4866,8828,2026-08-08T14:40:27.274097,A,96
4867,8829,2026-11-07T14:40:27.274397,A,86
4868,8832,2025-02-24T14:40:27.276101,A,83
4869,8834,2025-10-23T14:40:27.277141,C,318
4870,8835,2025-12-06T14:40:27.278059,B,457
4871,8836,2025-08-15T14:40:27.278759,B,928
4872,8838,2026-07-24T14:40:27.281126,C,103
4873,8845,2026-04-28T14:40:27.285081,C,152
4874,8846,2025-12-18T14:40:27.285922,A,291
4875,8847,2025-11-07T14:40:27.286213,A,297
4876,8849,2024-11-26T14:40:27.287358,A,524
4877,8852,2026-09-12T14:40:27.289183,B,1062
4878,8854,2026-02-05T14:40:27.290769,B,82
4879,8856,2025-08-16T14:40:27.293059,B,586
4880,8859,2026-11-01T14:40:27.295137,B,110
4881,8860,2025-03-26T14:40:27.296335,C,852
4882,8861,2026-08-08T14:40:27.297387,A,23
4883,8862,2025-01-06T14:40:27.297749,C,16
4884,8863,2025-06-02T14:40:27.298520,A,162
4885,8866,2025-05-18T14:40:27.301885,A,300
4886,8870,2026-12-12T14:40:27.303709,A,110
4887,8871,2026-05-05T14:40:27.304351,A,120
4888,8873,2026-07-21T14:40:27.305778,C,108
4889,8874,2025-08-18T14:40:27.306798,C,116
4890,8875,2026-05-26T14:40:27.307323,B,925
4891,8876,2026-06-20T14:40:27.308458,A,892
4892,8878,2026-08-24T14:40:27.309916,B,51
4893,8886,2025-11-10T14:40:27.315217,A,75
4894,8887,2026-04-02T14:40:27.316154,A,1031
4895,8890,2026-01-26T14:40:27.317425,B,68
4896,8894,2025-10-22T14:40:27.320397,A,682
4897,8896,2025-04-28T14:40:27.322226,C,695
4898,8897,2026-11-01T14:40:27.322596,B,113
4899,8899,2026-04-27T14:40:27.323948,A,118
4900,8900,2026-07-20T14:40:27.324278,A,120
4901,8901,2026-01-08T14:40:27.324638,B,63
4902,8902,2026-06-26T14:40:27.324976,A,755
4903,8904,2025-01-31T14:40:27.326693,A,20
4904,8907,2026-09-08T14:40:27.328659,A,857
4905,8910,2026-01-29T14:40:27.329975,A,11
4906,8911,2026-11-16T14:40:27.330293,B,109
4907,8913,2025-07-19T14:40:27.331811,A,106
4908,8916,2025-05-03T14:40:27.334215,A,234
4909,8919,2025-03-17T14:40:27.335818,A,713
4910,8920,2025-07-23T14:40:27.336008,A,8
4911,8921,2025-06-15T14:40:27.336849,C,18
4912,8922,2026-01-10T14:40:27.337173,A,421
4913,8926,2024-09-27T14:40:27.339044,A,824
4914,8929,2026-01-22T14:40:27.341023,A,117
4915,8931,2026-10-18T14:40:27.342163,A,573
4916,8932,2025-08-03T14:40:27.342972,A,384
4917,8933,2024-12-10T14:40:27.343295,B,458
4918,8934,2025-03-27T14:40:27.343991,A,114
4919,8936,2025-02-26T14:40:27.345456,A,360
4920,8937,2024-10-25T14:40:27.346185,C,95
4921,8938,2026-10-22T14:40:27.347186,B,1049
4922,8939,2025-01-22T14:40:27.347771,A,993
4923,8940,2026-04-05T14:40:27.348165,B,101
4924,8943,2025-01-08T14:40:27.349249,C,97
4925,8944,2025-11-26T14:40:27.349964,A,787
4926,8946,2025-04-19T14:40:27.350946,C,814
4927,8948,2026-08-06T14:40:27.351896,A,64
4928,8949,2025-06-08T14:40:27.352230,C,720
4929,8953,2026-03-25T14:40:27.354596,A,57
4930,8954,2025-04-19T14:40:27.354941,A,87
4931,8955,2025-05-29T14:40:27.355243,B,861
4932,8956,2025-11-10T14:40:27.356775,B,422
4933,8961,2025-01-24T14:40:27.359737,A,947
4934,8962,2026-03-15T14:40:27.360198,C,234
4935,8964,2026-06-15T14:40:27.361643,A,94
4936,8965,2026-07-26T14:40:27.362268,C,100
4937,8966,2026-12-08T14:40:27.362651,A,94
4938,8967,2026-09-01T14:40:27.363435,C,115
4939,8968,2026-03-25T14:40:27.364340,C,94
4940,8969,2024-12-29T14:40:27.364731,A,642
4941,8975,2026-06-02T14:40:27.368673,B,116
4942,8976,2026-05-07T14:40:27.369992,A,95
4943,8977,2024-10-06T14:40:27.370375,C,667
4944,8978,2025-05-06T14:40:27.371026,A,793
4945,8981,2026-08-26T14:40:27.373330,A,111
4946,8985,2025-12-29T14:40:27.375722,A,110
4947,8987,2026-07-08T14:40:27.377398,A,105
4948,8988,2026-06-19T14:40:27.378113,C,100
4949,8989,2025-03-07T14:40:27.379130,C,210
4950,8990,2026-02-28T14:40:27.380324,A,703
4951,8991,2026-05-17T14:40:27.381255,A,234
4952,8995,2026-04-10T14:40:27.384681,C,351
4953,8996,2025-03-22T14:40:27.385758,C,954
4954,8997,2025-11-30T14:40:27.386350,A,312
4955,9000,2026-05-19T14:40:27.389292,A,852
4956,9005,2025-10-20T14:40:27.392230,A,367
4957,9006,2026-09-14T14:40:27.393199,C,957
4958,9007,2026-12-07T14:40:27.393636,A,115
4959,9008,2025-11-29T14:40:27.394574,C,483
4960,9010,2026-02-11T14:40:27.395436,C,21
4961,9011,2025-10-24T14:40:27.396593,B,78
4962,9015,2026-06-22T14:40:27.399305,C,109
4963,9017,2026-09-10T14:40:27.400891,A,104
4964,9019,2025-06-24T14:40:27.401760,A,920
4965,9020,2025-06-17T14:40:27.402591,A,417
4966,9022,2025-09-21T14:40:27.403714,A,45
4967,9023,2025-08-31T14:40:27.404629,C,100
4968,9024,2025-04-04T14:40:27.405607,B,312
4969,9025,2026-04-07T14:40:27.406416,A,172
4970,9027,2025-10-10T14:40:27.407469,C,1014
4971,9029,2026-09-03T14:40:27.408740,B,1038
4972,9031,2026-07-26T14:40:27.410631,C,948
4973,9032,2026-07-07T14:40:27.410971,A,110
4974,9033,2025-08-19T14:40:27.411682,B,930
4975,9034,2025-12-05T14:40:27.412579,B,711
4976,9037,2026-09-27T14:40:27.414351,C,116
4977,9039,2024-10-29T14:40:27.415458,C,420
4978,9040,2026-07-11T14:40:27.416618,A,437
4979,9041,2026-05-21T14:40:27.417673,B,966
4980,9043,2024-10-06T14:40:27.418841,C,3
4981,9046,2025-03-29T14:40:27.421236,A,398
4982,9050,2025-09-21T14:40:27.424048,C,636
4983,9051,2025-12-15T14:40:27.425209,A,109
4984,9052,2026-08-04T14:40:27.425564,A,921
4985,9053,2025-07-01T14:40:27.426329,A,230
4986,9054,2026-08-09T14:40:27.427175,A,266
4987,9057,2026-09-23T14:40:27.430255,C,112
4988,9059,2026-02-23T14:40:27.431025,C,93
4989,9061,2025-11-06T14:40:27.432255,A,861
4990,9063,2026-09-28T14:40:27.432925,A,86
4991,9065,2025-06-25T14:40:27.435084,A,533
4992,9068,2025-09-06T14:40:27.436333,A,719
4993,9069,2024-12-17T14:40:27.436942,A,545
4994,9072,2026-08-07T14:40:27.438842,C,760
4995,9073,2026-08-15T14:40:27.439977,A,97
4996,9074,2025-05-24T14:40:27.440796,A,948
4997,9075,2025-09-19T14:40:27.441132,A,10
4998,9081,2026-10-12T14:40:27.445158,A,102
4999,9082,2026-10-05T14:40:27.445608,C,73
5000,9083,2026-04-04T14:40:27.446162,B,320
5001,9084,2026-01-04T14:40:27.447303,A,98
5002,9087,2026-03-09T14:40:27.449350,B,950
5003,9088,2025-05-21T14:40:27.450236,B,113
5004,9091,2026-07-28T14:40:27.452698,B,96
5005,9092,2025-07-29T14:40:27.453495,C,104
5006,9093,2025-08-02T14:40:27.453903,A,61
5007,9094,2026-07-24T14:40:27.454926,B,195
5008,9098,2025-04-16T14:40:27.457710,A,129
5009,9099,2025-10-02T14:40:27.458302,C,117
5010,9102,2025-10-17T14:40:27.460650,A,470
5011,9103,2025-02-13T14:40:27.461471,C,731
5012,9104,2026-05-15T14:40:27.462630,B,111
5013,9106,2025-07-08T14:40:27.464031,A,103
5014,9107,2026-09-11T14:40:27.465187,B,729
5015,9108,2026-08-19T14:40:27.466376,C,95
5016,9110,2025-10-21T14:40:27.468099,A,207
5017,9112,2026-08-13T14:40:27.468848,A,113
5018,9113,2025-10-09T14:40:27.469419,A,377
5019,9114,2024-12-04T14:40:27.470500,A,93
5020,9120,2026-08-07T14:40:27.474656,C,104
5021,9121,2026-10-16T14:40:27.475456,C,281
5022,9122,2026-02-17T14:40:27.475825,A,937
5023,9124,2024-12-15T14:40:27.477325,A,436
5024,9125,2025-12-05T14:40:27.478237,A,60
5025,9126,2025-02-28T14:40:27.479096,A,438
5026,9131,2025-03-28T14:40:27.482888,B,135
5027,9133,2026-07-17T14:40:27.484109,C,492
5028,9134,2025-01-13T14:40:27.485053,C,843
5029,9136,2024-12-24T14:40:27.486068,A,187
5030,9137,2026-08-12T14:40:27.486722,A,585
5031,9138,2025-11-04T14:40:27.487822,C,28
5032,9140,2026-07-25T14:40:27.488925,A,113
5033,9144,2025-09-12T14:40:27.492386,B,731
5034,9145,2026-04-03T14:40:27.493045,C,117
5035,9148,2024-12-23T14:40:27.494590,A,100
5036,9149,2025-11-14T14:40:27.495666,B,117
5037,9150,2026-09-20T14:40:27.496310,A,94
5038,9151,2025-03-07T14:40:27.497559,A,198
5039,9153,2025-01-18T14:40:27.498775,A,466
5040,9154,2025-11-23T14:40:27.499125,C,329
5041,9155,2026-05-14T14:40:27.499725,A,837
5042,9157,2026-05-06T14:40:27.501276,A,560
5043,9159,2024-11-25T14:40:27.503278,A,115
5044,9161,2026-07-28T14:40:27.504322,A,315
5045,9163,2026-05-04T14:40:27.505629,C,103
5046,9165,2024-11-06T14:40:27.507589,A,309
5047,9167,2026-11-29T14:40:27.509119,A,27
5048,9168,2026-03-08T14:40:27.509980,B,84
5049,9171,2025-11-18T14:40:27.512070,A,115
5050,9173,2025-08-10T14:40:27.513174,C,965
5051,9175,2026-03-03T14:40:27.514348,A,1070
5052,9177,2026-08-13T14:40:27.515020,A,103
5053,9178,2025-01-26T14:40:27.516001,A,1051
5054,9180,2025-01-30T14:40:27.517693,A,114
5055,9184,2025-02-15T14:40:27.521148,C,236
5056,9185,2026-01-02T14:40:27.522319,A,12
5057,9187,2026-04-07T14:40:27.524096,C,1016
5058,9190,2026-09-26T14:40:27.525082,A,105
5059,9192,2026-07-19T14:40:27.526419,B,920
5060,9195,2026-08-06T14:40:27.528632,A,438
5061,9196,2026-05-26T14:40:27.529717,C,129
5062,9197,2025-08-06T14:40:27.530285,A,8
5063,9198,2026-10-24T14:40:27.530967,C,757
5064,9200,2025-01-06T14:40:27.532858,A,110
5065,9202,2025-09-17T14:40:27.535372,C,140
5066,9204,2026-05-03T14:40:27.537222,C,794
5067,9208,2024-09-21T14:40:27.539901,C,364
5068,9209,2027-01-03T14:40:27.541057,C,221
5069,9210,2025-03-23T14:40:27.541395,C,798
5070,9214,2025-06-29T14:40:27.544394,A,218
5071,9215,2025-05-03T14:40:27.545601,A,906
5072,9218,2026-07-31T14:40:27.547309,C,79
5073,9220,2025-11-25T14:40:27.549057,A,113
5074,9222,2025-10-31T14:40:27.550405,B,361
5075,9224,2025-06-24T14:40:27.551667,A,954
5076,9228,2026-08-10T14:40:27.555341,A,318
5077,9229,2026-10-21T14:40:27.556502,B,205
5078,9230,2026-01-05T14:40:27.557574,C,119
5079,9231,2025-08-30T14:40:27.558475,A,67
5080,9239,2024-09-28T14:40:27.564259,A,21
5081,9241,2025-09-12T14:40:27.565755,A,582
5082,9242,2025-10-12T14:40:27.566088,B,63
5083,9243,2026-08-26T14:40:27.566396,A,96
5084,9246,2025-04-08T14:40:27.569402,A,407
5085,9249,2024-11-21T14:40:27.571401,A,134
5086,9252,2026-08-29T14:40:27.574575,C,96
5087,9253,2025-08-20T14:40:27.574907,A,724
5088,9254,2026-02-25T14:40:27.576074,C,305
5089,9256,2024-11-11T14:40:27.578438,C,1011
5090,9257,2025-12-21T14:40:27.579600,A,111
5091,9258,2025-08-30T14:40:27.580559,A,22
5092,9261,2026-09-27T14:40:27.583778,A,106
5093,9262,2026-03-07T14:40:27.584930,A,28
5094,9264,2026-08-23T14:40:27.586855,C,111
5095,9265,2025-10-06T14:40:27.587184,A,300
5096,9267,2026-05-30T14:40:27.588349,C,104
5097,9270,2026-04-22T14:40:27.591435,C,761
5098,9271,2025-08-02T14:40:27.591874,C,821
5099,9272,2025-05-11T14:40:27.592218,A,15
5100,9275,2026-04-12T14:40:27.594916,A,119
5101,9276,2026-07-06T14:40:27.595616,A,442
5102,9277,2026-05-11T14:40:27.596275,A,1048
5103,9278,2024-12-22T14:40:27.597364,C,344
5104,9280,2026-08-14T14:40:27.599512,C,352
5105,9281,2026-08-18T14:40:27.599942,C,102
5106,9286,2026-07-18T14:40:27.603268,A,452
5107,9288,2025-11-29T14:40:27.604583,C,1012
5108,9289,2026-09-04T14:40:27.605400,C,641
5109,9290,2025-03-28T14:40:27.606476,B,354
5110,9291,2026-11-09T14:40:27.606897,A,93
5111,9292,2025-08-31T14:40:27.607872,B,705
5112,9294,2025-04-12T14:40:27.609175,A,64
5113,9295,2025-09-09T14:40:27.609982,A,103
5114,9296,2026-07-23T14:40:27.610969,B,80
5115,9297,2026-06-23T14:40:27.611898,A,98
5116,9298,2026-03-02T14:40:27.612726,A,719
5117,9300,2025-07-23T14:40:27.614277,A,346
5118,9301,2025-12-24T14:40:27.614907,C,164
5119,9302,2026-04-22T14:40:27.615797,C,1060
5120,9303,2026-09-14T14:40:27.616733,B,1027
5121,9307,2026-12-04T14:40:27.619364,B,368
5122,9308,2025-08-17T14:40:27.620103,A,837
5123,9311,2025-11-24T14:40:27.621915,C,979
5124,9313,2026-07-01T14:40:27.623912,A,237
5125,9315,2024-11-20T14:40:27.624900,C,744
5126,9319,2025-12-11T14:40:27.627928,A,107
5127,9320,2026-06-02T14:40:27.628224,A,718
5128,9321,2025-09-19T14:40:27.629109,B,868
5129,9325,2025-10-18T14:40:27.632022,A,521
5130,9327,2024-12-12T14:40:27.633977,A,114
5131,9328,2025-05-10T14:40:27.634624,A,118
5132,9330,2026-04-24T14:40:27.636180,C,111
5133,9331,2025-04-28T14:40:27.637072,A,105
5134,9332,2026-04-10T14:40:27.638217,B,117
5135,9335,2025-05-01T14:40:27.640042,A,112
5136,9340,2025-01-18T14:40:27.644285,A,199
5137,9341,2025-04-06T14:40:27.644961,C,233
5138,9343,2026-09-18T14:40:27.646188,C,458
5139,9344,2024-11-23T14:40:27.646851,A,170
5140,9345,2025-01-30T14:40:27.648035,A,336
5141,9346,2025-03-30T14:40:27.649275,A,560
5142,9349,2026-07-23T14:40:27.650788,C,1053
5143,9351,2025-12-05T14:40:27.651690,C,69
5144,9353,2026-01-11T14:40:27.653307,C,235
5145,9355,2025-08-16T14:40:27.655155,A,384
5146,9356,2026-08-06T14:40:27.656131,C,891
5147,9357,2025-06-05T14:40:27.656580,A,93
5148,9358,2025-08-05T14:40:27.656913,A,996
5149,9359,2026-11-07T14:40:27.657778,B,837
5150,9361,2025-03-11T14:40:27.659225,A,728
5151,9362,2025-04-24T14:40:27.660184,A,798
5152,9363,2026-06-10T14:40:27.661117,A,103
5153,9364,2026-10-10T14:40:27.661780,C,96
5154,9366,2026-06-02T14:40:27.664260,B,107
5155,9367,2026-03-10T14:40:27.664913,A,111
5156,9369,2025-09-11T14:40:27.666081,A,856
5157,9371,2026-06-08T14:40:27.667553,B,117
5158,9372,2024-09-25T14:40:27.668193,C,102
5159,9376,2025-01-13T14:40:27.672416,B,115
5160,9378,2026-08-15T14:40:27.673398,A,553
5161,9379,2026-01-14T14:40:27.673769,B,359
5162,9380,2026-08-30T14:40:27.674676,C,110
5163,9381,2026-07-17T14:40:27.675644,A,411
5164,9382,2025-08-10T14:40:27.676596,A,117
5165,9384,2024-11-16T14:40:27.677757,A,116
5166,9388,2026-12-07T14:40:27.681359,C,301
5167,9389,2026-06-06T14:40:27.682250,B,102
5168,9390,2026-12-15T14:40:27.682884,A,919
5169,9393,2025-08-31T14:40:27.685480,A,1000
5170,9395,2025-01-25T14:40:27.686422,A,58
5171,9396,2025-03-20T14:40:27.687161,A,13
5172,9397,2026-10-23T14:40:27.687758,A,888
5173,9399,2025-06-22T14:40:27.689075,A,505
5174,9401,2024-10-15T14:40:27.690304,C,91
5175,9402,2025-11-13T14:40:27.691081,C,111
5176,9403,2025-07-07T14:40:27.692117,A,95
5177,9405,2026-02-22T14:40:27.693891,B,308
5178,9406,2025-04-15T14:40:27.694383,B,455
5179,9407,2025-05-31T14:40:27.694761,A,109
5180,9409,2025-09-26T14:40:27.696099,A,104
5181,9410,2026-03-13T14:40:27.696721,A,375
5182,9411,2025-12-15T14:40:27.697071,B,376
5183,9412,2025-10-26T14:40:27.697659,C,13
5184,9413,2026-03-21T14:40:27.697992,B,663
5185,9416,2026-05-05T14:40:27.699485,A,240
5186,9417,2025-03-05T14:40:27.700708,A,302
5187,9419,2025-08-06T14:40:27.702383,C,98
5188,9420,2025-05-11T14:40:27.702782,A,301
5189,9421,2025-10-22T14:40:27.703925,C,723
5190,9424,2025-02-12T14:40:27.705941,C,101
5191,9426,2025-07-13T14:40:27.706897,A,901
5192,9427,2026-10-11T14:40:27.707725,B,420
5193,9428,2026-04-26T14:40:27.708664,A,112
5194,9429,2025-01-10T14:40:27.709722,A,377
5195,9430,2025-01-11T14:40:27.710912,C,1
5196,9431,2026-03-22T14:40:27.711259,A,106
5197,9433,2026-04-09T14:40:27.712911,A,114
5198,9435,2025-03-16T14:40:27.714510,B,356
5199,9441,2026-09-15T14:40:27.718689,B,405
5200,9443,2026-05-18T14:40:27.719658,C,132
5201,9444,2026-07-28T14:40:27.720058,C,417
5202,9446,2025-02-11T14:40:27.721559,B,252
5203,9447,2026-05-13T14:40:27.721926,A,848
5204,9448,2025-12-28T14:40:27.722762,A,709
5205,9449,2025-02-18T14:40:27.724080,A,212
5206,9451,2025-05-24T14:40:27.725878,A,461
5207,9454,2026-01-30T14:40:27.727298,A,65
5208,9458,2024-11-18T14:40:27.729980,C,56
5209,9460,2024-11-12T14:40:27.730985,A,117
5210,9461,2024-11-28T14:40:27.731918,B,449
5211,9462,2024-12-01T14:40:27.732819,C,931
5212,9463,2025-05-23T14:40:27.733736,A,585
5213,9464,2026-07-22T14:40:27.734412,A,101
5214,9466,2025-06-03T14:40:27.736078,A,198
5215,9468,2026-03-01T14:40:27.738100,A,468
5216,9469,2025-07-11T14:40:27.739249,B,336
5217,9471,2026-08-03T14:40:27.741425,A,9
5218,9472,2024-11-18T14:40:27.742230,C,112
5219,9473,2026-05-03T14:40:27.742605,B,110
5220,9476,2026-06-04T14:40:27.744063,B,119
5221,9478,2025-04-21T14:40:27.745057,B,139
5222,9479,2024-11-17T14:40:27.745917,B,151
5223,9481,2025-04-02T14:40:27.747314,B,45
5224,9482,2026-09-05T14:40:27.748089,C,395
5225,9483,2026-06-24T14:40:27.748457,C,97
5226,9484,2025-02-10T14:40:27.749093,A,117
5227,9485,2026-06-16T14:40:27.749821,A,233
5228,9486,2026-04-18T14:40:27.750681,B,78
5229,9487,2025-09-17T14:40:27.751046,A,742
5230,9489,2024-09-23T14:40:27.752843,A,103
5231,9490,2024-12-20T14:40:27.753193,C,235
5232,9493,2026-07-22T14:40:27.755953,A,78
5233,9494,2026-04-12T14:40:27.757067,A,420
5234,9495,2025-11-22T14:40:27.757931,A,102
5235,9497,2025-01-01T14:40:27.759726,A,832
5236,9498,2026-09-15T14:40:27.760491,A,324
5237,9500,2025-07-08T14:40:27.762027,A,16
5238,9503,2024-11-17T14:40:27.764076,C,200
5239,9504,2026-05-31T14:40:27.765004,B,105
5240,9505,2026-11-19T14:40:27.766218,A,723
5241,9506,2026-08-07T14:40:27.766868,A,118
5242,9508,2026-07-11T14:40:27.769020,B,413
5243,9509,2026-08-09T14:40:27.770172,B,96
5244,9510,2026-10-26T14:40:27.770783,A,118
5245,9511,2025-05-05T14:40:27.771917,B,727
5246,9513,2025-11-08T14:40:27.772882,C,827
5247,9516,2026-11-05T14:40:27.774982,C,103
5248,9517,2025-08-12T14:40:27.775891,C,737
5249,9518,2025-01-28T14:40:27.776464,C,745
5250,9520,2026-02-17T14:40:27.777429,A,1049
5251,9521,2026-09-01T14:40:27.777799,C,338
5252,9522,2026-06-13T14:40:27.778780,A,676
5253,9524,2026-01-19T14:40:27.779766,A,723
5254,9526,2025-07-11T14:40:27.781023,A,385
5255,9527,2026-12-08T14:40:27.781877,A,96
5256,9528,2026-01-25T14:40:27.782178,A,360
5257,9530,2025-05-06T14:40:27.783169,A,669
5258,9532,2025-05-22T14:40:27.784167,C,97
5259,9533,2026-05-08T14:40:27.785190,A,116
5260,9535,2025-02-24T14:40:27.786446,A,129
5261,9539,2026-11-21T14:40:27.789265,A,107
5262,9540,2026-03-30T14:40:27.790189,A,98
5263,9541,2026-06-29T14:40:27.791395,C,98
5264,9542,2026-08-05T14:40:27.792644,C,114
5265,9543,2024-12-26T14:40:27.793400,A,897
5266,9544,2024-11-07T14:40:27.793736,A,996
5267,9546,2025-12-31T14:40:27.794985,A,989
5268,9548,2025-06-13T14:40:27.796658,A,150
5269,9549,2026-07-12T14:40:27.797487,A,25
5270,9550,2026-01-10T14:40:27.798632,C,955
5271,9551,2024-11-13T14:40:27.799764,C,100
5272,9552,2024-12-29T14:40:27.800380,A,93
5273,9553,2026-07-11T14:40:27.801247,B,94
5274,9554,2025-04-09T14:40:27.801616,A,903
5275,9555,2026-04-13T14:40:27.801985,C,16
5276,9556,2026-09-11T14:40:27.802328,A,116
5277,9557,2025-10-19T14:40:27.803080,B,113
5278,9559,2026-08-19T14:40:27.804157,A,100
5279,9560,2026-09-23T14:40:27.805111,C,95
5280,9561,2026-08-28T14:40:27.806105,A,95
5281,9562,2025-09-23T14:40:27.806419,C,105
5282,9565,2025-08-28T14:40:27.809288,C,958
5283,9566,2026-02-19T14:40:27.809667,C,98
5284,9568,2026-01-21T14:40:27.811183,A,399
5285,9569,2025-09-08T14:40:27.812123,B,98
5286,9571,2025-03-27T14:40:27.814422,A,129
5287,9572,2025-06-22T14:40:27.814799,A,465
5288,9579,2025-07-22T14:40:27.820035,A,765
5289,9580,2026-07-07T14:40:27.820936,A,119
5290,9581,2026-05-20T14:40:27.821899,C,93
5291,9584,2025-05-07T14:40:27.824414,B,26
5292,9585,2025-05-27T14:40:27.825286,A,557
5293,9592,2025-02-16T14:40:27.830559,B,804
5294,9593,2026-09-01T14:40:27.830846,A,948
5295,9597,2024-10-21T14:40:27.833112,B,95
5296,9598,2026-01-20T14:40:27.834104,B,107
5297,9602,2025-05-28T14:40:27.837134,A,94
5298,9603,2025-06-14T14:40:27.837706,C,110
5299,9605,2025-12-06T14:40:27.838379,A,1067
5300,9606,2024-11-01T14:40:27.839613,B,110
5301,9608,2026-03-14T14:40:27.840493,B,810
5302,9613,2025-10-23T14:40:27.844069,C,370
5303,9615,2025-03-05T14:40:27.844846,A,1052
5304,9616,2026-09-04T14:40:27.845261,A,1036
5305,9618,2025-06-19T14:40:27.846417,A,10
5306,9619,2024-11-18T14:40:27.846815,C,116
5307,9620,2026-05-07T14:40:27.847978,A,498
5308,9622,2025-06-20T14:40:27.849481,A,707
5309,9623,2026-06-30T14:40:27.850148,C,100
5310,9624,2025-02-16T14:40:27.851109,B,1062
5311,9625,2026-02-14T14:40:27.852216,A,120
5312,9626,2025-09-19T14:40:27.853211,A,116
5313,9631,2026-10-27T14:40:27.857428,A,304
5314,9633,2024-11-01T14:40:27.859029,C,366
5315,9634,2025-10-25T14:40:27.859969,C,198
5316,9635,2026-03-24T14:40:27.860313,C,135
5317,9637,2026-07-14T14:40:27.862105,A,105
5318,9638,2025-01-25T14:40:27.862442,A,5
5319,9639,2026-03-02T14:40:27.862850,A,530
5320,9640,2025-06-14T14:40:27.863351,A,702
5321,9642,2026-12-05T14:40:27.865121,C,331
5322,9644,2026-07-11T14:40:27.866305,A,106
5323,9645,2025-07-19T14:40:27.867285,A,645
5324,9646,2024-12-26T14:40:27.868246,A,15
5325,9650,2026-03-07T14:40:27.870585,B,581
5326,9651,2026-07-06T14:40:27.871729,A,100
5327,9653,2026-03-10T14:40:27.873589,C,109
5328,9655,2026-05-20T14:40:27.875093,C,94
5329,9657,2025-10-11T14:40:27.877270,A,1059
5330,9659,2025-01-10T14:40:27.878879,A,118
5331,9662,2026-05-30T14:40:27.880554,A,112
5332,9665,2026-05-01T14:40:27.882554,A,309
5333,9667,2026-09-18T14:40:27.883757,C,903
5334,9670,2025-03-18T14:40:27.886605,C,679
5335,9674,2025-04-04T14:40:27.889507,A,476
5336,9676,2025-06-01T14:40:27.891897,A,1049
5337,9678,2026-07-31T14:40:27.893209,A,112
5338,9679,2025-04-01T14:40:27.893800,A,24
5339,9681,2024-09-25T14:40:27.894926,A,954
5340,9682,2026-11-23T14:40:27.895494,A,117
5341,9683,2025-04-19T14:40:27.895955,B,82
5342,9685,2025-05-19T14:40:27.897034,C,242
5343,9687,2026-09-18T14:40:27.898959,A,673
5344,9688,2025-09-21T14:40:27.899627,B,309
5345,9690,2025-08-28T14:40:27.902121,B,625
5346,9691,2025-09-15T14:40:27.903170,B,1000
5347,9694,2026-06-06T14:40:27.905879,C,708
5348,9702,2026-08-17T14:40:27.911378,C,477
5349,9703,2026-04-04T14:40:27.912142,A,954
5350,9706,2026-04-13T14:40:27.914053,A,342
5351,9707,2025-01-30T14:40:27.914407,B,150
5352,9708,2026-04-21T14:40:27.915054,C,111
5353,9710,2026-06-30T14:40:27.917376,B,198
5354,9712,2026-05-05T14:40:27.918506,A,1046
5355,9713,2026-05-01T14:40:27.919588,A,1039
5356,9715,2025-12-04T14:40:27.921382,A,82
5357,9718,2026-02-21T14:40:27.923770,A,382
5358,9719,2026-10-24T14:40:27.924173,A,878
5359,9720,2025-11-07T14:40:27.925165,A,207
5360,9722,2025-08-25T14:40:27.927016,A,780
5361,9723,2026-05-07T14:40:27.927348,A,1020
5362,9726,2026-02-25T14:40:27.929800,B,450
5363,9727,2026-03-26T14:40:27.930656,A,92
5364,9729,2026-11-20T14:40:27.932295,C,112
5365,9730,2025-05-13T14:40:27.933190,A,989
5366,9732,2026-06-16T14:40:27.934452,B,116
5367,9733,2026-06-26T14:40:27.935610,C,97
5368,9734,2025-05-01T14:40:27.936336,C,764
5369,9738,2025-04-15T14:40:27.940070,C,89
5370,9742,2026-09-30T14:40:27.942152,C,693
5371,9743,2025-08-14T14:40:27.942491,C,92
5372,9744,2025-03-15T14:40:27.943374,A,956
5373,9745,2026-04-14T14:40:27.944551,A,1043
5374,9746,2026-01-02T14:40:27.944899,B,538
5375,9748,2026-07-17T14:40:27.946386,B,826
5376,9751,2025-11-18T14:40:27.948635,B,48
5377,9754,2026-05-10T14:40:27.950151,A,103
5378,9755,2025-12-31T14:40:27.950892,C,119
5379,9756,2025-08-17T14:40:27.951241,B,99
5380,9758,2025-08-06T14:40:27.953401,A,422
5381,9759,2026-08-31T14:40:27.954369,B,563
5382,9762,2025-11-30T14:40:27.956625,A,104
5383,9763,2025-08-19T14:40:27.957218,C,298
5384,9766,2025-08-19T14:40:27.959316,B,781
5385,9768,2026-12-13T14:40:27.960810,A,799
5386,9769,2025-06-27T14:40:27.961937,C,364
5387,9770,2026-09-23T14:40:27.963079,A,110
5388,9771,2025-07-11T14:40:27.964318,A,19
5389,9772,2026-05-26T14:40:27.965271,A,1048
5390,9773,2026-04-02T14:40:27.965909,A,377
5391,9776,2025-11-09T14:40:27.967877,B,105
5392,9778,2026-08-22T14:40:27.969416,A,5
5393,9781,2025-10-08T14:40:27.971008,C,894
5394,9785,2024-10-27T14:40:27.973444,B,82
5395,9788,2026-05-15T14:40:27.976787,A,99
5396,9790,2026-05-18T14:40:27.977310,C,717
5397,9791,2026-04-17T14:40:27.977681,C,920
5398,9794,2024-10-27T14:40:27.980715,A,727
5399,9798,2024-12-15T14:40:27.984066,B,115
5400,9799,2025-06-22T14:40:27.984585,A,181
5401,9800,2026-09-11T14:40:27.984995,A,99
5402,9802,2026-07-25T14:40:27.986280,B,434
5403,9804,2025-08-31T14:40:27.987753,A,116
5404,9805,2026-06-17T14:40:27.988156,C,467
5405,9807,2026-09-09T14:40:27.990580,B,114
5406,9808,2025-09-26T14:40:27.990961,B,37
5407,9810,2025-07-23T14:40:27.992671,A,112
5408,9812,2026-05-04T14:40:27.993957,A,54
5409,9814,2026-06-12T14:40:27.996467,A,26
5410,9817,2025-04-30T14:40:27.997691,C,1041
5411,9818,2025-05-08T14:40:27.998300,B,725
5412,9819,2025-07-11T14:40:27.999569,A,688
5413,9824,2026-07-01T14:40:28.003054,C,1031
5414,9826,2025-11-07T14:40:28.005236,A,119
5415,9833,2025-03-06T14:40:28.009747,C,159
5416,9834,2025-09-11T14:40:28.010099,B,430
5417,9835,2026-10-27T14:40:28.011270,A,78
5418,9836,2026-05-26T14:40:28.011962,B,458
5419,9838,2026-05-02T14:40:28.013243,A,1028
5420,9839,2025-03-08T14:40:28.014447,A,690
5421,9840,2025-10-13T14:40:28.015598,A,111
5422,9842,2024-10-07T14:40:28.018021,C,341
5423,9843,2025-09-04T14:40:28.018382,A,572
5424,9846,2024-09-05T14:40:28.019806,A,883
5425,9849,2025-03-22T14:40:28.021592,C,110
5426,9850,2025-07-16T14:40:28.022460,A,315
5427,9851,2025-04-23T14:40:28.023146,C,488
5428,9852,2025-11-10T14:40:28.024443,C,831
5429,9854,2025-08-13T14:40:28.026017,A,40
5430,9855,2025-10-07T14:40:28.026458,B,660
5431,9858,2026-06-27T14:40:28.029504,C,93
5432,9859,2025-09-21T14:40:28.030144,B,757
5433,9860,2026-09-12T14:40:28.031108,A,305
5434,9862,2026-06-10T14:40:28.033495,A,108
5435,9863,2026-05-21T14:40:28.034678,A,686
5436,9866,2026-06-13T14:40:28.036834,A,105
5437,9867,2025-03-25T14:40:28.037161,C,1013
5438,9869,2026-06-03T14:40:28.038223,A,118
5439,9870,2024-11-22T14:40:28.038692,B,158
5440,9871,2026-02-08T14:40:28.039373,C,721
5441,9872,2026-05-25T14:40:28.039867,C,97
5442,9874,2026-03-31T14:40:28.041732,C,98
5443,9875,2025-11-19T14:40:28.042642,A,119
5444,9876,2025-02-20T14:40:28.044279,A,589
5445,9877,2026-07-08T14:40:28.045500,A,112
5446,9878,2026-07-02T14:40:28.046455,A,120
5447,9879,2025-11-23T14:40:28.046993,A,102
5448,9880,2026-08-29T14:40:28.048085,A,102
5449,9882,2026-04-11T14:40:28.049188,C,114
5450,9883,2025-11-13T14:40:28.050068,B,29
5451,9884,2026-03-17T14:40:28.050228,B,116
5452,9886,2026-03-10T14:40:28.052231,C,194
5453,9888,2024-11-12T14:40:28.053616,B,1028
5454,9893,2025-02-11T14:40:28.057756,C,951
5455,9896,2025-03-24T14:40:28.059023,C,979
5456,9902,2025-04-23T14:40:28.063191,A,715
5457,9904,2025-10-28T14:40:28.064869,C,104
5458,9906,2026-01-20T14:40:28.066169,C,38
5459,9908,2025-12-11T14:40:28.067271,B,101
5460,9911,2025-07-22T14:40:28.070757,C,849
5461,9912,2025-05-06T14:40:28.071114,A,9
5462,9913,2024-12-30T14:40:28.071468,A,670
5463,9914,2025-10-24T14:40:28.072474,A,8
5464,9918,2024-11-15T14:40:28.076690,B,715
5465,9919,2026-01-28T14:40:28.077635,A,525
5466,9921,2025-02-10T14:40:28.079995,A,772
5467,9922,2025-12-06T14:40:28.080367,A,21
5468,9924,2025-09-12T14:40:28.081718,A,939
5469,9925,2025-04-22T14:40:28.081872,A,13
5470,9926,2026-03-12T14:40:28.082991,C,810
5471,9930,2026-03-28T14:40:28.084856,A,458
5472,9932,2026-01-10T14:40:28.086862,A,103
5473,9933,2025-11-27T14:40:28.087195,A,523
5474,9936,2026-05-14T14:40:28.090091,A,109
5475,9942,2024-10-28T14:40:28.094709,C,120
5476,9943,2025-01-05T14:40:28.095352,B,207
5477,9944,2025-10-03T14:40:28.096079,C,74
5478,9945,2025-02-22T14:40:28.096949,A,2
5479,9946,2026-04-18T14:40:28.098128,A,672
5480,9947,2025-08-15T14:40:28.099138,A,984
5481,9950,2026-05-31T14:40:28.101430,B,117
5482,9953,2026-07-03T14:40:28.103676,A,332
5483,9955,2026-08-17T14:40:28.105770,A,117
5484,9956,2025-02-15T14:40:28.107071,C,171
5485,9957,2026-05-15T14:40:28.107426,A,82
5486,9959,2026-02-18T14:40:28.108857,B,114
5487,9960,2026-07-06T14:40:28.109811,A,716
5488,9963,2025-06-13T14:40:28.113778,A,93
5489,9966,2026-10-02T14:40:28.117207,C,455
5490,9967,2024-08-27T14:40:28.118213,A,839
5491,9968,2026-07-18T14:40:28.119407,C,105
5492,9969,2026-03-15T14:40:28.120111,A,103
5493,9971,2024-12-30T14:40:28.120989,B,583
5494,9973,2025-02-27T14:40:28.122437,A,793
5495,9975,2026-03-26T14:40:28.124434,A,200
5496,9976,2025-10-28T14:40:28.125110,A,708
5497,9977,2024-12-28T14:40:28.125461,C,354
5498,9978,2026-06-22T14:40:28.125869,C,105
5499,9980,2026-05-24T14:40:28.127685,A,117
5500,9981,2025-10-16T14:40:28.128344,A,435
5501,9982,2025-12-25T14:40:28.129271,C,115
5502,9984,2026-06-03T14:40:28.130962,B,758
5503,9985,2026-03-20T14:40:28.132112,C,1054
5504,9986,2026-09-10T14:40:28.133380,A,764
5505,9988,2025-06-30T14:40:28.134420,A,716
5506,9989,2026-08-31T14:40:28.135377,A,529
5507,9990,2026-06-15T14:40:28.136461,C,1022
5508,9992,2025-05-13T14:40:28.137776,A,515
5509,9993,2026-04-20T14:40:28.138109,C,968
5510,9996,2026-08-31T14:40:28.139756,C,770
5511,9997,2025-10-22T14:40:28.140433,C,117
5512,9998,2026-08-18T14:40:28.141109,A,93
