ComplainantID,CaseMasterID,ComplainantName,AgeYear,OccupationID,ReligionID,CasteID,GenderID
1,1,Gautam Mane,44,1,1,5,2
2,2,Oscar Anand,69,6,1,2,1
3,3,Tejas Shukla,23,8,1,7,1
4,4,Advika Misra,27,3,1,1,2
5,5,Ranveer Oza,24,8,1,6,2
6,6,Aarna Goswami,22,6,1,6,2
7,7,Ekavir Sodhi,41,9,7,1,2
8,8,Laksh Iyer,59,7,5,7,2
9,9,Peter Munshi,33,8,2,6,2
10,10,Netra Sanghvi,60,8,1,2,1
11,11,Rayaan Badami,21,3,1,4,1
12,12,Zinal Viswanathan,19,2,1,5,2
13,13,Karan Kakar,63,5,1,1,1
14,14,Chanakya Chokshi,25,9,6,3,1
15,15,Henry Vaidya,48,1,1,6,1
16,16,Saksham Parmar,62,6,2,4,1
17,17,Gautam Vaidya,49,3,1,1,1
18,18,Pooja D’Alia,42,6,1,6,1
19,19,Ishita Sarma,71,8,1,6,1
20,20,Nathaniel Chawla,73,2,1,6,1
21,21,Ayush De,25,8,3,7,2
22,22,Hiral Rajan,49,9,4,4,1
23,23,Ganga Mall,50,6,2,3,1
24,24,Sanya Mutti,63,7,1,3,1
25,25,Daksha Trivedi,30,3,4,3,2
26,26,Urvashi Patla,54,7,5,6,2
27,27,Hredhaan Kumar,28,2,1,5,1
28,28,Tanvi Halder,26,2,1,7,2
29,29,Oscar Dave,41,3,1,1,1
30,30,Yauvani Mistry,35,5,3,7,2
31,31,Yahvi Naidu,67,8,3,2,1
32,32,Aryan Raj,54,8,2,6,1
33,33,Harsh Kapur,38,7,2,3,2
34,34,Samaksh Savant,50,5,1,5,1
35,35,Peter Borde,65,5,4,4,1
36,36,Charan Mitra,34,8,5,2,2
37,37,Timothy Kala,42,1,6,4,2
38,38,Barkha Bakshi,46,8,5,2,1
39,39,Dominic Kade,64,4,1,4,2
40,40,Vedant Kuruvilla,25,6,1,2,1
41,41,Bimala Mitra,55,1,1,5,1
42,42,Azaan Som,43,5,1,7,2
43,43,Benjamin Ahluwalia,23,5,1,1,2
44,44,Zayyan Hari,38,8,3,4,2
45,45,Ekalinga Krishna,69,5,1,2,1
46,46,Vedika Seshadri,36,1,1,4,1
47,47,Garima Srinivasan,28,8,1,4,2
48,48,Parth Bumb,56,2,3,4,2
49,49,Anirudh Tripathi,33,8,1,5,1
50,50,William Gandhi,62,7,1,2,2
51,51,Vivaan Basak,63,7,1,2,1
52,52,Harshil Verma,25,4,1,1,2
53,53,Faras Varughese,73,1,1,5,1
54,54,Siddharth Doctor,43,1,1,1,1
55,55,Varenya Srinivas,70,2,1,2,2
56,56,Tarak Sen,28,9,2,3,1
57,57,Lekha Deo,70,6,1,7,2
58,58,Girik Subramaniam,26,5,6,7,1
59,59,Viraj Chacko,71,5,1,4,1
60,60,Jacob Venkatesh,72,7,1,5,2
61,61,Samar Sachdev,21,4,1,7,2
62,62,Hamsini Ben,33,3,1,2,2
63,63,Nandini Verma,68,2,1,4,2
64,64,Omkaar Banik,19,3,1,3,2
65,65,Ekapad Chana,51,9,3,6,2
66,66,Niharika Toor,23,3,1,5,1
67,67,Zashil Savant,26,4,1,7,2
68,68,Adya Kothari,22,2,1,7,1
69,69,Vamakshi Murthy,26,8,4,7,1
70,70,Nachiket Chhabra,64,3,1,5,1
71,71,Yasti Mammen,39,3,2,6,1
72,72,Owen Shankar,68,7,2,3,2
73,73,Shivansh Raghavan,26,2,1,5,2
74,74,Qarin Tara,47,5,1,4,2
75,75,Ati Seshadri,67,6,1,4,2
76,76,Madhav Doctor,55,5,3,7,2
77,77,Gopal Sengupta,21,5,3,1,2
78,78,Yashvi Sura,58,6,1,3,2
79,79,Dipta Nadig,75,7,3,2,2
80,80,Wahab Krishnamurthy,37,1,2,2,2
81,81,Devansh Solanki,35,8,2,2,1
82,82,Frado Ramakrishnan,62,4,3,5,1
83,83,Peter Shan,58,8,1,1,1
84,84,Gaurav Sathe,53,9,3,5,1
85,85,Hemangini Mangat,75,5,2,4,1
86,86,Aditya Sani,61,7,6,2,1
87,87,Pahal Khatri,29,6,4,6,2
88,88,Sneha Magar,72,2,2,1,2
89,89,Chandran Warrior,63,7,3,6,1
90,90,Gautam Dora,21,6,1,4,1
91,91,Pratyush Handa,38,7,1,6,2
92,92,Saanvi Kota,67,2,5,6,1
93,93,Jason Kulkarni,18,1,2,3,1
94,94,Xavier Andra,30,7,2,3,2
95,95,Hamsini Bhasin,18,3,2,5,2
96,96,Reva Hans,38,2,6,5,1
97,97,Vedhika Sarma,27,8,1,6,1
98,98,Jeevika Setty,48,8,4,3,1
99,99,Caleb Dayal,68,1,5,2,2
100,100,Vyanjana Buch,40,6,4,7,2
101,101,Tarak Venkataraman,68,1,1,2,1
102,102,Yuvraj Gola,32,7,1,6,2
103,103,Indira Murty,26,2,1,6,1
104,104,Sara Ranganathan,41,7,1,6,2
105,105,Tristan Kala,44,3,1,5,2
106,106,Nachiket Devi,43,7,1,3,1
107,107,Charita Barad,22,3,1,7,2
108,108,Eta Thakkar,45,7,1,6,2
109,109,Frederick Rastogi,33,9,7,2,2
110,110,Amaira Sani,54,7,1,6,1
111,111,Omkaar Palla,58,8,4,2,1
112,112,Xavier Divan,47,8,1,4,2
113,113,Vasudha Dhaliwal,41,3,3,1,1
114,114,Ekalinga Rama,33,1,1,6,2
115,115,Diya Sundaram,71,6,6,1,1
116,116,Vrishti Ramaswamy,51,4,2,6,1
117,117,Warinder Thaker,24,6,1,5,2
118,118,Umang Doshi,33,1,5,2,1
119,119,Dayamai Viswanathan,63,5,3,1,1
120,120,Odika Sabharwal,67,2,1,7,2
121,121,Fariq Sood,35,5,1,5,1
122,122,Bachittar Rege,64,4,1,1,1
123,123,Benjamin Rai,55,9,1,5,1
124,124,Triya Ganesan,34,8,5,5,1
125,125,Pranit Deshmukh,47,8,1,2,1
126,126,Ishaan Sengupta,32,2,2,4,2
127,127,Mason Gaba,30,3,1,5,2
128,128,Sanaya Mani,26,9,1,1,1
129,129,Wazir Kalla,33,8,1,5,2
130,130,Sarthak Bawa,48,1,1,4,2
131,131,Bhavani Goel,75,4,1,3,2
132,132,Shaurya Kadakia,66,1,1,7,2
133,133,Aarav Dani,31,7,1,1,1
134,134,Abeer Comar,57,1,1,1,1
135,135,Gautami Shere,22,6,2,5,1
136,136,Azaan Nori,62,3,7,2,1
137,137,Siya Mittal,55,9,4,4,1
138,138,Sachi Toor,52,4,1,7,2
139,139,Lila Vig,26,7,5,2,2
140,140,Shaurya Nagi,44,8,1,6,1
141,141,Ishwar Aurora,69,7,1,6,1
142,142,Chandresh De,30,5,3,4,1
143,143,Gabriel Sandhu,32,1,1,2,1
144,144,Rudra Walla,73,1,1,2,2
145,145,Maanas Kuruvilla,51,6,2,3,2
146,146,Vaishnavi Chowdhury,34,9,1,6,1
147,147,Ekavir Mittal,60,8,1,5,2
148,148,Warinder Ghose,42,6,1,6,2
149,149,Sai Goda,56,8,1,4,2
150,150,Teerth Dewan,22,4,4,5,1
151,151,Joshua Menon,35,4,1,3,1
152,152,Vaishnavi Dewan,69,8,2,6,1
153,153,Ekbal Babu,26,6,3,1,2
154,154,Shivani Rajagopalan,70,7,2,5,1
155,155,Nirja Peri,28,7,2,7,1
156,156,Chatresh Oza,29,5,1,1,1
157,157,Chaitaly Mann,56,2,1,6,1
158,158,Avi Mangat,35,1,1,1,2
159,159,Sanya Pingle,61,8,1,5,2
160,160,Oliver Kade,36,8,1,7,1
161,161,Vamakshi Mitra,41,1,3,7,2
162,162,Lavanya Mutti,73,9,7,7,1
163,163,Zinal Nazareth,74,6,2,6,1
164,164,Sanaya Panchal,29,8,5,1,2
165,165,Jairaj Dar,53,9,4,5,2
166,166,Prisha Naik,48,4,1,5,1
167,167,Raagini Kamdar,30,7,3,7,1
168,168,Madhavi Lata,24,2,1,3,2
169,169,Aarush Rajagopalan,34,1,1,6,1
170,170,Balveer Rajagopalan,51,7,5,4,2
171,171,Aryan Khare,25,7,1,7,2
172,172,Tara Yadav,64,6,1,7,1
173,173,Xavier De,57,6,1,1,1
174,174,Dev Jain,65,2,3,3,2
175,175,Nitesh Sarna,67,9,1,1,2
176,176,Gaurav Mander,54,9,1,7,1
177,177,Pranit Tata,43,4,1,3,1
178,178,Girish Pathak,66,5,1,1,1
179,179,Shaurya Saran,40,8,5,5,2
180,180,Vedhika Varma,38,5,1,6,1
181,181,Ryan Prashad,32,4,1,2,1
182,182,Gautami Datta,22,3,1,4,2
183,183,Hemal Kannan,64,4,1,5,2
184,184,Chaitanya Baria,56,6,2,4,2
185,185,Varenya Chaudhari,70,8,1,4,1
186,186,Tejas Deo,57,7,1,7,2
187,187,Dalaja Edwin,50,6,2,1,2
188,188,Qasim Prabhakar,27,3,2,5,2
189,189,Charan Choudhry,48,8,1,2,1
190,190,Lakshit Natt,73,8,1,2,2
191,191,Ekani Pandit,54,7,1,5,1
192,192,Raghav Shankar,73,6,6,5,2
193,193,Matthew Jayaraman,19,1,6,7,1
194,194,Ansh Manne,26,7,1,4,1
195,195,Damini Garg,20,5,3,7,2
196,196,Tamanna Ganesan,60,2,4,3,2
197,197,Ridhi Lad,38,9,1,7,1
198,198,Jairaj Bakshi,22,8,1,6,1
199,199,Isaiah Srinivas,73,3,1,1,1
200,200,Thomas Sehgal,69,4,1,1,2
201,201,Robert Swaminathan,49,8,5,3,1
202,202,Hemani Panchal,37,5,1,3,1
203,203,Gabriel Dhawan,21,3,1,1,1
204,204,Anjali Sachdeva,48,1,1,7,1
205,205,Ubika Kapur,28,4,3,3,1
206,206,Vasana Sarin,46,7,3,2,1
207,207,Chatresh Mahajan,44,3,7,5,2
208,208,Anika Patil,61,9,1,4,1
209,209,Mohammed Thakur,32,6,3,6,2
210,210,Janani Dewan,22,5,1,1,1
211,211,Jeremiah Kadakia,48,5,1,1,1
212,212,Jatin Jha,24,3,1,6,2
213,213,Akshay Wadhwa,25,9,2,5,1
214,214,Yoshita Kari,67,2,1,1,1
215,215,Zinal Deshpande,39,9,1,6,1
216,216,Sachi Kara,29,8,1,4,1
217,217,Jagdish Dhar,53,6,4,2,1
218,218,Panini Tata,19,9,3,2,2
219,219,Jason Krishna,54,6,1,1,1
220,220,Eta Dua,36,9,1,4,2
221,221,Hemal Zachariah,54,5,1,4,1
222,222,Nitesh Swamy,41,4,1,4,2
223,223,Krishna Pandit,64,9,1,2,2
224,224,Harita Rai,68,2,1,2,2
225,225,Eshana Barad,37,2,1,5,1
226,226,Gayathri Taneja,24,1,7,1,2
227,227,Champak Mishra,21,2,1,4,1
228,228,Ryan Sachdeva,30,3,1,7,1
229,229,Darpan Vig,48,7,6,5,2
230,230,Nitara Loke,53,6,1,6,1
231,231,Ucchal Sunder,68,2,1,1,1
232,232,Christopher Chacko,19,6,2,4,2
233,233,Mekhala Dey,62,5,4,2,1
234,234,Hredhaan Gill,26,2,1,5,1
235,235,Vaishnavi Koshy,26,7,7,4,2
236,236,Wriddhish Kulkarni,54,1,2,6,1
237,237,Gautam Keer,27,5,1,4,2
238,238,Indira Salvi,29,2,3,6,2
239,239,Nirja Nagarajan,20,8,2,5,1
240,240,Ansh Bajaj,20,9,1,7,2
241,241,Om Bawa,35,6,1,2,2
242,242,Radhika Setty,50,9,5,2,1
243,243,Tanveer Mandal,46,9,2,1,2
244,244,Upasna Deol,50,4,7,3,2
245,245,Elijah Chandran,73,7,1,5,1
246,246,Chasmum Rana,23,8,5,7,1
247,247,Dhriti Basu,30,9,1,3,2
248,248,Chatura Karpe,25,9,1,5,1
249,249,Isaiah Divan,70,3,6,5,2
250,250,Simon Agrawal,45,1,6,2,2
251,251,Triveni Srinivasan,57,2,1,6,1
252,252,George Rastogi,19,9,5,5,2
253,253,Neha Mane,59,4,5,5,1
254,254,Vrishti Sehgal,34,4,3,4,1
255,255,Jyoti Grewal,70,1,1,1,1
256,256,Bina Sidhu,64,8,6,1,2
257,257,Yashvi Sandal,36,5,1,1,2
258,258,Ishaan Shere,74,8,5,5,1
259,259,Farhan Lad,73,1,1,1,1
260,260,Chavvi Patel,33,7,2,5,1
261,261,Rayaan Choudhury,58,9,1,7,2
262,262,Manbir Som,61,4,1,6,1
263,263,Shivani Kibe,61,9,3,7,1
264,264,Vinaya Ratta,57,6,3,7,2
265,265,Amrita Sahni,24,4,3,4,2
266,266,Rehaan Singh,51,9,5,3,1
267,267,Urmi Edwin,20,3,4,3,2
268,268,Oscar Iyengar,27,8,7,6,2
269,269,Yahvi Balay,47,6,1,2,2
270,270,Chandresh Sarma,29,3,1,5,2
271,271,Hardik Dube,22,3,1,2,2
272,272,Urvi Om,60,9,1,2,2
273,273,Oeshi Patel,67,6,2,1,1
274,274,Zaitra Pathak,20,2,2,1,1
275,275,Frado Nigam,73,1,2,3,2
276,276,Abhiram Mammen,49,5,1,5,2
277,277,Gaurika Ramakrishnan,41,5,1,2,2
278,278,Ayaan Zacharia,46,2,1,1,2
279,279,Yashica Pandya,19,4,1,1,1
280,280,Vivaan Palla,70,5,2,3,1
281,281,Henry Narang,70,7,1,5,2
282,282,George Bhatia,47,9,4,1,1
283,283,Zilmil Rana,52,7,5,3,1
284,284,Kala Dani,55,6,1,1,1
285,285,Kavya Mitter,19,5,1,3,1
286,286,Geetika Purohit,20,5,1,5,1
287,287,Gaurav Rout,73,7,1,5,1
288,288,Jai Wali,63,3,1,5,1
289,289,Pranit Sachdeva,45,3,1,7,1
290,290,Daniel Nanda,48,8,7,2,1
291,291,Amruta Bhat,59,8,1,2,2
292,292,Sanaya Chacko,33,1,1,6,2
293,293,Aadi Bhasin,52,8,7,5,2
294,294,Megha Das,74,4,7,5,2
295,295,Anjali Korpal,21,4,5,3,2
296,296,Odika Suresh,36,1,4,5,1
297,297,Peter Anand,41,7,1,4,2
298,298,Timothy Bahri,39,9,1,1,1
299,299,Meghana Choudhry,44,5,7,4,1
300,300,Anusha Handa,38,3,1,6,2
301,301,Zansi Bassi,40,9,2,4,1
302,302,Aryan Kara,46,8,6,6,1
303,303,Arjun Natt,28,1,1,5,1
304,304,Sanya Dash,20,8,1,7,1
305,305,Dominic Chaudry,41,6,1,3,1
306,306,Sudiksha Rajagopalan,49,8,1,7,2
307,307,Ekansh Hari,74,2,1,4,1
308,308,Manan Singh,61,6,2,4,1
309,309,Harita Gulati,26,4,1,2,1
310,310,Falguni Gaba,32,3,1,4,1
311,311,Udant Karpe,32,3,3,6,1
312,312,Ethan Parmar,42,4,3,2,1
313,313,Owen Nori,52,8,6,5,2
314,314,Dhruv Dani,30,6,7,4,1
315,315,Yash Batra,47,5,1,3,2
316,316,Yashoda Rama,65,3,1,5,2
317,317,Kashvi Vora,25,5,6,6,2
318,318,Sarthak Kanda,67,4,3,5,2
319,319,Pavani Purohit,33,3,1,6,2
320,320,Frado Merchant,42,1,1,4,1
321,321,Unni Sankaran,63,3,1,3,1
322,322,Yachana Varghese,60,6,1,3,2
323,323,Sai Nath,46,9,1,7,1
324,324,Netra Ravi,57,8,2,4,1
325,325,Utkarsh Kadakia,54,8,3,3,1
326,326,Liam Dave,38,4,1,3,2
327,327,Samarth Raman,34,1,1,6,2
328,328,Peter Balay,41,6,1,5,1
329,329,Libni Mander,63,7,1,5,1
330,330,Onveer Narain,37,4,2,6,2
331,331,Dayita Sankaran,30,4,1,2,2
332,332,Luke Sehgal,29,5,2,2,1
333,333,Bhavna Shan,71,8,2,6,1
334,334,Maya Bassi,46,2,3,1,1
335,335,Yamini Nanda,49,2,1,2,2
336,336,Baljiwan Anne,57,6,1,6,1
337,337,Onkar Badami,59,7,1,5,2
338,338,Riya Batta,24,2,1,3,2
339,339,Darika Sawhney,36,7,3,7,2
340,340,Ayaan Atwal,54,9,1,2,1
341,341,Yauvani Chokshi,60,1,1,4,1
342,342,Oscar Aurora,30,4,3,2,1
343,343,Xalak Chaudry,29,1,7,7,2
344,344,Lavanya Vaidya,49,1,2,5,2
345,345,Chaman Jaggi,28,7,1,4,1
346,346,Falguni Desai,46,6,6,1,1
347,347,Ekanta Goswami,56,1,1,3,2
348,348,Panini Goda,73,2,6,7,1
349,349,Oliver Sinha,46,8,1,4,1
350,350,Ubika Mohan,36,9,1,3,2
351,351,Mohammed Gupta,26,5,5,6,2
352,352,Vyanjana Ravel,42,5,3,5,2
353,353,Jyoti Bhardwaj,24,2,1,2,2
354,354,Advika Shah,70,6,1,7,2
355,355,Faris Vasa,38,9,3,7,1
356,356,Darika Ahuja,33,8,2,3,1
357,357,Vidhi Gopal,25,1,1,5,1
358,358,Ikbal Ganesan,54,3,1,5,2
359,359,Amaira Amble,46,6,7,2,2
360,360,Vedika Solanki,57,1,3,3,1
361,361,Atharv Das,29,7,1,5,2
362,362,Finn Pall,24,4,1,4,2
363,363,Wridesh Kohli,44,6,1,2,2
364,364,Vamakshi Dasgupta,61,7,1,4,1
365,365,Udant Lad,50,7,1,1,1
366,366,Joshua Munshi,33,5,3,4,1
367,367,Lipika Sampath,65,9,6,5,2
368,368,Diya Dhillon,66,5,1,1,1
369,369,Anusha Sridhar,62,6,6,4,1
370,370,Charles Gola,21,5,1,1,1
371,371,Barkha Hayer,28,3,6,7,1
372,372,Tejas Hayre,21,5,3,6,2
373,373,Radha Dixit,50,9,4,6,1
374,374,Keya Chakraborty,27,2,3,6,2
375,375,Jagdish Dada,67,2,5,7,1
376,376,Hardik Nanda,52,4,1,7,1
377,377,Sarthak Dalal,43,8,1,7,1
378,378,Neel Chahal,36,9,5,5,1
379,379,Sai Dey,49,6,4,2,1
380,380,Aadhya Lad,54,3,1,7,2
381,381,Ekavir Luthra,71,8,2,4,2
382,382,Niharika Bhatti,33,9,1,7,1
383,383,Upkaar Mahal,36,5,4,4,2
384,384,Jatin Gill,46,8,5,7,1
385,385,Neha Sood,32,6,2,3,2
386,386,Zaid Sahota,75,6,3,3,2
387,387,Anya Sangha,70,9,4,3,2
388,388,Faraj Khatri,48,8,1,3,1
389,389,Nidra Atwal,38,3,1,2,1
390,390,Parth Borde,37,9,1,1,1
391,391,Isaiah Nigam,63,8,1,7,1
392,392,Aarnav Ramesh,33,5,1,5,2
393,393,Falguni Misra,65,2,2,2,1
394,394,Frado Wadhwa,46,7,2,7,1
395,395,Qabil Yadav,38,6,1,5,1
396,396,Jagrati Issac,51,7,3,3,1
397,397,Vrinda Tandon,72,8,1,4,2
398,398,Xiti Arya,48,2,1,2,1
399,399,Adya Kota,43,3,2,6,2
400,400,Ranbir Dixit,28,1,1,6,2
401,401,Andrew Iyengar,60,4,4,6,1
402,402,Imaran Luthra,74,1,1,5,2
403,403,Qasim Krishnan,30,5,1,2,1
404,404,Kalpit Dara,34,9,3,6,1
405,405,Omya Krishnan,18,7,1,1,2
406,406,Chakradev Bhat,19,1,5,3,1
407,407,Yashodhara Rajagopalan,54,8,7,4,2
408,408,Aarush Dutta,72,1,1,7,2
409,409,Bishakha Baral,35,8,1,5,1
410,410,Ekta Chacko,34,1,2,1,2
411,411,Dakshesh Anne,25,9,1,1,2
412,412,Ekta Luthra,62,7,3,2,2
413,413,Tripti Goyal,61,3,4,4,1
414,414,Meera Guha,73,9,2,6,2
415,415,Agastya Bassi,64,9,5,1,2
416,416,Frederick Jain,45,1,1,4,1
417,417,Daksh Loke,21,6,2,4,1
418,418,Arjun Karan,54,5,1,4,2
419,419,Jalsa Chad,28,1,2,4,1
420,420,Jyoti Lanka,37,8,2,5,2
421,421,Ekantika Datta,43,7,6,6,1
422,422,Victor Rajagopalan,64,2,1,4,1
423,423,Janani Som,26,3,3,5,1
424,424,Oviya Kibe,39,7,3,6,1
425,425,Kamya Bhagat,50,7,2,5,1
426,426,Upma Sabharwal,75,5,5,3,1
427,427,Yahvi Dyal,64,1,1,6,1
428,428,Vansha Munshi,69,4,7,3,2
429,429,Dayamai Guha,31,2,4,4,1
430,430,Chaitanya Sule,26,8,3,2,2
431,431,Ishanvi Mandal,44,8,1,2,2
432,432,Yadavi Doctor,61,2,1,6,2
433,433,Girik Kata,73,2,1,5,1
434,434,Sathvik Borde,48,4,1,6,2
435,435,Triveni Kuruvilla,37,1,1,2,2
436,436,Brijesh Bhandari,52,5,2,6,1
437,437,Girik Palla,63,3,1,2,1
438,438,Vedika Kala,31,4,3,3,1
439,439,Anamika Krishnan,37,8,3,2,1
440,440,Aashi Gour,23,5,1,1,1
441,441,Akshay Dora,44,8,1,3,1
442,442,Raghav Salvi,37,3,1,3,2
443,443,Damyanti Thakkar,66,7,7,3,2
444,444,Nicholas Sarin,24,6,1,2,2
445,445,Bimala Salvi,24,5,1,4,2
446,446,Ucchal Sachar,56,2,1,6,2
447,447,Oeshi Khurana,20,2,7,1,1
448,448,Maya Behl,67,1,1,3,2
449,449,Jonathan Thaman,62,8,2,6,1
450,450,Tristan Mishra,33,3,1,3,2
451,451,Pranit Chander,31,6,1,5,1
452,452,Dipta Seshadri,48,7,1,5,2
453,453,Jacob Oza,63,2,6,3,2
454,454,Tarak Patla,68,9,3,1,2
455,455,Anusha Subramaniam,34,4,4,4,2
456,456,Rudra Mand,42,6,1,2,1
457,457,Anita Nagar,38,1,1,6,1
458,458,Oliver Bandi,21,4,7,2,1
459,459,Quincy Parmar,56,4,1,7,1
460,460,Eiravati Apte,24,7,1,7,1
461,461,Eesha Nagarajan,45,7,3,3,1
462,462,Anvi Sama,61,8,1,3,2
463,463,Balhaar Walla,51,3,1,1,2
464,464,Anvi Nadig,55,7,1,3,2
465,465,Maya Misra,65,6,3,5,1
466,466,Liam Cheema,31,4,2,5,1
467,467,Charles Lad,36,9,6,2,1
468,468,Jagdish Date,54,4,1,7,2
469,469,George Lalla,39,2,2,7,1
470,470,Simon Arya,75,9,2,6,2
471,471,Yamini Cherian,24,8,6,6,1
472,472,Damyanti Chaudry,69,9,1,2,2
473,473,Frado Pandya,24,7,1,5,1
474,474,Ranbir Rau,65,2,1,4,2
475,475,Balendra Lata,61,4,4,1,2
476,476,Samesh Garg,56,4,4,1,2
477,477,Qasim Thakur,63,4,2,4,1
478,478,Ekaraj Ganesan,31,4,1,5,1
479,479,Priya Natt,50,8,1,7,2
480,480,Bina Kari,39,8,1,2,1
481,481,Daksha Nayak,51,7,1,7,2
482,482,Zarna Sule,43,6,1,2,1
483,483,Jagvi Jhaveri,75,8,3,3,2
484,484,Jason Sant,60,5,1,7,2
485,485,Chaitaly Aurora,62,1,1,3,1
486,486,Inaya Mander,25,1,1,4,1
487,487,Theodore Balay,30,4,1,4,1
488,488,Ekantika Dewan,45,8,6,3,1
489,489,Rajeshri Char,41,6,1,4,1
490,490,Oviya Chakrabarti,65,1,3,4,1
491,491,Jeremiah Rau,35,6,1,7,2
492,492,Gunbir Mannan,52,3,1,4,1
493,493,Warhi Deshpande,52,2,2,6,1
494,494,Yashasvi Sawhney,56,3,1,4,1
495,495,Lucky Khosla,22,8,1,1,2
496,496,Ayaan Mander,21,7,3,6,1
497,497,Aradhana Andra,55,8,2,1,1
498,498,Yochana Bhatnagar,30,2,1,4,2
499,499,Netra Bir,33,8,2,5,1
500,500,Owen Rajagopalan,75,2,4,2,2
501,501,Zayyan Swaminathan,44,7,1,1,2
502,502,Qasim Wable,25,9,1,1,2
503,503,Ekavir Brar,45,7,2,7,1
504,504,Arin Kapur,35,7,1,7,1
505,505,Adya Balan,71,8,1,1,1
506,506,Wakeeta Bora,57,8,6,1,1
507,507,Benjamin Chawla,72,4,1,3,1
508,508,Ladli Badami,40,4,1,7,1
509,509,Jack Sarma,24,9,1,2,1
510,510,Alexander Krish,74,1,7,7,1
511,511,Zashil Jha,73,1,1,1,2
512,512,Eiravati Thakur,53,3,3,1,2
513,513,Vihaan Mody,57,9,1,2,1
514,514,Bahadurjit Madan,22,9,2,1,1
515,515,Chaitanya Kapur,31,9,1,7,1
516,516,Atharv Nayar,29,2,1,2,1
517,517,Panini Venkataraman,68,9,3,2,2
518,518,Frederick Krish,43,9,1,7,1
519,519,Balhaar Parmer,63,3,6,5,1
520,520,Pranit Kuruvilla,45,3,1,5,1
521,521,Ishwar Barad,66,1,1,1,1
522,522,Faras Tripathi,41,9,2,7,2
523,523,Kamya Sagar,48,5,3,5,1
524,524,Kavya Singhal,45,5,1,3,2
525,525,Faras Kapur,46,4,1,5,1
526,526,Xavier Pathak,74,6,7,6,2
527,527,Saumya Sahota,29,9,3,7,1
528,528,Warda Hora,47,2,7,6,1
529,529,Kevin Varma,68,9,3,3,2
530,530,Gayathri Nayar,63,4,1,3,1
531,531,Qadim Upadhyay,25,6,2,7,1
532,532,Yashoda Mammen,46,2,7,3,1
533,533,Zarna Vohra,63,2,1,5,2
534,534,Benjamin Kade,36,2,1,1,2
535,535,Bhavya Lad,42,1,1,5,1
536,536,Samuel Trivedi,51,9,1,1,2
537,537,Baghyawati Sandhu,39,2,3,5,1
538,538,Falan Narain,74,6,5,4,1
539,539,Harish Verma,72,8,2,2,1
540,540,Alka Singhal,59,8,2,6,2
541,541,Aarush Saraf,72,5,1,1,1
542,542,Ikshita Sule,66,4,2,5,1
543,543,Theodore Chowdhury,44,9,7,6,2
544,544,Eiravati Comar,52,7,1,2,2
545,545,Amrita Tripathi,66,5,7,3,1
546,546,Theodore Nori,54,6,3,2,2
547,547,Kai Zacharia,22,7,1,4,2
548,548,Naksh Wason,62,9,1,5,2
549,549,Harsh Thaker,33,4,3,5,1
550,550,Ethan Thaman,64,8,1,6,1
551,551,Samaksh Chaudhry,58,1,3,5,1
552,552,Meera Pradhan,44,1,5,6,1
553,553,Vansha Chopra,65,5,1,7,1
554,554,Fiyaz Dhaliwal,57,8,2,6,2
555,555,Niharika Ahluwalia,32,5,1,6,2
556,556,Yoshita Bumb,38,9,5,1,2
557,557,Ojas Hora,75,1,1,6,1
558,558,Chaman Dalal,50,6,2,4,2
559,559,Lohit Mannan,60,2,1,2,2
560,560,Ekalinga Ahluwalia,56,9,1,4,2
561,561,Akshay Hans,48,2,2,2,2
562,562,Harsh Date,19,1,2,3,1
563,563,Aadi Naik,67,9,5,1,1
564,564,Wridesh Ramaswamy,33,8,1,3,1
565,565,Arunima Dhar,74,5,3,4,2
566,566,Ijaya Gokhale,37,5,1,5,1
567,567,Girindra Pillay,40,4,6,6,2
568,568,Zehaan Mahal,74,9,1,6,2
569,569,Urvashi Chawla,46,9,1,1,1
570,570,Rishi Badal,33,2,7,2,2
571,571,Amara Chacko,70,6,1,2,1
572,572,Harita Shukla,41,6,1,7,2
573,573,Eesha Bahri,18,1,2,5,1
574,574,Arya Dey,62,7,2,4,1
575,575,George Suri,35,4,4,6,2
576,576,Sarthak Oommen,33,8,1,4,1
577,577,Jack Varughese,22,2,1,2,2
578,578,Rachit Parmar,57,8,4,5,1
579,579,Kashvi Nazareth,38,1,1,6,1
580,580,Liam De,19,9,1,7,2
581,581,Damyanti Buch,47,8,2,2,1
582,582,Harish Sinha,71,9,1,7,2
583,583,Panini Ramesh,60,3,1,7,1
584,584,Janaki Oak,47,2,2,3,2
585,585,Girik Nori,68,5,1,6,2
586,586,Lila Srivastava,47,7,1,7,1
587,587,Hiral Chaudhuri,38,1,2,1,1
588,588,Neelima Sami,30,3,7,2,1
589,589,Rudra Varma,41,6,1,3,2
590,590,Geetika Minhas,67,1,1,4,1
591,591,Ishanvi Bansal,23,3,1,4,1
592,592,Banjeet Bose,46,3,2,3,2
593,593,Qarin Kurian,25,8,1,3,1
594,594,Pratyush Mane,28,1,1,6,1
595,595,Falguni Ramachandran,58,4,5,4,1
596,596,Madhavi Kumer,38,6,1,1,2
597,597,Daksha Manne,45,4,1,3,2
598,598,Indira Sankar,25,9,2,1,2
599,599,Pranav Dutt,23,5,1,4,1
600,600,Eesha Thakkar,62,6,7,4,1
601,601,Bhavya Aggarwal,26,3,1,3,1
602,602,Lakshit Thakur,60,9,3,4,1
603,603,Wriddhish Gill,52,7,1,5,2
604,604,Xiti Choudhry,65,3,1,3,2
605,605,Zinal Singhal,65,7,1,2,1
606,606,Hemang Dhingra,41,4,1,3,2
607,607,Lucky Kibe,62,7,1,6,2
608,608,Aarna Maharaj,48,7,3,3,1
609,609,Nathan Mody,48,6,2,1,2
610,610,Chavvi Divan,23,3,1,3,2
611,611,Nachiket Thaker,61,1,1,1,2
612,612,Vasatika Gill,36,1,1,7,1
613,613,Mason Mall,38,8,7,1,2
614,614,Yashica Bhavsar,47,6,2,1,2
615,615,Arunima Chand,75,5,1,6,1
616,616,Eiravati Bora,29,7,1,2,1
617,617,Zayan Ray,68,4,1,7,2
618,618,Harita Maharaj,34,5,2,4,1
619,619,Nihal Gola,63,4,2,7,1
620,620,Qadim Hari,58,4,1,3,2
621,621,Rehaan Randhawa,24,9,1,7,2
622,622,Gauri Pandya,27,9,1,6,2
623,623,Tanmayi Mahal,33,5,1,5,1
624,624,Xavier Dyal,46,4,1,5,2
625,625,Raksha Mane,66,4,1,2,2
626,626,Ryan Chakrabarti,35,8,1,1,2
627,627,Janaki Nath,28,2,2,3,2
628,628,Nirja Sane,64,2,5,1,1
629,629,Faqid Chanda,28,4,1,5,1
630,630,Harinakshi Setty,70,4,3,4,1
631,631,Umang Naidu,20,7,1,3,1
632,632,Atharv Walla,60,2,1,2,1
633,633,Teerth Pant,23,6,2,4,2
634,634,Mohini Issac,70,3,1,2,1
635,635,Vrinda Parmar,61,2,1,1,2
636,636,Tanmayi Babu,62,2,4,5,2
637,637,Frado Ramakrishnan,70,7,1,6,2
638,638,Logan Singhal,30,1,1,7,2
639,639,Samar Mohan,38,3,1,2,1
640,640,Harish Aurora,50,4,1,7,2
641,641,Aarini Dave,50,9,7,2,1
642,642,Barkha Cheema,56,4,1,7,2
643,643,Lekha Bava,41,9,3,7,2
644,644,Hemangini Guha,18,5,1,6,1
645,645,Hema Venkataraman,59,7,2,6,2
646,646,Jonathan Palan,68,7,1,5,1
647,647,Champak Walia,30,4,2,1,2
648,648,Harish Gandhi,70,8,3,1,1
649,649,Falan Krishnamurthy,71,8,2,2,2
650,650,Ekavir Kara,46,2,1,7,2
651,651,Urishilla Kata,64,2,1,5,1
652,652,Vidhi Manne,68,1,3,7,2
653,653,Dakshesh Cheema,55,4,5,1,2
654,654,Vinaya Prashad,70,7,1,4,1
655,655,Mohini Sankaran,30,3,7,1,1
656,656,Tanmayi Kulkarni,19,8,2,5,1
657,657,Ekanta Rattan,37,9,1,4,1
658,658,Vedika Panchal,72,5,1,5,1
659,659,Rushil Chander,67,8,2,4,1
660,660,Ekiya Kar,68,7,2,4,1
661,661,Vasudha Sarna,62,7,1,1,2
662,662,Adya Sankar,73,2,2,4,1
663,663,Faraj Desai,18,4,1,6,1
664,664,Ijaya Kapur,36,8,1,6,2
665,665,Idika Sood,69,7,1,6,1
666,666,Ganga Kaul,55,7,2,3,2
667,667,Robert Kothari,73,6,1,2,1
668,668,Lakshmi Som,41,3,1,1,1
669,669,Harinakshi Seth,33,3,1,2,1
670,670,Ekaraj Gera,62,9,1,4,1
671,671,Sai Balasubramanian,58,6,3,5,1
672,672,Ikshita Gole,18,9,5,1,1
673,673,Jasmit Dhaliwal,63,2,1,2,2
674,674,Sai Mandal,68,2,1,4,1
675,675,Veda Ramachandran,46,4,2,5,1
676,676,Raghav Chakraborty,58,8,1,5,1
677,677,Yashoda Prabhakar,20,6,2,5,1
678,678,Warhi Jhaveri,39,1,3,5,2
679,679,Chaitanya Dugal,69,9,1,3,1
680,680,Ojasvi Sachdev,31,3,3,7,2
681,681,Kabir Kapoor,60,4,2,1,1
682,682,Bhavani Yadav,45,5,2,1,1
683,683,Sai Datta,55,3,1,7,2
684,684,Wyatt Sarin,22,9,1,2,2
685,685,Eesha Bassi,43,9,3,2,1
686,686,Umang Gour,49,3,1,4,2
687,687,Naveen Dhar,66,4,2,3,2
688,688,Lakshmi Aggarwal,54,5,2,5,2
689,689,Varenya Dua,32,7,3,6,2
690,690,Rachana Mital,65,6,5,7,1
691,691,Nidra Sama,41,2,2,1,1
692,692,Januja Nazareth,44,6,1,1,2
693,693,Damyanti Kala,50,8,1,1,1
694,694,Teerth Nazareth,40,8,4,5,1
695,695,Nisha Nadig,73,9,1,7,2
696,696,Ansh Anand,62,5,2,4,1
697,697,Sanya Soman,46,9,6,5,1
698,698,Jagat Walia,35,4,3,2,1
699,699,Janani Sastry,61,6,2,5,2
700,700,Indrajit Hegde,38,1,5,6,2
701,701,Zinal Bajwa,69,6,4,4,1
702,702,Geetika Baria,43,3,1,7,1
703,703,Lajita Rama,63,6,4,6,1
704,704,Niharika Oommen,70,5,3,7,2
705,705,Arin Dave,70,8,1,7,1
706,706,Harita Bobal,23,5,1,1,2
707,707,Quincy Chand,22,6,4,7,2
708,708,Rudra Tandon,55,6,2,1,1
709,709,Fariq Goda,56,4,5,3,1
710,710,Tejas Sandhu,52,1,1,1,1
711,711,Sanaya Arora,27,5,1,7,1
712,712,Vrinda Munshi,20,1,1,4,1
713,713,Ekta Rau,69,5,4,6,1
714,714,Mugdha Pau,36,5,6,3,2
715,715,Urmi Doctor,66,7,6,7,1
716,716,Ira Cherian,42,8,1,4,2
717,717,Vritti Arya,22,5,1,5,1
718,718,Kala Solanki,38,7,6,6,1
719,719,Harini Narula,72,3,4,2,1
720,720,Vrinda Singhal,56,4,7,3,1
721,721,Turvi Lata,37,4,1,5,1
722,722,Yatin Kapoor,69,3,2,2,1
723,723,Yamini Mandal,68,2,1,6,1
724,724,Manbir Sekhon,72,9,6,4,2
725,725,Tamanna Majumdar,36,5,4,6,1
726,726,Eta Sood,55,7,1,4,1
727,727,Ekansh Dey,63,5,2,2,2
728,728,Gaurav Johal,54,8,3,4,1
729,729,Anirudh Uppal,23,9,7,5,2
730,730,Ikshita Buch,28,1,1,2,1
731,731,Kavya Vaidya,75,4,1,7,1
732,732,Eta Lad,25,6,6,3,1
733,733,Isaiah Barman,41,3,2,1,2
734,734,Dayita Arora,21,6,1,3,2
735,735,Hredhaan Acharya,72,7,1,1,2
736,736,Sai Raj,50,9,1,2,2
737,737,Jagdish Mittal,37,8,1,2,1
738,738,Vamakshi Ghosh,28,5,1,7,2
739,739,Dhruv Rao,21,2,1,2,1
740,740,Nitara Gill,65,5,1,7,1
741,741,Radhika Suresh,41,4,5,1,1
742,742,Ekani Palan,25,1,1,7,2
743,743,Gabriel Kulkarni,48,3,2,7,2
744,744,Brijesh Oza,26,5,1,6,1
745,745,Nitesh Karan,18,5,4,2,2
746,746,Raghav Acharya,48,8,3,5,1
747,747,Quincy Bora,61,1,1,7,1
748,748,Hemal Rama,57,5,1,3,1
749,749,Ekaja Panchal,33,4,7,6,2
750,750,Vinaya Chadha,40,6,1,5,2
751,751,Wyatt Singh,39,1,1,2,1
752,752,Ubika Maharaj,67,2,1,5,1
753,753,Nicholas Baral,73,3,7,7,2
754,754,Zaid Ahluwalia,75,1,3,5,2
755,755,Kevin Bajwa,62,6,1,4,2
756,756,Pahal Bhavsar,53,7,2,5,1
757,757,Sanaya Prakash,44,4,1,4,1
758,758,Kamya Bhasin,50,7,7,6,1
759,759,Chavvi Devan,55,9,1,1,1
760,760,Ekavir Dhingra,53,1,1,1,1
761,761,Niharika Bhasin,60,5,3,5,2
762,762,Bhavna Tank,42,1,6,5,2
763,763,Arunima Ramaswamy,19,4,2,2,1
764,764,Libni Devan,55,6,1,4,2
765,765,Zayan Loyal,67,5,1,7,1
766,766,Rayaan Pall,53,5,1,1,2
767,767,Liam Merchant,33,9,1,4,2
768,768,Manya Sule,48,2,1,3,2
769,769,Madhav Kumar,27,9,7,4,1
770,770,Aachal Talwar,46,6,3,3,1
771,771,Vamakshi Sarkar,59,6,1,4,2
772,772,Amrita Datta,21,6,1,7,2
773,773,Isaac Nazareth,19,4,2,3,2
774,774,Edhitha Kannan,41,5,1,5,2
775,775,Ati Chhabra,52,8,1,5,2
776,776,Saanvi Doctor,51,5,1,3,1
777,777,Faras Purohit,72,3,6,4,1
778,778,Upasna Bajwa,40,5,3,1,1
779,779,Hemani Parsa,66,1,1,2,2
780,780,Jeevika Lad,19,9,1,3,2
781,781,Nathan Chanda,61,8,3,4,1
782,782,Devika Ganesan,30,7,1,1,1
783,783,Rohan Bose,34,8,4,3,1
784,784,Yatan Anand,74,4,1,7,2
785,785,Suhani Gill,64,6,2,5,2
786,786,Laban Acharya,21,5,1,4,1
787,787,Zinal Pandya,54,3,5,3,1
788,788,Keya Mistry,44,7,4,4,1
789,789,Zayyan Sur,28,1,2,4,2
790,790,Yatan Dhingra,62,7,7,3,1
791,791,Indira Narula,53,7,2,7,1
792,792,Gaurika Sharma,67,6,1,7,1
793,793,Yoshita Bansal,25,8,3,5,1
794,794,Leena Majumdar,22,2,1,4,2
795,795,Rishi Sahni,18,4,1,6,2
796,796,Upadhriti Gandhi,72,4,1,2,2
797,797,Eta Vyas,50,2,2,1,1
798,798,Wishi Ravel,26,5,1,1,1
799,799,Xavier Gaba,68,2,2,4,1
800,800,Gauri Prabhakar,49,9,4,7,1
801,801,Eta Puri,73,4,5,3,2
802,802,Urishilla Goel,19,1,1,3,1
803,803,Fitan Baral,57,5,4,2,2
804,804,Nakul Varma,48,5,7,4,2
805,805,Hamsini Gaba,49,4,1,1,1
806,806,Balhaar Buch,63,2,3,1,1
807,807,Gaurangi Nagarajan,43,8,1,6,1
808,808,Mahika Handa,36,2,1,4,1
809,809,Nitesh Krishna,51,5,5,4,1
810,810,Arunima Jain,75,9,5,7,1
811,811,Ronith Saran,19,8,5,6,2
812,812,Udant Sengupta,29,6,1,4,1
813,813,Alka Agrawal,58,1,6,3,2
814,814,Omaja Babu,50,3,3,1,2
815,815,Akshay Sanghvi,35,6,2,4,2
816,816,Kai Kuruvilla,55,9,4,6,2
817,817,Dominic Madan,32,8,2,7,2
818,818,Ira Goda,65,8,1,6,1
819,819,Nicholas Dhingra,68,5,1,1,2
820,820,Veda Bhavsar,20,4,3,4,1
821,821,Sneha Guha,67,1,3,3,1
822,822,Frederick Desai,24,4,5,2,2
823,823,Harini Dar,49,5,1,3,1
824,824,Avni Oak,49,7,1,5,1
825,825,Harish Patil,18,6,1,5,1
826,826,Banjeet Muni,40,8,1,7,2
827,827,Upasna Patel,21,2,5,2,1
828,828,Tejas Date,68,4,1,4,1
829,829,Lipika Hans,19,1,1,7,2
830,830,Widisha Agarwal,49,6,1,6,1
831,831,Chakradhar Bora,58,2,3,7,1
832,832,Manan Dasgupta,56,5,1,6,1
833,833,Sachi Jaggi,41,3,1,2,2
834,834,Tara Viswanathan,34,3,3,1,1
835,835,Madhavi Madan,36,3,3,6,1
836,836,Aachal Chaudhary,36,7,1,2,2
837,837,Zayyan Konda,58,8,1,5,2
838,838,Manthan Bahri,20,2,2,5,2
839,839,Ryan Ratti,50,1,1,2,2
840,840,Wridesh Walia,51,6,6,4,1
841,841,Timothy Kala,43,5,2,2,1
842,842,Nilima Dara,51,5,3,1,1
843,843,Jagat Chander,25,7,4,6,2
844,844,Tarak Sabharwal,71,6,1,1,1
845,845,Avi Chatterjee,41,7,3,1,1
846,846,Darsh Sengupta,69,2,1,7,1
847,847,Kavya Banerjee,52,2,2,7,2
848,848,Ojasvi Chopra,21,2,3,6,1
849,849,Sneha Dugar,18,1,5,1,1
850,850,Gavin D’Alia,67,8,1,6,1
851,851,Vincent Date,29,9,5,1,2
852,852,Laban Gokhale,59,5,2,7,2
853,853,Ayushman Bali,68,6,1,7,1
854,854,Ira Munshi,39,6,3,6,1
855,855,Matthew Gill,45,5,1,2,2
856,856,Banjeet Tripathi,55,6,1,7,2
857,857,Advika Korpal,37,4,1,4,2
858,858,Ekanta Pingle,64,8,1,7,2
859,859,Niharika Johal,62,8,1,5,2
860,860,Amrita Batta,21,3,1,1,1
861,861,Advika Kuruvilla,19,2,3,5,1
862,862,Mugdha Loyal,69,1,1,7,1
863,863,Onkar Vig,72,2,7,3,1
864,864,Xavier Saini,43,4,3,6,2
865,865,Kashvi Mannan,42,6,5,3,1
866,866,Krishna Morar,25,5,1,1,1
867,867,Ikbal Pillay,20,1,3,4,1
868,868,Udyati Bhatia,53,4,1,7,1
869,869,Divya Das,52,4,1,6,1
870,870,Jatin Bava,73,7,6,6,1
871,871,Fiyaz Tiwari,63,9,2,7,2
872,872,Yash Purohit,19,7,1,2,1
873,873,Krish Bhardwaj,70,5,1,1,2
874,874,Vansha Oza,31,8,1,7,1
875,875,Aadhya Bansal,61,1,1,1,1
876,876,Megha Sangha,45,4,1,1,1
877,877,Christopher Venkatesh,18,1,1,4,2
878,878,Harish Gill,72,6,5,3,1
879,879,Aishani Mannan,51,8,1,1,1
880,880,Vivaan Prasad,50,6,4,3,2
881,881,Aadhya Gandhi,32,6,1,4,1
882,882,Leena Kothari,20,1,1,5,2
883,883,Chaitaly Dhaliwal,21,9,2,4,2
884,884,Tanvi Sahni,28,9,1,5,2
885,885,Lucky Saraf,47,3,1,6,2
886,886,Lavanya Radhakrishnan,41,9,3,2,1
887,887,Gayathri Dara,23,6,1,7,1
888,888,Vanya Kapur,20,8,1,7,2
889,889,Finn Hans,24,6,2,5,1
890,890,Chatura Setty,21,1,1,6,1
891,891,Baghyawati Raman,69,2,2,5,1
892,892,Urvi Rajagopalan,45,2,2,7,1
893,893,Rushil Jain,39,1,1,3,2
894,894,Onveer Jain,28,9,2,4,2
895,895,Aadi Raghavan,46,9,1,5,1
896,896,Aishani Bawa,59,4,1,4,2
897,897,Warjas Seth,27,8,2,1,2
898,898,Akshay Edwin,19,6,3,6,2
899,899,Ishwar Varma,23,1,1,7,2
900,900,Neha Taneja,33,2,1,2,2
901,901,Udarsh Palla,58,6,5,4,2
902,902,Mason Bora,48,1,1,7,2
903,903,Tanmayi Baral,28,6,6,2,2
904,904,Baljiwan Narayanan,64,7,1,6,1
905,905,Kalpit Misra,52,1,2,5,2
906,906,Siya Tripathi,69,8,1,1,2
907,907,Rachit Bal,66,1,1,5,2
908,908,Leena Doctor,26,8,1,4,1
909,909,Eesha Viswanathan,73,5,1,4,1
910,910,Amruta Balan,37,5,1,1,1
911,911,Kavya Loyal,48,5,1,5,1
912,912,Nidhi Gala,72,8,3,1,1
913,913,Hemal Wagle,36,3,3,6,2
914,914,Libni Nair,34,7,2,4,1
915,915,Jagdish Vala,35,1,1,2,2
916,916,Champak Issac,36,7,1,4,2
917,917,Eta Narang,66,2,5,5,2
918,918,Wazir Sandhu,39,1,4,1,2
919,919,Vanya Ahuja,22,4,1,1,2
920,920,Shivani Yohannan,68,7,5,4,2
921,921,Daksha Dani,62,7,1,7,1
922,922,Damyanti Pradhan,30,9,2,4,2
923,923,Harini Srivastava,47,7,1,5,1
924,924,Pallavi Sen,67,3,1,2,2
925,925,Jyoti Mani,26,5,1,3,1
926,926,Ryan Dhar,34,4,7,4,1
927,927,Hemani Bajwa,68,9,1,1,2
928,928,Inaya Srinivasan,18,8,4,6,1
929,929,Bachittar Nanda,63,5,1,5,1
930,930,Ria Dara,34,7,3,4,2
931,931,Orinder Dubey,28,4,5,5,2
932,932,Eta Borra,40,8,5,2,1
933,933,Omisha Das,54,5,7,2,2
934,934,Rachit Ghosh,52,3,7,1,1
935,935,Guneet Desai,37,9,1,1,2
936,936,Warjas Warrior,74,4,1,7,2
937,937,Triveni Bhavsar,21,7,1,1,1
938,938,George Mitter,57,3,3,5,2
939,939,Sarthak Dugar,60,7,1,5,2
940,940,Sanya Deshpande,70,3,5,3,2
941,941,Praneel Shah,71,8,3,3,2
942,942,Krish Doctor,61,8,1,1,2
943,943,Jeevika Palla,44,7,1,1,2
944,944,Veer Setty,69,7,5,6,2
945,945,Simon Bala,64,1,3,6,1
946,946,Darpan Ganesan,18,5,1,2,1
947,947,Anthony Sachar,70,4,1,7,2
948,948,Bhavika Bali,26,2,1,4,1
949,949,Kamya Mane,61,6,1,6,2
950,950,Yoshita Das,23,6,3,6,1
951,951,Pallavi Varty,36,8,1,5,2
952,952,Frado Hayre,34,2,2,7,2
953,953,Gaurangi Buch,20,8,1,3,1
954,954,Sanya Sandhu,70,4,6,3,1
955,955,Meera Sarkar,53,8,7,5,1
956,956,Azad Bhandari,68,3,1,7,2
957,957,Vedika Sibal,49,5,2,3,2
958,958,Chameli Taneja,35,6,5,5,1
959,959,Harsh Roy,39,6,7,6,2
960,960,Amaira Kothari,37,5,3,1,2
961,961,Unni Behl,40,8,1,3,1
962,962,Sai Bains,52,8,5,3,2
963,963,Siya Parekh,61,7,2,3,1
964,964,Chakradhar Sahota,38,8,1,2,2
965,965,Nakul Vaidya,21,3,1,3,2
966,966,Aarna Chakrabarti,60,8,1,2,1
967,967,Gauri Purohit,56,3,1,7,2
968,968,Max Bhattacharyya,34,8,5,3,1
969,969,Xavier Ray,72,8,4,1,2
970,970,Mugdha Walia,28,5,1,2,1
971,971,Sai Bir,35,7,3,7,1
972,972,Ishita Gade,45,3,2,3,1
973,973,Aachal Nagi,49,1,3,7,2
974,974,Adweta Dash,72,6,2,7,2
975,975,Omaja Ratti,44,2,2,5,2
976,976,Maanav Chatterjee,75,6,1,4,1
977,977,Meghana Sarraf,30,2,1,1,1
978,978,Harini Lal,47,1,1,1,2
979,979,Urvi Brar,22,1,1,6,2
980,980,Jeremiah Chaudhry,47,8,1,2,1
981,981,Chanchal Wali,49,2,1,1,1
982,982,Chandresh Narain,63,2,7,5,1
983,983,Timothy Handa,30,1,3,4,1
984,984,Gayathri Mann,61,3,1,7,2
985,985,Chatresh Andra,70,6,1,4,2
986,986,Priya Sridhar,31,7,1,1,1
987,987,Darpan Ahuja,75,3,2,1,2
988,988,Nilima Lall,52,6,1,4,1
989,989,Triya Palla,72,4,2,4,2
990,990,Jatin Kaul,39,8,1,7,2
991,991,Azad Sanghvi,25,7,1,6,1
992,992,Vyanjana Chad,26,7,3,2,1
993,993,Ojas Suri,69,6,1,5,1
994,994,Libni Karpe,66,2,4,6,1
995,995,Meghana Sastry,75,6,6,6,2
996,996,Teerth Seshadri,29,1,5,3,1
997,997,Yadavi Vala,75,4,1,3,1
998,998,Henry Mahal,23,6,5,1,2
999,999,Zayyan Gill,51,7,1,4,1
1000,1000,Ayushman Ramanathan,48,2,7,3,2
1001,1001,Jairaj Basu,40,6,7,7,1
1002,1002,Victor Gill,48,1,1,6,2
1003,1003,Libni Dara,58,1,1,6,2
1004,1004,Wahab Mann,19,4,1,6,2
1005,1005,Oviya Devi,37,1,1,3,2
1006,1006,Arya Narayan,54,5,1,2,2
1007,1007,Chakradhar Sarin,39,4,4,7,1
1008,1008,Chandani Chadha,66,5,1,6,2
1009,1009,Harish Rastogi,62,4,2,2,2
1010,1010,Lohit Purohit,64,6,2,1,2
1011,1011,Vivaan Zacharia,62,7,1,7,1
1012,1012,Janani Setty,62,1,1,4,2
1013,1013,Rachit Rai,32,7,1,4,1
1014,1014,Gautami Uppal,58,6,1,1,1
1015,1015,Gautam Devi,64,6,1,2,1
1016,1016,Lohit Sood,68,5,2,4,1
1017,1017,Henry Pal,33,3,1,5,1
1018,1018,Chandran Bhatnagar,59,9,1,7,1
1019,1019,Falak Mammen,55,7,1,5,2
1020,1020,Naveen Lala,64,8,2,6,1
1021,1021,Pranav Sheth,28,1,7,6,1
1022,1022,Ryan Bassi,69,1,3,6,1
1023,1023,Gabriel Thaman,50,4,3,4,2
1024,1024,Jack Sachdev,53,5,1,3,2
1025,1025,Neha Kapadia,18,4,1,7,2
1026,1026,Radhika Barad,74,3,6,2,1
1027,1027,Ganga Natt,62,7,2,1,1
1028,1028,Mekhala Dutta,43,9,1,7,1
1029,1029,Yashica Rama,34,6,1,6,2
1030,1030,Amrita Chacko,43,6,6,7,1
1031,1031,Indrajit Nazareth,63,5,1,2,1
1032,1032,Caleb Tailor,23,4,1,4,2
1033,1033,Vihaan Bhatti,62,3,1,5,1
1034,1034,Jonathan Balay,42,8,1,4,2
1035,1035,Chakradev Pathak,56,3,2,3,1
1036,1036,Lila Sarna,50,4,5,7,1
1037,1037,Krishna Dugar,46,4,3,7,2
1038,1038,Aadhya De,43,6,3,1,2
1039,1039,Mason Kanda,34,8,1,5,1
1040,1040,Yashvi Kulkarni,58,4,5,3,2
1041,1041,Laban Ahuja,69,1,1,7,1
1042,1042,Pallavi Muni,50,5,7,2,1
1043,1043,Rachit Brahmbhatt,33,9,1,3,2
1044,1044,Sai Contractor,72,8,1,2,2
1045,1045,Vrinda Agrawal,31,1,3,2,1
1046,1046,Siddharth Wason,73,5,1,3,1
1047,1047,Yashoda Srinivasan,42,8,2,1,2
1048,1048,Tanay Menon,64,2,5,3,1
1049,1049,Dominic Sama,66,8,1,1,1
1050,1050,Karan De,40,5,1,1,2
1051,1051,Kashish Hari,23,7,2,1,1
1052,1052,Mitali Char,31,5,2,2,2
1053,1053,Ekalinga Ram,51,5,2,6,1
1054,1054,Yachana Bhalla,49,1,3,5,2
1055,1055,Darpan Mitter,45,5,3,6,1
1056,1056,Raagini Raman,40,5,2,6,2
1057,1057,Oliver Setty,49,5,1,7,1
1058,1058,Harrison Varma,35,2,1,4,1
1059,1059,Sai Nigam,41,6,2,5,2
1060,1060,Samaksh Banerjee,30,5,2,4,2
1061,1061,Madhavi Luthra,25,3,1,2,1
1062,1062,Rajeshri Prabhakar,24,9,1,3,1
1063,1063,Gaurangi Mohan,52,3,1,2,2
1064,1064,Ekantika Prabhu,64,3,2,2,2
1065,1065,Amaira Golla,28,3,1,7,1
1066,1066,Jackson Mitra,29,2,1,6,2
1067,1067,Jairaj Tandon,34,3,1,3,2
1068,1068,Patrick Sant,47,6,1,4,2
1069,1069,Sai Shere,22,4,5,7,1
1070,1070,David Batra,42,2,1,4,1
1071,1071,Eshana Venkataraman,64,7,2,7,1
1072,1072,Robert Dar,22,8,1,7,1
1073,1073,Rushil Dara,60,8,2,3,1
1074,1074,Patrick Bala,57,7,1,6,2
1075,1075,Urvi Kapadia,38,5,3,5,2
1076,1076,Chakradev Vaidya,71,9,1,2,1
1077,1077,Hardik Atwal,39,1,2,1,1
1078,1078,Aarna Rau,69,8,1,2,2
1079,1079,Maanav Kadakia,60,5,3,1,1
1080,1080,Nidhi Bhandari,58,7,1,7,2
1081,1081,Yash Bhavsar,59,6,3,2,2
1082,1082,Veer Mody,32,9,1,5,1
1083,1083,Dakshesh Trivedi,45,2,3,1,2
1084,1084,Owen Bhavsar,38,5,7,2,1
1085,1085,Qasim Bhasin,73,2,1,1,1
1086,1086,Laban Chakraborty,61,5,1,4,1
1087,1087,Nidra Bansal,48,3,1,3,1
1088,1088,Vihaan Buch,73,7,1,6,1
1089,1089,Triveni Nori,73,9,5,3,1
1090,1090,Azaan Vala,24,3,5,3,1
1091,1091,Ekapad Pandey,32,5,1,3,2
1092,1092,Tanmayi Mander,31,7,1,6,1
1093,1093,Nandini Mishra,43,7,1,4,2
1094,1094,Niharika Konda,43,7,1,4,1
1095,1095,Quincy Shetty,52,5,3,6,2
1096,1096,Naveen Shere,37,1,7,1,2
1097,1097,Odika Saran,24,1,4,4,1
1098,1098,Anya Seshadri,25,3,1,5,2
1099,1099,Nakul Chawla,28,7,2,4,1
1100,1100,Kamala Nayar,60,7,1,2,2
1101,1101,Rachita Modi,66,4,1,2,2
1102,1102,Ishani Wadhwa,60,4,6,3,1
1103,1103,Jalsa Misra,31,1,1,6,1
1104,1104,Chaman Goswami,38,1,1,2,2
1105,1105,Robert Mukherjee,35,4,4,7,1
1106,1106,Avni Raj,25,7,1,7,1
1107,1107,Adya Guha,57,5,1,1,1
1108,1108,Gayathri Dutta,18,3,2,1,1
1109,1109,Krish Narayanan,52,7,1,3,1
1110,1110,Priya Shan,70,8,2,2,2
1111,1111,Farhan Ghose,52,1,1,4,1
1112,1112,Gavin Sha,57,2,3,5,2
1113,1113,Abha Sachdev,45,5,1,3,2
1114,1114,Harinakshi Tiwari,46,3,3,2,2
1115,1115,Quincy Chaudhry,22,3,1,3,2
1116,1116,Hemang Krishnamurthy,35,6,1,7,1
1117,1117,Waida Rama,35,5,1,2,1
1118,1118,Rohan Jain,69,7,1,4,1
1119,1119,Advaith Prasad,59,6,6,3,1
1120,1120,Shaurya Dutta,33,4,2,6,2
1121,1121,Sneha Tank,41,5,1,5,2
1122,1122,Mohini Palla,24,3,1,7,1
1123,1123,Jackson Bora,49,9,5,4,2
1124,1124,Mitesh Rege,47,9,3,4,2
1125,1125,Robert Jayaraman,35,7,1,2,2
1126,1126,Oscar Bose,37,5,4,2,2
1127,1127,Neelima Misra,75,3,1,3,2
1128,1128,Dalaja Deol,48,5,3,5,2
1129,1129,Lipika Ratti,53,9,1,2,1
1130,1130,Isaac Dhaliwal,75,4,1,5,1
1131,1131,Isaiah Manda,31,5,2,1,1
1132,1132,Theodore Sankaran,38,5,1,3,1
1133,1133,Chakradhar Narain,18,2,2,2,1
1134,1134,Yagnesh Karan,51,1,6,5,1
1135,1135,Ishaan Rau,47,3,1,1,2
1136,1136,Falan Gupta,75,7,1,1,1
1137,1137,Vasatika Tailor,66,2,3,4,1
1138,1138,Nimrat Dada,35,8,1,2,1
1139,1139,Mahika Puri,43,8,4,4,1
1140,1140,Hemal Nanda,71,5,3,1,1
1141,1141,Nisha Sampath,42,7,2,3,2
1142,1142,Damyanti Tank,27,1,3,5,1
1143,1143,Yashodhara Hari,67,6,2,1,2
1144,1144,Yutika Ramesh,59,5,1,7,1
1145,1145,Balveer Ranganathan,71,6,1,4,1
1146,1146,Timothy Acharya,74,2,1,6,1
1147,1147,Idika Sagar,51,8,1,3,2
1148,1148,Chakradhar Pai,50,1,1,3,2
1149,1149,Gunbir Lal,19,6,1,7,1
1150,1150,Anirudh Dani,64,8,5,4,1
1151,1151,Isaiah Jani,27,5,1,5,1
1152,1152,Pahal Rattan,35,3,1,2,1
1153,1153,Laksh Murty,19,4,1,5,1
1154,1154,Bhavya Nanda,45,7,4,7,2
1155,1155,Dhriti Ahuja,38,2,1,2,1
1156,1156,Tejas Chaudry,27,9,1,5,1
1157,1157,Ubika Talwar,35,6,2,5,2
1158,1158,Hiral Dey,55,3,1,5,1
1159,1159,Vrinda Pillay,32,8,1,7,1
1160,1160,Aarna Sem,33,1,3,5,1
1161,1161,Isaac Shenoy,71,3,4,3,1
1162,1162,Sai Khatri,65,5,2,4,1
1163,1163,Varsha Soman,45,7,1,4,1
1164,1164,Falak Kara,27,5,6,6,2
1165,1165,Nicholas Rao,48,8,1,4,1
1166,1166,Udarsh Kadakia,36,1,1,5,2
1167,1167,Balhaar Choudhury,19,2,2,6,1
1168,1168,Bina Mani,50,7,2,4,1
1169,1169,Onkar Prabhakar,52,7,1,3,2
1170,1170,Charan Gola,34,5,2,6,2
1171,1171,Siya Bumb,23,7,2,1,2
1172,1172,Hardik Lata,19,1,1,1,2
1173,1173,Teerth Balan,38,7,1,6,2
1174,1174,Champak Prabhakar,64,8,5,6,1
1175,1175,Ucchal Arora,33,9,6,3,1
1176,1176,Urvi Mohanty,56,2,4,6,2
1177,1177,Harrison Thakkar,30,7,1,7,2
1178,1178,Hemal Wali,53,7,1,1,1
1179,1179,Qushi Chana,59,7,2,7,2
1180,1180,Idika D’Alia,67,4,1,4,1
1181,1181,Urishilla Sunder,26,6,2,2,1
1182,1182,Nimrat Agrawal,59,3,1,1,1
1183,1183,Bakhshi Cheema,62,1,3,6,2
1184,1184,Kashvi Dash,74,4,1,6,1
1185,1185,Adya Lad,18,9,2,5,1
1186,1186,Abha Aggarwal,72,1,1,1,2
1187,1187,Yashodhara Sha,73,3,2,5,1
1188,1188,Jatin Setty,48,9,1,1,2
1189,1189,Yahvi Virk,64,8,1,2,2
1190,1190,Bhanumati Soman,21,1,1,1,2
1191,1191,Arin Grewal,66,9,2,3,2
1192,1192,Abhimanyu Loyal,72,6,1,4,2
1193,1193,Anika Prabhu,66,4,3,4,1
1194,1194,Peter Prakash,29,1,1,4,1
1195,1195,Hritik Walla,52,5,3,4,2
1196,1196,Tanveer Bedi,53,8,4,7,2
1197,1197,Ekaraj Patel,40,3,6,1,1
1198,1198,Yagnesh Deshpande,67,6,1,1,2
1199,1199,Girik Chopra,28,2,1,5,2
1200,1200,Lucky Grewal,48,2,2,3,1
1201,1201,Chatura Dhillon,26,3,1,7,1
1202,1202,Alexander Dhawan,59,1,1,3,2
1203,1203,Keya Bajaj,54,2,1,2,2
1204,1204,Nilima Brar,67,5,1,3,1
1205,1205,Karan Cherian,75,6,3,7,1
1206,1206,Aadhya Srinivas,18,8,1,5,1
1207,1207,Xiti Vora,75,5,1,3,1
1208,1208,Raksha Chakrabarti,59,9,1,1,1
1209,1209,Caleb Bedi,56,8,1,3,2
1210,1210,Anamika Sen,29,1,5,3,1
1211,1211,Om Bhatti,67,3,1,3,2
1212,1212,Yuvraj Manne,58,1,1,7,1
1213,1213,Nidra Agate,67,9,1,4,2
1214,1214,Fitan Sandal,35,2,1,1,2
1215,1215,Theodore Krish,50,1,3,1,2
1216,1216,Dayamai Doctor,55,8,6,7,2
1217,1217,Arunima Sachar,34,5,1,1,1
1218,1218,Rachana Sathe,50,9,1,5,1
1219,1219,Yashica Doshi,45,7,1,5,2
1220,1220,Laban Sibal,50,6,2,5,1
1221,1221,Tristan Padmanabhan,47,4,1,3,2
1222,1222,Hiral Badami,39,7,1,7,1
1223,1223,Arjun Bhagat,53,4,1,1,2
1224,1224,Ekapad Panchal,32,3,2,6,2
1225,1225,Radhika Nair,65,7,4,7,1
1226,1226,Leela Bakshi,32,5,1,4,1
1227,1227,Omkaar Gade,52,2,1,1,1
1228,1228,Anya Bose,53,7,1,7,2
1229,1229,Sarthak Pathak,28,3,3,7,2
1230,1230,Damyanti Bera,57,4,5,4,1
1231,1231,Zayyan Parekh,54,5,1,4,1
1232,1232,Rohan Buch,46,6,1,3,1
1233,1233,Dhruv Wable,31,7,1,6,2
1234,1234,Aashi Badami,26,4,7,1,1
1235,1235,Jagat Ratti,52,9,4,4,2
1236,1236,Lucky Chaudhry,19,7,1,7,2
1237,1237,Vaishnavi Dada,63,7,1,6,1
1238,1238,Yashica Kuruvilla,54,1,1,7,1
1239,1239,Ojas Wadhwa,73,7,3,1,1
1240,1240,Isaac Sagar,66,4,1,2,2
1241,1241,Zayan Srivastava,59,1,1,1,2
1242,1242,Indira Shroff,69,1,1,4,1
1243,1243,Rishi Deshmukh,19,6,7,4,1
1244,1244,Lopa Savant,66,3,5,3,1
1245,1245,Christopher D’Alia,62,1,1,3,1
1246,1246,Aarna Dugar,26,7,4,3,2
1247,1247,Falan Aurora,31,1,5,6,2
1248,1248,Gautam Chander,53,9,1,7,2
1249,1249,Yatin Nazareth,68,3,3,7,1
1250,1250,Vivaan Pradhan,74,2,1,7,2
1251,1251,Triya Dyal,24,4,7,2,1
1252,1252,Dhruv Sathe,60,9,1,5,1
1253,1253,Vasana Bhat,18,7,1,3,1
1254,1254,Pratyush Rajagopal,30,4,1,4,2
1255,1255,Quincy Varty,60,7,1,2,1
1256,1256,Ishita Dass,41,5,7,4,1
1257,1257,Idika Bal,61,4,1,3,1
1258,1258,Aarini Andra,26,1,1,5,1
1259,1259,Aachal Dutt,58,6,2,1,2
1260,1260,Tamanna Jhaveri,58,6,1,6,2
1261,1261,Harshil Cherian,65,9,1,7,1
1262,1262,Nakul Prabhu,28,9,1,6,1
1263,1263,Pranit Sachdev,68,9,6,6,2
1264,1264,Anirudh Kalita,70,3,6,3,2
1265,1265,Advay Bali,57,3,5,1,1
1266,1266,Krisha Kapur,52,3,3,5,1
1267,1267,Bachittar Rao,60,3,3,7,2
1268,1268,Wakeeta Gole,31,5,3,3,1
1269,1269,Pushti Bhargava,67,3,6,2,2
1270,1270,Vrinda Lanka,28,8,1,6,1
1271,1271,Anthony Gara,59,6,2,1,1
1272,1272,Ijaya Hans,24,5,1,7,1
1273,1273,Hemangini Bhargava,67,4,1,2,1
1274,1274,Yatin Ramesh,68,2,4,6,1
1275,1275,Idika Yohannan,26,9,1,7,1
1276,1276,Amruta Madan,41,8,7,5,2
1277,1277,Dhriti Desai,49,7,2,7,2
1278,1278,Alexander Rajagopalan,34,9,1,6,2
1279,1279,Kabir Sampath,57,5,1,2,1
1280,1280,Jai Sen,75,1,2,3,2
1281,1281,Darsh Halder,53,1,3,3,2
1282,1282,Liam Chaudhry,41,4,1,2,1
1283,1283,Mitesh Chander,35,8,4,5,2
1284,1284,Rushil Joshi,46,7,2,4,2
1285,1285,Onveer Nagi,39,1,1,3,1
1286,1286,Kashvi Buch,22,8,1,2,2
1287,1287,Zayan Gole,41,8,1,3,1
1288,1288,Balveer Desai,43,7,6,1,1
1289,1289,Vincent Borde,44,3,1,5,2
1290,1290,Peter Desai,22,1,1,5,1
1291,1291,Mugdha Choudhry,28,7,3,6,2
1292,1292,Manan Kapoor,42,9,7,1,2
1293,1293,Ikshita Majumdar,70,2,2,6,2
1294,1294,Vansha Salvi,74,2,1,6,2
1295,1295,Ranbir Gera,57,9,5,3,2
1296,1296,Hemani Sangha,68,4,1,2,2
1297,1297,Laksh Sahota,18,8,1,4,1
1298,1298,Dev Arora,54,5,1,1,1
1299,1299,Bachittar Kannan,56,3,2,2,1
1300,1300,Anya Kala,38,7,1,1,2
1301,1301,Indali Sagar,68,4,1,6,1
1302,1302,Sneha Soman,27,6,3,4,1
1303,1303,Vedant Kota,55,1,1,5,2
1304,1304,Ria Kakar,55,9,1,5,2
1305,1305,Tejas Thakkar,36,4,1,6,1
1306,1306,Anthony Mittal,27,8,2,6,2
1307,1307,Rachit Bhat,54,8,2,5,1
1308,1308,Mitesh Sahota,24,8,3,7,1
1309,1309,Darika Lala,30,2,2,7,1
1310,1310,Eta Mittal,35,7,1,6,1
1311,1311,Praneel Bhatt,58,1,1,6,2
1312,1312,Anita Kata,50,4,7,4,2
1313,1313,Oeshi Sinha,71,4,2,3,1
1314,1314,Lucky Vaidya,55,3,2,1,1
1315,1315,Samar Balasubramanian,67,6,1,2,1
1316,1316,Noah Sachdeva,62,5,1,7,1
1317,1317,Manan Varty,58,1,2,1,2
1318,1318,Imaran Garg,64,8,1,1,2
1319,1319,Tejas Nanda,51,8,4,5,1
1320,1320,Tanveer Reddy,28,4,1,3,1
1321,1321,Januja Kothari,53,8,2,7,2
1322,1322,Aadi Deo,55,4,1,5,2
1323,1323,Tristan Sandal,28,6,1,7,1
1324,1324,Arya Babu,39,6,6,1,1
1325,1325,Max Hora,51,5,1,2,2
1326,1326,Aahana Grewal,70,7,2,1,2
1327,1327,Ranbir Pai,29,9,2,2,1
1328,1328,Kashish Saraf,33,4,6,1,1
1329,1329,Frado Dubey,41,4,5,3,2
1330,1330,Bimala Mishra,68,6,2,3,1
1331,1331,Zaitra Tandon,37,2,2,5,2
1332,1332,Vivaan Nayar,59,2,6,3,1
1333,1333,Urvi Patla,33,5,1,1,1
1334,1334,Qushi Nath,20,5,1,4,1
1335,1335,Umang Bora,31,9,1,2,2
1336,1336,Manan Nath,64,9,1,7,2
1337,1337,Chaaya Mukherjee,70,8,4,4,2
1338,1338,Faraj Bora,29,6,1,4,1
1339,1339,Leela Hans,30,7,1,4,1
1340,1340,Girish Nagi,58,4,1,3,2
1341,1341,Eiravati Muni,66,4,4,3,1
1342,1342,Naveen Baral,68,8,1,5,1
1343,1343,Max Ramanathan,74,2,1,1,2
1344,1344,Warjas Oommen,32,2,1,4,1
1345,1345,Yahvi Tripathi,27,9,1,5,1
1346,1346,Kritika Chaudhry,47,1,1,4,1
1347,1347,Neha Bali,64,9,5,2,1
1348,1348,Upkaar Singhal,54,5,1,7,1
1349,1349,Laksh Hegde,18,9,6,4,1
1350,1350,Harinakshi Kohli,27,8,1,5,1
1351,1351,Agastya Devi,18,5,1,4,1
1352,1352,Maya Khalsa,30,2,3,1,2
1353,1353,Abhiram Dara,27,1,1,3,2
1354,1354,Ryan Sharma,32,5,3,6,2
1355,1355,Qushi Bassi,43,8,4,5,2
1356,1356,Baghyawati Mangal,45,6,1,3,1
1357,1357,Manthan Dasgupta,54,3,6,1,2
1358,1358,Saumya Dube,40,1,5,3,1
1359,1359,Avi Bobal,71,5,1,1,2
1360,1360,Chatura Palan,34,9,3,5,1
1361,1361,Shaurya Korpal,33,4,1,4,1
1362,1362,Tanay Chatterjee,60,8,1,4,1
1363,1363,Tanish Sanghvi,55,5,1,6,2
1364,1364,Meghana Amble,51,3,1,1,2
1365,1365,Quincy Gade,64,3,7,1,2
1366,1366,Nidhi Mann,47,1,3,2,2
1367,1367,Krisha Grover,32,6,2,7,2
1368,1368,Lohit Batra,61,4,1,7,2
1369,1369,Anthony Chandra,74,6,2,6,2
1370,1370,Manthan Andra,48,2,2,3,2
1371,1371,Hema Date,29,5,2,7,1
1372,1372,Ayushman Aggarwal,19,8,3,6,2
1373,1373,Rachana Dora,47,1,1,5,2
1374,1374,Sarthak Pathak,21,4,5,5,1
1375,1375,Krishna Mani,25,5,2,7,1
1376,1376,Yashawini Ganesh,74,2,1,3,1
1377,1377,Ekavir Mandal,33,8,7,4,1
1378,1378,Bakhshi Murty,38,6,5,5,2
1379,1379,Aarini Raj,51,3,1,3,1
1380,1380,Daksha Tank,49,1,1,2,1
1381,1381,Yochana Thaker,21,8,1,1,2
1382,1382,Aadhya Pingle,26,1,7,7,1
1383,1383,Sachi Luthra,18,6,2,1,2
1384,1384,Lohit Sahni,59,2,1,1,1
1385,1385,Eiravati Sengupta,41,3,1,2,2
1386,1386,Wakeeta Pandey,73,2,1,2,2
1387,1387,Geetika Verma,22,2,1,5,2
1388,1388,Ira Kumer,44,3,7,2,2
1389,1389,Eesha Singhal,70,7,1,6,2
1390,1390,Udant Balasubramanian,42,2,1,7,1
1391,1391,Amruta Choudhary,32,1,1,3,2
1392,1392,Krishna Swamy,43,2,4,1,1
1393,1393,Chakradev Dey,67,9,1,3,2
1394,1394,Irya Wali,43,9,3,3,2
1395,1395,Triveni Patil,47,8,1,3,2
1396,1396,Yoshita Malhotra,33,4,1,1,1
1397,1397,Krisha Mammen,66,6,2,3,1
1398,1398,Aarnav Rajagopalan,32,9,2,3,1
1399,1399,Oeshi Bajaj,26,3,4,3,1
1400,1400,Max Garg,63,9,1,7,1
1401,1401,Avni Shukla,62,2,2,5,1
1402,1402,Watika Murthy,51,3,4,4,1
1403,1403,Kala Uppal,47,4,1,5,1
1404,1404,Yauvani Savant,28,6,3,3,1
1405,1405,Pranit Contractor,19,3,1,4,1
1406,1406,Avi Suresh,62,4,3,7,1
1407,1407,Suhani Deo,60,9,5,7,1
1408,1408,Triveni Vaidya,38,1,1,4,2
1409,1409,Ekantika Narayan,23,1,1,7,1
1410,1410,Ati Lall,31,5,3,3,1
1411,1411,Devansh Morar,52,7,1,2,1
1412,1412,Sanya Yogi,45,2,1,5,2
1413,1413,Adya Sabharwal,37,9,7,3,1
1414,1414,Chanchal Bains,30,7,1,7,2
1415,1415,Manan Sarna,59,1,7,5,2
1416,1416,Utkarsh Gill,20,1,3,3,2
1417,1417,Aachal Yogi,42,9,1,5,1
1418,1418,Ishanvi Mander,19,2,4,6,1
1419,1419,Nidhi Bora,42,7,6,4,1
1420,1420,Libni Bhardwaj,35,6,3,3,1
1421,1421,Saksham Balakrishnan,73,6,3,4,2
1422,1422,Jatin Purohit,59,9,1,6,2
1423,1423,Arunima Ghosh,42,6,3,1,1
1424,1424,Balveer Bora,53,7,1,4,2
1425,1425,Ishita Babu,65,7,6,7,2
1426,1426,Yatan Palla,57,4,1,5,2
1427,1427,Damyanti Dey,65,8,1,6,1
1428,1428,Qadim Sunder,37,5,2,1,2
1429,1429,Anika Mani,64,1,1,3,1
1430,1430,Aadi Mital,53,5,2,4,1
1431,1431,Edhitha Kala,44,2,6,3,1
1432,1432,Girish Varkey,36,3,5,3,2
1433,1433,George Bhattacharyya,57,3,3,7,1
1434,1434,Ekaja Sampath,66,5,1,5,1
1435,1435,Rohan Arora,33,9,7,6,2
1436,1436,Qasim Thakkar,25,9,6,3,2
1437,1437,Avi Raval,22,2,1,7,1
1438,1438,Anirudh Chandran,55,9,1,7,1
1439,1439,Kashish Purohit,32,2,1,6,2
1440,1440,Reyansh Kari,34,4,3,7,2
1441,1441,Zansi Radhakrishnan,58,2,1,6,1
1442,1442,Jonathan Kalita,50,2,3,3,2
1443,1443,Pushti Hans,30,7,6,3,2
1444,1444,Aradhana Patel,32,9,1,2,2
1445,1445,Yatin Vaidya,54,3,1,4,2
1446,1446,Eesha Kaul,44,9,2,7,2
1447,1447,Vaishnavi Bumb,63,5,4,1,2
1448,1448,Anika Kala,48,7,2,5,1
1449,1449,Faras Sagar,23,9,3,7,2
1450,1450,Yash Bajaj,49,1,4,7,2
1451,1451,Vasatika Bahl,24,4,1,6,2
1452,1452,Ekiya Mall,56,9,3,4,1
1453,1453,Advay Kale,31,6,1,6,2
1454,1454,Atharv Sabharwal,23,8,1,4,1
1455,1455,Bachittar Cheema,29,5,1,5,2
1456,1456,Upkaar Kata,46,1,3,4,1
1457,1457,Baljiwan Borah,49,3,2,2,2
1458,1458,Fiyaz Bakshi,55,5,1,2,1
1459,1459,Jairaj Iyer,69,8,1,2,1
1460,1460,Rudra Borde,68,4,1,7,1
1461,1461,Hardik Chadha,68,4,1,4,1
1462,1462,Ucchal Agrawal,58,9,2,6,1
1463,1463,Rajata Soni,21,2,4,6,2
1464,1464,Raghav Bora,56,8,2,4,2
1465,1465,Fitan Nayak,72,2,1,3,2
1466,1466,Zehaan Padmanabhan,26,3,6,4,1
1467,1467,Januja Mandal,43,2,1,5,1
1468,1468,Harini Sant,37,2,1,3,2
1469,1469,Nidhi Peri,25,3,1,7,2
1470,1470,Abdul Radhakrishnan,28,1,1,2,1
1471,1471,Anita Chaudhry,21,8,1,7,1
1472,1472,Mohammed Mander,71,4,1,3,1
1473,1473,Sneha D’Alia,48,4,6,4,2
1474,1474,Eiravati Savant,57,1,1,5,1
1475,1475,Banjeet Shetty,33,7,1,3,2
1476,1476,Gaurangi Date,43,1,1,5,1
1477,1477,Aryan Karan,51,6,5,2,1
1478,1478,Ekantika Padmanabhan,58,3,1,7,2
1479,1479,Chanakya Rama,70,4,2,7,2
1480,1480,Caleb Butala,30,3,3,2,2
1481,1481,Chandani Bhardwaj,59,1,2,4,1
1482,1482,Aditya Wali,44,9,2,4,2
1483,1483,Falak Warrior,28,2,2,1,2
1484,1484,Alexander Gaba,32,9,2,3,1
1485,1485,Ekanta Yogi,41,8,1,2,1
1486,1486,Saanvi Dugar,54,3,1,2,1
1487,1487,Nikita Shetty,21,5,1,4,2
1488,1488,Vaishnavi Ahluwalia,62,8,1,7,2
1489,1489,Matthew Bath,74,4,7,6,1
1490,1490,Qushi Chaudhary,67,3,4,2,1
1491,1491,Waida Bhatt,66,5,1,7,1
1492,1492,Luke Karan,53,5,1,4,1
1493,1493,Udyati Warrior,51,3,3,4,2
1494,1494,Agastya Dani,62,4,7,4,2
1495,1495,Jeremiah Bala,68,9,1,5,1
1496,1496,Vanya Sathe,20,1,1,3,1
1497,1497,Yauvani Pillai,44,7,1,2,2
1498,1498,Yash Setty,60,2,1,5,1
1499,1499,Lajita Joshi,71,1,3,5,1
1500,1500,Watika Sachar,26,9,1,4,1
1501,1501,Anvi Balasubramanian,56,6,1,5,1
1502,1502,Ati Mutti,25,3,7,5,1
1503,1503,Nitesh Mallick,70,3,1,7,2
1504,1504,Abdul Sachdev,18,8,2,5,2
1505,1505,Vihaan Nagarajan,41,1,1,4,2
1506,1506,Rohan Master,35,2,1,4,1
1507,1507,Ubika Devan,41,2,1,1,2
1508,1508,Sai Dugal,35,2,2,3,2
1509,1509,Sai Agrawal,66,5,1,1,1
1510,1510,Arin Upadhyay,32,9,7,3,1
1511,1511,Oni Mammen,38,3,2,1,1
1512,1512,Bishakha Raman,41,3,1,3,1
1513,1513,Bhavika Kumer,41,9,1,2,1
1514,1514,Anvi Varma,29,4,2,3,2
1515,1515,Lakshmi Manda,26,6,4,2,2
1516,1516,Gavin Barad,19,5,1,5,1
1517,1517,Veda Chauhan,46,4,3,4,1
1518,1518,Saksham Issac,75,4,1,6,1
1519,1519,Kavya Gupta,41,8,2,7,1
1520,1520,Yatin Patla,59,8,2,5,2
1521,1521,Amrita Sandal,60,3,3,2,2
1522,1522,Qushi Kapadia,18,3,1,5,2
1523,1523,Jeremiah Anand,24,3,5,1,2
1524,1524,Yamini Ramakrishnan,67,7,2,2,1
1525,1525,Lohit Mallick,73,7,3,7,1
1526,1526,Sanya Singh,70,8,1,3,2
1527,1527,Niharika Minhas,64,2,5,3,1
1528,1528,Rohan Shanker,48,5,1,5,1
1529,1529,Oviya Bedi,67,8,2,1,1
1530,1530,Nandini Palla,71,9,1,6,2
1531,1531,Ishita Swamy,67,4,1,3,2
1532,1532,Xavier Tiwari,65,2,7,4,1
1533,1533,Janya Dhingra,54,9,7,1,2
1534,1534,Balveer Banerjee,59,3,1,3,1
1535,1535,Gabriel Bajwa,74,6,1,7,1
1536,1536,Ekaja Salvi,34,3,1,3,1
1537,1537,Wahab Bhatti,24,1,1,1,2
1538,1538,Victor Bawa,74,9,1,4,1
1539,1539,Yauvani Butala,68,1,1,3,2
1540,1540,Yash Anand,22,4,3,7,1
1541,1541,Ishani Balakrishnan,30,3,1,4,1
1542,1542,Ishita Bakshi,74,1,1,1,2
1543,1543,Mekhala Chada,68,8,2,2,1
1544,1544,Vansha Srinivasan,44,4,5,3,1
1545,1545,Ikbal Ram,40,8,2,4,2
1546,1546,Darika Vora,40,2,3,5,2
1547,1547,Vyanjana Palla,42,3,2,4,1
1548,1548,Mason Oak,52,5,2,6,2
1549,1549,Onveer Bajaj,30,8,1,1,1
1550,1550,Wishi Hayre,68,9,1,5,1
1551,1551,Liam Lad,60,5,1,4,1
1552,1552,Warhi Kumer,42,9,1,1,2
1553,1553,Avni Rai,58,8,3,5,1
1554,1554,Warda Kalita,19,3,5,2,1
1555,1555,Aayush Trivedi,35,3,2,4,1
1556,1556,Nathan Rege,30,9,1,5,1
1557,1557,Eiravati Bhasin,32,4,2,7,2
1558,1558,Noah Anand,59,4,1,5,2
1559,1559,Gautami Panchal,39,7,1,1,2
1560,1560,Hemal Karan,65,8,1,3,2
1561,1561,Nandini Parmar,29,9,2,5,2
1562,1562,Inaya Pall,74,9,3,6,1
1563,1563,Girindra Brar,74,4,5,7,1
1564,1564,Ryan Kota,70,2,6,4,2
1565,1565,Aarini Chaudhuri,68,3,1,5,1
1566,1566,Akshay Bhargava,51,1,1,3,1
1567,1567,Wahab Nayar,26,5,1,6,1
1568,1568,Bachittar Narayan,58,5,1,3,2
1569,1569,Darika Thakkar,40,3,1,6,2
1570,1570,Kevin Sinha,46,8,3,3,1
1571,1571,Aarna Hari,39,4,3,1,1
1572,1572,Veda Dani,31,7,1,5,1
1573,1573,Prisha Dhaliwal,29,9,1,1,1
1574,1574,Yatin Ranganathan,64,2,4,6,2
1575,1575,Radhika Sule,21,2,1,7,2
1576,1576,Brinda Pal,66,6,1,1,2
1577,1577,Warda Banerjee,46,2,1,7,1
1578,1578,Yahvi Ratta,63,6,2,2,1
1579,1579,Chaitanya Borra,53,8,4,1,2
1580,1580,Darpan Chaudhry,66,5,1,6,2
1581,1581,Nirja Kapadia,65,3,1,5,2
1582,1582,Brijesh Bajaj,56,4,1,7,1
1583,1583,Amruta Patla,41,7,1,6,1
1584,1584,Aashi Patla,45,2,1,6,2
1585,1585,Lopa Contractor,57,4,1,4,2
1586,1586,Warinder Sarna,60,5,5,2,2
1587,1587,Krish Ratti,58,9,1,6,2
1588,1588,Logan Kalla,58,4,1,7,1
1589,1589,Panini Jayaraman,39,2,4,1,1
1590,1590,Isaiah Ranganathan,19,3,2,6,1
1591,1591,Avi Krishna,18,6,1,3,2
1592,1592,Farhan Padmanabhan,55,5,5,7,1
1593,1593,Caleb Lalla,33,6,3,6,2
1594,1594,Avni Srinivasan,60,8,2,2,2
1595,1595,Saumya Bhandari,19,8,3,1,1
1596,1596,Zansi Chandran,65,6,4,6,1
1597,1597,Indira Sen,43,5,1,6,1
1598,1598,Tejas Sura,36,2,1,1,2
1599,1599,Champak Comar,63,9,1,5,1
1600,1600,Robert Sama,48,3,4,5,2
1601,1601,Vamakshi Gade,42,7,1,6,1
1602,1602,Oviya Keer,65,1,1,7,1
1603,1603,Hema Cherian,19,1,1,2,2
1604,1604,Raghav Ravi,19,8,3,1,1
1605,1605,Girindra Murthy,56,1,2,4,2
1606,1606,Chakradhar Sangha,49,7,1,6,2
1607,1607,Patrick Chokshi,45,2,2,7,2
1608,1608,Nandini Trivedi,36,3,1,4,1
1609,1609,Advay Gole,54,9,1,6,1
1610,1610,Akshay Chandra,72,8,1,7,1
1611,1611,Yash Pillai,44,2,1,2,2
1612,1612,Anusha Anand,69,6,6,4,1
1613,1613,Reyansh Zacharia,44,5,7,7,2
1614,1614,Ekta Chander,23,2,1,5,2
1615,1615,Leela Nagarajan,19,8,7,7,2
1616,1616,Oscar Ganesh,60,5,2,5,1
1617,1617,Dhruv Handa,30,4,3,1,1
1618,1618,Rayaan Jaggi,36,8,3,1,1
1619,1619,Urmi Prabhakar,45,6,1,7,1
1620,1620,Zaid Goda,29,2,7,4,1
1621,1621,Pahal Mander,33,3,1,7,2
1622,1622,Aayush Barad,33,9,4,3,1
1623,1623,Tanmayi Babu,54,9,1,4,1
1624,1624,Tanveer Viswanathan,29,5,6,1,1
1625,1625,Jagrati Sahota,30,2,1,4,2
1626,1626,Zansi Narang,66,8,2,2,1
1627,1627,Radhika Bora,71,3,1,6,1
1628,1628,Charita Bandi,33,8,3,1,2
1629,1629,Krisha Mitra,60,3,1,1,2
1630,1630,Frado Bains,49,2,1,3,2
1631,1631,Vrishti Sharaf,48,6,1,2,1
1632,1632,Daksha Manda,30,7,3,1,2
1633,1633,Henry Yogi,51,5,3,4,2
1634,1634,Jeet Sekhon,26,2,3,1,2
1635,1635,Warhi Lanka,40,5,3,2,1
1636,1636,Irya Gupta,33,5,1,5,1
1637,1637,Isha Buch,70,2,1,2,2
1638,1638,Sarthak Johal,57,7,1,6,1
1639,1639,Wyatt Mannan,38,6,3,3,1
1640,1640,Qushi Balay,44,8,1,2,2
1641,1641,Dipta Buch,74,8,5,5,2
1642,1642,Girik Uppal,62,3,3,5,1
1643,1643,Hemal Prasad,67,7,3,6,1
1644,1644,Arunima Srivastava,46,8,5,2,1
1645,1645,Zehaan Bhakta,63,6,3,2,2
1646,1646,Zehaan Setty,37,7,5,1,1
1647,1647,Raghav Narang,18,6,1,5,2
1648,1648,Niharika Sachdev,64,2,1,7,2
1649,1649,Omya Nadkarni,46,4,1,2,1
1650,1650,Oliver Dani,35,6,1,6,1
1651,1651,Pranav Kale,23,6,6,2,1
1652,1652,Harshil Pingle,47,1,1,7,2
1653,1653,Mohammed Sodhi,55,7,6,2,2
1654,1654,Fiyaz Natarajan,44,6,1,7,1
1655,1655,Udant Barad,68,4,6,6,1
1656,1656,Rachana Khanna,45,1,1,2,2
1657,1657,Harita Dua,51,7,1,3,1
1658,1658,Jatin Ravel,71,5,2,6,1
1659,1659,Lakshmi Dhingra,45,7,3,7,1
1660,1660,Aarush Apte,47,6,1,3,2
1661,1661,Saksham Dugar,41,7,4,7,1
1662,1662,Rayaan Sheth,35,2,4,2,2
1663,1663,Yauvani Bajaj,58,7,3,3,1
1664,1664,Omya Parmer,24,4,5,4,1
1665,1665,Rajata Ramanathan,39,5,2,1,1
1666,1666,Samesh Ramachandran,57,6,1,1,1
1667,1667,Alexander Kala,27,8,1,6,1
1668,1668,Tripti Batta,66,9,1,2,2
1669,1669,Meera Tak,34,7,1,3,2
1670,1670,Mitesh Korpal,39,1,1,2,2
1671,1671,Prisha Wason,18,4,2,4,2
1672,1672,Theodore Srinivasan,22,4,1,4,2
1673,1673,Anvi Yogi,20,7,1,1,1
1674,1674,Niharika Parekh,69,1,6,2,2
1675,1675,Wazir Anand,61,8,1,1,1
1676,1676,Avni Dhillon,64,2,3,1,1
1677,1677,Chanakya Venkatesh,58,8,1,2,1
1678,1678,Ekbal Nath,65,9,4,3,1
1679,1679,Mugdha Sunder,31,3,1,3,2
1680,1680,Rajeshri Sundaram,43,4,1,6,2
1681,1681,Nilima Saxena,25,9,3,3,1
1682,1682,Yatan Bahri,24,6,2,2,1
1683,1683,Omaja Lad,69,2,1,3,1
1684,1684,Ekapad Dua,53,7,1,2,2
1685,1685,Vamakshi Magar,63,7,3,1,1
1686,1686,Balhaar Srivastava,47,9,6,5,1
1687,1687,Gayathri Roy,26,8,1,7,2
1688,1688,Champak Choudhary,54,3,1,4,2
1689,1689,Ekbal Lala,60,9,2,4,1
1690,1690,Maya Walla,51,7,1,6,1
1691,1691,Kashish Palla,57,8,5,3,2
1692,1692,Nilima Rau,69,5,1,2,2
1693,1693,Harsh Krishnamurthy,23,7,6,4,1
1694,1694,Benjamin Vasa,73,2,1,2,2
1695,1695,Rayaan Rama,27,1,4,4,1
1696,1696,Balveer Cheema,52,9,1,5,2
1697,1697,Vrinda Sankaran,19,2,1,7,1
1698,1698,Warjas Samra,32,7,3,6,1
1699,1699,Vidhi Khatri,47,2,7,6,1
1700,1700,Tanish Madan,59,6,3,2,2
1701,1701,Varsha Sachdev,26,1,7,3,1
1702,1702,Januja Sarkar,56,3,1,2,2
1703,1703,Ekansh Dhaliwal,33,2,1,5,2
1704,1704,Ojas Borra,32,5,1,3,1
1705,1705,Hritik Suresh,66,9,2,6,1
1706,1706,Imaran Verma,28,2,1,4,2
1707,1707,Samuel Zacharia,64,9,1,3,1
1708,1708,Watika Buch,67,2,1,7,1
1709,1709,Advika Vig,75,2,4,2,1
1710,1710,Lopa Apte,49,1,3,2,1
1711,1711,Krishna Dhawan,36,5,1,1,2
1712,1712,Girindra Tara,56,5,1,1,1
1713,1713,Harshil Thaker,48,4,1,3,1
1714,1714,Vihaan Bahri,58,6,1,3,1
1715,1715,Jatin Biswas,48,4,7,1,2
1716,1716,Harita Garg,52,4,3,6,1
1717,1717,Lohit Kata,47,3,1,6,2
1718,1718,Eta Chad,58,9,2,1,2
1719,1719,Hemani Das,36,8,2,6,2
1720,1720,Gabriel Narayanan,75,4,5,2,2
1721,1721,Hemani Roy,35,2,1,7,2
1722,1722,Forum Chander,74,9,1,4,2
1723,1723,Tanvi Shetty,33,3,2,2,2
1724,1724,Viraj Buch,47,7,2,5,2
1725,1725,Gauri Tata,44,6,7,2,1
1726,1726,Harita Mann,40,3,1,4,1
1727,1727,Veda Solanki,58,1,3,2,1
1728,1728,Omya Om,24,8,1,7,1
1729,1729,Lajita Wadhwa,35,3,1,1,2
1730,1730,Bahadurjit Savant,53,2,3,7,1
1731,1731,Krisha Kapoor,64,9,1,1,2
1732,1732,Oni Gera,56,9,4,5,2
1733,1733,Nandini Bala,56,3,6,6,1
1734,1734,Bachittar Raja,21,4,2,1,1
1735,1735,Yug Sawhney,34,5,3,7,1
1736,1736,Varsha Samra,35,2,2,2,1
1737,1737,Falan Srivastava,62,3,2,4,1
1738,1738,Samaksh Bose,74,2,1,2,2
1739,1739,Urishilla Agrawal,73,9,1,5,1
1740,1740,Vrinda Patel,74,2,3,5,1
1741,1741,Wishi Devan,29,8,1,7,2
1742,1742,Nidra Sem,37,1,1,7,2
1743,1743,Lucky Khanna,32,2,2,5,1
1744,1744,Faqid Loyal,33,3,1,4,1
1745,1745,Chakradhar Dar,58,4,1,4,1
1746,1746,Amruta Hora,45,2,1,2,2
1747,1747,Tripti Mittal,65,6,1,1,1
1748,1748,Warinder Saraf,26,3,1,1,2
1749,1749,Vamakshi Choudhary,45,3,1,1,2
1750,1750,Anamika Walla,69,2,1,7,1
1751,1751,Chandresh Balasubramanian,21,8,1,3,1
1752,1752,Advika Dube,19,4,1,4,1
1753,1753,Wyatt Chopra,22,7,1,3,1
1754,1754,Falguni Sama,70,1,5,5,1
1755,1755,Nakul Yohannan,29,8,1,3,1
1756,1756,Udyati Keer,31,8,2,2,2
1757,1757,Amol Barad,62,5,2,3,1
1758,1758,Abha Ben,47,3,1,3,1
1759,1759,Aradhana Nagarajan,65,9,1,3,2
1760,1760,Tristan Natt,18,7,1,5,2
1761,1761,Viraj Malhotra,54,1,2,6,1
1762,1762,Nakul Bhakta,24,4,3,6,1
1763,1763,Gopal Balakrishnan,43,9,2,6,2
1764,1764,Dalaja Bobal,51,7,2,5,2
1765,1765,Ansh Palla,20,3,3,7,2
1766,1766,Manya Sankaran,46,7,1,4,1
1767,1767,Aadi Shanker,70,7,1,3,2
1768,1768,Pahal Bajwa,52,1,5,4,2
1769,1769,Mahika Contractor,19,9,1,3,1
1770,1770,Balendra Raj,56,9,3,5,2
1771,1771,Sara Dubey,41,3,2,6,1
1772,1772,Chandran Ratta,38,4,1,2,1
1773,1773,Lila Srivastava,67,8,4,5,1
1774,1774,Irya Sankar,39,1,3,3,1
1775,1775,Reva Kadakia,29,3,7,5,1
1776,1776,Tanish Khatri,61,1,1,5,2
1777,1777,Barkha Srivastava,71,7,2,5,1
1778,1778,Azad Tripathi,39,1,1,2,2
1779,1779,Yuvraj Vora,37,3,3,4,1
1780,1780,Damyanti Kara,43,1,1,7,1
1781,1781,Robert Parmer,44,6,6,5,2
1782,1782,Noah Datta,64,6,3,3,1
1783,1783,Jagvi Brar,25,2,2,5,1
1784,1784,Ekaraj Sachar,39,5,1,1,2
1785,1785,Fitan Narain,50,6,1,4,2
1786,1786,Rayaan Bobal,55,3,1,6,1
1787,1787,Yuvraj Rege,42,5,4,1,1
1788,1788,Harsh Dass,30,9,2,7,2
1789,1789,Rudra Boase,34,2,3,4,1
1790,1790,Yadavi Patel,23,3,6,3,2
1791,1791,Rudra Cheema,68,3,1,1,1
1792,1792,Falak Sodhi,71,5,3,4,2
1793,1793,Tristan Kala,31,6,2,6,2
1794,1794,Anay Kapur,25,9,2,7,1
1795,1795,Mekhala Khurana,31,1,1,3,2
1796,1796,Girindra Gandhi,56,6,1,1,2
1797,1797,Zansi Boase,64,3,7,4,1
1798,1798,Saksham Bansal,39,8,3,3,1
1799,1799,Onkar Chander,31,3,1,5,2
1800,1800,Zilmil Mitter,53,3,5,2,1
1801,1801,Yagnesh Agarwal,61,3,1,4,2
1802,1802,Chavvi Sane,18,5,2,5,1
1803,1803,Sudiksha Chanda,23,2,1,3,2
1804,1804,Jasmit Patla,55,3,5,7,2
1805,1805,Aryan Ramaswamy,52,9,1,3,1
1806,1806,Alexander Chaudry,65,1,1,1,2
1807,1807,Ekanta Date,56,1,6,5,1
1808,1808,Faris Choudhry,61,8,1,5,2
1809,1809,Liam Chahal,56,5,6,5,2
1810,1810,Vanya Datta,54,9,1,3,1
1811,1811,Yash Sachar,66,3,1,4,2
1812,1812,Tanay Bumb,60,9,1,5,2
1813,1813,William Sampath,62,8,1,1,1
1814,1814,Hemal Dey,60,7,1,5,2
1815,1815,Charvi Venkatesh,47,3,5,6,1
1816,1816,Pooja Kurian,52,9,1,3,2
1817,1817,Guneet Doshi,32,6,1,1,2
1818,1818,Parth Nagarajan,52,8,6,2,2
1819,1819,Frederick Borah,49,2,1,2,2
1820,1820,Harshil Dyal,47,2,1,3,1
1821,1821,Mitali Krish,26,8,1,7,1
1822,1822,Samaksh Chacko,72,2,4,6,1
1823,1823,Ikshita Dixit,27,4,1,6,2
1824,1824,Lakshit Singhal,29,5,2,2,1
1825,1825,Anirudh Badami,25,2,4,7,1
1826,1826,Champak Arya,38,7,2,2,1
1827,1827,Aarnav Gupta,25,3,7,6,1
1828,1828,Ojasvi Randhawa,62,3,3,2,2
1829,1829,Kashvi Mallick,18,1,4,6,1
1830,1830,Luke Sachar,37,5,1,2,2
1831,1831,Eesha Badami,22,1,5,7,1
1832,1832,Forum Gaba,59,3,3,5,1
1833,1833,Tamanna Saxena,74,8,3,6,1
1834,1834,Jack Narayan,51,1,1,1,2
1835,1835,Anirudh Khanna,70,3,3,6,2
1836,1836,Thomas Pillai,58,4,1,2,1
1837,1837,Ekani Saxena,53,3,1,5,1
1838,1838,Andrew Mody,59,9,1,5,1
1839,1839,Ladli Vig,27,2,7,4,1
1840,1840,Abhimanyu Tandon,25,6,1,7,1
1841,1841,Zilmil Pandit,57,1,1,2,2
1842,1842,Meghana Kibe,62,1,7,7,2
1843,1843,Dhriti Shere,50,6,1,4,1
1844,1844,Krishna Rajan,49,3,6,3,2
1845,1845,Shravya Tripathi,19,8,1,4,2
1846,1846,Vrinda Kade,26,5,1,3,1
1847,1847,Manthan Halder,48,5,2,2,1
1848,1848,Rachit Kapur,59,4,2,6,2
1849,1849,Ganga Dani,35,8,1,3,1
1850,1850,Falan Master,25,3,1,7,1
1851,1851,Upma Krishnamurthy,18,4,5,5,1
1852,1852,Vanya Atwal,18,9,1,3,2
1853,1853,Aayush Kunda,47,2,1,2,2
1854,1854,Devika Kalita,22,5,1,3,1
1855,1855,Yash Ratta,43,2,1,2,1
1856,1856,Arin Rattan,55,1,7,6,1
1857,1857,Sarthak Joshi,65,1,2,2,2
1858,1858,Nakul Purohit,55,2,5,3,1
1859,1859,Brijesh Bhakta,47,5,4,7,1
1860,1860,Ojas Dhillon,51,9,7,2,1
1861,1861,Chatresh Manne,35,5,1,2,1
1862,1862,Nilima Arya,75,7,1,4,1
1863,1863,Nachiket Kurian,74,6,2,3,2
1864,1864,Akshay Sathe,56,1,1,2,2
1865,1865,Michael Mohan,63,1,1,2,2
1866,1866,Avi Agarwal,37,9,1,6,1
1867,1867,Mitali Varma,50,2,5,4,1
1868,1868,Kiaan Patel,58,2,3,2,2
1869,1869,Aarnav Dani,25,3,1,5,1
1870,1870,Bhavani Kara,39,3,1,1,2
1871,1871,Fiyaz Bera,69,3,1,3,1
1872,1872,Watika Pathak,59,5,4,3,1
1873,1873,Bachittar Bumb,71,2,1,1,1
1874,1874,Pahal Nagy,27,4,1,3,1
1875,1875,Matthew Rajagopal,41,6,5,1,1
1876,1876,Tara Karpe,22,4,1,2,2
1877,1877,Janani Verma,64,2,2,4,1
1878,1878,Sachi Kumer,55,3,5,1,1
1879,1879,Edhitha Dhillon,37,5,1,2,2
1880,1880,Tristan Gandhi,49,3,2,2,2
1881,1881,Charles Setty,68,4,7,2,2
1882,1882,Abhiram Natt,31,6,3,3,1
1883,1883,Vasatika Krishnan,27,6,3,3,1
1884,1884,Pratyush Sampath,69,2,1,7,2
1885,1885,Aayush D’Alia,72,4,1,4,2
1886,1886,Arya Wable,22,7,1,1,2
1887,1887,David Shroff,26,4,1,6,1
1888,1888,Kalpit Sengupta,48,4,1,2,1
1889,1889,Odika Edwin,73,3,2,6,1
1890,1890,Vyanjana Grewal,65,2,1,1,2
1891,1891,Krisha Kata,43,2,7,4,2
1892,1892,Onveer Virk,44,6,3,6,2
1893,1893,Parth Yadav,28,8,2,5,1
1894,1894,Sarthak Sankaran,47,3,5,1,1
1895,1895,Urishilla Dhawan,43,6,2,7,1
1896,1896,Tristan Lata,48,6,5,7,1
1897,1897,Sneha Tata,36,1,4,4,2
1898,1898,Turvi Kannan,67,4,7,1,2
1899,1899,Geetika Mannan,69,6,3,6,2
1900,1900,Jagvi Sama,40,6,1,6,1
1901,1901,Raagini Tata,39,9,1,7,2
1902,1902,William Lala,39,1,1,4,1
1903,1903,Frederick Dave,74,2,5,6,2
1904,1904,Keya Dhawan,63,5,2,4,2
1905,1905,Anay Dada,55,8,2,7,2
1906,1906,Vritti Gandhi,64,5,1,5,2
1907,1907,Raagini Pillai,62,7,2,4,1
1908,1908,Lila Desai,48,5,1,1,2
1909,1909,Karan Peri,46,3,1,3,2
1910,1910,Ekalinga Goyal,27,9,1,1,1
1911,1911,Urvashi Rajan,69,2,1,6,1
1912,1912,Charita Bhandari,48,7,2,2,2
1913,1913,Zashil Chana,23,9,1,7,1
1914,1914,Avi Mandal,55,2,1,6,1
1915,1915,Viraj Lala,62,9,3,6,1
1916,1916,Prisha Sagar,72,1,2,4,2
1917,1917,Udarsh Baral,69,4,1,1,1
1918,1918,Balendra Varghese,37,4,1,7,1
1919,1919,Charita Biswas,58,7,1,2,1
1920,1920,Yashawini Srinivas,49,9,3,2,1
1921,1921,Yuvraj Magar,42,6,7,4,2
1922,1922,Mitesh Parmar,58,1,7,7,1
1923,1923,Rohan Tank,70,5,1,7,1
1924,1924,Agastya Pai,28,8,2,4,2
1925,1925,Dominic Mahal,50,2,2,4,2
1926,1926,Onveer Kohli,72,1,1,2,1
1927,1927,Diya Chowdhury,60,5,2,2,1
1928,1928,Rohan Randhawa,72,6,4,1,2
1929,1929,Nisha Kumer,54,3,3,4,1
1930,1930,Zansi Sankar,19,7,1,4,1
1931,1931,Maya Kashyap,27,8,1,3,1
1932,1932,Vasana Ratta,24,2,1,2,1
1933,1933,Indrajit Luthra,20,4,1,1,1
1934,1934,Devika Kala,38,2,1,6,1
1935,1935,Gaurangi Om,73,4,2,3,1
1936,1936,Rushil Mannan,29,4,1,7,2
1937,1937,Max Taneja,46,7,1,3,2
1938,1938,Madhavi Wali,36,7,6,7,2
1939,1939,Ayushman Chada,58,4,3,4,1
1940,1940,Wridesh Maharaj,52,4,1,7,1
1941,1941,Pratyush Pant,74,6,7,4,1
1942,1942,Lakshit Chad,54,3,1,1,1
1943,1943,Advik Choudhury,70,3,1,7,2
1944,1944,Arya Varkey,36,6,4,7,2
1945,1945,Falan Khatri,55,7,2,7,1
1946,1946,Oscar Korpal,61,2,2,3,2
1947,1947,Kritika Mahal,24,1,1,4,1
1948,1948,Elijah Agate,35,9,1,7,1
1949,1949,Darpan Shankar,50,3,2,2,2
1950,1950,Watika Subramanian,48,5,1,5,2
1951,1951,Xavier Gera,63,3,3,7,2
1952,1952,Qushi Patel,37,4,1,3,2
1953,1953,Ikbal Agarwal,66,5,1,3,2
1954,1954,Radhika Kar,69,6,1,3,2
1955,1955,Idika Bhargava,70,7,1,5,1
1956,1956,Urishilla Rana,66,9,2,3,2
1957,1957,Darsh Grewal,72,5,1,4,1
1958,1958,Hemani Garg,51,2,4,4,1
1959,1959,Manan Dixit,60,7,2,4,2
1960,1960,Nikita Joshi,52,2,5,4,2
1961,1961,Aarna Dayal,57,1,1,2,1
1962,1962,Urishilla Bera,54,4,1,3,2
1963,1963,Viraj Hegde,47,7,2,2,2
1964,1964,Vidhi Arora,66,2,1,3,2
1965,1965,Ishanvi Mohanty,52,6,5,1,1
1966,1966,Samuel Dhillon,53,7,6,1,2
1967,1967,Siddharth Buch,33,6,5,1,1
1968,1968,Faris Balan,42,3,3,1,2
1969,1969,Urishilla Chander,25,2,3,1,1
1970,1970,Gaurika Goyal,48,2,1,4,1
1971,1971,Chakrika Jha,74,1,2,1,1
1972,1972,Rushil Borde,49,5,3,4,2
1973,1973,Lajita Puri,56,9,1,6,1
1974,1974,Pooja Raman,53,5,5,1,2
1975,1975,Sara Hora,60,5,1,4,1
1976,1976,Arin Hora,44,6,1,3,2
1977,1977,Omya Saran,25,2,1,7,1
1978,1978,Saanvi Mitter,73,9,3,1,1
1979,1979,Isha Bassi,62,7,1,5,1
1980,1980,Avni Ramaswamy,67,1,3,2,2
1981,1981,Yamini Seth,36,7,1,1,2
1982,1982,Oni Mannan,51,6,1,6,1
1983,1983,Ridhi Majumdar,37,5,1,7,1
1984,1984,Chaitanya Basak,25,3,6,4,1
1985,1985,Diya Acharya,67,6,1,3,1
1986,1986,Gautam Merchant,65,3,3,6,1
1987,1987,Faraj Subramanian,62,2,3,2,1
1988,1988,Sarthak Dey,19,3,2,4,2
1989,1989,Elijah Sinha,33,1,1,2,2
1990,1990,Karan Bali,21,9,1,5,2
1991,1991,Finn Dara,19,1,1,3,2
1992,1992,Yashasvi Cheema,54,3,4,4,1
1993,1993,Lohit Bawa,46,2,5,7,1
1994,1994,Zehaan Kumer,52,6,3,5,1
1995,1995,Avni Pandey,74,7,1,6,2
1996,1996,Rachana Kannan,24,2,1,7,2
1997,1997,Anusha Brar,40,9,3,4,1
1998,1998,Chaitanya Char,33,4,5,1,2
1999,1999,Keya Venkataraman,21,5,6,3,2
2000,2000,Madhavi Ram,48,6,1,4,2
2001,2001,Vasudha Batra,64,1,3,7,1
2002,2002,Vritti Merchant,55,5,1,1,2
2003,2003,Praneel Jain,51,7,5,3,2
2004,2004,Daksh Nori,39,5,6,7,1
2005,2005,Anay Narayan,65,7,4,3,2
2006,2006,Jonathan Dasgupta,60,3,2,7,2
2007,2007,Yauvani Kapadia,54,1,1,4,2
2008,2008,Ishwar Sane,68,1,6,6,2
2009,2009,Zilmil Saran,56,2,6,6,1
2010,2010,Yadavi Virk,28,3,7,3,2
2011,2011,Eta Dada,49,3,1,5,1
2012,2012,Adweta Sastry,23,7,1,2,1
2013,2013,Chandani Nagi,52,7,1,7,2
2014,2014,Tanveer Ramakrishnan,66,9,1,3,2
2015,2015,Fitan Kurian,19,7,1,3,2
2016,2016,Devika Madan,46,8,6,4,2
2017,2017,Nitesh Sankaran,65,4,1,6,1
2018,2018,Chaitaly Mitra,34,3,7,1,1
2019,2019,Yauvani Raval,66,6,1,5,2
2020,2020,Vritti Mani,32,1,3,5,1
2021,2021,Reva Atwal,18,1,1,6,1
2022,2022,Andrew Kant,22,5,2,1,2
2023,2023,Jai Golla,41,8,7,7,1
2024,2024,Nitesh Srivastava,26,4,1,4,1
2025,2025,Advay Mistry,55,9,1,6,1
2026,2026,Indira Kata,27,1,1,3,2
2027,2027,Mitesh Lal,28,6,5,3,2
2028,2028,Zayyan Wadhwa,60,1,1,2,2
2029,2029,Nimrat Hari,25,4,1,4,1
2030,2030,Ekbal Joshi,40,4,1,3,2
2031,2031,Thomas Bajwa,58,7,1,5,2
2032,2032,Udarsh Cherian,36,6,1,3,1
2033,2033,Xalak Dugar,61,7,1,3,1
2034,2034,Triya Kashyap,32,9,6,2,1
2035,2035,Tara Golla,55,2,1,2,2
2036,2036,Oscar Bhandari,67,8,1,3,1
2037,2037,Jack Nayak,31,3,2,4,2
2038,2038,Yashoda Wason,51,4,1,6,2
2039,2039,Chaaya Kala,26,6,3,2,2
2040,2040,Mason Suri,35,8,1,1,2
2041,2041,Anvi Savant,32,4,1,4,1
2042,2042,Anjali Viswanathan,30,4,1,5,2
2043,2043,Ikshita Mammen,65,6,5,5,2
2044,2044,Neha Gulati,35,7,1,6,1
2045,2045,Gagan Pandey,29,4,1,7,2
2046,2046,Bishakha Rana,44,9,2,2,2
2047,2047,Urvi Lalla,51,1,1,2,1
2048,2048,Chaitanya Subramanian,48,9,5,6,1
2049,2049,Gagan Lall,38,8,1,6,2
2050,2050,Harita Bajaj,31,2,4,5,2
2051,2051,Gaurika Sant,62,2,1,2,1
2052,2052,Qabil Khare,61,6,1,1,2
2053,2053,Wishi Sabharwal,54,7,1,1,1
2054,2054,Ayushman Sane,47,7,3,1,1
2055,2055,Falguni Mane,24,6,2,3,1
2056,2056,Aahana Korpal,22,4,7,3,1
2057,2057,Triya Prabhu,20,5,2,1,1
2058,2058,Neelima Raj,47,1,1,4,2
2059,2059,Anvi Bhasin,51,1,1,7,2
2060,2060,Girik Narain,47,9,1,6,2
2061,2061,Daksh Pal,51,4,4,1,2
2062,2062,Anika Narayan,52,9,1,7,1
2063,2063,Janani Patla,34,9,5,7,2
2064,2064,Alexander Menon,37,8,2,7,2
2065,2065,Indira Kade,74,3,2,5,2
2066,2066,Anita Pradhan,25,7,3,5,2
2067,2067,Vasudha Singhal,32,4,1,1,1
2068,2068,Dayita Saha,64,8,5,2,2
2069,2069,Vrinda Dalal,62,9,1,1,2
2070,2070,Manbir Subramanian,18,3,1,7,1
2071,2071,Daksh Nori,24,3,2,2,2
2072,2072,Radhika Grover,60,4,6,6,2
2073,2073,Gavin Balan,42,5,2,7,1
2074,2074,Leela Batra,60,7,2,5,2
2075,2075,Kala Jayaraman,42,1,5,1,1
2076,2076,Xalak Basak,34,6,1,3,2
2077,2077,Chameli Mander,43,7,1,6,1
2078,2078,Netra Kothari,37,8,2,2,1
2079,2079,Ayushman Kurian,36,1,1,2,2
2080,2080,Wriddhish Sathe,18,2,6,7,2
2081,2081,Zaid Chanda,18,4,6,7,2
2082,2082,Keya Loyal,39,1,2,3,2
2083,2083,Laban Lata,25,8,1,5,1
2084,2084,Yutika Sachdev,60,9,1,7,2
2085,2085,Falak Rajan,26,3,1,5,2
2086,2086,Tanish Sachdeva,75,2,1,3,2
2087,2087,Isha Hans,22,7,4,5,1
2088,2088,Saanvi Krishna,69,8,1,5,1
2089,2089,Nilima Prasad,37,6,1,2,2
2090,2090,Quincy Grewal,18,8,2,5,1
2091,2091,Samarth Char,18,2,1,5,2
2092,2092,Chakrika Ray,55,5,1,6,2
2093,2093,Pranit Panchal,35,7,1,5,1
2094,2094,Priya Bose,63,3,3,3,1
2095,2095,Tripti Choudhary,55,1,7,1,2
2096,2096,Mitali Bassi,18,3,4,5,2
2097,2097,Ishani Nori,23,3,1,5,1
2098,2098,Mason Sama,61,9,1,5,2
2099,2099,Vinaya Barman,55,6,1,4,1
2100,2100,Baghyawati Nagarajan,28,7,1,4,1
2101,2101,Chaman Guha,71,6,3,4,1
2102,2102,Ekapad Bhattacharyya,64,5,1,6,1
2103,2103,Mahika Patla,70,6,1,6,1
2104,2104,Chasmum Hari,61,2,2,3,2
2105,2105,Saumya Bali,53,9,1,3,2
2106,2106,Lajita Wadhwa,49,2,1,3,2
2107,2107,Isha Chandra,19,3,5,5,1
2108,2108,Ethan Sura,59,9,3,7,2
2109,2109,Samaksh Pillay,40,2,1,7,2
2110,2110,Shivani Choudhry,19,9,1,5,1
2111,2111,Yauvani Bahri,35,5,1,1,2
2112,2112,Ronith Deshpande,65,1,2,7,2
2113,2113,Ucchal Desai,40,3,1,4,2
2114,2114,Shivani Jain,30,3,1,6,2
2115,2115,Chanakya Tandon,32,8,1,1,1
2116,2116,Yashodhara Sengupta,29,6,6,4,1
2117,2117,Kashish Raju,50,5,2,5,1
2118,2118,Pooja Dasgupta,47,5,1,5,1
2119,2119,William Barad,67,1,1,1,2
2120,2120,Pranav Sampath,48,9,1,7,2
2121,2121,Neha Hegde,25,2,4,6,1
2122,2122,Yashvi Sankar,33,8,1,7,1
2123,2123,Samar Borah,32,2,1,3,1
2124,2124,Ekapad Narayanan,74,5,1,2,2
2125,2125,Quincy Kunda,22,6,2,1,2
2126,2126,Ekta Babu,30,2,2,1,1
2127,2127,Charita Dhingra,29,4,2,2,1
2128,2128,Shivansh Wadhwa,62,4,1,1,1
2129,2129,Xalak Barad,64,4,1,5,1
2130,2130,George Sabharwal,64,1,1,1,2
2131,2131,Jatin Kashyap,26,6,1,4,1
2132,2132,Lekha Rajagopal,58,7,6,1,1
2133,2133,Ranveer Nazareth,61,1,1,3,1
2134,2134,Yoshita Barman,32,5,2,4,1
2135,2135,Manya Parsa,65,4,5,1,2
2136,2136,Ekaja Dada,31,1,1,7,1
2137,2137,Nathaniel Madan,32,1,7,6,1
2138,2138,Ekanta Dube,28,9,3,6,1
2139,2139,Damyanti Sarin,59,5,1,6,2
2140,2140,Lekha Shankar,68,1,1,1,1
2141,2141,Ishaan Bal,52,6,1,7,1
2142,2142,Warinder Mann,59,7,1,1,1
2143,2143,Megha Ghosh,55,7,1,2,2
2144,2144,Zehaan Dutt,23,4,2,5,1
2145,2145,Wakeeta Sandhu,70,8,1,6,2
2146,2146,Balveer Sen,24,3,1,2,2
2147,2147,Maanav Mander,57,2,3,1,2
2148,2148,Hiral Mann,58,6,5,7,1
2149,2149,Yasti Halder,59,3,1,4,1
2150,2150,Jhalak Keer,54,4,1,6,1
2151,2151,Abhimanyu Singh,62,4,3,4,1
2152,2152,Jeremiah Bobal,58,9,1,1,1
2153,2153,Gaurangi Nayar,69,6,1,6,1
2154,2154,Nirja Tank,20,6,1,5,2
2155,2155,Warjas Lal,59,5,1,1,1
2156,2156,Ridhi Bhatnagar,70,2,1,4,2
2157,2157,Pallavi Konda,51,4,1,6,2
2158,2158,Yahvi Rau,75,1,1,1,1
2159,2159,Chaitanya Dayal,22,1,1,6,1
2160,2160,Upma Walia,32,9,2,3,1
2161,2161,Deepa Tandon,65,5,3,7,1
2162,2162,Aarav Bhatti,35,1,2,6,2
2163,2163,Gayathri Peri,50,5,1,2,1
2164,2164,Sudiksha Swaminathan,32,9,1,5,1
2165,2165,Xiti Srinivasan,30,2,2,6,1
2166,2166,Jalsa Dada,46,4,2,6,1
2167,2167,Avni Comar,19,5,1,7,1
2168,2168,Reyansh Cherian,58,1,3,5,1
2169,2169,Rayaan Keer,37,4,3,1,1
2170,2170,Abhiram Dey,21,9,1,7,1
2171,2171,Gayathri Kanda,66,5,1,6,2
2172,2172,Aditya Malhotra,43,8,1,1,1
2173,2173,Sachi Peri,45,7,2,4,1
2174,2174,Aarini Mahajan,26,2,1,7,2
2175,2175,Upma Butala,30,5,7,3,2
2176,2176,Champak Mangal,32,1,1,3,2
2177,2177,Darika Puri,54,4,1,4,1
2178,2178,Advika Raval,52,5,2,6,2
2179,2179,Ishanvi Raghavan,34,6,4,4,1
2180,2180,Rudra Dubey,64,3,4,2,1
2181,2181,Samesh Dasgupta,47,8,1,2,1
2182,2182,Faqid More,53,3,1,2,1
2183,2183,Jatin Rout,53,1,4,6,1
2184,2184,Forum Murty,74,5,3,5,2
2185,2185,Jyoti Bhasin,57,8,2,5,1
2186,2186,Idika Prabhakar,49,8,1,4,1
2187,2187,Diya Bath,31,6,1,7,2
2188,2188,Urvashi Tailor,58,5,1,6,1
2189,2189,Abhiram Raju,56,4,1,4,2
2190,2190,Harrison Dey,22,7,1,4,2
2191,2191,George Saraf,41,5,3,3,1
2192,2192,Laban Patel,41,6,1,2,1
2193,2193,Kamya Bhargava,44,8,7,6,1
2194,2194,Aishani Sachdeva,26,1,1,1,2
2195,2195,Reva Chhabra,55,8,3,2,2
2196,2196,Nilima Madan,18,3,6,3,1
2197,2197,Laban Deep,62,7,3,4,1
2198,2198,Alka Kalla,45,9,3,6,1
2199,2199,Noah Bir,66,5,1,4,1
2200,2200,Yuvraj Choudhury,48,5,3,5,1
2201,2201,Janaki Behl,62,2,1,2,1
2202,2202,Reyansh Maharaj,31,7,1,3,1
2203,2203,Nisha Badami,42,3,1,5,2
2204,2204,Ekiya Sachdev,75,7,1,7,2
2205,2205,Oliver Hegde,36,7,4,1,1
2206,2206,Advik Gara,24,3,3,2,2
2207,2207,Hamsini Ahluwalia,69,2,2,5,1
2208,2208,Bishakha Ramaswamy,66,8,4,2,1
2209,2209,Hemang Zachariah,63,9,5,2,2
2210,2210,Advika Hari,43,6,1,6,2
2211,2211,Riya Saini,47,2,4,7,1
2212,2212,Matthew Sanghvi,38,3,1,5,1
2213,2213,Manan Kuruvilla,23,4,3,4,1
2214,2214,Ekansh Upadhyay,46,3,1,4,2
2215,2215,Watika Dalal,45,5,1,6,2
2216,2216,Avi Om,70,7,1,5,1
2217,2217,Gauri Swaminathan,53,2,3,1,2
2218,2218,Radha Wason,63,7,6,2,2
2219,2219,Wishi Magar,60,4,1,1,2
2220,2220,Bhanumati Hegde,57,4,1,6,2
2221,2221,Charvi Ahuja,50,6,1,6,1
2222,2222,Jairaj Viswanathan,66,3,1,3,1
2223,2223,Oscar Sahota,40,8,1,3,2
2224,2224,Akshay Shenoy,49,2,2,7,2
2225,2225,Januja Lata,23,5,5,2,1
2226,2226,Frado Chaudhary,28,2,3,7,2
2227,2227,Urvi Sant,32,8,7,1,1
2228,2228,Rajata Mukhopadhyay,25,1,2,5,2
2229,2229,Ojas Ahluwalia,61,3,2,7,2
2230,2230,Lajita Srinivas,60,3,1,7,1
2231,2231,Rishi Chakraborty,42,7,1,5,2
2232,2232,Ikbal Choudhury,63,7,2,6,1
2233,2233,Hemal Virk,35,3,1,2,1
2234,2234,Zehaan Pal,63,7,2,6,2
2235,2235,Ikshita Ranganathan,52,7,1,2,1
2236,2236,Lohit Narain,33,8,1,5,1
2237,2237,Upma Sama,63,9,1,4,2
2238,2238,Tanvi Halder,67,7,4,1,1
2239,2239,Dhriti Datta,46,2,1,7,1
2240,2240,Lavanya Garg,20,5,7,5,1
2241,2241,Warinder Kala,68,2,1,1,1
2242,2242,Aradhana Atwal,41,6,1,7,2
2243,2243,Hiral Bawa,71,8,6,2,1
2244,2244,Udyati Bakshi,19,9,1,1,2
2245,2245,Owen Keer,73,7,1,7,1
2246,2246,Vamakshi Kar,63,8,6,1,1
2247,2247,Niharika Sangha,74,9,7,7,2
2248,2248,Aachal Kapadia,40,9,2,5,1
2249,2249,Tanveer Boase,29,5,2,7,1
2250,2250,Manbir Sathe,46,6,1,5,2
2251,2251,Peter Bandi,42,1,2,2,1
2252,2252,Amara Mannan,73,3,1,2,2
2253,2253,Naksh Shenoy,42,7,3,2,1
2254,2254,Akshay Bassi,74,7,1,1,1
2255,2255,Odika Dara,59,9,2,4,2
2256,2256,Dhruv Natt,33,9,2,6,1
2257,2257,Nilima Narang,30,7,1,3,2
2258,2258,Divya Dube,58,4,6,5,1
2259,2259,Joshua Nanda,48,6,1,5,1
2260,2260,Rudra Setty,40,1,1,7,1
2261,2261,Maanas Sanghvi,44,4,1,5,2
2262,2262,Jairaj Babu,69,8,1,5,1
2263,2263,Meera Deol,74,2,7,7,1
2264,2264,Chandresh Sarma,27,5,1,1,1
2265,2265,Yashasvi Dutt,18,4,4,5,2
2266,2266,Prisha Gandhi,51,8,6,3,2
2267,2267,Shivansh Dhar,67,1,5,2,2
2268,2268,Unni Goel,43,4,3,4,1
2269,2269,Ira Chaudhry,39,9,3,6,2
2270,2270,Zinal Vig,21,1,1,1,2
2271,2271,Gabriel Karpe,33,6,1,5,1
2272,2272,Megha Halder,69,9,2,3,1
2273,2273,Aarnav Chand,30,6,1,4,2
2274,2274,Januja Doshi,54,2,5,7,1
2275,2275,Peter Buch,63,9,1,3,2
2276,2276,Ijaya Badami,22,8,1,7,2
2277,2277,Krisha Oommen,53,6,1,2,1
2278,2278,Dhriti Mane,70,4,1,1,2
2279,2279,Chatresh Batra,56,6,1,2,1
2280,2280,Aryan Prasad,23,2,1,3,1
2281,2281,Nihal Chakrabarti,51,9,2,6,1
2282,2282,Avi Chaudhuri,70,9,1,2,1
2283,2283,Ekaja Char,58,9,4,1,1
2284,2284,Saanvi Kaur,49,2,2,6,1
2285,2285,Jalsa Hora,44,9,1,3,2
2286,2286,Ekaja Agate,20,2,1,7,2
2287,2287,Arjun Sengupta,18,1,2,3,1
2288,2288,Frado Tank,54,3,3,1,1
2289,2289,Laksh Grover,33,1,2,1,1
2290,2290,Elijah Baral,69,3,1,5,2
2291,2291,Upasna Mahajan,52,3,3,7,1
2292,2292,Aryan Morar,56,9,7,7,2
2293,2293,Ekavir Nigam,38,5,1,6,1
2294,2294,Unnati Baria,37,4,2,3,2
2295,2295,Ranveer Dixit,52,4,2,2,2
2296,2296,Urmi Babu,30,3,1,1,2
2297,2297,Yuvraj Kaul,20,3,1,5,1
2298,2298,Wahab Muni,45,4,1,1,2
2299,2299,Anamika Bhargava,68,5,1,2,2
2300,2300,Nandini Garg,68,3,2,5,2
2301,2301,Samar Madan,57,8,1,1,2
2302,2302,Harinakshi Lanka,61,2,1,5,1
2303,2303,Praneel Mital,42,7,1,2,2
2304,2304,Zayan Ram,70,3,6,6,1
2305,2305,Jagvi Khatri,49,8,1,4,2
2306,2306,Arunima Srinivasan,33,8,4,4,1
2307,2307,Chanakya Nori,24,4,6,7,1
2308,2308,Charita Khare,24,6,5,6,1
2309,2309,Ojasvi Arya,18,8,1,3,1
2310,2310,Balhaar Raju,57,1,7,1,1
2311,2311,Rayaan Bumb,42,3,1,2,1
2312,2312,Vasana Gandhi,34,2,1,2,1
2313,2313,Yashasvi Lal,63,8,1,1,1
2314,2314,Vamakshi Kapoor,74,6,7,2,2
2315,2315,Upma Sarkar,46,6,6,2,1
2316,2316,Harish Baria,60,1,5,2,1
2317,2317,Alexander Saini,75,7,1,3,2
2318,2318,Kai Ramachandran,54,9,3,3,2
2319,2319,Wridesh Nayar,42,6,1,7,2
2320,2320,Janani Naidu,68,3,1,4,1
2321,2321,Fitan Swamy,21,4,1,1,2
2322,2322,Darpan Kapur,66,2,3,7,1
2323,2323,Barkha Dhar,38,8,3,3,1
2324,2324,Keya Kota,75,5,1,6,1
2325,2325,Mitali Korpal,72,3,2,3,2
2326,2326,Lavanya Palla,64,8,1,5,1
2327,2327,Harsh Bhatti,33,2,3,2,2
2328,2328,Charvi Krish,61,1,6,6,1
2329,2329,Tanvi Sheth,46,6,2,1,2
2330,2330,Sathvik Krishna,35,3,2,4,2
2331,2331,Logan Raj,63,9,1,4,2
2332,2332,Ekaraj Mukhopadhyay,44,9,1,5,2
2333,2333,Pahal Atwal,55,9,1,2,1
2334,2334,Sudiksha Krish,62,1,1,6,2
2335,2335,Veer Patel,69,4,1,7,2
2336,2336,Kavya Golla,70,1,2,1,2
2337,2337,Zayan Nagy,30,6,3,7,2
2338,2338,Nachiket Vora,20,9,1,3,1
2339,2339,Ganga Kumer,75,1,1,2,1
2340,2340,Charvi Prashad,42,1,1,6,2
2341,2341,Wyatt Madan,30,4,1,5,1
2342,2342,Vasana Naik,32,5,1,7,1
2343,2343,Yadavi Nigam,47,6,3,3,1
2344,2344,Oviya Sachdeva,19,9,2,7,1
2345,2345,Sarthak Natt,69,9,2,7,2
2346,2346,Maanav Sanghvi,51,8,1,1,1
2347,2347,Udarsh Bhardwaj,49,7,1,6,1
2348,2348,Idika Brar,43,3,1,5,1
2349,2349,Vinaya Ramakrishnan,21,6,3,7,1
2350,2350,Odika Gulati,59,4,1,4,1
2351,2351,Bimala Ganesan,26,9,1,6,2
2352,2352,Nathaniel Singh,48,9,2,6,2
2353,2353,Veer Om,63,2,1,2,1
2354,2354,Devansh Chauhan,70,6,1,1,1
2355,2355,Shaurya Raman,69,4,2,6,1
2356,2356,Gayathri Anne,60,9,1,1,2
2357,2357,Nachiket Krishna,59,5,1,7,2
2358,2358,David Shan,62,3,1,2,1
2359,2359,Jai Malhotra,18,5,2,1,2
2360,2360,Frado Rege,29,7,1,7,1
2361,2361,Chaman Gupta,37,4,1,6,1
2362,2362,Faraj Khanna,63,6,7,3,2
2363,2363,Janya Guha,43,2,2,3,2
2364,2364,Waida Warrior,24,9,2,5,2
2365,2365,Prisha Randhawa,51,5,1,5,2
2366,2366,Chakrika Krishna,64,7,1,7,2
2367,2367,Aarnav Palan,41,2,1,7,1
2368,2368,Faqid Ramanathan,27,7,1,5,2
2369,2369,Patrick Sami,50,5,6,6,2
2370,2370,Damini Atwal,49,3,1,7,1
2371,2371,Shravya Kadakia,39,2,1,4,2
2372,2372,Henry Kade,48,6,3,6,1
2373,2373,Chaaya Dass,52,3,1,2,1
2374,2374,Chaaya Ganesan,49,2,7,2,1
2375,2375,Balhaar Kari,51,9,7,6,1
2376,2376,Noah Viswanathan,75,6,1,3,2
2377,2377,Naveen Jayaraman,23,8,2,3,1
2378,2378,Ijaya More,25,9,5,1,1
2379,2379,Laban Deshmukh,61,2,6,6,1
2380,2380,Bahadurjit Parmar,31,4,2,6,2
2381,2381,Indrajit Gara,39,8,4,6,1
2382,2382,Vansha Kuruvilla,61,7,1,3,1
2383,2383,Jasmit Chawla,35,8,1,4,2
2384,2384,Ekaja Sharaf,28,3,4,7,2
2385,2385,Ekansh Kapoor,32,6,7,7,1
2386,2386,Wridesh Jhaveri,75,9,7,1,1
2387,2387,Chatresh Nori,44,3,1,2,1
2388,2388,Maanav Shetty,68,5,1,6,2
2389,2389,Gopal Gulati,75,7,4,1,1
2390,2390,Harita Pillai,48,4,7,2,1
2391,2391,Raagini Soman,74,3,1,4,2
2392,2392,Manbir Peri,67,4,7,5,2
2393,2393,Shivansh Misra,66,7,1,4,2
2394,2394,Megha Sibal,57,7,1,4,1
2395,2395,Upasna Dugar,75,7,7,1,1
2396,2396,Gautam Sant,68,3,3,3,2
2397,2397,Darsh Chaudhari,50,7,3,3,1
2398,2398,Garima Setty,27,6,6,1,2
2399,2399,Lavanya Sachdeva,19,3,1,5,1
2400,2400,Ladli Desai,18,5,1,5,1
2401,2401,Daksh Goel,20,9,1,4,1
2402,2402,Faraj Bir,41,5,1,4,1
2403,2403,Vivaan Kapadia,18,7,4,4,1
2404,2404,Abdul Gole,22,3,2,6,2
2405,2405,Ojas Natt,19,4,1,5,1
2406,2406,Chakradev Ganguly,21,7,1,1,1
2407,2407,Champak Kata,42,5,1,1,2
2408,2408,Nirja Kumar,37,4,1,5,1
2409,2409,Yutika Nagar,72,5,1,6,1
2410,2410,Onkar Cheema,32,3,3,7,1
2411,2411,Vedhika Krishnamurthy,20,4,1,7,2
2412,2412,Forum Sur,43,2,3,5,1
2413,2413,Kritika Bhardwaj,74,2,1,5,1
2414,2414,Hitesh Agarwal,63,4,2,3,2
2415,2415,Kevin Walla,25,8,1,2,1
2416,2416,Kashvi Deo,62,5,3,1,1
2417,2417,Upma Virk,64,9,3,5,1
2418,2418,Yuvraj Nigam,52,4,1,6,1
2419,2419,Ishita Khosla,61,1,2,6,2
2420,2420,Raghav Golla,40,5,1,1,1
2421,2421,Anya Baral,27,3,1,6,1
2422,2422,Girindra Balay,39,8,1,6,1
2423,2423,Zilmil Bahri,44,5,1,5,1
2424,2424,Sudiksha Bir,25,2,7,4,2
2425,2425,Jagat Balay,20,6,3,5,2
2426,2426,Ria Saini,72,5,1,6,1
2427,2427,Lekha Narang,53,8,5,5,2
2428,2428,Utkarsh Bhatia,60,5,5,1,2
2429,2429,Aadhya Chandran,72,9,1,3,1
2430,2430,Nirja Bath,60,7,1,1,1
2431,2431,Patrick Thakur,73,8,2,4,1
2432,2432,Jeevika Trivedi,21,6,3,4,1
2433,2433,Christopher Sani,36,7,4,5,2
2434,2434,Bimala Kapur,29,3,1,4,1
2435,2435,Nilima Ranganathan,32,8,3,2,2
2436,2436,Reva Sani,71,2,5,4,1
2437,2437,Chaitaly Kade,44,1,1,2,1
2438,2438,Bakhshi Dhawan,65,7,1,3,1
2439,2439,Oviya Mahajan,25,6,2,3,2
2440,2440,Ekaja Panchal,32,1,1,2,1
2441,2441,Ayushman Sinha,48,5,1,6,2
2442,2442,Nidra Naidu,72,3,1,3,1
2443,2443,Ethan Shukla,23,4,1,3,2
2444,2444,Chaman Parikh,74,2,1,2,1
2445,2445,Widisha Anand,62,3,3,1,1
2446,2446,Amara Mann,73,6,1,6,2
2447,2447,Leela Grover,50,7,1,7,1
2448,2448,Gaurika Kamdar,50,5,1,4,1
2449,2449,Dominic Tailor,24,8,1,6,1
2450,2450,Krisha Bose,56,8,7,2,1
2451,2451,Shivani Baral,59,5,3,7,1
2452,2452,Oliver Savant,70,8,4,5,2
2453,2453,Vinaya Krish,34,7,1,3,2
2454,2454,Aryan Oak,39,4,2,5,2
2455,2455,Nirja Sachdeva,68,4,1,5,1
2456,2456,Maanas Tiwari,61,3,7,7,2
2457,2457,Charan Shankar,74,3,3,4,2
2458,2458,Lopa Agrawal,65,8,1,2,1
2459,2459,Aashi Sant,61,8,1,1,1
2460,2460,Chavvi Keer,72,2,7,6,1
2461,2461,Arin Sodhi,18,9,3,6,2
2462,2462,Ekantika Thaman,29,1,1,7,2
2463,2463,Yashvi Dash,44,1,3,6,1
2464,2464,Kamala Sachdeva,67,7,6,1,1
2465,2465,Hemangini Nori,19,4,3,7,1
2466,2466,Bhavini Loke,41,7,1,2,2
2467,2467,Prisha Sidhu,75,9,4,2,1
2468,2468,Darsh Merchant,49,8,1,7,2
2469,2469,Sanya Singh,27,8,1,3,1
2470,2470,Aishani Dave,41,4,1,5,2
2471,2471,Nitesh Chhabra,32,6,2,6,1
2472,2472,Kritika Gupta,59,1,1,7,2
2473,2473,Leela Konda,66,5,1,1,1
2474,2474,Nikita Bumb,31,6,1,1,1
2475,2475,Tanveer Sachdeva,46,8,5,2,2
2476,2476,Raksha Ghose,39,3,1,5,1
2477,2477,Ucchal Chada,56,8,1,5,1
2478,2478,Qabil Nagarajan,48,4,2,6,2
2479,2479,Alka Pandit,44,6,1,1,2
2480,2480,Pallavi Palla,40,6,4,7,1
2481,2481,Nachiket Narula,69,5,1,1,1
2482,2482,Simon Krishna,59,2,1,6,2
2483,2483,Chandani Sarma,37,8,1,4,1
2484,2484,Vasana Lalla,19,9,2,3,1
2485,2485,Chandresh Kamdar,36,8,6,6,1
2486,2486,Ladli Suri,47,2,3,5,1
2487,2487,Amrita Sagar,20,8,1,4,1
2488,2488,Nidhi Khalsa,46,4,1,7,1
2489,2489,Teerth Babu,23,3,1,7,1
2490,2490,Sanaya Uppal,41,5,1,2,2
2491,2491,Ridhi Sharma,26,3,1,3,1
2492,2492,Aditya Bawa,48,1,1,2,1
2493,2493,Anmol Dugar,70,2,1,7,2
2494,2494,Krishna Bir,33,1,3,2,1
2495,2495,Rajata Patla,59,7,5,2,1
2496,2496,Atharv Sarkar,49,6,4,2,1
2497,2497,Hemang Prasad,38,6,2,2,2
2498,2498,Aradhana Parsa,30,6,6,5,1
2499,2499,Ira Bawa,63,2,1,5,1
2500,2500,Advaith Chopra,22,1,4,4,1
2501,2501,Simon Sekhon,42,2,1,5,2
2502,2502,Sachi Savant,74,5,1,4,1
2503,2503,Yadavi Contractor,37,9,1,7,1
2504,2504,Wishi Konda,45,3,6,7,2
2505,2505,Vanya Sane,62,5,6,4,1
2506,2506,Amol Walia,18,1,2,3,2
2507,2507,Janya Jayaraman,37,6,1,7,2
2508,2508,Yash Chowdhury,23,9,1,7,2
2509,2509,Vansha Subramanian,38,3,3,7,2
2510,2510,Waida Yogi,27,6,1,3,1
2511,2511,Bhavini Panchal,26,1,1,4,1
2512,2512,Ekalinga Kapur,47,3,1,3,1
2513,2513,Christopher Ray,32,7,5,4,1
2514,2514,Upma Thaman,53,5,2,4,2
2515,2515,Tamanna Kanda,62,8,1,2,1
2516,2516,Naksh Bala,38,1,1,5,2
2517,2517,Saumya Varughese,60,9,2,4,1
2518,2518,Gaurangi Modi,35,5,2,2,2
2519,2519,Divya Iyer,40,5,1,1,2
2520,2520,Teerth Prabhakar,29,8,3,2,1
2521,2521,Shivani Bala,33,8,5,2,1
2522,2522,Dayita Chad,75,7,1,4,2
2523,2523,Pooja Handa,23,3,3,1,2
2524,2524,Pallavi Savant,42,8,6,3,2
2525,2525,Vasana Prabhu,39,5,1,6,2
2526,2526,Irya Arora,69,2,3,2,2
2527,2527,Eshana Wadhwa,27,8,1,4,1
2528,2528,Kala Bhargava,73,3,1,7,2
2529,2529,Bhavani Badal,62,6,2,5,2
2530,2530,Bahadurjit Devi,19,4,1,5,1
2531,2531,Netra Master,22,5,1,2,1
2532,2532,Yashvi Chatterjee,33,1,2,6,2
2533,2533,Yug Banik,38,6,1,7,1
2534,2534,Charvi Anne,35,5,1,1,1
2535,2535,Udant Badami,20,7,2,3,1
2536,2536,Lakshmi Krishnan,67,4,1,3,1
2537,2537,Oviya Chokshi,72,3,3,3,1
2538,2538,Darpan Tiwari,71,3,1,6,1
2539,2539,Gaurav Nayar,25,2,2,3,2
2540,2540,Omisha Natarajan,73,2,1,5,1
2541,2541,Oeshi Mangal,47,8,1,7,2
2542,2542,Yatin Ramanathan,46,9,2,6,1
2543,2543,Jai Mukhopadhyay,26,7,2,6,1
2544,2544,Jatin Gupta,34,7,3,3,2
2545,2545,Rudra Dhar,21,2,1,6,1
2546,2546,Abeer Pillai,72,5,1,5,2
2547,2547,Agastya Sarna,70,2,1,5,2
2548,2548,Max Ray,54,1,1,5,2
2549,2549,Nimrat Dass,74,2,1,6,2
2550,2550,Brinda Rajan,56,4,1,1,1
2551,2551,Nidhi Sami,34,1,1,5,2
2552,2552,Shivani Aurora,59,8,1,2,2
2553,2553,Ranbir Iyengar,30,4,3,4,1
2554,2554,Pallavi Deshmukh,59,1,6,1,2
2555,2555,Rishi Bora,29,7,1,2,1
2556,2556,Qadim Keer,18,6,2,5,1
2557,2557,Henry Dhingra,40,1,2,7,1
2558,2558,Bimala Bali,44,3,6,5,2
2559,2559,Laban Viswanathan,35,8,5,6,1
2560,2560,Benjamin Savant,39,2,6,1,2
2561,2561,Andrew Hayer,32,7,1,6,1
2562,2562,Balveer Subramaniam,51,5,5,3,1
2563,2563,Triya Kari,73,2,3,6,1
2564,2564,Yuvraj Merchant,74,8,1,3,2
2565,2565,Vaishnavi Ghose,59,9,1,4,1
2566,2566,Jalsa Barad,18,1,5,2,2
2567,2567,Girish Brahmbhatt,61,5,7,7,2
2568,2568,Andrew D’Alia,60,3,2,5,2
2569,2569,Chatura Johal,72,2,1,7,1
2570,2570,Charles Dugal,24,9,4,4,1
2571,2571,Edhitha Shroff,28,9,1,5,2
2572,2572,Jyoti Chahal,31,5,3,5,1
2573,2573,Mason Grewal,67,5,1,3,1
2574,2574,Bhavna Bumb,46,1,3,4,2
2575,2575,Jack Rattan,18,5,1,3,2
2576,2576,Xiti Muni,49,6,5,3,1
2577,2577,Ekani Mukherjee,50,7,7,6,2
2578,2578,Gautam Tailor,73,2,5,6,1
2579,2579,Tanay Walia,42,8,2,7,1
2580,2580,Lajita Parmar,26,7,2,6,1
2581,2581,Mohini Bhandari,46,1,7,4,1
2582,2582,Ati Jha,53,8,4,2,1
2583,2583,Meghana Sarin,24,1,1,5,1
2584,2584,Udarsh Vasa,49,1,1,2,1
2585,2585,Aarini Nair,72,9,5,7,2
2586,2586,Pavani Khurana,26,5,1,3,1
2587,2587,Wridesh Khanna,18,7,1,6,1
2588,2588,Faraj Sule,56,2,7,4,2
2589,2589,Amruta Badami,57,7,1,2,1
2590,2590,Michael Thakkar,48,7,3,2,1
2591,2591,Mekhala Jha,40,1,1,1,2
2592,2592,Gautam Pal,23,3,1,6,1
2593,2593,Jacob Sharma,26,4,5,1,2
2594,2594,Wyatt Bumb,66,5,1,2,1
2595,2595,Hiral Agate,43,2,2,1,2
2596,2596,Advika Chanda,55,6,1,4,2
2597,2597,Vyanjana Kaul,60,5,1,2,2
2598,2598,Vasana Lal,66,2,1,3,1
2599,2599,Vyanjana Talwar,75,6,1,6,1
2600,2600,Hardik Sami,44,3,1,6,2
2601,2601,Chaitanya Gokhale,52,7,1,5,1
2602,2602,Daksha Johal,45,2,5,2,2
2603,2603,Chatura Varty,28,2,6,2,2
2604,2604,Vincent Borde,44,3,3,3,1
2605,2605,Raksha Kashyap,27,8,2,5,2
2606,2606,Jeevika Munshi,32,9,1,6,2
2607,2607,Samarth Lalla,25,7,3,2,2
2608,2608,Vyanjana Srivastava,32,3,6,2,1
2609,2609,Tarak Bandi,43,4,1,6,1
2610,2610,Darsh Ratti,27,3,2,5,1
2611,2611,Yash Suri,44,3,2,1,2
2612,2612,Charan Atwal,38,1,7,1,1
2613,2613,Joshua Misra,44,2,1,5,2
2614,2614,Gautami Kanda,55,4,1,6,1
2615,2615,Vansha Bajaj,23,9,1,2,1
2616,2616,Advay Yogi,25,2,3,4,1
2617,2617,Abha Bhakta,54,5,1,2,2
2618,2618,Balendra Bajwa,51,9,1,4,1
2619,2619,Lila Srinivas,72,7,1,5,2
2620,2620,Abdul Bawa,68,2,2,5,1
2621,2621,Siddharth Merchant,35,3,1,5,1
2622,2622,Krish Mutti,20,3,7,5,1
2623,2623,Ira Goel,35,4,1,1,1
2624,2624,Ekavir Tank,60,8,1,2,1
2625,2625,Yug Dara,31,3,1,7,2
2626,2626,Yashasvi Gole,49,5,1,3,2
2627,2627,Ekta Chanda,61,5,3,5,1
2628,2628,Andrew Sood,51,6,3,3,1
2629,2629,Isaac Chaudhry,28,3,1,2,1
2630,2630,Mugdha Bhandari,73,6,2,6,1
2631,2631,Alexander Wali,61,9,7,4,2
2632,2632,Chavvi Mall,55,1,1,5,2
2633,2633,Christopher Deshmukh,67,4,1,5,1
2634,2634,Kevin Prabhakar,32,1,3,6,1
2635,2635,Anita Gour,51,4,2,4,1
2636,2636,Vaishnavi Ramachandran,50,2,2,6,1
2637,2637,Pooja Rau,48,9,1,1,2
2638,2638,Damini Lalla,60,1,5,7,1
2639,2639,Liam Mall,48,2,7,3,1
2640,2640,Oscar Oza,52,5,1,7,2
2641,2641,Vamakshi Wagle,75,8,4,2,2
2642,2642,Andrew Dhaliwal,22,1,7,1,1
2643,2643,Guneet Aggarwal,27,8,6,7,2
2644,2644,Ishanvi Palla,70,5,7,2,1
2645,2645,Mitesh Kalla,73,6,3,7,1
2646,2646,Varenya Khurana,26,1,1,7,1
2647,2647,Indira Hora,68,6,1,4,2
2648,2648,Megha Shenoy,52,3,1,2,1
2649,2649,Leela Chacko,32,6,1,5,2
2650,2650,Krishna Raj,36,1,1,2,1
2651,2651,Abhiram Sharma,45,6,6,5,1
2652,2652,Tanmayi Bhalla,34,7,1,7,2
2653,2653,Ishita Nadkarni,50,7,1,2,1
2654,2654,Vansha Bhandari,48,4,2,7,1
2655,2655,Tanay Keer,70,5,1,7,1
2656,2656,Sathvik Viswanathan,23,2,6,6,1
2657,2657,Anika Krish,32,4,1,2,1
2658,2658,Diya Kibe,20,4,1,5,2
2659,2659,Falak Kunda,67,4,1,6,2
2660,2660,Omkaar Gola,49,3,3,3,1
2661,2661,Vyanjana Nazareth,20,7,1,1,1
2662,2662,Jack Mital,39,4,1,6,1
2663,2663,Irya Suri,56,8,6,5,1
2664,2664,Anirudh Wagle,32,6,1,6,1
2665,2665,Yauvani Sagar,22,4,6,2,1
2666,2666,Chaitaly Doctor,33,9,1,1,1
2667,2667,Alka Kannan,70,6,1,3,1
2668,2668,Ekantika Barad,47,3,1,6,2
2669,2669,Zashil Gola,29,8,2,2,1
2670,2670,Karan Chanda,24,1,1,6,2
2671,2671,Januja Sundaram,34,3,4,2,2
2672,2672,Amrita Mangat,41,4,1,1,1
2673,2673,Hema Ravel,55,6,2,2,1
2674,2674,Vritti Barad,19,8,1,5,2
2675,2675,Kamya Nazareth,68,4,1,7,1
2676,2676,Nidra Palan,68,6,1,2,1
2677,2677,Jagvi Kohli,26,4,3,4,1
2678,2678,Andrew Sarna,62,5,3,1,2
2679,2679,Charan Agrawal,22,8,6,2,2
2680,2680,David Kar,23,5,1,4,2
2681,2681,Anya Konda,32,8,1,1,2
2682,2682,Dalbir Lall,29,5,6,2,1
2683,2683,Ekani Bedi,58,7,1,4,2
2684,2684,Damyanti Bajwa,73,8,1,7,1
2685,2685,Divya Kapur,57,9,1,6,2
2686,2686,Daksh Dada,66,5,6,1,1
2687,2687,Jason Joshi,36,5,1,4,1
2688,2688,Benjamin Maharaj,27,2,3,4,1
2689,2689,Kala Gokhale,39,9,1,7,1
2690,2690,Charvi Dasgupta,62,1,3,7,2
2691,2691,Chameli Johal,61,6,1,5,1
2692,2692,Ekaja Chopra,31,5,6,6,2
2693,2693,Nachiket Kade,47,4,1,4,1
2694,2694,Mitesh Tandon,55,6,1,4,2
2695,2695,Yutika Mitter,35,7,1,3,1
2696,2696,Yahvi Balakrishnan,37,6,1,3,2
2697,2697,Ayushman Chander,71,6,1,2,1
2698,2698,Aarush Tripathi,24,1,7,2,1
2699,2699,Devika Gade,36,9,2,5,2
2700,2700,Harrison Shan,69,9,1,6,2
2701,2701,Reyansh Kumer,44,5,1,4,1
2702,2702,Darpan Goswami,37,1,2,2,2
2703,2703,Wishi Anand,35,8,7,4,1
2704,2704,Watika Bajaj,21,5,1,7,1
2705,2705,Faras Mander,49,5,2,6,1
2706,2706,Indira Sridhar,58,9,1,7,2
2707,2707,Nandini Kulkarni,43,7,6,1,1
2708,2708,Jackson Sunder,62,2,1,4,1
2709,2709,Pranav Bhakta,53,6,2,7,1
2710,2710,Hardik Murthy,67,9,1,4,1
2711,2711,Niharika Yogi,73,6,3,6,1
2712,2712,Gabriel Bhasin,33,1,1,3,1
2713,2713,Vritti Buch,33,4,4,4,1
2714,2714,Manthan Sangha,30,4,1,3,2
2715,2715,Abeer Batta,31,9,1,1,2
2716,2716,Yuvraj Barad,34,2,4,4,1
2717,2717,Vritti Misra,75,2,1,7,2
2718,2718,Daksh Tata,39,2,1,7,1
2719,2719,Dominic Dalal,74,5,1,3,2
2720,2720,Manbir Shanker,68,7,6,6,2
2721,2721,Ishani Bhat,28,5,3,7,2
2722,2722,Xalak Swaminathan,36,7,1,1,2
2723,2723,Wakeeta Nadig,49,4,6,3,1
2724,2724,Mohini Mahal,22,5,1,5,1
2725,2725,Utkarsh Kari,70,6,3,2,1
2726,2726,Yashvi Kakar,31,9,1,2,2
2727,2727,Bishakha Manne,23,7,1,1,2
2728,2728,Bhavani Varty,25,6,1,6,2
2729,2729,Kritika Palla,48,2,1,6,2
2730,2730,Wriddhish Narasimhan,44,1,2,4,1
2731,2731,Shaurya Dasgupta,67,8,5,7,2
2732,2732,Ucchal Shah,75,6,1,1,2
2733,2733,Samaksh De,23,3,2,1,2
2734,2734,Ridhi Varughese,61,3,1,3,2
2735,2735,Zilmil Mital,60,4,1,7,2
2736,2736,Henry Mutti,63,7,1,6,1
2737,2737,Samarth Bobal,51,9,1,2,2
2738,2738,Lucky Chowdhury,33,7,1,3,1
2739,2739,Utkarsh Varghese,64,1,1,3,2
2740,2740,Lekha Grover,33,5,1,5,2
2741,2741,Gunbir Mukherjee,55,8,1,5,2
2742,2742,Sanya Borde,71,9,5,1,2
2743,2743,Radha Sethi,36,5,6,3,2
2744,2744,Aditya Chanda,36,9,6,6,1
2745,2745,Triya Prabhakar,68,3,1,6,1
2746,2746,Aarnav Sant,29,7,7,1,1
2747,2747,Guneet Prashad,43,9,1,2,2
2748,2748,Indira Bhalla,56,3,3,1,1
2749,2749,Rachita Sharaf,34,5,7,7,1
2750,2750,Triveni Singh,70,3,6,7,1
2751,2751,Mason Vaidya,29,9,1,6,1
2752,2752,Neha Wali,57,1,1,1,2
2753,2753,Dhruv Nair,67,5,1,3,1
2754,2754,Sneha Doshi,34,1,1,7,2
2755,2755,Eshana Bhalla,59,4,3,7,1
2756,2756,Frederick Kapoor,21,9,1,2,1
2757,2757,Atharv Majumdar,46,7,2,7,1
2758,2758,Dhruv Narasimhan,19,8,3,1,1
2759,2759,Pushti Sandhu,22,4,2,3,1
2760,2760,Ayushman Oommen,69,1,1,5,1
2761,2761,Daniel Hora,63,3,6,1,1
2762,2762,Daksha Sidhu,48,8,1,5,1
2763,2763,Laban Raval,27,6,1,7,1
2764,2764,Pahal Toor,71,3,1,7,2
2765,2765,Harinakshi Sood,58,6,2,5,1
2766,2766,Warda Kibe,25,9,1,7,2
2767,2767,Vasudha Sankaran,35,1,1,1,1
2768,2768,Udant Prakash,28,2,1,5,2
2769,2769,Nathaniel Venkataraman,42,9,3,7,2
2770,2770,Darpan Pillai,58,2,6,3,1
2771,2771,Rudra Deshmukh,64,6,4,1,2
2772,2772,Warjas Sarraf,43,1,5,7,1
2773,2773,Gaurangi Kothari,44,6,1,6,2
2774,2774,Falak Rajagopal,29,2,1,5,2
2775,2775,Sara Borde,23,9,1,3,2
2776,2776,Harini Borde,23,7,1,3,2
2777,2777,Qasim Sundaram,48,2,2,6,2
2778,2778,Jagvi Puri,28,8,4,5,2
2779,2779,Om Wadhwa,51,8,1,4,2
2780,2780,Samarth Ratta,56,2,1,3,1
2781,2781,Warhi Saha,46,4,1,1,1
2782,2782,Vinaya Narayan,62,4,1,5,2
2783,2783,Patrick Dalal,44,3,2,6,1
2784,2784,Arya Shere,58,7,6,4,1
2785,2785,Dayamai Ram,75,1,2,4,1
2786,2786,Ishaan Sem,21,9,1,7,1
2787,2787,Tejas Bajwa,73,1,1,5,2
2788,2788,Anirudh Boase,58,3,4,5,2
2789,2789,Saumya Balay,23,8,7,2,1
2790,2790,Balendra Shroff,50,6,1,5,1
2791,2791,Janani Bala,34,6,3,1,2
2792,2792,Anita Purohit,56,1,1,2,2
2793,2793,Timothy Dass,74,9,1,3,1
2794,2794,Dayamai Chander,32,7,5,7,2
2795,2795,Vasana Mall,53,7,1,5,2
2796,2796,Qushi Venkataraman,70,5,2,2,1
2797,2797,Kamala Patel,45,5,3,2,1
2798,2798,Omkaar Agate,72,4,3,3,1
2799,2799,Tanmayi Oza,43,1,7,5,1
2800,2800,Maanav Varma,28,9,3,7,1
2801,2801,Aarush Kurian,67,8,4,6,1
2802,2802,Luke Singh,27,7,2,4,2
2803,2803,Chandran Dhillon,63,1,1,6,1
2804,2804,Aryan Verma,23,8,2,3,2
2805,2805,Ria Merchant,43,5,1,2,1
2806,2806,Oscar Patil,48,1,1,4,2
2807,2807,Amaira Balay,52,8,1,5,2
2808,2808,Atharv Gade,19,2,2,5,1
2809,2809,Ubika Parekh,36,3,5,3,1
2810,2810,Maanas Verma,75,3,1,5,2
2811,2811,Ikshita Grewal,58,4,1,3,1
2812,2812,Utkarsh Vyas,70,7,1,1,2
2813,2813,Vedhika Memon,64,2,4,3,2
2814,2814,Warhi Samra,35,5,1,6,1
2815,2815,Nilima Karan,51,4,6,4,1
2816,2816,Vivaan Morar,32,4,1,5,2
2817,2817,Leena Chada,45,2,2,5,2
2818,2818,Abhimanyu Dutta,69,9,2,7,1
2819,2819,Zashil Kale,47,9,1,3,1
2820,2820,Dhruv Chopra,51,7,1,4,2
2821,2821,Devika Dara,19,6,1,5,1
2822,2822,Patrick Ravel,52,7,6,6,1
2823,2823,Advaith Venkataraman,20,3,5,4,2
2824,2824,Neelima Goyal,30,2,5,7,2
2825,2825,Bahadurjit Shankar,73,9,1,5,1
2826,2826,Ranveer Seth,43,6,1,1,2
2827,2827,Faris Ratti,67,2,4,2,2
2828,2828,Karan Edwin,57,9,3,6,2
2829,2829,Dev Reddy,51,3,1,4,1
2830,2830,Urvashi Verma,44,3,2,6,1
2831,2831,Azaan Kothari,55,1,1,2,2
2832,2832,Sachi Kant,45,1,2,5,1
2833,2833,Zaid Nadig,50,6,1,3,2
2834,2834,Harini Sankaran,58,4,3,7,1
2835,2835,Aadi Kumer,64,1,1,1,1
2836,2836,Sanya Mohanty,71,8,3,7,1
2837,2837,Pavani Boase,36,8,4,5,2
2838,2838,Jagvi Som,47,8,4,2,1
2839,2839,Frederick Tripathi,24,9,1,4,1
2840,2840,Vasatika Tandon,41,7,1,3,1
2841,2841,Amruta Loke,18,2,3,2,1
2842,2842,Varenya Varughese,62,6,1,5,1
2843,2843,Sathvik Edwin,56,8,1,2,1
2844,2844,Alexander Viswanathan,51,3,1,3,1
2845,2845,Samuel Buch,33,3,1,2,2
2846,2846,Netra Prakash,53,9,1,7,2
2847,2847,Aarush Om,40,8,1,7,1
2848,2848,Nikita Bhavsar,58,8,2,2,1
2849,2849,Bishakha Prasad,51,3,1,6,2
2850,2850,Maya Badal,57,5,1,1,2
2851,2851,Ekaja Varughese,64,3,3,4,2
2852,2852,Nitesh Dugar,64,4,2,2,1
2853,2853,Vedhika Deep,24,9,3,3,1
2854,2854,Hardik Keer,23,5,1,1,1
2855,2855,Kevin Madan,51,4,1,6,1
2856,2856,Chanchal Jani,47,7,1,6,1
2857,2857,Lipika Ram,63,9,1,7,1
2858,2858,Zilmil Srinivas,61,5,6,5,1
2859,2859,Bishakha Lad,29,5,7,1,2
2860,2860,Lakshit Pathak,68,9,5,6,2
2861,2861,Vaishnavi Malhotra,39,2,1,7,1
2862,2862,Azaan Kari,74,7,1,5,2
2863,2863,Hitesh Halder,74,5,3,1,2
2864,2864,Vanya Modi,42,2,5,5,2
2865,2865,Upkaar Ramanathan,70,1,7,2,2
2866,2866,Chavvi Bala,67,4,2,3,1
2867,2867,Chameli Luthra,66,5,2,1,1
2868,2868,Aachal Tripathi,61,7,1,1,2
2869,2869,Ekanta Bal,23,5,7,7,2
2870,2870,Charita Atwal,33,4,2,6,1
2871,2871,Varsha Sen,42,5,2,3,1
2872,2872,Anmol Chander,45,8,1,6,1
2873,2873,Damyanti Bhatnagar,18,9,2,7,1
2874,2874,Simon Kumer,53,2,1,1,2
2875,2875,Joshua Bhatia,40,9,3,3,2
2876,2876,Shivansh Nath,23,7,1,3,2
2877,2877,Yuvraj Toor,65,3,4,1,2
2878,2878,Abha Ben,48,6,6,2,2
2879,2879,Gopal Palla,44,5,3,1,1
2880,2880,Amol Nagi,37,6,1,6,1
2881,2881,Isha Batta,71,2,1,2,1
2882,2882,Avi Barad,40,8,7,3,1
2883,2883,Widisha Prabhu,75,9,2,7,1
2884,2884,Yamini Trivedi,67,7,7,5,1
2885,2885,Advik Bobal,21,8,1,3,1
2886,2886,Shravya Master,32,5,1,6,1
2887,2887,Ishanvi Venkatesh,53,7,1,3,2
2888,2888,Vedika Om,41,8,2,6,2
2889,2889,Oliver Barman,64,6,1,1,1
2890,2890,Faris Acharya,61,2,5,5,1
2891,2891,Rachita Butala,41,6,1,3,1
2892,2892,Abdul Borra,75,1,2,1,1
2893,2893,Shivansh Barad,75,7,5,7,2
2894,2894,Charita Raja,37,1,2,6,1
2895,2895,Vyanjana Setty,58,3,4,3,1
2896,2896,Mahika Madan,22,6,3,4,1
2897,2897,Ekaja Mammen,42,1,1,1,1
2898,2898,Bhavya Mutti,46,7,6,6,1
2899,2899,Bachittar Agate,22,5,2,1,1
2900,2900,Gaurav Samra,46,5,2,5,1
2901,2901,Yashica Gade,26,7,1,2,1
2902,2902,Farhan Chhabra,57,4,3,2,2
2903,2903,Sudiksha Sagar,29,3,4,4,2
2904,2904,Elijah Arora,52,3,5,5,1
2905,2905,Harrison Mannan,23,8,7,5,2
2906,2906,Quincy Oza,33,5,1,2,1
2907,2907,Gaurang Rama,52,7,2,5,2
2908,2908,Anay Pandit,50,3,2,1,1
2909,2909,Omya Borra,31,5,1,2,2
2910,2910,Mitali Bera,18,9,4,4,1
2911,2911,Maanav Menon,54,7,1,4,2
2912,2912,Bina Khurana,43,6,1,2,1
2913,2913,Hemang Salvi,24,3,1,1,1
2914,2914,Krishna Dey,54,8,1,7,1
2915,2915,Riya Krishnan,33,8,1,7,2
2916,2916,Zaitra Narula,69,2,1,1,1
2917,2917,Chameli Narang,19,1,1,2,1
2918,2918,Vedhika Sagar,45,7,4,5,2
2919,2919,Praneel Shan,39,8,7,4,2
2920,2920,Lila Aurora,59,7,7,1,2
2921,2921,Bachittar Chaudhry,43,8,1,5,2
2922,2922,Krish Shanker,30,3,1,6,2
2923,2923,Vinaya Krishnan,43,9,2,3,2
2924,2924,Advika Chatterjee,39,6,1,4,2
2925,2925,Zayan Nagy,30,3,1,2,2
2926,2926,Abhiram Patla,63,8,2,1,2
2927,2927,Aadi Acharya,30,3,4,3,1
2928,2928,Samarth Sibal,18,7,4,5,1
2929,2929,Jonathan Sha,61,7,1,7,2
2930,2930,Damini Ganesh,22,1,2,1,1
2931,2931,Victor Khatri,70,2,1,7,1
2932,2932,Vinaya Pau,52,7,1,7,1
2933,2933,Anvi Narasimhan,33,7,1,3,1
2934,2934,Veda Madan,27,2,1,2,1
2935,2935,Hiral Zachariah,52,8,2,4,1
2936,2936,Ganga Padmanabhan,66,3,7,3,2
2937,2937,Lajita Dua,21,9,1,2,1
2938,2938,Saumya Dewan,75,9,1,3,1
2939,2939,Chatura Wali,38,9,1,3,1
2940,2940,Omisha Krish,36,7,1,5,1
2941,2941,Yachana Srinivasan,64,5,1,5,2
2942,2942,Aryan Sandhu,56,7,1,3,2
2943,2943,Yashvi Solanki,64,9,1,7,1
2944,2944,Sai Upadhyay,24,5,2,2,1
2945,2945,Deepa Prabhu,59,6,1,2,2
2946,2946,Eshana Mammen,42,9,1,1,2
2947,2947,Chaitaly Hari,55,8,2,4,2
2948,2948,Aarna Kapoor,71,2,1,4,2
2949,2949,Tripti Rajagopal,38,8,3,4,1
2950,2950,Ekalinga Sekhon,69,9,1,2,1
2951,2951,Kamala Nagar,68,6,3,2,2
2952,2952,Gayathri Pillai,72,2,1,7,2
2953,2953,Utkarsh Banerjee,72,1,2,5,1
2954,2954,Shravya Kadakia,40,7,1,3,1
2955,2955,Harsh Rajagopal,41,2,1,6,1
2956,2956,Sai Desai,19,8,1,6,2
2957,2957,Aarnav Sundaram,35,7,1,7,2
2958,2958,Ati Sagar,31,2,1,4,1
2959,2959,Mitali Mall,62,5,1,6,2
2960,2960,Vedant Panchal,19,4,1,3,1
2961,2961,Gauri Mani,61,1,1,4,1
2962,2962,Nidra Bose,30,8,3,3,2
2963,2963,Balendra Prasad,59,5,2,7,1
2964,2964,Abha Kadakia,30,4,3,6,1
2965,2965,Hemani Parsa,72,8,1,3,1
2966,2966,Atharv Chauhan,42,1,2,4,2
2967,2967,Watika Deol,47,3,3,3,2
2968,2968,Pushti Singh,22,5,2,2,2
2969,2969,Ikbal Deol,64,8,2,5,2
2970,2970,Onkar Mani,56,8,1,7,1
2971,2971,Warinder Natarajan,74,3,1,4,2
2972,2972,Nikita Sura,33,2,2,1,1
2973,2973,Chatura Ramanathan,37,2,1,6,1
2974,2974,Raghav Dara,39,4,5,6,2
2975,2975,Ekani Singhal,60,8,1,1,2
2976,2976,Ronith Vig,28,9,3,7,2
2977,2977,Onveer Mukhopadhyay,19,1,3,2,2
2978,2978,Tripti Mallick,22,7,1,2,1
2979,2979,Harini Subramaniam,32,7,1,1,1
2980,2980,Qabil Halder,32,4,2,6,2
2981,2981,Rajata Mitter,24,5,6,1,2
2982,2982,Lajita Patil,65,3,1,1,1
2983,2983,Indrajit Bhatia,56,8,6,4,2
2984,2984,Sanaya Salvi,69,1,2,3,1
2985,2985,Arjun Sani,63,8,3,4,1
2986,2986,Ekavir Pai,61,2,1,7,2
2987,2987,Ayushman Patla,41,1,1,3,1
2988,2988,Lakshmi Mannan,56,5,7,2,2
2989,2989,Ikbal Deshmukh,61,6,5,4,1
2990,2990,Atharv Mammen,44,6,3,4,1
2991,2991,Bimala Bhalla,54,1,6,3,1
2992,2992,Falan Balakrishnan,33,2,2,3,1
2993,2993,Teerth Chakrabarti,26,5,3,1,1
2994,2994,Vedant Pai,42,9,2,4,1
2995,2995,Amaira Deep,22,6,7,4,2
2996,2996,Radha Ghosh,49,1,4,7,2
2997,2997,Maya Cheema,19,7,1,1,2
2998,2998,Jairaj Banik,62,8,1,7,1
2999,2999,Anmol Varughese,55,1,2,2,1
3000,3000,Daniel Bal,29,7,2,7,2
3001,3001,Aarini Doctor,21,3,2,7,2
3002,3002,Meera Sarkar,68,1,1,7,2
3003,3003,Anirudh Sandhu,43,6,1,2,1
3004,3004,Yahvi Kapoor,20,8,1,2,1
3005,3005,Pranit Kothari,22,2,5,4,1
3006,3006,Eshana Dada,31,2,1,4,1
3007,3007,Nisha Bail,48,2,1,3,2
3008,3008,Abhiram Oak,69,7,1,3,1
3009,3009,Omaja Grover,29,3,1,7,1
3010,3010,Advika Kakar,24,8,1,7,1
3011,3011,Shivansh Sachar,27,5,4,6,1
3012,3012,Arya Chander,45,1,1,1,2
3013,3013,Sanaya Pandya,18,4,1,5,1
3014,3014,Riya Parsa,40,3,1,7,1
3015,3015,Wakeeta Mane,48,3,1,6,2
3016,3016,Chaitanya Bal,20,3,3,3,2
3017,3017,Aarini Chatterjee,66,7,5,6,2
3018,3018,Devika Lata,42,3,2,3,1
3019,3019,Amruta Barad,34,5,1,1,2
3020,3020,Leela Zachariah,66,5,1,7,2
3021,3021,Daksha Mitter,56,1,1,6,1
3022,3022,Upadhriti Mohan,57,3,2,3,1
3023,3023,Agastya Dutt,62,5,1,6,2
3024,3024,Isaac Sandhu,45,7,1,3,1
3025,3025,Yadavi Dutta,57,8,1,4,1
3026,3026,Zehaan Purohit,73,7,3,2,1
3027,3027,Caleb Devan,75,4,2,5,2
3028,3028,Unnati Chawla,38,5,1,1,1
3029,3029,Ekavir Gola,45,6,1,3,1
3030,3030,Tanvi Morar,68,2,1,7,2
3031,3031,Daniel Bhakta,63,5,1,5,2
3032,3032,Ekani Gupta,32,6,1,2,1
3033,3033,Pratyush Kulkarni,36,1,1,6,1
3034,3034,Charvi Oommen,62,8,1,2,1
3035,3035,Urvi Jain,54,8,1,6,1
3036,3036,Fariq Tailor,26,6,1,5,2
3037,3037,Forum Sandhu,25,8,1,2,2
3038,3038,Chameli Sinha,44,2,6,2,2
3039,3039,Ishani Sankar,30,9,1,6,1
3040,3040,Saumya Patel,20,7,1,6,1
3041,3041,Garima Kurian,37,3,1,4,1
3042,3042,Ishita Thaman,59,9,1,7,1
3043,3043,Anika Lata,25,4,2,6,1
3044,3044,Deepa Madan,68,2,3,3,1
3045,3045,Owen Sura,41,4,1,6,1
3046,3046,Rishi Srinivasan,23,1,3,3,1
3047,3047,Frederick Keer,45,7,1,5,2
3048,3048,Deepa Ranganathan,45,8,7,7,1
3049,3049,Harsh Ramanathan,63,7,1,5,2
3050,3050,Ekaraj Kapoor,74,8,3,6,1
3051,3051,Zarna Grewal,57,2,4,6,1
3052,3052,Urmi Sane,28,3,3,2,1
3053,3053,Chaman Edwin,70,2,3,1,1
3054,3054,Xavier Gill,42,4,3,7,2
3055,3055,Netra Seshadri,23,5,2,4,1
3056,3056,Benjamin Bhavsar,23,3,3,3,2
3057,3057,Yashvi Varma,66,6,7,1,1
3058,3058,Devika More,69,4,5,2,2
3059,3059,Reyansh Dewan,30,5,1,3,1
3060,3060,Gaurav Gill,55,1,1,4,1
3061,3061,Krish Dani,34,9,5,7,1
3062,3062,Vrishti Sandhu,42,1,1,5,1
3063,3063,Fariq Iyer,50,2,2,7,2
3064,3064,Ishita Tak,32,8,7,4,1
3065,3065,Hritik Raghavan,23,1,1,7,2
3066,3066,Mitali Bakshi,18,7,1,7,2
3067,3067,Lekha Manne,63,6,7,1,1
3068,3068,Sarthak Date,35,2,1,2,1
3069,3069,Orinder Morar,49,2,1,5,1
3070,3070,Ganga Naidu,68,7,1,6,2
3071,3071,Yochana Borah,27,2,1,4,1
3072,3072,Mohammed Bora,56,6,1,3,2
3073,3073,Bachittar Varma,27,3,2,4,2
3074,3074,Urishilla Jhaveri,21,6,1,7,1
3075,3075,Anusha Atwal,37,5,1,1,1
3076,3076,Krishna Handa,53,1,2,5,2
3077,3077,Farhan Magar,39,1,7,6,2
3078,3078,Raagini Choudhary,32,4,1,6,2
3079,3079,Krishna Sabharwal,42,6,1,2,1
3080,3080,Arin Das,51,6,1,1,1
3081,3081,Yashasvi Mohanty,57,2,2,3,1
3082,3082,Hema Pillai,74,8,3,7,1
3083,3083,Frederick Bal,54,3,3,1,2
3084,3084,Gavin Muni,73,7,1,2,2
3085,3085,Rushil Dave,62,9,4,5,2
3086,3086,Onveer Warrior,18,6,1,6,2
3087,3087,Hitesh Kohli,38,6,2,2,1
3088,3088,Darsh Kamdar,44,9,1,5,1
3089,3089,Alexander D’Alia,22,2,1,4,1
3090,3090,Kamya Nayak,56,4,1,7,1
3091,3091,Urvashi Vasa,37,5,7,2,1
3092,3092,Radha Mann,39,4,2,5,1
3093,3093,Champak Parekh,38,3,1,2,2
3094,3094,Udant Keer,20,5,1,7,2
3095,3095,Damyanti Mohanty,69,8,2,4,1
3096,3096,Jacob Pingle,25,9,4,4,2
3097,3097,Neha Gokhale,70,2,2,7,2
3098,3098,Zilmil Bajaj,27,4,3,6,1
3099,3099,Darpan Dugal,71,7,2,2,1
3100,3100,Jagdish Yohannan,70,9,1,3,2
3101,3101,Zarna Manne,46,2,1,6,2
3102,3102,Eta Mane,51,9,1,7,2
3103,3103,Kashvi Nazareth,35,3,1,2,1
3104,3104,Ekavir Sundaram,61,8,2,3,2
3105,3105,Orinder Panchal,21,4,1,5,1
3106,3106,Sara Datta,42,4,7,4,2
3107,3107,Upasna Mani,19,6,1,2,2
3108,3108,Mohammed Tiwari,32,3,7,7,1
3109,3109,Omya Master,34,9,1,3,1
3110,3110,Harini Dugar,65,5,1,3,2
3111,3111,Vincent Sarna,57,3,1,1,1
3112,3112,Jacob Oommen,18,8,1,2,1
3113,3113,Mekhala Rama,60,9,1,6,2
3114,3114,Avi Bandi,21,8,1,1,2
3115,3115,Maanas Konda,35,9,1,1,1
3116,3116,Geetika Virk,59,1,2,1,1
3117,3117,Bhavini Kalla,58,9,1,7,1
3118,3118,Mugdha Sur,53,9,1,7,2
3119,3119,Orinder Dora,42,5,1,3,2
3120,3120,Bhavini Viswanathan,20,7,1,6,1
3121,3121,Omkaar Sahota,25,7,1,2,1
3122,3122,Faras Rajan,36,6,2,3,2
3123,3123,Rushil Suri,61,6,4,6,2
3124,3124,Ganga Anne,61,2,4,4,2
3125,3125,Gabriel Chada,23,5,5,6,2
3126,3126,Ishaan Gole,30,9,1,1,2
3127,3127,Madhavi Chadha,75,5,1,7,2
3128,3128,Vedhika Edwin,26,1,2,1,1
3129,3129,Manya Chowdhury,26,4,1,2,1
3130,3130,Lavanya Vasa,29,7,1,1,1
3131,3131,Vedhika Patla,59,9,1,3,1
3132,3132,Isaac Kalita,40,7,6,5,1
3133,3133,Abha Dugar,25,1,5,1,2
3134,3134,Yasti Kala,74,8,3,7,1
3135,3135,Omaja Borra,52,9,1,6,2
3136,3136,Sarthak Kashyap,74,4,1,2,1
3137,3137,Forum Datta,68,9,1,3,1
3138,3138,Veda Gola,74,4,5,2,1
3139,3139,Gopal Ramanathan,53,2,1,4,2
3140,3140,Chaman Nair,29,8,1,4,1
3141,3141,Dalaja Srinivas,50,8,6,7,2
3142,3142,Chatura Roy,53,4,1,4,2
3143,3143,Saanvi Ravi,57,3,1,6,2
3144,3144,Bimala Keer,37,3,2,2,1
3145,3145,Nachiket Sani,63,8,5,5,2
3146,3146,Maanav Chaudhary,50,4,2,6,1
3147,3147,Viraj Kurian,74,5,4,2,1
3148,3148,Om Som,53,8,1,7,2
3149,3149,Pooja Jaggi,54,7,1,7,1
3150,3150,Ekiya Mittal,67,6,1,1,2
3151,3151,Oscar Vala,26,5,1,6,2
3152,3152,Patrick Pingle,59,3,1,7,2
3153,3153,Sai Kalla,21,6,1,5,1
3154,3154,Raagini Chaudhry,59,6,2,2,1
3155,3155,Warjas Raja,25,1,1,1,2
3156,3156,Aayush Sahni,61,6,1,1,2
3157,3157,Lohit Ben,34,4,2,1,2
3158,3158,Akshay Dada,31,1,1,5,1
3159,3159,Chakrika Kaur,40,5,2,2,1
3160,3160,Omya Bhandari,42,5,3,6,2
3161,3161,Ekanta Dyal,38,7,3,7,1
3162,3162,Yauvani Kalita,23,4,1,6,2
3163,3163,Manbir Dhar,34,1,1,1,1
3164,3164,Faraj Shenoy,28,2,1,6,2
3165,3165,Adya Yohannan,70,5,3,3,2
3166,3166,Theodore Chada,55,3,1,6,1
3167,3167,Neelima Shere,52,4,3,1,1
3168,3168,Triya Sankar,50,9,1,6,2
3169,3169,Ekani Bose,49,9,1,7,1
3170,3170,Vedant Mand,31,4,7,1,1
3171,3171,Charles Dhar,55,8,1,4,1
3172,3172,Girik Modi,52,5,1,5,2
3173,3173,Hemani Srinivasan,59,2,2,6,1
3174,3174,Oeshi Oommen,50,9,3,5,2
3175,3175,Aachal Lall,35,3,1,7,2
3176,3176,Vivaan Basak,29,5,1,2,1
3177,3177,Thomas Bhavsar,48,5,1,5,2
3178,3178,Shivani Nadig,20,8,1,4,1
3179,3179,Mahika Kothari,25,8,1,6,2
3180,3180,Faqid Lal,57,1,5,7,1
3181,3181,Gaurav Bakshi,19,4,1,1,1
3182,3182,Pranav Mital,57,6,3,4,1
3183,3183,Avi Borah,46,8,1,3,1
3184,3184,Dakshesh Peri,19,9,1,6,1
3185,3185,Falguni Bhagat,52,9,5,6,2
3186,3186,Yashoda Bir,47,9,2,5,2
3187,3187,Nachiket Sankar,66,3,1,7,2
3188,3188,Harshil Sibal,48,1,1,6,2
3189,3189,Omisha Dyal,53,2,1,5,1
3190,3190,Devansh Garg,65,3,2,7,1
3191,3191,Yashoda Pandya,75,5,2,4,1
3192,3192,Charles Randhawa,18,9,1,6,1
3193,3193,Laksh Narula,54,5,2,3,1
3194,3194,Nikita Ahuja,28,8,2,5,2
3195,3195,Aadi Gaba,58,6,1,1,2
3196,3196,Owen Manda,43,6,1,3,1
3197,3197,Yasti Shetty,67,2,4,7,1
3198,3198,Udant Pall,42,5,1,6,1
3199,3199,Watika Mittal,65,9,3,3,2
3200,3200,Bhavna Sampath,60,7,2,5,2
3201,3201,Ayaan Pathak,73,5,2,1,2
3202,3202,Om Chakraborty,18,7,1,3,1
3203,3203,Balendra Shroff,36,5,4,6,2
3204,3204,Samarth Shankar,21,6,1,2,2
3205,3205,Pallavi Majumdar,70,8,3,6,2
3206,3206,Samarth Raghavan,62,6,2,1,2
3207,3207,Ojasvi Choudhry,40,2,1,3,1
3208,3208,Aashi Pau,36,9,1,3,1
3209,3209,Yauvani Luthra,53,9,1,3,2
3210,3210,Gagan Dar,75,4,6,1,2
3211,3211,Finn Sathe,73,9,1,6,2
3212,3212,Yashvi Sundaram,41,6,5,2,1
3213,3213,William Nadkarni,29,1,4,3,1
3214,3214,Anay Aurora,70,1,6,3,1
3215,3215,Girish Khare,30,2,2,6,1
3216,3216,Urvashi Garde,18,1,4,1,2
3217,3217,Gaurika Dugal,62,4,3,4,2
3218,3218,Chatresh Sahni,65,9,4,5,1
3219,3219,Joshua Dada,66,4,3,5,2
3220,3220,Eta Bala,66,6,1,5,1
3221,3221,Reva Dhaliwal,27,9,1,3,2
3222,3222,Leena Nanda,49,7,4,4,1
3223,3223,Yasti Vaidya,28,8,1,6,1
3224,3224,Chaaya Dubey,40,3,2,6,1
3225,3225,Tanish Sura,62,8,2,2,2
3226,3226,Shivansh Maharaj,58,7,1,7,2
3227,3227,Tarak Sood,31,2,2,6,2
3228,3228,Gunbir Acharya,75,3,3,7,2
3229,3229,Nathan Chahal,46,2,1,2,2
3230,3230,Pratyush Dar,71,9,1,1,1
3231,3231,Sai Datta,21,2,2,4,2
3232,3232,Tripti Kar,18,9,3,7,1
3233,3233,Varsha Thakkar,71,7,1,1,2
3234,3234,Nicholas Mand,75,4,1,5,1
3235,3235,Ishita Bhalla,54,7,2,3,1
3236,3236,Tristan Chatterjee,70,7,3,3,1
3237,3237,Ikshita Sinha,66,5,7,5,2
3238,3238,Hredhaan Ghosh,23,2,2,2,1
3239,3239,Urvi Desai,33,6,1,5,1
3240,3240,Janani Bansal,61,5,1,4,2
3241,3241,Baghyawati Ramaswamy,42,4,1,7,1
3242,3242,Kamala Pandya,49,9,1,6,1
3243,3243,Samar Sastry,18,1,1,4,2
3244,3244,Jeremiah Ganesh,58,5,1,1,1
3245,3245,Abha Din,31,6,1,4,2
3246,3246,Veer Subramaniam,36,4,1,5,2
3247,3247,Ijaya Rai,51,6,2,1,2
3248,3248,Idika Bajaj,45,9,3,4,2
3249,3249,Adya Sen,40,3,1,5,1
3250,3250,Chavvi Kala,19,8,1,3,1
3251,3251,Yasti Chhabra,67,8,2,2,2
3252,3252,Onveer Kalita,55,2,6,4,1
3253,3253,Samar Golla,66,1,4,7,2
3254,3254,Vasatika Dugar,32,3,3,1,1
3255,3255,Lila Kapadia,63,9,1,6,2
3256,3256,Ayaan Sharaf,46,5,1,5,1
3257,3257,Vamakshi Kalita,30,2,2,3,2
3258,3258,Champak Chad,27,5,1,1,2
3259,3259,Kevin Prabhakar,46,8,1,1,1
3260,3260,Ansh Chaudhry,48,4,7,3,2
3261,3261,Kritika Hayre,64,5,1,2,2
3262,3262,Dalaja Buch,69,9,2,3,1
3263,3263,Yashica Raju,63,4,2,4,2
3264,3264,Balendra Dugar,50,3,1,6,1
3265,3265,Chandresh Narula,62,3,1,5,2
3266,3266,Omya Kale,40,3,1,3,2
3267,3267,Mitesh Agate,37,6,1,6,1
3268,3268,Advay Tara,45,2,1,6,1
3269,3269,Owen Radhakrishnan,73,9,1,6,2
3270,3270,Aarini Tailor,37,1,1,2,2
3271,3271,Triya Dalal,54,4,1,7,1
3272,3272,Ekani Kurian,22,7,2,3,1
3273,3273,Chaaya Parmer,38,4,2,6,1
3274,3274,Janya Sule,50,7,3,1,2
3275,3275,Unnati Ranganathan,60,6,1,6,1
3276,3276,Siddharth Biswas,24,6,1,5,2
3277,3277,Krisha Jaggi,51,5,1,2,2
3278,3278,Devansh Barad,21,3,3,5,1
3279,3279,Keya Nayak,53,7,1,1,1
3280,3280,Upkaar Chaudhry,35,6,6,2,2
3281,3281,Bishakha Desai,22,5,1,1,2
3282,3282,Isaac Manda,66,7,3,6,2
3283,3283,Kiaan Trivedi,45,9,2,1,2
3284,3284,Harini Pai,29,1,1,3,1
3285,3285,Ati Prabhu,70,6,1,2,2
3286,3286,Rohan Natt,57,9,1,5,1
3287,3287,Janaki Wali,40,6,1,4,2
3288,3288,Nisha Dhar,48,3,2,7,1
3289,3289,Vihaan Naik,74,5,1,2,2
3290,3290,Avni Issac,62,2,1,5,2
3291,3291,Divya Kapadia,49,7,2,3,1
3292,3292,Samesh Chaudhary,23,2,3,6,2
3293,3293,Jeremiah Chaudhary,47,4,6,5,2
3294,3294,Kala Das,55,2,1,2,1
3295,3295,Wridesh Varma,38,5,3,6,2
3296,3296,Geetika Seshadri,36,3,5,5,1
3297,3297,Tanmayi Pandit,49,5,3,6,2
3298,3298,Yutika Patel,34,2,2,1,2
3299,3299,Kashish Pal,32,5,7,2,1
3300,3300,Eesha Rama,19,2,1,7,1
3301,3301,Yochana Sura,19,2,7,6,1
3302,3302,Vansha Bumb,46,7,1,2,1
3303,3303,Ethan Shroff,24,9,2,7,1
3304,3304,Gauri Dave,62,8,1,3,1
3305,3305,Jack Khatri,37,9,3,6,1
3306,3306,Girik Venkataraman,70,3,3,4,2
3307,3307,Tamanna Gara,25,7,2,1,1
3308,3308,Raghav Jaggi,29,1,6,4,1
3309,3309,Yashasvi Sastry,70,4,1,3,1
3310,3310,Yashvi Suri,39,9,6,7,1
3311,3311,Sarthak Mukherjee,74,5,1,2,1
3312,3312,Ojasvi Naidu,51,5,1,7,1
3313,3313,Noah Nori,48,8,1,1,1
3314,3314,Lavanya Peri,75,8,5,4,1
3315,3315,Girish Bandi,67,3,2,4,1
3316,3316,Balendra Korpal,67,7,1,3,2
3317,3317,Rajeshri Ranganathan,58,7,1,4,2
3318,3318,Unni Vora,40,8,1,7,2
3319,3319,Gabriel Shanker,45,2,6,6,1
3320,3320,Peter Kar,26,4,2,5,1
3321,3321,Charvi Dhingra,64,1,1,5,1
3322,3322,Darpan Kari,19,9,1,5,1
3323,3323,Geetika Gokhale,30,1,3,6,1
3324,3324,Charvi Nadig,34,1,1,5,2
3325,3325,Luke Sen,58,5,4,5,1
3326,3326,Dominic Gokhale,21,6,5,1,1
3327,3327,Hemang Seshadri,29,4,1,1,1
3328,3328,Manthan Mukhopadhyay,32,2,6,2,1
3329,3329,Lohit Goel,18,5,1,4,2
3330,3330,Amara Deol,44,3,1,6,2
3331,3331,Lopa Buch,55,1,4,7,1
3332,3332,Yasti Prabhu,56,5,2,4,2
3333,3333,Aarav Suri,21,9,1,7,2
3334,3334,Yashasvi Mannan,67,3,6,2,1
3335,3335,Anita Hari,29,4,1,6,2
3336,3336,Tanish Agrawal,28,9,1,5,2
3337,3337,Oscar Pal,59,6,1,3,2
3338,3338,Aarush Mand,68,8,1,1,2
3339,3339,Matthew Samra,66,1,4,3,1
3340,3340,Max Thakkar,56,1,3,5,1
3341,3341,Yash Kapur,43,8,5,5,2
3342,3342,Mohini Vig,71,4,1,6,2
3343,3343,Sara Kade,56,4,1,4,1
3344,3344,Varsha Swaminathan,38,9,1,6,2
3345,3345,Sathvik Mann,20,4,1,6,1
3346,3346,Odika Savant,35,8,2,6,2
3347,3347,Yachana Kari,49,1,1,5,1
3348,3348,Tanveer Sunder,52,3,2,2,1
3349,3349,Ati Sodhi,19,4,1,1,2
3350,3350,Maya Bumb,48,3,5,5,2
3351,3351,Aishani Sibal,75,6,2,4,1
3352,3352,Udyati Dey,44,9,1,3,2
3353,3353,Radha Dyal,53,1,2,7,2
3354,3354,Udant Pai,23,5,1,6,1
3355,3355,Sai Shan,33,3,1,3,2
3356,3356,Januja Bhasin,26,6,5,3,1
3357,3357,Advaith Dada,23,6,2,1,2
3358,3358,Hema Ahuja,25,3,5,3,1
3359,3359,Hiral Kanda,21,5,1,3,1
3360,3360,Joshua Char,43,3,1,4,2
3361,3361,Edhitha Saraf,32,2,1,1,1
3362,3362,Nisha Choudhury,26,5,7,3,1
3363,3363,Maanav Biswas,62,4,1,7,1
3364,3364,Abhimanyu Grover,66,1,7,5,1
3365,3365,Ekani Rajagopal,52,1,1,3,1
3366,3366,Adya Bir,34,5,2,2,2
3367,3367,Ekaraj Grover,66,2,1,3,1
3368,3368,Lajita Dua,52,6,2,6,1
3369,3369,Dayamai Magar,57,2,6,3,2
3370,3370,Omisha Rana,29,9,2,2,2
3371,3371,Forum Sundaram,40,1,2,2,2
3372,3372,Jeet Bala,71,6,7,6,2
3373,3373,Shivani Handa,23,3,2,7,1
3374,3374,Agastya Johal,73,1,1,4,1
3375,3375,Omaja Nagarajan,42,6,1,3,1
3376,3376,Falak Singh,28,3,1,4,2
3377,3377,Anusha Chhabra,50,8,1,3,2
3378,3378,Indrajit Sha,52,6,4,1,1
3379,3379,Bina Murthy,37,4,1,2,1
3380,3380,Indira Bath,36,1,1,2,2
3381,3381,Amruta Uppal,44,9,2,4,1
3382,3382,Sai Chadha,43,1,1,2,1
3383,3383,Sachi Agrawal,49,2,1,3,2
3384,3384,Utkarsh Choudhary,52,4,3,4,1
3385,3385,Hiral Vig,22,9,1,1,2
3386,3386,Alexander Wable,40,8,1,2,2
3387,3387,Oni Chawla,24,1,6,2,1
3388,3388,Jeet Chadha,71,4,6,2,2
3389,3389,Deepa Krishnamurthy,60,7,2,1,2
3390,3390,Simon Korpal,62,3,1,6,2
3391,3391,Chanchal Bose,64,5,1,1,2
3392,3392,Saksham Loke,50,4,1,3,1
3393,3393,Harsh Mistry,43,4,3,5,2
3394,3394,Meera Sandhu,24,1,1,5,1
3395,3395,Tamanna Badal,23,5,7,7,2
3396,3396,Ishita Dash,68,9,3,4,2
3397,3397,Qadim Ganesan,60,7,1,6,2
3398,3398,Libni Basu,54,9,1,5,1
3399,3399,Nitesh Sahota,69,9,1,6,1
3400,3400,Tara Dugar,74,4,4,6,2
3401,3401,Bina Chand,25,5,1,5,1
3402,3402,Nitara Datta,63,7,1,6,2
3403,3403,Charita Pillai,44,8,2,7,1
3404,3404,Nicholas Varma,43,6,4,7,2
3405,3405,Priya Swaminathan,54,1,1,6,1
3406,3406,Pranav Borah,60,6,7,3,1
3407,3407,Joshua Pathak,18,7,1,1,2
3408,3408,Harita Kothari,73,6,1,6,1
3409,3409,Harsh Parmar,50,3,1,6,2
3410,3410,Hamsini Patla,74,4,6,1,2
3411,3411,Nitara Datta,74,5,3,1,1
3412,3412,Wakeeta Tella,64,7,1,1,1
3413,3413,Quincy Hayre,39,5,3,2,1
3414,3414,Sai Butala,24,2,1,5,2
3415,3415,Hamsini Devan,45,8,1,1,2
3416,3416,Viraj Atwal,55,4,1,4,1
3417,3417,Manya Kalla,21,5,1,2,2
3418,3418,Gavin Pathak,27,2,1,5,1
3419,3419,Gauri Jayaraman,43,6,1,2,1
3420,3420,Nilima Saraf,27,5,3,2,1
3421,3421,Ekalinga Bhargava,54,7,7,3,1
3422,3422,Bina Iyer,63,9,3,3,1
3423,3423,Christopher Dhawan,63,7,1,2,1
3424,3424,Naveen Guha,73,8,3,7,1
3425,3425,Gauri Ganesh,20,6,3,4,1
3426,3426,Jack Nadig,18,2,1,3,1
3427,3427,Darpan Palla,70,3,6,1,2
3428,3428,Ekaja Loke,29,6,1,5,1
3429,3429,Lakshit Pillai,67,5,7,6,2
3430,3430,Madhavi Das,22,2,7,5,1
3431,3431,Radhika Koshy,71,7,1,3,1
3432,3432,Krishna Palla,53,6,1,6,2
3433,3433,Charan Morar,61,4,1,4,2
3434,3434,Balendra Contractor,74,3,2,4,2
3435,3435,Ryan Grewal,38,7,2,4,2
3436,3436,Ekalinga Halder,38,2,1,7,2
3437,3437,Nitara Sankaran,39,9,5,7,1
3438,3438,Watika Chakrabarti,57,1,7,1,1
3439,3439,Rachit Sekhon,63,9,2,6,2
3440,3440,Timothy Pal,32,8,3,4,1
3441,3441,Gaurang Dhawan,26,6,1,1,1
3442,3442,Hredhaan Ratta,18,6,7,3,2
3443,3443,Lajita Ranganathan,27,8,2,7,1
3444,3444,Advika Munshi,64,5,3,5,2
3445,3445,Kevin Sura,28,4,1,2,2
3446,3446,Lekha Bobal,50,4,6,4,2
3447,3447,Sathvik Mandal,67,7,6,5,1
3448,3448,Lavanya Boase,65,8,2,7,1
3449,3449,Caleb Sampath,21,5,7,2,2
3450,3450,Upasna Kala,33,1,4,5,1
3451,3451,Xavier Prabhu,37,1,1,3,2
3452,3452,Wridesh Tank,65,1,1,4,2
3453,3453,Chaaya Gopal,70,5,6,5,2
3454,3454,Jatin Tiwari,60,3,1,2,1
3455,3455,Wazir Kamdar,71,8,1,1,2
3456,3456,Robert Bail,51,9,1,5,2
3457,3457,Ojas Ahuja,38,6,6,5,1
3458,3458,Nilima Gola,53,9,2,1,1
3459,3459,Kevin Khosla,46,1,1,2,1
3460,3460,Vasudha Menon,67,1,1,5,1
3461,3461,Amrita Das,51,1,2,1,1
3462,3462,Jagat Sabharwal,26,1,1,6,2
3463,3463,Varenya Cherian,74,2,1,5,1
3464,3464,Harrison Nigam,50,2,3,3,1
3465,3465,Karan Halder,20,1,4,7,2
3466,3466,Pushti Kari,51,3,5,2,2
3467,3467,Gaurav Bose,56,3,2,6,1
3468,3468,Girindra Kale,31,5,1,3,2
3469,3469,Dayamai Raj,36,6,2,2,1
3470,3470,Yatin Malhotra,56,4,2,7,1
3471,3471,Caleb Kala,29,9,2,6,2
3472,3472,Odika Mukhopadhyay,21,2,5,4,1
3473,3473,Lopa Ramaswamy,27,3,7,5,2
3474,3474,Wishi Shenoy,65,8,2,2,2
3475,3475,Chaitaly Choudhary,24,7,2,7,2
3476,3476,Hiral Varghese,68,3,3,1,2
3477,3477,Hiral Rajagopalan,50,2,1,7,1
3478,3478,Fiyaz Dani,39,5,1,1,2
3479,3479,Quincy Rout,56,2,1,1,1
3480,3480,Idika Varghese,23,7,1,2,1
3481,3481,Ati Dhillon,54,6,1,6,2
3482,3482,Akshay Mand,45,9,4,2,1
3483,3483,Rachita Natarajan,53,4,4,3,1
3484,3484,Anika Raman,74,4,1,3,2
3485,3485,Vaishnavi Bhavsar,42,3,2,5,2
3486,3486,Gaurang Lanka,41,9,1,4,1
3487,3487,Ekanta Sani,73,7,3,6,2
3488,3488,Isaiah Iyer,28,3,2,6,2
3489,3489,Harrison Khosla,47,6,2,1,1
3490,3490,Madhavi Goel,66,5,1,5,1
3491,3491,Chaman Mukherjee,45,8,1,3,1
3492,3492,Vidhi Sharma,62,3,1,7,1
3493,3493,Balveer Kale,51,2,3,7,1
3494,3494,Bahadurjit Dhar,22,3,1,4,1
3495,3495,Aahana Mishra,59,1,1,1,1
3496,3496,Naksh Taneja,70,4,1,5,2
3497,3497,Ekani Hari,52,1,1,2,2
3498,3498,Arya Venkataraman,69,9,7,2,2
3499,3499,Quincy Malhotra,59,8,2,7,2
3500,3500,Hemangini Wagle,26,9,2,3,2
3501,3501,Janani Chand,24,4,1,7,1
3502,3502,Vanya Sundaram,64,9,2,7,1
3503,3503,Praneel Tank,51,4,1,5,2
3504,3504,Adweta Ray,61,7,1,4,2
3505,3505,Vivaan Verma,20,9,1,3,1
3506,3506,Akshay Palla,75,3,1,5,1
3507,3507,Qarin Ram,42,4,1,5,1
3508,3508,William Dewan,67,2,4,2,2
3509,3509,Darpan Dhar,38,3,1,1,1
3510,3510,Mason Gole,28,9,3,6,2
3511,3511,Samuel Devi,46,7,1,5,1
3512,3512,Chatresh Dhawan,61,7,1,5,2
3513,3513,Nidra Narula,42,4,1,2,2
3514,3514,Logan Basak,67,6,2,5,1
3515,3515,Zaitra Chanda,31,1,1,3,2
3516,3516,Hritik Rama,75,6,7,4,2
3517,3517,Nathan Sankar,63,3,1,1,1
3518,3518,Logan Kamdar,27,3,1,2,1
3519,3519,Ishani Oza,39,5,1,4,1
3520,3520,Ishani Pau,34,3,2,5,2
3521,3521,Wishi Grewal,40,7,2,7,2
3522,3522,Shivansh Dada,45,2,2,3,1
3523,3523,Ati Sane,52,8,7,7,1
3524,3524,Bakhshi Grover,21,9,2,7,2
3525,3525,Radhika Sachdeva,66,7,1,2,2
3526,3526,Gauri Bala,66,2,3,3,1
3527,3527,Jagrati Keer,23,5,7,4,1
3528,3528,Chandran Wadhwa,38,9,2,2,1
3529,3529,Harish Dara,54,4,2,1,1
3530,3530,Jairaj Samra,66,1,4,4,2
3531,3531,Darsh Palla,69,7,2,6,2
3532,3532,Mekhala Kumar,63,5,1,5,2
3533,3533,Sara Uppal,72,7,2,2,2
3534,3534,Udant Kapoor,30,9,2,1,1
3535,3535,Oviya Sarkar,66,7,1,7,1
3536,3536,Gabriel Das,21,4,4,5,1
3537,3537,Kabir Rana,56,3,3,6,1
3538,3538,Simon Choudhary,28,7,3,2,2
3539,3539,Gagan Konda,47,7,3,7,2
3540,3540,Chakradhar Bhatti,42,5,6,5,2
3541,3541,Janaki Hans,62,2,1,1,2
3542,3542,Farhan Barad,45,1,1,2,2
3543,3543,Lipika Anne,36,7,1,3,2
3544,3544,Anay Srivastava,21,4,3,6,1
3545,3545,Adweta Desai,52,1,7,2,2
3546,3546,Rachana Kamdar,31,3,2,3,2
3547,3547,Orinder Balakrishnan,40,8,1,7,2
3548,3548,Gunbir Baral,24,2,2,6,2
3549,3549,Yashawini Kadakia,54,3,1,7,2
3550,3550,Girindra Dar,65,2,6,6,1
3551,3551,Dominic Tara,47,4,1,5,2
3552,3552,Abdul Badami,45,4,6,1,2
3553,3553,Anya Badami,52,3,1,7,1
3554,3554,Zaid Sen,31,1,1,2,2
3555,3555,Rohan Jhaveri,45,5,1,4,1
3556,3556,Yasti Kapur,46,9,1,7,1
3557,3557,Neha Sabharwal,60,9,6,3,2
3558,3558,Krisha Pant,32,5,1,5,2
3559,3559,Turvi Nadkarni,52,6,1,7,1
3560,3560,Geetika Sen,18,8,1,7,2
3561,3561,Finn Sharaf,53,3,1,6,2
3562,3562,Gauri Tata,48,8,2,4,1
3563,3563,Damini Memon,62,2,6,7,2
3564,3564,Saksham Sami,59,4,2,7,2
3565,3565,Manya Shah,50,1,1,3,1
3566,3566,Kashish Rao,65,9,1,4,2
3567,3567,Farhan Varty,68,7,1,2,1
3568,3568,Henry Rao,20,7,1,3,1
3569,3569,Vasudha Kunda,49,9,1,5,1
3570,3570,Nirja Ravi,19,3,2,6,1
3571,3571,Sathvik Nanda,30,2,2,2,2
3572,3572,Maya Saran,34,4,2,4,2
3573,3573,Dayamai Oommen,24,2,1,1,1
3574,3574,Aryan Badal,31,8,1,5,2
3575,3575,Maanav Shah,71,5,1,1,1
3576,3576,Atharv Chaudhari,28,2,7,7,2
3577,3577,Leela Kakar,20,1,1,5,2
3578,3578,Hritik Dey,48,2,1,7,1
3579,3579,Wakeeta Chakraborty,69,8,5,2,2
3580,3580,Vyanjana Chada,23,3,2,4,1
3581,3581,Triveni Devan,39,1,1,4,1
3582,3582,Noah Wali,74,7,6,7,1
3583,3583,Naveen Chatterjee,39,1,1,7,1
3584,3584,Lohit Gaba,39,9,3,3,2
3585,3585,Laban Verma,54,9,7,5,1
3586,3586,Amruta Brahmbhatt,71,5,1,6,2
3587,3587,Teerth Goda,54,7,7,4,1
3588,3588,Vincent Mall,72,4,3,1,1
3589,3589,Ekanta Seshadri,24,1,1,3,2
3590,3590,Rachit Bal,49,3,1,6,1
3591,3591,Baghyawati Vasa,41,5,1,4,2
3592,3592,Ansh Som,28,8,1,6,2
3593,3593,Rohan Pai,59,8,1,7,1
3594,3594,Oliver Murty,28,1,4,4,2
3595,3595,Onkar Mistry,51,8,1,3,1
3596,3596,Manbir Memon,49,8,1,3,1
3597,3597,Tanmayi Mann,18,2,2,7,1
3598,3598,Yuvraj Sinha,58,5,1,7,2
3599,3599,Krishna Sathe,72,8,1,3,1
3600,3600,Qarin Nori,74,6,2,5,2
3601,3601,Champak Kata,60,8,3,5,2
3602,3602,Osha Kota,36,2,3,1,2
3603,3603,Isaiah Vig,21,4,1,2,1
3604,3604,Vamakshi Jha,56,5,1,6,1
3605,3605,Tejas Seshadri,64,7,2,5,2
3606,3606,Nathan Rajagopalan,34,8,4,1,1
3607,3607,Isaiah Pal,35,9,3,4,1
3608,3608,Omaja Nanda,53,3,1,1,2
3609,3609,Om Ramachandran,52,8,3,7,2
3610,3610,Avi Sani,46,7,1,5,1
3611,3611,Riya Prashad,25,6,1,5,1
3612,3612,Irya Parikh,35,3,1,6,1
3613,3613,Abhimanyu Singh,22,4,1,6,2
3614,3614,Gautami Wali,24,5,1,6,1
3615,3615,Ubika Sahota,46,6,1,2,1
3616,3616,Liam Pai,70,2,6,1,1
3617,3617,Chanchal Palla,48,9,1,2,1
3618,3618,Devansh Kumar,51,3,2,3,1
3619,3619,Oviya Palla,23,7,3,7,2
3620,3620,Chameli Gopal,59,1,2,1,2
3621,3621,Urvashi Sarma,31,1,2,3,1
3622,3622,Tripti Dar,20,6,1,5,1
3623,3623,Gautami Tiwari,55,4,2,2,1
3624,3624,Sneha Ahluwalia,47,7,1,2,1
3625,3625,Mohini Sinha,53,2,1,6,1
3626,3626,Oeshi Goel,37,1,4,4,2
3627,3627,Bhavna Dora,37,9,4,7,2
3628,3628,Naveen Char,59,1,1,5,1
3629,3629,Hemang Halder,47,3,1,7,1
3630,3630,Lipika Puri,60,4,6,6,1
3631,3631,Orinder Joshi,44,2,4,2,1
3632,3632,Deepa Kari,52,8,2,6,1
3633,3633,Riya Anand,73,2,1,3,2
3634,3634,Faras Baria,36,4,6,4,1
3635,3635,Hiral Chakraborty,52,6,1,7,1
3636,3636,Vyanjana Rout,24,4,1,1,1
3637,3637,Elijah Ganesan,22,6,1,6,2
3638,3638,Udyati Dara,20,7,1,4,1
3639,3639,Dayita Mitra,20,5,1,6,1
3640,3640,Christopher Srinivasan,27,1,2,4,1
3641,3641,Ekantika Lalla,46,4,3,3,1
3642,3642,Upadhriti Sastry,23,6,4,7,1
3643,3643,Gagan Gupta,57,5,7,2,2
3644,3644,Harinakshi Apte,64,2,3,4,2
3645,3645,Oeshi Deol,46,5,1,2,2
3646,3646,Dayita Karpe,66,4,1,7,2
3647,3647,Sneha Oza,73,6,4,6,1
3648,3648,Ekanta Nair,29,9,2,3,1
3649,3649,Arjun Doshi,68,9,1,3,1
3650,3650,Nitesh Radhakrishnan,32,8,3,5,2
3651,3651,Falak Memon,56,3,1,1,2
3652,3652,Ranbir Ben,21,9,3,6,1
3653,3653,David Sandhu,18,2,4,3,2
3654,3654,Shivansh Chadha,31,8,1,7,2
3655,3655,Kavya Nagarajan,47,2,2,7,1
3656,3656,Edhitha Acharya,36,6,2,6,2
3657,3657,Mason Wali,60,6,1,2,2
3658,3658,Azad Murthy,39,9,1,4,1
3659,3659,Ayush Bath,72,7,3,4,1
3660,3660,Yashoda Pingle,67,6,1,3,1
3661,3661,Onkar Minhas,20,5,1,7,2
3662,3662,Vinaya Palla,29,2,1,3,2
3663,3663,Dev Rao,59,1,2,3,2
3664,3664,Lakshit Sibal,26,7,1,4,1
3665,3665,Ati Reddy,64,5,1,5,1
3666,3666,Ishaan Chandra,56,8,1,5,1
3667,3667,Charvi Swaminathan,46,7,3,2,1
3668,3668,Finn Bala,36,4,1,4,1
3669,3669,Girik Munshi,27,8,1,4,2
3670,3670,Ekansh Gera,59,8,3,5,2
3671,3671,Reyansh Rout,29,6,1,6,2
3672,3672,Rajata Deep,51,1,1,7,2
3673,3673,Aradhana Palla,58,8,1,7,1
3674,3674,Aarav Dube,18,9,1,5,2
3675,3675,Aishani Mangat,41,9,5,7,2
3676,3676,Advay Babu,22,6,1,5,1
3677,3677,Dipta Murthy,38,4,3,2,2
3678,3678,Ekaja Yadav,48,7,1,1,1
3679,3679,Aachal Madan,69,9,1,3,1
3680,3680,Ronith Din,55,9,1,3,1
3681,3681,Faris Lad,43,2,1,3,2
3682,3682,Mohammed Sridhar,38,2,3,7,1
3683,3683,Yutika Patla,69,3,3,7,1
3684,3684,Mugdha Agrawal,42,4,2,5,2
3685,3685,Zilmil Sathe,68,3,1,4,2
3686,3686,Yachana Kakar,26,3,1,1,1
3687,3687,Bimala Shanker,26,2,1,3,1
3688,3688,Balendra Pandit,74,1,1,4,1
3689,3689,Arin Bhatt,22,3,7,3,1
3690,3690,Sudiksha Mitter,33,9,1,7,2
3691,3691,Bhavini Deshmukh,46,4,5,4,1
3692,3692,Christopher Karpe,23,4,1,4,1
3693,3693,Turvi Kari,25,1,1,6,2
3694,3694,Meghana Kade,69,9,1,7,2
3695,3695,Tristan Bhatt,38,9,1,6,1
3696,3696,Devansh Dar,65,3,2,5,1
3697,3697,Tripti Karnik,60,4,2,6,2
3698,3698,Ishwar Padmanabhan,41,4,4,4,1
3699,3699,Vivaan Dutt,24,5,2,1,1
3700,3700,Imaran Upadhyay,34,2,1,1,1
3701,3701,Bhavini Bhat,23,4,1,7,2
3702,3702,Widisha Srinivasan,33,2,3,4,1
3703,3703,Arin Balay,55,1,1,1,1
3704,3704,Quincy Nadkarni,58,5,6,5,2
3705,3705,Vasatika Dyal,25,5,7,7,1
3706,3706,Nikita Ramanathan,50,8,1,4,1
3707,3707,Frederick Deep,37,6,5,7,1
3708,3708,Jasmit Saraf,43,9,5,7,1
3709,3709,Oni De,50,8,1,7,2
3710,3710,Qarin Tella,59,4,1,6,2
3711,3711,Bishakha Subramaniam,51,9,1,7,1
3712,3712,Inaya Buch,52,2,3,3,1
3713,3713,Eta Bir,51,1,1,7,1
3714,3714,Kashvi Rau,58,6,2,5,1
3715,3715,Hardik Batta,31,6,1,3,2
3716,3716,Vaishnavi Ganguly,40,8,1,4,2
3717,3717,Zayan Sangha,68,5,7,3,1
3718,3718,Aayush Rattan,34,6,1,3,2
3719,3719,Unnati Deshpande,50,4,1,7,2
3720,3720,Zashil Bakshi,54,5,1,2,1
3721,3721,Falak Ratti,38,3,1,4,2
3722,3722,Yasti Ravi,58,5,2,4,1
3723,3723,Kavya Handa,64,6,6,7,2
3724,3724,Praneel Sama,29,5,2,5,2
3725,3725,Bhavika Mitter,58,2,1,6,1
3726,3726,Turvi Bajaj,53,7,1,6,1
3727,3727,Ojas Shukla,29,6,1,5,1
3728,3728,Sudiksha Behl,47,5,1,3,1
3729,3729,Mason Bala,39,9,3,3,1
3730,3730,William Sundaram,45,5,5,1,1
3731,3731,Abhiram Ramesh,69,1,2,2,1
3732,3732,Ansh Bail,35,1,4,7,1
3733,3733,Mohini Rout,61,6,1,3,2
3734,3734,Neel Pandya,20,1,3,6,1
3735,3735,Tanmayi Narang,39,7,6,4,1
3736,3736,Chaitanya D’Alia,65,2,3,3,1
3737,3737,Alka Dada,72,1,3,1,1
3738,3738,Jack Nagar,43,9,6,4,2
3739,3739,Nilima Rajagopalan,36,3,1,6,1
3740,3740,Jeevika Parekh,40,7,1,4,2
3741,3741,Rayaan Nayar,61,4,1,6,2
3742,3742,Janya Magar,69,3,1,4,1
3743,3743,Aarav Seth,28,6,3,2,2
3744,3744,Banjeet Bhasin,48,4,2,2,2
3745,3745,Zansi Rajagopal,69,4,1,1,1
3746,3746,Gaurang Badami,59,8,5,7,2
3747,3747,Aditya Rai,19,6,1,3,2
3748,3748,Chatura Modi,61,3,7,1,1
3749,3749,Nachiket Rana,74,5,1,7,2
3750,3750,Daksha Wagle,21,3,6,1,1
3751,3751,Januja Balan,20,1,2,2,2
3752,3752,Simon Talwar,73,9,2,6,1
3753,3753,Tarak Kamdar,35,9,1,2,2
3754,3754,Netra Thakur,25,7,6,7,1
3755,3755,Unni Nayak,69,2,3,1,2
3756,3756,Nikita Sastry,65,8,1,2,2
3757,3757,Isha Ghosh,18,7,6,3,2
3758,3758,Wishi Sengupta,68,2,1,4,2
3759,3759,Bimala Korpal,50,2,1,4,1
3760,3760,Unni Iyengar,72,4,1,6,1
3761,3761,Theodore Balakrishnan,28,7,1,4,2
3762,3762,Nimrat Contractor,44,5,2,6,1
3763,3763,Idika Pandit,45,2,1,5,2
3764,3764,Gabriel Pradhan,56,4,7,7,1
3765,3765,Yadavi Sarma,23,3,1,6,1
3766,3766,Ishani Ravi,65,1,2,5,2
3767,3767,Yatin Nath,18,4,5,7,2
3768,3768,Henry Balay,33,7,1,2,1
3769,3769,Harini Seth,54,3,1,1,2
3770,3770,Samarth Bumb,64,4,5,7,2
3771,3771,Ekaja Mitra,29,6,1,6,1
3772,3772,Xalak Hans,60,1,2,2,1
3773,3773,Nisha Kumar,73,9,1,2,2
3774,3774,Vivaan Manda,66,5,1,1,1
3775,3775,Chatura Goel,50,1,1,2,1
3776,3776,Jonathan Nayak,72,8,1,3,2
3777,3777,Ojasvi Joshi,51,1,1,3,2
3778,3778,Sai Pal,40,8,1,2,1
3779,3779,Zinal Upadhyay,47,8,1,3,2
3780,3780,Meghana Amble,43,3,3,7,1
3781,3781,Gautami Dey,25,1,3,6,1
3782,3782,Kashish Kade,56,5,1,1,2
3783,3783,Ati Gulati,46,4,5,3,1
3784,3784,Ekani Kota,33,9,3,3,1
3785,3785,Mugdha Karpe,44,1,1,2,1
3786,3786,Ishaan Bobal,51,5,3,2,1
3787,3787,Ishanvi Kara,23,8,1,1,1
3788,3788,Timothy Mittal,32,5,2,5,2
3789,3789,Prisha Sem,26,6,2,6,1
3790,3790,Lavanya Sunder,54,9,1,1,1
3791,3791,Frado Buch,63,4,2,4,1
3792,3792,Aarush Shankar,29,8,3,5,2
3793,3793,Ishaan Oza,61,6,1,2,1
3794,3794,Eiravati Dara,38,8,7,2,2
3795,3795,Oliver Ganesan,46,1,3,3,1
3796,3796,Chandran Keer,26,9,1,3,1
3797,3797,Pranav Ratta,29,9,2,6,1
3798,3798,Kai Parmer,20,4,1,3,2
3799,3799,Nathan Kapadia,66,5,1,4,1
3800,3800,Barkha Vasa,63,8,1,5,2
3801,3801,Ubika Dhar,74,1,7,3,2
3802,3802,Lakshmi Chakraborty,62,6,1,7,2
3803,3803,Harshil Sankaran,28,7,2,6,1
3804,3804,Charles Sani,45,1,1,7,1
3805,3805,Yoshita Konda,70,2,1,6,2
3806,3806,Utkarsh Raman,38,6,1,1,2
3807,3807,Shivani Vohra,22,7,1,1,2
3808,3808,Jackson Din,43,5,1,2,2
3809,3809,Logan Goda,66,2,1,3,2
3810,3810,Sai Nayak,50,2,1,3,2
3811,3811,Abhimanyu Nagy,60,8,1,7,2
3812,3812,Devika Khatri,34,8,1,1,2
3813,3813,Akshay Bahl,26,3,1,2,2
3814,3814,Rushil Ravel,19,5,3,6,1
3815,3815,Hritik Tiwari,48,4,3,3,1
3816,3816,Devansh Barad,34,8,7,5,1
3817,3817,Zilmil Khalsa,23,4,1,7,1
3818,3818,Yashodhara Wason,28,1,2,2,1
3819,3819,Adya Soman,62,2,1,3,1
3820,3820,Wriddhish Saxena,75,6,2,7,2
3821,3821,Madhavi Jani,43,1,7,3,1
3822,3822,Raksha Grover,22,2,1,1,1
3823,3823,Mason Padmanabhan,20,6,1,1,1
3824,3824,Jagat Nagarajan,19,2,1,2,1
3825,3825,Aryan Patla,21,5,2,2,2
3826,3826,Gaurika Chahal,46,1,1,1,2
3827,3827,Udarsh Dyal,46,8,1,4,1
3828,3828,Darpan Kale,23,1,1,6,2
3829,3829,Rajeshri Ghosh,58,6,1,5,1
3830,3830,Balendra Lalla,69,1,1,7,1
3831,3831,Sneha Mangat,43,5,6,3,1
3832,3832,Anita Babu,63,3,3,3,2
3833,3833,Jalsa Wason,64,3,1,6,1
3834,3834,Neha Om,18,6,1,4,1
3835,3835,Kala Bhattacharyya,43,1,1,7,2
3836,3836,Yashawini Kara,29,2,4,2,2
3837,3837,Azaan Kannan,28,5,1,4,2
3838,3838,Ucchal Nagi,51,8,7,4,1
3839,3839,Bachittar Desai,64,9,1,3,1
3840,3840,Urvashi Loke,72,4,1,1,2
3841,3841,Indrajit Mitra,59,9,6,3,1
3842,3842,Omaja Issac,67,6,1,6,2
3843,3843,Zayan Pant,35,1,1,1,2
3844,3844,William Tailor,23,3,1,6,1
3845,3845,Hemangini Prakash,35,5,3,3,2
3846,3846,Tanveer Krishnan,38,3,1,2,2
3847,3847,Ansh Varma,20,9,4,6,2
3848,3848,Vritti Kara,32,3,3,1,1
3849,3849,Charles Kadakia,71,6,3,5,1
3850,3850,William Dey,46,7,1,2,1
3851,3851,Jai Balakrishnan,45,8,1,3,2
3852,3852,Eshana Chander,51,7,2,1,2
3853,3853,Amaira Batra,46,7,2,5,1
3854,3854,Balvan Ray,41,3,1,2,1
3855,3855,Ekanta Nagy,21,2,1,2,1
3856,3856,Suhani Choudhry,57,9,4,6,2
3857,3857,Jalsa Deshpande,52,3,3,1,2
3858,3858,Kashvi Sabharwal,37,8,1,4,1
3859,3859,Vihaan Sagar,65,4,1,4,1
3860,3860,Falguni Wali,62,2,6,5,1
3861,3861,Aishani Manne,20,8,6,6,2
3862,3862,Chanchal Batra,45,9,4,1,2
3863,3863,Ati Soman,35,5,1,7,2
3864,3864,Bishakha Doctor,31,7,2,3,1
3865,3865,Dhruv Chanda,25,2,1,7,1
3866,3866,Ikshita Malhotra,73,7,1,4,2
3867,3867,Radhika Devan,30,7,3,6,2
3868,3868,Oscar Johal,34,1,1,3,2
3869,3869,Vansha Sarma,35,8,2,1,1
3870,3870,Nihal Kaur,25,3,5,5,2
3871,3871,Leela Kata,21,3,1,2,1
3872,3872,Lekha Karpe,56,2,2,6,2
3873,3873,Aditya Majumdar,65,6,1,1,2
3874,3874,Manthan Deep,64,6,3,2,2
3875,3875,Banjeet Garg,22,2,3,7,1
3876,3876,Mitali Rout,75,1,1,6,2
3877,3877,Alka Bakshi,33,1,5,1,1
3878,3878,Nidhi Kumar,24,1,2,1,1
3879,3879,Kiaan Sant,29,7,1,6,2
3880,3880,Yachana Brahmbhatt,60,9,1,6,1
3881,3881,Neelima Rajagopal,23,7,1,3,2
3882,3882,Ayushman Mukhopadhyay,67,2,5,4,2
3883,3883,Ikbal Divan,56,9,1,7,2
3884,3884,Ijaya Dutta,49,2,1,6,1
3885,3885,Yasti Subramaniam,33,6,1,4,1
3886,3886,Nidra Chaudhuri,23,4,1,7,2
3887,3887,Ekbal Bhasin,41,6,1,6,2
3888,3888,Ranbir Chaudhry,31,1,1,1,2
3889,3889,Zayan Gole,46,2,1,1,2
3890,3890,Omisha Muni,69,4,1,6,1
3891,3891,Owen Gupta,61,3,3,5,1
3892,3892,Mekhala Sidhu,71,8,2,4,1
3893,3893,Ranveer Chadha,63,7,6,5,1
3894,3894,Mohini Comar,41,3,1,4,2
3895,3895,Jatin Sen,32,8,1,1,2
3896,3896,Karan Deep,59,7,2,3,2
3897,3897,Nitesh Misra,19,4,2,5,1
3898,3898,Jatin Devi,65,4,3,1,2
3899,3899,Balveer Dubey,50,3,1,3,1
3900,3900,Girish Deol,39,5,1,4,2
3901,3901,Garima Kala,66,2,3,6,2
3902,3902,Abhiram Madan,58,2,2,7,1
3903,3903,Yachana Naik,55,2,1,7,1
3904,3904,Meghana Barad,19,1,1,4,1
3905,3905,Rishi Behl,73,1,7,2,1
3906,3906,Samaksh Ram,54,7,2,3,1
3907,3907,Damyanti Chaudhuri,23,1,1,2,2
3908,3908,Anay Modi,40,8,3,3,1
3909,3909,Chanchal Reddy,46,1,1,5,2
3910,3910,Meera Anne,52,4,1,3,2
3911,3911,Nathan Borra,25,8,4,7,1
3912,3912,Frado Dugar,45,7,2,5,2
3913,3913,Mohini Thaker,59,2,4,2,1
3914,3914,Urmi Bandi,24,9,3,3,1
3915,3915,Madhavi Shenoy,61,3,5,7,1
3916,3916,Vritti Kala,37,3,1,1,1
3917,3917,Mason Sem,57,9,1,6,1
3918,3918,Qasim Nagarajan,71,7,1,7,2
3919,3919,Chameli Bhardwaj,39,8,5,7,1
3920,3920,Megha Bhakta,57,2,1,6,1
3921,3921,Reva Dyal,52,9,1,2,1
3922,3922,Turvi Mander,48,5,5,2,1
3923,3923,Ekbal Goda,35,1,6,7,2
3924,3924,Bhavini Tiwari,47,7,1,1,1
3925,3925,Balhaar Sandal,57,4,1,6,1
3926,3926,Yahvi Lata,74,1,1,1,1
3927,3927,Idika Ramanathan,35,2,1,1,1
3928,3928,Ucchal Sule,64,8,1,2,1
3929,3929,Yagnesh Bora,60,7,1,3,1
3930,3930,Jasmit Bir,29,6,1,1,1
3931,3931,Diya Chahal,58,2,5,2,1
3932,3932,Advika Kakar,28,3,1,3,1
3933,3933,Naveen Yohannan,74,3,1,6,1
3934,3934,Wyatt Kannan,75,9,1,4,1
3935,3935,Meghana Saraf,37,5,6,1,1
3936,3936,Faqid Sinha,74,4,7,7,2
3937,3937,Brinda Balakrishnan,36,5,1,4,1
3938,3938,Advik Choudhury,65,3,2,2,1
3939,3939,Hitesh Soman,72,3,6,5,2
3940,3940,Chavvi Kara,52,2,1,1,2
3941,3941,Siya Singh,56,7,1,3,2
3942,3942,Neha Kale,33,2,1,4,1
3943,3943,Leela Peri,58,9,7,6,1
3944,3944,Hritik Sastry,37,1,1,3,1
3945,3945,Dalbir Sachar,26,2,1,1,1
3946,3946,Tanish Gill,36,2,2,3,2
3947,3947,Chakradhar Basu,34,2,1,4,1
3948,3948,Alexander Bora,62,3,1,3,1
3949,3949,Noah Narula,63,1,7,4,2
3950,3950,Gautami Gopal,69,4,3,3,1
3951,3951,Anita Deshmukh,73,5,1,5,1
3952,3952,Aarav Radhakrishnan,59,8,7,2,1
3953,3953,Veda Chopra,67,9,2,5,1
3954,3954,Janya Zacharia,27,4,1,1,2
3955,3955,Balvan Puri,72,7,7,2,2
3956,3956,Maanav Lad,59,8,2,5,2
3957,3957,Isaiah Sibal,53,1,1,6,2
3958,3958,Onkar Keer,41,5,1,5,1
3959,3959,Tripti Doctor,32,6,4,7,2
3960,3960,Megha Singhal,26,9,1,7,1
3961,3961,Indali Roy,42,8,1,1,1
3962,3962,Yuvraj Varty,66,6,5,1,1
3963,3963,Adya Bala,39,8,1,7,2
3964,3964,Lekha Mall,74,6,1,6,2
3965,3965,Geetika Dani,51,6,1,3,2
3966,3966,Krishna Bhat,19,1,1,4,2
3967,3967,Odika Comar,63,2,2,7,1
3968,3968,Alka Dubey,75,3,1,6,1
3969,3969,Waida Grover,52,1,1,7,2
3970,3970,Charan Golla,44,5,2,1,2
3971,3971,Gunbir Babu,72,1,2,5,2
3972,3972,Gautam Biswas,49,6,5,7,1
3973,3973,Praneel Wadhwa,26,6,1,3,2
3974,3974,Mohini Thaman,40,9,1,5,2
3975,3975,Yatan Bhatti,43,2,1,3,2
3976,3976,Zashil Yogi,40,6,1,3,2
3977,3977,Aadhya Barman,48,2,2,2,1
3978,3978,Gopal Agarwal,55,4,1,4,1
3979,3979,Ganga Keer,37,4,3,4,1
3980,3980,Isaac Apte,56,9,1,1,2
3981,3981,Saksham Chana,34,6,1,7,2
3982,3982,Harita D’Alia,50,2,2,4,2
3983,3983,Anita Vasa,23,9,4,3,2
3984,3984,Vinaya Issac,70,6,1,1,2
3985,3985,Sathvik Narayan,67,7,1,4,1
3986,3986,Yash Goswami,31,6,1,3,1
3987,3987,Nakul Bera,48,9,1,7,1
3988,3988,Lucky Shroff,32,7,1,5,1
3989,3989,Nicholas Verma,36,1,7,6,2
3990,3990,Omisha Ramaswamy,54,5,3,7,1
3991,3991,Abdul Balan,54,7,1,3,2
3992,3992,Priya Om,65,9,1,4,2
3993,3993,Champak Bose,23,9,2,3,1
3994,3994,Jalsa Borra,35,7,1,5,1
3995,3995,Nitesh Vyas,69,1,1,7,2
3996,3996,Hitesh Dalal,34,6,1,7,2
3997,3997,Sudiksha Chada,40,5,1,6,1
3998,3998,Teerth Banik,35,8,1,6,2
3999,3999,Aarna Rau,60,5,1,3,2
4000,4000,Lakshmi Ravel,72,8,1,2,2
4001,4001,Gaurav Mani,27,1,1,1,1
4002,4002,Libni Pall,73,4,1,7,1
4003,4003,Warinder Prakash,21,2,1,3,1
4004,4004,Mitesh Rai,36,3,7,3,2
4005,4005,Chameli Bhandari,27,9,2,5,1
4006,4006,Krishna Sibal,26,2,6,3,1
4007,4007,Chaaya Bakshi,62,2,1,1,1
4008,4008,Tripti Deshpande,59,7,1,3,1
4009,4009,Rachit Bakshi,65,1,2,7,2
4010,4010,Tamanna Vala,46,8,4,2,1
4011,4011,Waida Chaudhary,20,5,2,1,1
4012,4012,Yatin Nagar,33,3,1,1,2
4013,4013,Wahab Agate,39,6,1,6,1
4014,4014,Charita Dube,34,8,1,2,2
4015,4015,Priya Jaggi,43,4,3,7,1
4016,4016,Urvi Roy,44,1,1,2,2
4017,4017,Warjas Malhotra,75,7,1,3,1
4018,4018,Adweta Swaminathan,54,4,1,3,2
4019,4019,Chandani Banik,52,6,2,7,1
4020,4020,Damini Kala,61,4,1,1,1
4021,4021,Waida Sengupta,66,5,1,6,1
4022,4022,Falan Batra,51,9,1,2,2
4023,4023,Urishilla Halder,48,8,1,4,1
4024,4024,Ryan Hayre,69,3,3,5,1
4025,4025,Logan Memon,48,7,1,1,2
4026,4026,Yuvraj Nadig,61,2,1,1,1
4027,4027,Advay Choudhury,24,6,1,7,1
4028,4028,Krisha Chand,64,8,3,3,2
4029,4029,Damini Karan,37,7,3,4,2
4030,4030,Gabriel Babu,64,7,1,4,2
4031,4031,Nidhi Lata,66,1,1,5,2
4032,4032,Ishita Rout,48,6,1,7,1
4033,4033,Ethan Bhasin,59,9,2,2,1
4034,4034,Kiaan Prakash,29,1,6,3,2
4035,4035,Indrajit Chatterjee,60,4,1,2,2
4036,4036,Faras Kunda,30,9,1,7,1
4037,4037,Varsha Choudhry,35,1,1,7,2
4038,4038,Michael Rajagopalan,42,7,2,1,1
4039,4039,Siddharth Hayre,18,9,2,4,1
4040,4040,Brinda Sehgal,29,8,1,6,1
4041,4041,Hamsini Dara,57,3,4,1,2
4042,4042,Girik Panchal,64,1,3,6,2
4043,4043,Nisha Rajagopalan,63,8,1,7,2
4044,4044,Bhavini Pathak,33,2,1,4,1
4045,4045,Harshil Bhalla,24,6,2,1,1
4046,4046,Udant Sarna,22,3,1,4,1
4047,4047,Jason Sathe,53,1,2,5,1
4048,4048,Gautami Chander,57,4,6,6,2
4049,4049,Ishaan Srinivasan,58,7,3,1,2
4050,4050,Bhanumati Narayanan,49,8,1,1,1
4051,4051,Baghyawati Mannan,28,5,1,1,1
4052,4052,Unnati Rao,68,3,1,6,1
4053,4053,Zilmil Bose,72,7,1,5,1
4054,4054,Qushi Sani,26,6,1,1,1
4055,4055,Arin Jaggi,56,4,1,2,2
4056,4056,Andrew Rastogi,26,4,1,4,1
4057,4057,Netra Sabharwal,69,1,1,5,2
4058,4058,Bhavna Gour,19,2,7,2,1
4059,4059,Anthony Bath,24,5,3,3,1
4060,4060,Jack Merchant,36,1,1,5,1
4061,4061,Naveen Dora,58,4,2,7,2
4062,4062,Banjeet Sankaran,46,3,1,3,1
4063,4063,Wyatt Sodhi,53,5,1,6,2
4064,4064,Riya Behl,69,1,1,6,1
4065,4065,Sanaya Chad,19,1,2,1,1
4066,4066,Vinaya Agate,23,2,1,5,1
4067,4067,Amara Mander,70,4,1,7,1
4068,4068,Harini Lall,20,3,1,7,2
4069,4069,Ganga Mohanty,33,3,1,3,1
4070,4070,Zarna Pillay,24,7,2,1,2
4071,4071,Onveer Yogi,70,3,1,6,1
4072,4072,Chanchal Bera,31,6,1,4,2
4073,4073,Naksh Madan,24,7,1,2,1
4074,4074,Arin Ratta,25,9,2,5,1
4075,4075,Anirudh Dugar,41,8,3,1,2
4076,4076,Aarini Kala,26,8,1,5,1
4077,4077,Oscar Malhotra,20,5,3,2,1
4078,4078,Lucky Badal,67,2,1,3,1
4079,4079,Ethan Bose,38,2,1,4,1
4080,4080,Ubika Brahmbhatt,38,6,1,1,2
4081,4081,Zarna Kapadia,56,5,2,4,2
4082,4082,Vrishti Bhandari,41,1,2,5,1
4083,4083,Ati Thaker,48,9,2,5,2
4084,4084,Megha Kamdar,33,8,1,1,2
4085,4085,Anjali Sibal,47,7,1,5,1
4086,4086,Simon Ganesan,39,6,2,3,2
4087,4087,Bhanumati Mangat,62,4,1,7,1
4088,4088,Divya Basak,68,9,1,2,2
4089,4089,Rehaan Sami,56,6,1,2,1
4090,4090,Frederick Yadav,59,2,7,5,1
4091,4091,Balendra Narula,18,9,1,1,1
4092,4092,Parth Dixit,46,3,1,7,1
4093,4093,Gayathri Parikh,20,9,1,5,2
4094,4094,Ladli Batra,42,9,1,4,1
4095,4095,Matthew Pant,62,9,1,4,1
4096,4096,Jai Bhatnagar,62,4,6,7,1
4097,4097,Sathvik Kurian,60,1,3,6,1
4098,4098,Rushil Chhabra,47,4,2,2,2
4099,4099,Rudra Kumer,71,7,7,5,1
4100,4100,Aarnav Bose,55,9,2,2,1
4101,4101,Ryan Sandal,21,7,5,7,2
4102,4102,Yachana Balan,75,8,1,4,2
4103,4103,Aarnav Nigam,40,3,2,5,1
4104,4104,Rishi Chaudhari,42,3,5,5,1
4105,4105,Darika Suri,39,7,1,3,1
4106,4106,Utkarsh Lad,40,6,1,3,1
4107,4107,Lavanya Atwal,27,4,1,7,1
4108,4108,Leena Mand,32,9,3,2,1
4109,4109,Ekta Basu,39,4,3,2,1
4110,4110,Maanav Sami,60,7,1,4,2
4111,4111,Rehaan Dara,39,2,1,5,1
4112,4112,Patrick Sachar,71,1,2,7,2
4113,4113,Faris Dara,35,3,1,5,1
4114,4114,Naveen Char,59,5,1,4,2
4115,4115,Aadhya Sekhon,34,4,3,2,1
4116,4116,Adweta Garde,71,7,4,4,2
4117,4117,Sachi Prasad,66,5,2,2,1
4118,4118,Reyansh Setty,56,7,6,7,1
4119,4119,Theodore Pillai,64,1,1,7,1
4120,4120,Viraj Patil,37,8,1,2,1
4121,4121,Dipta Mane,67,7,1,5,2
4122,4122,William Kothari,25,5,3,3,2
4123,4123,Madhav Jhaveri,23,2,3,3,2
4124,4124,Jagdish Ramaswamy,47,8,2,7,1
4125,4125,Anamika Puri,22,1,2,3,2
4126,4126,Chatura Datta,71,5,2,5,1
4127,4127,Niharika Narula,66,2,1,2,1
4128,4128,Yatan Menon,72,6,1,1,1
4129,4129,Amruta Saxena,56,3,1,7,1
4130,4130,Oscar Nagi,21,3,2,1,2
4131,4131,Abha Balan,41,4,5,4,2
4132,4132,Falan Saraf,60,8,1,6,2
4133,4133,Varsha Borde,38,6,4,2,1
4134,4134,Gaurang Zachariah,53,4,6,4,1
4135,4135,Harrison Sha,63,7,3,6,1
4136,4136,Oeshi Deol,47,1,2,3,2
4137,4137,Charan Kale,45,4,1,2,2
4138,4138,Zashil Bhatia,21,6,7,2,2
4139,4139,Agastya Borde,64,9,4,1,1
4140,4140,Chaitanya Mane,35,4,1,2,2
4141,4141,Krish Chakraborty,25,5,1,7,1
4142,4142,Ishanvi Chakrabarti,18,9,1,2,1
4143,4143,Nathaniel Gola,68,3,2,2,1
4144,4144,Ekbal Baria,21,1,2,2,2
4145,4145,Eiravati Hans,46,7,1,2,2
4146,4146,Anmol Talwar,39,3,2,1,1
4147,4147,Chakradev Krishnamurthy,75,1,1,7,1
4148,4148,Vedika Amble,57,8,1,2,1
4149,4149,Neha Sarin,71,9,1,5,1
4150,4150,Ekta Manne,19,6,1,3,2
4151,4151,Ekavir Bose,32,1,1,6,1
4152,4152,Aryan More,62,9,1,2,2
4153,4153,David Kant,62,7,1,5,1
4154,4154,Balveer Sandal,75,3,2,2,2
4155,4155,Gunbir Tank,23,9,2,3,1
4156,4156,Sai Shere,52,7,6,5,2
4157,4157,Ekta Banik,53,9,7,6,1
4158,4158,Lucky Ravi,19,7,1,3,2
4159,4159,Ekansh Sarkar,37,7,1,4,1
4160,4160,Andrew Banik,28,9,1,1,2
4161,4161,Aarush Mand,45,7,2,6,1
4162,4162,Gavin Wadhwa,50,5,6,1,2
4163,4163,Faraj Bora,58,5,1,6,2
4164,4164,Kalpit Muni,49,7,3,7,1
4165,4165,Libni Barad,22,7,1,5,1
4166,4166,Abeer Hans,38,6,4,1,2
4167,4167,Krishna Prasad,61,6,1,1,1
4168,4168,Raagini Chopra,69,3,1,5,2
4169,4169,Hritik Brahmbhatt,35,4,2,3,1
4170,4170,Jeet Kakar,19,5,1,1,1
4171,4171,Hemang Varty,18,7,1,3,2
4172,4172,Chakradhar Bhatnagar,18,7,1,1,1
4173,4173,Yashasvi Anand,66,5,4,7,1
4174,4174,Anjali Dutt,58,2,3,5,1
4175,4175,Ayush Dhillon,45,6,2,3,2
4176,4176,Gautam Mitra,29,8,1,3,2
4177,4177,Gautami Ramanathan,28,2,1,6,1
4178,4178,Wyatt Sama,37,6,7,4,2
4179,4179,Ekbal Som,61,8,1,3,1
4180,4180,Upma Das,40,1,4,3,1
4181,4181,Indira Ghose,71,1,2,7,1
4182,4182,Warhi Mane,18,8,7,6,2
4183,4183,Panini Pant,50,3,1,3,2
4184,4184,Robert Mishra,50,2,1,7,1
4185,4185,Ayushman Choudhary,37,7,1,5,2
4186,4186,Bhavya Sami,31,1,1,3,1
4187,4187,Ekaja Doshi,51,7,4,2,2
4188,4188,Sai Venkatesh,65,4,6,3,1
4189,4189,Krish Badami,31,8,2,6,1
4190,4190,Barkha Sarma,46,8,4,5,2
4191,4191,Anika Vora,72,4,2,7,1
4192,4192,Rachana Kaul,22,8,3,3,1
4193,4193,Deepa Sekhon,49,2,4,3,1
4194,4194,Panini Savant,71,8,1,1,2
4195,4195,Reva Korpal,21,1,2,5,2
4196,4196,Fiyaz Kalita,73,1,1,6,1
4197,4197,Siya Nagi,58,6,1,5,1
4198,4198,Vedika Venkatesh,21,7,1,2,2
4199,4199,Riya Jayaraman,74,8,5,2,2
4200,4200,Amol Tata,51,2,1,5,1
4201,4201,Finn Natt,71,1,1,6,1
4202,4202,Bhavna Tella,36,4,1,3,2
4203,4203,Ayush Datta,62,5,5,1,1
4204,4204,Chaman Balay,24,8,2,3,1
4205,4205,Matthew Arora,36,4,2,7,1
4206,4206,Warhi Banik,70,1,1,6,2
4207,4207,Dayamai Anne,50,4,2,2,2
4208,4208,Eta Peri,42,4,1,2,1
4209,4209,Amara Dara,73,1,1,2,1
4210,4210,Nikita Kumar,21,4,1,4,2
4211,4211,Isaiah Kapur,32,9,3,7,1
4212,4212,Laban Zachariah,24,7,3,3,1
4213,4213,Harinakshi Kapur,18,5,3,3,1
4214,4214,Anthony Cherian,45,6,1,5,2
4215,4215,Laksh Bala,53,3,1,3,2
4216,4216,Jonathan Behl,33,1,1,1,1
4217,4217,Shravya De,34,8,4,6,1
4218,4218,Yashodhara Sodhi,22,5,3,7,1
4219,4219,Chakradev Loyal,37,1,1,4,1
4220,4220,Zinal Kumer,64,8,1,2,1
4221,4221,Noah Oommen,65,6,3,2,2
4222,4222,Reva Bhattacharyya,38,1,1,7,2
4223,4223,Madhav Dasgupta,73,4,6,5,1
4224,4224,Sudiksha Tiwari,59,4,1,7,1
4225,4225,Aditya Gulati,69,1,2,1,1
4226,4226,Yagnesh Pai,22,3,7,5,2
4227,4227,Qabil Vora,41,1,1,6,2
4228,4228,Yochana Khalsa,43,3,1,2,1
4229,4229,Ladli Mane,66,6,1,5,1
4230,4230,Ijaya Chaudry,40,8,2,2,2
4231,4231,Udant Sandhu,50,7,6,3,1
4232,4232,Agastya Shanker,70,6,2,3,1
4233,4233,Harini Dhingra,29,8,4,3,2
4234,4234,Maya Das,39,4,1,5,2
4235,4235,Leela Parmar,22,3,2,1,1
4236,4236,Niharika Dubey,71,5,1,5,2
4237,4237,Samuel Taneja,66,4,2,4,1
4238,4238,Pavani Sridhar,27,7,1,4,2
4239,4239,Lavanya Mitra,49,1,1,3,1
4240,4240,Nidhi Gokhale,60,2,5,4,2
4241,4241,Tanvi Kata,43,1,2,5,1
4242,4242,Robert Sachdev,35,1,2,4,2
4243,4243,Aadhya Nori,19,4,1,6,1
4244,4244,Qushi Madan,44,4,1,1,1
4245,4245,Yochana Bobal,43,1,3,1,2
4246,4246,Omisha Subramanian,52,8,6,7,2
4247,4247,Lekha Bhandari,41,4,1,7,1
4248,4248,Tanay Bala,55,4,1,3,2
4249,4249,Guneet Jaggi,48,2,4,1,1
4250,4250,Yutika Ahuja,65,8,2,5,2
4251,4251,Baghyawati Lall,28,3,2,2,1
4252,4252,Kevin Randhawa,72,2,6,2,2
4253,4253,Indrajit Devi,46,1,1,2,1
4254,4254,Veer Chakraborty,56,5,3,7,2
4255,4255,Ishwar Narayan,53,2,2,5,2
4256,4256,Jatin Khare,23,6,5,1,1
4257,4257,Shravya Deol,54,6,1,7,1
4258,4258,Lekha Baria,66,5,1,1,1
4259,4259,Niharika Chowdhury,68,3,1,6,1
4260,4260,Ranveer Bains,57,7,4,1,2
4261,4261,Gabriel Roy,18,1,1,5,2
4262,4262,Anita Dave,33,3,6,5,2
4263,4263,Ganga Chaudhry,49,4,3,2,1
4264,4264,Priya Rastogi,62,4,4,3,1
4265,4265,Amruta Kata,18,7,2,3,2
4266,4266,Nihal Korpal,55,9,1,4,2
4267,4267,Chandran Wason,45,5,1,7,1
4268,4268,Pratyush Srinivas,56,7,3,4,1
4269,4269,Nirja Kashyap,41,7,6,4,1
4270,4270,Hemangini Mukherjee,53,1,1,1,1
4271,4271,Eta Ghose,42,5,1,3,2
4272,4272,Aarini Rai,21,1,6,2,2
4273,4273,Jagat Balan,73,5,1,7,2
4274,4274,Harini Tailor,23,8,1,5,1
4275,4275,Ayaan Kanda,53,7,2,3,1
4276,4276,Dominic Roy,21,4,3,1,1
4277,4277,Ayaan Prakash,46,7,5,4,2
4278,4278,Yatan Doshi,34,5,3,3,2
4279,4279,Dhruv Thakur,27,8,1,6,1
4280,4280,Udyati Dar,49,1,2,5,1
4281,4281,Yasti Ramesh,29,6,1,6,1
4282,4282,Simon Prasad,53,2,1,6,1
4283,4283,Rachita Seth,46,7,1,4,2
4284,4284,Ryan Jain,33,6,1,2,1
4285,4285,Charles Venkatesh,61,1,6,3,2
4286,4286,Yashica Sangha,69,6,1,4,2
4287,4287,Yashvi Sem,28,4,1,1,2
4288,4288,Mitesh Krishnan,48,4,1,2,2
4289,4289,Oeshi Salvi,65,9,4,3,2
4290,4290,Ira Kaur,62,8,3,3,1
4291,4291,Inaya Raval,21,5,2,4,1
4292,4292,Falguni Tiwari,35,3,1,4,1
4293,4293,Farhan Padmanabhan,30,5,1,4,1
4294,4294,Sachi Agrawal,73,7,1,1,2
4295,4295,Sanaya Sampath,31,3,3,3,1
4296,4296,Naksh Dave,75,7,1,3,1
4297,4297,Charles Chandra,39,3,1,7,2
4298,4298,Manan Tella,67,2,2,4,1
4299,4299,Rehaan Palla,23,1,1,7,1
4300,4300,Wishi Walla,72,8,7,5,2
4301,4301,Rudra De,45,1,1,2,2
4302,4302,Chandran Pradhan,29,6,1,7,2
4303,4303,Rehaan Goswami,75,4,4,4,2
4304,4304,Jacob Mall,45,7,1,1,1
4305,4305,Samar Raja,44,8,1,1,1
4306,4306,Watika Pingle,24,2,2,5,1
4307,4307,Devika Mahal,50,1,6,3,1
4308,4308,Chakradhar Bhasin,62,1,4,3,1
4309,4309,Anthony Saran,52,7,1,6,1
4310,4310,Lajita Date,26,7,1,6,1
4311,4311,Charita Sundaram,56,3,3,3,1
4312,4312,Agastya Rege,19,3,1,3,2
4313,4313,Advaith Rajan,61,3,1,3,1
4314,4314,Yash Sastry,62,2,1,6,2
4315,4315,Chandani Kala,67,9,1,1,1
4316,4316,Zayyan Cheema,40,7,1,4,2
4317,4317,Harita Palan,33,7,1,5,1
4318,4318,Harish Hegde,24,7,1,4,1
4319,4319,Yachana Khosla,56,2,1,3,1
4320,4320,Patrick Sarin,25,3,3,5,1
4321,4321,Riya Shere,36,3,1,4,1
4322,4322,Pavani Bava,58,9,1,6,1
4323,4323,Darsh Bose,65,7,6,4,1
4324,4324,Girish Bhasin,31,6,3,4,1
4325,4325,Yamini Bala,21,7,1,7,2
4326,4326,Ojas Thakur,69,8,1,3,1
4327,4327,Wridesh Tailor,35,7,1,7,2
4328,4328,Devansh Basak,75,9,1,4,1
4329,4329,Omisha Goyal,52,8,6,4,1
4330,4330,Veda Hans,24,1,1,2,1
4331,4331,Kamya Palla,46,1,2,1,1
4332,4332,Triya Bora,41,2,2,5,1
4333,4333,Vivaan Ramakrishnan,25,9,5,6,2
4334,4334,Yatan Lad,26,8,1,6,2
4335,4335,Mugdha Rastogi,43,9,7,3,1
4336,4336,Fariq Nagar,33,2,1,1,2
4337,4337,Kala Walla,70,4,1,4,1
4338,4338,Faris Jayaraman,58,8,1,7,2
4339,4339,Triya Vohra,44,8,1,3,2
4340,4340,Chanchal Bava,62,9,1,6,1
4341,4341,Megha Aggarwal,21,2,2,5,2
4342,4342,Adya Contractor,33,9,1,5,2
4343,4343,Hemang Tandon,45,5,1,4,1
4344,4344,Baghyawati Sem,74,8,2,1,2
4345,4345,Kritika Parmar,48,3,1,3,2
4346,4346,Rajata Yogi,69,1,2,6,1
4347,4347,Janya Tailor,19,7,6,6,1
4348,4348,Avi Sarin,52,1,2,2,2
4349,4349,Wakeeta Vala,42,9,5,2,2
4350,4350,Anthony Sama,35,5,1,6,2
4351,4351,Oni Lata,38,4,1,5,1
4352,4352,Zansi Vig,65,5,1,6,1
4353,4353,Dipta Sarkar,51,8,1,4,2
4354,4354,Darsh Andra,32,1,1,7,1
4355,4355,Praneel Vohra,52,4,1,2,1
4356,4356,Gopal Kapadia,51,4,7,5,1
4357,4357,Jackson Andra,47,4,1,2,2
4358,4358,Ishanvi Sahni,36,1,3,1,1
4359,4359,Amara Seth,51,9,2,2,1
4360,4360,Neel Mistry,45,3,4,7,2
4361,4361,Yachana Dutta,68,9,3,1,1
4362,4362,Niharika Sachar,53,9,2,5,2
4363,4363,Arya Minhas,55,8,1,3,2
4364,4364,Vamakshi Dugar,61,8,1,5,2
4365,4365,Indrajit Sunder,49,2,1,2,2
4366,4366,Banjeet Apte,21,7,3,5,2
4367,4367,Gaurang Rajagopal,18,7,4,1,1
4368,4368,Tristan Chaudhuri,34,8,5,2,2
4369,4369,Vincent Madan,21,5,1,6,2
4370,4370,Ayushman Randhawa,35,3,1,3,1
4371,4371,Madhavi Mangal,53,3,1,3,2
4372,4372,Eshana Sengupta,63,2,1,5,2
4373,4373,Wridesh Thakkar,50,9,2,7,2
4374,4374,Luke Raju,71,6,1,5,2
4375,4375,Anusha Dhingra,49,9,1,1,1
4376,4376,Teerth Gole,25,6,6,3,1
4377,4377,Tanmayi Kanda,31,8,1,6,2
4378,4378,Kamala Dyal,57,6,2,7,1
4379,4379,Avi Goda,37,7,1,3,1
4380,4380,Vrinda Din,70,9,2,2,2
4381,4381,Theodore Tailor,59,2,1,3,1
4382,4382,Lakshmi Radhakrishnan,40,8,1,1,1
4383,4383,Jasmit Rana,49,9,1,7,1
4384,4384,Fiyaz Brahmbhatt,52,7,1,2,1
4385,4385,Jonathan Sani,67,9,2,4,2
4386,4386,Omkaar Narula,44,6,1,4,2
4387,4387,Madhav Savant,42,7,1,2,1
4388,4388,Finn Kibe,50,4,1,3,2
4389,4389,Dayamai Choudhry,67,6,1,1,1
4390,4390,Nitara Nath,47,1,1,1,2
4391,4391,Aarush Issac,33,1,5,4,2
4392,4392,Jacob Bail,61,4,3,2,1
4393,4393,Bahadurjit Chada,64,7,1,4,2
4394,4394,Hardik Ahluwalia,65,5,1,2,2
4395,4395,Raksha Shankar,57,9,1,2,1
4396,4396,Eta Khare,29,6,1,7,1
4397,4397,Kashish Baral,30,9,1,1,1
4398,4398,Ethan Rao,70,8,7,6,1
4399,4399,Leela Kapoor,39,8,4,7,2
4400,4400,Sachi Bali,52,3,1,2,1
4401,4401,Gayathri Wagle,60,3,3,7,1
4402,4402,Aarna Maharaj,67,4,2,6,1
4403,4403,Jeet Sunder,51,5,2,3,2
4404,4404,Madhavi Sankaran,49,8,4,2,1
4405,4405,Tanmayi Radhakrishnan,54,9,1,2,1
4406,4406,Nirja Mall,37,4,3,6,1
4407,4407,Rehaan Swaminathan,73,2,5,2,1
4408,4408,Bhavna Saini,38,7,2,1,1
4409,4409,Champak Dhillon,41,6,1,3,2
4410,4410,Andrew Bala,27,5,4,7,1
4411,4411,Yatin Thakkar,35,9,1,5,1
4412,4412,Bhavani Majumdar,64,3,5,5,2
4413,4413,Bachittar Sama,47,9,1,3,1
4414,4414,Vamakshi Hegde,46,7,3,7,1
4415,4415,Waida Bhargava,66,7,2,4,1
4416,4416,Samuel Varma,66,3,1,3,1
4417,4417,Samuel Tak,70,1,1,7,2
4418,4418,Radha Sathe,52,7,1,6,1
4419,4419,Dhruv Mallick,68,1,6,4,1
4420,4420,Rachit Sarna,27,5,1,4,2
4421,4421,Radha Rajagopalan,71,1,6,2,2
4422,4422,Omaja Kamdar,66,2,5,3,1
4423,4423,Azaan Luthra,33,2,5,5,2
4424,4424,Libni Kurian,53,9,1,6,2
4425,4425,Nitara Shukla,43,8,1,7,2
4426,4426,Manbir Lanka,58,5,1,2,1
4427,4427,Andrew Bahl,58,3,1,7,1
4428,4428,Nimrat Balakrishnan,59,5,3,5,1
4429,4429,Kamya Bhavsar,19,8,1,7,1
4430,4430,Anvi Gola,29,9,1,5,1
4431,4431,Krisha Kata,25,1,4,3,1
4432,4432,Banjeet Pal,23,3,1,6,2
4433,4433,Gautam Kant,42,7,1,3,2
4434,4434,Tejas Dara,22,7,6,4,1
4435,4435,Siya Anand,69,9,1,5,1
4436,4436,Yash Ganesan,56,6,2,7,1
4437,4437,Saksham Bose,50,2,1,3,1
4438,4438,Harrison Walia,54,3,1,5,1
4439,4439,Orinder Uppal,18,9,7,1,1
4440,4440,Onveer Venkataraman,58,1,6,4,2
4441,4441,Ati Bajaj,74,9,3,1,2
4442,4442,Tanvi Saxena,31,1,1,7,1
4443,4443,Wyatt Behl,54,3,1,6,1
4444,4444,Jeet Dada,68,7,4,4,1
4445,4445,Jagrati Solanki,57,5,1,7,1
4446,4446,Watika Karpe,70,5,1,5,1
4447,4447,Chakradhar Balasubramanian,48,8,1,7,1
4448,4448,Suhani Shroff,53,1,1,4,1
4449,4449,Chasmum Nagy,28,1,1,7,1
4450,4450,Sachi Kaul,64,8,1,1,1
4451,4451,Nirja Bhatt,65,6,1,2,1
4452,4452,Sara Palla,30,9,1,4,1
4453,4453,Sai Bobal,68,1,2,6,2
4454,4454,Hemani Jain,70,3,1,3,1
4455,4455,Omkaar Wagle,67,6,1,7,1
4456,4456,Dhriti Bansal,58,5,1,3,1
4457,4457,Jairaj Sathe,50,8,1,7,2
4458,4458,Pooja Seth,68,3,1,6,2
4459,4459,Aarnav Shenoy,21,6,1,7,1
4460,4460,Maya Mannan,75,7,1,1,1
4461,4461,Frederick Kale,70,9,1,7,1
4462,4462,Bina Muni,41,5,1,6,2
4463,4463,Samaksh Salvi,33,3,6,1,1
4464,4464,Kiaan Mani,75,9,2,5,2
4465,4465,Harsh Sura,24,7,2,5,1
4466,4466,Wakeeta Nagy,44,8,1,4,1
4467,4467,Nicholas Garde,65,9,3,2,2
4468,4468,Imaran Sarraf,41,6,1,2,1
4469,4469,Girindra Madan,75,7,1,6,1
4470,4470,Jatin Sawhney,32,6,1,4,2
4471,4471,Ekiya Mital,27,8,2,1,2
4472,4472,Advik Cherian,51,7,1,4,2
4473,4473,Yashawini Kaur,61,3,4,7,2
4474,4474,Diya Bir,58,5,1,5,1
4475,4475,Simon Swaminathan,37,9,1,3,2
4476,4476,Shivani Savant,23,7,2,3,2
4477,4477,Baljiwan Shankar,47,2,1,7,2
4478,4478,Aashi Srivastava,72,4,3,7,2
4479,4479,Fariq Bajaj,21,4,1,4,2
4480,4480,Jacob Jain,70,5,5,3,1
4481,4481,Qushi Garg,35,4,4,7,1
4482,4482,Qabil Mander,22,1,6,1,1
4483,4483,Caleb Narasimhan,72,8,1,3,2
4484,4484,Sudiksha Narula,35,1,3,6,2
4485,4485,Jasmit Mannan,42,1,3,2,2
4486,4486,Waida Dugar,69,5,1,3,2
4487,4487,Chasmum Virk,68,2,1,7,1
4488,4488,Chanchal Reddy,38,3,1,1,2
4489,4489,Priya Sunder,35,4,1,4,1
4490,4490,Vincent Nadkarni,57,9,2,7,2
4491,4491,Matthew Nayak,52,2,1,6,1
4492,4492,Panini Sachdeva,68,4,2,4,1
4493,4493,Daksha Biswas,69,8,7,4,1
4494,4494,Jagrati Bandi,57,3,1,6,1
4495,4495,Gavin Mahajan,19,3,1,5,2
4496,4496,Aryan Krishnan,31,8,1,5,1
4497,4497,Maanav Chhabra,75,8,1,1,1
4498,4498,Adweta Walla,48,1,1,2,2
4499,4499,Parth Nadkarni,75,8,1,3,2
4500,4500,Nirja Dewan,41,1,1,5,1
4501,4501,Gaurang Chander,58,7,2,7,2
4502,4502,Harsh Anand,44,4,1,7,2
4503,4503,Sanya Chander,51,4,1,5,2
4504,4504,Dayamai Rege,51,8,1,6,1
4505,4505,Ayush Munshi,38,5,3,4,2
4506,4506,Yashodhara Sidhu,42,1,4,7,1
4507,4507,Gaurav Bhalla,58,5,1,4,1
4508,4508,George Sarna,20,5,3,3,1
4509,4509,Theodore Morar,30,3,6,1,1
4510,4510,Sathvik Ratti,60,5,1,4,1
4511,4511,Januja Devan,73,6,2,7,2
4512,4512,Siddharth Karan,71,9,2,2,2
4513,4513,Tanmayi Dhaliwal,55,8,2,5,2
4514,4514,Indira Handa,51,3,3,2,2
4515,4515,Oni Amble,57,2,1,2,2
4516,4516,Januja Chaudhry,55,2,1,4,2
4517,4517,Chakrika Chaudhry,53,5,7,1,2
4518,4518,Balendra Rana,28,6,6,5,1
4519,4519,Yashoda Patla,28,1,2,3,2
4520,4520,Farhan Muni,46,2,7,6,2
4521,4521,Kala Dewan,74,7,3,1,2
4522,4522,Nihal Sur,42,2,1,6,2
4523,4523,Advik Bala,53,1,1,7,2
4524,4524,Eesha Kulkarni,57,2,7,2,1
4525,4525,Chandani Grewal,62,4,1,5,2
4526,4526,Vasana Samra,66,9,1,2,2
4527,4527,Nisha Sathe,75,2,1,1,2
4528,4528,Madhavi Baral,20,1,1,1,2
4529,4529,Inaya Tella,57,4,1,6,2
4530,4530,Udant Bhagat,64,7,1,4,2
4531,4531,Prisha Chaudhuri,64,9,1,2,1
4532,4532,Tejas Chandra,42,8,1,1,1
4533,4533,Faqid Andra,73,5,2,7,1
4534,4534,Shivansh Rajan,66,7,1,1,2
4535,4535,Mason Pillay,31,8,1,4,2
4536,4536,Nidhi Sahni,66,9,2,6,1
4537,4537,Chakradev Soni,26,9,2,3,1
4538,4538,Yashasvi Sule,50,1,1,2,2
4539,4539,Varenya Raval,31,1,2,3,1
4540,4540,Zashil Raval,43,8,1,7,2
4541,4541,Damini Bava,64,3,1,7,1
4542,4542,Hamsini Majumdar,68,4,1,4,1
4543,4543,Anmol Sarna,50,5,1,5,2
4544,4544,Ayaan Bala,74,1,2,5,2
4545,4545,Rushil Krish,36,7,1,7,1
4546,4546,Udarsh Rajagopalan,61,2,2,6,1
4547,4547,Ekbal Kaul,58,9,1,5,1
4548,4548,Chaman Ramachandran,46,1,1,6,1
4549,4549,Ekaja Vala,71,6,1,7,1
4550,4550,Jagat Vig,53,9,7,1,2
4551,4551,Daniel Kumar,46,8,1,2,1
4552,4552,Chameli Narang,61,9,1,6,1
4553,4553,Vanya Bandi,45,8,3,4,2
4554,4554,Aarnav Jha,64,5,1,5,2
4555,4555,Ira Suresh,49,4,2,6,1
4556,4556,Fariq Chahal,18,8,2,7,1
4557,4557,Unnati Suresh,37,4,1,6,2
4558,4558,Vansha Tata,20,6,7,1,1
4559,4559,Raksha Bains,74,6,3,6,2
4560,4560,Christopher Dewan,37,6,1,7,1
4561,4561,Barkha Nagy,70,4,2,3,1
4562,4562,Zehaan Parmer,39,8,1,3,1
4563,4563,Udant Gara,73,9,1,3,2
4564,4564,Naksh Dara,48,8,6,7,1
4565,4565,Jatin Jani,18,1,1,4,1
4566,4566,Chanakya Devan,37,4,2,3,1
4567,4567,Rishi Mane,63,1,1,5,2
4568,4568,Daksha Keer,24,7,3,2,2
4569,4569,Zayyan Keer,54,8,3,4,1
4570,4570,Rohan Ben,62,1,1,5,2
4571,4571,Isaac Palan,70,7,3,7,1
4572,4572,William Jha,70,1,2,1,1
4573,4573,Yashvi Pingle,56,6,4,3,1
4574,4574,Triya Nori,55,9,1,6,1
4575,4575,Vamakshi Shah,29,1,3,6,2
4576,4576,Ekani Kaur,69,4,3,5,1
4577,4577,Vrinda Sachar,54,7,1,6,1
4578,4578,Ekaraj Prabhakar,55,6,1,6,1
4579,4579,Jeremiah Kuruvilla,47,1,1,4,1
4580,4580,Pushti Singhal,67,4,1,1,1
4581,4581,Idika Patla,49,4,3,6,1
4582,4582,Anmol Subramaniam,64,9,2,6,1
4583,4583,Robert Mistry,40,2,2,5,2
4584,4584,Faqid Das,56,5,1,2,2
4585,4585,Xalak Brahmbhatt,36,1,1,5,2
4586,4586,Theodore Dayal,72,8,1,6,1
4587,4587,Atharv Patla,68,5,2,1,1
4588,4588,Samarth Karpe,23,1,1,4,1
4589,4589,Inaya Oommen,37,5,2,5,2
4590,4590,Ubika Barad,43,1,1,5,1
4591,4591,Rohan Shah,73,1,2,5,1
4592,4592,Ansh Narula,32,3,6,2,2
4593,4593,Ekbal Andra,48,3,1,4,2
4594,4594,Ekansh Ravel,36,5,1,6,2
4595,4595,Harini Tripathi,32,1,5,2,1
4596,4596,Benjamin Zacharia,70,4,6,4,2
4597,4597,Udarsh Bala,72,2,1,1,2
4598,4598,Karan Nadig,56,3,1,7,1
4599,4599,Vasatika Edwin,45,2,4,5,2
4600,4600,Reyansh Gupta,56,5,1,1,1
4601,4601,Raghav Murthy,53,9,1,6,1
4602,4602,Chaman Bajaj,75,5,1,5,2
4603,4603,Dalaja Saran,37,6,4,6,2
4604,4604,Naksh Bedi,55,7,1,7,1
4605,4605,Yachana Mutti,73,6,3,1,1
4606,4606,Saanvi Naidu,49,5,1,4,1
4607,4607,Theodore Chaudhary,34,7,1,4,2
4608,4608,Laban Arya,53,6,1,7,1
4609,4609,Zinal Babu,30,7,2,2,2
4610,4610,Vanya Pall,64,6,6,2,2
4611,4611,Prisha Sangha,71,7,1,7,2
4612,4612,Ansh Wagle,28,9,4,3,1
4613,4613,Advay Hegde,30,6,3,2,2
4614,4614,Bhavani Saini,37,8,1,2,2
4615,4615,Jeevika Raman,29,2,2,2,2
4616,4616,Yashica Chandran,41,3,1,2,2
4617,4617,Irya Munshi,24,1,1,7,2
4618,4618,Joshua Sundaram,41,6,1,7,2
4619,4619,Nachiket Devi,21,6,1,4,1
4620,4620,Warhi Som,68,1,2,2,2
4621,4621,Maanav Dada,34,6,3,2,1
4622,4622,Rachit Kala,41,2,1,5,2
4623,4623,Warhi Andra,50,9,1,2,2
4624,4624,Kritika Mangat,72,4,3,5,2
4625,4625,Faqid Sampath,30,1,3,2,2
4626,4626,Vedhika Lad,29,1,3,5,1
4627,4627,Yagnesh Dhar,21,9,1,5,1
4628,4628,Aryan Narayanan,61,2,3,1,1
4629,4629,Ishita Ramakrishnan,64,8,4,3,1
4630,4630,Lucky Raju,66,4,2,5,2
4631,4631,Zayan Choudhury,69,7,2,3,1
4632,4632,Sudiksha Swaminathan,53,3,4,4,2
4633,4633,Dayita Nigam,69,5,1,6,2
4634,4634,Prisha Mitter,57,6,4,2,1
4635,4635,Vinaya Sani,27,4,1,3,1
4636,4636,Om Kata,61,2,1,2,2
4637,4637,Ijaya Balasubramanian,41,6,7,7,2
4638,4638,Nidhi Dhawan,51,7,6,5,2
4639,4639,Ubika Raju,44,5,1,3,1
4640,4640,Finn Mistry,49,2,1,7,1
4641,4641,Parth Keer,23,7,1,3,1
4642,4642,Vanya Halder,67,4,1,4,2
4643,4643,Kritika Chaudhuri,20,7,1,4,2
4644,4644,Charvi Sarma,55,4,1,1,1
4645,4645,Anamika More,39,6,7,1,2
4646,4646,Mohammed Acharya,64,4,3,7,1
4647,4647,Hardik Deo,57,1,2,3,2
4648,4648,Rohan Yohannan,53,5,1,5,1
4649,4649,Saumya Bains,69,7,1,2,1
4650,4650,Hitesh Lal,75,4,2,3,2
4651,4651,Ekantika Srivastava,68,3,1,1,1
4652,4652,Jonathan Loke,66,9,1,1,2
4653,4653,Zarna Rai,75,8,1,6,1
4654,4654,Ikshita Dhar,72,2,7,7,2
4655,4655,Jeet Behl,22,2,2,6,1
4656,4656,Aayush Dugar,68,3,1,2,2
4657,4657,Yash Yohannan,69,6,7,5,2
4658,4658,Jasmit Agrawal,47,8,7,1,1
4659,4659,Krisha Khanna,53,6,1,7,1
4660,4660,Vansha Kala,58,4,4,5,1
4661,4661,Girish Kapoor,44,3,4,4,1
4662,4662,Liam Kurian,30,2,1,5,2
4663,4663,Manbir Wable,54,5,3,2,1
4664,4664,Tara Korpal,20,6,4,2,1
4665,4665,Saksham Chand,37,1,1,5,1
4666,4666,Ansh Raja,50,7,1,1,1
4667,4667,Wazir Cheema,39,9,2,5,2
4668,4668,Agastya Dalal,43,2,1,3,1
4669,4669,Lila Mistry,67,3,2,2,2
4670,4670,Bhanumati Rege,66,5,2,3,2
4671,4671,Vedhika Gole,57,2,1,7,1
4672,4672,Sai Joshi,47,6,4,1,2
4673,4673,Ayush Narayan,51,7,1,2,1
4674,4674,Edhitha Rama,67,2,3,1,2
4675,4675,Chakradhar Singh,40,8,1,4,2
4676,4676,Adya Brar,56,1,3,5,2
4677,4677,Qasim Krishnamurthy,52,8,1,7,2
4678,4678,Priya Nanda,34,6,1,5,1
4679,4679,Chavvi Cheema,32,7,3,2,1
4680,4680,Devika Hans,42,2,1,1,1
4681,4681,Chakradev Sridhar,23,3,1,3,2
4682,4682,Yamini Narayan,51,9,1,6,1
4683,4683,Tripti Wable,52,3,1,1,1
4684,4684,Pahal Rau,23,2,4,4,1
4685,4685,Edhitha Mittal,54,4,1,2,1
4686,4686,Aarini Natt,25,5,2,3,1
4687,4687,Advay Bhardwaj,31,1,1,2,2
4688,4688,Gayathri Mani,68,7,7,7,1
4689,4689,Nathaniel Wason,39,9,2,6,1
4690,4690,Vamakshi Gaba,20,9,5,3,1
4691,4691,Rachit Johal,20,9,4,7,2
4692,4692,Laban Gopal,64,3,2,6,2
4693,4693,Pallavi Tara,40,5,2,7,2
4694,4694,Qadim Tara,26,4,1,1,2
4695,4695,Henry Mangal,57,9,2,7,1
4696,4696,Ishaan Patla,75,7,1,3,1
4697,4697,Suhani Setty,64,3,1,7,2
4698,4698,Timothy Ghosh,39,4,1,6,1
4699,4699,Arya Nazareth,37,2,1,7,1
4700,4700,Zansi Apte,63,3,1,3,2
4701,4701,Ojasvi Wadhwa,23,8,2,3,1
4702,4702,Aashi Bava,19,2,3,7,1
4703,4703,Frederick Dutta,34,5,1,2,1
4704,4704,Ria Tailor,43,6,6,5,1
4705,4705,Tejas Chowdhury,39,5,1,3,1
4706,4706,Triya Palla,50,4,1,3,2
4707,4707,Prisha Mishra,54,8,2,3,2
4708,4708,Yasti Keer,69,7,2,7,1
4709,4709,Tanvi Parmer,20,4,5,1,1
4710,4710,Ishanvi Varkey,24,4,1,2,1
4711,4711,Nikita Tata,62,7,4,1,1
4712,4712,Yashvi Gandhi,20,9,1,5,1
4713,4713,Bachittar Walia,28,7,2,2,1
4714,4714,Balvan Dey,18,2,1,5,1
4715,4715,Hemangini Mistry,40,4,1,5,1
4716,4716,Manthan Sagar,72,3,1,2,1
4717,4717,Nirja Boase,43,8,3,6,1
4718,4718,Madhav Subramanian,50,1,4,5,1
4719,4719,Damyanti Pathak,43,7,6,5,1
4720,4720,Falak Sami,27,8,1,3,1
4721,4721,Utkarsh Mandal,60,7,1,5,2
4722,4722,Yagnesh Bakshi,46,2,6,4,1
4723,4723,Ucchal Sandhu,57,9,1,1,1
4724,4724,Anusha Bera,58,1,1,4,1
4725,4725,Ayush Palan,33,2,2,6,2
4726,4726,Tanmayi Chauhan,34,2,7,6,1
4727,4727,Tamanna Toor,54,6,1,3,1
4728,4728,Advay Bhavsar,38,9,1,2,1
4729,4729,Wazir Nadig,52,6,1,2,2
4730,4730,Daksha Shetty,20,8,1,3,1
4731,4731,Gagan Ray,50,3,6,7,1
4732,4732,Aadhya Chahal,50,6,4,2,2
4733,4733,Yashvi Agrawal,33,5,1,3,1
4734,4734,Lipika Shankar,28,9,2,2,1
4735,4735,Hemal Kanda,26,1,3,4,2
4736,4736,Chaaya Sanghvi,27,4,1,1,1
4737,4737,Nathaniel Gara,70,1,1,5,1
4738,4738,Saumya Rana,63,1,2,2,2
4739,4739,Chavvi Seth,73,6,3,4,2
4740,4740,Yatan Som,45,6,1,4,1
4741,4741,Omaja Munshi,18,3,1,7,1
4742,4742,Priya Maharaj,59,6,3,6,2
4743,4743,Kiaan Bandi,68,3,1,2,1
4744,4744,Nirja Nagy,48,3,1,6,1
4745,4745,Mohini Pandya,31,7,1,1,1
4746,4746,Mugdha Balan,50,5,3,1,1
4747,4747,Tanay Zacharia,43,4,1,4,1
4748,4748,Hardik Rajagopal,30,2,1,1,2
4749,4749,Ganga Sodhi,71,6,1,4,1
4750,4750,Faris Sundaram,24,9,1,5,1
4751,4751,Dakshesh Nair,33,6,1,5,1
4752,4752,Shivansh Ghosh,27,1,2,5,2
4753,4753,Pahal Aurora,66,9,2,3,2
4754,4754,Jai Balasubramanian,67,3,4,1,2
4755,4755,Xavier Panchal,59,5,1,7,2
4756,4756,Fiyaz Jayaraman,70,7,1,2,1
4757,4757,Gunbir Chowdhury,68,4,1,1,2
4758,4758,Yash Loke,24,2,1,7,2
4759,4759,Rachit Dave,26,5,2,1,2
4760,4760,Chasmum Atwal,55,8,1,4,1
4761,4761,Omya Sidhu,62,5,5,3,1
4762,4762,Baljiwan Kapadia,58,5,2,2,1
4763,4763,Baljiwan Bhat,18,5,1,5,2
4764,4764,Avi Gara,62,2,3,4,1
4765,4765,Orinder Nanda,57,5,4,7,1
4766,4766,Udant Dada,63,3,2,6,1
4767,4767,Inaya Kari,64,3,5,1,1
4768,4768,Akshay Banerjee,61,9,2,2,1
4769,4769,Aarna Chakrabarti,64,2,1,4,2
4770,4770,Ayush Chaudry,69,8,3,1,2
4771,4771,Rachit Wason,74,3,1,2,1
4772,4772,Girik Pillai,65,2,7,6,1
4773,4773,Banjeet Varughese,53,1,1,7,1
4774,4774,Krishna Biswas,18,9,2,4,2
4775,4775,Qarin Sanghvi,29,5,6,7,1
4776,4776,Quincy Sibal,51,5,1,1,1
4777,4777,Upkaar Ratti,26,7,2,4,2
4778,4778,Hritik Bal,50,1,1,5,1
4779,4779,Adweta Borah,50,3,2,4,2
4780,4780,Zaid Golla,54,2,1,3,2
4781,4781,Zansi Dhar,75,7,6,1,2
4782,4782,Mekhala Kapur,55,3,1,1,1
4783,4783,Karan Mandal,54,9,3,1,1
4784,4784,Nisha Savant,49,4,1,7,2
4785,4785,Mohammed Balakrishnan,51,4,1,1,2
4786,4786,Ati Oza,21,6,1,3,1
4787,4787,Finn Panchal,33,8,1,3,2
4788,4788,Zayan Kanda,23,1,1,2,1
4789,4789,Darpan Hans,61,1,3,5,1
4790,4790,Advay Sehgal,45,5,1,4,1
4791,4791,Wahab Deep,59,4,1,2,1
4792,4792,Daniel Banik,35,8,2,2,2
4793,4793,Dipta Ramaswamy,69,2,1,1,1
4794,4794,Sai Banerjee,40,7,3,6,1
4795,4795,Jackson Chanda,33,3,1,4,2
4796,4796,Wridesh Sami,46,1,4,4,1
4797,4797,Lila Ahluwalia,48,9,2,1,1
4798,4798,Dayamai Garde,48,6,1,7,2
4799,4799,Nirja Kaur,40,8,6,1,2
4800,4800,Jacob Chanda,47,6,1,1,2
4801,4801,Dayita Srinivasan,69,3,1,6,1
4802,4802,Shaurya Kara,44,5,3,5,1
4803,4803,Mohini Sarna,45,5,1,3,1
4804,4804,Caleb Padmanabhan,50,3,1,1,1
4805,4805,Alka Mishra,42,8,3,4,1
4806,4806,Yatan Panchal,32,2,1,6,1
4807,4807,Leela Chaudhry,34,7,1,1,2
4808,4808,Divya Pandey,32,7,2,4,1
4809,4809,Adya Varkey,65,6,1,6,2
4810,4810,Lakshit Dada,53,2,1,1,2
4811,4811,Isaiah Atwal,32,1,1,2,1
4812,4812,Manbir Kadakia,34,5,2,6,2
4813,4813,Baljiwan Nath,31,1,1,4,2
4814,4814,Watika Ravi,35,5,1,7,1
4815,4815,Simon De,39,9,1,1,2
4816,4816,Udyati Badami,62,5,1,1,1
4817,4817,Samarth Zachariah,33,8,1,5,2
4818,4818,Chaaya Gour,70,4,1,2,1
4819,4819,Rachit Parmer,45,7,2,7,1
4820,4820,Falak Bail,19,6,1,1,2
4821,4821,Ati Mohanty,53,7,1,4,1
4822,4822,Yachana Dyal,62,1,2,6,1
4823,4823,Daksha Mangat,48,4,1,2,1
4824,4824,Om Rastogi,67,8,1,4,2
4825,4825,Amaira Khanna,31,1,7,6,1
4826,4826,Radhika Sunder,41,2,3,7,1
4827,4827,Barkha Chander,65,8,1,5,1
4828,4828,Yashvi Dua,43,9,1,3,2
4829,4829,Hiral Mitra,25,5,2,3,2
4830,4830,Lajita Pandit,21,7,1,3,2
4831,4831,Bhavya Rattan,30,7,7,7,2
4832,4832,Ayushman Buch,69,3,1,6,1
4833,4833,Mugdha Goswami,66,5,2,7,1
4834,4834,Vedhika Badami,32,8,1,1,1
4835,4835,Kabir Sodhi,22,8,2,3,1
4836,4836,Abhiram Choudhary,58,2,7,2,1
4837,4837,Akshay Kohli,58,4,1,5,2
4838,4838,Umang Dara,73,2,1,1,2
4839,4839,Diya Deep,29,1,1,2,2
4840,4840,Manbir Bedi,19,7,3,7,2
4841,4841,Upadhriti Varkey,21,5,5,1,1
4842,4842,Oscar Amble,36,7,1,1,2
4843,4843,Anmol Kamdar,18,5,1,7,1
4844,4844,Daksha Contractor,22,9,1,6,1
4845,4845,Yachana Virk,22,7,2,4,1
4846,4846,Ojasvi Chand,64,2,2,6,1
4847,4847,Aahana Mammen,67,4,1,6,1
4848,4848,Jacob Mohanty,52,9,1,4,1
4849,4849,Aarav Handa,18,9,1,2,1
4850,4850,Wyatt Goel,70,6,6,1,2
4851,4851,Yasti Manne,72,2,1,7,1
4852,4852,Atharv Kohli,62,4,1,5,1
4853,4853,Charan Joshi,45,5,2,1,1
4854,4854,Jalsa Sachar,28,3,4,2,1
4855,4855,Nidhi Kaur,26,8,1,1,2
4856,4856,Ranbir Banerjee,52,7,1,6,1
4857,4857,Naksh Grover,72,7,2,2,1
4858,4858,Rachit Sura,31,5,2,7,2
4859,4859,Krishna Parsa,69,5,3,3,1
4860,4860,Yashasvi Atwal,54,6,2,6,1
4861,4861,Ranbir Nair,42,3,3,5,1
4862,4862,Adweta Parekh,36,1,1,1,1
4863,4863,Patrick Sami,20,3,6,5,2
4864,4864,Robert Sengupta,55,4,1,7,2
4865,4865,Matthew Palan,31,2,5,3,2
4866,4866,Teerth Garg,19,5,2,5,1
4867,4867,Amrita Warrior,19,7,1,5,1
4868,4868,Varenya Murthy,40,6,2,7,1
4869,4869,Manthan Seshadri,45,9,4,3,2
4870,4870,Vrishti Bandi,26,6,1,2,1
4871,4871,Chakradhar Tata,24,9,1,5,1
4872,4872,Jeet Sampath,41,3,1,6,1
4873,4873,Hamsini Viswanathan,26,8,1,1,1
4874,4874,Yadavi Sampath,57,1,2,5,1
4875,4875,Jyoti Gera,18,7,3,1,1
4876,4876,Qabil Chakrabarti,60,7,1,3,1
4877,4877,Jhalak Puri,49,4,1,3,2
4878,4878,Krishna Palla,18,5,7,6,1
4879,4879,Advaith Mahajan,21,4,1,6,1
4880,4880,Jackson Garde,58,1,1,4,1
4881,4881,Radhika Pai,68,2,1,2,1
4882,4882,Kashvi Sant,43,3,3,1,2
4883,4883,Ekiya Sarin,32,8,5,7,1
4884,4884,Laksh Nagi,59,7,3,1,2
4885,4885,Rachita Parsa,54,4,5,5,1
4886,4886,Aadi Bajwa,29,8,1,1,2
4887,4887,Anika Patla,20,6,2,6,1
4888,4888,Girik Choudhry,52,3,1,1,1
4889,4889,Kiaan Chacko,72,5,2,6,2
4890,4890,Charles Narayan,42,4,7,2,2
4891,4891,Harinakshi Bhatnagar,56,2,7,4,2
4892,4892,Falan Baria,25,7,4,6,1
4893,4893,Avi Sarma,69,9,5,3,1
4894,4894,Zaitra Palla,66,8,1,5,2
4895,4895,Vihaan Koshy,64,3,5,5,2
4896,4896,Peter Aurora,47,1,3,1,2
4897,4897,Kiaan Solanki,60,4,1,4,1
4898,4898,Wridesh Shenoy,48,1,1,5,2
4899,4899,Ranbir Lall,43,9,1,5,1
4900,4900,Teerth Thaker,21,6,1,3,2
4901,4901,Manthan Nigam,70,1,2,2,2
4902,4902,Abdul Vyas,72,3,1,4,2
4903,4903,Abeer Rattan,38,3,7,7,2
4904,4904,Shravya Sahota,58,8,1,1,1
4905,4905,Eiravati Nagy,67,3,4,5,1
4906,4906,Aayush Mani,48,2,1,3,2
4907,4907,Aishani Baral,64,7,1,1,2
4908,4908,Utkarsh Kannan,46,7,2,4,1
4909,4909,Nachiket Chaudhari,63,4,2,4,1
4910,4910,Kevin Tak,53,3,1,3,1
4911,4911,Warda Toor,19,3,4,4,2
4912,4912,Karan Behl,22,7,5,3,1
4913,4913,Xavier Walla,75,3,3,3,1
4914,4914,Quincy Natarajan,46,7,1,5,1
4915,4915,Indrajit Wable,68,8,1,2,1
4916,4916,Aadi Prashad,71,2,4,7,2
4917,4917,Gabriel Borah,44,7,1,6,2
4918,4918,Aashi Kata,74,7,1,5,1
4919,4919,Ojas Madan,57,9,1,7,1
4920,4920,Rushil Ahluwalia,37,5,1,6,2
4921,4921,Amruta Raj,59,8,7,5,2
4922,4922,Karan Jani,51,8,5,5,1
4923,4923,Jhalak Agarwal,53,5,2,3,2
4924,4924,Anita Mital,18,2,3,5,1
4925,4925,Jyoti Bhavsar,62,3,1,3,1
4926,4926,Yahvi Jain,24,6,3,6,1
4927,4927,Anusha Loyal,49,7,6,2,1
4928,4928,Michael Contractor,50,4,1,5,2
4929,4929,Frado Mutti,64,7,1,5,2
4930,4930,Jyoti Mohanty,27,5,2,6,1
4931,4931,Aayush Kapoor,73,8,1,6,1
4932,4932,Jalsa Sethi,74,4,1,5,2
4933,4933,Bhavini Dhawan,39,7,2,5,1
4934,4934,Baljiwan Sahota,23,6,1,5,2
4935,4935,Krish Kade,51,5,6,2,2
4936,4936,Vivaan Jha,75,8,1,2,2
4937,4937,Naksh Sunder,65,9,7,1,2
4938,4938,Jalsa Sekhon,44,2,6,7,1
4939,4939,Abha Oak,61,2,5,3,1
4940,4940,Yatan Vaidya,33,3,1,2,1
4941,4941,Kala Naidu,57,2,1,5,1
4942,4942,Ekta Sachdev,61,1,1,6,1
4943,4943,Ubika Batta,74,7,2,5,2
4944,4944,Rushil Tak,26,8,6,6,1
4945,4945,Baljiwan Devan,59,5,1,7,1
4946,4946,Vinaya Dhar,63,2,6,2,2
4947,4947,Lajita Bhagat,39,4,3,5,2
4948,4948,Nitara Prabhakar,49,6,2,5,1
4949,4949,Vedant Pradhan,31,4,1,3,1
4950,4950,Akshay Bera,75,5,3,5,2
4951,4951,Jason Murthy,56,3,7,5,2
4952,4952,Krishna Hans,48,3,6,7,2
4953,4953,Anita Mohanty,37,9,2,3,2
4954,4954,Keya Rana,30,1,1,2,1
4955,4955,Meera Sangha,60,2,2,2,2
4956,4956,Nirja Parekh,47,7,2,4,2
4957,4957,Aayush Sura,62,2,1,4,2
4958,4958,Wakeeta Wali,20,5,6,7,2
4959,4959,Lila Mitra,60,7,1,4,1
4960,4960,Agastya Palan,45,4,2,6,1
4961,4961,Chaitaly Babu,75,4,3,1,2
4962,4962,Yashvi Tata,69,1,1,1,2
4963,4963,Shivansh Deshpande,51,4,1,7,2
4964,4964,Jatin Chauhan,34,8,1,5,1
4965,4965,Dev Dewan,61,6,1,6,2
4966,4966,Ryan Mutti,75,8,1,1,1
4967,4967,Indali Kurian,50,2,2,2,1
4968,4968,Yug Hegde,52,7,5,4,1
4969,4969,Naveen Naik,47,8,4,1,1
4970,4970,Meera Purohit,64,2,1,5,2
4971,4971,Diya Choudhary,55,7,2,5,1
4972,4972,Ishanvi Rout,63,1,2,4,1
4973,4973,Ansh Mody,51,2,6,7,1
4974,4974,Aryan Padmanabhan,31,5,1,6,1
4975,4975,Upkaar Narula,74,6,2,7,1
4976,4976,Nathan Mannan,70,6,2,6,1
4977,4977,Ishanvi Tara,34,8,1,3,1
4978,4978,Zarna Mitra,67,2,3,6,1
4979,4979,Harita Palan,66,3,1,4,2
4980,4980,George Chand,30,3,6,1,2
4981,4981,Sai Sibal,61,7,1,2,1
4982,4982,Luke Bajaj,70,6,4,1,1
4983,4983,Yatin Kala,40,9,2,3,2
4984,4984,Abeer Ranganathan,21,6,4,6,1
4985,4985,Diya Arora,75,4,2,2,1
4986,4986,Kevin Kata,27,4,5,4,2
4987,4987,Radha Kulkarni,51,9,6,1,1
4988,4988,Meera Dani,58,3,5,3,1
4989,4989,Januja Wason,46,5,3,2,1
4990,4990,Urishilla Bandi,57,7,1,6,2
4991,4991,Tristan Bahl,26,7,1,4,2
4992,4992,Christopher Dar,55,4,3,6,1
4993,4993,Chameli Chhabra,72,7,3,2,2
4994,4994,Kalpit Balan,50,7,2,3,2
4995,4995,Mohammed Bains,73,9,1,2,1
4996,4996,Hemangini Shukla,72,6,1,6,2
4997,4997,Alexander Mani,29,7,1,1,1
4998,4998,Rajata Koshy,72,2,1,3,2
4999,4999,Pavani Kashyap,24,3,2,3,1
5000,5000,Anay Goyal,59,7,1,1,2
5001,5001,Chavvi Chacko,28,4,1,4,1
5002,5002,Anthony Dash,31,1,4,2,1
5003,5003,Yatan Baral,66,6,1,7,2
5004,5004,Dominic Walia,23,5,1,1,2
5005,5005,Yahvi Gara,38,7,1,3,1
5006,5006,Pranit Dixit,25,9,2,4,1
5007,5007,Om Chana,41,6,1,3,2
5008,5008,Laban Ranganathan,34,7,1,2,2
5009,5009,Devansh Mani,55,3,4,2,2
5010,5010,Aarini Master,50,6,1,4,1
5011,5011,Bhavani Suresh,43,9,5,5,1
5012,5012,Rudra Pingle,43,2,1,1,1
5013,5013,Luke Bumb,58,2,3,6,1
5014,5014,Harsh Bhargava,18,5,5,5,1
5015,5015,Pushti Bhardwaj,40,5,2,2,1
5016,5016,Jagat Narula,51,9,1,4,1
5017,5017,Charvi Shetty,34,5,1,1,2
5018,5018,Abha Shankar,72,6,1,3,1
5019,5019,Victor Arya,49,5,1,1,2
5020,5020,Harshil Shankar,33,7,3,6,2
5021,5021,Champak Dash,35,9,1,2,2
5022,5022,Gavin Deo,63,3,7,1,1
5023,5023,Xavier Halder,75,2,1,7,1
5024,5024,Yachana Char,70,2,3,1,2
5025,5025,Yug Savant,48,6,2,3,1
5026,5026,Hemang Kalla,70,5,1,1,1
5027,5027,Girik Dalal,48,3,1,5,1
5028,5028,Upadhriti Bassi,67,4,1,6,2
5029,5029,Chaaya Handa,58,8,1,6,2
5030,5030,Aryan Narayanan,28,9,7,3,1
5031,5031,Harish Bassi,69,7,2,2,1
5032,5032,Jhalak Nagar,44,4,2,3,2
5033,5033,Utkarsh Anand,35,2,3,6,1
5034,5034,Krishna Dixit,60,4,1,1,2
5035,5035,Unni Wali,24,9,6,4,2
5036,5036,Vedant Ganesh,23,9,1,3,1
5037,5037,Amaira Keer,44,4,4,1,1
5038,5038,Hemal Bawa,67,8,1,3,1
5039,5039,Advay Rau,69,7,1,4,2
5040,5040,Zayan Natarajan,20,1,2,5,2
5041,5041,Megha Mani,33,5,1,5,1
5042,5042,Charles Sahni,71,1,1,5,2
5043,5043,Yochana Bhatnagar,20,6,1,7,1
5044,5044,Yauvani Chaudhry,38,9,3,6,2
5045,5045,Meera Jhaveri,67,7,5,3,2
5046,5046,Sachi Ramaswamy,47,6,4,3,1
5047,5047,Oni Natarajan,52,4,1,6,1
5048,5048,Anika Dhaliwal,33,6,3,1,2
5049,5049,Lopa Bava,50,5,1,3,1
5050,5050,Raksha Dixit,42,3,1,2,2
5051,5051,Amara Kumar,61,7,1,7,1
5052,5052,Reva Din,39,7,1,3,1
5053,5053,Yachana Rau,60,5,1,3,1
5054,5054,Ekaraj Soman,21,8,2,3,2
5055,5055,Dhruv Luthra,43,7,1,5,1
5056,5056,Yasti Rai,69,3,3,1,2
5057,5057,Yochana Sandhu,39,8,1,2,1
5058,5058,Anusha Singhal,43,5,3,4,1
5059,5059,Balhaar Hari,27,4,1,4,2
5060,5060,Aahana Ramaswamy,22,4,7,5,2
5061,5061,Lila Bhalla,61,6,1,1,1
5062,5062,Bachittar Bhat,68,1,1,2,2
5063,5063,Jairaj Anand,41,2,5,2,1
5064,5064,Mason Rege,54,7,1,3,2
5065,5065,Bahadurjit Srinivas,39,9,2,3,2
5066,5066,Adweta Kothari,23,5,1,4,2
5067,5067,Yashodhara Jain,20,2,4,6,2
5068,5068,Yoshita Mohan,62,1,5,1,1
5069,5069,Falguni Balan,42,7,1,6,2
5070,5070,Tanvi Natt,52,7,2,3,2
5071,5071,Osha Balakrishnan,28,7,5,4,2
5072,5072,Shivani Atwal,43,8,1,2,1
5073,5073,Nachiket Vasa,21,8,1,1,1
5074,5074,Harinakshi Comar,28,8,1,3,2
5075,5075,Jhalak Menon,37,7,1,7,2
5076,5076,Anita Balan,30,8,2,6,1
5077,5077,Krisha Vohra,53,2,1,5,1
5078,5078,Samar Tella,59,6,7,6,1
5079,5079,Ethan Cherian,49,1,2,7,2
5080,5080,Chanakya Shanker,44,9,1,4,1
5081,5081,Harita Deol,67,5,1,1,2
5082,5082,Damini Tailor,47,3,1,2,1
5083,5083,Jagrati Gour,74,2,5,7,1
5084,5084,Yoshita Talwar,44,3,2,4,1
5085,5085,Pahal Yohannan,30,8,3,1,1
5086,5086,Arya Balasubramanian,44,6,1,1,2
5087,5087,Joshua Thakkar,63,5,7,6,1
5088,5088,Bhavani Pall,53,4,1,7,1
5089,5089,Fiyaz Peri,43,4,1,4,1
5090,5090,Gaurang Kalita,53,2,5,7,2
5091,5091,Girish Dyal,35,3,5,7,2
5092,5092,Netra Mannan,58,9,2,1,2
5093,5093,Kamala Dugal,35,9,1,4,2
5094,5094,Joshua Iyengar,39,5,3,5,1
5095,5095,Dalaja Raju,24,8,1,3,1
5096,5096,Aachal Datta,54,4,1,1,1
5097,5097,Kashvi Anand,55,3,1,4,1
5098,5098,Aarnav Garde,28,7,1,3,1
5099,5099,Arjun Naidu,51,8,1,5,1
5100,5100,Panini Padmanabhan,36,1,6,7,2
5101,5101,Alka Venkatesh,49,2,1,1,2
5102,5102,Abha Agrawal,34,5,7,1,1
5103,5103,Ojasvi Keer,66,8,1,2,1
5104,5104,Udarsh Vasa,68,1,6,6,2
5105,5105,Raagini Chahal,33,7,1,1,2
5106,5106,Anusha Guha,43,6,4,6,2
5107,5107,Hemani Suri,37,5,1,3,2
5108,5108,Pranav Nagi,36,4,1,1,1
5109,5109,Manya Warrior,65,6,2,1,2
5110,5110,Omkaar Tank,49,4,1,2,2
5111,5111,Caleb Parsa,35,5,1,2,1
5112,5112,Damini Sodhi,67,4,1,2,1
5113,5113,Vedhika Lata,36,1,1,5,1
5114,5114,Mugdha Naidu,58,5,2,1,1
5115,5115,Rohan Dasgupta,56,7,1,7,1
5116,5116,Lajita Nagi,29,7,1,4,2
5117,5117,Andrew Mann,25,3,1,6,1
5118,5118,Azaan Trivedi,66,7,1,4,2
5119,5119,Lucky Ratta,38,6,1,2,2
5120,5120,Lavanya Basak,38,7,1,4,2
5121,5121,Gayathri Sastry,70,3,1,7,1
5122,5122,Ekanta Raval,34,4,7,1,1
5123,5123,Yagnesh Badami,44,5,1,4,2
5124,5124,Qasim Dhar,49,3,1,3,2
5125,5125,Niharika Chandran,43,5,1,5,1
5126,5126,Osha Vora,25,4,4,5,1
5127,5127,Tanmayi Manda,75,9,1,5,1
5128,5128,Harinakshi Batra,37,1,1,3,2
5129,5129,Kalpit Lall,41,5,1,5,1
5130,5130,Ikbal Madan,36,1,1,7,1
5131,5131,Oscar Bawa,43,2,1,3,1
5132,5132,Yamini Rout,69,4,1,7,1
5133,5133,Yuvraj Parmar,69,1,6,7,1
5134,5134,Jyoti Cherian,50,1,7,4,2
5135,5135,Nathaniel Kibe,71,3,1,5,1
5136,5136,Raagini Nayak,27,9,1,3,1
5137,5137,Harsh Nagi,36,6,3,7,1
5138,5138,Bahadurjit Koshy,47,7,1,4,2
5139,5139,Kevin Ghose,74,3,1,2,1
5140,5140,Warinder Kumer,64,2,1,3,1
5141,5141,Rajata Dalal,66,8,1,7,1
5142,5142,Sai Loke,28,4,4,5,2
5143,5143,Pranav Shere,37,3,1,3,1
5144,5144,Mugdha Mody,59,4,1,1,2
5145,5145,Divya Apte,65,3,1,1,1
5146,5146,Indrajit Ramesh,51,6,2,5,2
5147,5147,Krish Bora,31,7,1,4,1
5148,5148,Tristan Ben,45,2,1,6,1
5149,5149,Nandini Luthra,42,6,7,5,2
5150,5150,Chakradhar Grewal,59,5,1,5,2
5151,5151,Vritti Edwin,31,7,2,7,1
5152,5152,Rushil Dhar,22,9,4,4,2
5153,5153,Daksha Nazareth,64,8,3,7,1
5154,5154,Omaja Goswami,31,7,2,5,2
5155,5155,Chandani Nath,68,5,7,1,1
5156,5156,Ojas Sachdev,72,7,1,5,1
5157,5157,Bina Barman,46,6,3,7,2
5158,5158,Aarav Murthy,46,2,6,5,2
5159,5159,Baljiwan Kamdar,49,3,1,4,2
5160,5160,Gaurika Contractor,36,9,3,5,1
5161,5161,Yashvi Subramaniam,29,1,1,1,2
5162,5162,Ryan Devi,75,2,7,3,1
5163,5163,Alka Dora,63,4,1,5,2
5164,5164,Bishakha Kapur,31,2,6,6,1
5165,5165,Chakradev Kumar,39,7,3,1,1
5166,5166,Samarth Kannan,33,2,1,1,1
5167,5167,Jason Keer,51,4,1,2,2
5168,5168,Eshana Kapoor,63,2,2,5,1
5169,5169,Vasudha Ram,38,3,1,6,1
5170,5170,Jagat Chad,24,6,1,1,2
5171,5171,Gabriel Gopal,20,5,1,7,1
5172,5172,Omya Barad,18,9,6,2,2
5173,5173,Ishani Ganesan,33,6,6,7,2
5174,5174,Simon Parekh,30,7,1,1,1
5175,5175,Amara Keer,70,7,1,1,1
5176,5176,Quincy Naik,32,3,1,6,2
5177,5177,Gayathri Dutta,31,7,4,4,1
5178,5178,Robert Aurora,63,5,5,3,2
5179,5179,Udyati Bhat,31,7,1,1,1
5180,5180,Faraj Basu,64,7,1,4,2
5181,5181,Priya Bhat,36,1,1,6,1
5182,5182,Gayathri Hegde,50,7,1,3,1
5183,5183,Onkar Bassi,63,2,1,6,2
5184,5184,Yochana Warrior,40,9,3,1,1
5185,5185,Alka Mahal,50,2,1,4,1
5186,5186,Indrajit Tata,21,3,1,1,1
5187,5187,Siddharth Bains,54,6,1,2,2
5188,5188,Deepa Dua,35,7,2,3,1
5189,5189,Vrishti Keer,48,8,2,6,2
5190,5190,Hitesh Mammen,27,8,1,4,1
5191,5191,Yug Trivedi,25,7,1,6,1
5192,5192,Reyansh Mahal,64,6,1,6,1
5193,5193,Faris Hans,75,9,1,7,2
5194,5194,Pavani Dalal,67,9,6,2,1
5195,5195,Lucky Pillai,59,5,4,5,2
5196,5196,Janaki Parmar,68,6,2,2,1
5197,5197,Champak Som,75,5,1,6,2
5198,5198,Ekansh Gola,38,4,2,2,2
5199,5199,Baljiwan Sami,35,7,3,1,1
5200,5200,Ethan Hegde,49,9,2,1,1
5201,5201,Patrick Nayar,65,9,4,1,1
5202,5202,Meera Gola,40,3,1,3,1
5203,5203,Upkaar Bath,37,7,1,2,1
5204,5204,Aarav Barman,42,3,4,3,1
5205,5205,Yochana Khosla,65,9,1,2,1
5206,5206,Chandresh Basak,30,3,1,6,2
5207,5207,Vrishti Jayaraman,32,6,2,7,1
5208,5208,Yahvi Sane,42,7,2,7,2
5209,5209,Janani Saxena,73,5,1,7,1
5210,5210,Christopher Nanda,38,8,1,3,1
5211,5211,Rushil Uppal,57,5,1,1,1
5212,5212,Dalbir Balan,22,1,4,2,2
5213,5213,Nimrat Palla,43,2,1,1,1
5214,5214,Chakradev Dewan,56,9,3,4,2
5215,5215,Tejas Kala,25,9,1,5,1
5216,5216,Jagdish Narula,65,4,1,7,1
5217,5217,Ayaan Wason,19,2,1,4,1
5218,5218,Gaurangi Ramesh,39,3,1,7,2
5219,5219,Jai Varty,29,3,3,6,1
5220,5220,Zayan Bhalla,67,4,3,5,1
5221,5221,Vritti Bakshi,40,4,1,1,2
5222,5222,Xavier Sahota,29,8,1,2,2
5223,5223,Vyanjana Saxena,22,5,7,2,2
5224,5224,Chameli Das,22,1,1,4,2
5225,5225,Aarna Dhingra,49,9,1,3,1
5226,5226,Lekha Murthy,65,3,1,2,2
5227,5227,Balendra Bhagat,21,2,2,4,2
5228,5228,Rushil Wagle,74,3,1,5,2
5229,5229,Qabil Yogi,74,9,1,1,2
5230,5230,Amol Luthra,62,5,1,4,2
5231,5231,Yochana Thaman,70,1,7,2,2
5232,5232,Rajata Andra,43,7,1,4,1
5233,5233,Bachittar Chhabra,43,7,1,4,1
5234,5234,Darsh Sharaf,61,1,1,5,2
5235,5235,Fitan Saini,57,9,4,7,1
5236,5236,Zehaan Dhingra,25,9,1,2,1
5237,5237,Maanas Bahl,65,2,1,3,2
5238,5238,Tanveer Sawhney,31,2,3,7,2
5239,5239,Yug Sankar,27,4,6,5,1
5240,5240,Azaan Mann,40,8,5,6,1
5241,5241,Bhavya Tella,50,2,3,4,1
5242,5242,Raksha Shan,30,5,2,5,2
5243,5243,Inaya Parmar,70,8,1,3,1
5244,5244,Yashodhara Narula,18,3,1,1,1
5245,5245,Henry Krish,38,5,1,3,2
5246,5246,Charan Vohra,29,9,1,4,2
5247,5247,Caleb Pai,70,4,5,2,2
5248,5248,Vincent Choudhry,60,7,1,6,1
5249,5249,Warjas Viswanathan,44,2,1,1,1
5250,5250,Unni Chand,21,8,1,6,2
5251,5251,Jason Bhat,56,4,2,3,2
5252,5252,Bhavika Lata,30,6,1,6,2
5253,5253,Divya Kurian,23,7,1,1,2
5254,5254,Hardik Aggarwal,42,2,1,1,1
5255,5255,Omkaar Gera,29,1,3,5,2
5256,5256,Chaitaly Kapur,50,3,1,3,1
5257,5257,Raagini Johal,57,3,7,4,1
5258,5258,Mohammed Krish,52,3,6,5,1
5259,5259,Aryan Luthra,72,5,1,3,1
5260,5260,Hitesh Hayre,18,9,4,5,2
5261,5261,Vasudha Iyer,37,5,1,7,1
5262,5262,Akshay Kumar,53,4,1,5,1
5263,5263,Lajita Lad,44,6,3,6,2
5264,5264,Veer Garg,65,8,1,6,2
5265,5265,Balvan Bhatti,44,4,2,2,2
5266,5266,Balvan Agarwal,25,1,1,5,1
5267,5267,Christopher Jaggi,18,2,1,1,2
5268,5268,Turvi Boase,54,3,2,2,1
5269,5269,Jacob Rama,70,2,5,1,1
5270,5270,Ayaan Sidhu,74,5,1,4,2
5271,5271,Xavier Dugar,24,7,2,5,1
5272,5272,Ethan Tella,23,7,7,5,1
5273,5273,Lajita Chander,38,6,1,6,2
5274,5274,Panini Sabharwal,65,4,1,4,1
5275,5275,Mugdha Arora,25,7,1,5,2
5276,5276,Brijesh Kade,24,3,2,3,1
5277,5277,Tristan Arora,29,4,1,1,1
5278,5278,Ronith Basu,22,6,1,6,2
5279,5279,Rushil Lad,61,1,1,6,2
5280,5280,Indrajit Ramakrishnan,34,8,3,1,1
5281,5281,Manan Magar,22,2,5,4,1
5282,5282,Dipta Upadhyay,24,9,2,3,1
5283,5283,Zinal Dubey,22,1,1,1,2
5284,5284,Eesha Dada,44,4,2,6,2
5285,5285,Tarak Varma,34,7,1,2,1
5286,5286,Anvi Raju,21,8,5,2,2
5287,5287,Unnati Bose,40,2,1,3,1
5288,5288,Yutika Shroff,50,7,1,1,1
5289,5289,Hardik Patil,25,4,3,6,2
5290,5290,Meera Cheema,49,2,1,4,1
5291,5291,Harsh Lal,44,3,3,2,1
5292,5292,Reyansh Dixit,23,5,2,6,1
5293,5293,Ayaan Manne,29,7,1,5,1
5294,5294,Hemani Nagy,59,2,7,2,2
5295,5295,Siya Choudhury,63,2,4,7,1
5296,5296,Wriddhish Kaur,51,9,1,3,2
5297,5297,Kai Sawhney,38,3,1,2,1
5298,5298,Ishwar Chanda,27,2,1,5,2
5299,5299,Ekiya Ranganathan,45,2,1,7,2
5300,5300,Eshana Aggarwal,34,1,5,4,2
5301,5301,Ekaja Halder,44,4,3,7,1
5302,5302,Girik Viswanathan,51,3,1,3,1
5303,5303,Gagan Kibe,24,8,1,5,2
5304,5304,Tanvi Maharaj,60,5,1,3,1
5305,5305,Qushi Natt,56,9,1,6,2
5306,5306,Elijah Bava,26,3,3,1,1
5307,5307,Balendra Palla,26,4,7,3,2
5308,5308,Ira Prabhakar,57,1,2,1,2
5309,5309,Bhavika Modi,39,5,2,6,2
5310,5310,Shivansh Grewal,68,6,1,1,2
5311,5311,Kiaan Tella,31,5,3,4,1
5312,5312,Unni Sem,60,4,1,1,2
5313,5313,Watika Palla,46,3,5,2,2
5314,5314,Girik Bera,57,1,1,7,1
5315,5315,Bhavna Nagy,41,9,1,7,1
5316,5316,Pooja Dhaliwal,44,3,7,2,1
5317,5317,Upkaar Master,18,5,3,1,1
5318,5318,Banjeet Pillai,37,7,3,3,1
5319,5319,Naksh Narayan,58,6,6,6,2
5320,5320,Falan Rai,72,7,1,2,2
5321,5321,Yamini Sandhu,67,2,1,3,2
5322,5322,Alexander Khanna,63,9,1,6,1
5323,5323,Diya Ravi,25,5,3,5,1
5324,5324,Liam Sachdeva,40,8,1,4,1
5325,5325,Nirja Balan,36,2,6,1,2
5326,5326,Jalsa Hegde,66,5,1,4,2
5327,5327,Odika Parmar,67,5,1,4,2
5328,5328,Aarav Nadkarni,75,9,1,4,1
5329,5329,Anya Dass,51,8,4,2,2
5330,5330,Saanvi Bains,27,4,1,4,1
5331,5331,Bachittar Upadhyay,68,8,1,2,1
5332,5332,Azaan Dash,46,6,1,7,1
5333,5333,Zaitra Deshpande,35,8,5,6,2
5334,5334,Zayan Bath,28,4,6,4,1
5335,5335,Advika Barad,22,2,1,4,1
5336,5336,Mohammed Raju,22,8,2,1,1
5337,5337,Faris Varghese,59,3,4,5,2
5338,5338,Gabriel Ramesh,58,6,3,2,2
5339,5339,Ekiya Minhas,66,5,3,5,1
5340,5340,Unni Gokhale,38,7,5,5,1
5341,5341,Girik Ghose,27,2,1,6,2
5342,5342,Ayushman Soni,55,4,6,5,2
5343,5343,Damyanti Vig,53,2,1,3,1
5344,5344,Ekanta Dugar,69,9,3,4,1
5345,5345,Christopher Nagarajan,19,8,3,6,2
5346,5346,Anya Agarwal,30,9,1,7,2
5347,5347,Agastya De,68,7,2,6,2
5348,5348,Gautam Kohli,37,4,1,5,2
5349,5349,Fitan Shroff,46,6,1,3,2
5350,5350,Darpan Oommen,58,1,1,4,2
5351,5351,Udant Choudhry,74,3,1,6,2
5352,5352,Vincent Kalla,48,6,1,5,1
5353,5353,Yuvraj Soman,32,3,1,2,1
5354,5354,Guneet Shankar,46,9,5,6,1
5355,5355,Onveer Joshi,47,8,4,1,1
5356,5356,Eiravati Karan,44,2,4,7,1
5357,5357,Quincy Dugal,37,8,5,2,2
5358,5358,Jeremiah Gade,24,7,1,1,1
5359,5359,Abhiram Varughese,35,4,1,6,2
5360,5360,Kabir Balay,35,3,1,7,1
5361,5361,Nandini Bora,39,1,1,7,1
5362,5362,Naksh Kalita,57,6,3,3,1
5363,5363,Zayyan Garde,59,5,3,1,1
5364,5364,Darpan Goel,75,2,1,3,1
5365,5365,Hredhaan Mishra,38,1,1,3,1
5366,5366,Rudra Pandya,44,7,2,3,1
5367,5367,Qadim Mody,67,4,6,1,1
5368,5368,Ekantika Walia,68,4,3,3,1
5369,5369,Chanchal Gole,65,4,6,5,1
5370,5370,Maanav Dalal,43,2,6,3,1
5371,5371,Anvi Konda,66,6,2,1,1
5372,5372,Omkaar Bal,23,6,1,2,1
5373,5373,Urvi Ramanathan,62,8,1,2,1
5374,5374,Anvi Butala,22,1,5,7,2
5375,5375,Arya Sahni,73,6,1,5,1
5376,5376,Daniel Tara,36,1,2,4,2
5377,5377,Eesha Kade,37,2,4,7,2
5378,5378,Jairaj Gole,62,7,1,1,1
5379,5379,Krisha Bajaj,46,9,1,7,2
5380,5380,Max Goswami,47,8,1,6,2
5381,5381,Mitesh Kothari,66,7,1,1,2
5382,5382,Charan Kibe,55,2,1,4,2
5383,5383,Ishanvi Prakash,24,4,1,6,2
5384,5384,Barkha Pau,50,9,7,3,1
5385,5385,Raagini Atwal,44,7,2,1,2
5386,5386,Yadavi Nanda,73,9,2,7,2
5387,5387,Madhav Mani,27,3,1,6,2
5388,5388,Ridhi Agrawal,51,9,1,3,1
5389,5389,Janaki Gade,60,8,1,7,1
5390,5390,Ganga Dyal,75,1,1,2,2
5391,5391,Chaman Uppal,62,2,5,6,2
5392,5392,Tarak Kata,22,3,1,2,1
5393,5393,Ekaja Reddy,30,5,1,3,1
5394,5394,Harita Devan,51,1,7,7,2
5395,5395,Triveni Chana,68,5,1,1,2
5396,5396,Anya Nayar,34,9,1,6,2
5397,5397,Oliver Prashad,57,3,1,3,1
5398,5398,Pavani Prakash,53,2,3,2,1
5399,5399,Chakradev Tandon,33,1,1,5,2
5400,5400,Vedika Krishna,54,9,2,2,1
5401,5401,Vamakshi Wali,51,5,7,7,1
5402,5402,Chameli Bawa,49,5,7,4,2
5403,5403,Wishi Batra,56,9,1,6,1
5404,5404,Watika Kunda,65,7,1,3,2
5405,5405,Rachit Ghose,22,9,6,2,2
5406,5406,Reyansh Mishra,68,5,6,5,1
5407,5407,Rachana Loke,44,8,2,1,1
5408,5408,Chanchal Sandal,47,3,1,2,1
5409,5409,Rehaan Barman,37,5,1,7,2
5410,5410,Gunbir Rastogi,41,9,1,6,1
5411,5411,Ekaja Dutta,20,5,7,6,2
5412,5412,Yashodhara Datta,58,2,1,6,2
5413,5413,Urvi Krishnan,28,9,1,3,1
5414,5414,Isaiah Mandal,49,9,1,7,1
5415,5415,Teerth Thaker,59,1,1,1,2
5416,5416,Andrew Kuruvilla,65,7,1,3,2
5417,5417,Wazir Gokhale,20,9,1,6,1
5418,5418,Januja Dara,73,1,1,6,1
5419,5419,Shivani Yohannan,24,2,1,6,2
5420,5420,Mason Hayre,54,4,4,6,1
5421,5421,Yutika Pant,63,3,1,1,1
5422,5422,Varsha Dada,32,9,2,6,1
5423,5423,Harish Gera,59,3,4,4,2
5424,5424,Ishwar Patel,53,7,2,3,2
5425,5425,Dev Banik,47,2,2,1,1
5426,5426,Meghana Issac,71,5,1,3,1
5427,5427,Amruta Mukhopadhyay,59,4,2,6,2
5428,5428,Priya Amble,43,4,2,3,2
5429,5429,Ijaya Bhagat,70,8,1,7,1
5430,5430,Chasmum Prabhakar,39,7,2,2,1
5431,5431,Harsh Balakrishnan,37,6,3,7,2
5432,5432,Falak Karpe,51,4,1,7,1
5433,5433,Omkaar Choudhary,31,9,1,7,1
5434,5434,Avni Goyal,26,5,1,7,2
5435,5435,Nitesh Trivedi,66,7,1,2,1
5436,5436,Abhimanyu Kara,46,4,1,3,2
5437,5437,Orinder Agate,52,1,1,3,2
5438,5438,Radhika Sahni,48,1,1,2,1
5439,5439,Nathaniel Subramaniam,73,9,1,1,1
5440,5440,Naveen Batta,49,4,1,2,2
5441,5441,Indrajit Doshi,40,7,1,6,1
5442,5442,Aahana Khosla,56,2,1,3,2
5443,5443,Dayamai Varughese,48,2,1,5,1
5444,5444,Lavanya Menon,57,7,1,1,1
5445,5445,Aryan Saha,58,7,4,7,2
5446,5446,Mahika Shroff,69,4,4,7,1
5447,5447,Rishi Ghosh,45,7,1,7,1
5448,5448,Vyanjana Kaur,25,4,1,6,2
5449,5449,Raagini Khalsa,66,3,1,3,1
5450,5450,Zaitra Mukherjee,75,3,2,2,1
5451,5451,Timothy Kapadia,50,5,1,3,1
5452,5452,Lakshmi Mall,26,8,4,4,2
5453,5453,Nicholas Halder,64,9,1,4,1
5454,5454,Jacob Prabhu,70,4,1,6,2
5455,5455,Sudiksha Nadkarni,39,9,5,6,1
5456,5456,Hritik Kulkarni,30,7,1,5,2
5457,5457,Jatin Hans,40,3,1,7,2
5458,5458,Girik Gera,66,6,1,3,1
5459,5459,Ira Balan,18,5,1,1,2
5460,5460,Daksha Yadav,43,2,1,2,1
5461,5461,Libni Sethi,26,7,2,7,1
5462,5462,Rachana Vyas,62,4,1,6,1
5463,5463,Kala Parikh,54,3,2,4,1
5464,5464,Ishaan Mohan,49,2,5,5,2
5465,5465,Thomas Savant,34,4,5,1,1
5466,5466,Ronith Memon,21,9,2,5,1
5467,5467,Advik Aggarwal,68,7,1,3,2
5468,5468,Geetika Kumer,68,1,1,4,1
5469,5469,Logan Chahal,47,6,1,3,2
5470,5470,Max Bava,30,5,1,6,2
5471,5471,Udant Mittal,41,3,4,5,1
5472,5472,Vinaya Lala,52,6,1,7,2
5473,5473,Hamsini Seshadri,38,8,1,4,2
5474,5474,Aarush Jayaraman,37,5,1,1,2
5475,5475,Ganga Deshmukh,31,5,1,5,2
5476,5476,Imaran Wable,45,9,1,7,1
5477,5477,Tanish Sahni,25,6,1,7,1
5478,5478,Ayushman Basu,34,8,6,3,2
5479,5479,Nidra Biswas,34,5,5,1,2
5480,5480,Thomas Suri,30,9,3,1,2
5481,5481,Yauvani Ravel,32,3,7,1,2
5482,5482,Harshil Kulkarni,43,3,1,2,2
5483,5483,Quincy Chowdhury,61,5,1,4,1
5484,5484,Watika Shroff,41,8,2,3,1
5485,5485,Darsh Borde,45,4,7,7,1
5486,5486,Sai Karan,51,3,1,4,1
5487,5487,Gavin Narain,20,3,1,6,1
5488,5488,Samarth Mukherjee,54,7,4,4,2
5489,5489,Chaaya Parsa,45,5,1,4,1
5490,5490,Vanya Mohanty,44,6,1,7,1
5491,5491,Vaishnavi Jani,61,5,2,2,1
5492,5492,Anika Kala,64,5,2,5,1
5493,5493,Zashil Chhabra,51,4,1,6,2
5494,5494,Ridhi Gaba,33,4,2,1,2
5495,5495,Triveni Soman,38,9,2,5,1
5496,5496,Vyanjana Setty,26,5,1,2,1
5497,5497,Manthan Saran,35,3,1,5,1
5498,5498,Nicholas Mohanty,51,5,3,3,1
5499,5499,Vidhi Oza,55,2,1,5,1
5500,5500,Oviya Mohan,48,5,1,6,2
5501,5501,Ekanta Majumdar,43,8,3,1,1
5502,5502,Pushti Zachariah,23,7,1,7,1
5503,5503,Tarak Nayar,45,9,5,4,1
5504,5504,Lavanya Sahni,25,8,1,1,2
5505,5505,Chandran Bains,75,1,2,5,1
5506,5506,Joshua De,40,9,2,7,2
5507,5507,Mugdha Sahni,75,4,1,4,1
5508,5508,Zehaan Gera,69,7,2,2,1
5509,5509,Tanvi Mistry,19,9,3,6,2
5510,5510,Qasim Bhandari,28,1,1,2,2
5511,5511,Victor Ghose,69,4,2,1,1
5512,5512,Zinal Raman,39,6,1,6,2
5513,5513,Dayamai Swamy,61,6,3,4,2
5514,5514,Zayan Guha,34,2,1,4,1
5515,5515,Zashil Dass,56,7,2,7,2
5516,5516,Sanya Nagarajan,50,3,1,6,2
5517,5517,Varsha Dua,45,4,1,6,1
5518,5518,Chakradhar Kala,66,6,4,3,1
5519,5519,Aadi Som,68,1,1,4,1
5520,5520,Chandani Handa,33,3,3,4,2
5521,5521,Agastya Chauhan,38,6,1,1,2
5522,5522,Mitesh Gandhi,53,7,4,4,2
5523,5523,Gopal Majumdar,18,6,1,6,2
5524,5524,Matthew Banerjee,71,4,1,4,1
5525,5525,Abdul Kata,59,7,3,4,1
5526,5526,Janani Krishna,21,8,1,5,1
5527,5527,Niharika Pathak,41,9,5,3,1
5528,5528,Eiravati Chhabra,54,3,1,4,2
5529,5529,Jatin Grover,39,5,1,5,1
5530,5530,Nitesh Krishna,44,4,7,5,2
5531,5531,Nathan Chandra,62,9,5,6,1
5532,5532,Abeer Hans,32,3,1,2,1
5533,5533,Chanakya Prashad,38,7,5,2,1
5534,5534,Yashawini Gandhi,39,8,4,5,2
5535,5535,Qabil Narula,50,1,1,2,2
5536,5536,Kritika Sule,72,3,1,7,2
5537,5537,Ranveer Kakar,29,9,1,2,1
5538,5538,Fariq Shanker,37,9,1,4,1
5539,5539,Saumya Mistry,41,9,2,1,2
5540,5540,Vritti Cheema,44,3,1,7,2
5541,5541,Jack Suri,62,4,1,6,2
5542,5542,Tanvi Seshadri,48,3,6,5,2
5543,5543,Pushti Mitra,57,5,7,6,2
5544,5544,Lajita Apte,62,6,3,3,2
5545,5545,Diya Patla,42,4,7,7,1
5546,5546,Forum Shere,33,6,5,2,2
5547,5547,Nandini Cherian,26,4,1,4,1
5548,5548,Frederick Nagarajan,68,9,1,2,2
5549,5549,Radhika Chad,52,8,1,5,2
5550,5550,Aachal Sahni,55,3,1,6,2
5551,5551,Barkha Sane,43,2,1,6,1
5552,5552,Rachita Palan,34,2,3,4,1
5553,5553,Faris Lata,50,1,1,2,2
5554,5554,Odika Sinha,65,4,4,5,1
5555,5555,Nicholas Sengupta,62,1,7,7,2
5556,5556,Chameli Bhatnagar,36,6,1,6,2
5557,5557,Anvi Uppal,50,6,1,1,1
5558,5558,Dominic Nadkarni,51,1,3,7,2
5559,5559,Urishilla Maharaj,47,4,1,2,2
5560,5560,Ranveer Prasad,60,8,1,6,1
5561,5561,Krisha Mukhopadhyay,43,6,3,7,1
5562,5562,Ayaan Borah,23,3,1,2,1
5563,5563,Ishanvi Nagar,70,1,6,7,1
5564,5564,Charles Prabhakar,62,6,1,6,1
5565,5565,Odika Thaman,64,2,1,4,1
5566,5566,Omkaar Sant,33,3,1,7,2
5567,5567,Anamika Manne,53,1,1,6,1
5568,5568,Upkaar Narayan,65,6,2,7,1
5569,5569,Priya Tata,53,6,2,5,2
5570,5570,Saumya Johal,55,4,3,7,2
5571,5571,Lakshit Saini,63,2,7,4,2
5572,5572,Bhavini Kade,72,7,3,1,2
5573,5573,Tanish Chauhan,58,7,5,5,2
5574,5574,Ayushman Viswanathan,60,8,5,1,1
5575,5575,Aadi Hayre,58,4,5,7,2
5576,5576,Balvan Chaudry,36,2,5,7,2
5577,5577,Darika Sehgal,19,8,1,7,1
5578,5578,Harinakshi Ratti,69,4,1,4,1
5579,5579,Vyanjana Sood,51,6,7,3,1
5580,5580,Anamika Sinha,25,3,4,1,2
5581,5581,Yug Edwin,55,4,2,6,1
5582,5582,Frederick Gade,62,3,1,7,1
5583,5583,Girindra Dey,70,7,1,6,1
5584,5584,Bhavini Oak,70,2,1,7,1
5585,5585,Luke Lall,68,9,1,2,1
5586,5586,Tanish Tara,75,2,1,5,2
5587,5587,Radha Shukla,69,7,1,5,2
5588,5588,Yasti Savant,73,2,1,1,2
5589,5589,Lohit Manne,19,6,7,2,2
5590,5590,Kalpit Dar,27,1,1,6,1
5591,5591,Dhriti Sur,31,1,2,7,1
5592,5592,Abha Reddy,40,3,6,6,1
5593,5593,Darpan Chanda,50,9,2,6,1
5594,5594,Faris Dugar,69,7,1,4,1
5595,5595,Nitara Raja,45,1,1,3,1
5596,5596,Gaurang Kapoor,42,7,7,2,1
5597,5597,Samar Sura,31,7,5,2,1
5598,5598,Girindra Mall,59,2,1,5,1
5599,5599,Joshua Mukhopadhyay,23,2,2,6,2
5600,5600,Warjas Dhaliwal,60,7,1,1,2
5601,5601,Yashvi De,69,6,4,5,1
5602,5602,Anthony Krishna,27,2,1,5,2
5603,5603,Yadavi Khalsa,26,8,2,4,2
5604,5604,Siddharth Wadhwa,33,9,1,2,1
5605,5605,Baghyawati Agrawal,45,6,1,5,1
5606,5606,Ayaan Saxena,28,3,1,3,2
5607,5607,Girish Arya,72,5,3,5,2
5608,5608,Ijaya Parmer,69,1,3,5,1
5609,5609,Geetika Nagar,51,9,1,6,1
5610,5610,Zilmil Virk,63,9,1,7,2
5611,5611,Jagrati Dhawan,66,9,1,1,1
5612,5612,Oni Nagarajan,37,5,1,1,1
5613,5613,Ishwar Dhillon,39,5,1,6,2
5614,5614,Chandani Setty,20,6,1,3,2
5615,5615,Aadi Sanghvi,48,9,1,5,1
5616,5616,Yadavi Chana,50,7,1,3,1
5617,5617,Yatin Wali,29,9,1,7,1
5618,5618,Jyoti Gill,46,2,1,7,1
5619,5619,Falan Kulkarni,59,2,1,1,2
5620,5620,Brijesh Shanker,64,4,1,5,2
5621,5621,Bahadurjit Dua,73,5,6,1,1
5622,5622,Yochana Konda,24,7,1,6,1
5623,5623,Oviya Kothari,47,6,2,5,1
5624,5624,Warhi Kashyap,36,4,2,5,1
5625,5625,Hemal Oommen,25,2,3,1,1
5626,5626,Lopa Saini,24,1,2,4,1
5627,5627,Amruta Borra,48,7,1,2,2
5628,5628,Anusha Pingle,25,2,1,7,1
5629,5629,Vasudha Mangal,52,2,1,6,1
5630,5630,Neelima Chokshi,64,7,7,5,1
5631,5631,Ishita Karpe,24,2,2,5,1
5632,5632,Chanchal Vasa,26,7,1,3,2
5633,5633,Ansh Chacko,28,6,2,5,1
5634,5634,Bachittar Parikh,41,7,1,7,2
5635,5635,Bina Narang,21,5,1,7,2
5636,5636,Jalsa Pall,49,4,6,7,1
5637,5637,Ekaraj Shah,71,3,6,1,2
5638,5638,Maanav Sodhi,45,9,5,5,1
5639,5639,Raagini Chahal,25,1,1,4,2
5640,5640,Tarak Bedi,50,5,1,5,2
5641,5641,Viraj Tripathi,58,3,1,3,2
5642,5642,Anusha Dube,68,9,6,7,2
5643,5643,Vritti Sandhu,69,2,2,3,2
5644,5644,Raghav Ravi,61,9,1,2,1
5645,5645,Yauvani Zacharia,64,5,1,1,2
5646,5646,Xavier Kunda,18,5,1,5,2
5647,5647,Bhavika Lanka,23,9,2,4,1
5648,5648,Imaran Raman,43,2,2,3,2
5649,5649,Laksh Deol,53,1,4,6,2
5650,5650,Netra Bora,58,7,1,4,1
5651,5651,Damini Oak,34,5,1,1,1
5652,5652,Sudiksha Halder,67,1,1,2,1
5653,5653,Ishita Acharya,68,6,1,6,1
5654,5654,Ishwar Bhalla,60,9,1,2,1
5655,5655,Urmi Dugar,18,1,1,2,2
5656,5656,Sudiksha Gandhi,58,9,3,3,1
5657,5657,Zarna Verma,43,1,3,1,2
5658,5658,Ijaya Gokhale,54,2,1,4,2
5659,5659,Deepa Sampath,51,8,1,7,1
5660,5660,Anthony Chandran,18,2,6,6,1
5661,5661,Nidhi Nayar,60,3,1,6,1
5662,5662,Neha Ravel,27,2,2,4,1
5663,5663,Dalbir Patil,73,8,1,3,1
5664,5664,Janaki Tiwari,70,8,5,4,2
5665,5665,Vedhika Karpe,64,2,4,1,1
5666,5666,Meghana Sanghvi,22,1,1,7,1
5667,5667,Eiravati Samra,50,4,1,7,2
5668,5668,Baghyawati Palla,29,3,1,3,2
5669,5669,Ati Baria,45,1,1,6,2
5670,5670,Gaurang Bhardwaj,37,7,1,5,2
5671,5671,Ira Sharma,18,1,3,5,2
5672,5672,Gautam Chakraborty,25,6,5,4,1
5673,5673,Sai Virk,53,8,1,4,2
5674,5674,Devika Modi,69,5,1,6,1
5675,5675,Prisha Deo,46,5,1,4,1
5676,5676,Damini Comar,41,7,1,1,1
5677,5677,Zehaan Hayre,69,7,2,2,2
5678,5678,Adweta Viswanathan,59,6,1,3,2
5679,5679,Advaith Bassi,49,3,1,6,1
5680,5680,Nidra Sharaf,26,7,4,6,1
5681,5681,Kashish Jain,50,5,5,2,1
5682,5682,Eesha Kibe,73,8,1,7,2
5683,5683,Vasatika Bhatia,34,5,1,7,2
5684,5684,Charita Venkatesh,44,7,4,6,2
5685,5685,Tejas Grover,53,3,2,5,2
5686,5686,Anvi Nadkarni,58,7,1,1,1
5687,5687,Kavya Ghose,29,7,1,3,2
5688,5688,Neha Joshi,52,1,2,7,1
5689,5689,Jeremiah Rao,67,6,1,2,1
5690,5690,Warda Shah,74,7,1,3,1
5691,5691,Utkarsh Raghavan,75,6,6,2,1
5692,5692,Yug Bhandari,75,7,7,3,1
5693,5693,Pratyush Kota,37,1,1,3,1
5694,5694,Shivani Bansal,52,5,1,1,1
5695,5695,Yagnesh Bose,67,5,1,2,1
5696,5696,Darpan Gopal,22,8,3,7,1
5697,5697,Mekhala Randhawa,25,7,4,1,1
5698,5698,Pratyush Natarajan,31,1,1,7,2
5699,5699,Oscar Lala,53,5,7,6,2
5700,5700,Bishakha Palla,65,1,1,4,2
5701,5701,Udyati Kapoor,56,4,2,4,1
5702,5702,Kashvi Patil,68,8,2,1,2
5703,5703,Nicholas Puri,57,4,1,3,2
5704,5704,Janani Karan,36,4,1,5,1
5705,5705,Xalak Barad,25,1,3,7,2
5706,5706,Luke Nayak,54,3,1,2,1
5707,5707,Adweta Ray,26,5,2,6,1
5708,5708,Imaran Balay,19,4,6,6,1
5709,5709,Azad Kulkarni,65,5,7,5,2
5710,5710,Radhika Kuruvilla,21,9,2,2,1
5711,5711,Yashvi Seshadri,54,5,1,1,2
5712,5712,Henry Sant,52,8,2,5,1
5713,5713,Jagat Chada,43,7,5,7,1
5714,5714,Aashi Krishnamurthy,49,4,2,4,1
5715,5715,Raksha Sani,54,1,1,7,1
5716,5716,Jagrati Divan,65,1,3,4,2
5717,5717,Charita Dhingra,64,2,1,5,1
5718,5718,Damini Loyal,29,1,1,4,1
5719,5719,Ekta Issac,58,7,5,7,2
5720,5720,Zinal Chakraborty,22,9,5,2,2
5721,5721,Saumya Bhardwaj,30,7,6,5,2
5722,5722,Meera Patla,64,8,1,7,1
5723,5723,Aditya Nath,21,8,1,7,2
5724,5724,Nisha Chokshi,63,1,1,2,1
5725,5725,Fitan Divan,27,9,1,1,2
5726,5726,Tejas Dhar,61,6,5,7,1
5727,5727,Gunbir Prashad,23,2,2,1,1
5728,5728,Kavya Chahal,71,5,2,5,2
5729,5729,Sara Goel,52,2,2,4,2
5730,5730,Aarav Sandal,43,8,1,6,1
5731,5731,Hritik Suri,56,8,5,2,2
5732,5732,Vihaan Chakrabarti,65,9,1,4,1
5733,5733,Sudiksha Kapur,70,5,1,7,2
5734,5734,Raghav Sarna,42,8,1,6,2
5735,5735,Upasna Buch,71,9,2,4,1
5736,5736,Nachiket Loke,54,5,6,5,2
5737,5737,Nihal Peri,24,8,2,4,2
5738,5738,Qarin Sule,69,3,1,6,1
5739,5739,Rehaan Chander,28,3,1,1,1
5740,5740,Pratyush Vala,67,1,1,7,2
5741,5741,Abhiram Loke,18,6,5,6,1
5742,5742,Siya Behl,20,7,7,7,1
5743,5743,Imaran Sachdeva,56,4,7,5,2
5744,5744,Ishita Dayal,27,3,1,6,2
5745,5745,Isha Sampath,25,3,1,2,2
5746,5746,Amol Bhatt,33,3,1,1,1
5747,5747,Jack Borah,58,5,1,4,2
5748,5748,Ranbir Wason,66,6,1,4,1
5749,5749,Zayan Karan,63,6,1,6,1
5750,5750,Kai Krishna,70,5,1,6,2
5751,5751,Chakradev Balay,24,6,5,2,2
5752,5752,Hemal Bansal,71,6,6,7,2
5753,5753,Avni Biswas,55,9,1,5,1
5754,5754,Ishaan Kannan,67,3,3,7,1
5755,5755,Ekani Patla,27,4,1,3,1
5756,5756,Pooja Mital,71,8,1,6,1
5757,5757,Vasudha Shukla,68,8,1,4,1
5758,5758,Ridhi Bhasin,36,8,1,1,2
5759,5759,Adya Subramaniam,39,8,1,3,1
5760,5760,Amruta Nath,29,1,4,1,1
5761,5761,Pavani Badal,73,8,7,5,2
5762,5762,Timothy Bhatnagar,62,3,1,1,1
5763,5763,Nidhi Krishnan,51,5,3,3,1
5764,5764,Zaitra Apte,63,6,1,5,2
5765,5765,Yamini Batta,36,2,1,5,1
5766,5766,Yashvi Pathak,48,5,1,5,2
5767,5767,Bhavini Bhandari,42,8,1,1,2
5768,5768,Ayaan Patla,20,2,4,7,1
5769,5769,Charles Bal,65,2,3,6,2
5770,5770,Xavier Hora,60,5,5,1,1
5771,5771,Zilmil Barman,38,6,1,7,1
5772,5772,Pranit Mistry,67,6,1,3,1
5773,5773,Yochana Patel,44,2,4,7,1
5774,5774,Meghana Boase,47,9,3,4,1
5775,5775,Henry Wadhwa,29,8,4,4,1
5776,5776,Chandresh Bandi,20,4,1,2,2
5777,5777,Champak Lad,71,8,1,5,2
5778,5778,Samaksh Bahri,65,4,4,6,2
5779,5779,Siddharth Barad,49,8,2,1,1
5780,5780,Kabir Cheema,67,4,7,2,1
5781,5781,Vihaan Sridhar,47,9,3,4,1
5782,5782,Adweta Vyas,25,4,1,6,1
5783,5783,Chameli Ganesan,55,2,2,5,2
5784,5784,Balvan Shanker,64,9,1,1,1
5785,5785,Brinda Ram,34,5,1,7,1
5786,5786,Tanveer Walia,63,5,1,2,2
5787,5787,Oviya Madan,49,6,1,5,1
5788,5788,Umang Walia,42,5,1,3,1
5789,5789,Sarthak Bal,67,4,2,3,2
5790,5790,Ekavir Wali,29,8,1,4,1
5791,5791,Vyanjana Sinha,35,3,2,6,1
5792,5792,Forum Basu,66,7,1,5,2
5793,5793,Balendra Nagi,71,4,2,5,1
5794,5794,Kamya Sarna,22,8,1,3,2
5795,5795,Guneet Sachar,62,5,1,2,2
5796,5796,Ronith Wali,64,8,1,4,2
5797,5797,Damyanti Andra,75,2,2,2,1
5798,5798,Shivani Lala,36,3,7,4,1
5799,5799,Saksham Chaudry,23,4,2,5,2
5800,5800,Lajita Chopra,55,9,1,1,1
5801,5801,Imaran Dara,45,4,1,2,2
5802,5802,Veda Thakur,67,8,2,1,1
5803,5803,Hemangini Padmanabhan,75,1,2,7,1
5804,5804,Ryan Butala,69,6,2,3,1
5805,5805,Guneet Kala,30,8,3,6,2
5806,5806,Advika Sastry,37,4,2,5,1
5807,5807,Darika Nair,37,2,1,7,2
5808,5808,Gabriel Ratti,21,5,1,7,1
5809,5809,Yoshita Sura,40,8,6,7,1
5810,5810,Ikbal Arora,27,4,3,1,2
5811,5811,Kritika Gola,61,9,1,7,1
5812,5812,Turvi Chaudry,60,7,1,6,1
5813,5813,Andrew Virk,41,9,1,1,1
5814,5814,Maanas Sharma,66,7,1,5,1
5815,5815,Ekalinga Parsa,63,1,2,1,2
5816,5816,Mahika Agrawal,46,8,3,7,2
5817,5817,Watika Aurora,25,6,1,1,2
5818,5818,Gaurang Kale,61,9,1,2,2
5819,5819,Ria Dar,19,3,3,5,2
5820,5820,Nidra Soman,69,4,1,3,2
5821,5821,Nitesh Dash,72,2,1,1,2
5822,5822,Yatin Bhatti,67,7,1,5,1
5823,5823,Shaurya Varghese,37,1,1,3,2
5824,5824,Shivansh Deep,22,8,5,2,2
5825,5825,Abhiram Padmanabhan,19,4,2,6,1
5826,5826,Bhavna Rout,25,5,1,1,1
5827,5827,Yoshita Ghosh,39,2,1,6,2
5828,5828,Saksham Butala,34,8,6,4,2
5829,5829,Nitara Setty,18,8,1,4,2
5830,5830,Ijaya Bawa,67,9,1,5,1
5831,5831,Vidhi Ray,40,3,1,3,2
5832,5832,Anmol Dugar,63,7,2,7,2
5833,5833,Fariq Tailor,20,8,1,5,2
5834,5834,David Biswas,55,2,1,6,2
5835,5835,Rajeshri Sarin,38,6,2,3,1
5836,5836,Shaurya Virk,74,4,1,1,1
5837,5837,Zayyan Basu,29,5,5,1,1
5838,5838,Aarna Chakraborty,32,8,5,7,1
5839,5839,Ladli Lall,22,6,3,3,1
5840,5840,Aachal Narasimhan,19,4,1,2,1
5841,5841,Pranav Bansal,41,2,6,7,1
5842,5842,Charles Chandra,45,6,3,3,1
5843,5843,Nimrat Dass,55,7,7,6,1
5844,5844,Jackson Prasad,62,6,6,3,2
5845,5845,Edhitha Wali,26,2,1,2,2
5846,5846,Charita Wagle,73,8,1,6,2
5847,5847,Bhavini Hayre,25,3,1,2,1
5848,5848,Logan Narula,75,5,4,6,2
5849,5849,Mohini Maharaj,71,2,6,2,1
5850,5850,Ekalinga Bajaj,64,1,3,5,1
5851,5851,Michael Zacharia,56,7,7,5,1
5852,5852,Chanchal Contractor,68,7,1,3,1
5853,5853,Ira Loyal,57,9,1,6,2
5854,5854,Diya Ganguly,59,5,3,7,2
5855,5855,Robert Wadhwa,21,4,3,5,1
5856,5856,Darika Sengupta,47,2,1,7,2
5857,5857,Indira Doctor,46,8,3,3,2
5858,5858,Nachiket Oommen,75,7,1,1,1
5859,5859,Nirja Mutti,55,1,2,3,1
5860,5860,Warjas Andra,66,7,2,6,2
5861,5861,Vedant Mani,59,1,2,3,2
5862,5862,Gauri Grewal,23,2,1,6,1
5863,5863,Hredhaan Mani,29,3,1,4,1
5864,5864,Neelima Devi,49,7,7,4,1
5865,5865,Wridesh Garde,31,7,1,4,1
5866,5866,Dayita Gera,28,7,1,1,1
5867,5867,Riya Lal,57,3,2,2,2
5868,5868,Amruta Mody,55,7,7,7,2
5869,5869,Ati Aggarwal,45,6,1,2,1
5870,5870,Lohit Gala,34,2,2,2,2
5871,5871,Nandini Magar,36,8,7,6,2
5872,5872,Logan Brahmbhatt,73,7,1,7,1
5873,5873,Ayush Das,22,8,1,7,2
5874,5874,Gautam Wali,72,2,3,7,2
5875,5875,Maanav Varughese,63,3,2,5,2
5876,5876,Ekalinga Patla,23,3,4,2,2
5877,5877,Nitara Mistry,26,4,1,3,2
5878,5878,David Chowdhury,30,6,2,7,1
5879,5879,Charan Bansal,31,1,1,3,2
5880,5880,Faris Mandal,22,9,1,4,1
5881,5881,Edhitha Pandya,60,7,1,4,1
5882,5882,Kala Warrior,67,1,1,1,1
5883,5883,Kamala Toor,19,9,1,4,2
5884,5884,Yamini Chandran,59,2,1,1,1
5885,5885,Harini Kalla,74,4,1,5,2
5886,5886,Ikbal Batra,26,7,1,3,2
5887,5887,Brinda Badal,74,1,1,5,2
5888,5888,Oni Pillai,30,8,1,7,2
5889,5889,Gayathri Vasa,22,4,2,6,2
5890,5890,Fitan Sant,75,7,2,3,1
5891,5891,Chanakya Toor,66,3,1,1,1
5892,5892,Owen Bera,61,9,1,2,2
5893,5893,Hitesh Wagle,35,3,1,1,2
5894,5894,Bishakha Nayar,51,5,2,3,2
5895,5895,Chaaya Doshi,47,6,6,3,1
5896,5896,Riya Keer,22,2,1,3,2
5897,5897,Indrajit Sachdeva,36,5,1,3,1
5898,5898,Abdul Sibal,75,7,2,2,1
5899,5899,Forum Krish,58,1,2,3,1
5900,5900,Priya Khare,31,1,3,1,1
5901,5901,Yashoda Yadav,45,9,1,3,2
5902,5902,Shravya Sandhu,37,2,1,3,2
5903,5903,Hemani Basu,41,9,4,4,2
5904,5904,Eiravati Nath,37,2,1,2,1
5905,5905,Onveer Kannan,32,6,1,5,1
5906,5906,Max Viswanathan,71,2,6,6,2
5907,5907,Manthan Parsa,72,7,1,2,2
5908,5908,Ekaraj Chaudhuri,69,7,2,3,2
5909,5909,Osha Mukhopadhyay,61,4,1,1,2
5910,5910,Naksh Varkey,69,1,1,2,1
5911,5911,Kamya Behl,74,7,3,5,2
5912,5912,Urmi Rajan,35,9,1,2,1
5913,5913,Damini Kumer,52,6,1,2,1
5914,5914,Vihaan Bhatnagar,65,4,7,4,1
5915,5915,Jackson Mannan,33,3,1,5,1
5916,5916,Dalaja Verma,71,5,3,6,1
5917,5917,Pahal Kata,67,9,1,2,2
5918,5918,Ayush Misra,66,1,3,1,1
5919,5919,Abhimanyu Bhasin,34,2,2,2,2
5920,5920,Anita Lall,59,6,1,4,2
5921,5921,Chaman Yadav,19,3,1,7,1
5922,5922,Omisha Wadhwa,46,4,3,5,2
5923,5923,Vansha Kala,41,8,1,7,2
5924,5924,Sara Kaul,71,4,1,3,1
5925,5925,Harshil Jayaraman,40,3,1,1,2
5926,5926,Yatan Sehgal,38,7,1,4,2
5927,5927,Benjamin Varghese,54,1,1,5,1
5928,5928,Rohan Mitter,61,7,3,5,1
5929,5929,Rajeshri Varty,20,6,1,4,2
5930,5930,Kala Chaudhuri,48,1,2,2,1
5931,5931,Sudiksha Panchal,20,4,1,1,1
5932,5932,Harshil Natt,74,4,7,2,1
5933,5933,Gayathri Reddy,19,2,5,2,2
5934,5934,Hemang Sanghvi,52,7,1,1,2
5935,5935,Mitesh Chakrabarti,43,7,2,6,2
5936,5936,Champak Tripathi,51,7,3,6,1
5937,5937,Zayan Dhar,19,7,2,6,2
5938,5938,William Iyer,64,7,2,1,2
5939,5939,Hiral Reddy,54,2,1,1,2
5940,5940,Ikbal Badami,35,8,2,3,1
5941,5941,Ladli Natarajan,23,7,7,7,1
5942,5942,Pranav Chhabra,73,7,7,4,1
5943,5943,Falak Madan,53,9,1,3,2
5944,5944,Qabil Mani,42,9,1,7,2
5945,5945,Sneha Chhabra,53,5,7,1,1
5946,5946,Anirudh Toor,42,2,4,4,1
5947,5947,Baghyawati Batta,52,8,1,5,1
5948,5948,Bakhshi Nair,68,3,3,5,2
5949,5949,George Dugal,52,9,5,3,2
5950,5950,Divya Sethi,54,7,2,1,2
5951,5951,Matthew Sankaran,25,8,1,2,2
5952,5952,Henry Bhagat,47,8,1,5,1
5953,5953,Radha Bali,26,5,1,1,2
5954,5954,Oliver Pandya,42,7,1,6,1
5955,5955,Yoshita Som,38,4,1,2,2
5956,5956,Megha Sidhu,27,8,2,6,1
5957,5957,Chaitanya Bains,74,9,1,5,1
5958,5958,Chatresh Mammen,42,1,1,6,2
5959,5959,Madhav Goswami,73,8,1,4,1
5960,5960,Saumya Balay,58,4,3,7,1
5961,5961,Aarush Bhalla,55,5,6,2,2
5962,5962,Daksh Manne,53,1,1,1,1
5963,5963,Max Khalsa,25,7,2,2,1
5964,5964,Siddharth Goswami,66,9,3,1,2
5965,5965,Nilima Goel,75,3,1,2,2
5966,5966,Vrinda Rajagopal,37,3,1,7,2
5967,5967,Logan Mann,47,9,1,5,1
5968,5968,Harinakshi Ratta,60,2,6,5,2
5969,5969,Gauri Datta,70,4,1,5,2
5970,5970,Vanya Divan,20,2,2,4,2
5971,5971,Dalaja Ramakrishnan,42,7,2,7,1
5972,5972,Vihaan Kara,66,7,2,3,1
5973,5973,Ishanvi Bhasin,73,5,1,4,1
5974,5974,Manbir Dewan,47,4,1,7,2
5975,5975,Panini Bhatia,53,4,2,6,1
5976,5976,Zansi Warrior,34,8,1,4,2
5977,5977,Anya Agate,57,8,3,7,2
5978,5978,Jeremiah Wali,66,2,1,1,1
5979,5979,Theodore Jha,54,1,1,2,1
5980,5980,Darpan Wadhwa,36,7,1,3,1
5981,5981,Imaran Ghosh,40,2,1,2,1
5982,5982,Ethan Dewan,47,9,1,5,2
5983,5983,Siya Kumar,56,5,2,4,2
5984,5984,Xavier Ramachandran,57,7,2,5,1
5985,5985,Jasmit Mukhopadhyay,56,8,1,7,1
5986,5986,Ekani Baria,30,1,1,2,1
5987,5987,Bakhshi Chand,71,6,4,5,2
5988,5988,Logan Kapadia,53,1,3,5,2
5989,5989,Omaja Trivedi,75,4,1,5,1
5990,5990,Chanchal Madan,63,6,1,6,1
5991,5991,Dayita Dutta,29,5,2,4,2
5992,5992,Mohammed Virk,24,7,2,3,1
5993,5993,Viraj Goda,50,2,1,1,2
5994,5994,Ati Rastogi,75,1,4,4,1
5995,5995,Matthew Pall,61,3,1,1,1
5996,5996,Caleb Rana,58,6,1,5,1
5997,5997,Dominic Basu,35,4,1,4,2
5998,5998,Lavanya Dutt,74,9,1,2,1
5999,5999,Nathan Prakash,46,4,1,4,2
6000,6000,Chandresh Konda,60,1,1,2,1
6001,6001,Aadhya Brahmbhatt,42,5,6,3,1
6002,6002,Dev Chahal,29,1,2,7,1
6003,6003,Deepa Sanghvi,75,9,3,5,2
6004,6004,Samuel Cheema,46,2,1,7,2
6005,6005,Manthan Kurian,48,4,1,7,1
6006,6006,Vasana Munshi,41,6,1,5,1
6007,6007,Nimrat Khare,31,8,1,2,1
6008,6008,Orinder Dyal,46,3,1,7,1
6009,6009,Ayushman Luthra,49,4,5,3,2
6010,6010,Hemani Sheth,46,8,6,2,2
6011,6011,Hamsini Chana,28,9,1,6,1
6012,6012,Nathaniel Mangat,23,2,1,3,1
6013,6013,Bachittar Vyas,49,8,1,3,2
6014,6014,Jeevika Chakrabarti,41,7,3,5,2
6015,6015,Zaitra Bhatt,41,9,4,4,1
6016,6016,Januja Radhakrishnan,56,7,1,3,1
6017,6017,Adya Dayal,48,8,2,7,2
6018,6018,Elijah Dasgupta,75,4,1,7,1
6019,6019,Wriddhish Bassi,26,8,1,1,2
6020,6020,Waida Raju,60,2,2,6,1
6021,6021,Aahana Dutta,51,7,1,5,2
6022,6022,Yauvani Bir,65,3,1,1,2
6023,6023,Abhimanyu Gara,45,9,4,4,1
6024,6024,Timothy Bobal,25,7,1,7,1
6025,6025,Vasudha Bassi,35,5,2,7,1
6026,6026,Nicholas Deol,49,1,1,4,2
6027,6027,Riya Maharaj,64,1,1,1,1
6028,6028,Parth Arya,34,9,3,4,2
6029,6029,Dayamai Kant,27,4,1,6,1
6030,6030,Siya Vala,23,6,7,1,1
6031,6031,Devansh Gala,64,8,1,3,1
6032,6032,Udant Gara,74,8,1,6,2
6033,6033,Upkaar Pillay,40,7,1,5,1
6034,6034,Harini Mishra,33,6,7,5,1
6035,6035,Tanay Bumb,59,5,1,4,2
6036,6036,Warda Magar,40,7,4,6,2
6037,6037,Rudra Verma,70,2,1,2,2
6038,6038,Pranit Sule,34,1,6,5,2
6039,6039,Aarna Narayanan,27,3,1,5,2
6040,6040,Fariq Datta,49,7,1,1,1
6041,6041,Upma Varughese,75,6,5,2,1
6042,6042,Upkaar Vala,37,3,1,6,2
6043,6043,Patrick Ratti,51,1,6,4,2
6044,6044,Aarav Bava,59,3,1,1,1
6045,6045,Isaiah Goswami,40,2,1,3,1
6046,6046,Brinda Dass,72,6,1,6,1
6047,6047,Gautam Pau,48,1,4,4,1
6048,6048,Lopa Ghose,68,1,2,1,2
6049,6049,Kevin Luthra,30,9,4,1,2
6050,6050,Zaitra Vasa,41,1,6,4,2
6051,6051,Ekani Buch,44,6,1,3,2
6052,6052,Laban Narain,47,9,1,6,1
6053,6053,Radhika Gandhi,71,8,1,5,1
6054,6054,William Vig,20,6,1,2,2
6055,6055,Jasmit Agate,75,7,6,2,2
6056,6056,Advik Sarkar,44,1,1,5,1
6057,6057,Nitesh Bhardwaj,70,3,1,6,1
6058,6058,Amruta Saini,43,7,1,7,1
6059,6059,Qasim Kaul,57,1,1,1,1
6060,6060,Raghav Ranganathan,75,7,7,7,1
6061,6061,Chatresh Chad,71,1,1,5,1
6062,6062,Zarna Tank,71,2,5,6,1
6063,6063,Yutika Mander,43,4,1,2,1
6064,6064,Diya Mahajan,74,5,1,2,1
6065,6065,Oeshi Majumdar,19,7,6,4,2
6066,6066,Mitali Bhat,18,9,1,7,1
6067,6067,Girish Merchant,21,9,4,6,1
6068,6068,Jagat Butala,26,8,2,7,1
6069,6069,Jagrati Agarwal,28,6,1,2,1
6070,6070,Fitan Kari,62,3,3,6,1
6071,6071,Christopher Sheth,30,9,2,2,1
6072,6072,Peter Dave,26,8,1,4,2
6073,6073,Kashvi Pingle,46,3,2,7,1
6074,6074,Manthan Sethi,45,3,1,7,1
6075,6075,Watika Pant,20,9,2,3,1
6076,6076,Bhavika Raman,37,9,4,5,1
6077,6077,Thomas Prabhu,48,1,1,2,1
6078,6078,Victor Johal,30,7,3,1,1
6079,6079,Balendra Bajaj,62,3,1,7,1
6080,6080,Unnati Dugar,75,2,7,7,1
6081,6081,Rehaan Majumdar,29,4,2,7,1
6082,6082,Darpan Varma,53,4,1,6,2
6083,6083,Joshua Pall,59,9,1,2,2
6084,6084,Ekavir Nadkarni,68,5,1,3,2
6085,6085,Yoshita Garg,36,9,1,1,1
6086,6086,Tanay Chandra,50,6,7,6,1
6087,6087,Ganga Sabharwal,34,7,2,2,1
6088,6088,Madhavi Dani,29,7,1,2,1
6089,6089,Yuvraj Kalita,50,2,2,6,1
6090,6090,Kamya Suri,35,9,2,5,1
6091,6091,Andrew Bhagat,46,1,1,7,1
6092,6092,Imaran Ram,45,1,1,2,1
6093,6093,Bhavya Kapadia,20,6,2,7,1
6094,6094,Nicholas More,61,2,1,2,2
6095,6095,Yashica Bajaj,47,4,1,3,2
6096,6096,Ridhi Raju,27,4,6,3,1
6097,6097,Ekapad Chacko,52,2,2,1,1
6098,6098,Advik Gokhale,53,9,1,4,1
6099,6099,Shivani Loyal,18,8,4,4,2
6100,6100,Zarna Barman,30,9,2,6,2
6101,6101,Urishilla Sekhon,69,9,1,4,1
6102,6102,Odika Zacharia,70,8,1,5,2
6103,6103,Shivansh Sur,59,5,1,3,1
6104,6104,Triya Buch,28,6,2,3,2
6105,6105,Vedant Ben,27,2,1,3,2
6106,6106,Waida Nagar,58,9,6,7,1
6107,6107,Onveer Kapoor,67,4,2,5,1
6108,6108,Madhavi Yogi,56,3,4,7,1
6109,6109,Zansi Bora,23,2,7,7,1
6110,6110,Qushi Oak,46,8,2,3,2
6111,6111,Devansh Barad,48,4,6,6,1
6112,6112,Jagdish Bail,32,9,1,4,1
6113,6113,Hitesh Deol,29,9,1,2,1
6114,6114,Aditya Bains,23,1,6,4,1
6115,6115,Yashoda Modi,56,7,1,2,2
6116,6116,Akshay Khatri,58,5,2,4,2
6117,6117,Harsh Dixit,71,5,3,1,1
6118,6118,Darsh Balan,62,9,1,1,1
6119,6119,Forum Bhattacharyya,31,4,1,3,1
6120,6120,Gautami Dhingra,53,2,1,7,1
6121,6121,Yashawini Lad,66,6,1,1,1
6122,6122,Yashica Seshadri,65,4,2,7,1
6123,6123,Harish Mahal,38,5,1,1,1
6124,6124,Mitali Patel,72,4,1,6,2
6125,6125,Ayush Saraf,56,5,3,5,1
6126,6126,Nachiket Bhardwaj,45,3,6,5,1
6127,6127,Yatan Mangal,65,1,1,5,1
6128,6128,Amrita Varughese,58,3,1,3,2
6129,6129,Devika Chandran,64,3,1,3,1
6130,6130,Abhiram Shroff,55,5,1,7,2
6131,6131,Eiravati Varughese,41,3,1,7,2
6132,6132,Avi Bala,47,7,2,6,1
6133,6133,Sathvik Gaba,70,3,3,3,1
6134,6134,Aarini Dua,65,6,1,3,1
6135,6135,Yutika Wali,44,8,5,2,1
6136,6136,Zaitra Dada,45,8,3,1,1
6137,6137,Alexander Nadkarni,68,2,4,1,1
6138,6138,Alka Ramachandran,75,8,2,5,1
6139,6139,Raksha Deshmukh,50,2,3,1,1
6140,6140,Wakeeta Arya,23,1,1,1,2
6141,6141,Adweta Sachdev,27,2,1,2,2
6142,6142,Vrinda Kibe,63,3,1,1,1
6143,6143,Upkaar Bal,52,2,1,7,1
6144,6144,Kiaan Sood,64,8,5,1,1
6145,6145,Qadim Buch,56,6,3,2,2
6146,6146,Michael Hayre,61,8,2,1,1
6147,6147,Bhavna Bansal,63,8,2,3,1
6148,6148,Lohit Vaidya,55,7,1,7,1
6149,6149,Jagvi Comar,30,1,1,5,2
6150,6150,Tanveer Ghosh,72,2,1,6,2
6151,6151,Irya Swaminathan,28,6,4,6,1
6152,6152,Unnati Rege,44,4,2,3,1
6153,6153,Pushti Mann,73,7,2,3,2
6154,6154,Dhriti Chakrabarti,73,7,2,4,2
6155,6155,Atharv Patla,20,1,1,5,1
6156,6156,Pahal Sandhu,18,1,6,7,1
6157,6157,Brinda Deol,28,5,1,6,2
6158,6158,Jatin Puri,31,7,3,7,2
6159,6159,Veer Bahl,31,1,1,1,2
6160,6160,Vedika Lad,64,3,7,6,2
6161,6161,Gaurangi Palla,64,6,7,5,1
6162,6162,Harinakshi Varughese,36,2,2,2,1
6163,6163,Jason Dhar,45,6,1,2,1
6164,6164,Vedhika Parekh,32,1,3,7,1
6165,6165,Yamini Agarwal,19,9,1,6,2
6166,6166,Panini Dass,39,1,7,5,2
6167,6167,Chameli Kaur,24,7,1,1,2
6168,6168,Banjeet Malhotra,48,9,7,4,1
6169,6169,Robert Balasubramanian,23,5,1,6,1
6170,6170,Arya Sankaran,32,3,3,4,2
6171,6171,Januja Dyal,42,4,7,3,1
6172,6172,Harish Devi,50,1,4,7,1
6173,6173,Pushti Sinha,46,1,2,7,2
6174,6174,Faraj Dugal,33,4,3,1,1
6175,6175,Aarini Kulkarni,42,6,1,3,1
6176,6176,Jhalak Vala,43,6,1,2,1
6177,6177,Veer Anand,57,6,2,4,1
6178,6178,Zansi Chokshi,61,9,1,2,2
6179,6179,Udyati Manne,34,7,1,1,2
6180,6180,Zaitra Singh,20,7,1,5,2
6181,6181,Balendra Suri,20,1,1,3,2
6182,6182,Quincy Bansal,59,2,1,5,2
6183,6183,Rohan Cheema,50,8,1,5,2
6184,6184,Yatin Natarajan,54,8,3,7,2
6185,6185,Lucky Kibe,30,7,1,1,1
6186,6186,Mohini Chaudry,50,7,3,7,1
6187,6187,Robert Verma,47,6,1,6,1
6188,6188,Ekansh Kanda,21,2,1,6,1
6189,6189,Ekanta Chauhan,53,2,2,3,1
6190,6190,Nidra Chahal,24,1,1,6,2
6191,6191,Pallavi Balasubramanian,49,5,1,3,1
6192,6192,Neha Deol,48,7,1,1,1
6193,6193,Yamini Ramesh,32,1,6,5,1
6194,6194,Baghyawati Dua,38,1,2,1,2
6195,6195,Fariq Chand,32,4,1,4,2
6196,6196,Rachit Saraf,68,3,6,2,2
6197,6197,Panini Chahal,30,8,1,5,1
6198,6198,Girindra Hari,52,1,1,6,1
6199,6199,Abha Banik,42,3,6,7,1
6200,6200,Nidra Chana,72,3,5,3,2
6201,6201,Gaurangi Agarwal,43,6,1,3,2
6202,6202,Max Prabhu,54,3,1,6,1
6203,6203,Kashvi Gola,64,9,7,1,2
6204,6204,Wriddhish Chand,52,9,1,4,1
6205,6205,Vansha Behl,33,5,1,3,1
6206,6206,Neel Soni,69,6,1,3,2
6207,6207,Aditya Toor,43,6,1,7,2
6208,6208,Pushti Varughese,60,9,6,2,2
6209,6209,Zehaan Sanghvi,61,6,1,1,2
6210,6210,Lipika Apte,38,3,4,1,2
6211,6211,Reva Bose,64,3,1,6,1
6212,6212,Jason Narayanan,59,3,7,4,1
6213,6213,Ojas Bedi,49,1,2,6,1
6214,6214,Bhavika Sachdev,36,4,2,7,1
6215,6215,Yahvi Warrior,27,8,1,6,2
6216,6216,Imaran Boase,57,8,1,7,1
6217,6217,Avi Lall,67,1,2,3,1
6218,6218,Anya Shan,70,9,3,5,1
6219,6219,Eshana Wadhwa,52,3,1,5,1
6220,6220,Dakshesh Mani,33,8,2,7,2
6221,6221,Vihaan Chander,43,8,1,1,1
6222,6222,Bahadurjit Bassi,40,2,2,3,1
6223,6223,Xavier Mane,37,2,1,2,1
6224,6224,Andrew Sastry,67,2,4,5,1
6225,6225,Gagan Morar,23,3,4,4,1
6226,6226,Kavya Kapur,38,6,1,2,1
6227,6227,Girindra Kar,46,1,1,2,2
6228,6228,Kiaan Sha,49,5,3,2,1
6229,6229,Upkaar Murty,69,8,1,6,1
6230,6230,Devansh Sawhney,31,8,1,2,2
6231,6231,Vanya Ahluwalia,73,5,3,4,1
6232,6232,Quincy Ghose,41,4,1,1,2
6233,6233,Gaurika Shere,27,6,3,1,1
6234,6234,Jeevika Raj,21,8,2,3,1
6235,6235,Eesha Mann,34,6,1,3,1
6236,6236,Aarush Aggarwal,66,5,1,1,2
6237,6237,Bhanumati Malhotra,39,7,3,3,1
6238,6238,Jagvi Buch,66,6,1,5,2
6239,6239,Baljiwan Handa,53,7,1,1,1
6240,6240,Oeshi Bains,38,7,1,5,2
6241,6241,Neha Puri,73,4,3,3,2
6242,6242,Indrajit Mitra,28,8,5,3,2
6243,6243,Alka Sharaf,74,6,3,6,1
6244,6244,Anita Tak,55,3,1,7,2
6245,6245,Amara Sengupta,60,4,1,6,2
6246,6246,Aarnav Chand,48,9,1,4,1
6247,6247,Vansha Karan,33,5,1,1,2
6248,6248,Elijah Singh,61,1,3,6,2
6249,6249,Aryan Rajan,48,1,1,2,1
6250,6250,Aarnav Varkey,46,1,6,5,2
6251,6251,Gayathri Chahal,48,7,5,6,1
6252,6252,Vrinda Narang,30,8,1,6,2
6253,6253,Amara Chanda,35,8,3,3,2
6254,6254,Chandran Korpal,46,1,6,5,2
6255,6255,Zilmil Srivastava,25,9,4,3,1
6256,6256,Charita Banerjee,62,7,1,4,1
6257,6257,Vrinda Raval,19,8,1,6,1
6258,6258,Leena Buch,75,2,1,6,2
6259,6259,Rudra Sandhu,70,1,1,2,1
6260,6260,Lakshmi Gole,33,6,6,5,2
6261,6261,Yug Atwal,53,3,1,6,2
6262,6262,Priya Ratta,21,6,5,7,2
6263,6263,Gaurangi Gala,37,8,2,1,1
6264,6264,Falan Ramachandran,50,1,3,2,2
6265,6265,Aashi Grewal,62,5,5,2,2
6266,6266,Hritik Vasa,56,1,4,4,1
6267,6267,William Sastry,23,3,1,3,1
6268,6268,Ekani Minhas,41,9,1,1,2
6269,6269,Chandresh Mandal,54,1,2,7,1
6270,6270,Dalaja Rao,45,2,5,6,1
6271,6271,Ira Wali,57,9,1,3,2
6272,6272,Damyanti Parmar,58,5,2,5,1
6273,6273,Sachi Magar,47,3,1,1,1
6274,6274,Dhruv Rajagopal,34,3,7,6,1
6275,6275,Abeer Virk,20,7,1,6,2
6276,6276,Harinakshi Venkatesh,35,8,3,5,1
6277,6277,Vanya Parsa,61,6,3,4,1
6278,6278,Xavier Sarkar,46,3,3,4,1
6279,6279,Ishanvi Sule,37,7,7,1,2
6280,6280,Sara Jhaveri,45,2,2,4,1
6281,6281,Watika Kanda,56,7,1,5,1
6282,6282,Zaitra Dara,61,7,1,2,2
6283,6283,Radhika Sen,66,9,1,7,2
6284,6284,Udarsh Tara,24,5,2,6,1
6285,6285,Krishna Gaba,48,1,4,5,1
6286,6286,Yachana Kara,21,1,7,1,2
6287,6287,Ekaja Dugar,51,5,2,1,2
6288,6288,Yatan Sidhu,24,9,1,7,2
6289,6289,Veer Koshy,64,6,1,5,2
6290,6290,Nimrat Dash,29,6,2,6,1
6291,6291,Falak Seshadri,36,6,1,2,1
6292,6292,Yatan Dewan,74,8,1,1,1
6293,6293,Raagini Dewan,22,8,1,2,1
6294,6294,Nilima Reddy,28,5,1,3,2
6295,6295,Vidhi Kakar,60,1,1,1,1
6296,6296,Abdul Rattan,30,5,1,2,1
6297,6297,Jyoti Natarajan,38,7,1,2,1
6298,6298,Vamakshi Bala,30,1,1,1,1
6299,6299,Omya Chandra,68,3,1,3,2
6300,6300,Shivani Upadhyay,27,9,5,5,1
6301,6301,Jalsa Wason,43,1,6,5,1
6302,6302,Sara Peri,42,8,3,7,1
6303,6303,Hritik Golla,29,3,1,1,2
6304,6304,Pavani Badal,52,1,1,3,1
6305,6305,Yutika Bir,38,6,1,7,2
6306,6306,Saksham Dasgupta,58,4,1,2,1
6307,6307,Ridhi Wadhwa,28,8,4,1,1
6308,6308,Nidhi Khare,34,4,3,4,1
6309,6309,Benjamin Deo,22,2,6,5,2
6310,6310,Yug Nadig,46,4,2,7,1
6311,6311,Omkaar Chauhan,73,5,6,6,2
6312,6312,Frado Krish,47,9,2,1,1
6313,6313,Onveer Dixit,52,2,1,7,2
6314,6314,Robert Sodhi,36,5,1,3,1
6315,6315,Simon Jha,70,7,1,1,1
6316,6316,Krishna Dar,56,3,7,3,1
6317,6317,Dominic Viswanathan,35,4,3,6,2
6318,6318,Varsha Krish,71,2,1,7,2
6319,6319,Balvan Dara,45,2,2,3,1
6320,6320,Yatin Chaudhary,68,5,2,4,1
6321,6321,Megha Kara,31,2,3,7,2
6322,6322,Madhavi Din,46,4,1,6,1
6323,6323,Odika Naik,22,6,7,5,1
6324,6324,Zansi Sama,70,1,7,7,2
6325,6325,Nihal Buch,45,6,1,3,1
6326,6326,Aachal Srinivas,57,6,1,7,1
6327,6327,Andrew Seshadri,63,6,4,5,1
6328,6328,Chaitaly Menon,32,6,1,6,1
6329,6329,Rachita Mital,43,4,1,6,2
6330,6330,Hredhaan Bir,36,7,2,2,2
6331,6331,Michael Apte,61,9,2,3,2
6332,6332,Lekha Nori,53,5,1,7,2
6333,6333,Yatan Bir,41,7,6,4,1
6334,6334,Mohini Barad,35,2,3,7,1
6335,6335,Ikshita Malhotra,51,3,1,6,1
6336,6336,Vasudha Ramaswamy,34,8,1,6,2
6337,6337,Jack Mani,24,6,1,4,1
6338,6338,Lavanya Wali,33,2,1,3,2
6339,6339,Theodore Sami,74,6,1,5,1
6340,6340,Laksh Sundaram,21,5,1,5,1
6341,6341,Anmol Master,57,8,1,6,1
6342,6342,Eta Krishnamurthy,30,2,2,1,2
6343,6343,Krish Oak,54,5,1,4,2
6344,6344,Shivansh Master,47,9,1,7,1
6345,6345,Yahvi Bal,75,2,1,7,2
6346,6346,Nitesh Kale,70,2,1,6,1
6347,6347,Hiral Prakash,61,5,1,1,2
6348,6348,Advaith Bahl,69,9,1,5,1
6349,6349,Samar Randhawa,36,1,5,2,1
6350,6350,Madhavi Malhotra,52,4,6,6,2
6351,6351,Aarini Bassi,69,4,1,2,2
6352,6352,Sarthak Mangat,75,5,7,3,2
6353,6353,Vansha Sagar,51,9,2,2,1
6354,6354,Manya Parmar,41,8,1,3,1
6355,6355,Siya Sharaf,48,7,1,4,1
6356,6356,Priya Devi,72,7,1,5,2
6357,6357,Christopher Singhal,41,4,3,7,1
6358,6358,Oliver Kant,48,1,1,5,2
6359,6359,David Rajagopal,53,1,3,6,1
6360,6360,Aashi Bose,74,1,1,3,1
6361,6361,Eiravati Nadkarni,29,3,1,2,2
6362,6362,Arunima Iyer,19,4,2,5,1
6363,6363,Urishilla Ramesh,30,7,1,6,1
6364,6364,Niharika Ahluwalia,74,7,1,4,1
6365,6365,Wakeeta Yogi,39,9,5,7,2
6366,6366,Gopal Gara,67,7,1,5,2
6367,6367,Jeremiah Ramakrishnan,31,5,3,5,2
6368,6368,Gopal Ghosh,66,9,6,3,1
6369,6369,Frado Shan,58,7,1,3,1
6370,6370,Lavanya Oza,47,3,1,3,1
6371,6371,Hiral Bumb,48,9,1,7,2
6372,6372,Nicholas Sarin,41,4,5,4,1
6373,6373,Shravya Comar,46,5,1,7,2
6374,6374,Anita Sachar,37,2,1,3,2
6375,6375,Hemal Sarma,57,6,1,6,2
6376,6376,Udant Agarwal,35,3,2,6,2
6377,6377,Harshil Master,62,4,1,3,2
6378,6378,Tamanna Raval,40,6,1,2,1
6379,6379,Joshua Sundaram,39,4,1,6,1
6380,6380,Aditya Swamy,18,1,2,1,1
6381,6381,Upma Behl,63,9,3,4,1
6382,6382,Arunima Ghose,54,8,4,7,1
6383,6383,Sai Vora,41,4,1,7,2
6384,6384,Balhaar Chandra,33,7,6,6,2
6385,6385,Rishi Sachar,73,6,6,2,1
6386,6386,Zilmil Bhalla,56,7,7,3,2
6387,6387,Isha Ramaswamy,41,5,1,4,2
6388,6388,Ayush Dash,24,9,1,5,1
6389,6389,Madhavi Brar,49,4,1,4,2
6390,6390,Ekaja Dada,53,8,1,6,2
6391,6391,Sanya Pingle,63,3,1,2,1
6392,6392,Chameli Kohli,24,5,1,4,2
6393,6393,Sudiksha Dhawan,20,5,1,5,1
6394,6394,Samar Chad,47,9,6,4,2
6395,6395,Laksh Vyas,50,3,3,2,2
6396,6396,Yashvi Patel,43,3,1,7,1
6397,6397,Charan Shankar,39,6,4,2,2
6398,6398,Arunima Lal,39,7,2,7,2
6399,6399,Rajeshri Edwin,21,5,1,5,2
6400,6400,Sanya Mutti,46,9,1,6,1
6401,6401,Bishakha Natt,37,1,1,6,1
6402,6402,Upkaar Bhat,58,5,1,1,1
6403,6403,Adya Singhal,20,8,1,7,1
6404,6404,Harinakshi Sibal,66,2,1,1,1
6405,6405,Michael Handa,45,1,1,4,2
6406,6406,Abhiram Garde,34,8,1,4,1
6407,6407,Karan Doshi,49,8,1,1,1
6408,6408,Abdul Guha,38,9,2,7,2
6409,6409,Radhika Mani,20,5,1,3,2
6410,6410,Pratyush Thaman,33,8,1,6,1
6411,6411,Azad Ranganathan,58,4,6,6,2
6412,6412,Guneet Dey,55,5,1,5,1
6413,6413,Upkaar Bhatnagar,60,9,1,3,2
6414,6414,Unnati Pingle,51,9,1,2,2
6415,6415,Irya Pant,64,1,1,1,2
6416,6416,Chandran Khurana,51,8,1,4,1
6417,6417,Mekhala Sethi,74,9,2,3,1
6418,6418,Chaman Jaggi,54,6,2,5,1
6419,6419,Fariq Pant,39,6,1,4,2
6420,6420,Pushti Mangal,64,4,1,1,2
6421,6421,Aarna Mannan,46,4,3,1,1
6422,6422,Harish Balakrishnan,51,5,3,2,2
6423,6423,Azad Dhar,36,3,5,6,1
6424,6424,Chatresh Bhandari,59,6,1,5,1
6425,6425,Kalpit Din,18,6,1,7,1
6426,6426,Meera Soman,64,1,1,4,2
6427,6427,Falak Banik,61,4,1,1,1
6428,6428,Girik Hayer,36,8,1,2,1
6429,6429,Indira Dara,41,7,1,7,2
6430,6430,Anusha Badami,34,6,1,3,2
6431,6431,Shravya Misra,54,9,2,7,1
6432,6432,Dakshesh Ramesh,48,1,6,1,1
6433,6433,Nihal Mane,74,3,2,3,1
6434,6434,Aarna Wadhwa,74,7,2,3,1
6435,6435,Ryan Saini,70,2,1,7,1
6436,6436,Mason Bhasin,33,4,6,2,2
6437,6437,Vinaya Raman,23,6,1,4,2
6438,6438,Wakeeta Butala,69,9,1,7,1
6439,6439,Yashawini Lad,46,8,5,1,1
6440,6440,Unni Anand,58,2,2,2,2
6441,6441,Chameli Mani,46,6,1,6,1
6442,6442,Chasmum Devan,37,5,1,2,1
6443,6443,Yahvi Deshmukh,64,2,1,1,2
6444,6444,Benjamin Gandhi,47,9,1,2,2
6445,6445,Hiral Bala,71,3,1,1,1
6446,6446,Harinakshi Gera,42,5,5,4,1
6447,6447,Ishani Wadhwa,55,1,1,4,2
6448,6448,Banjeet Mitter,33,6,5,1,2
6449,6449,Januja Kakar,68,8,1,1,1
6450,6450,Chanchal Johal,70,4,1,5,1
6451,6451,Abhiram Mittal,32,8,5,5,2
6452,6452,Madhavi Deshmukh,75,2,2,3,1
6453,6453,Samuel Gokhale,42,9,2,7,2
6454,6454,Reva Nagar,37,9,6,4,2
6455,6455,Max Balay,28,5,1,3,1
6456,6456,Aishani Shah,42,7,1,3,1
6457,6457,Rehaan Narang,24,4,2,1,2
6458,6458,Tanish Kumar,26,1,1,2,1
6459,6459,Utkarsh Agarwal,37,7,1,7,1
6460,6460,Ojasvi Raja,57,7,1,4,1
6461,6461,Niharika Rajan,23,7,1,6,2
6462,6462,Urvashi Dani,74,5,1,4,2
6463,6463,Jagat Shroff,50,1,1,7,1
6464,6464,Lucky Banik,45,6,5,7,2
6465,6465,Eshana Sankar,75,4,1,7,2
6466,6466,Brijesh Subramanian,23,8,3,7,2
6467,6467,Amol Dora,22,8,1,4,1
6468,6468,Radhika Dada,67,8,1,6,2
6469,6469,Chavvi Dara,45,8,2,2,2
6470,6470,Netra Shere,18,7,1,1,1
6471,6471,Thomas Soman,40,1,2,5,2
6472,6472,Noah Shere,65,4,4,2,1
6473,6473,Devansh Parekh,51,6,1,3,2
6474,6474,Ucchal Yadav,69,6,2,2,1
6475,6475,Isha Karnik,25,8,7,6,1
6476,6476,Vritti Sabharwal,70,3,2,3,2
6477,6477,Arya Lanka,39,4,5,7,2
6478,6478,Ayushman Dalal,73,9,1,6,1
6479,6479,Chanakya Chada,45,7,2,7,2
6480,6480,Naveen Srivastava,73,9,2,3,1
6481,6481,Luke Jha,19,3,5,2,2
6482,6482,Udarsh Sagar,43,9,1,7,1
6483,6483,Ranbir Merchant,33,8,1,3,1
6484,6484,Jairaj Mandal,64,6,1,7,1
6485,6485,Harita Muni,54,2,5,2,2
6486,6486,Panini Sandhu,48,1,2,6,1
6487,6487,Rachana Parekh,47,6,1,6,2
6488,6488,Jonathan Bhatnagar,32,3,1,5,1
6489,6489,Warda Solanki,54,5,2,4,1
6490,6490,Eiravati Patil,36,6,1,7,1
6491,6491,Wazir Kuruvilla,55,8,5,2,2
6492,6492,Ikbal Murty,36,7,3,6,1
6493,6493,Upadhriti Gola,25,4,1,6,1
6494,6494,Alka Tak,22,5,1,7,1
6495,6495,Parth Sarraf,49,2,3,2,1
6496,6496,Ekta Bhagat,63,9,1,6,1
6497,6497,Aahana Choudhary,56,1,1,5,1
6498,6498,Ridhi Bora,36,8,1,2,2
6499,6499,Ikshita Dhar,39,7,4,2,2
6500,6500,Charan Agrawal,22,9,1,7,2
6501,6501,Isaac Murty,36,4,2,4,1
6502,6502,Brinda Mohanty,31,8,1,2,2
6503,6503,Jalsa Taneja,21,7,5,2,2
6504,6504,Radhika Gupta,50,8,1,5,2
6505,6505,Odika Sathe,44,4,3,3,1
6506,6506,Guneet Kurian,71,3,2,3,1
6507,6507,Yadavi Nayak,75,4,1,4,2
6508,6508,Patrick Khare,39,4,1,1,1
6509,6509,Pratyush Gour,46,2,2,1,1
6510,6510,Bhavani Chowdhury,63,1,5,7,2
6511,6511,Odika Bhardwaj,62,2,3,5,2
6512,6512,Januja Patla,37,5,1,1,2
6513,6513,Yahvi Trivedi,36,2,1,1,2
6514,6514,Aadi Mutti,24,9,1,7,2
6515,6515,Henry Das,27,7,1,1,1
6516,6516,Rishi Cherian,56,5,3,7,1
6517,6517,Riya Bandi,35,6,2,2,2
6518,6518,Udant Madan,75,8,1,6,1
6519,6519,Gagan Madan,40,5,6,1,1
6520,6520,Wyatt Shukla,69,7,1,1,1
6521,6521,Kavya Keer,25,8,2,4,2
6522,6522,Benjamin Gara,63,6,2,7,1
6523,6523,Dipta Lad,43,3,1,4,2
6524,6524,Noah Naik,74,7,1,3,1
6525,6525,Kamala Magar,56,9,4,6,1
6526,6526,Frado Sani,63,7,1,6,1
6527,6527,Hemal Rout,29,2,1,6,1
6528,6528,Harsh Raman,42,8,1,5,2
6529,6529,Divya Bobal,38,2,3,2,2
6530,6530,Daksha Sant,57,7,2,6,1
6531,6531,Henry Goyal,59,5,1,5,1
6532,6532,Ishita Jhaveri,40,9,1,3,1
6533,6533,Ijaya Thaman,26,9,3,4,2
6534,6534,Lajita Morar,52,4,1,3,2
6535,6535,Nitara Brar,69,6,1,3,2
6536,6536,Timothy Chandra,42,7,1,7,1
6537,6537,Aishani Barman,18,9,1,2,2
6538,6538,Advay Sem,18,5,5,2,2
6539,6539,Atharv Vig,47,9,2,1,2
6540,6540,Saksham Morar,51,6,2,6,1
6541,6541,Radha Narain,65,4,1,1,2
6542,6542,Sanaya Johal,22,8,1,1,2
6543,6543,Nikita Char,44,5,3,3,2
6544,6544,Faqid Sarma,64,4,3,4,2
6545,6545,Naveen Kale,56,1,4,6,2
6546,6546,Hredhaan Balakrishnan,28,7,2,6,2
6547,6547,Siya Konda,25,3,1,2,2
6548,6548,Faqid Cheema,30,3,4,4,1
6549,6549,Anmol Tella,72,6,1,4,1
6550,6550,Logan Mohan,59,2,4,1,1
6551,6551,Vincent Iyer,24,2,1,7,2
6552,6552,Chasmum Cherian,32,4,1,1,2
6553,6553,Megha Bhat,25,7,1,6,2
6554,6554,Lajita Char,40,8,7,4,1
6555,6555,Girindra Sani,31,6,3,2,2
6556,6556,Yashodhara Sampath,74,1,1,4,2
6557,6557,Janya Sura,26,1,1,5,2
6558,6558,Indali Dewan,47,2,4,6,2
6559,6559,Dalbir Kala,75,7,3,2,1
6560,6560,Kritika Kohli,49,8,1,3,2
6561,6561,Turvi Uppal,58,4,2,6,1
6562,6562,Ekta Sampath,53,9,6,6,1
6563,6563,Bhanumati Comar,31,3,1,6,1
6564,6564,Tanvi Sandhu,23,4,1,5,2
6565,6565,Urmi Bhasin,60,6,3,2,1
6566,6566,Megha Cheema,41,2,6,2,2
6567,6567,Watika Grewal,38,1,2,7,1
6568,6568,Warjas Vohra,50,2,5,6,2
6569,6569,Gautam Dhar,57,9,1,4,2
6570,6570,Mitali Oak,72,9,7,3,2
6571,6571,Rajeshri Ben,59,2,6,7,1
6572,6572,Aarav Date,41,5,6,2,1
6573,6573,Ryan Naik,56,2,6,5,1
6574,6574,Triveni Choudhury,57,7,2,7,1
6575,6575,Wazir Parikh,29,7,1,3,2
6576,6576,Bhavani Basu,42,2,2,2,1
6577,6577,Lajita Raghavan,34,6,1,6,2
6578,6578,Hema Raj,60,8,1,3,1
6579,6579,Ubika Gola,39,8,1,5,2
6580,6580,Lipika Chana,26,3,2,7,1
6581,6581,Daksh Sandhu,27,9,2,7,2
6582,6582,Alka Dhaliwal,54,2,3,1,2
6583,6583,Arin Shanker,45,8,1,2,2
6584,6584,Pratyush Balakrishnan,74,3,1,7,1
6585,6585,Kavya Sehgal,40,7,1,6,1
6586,6586,Rishi Chacko,32,8,1,7,1
6587,6587,Yatin Wali,74,9,1,4,2
6588,6588,Yash Dada,21,8,1,1,2
6589,6589,Theodore Varty,29,4,1,7,2
6590,6590,Aryan Minhas,46,4,6,5,1
6591,6591,Ansh Comar,28,8,1,5,1
6592,6592,Samuel Saini,24,5,1,4,2
6593,6593,Omya Shanker,34,3,2,5,1
6594,6594,Henry Naik,40,9,1,5,2
6595,6595,Harish Tank,54,8,1,7,1
6596,6596,Atharv Mann,54,3,1,2,2
6597,6597,Advaith Chandran,69,6,7,4,1
6598,6598,Nisha Nigam,34,9,1,4,2
6599,6599,Meghana Patla,49,5,3,4,2
6600,6600,Alexander Lall,30,8,1,4,2
6601,6601,Frederick Guha,39,2,3,1,1
6602,6602,Lajita Parmar,48,1,1,3,2
6603,6603,Dev De,42,2,1,6,1
6604,6604,Darpan Tripathi,33,6,3,5,2
6605,6605,Divya Dhawan,42,4,1,3,2
6606,6606,Upma Anand,48,9,1,4,1
6607,6607,Bhavini Raval,39,9,1,1,1
6608,6608,Max Grewal,69,1,7,3,1
6609,6609,Orinder Yohannan,21,9,6,7,1
6610,6610,Wyatt Menon,23,1,1,4,2
6611,6611,Bhavna Bajwa,74,7,1,1,2
6612,6612,Dayita Prabhakar,68,7,1,2,2
6613,6613,Tanmayi Bahl,69,9,3,3,1
6614,6614,Arin Vasa,45,8,1,2,2
6615,6615,Jacob Pandya,59,2,2,2,1
6616,6616,Shivani Choudhury,64,9,6,2,1
6617,6617,Jairaj Ranganathan,24,4,1,2,2
6618,6618,Pratyush Venkataraman,46,9,3,1,2
6619,6619,Raghav Barad,21,3,2,6,2
6620,6620,Samaksh Patla,54,2,1,6,2
6621,6621,Vasudha Natt,47,3,6,5,1
6622,6622,Zaid Shankar,33,3,3,3,1
6623,6623,Sara Dhawan,26,5,2,1,1
6624,6624,Rehaan Bhatt,19,6,7,3,1
6625,6625,Megha Dube,42,3,1,3,1
6626,6626,Praneel Chokshi,64,5,1,5,2
6627,6627,Lavanya Zacharia,67,2,3,2,1
6628,6628,Lekha Bala,46,1,2,1,1
6629,6629,Inaya Bawa,53,2,7,1,2
6630,6630,Darika Ratti,62,7,1,6,2
6631,6631,Urvashi Dyal,50,7,1,1,1
6632,6632,Janani Soni,33,1,6,5,2
6633,6633,Eshana Yohannan,33,1,1,4,1
6634,6634,Oni Ranganathan,31,1,1,5,2
6635,6635,Nidra Bhatt,38,8,1,1,2
6636,6636,Vrishti Ravel,71,8,6,1,2
6637,6637,Ekantika Iyer,43,6,1,6,1
6638,6638,Indali Arya,51,8,1,7,1
6639,6639,Charles Sharaf,33,1,7,3,1
6640,6640,Harinakshi Vig,28,3,5,2,2
6641,6641,Aarush Chahal,45,5,1,2,1
6642,6642,Anmol Doctor,67,7,2,6,2
6643,6643,Yashawini Krishnamurthy,25,9,4,5,2
6644,6644,Varsha Maharaj,23,4,3,5,2
6645,6645,Rudra Rajan,25,7,1,5,2
6646,6646,Janani Soni,61,8,1,4,1
6647,6647,Fariq Rastogi,30,7,1,7,1
6648,6648,Ladli Issac,61,3,1,6,2
6649,6649,Rishi Pandit,54,1,1,6,2
6650,6650,Vasatika Chanda,67,3,2,2,1
6651,6651,Ucchal Karnik,54,7,7,3,2
6652,6652,Reyansh Shan,31,2,1,7,1
6653,6653,Shivani Sinha,69,6,1,3,2
6654,6654,Frado Sankar,24,3,5,7,1
6655,6655,Mohini Karnik,25,6,1,3,1
6656,6656,Radhika Sandal,55,5,1,3,1
6657,6657,Upkaar Babu,63,6,1,3,1
6658,6658,Vidhi Krishnamurthy,31,6,1,1,2
6659,6659,Azad Bhardwaj,66,9,2,5,1
6660,6660,Mahika Ranganathan,48,2,7,4,2
6661,6661,Libni Seth,57,9,3,5,2
6662,6662,Maanav Kata,69,2,2,5,1
6663,6663,Varsha Ratti,61,2,1,4,1
6664,6664,Alka Sathe,64,5,1,5,2
6665,6665,Owen Borra,23,5,1,6,2
6666,6666,Darika Ratti,45,6,3,3,1
6667,6667,Nitesh Sen,75,2,1,7,2
6668,6668,Harinakshi Bhat,65,4,1,2,2
6669,6669,Kala Pandya,24,1,5,7,1
6670,6670,Rajata Salvi,68,7,2,1,1
6671,6671,Vasana Khare,37,9,1,3,1
6672,6672,Simon Bains,27,5,2,7,1
6673,6673,Azad Bava,44,2,7,2,2
6674,6674,Azad Bhandari,75,7,1,1,1
6675,6675,Yashoda Thaman,38,6,7,2,1
6676,6676,Kiaan Murthy,63,1,5,3,1
6677,6677,Ayush Kari,38,2,4,2,2
6678,6678,Harsh Narain,48,2,6,2,1
6679,6679,Bimala Sur,63,4,1,7,1
6680,6680,Tanvi Edwin,62,3,1,1,1
6681,6681,Anay Muni,64,5,5,4,1
6682,6682,Rohan Sehgal,51,8,1,6,1
6683,6683,Yochana Palan,55,4,5,7,1
6684,6684,Chasmum Gara,46,3,1,5,2
6685,6685,William Brar,18,5,1,7,1
6686,6686,Rishi Divan,46,9,1,7,1
6687,6687,Chasmum Raj,62,5,1,4,2
6688,6688,Sanaya Seth,62,7,1,4,2
6689,6689,Chakradhar Goel,36,3,1,1,1
6690,6690,Sneha Solanki,45,6,1,3,1
6691,6691,Baghyawati Mammen,73,8,1,3,1
6692,6692,Chaman Ben,63,7,1,2,1
6693,6693,Vasana Konda,59,9,2,5,2
6694,6694,Siddharth Dutta,32,2,2,2,2
6695,6695,Gautami Sahota,38,6,1,4,1
6696,6696,Noah Sarin,45,2,5,4,2
6697,6697,Zayan Mander,29,3,1,7,2
6698,6698,Chatura Ramakrishnan,59,4,6,1,1
6699,6699,Gauri Sharaf,72,5,6,2,1
6700,6700,Chandani Mandal,38,9,2,2,2
6701,6701,Mitesh Shah,73,2,4,1,1
6702,6702,Ronith Bhatt,69,9,1,5,1
6703,6703,Warjas Vasa,30,4,2,6,2
6704,6704,Vaishnavi Shukla,71,2,6,5,1
6705,6705,Lakshmi Sama,69,7,1,4,1
6706,6706,Bhavika Narasimhan,47,8,1,3,2
6707,6707,Veer Iyengar,63,1,6,5,1
6708,6708,Qabil Dass,34,9,4,2,1
6709,6709,Hredhaan Lall,55,8,4,4,2
6710,6710,Jyoti Banik,28,9,6,5,2
6711,6711,Hemang Grewal,21,9,5,1,2
6712,6712,David Zacharia,33,2,1,5,1
6713,6713,Yochana Patel,65,6,1,6,2
6714,6714,Lucky Om,29,5,1,1,1
6715,6715,Qarin Mani,37,9,1,3,2
6716,6716,Vrishti Deshmukh,22,5,1,2,1
6717,6717,Kiaan Madan,36,8,1,6,1
6718,6718,Nilima Nazareth,62,2,1,5,2
6719,6719,George Dhingra,63,2,2,6,2
6720,6720,Urvashi Gade,71,2,1,5,1
6721,6721,Vanya Lanka,18,7,5,3,2
6722,6722,Wridesh Doctor,32,7,5,1,1
6723,6723,Tanvi Mishra,71,2,5,5,2
6724,6724,Avi Ranganathan,62,6,7,5,2
6725,6725,Janani Gandhi,55,2,2,6,1
6726,6726,Gagan Yadav,33,4,4,7,2
6727,6727,Rishi Natt,43,3,1,7,2
6728,6728,Upasna Balay,18,9,5,4,1
6729,6729,Aarush Patla,24,5,1,3,1
6730,6730,Lakshit Deep,46,2,1,5,1
6731,6731,Vrinda Bhattacharyya,24,4,3,2,2
6732,6732,Thomas Sha,22,1,2,3,1
6733,6733,Zehaan Shroff,71,7,1,1,1
6734,6734,Kala Hans,55,9,3,6,2
6735,6735,Falguni Master,68,9,1,5,2
6736,6736,Triveni Sinha,75,2,3,4,1
6737,6737,Chavvi Issac,74,7,1,5,2
6738,6738,Yahvi Naik,34,6,2,2,1
6739,6739,Lajita Sastry,54,9,1,7,2
6740,6740,Wazir Pingle,18,1,1,1,1
6741,6741,Bhavani Dhar,30,4,2,3,2
6742,6742,Gagan Barman,19,2,1,3,1
6743,6743,Ekani Vasa,52,5,1,7,1
6744,6744,Aahana Walia,69,5,1,3,1
6745,6745,Hardik Kapadia,54,9,1,3,2
6746,6746,Sudiksha Hari,48,1,1,7,1
6747,6747,Varenya Boase,74,3,3,5,2
6748,6748,Triveni Manda,19,7,1,4,2
6749,6749,Aradhana Batra,44,9,1,4,2
6750,6750,Jack Pau,19,9,1,3,1
6751,6751,Chameli Jayaraman,65,8,2,6,2
6752,6752,Victor Om,48,6,1,4,1
6753,6753,Chaitaly Jha,49,3,1,4,2
6754,6754,Noah Bava,27,8,1,7,1
6755,6755,Ekavir Sem,60,9,3,6,1
6756,6756,Vasudha Kapur,71,1,1,5,2
6757,6757,Umang Edwin,19,3,1,6,1
6758,6758,Vanya Agarwal,21,5,3,6,2
6759,6759,Maanav Bala,42,8,1,7,1
6760,6760,Tanvi Chokshi,20,9,1,1,1
6761,6761,Gautam Pillay,48,8,7,1,2
6762,6762,Geetika Bhakta,33,3,1,4,2
6763,6763,Urmi Batra,20,1,1,1,2
6764,6764,Wyatt Om,54,5,1,6,2
6765,6765,Adya Sethi,30,3,1,3,1
6766,6766,Varenya Sami,37,9,1,5,1
6767,6767,Saumya Majumdar,26,3,1,2,1
6768,6768,Aarush Contractor,73,2,1,7,2
6769,6769,Zayan Balakrishnan,22,6,1,4,2
6770,6770,Indali Bhatnagar,35,8,3,4,1
6771,6771,Chaitanya Garde,38,4,6,5,2
6772,6772,Jacob Tara,30,9,2,4,2
6773,6773,Zaitra Sinha,31,4,1,1,2
6774,6774,Mitali Bora,45,8,1,4,2
6775,6775,Omkaar Chauhan,30,1,1,7,2
6776,6776,Ganga Dash,38,6,2,6,1
6777,6777,Onkar Ramachandran,23,9,7,7,2
6778,6778,Ekavir Shah,30,7,3,5,1
6779,6779,Hitesh Merchant,65,6,1,3,1
6780,6780,Bahadurjit Cherian,66,1,3,3,1
6781,6781,Balveer Rai,58,1,1,5,2
6782,6782,Chaaya Sood,60,4,1,4,1
6783,6783,Ekantika Chahal,34,1,3,6,1
6784,6784,Brijesh Pai,46,6,1,7,1
6785,6785,Gayathri Palla,63,2,1,6,2
6786,6786,Balveer Seth,74,9,1,3,1
6787,6787,Barkha Prabhakar,67,2,1,4,1
6788,6788,Dominic Tandon,39,1,2,1,1
6789,6789,Frederick Parekh,57,3,7,2,2
6790,6790,Divya Dutt,38,3,1,2,1
6791,6791,Yagnesh Mangat,38,5,2,2,2
6792,6792,Chandresh Gade,62,9,1,7,2
6793,6793,Kiaan D’Alia,34,4,1,1,2
6794,6794,Tanish Bains,71,4,1,4,1
6795,6795,Aadhya Toor,58,5,6,6,2
6796,6796,Jonathan Sinha,41,8,2,2,1
6797,6797,Indrajit Kurian,20,5,1,4,2
6798,6798,Amol Walia,63,5,6,7,1
6799,6799,Girindra Dasgupta,36,4,1,1,2
6800,6800,Viraj Kara,57,1,1,7,2
6801,6801,Oeshi Mutti,69,2,1,3,1
6802,6802,Omya Wason,66,7,3,5,2
6803,6803,Nilima Brar,35,6,1,1,2
6804,6804,Jackson Om,49,3,5,1,1
6805,6805,Dalaja Nagar,58,9,1,1,1
6806,6806,Charles Choudhury,70,1,1,3,1
6807,6807,Udant Buch,27,4,7,7,1
6808,6808,Pranav Bir,59,3,2,7,2
6809,6809,Chandran Kumer,70,9,1,7,1
6810,6810,Wyatt Balasubramanian,48,7,5,4,1
6811,6811,Janya Pathak,28,6,5,4,1
6812,6812,Bahadurjit Konda,56,6,7,7,2
6813,6813,Lakshit Ram,57,9,2,4,2
6814,6814,Naksh Walia,61,5,1,6,1
6815,6815,Parth Sampath,75,9,1,6,2
6816,6816,Banjeet Seth,65,9,1,4,2
6817,6817,Naksh Suri,75,9,7,5,1
6818,6818,Lucky Kar,74,8,2,2,2
6819,6819,Vivaan Gour,44,8,3,6,1
6820,6820,Timothy Kurian,24,3,1,5,2
6821,6821,Nikita Maharaj,24,9,1,3,2
6822,6822,Advaith Shetty,75,8,1,7,2
6823,6823,Sneha Kapur,56,6,1,4,2
6824,6824,Vinaya Bora,33,2,1,5,1
6825,6825,Upma Mittal,23,1,3,2,2
6826,6826,Charita Chad,73,2,1,6,1
6827,6827,Ishwar Mangat,58,8,1,2,1
6828,6828,Amol Sarraf,48,7,6,6,1
6829,6829,Ishani Rai,29,9,2,1,1
6830,6830,Kevin Borde,69,4,1,1,2
6831,6831,Amruta Mann,29,4,1,5,2
6832,6832,Manthan Ranganathan,23,1,1,2,1
6833,6833,Zansi Gole,43,6,2,2,1
6834,6834,Dayamai Pall,53,5,1,7,1
6835,6835,Balveer Ganesh,21,3,2,4,1
6836,6836,Rajata Krish,52,2,2,3,2
6837,6837,Jason Mandal,31,5,1,5,2
6838,6838,Warjas Sura,63,1,1,5,2
6839,6839,Frado Chaudhari,45,3,6,5,1
6840,6840,Yahvi Chaudhary,20,1,1,7,2
6841,6841,Caleb Shah,55,1,2,5,2
6842,6842,Bimala Dyal,41,2,1,2,1
6843,6843,Logan Tripathi,21,1,1,6,2
6844,6844,Raghav Dada,70,8,1,1,1
6845,6845,Vedika Kanda,37,5,3,2,1
6846,6846,Pratyush Kunda,60,7,2,1,2
6847,6847,Meera Nagy,37,6,2,3,1
6848,6848,Gavin Tella,28,4,1,2,1
6849,6849,Agastya Apte,53,9,1,6,1
6850,6850,Balhaar Baral,61,9,4,4,1
6851,6851,Xiti Sarma,34,9,3,4,1
6852,6852,Akshay Bumb,20,5,1,5,1
6853,6853,Aarush Dutta,69,1,1,4,1
6854,6854,Dakshesh Kumar,42,7,1,1,1
6855,6855,Chaitanya Badami,50,6,3,1,1
6856,6856,Jonathan Palla,43,1,3,2,2
6857,6857,David Bath,34,7,2,3,1
6858,6858,Arin Kara,41,9,1,2,2
6859,6859,Finn Jaggi,39,7,2,4,2
6860,6860,Neelima Dubey,31,9,1,1,2
6861,6861,Urvi Gala,18,3,7,7,2
6862,6862,Prisha Panchal,29,4,1,7,2
6863,6863,Pranav Palla,44,9,1,7,1
6864,6864,Ishani Sharma,57,1,1,6,1
6865,6865,Neel Barman,71,8,1,5,2
6866,6866,Divya Sunder,35,7,7,4,2
6867,6867,Vihaan Peri,49,5,2,2,1
6868,6868,Advika Ram,46,9,1,4,1
6869,6869,Suhani Chowdhury,29,1,7,3,1
6870,6870,Ishanvi Kari,57,6,1,7,1
6871,6871,Mekhala Parmer,69,3,2,3,1
6872,6872,Yahvi Bawa,58,9,1,3,2
6873,6873,Nikita Naik,35,4,3,5,2
6874,6874,Yochana Bir,22,8,1,6,2
6875,6875,Avni Kannan,48,8,7,7,1
6876,6876,Elijah Bahl,47,9,1,6,2
6877,6877,Aarush Patla,23,1,1,3,2
6878,6878,Zarna Dyal,22,4,6,1,1
6879,6879,Jalsa Setty,23,2,2,6,2
6880,6880,Triya Som,55,2,1,3,1
6881,6881,Aarush Golla,20,2,1,5,1
6882,6882,Ladli Mohan,39,6,4,5,2
6883,6883,Falguni Dar,36,7,1,4,1
6884,6884,Kalpit Tripathi,75,7,1,5,1
6885,6885,Rachana Kothari,57,5,1,6,2
6886,6886,Sai Mohan,49,3,1,4,2
6887,6887,Daksh Thakur,35,7,1,1,1
6888,6888,Arunima Rajan,29,9,1,1,2
6889,6889,Gabriel Chopra,28,1,6,2,2
6890,6890,Yochana Sarkar,32,4,2,2,2
6891,6891,Kashish Saini,52,4,4,4,1
6892,6892,Rishi Sharma,43,6,1,7,2
6893,6893,Mohammed Sem,69,1,1,1,1
6894,6894,Veda Chopra,45,2,7,3,1
6895,6895,Deepa Walla,26,8,7,1,1
6896,6896,Pranit Joshi,30,6,1,1,1
6897,6897,Chandresh Bath,56,1,3,1,2
6898,6898,Ethan Atwal,46,9,6,1,1
6899,6899,Tanish Bhatnagar,34,5,1,4,1
6900,6900,Banjeet Kanda,31,9,1,4,2
6901,6901,Yachana Sampath,21,5,3,3,2
6902,6902,Anvi Lal,53,4,1,2,1
6903,6903,Jagdish Dugal,21,3,3,6,2
6904,6904,Mohammed Kari,36,6,1,4,1
6905,6905,Akshay Munshi,26,2,1,4,1
6906,6906,Gaurangi Iyengar,75,5,3,4,2
6907,6907,Wakeeta Brar,22,2,6,7,2
6908,6908,Anjali Memon,38,3,2,3,1
6909,6909,Ryan Swamy,28,8,1,4,2
6910,6910,Vasatika Chatterjee,37,5,1,5,1
6911,6911,Shaurya Kadakia,61,1,6,2,2
6912,6912,Damini Ramesh,27,9,1,1,2
6913,6913,Mason Virk,18,1,1,5,1
6914,6914,Kiaan Pillai,50,3,1,1,1
6915,6915,Ishani Deol,37,9,1,5,2
6916,6916,Frederick Sule,73,3,1,7,2
6917,6917,Zashil Mangat,63,9,1,2,1
6918,6918,Azaan Jain,22,3,5,4,1
6919,6919,Viraj Dani,42,1,1,4,1
6920,6920,Chatresh Chaudhuri,35,2,6,2,2
6921,6921,Aadi Chaudhari,31,5,1,6,2
6922,6922,Owen Hayer,68,6,1,2,1
6923,6923,Ishwar Pillai,47,3,3,2,1
6924,6924,Faris Mukhopadhyay,21,1,1,2,2
6925,6925,Saksham Jani,20,4,1,3,1
6926,6926,Arunima Lall,43,4,1,2,1
6927,6927,Abha Gara,21,2,3,4,1
6928,6928,Meghana Devan,69,2,4,6,2
6929,6929,Aarna Shanker,67,2,1,1,1
6930,6930,Yauvani Chandra,37,6,1,3,2
6931,6931,Pushti Lal,45,6,1,5,2
6932,6932,Ikbal Atwal,32,9,5,4,1
6933,6933,Azad Varma,18,4,1,4,1
6934,6934,Udyati Arora,19,5,4,5,1
6935,6935,Qadim Suresh,47,4,5,4,2
6936,6936,Harinakshi Kala,19,4,1,3,2
6937,6937,Bhavya Patla,67,7,5,3,1
6938,6938,Kashvi Mall,41,7,1,6,2
6939,6939,Lohit Padmanabhan,62,4,1,7,1
6940,6940,Bhavya Vig,53,8,1,7,2
6941,6941,Faris Trivedi,68,7,1,1,1
6942,6942,Gagan Brahmbhatt,48,2,1,1,2
6943,6943,Anika Sandal,38,5,1,5,2
6944,6944,Rudra Kara,24,4,1,4,1
6945,6945,Falak Mandal,74,8,1,2,1
6946,6946,Jeremiah Manda,22,7,1,4,2
6947,6947,Kashish Sandal,26,7,1,4,2
6948,6948,Meghana Bail,59,4,1,6,2
6949,6949,Januja Batta,19,8,1,1,2
6950,6950,Prisha Narayan,56,6,3,2,2
6951,6951,Ekavir Kannan,58,8,2,6,1
6952,6952,Neel Warrior,51,9,1,3,2
6953,6953,Krishna Varma,28,1,3,7,1
6954,6954,Ekbal Merchant,46,2,1,6,1
6955,6955,Ladli Hayre,34,8,1,1,2
6956,6956,Abeer Nori,62,3,4,1,2
6957,6957,Samesh Dixit,55,3,3,3,1
6958,6958,Abhiram Dugar,44,3,1,7,2
6959,6959,Hemang Rajagopal,39,5,6,2,1
6960,6960,Yahvi Verma,49,6,4,2,1
6961,6961,Oviya Grover,68,2,7,2,1
6962,6962,Vincent Mital,28,4,1,3,2
6963,6963,Rushil Bhardwaj,20,5,1,2,2
6964,6964,Vedhika Kade,37,3,1,4,2
6965,6965,Omaja Kohli,18,7,1,3,1
6966,6966,Radhika Bhargava,20,7,4,5,2
6967,6967,Bhavya Patla,30,2,5,5,1
6968,6968,Vasudha Vaidya,42,6,2,1,2
6969,6969,Hitesh Gara,56,6,1,3,2
6970,6970,Quincy Bhasin,30,4,1,7,2
6971,6971,Parth Chand,25,4,1,7,2
6972,6972,Indali Krishnamurthy,74,7,1,3,1
6973,6973,Ekaja Butala,27,6,2,5,1
6974,6974,Warhi Kadakia,62,5,1,3,2
6975,6975,Eshana Sanghvi,62,2,1,4,2
6976,6976,Devika Malhotra,72,8,1,1,2
6977,6977,Ansh Raju,67,8,1,3,2
6978,6978,Isaac Ram,52,3,2,5,1
6979,6979,Baljiwan Toor,62,9,1,4,1
6980,6980,Tanay Dalal,37,3,2,3,1
6981,6981,Priya Bhalla,23,4,1,5,1
6982,6982,Tara Majumdar,23,9,2,4,2
6983,6983,Advika Pandya,58,3,2,3,1
6984,6984,Triveni Khosla,36,1,2,7,1
6985,6985,Edhitha Radhakrishnan,67,2,5,7,1
6986,6986,Arjun Anne,72,3,3,3,2
6987,6987,Ekaraj Tak,35,4,1,2,1
6988,6988,Sai Sundaram,58,6,3,1,1
6989,6989,Arunima Bhandari,51,9,1,6,2
6990,6990,Ayaan Soni,62,5,5,7,2
6991,6991,Isaac Rau,23,8,1,5,2
6992,6992,Ranbir Acharya,72,5,4,3,1
6993,6993,Neha Modi,38,5,1,1,1
6994,6994,Theodore Nayar,24,3,5,4,1
6995,6995,Yashoda Ganesh,62,3,3,1,1
6996,6996,Nidhi Patil,36,9,7,2,1
6997,6997,Gunbir Mistry,59,1,2,4,2
6998,6998,Yashica Chokshi,74,4,1,2,1
6999,6999,Anita Choudhury,56,9,1,2,1
7000,7000,Gaurang Ravel,30,9,4,6,1
7001,7001,Gunbir Dube,39,8,1,4,1
7002,7002,Ranveer Nath,47,3,1,2,1
7003,7003,Umang Menon,23,2,2,4,1
7004,7004,Mason Shenoy,39,2,1,6,1
7005,7005,Darika Dhaliwal,34,8,1,2,1
7006,7006,Damini Balay,43,4,3,4,1
7007,7007,Chakrika Sampath,72,7,1,5,1
7008,7008,Ikbal Chaudhry,33,6,2,4,2
7009,7009,Balendra Vaidya,66,6,1,5,1
7010,7010,Saanvi Garde,54,4,3,6,1
7011,7011,Chandran Srivastava,31,1,5,7,1
7012,7012,Zarna Oommen,61,1,1,2,2
7013,7013,Suhani Patla,56,6,5,6,1
7014,7014,Lavanya Gera,75,9,2,1,2
7015,7015,Harinakshi Bains,62,6,1,6,1
7016,7016,Peter Dugal,62,7,3,6,1
7017,7017,Odika Kurian,24,2,3,7,1
7018,7018,Varenya Comar,52,6,2,4,1
7019,7019,Ekapad Saraf,45,8,7,5,2
7020,7020,Farhan Kar,61,7,1,5,1
7021,7021,Jalsa Dayal,35,9,7,2,1
7022,7022,Rishi Memon,36,8,1,3,1
7023,7023,Gagan Barad,23,1,1,3,1
7024,7024,Zansi Jayaraman,69,6,7,2,2
7025,7025,Zehaan Palla,61,5,3,1,2
7026,7026,Gauri Dhar,66,8,2,2,1
7027,7027,Mohammed Ganesh,75,9,1,6,1
7028,7028,Priya Tank,18,7,1,5,1
7029,7029,Naksh Soman,30,1,1,1,1
7030,7030,Saanvi Bains,46,4,2,2,1
7031,7031,Warda Nagy,56,8,3,7,2
7032,7032,Jackson Chandran,33,2,7,2,2
7033,7033,Samesh Sandal,38,9,1,4,1
7034,7034,Zayan Dani,44,6,1,2,1
7035,7035,Neha Keer,24,1,3,6,1
7036,7036,Oviya Srinivasan,53,2,1,5,1
7037,7037,Isha Rattan,35,9,3,5,1
7038,7038,Diya Kalita,19,4,7,1,2
7039,7039,Faris Krishna,40,2,1,4,1
7040,7040,Pooja Chahal,55,8,1,5,2
7041,7041,Theodore Prashad,68,8,2,6,1
7042,7042,Aarush Basak,66,8,1,4,2
7043,7043,Harinakshi Kala,65,1,6,2,1
7044,7044,Harish Ramanathan,26,1,1,2,2
7045,7045,Neha Nanda,68,7,1,4,2
7046,7046,Zinal Sha,65,9,5,3,1
7047,7047,Vanya Wable,39,2,1,1,1
7048,7048,Oviya Sarma,68,3,1,6,2
7049,7049,Rohan Andra,22,2,3,1,2
7050,7050,Rachita Goel,19,8,3,1,1
7051,7051,Nidra Sur,44,1,1,5,1
7052,7052,Ryan Krishnan,18,1,6,7,1
7053,7053,Adya Korpal,49,9,2,6,2
7054,7054,Jhalak Chand,24,5,1,2,1
7055,7055,Nimrat Kurian,29,9,3,1,1
7056,7056,Ekta Dave,58,5,1,6,2
7057,7057,Jeevika Loyal,44,9,7,7,2
7058,7058,Garima Bora,61,9,1,3,1
7059,7059,Sara Shere,18,8,1,3,2
7060,7060,Wakeeta Sidhu,34,6,1,7,1
7061,7061,Gaurang Ramakrishnan,30,9,2,2,2
7062,7062,Sarthak Deep,66,7,1,6,1
7063,7063,Jeet Sethi,29,9,1,1,2
7064,7064,Hiral Bains,72,7,2,4,2
7065,7065,Bimala Viswanathan,32,4,1,3,1
7066,7066,Mitali Mane,63,5,1,7,1
7067,7067,Udyati Walia,64,6,7,7,1
7068,7068,Ganga Varughese,74,9,3,1,2
7069,7069,Luke Sheth,23,2,1,7,1
7070,7070,Ekapad Mann,58,7,3,7,1
7071,7071,Christopher Atwal,21,7,1,4,1
7072,7072,Elijah Karnik,51,9,2,6,1
7073,7073,Lucky Badami,32,8,1,1,2
7074,7074,Hitesh Rajan,27,9,4,5,2
7075,7075,Max Thakur,32,8,1,2,2
7076,7076,Nilima Johal,72,1,1,4,1
7077,7077,Harita Sankar,68,7,1,7,1
7078,7078,Meera Joshi,62,7,7,2,2
7079,7079,Zaitra Patil,21,6,3,1,2
7080,7080,Neelima Gulati,22,7,3,6,1
7081,7081,Shaurya Viswanathan,61,2,1,7,1
7082,7082,Ria Bawa,22,6,1,7,1
7083,7083,Yuvraj Tara,44,7,1,3,1
7084,7084,Warjas Kapadia,53,6,1,7,1
7085,7085,Jagdish Dhar,40,5,3,6,1
7086,7086,Om Talwar,73,1,1,7,2
7087,7087,Timothy Sama,56,4,3,1,2
7088,7088,Aahana Srivastava,32,5,6,3,1
7089,7089,Megha Bir,36,4,1,3,2
7090,7090,Orinder Sidhu,60,5,1,3,1
7091,7091,Jack Samra,67,4,6,7,2
7092,7092,Vinaya Mital,32,2,2,5,1
7093,7093,Sanaya Sama,25,6,2,7,2
7094,7094,Ansh Ramachandran,42,1,1,2,1
7095,7095,Oni Nagi,33,3,2,1,1
7096,7096,Teerth Sawhney,56,9,1,5,2
7097,7097,Baghyawati Pingle,23,7,2,6,1
7098,7098,Nitara Purohit,63,4,3,4,1
7099,7099,Waida Peri,25,9,1,6,2
7100,7100,Maanas Pall,60,3,1,5,2
7101,7101,Aahana Dave,72,5,7,6,1
7102,7102,Diya Comar,22,2,1,6,1
7103,7103,Dominic Kala,23,2,1,4,1
7104,7104,Rishi Sheth,49,7,3,4,1
7105,7105,Ekapad Narain,46,7,2,1,2
7106,7106,Hemani Chakrabarti,46,2,2,5,1
7107,7107,Pranit Subramaniam,24,9,1,7,1
7108,7108,Timothy Ganesh,54,1,6,7,1
7109,7109,Omya Pingle,33,2,1,7,1
7110,7110,Chakradhar Loyal,66,7,2,2,2
7111,7111,Jagvi Mutti,74,1,1,6,1
7112,7112,Anirudh Kapur,24,1,1,3,2
7113,7113,Fiyaz Raval,43,5,1,2,2
7114,7114,Bakhshi Tella,38,2,2,7,2
7115,7115,Hemangini Raja,40,4,5,4,1
7116,7116,Gabriel Bumb,71,6,2,2,2
7117,7117,Sai Pandya,45,9,2,7,1
7118,7118,Divya Singhal,59,7,3,7,2
7119,7119,Udarsh Raghavan,23,5,1,4,1
7120,7120,Shravya Chowdhury,54,1,3,3,1
7121,7121,Watika Sem,41,1,1,5,1
7122,7122,Omisha Krishna,54,1,1,2,1
7123,7123,Harrison Sharaf,25,6,7,3,2
7124,7124,Mohammed Varty,42,9,1,6,2
7125,7125,Idika Hayer,55,5,1,4,1
7126,7126,Samarth Pau,21,9,1,2,1
7127,7127,Nitara Kale,45,3,1,5,1
7128,7128,Harish Merchant,33,9,7,1,1
7129,7129,Lipika Keer,18,6,1,2,2
7130,7130,Irya Sarma,69,4,1,7,1
7131,7131,Harini Puri,65,7,1,2,2
7132,7132,Nihal Gole,59,1,2,2,2
7133,7133,Umang Rajagopalan,64,4,1,5,1
7134,7134,Sathvik Patel,23,6,1,5,2
7135,7135,Aryan Kothari,38,3,1,4,2
7136,7136,Ekta Jain,50,5,5,3,2
7137,7137,Bishakha Pradhan,18,2,2,5,1
7138,7138,Elijah Chaudry,47,1,3,2,2
7139,7139,Anirudh Anne,31,1,2,1,1
7140,7140,Jagat Khanna,25,2,1,5,1
7141,7141,Kashvi Raval,22,4,1,2,2
7142,7142,Aarini Sastry,73,6,2,2,1
7143,7143,Gavin Seth,62,7,7,4,2
7144,7144,Raksha Sawhney,27,8,1,5,1
7145,7145,Nicholas Hora,30,5,1,1,2
7146,7146,Advika Sen,34,5,2,7,1
7147,7147,Jeet Sodhi,51,2,1,1,1
7148,7148,Frederick Saran,35,8,3,7,2
7149,7149,Frederick Dua,33,8,1,7,2
7150,7150,Sneha Narasimhan,35,4,1,1,2
7151,7151,Tanish Chaudhary,50,3,1,5,1
7152,7152,Chaman Tandon,48,4,3,7,2
7153,7153,Girindra Iyengar,56,6,4,4,1
7154,7154,Brinda Bhagat,68,6,2,7,2
7155,7155,Nimrat Peri,63,5,1,1,1
7156,7156,Caleb Rao,43,5,2,7,1
7157,7157,Yatin Batta,54,7,1,5,2
7158,7158,Parth Vaidya,57,8,3,3,1
7159,7159,Yadavi Om,42,1,2,4,2
7160,7160,Kashish Dash,41,8,1,2,2
7161,7161,Niharika Pai,19,8,1,4,2
7162,7162,Viraj Badal,27,1,1,2,2
7163,7163,Brinda Randhawa,40,2,1,7,1
7164,7164,Ojasvi Mani,40,5,2,4,1
7165,7165,Gaurav Aggarwal,40,1,1,3,2
7166,7166,Ojas Dixit,37,1,2,5,2
7167,7167,Lakshmi Sama,50,7,6,2,1
7168,7168,Nikita Shah,29,3,1,3,1
7169,7169,Imaran Saraf,36,1,3,5,2
7170,7170,Qabil Som,75,4,1,1,1
7171,7171,Chanchal Chand,24,8,7,5,1
7172,7172,Abhiram Suresh,50,5,1,2,1
7173,7173,Faraj Zachariah,25,9,1,4,1
7174,7174,Om Hayer,18,1,4,1,2
7175,7175,Radha Mukherjee,43,7,1,6,2
7176,7176,Siya Ganesh,23,1,1,3,2
7177,7177,Lavanya Batra,33,5,6,6,2
7178,7178,Caleb Nagy,29,3,4,4,1
7179,7179,Ronith Sami,50,5,3,4,1
7180,7180,Chaitanya Batta,23,8,7,4,2
7181,7181,Mitali Tak,39,5,4,5,2
7182,7182,Meghana Dasgupta,64,2,1,5,1
7183,7183,Caleb Sarin,66,2,2,2,1
7184,7184,Yasti Jain,37,2,1,7,1
7185,7185,Balendra Sanghvi,71,1,5,5,1
7186,7186,Farhan Mitra,28,9,1,3,1
7187,7187,Jai Murty,21,3,1,6,1
7188,7188,Ikshita Chaudry,47,6,6,1,2
7189,7189,Ayaan Borra,18,9,7,2,1
7190,7190,Omaja Das,21,1,1,2,1
7191,7191,Radhika Lad,29,9,1,4,1
7192,7192,Urvi More,48,2,1,3,2
7193,7193,Manthan Balay,18,3,1,3,1
7194,7194,Jairaj Golla,48,5,7,3,1
7195,7195,Shivani Varma,73,5,7,6,1
7196,7196,Urishilla Sheth,63,8,1,6,1
7197,7197,Anya Ratta,33,3,1,1,2
7198,7198,Daksha Chatterjee,72,7,1,7,2
7199,7199,Radha Barad,26,2,1,3,2
7200,7200,Chandani Arora,45,2,3,1,1
7201,7201,Praneel Panchal,74,6,1,5,1
7202,7202,Samar Talwar,32,7,1,5,1
7203,7203,Barkha Karpe,34,2,1,4,2
7204,7204,Krisha Halder,29,3,1,3,1
7205,7205,Nathan Kar,56,2,1,2,2
7206,7206,Adya Sama,54,8,3,7,1
7207,7207,Idika Zachariah,54,2,1,6,1
7208,7208,Triveni Boase,38,4,1,7,2
7209,7209,Hritik Ranganathan,52,8,1,1,1
7210,7210,Damyanti Hora,30,2,1,4,2
7211,7211,Yug Sanghvi,63,8,1,1,2
7212,7212,Omkaar Nayak,34,9,1,4,1
7213,7213,Ronith Dayal,50,1,6,1,2
7214,7214,Advay Dalal,46,3,1,5,1
7215,7215,Abhiram Venkataraman,52,9,1,3,1
7216,7216,Theodore Sem,75,3,1,4,1
7217,7217,Yashasvi Magar,28,2,2,2,1
7218,7218,Aadhya Lanka,55,6,3,2,1
7219,7219,Widisha Bhardwaj,71,7,2,5,1
7220,7220,Pavani Cheema,44,6,3,3,2
7221,7221,Parth Sarma,23,8,1,3,2
7222,7222,Benjamin Bose,46,9,1,6,2
7223,7223,Upasna Saraf,64,6,4,2,2
7224,7224,Yatan Bahri,56,4,3,6,2
7225,7225,Garima Sane,61,1,1,5,2
7226,7226,Oliver Dugal,54,4,7,2,1
7227,7227,Fariq Pandey,57,5,7,7,1
7228,7228,Upasna Thakur,40,1,1,3,2
7229,7229,Ekbal Mitter,51,2,1,2,1
7230,7230,Lopa Issac,33,4,2,2,1
7231,7231,Hemangini Narayanan,33,7,2,1,1
7232,7232,Oviya Mahal,28,2,1,6,1
7233,7233,Hema Ahluwalia,37,1,1,2,1
7234,7234,Mason Bali,66,8,1,4,2
7235,7235,Leela Palan,49,8,6,2,2
7236,7236,Dhriti Wadhwa,44,3,1,6,2
7237,7237,Bhavika Pant,21,1,2,4,2
7238,7238,Advaith Anne,65,5,2,1,2
7239,7239,Yashoda Ranganathan,27,1,1,3,1
7240,7240,Gunbir Patel,55,5,4,4,1
7241,7241,Eiravati Nanda,28,8,6,2,1
7242,7242,Qadim Rai,46,9,1,3,1
7243,7243,Eesha Ramanathan,37,4,1,2,1
7244,7244,Dalbir Dhingra,34,7,1,7,1
7245,7245,Triya Chaudhry,57,8,5,3,2
7246,7246,Jason Lad,43,5,1,4,2
7247,7247,Timothy Grover,74,7,2,2,2
7248,7248,Chanakya Bir,42,8,3,5,2
7249,7249,Veda Keer,33,8,3,6,2
7250,7250,Yahvi Bir,75,5,5,5,2
7251,7251,Sai Patla,53,4,1,1,2
7252,7252,Falan Andra,43,3,2,3,1
7253,7253,Lucky Bhatti,55,8,1,7,2
7254,7254,Libni Pillai,59,5,1,7,2
7255,7255,Waida More,40,8,1,6,2
7256,7256,Bakhshi Batra,22,1,7,6,1
7257,7257,Krisha Sekhon,71,3,2,3,2
7258,7258,Unni Zachariah,69,9,2,2,2
7259,7259,Oliver Brar,61,1,1,4,2
7260,7260,Unnati Subramanian,27,1,1,6,1
7261,7261,Hamsini Guha,32,8,4,3,1
7262,7262,Oni Roy,62,2,1,3,2
7263,7263,Jalsa Sunder,50,7,1,1,2
7264,7264,Victor Jayaraman,60,3,1,1,1
7265,7265,Amruta Lal,23,1,5,7,1
7266,7266,Yashawini Chaudry,19,7,1,1,2
7267,7267,Oeshi Sule,29,2,2,4,2
7268,7268,Falguni Barad,27,5,7,4,1
7269,7269,Zashil Sama,60,6,1,2,2
7270,7270,Owen Balasubramanian,75,5,1,4,1
7271,7271,Logan Balay,63,5,2,3,2
7272,7272,Kabir Kohli,73,4,1,7,2
7273,7273,Rayaan Bhandari,42,6,1,7,1
7274,7274,Bachittar Desai,52,9,4,4,2
7275,7275,Nathan Dhaliwal,31,6,1,2,1
7276,7276,Ucchal Agarwal,41,5,5,7,2
7277,7277,Panini Halder,32,4,1,1,2
7278,7278,Lipika Baral,50,3,1,5,1
7279,7279,Ekiya Mukhopadhyay,61,5,1,6,2
7280,7280,Damini Raman,48,8,2,2,2
7281,7281,Veer Mittal,47,7,3,6,2
7282,7282,Vrishti Arya,75,2,1,5,2
7283,7283,Anthony Kunda,23,5,1,7,2
7284,7284,Luke Rau,40,9,4,3,1
7285,7285,Barkha Sridhar,20,3,1,2,1
7286,7286,Xavier Gola,63,3,1,5,1
7287,7287,Faqid Varkey,46,2,2,7,1
7288,7288,Yashodhara Solanki,32,2,7,5,1
7289,7289,Alexander Bora,55,8,2,3,1
7290,7290,Ayush Desai,25,9,1,5,2
7291,7291,Adya Choudhry,21,1,2,5,2
7292,7292,Naksh Sood,39,8,1,5,1
7293,7293,Jackson Chatterjee,62,9,1,1,1
7294,7294,Jhalak Karnik,37,4,1,3,1
7295,7295,Ronith Banik,34,6,2,3,1
7296,7296,Samar Sharaf,48,8,1,5,1
7297,7297,Yatan Sant,48,3,1,7,2
7298,7298,Vasatika Gaba,18,6,1,4,2
7299,7299,Nachiket Rajan,55,7,3,5,2
7300,7300,Ridhi Khatri,46,8,3,6,1
7301,7301,Chakradev Murty,59,1,4,6,1
7302,7302,Isaac Ahluwalia,57,6,3,7,2
7303,7303,Priya Bhakta,47,4,1,4,1
7304,7304,Kiaan Narang,28,3,2,2,1
7305,7305,Kashish Sha,48,4,1,6,2
7306,7306,Lajita Aggarwal,72,8,3,3,2
7307,7307,Jai Zacharia,20,8,1,7,1
7308,7308,Guneet Srinivas,22,4,1,3,2
7309,7309,Pushti Bail,52,4,1,5,1
7310,7310,Ishanvi Kakar,24,1,1,1,1
7311,7311,Raagini Lanka,43,2,1,5,1
7312,7312,Jason Keer,54,5,1,3,2
7313,7313,Oni Chacko,37,6,1,3,2
7314,7314,Rushil Deo,64,6,1,3,1
7315,7315,Yamini Kibe,60,1,1,4,1
7316,7316,Leela Mann,53,5,3,2,1
7317,7317,Praneel Murthy,70,9,5,5,1
7318,7318,Yutika Brahmbhatt,28,9,3,4,2
7319,7319,Naksh Swaminathan,51,4,5,2,2
7320,7320,Omaja Borra,71,2,2,4,2
7321,7321,Idika Rana,53,1,2,3,2
7322,7322,Bhanumati Contractor,44,1,1,2,1
7323,7323,Kritika Kapur,45,5,1,4,1
7324,7324,Ranbir Ramaswamy,38,2,2,7,1
7325,7325,Warhi Kothari,29,9,1,5,1
7326,7326,Harish Rama,22,6,1,3,2
7327,7327,Gautam Dara,38,8,1,6,2
7328,7328,Meghana Dani,31,6,2,6,1
7329,7329,Vedhika Panchal,23,8,6,1,2
7330,7330,Teerth Kumar,48,8,3,6,1
7331,7331,Mason Chanda,36,6,2,3,1
7332,7332,Vasatika Comar,53,6,1,5,1
7333,7333,Teerth Deep,53,7,1,3,1
7334,7334,Chakrika Vig,28,4,1,6,2
7335,7335,Zayyan Randhawa,35,1,1,5,1
7336,7336,Zashil Sachar,61,4,1,5,2
7337,7337,Avi Sinha,35,4,2,7,1
7338,7338,Ikbal Gola,55,4,1,3,2
7339,7339,Zarna Palla,72,5,3,5,2
7340,7340,Ladli Agate,41,2,1,3,1
7341,7341,Omkaar Amble,26,1,3,2,2
7342,7342,Dakshesh Mander,68,4,2,3,1
7343,7343,Oscar Kohli,45,6,1,3,1
7344,7344,Pavani Mitra,60,5,2,4,1
7345,7345,Manbir Borde,59,9,1,3,1
7346,7346,Liam Goyal,59,9,2,5,1
7347,7347,Zayan Tank,54,4,3,6,2
7348,7348,Falak Tella,23,1,1,7,2
7349,7349,Ekta Sharaf,74,5,1,6,2
7350,7350,Vihaan Garde,21,6,1,1,2
7351,7351,Garima Wali,52,6,7,1,1
7352,7352,Riya More,71,9,3,2,2
7353,7353,Charita Shanker,68,3,1,4,2
7354,7354,Libni Raghavan,29,2,2,6,2
7355,7355,Benjamin Zachariah,61,8,2,4,1
7356,7356,Noah Wable,70,2,2,3,1
7357,7357,Yachana Viswanathan,71,5,5,5,2
7358,7358,Yashodhara Memon,36,1,3,4,1
7359,7359,Timothy Manda,27,3,2,3,1
7360,7360,Sneha Balan,21,4,6,4,1
7361,7361,Ishanvi Gaba,66,4,1,4,2
7362,7362,Benjamin Boase,51,7,1,3,1
7363,7363,Utkarsh Kalita,44,8,5,3,2
7364,7364,Qasim Ganesh,22,9,1,3,1
7365,7365,Lajita Dey,48,9,5,7,2
7366,7366,Vihaan Naidu,18,4,1,5,1
7367,7367,Wriddhish Chaudhary,18,9,5,5,1
7368,7368,Adweta Rau,61,6,1,1,1
7369,7369,Ekiya Rattan,50,5,4,1,2
7370,7370,Fariq Vala,19,9,7,4,2
7371,7371,Udant Ghose,25,6,1,3,2
7372,7372,Jhalak Tara,61,2,1,3,2
7373,7373,Rachita Khanna,42,1,1,4,1
7374,7374,Panini Chaudhari,63,2,4,4,2
7375,7375,Rachit Balay,67,8,5,4,1
7376,7376,Kiaan Dugar,36,2,1,6,1
7377,7377,Rehaan Bains,66,7,1,1,2
7378,7378,Aishani Nayar,41,9,5,1,2
7379,7379,Warjas Karpe,32,5,1,2,1
7380,7380,Inaya Deol,47,1,1,5,2
7381,7381,Aarav Cheema,64,6,1,2,2
7382,7382,Gauri Sanghvi,44,2,5,2,1
7383,7383,Dalaja Bava,43,4,1,2,1
7384,7384,William Rai,30,5,6,2,1
7385,7385,Simon Kibe,23,2,4,3,2
7386,7386,Neha Ahluwalia,43,9,1,5,2
7387,7387,Chandani Brahmbhatt,43,3,4,2,2
7388,7388,Ekaraj Dhingra,58,8,2,5,2
7389,7389,Gauri Sule,36,9,7,7,1
7390,7390,Kamya Singh,45,6,3,7,1
7391,7391,Mason Bains,74,9,1,1,1
7392,7392,Tristan Das,28,3,1,3,1
7393,7393,Arya Chauhan,52,2,1,4,2
7394,7394,Upkaar Deep,46,2,1,2,1
7395,7395,Oni Patel,51,3,1,1,2
7396,7396,Dominic Sani,52,4,1,7,2
7397,7397,Thomas Dey,34,6,2,1,1
7398,7398,Dhriti Comar,75,8,5,7,2
7399,7399,Tejas Varty,23,7,2,7,2
7400,7400,Chavvi Chakraborty,58,4,1,2,1
7401,7401,Qarin Boase,54,7,1,6,1
7402,7402,Dakshesh Boase,31,6,1,1,2
7403,7403,Radha Mitra,28,5,6,6,2
7404,7404,Patrick Boase,47,2,1,5,2
7405,7405,Lila Dhaliwal,61,4,1,6,1
7406,7406,Laksh Mital,25,9,2,3,1
7407,7407,Bahadurjit Chakrabarti,24,2,2,6,1
7408,7408,Anvi Das,32,9,1,7,1
7409,7409,Jatin Lad,44,3,1,1,2
7410,7410,Sneha Chacko,33,2,1,2,2
7411,7411,Yadavi Murthy,53,4,6,6,1
7412,7412,Gaurika Chaudhuri,49,3,1,2,1
7413,7413,Victor Ramesh,47,4,1,2,1
7414,7414,Qadim Raja,32,9,5,2,1
7415,7415,Parth Pall,61,1,3,5,1
7416,7416,Mekhala Ravel,74,3,1,4,1
7417,7417,Idika Choudhury,19,4,1,2,2
7418,7418,Mahika Konda,49,9,1,6,1
7419,7419,Diya Naik,64,9,1,2,1
7420,7420,Bhavani Sha,75,3,1,5,2
7421,7421,Pushti Kulkarni,59,7,6,5,1
7422,7422,Sarthak Baral,60,5,4,3,2
7423,7423,Peter Pall,73,2,5,5,1
7424,7424,Anusha Balasubramanian,34,3,1,4,1
7425,7425,Charvi Brahmbhatt,47,9,1,2,2
7426,7426,Divya Randhawa,63,8,1,7,1
7427,7427,Yutika Gupta,52,7,1,7,1
7428,7428,Ladli Ravi,69,3,1,3,1
7429,7429,Pushti Padmanabhan,23,6,1,2,1
7430,7430,Kiaan Bali,31,1,1,2,1
7431,7431,Nimrat Wagle,30,7,2,4,1
7432,7432,Gabriel Gera,52,1,1,7,2
7433,7433,Nathaniel Doctor,26,1,1,5,1
7434,7434,Daksh Khanna,65,8,4,6,2
7435,7435,Lekha Nadig,42,8,1,6,2
7436,7436,Baljiwan Khalsa,29,6,1,4,2
7437,7437,Hemal Chawla,43,6,1,2,2
7438,7438,Nitara Sawhney,29,3,2,5,1
7439,7439,Wazir Parikh,25,7,7,5,1
7440,7440,Daksh Keer,36,3,1,3,2
7441,7441,Advaith Sankaran,46,2,1,4,1
7442,7442,Oeshi Bhandari,58,8,7,6,2
7443,7443,Tanmayi Prashad,58,2,7,4,2
7444,7444,Rajata Menon,61,9,2,4,2
7445,7445,Urmi Sarkar,53,7,1,2,2
7446,7446,Xavier Verma,46,4,7,1,2
7447,7447,Zayan Bandi,50,2,3,6,1
7448,7448,Nidra Chana,71,7,6,6,1
7449,7449,Vedhika Yadav,24,4,6,4,1
7450,7450,Urvashi Bedi,52,7,1,2,1
7451,7451,Lila Mann,53,7,3,4,1
7452,7452,Adya Ratta,48,3,6,3,2
7453,7453,Isaiah Lad,40,5,7,7,2
7454,7454,Ranveer Dash,55,4,7,4,1
7455,7455,Gopal Mutti,55,3,2,7,1
7456,7456,Anya Dara,63,5,2,7,1
7457,7457,Luke Garg,61,9,1,5,1
7458,7458,Robert Sethi,61,5,4,2,1
7459,7459,Oscar Sawhney,23,8,6,6,2
7460,7460,Qarin Sodhi,48,5,2,7,2
7461,7461,Yachana Goyal,43,5,1,4,1
7462,7462,Yuvraj Sura,55,4,2,2,2
7463,7463,Bakhshi Krishnan,30,5,1,5,1
7464,7464,Arya Varghese,52,4,3,4,2
7465,7465,Amaira Nagar,27,9,2,6,2
7466,7466,Bishakha Manne,33,6,1,5,2
7467,7467,Wriddhish Om,61,8,1,7,1
7468,7468,Falan Basak,49,4,1,5,1
7469,7469,Falguni Cheema,61,9,5,3,1
7470,7470,Bakhshi Kuruvilla,36,5,1,4,2
7471,7471,Raksha Mohan,31,4,2,2,1
7472,7472,Zayan Puri,34,4,2,6,2
7473,7473,Dakshesh Wali,67,4,4,3,1
7474,7474,Harsh Muni,59,6,2,6,1
7475,7475,Jacob Kannan,29,6,1,3,1
7476,7476,Nathaniel Narain,60,2,3,4,1
7477,7477,Vedhika Deshmukh,20,1,5,6,2
7478,7478,Tejas Kalita,53,4,3,6,1
7479,7479,Aachal Luthra,45,4,1,2,1
7480,7480,Ethan Ramanathan,37,4,1,4,1
7481,7481,Charles Shere,75,1,1,6,2
7482,7482,Zayan Devan,25,3,1,4,1
7483,7483,Harsh Balakrishnan,70,5,6,2,1
7484,7484,Pallavi Comar,47,5,1,2,2
7485,7485,Falguni Memon,43,7,1,7,2
7486,7486,Chandresh Dugar,40,4,2,4,2
7487,7487,Chameli Bains,44,7,1,7,1
7488,7488,Yashodhara Thaman,65,9,2,5,1
7489,7489,Veer Sem,74,4,1,3,2
7490,7490,Daksha Samra,48,7,1,3,1
7491,7491,Adweta Kaul,35,3,1,1,2
7492,7492,Dipta Swamy,57,8,1,7,2
7493,7493,Baghyawati Kohli,63,9,1,7,2
7494,7494,Ikbal Mani,52,9,6,4,2
7495,7495,Sachi Bhavsar,27,5,1,3,1
7496,7496,Jonathan Koshy,53,7,1,1,2
7497,7497,Udant Badami,40,3,2,2,2
7498,7498,Theodore Lanka,53,3,2,1,2
7499,7499,Bimala Luthra,53,4,1,3,2
7500,7500,Fitan Gandhi,61,4,1,7,1
7501,7501,Fariq Bir,41,4,1,6,1
7502,7502,Nirja Sankaran,70,8,1,5,1
7503,7503,Ekiya Soni,31,6,1,5,1
7504,7504,Yatan Bhavsar,35,8,1,3,1
7505,7505,Omkaar Wali,54,8,1,6,2
7506,7506,Ekbal Narula,62,4,6,6,1
7507,7507,Hiral Apte,35,9,1,5,1
7508,7508,Inaya Bhatti,19,5,1,3,2
7509,7509,Caleb Goyal,24,6,1,4,1
7510,7510,Samarth Suresh,69,1,2,6,1
7511,7511,Abha Kumar,21,4,5,1,2
7512,7512,Krish Jani,60,6,1,3,1
7513,7513,Dakshesh Vyas,38,6,1,7,2
7514,7514,Kavya Nagarajan,25,7,1,3,2
7515,7515,Abhiram Dara,36,8,1,5,1
7516,7516,Dominic Prabhu,19,6,1,6,1
7517,7517,Nathan Karnik,18,3,1,7,2
7518,7518,Zarna Soni,65,9,1,6,2
7519,7519,Gagan Rajan,30,7,1,3,1
7520,7520,Kiaan Varma,61,1,1,3,2
7521,7521,Gautam Verma,34,7,1,3,1
7522,7522,Daniel Kara,29,1,5,3,1
7523,7523,Eshana Cheema,21,7,1,4,2
7524,7524,Chandran Kota,49,1,1,4,1
7525,7525,Tejas Mukherjee,64,9,3,5,2
7526,7526,Reva Thaker,61,9,1,4,2
7527,7527,Divya Arya,52,5,1,6,1
7528,7528,Reva Ravel,68,1,2,6,2
7529,7529,Alexander Chanda,44,4,1,2,1
7530,7530,Abha Sachdeva,39,4,1,2,2
7531,7531,Chandresh Palan,35,7,1,2,1
7532,7532,Chandran Taneja,55,6,1,2,1
7533,7533,Gauri Bhavsar,42,7,1,1,1
7534,7534,Imaran Dua,71,4,4,1,2
7535,7535,Anita Lala,36,6,3,4,2
7536,7536,Warjas Ganguly,37,4,2,4,1
7537,7537,Aahana Puri,32,3,3,4,2
7538,7538,Theodore Varma,59,1,1,6,1
7539,7539,Farhan Savant,32,7,3,1,2
7540,7540,Hamsini Nair,56,1,1,5,1
7541,7541,Bahadurjit Krishnamurthy,62,9,6,7,2
7542,7542,Isha Kala,21,3,1,5,1
7543,7543,Yashasvi Shankar,63,7,1,1,1
7544,7544,Victor Gade,31,9,1,6,2
7545,7545,Devansh Brar,50,6,1,7,2
7546,7546,Sai Chana,31,9,3,3,1
7547,7547,Urvi Iyer,23,3,6,3,2
7548,7548,Sathvik Buch,40,7,3,3,2
7549,7549,Jackson Tata,51,3,1,5,1
7550,7550,Kabir Pal,48,2,1,5,2
7551,7551,Ekansh Devan,74,6,5,5,2
7552,7552,Gaurangi Pingle,21,4,5,2,1
7553,7553,Eiravati Chacko,71,1,1,1,1
7554,7554,Yagnesh Keer,62,4,1,5,1
7555,7555,Rehaan Hari,31,5,3,7,1
7556,7556,Panini Mohan,19,9,1,4,1
7557,7557,Omkaar Ahuja,22,9,1,3,1
7558,7558,Varenya Rajan,38,1,1,3,1
7559,7559,Mitali Tak,37,9,1,7,1
7560,7560,Jalsa Mutti,66,1,1,5,1
7561,7561,Dayita Amble,46,7,1,7,2
7562,7562,Amaira Natarajan,56,1,1,1,1
7563,7563,Jeevika Khalsa,59,1,1,2,1
7564,7564,Indira Dubey,26,9,1,2,1
7565,7565,Timothy Deshpande,25,7,6,1,2
7566,7566,Garima Hegde,18,3,6,1,2
7567,7567,Anmol Raghavan,66,3,4,6,1
7568,7568,Farhan Lad,31,2,1,4,2
7569,7569,Warda Barman,52,8,3,5,1
7570,7570,Ekaja Arora,29,5,1,7,1
7571,7571,Jeevika Pandit,68,7,1,5,2
7572,7572,Arin Mangat,68,4,1,2,2
7573,7573,Eiravati Salvi,36,5,4,3,2
7574,7574,Ayush Bhardwaj,57,9,2,3,2
7575,7575,Vaishnavi Chand,18,2,1,4,2
7576,7576,Lajita Mallick,50,4,2,4,2
7577,7577,Jack Lad,42,9,1,2,2
7578,7578,Harsh Gokhale,53,4,1,7,2
7579,7579,Urmi Deo,30,4,1,7,1
7580,7580,Dhruv Bhatti,73,5,5,7,2
7581,7581,Bachittar Khatri,48,9,3,7,1
7582,7582,Arjun Dubey,25,9,1,4,1
7583,7583,Tara Lala,68,8,5,3,1
7584,7584,Samuel Khanna,19,1,1,1,1
7585,7585,Jalsa Sarna,74,2,5,4,1
7586,7586,Radha Gokhale,35,4,2,5,1
7587,7587,Ishanvi Bawa,52,3,1,1,2
7588,7588,Falguni Babu,68,7,3,2,1
7589,7589,Azad Choudhary,52,4,1,6,1
7590,7590,Vinaya Lala,65,2,4,5,2
7591,7591,Xavier Grewal,23,5,3,7,1
7592,7592,Dalbir Nagar,74,5,1,6,1
7593,7593,Maanas Sur,67,7,2,1,2
7594,7594,Balendra Kashyap,73,3,1,5,2
7595,7595,Bhavini Chakrabarti,65,2,2,6,2
7596,7596,Janani Pandya,51,4,7,4,2
7597,7597,Agastya Upadhyay,31,6,1,2,1
7598,7598,Nitara Sheth,26,6,2,3,1
7599,7599,Ekapad Raj,65,6,1,5,1
7600,7600,Vidhi Seth,47,2,3,6,1
7601,7601,Chaitaly Sengupta,23,1,1,3,1
7602,7602,Balendra Suri,32,1,1,5,1
7603,7603,Lopa Hari,53,2,5,4,2
7604,7604,Siddharth D’Alia,54,5,1,4,1
7605,7605,Darika Raju,31,7,3,5,1
7606,7606,Ekaraj Bhandari,61,8,1,3,2
7607,7607,Upadhriti Manda,64,7,6,7,1
7608,7608,Zinal Bhatnagar,56,4,1,5,1
7609,7609,Omisha Bajaj,30,2,6,7,2
7610,7610,Viraj Salvi,66,5,2,4,2
7611,7611,Divya Desai,28,2,4,1,1
7612,7612,Warjas Kamdar,30,6,1,2,1
7613,7613,Chanchal Wagle,73,5,1,7,1
7614,7614,Deepa Acharya,37,8,6,6,1
7615,7615,Jhalak Amble,26,2,1,4,1
7616,7616,Urishilla Krishnan,25,9,1,2,1
7617,7617,Hemani Prashad,49,9,1,7,1
7618,7618,Omya Swamy,69,1,7,5,2
7619,7619,Aradhana Raman,74,6,1,4,2
7620,7620,Darpan Babu,20,4,1,2,1
7621,7621,Kritika Menon,21,9,1,3,1
7622,7622,Yochana Reddy,63,9,2,6,1
7623,7623,Isaac Arora,58,7,1,6,1
7624,7624,Dominic Balasubramanian,51,6,6,4,1
7625,7625,Aayush Lall,18,7,1,2,2
7626,7626,Pahal Rau,19,7,1,1,2
7627,7627,Hredhaan Sarraf,41,1,3,7,2
7628,7628,Advika Sawhney,64,9,1,2,2
7629,7629,Nidhi Swamy,40,8,1,4,2
7630,7630,Qarin Singh,47,2,1,3,2
7631,7631,Tanay Mand,45,9,1,6,1
7632,7632,Shivani Gera,61,9,7,6,1
7633,7633,Yashoda Ramachandran,60,9,4,1,1
7634,7634,Zilmil Krishnan,35,6,1,2,1
7635,7635,Siya Badal,68,1,2,1,1
7636,7636,Arya Mody,18,4,1,7,1
7637,7637,Jack Prakash,70,7,1,7,2
7638,7638,Akshay Raghavan,74,7,1,4,1
7639,7639,Leena Bera,37,4,1,3,1
7640,7640,Omkaar Purohit,51,2,3,3,1
7641,7641,Devika Menon,47,7,2,3,1
7642,7642,Rajata Dhar,41,6,5,1,1
7643,7643,Ikshita Rajan,46,3,1,7,1
7644,7644,Chanchal Kumer,44,2,1,1,2
7645,7645,Naksh Gupta,47,4,3,5,1
7646,7646,Raagini Kara,31,6,3,3,1
7647,7647,Vasatika Rana,73,9,1,3,2
7648,7648,Meghana Deol,37,1,1,3,2
7649,7649,Jack Kapoor,30,1,3,6,2
7650,7650,Abhiram Sidhu,38,5,3,1,2
7651,7651,Jairaj Mahajan,31,5,2,3,2
7652,7652,Waida Atwal,50,4,1,6,2
7653,7653,Gaurang Banerjee,31,1,1,6,1
7654,7654,Isha Sen,50,6,1,1,2
7655,7655,Agastya Wason,72,4,1,1,1
7656,7656,Lipika Varkey,68,8,5,6,1
7657,7657,Nilima Deshpande,30,2,1,5,2
7658,7658,Samarth Randhawa,45,7,1,3,1
7659,7659,Aahana Sibal,69,9,7,4,2
7660,7660,Harini Chaudhry,33,1,1,5,1
7661,7661,Vidhi Bajaj,72,3,3,4,2
7662,7662,Madhavi Rana,54,8,3,6,1
7663,7663,Ishani Kuruvilla,43,5,2,7,2
7664,7664,Zehaan Chander,29,8,1,7,1
7665,7665,Laban Narayan,60,7,1,1,2
7666,7666,Peter Trivedi,60,4,3,5,1
7667,7667,Aarav Ramaswamy,68,2,5,1,2
7668,7668,Elijah Chada,21,7,2,1,1
7669,7669,Lakshit Vyas,60,1,2,4,1
7670,7670,Yatan Chakraborty,61,7,7,3,2
7671,7671,Ekapad Kari,21,3,5,6,1
7672,7672,Meghana Sane,64,5,2,4,2
7673,7673,Fariq Apte,58,2,1,1,1
7674,7674,Mohammed Batta,48,5,6,1,1
7675,7675,Kiaan Manda,68,2,1,5,1
7676,7676,Panini Pall,53,8,6,6,1
7677,7677,Ojas Agarwal,75,6,1,7,2
7678,7678,Raksha Saini,56,4,2,7,2
7679,7679,Rajeshri Bobal,61,3,1,3,1
7680,7680,Yasti Naik,23,2,1,5,2
7681,7681,George Parsa,22,9,2,1,1
7682,7682,Tripti Bhavsar,24,6,1,1,1
7683,7683,Pushti Srinivasan,51,7,5,4,1
7684,7684,Dalaja Sodhi,61,4,1,2,1
7685,7685,Ekapad Shan,58,5,7,3,1
7686,7686,Chasmum Parmar,52,4,1,1,2
7687,7687,Chatresh Bhardwaj,28,7,1,1,1
7688,7688,Wyatt Chand,74,7,5,4,2
7689,7689,Triya Korpal,70,1,1,7,1
7690,7690,Chandresh Kannan,35,7,4,7,1
7691,7691,Yuvraj Chaudhary,28,7,1,5,1
7692,7692,Charles Nigam,52,9,2,5,1
7693,7693,Kai Patla,55,7,3,6,2
7694,7694,Chaitanya Bail,72,9,1,3,1
7695,7695,Lakshit Rout,51,9,1,4,1
7696,7696,Isaac Malhotra,51,5,1,6,2
7697,7697,Aarna Khare,46,8,2,2,1
7698,7698,Vritti Sangha,69,8,5,3,1
7699,7699,Amara Bava,32,6,1,2,1
7700,7700,Urvi Gaba,51,5,3,2,1
7701,7701,Oliver Jayaraman,68,2,3,2,1
7702,7702,Chandani Sahni,46,8,1,6,1
7703,7703,Alka Chaudhary,53,7,5,7,1
7704,7704,Champak Sule,44,5,1,5,2
7705,7705,Neelima Iyer,44,1,5,4,2
7706,7706,Meera Varkey,48,5,2,7,2
7707,7707,Teerth Walla,72,5,1,6,2
7708,7708,Zansi Kalla,69,7,1,4,1
7709,7709,Vrishti Shah,36,4,4,2,1
7710,7710,Chaitanya Goel,34,7,1,1,1
7711,7711,Anay Saini,74,3,2,1,1
7712,7712,Vamakshi Pau,55,8,3,3,1
7713,7713,Brinda Dhingra,71,4,1,1,2
7714,7714,Vansha Saha,48,4,7,2,1
7715,7715,Leena Karan,59,6,5,2,1
7716,7716,Ucchal Sarma,51,4,2,3,1
7717,7717,Ekiya Rajagopal,31,6,1,1,2
7718,7718,Pavani Jain,52,2,3,2,2
7719,7719,Ekansh Luthra,43,2,1,7,1
7720,7720,Dhruv Bose,19,6,1,6,1
7721,7721,Januja Saini,36,5,1,1,2
7722,7722,Warhi Acharya,58,8,1,5,1
7723,7723,Mugdha Kaur,38,3,5,6,1
7724,7724,Pranit Shan,43,8,2,4,2
7725,7725,Xavier Cheema,55,1,1,6,2
7726,7726,Hema Dara,66,6,2,5,1
7727,7727,Raagini Kota,43,1,5,2,1
7728,7728,Frado Swamy,29,5,5,4,1
7729,7729,Unnati Narang,28,9,1,2,2
7730,7730,Jeremiah Doshi,71,2,1,7,1
7731,7731,Omya Bala,54,5,1,2,1
7732,7732,Charles Ghosh,71,9,1,5,1
7733,7733,Chasmum Goel,56,1,4,5,1
7734,7734,Samesh Chand,38,2,3,2,2
7735,7735,Yashica Venkataraman,32,2,1,1,2
7736,7736,Owen Sen,39,2,1,7,2
7737,7737,Wyatt Prashad,38,8,3,4,1
7738,7738,Baljiwan Rai,34,2,1,3,2
7739,7739,Rayaan Chauhan,30,1,1,7,1
7740,7740,Girindra Tata,41,1,1,7,2
7741,7741,Daksha Hayer,74,9,2,1,1
7742,7742,Rajeshri Rattan,33,4,1,3,1
7743,7743,Tarak Walla,23,7,2,5,2
7744,7744,Hiral Johal,63,9,1,5,1
7745,7745,Triveni Jaggi,51,1,3,1,1
7746,7746,Panini Rajagopalan,41,1,1,6,1
7747,7747,Yochana Lala,19,4,1,5,1
7748,7748,Ryan Rattan,50,5,1,5,2
7749,7749,Aahana Oza,62,1,3,2,1
7750,7750,Sai Murty,44,3,1,3,1
7751,7751,Manya Shankar,54,1,1,1,1
7752,7752,Mitesh Bora,35,7,1,2,1
7753,7753,Thomas Sem,45,1,3,1,1
7754,7754,Diya Kapadia,26,9,1,7,1
7755,7755,Parth Nazareth,55,2,1,4,2
7756,7756,Libni Khare,69,1,3,6,1
7757,7757,Chavvi Mangat,39,8,1,1,1
7758,7758,Amrita De,32,4,6,4,2
7759,7759,Ikshita Tara,36,8,4,6,1
7760,7760,Gaurangi Khurana,35,2,1,3,1
7761,7761,Chanakya Nagi,29,6,1,6,1
7762,7762,Vedika Sur,45,5,1,5,1
7763,7763,Maanas Bhasin,22,4,3,5,1
7764,7764,Ayush Ghosh,21,8,1,5,1
7765,7765,Charan Chaudry,75,7,1,7,2
7766,7766,Pallavi Kamdar,28,4,2,1,1
7767,7767,Ekani Dixit,69,4,2,6,2
7768,7768,Vansha Srinivas,28,7,2,5,2
7769,7769,Saumya Nagy,34,5,4,1,1
7770,7770,Chaitaly Srinivasan,60,2,1,4,1
7771,7771,Saksham Shukla,58,1,1,6,2
7772,7772,Samuel Issac,42,1,1,5,2
7773,7773,Tara Balasubramanian,29,9,3,7,1
7774,7774,Falan Chaudhry,51,7,1,7,2
7775,7775,Daniel Patla,71,3,2,1,1
7776,7776,Anirudh Bhatt,33,8,2,5,1
7777,7777,Gaurangi Sankaran,19,4,2,4,2
7778,7778,Hritik Shan,38,9,5,4,2
7779,7779,Sanaya Sawhney,31,6,1,7,2
7780,7780,Bachittar Shan,18,4,1,2,1
7781,7781,Vasatika Kuruvilla,57,4,4,3,1
7782,7782,Jagvi Ghosh,68,5,3,4,2
7783,7783,Oeshi Chander,54,1,2,5,1
7784,7784,Ryan Tandon,66,5,1,5,1
7785,7785,Ekantika Dixit,25,2,1,3,2
7786,7786,Kabir Bedi,22,2,1,7,2
7787,7787,Harish Rajagopal,30,6,3,3,2
7788,7788,Quincy Buch,52,1,1,3,1
7789,7789,Kalpit Magar,70,1,1,3,2
7790,7790,Ladli Hegde,53,5,1,2,1
7791,7791,Anika Pillay,62,9,4,2,1
7792,7792,Kala Bali,33,3,7,4,2
7793,7793,Rachita Sem,62,5,1,2,1
7794,7794,Michael Barad,28,4,1,5,2
7795,7795,Ronith Shanker,37,2,1,6,1
7796,7796,Adweta Wason,73,2,2,2,1
7797,7797,Samaksh Walia,55,5,4,7,2
7798,7798,Tanish Chanda,71,6,1,6,1
7799,7799,Elijah Murty,62,8,1,7,1
7800,7800,Charita Sem,29,5,2,5,1
7801,7801,Maya Salvi,65,8,1,3,2
7802,7802,Rajata Nori,73,8,1,7,1
7803,7803,Yutika Chandra,33,7,1,6,1
7804,7804,Utkarsh Murthy,43,8,3,7,2
7805,7805,Chandresh Banerjee,60,8,1,7,2
7806,7806,Tristan Parmer,36,6,2,3,2
7807,7807,Anita Bhatnagar,19,6,1,7,1
7808,7808,Yashoda Bhavsar,72,9,1,2,2
7809,7809,Ikbal Dhar,34,5,1,5,2
7810,7810,Vamakshi Shenoy,29,2,1,7,2
7811,7811,Gautam Setty,30,4,1,1,2
7812,7812,Yasti Swamy,45,3,2,5,2
7813,7813,Aishani Subramaniam,33,7,1,1,2
7814,7814,Anjali Ramaswamy,58,1,1,1,1
7815,7815,Urishilla Gulati,29,8,1,6,1
7816,7816,Ekani Das,67,5,7,5,1
7817,7817,Aarnav Chokshi,52,5,1,3,2
7818,7818,Panini Salvi,65,5,1,4,1
7819,7819,Benjamin Dass,55,3,6,3,1
7820,7820,Jeevika Subramanian,41,6,1,5,2
7821,7821,Oliver Kibe,37,9,2,1,1
7822,7822,Chandani Bose,71,2,1,1,1
7823,7823,Yatan Agrawal,74,8,1,6,2
7824,7824,Anita Badami,57,6,2,1,2
7825,7825,Karan Atwal,47,9,1,6,1
7826,7826,Dalbir Bali,36,9,6,5,2
7827,7827,Qasim Som,55,3,1,7,2
7828,7828,Siddharth Vig,64,9,1,2,1
7829,7829,Teerth Dar,29,2,7,2,2
7830,7830,Charita Setty,66,3,5,5,1
7831,7831,Meghana Deshpande,51,4,2,2,1
7832,7832,Hiral Warrior,68,8,1,5,2
7833,7833,Brijesh Lanka,38,9,2,7,1
7834,7834,Yuvraj Dalal,30,3,7,4,2
7835,7835,Upma Ganesh,57,7,1,4,1
7836,7836,Eta Walla,26,1,2,3,2
7837,7837,Jhalak Palla,21,7,6,7,2
7838,7838,Hamsini Mall,58,6,1,3,2
7839,7839,Rajeshri Narang,60,2,1,5,1
7840,7840,Samar Subramaniam,50,6,1,4,2
7841,7841,Ucchal Manne,75,9,4,1,2
7842,7842,Bina Pau,38,5,1,7,2
7843,7843,Anamika Randhawa,36,4,3,4,1
7844,7844,Daksh Walia,18,2,3,4,1
7845,7845,Ekavir Goyal,48,4,2,1,2
7846,7846,Harrison Bava,31,7,7,7,2
7847,7847,Devika Golla,60,6,1,6,2
7848,7848,Sudiksha Dutta,69,3,3,4,2
7849,7849,Bhavna Thakkar,40,2,3,6,2
7850,7850,Vaishnavi Naidu,53,5,7,2,2
7851,7851,Avni Sahota,24,6,2,7,1
7852,7852,Yashodhara Raman,20,1,2,4,1
7853,7853,Alka Bhardwaj,66,5,1,7,1
7854,7854,Joshua Tata,24,1,1,2,1
7855,7855,Kevin Chandra,26,7,2,1,1
7856,7856,Tanvi Vasa,42,8,4,6,2
7857,7857,Jason Mandal,27,3,1,2,1
7858,7858,Yamini Varghese,52,4,1,6,1
7859,7859,Liam Gulati,24,3,3,5,1
7860,7860,Hritik Rama,43,9,1,5,1
7861,7861,Hemang Barad,46,8,1,7,1
7862,7862,Victor Desai,33,8,3,3,2
7863,7863,Neelima Lal,63,6,2,2,1
7864,7864,Hritik Upadhyay,55,2,6,6,1
7865,7865,Ranbir Upadhyay,75,9,5,7,1
7866,7866,Aarav Dugal,49,7,1,2,1
7867,7867,Urishilla Cherian,47,3,4,5,2
7868,7868,Anthony Sekhon,54,3,1,2,1
7869,7869,Zashil Narayanan,19,4,1,4,1
7870,7870,Hemal Wadhwa,50,5,5,1,2
7871,7871,Qabil Malhotra,59,2,2,1,2
7872,7872,Pallavi Dhillon,33,4,4,5,1
7873,7873,Zinal Goda,29,4,3,6,1
7874,7874,Umang Vig,27,3,1,1,2
7875,7875,Qabil Mitra,59,4,5,5,2
7876,7876,Indrajit Kurian,75,1,1,1,1
7877,7877,Samarth Sarna,35,8,1,7,2
7878,7878,Zansi Tara,23,2,1,3,2
7879,7879,Fitan Grover,73,3,7,3,1
7880,7880,Viraj More,71,1,5,6,2
7881,7881,Bhanumati Borde,71,5,1,1,2
7882,7882,Avni Contractor,35,7,1,6,1
7883,7883,Naksh Kanda,31,5,3,6,1
7884,7884,Joshua Parikh,22,5,1,2,1
7885,7885,Anmol Dugar,64,1,1,2,2
7886,7886,Bina Mitter,31,9,1,7,2
7887,7887,Bakhshi Mitra,63,3,2,2,2
7888,7888,Chanchal Vaidya,74,3,3,7,2
7889,7889,Dalaja Chokshi,59,8,1,3,2
7890,7890,Tanveer Nadkarni,42,8,5,5,2
7891,7891,Yamini Ranganathan,70,2,2,2,2
7892,7892,Ekansh Swamy,44,9,1,4,2
7893,7893,Aarini Bava,61,3,1,2,1
7894,7894,Daksha Dugar,23,7,1,1,1
7895,7895,Lajita Brahmbhatt,64,4,1,3,2
7896,7896,Hiral Bansal,26,7,2,3,2
7897,7897,Devika Bumb,52,5,1,6,2
7898,7898,Yachana Narayan,62,6,1,6,1
7899,7899,Edhitha Kanda,71,6,1,2,1
7900,7900,Brinda Mukherjee,21,1,1,6,2
7901,7901,Tanay Handa,65,1,4,2,2
7902,7902,Warda Kalita,65,4,7,3,1
7903,7903,Yachana Morar,28,9,1,2,1
7904,7904,Guneet Dasgupta,27,4,1,6,1
7905,7905,Gopal Suri,43,4,1,6,1
7906,7906,Oscar Shetty,73,5,1,6,1
7907,7907,Chandresh Nagarajan,65,5,3,7,2
7908,7908,Nitara Sastry,66,5,1,2,2
7909,7909,Gautami Comar,64,5,3,7,2
7910,7910,Omaja Sinha,64,8,1,7,2
7911,7911,Ishani Brahmbhatt,49,2,6,1,1
7912,7912,Udyati Goswami,68,4,1,2,2
7913,7913,Aryan Badal,46,8,1,3,2
7914,7914,Alexander Vora,38,7,1,4,2
7915,7915,Gunbir Om,57,6,2,7,1
7916,7916,Nimrat Joshi,71,1,1,1,2
7917,7917,Kavya Mall,26,8,1,3,2
7918,7918,Tanveer Pillay,30,1,1,3,2
7919,7919,Ekanta Parsa,71,8,1,5,2
7920,7920,Reva Butala,28,2,2,6,1
7921,7921,Jonathan Bedi,55,8,5,7,2
7922,7922,Anika Rao,36,7,6,1,1
7923,7923,Yoshita Dhar,42,8,2,3,2
7924,7924,Ekaja Baral,52,8,1,1,2
7925,7925,Bimala Kothari,32,6,4,3,2
7926,7926,Triya Deshmukh,62,6,1,2,2
7927,7927,Anthony Mukhopadhyay,49,7,1,1,2
7928,7928,Rachita Varty,40,5,2,4,2
7929,7929,Pranit Bansal,49,7,2,6,1
7930,7930,Panini Tata,22,6,4,5,1
7931,7931,Samaksh Yogi,32,4,1,1,1
7932,7932,Widisha Mani,37,2,1,6,2
7933,7933,Onkar Lad,68,9,3,4,1
7934,7934,Devika Mand,46,9,4,5,1
7935,7935,Manya Bora,32,4,1,7,1
7936,7936,Chakradhar Bose,46,3,5,6,2
7937,7937,Jeevika Radhakrishnan,60,8,1,4,1
7938,7938,Ishwar Deo,34,4,4,1,1
7939,7939,Jeremiah Radhakrishnan,39,6,1,7,1
7940,7940,Chanchal Goel,32,1,1,3,1
7941,7941,Sarthak Parmar,52,4,3,4,1
7942,7942,Azaan Chahal,34,7,2,2,2
7943,7943,Meghana Aggarwal,26,2,1,5,1
7944,7944,Darpan Varghese,53,7,1,4,2
7945,7945,Ira Mandal,22,8,3,2,2
7946,7946,Maanas Pillai,42,3,1,7,2
7947,7947,Dalaja Gandhi,23,2,7,1,2
7948,7948,Zayyan Buch,69,2,1,2,1
7949,7949,Kevin Ahluwalia,45,7,7,7,2
7950,7950,Tanmayi Dass,31,5,1,6,1
7951,7951,Hardik Wason,47,9,1,6,2
7952,7952,Oscar Kanda,44,4,1,4,2
7953,7953,Megha Shere,46,3,2,3,1
7954,7954,Amruta Sathe,64,6,1,4,2
7955,7955,Ishani Sachdeva,42,4,3,1,1
7956,7956,Timothy Badami,50,8,3,2,1
7957,7957,Raksha Thakur,65,7,6,4,2
7958,7958,Oni Bhagat,19,8,1,3,2
7959,7959,Sai Konda,67,2,1,1,2
7960,7960,Jeremiah Garg,61,2,4,6,1
7961,7961,Nitara Pandey,52,1,1,4,2
7962,7962,Bhavika Parikh,37,6,1,2,1
7963,7963,Aarna Issac,45,2,2,1,1
7964,7964,Ekbal Oak,61,9,1,4,2
7965,7965,Siya Dani,21,5,3,3,2
7966,7966,Mohini Naik,60,2,2,7,2
7967,7967,Sneha De,68,4,3,4,1
7968,7968,Nitara Jha,75,8,1,1,1
7969,7969,Vasana Gera,36,5,3,3,2
7970,7970,Amrita Mishra,32,3,3,5,2
7971,7971,Zinal Bains,53,5,6,5,2
7972,7972,Dalaja Dixit,40,4,3,1,1
7973,7973,Quincy Divan,23,2,2,5,2
7974,7974,Vidhi Mishra,62,8,1,4,2
7975,7975,Aradhana Batra,28,1,2,2,1
7976,7976,Yamini Sem,56,5,5,2,1
7977,7977,Amaira Bali,20,7,4,3,1
7978,7978,Simon Nagarajan,49,5,1,2,1
7979,7979,Naveen Sahni,62,8,1,1,2
7980,7980,Ekanta Khare,66,2,2,2,1
7981,7981,Kamala Sibal,19,5,5,6,1
7982,7982,Aarnav Mittal,30,3,7,6,1
7983,7983,Isha Mahal,69,7,1,3,1
7984,7984,Meera Kunda,65,8,1,1,2
7985,7985,Amruta Rai,27,6,6,6,2
7986,7986,Libni Prashad,41,7,1,7,1
7987,7987,Neelima Apte,56,4,1,5,1
7988,7988,Aadi Rajagopal,53,8,1,1,2
7989,7989,Abdul Sunder,58,2,1,4,2
7990,7990,Diya Borde,55,9,1,2,2
7991,7991,Abha De,28,7,3,5,2
7992,7992,Hamsini Banerjee,55,4,1,2,2
7993,7993,Gaurav Gupta,19,1,3,3,2
7994,7994,Vyanjana Gera,57,9,1,4,2
7995,7995,Robert Kapadia,59,2,5,2,2
7996,7996,Niharika De,50,2,4,2,1
7997,7997,Charita Kala,75,8,5,4,2
7998,7998,Anirudh Dalal,34,7,1,6,1
7999,7999,Zarna Rama,20,2,1,5,1
8000,8000,Nitara Lad,38,2,1,2,2
8001,8001,Madhav Varma,44,5,5,5,1
8002,8002,Parth Kota,63,2,1,4,2
8003,8003,Zansi Pant,38,3,1,2,1
8004,8004,Samar Nagi,42,2,1,5,1
8005,8005,Balhaar Konda,72,1,1,3,2
8006,8006,Imaran Sengupta,62,1,1,1,1
8007,8007,Gaurav Vora,58,4,1,3,1
8008,8008,Anjali Bakshi,42,6,1,1,2
8009,8009,Gaurang Som,66,5,1,6,2
8010,8010,Lohit Oza,70,5,1,3,1
8011,8011,Vasatika Sachar,62,9,3,3,1
8012,8012,Reva Solanki,29,2,3,5,2
8013,8013,Sneha Khurana,44,8,5,4,1
8014,8014,Arjun Borah,64,3,2,3,1
8015,8015,Darika Chaudhary,45,4,4,6,2
8016,8016,Jalsa Ganesh,52,6,2,2,2
8017,8017,Dhruv Patla,26,6,2,1,1
8018,8018,Darpan Sekhon,38,4,7,4,2
8019,8019,Jacob Deo,74,5,1,3,1
8020,8020,Samuel Solanki,51,3,1,4,1
8021,8021,Patrick Thaman,33,2,6,5,1
8022,8022,Onkar Raghavan,41,2,3,6,2
8023,8023,Kashvi Pandit,74,7,5,4,2
8024,8024,Balvan Bala,63,7,1,2,2
8025,8025,Ridhi Gara,24,8,4,4,1
8026,8026,Charvi Balakrishnan,39,5,1,6,1
8027,8027,Idika Basu,36,8,1,7,2
8028,8028,Victor Andra,56,3,6,5,2
8029,8029,Jhalak Karnik,47,4,6,2,1
8030,8030,Megha Kapur,75,9,2,2,1
8031,8031,Yasti Aggarwal,58,6,1,4,2
8032,8032,Dominic Kala,48,5,2,3,2
8033,8033,Vasatika Balay,40,5,6,1,2
8034,8034,Jagrati Rao,45,5,1,7,2
8035,8035,Isaac Bhat,20,7,1,1,2
8036,8036,Suhani Pillai,60,1,1,7,1
8037,8037,Harrison Gera,22,3,1,3,1
8038,8038,Jalsa Kunda,46,1,2,5,1
8039,8039,Jhalak Sibal,56,3,1,1,2
8040,8040,Ladli Rama,62,8,1,4,1
8041,8041,Siddharth Chaudhuri,68,1,5,3,2
8042,8042,Daksha Din,72,2,2,2,1
8043,8043,Nicholas Bajaj,62,1,5,4,2
8044,8044,Jonathan Baral,23,9,2,3,2
8045,8045,Vasudha Sarraf,22,5,1,2,2
8046,8046,Harita Chaudhari,38,2,1,4,2
8047,8047,Krishna Raja,48,1,1,6,2
8048,8048,Azaan Bora,38,1,7,1,2
8049,8049,Indali Gill,24,7,1,4,1
8050,8050,Zarna Kara,42,3,2,5,2
8051,8051,Kala Ratta,74,1,3,5,1
8052,8052,Yutika Atwal,24,8,1,4,1
8053,8053,Vincent Bhat,48,8,1,5,2
8054,8054,Aditya Garde,30,7,1,3,2
8055,8055,Dhruv Reddy,22,3,1,4,1
8056,8056,Omisha Sarna,19,2,2,6,1
8057,8057,Kevin Kota,63,3,1,3,1
8058,8058,Mitali Goyal,26,9,4,5,2
8059,8059,William Ganesan,44,3,3,7,2
8060,8060,Rachana Lad,63,5,1,4,2
8061,8061,Gopal Kapoor,36,8,1,3,1
8062,8062,Amara Dua,22,7,1,6,2
8063,8063,Devansh Raghavan,40,3,3,2,1
8064,8064,Nathan Merchant,67,5,5,1,1
8065,8065,Devika Jha,51,6,3,3,2
8066,8066,Tanay Singhal,20,7,1,5,2
8067,8067,Tanmayi Lad,47,8,7,6,1
8068,8068,Ridhi Viswanathan,19,7,7,1,2
8069,8069,Vincent Sethi,52,7,1,6,2
8070,8070,Maanas Raman,55,8,1,5,2
8071,8071,Vritti Venkataraman,71,5,1,3,2
8072,8072,Chandran Dada,68,5,4,1,1
8073,8073,Vasatika Luthra,18,3,1,1,1
8074,8074,Logan Deshmukh,57,8,1,4,2
8075,8075,Ishwar Prabhu,34,3,3,7,1
8076,8076,Darpan Mallick,32,3,3,2,1
8077,8077,Yutika Luthra,34,5,1,6,1
8078,8078,Pooja Raja,43,9,6,1,2
8079,8079,Wridesh Subramaniam,61,4,5,4,1
8080,8080,Sanaya Bora,39,3,3,4,1
8081,8081,Anusha Parikh,73,1,2,4,2
8082,8082,Lajita Singh,36,3,4,6,2
8083,8083,Girik Karan,26,1,7,6,1
8084,8084,Omkaar Jain,67,7,4,4,2
8085,8085,Unni Bhatti,71,8,1,3,1
8086,8086,Eta Parsa,33,5,6,1,1
8087,8087,Yamini Prashad,25,1,7,6,2
8088,8088,Neha Seshadri,64,2,1,6,1
8089,8089,Pahal Sem,30,2,2,4,1
8090,8090,Tripti Pandya,60,1,2,1,2
8091,8091,Nitesh D’Alia,72,4,1,6,2
8092,8092,Ekavir Bir,49,2,2,3,1
8093,8093,Faris Sem,59,9,2,2,2
8094,8094,Anita Tara,57,6,1,6,1
8095,8095,Vincent Karan,73,4,3,5,2
8096,8096,Mason Suri,59,1,3,6,1
8097,8097,Bhanumati Hegde,62,7,1,4,2
8098,8098,Chakrika Balay,44,3,3,5,2
8099,8099,Bimala Goyal,51,9,2,2,2
8100,8100,Keya Khanna,30,3,2,4,1
8101,8101,Lakshmi Ram,38,8,1,3,1
8102,8102,Charles Bera,31,5,2,1,1
8103,8103,Frado Lad,57,5,1,7,2
8104,8104,Pratyush Wali,35,6,2,7,2
8105,8105,Nirja Nagar,73,4,1,6,2
8106,8106,Bhavini Barad,75,8,1,4,2
8107,8107,Unni Narayanan,44,3,1,2,2
8108,8108,Mohini Murty,48,8,1,1,1
8109,8109,Upkaar Bhagat,37,7,1,5,1
8110,8110,Rayaan Gera,60,4,2,5,2
8111,8111,Nidhi Wali,28,1,2,3,2
8112,8112,Qadim Natarajan,75,5,1,6,1
8113,8113,Jonathan Baral,56,8,1,4,2
8114,8114,Avi Devi,57,6,1,2,1
8115,8115,Amara Sinha,57,6,1,3,2
8116,8116,Lajita Trivedi,73,4,2,2,2
8117,8117,Adweta Kalita,54,2,1,1,1
8118,8118,Adweta Chopra,43,5,3,3,2
8119,8119,Logan Setty,40,4,2,7,2
8120,8120,Anvi Dyal,37,6,1,1,1
8121,8121,Ikshita Bath,74,8,1,5,2
8122,8122,Ekapad Divan,33,5,1,2,1
8123,8123,Waida Talwar,49,4,1,2,2
8124,8124,Dalaja Patil,68,7,7,5,2
8125,8125,Rehaan Divan,70,8,1,6,2
8126,8126,Bhavna Zacharia,49,4,5,4,2
8127,8127,Dalaja Nagy,37,2,7,3,1
8128,8128,Liam Ratta,35,3,7,3,2
8129,8129,Luke Subramaniam,52,3,6,6,1
8130,8130,Mugdha Keer,56,7,4,5,2
8131,8131,Zilmil Subramanian,46,4,1,3,2
8132,8132,Ayush Ratta,40,1,1,1,1
8133,8133,Qushi Chadha,57,3,1,1,1
8134,8134,Imaran Lal,66,3,3,4,1
8135,8135,Jyoti Contractor,68,2,2,1,2
8136,8136,Daksha Ravel,48,8,7,5,1
8137,8137,Peter Krishna,63,5,6,4,2
8138,8138,Dominic Patel,75,1,2,2,1
8139,8139,Shaurya Grewal,38,8,3,4,1
8140,8140,Widisha Dhar,27,6,2,3,2
8141,8141,Umang Sethi,28,8,3,1,1
8142,8142,Aishani Bhatt,34,6,1,6,1
8143,8143,Adweta Datta,73,2,1,2,2
8144,8144,Kashvi Dutt,38,1,1,2,2
8145,8145,Kavya Sharaf,37,1,1,6,1
8146,8146,Kashish Doshi,49,6,6,1,2
8147,8147,Yahvi Suresh,23,6,2,4,1
8148,8148,Ojas Bhatti,55,6,5,5,2
8149,8149,Jatin Sathe,39,4,1,1,1
8150,8150,Nidhi Patla,21,8,1,3,2
8151,8151,Tanish Karnik,25,7,1,2,2
8152,8152,Liam Dugar,38,6,1,1,2
8153,8153,Balendra Subramanian,60,6,3,5,1
8154,8154,Aarav Chaudhuri,38,5,3,3,1
8155,8155,Bimala Wason,73,4,2,1,2
8156,8156,Kashish Venkatesh,29,7,1,1,2
8157,8157,Hemang Basak,20,9,1,3,2
8158,8158,David Venkataraman,48,2,1,3,1
8159,8159,Wakeeta Pandey,46,5,1,1,1
8160,8160,Tejas Sarma,72,4,5,4,1
8161,8161,Mason Bassi,33,2,1,6,2
8162,8162,Matthew Devi,72,7,1,7,1
8163,8163,Laksh Palla,42,2,1,2,1
8164,8164,Shivansh Grewal,69,9,5,4,2
8165,8165,Laksh Sankaran,42,7,4,3,1
8166,8166,Hemani De,40,8,2,7,1
8167,8167,Reyansh Majumdar,57,8,1,4,2
8168,8168,Arunima Nadkarni,49,5,2,4,2
8169,8169,Joshua Prashad,64,1,1,3,2
8170,8170,Vansha Bhatt,46,1,1,6,2
8171,8171,Yutika Lad,38,9,1,4,2
8172,8172,Mitali Chanda,29,5,6,1,1
8173,8173,Saksham Bali,75,7,4,3,1
8174,8174,Ridhi Parmar,20,3,6,5,2
8175,8175,Finn Raman,65,9,3,7,1
8176,8176,Balvan Rastogi,55,1,1,1,2
8177,8177,Banjeet Subramanian,56,9,1,3,2
8178,8178,Daksh Dhawan,38,7,1,4,1
8179,8179,Tripti Parmer,66,2,1,7,1
8180,8180,Dev Lad,49,1,7,4,2
8181,8181,Hredhaan Krish,21,5,2,7,2
8182,8182,Dalbir Acharya,37,9,1,7,1
8183,8183,Utkarsh Dada,18,7,1,4,1
8184,8184,Vidhi Prabhakar,53,4,2,5,2
8185,8185,Noah Palla,27,1,2,3,2
8186,8186,Amrita Prashad,28,1,1,6,1
8187,8187,Jairaj Korpal,49,7,1,5,1
8188,8188,Vrishti Wali,35,2,2,5,1
8189,8189,Mohini Prasad,41,1,2,2,1
8190,8190,Zaid Virk,60,6,3,5,1
8191,8191,Yug Lalla,72,8,3,3,2
8192,8192,Dalaja Barad,25,5,1,5,1
8193,8193,Nidra Deep,41,5,1,4,2
8194,8194,Kashvi Iyer,69,5,4,5,1
8195,8195,Owen Sandal,73,2,2,1,1
8196,8196,Omisha Shanker,48,5,1,4,1
8197,8197,Aarush Kanda,73,4,7,6,1
8198,8198,Brijesh Thaker,34,2,1,5,2
8199,8199,Rachit Dhar,34,9,1,5,1
8200,8200,Orinder Johal,48,4,2,1,2
8201,8201,Chatura Suri,70,9,1,3,2
8202,8202,Waida Natt,18,6,2,4,1
8203,8203,Oliver Dalal,30,5,2,3,1
8204,8204,Zarna Ramaswamy,39,7,1,7,1
8205,8205,Elijah Apte,50,7,1,4,1
8206,8206,Dev Shankar,21,9,2,6,2
8207,8207,Neha Bera,37,2,1,1,2
8208,8208,Deepa Ghose,40,8,1,1,2
8209,8209,Nandini Salvi,49,3,1,2,2
8210,8210,Lipika Buch,46,3,1,4,1
8211,8211,Bishakha Dube,44,1,1,6,2
8212,8212,George Ahluwalia,69,4,2,1,2
8213,8213,William Srinivas,69,5,3,4,2
8214,8214,Manthan De,19,1,6,5,2
8215,8215,Rishi Dass,41,1,1,3,1
8216,8216,Ekani Nagar,47,1,1,3,1
8217,8217,Zayyan Chadha,72,8,1,1,1
8218,8218,Chandresh Palla,22,9,1,3,1
8219,8219,Hemani Modi,33,7,2,1,1
8220,8220,Imaran Andra,38,2,5,6,1
8221,8221,Aradhana Thaman,19,3,1,6,1
8222,8222,Dhruv Acharya,58,8,1,1,1
8223,8223,Adya Wali,52,3,1,1,1
8224,8224,Suhani Banerjee,33,1,1,7,1
8225,8225,Arunima Shah,29,6,1,3,1
8226,8226,Kevin Zachariah,49,3,1,6,2
8227,8227,Sanya Kadakia,48,7,7,1,1
8228,8228,Ethan Karpe,25,4,1,6,1
8229,8229,Ishani Chaudhary,35,9,3,6,2
8230,8230,Parth Mangat,39,3,1,3,1
8231,8231,Inaya Lall,27,3,1,4,1
8232,8232,Nihal Prakash,45,5,1,2,1
8233,8233,Chasmum Kashyap,71,6,1,1,1
8234,8234,Anamika Gulati,75,7,2,6,1
8235,8235,Shravya Sood,60,2,1,6,1
8236,8236,Niharika Bajaj,74,4,1,6,1
8237,8237,Tejas Dutt,45,2,2,6,2
8238,8238,Ansh Badal,62,3,1,6,1
8239,8239,Veda Puri,41,4,1,2,2
8240,8240,Vanya Basu,49,4,4,3,1
8241,8241,Priya Ganesh,51,2,1,5,1
8242,8242,Ansh Verma,63,7,6,2,1
8243,8243,Robert Kata,57,3,7,5,2
8244,8244,Teerth Buch,48,8,1,6,1
8245,8245,Nikita Sarma,73,1,1,4,1
8246,8246,Anthony Garde,72,5,1,4,2
8247,8247,Vasana Bail,75,6,1,3,2
8248,8248,Ethan Soman,72,2,1,6,2
8249,8249,Ekantika Tata,46,5,2,6,2
8250,8250,Hardik Trivedi,60,5,1,3,1
8251,8251,Jeevika Barad,67,7,1,2,2
8252,8252,Charles Boase,52,4,1,5,2
8253,8253,Thomas Suresh,20,8,1,1,2
8254,8254,Widisha Toor,49,1,1,7,1
8255,8255,Ishanvi Sahota,48,7,1,2,1
8256,8256,Urvashi Keer,33,4,1,6,2
8257,8257,Anika Varughese,36,8,2,5,1
8258,8258,Logan Radhakrishnan,72,1,1,1,1
8259,8259,Yahvi Deol,45,9,6,2,1
8260,8260,Yashvi Chaudhari,22,8,6,4,1
8261,8261,Bhavya Bath,56,6,2,4,2
8262,8262,Aditya D’Alia,75,9,1,5,1
8263,8263,Luke Dayal,49,2,3,7,1
8264,8264,Wridesh Varghese,53,1,1,5,1
8265,8265,Anthony Oak,57,4,3,6,2
8266,8266,Manan Naidu,18,5,1,2,2
8267,8267,Mitesh Hora,42,5,2,1,1
8268,8268,Kashvi Choudhry,53,3,6,7,2
8269,8269,Dhriti Lala,61,5,1,6,1
8270,8270,Zaid Baral,59,2,3,3,2
8271,8271,Vidhi Bhardwaj,43,4,3,5,1
8272,8272,Frado Sama,57,7,1,7,2
8273,8273,Fitan Maharaj,23,1,5,3,1
8274,8274,Jatin Loyal,24,7,3,6,1
8275,8275,Ekanta Sha,74,2,3,4,1
8276,8276,Shivani Bajaj,58,3,1,4,1
8277,8277,Gautam Nanda,49,8,4,3,1
8278,8278,Ekalinga Sangha,40,2,1,6,1
8279,8279,Tarak Borah,38,4,5,7,2
8280,8280,Hemangini Raju,46,2,1,5,1
8281,8281,Isha Chaudry,31,2,1,7,1
8282,8282,Rayaan Bali,75,6,6,5,1
8283,8283,Sai Singh,33,6,3,5,1
8284,8284,Chameli Narula,54,5,2,2,1
8285,8285,Onveer Dalal,38,6,3,7,2
8286,8286,Samarth Dhaliwal,28,7,1,6,2
8287,8287,Brinda Bali,22,7,1,1,1
8288,8288,Rajeshri Bhardwaj,51,5,1,2,2
8289,8289,Bhavini Dyal,31,6,1,7,2
8290,8290,Hemang Date,18,3,1,1,2
8291,8291,Krishna Maharaj,33,3,1,2,2
8292,8292,Prisha Shan,34,7,6,5,2
8293,8293,Joshua Bhasin,74,8,2,3,2
8294,8294,Sathvik Sethi,35,3,5,5,1
8295,8295,Widisha Mohanty,44,2,1,1,1
8296,8296,Rudra Walla,21,2,1,2,2
8297,8297,Nicholas Bali,51,1,1,5,2
8298,8298,Jagat Sekhon,63,9,1,6,2
8299,8299,Varsha Mandal,48,5,4,4,1
8300,8300,Utkarsh Kala,59,1,3,4,1
8301,8301,Pushti Sidhu,23,2,3,7,1
8302,8302,Tamanna Sama,70,3,6,2,1
8303,8303,Quincy Butala,39,5,1,5,1
8304,8304,Aarush Gera,48,2,2,4,1
8305,8305,Wazir Madan,50,4,7,7,1
8306,8306,Qarin Shetty,31,8,6,2,2
8307,8307,Darsh Kakar,58,3,3,7,1
8308,8308,Hredhaan Saxena,31,8,6,2,2
8309,8309,Sai Amble,56,1,3,1,2
8310,8310,Ronith Memon,26,2,1,3,2
8311,8311,Anjali Tata,48,9,1,3,2
8312,8312,Zaitra Dhingra,60,5,1,1,2
8313,8313,Tara Kannan,53,7,2,3,1
8314,8314,Shivani Kara,61,7,1,1,1
8315,8315,Vritti Viswanathan,28,7,1,7,2
8316,8316,Yuvraj Bhargava,68,5,1,5,1
8317,8317,Dalaja Shan,38,5,7,2,1
8318,8318,Vamakshi Pai,32,7,1,7,1
8319,8319,Jacob Rajan,28,1,1,6,2
8320,8320,Hitesh Kala,30,2,1,3,1
8321,8321,Oscar Bahl,40,4,1,3,1
8322,8322,Vidhi Dhingra,54,2,1,3,1
8323,8323,Samesh Soni,53,7,1,3,2
8324,8324,Umang Wadhwa,64,3,1,2,2
8325,8325,Matthew Chahal,67,1,3,6,2
8326,8326,Kala Dhar,74,8,1,4,1
8327,8327,Alexander Tella,20,5,1,3,2
8328,8328,Jalsa Lanka,30,6,3,2,1
8329,8329,Bishakha Mittal,63,6,1,7,1
8330,8330,Fiyaz Barad,43,5,7,6,2
8331,8331,Nathaniel Mody,26,5,4,1,1
8332,8332,Manan Boase,26,9,4,3,1
8333,8333,Januja Purohit,49,9,1,7,2
8334,8334,Laksh Sharma,72,1,1,4,2
8335,8335,Bhavya Mahajan,53,1,1,3,2
8336,8336,Abha Agrawal,57,3,1,6,1
8337,8337,Meera Chawla,43,9,1,7,2
8338,8338,Qadim Varughese,70,7,2,6,2
8339,8339,Vrinda Chaudhari,26,8,1,1,1
8340,8340,Sanya Sura,58,2,1,6,2
8341,8341,Aryan Walla,24,9,1,4,1
8342,8342,Ekiya Kaul,47,2,1,3,2
8343,8343,Geetika Parmar,72,7,7,3,1
8344,8344,Adya Sangha,39,4,2,5,2
8345,8345,Brijesh Dalal,23,4,1,4,2
8346,8346,Samaksh Lad,44,2,4,7,1
8347,8347,Yochana Sood,33,3,2,4,2
8348,8348,Lakshmi Tak,45,5,7,3,2
8349,8349,Rudra Boase,42,8,1,7,2
8350,8350,Megha Modi,31,3,4,2,1
8351,8351,Jai Bhat,52,7,1,7,1
8352,8352,Dominic Khurana,32,3,1,6,1
8353,8353,Warhi Basak,29,9,1,4,2
8354,8354,Pranav Mital,38,8,3,7,1
8355,8355,Eesha Goyal,68,7,1,1,1
8356,8356,Tejas Wali,29,4,1,6,1
8357,8357,Frederick Bora,30,4,1,1,2
8358,8358,Januja Kulkarni,20,4,1,6,1
8359,8359,Quincy Rattan,21,8,5,1,1
8360,8360,Rachita Jaggi,51,3,2,1,2
8361,8361,Mohammed Khare,36,4,3,6,1
8362,8362,Advaith Singhal,54,8,2,2,1
8363,8363,Krish Sankar,72,9,2,2,1
8364,8364,Hema Shroff,61,9,7,3,1
8365,8365,Nathan Karpe,61,4,7,1,1
8366,8366,Frado Chand,31,6,1,1,1
8367,8367,Nandini Narain,52,9,1,2,2
8368,8368,Dakshesh Puri,21,2,1,6,2
8369,8369,Radhika Pal,56,7,6,5,2
8370,8370,Lavanya Vyas,20,4,2,4,1
8371,8371,Manbir Prashad,23,9,1,5,1
8372,8372,Ishani Salvi,49,6,5,7,2
8373,8373,Yoshita Kothari,52,2,4,2,1
8374,8374,Urmi Setty,26,1,1,2,1
8375,8375,Dayita Gupta,63,9,3,4,2
8376,8376,Hiral Kade,41,1,4,3,1
8377,8377,Nimrat Wali,52,4,2,2,2
8378,8378,Aadhya Pal,20,4,1,5,1
8379,8379,Aryan Hans,64,2,1,3,1
8380,8380,Chakradhar Patla,64,6,1,6,1
8381,8381,Edhitha Chaudhari,31,7,1,6,2
8382,8382,Shivansh Bora,21,9,7,2,2
8383,8383,Jeremiah Thaker,56,9,4,7,1
8384,8384,Panini Bakshi,22,9,1,3,2
8385,8385,Rishi Korpal,19,7,2,7,1
8386,8386,Harshil Deo,66,1,1,5,1
8387,8387,Eta Chauhan,66,5,1,1,2
8388,8388,Xiti Mutti,64,5,1,4,1
8389,8389,Faqid Batta,36,5,1,6,1
8390,8390,Rajeshri Sura,63,4,1,3,1
8391,8391,Avni Som,54,1,4,1,2
8392,8392,Divya Kapoor,57,1,3,3,1
8393,8393,Utkarsh Pandey,23,5,1,5,1
8394,8394,Advik Sarkar,54,6,7,2,1
8395,8395,Harshil Nayak,50,2,5,4,2
8396,8396,Wazir Ramachandran,63,3,1,5,2
8397,8397,Dayamai Verma,24,7,6,1,1
8398,8398,Ekaja Gaba,57,3,3,6,2
8399,8399,Yashasvi Peri,56,1,1,5,2
8400,8400,Jagat Narasimhan,38,2,1,7,2
8401,8401,Jatin Vyas,40,4,2,7,2
8402,8402,Riya Hayre,45,4,7,2,2
8403,8403,Dalaja Thaker,53,6,2,3,2
8404,8404,Ishita Cheema,43,5,1,4,1
8405,8405,Yoshita Lal,38,5,1,1,1
8406,8406,Owen Muni,23,8,4,1,2
8407,8407,Charita Rege,47,2,1,5,1
8408,8408,Gaurang Patil,22,9,2,3,1
8409,8409,Gopal Minhas,74,9,1,4,2
8410,8410,Gagan Kaul,43,1,5,4,2
8411,8411,Advika Bajaj,37,9,3,2,1
8412,8412,Edhitha Chandran,57,4,1,5,2
8413,8413,Balhaar Chahal,45,3,1,3,1
8414,8414,Shravya Sandal,69,1,3,7,2
8415,8415,Reva Gupta,22,2,1,3,2
8416,8416,Zinal Chhabra,74,7,1,5,2
8417,8417,Simon Mane,40,8,1,2,1
8418,8418,Indrajit Palan,26,3,1,2,1
8419,8419,Panini Ratta,64,2,1,7,2
8420,8420,Praneel Iyengar,48,3,6,5,2
8421,8421,Ladli Kadakia,51,6,6,1,1
8422,8422,Amruta Butala,33,2,3,7,2
8423,8423,Ekaja Saran,43,3,1,1,2
8424,8424,Yahvi Sandal,62,1,6,2,2
8425,8425,Forum Bhakta,50,4,1,1,1
8426,8426,Wriddhish Pandit,52,6,1,5,2
8427,8427,Urishilla Barman,39,4,1,1,1
8428,8428,Diya Dass,32,4,6,2,1
8429,8429,Luke Palla,61,6,2,6,2
8430,8430,Bhavna Sarraf,71,9,2,7,1
8431,8431,Dalbir Edwin,72,7,1,1,2
8432,8432,Gauri Sehgal,46,1,1,4,2
8433,8433,Bishakha Chada,74,7,1,2,1
8434,8434,Arin Venkatesh,43,4,1,6,2
8435,8435,Chanchal Gulati,72,6,1,3,2
8436,8436,Girik Muni,61,8,2,5,1
8437,8437,Arin Padmanabhan,67,4,1,1,1
8438,8438,Hemal Karnik,75,6,1,6,2
8439,8439,Abeer Panchal,74,3,1,4,2
8440,8440,Anusha Sama,19,3,4,1,2
8441,8441,Suhani Mahal,46,8,5,6,1
8442,8442,Hritik Merchant,37,3,2,5,1
8443,8443,Vinaya Majumdar,45,2,1,7,1
8444,8444,Orinder Shetty,59,7,1,4,2
8445,8445,Timothy Shankar,21,6,1,4,1
8446,8446,Dipta Randhawa,61,2,7,4,1
8447,8447,Ubika Khosla,47,2,3,1,1
8448,8448,Avni Palan,18,9,6,3,1
8449,8449,Amaira Ramaswamy,44,8,6,7,2
8450,8450,Alexander Nayar,37,2,1,4,2
8451,8451,Robert Soni,64,7,1,7,1
8452,8452,Om Balasubramanian,57,5,1,2,1
8453,8453,Yadavi Verma,45,7,4,4,2
8454,8454,Osha Dasgupta,62,9,4,2,2
8455,8455,Abha Som,61,1,1,1,1
8456,8456,Tarak Vyas,50,3,7,7,1
8457,8457,Aarav Bhardwaj,75,3,1,1,1
8458,8458,Eiravati Mitra,31,6,1,3,2
8459,8459,Naveen Rama,71,5,3,3,1
8460,8460,Aahana Sandhu,59,2,1,7,1
8461,8461,Tanveer Thaman,36,3,7,1,2
8462,8462,Alka Loyal,44,9,1,4,1
8463,8463,Diya Bail,24,8,1,6,1
8464,8464,Ishani Lanka,40,1,1,6,1
8465,8465,Neel Dasgupta,73,8,3,7,2
8466,8466,Banjeet Zachariah,53,1,1,1,2
8467,8467,Champak Behl,38,3,1,2,1
8468,8468,Irya Misra,64,4,2,2,2
8469,8469,Arunima Gandhi,37,5,2,4,1
8470,8470,Gaurav Ahluwalia,71,5,1,4,1
8471,8471,Bhanumati Kalla,47,1,1,1,2
8472,8472,Tanay Sidhu,46,1,1,2,2
8473,8473,Fariq Sharaf,50,9,1,1,1
8474,8474,Irya Bedi,29,5,1,2,2
8475,8475,Henry Mann,22,2,1,6,2
8476,8476,Arjun Oak,72,9,1,5,2
8477,8477,Tarak Pandey,21,8,1,4,2
8478,8478,Arunima Barman,20,9,2,1,2
8479,8479,Hemal Bhasin,75,2,1,1,1
8480,8480,Abha Grover,57,9,1,5,1
8481,8481,Dhruv Krishnamurthy,61,2,1,4,2
8482,8482,Anamika Kannan,66,1,5,1,2
8483,8483,Dev Char,64,9,1,3,2
8484,8484,Ekapad Chand,66,1,1,7,2
8485,8485,Omkaar Hayre,32,2,2,1,2
8486,8486,Rachana Andra,48,5,2,3,1
8487,8487,Ijaya Sethi,59,5,1,1,2
8488,8488,Arin Natarajan,65,7,3,7,1
8489,8489,Madhav Choudhary,44,7,3,7,2
8490,8490,Ekapad Sundaram,39,2,2,1,1
8491,8491,Azad Hayer,66,8,1,5,1
8492,8492,Andrew Bhatti,35,9,1,1,2
8493,8493,Vrishti Prabhakar,30,7,1,5,1
8494,8494,Caleb Sahni,18,6,1,3,2
8495,8495,Nitesh Nazareth,25,8,3,4,2
8496,8496,Falak Natt,53,3,2,1,1
8497,8497,Viraj Thaman,42,1,2,2,2
8498,8498,Falak Swamy,60,1,1,2,1
8499,8499,Harish Deep,36,7,4,1,2
8500,8500,Kala Parekh,26,9,4,7,2
8501,8501,Chaitaly Sandhu,20,4,1,4,1
8502,8502,Ayush Pandit,72,2,5,4,1
8503,8503,Yoshita Karnik,72,1,1,3,1
8504,8504,Chandresh Rattan,67,4,3,5,2
8505,8505,Avni Jain,58,6,2,2,1
8506,8506,Gaurika Krishnan,31,7,1,6,1
8507,8507,Peter Thaker,45,7,4,1,1
8508,8508,Chandani Bail,51,4,1,7,1
8509,8509,Vasudha Tiwari,63,6,2,2,2
8510,8510,Joshua Varughese,55,4,2,2,1
8511,8511,Abeer Kothari,72,4,1,3,1
8512,8512,Isaiah Patla,70,1,5,5,2
8513,8513,Ayush Dhillon,60,6,7,5,2
8514,8514,Dakshesh Raval,73,5,5,5,2
8515,8515,Abhimanyu Lala,53,8,1,3,1
8516,8516,Ishaan Basak,60,3,4,4,1
8517,8517,Jeet Bali,52,3,1,6,1
8518,8518,Janaki Mody,33,5,2,2,1
8519,8519,Timothy Goel,40,1,5,6,2
8520,8520,Atharv Radhakrishnan,47,8,1,2,2
8521,8521,Mason Sabharwal,40,5,1,6,1
8522,8522,Sai Bhattacharyya,69,9,6,1,1
8523,8523,Gaurang Sharma,26,1,2,1,1
8524,8524,Champak Merchant,25,6,2,2,1
8525,8525,Jacob Saxena,45,5,1,6,2
8526,8526,Robert Tailor,39,1,1,1,2
8527,8527,Radhika Sankaran,19,4,1,7,1
8528,8528,Max Bhargava,29,4,1,2,2
8529,8529,Faqid Swaminathan,28,2,1,4,1
8530,8530,Anay Mangal,70,9,1,3,2
8531,8531,Ishaan Balasubramanian,24,3,1,6,1
8532,8532,Girindra Raman,32,3,1,5,2
8533,8533,Gaurika Bumb,56,3,1,7,1
8534,8534,Anvi Pall,19,9,1,5,2
8535,8535,Deepa Agarwal,56,4,3,5,2
8536,8536,Neel Konda,49,7,3,7,1
8537,8537,Frederick Gulati,41,6,3,1,1
8538,8538,Geetika Oza,37,8,1,5,2
8539,8539,Anay Tara,50,1,4,3,1
8540,8540,Saksham Mangat,63,2,1,7,1
8541,8541,Yadavi Karan,43,6,1,2,1
8542,8542,Umang Mandal,66,1,3,2,1
8543,8543,Idika Kumer,34,3,1,5,1
8544,8544,Kalpit Mallick,42,9,4,5,1
8545,8545,Yashasvi Jhaveri,58,3,7,3,1
8546,8546,Matthew Sundaram,70,1,1,3,2
8547,8547,Gaurangi Kadakia,74,8,7,5,1
8548,8548,Edhitha Lal,72,9,6,3,1
8549,8549,Fariq Sachdeva,42,5,5,7,2
8550,8550,Wahab Bandi,58,1,2,3,1
8551,8551,Ekavir Dass,75,2,2,4,2
8552,8552,Abhiram Anne,20,2,7,7,2
8553,8553,Inaya Dada,54,2,5,3,1
8554,8554,Chasmum Ramaswamy,28,2,4,6,2
8555,8555,Ria Varkey,25,5,1,5,1
8556,8556,Oliver Luthra,36,4,4,2,1
8557,8557,Xavier Agarwal,38,2,1,7,2
8558,8558,Anya Behl,63,9,3,7,1
8559,8559,Jeet Pradhan,57,2,3,2,1
8560,8560,Ekaraj Sabharwal,50,6,1,5,1
8561,8561,Zaitra Pillay,45,6,4,7,2
8562,8562,Christopher Rajagopalan,73,3,1,1,1
8563,8563,Onveer Subramaniam,49,7,1,7,2
8564,8564,Arin Kant,46,6,2,2,1
8565,8565,Charvi Patel,31,1,1,7,1
8566,8566,Owen Shroff,56,2,6,1,1
8567,8567,Ethan More,31,5,3,7,1
8568,8568,Gautami Sarna,54,7,1,7,1
8569,8569,Upkaar Kohli,30,6,5,3,2
8570,8570,Prisha Pingle,69,6,1,4,2
8571,8571,Pooja Nigam,68,4,1,6,2
8572,8572,Warhi Sani,39,7,7,4,2
8573,8573,Pahal Palan,22,9,6,1,1
8574,8574,Kai Varghese,33,9,1,1,1
8575,8575,Mitesh Ramanathan,57,6,2,7,2
8576,8576,Maya Sarraf,41,1,3,4,1
8577,8577,Gunbir Dua,25,7,1,4,1
8578,8578,Jasmit Biswas,74,1,5,4,1
8579,8579,Bhavini Mani,25,9,4,7,1
8580,8580,Kiaan Dhar,28,9,1,5,1
8581,8581,Pooja Sawhney,42,3,7,6,2
8582,8582,Alka Kala,38,9,1,6,1
8583,8583,Anika Kalla,66,6,1,5,1
8584,8584,Saksham Mani,19,9,5,6,1
8585,8585,Liam Raval,73,7,1,4,2
8586,8586,Inaya Subramaniam,26,4,3,5,2
8587,8587,Baljiwan Natarajan,47,4,3,2,2
8588,8588,Upma Kala,74,2,4,7,1
8589,8589,Hemangini Kalita,71,3,1,2,1
8590,8590,Advaith Mutti,43,5,1,2,1
8591,8591,Tanmayi Yadav,62,7,1,7,2
8592,8592,Abeer Sarna,40,8,1,6,2
8593,8593,Teerth Gopal,39,7,1,1,2
8594,8594,Vedika Kulkarni,51,1,1,3,1
8595,8595,Meera Rajan,55,7,1,2,2
8596,8596,Ranbir Sura,75,8,1,5,1
8597,8597,Naksh Mandal,28,7,1,7,1
8598,8598,Urvi Bera,33,6,1,6,2
8599,8599,Meghana Swamy,29,3,2,1,1
8600,8600,Bina Ganesan,25,9,1,1,1
8601,8601,Theodore Radhakrishnan,34,1,1,7,1
8602,8602,Nidhi Hari,56,8,3,1,2
8603,8603,Charita Nair,18,2,1,1,2
8604,8604,Yatan Natarajan,24,2,7,7,1
8605,8605,Abeer Murthy,31,3,6,7,2
8606,8606,Kabir Guha,28,6,1,2,1
8607,8607,Ridhi Nanda,68,6,1,5,2
8608,8608,Om Bora,56,3,3,3,2
8609,8609,Faqid Sanghvi,25,5,1,7,1
8610,8610,Jacob Dhillon,33,8,1,7,1
8611,8611,Advay Andra,72,1,6,4,1
8612,8612,Aachal Modi,59,8,2,6,1
8613,8613,Nathaniel Manda,71,1,1,3,2
8614,8614,Chandran Karnik,65,9,1,6,1
8615,8615,Amrita Raj,18,5,1,7,2
8616,8616,Saanvi Jaggi,67,5,1,2,1
8617,8617,Udyati Kapadia,38,5,1,3,1
8618,8618,Matthew Sarraf,20,8,1,4,1
8619,8619,Sai Khatri,33,7,1,2,1
8620,8620,Mohammed Pai,44,4,1,6,2
8621,8621,Jagrati Murty,66,4,1,1,1
8622,8622,Nidhi Dhaliwal,23,8,1,1,1
8623,8623,Mitali Chaudhuri,37,5,3,5,2
8624,8624,Vihaan Srivastava,75,3,7,6,2
8625,8625,Orinder Nagar,24,9,1,3,1
8626,8626,Leela Krish,42,1,1,6,1
8627,8627,Bimala Suri,22,8,1,7,2
8628,8628,Aashi Bhatt,37,5,4,4,1
8629,8629,Banjeet Agate,48,5,1,7,2
8630,8630,Chakrika Vaidya,22,3,1,7,1
8631,8631,Chaitanya Korpal,50,5,1,6,1
8632,8632,Meghana Sengupta,44,4,1,4,2
8633,8633,Shravya Kala,72,6,1,1,2
8634,8634,Ronith Wali,52,9,2,3,2
8635,8635,Joshua Raman,22,7,1,4,1
8636,8636,Naveen Baral,47,9,7,1,2
8637,8637,Yashvi Ravel,51,2,3,1,1
8638,8638,Jack Agrawal,54,3,3,5,1
8639,8639,Kiaan Sahota,66,3,1,4,2
8640,8640,Adya Vohra,48,2,1,1,2
8641,8641,Viraj Kaur,34,3,1,7,2
8642,8642,Vivaan Goel,42,6,1,3,1
8643,8643,Agastya Issac,36,9,6,5,2
8644,8644,Urmi Sachdeva,48,8,5,5,1
8645,8645,Chameli Subramaniam,27,2,1,4,2
8646,8646,Kamala Uppal,18,7,2,4,1
8647,8647,William Kapoor,63,8,4,2,2
8648,8648,Nisha Dugar,34,8,5,1,2
8649,8649,Vritti Barman,51,4,1,4,2
8650,8650,Maanav Randhawa,29,4,1,3,2
8651,8651,Maanav Divan,34,4,4,1,2
8652,8652,Kevin Jhaveri,28,3,4,4,1
8653,8653,Zaitra Balan,20,4,1,1,2
8654,8654,Anvi Seth,21,2,2,4,1
8655,8655,Samarth Issac,46,3,1,1,1
8656,8656,Wyatt Roy,51,6,2,2,1
8657,8657,Samesh Mitter,74,4,1,1,1
8658,8658,Tanmayi Tak,31,9,3,6,2
8659,8659,Utkarsh Aurora,40,1,6,5,2
8660,8660,Yuvraj Nair,70,1,1,6,1
8661,8661,Tanveer Bhardwaj,64,6,1,7,2
8662,8662,Irya Banik,42,7,1,7,1
8663,8663,Anay Dey,58,7,1,1,2
8664,8664,Upasna Rattan,69,6,2,3,1
8665,8665,Fitan Bhatti,64,6,1,3,1
8666,8666,Daksha Yohannan,19,5,6,7,2
8667,8667,Bakhshi Chhabra,21,1,7,5,1
8668,8668,Chaitanya Krishnamurthy,58,8,6,4,1
8669,8669,Yachana Oak,47,5,4,2,2
8670,8670,Madhavi Palla,57,9,1,6,2
8671,8671,Wridesh Aurora,39,2,6,4,2
8672,8672,Edhitha Dugar,71,3,1,6,1
8673,8673,Irya Randhawa,42,1,1,2,1
8674,8674,Abhimanyu Rege,58,6,1,1,1
8675,8675,Sai Magar,27,2,1,5,2
8676,8676,Eshana Gour,18,7,1,6,1
8677,8677,Priya Chand,59,9,2,4,2
8678,8678,Vritti Dua,68,7,1,1,2
8679,8679,Zarna Kalla,37,4,2,1,1
8680,8680,Waida Bhalla,28,9,6,6,1
8681,8681,Ira Walla,64,5,4,5,2
8682,8682,Ekaraj Chandran,36,4,1,5,1
8683,8683,Dalbir Muni,65,1,1,6,1
8684,8684,Aarav Chand,54,9,5,7,2
8685,8685,Arjun Gole,23,6,4,2,1
8686,8686,Chanchal Varty,74,5,1,6,1
8687,8687,Raghav Nagi,53,2,1,3,1
8688,8688,Ishanvi Kothari,35,9,1,3,1
8689,8689,Guneet Grewal,41,7,3,1,1
8690,8690,Widisha Karnik,47,2,1,6,2
8691,8691,Tristan Nadig,42,4,3,7,1
8692,8692,Onkar Subramanian,19,2,3,6,1
8693,8693,Mohammed Sridhar,22,2,2,1,1
8694,8694,Anjali Varty,50,6,2,6,2
8695,8695,Rayaan Parsa,43,3,4,7,2
8696,8696,Ekaja Choudhary,43,8,1,5,1
8697,8697,Ekaja Wason,34,8,2,2,1
8698,8698,Adya Subramaniam,21,2,1,4,2
8699,8699,Ojasvi Mani,58,6,1,4,1
8700,8700,Yatan Pandey,23,9,1,2,1
8701,8701,Januja Upadhyay,58,7,1,2,1
8702,8702,Jalsa Madan,33,7,1,7,1
8703,8703,Jason Mistry,72,1,1,1,2
8704,8704,Ansh Venkataraman,34,9,1,7,1
8705,8705,Yutika Garde,18,5,1,5,2
8706,8706,Kevin Chaudhry,24,6,1,5,1
8707,8707,Chakradev Naik,20,7,1,1,1
8708,8708,Bhavya Manda,60,9,3,6,1
8709,8709,Girik Garg,64,4,1,1,1
8710,8710,Urmi Raman,54,4,1,5,1
8711,8711,Vansha Khare,60,9,1,4,2
8712,8712,Ethan Raman,22,1,1,4,1
8713,8713,Nicholas Garg,30,4,1,1,2
8714,8714,Rachita Borde,19,7,1,4,1
8715,8715,Darpan Naik,24,3,1,7,1
8716,8716,Eshana Setty,21,6,1,2,2
8717,8717,Advaith Kashyap,39,7,2,4,2
8718,8718,Upma Dubey,27,7,1,3,1
8719,8719,Tanvi Dubey,22,7,1,1,2
8720,8720,Siddharth Parekh,74,3,5,2,2
8721,8721,Krisha Mander,65,3,2,6,2
8722,8722,Ishani Mitter,18,1,1,5,1
8723,8723,Riya Parmer,41,5,7,1,2
8724,8724,Jacob Nanda,28,5,6,6,1
8725,8725,Udarsh Sarna,19,3,1,3,2
8726,8726,Manthan Patel,73,8,1,7,2
8727,8727,Aarini Madan,62,3,1,5,1
8728,8728,Kamya Chatterjee,20,9,1,1,2
8729,8729,Ishwar Kade,54,5,2,1,2
8730,8730,Anirudh Mitra,18,6,6,4,1
8731,8731,Ishwar Pau,25,5,1,5,1
8732,8732,Ayaan Atwal,23,2,1,2,2
8733,8733,Radhika Pall,65,2,2,6,1
8734,8734,Lipika Narayanan,55,7,1,6,1
8735,8735,Ridhi Johal,63,6,1,7,1
8736,8736,Oni Doshi,25,7,4,5,2
8737,8737,Ira Shanker,23,8,2,5,1
8738,8738,Tara Nadkarni,23,3,1,7,1
8739,8739,Lekha Aurora,64,7,1,2,2
8740,8740,Aditya Rege,67,3,7,1,2
8741,8741,Faqid Tandon,53,4,3,5,1
8742,8742,Amruta Mann,22,6,2,2,2
8743,8743,Oeshi Andra,30,3,1,6,2
8744,8744,Samuel Comar,60,4,1,3,1
8745,8745,Pranav Ahuja,24,4,3,6,2
8746,8746,Odika Lad,49,9,3,6,1
8747,8747,Vedika Talwar,53,3,7,2,1
8748,8748,Megha Golla,31,9,1,3,1
8749,8749,Jeevika Naik,58,6,3,1,2
8750,8750,Yutika Pant,21,9,1,5,2
8751,8751,Sarthak Ramaswamy,70,8,3,7,2
8752,8752,Lavanya Sarin,50,8,4,1,2
8753,8753,Ayaan Bandi,20,7,1,5,1
8754,8754,Sanya Ganesan,28,2,1,2,2
8755,8755,Ira Dhar,65,9,1,4,1
8756,8756,Aryan Lanka,23,1,2,2,2
8757,8757,Arunima Shenoy,19,7,1,2,1
8758,8758,Lucky Chahal,39,6,5,1,2
8759,8759,Kamala Kannan,42,6,3,2,1
8760,8760,Krishna Tak,35,6,3,4,1
8761,8761,Anita Raghavan,33,4,1,5,2
8762,8762,Ekani Dhawan,28,7,1,3,2
8763,8763,Ikshita Banik,43,3,2,3,2
8764,8764,Lekha Date,20,5,1,4,2
8765,8765,Ridhi D’Alia,34,9,1,4,2
8766,8766,Dayamai Kuruvilla,73,1,1,5,1
8767,8767,Praneel Goda,64,2,1,7,1
8768,8768,Aadi Rajagopal,19,6,2,4,1
8769,8769,Radha Chakrabarti,71,3,1,5,1
8770,8770,Ekantika Gala,35,3,1,5,1
8771,8771,Theodore Nagy,73,2,1,1,2
8772,8772,Dakshesh Mohan,52,8,1,2,1
8773,8773,Jagdish Sekhon,32,3,1,2,1
8774,8774,Bhanumati Bose,34,4,2,5,1
8775,8775,Ekbal Pal,28,1,6,6,2
8776,8776,Bhavini Sampath,51,6,5,1,2
8777,8777,Isha Kapur,72,6,1,7,1
8778,8778,Utkarsh Peri,40,5,3,7,1
8779,8779,Jhalak Morar,73,6,1,6,1
8780,8780,Yashoda Guha,64,7,1,1,2
8781,8781,Parth Sawhney,72,9,1,4,1
8782,8782,Ijaya Sood,23,3,1,2,1
8783,8783,Lucky Boase,62,7,6,3,1
8784,8784,Ekbal Dube,29,6,1,3,2
8785,8785,Amara Gola,66,5,1,3,2
8786,8786,Vasudha Khurana,34,1,1,7,1
8787,8787,Indali Kannan,34,6,2,4,2
8788,8788,Janya Sahota,57,7,1,7,2
8789,8789,Jeet Patil,42,9,6,3,1
8790,8790,Triveni Oak,40,9,1,1,1
8791,8791,Samar Walla,65,4,5,3,1
8792,8792,Zehaan Mangal,55,3,1,5,2
8793,8793,Christopher Loke,66,2,1,2,2
8794,8794,Logan Bansal,62,4,7,6,2
8795,8795,Rachana Radhakrishnan,71,8,1,5,1
8796,8796,Ishaan Korpal,32,1,3,6,2
8797,8797,Abdul Deep,33,9,5,6,1
8798,8798,Tamanna Nayak,44,1,2,6,2
8799,8799,Xalak Mukhopadhyay,53,7,2,5,1
8800,8800,Tanveer Saha,27,7,1,6,2
8801,8801,Warinder Gaba,60,2,4,6,1
8802,8802,Ria Shere,74,8,1,3,2
8803,8803,Urmi Dutta,26,7,1,7,2
8804,8804,Raksha Mani,21,3,1,1,2
8805,8805,Ethan Raj,56,6,2,1,1
8806,8806,Charles Kapoor,19,4,3,4,1
8807,8807,Yashica Deol,29,8,2,4,2
8808,8808,Jasmit Bhasin,23,2,1,6,2
8809,8809,Xavier Gade,62,3,3,2,2
8810,8810,Sneha Madan,36,7,3,4,2
8811,8811,Qasim Bassi,23,1,1,6,1
8812,8812,Advay Dhingra,29,8,2,4,2
8813,8813,Xalak Vaidya,48,2,1,3,2
8814,8814,Upasna Mody,41,1,2,3,1
8815,8815,Niharika Mall,47,6,2,5,2
8816,8816,Wahab Bhatti,54,7,6,3,2
8817,8817,Ikshita Reddy,58,9,2,5,1
8818,8818,Tripti Shukla,41,7,3,5,2
8819,8819,Anika Date,33,7,1,5,1
8820,8820,Ekani Lall,42,8,2,7,2
8821,8821,Teerth Dutta,34,5,2,3,1
8822,8822,Damini Pandit,38,8,6,4,1
8823,8823,Mitali Sani,47,7,7,4,2
8824,8824,Jason Comar,19,6,7,6,2
8825,8825,Chasmum Chadha,35,9,6,6,1
8826,8826,Zansi Kale,32,9,4,7,1
8827,8827,Pooja Bath,61,7,1,3,2
8828,8828,Tarak Prakash,40,5,2,2,1
8829,8829,Frado Randhawa,38,8,1,4,2
8830,8830,Kashish Pai,68,2,1,5,1
8831,8831,Amara Narayan,39,6,1,4,2
8832,8832,Gautam Dewan,71,6,4,4,1
8833,8833,Logan Tara,21,8,1,3,1
8834,8834,Anamika Chaudhry,71,7,6,7,1
8835,8835,Harinakshi Nadkarni,47,6,1,7,1
8836,8836,Gaurangi Khatri,66,6,1,1,1
8837,8837,Gagan Prakash,26,4,2,6,1
8838,8838,Riya Magar,39,4,1,3,1
8839,8839,Hema Salvi,21,5,4,7,1
8840,8840,Bachittar Kata,53,2,1,4,1
8841,8841,Pushti Borra,36,3,1,4,1
8842,8842,Amaira Solanki,42,4,2,3,2
8843,8843,Benjamin Viswanathan,49,4,1,1,2
8844,8844,Yachana Dubey,34,1,1,4,1
8845,8845,Mason Dey,68,8,4,3,2
8846,8846,Deepa Salvi,37,2,1,2,2
8847,8847,Yashica Nayar,70,8,2,5,1
8848,8848,Avi Sahota,27,3,1,2,2
8849,8849,Leela Basu,41,4,1,1,2
8850,8850,Gayathri Morar,18,8,2,7,1
8851,8851,Arya Rout,75,3,1,5,1
8852,8852,Vidhi Badami,22,3,3,7,1
8853,8853,Wakeeta Raja,22,6,1,7,2
8854,8854,Xalak Khanna,60,3,6,4,2
8855,8855,Tarak Deo,29,4,2,5,1
8856,8856,Dayamai Loyal,37,2,1,4,1
8857,8857,Samuel Guha,21,8,2,4,2
8858,8858,Baljiwan Ahluwalia,33,9,1,5,1
8859,8859,Azaan Kamdar,52,3,1,2,1
8860,8860,Manya Viswanathan,42,2,3,7,2
8861,8861,Lakshit Kaul,44,3,1,3,1
8862,8862,Tanay Sood,57,3,1,7,1
8863,8863,Darpan Talwar,48,9,1,5,2
8864,8864,Warda Malhotra,75,9,7,6,1
8865,8865,Zansi Chhabra,21,9,1,3,2
8866,8866,Tanmayi Sanghvi,72,1,1,4,1
8867,8867,Lajita Rama,65,1,1,7,1
8868,8868,Gaurika Gala,20,5,1,2,1
8869,8869,Jasmit Bahl,31,7,1,2,2
8870,8870,Pallavi Srinivas,20,8,1,5,2
8871,8871,Ikbal Ratti,62,1,1,2,2
8872,8872,Deepa Mohanty,73,8,2,5,2
8873,8873,Reva Trivedi,47,9,2,5,2
8874,8874,Dhriti Nagar,23,2,1,7,1
8875,8875,Chandresh Loyal,74,6,2,5,2
8876,8876,Jasmit Pandey,29,1,1,5,1
8877,8877,Indali Panchal,59,3,2,6,2
8878,8878,Edhitha Dash,20,2,1,4,2
8879,8879,Megha Arora,31,9,2,1,1
8880,8880,Ethan Lad,60,9,1,3,2
8881,8881,Sneha Bahri,67,2,2,7,1
8882,8882,Damini Grewal,69,9,1,5,2
8883,8883,Yatin Shukla,65,3,1,3,1
8884,8884,Jeevika Datta,75,2,1,6,1
8885,8885,Watika Bora,27,2,1,5,2
8886,8886,Pushti Sood,40,9,1,1,1
8887,8887,Wriddhish Mane,32,6,4,2,1
8888,8888,Fiyaz Basu,27,6,1,3,2
8889,8889,Azad Shankar,21,2,1,1,2
8890,8890,Lajita Sama,47,4,1,2,1
8891,8891,Oviya Deol,18,5,1,2,1
8892,8892,Vansha Kumer,73,8,1,1,2
8893,8893,Brinda Chowdhury,33,6,1,3,2
8894,8894,Chaman Mohan,28,9,2,3,2
8895,8895,Ubika Prakash,38,4,3,2,1
8896,8896,Avni Pandey,19,6,1,2,1
8897,8897,Yasti Mannan,53,4,1,4,1
8898,8898,Saumya Bali,66,8,1,5,1
8899,8899,Harshil Koshy,64,3,2,6,1
8900,8900,Lila Ganesan,55,8,3,6,1
8901,8901,Warjas Manda,62,3,4,4,2
8902,8902,Abhiram Dora,43,8,1,5,2
8903,8903,Darpan Gokhale,67,3,5,6,1
8904,8904,Atharv Nagar,65,3,1,3,1
8905,8905,Yashvi Sarkar,75,5,1,3,1
8906,8906,Samar Vora,32,2,1,4,1
8907,8907,Lajita Kohli,38,9,1,4,2
8908,8908,Raghav Gopal,34,5,3,7,2
8909,8909,Chatresh Pandey,67,1,2,3,2
8910,8910,Alexander Chana,63,6,1,5,1
8911,8911,Bakhshi Mutti,42,6,1,5,1
8912,8912,Varsha Deo,28,2,1,2,2
8913,8913,Jatin Tella,67,3,2,4,1
8914,8914,Darika Lala,18,1,2,6,2
8915,8915,Harinakshi Bora,31,6,1,7,2
8916,8916,Upadhriti Singhal,38,8,5,7,2
8917,8917,Oni Sant,26,2,1,7,1
8918,8918,Indira Kulkarni,22,6,1,1,2
8919,8919,Ishita Mander,69,3,7,1,2
8920,8920,Ojasvi Tella,18,8,6,4,1
8921,8921,Matthew Dyal,71,5,1,2,1
8922,8922,Ikshita Khalsa,50,2,1,1,1
8923,8923,Nirja Mann,44,2,4,7,2
8924,8924,Aradhana Bhargava,40,5,1,7,1
8925,8925,Neel Khanna,72,3,1,6,2
8926,8926,Chandresh Nadkarni,59,7,2,2,1
8927,8927,Jeremiah Nagar,75,9,5,4,2
8928,8928,Maanas Dyal,43,6,1,1,2
8929,8929,Krish D’Alia,64,6,1,4,2
8930,8930,Chaman Khalsa,50,3,1,4,2
8931,8931,Lakshmi Cheema,59,2,2,1,1
8932,8932,Robert Mand,65,9,4,1,2
8933,8933,Lopa Wable,27,3,3,6,2
8934,8934,Vivaan Johal,37,1,1,3,1
8935,8935,Vasudha Kaur,74,7,1,2,1
8936,8936,Harish Saraf,32,2,1,5,1
8937,8937,Omya Rege,53,5,3,6,1
8938,8938,Nikita Basak,72,9,6,5,1
8939,8939,Kashvi Singhal,42,6,4,4,2
8940,8940,Daksha Char,39,9,7,2,2
8941,8941,Hredhaan Thakur,59,1,4,1,1
8942,8942,Jeevika Dyal,46,2,5,5,1
8943,8943,Upkaar Kannan,40,4,1,6,2
8944,8944,Harshil Dara,49,7,1,6,2
8945,8945,Bishakha Dhar,41,9,1,1,1
8946,8946,Yutika Jaggi,36,3,7,1,2
8947,8947,Vrishti Date,20,6,1,5,2
8948,8948,Keya Kanda,36,7,3,3,1
8949,8949,Rajeshri Varughese,48,4,1,4,1
8950,8950,Samaksh Pathak,70,1,1,4,1
8951,8951,Zashil Patel,57,6,1,5,1
8952,8952,Niharika Bhatia,57,5,5,1,2
8953,8953,Baghyawati Shankar,29,6,4,7,2
8954,8954,Tamanna Agrawal,68,5,5,7,1
8955,8955,Aashi Ravi,19,1,1,5,1
8956,8956,Zashil Sharaf,41,7,1,6,2
8957,8957,Vihaan Mittal,40,6,1,4,1
8958,8958,Lohit Mander,55,8,3,1,1
8959,8959,Bina Mangat,40,8,1,4,1
8960,8960,Gagan Oak,62,5,1,3,1
8961,8961,Manya Thaker,43,5,1,3,2
8962,8962,Omkaar Kant,58,5,1,2,1
8963,8963,Yatan Behl,71,6,3,6,1
8964,8964,Ishani Warrior,26,2,1,3,2
8965,8965,Mekhala Choudhry,20,2,2,6,1
8966,8966,Farhan Khare,31,3,1,5,1
8967,8967,Warinder Choudhry,47,7,7,4,2
8968,8968,Kamya Nayar,64,1,3,3,2
8969,8969,Darpan Jhaveri,26,5,3,2,2
8970,8970,Gautami Loyal,36,3,6,2,2
8971,8971,Bhavna Shanker,20,1,2,7,1
8972,8972,Krish Subramaniam,70,7,1,5,1
8973,8973,Quincy Shetty,32,5,1,7,1
8974,8974,Umang Narasimhan,66,3,2,5,1
8975,8975,Siddharth Jayaraman,50,9,1,4,2
8976,8976,Oni Khosla,36,8,5,5,2
8977,8977,Vinaya Varghese,36,2,2,4,2
8978,8978,Qadim Chacko,28,7,4,3,2
8979,8979,Adweta Kala,18,5,1,4,2
8980,8980,Aashi Thakur,26,3,6,3,1
8981,8981,Bina Issac,29,8,1,1,1
8982,8982,Mitesh Bora,19,6,1,3,2
8983,8983,Omaja Chacko,62,3,1,6,1
8984,8984,Lavanya Apte,60,5,1,6,2
8985,8985,Ekta Mangat,31,3,2,4,1
8986,8986,Patrick Atwal,72,9,1,1,1
8987,8987,Upma Sandhu,62,7,1,6,1
8988,8988,Gunbir Anne,39,4,1,1,2
8989,8989,Madhavi Bahl,49,6,1,4,2
8990,8990,Dipta Kapoor,63,2,3,4,1
8991,8991,Ayaan Butala,23,8,2,4,2
8992,8992,Manbir Magar,47,9,1,5,1
8993,8993,Jalsa Bhardwaj,71,1,3,7,1
8994,8994,Rishi Gour,21,2,1,2,2
8995,8995,Kavya Raman,75,3,3,2,2
8996,8996,Neha Pall,62,3,1,3,2
8997,8997,Rachit Sule,70,8,1,5,1
8998,8998,Ayushman Parikh,42,3,7,7,2
8999,8999,Vivaan Thakkar,69,2,1,4,1
9000,9000,Janani Buch,55,7,5,5,1
9001,9001,Azaan Sha,57,6,1,5,1
9002,9002,Amrita Acharya,24,5,2,4,2
9003,9003,Vritti Tandon,71,9,1,7,1
9004,9004,Samar Kulkarni,33,6,1,6,2
9005,9005,Faris Arya,49,4,1,7,1
9006,9006,Aachal Choudhry,25,4,3,1,1
9007,9007,Yagnesh Batta,69,1,1,2,2
9008,9008,Amara Saran,69,3,1,5,1
9009,9009,Leena Behl,58,4,1,2,2
9010,9010,Ishaan Sawhney,72,2,4,3,1
9011,9011,Bakhshi Tak,74,5,1,3,2
9012,9012,Yauvani Parsa,43,8,1,7,1
9013,9013,Liam Parmer,68,8,2,6,1
9014,9014,Lucky Jain,55,5,1,3,1
9015,9015,Ikshita Bail,44,7,1,1,1
9016,9016,Indali Gopal,24,8,2,1,1
9017,9017,Omkaar Bumb,21,9,2,6,2
9018,9018,Xalak Vala,54,7,4,6,2
9019,9019,Ekaraj Srinivas,50,5,6,7,1
9020,9020,Inaya Saran,58,2,2,2,2
9021,9021,Ishanvi Pillai,53,4,2,7,1
9022,9022,Priya Gupta,54,5,2,1,2
9023,9023,Jyoti Sandhu,27,8,2,2,1
9024,9024,Sarthak Gala,37,1,1,5,1
9025,9025,Sarthak Maharaj,74,8,3,5,2
9026,9026,Ekansh Palla,54,3,2,1,1
9027,9027,Yash Pant,36,1,1,6,1
9028,9028,Ranbir Kohli,28,7,1,4,2
9029,9029,Charan Sarna,27,5,1,1,1
9030,9030,Bachittar Narula,44,9,6,7,1
9031,9031,Gabriel Krishnan,58,9,4,7,2
9032,9032,Bimala Zachariah,56,1,4,7,1
9033,9033,Hritik Murthy,59,6,1,1,2
9034,9034,Yatan Kohli,46,9,1,4,2
9035,9035,Abhiram Rastogi,31,1,1,3,1
9036,9036,Netra Savant,61,1,1,7,2
9037,9037,Faris Prakash,28,5,6,1,1
9038,9038,Jeevika Prakash,36,7,5,7,1
9039,9039,Vaishnavi Chahal,74,2,5,1,1
9040,9040,Jack Sandhu,73,7,3,1,1
9041,9041,Joshua Bhattacharyya,48,3,5,3,1
9042,9042,Vaishnavi Tiwari,26,2,6,6,1
9043,9043,Omkaar Iyer,55,5,5,2,2
9044,9044,Nikita Ray,72,5,3,3,2
9045,9045,Henry Krishnamurthy,30,4,4,5,2
9046,9046,Jairaj Baral,44,6,1,3,1
9047,9047,Thomas Shenoy,73,3,2,1,2
9048,9048,Rajeshri Balan,66,9,2,4,2
9049,9049,William Bhavsar,25,2,6,1,1
9050,9050,Arya Pillay,19,5,1,1,1
9051,9051,Veda Merchant,53,4,1,2,2
9052,9052,Yug Chawla,71,2,1,7,2
9053,9053,Kiaan Jani,60,5,3,3,1
9054,9054,Leena Aggarwal,34,7,1,1,1
9055,9055,Anirudh Kaul,62,2,3,6,1
9056,9056,Gunbir Rattan,65,3,1,5,2
9057,9057,Orinder Puri,55,9,3,2,1
9058,9058,Gautami Kannan,56,9,4,5,1
9059,9059,Tamanna Parmer,37,8,6,3,2
9060,9060,Logan Borra,19,2,2,7,1
9061,9061,Rudra Anne,60,4,7,5,1
9062,9062,Warjas Ramesh,40,2,2,2,2
9063,9063,Indira Parikh,53,3,3,4,1
9064,9064,Ryan Shukla,60,3,4,1,1
9065,9065,Faris Devan,60,9,1,2,1
9066,9066,Vamakshi D’Alia,35,4,1,2,1
9067,9067,Panini Dua,38,6,5,2,2
9068,9068,Raghav Wable,37,7,1,7,2
9069,9069,Krishna Wagle,24,1,2,3,2
9070,9070,Abdul Sarkar,41,4,2,3,2
9071,9071,Jeevika Malhotra,54,8,1,5,2
9072,9072,Vedika Puri,53,2,2,3,2
9073,9073,Idika Deshpande,56,8,1,2,1
9074,9074,Joshua Bhavsar,45,9,7,2,2
9075,9075,Sachi Vohra,50,1,4,5,2
9076,9076,Harinakshi Sharaf,23,6,2,6,1
9077,9077,Ojasvi Khurana,64,3,7,5,1
9078,9078,Falak Shan,18,4,1,1,2
9079,9079,Balvan Vasa,67,7,1,1,2
9080,9080,Chatura Palla,74,4,1,5,2
9081,9081,Utkarsh Pathak,28,5,6,7,2
9082,9082,Victor Bali,29,3,3,4,1
9083,9083,Sathvik Korpal,43,1,3,7,2
9084,9084,Harini Ratta,55,3,1,6,2
9085,9085,Elijah Sridhar,72,2,4,7,2
9086,9086,Veda Sampath,36,2,1,3,2
9087,9087,Upasna Cheema,54,1,1,7,1
9088,9088,Oliver Kaur,19,7,1,2,1
9089,9089,Yuvraj Mistry,34,4,1,3,1
9090,9090,Jyoti Pingle,27,5,3,1,1
9091,9091,Jai Kumar,47,4,1,6,2
9092,9092,Qasim Soni,58,4,1,2,2
9093,9093,Harita Nayar,29,8,1,3,1
9094,9094,Harshil Sastry,34,9,3,5,2
9095,9095,Harita Shetty,72,1,1,5,2
9096,9096,Parth Kamdar,40,3,1,3,2
9097,9097,Irya Bose,64,9,2,4,1
9098,9098,Balvan Borah,70,8,2,5,1
9099,9099,Leena Warrior,46,2,1,3,1
9100,9100,Deepa Bhakta,73,7,6,6,1
9101,9101,Bhavya Sidhu,52,4,1,1,1
9102,9102,Manan Chandran,44,4,1,5,1
9103,9103,Daksh Bala,49,1,1,7,1
9104,9104,Manan Tailor,31,6,1,1,1
9105,9105,Yashoda Parmer,28,4,2,1,1
9106,9106,Samuel Sur,36,6,1,2,2
9107,9107,Zaid Subramaniam,33,7,1,1,1
9108,9108,Januja Buch,66,9,2,3,2
9109,9109,Frado Dhawan,67,5,1,2,2
9110,9110,Tamanna Ghosh,30,4,2,7,1
9111,9111,Dayamai Muni,42,7,1,1,2
9112,9112,Ekapad Deol,35,3,3,3,1
9113,9113,Nirja Gill,40,7,1,7,2
9114,9114,Bhavya Bakshi,19,7,1,1,2
9115,9115,Aadhya Aurora,51,5,2,4,1
9116,9116,Hemal Dash,18,4,1,3,1
9117,9117,Teerth Rege,53,1,1,3,2
9118,9118,Tanay Wable,23,1,1,7,2
9119,9119,Nakul Grover,28,9,1,7,1
9120,9120,Bhavani Chand,33,2,3,2,2
9121,9121,Krish Karnik,71,3,2,5,2
9122,9122,Abdul Nazareth,62,5,4,6,2
9123,9123,Eta Mukherjee,37,5,3,4,1
9124,9124,Nachiket Nazareth,63,4,1,5,2
9125,9125,Warda Swamy,71,5,1,1,1
9126,9126,Harita Doshi,18,2,5,2,2
9127,9127,Ojasvi Batta,47,9,3,2,1
9128,9128,Ishita Sawhney,31,2,1,4,1
9129,9129,Ekanta Hora,73,9,2,7,2
9130,9130,Radha Varughese,27,1,1,1,2
9131,9131,Ekansh Anand,33,5,7,4,2
9132,9132,Zehaan Dhawan,43,9,2,1,2
9133,9133,Krish Kari,38,3,1,4,2
9134,9134,Veer Agrawal,20,5,1,1,1
9135,9135,Dhruv Rout,65,1,1,5,2
9136,9136,Niharika Raju,32,2,4,5,1
9137,9137,Yuvraj Kurian,20,8,1,4,1
9138,9138,Lekha Barad,30,4,4,4,1
9139,9139,Kiaan Barman,24,3,1,2,1
9140,9140,Avni Varkey,48,2,6,1,1
9141,9141,Widisha Magar,24,4,5,7,2
9142,9142,Avni Pal,53,1,1,6,2
9143,9143,Omkaar Viswanathan,56,8,2,5,1
9144,9144,Hemangini Bhatia,35,6,4,6,1
9145,9145,Kala Murthy,62,7,1,7,1
9146,9146,Anika Arora,25,7,1,6,1
9147,9147,Ikshita Thakkar,39,5,2,2,2
9148,9148,Yochana Kohli,75,2,1,1,1
9149,9149,Bhavini Dayal,46,8,1,1,2
9150,9150,Teerth Joshi,28,3,6,7,1
9151,9151,Vihaan Mody,23,1,3,2,1
9152,9152,Alexander Bhandari,61,3,1,1,2
9153,9153,Raagini Garg,28,6,2,3,2
9154,9154,Shaurya Dubey,18,2,6,5,2
9155,9155,Rudra Bawa,23,3,3,7,1
9156,9156,Advaith Chandran,61,6,1,1,2
9157,9157,Gaurang Babu,23,9,1,4,1
9158,9158,Rishi Buch,31,8,1,1,2
9159,9159,Chandresh Rao,64,1,5,4,2
9160,9160,Tamanna Talwar,50,5,1,4,1
9161,9161,Yatin Dutt,20,5,2,5,1
9162,9162,Kevin Dhillon,63,2,1,4,1
9163,9163,Dipta Memon,18,5,1,7,1
9164,9164,Jagrati Natarajan,62,6,1,2,1
9165,9165,Ishani Barad,70,8,7,3,1
9166,9166,Raksha Ranganathan,73,5,7,5,1
9167,9167,Mason Gokhale,23,4,5,6,2
9168,9168,Wyatt Sachar,19,4,3,5,2
9169,9169,Jacob Nayak,45,4,1,5,1
9170,9170,Mekhala Bose,40,4,3,1,1
9171,9171,Urvi Rana,44,5,1,6,2
9172,9172,Upma Minhas,58,9,1,6,1
9173,9173,Aradhana Sinha,49,2,1,5,1
9174,9174,Osha Dutta,41,8,1,7,1
9175,9175,Ranveer Rege,35,9,3,6,2
9176,9176,Mohammed Chopra,46,7,4,6,1
9177,9177,Neha Sha,61,6,2,6,2
9178,9178,Sudiksha Nadig,57,6,6,7,2
9179,9179,Omaja Deol,72,5,1,3,2
9180,9180,Ishanvi Savant,28,2,1,1,1
9181,9181,Dakshesh Krishna,19,4,2,5,1
9182,9182,Champak Ghose,28,8,1,7,1
9183,9183,Raghav Sankaran,53,3,1,6,2
9184,9184,Chandran Dhingra,19,6,2,2,1
9185,9185,Mohammed Rajagopal,33,8,1,4,2
9186,9186,Sarthak Balan,46,4,2,2,2
9187,9187,Vaishnavi Korpal,62,7,4,4,2
9188,9188,Jai Chopra,22,3,1,6,1
9189,9189,Michael Kamdar,25,6,1,5,2
9190,9190,Yadavi Dutt,66,7,1,3,1
9191,9191,Qadim Karnik,20,7,1,1,1
9192,9192,Zaid Wadhwa,48,4,7,5,2
9193,9193,Pranav Bhatt,48,5,2,4,2
9194,9194,Netra Bajaj,30,4,2,3,2
9195,9195,Vedhika Mohanty,66,9,3,5,2
9196,9196,Pratyush Parmer,60,5,1,4,2
9197,9197,Anamika Venkatesh,20,8,4,7,1
9198,9198,Ojas Bal,29,6,3,7,1
9199,9199,Odika Kota,60,4,7,7,2
9200,9200,Abhiram Dixit,27,6,1,4,2
9201,9201,Ronith Anand,53,3,1,1,2
9202,9202,Onveer Saini,68,2,1,5,2
9203,9203,Amaira Issac,18,6,5,1,1
9204,9204,Wakeeta Venkatesh,56,5,1,1,1
9205,9205,Aarush Bahl,32,2,2,7,1
9206,9206,Girik Raman,59,3,1,6,2
9207,9207,Ansh Mand,74,9,3,4,2
9208,9208,Kabir Rattan,74,5,4,3,1
9209,9209,Praneel Tiwari,51,1,1,7,1
9210,9210,Daksha Kunda,19,6,1,1,2
9211,9211,Sara Sinha,21,7,4,3,1
9212,9212,Yug Kalla,68,9,1,4,1
9213,9213,Bhavya Kaul,51,7,3,5,2
9214,9214,Geetika Malhotra,39,3,1,7,2
9215,9215,Hemani Ravel,45,7,1,6,1
9216,9216,Wyatt Agrawal,41,7,1,1,1
9217,9217,Arya Borah,44,2,1,1,2
9218,9218,Thomas Sridhar,71,1,2,7,2
9219,9219,Nandini Pau,65,2,2,6,1
9220,9220,Urishilla Bandi,61,3,1,4,1
9221,9221,Turvi Kakar,26,6,1,2,2
9222,9222,Janani Kar,45,8,1,6,2
9223,9223,Gabriel Kade,55,8,1,6,1
9224,9224,Abhiram Ramakrishnan,36,9,7,7,1
9225,9225,Ikbal Yadav,75,5,1,5,1
9226,9226,Isha Aggarwal,30,6,2,6,1
9227,9227,Waida Loke,53,9,1,1,2
9228,9228,Nihal Boase,52,3,7,6,1
9229,9229,Wyatt Bhagat,45,3,5,3,1
9230,9230,Ayaan Srinivas,50,2,1,2,1
9231,9231,Kavya Savant,43,5,1,5,1
9232,9232,Gautami Dass,26,1,1,3,1
9233,9233,Warhi Dube,23,9,3,4,1
9234,9234,Zashil Rao,41,7,1,7,2
9235,9235,Zaid Shetty,43,7,1,6,2
9236,9236,Pavani Raja,37,6,1,7,1
9237,9237,Advik Hans,66,6,1,4,1
9238,9238,Oni Dhillon,67,9,1,3,1
9239,9239,Neha Kashyap,59,4,5,1,1
9240,9240,Siya Dey,65,2,1,2,1
9241,9241,Karan Verma,43,9,1,4,1
9242,9242,Madhav Narula,27,9,3,4,2
9243,9243,Praneel Agarwal,72,7,7,2,1
9244,9244,Kabir Tiwari,38,3,2,6,2
9245,9245,Ronith Suri,65,3,7,3,1
9246,9246,Qushi Bhatti,58,2,7,7,2
9247,9247,Andrew Dubey,41,4,6,6,2
9248,9248,Frederick Samra,22,2,2,1,2
9249,9249,Pranav Saha,32,1,2,3,2
9250,9250,Ishita Srinivasan,68,2,1,1,2
9251,9251,Chakrika Sethi,39,6,1,5,1
9252,9252,Meghana Agrawal,70,6,5,3,2
9253,9253,Chatura Kakar,36,3,4,1,2
9254,9254,Amruta Narain,40,1,1,1,1
9255,9255,Veer Date,38,1,1,3,2
9256,9256,Panini Vig,27,3,1,2,2
9257,9257,Krishna Mukhopadhyay,47,7,2,2,2
9258,9258,Sarthak Chopra,53,6,4,6,1
9259,9259,Aarnav Ben,71,9,1,4,2
9260,9260,Daksh Chada,39,7,2,6,2
9261,9261,Advik Gokhale,29,9,1,7,2
9262,9262,Jagvi Prasad,69,3,3,7,2
9263,9263,Zansi Kota,53,9,2,2,1
9264,9264,Tanmayi Oommen,66,5,3,1,2
9265,9265,Lopa Hayre,43,7,2,4,2
9266,9266,Anay Dugar,35,5,6,2,1
9267,9267,Ayushman Dora,20,9,3,7,1
9268,9268,Qushi Sarraf,33,1,1,4,1
9269,9269,Rayaan Bains,65,7,6,5,1
9270,9270,Oscar Srivastava,54,6,2,7,1
9271,9271,Arjun Shah,52,3,7,7,2
9272,9272,Irya Dar,39,5,1,1,1
9273,9273,Janaki Ranganathan,24,6,1,1,1
9274,9274,Kashish Nayar,26,4,1,3,1
9275,9275,Ganga Bal,66,4,2,5,2
9276,9276,Chandresh Lad,34,1,1,1,1
9277,9277,Lucky Sant,56,4,1,1,2
9278,9278,Anusha Mital,27,5,1,1,1
9279,9279,Rudra Khosla,58,7,2,3,1
9280,9280,Yochana Tripathi,36,1,1,3,2
9281,9281,Jack Mukherjee,72,5,2,2,1
9282,9282,Yashica Bahl,28,2,1,2,1
9283,9283,Vincent Pau,27,1,7,2,1
9284,9284,Bhavya Wagle,18,6,1,1,2
9285,9285,Jasmit Munshi,59,3,1,2,1
9286,9286,Vasana Savant,53,5,1,3,2
9287,9287,Oliver Sastry,25,3,2,5,2
9288,9288,Ganga Chaudry,41,6,2,7,1
9289,9289,Tanish Vaidya,25,2,2,3,1
9290,9290,Nachiket Ahuja,75,6,6,2,1
9291,9291,Ekbal Babu,60,9,4,2,2
9292,9292,Dhruv Sekhon,55,5,2,1,1
9293,9293,Urvashi Dutt,37,1,1,1,2
9294,9294,Chameli Kunda,28,6,1,5,2
9295,9295,Varenya Gaba,61,2,1,1,1
9296,9296,Arin Mohan,21,2,1,5,1
9297,9297,Liam Mittal,20,9,2,2,1
9298,9298,Turvi Bhatti,46,5,1,1,2
9299,9299,Theodore Ramaswamy,25,2,1,6,1
9300,9300,Agastya Anne,56,9,1,6,2
9301,9301,Manan Pandit,43,5,7,3,1
9302,9302,Veer Kadakia,70,6,1,5,2
9303,9303,Gayathri Ratta,25,1,2,1,2
9304,9304,Barkha Sarna,40,8,1,1,1
9305,9305,Ikbal Luthra,52,2,6,5,2
9306,9306,Radha Tandon,35,2,5,3,1
9307,9307,Megha Sastry,38,2,1,6,1
9308,9308,Udyati Gandhi,57,7,5,3,2
9309,9309,Liam Goswami,26,2,2,6,2
9310,9310,Vedant Shenoy,29,3,1,3,1
9311,9311,Ishanvi Sibal,63,9,1,7,1
9312,9312,Jairaj Raju,41,5,1,1,1
9313,9313,Dev Singh,71,3,1,3,1
9314,9314,Nathaniel Balay,49,6,5,3,1
9315,9315,Ekbal Patil,66,5,1,1,2
9316,9316,Madhav Choudhary,69,2,1,6,2
9317,9317,Lakshit Narain,54,3,1,4,1
9318,9318,Yadavi Murthy,69,9,1,1,1
9319,9319,Laksh Ben,47,3,1,5,2
9320,9320,Daniel Bail,21,8,1,5,2
9321,9321,Fitan Raju,46,8,1,1,2
9322,9322,Damini Sodhi,58,3,1,4,2
9323,9323,Harsh Raval,40,9,1,6,1
9324,9324,Samar Prasad,46,9,1,4,1
9325,9325,Logan Sahota,18,3,1,7,1
9326,9326,Ubika Choudhry,25,6,1,7,2
9327,9327,Patrick Khalsa,35,2,1,7,1
9328,9328,Krishna Prasad,27,5,2,6,1
9329,9329,Vansha Buch,63,7,7,2,2
9330,9330,Yauvani Karan,22,4,2,5,2
9331,9331,Watika Sunder,63,3,3,5,2
9332,9332,Naksh Dubey,29,6,1,7,2
9333,9333,Vrinda Bhatnagar,39,2,1,7,2
9334,9334,Yoshita Dugal,53,6,2,7,1
9335,9335,Nilima Suri,63,3,1,7,1
9336,9336,Bhavini Wable,22,2,1,5,1
9337,9337,Balvan Sastry,73,2,1,1,2
9338,9338,Triya Gill,59,9,2,6,1
9339,9339,Ekavir Comar,73,6,1,3,2
9340,9340,Harish Yogi,32,4,2,2,1
9341,9341,Nirja Chauhan,32,5,1,6,1
9342,9342,Frado Murty,27,1,1,4,2
9343,9343,Leela Kunda,62,3,4,7,1
9344,9344,Utkarsh Dyal,61,2,1,5,2
9345,9345,Max Gala,21,9,1,4,1
9346,9346,Jack Rattan,66,1,6,7,2
9347,9347,Warhi Vohra,70,4,7,1,2
9348,9348,Xavier Bhasin,56,3,1,5,2
9349,9349,Mahika Subramaniam,27,5,4,3,1
9350,9350,William Tank,33,3,1,6,1
9351,9351,Oviya Kari,41,8,1,5,2
9352,9352,Bhavani Guha,50,8,1,6,2
9353,9353,Vrinda Tailor,53,4,6,5,2
9354,9354,Dev Dey,54,7,1,2,1
9355,9355,Pallavi Parmer,23,8,5,5,1
9356,9356,Aarini Rajagopal,22,8,1,7,1
9357,9357,Lakshit Chand,34,1,3,5,2
9358,9358,Ojas Pradhan,38,4,2,6,1
9359,9359,Mitesh Malhotra,53,8,1,7,1
9360,9360,Farhan Bir,22,2,1,4,1
9361,9361,Peter Bhardwaj,58,1,2,3,2
9362,9362,Ekaraj Mannan,33,9,3,7,1
9363,9363,Kamala Pingle,19,7,1,5,1
9364,9364,Suhani Gour,68,5,1,2,1
9365,9365,Patrick Tak,31,8,1,3,2
9366,9366,Abdul Grover,26,4,1,7,2
9367,9367,Jeet Varughese,33,4,2,7,2
9368,9368,Fitan Chowdhury,62,8,5,7,1
9369,9369,Manan Cherian,75,6,1,5,2
9370,9370,Hritik Choudhury,56,1,1,4,2
9371,9371,Azaan Sharma,53,3,1,6,2
9372,9372,Kashish Bhatt,35,2,6,2,1
9373,9373,Bishakha Mane,43,1,3,7,2
9374,9374,Pooja Kar,35,9,3,2,2
9375,9375,Dhriti Jain,49,9,1,4,1
9376,9376,Mahika Venkatesh,58,5,2,2,1
9377,9377,Onveer Pillai,35,6,2,6,1
9378,9378,Bakhshi Narain,49,1,3,5,2
9379,9379,Gabriel Bir,31,5,3,5,1
9380,9380,Abha Varkey,53,6,1,7,2
9381,9381,Janya Hayer,56,9,1,2,2
9382,9382,Arunima Golla,36,5,2,5,2
9383,9383,Jack Baral,54,8,1,7,2
9384,9384,Omisha Choudhary,42,3,1,1,2
9385,9385,Hardik Savant,51,3,3,6,2
9386,9386,Janya Bajaj,40,5,2,7,1
9387,9387,Praneel Pandit,70,2,1,7,1
9388,9388,Manbir Bhatti,70,8,6,7,1
9389,9389,Qarin Balan,58,5,2,5,2
9390,9390,Azaan Pillai,51,2,1,5,2
9391,9391,Ishanvi Ratti,36,7,1,4,1
9392,9392,Yatin Patil,46,1,1,1,1
9393,9393,Xiti More,24,2,2,2,1
9394,9394,Watika Bawa,51,8,6,6,2
9395,9395,Veda Palla,20,5,5,1,1
9396,9396,Champak Ghosh,37,6,1,1,1
9397,9397,Tamanna Iyengar,67,9,1,1,1
9398,9398,Saumya Minhas,35,5,1,1,2
9399,9399,Widisha Rattan,63,6,2,2,2
9400,9400,Balvan Krishna,59,7,5,6,1
9401,9401,Abhiram Rao,60,4,1,2,1
9402,9402,Vanya Apte,34,2,1,1,1
9403,9403,Samarth Sane,30,4,1,5,1
9404,9404,Sanya Borah,72,6,2,3,1
9405,9405,Warjas Khanna,18,3,1,7,2
9406,9406,Anika Sinha,22,8,1,1,1
9407,9407,Yasti Pandit,29,7,1,6,2
9408,9408,Falak Mitra,66,4,1,4,2
9409,9409,Ishita Sibal,42,9,1,3,2
9410,9410,Rudra Wadhwa,37,9,1,7,2
9411,9411,Ishita Setty,40,8,2,1,1
9412,9412,Bimala Saxena,37,2,2,7,1
9413,9413,Mugdha Soni,64,1,6,6,2
9414,9414,Logan Thakkar,27,6,1,5,1
9415,9415,Aashi Boase,25,3,1,3,2
9416,9416,Dayita Som,45,9,1,2,1
9417,9417,Bhavya Chahal,18,3,1,5,2
9418,9418,Harshil Dalal,23,5,1,6,2
9419,9419,Ikshita Nanda,55,1,2,5,2
9420,9420,Madhav Kar,64,9,3,1,2
9421,9421,Lavanya Choudhary,61,5,1,1,1
9422,9422,Vinaya Natarajan,20,4,1,2,1
9423,9423,Matthew Keer,68,1,3,3,2
9424,9424,Chaitanya Comar,46,7,2,5,2
9425,9425,Ria Mutti,38,6,7,7,1
9426,9426,Kiaan Solanki,74,5,1,4,1
9427,9427,Elijah Gera,66,5,1,5,1
9428,9428,Hiral Sekhon,42,9,5,6,1
9429,9429,Udarsh Bahri,57,8,1,1,2
9430,9430,Urvashi Sule,33,2,2,1,2
9431,9431,Jack Som,46,4,1,2,1
9432,9432,Niharika Rout,73,8,3,4,2
9433,9433,Qasim Raval,20,3,7,3,2
9434,9434,Yagnesh Gokhale,53,4,2,5,1
9435,9435,Jagvi Lanka,44,8,7,7,2
9436,9436,Ethan Keer,26,2,1,7,1
9437,9437,Chatura Tiwari,52,3,3,2,1
9438,9438,Udant Sani,24,8,2,2,1
9439,9439,Falan Gara,31,9,5,1,2
9440,9440,Ishanvi Saini,49,4,1,7,2
9441,9441,Divya Badami,35,8,2,1,1
9442,9442,Ranveer Kapoor,24,4,2,5,2
9443,9443,Isha Jain,38,3,1,1,2
9444,9444,Reyansh Sule,69,5,3,5,1
9445,9445,Gunbir Lala,49,7,1,5,1
9446,9446,Tripti Pal,31,7,1,1,1
9447,9447,Mugdha Sani,33,2,2,7,1
9448,9448,Nisha Parmer,53,7,1,3,2
9449,9449,Jatin Padmanabhan,25,7,5,2,2
9450,9450,Harinakshi Kanda,66,7,3,1,1
9451,9451,Anthony Goyal,26,1,1,2,1
9452,9452,Tanveer Varty,42,3,3,2,1
9453,9453,Advik Dutt,28,6,5,4,2
9454,9454,Gaurang Chakraborty,31,6,3,6,2
9455,9455,Sai Sarkar,24,8,2,3,1
9456,9456,Gagan Bath,58,2,1,6,1
9457,9457,Logan Khare,29,6,1,3,2
9458,9458,Vasudha Swamy,35,5,5,7,2
9459,9459,Veda Randhawa,54,5,3,1,1
9460,9460,Vrinda Sandal,35,9,1,7,1
9461,9461,Krisha Date,56,3,3,6,1
9462,9462,Vidhi Shah,70,6,1,4,1
9463,9463,Jacob Wali,55,6,1,1,1
9464,9464,Varsha Vora,28,6,1,7,2
9465,9465,Yashawini Korpal,71,5,2,7,2
9466,9466,Zilmil Sawhney,31,5,1,7,2
9467,9467,Anya Patel,34,9,1,3,1
9468,9468,Samesh Kapoor,44,1,6,1,2
9469,9469,Hemangini Dewan,36,8,1,3,2
9470,9470,Zehaan Bumb,56,3,1,6,1
9471,9471,Hemangini Swamy,30,9,2,5,1
9472,9472,Wyatt Rajan,71,7,1,5,1
9473,9473,Fitan Seth,66,3,1,6,1
9474,9474,Falguni Raman,44,8,1,6,1
9475,9475,Avi Balakrishnan,50,9,3,7,1
9476,9476,Kritika Handa,67,7,3,3,2
9477,9477,Riya Sarraf,64,5,2,5,2
9478,9478,Michael Nazareth,18,1,4,2,2
9479,9479,Ojasvi Merchant,70,4,1,1,2
9480,9480,Aachal Chaudhary,58,6,7,6,2
9481,9481,Aarnav Mann,20,3,1,3,1
9482,9482,Oeshi Guha,59,1,2,5,1
9483,9483,Lipika Mangal,52,6,1,2,1
9484,9484,Faraj Bhattacharyya,30,3,2,3,1
9485,9485,Kevin Saha,65,4,2,2,1
9486,9486,Urvashi Tiwari,37,3,1,5,2
9487,9487,Avni Narang,53,6,3,5,1
9488,9488,Upadhriti Narain,35,8,1,7,1
9489,9489,Vasana Shetty,30,9,1,3,2
9490,9490,Arjun Pingle,48,7,3,7,1
9491,9491,Indali Mitra,51,3,7,2,1
9492,9492,Dipta Kapoor,31,3,1,2,1
9493,9493,Sathvik Jha,37,4,1,2,1
9494,9494,Ekta Bassi,39,3,1,5,1
9495,9495,Peter Palan,57,6,6,6,1
9496,9496,Libni Misra,70,6,1,6,1
9497,9497,Hema Kapadia,43,9,1,6,1
9498,9498,Indira Sandal,33,2,2,6,2
9499,9499,Vasatika Yadav,50,9,1,6,1
9500,9500,Onkar Dave,56,5,1,3,2
9501,9501,Anay Choudhary,62,1,1,3,1
9502,9502,Yatin Dugar,44,4,1,6,2
9503,9503,Ekantika Sani,40,9,5,6,1
9504,9504,Deepa Das,67,7,1,6,1
9505,9505,Hemal Sama,61,8,3,6,1
9506,9506,Nathaniel Gandhi,62,2,1,1,1
9507,9507,Kala Shroff,18,2,1,7,2
9508,9508,Radhika Pall,31,2,1,1,1
9509,9509,Widisha Gade,39,4,1,4,2
9510,9510,Omaja Mittal,58,3,1,2,2
9511,9511,Isaiah Lad,40,2,1,3,2
9512,9512,Manan Srinivas,69,1,3,3,2
9513,9513,Turvi Jani,19,1,4,1,1
9514,9514,Jeremiah Pandey,61,5,3,3,2
9515,9515,Vasana Chaudhari,43,6,2,4,2
9516,9516,Bhavani Sem,45,9,1,6,1
9517,9517,Oeshi Kakar,28,7,1,3,2
9518,9518,Ishaan Jha,28,4,2,5,2
9519,9519,Eta Rajan,60,5,4,4,1
9520,9520,Guneet Anand,52,5,1,3,1
9521,9521,Caleb Sachar,39,6,1,7,1
9522,9522,Ikbal More,39,5,1,3,1
9523,9523,Max Atwal,49,9,1,5,1
9524,9524,Hardik Sibal,35,5,1,6,2
9525,9525,Ucchal Sem,56,6,2,6,2
9526,9526,Bhanumati Khatri,19,1,3,7,1
9527,9527,Maanas Yohannan,56,7,1,4,2
9528,9528,Zaitra Sandhu,75,2,1,5,1
9529,9529,Saanvi Sawhney,28,6,2,5,1
9530,9530,Ansh Raghavan,63,2,1,5,1
9531,9531,Ladli Gupta,71,1,3,2,1
9532,9532,Ira Babu,73,7,1,2,1
9533,9533,Vasatika Kaur,56,4,6,4,2
9534,9534,Victor Sharma,60,4,1,5,2
9535,9535,Indrajit Patla,28,1,1,5,1
9536,9536,Abhimanyu Khanna,71,8,1,6,2
9537,9537,Januja Ramakrishnan,30,5,5,2,2
9538,9538,Pratyush Seth,34,9,2,3,1
9539,9539,Nandini Konda,73,3,1,6,1
9540,9540,Waida Gara,37,9,2,6,1
9541,9541,Jagat Hans,66,6,2,3,1
9542,9542,Aarush Dada,71,2,3,4,1
9543,9543,Advaith Shan,58,1,4,3,1
9544,9544,Chanakya Saran,64,3,1,1,1
9545,9545,Hemal Sachdev,28,8,1,6,2
9546,9546,Prisha Bala,50,8,7,1,2
9547,9547,Azaan Yogi,25,3,1,6,2
9548,9548,Teerth Tara,30,3,7,4,2
9549,9549,Daksha Dubey,30,1,1,1,1
9550,9550,Pratyush Buch,65,1,3,4,2
9551,9551,Siddharth Handa,47,1,1,4,1
9552,9552,Arin Vohra,21,4,6,6,1
9553,9553,Akshay Parmer,21,1,5,7,1
9554,9554,Rehaan Kota,19,3,3,1,2
9555,9555,Anusha Hayer,26,9,2,3,1
9556,9556,Chaitanya Krishnan,55,3,1,2,1
9557,9557,Anthony Gera,52,3,1,3,2
9558,9558,Ishani Sankar,73,7,1,2,1
9559,9559,Daniel Sehgal,38,5,2,3,2
9560,9560,Ekanta Madan,37,4,2,6,2
9561,9561,Hamsini Khanna,53,4,1,6,1
9562,9562,Laksh Dugar,53,4,1,5,1
9563,9563,Noah Pradhan,64,8,2,5,1
9564,9564,Yatan Cherian,66,1,1,2,2
9565,9565,Edhitha Narasimhan,59,7,4,4,1
9566,9566,Aarnav Golla,30,3,3,5,1
9567,9567,Fariq Shah,46,2,1,1,2
9568,9568,Vrinda Pathak,46,9,1,6,2
9569,9569,Christopher Loyal,42,5,1,2,1
9570,9570,Peter Sinha,30,1,1,7,2
9571,9571,Kiaan Patel,30,5,1,7,1
9572,9572,Ishita Dora,49,8,1,4,2
9573,9573,Samesh Mahajan,46,2,1,2,1
9574,9574,Bishakha Sandhu,57,3,1,2,2
9575,9575,Pratyush Panchal,43,9,1,4,2
9576,9576,Qarin Agate,74,6,5,1,2
9577,9577,Amruta Madan,35,7,1,5,2
9578,9578,Atharv Borra,63,1,3,7,2
9579,9579,Ekiya Gopal,25,6,1,5,1
9580,9580,Qadim Agate,36,8,1,4,1
9581,9581,Damini Ram,49,8,6,5,1
9582,9582,Pahal Kar,37,5,1,1,2
9583,9583,Vasudha Kalla,68,5,1,7,2
9584,9584,Mohini Bandi,32,2,5,2,1
9585,9585,Theodore Natarajan,67,6,1,4,2
9586,9586,Samarth Krishnamurthy,58,1,3,3,1
9587,9587,Ishita Uppal,18,3,1,2,2
9588,9588,Baljiwan Kaul,65,6,3,3,2
9589,9589,Amrita Ganguly,65,4,1,4,2
9590,9590,Urvi Majumdar,32,5,2,7,1
9591,9591,Amrita Butala,34,9,1,6,1
9592,9592,Garima Krishna,72,3,1,5,2
9593,9593,Ayaan Dugal,48,1,1,4,2
9594,9594,Anirudh Walia,54,1,4,2,2
9595,9595,Ishanvi Randhawa,22,8,1,1,1
9596,9596,Adweta Narasimhan,46,2,1,6,1
9597,9597,Aditya Sethi,72,9,1,7,1
9598,9598,Warda Mane,24,9,6,6,2
9599,9599,Vasatika Kapur,64,6,3,4,1
9600,9600,Udyati Jhaveri,31,6,1,6,2
9601,9601,Tamanna Shetty,75,8,3,6,1
9602,9602,Ikbal Bora,68,4,2,7,1
9603,9603,Chaaya Dube,34,1,5,3,1
9604,9604,Ayush Atwal,31,4,1,7,2
9605,9605,Vrishti Chhabra,51,2,3,6,1
9606,9606,Laksh Deol,32,5,1,7,1
9607,9607,Yochana Prabhakar,45,6,2,7,2
9608,9608,Irya Warrior,75,7,1,1,1
9609,9609,Odika Shan,23,7,4,2,1
9610,9610,Jagrati Mahajan,60,2,2,6,1
9611,9611,Nicholas Natt,64,9,1,4,1
9612,9612,Jasmit Kota,65,8,1,3,1
9613,9613,Yashoda Bhatti,27,8,1,5,2
9614,9614,Chandran Divan,39,2,3,5,1
9615,9615,Oscar Chaudry,74,5,1,5,1
9616,9616,Yash Deshmukh,49,3,3,4,2
9617,9617,Yachana Ahuja,74,2,1,7,1
9618,9618,Triya Venkataraman,63,2,7,1,2
9619,9619,Chanakya Magar,41,2,1,7,2
9620,9620,Arya Rau,19,1,5,1,1
9621,9621,Patrick Kothari,28,8,3,6,2
9622,9622,Tanveer Mohanty,47,1,2,7,2
9623,9623,Netra Sura,30,8,3,3,1
9624,9624,Tripti Wason,56,4,1,3,1
9625,9625,Neel More,33,8,1,5,1
9626,9626,Aarini Baral,53,2,1,2,1
9627,9627,Yatan Bandi,55,7,1,5,2
9628,9628,Janani Grewal,25,8,3,5,2
9629,9629,Amara Mand,72,4,6,5,1
9630,9630,Wishi Kata,58,2,1,1,2
9631,9631,Champak Chahal,70,4,1,2,1
9632,9632,Umang Merchant,41,4,2,5,1
9633,9633,Chakrika Konda,39,2,4,5,1
9634,9634,Orinder Das,63,2,7,3,1
9635,9635,Ansh Bhattacharyya,64,4,1,4,1
9636,9636,Gayathri Chopra,47,9,1,3,1
9637,9637,Lakshit Mital,56,3,6,1,1
9638,9638,Charan Raj,63,6,1,4,2
9639,9639,Chakradhar Gulati,35,1,1,3,1
9640,9640,Lakshit Oommen,36,4,1,2,2
9641,9641,Jonathan Loke,54,7,1,2,1
9642,9642,Rachit Thakkar,75,8,4,7,2
9643,9643,Akshay Choudhry,70,6,1,6,2
9644,9644,Falan Dhawan,63,4,1,7,1
9645,9645,Mitesh Savant,26,9,4,1,1
9646,9646,Garima Mani,40,5,2,2,1
9647,9647,Aarnav Loke,53,4,6,2,2
9648,9648,Aradhana Sridhar,48,1,6,7,1
9649,9649,Ishita Om,63,8,5,4,1
9650,9650,Jagdish Menon,27,2,1,5,1
9651,9651,Prisha Bhavsar,58,1,6,1,1
9652,9652,Reyansh Mani,58,1,1,1,2
9653,9653,Elijah Luthra,24,7,1,7,2
9654,9654,Tanvi Sood,46,3,7,2,2
9655,9655,Madhav Nagy,25,6,1,6,1
9656,9656,Vedika Sawhney,57,4,1,3,2
9657,9657,Anusha Kota,71,8,1,2,2
9658,9658,Upadhriti Bandi,45,6,1,6,1
9659,9659,Yashvi Ramaswamy,37,3,1,1,2
9660,9660,Nidhi Ben,60,3,1,4,1
9661,9661,Ijaya Baral,49,6,1,6,1
9662,9662,Reva Dugal,22,3,3,6,1
9663,9663,Yoshita Buch,29,3,1,3,1
9664,9664,Hamsini Purohit,36,6,7,6,1
9665,9665,Leena Bhardwaj,44,2,1,1,1
9666,9666,William Chawla,71,1,2,3,1
9667,9667,Lopa Ranganathan,55,5,1,3,2
9668,9668,Kamya Choudhry,59,4,1,5,2
9669,9669,Radhika Mangal,38,2,3,2,2
9670,9670,Lopa Prashad,25,2,1,3,2
9671,9671,Matthew Munshi,39,1,1,4,2
9672,9672,Inaya Guha,43,6,1,2,1
9673,9673,Vanya Prasad,35,5,1,3,1
9674,9674,David Sharaf,46,7,1,4,1
9675,9675,Omisha Oza,70,4,6,3,1
9676,9676,Mohammed Bhatt,22,3,1,5,1
9677,9677,Aradhana Konda,73,8,1,5,2
9678,9678,Chanchal Pathak,47,7,1,7,1
9679,9679,Maanas Kota,44,8,2,3,1
9680,9680,Saanvi Pradhan,53,5,4,5,1
9681,9681,Brijesh Chahal,29,2,1,1,2
9682,9682,Theodore Mutti,20,4,1,4,1
9683,9683,Ekbal Bedi,26,4,1,2,2
9684,9684,Rachita Yadav,21,3,2,3,1
9685,9685,Odika Radhakrishnan,67,4,2,6,2
9686,9686,Hemangini Pant,63,1,1,1,2
9687,9687,Chandani Rau,28,3,2,6,1
9688,9688,Rajeshri Vig,63,9,1,3,2
9689,9689,David Verma,47,4,2,6,1
9690,9690,Unni Datta,32,9,1,6,2
9691,9691,Chatura Bansal,29,7,3,2,2
9692,9692,Vasudha Thakur,43,6,1,1,1
9693,9693,Yatin Natarajan,72,6,3,1,2
9694,9694,Mugdha Mallick,29,1,4,6,1
9695,9695,Vyanjana Nagarajan,70,8,1,2,1
9696,9696,Kevin Bumb,69,6,1,7,2
9697,9697,Deepa Shukla,73,9,6,2,2
9698,9698,Lajita Toor,27,4,1,7,1
9699,9699,Bhavna Wadhwa,29,4,6,2,2
9700,9700,Bhavika Sharaf,47,8,3,1,2
9701,9701,Nathaniel Biswas,21,8,3,7,2
9702,9702,Harsh Subramanian,37,4,1,2,1
9703,9703,Alka Thakur,42,9,1,2,1
9704,9704,Meghana Patla,49,2,1,5,1
9705,9705,Nisha Mand,48,4,3,4,1
9706,9706,Daksha Sani,73,7,4,2,2
9707,9707,Vanya Gopal,61,8,5,1,2
9708,9708,Praneel Mann,28,6,1,2,1
9709,9709,Watika Sampath,44,9,4,2,1
9710,9710,Arin Chaudhari,63,3,1,3,2
9711,9711,Fiyaz Prasad,31,9,5,2,1
9712,9712,Jeet Das,29,6,1,4,1
9713,9713,Bhanumati Prabhakar,38,7,7,3,1
9714,9714,Panini Sankar,30,1,3,7,2
9715,9715,Tanvi Chada,63,9,1,5,1
9716,9716,Anika Wali,68,8,1,1,2
9717,9717,Jai Mangat,74,8,1,2,1
9718,9718,Anirudh Yogi,27,8,3,7,1
9719,9719,Siya Ravel,60,1,6,5,1
9720,9720,Aachal Virk,40,9,6,2,1
9721,9721,Urvi Das,54,3,1,4,1
9722,9722,Shivani Ranganathan,66,8,1,5,1
9723,9723,Harinakshi Kurian,32,2,4,3,2
9724,9724,Edhitha Bassi,53,4,1,3,1
9725,9725,Azad Nanda,60,2,2,2,1
9726,9726,Tara Sarin,35,2,2,2,1
9727,9727,Patrick Deol,54,7,1,5,2
9728,9728,Owen Kuruvilla,35,4,3,5,1
9729,9729,Urvi Mukherjee,46,3,1,1,1
9730,9730,Jeremiah Dash,73,3,1,7,1
9731,9731,Zinal Sunder,59,1,1,4,2
9732,9732,Sachi Sanghvi,42,4,3,3,1
9733,9733,Mason Kaul,41,4,1,1,2
9734,9734,David Bose,25,8,1,5,2
9735,9735,Shravya Majumdar,43,5,2,7,1
9736,9736,Indali Dua,66,6,2,3,1
9737,9737,Orinder Sharaf,71,6,2,4,2
9738,9738,Ijaya Ahluwalia,34,8,1,1,1
9739,9739,Viraj Bala,58,7,1,2,1
9740,9740,Aarna Prabhu,19,4,1,3,1
9741,9741,Reva Shroff,68,3,1,4,2
9742,9742,Ronith Sachar,74,1,4,6,2
9743,9743,Damini Nagarajan,20,1,2,5,2
9744,9744,Yasti Panchal,45,9,4,3,2
9745,9745,Reyansh Pandya,40,4,1,1,2
9746,9746,Vasatika Kari,62,4,4,4,2
9747,9747,Omya Raghavan,28,9,1,6,1
9748,9748,Unni Malhotra,61,1,1,3,1
9749,9749,Rajeshri Verma,61,2,1,4,2
9750,9750,Faqid Rege,36,2,2,7,1
9751,9751,Chatura Shan,21,4,2,3,1
9752,9752,Lajita Chatterjee,70,6,2,5,2
9753,9753,Udyati Sehgal,29,8,5,4,2
9754,9754,Vamakshi Mohan,60,9,1,5,2
9755,9755,Meghana Arya,21,7,2,7,2
9756,9756,Quincy Bassi,32,4,3,3,2
9757,9757,Kabir Dugar,56,7,2,4,1
9758,9758,Yatan Anand,68,8,1,7,1
9759,9759,Anmol Basu,40,5,6,1,1
9760,9760,Tripti Varkey,24,3,3,4,2
9761,9761,Aishani Lal,41,5,1,1,1
9762,9762,Chandani Handa,26,4,3,3,1
9763,9763,Anya Cherian,32,4,1,4,1
9764,9764,Pallavi Gill,41,4,1,1,2
9765,9765,Baljiwan Dua,60,2,1,1,2
9766,9766,Manya Bora,28,5,2,4,2
9767,9767,Dayita Palan,52,4,5,1,1
9768,9768,Frederick Manda,21,3,1,6,1
9769,9769,Kamya Mital,62,6,3,2,1
9770,9770,Ekantika Radhakrishnan,41,6,5,6,2
9771,9771,Indrajit Chacko,57,9,2,1,2
9772,9772,Urmi Shanker,34,9,1,6,1
9773,9773,Hemangini Patel,54,1,6,5,2
9774,9774,Amrita Pandey,19,2,1,1,2
9775,9775,Harshil Sha,74,5,1,1,1
9776,9776,Zilmil Lad,69,7,1,5,1
9777,9777,Fariq Mohan,59,9,4,1,2
9778,9778,Hema Ravi,70,6,1,2,2
9779,9779,Pranav Bhattacharyya,54,7,2,1,1
9780,9780,Triya Baria,31,5,1,4,1
9781,9781,Aditya Rau,71,8,1,4,2
9782,9782,Ranveer Mahajan,19,8,6,7,1
9783,9783,Gautami Naidu,32,5,3,1,2
9784,9784,Vidhi Atwal,34,1,1,1,2
9785,9785,Oscar Ramaswamy,50,9,6,5,2
9786,9786,Adya Nanda,24,7,4,4,2
9787,9787,Tarak Memon,37,6,2,1,1
9788,9788,Pavani Tank,19,6,1,4,2
9789,9789,Vamakshi Nanda,50,4,1,3,1
9790,9790,Wriddhish Sathe,36,8,1,1,1
9791,9791,Anamika Pandey,52,8,1,2,1
9792,9792,Bimala Varghese,51,4,1,7,1
9793,9793,Aditya Dewan,42,6,4,1,1
9794,9794,Yahvi Om,49,4,1,6,2
9795,9795,Neha Gopal,73,9,1,5,2
9796,9796,Lakshmi Sawhney,48,3,1,5,1
9797,9797,Ojasvi Kannan,29,6,1,1,1
9798,9798,Vasatika Chada,31,1,1,3,1
9799,9799,Anay Sarraf,55,8,7,3,1
9800,9800,Rachit Date,70,2,1,2,2
9801,9801,Amara Chacko,43,7,1,1,1
9802,9802,Lohit Bains,73,2,5,5,2
9803,9803,Elijah Deo,75,5,1,5,1
9804,9804,Waida Madan,60,3,1,2,2
9805,9805,Meghana Puri,59,8,1,6,2
9806,9806,Indrajit Reddy,56,1,1,2,2
9807,9807,Omisha Bose,61,9,2,1,1
9808,9808,Dakshesh Gupta,64,1,1,3,1
9809,9809,Imaran Atwal,53,8,4,7,1
9810,9810,Isaac Kibe,54,7,1,1,2
9811,9811,Aradhana Tella,34,7,1,3,1
9812,9812,Gagan Raman,30,4,7,4,2
9813,9813,Rayaan Dani,38,4,1,2,2
9814,9814,Joshua Bhakta,38,2,4,3,1
9815,9815,Anthony Dalal,25,7,7,4,2
9816,9816,Rajeshri Vala,58,7,5,7,1
9817,9817,Aahana Dora,27,1,1,6,1
9818,9818,Siya Kota,71,2,3,7,1
9819,9819,Krishna Kannan,42,2,1,1,2
9820,9820,Hredhaan Mannan,41,2,6,5,2
9821,9821,Falguni Pillay,75,7,3,2,1
9822,9822,Tanish Aurora,75,8,1,1,1
9823,9823,Ojasvi Chaudhary,50,5,7,4,1
9824,9824,Chandani Sampath,37,8,3,4,2
9825,9825,Forum Buch,56,2,1,7,1
9826,9826,Harita Pandit,19,8,1,5,1
9827,9827,Vivaan Sheth,71,6,5,1,1
9828,9828,Chaman Chaudhary,38,8,1,5,1
9829,9829,Zayan Sampath,28,8,5,4,1
9830,9830,Advay Goswami,28,2,1,2,1
9831,9831,Neel Sekhon,68,6,3,6,1
9832,9832,Garima Bhavsar,75,9,2,3,1
9833,9833,Charvi Soman,69,3,1,4,2
9834,9834,Anay Acharya,60,8,2,7,1
9835,9835,Madhav Ramesh,28,8,7,2,2
9836,9836,Bhavini Kalita,60,9,2,6,1
9837,9837,Frederick Mody,26,3,1,4,2
9838,9838,Tarak Shukla,46,4,1,4,2
9839,9839,Mason De,54,6,2,3,2
9840,9840,Rudra Murthy,29,7,1,3,2
9841,9841,Tripti Gupta,56,8,1,3,2
9842,9842,Yauvani Sengupta,33,6,2,4,1
9843,9843,Udant Bajaj,71,8,1,5,2
9844,9844,Yatan Mani,53,7,1,5,2
9845,9845,Nidhi Bal,26,7,1,5,1
9846,9846,Owen Sodhi,59,8,2,3,2
9847,9847,Anvi Rana,22,9,1,4,1
9848,9848,Abeer Kara,59,4,1,7,1
9849,9849,Vasudha Shan,28,6,2,2,2
9850,9850,Kashvi Korpal,38,5,1,7,2
9851,9851,Pahal Korpal,54,5,1,4,1
9852,9852,Warhi Zacharia,23,1,5,4,1
9853,9853,Guneet Bumb,21,5,1,4,1
9854,9854,Kashvi Ratta,56,1,2,5,2
9855,9855,Megha Dhar,74,9,1,5,1
9856,9856,Faraj Ratti,36,6,1,6,1
9857,9857,Chaitaly Wable,60,8,1,1,1
9858,9858,Watika Walla,34,5,1,5,2
9859,9859,Manan Kota,27,8,1,3,1
9860,9860,Imaran Rao,60,3,2,4,1
9861,9861,Adweta Edwin,43,8,1,7,2
9862,9862,Banjeet Rana,39,9,1,3,2
9863,9863,Bhavna Bava,66,6,1,4,2
9864,9864,Wazir Bansal,72,4,1,1,1
9865,9865,Vasatika Kannan,58,8,1,1,1
9866,9866,Nihal Mandal,50,8,2,2,1
9867,9867,Darika Om,32,5,6,3,2
9868,9868,Aarnav Kamdar,50,1,7,4,2
9869,9869,Ganga Behl,19,7,1,2,1
9870,9870,Chanakya Grewal,67,8,1,4,2
9871,9871,Azad Brahmbhatt,35,7,2,6,2
9872,9872,Madhav Mani,49,5,1,5,1
9873,9873,Kai Badami,35,2,3,5,1
9874,9874,Xiti Kannan,66,1,1,3,2
9875,9875,Banjeet Mammen,35,4,1,2,2
9876,9876,Jairaj Chacko,19,6,3,2,2
9877,9877,Yuvraj Brahmbhatt,22,6,6,4,2
9878,9878,Rachana Bhatt,53,8,1,7,1
9879,9879,Veer Cheema,70,9,1,4,2
9880,9880,Nimrat Tella,75,4,2,7,1
9881,9881,Dayita Keer,38,4,5,2,1
9882,9882,Damini Padmanabhan,32,7,2,1,1
9883,9883,Chameli Bansal,64,7,1,7,1
9884,9884,Nitara Chad,44,8,1,1,2
9885,9885,Vritti Dhar,34,9,1,6,1
9886,9886,Yashica Sharma,25,3,2,6,1
9887,9887,Yashoda Rau,44,8,1,3,1
9888,9888,Anay Mitra,44,8,6,5,1
9889,9889,Mekhala Prabhu,74,9,7,1,1
9890,9890,Lakshmi Varty,34,8,3,3,1
9891,9891,Pahal Rai,31,8,3,6,1
9892,9892,Benjamin Lal,47,5,7,1,2
9893,9893,Kabir Deo,48,8,1,1,2
9894,9894,Zashil Kaul,22,5,1,5,1
9895,9895,Yatan Reddy,25,3,2,3,1
9896,9896,Advaith Misra,21,5,5,5,1
9897,9897,Jagat Wason,55,4,1,4,2
9898,9898,Ayaan Guha,33,9,1,3,1
9899,9899,Maanav Mall,42,1,1,6,1
9900,9900,Krish Bera,23,3,1,1,1
9901,9901,Shravya Sachar,71,8,6,5,1
9902,9902,Raksha Mani,63,8,1,7,2
9903,9903,Hemani Aggarwal,25,3,1,3,1
9904,9904,Odika Manne,24,1,1,4,1
9905,9905,Upma Sharma,55,2,2,4,1
9906,9906,Ojas Pall,19,9,2,6,2
9907,9907,Yash Dash,73,4,7,7,1
9908,9908,Ekalinga Madan,63,1,7,7,1
9909,9909,Qushi Guha,29,3,1,3,1
9910,9910,Maanav Tripathi,60,6,1,2,1
9911,9911,Yamini Brar,23,6,1,7,1
9912,9912,Raksha Goel,46,2,5,4,2
9913,9913,Bakhshi Bhatt,41,3,1,7,2
9914,9914,Chaman Tiwari,75,9,1,3,2
9915,9915,Utkarsh Krish,64,4,1,2,1
9916,9916,Ikbal Gopal,49,4,5,1,1
9917,9917,Joshua Kaur,25,2,2,2,2
9918,9918,Hemang Oza,23,4,2,5,1
9919,9919,Adya Date,57,9,2,2,1
9920,9920,Vrishti Acharya,69,7,7,6,1
9921,9921,Hemang Edwin,24,6,2,2,1
9922,9922,Girish Raj,38,2,5,3,1
9923,9923,Harrison Sehgal,53,4,4,4,2
9924,9924,Robert Tak,61,6,1,2,2
9925,9925,Vivaan Menon,56,5,5,1,1
9926,9926,Amruta Taneja,37,6,2,7,1
9927,9927,Agastya Upadhyay,56,6,3,5,2
9928,9928,George Vora,18,4,2,2,2
9929,9929,Eshana Raja,65,6,1,7,1
9930,9930,Zarna Sheth,56,7,1,5,1
9931,9931,Darika Patel,53,6,3,6,1
9932,9932,Lavanya Kannan,55,2,3,2,2
9933,9933,Ubika Tak,27,1,1,6,1
9934,9934,Rayaan Kulkarni,45,7,3,4,2
9935,9935,Daksh Munshi,26,8,2,4,2
9936,9936,Xalak Chaudhuri,32,4,1,2,1
9937,9937,Inaya Mannan,73,8,6,7,1
9938,9938,Dominic Muni,71,7,1,6,2
9939,9939,Nihal Borah,65,2,1,4,1
9940,9940,Chaaya Gala,59,9,1,1,2
9941,9941,Vanya Warrior,32,1,1,5,2
9942,9942,Anirudh Dhar,23,4,7,4,1
9943,9943,Samesh Gandhi,28,5,7,6,1
9944,9944,Hritik Sangha,55,2,1,4,2
9945,9945,Waida Bains,18,7,2,6,1
9946,9946,Wridesh Mand,57,5,6,4,1
9947,9947,Abhiram Bava,27,2,2,5,1
9948,9948,Nikita Gara,55,2,1,3,1
9949,9949,Gagan Balay,70,5,6,1,2
9950,9950,Harsh Bhasin,42,4,6,6,1
9951,9951,Falan Vyas,60,2,2,3,2
9952,9952,Vansha Subramaniam,19,7,1,6,2
9953,9953,Yasti Sathe,35,2,1,6,2
9954,9954,Wazir Gopal,22,9,1,5,1
9955,9955,Balveer Yohannan,66,2,6,1,2
9956,9956,Radhika Sur,21,7,6,4,2
9957,9957,Garima Pai,36,9,1,4,2
9958,9958,Christopher Mander,47,5,3,6,1
9959,9959,Anay Grewal,64,5,1,3,1
9960,9960,Kamala Patla,46,2,1,2,2
9961,9961,Advik Nagarajan,19,8,7,4,1
9962,9962,Panini Lall,48,5,7,7,2
9963,9963,Nihal Sahni,66,8,3,5,2
9964,9964,Bhavani Balan,20,6,3,1,1
9965,9965,Aryan Raval,56,1,2,7,1
9966,9966,Charvi Kashyap,31,6,1,2,2
9967,9967,Bachittar Sundaram,47,6,1,4,2
9968,9968,Harini Merchant,26,4,1,1,1
9969,9969,Vasana Mohanty,68,7,1,4,2
9970,9970,Isha Gill,64,9,1,1,2
9971,9971,Sachi Pandit,62,1,6,2,1
9972,9972,Tanay Dugar,46,6,1,4,1
9973,9973,Tanvi Vohra,32,2,2,7,1
9974,9974,Tanmayi Padmanabhan,67,8,2,3,2
9975,9975,Faraj Gaba,72,5,1,7,2
9976,9976,Daksha Karan,43,6,1,2,2
9977,9977,Hemang Sarma,26,3,1,5,2
9978,9978,Harini Sarkar,68,2,1,2,1
9979,9979,Aishani Pandey,54,4,1,4,2
9980,9980,Onveer Dhaliwal,60,7,3,1,1
9981,9981,Frederick Kar,42,7,1,3,2
9982,9982,Qasim Prabhakar,38,8,2,5,2
9983,9983,Mitesh Manda,23,4,2,5,1
9984,9984,Chatresh Dugal,56,7,1,6,1
9985,9985,Vrishti Pau,58,9,1,7,1
9986,9986,Baljiwan Sha,62,7,7,6,2
9987,9987,Udant Tailor,68,9,2,3,2
9988,9988,Ayaan Talwar,43,9,1,3,1
9989,9989,Yutika Konda,19,6,1,6,1
9990,9990,Januja Chopra,58,1,1,3,2
9991,9991,Neha Kadakia,68,4,2,3,1
9992,9992,Anirudh Chada,38,7,1,1,1
9993,9993,Jairaj Ahluwalia,46,7,5,3,2
9994,9994,Nisha Khalsa,58,8,6,4,1
9995,9995,Zayyan Datta,25,7,1,4,1
9996,9996,Bakhshi Kala,62,7,1,4,2
9997,9997,Hemal Mittal,43,3,2,1,2
9998,9998,Christopher Keer,52,1,3,7,2
9999,9999,Dakshesh Subramanian,55,3,1,7,2
10000,10000,Vritti Bhasin,63,2,2,5,2
