CaseMasterID,OccuranceFrom,OccuranceTo,PlaceOfOccurance
1,2026-06-09T08:40:24.172954,2026-06-11T14:40:24.172954,"Raju Nagar, Belagavi"
2,2025-05-12T19:40:24.173183,2025-05-14T14:40:24.173183,"Krishnan Ganj, Chamarajanagara"
3,2025-11-09T12:40:24.173291,2025-11-10T14:40:24.173291,"Verma Road, Belagavi"
4,2025-12-08T03:40:24.173416,2025-12-09T14:40:24.173416,"Doctor Ganj, Bengaluru Urban"
5,2025-08-03T02:40:24.173575,2025-08-05T14:40:24.173575,"Warrior Ganj, Belagavi"
6,2025-01-10T12:40:24.173770,2025-01-12T14:40:24.173770,"Chakraborty Path, Mysuru"
7,2025-07-24T06:40:24.173895,2025-07-24T14:40:24.173895,"Tella Ganj, Haveri"
8,2026-02-23T20:40:24.173981,2026-02-24T14:40:24.173981,"Rout Path, Belagavi"
9,2025-06-29T02:40:24.174065,2025-06-29T14:40:24.174065,"Agrawal Nagar, Bengaluru Urban"
10,2026-02-25T18:40:24.174205,2026-02-26T14:40:24.174205,"Rajagopal Chowk, Koppal"
11,2024-09-02T23:40:24.174285,2024-09-03T14:40:24.174285,"Kothari Nagar, Belagavi"
12,2025-05-16T09:40:24.174395,2025-05-16T14:40:24.174395,"Saraf Path, Udupi"
13,2026-03-06T05:40:24.174501,2026-03-08T14:40:24.174501,"Thaman Nagar, Belagavi"
14,2025-04-19T00:40:24.174621,2025-04-21T14:40:24.174621,"Bava Nagar, Tumakuru"
15,2025-01-08T11:40:24.174775,2025-01-08T14:40:24.174775,"Dalal, Ballari"
16,2025-12-04T16:40:24.174878,2025-12-05T14:40:24.174878,"Merchant Marg, Mysuru"
17,2024-10-06T01:40:24.174991,2024-10-08T14:40:24.174991,"Chaudhuri Zila, Bagalkote"
18,2026-04-26T15:40:24.175094,2026-04-27T14:40:24.175094,"Bath Zila, Bagalkote"
19,2024-11-25T01:40:24.175176,2024-11-27T14:40:24.175176,"Loyal, Belagavi"
20,2026-02-20T13:40:24.175295,2026-02-20T14:40:24.175295,"Subramanian Marg, Bengaluru Urban"
21,2026-02-15T16:40:24.175371,2026-02-18T14:40:24.175371,"Sura Chowk, Belagavi"
22,2026-05-11T20:40:24.175492,2026-05-13T14:40:24.175492,"Bhagat Street, Belagavi"
23,2026-03-03T16:40:24.175630,2026-03-06T14:40:24.175630,"Tripathi Nagar, Belagavi"
24,2025-02-01T19:40:24.175722,2025-02-02T14:40:24.175722,"Tank Zila, Shivamogga"
25,2026-04-11T20:40:24.175821,2026-04-12T14:40:24.175821,"Jhaveri Circle, Kodagu"
26,2026-06-10T00:40:24.175955,2026-06-12T14:40:24.175955,"Comar Chowk, Chamarajanagara"
27,2026-04-02T18:40:24.176061,2026-04-04T14:40:24.176061,"Hayre, Belagavi"
28,2026-06-11T11:40:24.176152,2026-06-12T14:40:24.176152,"Chokshi Path, Yadgir"
29,2025-12-25T01:40:24.176294,2025-12-27T14:40:24.176294,"Ram Zila, Bengaluru Urban"
30,2026-01-17T22:40:24.176422,2026-01-20T14:40:24.176422,"Murthy Circle, Mysuru"
31,2024-10-27T19:40:24.176500,2024-10-30T14:40:24.176500,"Pandey Zila, Udupi"
32,2024-12-17T23:40:24.176625,2024-12-18T14:40:24.176625,"Bera Street, Ballari"
33,2025-08-12T11:40:24.176736,2025-08-12T14:40:24.176736,"Ramachandran Circle, Belagavi"
34,2026-05-02T23:40:24.176835,2026-05-04T14:40:24.176835,"Pillai Ganj, Mysuru"
35,2024-10-19T18:40:24.176900,2024-10-20T14:40:24.176900,"Ghose Street, Belagavi"
36,2025-05-28T18:40:24.177008,2025-05-31T14:40:24.177008,"Parmar Chowk, Chamarajanagara"
37,2024-12-21T05:40:24.177111,2024-12-23T14:40:24.177111,"Narula Path, Bengaluru Urban"
38,2026-02-27T21:40:24.177230,2026-03-01T14:40:24.177230,"Prasad Circle, Belagavi"
39,2025-10-11T01:40:24.177323,2025-10-12T14:40:24.177323,"Samra Ganj, Mysuru"
40,2026-01-18T04:40:24.177436,2026-01-19T14:40:24.177436,"Rama Marg, Bengaluru Urban"
41,2026-04-29T10:40:24.177579,2026-04-30T14:40:24.177579,"Chadha, Belagavi"
42,2026-05-23T02:40:24.177662,2026-05-23T14:40:24.177662,"Walla Street, Haveri"
43,2026-04-04T18:40:24.177755,2026-04-07T14:40:24.177755,"Ramesh, Hassan"
44,2026-06-23T23:40:24.177852,2026-06-25T14:40:24.177852,"Golla Zila, Belagavi"
45,2024-10-31T11:40:24.177923,2024-11-02T14:40:24.177923,"Hora Zila, Raichur"
46,2026-03-20T15:40:24.178019,2026-03-23T14:40:24.178019,"Mohan Path, Belagavi"
47,2025-07-07T12:40:24.178116,2025-07-08T14:40:24.178116,"Sehgal Chowk, Gadag"
48,2026-04-09T20:40:24.178186,2026-04-12T14:40:24.178186,"Dey Road, Belagavi"
49,2024-09-17T13:40:24.178250,2024-09-17T14:40:24.178250,"Ravel Nagar, Kolar"
50,2024-08-12T19:40:24.178366,2024-08-13T14:40:24.178366,"Dey Circle, Yadgir"
51,2025-04-07T20:40:24.178476,2025-04-08T14:40:24.178476,"Vasa Ganj, Belagavi"
52,2025-05-08T18:40:24.178611,2025-05-11T14:40:24.178611,"Lall Road, Vijayanagara"
53,2025-05-06T05:40:24.178686,2025-05-06T14:40:24.178686,"Puri Road, Davanagere"
54,2026-06-20T20:40:24.178810,2026-06-22T14:40:24.178810,"Dugar Street, Chikkamagaluru"
55,2026-06-12T13:40:24.178891,2026-06-14T14:40:24.178891,"Edwin Ganj, Hassan"
56,2025-10-28T08:40:24.179013,2025-10-28T14:40:24.179013,"Sinha, Kodagu"
57,2024-09-13T13:40:24.179115,2024-09-15T14:40:24.179115,"Babu Zila, Chitradurga"
58,2026-03-20T05:40:24.179207,2026-03-20T14:40:24.179207,"Zacharia Street, Belagavi"
59,2026-03-09T19:40:24.179363,2026-03-11T14:40:24.179363,"Rege Road, Belagavi"
60,2025-04-14T00:40:24.179438,2025-04-15T14:40:24.179438,"Prashad Nagar, Davanagere"
61,2025-03-17T19:40:24.179579,2025-03-18T14:40:24.179579,"Subramanian Circle, Chikkaballapura"
62,2026-04-27T15:40:24.179721,2026-04-30T14:40:24.179721,"Ramachandran Street, Belagavi"
63,2025-10-29T01:40:24.179946,2025-10-31T14:40:24.179946,"Bhandari Road, Belagavi"
64,2024-10-11T13:40:24.180056,2024-10-13T14:40:24.180056,"Khare Path, Dharwad"
65,2025-03-14T08:40:24.180151,2025-03-15T14:40:24.180151,"Mane Circle, Gadag"
66,2025-06-04T23:40:24.180252,2025-06-06T14:40:24.180252,"Bora Zila, Bagalkote"
67,2026-01-31T11:40:24.180320,2026-02-01T14:40:24.180320,"Sule Marg, Bagalkote"
68,2026-05-02T14:40:24.180445,2026-05-04T14:40:24.180445,"Chander Road, Chikkaballapura"
69,2026-02-20T05:40:24.180512,2026-02-22T14:40:24.180512,"Kamdar Path, Bengaluru Urban"
70,2025-12-26T16:40:24.180656,2025-12-27T14:40:24.180656,"Brar Zila, Vijayanagara"
71,2024-12-05T20:40:24.180752,2024-12-06T14:40:24.180752,"Kapadia Marg, Vijayanagara"
72,2025-11-07T19:40:24.181008,2025-11-10T14:40:24.181008,"Vasa Zila, Belagavi"
73,2026-03-07T11:40:24.181112,2026-03-08T14:40:24.181112,"Chaudhuri, Belagavi"
74,2026-06-19T13:40:24.181214,2026-06-21T14:40:24.181214,"Kade Marg, Belagavi"
75,2026-06-09T05:40:24.181299,2026-06-10T14:40:24.181299,"Deep Street, Belagavi"
76,2025-01-25T13:40:24.181389,2025-01-27T14:40:24.181389,"Andra Chowk, Belagavi"
77,2026-03-06T12:40:24.181516,2026-03-06T14:40:24.181516,"Lad Path, Bengaluru Rural"
78,2025-01-14T13:40:24.181726,2025-01-14T14:40:24.181726,"Brar Chowk, Bengaluru Urban"
79,2025-12-05T20:40:24.181850,2025-12-07T14:40:24.181850,"Loke Road, Chikkamagaluru"
80,2024-11-12T13:40:24.181959,2024-11-12T14:40:24.181959,"Kade Zila, Mysuru"
81,2025-09-23T22:40:24.182046,2025-09-24T14:40:24.182046,"Bhagat Circle, Udupi"
82,2025-07-30T01:40:24.182131,2025-07-31T14:40:24.182131,"Karnik Road, Koppal"
83,2024-08-01T02:40:24.182316,2024-08-02T14:40:24.182316,"Saran, Chikkamagaluru"
84,2026-06-23T11:40:24.182399,2026-06-25T14:40:24.182399,"Pau Road, Belagavi"
85,2025-09-06T19:40:24.182482,2025-09-09T14:40:24.182482,"Warrior Chowk, Mysuru"
86,2026-03-01T05:40:24.182621,2026-03-02T14:40:24.182621,"Kashyap Road, Belagavi"
87,2025-07-17T12:40:24.182762,2025-07-19T14:40:24.182762,"Magar Circle, Haveri"
88,2025-04-27T21:40:24.182864,2025-04-29T14:40:24.182864,"Swamy, Haveri"
89,2025-03-07T13:40:24.182940,2025-03-07T14:40:24.182940,"Grewal Nagar, Belagavi"
90,2025-12-02T23:40:24.183028,2025-12-05T14:40:24.183028,"Tak Nagar, Belagavi"
91,2025-12-19T21:40:24.183154,2025-12-20T14:40:24.183154,"Raj Road, Chamarajanagara"
92,2025-09-17T02:40:24.183247,2025-09-18T14:40:24.183247,"Issac Nagar, Kolar"
93,2026-04-13T08:40:24.183362,2026-04-13T14:40:24.183362,"Misra Chowk, Belagavi"
94,2026-04-25T21:40:24.183481,2026-04-26T14:40:24.183481,"Soman Nagar, Belagavi"
95,2026-04-25T14:40:24.183641,2026-04-26T14:40:24.183641,"Parekh Nagar, Vijayapura"
96,2026-05-18T14:40:24.183741,2026-05-20T14:40:24.183741,"Purohit Nagar, Kodagu"
97,2025-10-19T11:40:24.183821,2025-10-21T14:40:24.183821,"Menon Circle, Kalaburagi"
98,2026-02-14T20:40:24.184000,2026-02-15T14:40:24.184000,"Toor Nagar, Belagavi"
99,2026-06-15T04:40:24.184160,2026-06-15T14:40:24.184160,"Balay Street, Belagavi"
100,2025-11-13T06:40:24.184283,2025-11-13T14:40:24.184283,"Bhat Chowk, Kolar"
101,2026-01-04T05:40:24.184383,2026-01-06T14:40:24.184383,"Chaudhuri Zila, Kalaburagi"
102,2026-04-06T06:40:24.184478,2026-04-06T14:40:24.184478,"Sagar Circle, Belagavi"
103,2025-08-27T16:40:24.184632,2025-08-29T14:40:24.184632,"Nair Circle, Bengaluru Urban"
104,2025-01-28T00:40:24.184734,2025-01-29T14:40:24.184734,"Banerjee Nagar, Chitradurga"
105,2025-03-12T10:40:24.184825,2025-03-14T14:40:24.184825,"Bains Path, Belagavi"
106,2025-06-09T00:40:24.184906,2025-06-09T14:40:24.184906,"Peri Road, Belagavi"
107,2025-04-19T12:40:24.185036,2025-04-20T14:40:24.185036,"Raj, Shivamogga"
108,2025-04-28T16:40:24.185159,2025-05-01T14:40:24.185159,"Dua Ganj, Belagavi"
109,2026-06-06T06:40:24.185301,2026-06-08T14:40:24.185301,"Saraf Circle, Udupi"
110,2025-12-15T03:40:24.185396,2025-12-15T14:40:24.185396,"Chakraborty Path, Koppal"
111,2026-03-28T21:40:24.185498,2026-03-30T14:40:24.185498,"Sathe, Koppal"
112,2026-03-09T00:40:24.185639,2026-03-10T14:40:24.185639,"Atwal Road, Belagavi"
113,2026-03-14T14:40:24.185744,2026-03-16T14:40:24.185744,"Puri Nagar, Shivamogga"
114,2025-12-20T12:40:24.185833,2025-12-22T14:40:24.185833,"Parsa Road, Belagavi"
115,2026-02-04T22:40:24.186004,2026-02-05T14:40:24.186004,"Wali, Belagavi"
116,2026-04-18T19:40:24.186104,2026-04-21T14:40:24.186104,"Badami Street, Belagavi"
117,2026-04-20T23:40:24.186166,2026-04-23T14:40:24.186166,"Bhatia Road, Kolar"
118,2026-05-01T23:40:24.186267,2026-05-02T14:40:24.186267,"Ramaswamy Path, Tumakuru"
119,2026-03-29T01:40:24.186411,2026-03-30T14:40:24.186411,"Sani Street, Bidar"
120,2026-05-25T19:40:24.186506,2026-05-26T14:40:24.186506,"Savant Road, Bagalkote"
121,2025-04-05T08:40:24.186681,2025-04-07T14:40:24.186681,"Thakkar Street, Mandya"
122,2025-07-17T19:40:24.186779,2025-07-18T14:40:24.186779,"Madan Nagar, Bengaluru Urban"
123,2026-06-12T06:40:24.186913,2026-06-13T14:40:24.186913,"Ramesh Path, Ballari"
124,2026-06-07T16:40:24.187096,2026-06-10T14:40:24.187096,"Menon Marg, Belagavi"
125,2026-04-24T20:40:24.187224,2026-04-25T14:40:24.187224,"Sachdev Marg, Belagavi"
126,2024-07-26T17:40:24.187377,2024-07-27T14:40:24.187377,"Chada Path, Davanagere"
127,2026-02-24T09:40:24.187509,2026-02-25T14:40:24.187509,"Gola Street, Mysuru"
128,2024-10-16T03:40:24.187681,2024-10-16T14:40:24.187681,"Dalal Street, Ballari"
129,2025-12-18T06:40:24.187890,2025-12-18T14:40:24.187890,"Soni, Bengaluru Urban"
130,2026-05-19T15:40:24.188004,2026-05-22T14:40:24.188004,"Divan Street, Belagavi"
131,2024-09-04T16:40:24.188126,2024-09-06T14:40:24.188126,"Parsa Chowk, Mysuru"
132,2024-09-02T10:40:24.188280,2024-09-03T14:40:24.188280,"Bhardwaj, Chikkamagaluru"
133,2025-10-11T14:40:24.188408,2025-10-14T14:40:24.188408,"Shroff Nagar, Belagavi"
134,2026-04-09T00:40:24.188530,2026-04-10T14:40:24.188530,"Om Path, Belagavi"
135,2025-11-14T21:40:24.188710,2025-11-17T14:40:24.188710,"Bhalla Marg, Belagavi"
136,2025-10-15T10:40:24.188805,2025-10-15T14:40:24.188805,"Warrior Marg, Bengaluru Urban"
137,2026-06-14T18:40:24.188948,2026-06-17T14:40:24.188948,"Vohra Ganj, Belagavi"
138,2026-02-14T16:40:24.189065,2026-02-17T14:40:24.189065,"Subramanian Nagar, Kodagu"
139,2025-04-23T06:40:24.189205,2025-04-24T14:40:24.189205,"Agrawal Zila, Raichur"
140,2024-11-05T01:40:24.189346,2024-11-06T14:40:24.189346,"Hans Ganj, Vijayapura"
141,2026-02-04T11:40:24.189520,2026-02-04T14:40:24.189520,"Varkey, Belagavi"
142,2025-02-08T11:40:24.189735,2025-02-10T14:40:24.189735,"Sinha Nagar, Bagalkote"
143,2026-03-04T04:40:24.189818,2026-03-06T14:40:24.189818,"Gola Marg, Belagavi"
144,2025-02-19T09:40:24.189902,2025-02-21T14:40:24.189902,"Shroff Zila, Chitradurga"
145,2025-02-27T03:40:24.190045,2025-02-28T14:40:24.190045,"Ramanathan Path, Belagavi"
146,2025-07-21T10:40:24.190182,2025-07-23T14:40:24.190182,"Srinivas Path, Belagavi"
147,2026-02-13T07:40:24.190305,2026-02-15T14:40:24.190305,"Shenoy Circle, Belagavi"
148,2026-06-15T13:40:24.190456,2026-06-16T14:40:24.190456,"Sur Zila, Belagavi"
149,2025-03-06T01:40:24.190595,2025-03-08T14:40:24.190595,"Ravi Road, Bengaluru Urban"
150,2026-01-19T06:40:24.190747,2026-01-19T14:40:24.190747,"Acharya, Udupi"
151,2026-02-25T13:40:24.190896,2026-02-26T14:40:24.190896,"Pingle Nagar, Koppal"
152,2026-04-09T05:40:24.191059,2026-04-11T14:40:24.191059,"Rajagopalan Ganj, Belagavi"
153,2026-02-08T20:40:24.191140,2026-02-09T14:40:24.191140,"Sur Street, Belagavi"
154,2025-03-23T01:40:24.191235,2025-03-24T14:40:24.191235,"Kara Path, Chamarajanagara"
155,2026-01-19T15:40:24.191324,2026-01-20T14:40:24.191324,"Barad Nagar, Belagavi"
156,2024-11-04T03:40:24.191441,2024-11-05T14:40:24.191441,"Apte Circle, Vijayapura"
157,2025-11-03T19:40:24.191519,2025-11-04T14:40:24.191519,"Banik Street, Belagavi"
158,2025-04-19T01:40:24.191671,2025-04-20T14:40:24.191671,"Butala Chowk, Belagavi"
159,2024-10-01T04:40:24.191781,2024-10-03T14:40:24.191781,"Lal Street, Belagavi"
160,2024-08-05T02:40:24.191937,2024-08-07T14:40:24.191937,"Pai, Chitradurga"
161,2024-12-04T02:40:24.192064,2024-12-04T14:40:24.192064,"Walia Chowk, Hassan"
162,2025-08-04T09:40:24.192159,2025-08-06T14:40:24.192159,"Barman Circle, Yadgir"
163,2025-08-06T09:40:24.192274,2025-08-07T14:40:24.192274,"Munshi Street, Belagavi"
164,2025-02-11T00:40:24.192386,2025-02-13T14:40:24.192386,"Mander Ganj, Yadgir"
165,2025-11-19T03:40:24.192463,2025-11-20T14:40:24.192463,"De Zila, Koppal"
166,2026-04-02T03:40:24.192627,2026-04-02T14:40:24.192627,"Edwin Road, Chitradurga"
167,2025-08-17T17:40:24.192774,2025-08-18T14:40:24.192774,"Cherian, Belagavi"
168,2025-08-15T02:40:24.192884,2025-08-16T14:40:24.192884,"Narayan Street, Belagavi"
169,2025-04-10T04:40:24.192999,2025-04-11T14:40:24.192999,"Dara Chowk, Ramanagara"
170,2025-03-20T03:40:24.193097,2025-03-22T14:40:24.193097,"Mistry Ganj, Chitradurga"
171,2025-12-15T05:40:24.193210,2025-12-17T14:40:24.193210,"Ramachandran Chowk, Kodagu"
172,2025-04-22T02:40:24.193317,2025-04-23T14:40:24.193317,"Kaul Street, Belagavi"
173,2026-03-20T04:40:24.193396,2026-03-21T14:40:24.193396,"Gera Nagar, Haveri"
174,2025-03-09T03:40:24.193490,2025-03-09T14:40:24.193490,"Nazareth Marg, Mysuru"
175,2024-09-05T23:40:24.193678,2024-09-08T14:40:24.193678,"Baria Ganj, Dakshina Kannada"
176,2025-02-02T18:40:24.193775,2025-02-03T14:40:24.193775,"Soni Marg, Yadgir"
177,2026-02-12T08:40:24.193877,2026-02-14T14:40:24.193877,"Chakrabarti, Bengaluru Urban"
178,2026-05-28T23:40:24.193964,2026-05-31T14:40:24.193964,"Tripathi Circle, Bengaluru Rural"
179,2026-04-05T08:40:24.194076,2026-04-05T14:40:24.194076,"Natt Road, Dharwad"
180,2025-05-26T08:40:24.194164,2025-05-27T14:40:24.194164,"Bobal Zila, Belagavi"
181,2025-08-11T22:40:24.194281,2025-08-14T14:40:24.194281,"Borah Ganj, Mysuru"
182,2024-07-21T06:40:24.194414,2024-07-23T14:40:24.194414,"Bhasin Nagar, Gadag"
183,2024-10-24T17:40:24.194522,2024-10-25T14:40:24.194522,"Dugar Road, Mysuru"
184,2024-09-27T18:40:24.194718,2024-09-28T14:40:24.194718,"Thaman Chowk, Bagalkote"
185,2024-09-04T07:40:24.194798,2024-09-05T14:40:24.194798,"Tandon Chowk, Vijayanagara"
186,2024-10-06T00:40:24.194869,2024-10-08T14:40:24.194869,"Merchant Path, Mysuru"
187,2025-06-11T15:40:24.194932,2025-06-12T14:40:24.194932,"Bajwa Chowk, Shivamogga"
188,2025-11-07T08:40:24.194994,2025-11-07T14:40:24.194994,"Agarwal Chowk, Mysuru"
189,2024-12-05T09:40:24.195105,2024-12-05T14:40:24.195105,"Pau Marg, Belagavi"
190,2025-06-06T10:40:24.195198,2025-06-06T14:40:24.195198,"Zacharia Ganj, Belagavi"
191,2024-12-10T01:40:24.195270,2024-12-12T14:40:24.195270,"Thakur Road, Belagavi"
192,2025-07-30T13:40:24.195387,2025-07-31T14:40:24.195387,"Buch Zila, Ramanagara"
193,2024-10-24T03:40:24.195513,2024-10-24T14:40:24.195513,"Bajaj Circle, Chitradurga"
194,2024-07-25T08:40:24.195652,2024-07-25T14:40:24.195652,"Bhatnagar Ganj, Belagavi"
195,2026-01-24T18:40:24.195778,2026-01-26T14:40:24.195778,"Karan Road, Belagavi"
196,2024-07-15T04:40:24.195941,2024-07-17T14:40:24.195941,"Dyal, Koppal"
197,2026-04-17T12:40:24.196049,2026-04-19T14:40:24.196049,"Gour Path, Bengaluru Urban"
198,2025-11-30T06:40:24.196143,2025-11-30T14:40:24.196143,"Tata Marg, Belagavi"
199,2026-04-02T13:40:24.196267,2026-04-04T14:40:24.196267,"Dewan Nagar, Belagavi"
200,2025-07-12T22:40:24.196366,2025-07-15T14:40:24.196366,"Chanda Path, Vijayapura"
201,2025-08-05T06:40:24.196476,2025-08-06T14:40:24.196476,"Vaidya Path, Davanagere"
202,2026-05-10T12:40:24.196628,2026-05-10T14:40:24.196628,"Sehgal Road, Ramanagara"
203,2025-05-29T20:40:24.196731,2025-06-01T14:40:24.196731,"Mitter Ganj, Dakshina Kannada"
204,2026-01-29T09:40:24.196813,2026-01-30T14:40:24.196813,"Shere Street, Gadag"
205,2026-01-22T12:40:24.196905,2026-01-24T14:40:24.196905,"Agate Nagar, Bengaluru Rural"
206,2024-10-16T23:40:24.197029,2024-10-18T14:40:24.197029,"Soni Road, Udupi"
207,2026-06-23T02:40:24.197141,2026-06-25T14:40:24.197141,"Saini Path, Belagavi"
208,2026-01-11T22:40:24.197253,2026-01-14T14:40:24.197253,"Warrior Zila, Mysuru"
209,2025-11-19T11:40:24.197358,2025-11-21T14:40:24.197358,"Guha Ganj, Chikkamagaluru"
210,2024-09-26T04:40:24.197440,2024-09-26T14:40:24.197440,"Virk Chowk, Belagavi"
211,2024-08-05T02:40:24.197530,2024-08-05T14:40:24.197530,"Brar Street, Shivamogga"
212,2026-01-04T23:40:24.197711,2026-01-05T14:40:24.197711,"Iyengar, Davanagere"
213,2025-11-16T12:40:24.197828,2025-11-16T14:40:24.197828,"Handa Ganj, Kalaburagi"
214,2026-02-28T22:40:24.197957,2026-03-03T14:40:24.197957,"Chowdhury Marg, Hassan"
215,2024-07-27T23:40:24.198027,2024-07-30T14:40:24.198027,"Patel Chowk, Tumakuru"
216,2025-03-23T18:40:24.198126,2025-03-25T14:40:24.198126,"Reddy Circle, Dakshina Kannada"
217,2026-03-18T03:40:24.198274,2026-03-19T14:40:24.198274,"Rattan Marg, Bengaluru Urban"
218,2025-12-03T13:40:24.198384,2025-12-05T14:40:24.198384,"Mahajan Road, Dharwad"
219,2025-03-16T12:40:24.198477,2025-03-18T14:40:24.198477,"Tank Chowk, Chamarajanagara"
220,2026-01-01T15:40:24.198619,2026-01-02T14:40:24.198619,"Char Road, Mysuru"
221,2026-05-12T14:40:24.198734,2026-05-14T14:40:24.198734,"Badami Circle, Gadag"
222,2024-09-13T02:40:24.198851,2024-09-15T14:40:24.198851,"Desai Marg, Belagavi"
223,2026-05-17T15:40:24.198965,2026-05-20T14:40:24.198965,"Nagi Road, Hassan"
224,2024-12-26T00:40:24.199045,2024-12-28T14:40:24.199045,"Sangha Zila, Gadag"
225,2026-02-03T19:40:24.199163,2026-02-05T14:40:24.199163,"Sami Chowk, Chikkaballapura"
226,2026-02-23T19:40:24.199285,2026-02-25T14:40:24.199285,"Nori Circle, Bengaluru Urban"
227,2025-11-13T03:40:24.199389,2025-11-13T14:40:24.199389,"Ratti, Chikkamagaluru"
228,2025-05-11T02:40:24.199506,2025-05-12T14:40:24.199506,"Krishnamurthy Marg, Belagavi"
229,2025-09-17T05:40:24.199636,2025-09-17T14:40:24.199636,"Patla Ganj, Belagavi"
230,2024-11-22T12:40:24.199743,2024-11-24T14:40:24.199743,"Dyal Road, Davanagere"
231,2026-03-16T02:40:24.199877,2026-03-17T14:40:24.199877,"Sarin Circle, Chitradurga"
232,2025-03-28T16:40:24.199997,2025-03-30T14:40:24.199997,"Misra Path, Koppal"
233,2025-11-01T20:40:24.200070,2025-11-02T14:40:24.200070,"Choudhury Ganj, Mysuru"
234,2024-09-06T07:40:24.200197,2024-09-06T14:40:24.200197,"Maharaj Ganj, Raichur"
235,2026-05-16T17:40:24.200304,2026-05-18T14:40:24.200304,"Dhillon Road, Belagavi"
236,2025-10-28T23:40:24.200379,2025-10-29T14:40:24.200379,"Rajagopalan Circle, Mysuru"
237,2026-05-09T01:40:24.200474,2026-05-10T14:40:24.200474,"Kade Road, Bengaluru Urban"
238,2025-01-15T13:40:24.200702,2025-01-16T14:40:24.200702,"Narain, Bagalkote"
239,2026-04-06T07:40:24.200889,2026-04-07T14:40:24.200889,"Sridhar Chowk, Mandya"
240,2024-08-05T14:40:24.201070,2024-08-07T14:40:24.201070,"Karnik Circle, Chitradurga"
241,2026-01-29T05:40:24.201177,2026-01-31T14:40:24.201177,"Sanghvi Marg, Shivamogga"
242,2024-07-12T07:40:24.201308,2024-07-12T14:40:24.201308,"Dani Chowk, Dakshina Kannada"
243,2025-08-15T01:40:24.201472,2025-08-15T14:40:24.201472,"Sahota Ganj, Bagalkote"
244,2025-01-28T03:40:24.201668,2025-01-29T14:40:24.201668,"Rao Path, Mandya"
245,2024-10-09T22:40:24.201744,2024-10-10T14:40:24.201744,"Bhargava Circle, Ballari"
246,2026-06-19T05:40:24.201842,2026-06-20T14:40:24.201842,"Deo Path, Belagavi"
247,2025-09-16T16:40:24.202045,2025-09-18T14:40:24.202045,"Tata Street, Udupi"
248,2026-06-29T08:40:24.202212,2026-07-01T14:40:24.202212,"Banik Street, Bidar"
249,2025-11-16T16:40:24.202324,2025-11-17T14:40:24.202324,"Palla Zila, Mysuru"
250,2025-07-30T21:40:24.202408,2025-07-31T14:40:24.202408,"Gole Circle, Gadag"
251,2025-07-24T14:40:24.202580,2025-07-26T14:40:24.202580,"Luthra Chowk, Haveri"
252,2025-01-08T00:40:24.202747,2025-01-09T14:40:24.202747,"Gokhale Road, Mysuru"
253,2025-08-27T15:40:24.202843,2025-08-29T14:40:24.202843,"Dara Street, Mandya"
254,2024-08-21T22:40:24.202956,2024-08-22T14:40:24.202956,"Soni Marg, Vijayapura"
255,2026-05-06T19:40:24.203022,2026-05-08T14:40:24.203022,"Sandhu Marg, Tumakuru"
256,2026-02-15T23:40:24.203115,2026-02-18T14:40:24.203115,"Buch Marg, Belagavi"
257,2025-03-17T16:40:24.203253,2025-03-20T14:40:24.203253,"Chandra Marg, Vijayanagara"
258,2026-02-16T02:40:24.203336,2026-02-16T14:40:24.203336,"Gopal Street, Belagavi"
259,2025-04-02T19:40:24.203480,2025-04-03T14:40:24.203480,"Saraf Zila, Mandya"
260,2024-12-03T03:40:24.203627,2024-12-04T14:40:24.203627,"Mittal Marg, Shivamogga"
261,2025-02-05T04:40:24.203739,2025-02-07T14:40:24.203739,"Guha Nagar, Belagavi"
262,2026-02-28T14:40:24.203886,2026-03-01T14:40:24.203886,"Bains Marg, Belagavi"
263,2026-04-11T20:40:24.203979,2026-04-12T14:40:24.203979,"Menon Ganj, Belagavi"
264,2025-07-02T11:40:24.204103,2025-07-02T14:40:24.204103,"Varghese Chowk, Dakshina Kannada"
265,2025-11-29T18:40:24.204200,2025-12-02T14:40:24.204200,"Dada Chowk, Gadag"
266,2024-12-11T20:40:24.204280,2024-12-14T14:40:24.204280,"Sarma Path, Raichur"
267,2024-10-20T08:40:24.204383,2024-10-20T14:40:24.204383,"Johal, Belagavi"
268,2026-03-28T23:40:24.204469,2026-03-31T14:40:24.204469,"Swamy Street, Dakshina Kannada"
269,2026-05-09T15:40:24.204617,2026-05-12T14:40:24.204617,"Nazareth Zila, Mandya"
270,2025-12-18T20:40:24.204764,2025-12-20T14:40:24.204764,"Choudhry Chowk, Belagavi"
271,2025-02-14T05:40:24.204880,2025-02-16T14:40:24.204880,"Natt Path, Belagavi"
272,2025-10-11T14:40:24.204971,2025-10-13T14:40:24.204971,"Tiwari Road, Belagavi"
273,2026-05-18T16:40:24.205045,2026-05-19T14:40:24.205045,"Doshi Ganj, Belagavi"
274,2026-05-17T14:40:24.205130,2026-05-18T14:40:24.205130,"Savant Nagar, Ballari"
275,2025-09-24T18:40:24.205210,2025-09-26T14:40:24.205210,"Ratti Path, Davanagere"
276,2026-01-30T14:40:24.205329,2026-02-02T14:40:24.205329,"Din Circle, Bengaluru Urban"
277,2025-05-02T17:40:24.205428,2025-05-04T14:40:24.205428,"Venkatesh Street, Ramanagara"
278,2026-04-08T15:40:24.205505,2026-04-10T14:40:24.205505,"Kuruvilla, Mysuru"
279,2025-07-16T22:40:24.205647,2025-07-19T14:40:24.205647,"Batta Zila, Bengaluru Urban"
280,2026-01-25T05:40:24.205748,2026-01-25T14:40:24.205748,"Mane Road, Belagavi"
281,2025-06-01T22:40:24.205810,2025-06-02T14:40:24.205810,"Hans Circle, Dharwad"
282,2026-06-23T20:40:24.205901,2026-06-26T14:40:24.205901,"De Marg, Kalaburagi"
283,2026-03-19T04:40:24.205979,2026-03-19T14:40:24.205979,"Tara Road, Chikkaballapura"
284,2025-03-24T08:40:24.206097,2025-03-24T14:40:24.206097,"Rege, Dakshina Kannada"
285,2024-10-28T07:40:24.206195,2024-10-30T14:40:24.206195,"Sunder Road, Belagavi"
286,2026-05-17T06:40:24.206332,2026-05-18T14:40:24.206332,"Deo Chowk, Belagavi"
287,2025-01-29T13:40:24.206432,2025-01-29T14:40:24.206432,"Kaul Marg, Chitradurga"
288,2025-05-03T09:40:24.206633,2025-05-05T14:40:24.206633,"Bahl Street, Mysuru"
289,2025-04-06T10:40:24.206755,2025-04-06T14:40:24.206755,"Wable Nagar, Shivamogga"
290,2025-01-26T11:40:24.206879,2025-01-28T14:40:24.206879,"Bala Street, Mysuru"
291,2025-08-12T01:40:24.207013,2025-08-13T14:40:24.207013,"Shetty Path, Mysuru"
292,2026-04-26T12:40:24.207116,2026-04-28T14:40:24.207116,"Jani Circle, Dakshina Kannada"
293,2024-10-14T19:40:24.207238,2024-10-15T14:40:24.207238,"Mahajan Chowk, Raichur"
294,2025-11-11T17:40:24.207338,2025-11-12T14:40:24.207338,"Mammen Street, Dharwad"
295,2025-06-10T01:40:24.207423,2025-06-11T14:40:24.207423,"Om Path, Kodagu"
296,2026-06-27T09:40:24.207529,2026-06-28T14:40:24.207529,"Yohannan Marg, Belagavi"
297,2024-12-20T10:40:24.207660,2024-12-20T14:40:24.207660,"Shere Zila, Shivamogga"
298,2026-02-13T15:40:24.207746,2026-02-15T14:40:24.207746,"Parmar Road, Belagavi"
299,2026-07-09T18:40:24.207918,2026-07-11T14:40:24.207918,"Tella Road, Mysuru"
300,2026-03-15T02:40:24.208022,2026-03-15T14:40:24.208022,"Walia Nagar, Mandya"
301,2025-12-15T18:40:24.208237,2025-12-16T14:40:24.208237,"Batta Ganj, Haveri"
302,2025-08-20T07:40:24.208342,2025-08-20T14:40:24.208342,"Borde Marg, Tumakuru"
303,2024-08-06T15:40:24.208444,2024-08-07T14:40:24.208444,"Kota Road, Ramanagara"
304,2025-12-02T18:40:24.208540,2025-12-04T14:40:24.208540,"Bhat Zila, Bengaluru Rural"
305,2025-11-26T06:40:24.208697,2025-11-27T14:40:24.208697,"Ben Nagar, Dakshina Kannada"
306,2025-11-28T11:40:24.208782,2025-11-30T14:40:24.208782,"Sangha Chowk, Tumakuru"
307,2024-08-16T18:40:24.208881,2024-08-17T14:40:24.208881,"Date, Bengaluru Urban"
308,2026-04-01T13:40:24.209018,2026-04-01T14:40:24.209018,"Oza Road, Belagavi"
309,2026-02-17T17:40:24.209133,2026-02-20T14:40:24.209133,"Sibal Chowk, Bengaluru Urban"
310,2026-01-29T18:40:24.209212,2026-01-30T14:40:24.209212,"Sha Zila, Belagavi"
311,2025-11-14T17:40:24.209278,2025-11-17T14:40:24.209278,"Kala Chowk, Gadag"
312,2026-05-15T08:40:24.209376,2026-05-15T14:40:24.209376,"Contractor Nagar, Belagavi"
313,2024-09-09T08:40:24.209513,2024-09-09T14:40:24.209513,"Korpal Circle, Kodagu"
314,2025-02-13T19:40:24.209702,2025-02-15T14:40:24.209702,"De Street, Chamarajanagara"
315,2025-06-26T12:40:24.209790,2025-06-26T14:40:24.209790,"Gulati, Dharwad"
316,2025-06-28T02:40:24.209909,2025-06-29T14:40:24.209909,"Prasad Circle, Mysuru"
317,2025-04-12T13:40:24.209976,2025-04-12T14:40:24.209976,"Talwar Chowk, Haveri"
318,2026-01-01T22:40:24.210047,2026-01-02T14:40:24.210047,"Seth Ganj, Kolar"
319,2024-10-02T10:40:24.210113,2024-10-03T14:40:24.210113,"Dugar, Dharwad"
320,2025-02-02T12:40:24.210199,2025-02-03T14:40:24.210199,"Venkataraman Chowk, Bengaluru Urban"
321,2026-06-23T18:40:24.210292,2026-06-24T14:40:24.210292,"Pillai Marg, Mysuru"
322,2026-01-21T01:40:24.210407,2026-01-23T14:40:24.210407,"Brar Circle, Belagavi"
323,2025-04-27T20:40:24.210477,2025-04-29T14:40:24.210477,"Narayan Ganj, Kodagu"
324,2025-04-16T17:40:24.210640,2025-04-19T14:40:24.210640,"Arora, Haveri"
325,2026-05-25T01:40:24.210725,2026-05-26T14:40:24.210725,"Kaur Chowk, Belagavi"
326,2026-01-01T09:40:24.210851,2026-01-02T14:40:24.210851,"Andra Road, Yadgir"
327,2024-07-17T09:40:24.210974,2024-07-19T14:40:24.210974,"Warrior Zila, Kalaburagi"
328,2026-03-14T09:40:24.211081,2026-03-16T14:40:24.211081,"Suresh, Belagavi"
329,2026-02-19T18:40:24.211152,2026-02-22T14:40:24.211152,"Kaul Ganj, Bengaluru Urban"
330,2026-03-16T11:40:24.212238,2026-03-16T14:40:24.212238,"Raman Marg, Belagavi"
331,2026-01-26T17:40:24.212360,2026-01-27T14:40:24.212360,"Dutt Chowk, Belagavi"
332,2025-04-19T06:40:24.212460,2025-04-19T14:40:24.212460,"Rastogi Zila, Davanagere"
333,2025-04-18T00:40:24.212604,2025-04-18T14:40:24.212604,"Mishra Path, Bengaluru Urban"
334,2025-06-02T13:40:24.212713,2025-06-03T14:40:24.212713,"Dugar Ganj, Davanagere"
335,2026-02-02T23:40:24.212811,2026-02-03T14:40:24.212811,"Seshadri Marg, Belagavi"
336,2025-03-23T04:40:24.212971,2025-03-23T14:40:24.212971,"Contractor Road, Kodagu"
337,2026-05-28T18:40:24.213103,2026-05-29T14:40:24.213103,"Chaudhry, Kodagu"
338,2025-06-25T12:40:24.213238,2025-06-25T14:40:24.213238,"Chauhan Circle, Chikkamagaluru"
339,2024-09-24T10:40:24.213298,2024-09-26T14:40:24.213298,"Agrawal Nagar, Chamarajanagara"
340,2025-03-15T02:40:24.213396,2025-03-16T14:40:24.213396,"Handa Path, Kalaburagi"
341,2026-04-11T16:40:24.213487,2026-04-12T14:40:24.213487,"Naidu Path, Belagavi"
342,2026-06-13T17:40:24.213632,2026-06-14T14:40:24.213632,"Mutti Marg, Belagavi"
343,2025-07-13T22:40:24.213777,2025-07-16T14:40:24.213777,"Garg Circle, Kodagu"
344,2024-10-05T11:40:24.213888,2024-10-07T14:40:24.213888,"Thakur Ganj, Hassan"
345,2024-10-30T09:40:24.214004,2024-10-30T14:40:24.214004,"Prashad Street, Belagavi"
346,2025-11-10T18:40:24.214079,2025-11-11T14:40:24.214079,"Nadkarni Road, Belagavi"
347,2025-06-24T21:40:24.214289,2025-06-25T14:40:24.214289,"Ahuja Chowk, Bengaluru Urban"
348,2025-11-30T02:40:24.214448,2025-11-30T14:40:24.214448,"Kothari, Mysuru"
349,2026-06-27T04:40:24.214583,2026-06-28T14:40:24.214583,"Sami Chowk, Belagavi"
350,2025-03-13T12:40:24.214711,2025-03-13T14:40:24.214711,"Mander Chowk, Belagavi"
351,2025-04-12T11:40:24.214804,2025-04-14T14:40:24.214804,"Arya Nagar, Vijayapura"
352,2026-02-08T00:40:24.214870,2026-02-09T14:40:24.214870,"Rana Marg, Belagavi"
353,2026-03-29T19:40:24.215001,2026-04-01T14:40:24.215001,"Samra Marg, Chamarajanagara"
354,2025-04-11T09:40:24.215087,2025-04-12T14:40:24.215087,"Kumar Street, Mandya"
355,2026-02-21T18:40:24.215166,2026-02-24T14:40:24.215166,"Sampath Ganj, Koppal"
356,2025-06-29T13:40:24.215306,2025-07-01T14:40:24.215306,"Swamy Street, Koppal"
357,2024-07-26T14:40:24.215428,2024-07-28T14:40:24.215428,"Choudhary Circle, Bengaluru Rural"
358,2026-06-19T13:40:24.215515,2026-06-19T14:40:24.215515,"Memon Zila, Belagavi"
359,2025-08-31T01:40:24.215656,2025-09-02T14:40:24.215656,"Barman, Davanagere"
360,2026-02-25T03:40:24.215747,2026-02-25T14:40:24.215747,"Sanghvi Path, Belagavi"
361,2026-04-21T10:40:24.215927,2026-04-22T14:40:24.215927,"Mammen Circle, Belagavi"
362,2025-12-02T02:40:24.216066,2025-12-02T14:40:24.216066,"Soni Marg, Yadgir"
363,2025-10-05T14:40:24.216219,2025-10-06T14:40:24.216219,"Garde Ganj, Mysuru"
364,2024-10-25T20:40:24.216335,2024-10-28T14:40:24.216335,"Warrior Street, Vijayanagara"
365,2024-10-26T03:40:24.216437,2024-10-27T14:40:24.216437,"Mannan Zila, Kodagu"
366,2025-08-07T13:40:24.216621,2025-08-09T14:40:24.216621,"Agarwal Marg, Kolar"
367,2024-12-05T03:40:24.216702,2024-12-07T14:40:24.216702,"Patla Path, Kalaburagi"
368,2026-06-17T19:40:24.216817,2026-06-18T14:40:24.216817,"Kanda Road, Belagavi"
369,2026-02-08T04:40:24.216925,2026-02-09T14:40:24.216925,"Talwar Ganj, Tumakuru"
370,2025-07-21T09:40:24.217013,2025-07-22T14:40:24.217013,"Ramanathan Chowk, Mandya"
371,2026-05-09T17:40:24.217140,2026-05-12T14:40:24.217140,"Ramesh Circle, Belagavi"
372,2024-12-07T22:40:24.217259,2024-12-09T14:40:24.217259,"Pathak Nagar, Mysuru"
373,2026-02-10T01:40:24.217362,2026-02-11T14:40:24.217362,"Konda Marg, Dakshina Kannada"
374,2026-06-08T22:40:24.217446,2026-06-11T14:40:24.217446,"Raja Chowk, Bengaluru Rural"
375,2026-03-14T08:40:24.217518,2026-03-14T14:40:24.217518,"Dara Zila, Bengaluru Urban"
376,2026-02-28T22:40:24.217679,2026-03-01T14:40:24.217679,"Yogi Zila, Mysuru"
377,2026-04-03T04:40:24.217780,2026-04-04T14:40:24.217780,"Gole Street, Belagavi"
378,2026-05-17T20:40:24.217868,2026-05-18T14:40:24.217868,"Kunda Circle, Belagavi"
379,2025-03-13T04:40:24.217984,2025-03-15T14:40:24.217984,"Swaminathan, Davanagere"
380,2025-09-10T17:40:24.218127,2025-09-11T14:40:24.218127,"Gade Marg, Shivamogga"
381,2024-12-24T21:40:24.218213,2024-12-27T14:40:24.218213,"Pradhan Ganj, Belagavi"
382,2025-02-14T10:40:24.218327,2025-02-14T14:40:24.218327,"Chakraborty Path, Belagavi"
383,2025-02-22T23:40:24.218396,2025-02-23T14:40:24.218396,"Chaudhari Nagar, Vijayapura"
384,2025-10-12T04:40:24.218467,2025-10-12T14:40:24.218467,"Mohan Circle, Haveri"
385,2024-10-28T12:40:24.218639,2024-10-30T14:40:24.218639,"Datta, Belagavi"
386,2026-05-27T04:40:24.218756,2026-05-27T14:40:24.218756,"Goswami Chowk, Chitradurga"
387,2026-04-13T21:40:24.218845,2026-04-16T14:40:24.218845,"Karnik Circle, Belagavi"
388,2024-10-23T04:40:24.218936,2024-10-23T14:40:24.218936,"Gandhi Zila, Chitradurga"
389,2025-04-07T03:40:24.219040,2025-04-08T14:40:24.219040,"Gupta, Bengaluru Urban"
390,2024-12-30T13:40:24.219134,2024-12-30T14:40:24.219134,"Deol Path, Belagavi"
391,2024-09-26T06:40:24.219222,2024-09-28T14:40:24.219222,"Zacharia Ganj, Belagavi"
392,2026-05-07T17:40:24.219317,2026-05-08T14:40:24.219317,"Mody Ganj, Belagavi"
393,2025-12-25T07:40:24.219384,2025-12-25T14:40:24.219384,"Chhabra Path, Bengaluru Urban"
394,2026-02-15T02:40:24.219490,2026-02-15T14:40:24.219490,"Dube Circle, Belagavi"
395,2025-10-25T01:40:24.219632,2025-10-27T14:40:24.219632,"Chopra Road, Bengaluru Urban"
396,2025-06-27T12:40:24.219732,2025-06-28T14:40:24.219732,"Gupta Zila, Belagavi"
397,2026-03-16T08:40:24.219897,2026-03-18T14:40:24.219897,"Nair Street, Belagavi"
398,2026-03-30T10:40:24.220015,2026-04-01T14:40:24.220015,"Ben Ganj, Belagavi"
399,2024-12-30T05:40:24.220151,2024-12-30T14:40:24.220151,"Issac Marg, Belagavi"
400,2026-04-09T00:40:24.220236,2026-04-10T14:40:24.220236,"Dara Ganj, Davanagere"
401,2026-07-08T02:40:24.220394,2026-07-09T14:40:24.220394,"Behl Zila, Gadag"
402,2025-04-06T04:40:24.220530,2025-04-08T14:40:24.220530,"Mand Path, Mysuru"
403,2026-02-23T08:40:24.220728,2026-02-25T14:40:24.220728,"Patla Chowk, Bengaluru Urban"
404,2026-01-14T07:40:24.220875,2026-01-16T14:40:24.220875,"Halder Nagar, Belagavi"
405,2026-02-22T21:40:24.220991,2026-02-23T14:40:24.220991,"Palan Circle, Vijayapura"
406,2025-08-10T12:40:24.221103,2025-08-10T14:40:24.221103,"Rao Ganj, Chikkaballapura"
407,2026-01-26T10:40:24.221196,2026-01-26T14:40:24.221196,"Ramakrishnan Circle, Belagavi"
408,2026-03-30T00:40:24.221280,2026-03-31T14:40:24.221280,"Kamdar, Bengaluru Urban"
409,2025-01-27T22:40:24.221394,2025-01-29T14:40:24.221394,"Mall Street, Bidar"
410,2025-03-03T13:40:24.221483,2025-03-04T14:40:24.221483,"Lalla Circle, Raichur"
411,2025-03-12T22:40:24.221584,2025-03-14T14:40:24.221584,"Kanda Path, Kodagu"
412,2026-06-28T01:40:24.221697,2026-06-29T14:40:24.221697,"Rana Ganj, Chikkamagaluru"
413,2026-03-12T12:40:24.221790,2026-03-13T14:40:24.221790,"Gulati Street, Dharwad"
414,2024-11-03T06:40:24.221868,2024-11-03T14:40:24.221868,"Dhar Zila, Belagavi"
415,2026-05-18T21:40:24.221984,2026-05-19T14:40:24.221984,"Kothari Street, Tumakuru"
416,2024-07-26T17:40:24.222071,2024-07-29T14:40:24.222071,"Srinivasan Street, Chitradurga"
417,2025-09-22T22:40:24.222159,2025-09-25T14:40:24.222159,"Dasgupta Circle, Belagavi"
418,2026-05-07T05:40:24.222269,2026-05-09T14:40:24.222269,"Rajan Marg, Bengaluru Urban"
419,2025-03-12T14:40:24.222398,2025-03-13T14:40:24.222398,"Dora Nagar, Vijayanagara"
420,2026-07-10T10:40:24.222511,2026-07-11T14:40:24.222511,"Agate Zila, Kalaburagi"
421,2025-02-22T09:40:24.222662,2025-02-22T14:40:24.222662,"Rajan Street, Bidar"
422,2026-05-30T09:40:24.222780,2026-06-01T14:40:24.222780,"Sama Zila, Belagavi"
423,2024-11-06T10:40:24.222869,2024-11-07T14:40:24.222869,"Choudhary Street, Gadag"
424,2024-07-25T17:40:24.222954,2024-07-26T14:40:24.222954,"Kapur Ganj, Udupi"
425,2024-09-20T20:40:24.223069,2024-09-22T14:40:24.223069,"Borah Zila, Raichur"
426,2026-06-22T15:40:24.223219,2026-06-23T14:40:24.223219,"Sawhney Path, Belagavi"
427,2025-12-23T19:40:24.223302,2025-12-25T14:40:24.223302,"Randhawa Nagar, Belagavi"
428,2024-09-06T08:40:24.223450,2024-09-06T14:40:24.223450,"Rai Marg, Dharwad"
429,2024-12-24T19:40:24.223646,2024-12-27T14:40:24.223646,"Jaggi Circle, Bengaluru Urban"
430,2024-12-11T07:40:24.223726,2024-12-12T14:40:24.223726,"Bava Nagar, Chikkaballapura"
431,2024-08-21T05:40:24.223805,2024-08-23T14:40:24.223805,"Tella Marg, Mandya"
432,2025-01-18T10:40:24.223969,2025-01-20T14:40:24.223969,"Raja Nagar, Tumakuru"
433,2026-06-14T09:40:24.224052,2026-06-14T14:40:24.224052,"Dhaliwal Ganj, Tumakuru"
434,2024-09-29T18:40:24.224178,2024-10-02T14:40:24.224178,"Tank Street, Mysuru"
435,2025-10-13T07:40:24.224319,2025-10-15T14:40:24.224319,"Kunda Chowk, Belagavi"
436,2025-06-11T16:40:24.224483,2025-06-13T14:40:24.224483,"Anand Ganj, Chamarajanagara"
437,2025-12-15T12:40:24.224635,2025-12-17T14:40:24.224635,"Sidhu Chowk, Shivamogga"
438,2025-08-09T16:40:24.224760,2025-08-10T14:40:24.224760,"Contractor Chowk, Mysuru"
439,2024-08-11T13:40:24.224905,2024-08-11T14:40:24.224905,"Chacko Street, Davanagere"
440,2024-07-25T06:40:24.225030,2024-07-26T14:40:24.225030,"Chanda Nagar, Mysuru"
441,2024-08-17T10:40:24.225196,2024-08-19T14:40:24.225196,"Divan Chowk, Belagavi"
442,2025-12-03T10:40:24.225333,2025-12-04T14:40:24.225333,"Ganesan Circle, Belagavi"
443,2024-08-03T23:40:24.225511,2024-08-06T14:40:24.225511,"Tata Zila, Koppal"
444,2025-07-27T23:40:24.225666,2025-07-29T14:40:24.225666,"Mane Marg, Chitradurga"
445,2025-02-17T13:40:24.225799,2025-02-17T14:40:24.225799,"Kapoor Ganj, Mysuru"
446,2026-02-13T13:40:24.225881,2026-02-14T14:40:24.225881,"Amble Marg, Belagavi"
447,2025-04-04T23:40:24.225964,2025-04-05T14:40:24.225964,"Sachdeva Nagar, Ballari"
448,2026-06-03T03:40:24.226075,2026-06-03T14:40:24.226075,"Sanghvi, Bagalkote"
449,2025-08-08T06:40:24.226159,2025-08-08T14:40:24.226159,"Ramanathan Zila, Chitradurga"
450,2024-09-26T16:40:24.226317,2024-09-27T14:40:24.226317,"Wason Ganj, Belagavi"
451,2026-06-08T10:40:24.226447,2026-06-10T14:40:24.226447,"Talwar Zila, Kalaburagi"
452,2025-01-03T13:40:24.226694,2025-01-03T14:40:24.226694,"Gole Street, Yadgir"
453,2026-06-02T00:40:24.226787,2026-06-02T14:40:24.226787,"Sule Path, Bengaluru Urban"
454,2025-09-19T21:40:24.226890,2025-09-20T14:40:24.226890,"Kalla Zila, Chikkaballapura"
455,2025-03-21T05:40:24.226972,2025-03-23T14:40:24.226972,"Chanda Ganj, Vijayanagara"
456,2024-09-27T07:40:24.227062,2024-09-27T14:40:24.227062,"Chauhan Marg, Dharwad"
457,2024-10-18T14:40:24.227148,2024-10-19T14:40:24.227148,"Chokshi, Belagavi"
458,2026-06-10T04:40:24.227243,2026-06-12T14:40:24.227243,"Kulkarni Circle, Ballari"
459,2025-03-21T13:40:24.227342,2025-03-23T14:40:24.227342,"Bora Ganj, Bengaluru Urban"
460,2024-10-29T06:40:24.227432,2024-10-31T14:40:24.227432,"Kala Path, Belagavi"
461,2024-10-17T22:40:24.227571,2024-10-20T14:40:24.227571,"Hegde Ganj, Belagavi"
462,2025-04-14T12:40:24.227667,2025-04-15T14:40:24.227667,"Dash Zila, Ballari"
463,2024-09-04T11:40:24.227791,2024-09-05T14:40:24.227791,"Baral Circle, Bidar"
464,2025-06-04T00:40:24.227925,2025-06-05T14:40:24.227925,"Ratta Path, Vijayapura"
465,2026-03-20T08:40:24.228003,2026-03-21T14:40:24.228003,"Tak Chowk, Belagavi"
466,2024-12-08T10:40:24.228086,2024-12-08T14:40:24.228086,"Sarin Path, Belagavi"
467,2026-07-04T19:40:24.228184,2026-07-07T14:40:24.228184,"Choudhry Nagar, Davanagere"
468,2025-09-28T02:40:24.228281,2025-09-28T14:40:24.228281,"Divan Path, Bengaluru Urban"
469,2025-10-20T20:40:24.228369,2025-10-23T14:40:24.228369,"Butala Road, Bidar"
470,2026-06-03T10:40:24.228453,2026-06-05T14:40:24.228453,"Sidhu Ganj, Gadag"
471,2024-07-18T19:40:24.228591,2024-07-19T14:40:24.228591,"Kanda Street, Belagavi"
472,2026-03-01T13:40:24.228711,2026-03-01T14:40:24.228711,"Shenoy Street, Belagavi"
473,2024-07-31T01:40:24.228932,2024-08-02T14:40:24.228932,"Kala Marg, Belagavi"
474,2024-08-23T09:40:24.229071,2024-08-23T14:40:24.229071,"Majumdar Street, Bengaluru Urban"
475,2026-05-09T01:40:24.229179,2026-05-10T14:40:24.229179,"Bhatti Ganj, Belagavi"
476,2024-09-17T13:40:24.229282,2024-09-19T14:40:24.229282,"Palan Ganj, Ramanagara"
477,2025-09-28T04:40:24.229359,2025-09-29T14:40:24.229359,"Sood, Ramanagara"
478,2026-07-05T15:40:24.229435,2026-07-08T14:40:24.229435,"Natarajan Street, Chikkaballapura"
479,2024-09-16T01:40:24.229503,2024-09-16T14:40:24.229503,"Goel Nagar, Ballari"
480,2026-02-10T20:40:24.229661,2026-02-12T14:40:24.229661,"Thakur Circle, Belagavi"
481,2025-07-14T22:40:24.229745,2025-07-16T14:40:24.229745,"Swaminathan Chowk, Bengaluru Rural"
482,2024-10-01T11:40:24.229839,2024-10-01T14:40:24.229839,"Madan Zila, Mysuru"
483,2025-06-03T16:40:24.229948,2025-06-06T14:40:24.229948,"Hari Zila, Haveri"
484,2026-05-31T10:40:24.230083,2026-06-01T14:40:24.230083,"Palan Chowk, Belagavi"
485,2024-12-12T21:40:24.230205,2024-12-13T14:40:24.230205,"Baria Chowk, Udupi"
486,2026-03-20T17:40:24.230333,2026-03-22T14:40:24.230333,"Dubey Circle, Belagavi"
487,2024-08-03T03:40:24.230417,2024-08-05T14:40:24.230417,"Pant Chowk, Gadag"
488,2024-12-04T04:40:24.230506,2024-12-04T14:40:24.230506,"Krishna Ganj, Bengaluru Urban"
489,2025-09-08T01:40:24.230643,2025-09-10T14:40:24.230643,"Vyas Street, Belagavi"
490,2025-07-29T03:40:24.230761,2025-07-29T14:40:24.230761,"Mittal Street, Ballari"
491,2025-09-14T05:40:24.230857,2025-09-15T14:40:24.230857,"Shere Nagar, Vijayapura"
492,2026-07-03T05:40:24.230960,2026-07-03T14:40:24.230960,"Subramaniam, Bengaluru Urban"
493,2026-04-23T07:40:24.231049,2026-04-24T14:40:24.231049,"Dubey Ganj, Dakshina Kannada"
494,2025-10-18T23:40:24.231185,2025-10-19T14:40:24.231185,"Bhakta Marg, Hassan"
495,2025-06-05T23:40:24.231305,2025-06-06T14:40:24.231305,"Vaidya Street, Yadgir"
496,2024-09-19T04:40:24.231500,2024-09-20T14:40:24.231500,"Dara Chowk, Davanagere"
497,2024-08-16T01:40:24.231648,2024-08-17T14:40:24.231648,"Parmar Street, Koppal"
498,2026-04-22T09:40:24.231728,2026-04-24T14:40:24.231728,"Doshi Street, Vijayanagara"
499,2025-03-17T06:40:24.231919,2025-03-17T14:40:24.231919,"Balan Nagar, Kodagu"
500,2024-12-16T15:40:24.232039,2024-12-17T14:40:24.232039,"Bhatt Marg, Raichur"
501,2026-01-12T02:40:24.232169,2026-01-12T14:40:24.232169,"Mangal Chowk, Dakshina Kannada"
502,2026-04-08T02:40:24.232342,2026-04-08T14:40:24.232342,"Gupta Chowk, Belagavi"
503,2025-10-09T13:40:24.232444,2025-10-11T14:40:24.232444,"Varughese Street, Belagavi"
504,2025-09-26T13:40:24.232525,2025-09-27T14:40:24.232525,"Krishnamurthy Road, Davanagere"
505,2025-03-07T01:40:24.232761,2025-03-07T14:40:24.232761,"Nigam Nagar, Vijayanagara"
506,2024-07-23T04:40:24.232871,2024-07-24T14:40:24.232871,"Banik, Bengaluru Urban"
507,2025-01-26T09:40:24.232983,2025-01-28T14:40:24.232983,"Taneja Nagar, Chikkaballapura"
508,2024-09-14T20:40:24.233090,2024-09-17T14:40:24.233090,"Subramaniam Circle, Mandya"
509,2026-03-02T08:40:24.233193,2026-03-03T14:40:24.233193,"Pillai Zila, Belagavi"
510,2025-02-11T05:40:24.233313,2025-02-12T14:40:24.233313,"Bose Nagar, Udupi"
511,2026-03-28T12:40:24.233449,2026-03-28T14:40:24.233449,"Parikh Chowk, Belagavi"
512,2024-09-19T12:40:24.233579,2024-09-21T14:40:24.233579,"Bhagat Zila, Belagavi"
513,2024-07-19T07:40:24.233683,2024-07-20T14:40:24.233683,"Kade Circle, Bengaluru Urban"
514,2025-05-12T15:40:24.233813,2025-05-14T14:40:24.233813,"Rajagopalan Road, Koppal"
515,2024-12-20T15:40:24.233946,2024-12-21T14:40:24.233946,"Raghavan Ganj, Udupi"
516,2024-08-05T00:40:24.234034,2024-08-05T14:40:24.234034,"Kalita Road, Belagavi"
517,2025-08-17T22:40:24.234140,2025-08-18T14:40:24.234140,"Gaba Road, Hassan"
518,2024-10-18T22:40:24.234228,2024-10-19T14:40:24.234228,"Merchant Circle, Vijayanagara"
519,2026-04-12T11:40:24.234374,2026-04-12T14:40:24.234374,"Kamdar Chowk, Ramanagara"
520,2025-02-07T16:40:24.234466,2025-02-09T14:40:24.234466,"Lad Road, Mandya"
521,2025-06-15T03:40:24.234575,2025-06-15T14:40:24.234575,"Toor Street, Vijayanagara"
522,2025-05-23T16:40:24.234716,2025-05-24T14:40:24.234716,"Chowdhury Chowk, Dakshina Kannada"
523,2024-08-12T09:40:24.234789,2024-08-13T14:40:24.234789,"Sandhu Zila, Belagavi"
524,2025-01-15T22:40:24.234881,2025-01-18T14:40:24.234881,"Balasubramanian Road, Yadgir"
525,2026-07-02T09:40:24.235041,2026-07-03T14:40:24.235041,"Thakur, Haveri"
526,2025-04-12T03:40:24.235183,2025-04-12T14:40:24.235183,"Shah Ganj, Bidar"
527,2026-04-01T16:40:24.235308,2026-04-04T14:40:24.235308,"Dass Ganj, Kalaburagi"
528,2026-05-15T02:40:24.235423,2026-05-17T14:40:24.235423,"Setty Street, Gadag"
529,2026-03-08T18:40:24.235570,2026-03-09T14:40:24.235570,"Rama Circle, Belagavi"
530,2024-07-28T19:40:24.235672,2024-07-31T14:40:24.235672,"Chokshi, Udupi"
531,2026-06-06T18:40:24.235762,2026-06-07T14:40:24.235762,"Doshi Zila, Kalaburagi"
532,2025-08-26T09:40:24.235907,2025-08-28T14:40:24.235907,"Kata Zila, Belagavi"
533,2025-01-31T04:40:24.235988,2025-02-01T14:40:24.235988,"Trivedi, Gadag"
534,2026-04-06T02:40:24.236090,2026-04-07T14:40:24.236090,"Venkataraman Marg, Belagavi"
535,2026-06-25T11:40:24.236208,2026-06-26T14:40:24.236208,"Cherian, Belagavi"
536,2024-09-07T16:40:24.236271,2024-09-10T14:40:24.236271,"Bala Street, Belagavi"
537,2025-06-09T21:40:24.236358,2025-06-10T14:40:24.236358,"Verma Chowk, Chitradurga"
538,2025-06-29T07:40:24.236488,2025-06-30T14:40:24.236488,"Tripathi Street, Mysuru"
539,2024-11-26T03:40:24.236610,2024-11-26T14:40:24.236610,"Gupta Path, Kalaburagi"
540,2025-03-28T20:40:24.236736,2025-03-30T14:40:24.236736,"Sundaram Street, Chitradurga"
541,2025-09-02T18:40:24.236829,2025-09-04T14:40:24.236829,"Swaminathan Zila, Chamarajanagara"
542,2025-04-01T10:40:24.236916,2025-04-01T14:40:24.236916,"Gole Circle, Ballari"
543,2025-04-19T09:40:24.237033,2025-04-19T14:40:24.237033,"Saini Road, Bengaluru Rural"
544,2025-10-18T05:40:24.237113,2025-10-20T14:40:24.237113,"Rao Path, Chikkaballapura"
545,2026-01-20T09:40:24.237211,2026-01-22T14:40:24.237211,"Rege Ganj, Mysuru"
546,2025-03-01T22:40:24.237324,2025-03-03T14:40:24.237324,"Morar Nagar, Shivamogga"
547,2024-08-12T03:40:24.237411,2024-08-13T14:40:24.237411,"Bail Nagar, Belagavi"
548,2025-01-01T07:40:24.237505,2025-01-02T14:40:24.237505,"Karnik Marg, Bengaluru Urban"
549,2026-04-26T21:40:24.237640,2026-04-27T14:40:24.237640,"Sundaram Marg, Bengaluru Urban"
550,2025-07-20T01:40:24.237771,2025-07-22T14:40:24.237771,"Bahri Marg, Belagavi"
551,2025-01-11T07:40:24.237882,2025-01-11T14:40:24.237882,"Sinha Road, Bengaluru Urban"
552,2024-07-12T19:40:24.238005,2024-07-14T14:40:24.238005,"Chokshi Circle, Belagavi"
553,2025-03-09T17:40:24.238101,2025-03-10T14:40:24.238101,"Natarajan Road, Chamarajanagara"
554,2024-07-17T10:40:24.238192,2024-07-19T14:40:24.238192,"Solanki Marg, Mysuru"
555,2024-07-29T00:40:24.238284,2024-07-31T14:40:24.238284,"Kadakia Road, Belagavi"
556,2026-03-03T16:40:24.238373,2026-03-05T14:40:24.238373,"Sandal Zila, Chamarajanagara"
557,2026-06-03T17:40:24.238455,2026-06-05T14:40:24.238455,"Comar Chowk, Mysuru"
558,2026-06-29T12:40:24.238607,2026-07-01T14:40:24.238607,"Menon Marg, Belagavi"
559,2025-02-27T11:40:24.238691,2025-03-01T14:40:24.238691,"Jayaraman Circle, Kolar"
560,2025-05-27T01:40:24.238918,2025-05-28T14:40:24.238918,"Guha Road, Yadgir"
561,2025-03-15T14:40:24.239053,2025-03-18T14:40:24.239053,"Mane Road, Chitradurga"
562,2026-05-18T06:40:24.239179,2026-05-18T14:40:24.239179,"Rajagopal Circle, Belagavi"
563,2025-07-07T16:40:24.239296,2025-07-08T14:40:24.239296,"Ben Zila, Belagavi"
564,2026-06-24T02:40:24.239387,2026-06-26T14:40:24.239387,"Rajan Marg, Belagavi"
565,2026-03-28T19:40:24.239470,2026-03-29T14:40:24.239470,"Sathe Marg, Kodagu"
566,2025-07-26T13:40:24.239572,2025-07-26T14:40:24.239572,"Pau Nagar, Mandya"
567,2024-10-02T04:40:24.239750,2024-10-04T14:40:24.239750,"Thakkar Road, Hassan"
568,2026-06-24T23:40:24.239883,2026-06-26T14:40:24.239883,"Balasubramanian Nagar, Belagavi"
569,2025-03-01T09:40:24.242230,2025-03-01T14:40:24.242230,"Pingle Nagar, Bengaluru Urban"
570,2025-06-11T03:40:24.242408,2025-06-13T14:40:24.242408,"Nadig Path, Belagavi"
571,2025-03-04T08:40:24.242521,2025-03-05T14:40:24.242521,"Sawhney Street, Belagavi"
572,2025-03-11T18:40:24.242667,2025-03-12T14:40:24.242667,"Chadha, Bidar"
573,2025-10-25T08:40:24.242773,2025-10-26T14:40:24.242773,"Anne Street, Ballari"
574,2024-09-25T23:40:24.242908,2024-09-26T14:40:24.242908,"Mutti, Mysuru"
575,2024-10-27T19:40:24.243012,2024-10-30T14:40:24.243012,"Patla Path, Belagavi"
576,2026-04-09T12:40:24.243119,2026-04-11T14:40:24.243119,"Luthra Circle, Belagavi"
577,2026-02-17T03:40:24.243244,2026-02-17T14:40:24.243244,"Soman Street, Belagavi"
578,2025-04-30T05:40:24.243383,2025-04-30T14:40:24.243383,"Gaba Road, Bengaluru Rural"
579,2026-01-14T07:40:24.243482,2026-01-15T14:40:24.243482,"Rattan Chowk, Bidar"
580,2025-09-29T13:40:24.243640,2025-09-29T14:40:24.243640,"Bhagat Path, Bagalkote"
581,2026-01-28T13:40:24.243759,2026-01-29T14:40:24.243759,"Keer Street, Koppal"
582,2025-10-23T22:40:24.243913,2025-10-24T14:40:24.243913,"Ramesh Circle, Dharwad"
583,2026-07-09T17:40:24.244065,2026-07-11T14:40:24.244065,"Bora Circle, Udupi"
584,2025-06-06T21:40:24.244221,2025-06-07T14:40:24.244221,"Agarwal Circle, Bengaluru Urban"
585,2024-07-11T23:40:24.244352,2024-07-13T14:40:24.244352,"Gole Marg, Belagavi"
586,2024-12-07T07:40:24.244451,2024-12-07T14:40:24.244451,"Lal Nagar, Belagavi"
587,2026-05-13T13:40:24.244532,2026-05-14T14:40:24.244532,"Arora Marg, Vijayapura"
588,2025-08-23T07:40:24.244663,2025-08-23T14:40:24.244663,"Mitter Nagar, Belagavi"
589,2025-07-02T05:40:24.244826,2025-07-03T14:40:24.244826,"Sha, Chikkamagaluru"
590,2024-08-06T03:40:24.244953,2024-08-08T14:40:24.244953,"Loke Nagar, Chikkaballapura"
591,2024-11-06T00:40:24.245054,2024-11-08T14:40:24.245054,"Randhawa Circle, Kolar"
592,2025-02-23T04:40:24.245184,2025-02-24T14:40:24.245184,"Pradhan Path, Kalaburagi"
593,2026-03-30T05:40:24.245300,2026-03-31T14:40:24.245300,"Sant Zila, Belagavi"
594,2026-07-07T15:40:24.245442,2026-07-09T14:40:24.245442,"Ahluwalia Road, Dakshina Kannada"
595,2024-08-18T19:40:24.245625,2024-08-20T14:40:24.245625,"Arora Chowk, Belagavi"
596,2024-08-04T18:40:24.245748,2024-08-07T14:40:24.245748,"Bali Marg, Davanagere"
597,2025-09-21T14:40:24.245831,2025-09-24T14:40:24.245831,"Seth Path, Haveri"
598,2024-10-23T09:40:24.245901,2024-10-25T14:40:24.245901,"Bajaj Marg, Belagavi"
599,2026-07-05T14:40:24.246017,2026-07-06T14:40:24.246017,"Rege Marg, Belagavi"
600,2026-02-13T13:40:24.246123,2026-02-13T14:40:24.246123,"Walia Circle, Belagavi"
601,2024-09-06T09:40:24.246238,2024-09-06T14:40:24.246238,"Natt Circle, Yadgir"
602,2026-07-03T16:40:24.246360,2026-07-04T14:40:24.246360,"Rege Zila, Belagavi"
603,2025-12-09T00:40:24.246469,2025-12-11T14:40:24.246469,"Iyengar Chowk, Belagavi"
604,2025-07-28T09:40:24.246636,2025-07-29T14:40:24.246636,"Narula, Bengaluru Urban"
605,2025-11-14T04:40:24.246747,2025-11-15T14:40:24.246747,"Bobal Marg, Belagavi"
606,2025-07-11T23:40:24.246917,2025-07-12T14:40:24.246917,"Choudhury Road, Mysuru"
607,2025-02-19T07:40:24.246997,2025-02-20T14:40:24.246997,"Kade Chowk, Kalaburagi"
608,2025-09-11T20:40:24.247116,2025-09-12T14:40:24.247116,"Banik, Mysuru"
609,2026-01-10T16:40:24.247223,2026-01-12T14:40:24.247223,"Sarraf Chowk, Davanagere"
610,2026-01-15T08:40:24.247325,2026-01-17T14:40:24.247325,"Arora, Belagavi"
611,2024-11-26T00:40:24.247412,2024-11-26T14:40:24.247412,"Virk Path, Mandya"
612,2026-04-13T00:40:24.247482,2026-04-15T14:40:24.247482,"Raghavan Chowk, Raichur"
613,2024-09-01T06:40:24.247625,2024-09-01T14:40:24.247625,"Dar, Mysuru"
614,2026-06-09T06:40:24.247775,2026-06-10T14:40:24.247775,"Warrior Road, Belagavi"
615,2026-06-22T08:40:24.247952,2026-06-24T14:40:24.247952,"Bhatt Ganj, Mysuru"
616,2026-06-18T04:40:24.248105,2026-06-19T14:40:24.248105,"Sridhar Ganj, Mysuru"
617,2025-01-14T11:40:24.248250,2025-01-14T14:40:24.248250,"Madan, Kolar"
618,2025-02-26T16:40:24.248344,2025-02-28T14:40:24.248344,"Thakur Circle, Bengaluru Urban"
619,2025-03-24T09:40:24.248433,2025-03-26T14:40:24.248433,"Sankaran Zila, Belagavi"
620,2026-05-30T15:40:24.248508,2026-05-31T14:40:24.248508,"Kata Zila, Belagavi"
621,2024-11-28T03:40:24.248679,2024-11-28T14:40:24.248679,"Dugar Street, Kodagu"
622,2026-01-23T11:40:24.248806,2026-01-23T14:40:24.248806,"Sengupta Path, Bengaluru Urban"
623,2024-11-22T20:40:24.248905,2024-11-25T14:40:24.248905,"Jain Nagar, Davanagere"
624,2025-11-30T14:40:24.249037,2025-12-02T14:40:24.249037,"Srinivasan Path, Vijayanagara"
625,2026-01-27T18:40:24.249161,2026-01-29T14:40:24.249161,"Sodhi Zila, Mysuru"
626,2025-09-27T12:40:24.249248,2025-09-27T14:40:24.249248,"Korpal Chowk, Udupi"
627,2024-10-27T07:40:24.249381,2024-10-28T14:40:24.249381,"Lad Ganj, Belagavi"
628,2025-05-08T16:40:24.249451,2025-05-10T14:40:24.249451,"Sur Marg, Belagavi"
629,2025-11-26T14:40:24.249613,2025-11-27T14:40:24.249613,"Chowdhury Circle, Ramanagara"
630,2025-05-10T23:40:24.249749,2025-05-13T14:40:24.249749,"Sankaran Circle, Dharwad"
631,2025-10-01T21:40:24.249875,2025-10-04T14:40:24.249875,"Dora Marg, Mysuru"
632,2026-03-29T22:40:24.249995,2026-03-30T14:40:24.249995,"Baral, Belagavi"
633,2026-03-22T16:40:24.250122,2026-03-25T14:40:24.250122,"Devan Nagar, Belagavi"
634,2025-07-01T11:40:24.250241,2025-07-02T14:40:24.250241,"Rai Ganj, Koppal"
635,2026-06-05T23:40:24.250427,2026-06-08T14:40:24.250427,"Sagar Path, Davanagere"
636,2025-04-25T21:40:24.250519,2025-04-28T14:40:24.250519,"Rai Nagar, Kalaburagi"
637,2024-12-23T10:40:24.250670,2024-12-23T14:40:24.250670,"Babu Chowk, Chamarajanagara"
638,2025-12-26T17:40:24.250780,2025-12-28T14:40:24.250780,"Bhat Nagar, Chamarajanagara"
639,2026-04-08T19:40:24.250927,2026-04-09T14:40:24.250927,"Prakash Marg, Belagavi"
640,2025-11-19T23:40:24.251059,2025-11-22T14:40:24.251059,"Kapoor Path, Kalaburagi"
641,2025-08-03T23:40:24.251179,2025-08-05T14:40:24.251179,"Zacharia Path, Haveri"
642,2026-06-21T15:40:24.251309,2026-06-23T14:40:24.251309,"Kara Ganj, Belagavi"
643,2026-06-27T22:40:24.251440,2026-06-30T14:40:24.251440,"Gopal Ganj, Belagavi"
644,2026-03-11T05:40:24.251532,2026-03-13T14:40:24.251532,"Ravi, Ramanagara"
645,2025-10-15T15:40:24.251712,2025-10-17T14:40:24.251712,"Bhatnagar Road, Chitradurga"
646,2025-11-12T09:40:24.251825,2025-11-13T14:40:24.251825,"Sethi Road, Bengaluru Urban"
647,2024-11-19T21:40:24.251996,2024-11-20T14:40:24.251996,"Zacharia Path, Vijayapura"
648,2025-10-16T05:40:24.252078,2025-10-17T14:40:24.252078,"Kara, Vijayapura"
649,2024-10-17T01:40:24.252225,2024-10-17T14:40:24.252225,"Muni Circle, Belagavi"
650,2025-06-02T04:40:24.252361,2025-06-03T14:40:24.252361,"Dey Road, Chitradurga"
651,2025-01-19T14:40:24.252476,2025-01-20T14:40:24.252476,"Misra Chowk, Dakshina Kannada"
652,2025-10-30T19:40:24.252643,2025-10-31T14:40:24.252643,"Virk Ganj, Belagavi"
653,2025-10-24T18:40:24.252739,2025-10-27T14:40:24.252739,"Majumdar Road, Bengaluru Urban"
654,2024-11-26T10:40:24.252890,2024-11-26T14:40:24.252890,"Venkataraman, Davanagere"
655,2025-10-11T10:40:24.253020,2025-10-11T14:40:24.253020,"Kalita Nagar, Belagavi"
656,2026-05-09T06:40:24.253105,2026-05-10T14:40:24.253105,"Padmanabhan Path, Belagavi"
657,2025-09-04T17:40:24.253213,2025-09-06T14:40:24.253213,"Gera Path, Kodagu"
658,2025-07-28T19:40:24.253343,2025-07-30T14:40:24.253343,"Sarma Path, Davanagere"
659,2026-06-05T04:40:24.253460,2026-06-07T14:40:24.253460,"Ravel Zila, Belagavi"
660,2024-08-04T18:40:24.253579,2024-08-06T14:40:24.253579,"Baria Chowk, Dakshina Kannada"
661,2025-07-02T00:40:24.253730,2025-07-04T14:40:24.253730,"Handa Marg, Belagavi"
662,2024-10-08T06:40:24.253813,2024-10-09T14:40:24.253813,"Patla Path, Belagavi"
663,2024-10-23T14:40:24.253891,2024-10-24T14:40:24.253891,"Koshy Path, Belagavi"
664,2024-12-30T06:40:24.253974,2025-01-01T14:40:24.253974,"Luthra Chowk, Chikkaballapura"
665,2025-10-19T19:40:24.254079,2025-10-21T14:40:24.254079,"Bhatt Street, Shivamogga"
666,2025-09-04T20:40:24.254245,2025-09-06T14:40:24.254245,"Trivedi, Belagavi"
667,2026-06-19T01:40:24.254375,2026-06-19T14:40:24.254375,"Gola, Belagavi"
668,2025-12-14T09:40:24.254477,2025-12-14T14:40:24.254477,"Oza Street, Davanagere"
669,2024-12-24T04:40:24.254644,2024-12-26T14:40:24.254644,"Viswanathan Zila, Yadgir"
670,2026-05-30T03:40:24.254799,2026-05-30T14:40:24.254799,"Tara Ganj, Kodagu"
671,2026-05-01T19:40:24.254905,2026-05-03T14:40:24.254905,"Barad, Belagavi"
672,2025-10-31T07:40:24.254970,2025-10-31T14:40:24.254970,"Vasa, Belagavi"
673,2024-08-07T06:40:24.255119,2024-08-08T14:40:24.255119,"Swaminathan Ganj, Chitradurga"
674,2025-04-05T12:40:24.255249,2025-04-07T14:40:24.255249,"Deshmukh Path, Chikkamagaluru"
675,2024-12-09T23:40:24.255376,2024-12-12T14:40:24.255376,"Tank Road, Mysuru"
676,2026-05-25T08:40:24.255453,2026-05-27T14:40:24.255453,"Ghose Road, Haveri"
677,2025-06-27T10:40:24.255617,2025-06-28T14:40:24.255617,"Kala Nagar, Kalaburagi"
678,2025-04-03T06:40:24.255722,2025-04-05T14:40:24.255722,"Aurora, Belagavi"
679,2025-10-22T13:40:24.255898,2025-10-22T14:40:24.255898,"Koshy Street, Vijayanagara"
680,2025-01-19T23:40:24.255998,2025-01-20T14:40:24.255998,"Mall Marg, Mysuru"
681,2026-07-07T19:40:24.256100,2026-07-08T14:40:24.256100,"Contractor Zila, Belagavi"
682,2026-01-21T18:40:24.256224,2026-01-23T14:40:24.256224,"Mane Road, Kolar"
683,2026-03-30T23:40:24.256307,2026-04-01T14:40:24.256307,"Banik Circle, Dakshina Kannada"
684,2025-04-18T16:40:24.256500,2025-04-21T14:40:24.256500,"Prabhakar, Hassan"
685,2026-06-13T16:40:24.256635,2026-06-15T14:40:24.256635,"Atwal, Bidar"
686,2024-07-15T22:40:24.256774,2024-07-18T14:40:24.256774,"Nayak Ganj, Dharwad"
687,2025-09-16T06:40:24.256869,2025-09-18T14:40:24.256869,"Nadkarni Circle, Belagavi"
688,2026-05-12T23:40:24.257025,2026-05-14T14:40:24.257025,"Bhardwaj, Belagavi"
689,2026-06-13T07:40:24.257165,2026-06-15T14:40:24.257165,"Yadav Chowk, Kodagu"
690,2026-02-16T05:40:24.257274,2026-02-18T14:40:24.257274,"Basak Street, Mandya"
691,2025-11-10T15:40:24.257372,2025-11-13T14:40:24.257372,"Sharma Marg, Chikkaballapura"
692,2026-03-07T08:40:24.257465,2026-03-07T14:40:24.257465,"Rastogi Path, Belagavi"
693,2024-12-20T10:40:24.257604,2024-12-21T14:40:24.257604,"Dhaliwal Marg, Haveri"
694,2024-08-08T00:40:24.257706,2024-08-08T14:40:24.257706,"Dugar Circle, Belagavi"
695,2025-10-08T21:40:24.257840,2025-10-11T14:40:24.257840,"Korpal Chowk, Bidar"
696,2025-05-25T11:40:24.257922,2025-05-25T14:40:24.257922,"Narula Nagar, Vijayanagara"
697,2025-12-03T02:40:24.258051,2025-12-05T14:40:24.258051,"Gill Path, Dharwad"
698,2025-03-22T03:40:24.258140,2025-03-24T14:40:24.258140,"Rout, Mysuru"
699,2025-12-19T00:40:24.258280,2025-12-19T14:40:24.258280,"Gopal, Ramanagara"
700,2024-10-03T22:40:24.258410,2024-10-06T14:40:24.258410,"Master Path, Raichur"
701,2025-01-11T15:40:24.258509,2025-01-13T14:40:24.258509,"Nagar Chowk, Belagavi"
702,2024-11-30T19:40:24.258630,2024-12-01T14:40:24.258630,"Shanker Road, Bengaluru Urban"
703,2024-11-11T16:40:24.258738,2024-11-13T14:40:24.258738,"Madan Nagar, Belagavi"
704,2026-01-25T09:40:24.258807,2026-01-27T14:40:24.258807,"Pal Street, Mysuru"
705,2025-05-06T08:40:24.258910,2025-05-07T14:40:24.258910,"Kibe Zila, Shivamogga"
706,2025-12-08T02:40:24.259030,2025-12-09T14:40:24.259030,"Sharma Street, Belagavi"
707,2026-01-07T11:40:24.259118,2026-01-08T14:40:24.259118,"Aggarwal Zila, Shivamogga"
708,2026-01-13T13:40:24.259239,2026-01-13T14:40:24.259239,"Grewal, Belagavi"
709,2026-05-24T00:40:24.259330,2026-05-25T14:40:24.259330,"Lall Ganj, Belagavi"
710,2025-10-10T05:40:24.259461,2025-10-12T14:40:24.259461,"Pai Road, Belagavi"
711,2026-07-06T08:40:24.259616,2026-07-07T14:40:24.259616,"Nagar Zila, Vijayanagara"
712,2024-10-16T07:40:24.259731,2024-10-18T14:40:24.259731,"Gupta Circle, Belagavi"
713,2025-02-08T23:40:24.259812,2025-02-11T14:40:24.259812,"Shetty Chowk, Mandya"
714,2025-08-24T13:40:24.260011,2025-08-24T14:40:24.260011,"Saraf Nagar, Chamarajanagara"
715,2024-08-06T04:40:24.260103,2024-08-08T14:40:24.260103,"Nazareth Road, Mysuru"
716,2024-11-09T06:40:24.260244,2024-11-09T14:40:24.260244,"Naik Zila, Belagavi"
717,2025-08-12T18:40:24.260343,2025-08-14T14:40:24.260343,"Dutt Road, Belagavi"
718,2024-07-13T19:40:24.260438,2024-07-14T14:40:24.260438,"Badami Zila, Bidar"
719,2024-09-07T21:40:24.260585,2024-09-09T14:40:24.260585,"Datta Ganj, Mysuru"
720,2026-06-16T07:40:24.260699,2026-06-17T14:40:24.260699,"Munshi Nagar, Belagavi"
721,2025-01-30T13:40:24.260813,2025-01-30T14:40:24.260813,"Sengupta Zila, Kolar"
722,2026-04-02T10:40:24.260915,2026-04-03T14:40:24.260915,"Narang Nagar, Belagavi"
723,2024-11-05T03:40:24.261036,2024-11-05T14:40:24.261036,"Puri Ganj, Belagavi"
724,2026-01-23T07:40:24.261148,2026-01-23T14:40:24.261148,"Dugar Marg, Mandya"
725,2025-05-24T07:40:24.261239,2025-05-25T14:40:24.261239,"Setty Ganj, Kodagu"
726,2026-03-21T15:40:24.261332,2026-03-23T14:40:24.261332,"Dhar Path, Gadag"
727,2024-09-26T02:40:24.261488,2024-09-26T14:40:24.261488,"Chaudry Street, Mysuru"
728,2025-07-11T16:40:24.261658,2025-07-12T14:40:24.261658,"Dutt Chowk, Tumakuru"
729,2026-01-17T15:40:24.261815,2026-01-19T14:40:24.261815,"Tailor Road, Tumakuru"
730,2025-02-20T17:40:24.261907,2025-02-21T14:40:24.261907,"Pillai, Mandya"
731,2026-03-08T11:40:24.262002,2026-03-08T14:40:24.262002,"Dutta Marg, Vijayapura"
732,2026-01-12T00:40:24.262069,2026-01-14T14:40:24.262069,"Dar Marg, Belagavi"
733,2026-05-12T17:40:24.262194,2026-05-13T14:40:24.262194,"Chhabra Marg, Belagavi"
734,2024-09-23T04:40:24.262328,2024-09-23T14:40:24.262328,"Golla Ganj, Mysuru"
735,2026-06-29T12:40:24.262537,2026-06-30T14:40:24.262537,"Bedi Nagar, Bengaluru Urban"
736,2026-04-10T06:40:24.262651,2026-04-12T14:40:24.262651,"Dutta, Ballari"
737,2026-02-28T08:40:24.262801,2026-03-01T14:40:24.262801,"Lall Street, Bagalkote"
738,2024-10-27T11:40:24.262887,2024-10-27T14:40:24.262887,"Chowdhury Nagar, Yadgir"
739,2025-10-29T17:40:24.262986,2025-10-30T14:40:24.262986,"Balan Marg, Belagavi"
740,2025-11-30T22:40:24.263062,2025-12-01T14:40:24.263062,"Basu Nagar, Haveri"
741,2025-04-14T22:40:24.263191,2025-04-15T14:40:24.263191,"Batta Ganj, Belagavi"
742,2026-05-22T12:40:24.263303,2026-05-24T14:40:24.263303,"Ghosh Marg, Ramanagara"
743,2026-07-08T14:40:24.263407,2026-07-09T14:40:24.263407,"Natarajan Street, Mysuru"
744,2025-02-08T03:40:24.263489,2025-02-09T14:40:24.263489,"Dhillon Circle, Chitradurga"
745,2025-03-16T21:40:24.263649,2025-03-18T14:40:24.263649,"Suresh Path, Belagavi"
746,2024-10-27T06:40:24.263793,2024-10-28T14:40:24.263793,"Chokshi Circle, Kalaburagi"
747,2025-10-03T05:40:24.263976,2025-10-04T14:40:24.263976,"Kulkarni Zila, Chitradurga"
748,2026-05-20T17:40:24.264066,2026-05-21T14:40:24.264066,"Joshi Path, Belagavi"
749,2026-05-30T07:40:24.264163,2026-05-30T14:40:24.264163,"Kumer Nagar, Chikkamagaluru"
750,2025-03-28T22:40:24.264310,2025-03-30T14:40:24.264310,"Krishnan Chowk, Yadgir"
751,2024-08-01T21:40:24.264413,2024-08-03T14:40:24.264413,"Naidu Nagar, Hassan"
752,2026-01-18T02:40:24.264568,2026-01-20T14:40:24.264568,"Rama, Kalaburagi"
753,2026-02-10T23:40:24.264673,2026-02-12T14:40:24.264673,"Narula Road, Belagavi"
754,2025-04-03T18:40:24.264748,2025-04-05T14:40:24.264748,"Goda Marg, Mysuru"
755,2025-07-12T23:40:24.264884,2025-07-13T14:40:24.264884,"Taneja Chowk, Udupi"
756,2026-06-02T22:40:24.264996,2026-06-04T14:40:24.264996,"Chahal Zila, Belagavi"
757,2025-07-05T12:40:24.265126,2025-07-05T14:40:24.265126,"Lall Circle, Vijayanagara"
758,2025-11-03T19:40:24.265259,2025-11-05T14:40:24.265259,"Arora Circle, Bengaluru Rural"
759,2025-06-03T20:40:24.265336,2025-06-05T14:40:24.265336,"Kohli Path, Belagavi"
760,2026-01-29T03:40:24.265430,2026-01-31T14:40:24.265430,"Uppal Street, Belagavi"
761,2026-06-05T20:40:24.265540,2026-06-07T14:40:24.265540,"Basak Marg, Belagavi"
762,2025-04-12T13:40:24.265706,2025-04-13T14:40:24.265706,"Sant Zila, Dharwad"
763,2026-05-03T17:40:24.265806,2026-05-04T14:40:24.265806,"Shetty Road, Dakshina Kannada"
764,2026-06-07T13:40:24.265894,2026-06-07T14:40:24.265894,"Nazareth Chowk, Dharwad"
765,2025-08-22T02:40:24.265963,2025-08-22T14:40:24.265963,"Mani Road, Belagavi"
766,2024-10-04T09:40:24.266034,2024-10-04T14:40:24.266034,"Handa Road, Belagavi"
767,2026-05-07T20:40:24.266128,2026-05-08T14:40:24.266128,"Pathak Ganj, Kalaburagi"
768,2024-08-10T13:40:24.266254,2024-08-10T14:40:24.266254,"Sharaf Road, Chikkamagaluru"
769,2024-11-11T06:40:24.266318,2024-11-11T14:40:24.266318,"Bora, Koppal"
770,2024-11-27T08:40:24.266420,2024-11-28T14:40:24.266420,"Malhotra Chowk, Bengaluru Rural"
771,2025-11-16T09:40:24.266503,2025-11-16T14:40:24.266503,"Munshi Marg, Kolar"
772,2025-12-10T04:40:24.266639,2025-12-12T14:40:24.266639,"Sampath Zila, Belagavi"
773,2025-03-23T01:40:24.266720,2025-03-25T14:40:24.266720,"Malhotra, Davanagere"
774,2025-06-03T18:40:24.266823,2025-06-05T14:40:24.266823,"Rajagopal Street, Tumakuru"
775,2026-01-16T15:40:24.266984,2026-01-18T14:40:24.266984,"Khare Nagar, Belagavi"
776,2026-03-27T19:40:24.267169,2026-03-28T14:40:24.267169,"Rai Marg, Belagavi"
777,2026-04-27T09:40:24.267317,2026-04-28T14:40:24.267317,"Raval Street, Mysuru"
778,2025-01-02T21:40:24.267441,2025-01-04T14:40:24.267441,"Kohli, Belagavi"
779,2024-12-26T20:40:24.267518,2024-12-28T14:40:24.267518,"Bahri Marg, Mysuru"
780,2025-10-20T09:40:24.267664,2025-10-21T14:40:24.267664,"Dugar Chowk, Vijayapura"
781,2026-06-29T19:40:24.267782,2026-07-01T14:40:24.267782,"Bedi, Vijayapura"
782,2024-08-02T07:40:24.267979,2024-08-04T14:40:24.267979,"Bhavsar Circle, Yadgir"
783,2026-01-07T03:40:24.268087,2026-01-07T14:40:24.268087,"Chaudhuri Zila, Bengaluru Urban"
784,2025-01-25T02:40:24.268214,2025-01-26T14:40:24.268214,"Garg Path, Shivamogga"
785,2025-10-20T01:40:24.268361,2025-10-20T14:40:24.268361,"Kothari Zila, Shivamogga"
786,2026-03-07T13:40:24.268436,2026-03-07T14:40:24.268436,"Sharma Road, Vijayapura"
787,2024-12-10T23:40:24.268507,2024-12-13T14:40:24.268507,"Ravel, Shivamogga"
788,2024-07-24T01:40:24.268741,2024-07-24T14:40:24.268741,"Bajwa Path, Mysuru"
789,2025-03-01T20:40:24.268890,2025-03-04T14:40:24.268890,"Shukla Marg, Tumakuru"
790,2026-05-12T23:40:24.268989,2026-05-13T14:40:24.268989,"Merchant Zila, Belagavi"
791,2026-04-06T21:40:24.269122,2026-04-08T14:40:24.269122,"Mukherjee Ganj, Vijayapura"
792,2025-12-19T06:40:24.269251,2025-12-21T14:40:24.269251,"Narain Path, Belagavi"
793,2025-04-06T20:40:24.269339,2025-04-09T14:40:24.269339,"Toor Circle, Yadgir"
794,2025-07-26T07:40:24.269437,2025-07-27T14:40:24.269437,"Kannan Marg, Belagavi"
795,2025-10-14T18:40:24.269532,2025-10-15T14:40:24.269532,"Sane Street, Belagavi"
796,2026-04-03T21:40:24.269669,2026-04-04T14:40:24.269669,"Comar Chowk, Belagavi"
797,2025-11-26T16:40:24.269767,2025-11-29T14:40:24.269767,"Venkatesh Street, Chikkaballapura"
798,2026-02-22T08:40:24.269884,2026-02-24T14:40:24.269884,"Mital Nagar, Gadag"
799,2025-09-12T11:40:24.270052,2025-09-12T14:40:24.270052,"Srivastava, Kodagu"
800,2025-04-22T17:40:24.270169,2025-04-25T14:40:24.270169,"Morar Zila, Kodagu"
801,2025-04-12T03:40:24.270353,2025-04-12T14:40:24.270353,"Chaudhuri Zila, Dharwad"
802,2024-12-20T22:40:24.270537,2024-12-21T14:40:24.270537,"Deol Nagar, Udupi"
803,2026-01-14T21:40:24.270800,2026-01-15T14:40:24.270800,"Acharya, Belagavi"
804,2026-04-26T09:40:24.271009,2026-04-26T14:40:24.271009,"Taneja Zila, Belagavi"
805,2025-06-08T13:40:24.271119,2025-06-10T14:40:24.271119,"Sethi Chowk, Belagavi"
806,2025-06-03T19:40:24.271263,2025-06-04T14:40:24.271263,"Dalal Nagar, Kalaburagi"
807,2025-10-29T16:40:24.271355,2025-11-01T14:40:24.271355,"Khare, Kolar"
808,2025-02-02T17:40:24.271454,2025-02-05T14:40:24.271454,"Bhatti Path, Belagavi"
809,2025-06-21T09:40:24.271656,2025-06-23T14:40:24.271656,"Chander Marg, Shivamogga"
810,2026-06-10T14:40:24.271753,2026-06-13T14:40:24.271753,"Sahni Street, Belagavi"
811,2026-04-26T08:40:24.271960,2026-04-28T14:40:24.271960,"Sha Nagar, Belagavi"
812,2025-10-12T21:40:24.272095,2025-10-14T14:40:24.272095,"Mital Road, Hassan"
813,2025-03-18T08:40:24.272180,2025-03-18T14:40:24.272180,"Karnik Circle, Kodagu"
814,2026-02-11T17:40:24.272301,2026-02-12T14:40:24.272301,"Mohan Circle, Belagavi"
815,2024-12-04T00:40:24.272408,2024-12-05T14:40:24.272408,"Narasimhan Zila, Bengaluru Urban"
816,2026-04-12T11:40:24.272492,2026-04-13T14:40:24.272492,"Master Street, Belagavi"
817,2026-03-22T19:40:24.272695,2026-03-24T14:40:24.272695,"Comar Street, Belagavi"
818,2024-12-09T21:40:24.272824,2024-12-11T14:40:24.272824,"Gulati Marg, Ballari"
819,2025-03-02T11:40:24.272899,2025-03-02T14:40:24.272899,"Dyal Path, Belagavi"
820,2024-10-25T21:40:24.273034,2024-10-28T14:40:24.273034,"Talwar Ganj, Kodagu"
821,2025-10-06T09:40:24.273127,2025-10-06T14:40:24.273127,"Pant Nagar, Bagalkote"
822,2025-02-14T14:40:24.273219,2025-02-17T14:40:24.273219,"Verma Zila, Ramanagara"
823,2026-03-21T16:40:24.273306,2026-03-23T14:40:24.273306,"Bali, Bagalkote"
824,2026-04-11T21:40:24.273446,2026-04-14T14:40:24.273446,"Borde Marg, Bidar"
825,2026-06-30T18:40:24.273630,2026-07-02T14:40:24.273630,"Chandran Zila, Raichur"
826,2024-11-18T23:40:24.273785,2024-11-21T14:40:24.273785,"Chander Marg, Yadgir"
827,2026-06-22T17:40:24.273899,2026-06-25T14:40:24.273899,"Chhabra Marg, Haveri"
828,2026-04-16T01:40:24.274032,2026-04-16T14:40:24.274032,"Upadhyay Street, Belagavi"
829,2024-08-07T18:40:24.274156,2024-08-08T14:40:24.274156,"Master Circle, Vijayanagara"
830,2026-06-02T00:40:24.274288,2026-06-03T14:40:24.274288,"Ravi Zila, Yadgir"
831,2025-02-15T01:40:24.274409,2025-02-15T14:40:24.274409,"Deol Marg, Vijayapura"
832,2025-09-14T22:40:24.274572,2025-09-15T14:40:24.274572,"Nair Path, Belagavi"
833,2025-07-09T07:40:24.274658,2025-07-10T14:40:24.274658,"Jhaveri Street, Haveri"
834,2024-12-21T05:40:24.274896,2024-12-21T14:40:24.274896,"Jani Road, Hassan"
835,2025-08-18T21:40:24.275065,2025-08-20T14:40:24.275065,"Srinivasan Street, Belagavi"
836,2024-10-04T22:40:24.275219,2024-10-07T14:40:24.275219,"Varty Road, Tumakuru"
837,2024-08-20T08:40:24.275303,2024-08-20T14:40:24.275303,"Wagle Circle, Chikkamagaluru"
838,2025-02-14T00:40:24.275384,2025-02-16T14:40:24.275384,"Saini Path, Mandya"
839,2024-11-03T11:40:24.275480,2024-11-05T14:40:24.275480,"Parikh, Bengaluru Urban"
840,2026-04-02T10:40:24.275654,2026-04-03T14:40:24.275654,"Tailor Path, Belagavi"
841,2024-11-29T09:40:24.275812,2024-11-30T14:40:24.275812,"Prabhakar Ganj, Belagavi"
842,2026-06-10T02:40:24.275944,2026-06-11T14:40:24.275944,"Sengupta Road, Chikkamagaluru"
843,2025-03-06T09:40:24.276024,2025-03-07T14:40:24.276024,"Yadav Road, Belagavi"
844,2026-03-05T22:40:24.276120,2026-03-07T14:40:24.276120,"Chaudhry Path, Chikkaballapura"
845,2025-03-06T05:40:24.276232,2025-03-06T14:40:24.276232,"Bail, Mysuru"
846,2025-01-05T19:40:24.276366,2025-01-06T14:40:24.276366,"Desai Ganj, Bengaluru Urban"
847,2024-12-27T12:40:24.276489,2024-12-27T14:40:24.276489,"Gill Circle, Bengaluru Urban"
848,2026-04-15T15:40:24.276603,2026-04-16T14:40:24.276603,"Karnik Marg, Belagavi"
849,2024-12-04T07:40:24.276685,2024-12-04T14:40:24.276685,"Walia, Bengaluru Urban"
850,2024-12-09T04:40:24.276839,2024-12-09T14:40:24.276839,"Bhagat Street, Dakshina Kannada"
851,2025-07-01T08:40:24.276944,2025-07-02T14:40:24.276944,"Bedi Ganj, Belagavi"
852,2025-06-12T18:40:24.277042,2025-06-13T14:40:24.277042,"Sane Nagar, Belagavi"
853,2025-07-23T18:40:24.277222,2025-07-26T14:40:24.277222,"Bala Nagar, Belagavi"
854,2025-06-25T16:40:24.277365,2025-06-27T14:40:24.277365,"Contractor Marg, Belagavi"
855,2025-05-23T02:40:24.277483,2025-05-25T14:40:24.277483,"Thaker Road, Kolar"
856,2025-09-28T07:40:24.277594,2025-09-30T14:40:24.277594,"Sibal Marg, Udupi"
857,2026-05-06T00:40:24.277683,2026-05-08T14:40:24.277683,"Pai Marg, Udupi"
858,2024-08-13T11:40:24.277818,2024-08-14T14:40:24.277818,"Pau Nagar, Dharwad"
859,2025-12-20T06:40:24.277915,2025-12-21T14:40:24.277915,"Roy Ganj, Belagavi"
860,2025-06-13T20:40:24.278010,2025-06-16T14:40:24.278010,"Ramanathan Zila, Davanagere"
861,2024-10-14T03:40:24.278085,2024-10-14T14:40:24.278085,"Som Street, Belagavi"
862,2026-06-13T00:40:24.278184,2026-06-15T14:40:24.278184,"Dubey Ganj, Belagavi"
863,2026-04-21T21:40:24.278255,2026-04-23T14:40:24.278255,"Mohanty, Bengaluru Urban"
864,2025-11-03T00:40:24.278325,2025-11-05T14:40:24.278325,"Pillay Street, Belagavi"
865,2026-04-22T15:40:24.278459,2026-04-25T14:40:24.278459,"Grover Nagar, Belagavi"
866,2025-02-01T21:40:24.278590,2025-02-04T14:40:24.278590,"Mammen Marg, Vijayanagara"
867,2026-06-27T20:40:24.278677,2026-06-29T14:40:24.278677,"Tella Ganj, Belagavi"
868,2025-03-04T15:40:24.278751,2025-03-05T14:40:24.278751,"Barad Path, Shivamogga"
869,2025-01-05T06:40:24.278863,2025-01-05T14:40:24.278863,"Kapadia Marg, Mandya"
870,2025-06-16T16:40:24.278957,2025-06-19T14:40:24.278957,"Issac, Belagavi"
871,2026-06-14T13:40:24.279103,2026-06-14T14:40:24.279103,"Narang Chowk, Koppal"
872,2025-08-07T22:40:24.279250,2025-08-09T14:40:24.279250,"Sodhi Path, Mysuru"
873,2025-07-06T02:40:24.279352,2025-07-06T14:40:24.279352,"Mukhopadhyay Zila, Udupi"
874,2025-06-21T22:40:24.279461,2025-06-22T14:40:24.279461,"Dewan Nagar, Koppal"
875,2025-11-14T07:40:24.279634,2025-11-15T14:40:24.279634,"De Road, Chamarajanagara"
876,2026-05-29T08:40:24.279733,2026-05-31T14:40:24.279733,"Batra Marg, Belagavi"
877,2025-12-29T12:40:24.279868,2025-12-31T14:40:24.279868,"Patel Ganj, Kalaburagi"
878,2025-11-28T16:40:24.279991,2025-12-01T14:40:24.279991,"Kumar Ganj, Vijayanagara"
879,2025-01-18T18:40:24.280157,2025-01-21T14:40:24.280157,"D’Alia Nagar, Bengaluru Urban"
880,2026-06-25T23:40:24.280309,2026-06-28T14:40:24.280309,"Dash, Shivamogga"
881,2025-05-04T06:40:24.280448,2025-05-04T14:40:24.280448,"Salvi Marg, Mysuru"
882,2026-05-23T06:40:24.280583,2026-05-24T14:40:24.280583,"Narayanan Street, Davanagere"
883,2026-03-20T04:40:24.280724,2026-03-22T14:40:24.280724,"Raval Marg, Vijayapura"
884,2026-05-10T12:40:24.280905,2026-05-10T14:40:24.280905,"Sathe Nagar, Belagavi"
885,2024-08-13T01:40:24.281051,2024-08-15T14:40:24.281051,"Balan Path, Dharwad"
886,2025-09-23T02:40:24.281166,2025-09-23T14:40:24.281166,"Ray Path, Yadgir"
887,2026-01-22T20:40:24.281295,2026-01-25T14:40:24.281295,"Handa Road, Gadag"
888,2025-04-27T23:40:24.281393,2025-04-30T14:40:24.281393,"Ahuja Nagar, Bagalkote"
889,2024-12-04T16:40:24.281506,2024-12-06T14:40:24.281506,"Natt, Chamarajanagara"
890,2026-05-26T02:40:24.281685,2026-05-28T14:40:24.281685,"Goel Marg, Mysuru"
891,2025-04-11T03:40:24.281830,2025-04-12T14:40:24.281830,"Bhardwaj Street, Vijayapura"
892,2026-02-26T08:40:24.281954,2026-02-28T14:40:24.281954,"Dyal Nagar, Mysuru"
893,2025-03-30T06:40:24.282042,2025-03-30T14:40:24.282042,"Kata Chowk, Koppal"
894,2025-11-27T00:40:24.282119,2025-11-28T14:40:24.282119,"Rattan Path, Koppal"
895,2026-02-06T01:40:24.282269,2026-02-08T14:40:24.282269,"Kanda Zila, Belagavi"
896,2025-01-08T22:40:24.282415,2025-01-09T14:40:24.282415,"Naidu Street, Yadgir"
897,2025-10-15T05:40:24.282533,2025-10-16T14:40:24.282533,"Krishna Ganj, Kolar"
898,2025-03-18T14:40:24.282671,2025-03-21T14:40:24.282671,"Swamy Zila, Belagavi"
899,2024-10-25T09:40:24.282797,2024-10-25T14:40:24.282797,"Nagar Street, Belagavi"
900,2026-05-17T22:40:24.282938,2026-05-20T14:40:24.282938,"Ravel Ganj, Belagavi"
901,2025-07-01T17:40:24.283056,2025-07-02T14:40:24.283056,"Dutta Path, Belagavi"
902,2024-07-24T17:40:24.283185,2024-07-27T14:40:24.283185,"Ghosh Circle, Ballari"
903,2024-08-05T23:40:24.283259,2024-08-06T14:40:24.283259,"Warrior Circle, Haveri"
904,2026-05-31T19:40:24.283362,2026-06-03T14:40:24.283362,"Karpe Nagar, Belagavi"
905,2026-06-03T18:40:24.283435,2026-06-06T14:40:24.283435,"Nazareth, Chamarajanagara"
906,2026-06-10T11:40:24.283506,2026-06-11T14:40:24.283506,"Banik Chowk, Bengaluru Urban"
907,2025-02-24T14:40:24.283632,2025-02-27T14:40:24.283632,"Seth, Bengaluru Urban"
908,2025-01-10T17:40:24.283742,2025-01-12T14:40:24.283742,"Sarin, Bagalkote"
909,2024-09-01T04:40:24.283862,2024-09-01T14:40:24.283862,"Rastogi Nagar, Chikkamagaluru"
910,2025-12-12T09:40:24.283967,2025-12-12T14:40:24.283967,"Ramakrishnan Path, Chikkaballapura"
911,2026-06-27T15:40:24.284075,2026-06-29T14:40:24.284075,"Gopal Road, Belagavi"
912,2026-07-08T23:40:24.284244,2026-07-09T14:40:24.284244,"Buch Road, Bengaluru Urban"
913,2026-04-19T05:40:24.284441,2026-04-20T14:40:24.284441,"Pingle, Belagavi"
914,2026-06-02T23:40:24.284589,2026-06-03T14:40:24.284589,"Nagi Nagar, Belagavi"
915,2025-04-05T14:40:24.284685,2025-04-07T14:40:24.284685,"Borde, Belagavi"
916,2024-11-17T13:40:24.284764,2024-11-19T14:40:24.284764,"Nath Circle, Bengaluru Urban"
917,2026-05-06T17:40:24.284900,2026-05-09T14:40:24.284900,"Chhabra Ganj, Belagavi"
918,2025-04-26T11:40:24.284988,2025-04-26T14:40:24.284988,"Nadig Chowk, Shivamogga"
919,2026-03-28T04:40:24.285143,2026-03-29T14:40:24.285143,"Patel Road, Belagavi"
920,2025-03-24T17:40:24.285290,2025-03-26T14:40:24.285290,"Mammen Chowk, Bengaluru Urban"
921,2025-05-25T04:40:24.285436,2025-05-26T14:40:24.285436,"Sangha Zila, Udupi"
922,2024-12-05T00:40:24.285526,2024-12-07T14:40:24.285526,"Kata Ganj, Bengaluru Urban"
923,2026-05-08T19:40:24.285664,2026-05-11T14:40:24.285664,"Vig Nagar, Belagavi"
924,2025-05-01T06:40:24.285790,2025-05-02T14:40:24.285790,"Master Chowk, Davanagere"
925,2026-07-09T08:40:24.285886,2026-07-11T14:40:24.285886,"Boase Ganj, Koppal"
926,2025-05-17T15:40:24.285976,2025-05-20T14:40:24.285976,"Mody Nagar, Mandya"
927,2026-01-04T19:40:24.286106,2026-01-06T14:40:24.286106,"Gandhi Circle, Belagavi"
928,2026-06-09T02:40:24.286205,2026-06-11T14:40:24.286205,"Nagi Chowk, Belagavi"
929,2026-07-05T19:40:24.286305,2026-07-08T14:40:24.286305,"Chana Street, Udupi"
930,2025-12-03T15:40:24.286393,2025-12-05T14:40:24.286393,"Gill Chowk, Dharwad"
931,2025-08-03T16:40:24.286513,2025-08-04T14:40:24.286513,"Kala, Ramanagara"
932,2026-01-01T08:40:24.286623,2026-01-03T14:40:24.286623,"Keer Road, Dharwad"
933,2025-01-04T10:40:24.286753,2025-01-06T14:40:24.286753,"Sheth Chowk, Belagavi"
934,2026-05-14T04:40:24.286888,2026-05-16T14:40:24.286888,"Boase Chowk, Belagavi"
935,2024-12-12T21:40:24.287128,2024-12-13T14:40:24.287128,"Ranganathan Path, Bengaluru Rural"
936,2026-06-14T16:40:24.287319,2026-06-15T14:40:24.287319,"Bhat Marg, Belagavi"
937,2025-08-15T15:40:24.287443,2025-08-17T14:40:24.287443,"Gaba Path, Mysuru"
938,2024-08-16T20:40:24.287578,2024-08-19T14:40:24.287578,"Sridhar Ganj, Kolar"
939,2024-08-23T11:40:24.287753,2024-08-23T14:40:24.287753,"Sharma Zila, Udupi"
940,2026-02-14T13:40:24.287968,2026-02-16T14:40:24.287968,"Wadhwa Path, Ramanagara"
941,2026-04-30T11:40:24.288101,2026-04-30T14:40:24.288101,"Verma Road, Tumakuru"
942,2025-02-20T12:40:24.288248,2025-02-20T14:40:24.288248,"Mangat, Kodagu"
943,2024-10-14T11:40:24.288324,2024-10-16T14:40:24.288324,"Bhatti Marg, Yadgir"
944,2026-01-10T05:40:24.288422,2026-01-10T14:40:24.288422,"Dhar Zila, Mandya"
945,2025-03-25T17:40:24.288541,2025-03-28T14:40:24.288541,"Borde Road, Dakshina Kannada"
946,2025-03-01T17:40:24.288729,2025-03-04T14:40:24.288729,"Bhat, Koppal"
947,2024-07-12T19:40:24.288810,2024-07-13T14:40:24.288810,"De Ganj, Haveri"
948,2026-06-18T00:40:24.288920,2026-06-20T14:40:24.288920,"Bhargava Ganj, Belagavi"
949,2026-01-15T09:40:24.289055,2026-01-16T14:40:24.289055,"Gera Marg, Belagavi"
950,2025-02-06T20:40:24.289199,2025-02-09T14:40:24.289199,"Johal Nagar, Udupi"
951,2024-07-21T09:40:24.289313,2024-07-23T14:40:24.289313,"Arya Nagar, Belagavi"
952,2025-01-24T13:40:24.289417,2025-01-24T14:40:24.289417,"Basak Circle, Mysuru"
953,2026-06-09T18:40:24.289510,2026-06-12T14:40:24.289510,"Mani Nagar, Belagavi"
954,2024-08-18T21:40:24.289698,2024-08-21T14:40:24.289698,"Kulkarni Marg, Mysuru"
955,2026-02-01T21:40:24.289853,2026-02-03T14:40:24.289853,"Brar Street, Dakshina Kannada"
956,2026-07-10T17:40:24.289941,2026-07-11T14:40:24.289941,"Rau Road, Bengaluru Urban"
957,2025-08-02T16:40:24.290064,2025-08-05T14:40:24.290064,"Krishnan Zila, Chikkamagaluru"
958,2025-08-10T01:40:24.290249,2025-08-10T14:40:24.290249,"Wadhwa Marg, Bengaluru Rural"
959,2026-06-19T21:40:24.290377,2026-06-20T14:40:24.290377,"Chaudhary Marg, Chikkamagaluru"
960,2026-02-22T20:40:24.290463,2026-02-23T14:40:24.290463,"Ghosh Ganj, Vijayapura"
961,2025-03-29T13:40:24.290654,2025-03-31T14:40:24.290654,"Sharma Circle, Davanagere"
962,2025-04-29T12:40:24.290822,2025-04-30T14:40:24.290822,"Thakur Circle, Chitradurga"
963,2026-02-09T09:40:24.290939,2026-02-10T14:40:24.290939,"Varghese Circle, Belagavi"
964,2024-12-09T14:40:24.291048,2024-12-11T14:40:24.291048,"Nagarajan Chowk, Belagavi"
965,2026-01-14T19:40:24.291145,2026-01-17T14:40:24.291145,"Madan Chowk, Kalaburagi"
966,2025-10-30T15:40:24.291288,2025-11-02T14:40:24.291288,"Sampath, Yadgir"
967,2025-11-08T18:40:24.291406,2025-11-11T14:40:24.291406,"Chhabra Path, Belagavi"
968,2024-10-09T23:40:24.291565,2024-10-11T14:40:24.291565,"Apte Chowk, Chamarajanagara"
969,2026-06-24T07:40:24.291673,2026-06-26T14:40:24.291673,"Dass Road, Belagavi"
970,2026-07-08T18:40:24.291747,2026-07-09T14:40:24.291747,"Kari Circle, Dakshina Kannada"
971,2024-10-28T19:40:24.291875,2024-10-31T14:40:24.291875,"Bains Marg, Belagavi"
972,2025-12-30T12:40:24.291981,2025-12-31T14:40:24.291981,"Reddy Ganj, Belagavi"
973,2025-12-21T19:40:24.292080,2025-12-22T14:40:24.292080,"Vaidya Circle, Belagavi"
974,2024-07-30T12:40:24.292190,2024-07-31T14:40:24.292190,"Chatterjee, Bengaluru Urban"
975,2025-03-07T14:40:24.292278,2025-03-10T14:40:24.292278,"Singhal Zila, Tumakuru"
976,2026-02-28T06:40:24.292405,2026-02-28T14:40:24.292405,"Buch Road, Kolar"
977,2024-09-29T03:40:24.292533,2024-09-30T14:40:24.292533,"Toor Road, Kolar"
978,2024-10-08T09:40:24.292660,2024-10-08T14:40:24.292660,"Bawa Path, Bengaluru Urban"
979,2026-06-09T21:40:24.292786,2026-06-10T14:40:24.292786,"Bhatia Marg, Belagavi"
980,2025-10-12T21:40:24.292871,2025-10-13T14:40:24.292871,"Lad Circle, Chikkamagaluru"
981,2026-04-20T12:40:24.292972,2026-04-21T14:40:24.292972,"Krishna, Belagavi"
982,2026-06-13T04:40:24.293170,2026-06-15T14:40:24.293170,"Lala Marg, Mysuru"
983,2025-08-02T03:40:24.293306,2025-08-03T14:40:24.293306,"Balakrishnan Circle, Dakshina Kannada"
984,2024-07-13T23:40:24.293415,2024-07-14T14:40:24.293415,"Chopra Nagar, Davanagere"
985,2026-03-27T10:40:24.293500,2026-03-28T14:40:24.293500,"Dyal Marg, Belagavi"
986,2025-06-26T04:40:24.293625,2025-06-27T14:40:24.293625,"Mukhopadhyay Chowk, Bengaluru Urban"
987,2024-09-21T21:40:24.293768,2024-09-22T14:40:24.293768,"Aurora Circle, Belagavi"
988,2025-11-05T19:40:24.293923,2025-11-08T14:40:24.293923,"Sandal Street, Bengaluru Urban"
989,2026-02-15T10:40:24.294069,2026-02-16T14:40:24.294069,"Pillay Street, Belagavi"
990,2024-08-22T20:40:24.294144,2024-08-25T14:40:24.294144,"Nair Circle, Belagavi"
991,2025-12-15T17:40:24.294232,2025-12-16T14:40:24.294232,"Mody Road, Shivamogga"
992,2026-06-11T08:40:24.294375,2026-06-11T14:40:24.294375,"Sarma Chowk, Belagavi"
993,2025-01-28T02:40:24.294455,2025-01-29T14:40:24.294455,"Balasubramanian Street, Raichur"
994,2025-04-02T16:40:24.294683,2025-04-04T14:40:24.294683,"Thakur Path, Bidar"
995,2026-06-14T12:40:24.294907,2026-06-15T14:40:24.294907,"Tiwari Chowk, Mysuru"
996,2024-10-29T16:40:24.295202,2024-10-30T14:40:24.295202,"Chhabra Circle, Chitradurga"
997,2025-01-24T02:40:24.295411,2025-01-26T14:40:24.295411,"Yohannan Road, Belagavi"
998,2026-04-10T17:40:24.295680,2026-04-13T14:40:24.295680,"Devan Chowk, Belagavi"
999,2025-04-29T16:40:24.295960,2025-05-02T14:40:24.295960,"Deo Road, Raichur"
1000,2024-10-13T01:40:24.296181,2024-10-14T14:40:24.296181,"Kade Street, Vijayanagara"
1001,2026-04-02T17:40:24.296313,2026-04-03T14:40:24.296313,"Aurora Zila, Gadag"
1002,2024-11-06T04:40:24.296398,2024-11-08T14:40:24.296398,"Babu Nagar, Raichur"
1003,2026-03-13T20:40:24.296623,2026-03-14T14:40:24.296623,"Chacko Nagar, Bidar"
1004,2026-01-18T20:40:24.296873,2026-01-19T14:40:24.296873,"Kohli Path, Bengaluru Urban"
1005,2026-04-22T09:40:24.296954,2026-04-22T14:40:24.296954,"Murty Ganj, Ramanagara"
1006,2025-06-16T14:40:24.297092,2025-06-18T14:40:24.297092,"Raghavan, Dharwad"
1007,2026-07-10T12:40:24.297184,2026-07-11T14:40:24.297184,"Ramakrishnan Marg, Belagavi"
1008,2026-04-28T04:40:24.297297,2026-04-30T14:40:24.297297,"Kar Zila, Belagavi"
1009,2026-04-27T04:40:24.297373,2026-04-28T14:40:24.297373,"Luthra, Udupi"
1010,2025-01-26T11:40:24.297473,2025-01-26T14:40:24.297473,"Ravel Circle, Belagavi"
1011,2026-03-26T06:40:24.297594,2026-03-27T14:40:24.297594,"Venkatesh Marg, Udupi"
1012,2025-01-28T09:40:24.297741,2025-01-29T14:40:24.297741,"Sha Zila, Mysuru"
1013,2024-10-18T16:40:24.297853,2024-10-21T14:40:24.297853,"Mittal Nagar, Davanagere"
1014,2025-07-28T06:40:24.297940,2025-07-29T14:40:24.297940,"Dalal Path, Tumakuru"
1015,2025-02-23T20:40:24.298026,2025-02-24T14:40:24.298026,"Minhas Chowk, Bengaluru Urban"
1016,2025-05-23T06:40:24.298165,2025-05-25T14:40:24.298165,"Vala Path, Belagavi"
1017,2026-05-04T09:40:24.298266,2026-05-05T14:40:24.298266,"Pradhan Road, Belagavi"
1018,2025-02-03T02:40:24.298414,2025-02-05T14:40:24.298414,"Kanda Marg, Bagalkote"
1019,2026-05-02T01:40:24.298572,2026-05-03T14:40:24.298572,"Bhardwaj Nagar, Mysuru"
1020,2024-10-07T10:40:24.298663,2024-10-07T14:40:24.298663,"Khosla Chowk, Gadag"
1021,2025-10-01T18:40:24.298830,2025-10-03T14:40:24.298830,"Chadha Zila, Bengaluru Urban"
1022,2025-10-05T10:40:24.298959,2025-10-05T14:40:24.298959,"Shere Nagar, Chamarajanagara"
1023,2025-09-19T19:40:24.299073,2025-09-21T14:40:24.299073,"Muni, Belagavi"
1024,2026-05-25T10:40:24.299300,2026-05-27T14:40:24.299300,"Varma Zila, Belagavi"
1025,2025-10-11T19:40:24.299440,2025-10-13T14:40:24.299440,"Biswas Street, Belagavi"
1026,2025-04-01T21:40:24.299616,2025-04-02T14:40:24.299616,"Sem Marg, Dharwad"
1027,2025-05-09T12:40:24.299784,2025-05-10T14:40:24.299784,"Sehgal Nagar, Ramanagara"
1028,2024-12-03T06:40:24.299935,2024-12-04T14:40:24.299935,"Goswami Ganj, Raichur"
1029,2025-08-16T05:40:24.300093,2025-08-18T14:40:24.300093,"Bahl Zila, Vijayanagara"
1030,2024-09-04T04:40:24.300231,2024-09-05T14:40:24.300231,"Acharya Street, Tumakuru"
1031,2025-09-10T03:40:24.300409,2025-09-11T14:40:24.300409,"Goswami Ganj, Chikkaballapura"
1032,2025-02-06T20:40:24.300506,2025-02-08T14:40:24.300506,"Savant Zila, Shivamogga"
1033,2024-09-24T19:40:24.300638,2024-09-25T14:40:24.300638,"Andra Nagar, Bagalkote"
1034,2025-04-25T07:40:24.300780,2025-04-26T14:40:24.300780,"Sangha Ganj, Belagavi"
1035,2024-08-03T23:40:24.300916,2024-08-04T14:40:24.300916,"Bobal Marg, Chikkaballapura"
1036,2026-01-25T23:40:24.301047,2026-01-28T14:40:24.301047,"Lall Chowk, Belagavi"
1037,2026-05-09T22:40:24.301217,2026-05-10T14:40:24.301217,"Narang Path, Hassan"
1038,2024-09-05T10:40:24.301346,2024-09-05T14:40:24.301346,"Gour Marg, Bengaluru Urban"
1039,2026-06-10T05:40:24.301443,2026-06-12T14:40:24.301443,"Morar Ganj, Chitradurga"
1040,2025-05-03T15:40:24.301621,2025-05-05T14:40:24.301621,"Atwal Ganj, Mysuru"
1041,2025-01-14T16:40:24.301731,2025-01-17T14:40:24.301731,"Natt Road, Belagavi"
1042,2025-01-21T08:40:24.301832,2025-01-22T14:40:24.301832,"Rana Street, Belagavi"
1043,2024-08-24T16:40:24.301960,2024-08-25T14:40:24.301960,"Shere Road, Ramanagara"
1044,2026-03-16T15:40:24.302037,2026-03-19T14:40:24.302037,"Padmanabhan Zila, Belagavi"
1045,2026-02-01T10:40:24.302158,2026-02-02T14:40:24.302158,"Chandra Path, Belagavi"
1046,2025-05-28T23:40:24.302241,2025-05-30T14:40:24.302241,"Natarajan Path, Belagavi"
1047,2024-10-17T04:40:24.302389,2024-10-18T14:40:24.302389,"Upadhyay Street, Dharwad"
1048,2024-08-20T20:40:24.302513,2024-08-22T14:40:24.302513,"Datta Circle, Dakshina Kannada"
1049,2026-04-19T23:40:24.302684,2026-04-21T14:40:24.302684,"Hayre Path, Mysuru"
1050,2026-05-08T00:40:24.302791,2026-05-09T14:40:24.302791,"Tank Chowk, Hassan"
1051,2025-04-07T10:40:24.302886,2025-04-09T14:40:24.302886,"De Nagar, Kalaburagi"
1052,2026-06-12T01:40:24.303026,2026-06-14T14:40:24.303026,"Yogi, Belagavi"
1053,2024-08-18T01:40:24.303205,2024-08-19T14:40:24.303205,"Gaba Marg, Koppal"
1054,2024-11-13T01:40:24.303291,2024-11-13T14:40:24.303291,"Ravi Path, Yadgir"
1055,2026-01-22T13:40:24.303473,2026-01-24T14:40:24.303473,"Mangat, Bengaluru Urban"
1056,2026-06-13T05:40:24.303585,2026-06-14T14:40:24.303585,"Mohan Ganj, Dakshina Kannada"
1057,2025-11-15T15:40:24.303678,2025-11-17T14:40:24.303678,"Dayal Ganj, Belagavi"
1058,2026-02-05T11:40:24.303866,2026-02-06T14:40:24.303866,"Baral Circle, Vijayanagara"
1059,2025-11-20T03:40:24.303993,2025-11-22T14:40:24.303993,"Desai Ganj, Chamarajanagara"
1060,2026-02-10T12:40:24.304134,2026-02-11T14:40:24.304134,"Brahmbhatt Ganj, Belagavi"
1061,2025-02-14T23:40:24.304246,2025-02-17T14:40:24.304246,"Narayanan Chowk, Chikkamagaluru"
1062,2025-01-04T06:40:24.304347,2025-01-04T14:40:24.304347,"Sodhi, Gadag"
1063,2025-07-02T04:40:24.304508,2025-07-02T14:40:24.304508,"Chahal Circle, Kolar"
1064,2025-06-14T14:40:24.304645,2025-06-17T14:40:24.304645,"Raj, Bidar"
1065,2026-03-19T19:40:24.304801,2026-03-21T14:40:24.304801,"Das Marg, Belagavi"
1066,2026-03-20T14:40:24.304887,2026-03-22T14:40:24.304887,"More Path, Hassan"
1067,2025-10-15T00:40:24.304987,2025-10-17T14:40:24.304987,"Parekh Circle, Mandya"
1068,2026-04-29T18:40:24.305145,2026-04-30T14:40:24.305145,"Sharma Circle, Belagavi"
1069,2026-02-02T03:40:24.305377,2026-02-04T14:40:24.305377,"Deo Chowk, Ramanagara"
1070,2024-11-08T11:40:24.305517,2024-11-10T14:40:24.305517,"Dua Path, Ballari"
1071,2026-04-04T05:40:24.305636,2026-04-04T14:40:24.305636,"Bansal Nagar, Bagalkote"
1072,2026-02-23T00:40:24.305742,2026-02-23T14:40:24.305742,"Bala Marg, Mysuru"
1073,2026-02-15T23:40:24.305867,2026-02-16T14:40:24.305867,"Radhakrishnan Ganj, Vijayanagara"
1074,2026-01-08T23:40:24.305948,2026-01-10T14:40:24.305948,"Grewal, Belagavi"
1075,2026-01-12T07:40:24.306113,2026-01-14T14:40:24.306113,"Kar Path, Kolar"
1076,2025-03-02T09:40:24.306264,2025-03-03T14:40:24.306264,"Ramachandran Street, Mysuru"
1077,2026-04-30T10:40:24.306351,2026-05-02T14:40:24.306351,"Dash Chowk, Mandya"
1078,2026-01-28T11:40:24.306480,2026-01-30T14:40:24.306480,"Iyer Chowk, Belagavi"
1079,2025-10-10T13:40:24.306574,2025-10-12T14:40:24.306574,"Dua Ganj, Vijayanagara"
1080,2026-01-24T23:40:24.306725,2026-01-26T14:40:24.306725,"Goswami Marg, Belagavi"
1081,2024-12-07T21:40:24.306810,2024-12-08T14:40:24.306810,"Wali Zila, Dharwad"
1082,2026-02-14T22:40:24.306917,2026-02-16T14:40:24.306917,"Naik Zila, Belagavi"
1083,2025-04-23T22:40:24.307002,2025-04-24T14:40:24.307002,"Rastogi Road, Davanagere"
1084,2026-04-19T16:40:24.307139,2026-04-22T14:40:24.307139,"Chadha Path, Kalaburagi"
1085,2025-03-16T17:40:24.307305,2025-03-18T14:40:24.307305,"Acharya Chowk, Gadag"
1086,2026-02-22T12:40:24.307539,2026-02-22T14:40:24.307539,"Mohanty Street, Belagavi"
1087,2026-04-16T17:40:24.307679,2026-04-19T14:40:24.307679,"Virk, Kalaburagi"
1088,2026-04-12T10:40:24.307772,2026-04-14T14:40:24.307772,"Goyal, Belagavi"
1089,2025-05-01T02:40:24.307887,2025-05-01T14:40:24.307887,"Wali, Haveri"
1090,2026-03-01T15:40:24.308051,2026-03-02T14:40:24.308051,"Natt, Belagavi"
1091,2024-10-15T03:40:24.308128,2024-10-15T14:40:24.308128,"Palla Nagar, Belagavi"
1092,2025-05-05T08:40:24.308211,2025-05-06T14:40:24.308211,"Amble Chowk, Belagavi"
1093,2025-02-27T06:40:24.308306,2025-03-01T14:40:24.308306,"Sem, Belagavi"
1094,2025-07-11T19:40:24.308448,2025-07-14T14:40:24.308448,"Murty Path, Mandya"
1095,2024-11-04T10:40:24.308585,2024-11-04T14:40:24.308585,"Brar Chowk, Belagavi"
1096,2024-07-11T08:40:24.308747,2024-07-11T14:40:24.308747,"Jhaveri Marg, Dakshina Kannada"
1097,2026-04-25T15:40:24.308860,2026-04-26T14:40:24.308860,"Misra Ganj, Bagalkote"
1098,2026-01-24T02:40:24.309006,2026-01-26T14:40:24.309006,"Kara Road, Belagavi"
1099,2024-11-02T19:40:24.309165,2024-11-03T14:40:24.309165,"Sehgal Nagar, Belagavi"
1100,2025-09-26T18:40:24.309305,2025-09-27T14:40:24.309305,"Deo Chowk, Kolar"
1101,2026-03-17T09:40:24.309392,2026-03-18T14:40:24.309392,"Bhatt Marg, Udupi"
1102,2024-11-25T10:40:24.309537,2024-11-25T14:40:24.309537,"Ramanathan, Mandya"
1103,2025-03-04T08:40:24.309683,2025-03-05T14:40:24.309683,"Lad Ganj, Udupi"
1104,2026-01-03T19:40:24.309797,2026-01-06T14:40:24.309797,"Reddy Ganj, Belagavi"
1105,2025-10-09T14:40:24.309878,2025-10-11T14:40:24.309878,"Master Chowk, Raichur"
1106,2024-08-02T12:40:24.310031,2024-08-02T14:40:24.310031,"Bedi, Raichur"
1107,2025-10-17T17:40:24.310116,2025-10-20T14:40:24.310116,"Mittal Nagar, Chikkaballapura"
1108,2025-10-01T07:40:24.310280,2025-10-02T14:40:24.310280,"Iyer Ganj, Dharwad"
1109,2024-10-21T07:40:24.310392,2024-10-22T14:40:24.310392,"Chokshi Marg, Kalaburagi"
1110,2025-07-18T10:40:24.310576,2025-07-19T14:40:24.310576,"Anne Path, Koppal"
1111,2024-10-20T23:40:24.310754,2024-10-23T14:40:24.310754,"Kuruvilla Ganj, Davanagere"
1112,2025-01-03T02:40:24.310903,2025-01-04T14:40:24.310903,"Gade Street, Kolar"
1113,2024-08-30T13:40:24.311046,2024-09-01T14:40:24.311046,"Goswami Zila, Hassan"
1114,2026-07-06T13:40:24.311149,2026-07-07T14:40:24.311149,"Gole Zila, Mysuru"
1115,2025-09-16T21:40:24.311314,2025-09-18T14:40:24.311314,"Chad Street, Tumakuru"
1116,2025-06-23T01:40:24.311610,2025-06-23T14:40:24.311610,"Gokhale Path, Bengaluru Urban"
1117,2025-12-21T12:40:24.311719,2025-12-23T14:40:24.311719,"Krish Road, Mysuru"
1118,2025-07-22T17:40:24.311943,2025-07-24T14:40:24.311943,"Menon Road, Belagavi"
1119,2026-01-18T17:40:24.312095,2026-01-21T14:40:24.312095,"Purohit, Chitradurga"
1120,2025-05-20T04:40:24.312214,2025-05-20T14:40:24.312214,"Nadig, Shivamogga"
1121,2026-03-24T18:40:24.312302,2026-03-25T14:40:24.312302,"Nagar Chowk, Belagavi"
1122,2025-12-03T15:40:24.312403,2025-12-05T14:40:24.312403,"Chacko Circle, Chikkamagaluru"
1123,2025-12-14T11:40:24.312501,2025-12-16T14:40:24.312501,"Roy Path, Mysuru"
1124,2026-04-17T20:40:24.312658,2026-04-18T14:40:24.312658,"Minhas Street, Bengaluru Urban"
1125,2025-01-18T03:40:24.312782,2025-01-20T14:40:24.312782,"Kapoor Zila, Hassan"
1126,2025-12-06T03:40:24.312906,2025-12-06T14:40:24.312906,"Minhas Path, Belagavi"
1127,2025-08-06T05:40:24.312998,2025-08-07T14:40:24.312998,"Chawla Nagar, Dakshina Kannada"
1128,2026-03-26T03:40:24.313100,2026-03-27T14:40:24.313100,"Basak Nagar, Mysuru"
1129,2025-05-28T01:40:24.313223,2025-05-28T14:40:24.313223,"Rastogi Road, Kodagu"
1130,2024-10-10T17:40:24.313310,2024-10-12T14:40:24.313310,"Dhillon Marg, Belagavi"
1131,2026-02-17T10:40:24.313457,2026-02-17T14:40:24.313457,"Vaidya Chowk, Hassan"
1132,2024-08-11T04:40:24.313646,2024-08-11T14:40:24.313646,"Rout Marg, Udupi"
1133,2025-03-07T13:40:24.313794,2025-03-08T14:40:24.313794,"Madan Street, Ramanagara"
1134,2025-06-13T04:40:24.313952,2025-06-15T14:40:24.313952,"Jhaveri Street, Chitradurga"
1135,2024-12-01T09:40:24.314044,2024-12-01T14:40:24.314044,"Rao Street, Bagalkote"
1136,2026-03-27T10:40:24.314168,2026-03-27T14:40:24.314168,"Tiwari Street, Haveri"
1137,2026-01-17T04:40:24.314330,2026-01-18T14:40:24.314330,"Chandran Marg, Bagalkote"
1138,2025-04-23T21:40:24.314470,2025-04-26T14:40:24.314470,"Thakur Chowk, Belagavi"
1139,2025-10-07T03:40:24.314639,2025-10-07T14:40:24.314639,"Rastogi Path, Tumakuru"
1140,2026-01-24T02:40:24.314824,2026-01-24T14:40:24.314824,"Mahajan Ganj, Dakshina Kannada"
1141,2026-05-28T00:40:24.314947,2026-05-28T14:40:24.314947,"Modi, Chikkamagaluru"
1142,2025-08-27T10:40:24.315036,2025-08-29T14:40:24.315036,"Pandey Road, Belagavi"
1143,2024-11-29T08:40:24.315120,2024-11-29T14:40:24.315120,"Thaman, Mysuru"
1144,2026-07-01T20:40:24.315296,2026-07-04T14:40:24.315296,"Narain Nagar, Belagavi"
1145,2026-04-24T19:40:24.315409,2026-04-25T14:40:24.315409,"Mann Marg, Belagavi"
1146,2025-06-15T01:40:24.315504,2025-06-17T14:40:24.315504,"Zacharia Circle, Belagavi"
1147,2025-01-28T12:40:24.315684,2025-01-29T14:40:24.315684,"Atwal Ganj, Shivamogga"
1148,2025-07-10T07:40:24.315791,2025-07-10T14:40:24.315791,"Rau Marg, Shivamogga"
1149,2024-07-28T02:40:24.315950,2024-07-30T14:40:24.315950,"Handa, Kalaburagi"
1150,2026-03-22T14:40:24.316054,2026-03-24T14:40:24.316054,"Sodhi Circle, Belagavi"
1151,2025-03-08T10:40:24.316124,2025-03-09T14:40:24.316124,"Pradhan Marg, Bengaluru Urban"
1152,2025-07-29T15:40:24.316259,2025-07-30T14:40:24.316259,"Gala Path, Belagavi"
1153,2025-03-09T04:40:24.316356,2025-03-09T14:40:24.316356,"Gokhale Marg, Bengaluru Rural"
1154,2025-01-12T05:40:24.316541,2025-01-13T14:40:24.316541,"Kapoor Path, Mandya"
1155,2026-02-03T12:40:24.316683,2026-02-04T14:40:24.316683,"Bumb Chowk, Ramanagara"
1156,2024-08-07T10:40:24.316768,2024-08-08T14:40:24.316768,"Bhalla Street, Bengaluru Urban"
1157,2026-02-13T18:40:24.316869,2026-02-16T14:40:24.316869,"Sandal Street, Tumakuru"
1158,2025-09-07T08:40:24.316974,2025-09-07T14:40:24.316974,"Chaudhuri Path, Belagavi"
1159,2025-06-13T16:40:24.317049,2025-06-14T14:40:24.317049,"Chad, Tumakuru"
1160,2025-11-28T00:40:24.317160,2025-11-30T14:40:24.317160,"Mohanty Chowk, Davanagere"
1161,2026-03-17T22:40:24.317273,2026-03-20T14:40:24.317273,"Parekh Zila, Ballari"
1162,2026-01-13T08:40:24.317472,2026-01-15T14:40:24.317472,"Gopal Circle, Belagavi"
1163,2026-04-10T00:40:24.317728,2026-04-11T14:40:24.317728,"Andra Ganj, Belagavi"
1164,2025-07-26T17:40:24.317868,2025-07-28T14:40:24.317868,"Vala Chowk, Bengaluru Urban"
1165,2026-02-16T22:40:24.318037,2026-02-17T14:40:24.318037,"Bhattacharyya, Vijayapura"
1166,2026-05-17T03:40:24.318107,2026-05-17T14:40:24.318107,"Deshpande Marg, Belagavi"
1167,2025-12-24T21:40:24.318196,2025-12-26T14:40:24.318196,"Walia Nagar, Kodagu"
1168,2024-09-16T23:40:24.318332,2024-09-17T14:40:24.318332,"Menon Street, Belagavi"
1169,2025-02-11T11:40:24.318433,2025-02-13T14:40:24.318433,"Narasimhan Chowk, Mysuru"
1170,2026-04-12T06:40:24.318514,2026-04-13T14:40:24.318514,"Bora Street, Belagavi"
1171,2026-05-21T14:40:24.318639,2026-05-24T14:40:24.318639,"Atwal Chowk, Tumakuru"
1172,2025-08-18T13:40:24.318716,2025-08-18T14:40:24.318716,"Sandal Ganj, Belagavi"
1173,2026-04-22T01:40:24.318806,2026-04-23T14:40:24.318806,"Wable Ganj, Belagavi"
1174,2026-04-29T17:40:24.318964,2026-04-30T14:40:24.318964,"Divan Path, Davanagere"
1175,2024-08-01T04:40:24.319103,2024-08-03T14:40:24.319103,"Hayer Path, Belagavi"
1176,2025-02-13T05:40:24.319224,2025-02-15T14:40:24.319224,"Murty Street, Dharwad"
1177,2026-03-05T05:40:24.319325,2026-03-06T14:40:24.319325,"Basak Zila, Shivamogga"
1178,2026-04-22T00:40:24.319464,2026-04-22T14:40:24.319464,"Jha Chowk, Dharwad"
1179,2024-09-10T11:40:24.319662,2024-09-12T14:40:24.319662,"Manne Path, Belagavi"
1180,2025-01-24T01:40:24.319777,2025-01-24T14:40:24.319777,"Raghavan Zila, Belagavi"
1181,2024-10-27T11:40:24.319933,2024-10-29T14:40:24.319933,"Shan Street, Chikkamagaluru"
1182,2025-12-06T10:40:24.320016,2025-12-07T14:40:24.320016,"Krish Path, Kolar"
1183,2025-12-10T16:40:24.320111,2025-12-12T14:40:24.320111,"Shenoy, Belagavi"
1184,2026-04-01T05:40:24.320203,2026-04-03T14:40:24.320203,"Gulati Nagar, Belagavi"
1185,2025-10-07T21:40:24.320391,2025-10-09T14:40:24.320391,"Setty Road, Mandya"
1186,2024-08-06T14:40:24.320605,2024-08-09T14:40:24.320605,"Ghose, Mysuru"
1187,2025-12-20T23:40:24.320708,2025-12-23T14:40:24.320708,"Nagarajan Road, Haveri"
1188,2026-02-19T08:40:24.320845,2026-02-20T14:40:24.320845,"Hegde Road, Belagavi"
1189,2026-03-17T21:40:24.320972,2026-03-20T14:40:24.320972,"Tripathi Zila, Belagavi"
1190,2024-10-11T22:40:24.321088,2024-10-14T14:40:24.321088,"Atwal Chowk, Kalaburagi"
1191,2026-03-18T19:40:24.321221,2026-03-21T14:40:24.321221,"Datta Circle, Dakshina Kannada"
1192,2026-04-18T19:40:24.321367,2026-04-20T14:40:24.321367,"Bhatti Road, Kodagu"
1193,2025-12-28T11:40:24.321472,2025-12-28T14:40:24.321472,"Borra Ganj, Dharwad"
1194,2024-12-26T07:40:24.321679,2024-12-27T14:40:24.321679,"Tandon Zila, Chitradurga"
1195,2025-07-21T17:40:24.321811,2025-07-23T14:40:24.321811,"Behl, Bengaluru Urban"
1196,2024-12-02T06:40:24.321904,2024-12-03T14:40:24.321904,"Arora Chowk, Kodagu"
1197,2026-03-27T08:40:24.322036,2026-03-28T14:40:24.322036,"Rout Ganj, Kolar"
1198,2024-08-07T16:40:24.322149,2024-08-10T14:40:24.322149,"Arora Path, Bengaluru Urban"
1199,2025-10-24T21:40:24.322255,2025-10-25T14:40:24.322255,"Zachariah Ganj, Belagavi"
1200,2026-01-10T04:40:24.322344,2026-01-10T14:40:24.322344,"Bakshi Zila, Ramanagara"
1201,2026-04-14T21:40:24.322516,2026-04-16T14:40:24.322516,"Mitra Ganj, Kolar"
1202,2024-10-21T14:40:24.322646,2024-10-22T14:40:24.322646,"Golla Path, Bengaluru Rural"
1203,2025-03-22T15:40:24.322764,2025-03-25T14:40:24.322764,"Goswami Ganj, Dharwad"
1204,2024-08-13T11:40:24.322852,2024-08-15T14:40:24.322852,"Mital Chowk, Belagavi"
1205,2026-02-25T19:40:24.322951,2026-02-26T14:40:24.322951,"Choudhry Zila, Chikkamagaluru"
1206,2025-12-27T20:40:24.323054,2025-12-29T14:40:24.323054,"Sangha Circle, Mysuru"
1207,2025-06-03T22:40:24.323142,2025-06-04T14:40:24.323142,"Muni Road, Ballari"
1208,2025-08-10T19:40:24.323218,2025-08-13T14:40:24.323218,"Choudhary, Belagavi"
1209,2024-12-23T13:40:24.323324,2024-12-23T14:40:24.323324,"Wadhwa Marg, Bagalkote"
1210,2024-10-02T22:40:24.323440,2024-10-05T14:40:24.323440,"Thaman Nagar, Belagavi"
1211,2024-09-28T18:40:24.323579,2024-09-30T14:40:24.323579,"Iyengar Street, Belagavi"
1212,2024-11-06T01:40:24.323869,2024-11-07T14:40:24.323869,"Setty Marg, Belagavi"
1213,2026-06-29T14:40:24.324003,2026-06-30T14:40:24.324003,"Chanda Nagar, Belagavi"
1214,2026-01-23T05:40:24.324160,2026-01-23T14:40:24.324160,"Kuruvilla Chowk, Bengaluru Urban"
1215,2025-02-14T12:40:24.324253,2025-02-14T14:40:24.324253,"Dani Marg, Belagavi"
1216,2025-02-05T08:40:24.324390,2025-02-06T14:40:24.324390,"Gulati Nagar, Mysuru"
1217,2025-10-02T06:40:24.324510,2025-10-02T14:40:24.324510,"Balan Marg, Chikkamagaluru"
1218,2025-08-23T21:40:24.324655,2025-08-24T14:40:24.324655,"Bera Street, Mysuru"
1219,2025-01-01T23:40:24.324786,2025-01-03T14:40:24.324786,"Kapadia Street, Chitradurga"
1220,2025-10-23T05:40:24.324941,2025-10-24T14:40:24.324941,"Parmer Ganj, Vijayanagara"
1221,2025-03-02T21:40:24.325024,2025-03-04T14:40:24.325024,"Badal Chowk, Belagavi"
1222,2025-04-08T19:40:24.325178,2025-04-10T14:40:24.325178,"Rao Road, Mysuru"
1223,2026-06-23T12:40:24.325272,2026-06-23T14:40:24.325272,"Datta Zila, Tumakuru"
1224,2024-12-22T02:40:24.325375,2024-12-24T14:40:24.325375,"Dass Zila, Haveri"
1225,2026-04-30T17:40:24.325466,2026-05-03T14:40:24.325466,"Kuruvilla Ganj, Bengaluru Rural"
1226,2026-03-15T03:40:24.325632,2026-03-16T14:40:24.325632,"Chakrabarti Zila, Vijayapura"
1227,2026-04-07T13:40:24.325793,2026-04-07T14:40:24.325793,"Chaudhuri Path, Davanagere"
1228,2026-01-12T11:40:24.325945,2026-01-14T14:40:24.325945,"Sathe, Tumakuru"
1229,2025-11-29T12:40:24.326061,2025-12-01T14:40:24.326061,"Bansal Nagar, Ramanagara"
1230,2026-05-23T07:40:24.326214,2026-05-23T14:40:24.326214,"Saini Road, Belagavi"
1231,2025-02-06T02:40:24.326296,2025-02-06T14:40:24.326296,"Parikh Street, Bengaluru Rural"
1232,2026-01-20T12:40:24.326410,2026-01-20T14:40:24.326410,"Din Circle, Chikkamagaluru"
1233,2025-03-21T12:40:24.326529,2025-03-21T14:40:24.326529,"Malhotra Circle, Yadgir"
1234,2025-10-06T20:40:24.326647,2025-10-07T14:40:24.326647,"Chaudhari Path, Dakshina Kannada"
1235,2025-01-15T00:40:24.326873,2025-01-17T14:40:24.326873,"Mukhopadhyay Nagar, Belagavi"
1236,2025-03-10T02:40:24.326967,2025-03-12T14:40:24.326967,"Rajan Circle, Belagavi"
1237,2026-03-31T02:40:24.327122,2026-04-01T14:40:24.327122,"Chhabra Ganj, Belagavi"
1238,2025-06-03T09:40:24.327238,2025-06-03T14:40:24.327238,"Mane Zila, Yadgir"
1239,2025-06-27T02:40:24.327403,2025-06-29T14:40:24.327403,"Virk Chowk, Kalaburagi"
1240,2025-11-24T15:40:24.327493,2025-11-27T14:40:24.327493,"Sandhu Zila, Belagavi"
1241,2025-01-14T16:40:24.327675,2025-01-16T14:40:24.327675,"Dara Chowk, Ramanagara"
1242,2025-11-01T01:40:24.327864,2025-11-01T14:40:24.327864,"Balay Circle, Bengaluru Urban"
1243,2026-01-05T02:40:24.327968,2026-01-05T14:40:24.327968,"Rana Ganj, Ramanagara"
1244,2025-07-04T11:40:24.328114,2025-07-06T14:40:24.328114,"Bhatti Path, Ballari"
1245,2025-08-22T22:40:24.328229,2025-08-23T14:40:24.328229,"Misra Marg, Chamarajanagara"
1246,2026-02-15T15:40:24.328375,2026-02-17T14:40:24.328375,"Kakar Road, Koppal"
1247,2025-07-15T06:40:24.328527,2025-07-17T14:40:24.328527,"Karnik Path, Kodagu"
1248,2025-07-14T22:40:24.328736,2025-07-15T14:40:24.328736,"Nanda Nagar, Kodagu"
1249,2025-03-02T15:40:24.328863,2025-03-05T14:40:24.328863,"Choudhry Path, Davanagere"
1250,2026-05-20T11:40:24.328956,2026-05-21T14:40:24.328956,"Tank, Belagavi"
1251,2025-12-06T15:40:24.329049,2025-12-09T14:40:24.329049,"Rajagopal Ganj, Kalaburagi"
1252,2024-12-20T17:40:24.329193,2024-12-22T14:40:24.329193,"Bala Zila, Belagavi"
1253,2025-02-25T13:40:24.329305,2025-02-26T14:40:24.329305,"Chaudhari Ganj, Dharwad"
1254,2025-08-01T13:40:24.329438,2025-08-01T14:40:24.329438,"Edwin Nagar, Belagavi"
1255,2025-03-06T21:40:24.329535,2025-03-08T14:40:24.329535,"Bath Road, Belagavi"
1256,2025-03-29T07:40:24.329761,2025-03-31T14:40:24.329761,"Wadhwa Ganj, Belagavi"
1257,2024-12-04T15:40:24.329977,2024-12-07T14:40:24.329977,"Dhillon Circle, Vijayapura"
1258,2025-04-08T12:40:24.330095,2025-04-09T14:40:24.330095,"Handa Path, Raichur"
1259,2025-07-14T17:40:24.330207,2025-07-17T14:40:24.330207,"Bose Marg, Udupi"
1260,2024-11-19T16:40:24.330335,2024-11-22T14:40:24.330335,"Bhasin Street, Bengaluru Urban"
1261,2024-11-04T18:40:24.330409,2024-11-05T14:40:24.330409,"Shetty Zila, Mysuru"
1262,2025-10-31T06:40:24.330575,2025-11-02T14:40:24.330575,"Mani Zila, Belagavi"
1263,2025-11-20T06:40:24.330766,2025-11-21T14:40:24.330766,"Atwal, Haveri"
1264,2025-09-21T15:40:24.330924,2025-09-24T14:40:24.330924,"Ratta Zila, Chikkaballapura"
1265,2024-10-04T21:40:24.331007,2024-10-05T14:40:24.331007,"Issac Road, Kolar"
1266,2024-10-30T07:40:24.331093,2024-10-31T14:40:24.331093,"Sastry Zila, Kodagu"
1267,2024-08-24T01:40:24.331205,2024-08-25T14:40:24.331205,"Lad Path, Chikkaballapura"
1268,2026-01-30T17:40:24.331339,2026-02-02T14:40:24.331339,"Chahal Circle, Belagavi"
1269,2024-10-30T05:40:24.331423,2024-11-01T14:40:24.331423,"Sani Street, Mandya"
1270,2024-09-29T23:40:24.331571,2024-10-01T14:40:24.331571,"Prakash, Mysuru"
1271,2024-10-24T23:40:24.331705,2024-10-26T14:40:24.331705,"Anne Nagar, Bengaluru Urban"
1272,2026-05-16T13:40:24.331922,2026-05-18T14:40:24.331922,"Jhaveri Ganj, Gadag"
1273,2025-01-08T05:40:24.332066,2025-01-09T14:40:24.332066,"Kara Zila, Mysuru"
1274,2026-03-15T05:40:24.332236,2026-03-17T14:40:24.332236,"Sandhu Street, Belagavi"
1275,2025-07-06T20:40:24.332309,2025-07-08T14:40:24.332309,"Das Ganj, Belagavi"
1276,2026-05-30T23:40:24.332369,2026-06-02T14:40:24.332369,"Edwin Zila, Mysuru"
1277,2025-06-09T14:40:24.332445,2025-06-10T14:40:24.332445,"Dalal Nagar, Mysuru"
1278,2026-06-28T10:40:24.332646,2026-06-29T14:40:24.332646,"Loyal Street, Mysuru"
1279,2026-01-09T22:40:24.332818,2026-01-11T14:40:24.332818,"Solanki Road, Chitradurga"
1280,2025-11-11T03:40:24.332928,2025-11-12T14:40:24.332928,"Bala Ganj, Kolar"
1281,2025-09-16T23:40:24.333041,2025-09-17T14:40:24.333041,"Cherian Street, Chitradurga"
1282,2025-06-25T12:40:24.333138,2025-06-26T14:40:24.333138,"Cheema, Belagavi"
1283,2025-09-26T11:40:24.333287,2025-09-28T14:40:24.333287,"Keer Circle, Chamarajanagara"
1284,2026-05-03T09:40:24.333434,2026-05-04T14:40:24.333434,"Garde Ganj, Vijayanagara"
1285,2026-05-20T19:40:24.333643,2026-05-23T14:40:24.333643,"Sridhar Marg, Belagavi"
1286,2024-12-16T01:40:24.333809,2024-12-16T14:40:24.333809,"Ramanathan, Bengaluru Urban"
1287,2025-10-10T14:40:24.333980,2025-10-13T14:40:24.333980,"Chana Nagar, Belagavi"
1288,2026-06-28T01:40:24.334117,2026-06-30T14:40:24.334117,"Rastogi Marg, Belagavi"
1289,2025-08-17T15:40:24.334279,2025-08-18T14:40:24.334279,"Chad Nagar, Belagavi"
1290,2026-05-30T01:40:24.334358,2026-06-01T14:40:24.334358,"Misra Street, Ramanagara"
1291,2025-02-20T13:40:24.334524,2025-02-21T14:40:24.334524,"Bhakta Marg, Belagavi"
1292,2025-03-23T19:40:24.334756,2025-03-25T14:40:24.334756,"Jha Zila, Haveri"
1293,2025-12-23T14:40:24.334953,2025-12-25T14:40:24.334953,"Dada Road, Vijayapura"
1294,2025-01-14T17:40:24.335052,2025-01-15T14:40:24.335052,"Sami Nagar, Bidar"
1295,2024-11-30T01:40:24.335230,2024-12-01T14:40:24.335230,"Goswami Road, Ramanagara"
1296,2026-04-24T00:40:24.335377,2026-04-24T14:40:24.335377,"Hegde Path, Belagavi"
1297,2025-02-23T11:40:24.335507,2025-02-25T14:40:24.335507,"Barman Circle, Vijayapura"
1298,2025-06-14T09:40:24.335671,2025-06-14T14:40:24.335671,"Nori Nagar, Belagavi"
1299,2026-06-02T16:40:24.335881,2026-06-03T14:40:24.335881,"Walla Chowk, Belagavi"
1300,2026-04-24T08:40:24.336140,2026-04-26T14:40:24.336140,"Behl Chowk, Belagavi"
1301,2025-11-28T13:40:24.336222,2025-11-30T14:40:24.336222,"Sachdeva Road, Yadgir"
1302,2025-03-28T13:40:24.336384,2025-03-29T14:40:24.336384,"Choudhary Street, Raichur"
1303,2024-11-10T17:40:24.336598,2024-11-11T14:40:24.336598,"Loke Chowk, Belagavi"
1304,2025-05-19T10:40:24.336695,2025-05-20T14:40:24.336695,"Ravel Nagar, Ramanagara"
1305,2026-04-12T22:40:24.336851,2026-04-14T14:40:24.336851,"Batra Path, Vijayanagara"
1306,2026-04-04T10:40:24.336989,2026-04-04T14:40:24.336989,"Devi, Dakshina Kannada"
1307,2024-11-27T04:40:24.337133,2024-11-29T14:40:24.337133,"Ratti Zila, Gadag"
1308,2025-02-13T06:40:24.337258,2025-02-15T14:40:24.337258,"Jani Path, Kalaburagi"
1309,2024-07-25T23:40:24.337351,2024-07-28T14:40:24.337351,"Ravel Street, Belagavi"
1310,2026-04-26T13:40:24.337446,2026-04-28T14:40:24.337446,"Bahl, Bidar"
1311,2025-07-21T20:40:24.337570,2025-07-22T14:40:24.337570,"Oak, Bengaluru Urban"
1312,2026-02-14T18:40:24.337715,2026-02-16T14:40:24.337715,"Vala Circle, Mysuru"
1313,2025-06-19T13:40:24.337807,2025-06-21T14:40:24.337807,"Ahluwalia Circle, Belagavi"
1314,2025-04-27T07:40:24.337921,2025-04-28T14:40:24.337921,"Narasimhan Zila, Ballari"
1315,2025-11-05T06:40:24.338061,2025-11-05T14:40:24.338061,"Zacharia Circle, Dharwad"
1316,2024-08-17T15:40:24.338151,2024-08-18T14:40:24.338151,"Ghosh Circle, Belagavi"
1317,2026-04-03T18:40:24.338272,2026-04-06T14:40:24.338272,"Nori Circle, Belagavi"
1318,2024-07-16T05:40:24.338396,2024-07-16T14:40:24.338396,"Ravi Chowk, Belagavi"
1319,2024-11-07T16:40:24.338589,2024-11-10T14:40:24.338589,"Raj, Vijayanagara"
1320,2026-01-19T02:40:24.338754,2026-01-20T14:40:24.338754,"Bahl, Belagavi"
1321,2025-07-29T12:40:24.338832,2025-07-29T14:40:24.338832,"Goswami Nagar, Shivamogga"
1322,2025-04-28T08:40:24.338925,2025-04-30T14:40:24.338925,"Kibe Road, Bengaluru Urban"
1323,2026-02-03T00:40:24.339021,2026-02-04T14:40:24.339021,"Thaker Road, Belagavi"
1324,2025-01-15T11:40:24.339092,2025-01-16T14:40:24.339092,"Ratta Ganj, Raichur"
1325,2025-05-01T17:40:24.339239,2025-05-02T14:40:24.339239,"Kashyap Street, Kolar"
1326,2026-06-28T06:40:24.339404,2026-06-29T14:40:24.339404,"Vohra, Belagavi"
1327,2025-07-30T14:40:24.339536,2025-08-02T14:40:24.339536,"Dubey Marg, Bengaluru Urban"
1328,2026-04-19T11:40:24.339722,2026-04-20T14:40:24.339722,"Mitra Nagar, Belagavi"
1329,2024-10-02T07:40:24.339902,2024-10-03T14:40:24.339902,"Rau Street, Belagavi"
1330,2026-02-01T16:40:24.339989,2026-02-04T14:40:24.339989,"Shukla Nagar, Bengaluru Urban"
1331,2026-03-21T20:40:24.340135,2026-03-22T14:40:24.340135,"Doshi Path, Belagavi"
1332,2026-02-22T04:40:24.340310,2026-02-23T14:40:24.340310,"Balasubramanian Ganj, Belagavi"
1333,2024-12-19T18:40:24.340455,2024-12-22T14:40:24.340455,"Agate Ganj, Bidar"
1334,2026-06-12T19:40:24.340537,2026-06-15T14:40:24.340537,"Dua Chowk, Belagavi"
1335,2024-07-27T08:40:24.340724,2024-07-27T14:40:24.340724,"Subramaniam Ganj, Dharwad"
1336,2024-09-05T14:40:24.340910,2024-09-07T14:40:24.340910,"Bobal, Yadgir"
1337,2025-11-19T02:40:24.341017,2025-11-19T14:40:24.341017,"Sen Road, Bengaluru Urban"
1338,2026-03-18T05:40:24.341177,2026-03-20T14:40:24.341177,"Bandi Chowk, Belagavi"
1339,2024-10-03T02:40:24.341314,2024-10-03T14:40:24.341314,"Bansal Road, Vijayanagara"
1340,2026-01-25T04:40:24.341419,2026-01-27T14:40:24.341419,"Lad Chowk, Ballari"
1341,2025-09-21T02:40:24.341634,2025-09-21T14:40:24.341634,"Zacharia Zila, Bidar"
1342,2026-04-10T02:40:24.341769,2026-04-10T14:40:24.341769,"Varkey Ganj, Belagavi"
1343,2025-12-17T00:40:24.341858,2025-12-18T14:40:24.341858,"Dugar Path, Hassan"
1344,2024-11-13T03:40:24.341951,2024-11-13T14:40:24.341951,"Deo Marg, Raichur"
1345,2025-08-06T14:40:24.342043,2025-08-08T14:40:24.342043,"Sankaran Nagar, Vijayapura"
1346,2024-12-13T16:40:24.342301,2024-12-15T14:40:24.342301,"Nayak Zila, Belagavi"
1347,2025-07-19T13:40:24.342444,2025-07-19T14:40:24.342444,"Sha Road, Mysuru"
1348,2025-03-14T20:40:24.342529,2025-03-15T14:40:24.342529,"Soni Nagar, Belagavi"
1349,2026-07-07T23:40:24.342661,2026-07-10T14:40:24.342661,"Sawhney Zila, Belagavi"
1350,2025-03-14T04:40:24.342735,2025-03-15T14:40:24.342735,"Magar, Mysuru"
1351,2026-05-22T19:40:24.342901,2026-05-24T14:40:24.342901,"Borah Marg, Belagavi"
1352,2026-02-16T13:40:24.343040,2026-02-18T14:40:24.343040,"Randhawa Nagar, Belagavi"
1353,2026-05-01T12:40:24.343157,2026-05-03T14:40:24.343157,"Kalita Nagar, Mysuru"
1354,2026-07-03T03:40:24.343336,2026-07-04T14:40:24.343336,"Sibal Path, Belagavi"
1355,2024-11-05T13:40:24.343424,2024-11-07T14:40:24.343424,"Sheth Street, Hassan"
1356,2024-10-13T13:40:24.343564,2024-10-14T14:40:24.343564,"Kar Path, Kalaburagi"
1357,2026-03-29T14:40:24.343750,2026-03-31T14:40:24.343750,"Talwar Chowk, Dharwad"
1358,2026-03-14T05:40:24.343974,2026-03-15T14:40:24.343974,"Ravi Marg, Dakshina Kannada"
1359,2026-01-10T04:40:24.344089,2026-01-10T14:40:24.344089,"Issac Path, Mysuru"
1360,2025-02-11T20:40:24.344208,2025-02-13T14:40:24.344208,"Sarraf Circle, Bagalkote"
1361,2026-05-16T11:40:24.344311,2026-05-18T14:40:24.344311,"Narain, Belagavi"
1362,2025-07-14T14:40:24.344433,2025-07-17T14:40:24.344433,"Sibal Path, Chikkaballapura"
1363,2026-06-13T20:40:24.344582,2026-06-14T14:40:24.344582,"Rama Path, Chikkamagaluru"
1364,2025-08-26T01:40:24.344683,2025-08-27T14:40:24.344683,"Sidhu Path, Ballari"
1365,2026-03-01T04:40:24.344815,2026-03-02T14:40:24.344815,"Parsa Nagar, Belagavi"
1366,2025-05-02T23:40:24.344927,2025-05-04T14:40:24.344927,"Baral Road, Belagavi"
1367,2026-06-02T15:40:24.345065,2026-06-03T14:40:24.345065,"Gandhi Road, Belagavi"
1368,2024-11-25T15:40:24.345166,2024-11-27T14:40:24.345166,"Khare Street, Yadgir"
1369,2025-04-27T04:40:24.345235,2025-04-27T14:40:24.345235,"Acharya Road, Chikkaballapura"
1370,2026-07-11T02:40:24.345391,2026-07-11T14:40:24.345391,"Narula Chowk, Belagavi"
1371,2025-08-15T19:40:24.345470,2025-08-17T14:40:24.345470,"Bhandari Marg, Bengaluru Rural"
1372,2026-03-01T07:40:24.345596,2026-03-03T14:40:24.345596,"Mane Marg, Mandya"
1373,2026-05-02T08:40:24.345693,2026-05-02T14:40:24.345693,"Tailor Street, Belagavi"
1374,2025-08-12T05:40:24.345853,2025-08-14T14:40:24.345853,"Khanna Nagar, Belagavi"
1375,2025-10-26T01:40:24.345956,2025-10-28T14:40:24.345956,"Barad Zila, Belagavi"
1376,2024-08-21T04:40:24.346078,2024-08-21T14:40:24.346078,"Setty Marg, Belagavi"
1377,2026-05-27T08:40:24.346250,2026-05-27T14:40:24.346250,"Sem, Belagavi"
1378,2025-01-20T09:40:24.346392,2025-01-20T14:40:24.346392,"Atwal Path, Shivamogga"
1379,2026-03-12T12:40:24.346523,2026-03-14T14:40:24.346523,"De Zila, Dakshina Kannada"
1380,2025-12-03T01:40:24.346752,2025-12-03T14:40:24.346752,"Gera Road, Vijayanagara"
1381,2026-03-05T18:40:24.346853,2026-03-06T14:40:24.346853,"Dhaliwal Circle, Belagavi"
1382,2025-03-02T01:40:24.347003,2025-03-04T14:40:24.347003,"Mohan Marg, Belagavi"
1383,2024-09-21T07:40:24.347097,2024-09-22T14:40:24.347097,"Ram, Chikkaballapura"
1384,2024-12-20T12:40:24.347245,2024-12-22T14:40:24.347245,"Rajagopalan Zila, Belagavi"
1385,2025-03-24T22:40:24.347346,2025-03-26T14:40:24.347346,"Ray Circle, Ramanagara"
1386,2026-02-21T18:40:24.347435,2026-02-23T14:40:24.347435,"Gera Zila, Kolar"
1387,2026-05-16T18:40:24.347574,2026-05-17T14:40:24.347574,"Wali Marg, Ballari"
1388,2024-09-04T19:40:24.347693,2024-09-07T14:40:24.347693,"Chhabra Path, Belagavi"
1389,2024-12-20T11:40:24.347954,2024-12-21T14:40:24.347954,"Bhatt Nagar, Vijayanagara"
1390,2026-02-12T08:40:24.348124,2026-02-12T14:40:24.348124,"Mall, Belagavi"
1391,2025-04-14T01:40:24.348363,2025-04-16T14:40:24.348363,"Patil Ganj, Belagavi"
1392,2024-10-11T19:40:24.348505,2024-10-12T14:40:24.348505,"Upadhyay Road, Yadgir"
1393,2026-04-10T03:40:24.348651,2026-04-10T14:40:24.348651,"Agarwal Marg, Belagavi"
1394,2025-10-05T18:40:24.348757,2025-10-08T14:40:24.348757,"Dey, Ballari"
1395,2025-11-29T21:40:24.348934,2025-12-02T14:40:24.348934,"Pau, Shivamogga"
1396,2024-08-11T20:40:24.349085,2024-08-14T14:40:24.349085,"Salvi Zila, Kalaburagi"
1397,2026-06-18T12:40:24.349222,2026-06-18T14:40:24.349222,"Sharaf Street, Mandya"
1398,2025-01-06T23:40:24.349335,2025-01-09T14:40:24.349335,"Gopal Marg, Chikkamagaluru"
1399,2025-08-08T18:40:24.349480,2025-08-11T14:40:24.349480,"Dua Marg, Kalaburagi"
1400,2025-11-02T20:40:24.349668,2025-11-03T14:40:24.349668,"Sinha Ganj, Bengaluru Urban"
1401,2026-04-10T23:40:24.349792,2026-04-12T14:40:24.349792,"Naidu Chowk, Gadag"
1402,2026-05-16T14:40:24.349874,2026-05-19T14:40:24.349874,"Jain Path, Gadag"
1403,2026-01-26T08:40:24.350037,2026-01-26T14:40:24.350037,"Ramakrishnan, Belagavi"
1404,2025-06-06T21:40:24.350117,2025-06-07T14:40:24.350117,"Jha Marg, Belagavi"
1405,2024-12-11T11:40:24.350233,2024-12-12T14:40:24.350233,"Bala, Kalaburagi"
1406,2025-01-06T05:40:24.350335,2025-01-07T14:40:24.350335,"Ratti Nagar, Belagavi"
1407,2024-11-19T19:40:24.350417,2024-11-21T14:40:24.350417,"Srivastava Ganj, Mysuru"
1408,2024-10-04T12:40:24.350627,2024-10-05T14:40:24.350627,"Sachdev, Koppal"
1409,2025-08-27T23:40:24.350806,2025-08-28T14:40:24.350806,"Basak Path, Chitradurga"
1410,2026-05-13T14:40:24.350952,2026-05-15T14:40:24.350952,"Mukhopadhyay Nagar, Raichur"
1411,2025-06-05T21:40:24.351051,2025-06-06T14:40:24.351051,"Behl Chowk, Udupi"
1412,2026-01-15T14:40:24.351235,2026-01-16T14:40:24.351235,"Dhar Nagar, Belagavi"
1413,2026-04-13T14:40:24.351337,2026-04-14T14:40:24.351337,"Memon Chowk, Koppal"
1414,2024-09-20T17:40:24.351432,2024-09-22T14:40:24.351432,"Sankaran Zila, Bengaluru Rural"
1415,2025-10-08T12:40:24.351611,2025-10-09T14:40:24.351611,"Chawla Ganj, Udupi"
1416,2024-12-13T04:40:24.351755,2024-12-15T14:40:24.351755,"Chana Road, Chitradurga"
1417,2026-01-15T13:40:24.351883,2026-01-15T14:40:24.351883,"Sant Ganj, Belagavi"
1418,2026-04-30T03:40:24.352039,2026-04-30T14:40:24.352039,"Sur Zila, Belagavi"
1419,2026-05-05T04:40:24.352215,2026-05-06T14:40:24.352215,"Chaudhary Road, Belagavi"
1420,2026-02-26T01:40:24.352309,2026-02-27T14:40:24.352309,"Kumer, Belagavi"
1421,2025-03-16T15:40:24.352430,2025-03-19T14:40:24.352430,"Samra Street, Gadag"
1422,2025-10-25T05:40:24.352590,2025-10-27T14:40:24.352590,"Sachdev Marg, Kodagu"
1423,2025-01-24T03:40:24.352713,2025-01-24T14:40:24.352713,"Desai Nagar, Shivamogga"
1424,2025-07-26T00:40:24.352789,2025-07-28T14:40:24.352789,"Sarma Ganj, Belagavi"
1425,2024-08-03T00:40:24.352873,2024-08-05T14:40:24.352873,"Som Zila, Ramanagara"
1426,2026-03-18T21:40:24.353041,2026-03-20T14:40:24.353041,"Shankar Zila, Belagavi"
1427,2026-02-25T16:40:24.353117,2026-02-28T14:40:24.353117,"Ben Marg, Davanagere"
1428,2025-02-24T23:40:24.353268,2025-02-26T14:40:24.353268,"Prashad Chowk, Vijayanagara"
1429,2025-07-14T18:40:24.353430,2025-07-15T14:40:24.353430,"Rastogi Road, Mandya"
1430,2025-03-01T04:40:24.353495,2025-03-03T14:40:24.353495,"Khosla Chowk, Yadgir"
1431,2025-01-26T16:40:24.353718,2025-01-29T14:40:24.353718,"Desai Zila, Bengaluru Urban"
1432,2026-03-01T08:40:24.353846,2026-03-02T14:40:24.353846,"Ben Ganj, Raichur"
1433,2025-12-01T09:40:24.354005,2025-12-02T14:40:24.354005,"Karnik Road, Hassan"
1434,2024-12-08T21:40:24.354145,2024-12-10T14:40:24.354145,"Dave Road, Gadag"
1435,2025-11-10T16:40:24.354300,2025-11-12T14:40:24.354300,"Bandi Marg, Bidar"
1436,2025-11-25T06:40:24.354473,2025-11-26T14:40:24.354473,"Nayak Marg, Dakshina Kannada"
1437,2024-12-18T10:40:24.354657,2024-12-19T14:40:24.354657,"Srinivasan Marg, Belagavi"
1438,2026-02-21T01:40:24.354765,2026-02-21T14:40:24.354765,"Samra Marg, Dakshina Kannada"
1439,2025-02-03T07:40:24.354941,2025-02-03T14:40:24.354941,"Bala Street, Dharwad"
1440,2025-03-06T20:40:24.355091,2025-03-07T14:40:24.355091,"Patla Street, Belagavi"
1441,2024-11-26T14:40:24.355178,2024-11-28T14:40:24.355178,"Kala Zila, Raichur"
1442,2026-03-20T17:40:24.355298,2026-03-23T14:40:24.355298,"Grewal Road, Hassan"
1443,2024-09-01T08:40:24.355399,2024-09-03T14:40:24.355399,"Ghosh Road, Belagavi"
1444,2024-07-13T17:40:24.355493,2024-07-15T14:40:24.355493,"Sodhi Street, Chamarajanagara"
1445,2025-09-27T14:40:24.355712,2025-09-28T14:40:24.355712,"Saha Nagar, Shivamogga"
1446,2024-10-01T13:40:24.355942,2024-10-01T14:40:24.355942,"Joshi Path, Bengaluru Urban"
1447,2026-05-28T00:40:24.356113,2026-05-29T14:40:24.356113,"Shankar Street, Belagavi"
1448,2026-02-15T07:40:24.356188,2026-02-15T14:40:24.356188,"Roy Road, Mysuru"
1449,2024-08-02T21:40:24.356351,2024-08-05T14:40:24.356351,"Pandya Zila, Bengaluru Rural"
1450,2025-02-01T21:40:24.356495,2025-02-03T14:40:24.356495,"Joshi Chowk, Dharwad"
1451,2026-04-10T08:40:24.356682,2026-04-10T14:40:24.356682,"Dey Circle, Kalaburagi"
1452,2025-05-01T23:40:24.356835,2025-05-03T14:40:24.356835,"Gala Street, Kalaburagi"
1453,2024-11-28T04:40:24.356950,2024-11-28T14:40:24.356950,"Lala Marg, Belagavi"
1454,2025-10-22T16:40:24.357069,2025-10-25T14:40:24.357069,"Kapur Circle, Belagavi"
1455,2026-05-19T14:40:24.357156,2026-05-22T14:40:24.357156,"Chokshi Marg, Yadgir"
1456,2025-09-10T10:40:24.357275,2025-09-12T14:40:24.357275,"Magar Road, Tumakuru"
1457,2026-04-04T19:40:24.357455,2026-04-07T14:40:24.357455,"Chand Road, Belagavi"
1458,2026-03-08T20:40:24.357575,2026-03-09T14:40:24.357575,"Muni Nagar, Belagavi"
1459,2025-09-17T16:40:24.357769,2025-09-19T14:40:24.357769,"Thaker Road, Chitradurga"
1460,2026-02-16T17:40:24.357910,2026-02-17T14:40:24.357910,"Bhat Marg, Belagavi"
1461,2025-03-08T08:40:24.358037,2025-03-09T14:40:24.358037,"D’Alia Chowk, Koppal"
1462,2025-01-02T11:40:24.358153,2025-01-04T14:40:24.358153,"Verma Street, Bengaluru Urban"
1463,2026-03-01T21:40:24.358325,2026-03-02T14:40:24.358325,"Pillay Circle, Kodagu"
1464,2025-09-12T14:40:24.358414,2025-09-14T14:40:24.358414,"Buch Ganj, Belagavi"
1465,2026-06-19T21:40:24.358620,2026-06-20T14:40:24.358620,"Narula Ganj, Mysuru"
1466,2026-04-22T02:40:24.358729,2026-04-23T14:40:24.358729,"Ganesh Path, Belagavi"
1467,2024-08-29T04:40:24.358851,2024-08-29T14:40:24.358851,"Bhattacharyya Chowk, Tumakuru"
1468,2025-12-02T08:40:24.358998,2025-12-04T14:40:24.358998,"Pall Chowk, Vijayanagara"
1469,2025-03-10T07:40:24.359168,2025-03-12T14:40:24.359168,"Lad Nagar, Belagavi"
1470,2025-08-02T14:40:24.359278,2025-08-05T14:40:24.359278,"Sama Circle, Hassan"
1471,2024-12-01T12:40:24.359397,2024-12-02T14:40:24.359397,"Deshmukh Chowk, Mysuru"
1472,2026-05-06T01:40:24.359597,2026-05-08T14:40:24.359597,"Wason Nagar, Bengaluru Urban"
1473,2026-07-05T06:40:24.359767,2026-07-06T14:40:24.359767,"Pradhan Ganj, Bengaluru Urban"
1474,2025-09-27T15:40:24.359921,2025-09-29T14:40:24.359921,"Gala Street, Kolar"
1475,2025-06-16T12:40:24.360058,2025-06-17T14:40:24.360058,"Khosla Circle, Mandya"
1476,2026-06-12T06:40:24.360218,2026-06-12T14:40:24.360218,"Chandran Circle, Chikkamagaluru"
1477,2025-06-12T23:40:24.360715,2025-06-15T14:40:24.360715,"D’Alia Chowk, Bidar"
1478,2026-05-29T11:40:24.360872,2026-05-31T14:40:24.360872,"Pradhan Chowk, Mysuru"
1479,2024-08-30T21:40:24.361044,2024-09-01T14:40:24.361044,"Salvi Path, Belagavi"
1480,2026-06-13T16:40:24.361162,2026-06-16T14:40:24.361162,"Nadkarni Marg, Belagavi"
1481,2025-03-31T17:40:24.361262,2025-04-02T14:40:24.361262,"Parmar Street, Ballari"
1482,2025-11-05T03:40:24.361463,2025-11-06T14:40:24.361463,"Gour Road, Tumakuru"
1483,2025-03-01T22:40:24.361737,2025-03-02T14:40:24.361737,"Murty Path, Chikkamagaluru"
1484,2026-05-11T13:40:24.361872,2026-05-13T14:40:24.361872,"Gala Road, Chikkaballapura"
1485,2025-12-02T16:40:24.362028,2025-12-04T14:40:24.362028,"Vohra Street, Belagavi"
1486,2025-10-26T01:40:24.362165,2025-10-27T14:40:24.362165,"Sunder Zila, Kalaburagi"
1487,2026-05-24T06:40:24.362307,2026-05-24T14:40:24.362307,"Goel Circle, Vijayanagara"
1488,2025-03-24T13:40:24.362434,2025-03-24T14:40:24.362434,"Kant Marg, Bidar"
1489,2025-12-12T09:40:24.362665,2025-12-13T14:40:24.362665,"Chandran Marg, Belagavi"
1490,2026-04-17T06:40:24.362873,2026-04-18T14:40:24.362873,"Dhingra Marg, Mandya"
1491,2024-11-15T01:40:24.362961,2024-11-15T14:40:24.362961,"Pillay Circle, Belagavi"
1492,2024-10-27T18:40:24.363071,2024-10-28T14:40:24.363071,"Mangal Nagar, Mysuru"
1493,2026-03-23T15:40:24.363164,2026-03-25T14:40:24.363164,"Mane Zila, Chikkaballapura"
1494,2026-02-20T14:40:24.363283,2026-02-23T14:40:24.363283,"Merchant, Dharwad"
1495,2026-03-12T04:40:24.363486,2026-03-13T14:40:24.363486,"Dutta, Mysuru"
1496,2026-02-12T22:40:24.363717,2026-02-14T14:40:24.363717,"Raju Nagar, Shivamogga"
1497,2026-02-19T17:40:24.363957,2026-02-20T14:40:24.363957,"Kannan Marg, Bengaluru Urban"
1498,2025-02-28T00:40:24.364124,2025-03-01T14:40:24.364124,"Korpal Path, Bidar"
1499,2025-05-25T08:40:24.364274,2025-05-25T14:40:24.364274,"Srinivas Street, Mysuru"
1500,2025-03-22T16:40:24.364366,2025-03-24T14:40:24.364366,"Bora Path, Belagavi"
1501,2025-12-09T15:40:24.364489,2025-12-10T14:40:24.364489,"Pandit Marg, Mysuru"
1502,2025-08-12T19:40:24.364701,2025-08-13T14:40:24.364701,"Kannan Path, Mysuru"
1503,2024-11-01T10:40:24.364868,2024-11-02T14:40:24.364868,"Mani, Bengaluru Urban"
1504,2026-07-06T05:40:24.364962,2026-07-06T14:40:24.364962,"Dayal, Hassan"
1505,2025-11-26T23:40:24.365095,2025-11-29T14:40:24.365095,"Sastry Nagar, Bengaluru Urban"
1506,2026-02-16T18:40:24.365342,2026-02-17T14:40:24.365342,"Shenoy Chowk, Bagalkote"
1507,2024-11-01T14:40:24.365432,2024-11-03T14:40:24.365432,"Dada Path, Kalaburagi"
1508,2025-06-26T23:40:24.365653,2025-06-28T14:40:24.365653,"Madan Nagar, Belagavi"
1509,2026-05-03T02:40:24.365835,2026-05-05T14:40:24.365835,"Bhavsar Zila, Dakshina Kannada"
1510,2025-07-22T18:40:24.366038,2025-07-24T14:40:24.366038,"Zachariah Street, Dakshina Kannada"
1511,2024-11-28T06:40:24.366231,2024-11-30T14:40:24.366231,"Ben, Belagavi"
1512,2025-11-05T06:40:24.366378,2025-11-07T14:40:24.366378,"Soman Zila, Belagavi"
1513,2025-07-26T01:40:24.366486,2025-07-28T14:40:24.366486,"Bhat Zila, Belagavi"
1514,2024-08-09T19:40:24.366809,2024-08-10T14:40:24.366809,"Sood Ganj, Kodagu"
1515,2026-06-19T16:40:24.366992,2026-06-21T14:40:24.366992,"Choudhary Chowk, Dharwad"
1516,2026-04-12T12:40:24.367136,2026-04-14T14:40:24.367136,"Shere Street, Belagavi"
1517,2024-09-20T09:40:24.367246,2024-09-22T14:40:24.367246,"Chander Marg, Tumakuru"
1518,2024-10-09T07:40:24.367394,2024-10-10T14:40:24.367394,"Sachdev Street, Mysuru"
1519,2025-08-10T11:40:24.367514,2025-08-10T14:40:24.367514,"Parikh Road, Belagavi"
1520,2025-10-16T16:40:24.367663,2025-10-18T14:40:24.367663,"Kota Ganj, Bengaluru Rural"
1521,2024-08-02T20:40:24.367887,2024-08-03T14:40:24.367887,"Sundaram Marg, Dakshina Kannada"
1522,2025-10-06T02:40:24.368207,2025-10-08T14:40:24.368207,"Nadig Road, Kalaburagi"
1523,2026-06-28T05:40:24.368409,2026-06-28T14:40:24.368409,"Kapur Chowk, Tumakuru"
1524,2025-08-02T04:40:24.368655,2025-08-03T14:40:24.368655,"Agarwal Ganj, Vijayapura"
1525,2025-12-10T14:40:24.368785,2025-12-13T14:40:24.368785,"Hari Street, Bengaluru Urban"
1526,2024-12-23T15:40:24.368903,2024-12-26T14:40:24.368903,"Sane Zila, Bengaluru Rural"
1527,2026-06-08T05:40:24.369040,2026-06-09T14:40:24.369040,"Purohit Nagar, Belagavi"
1528,2025-07-10T11:40:24.369246,2025-07-10T14:40:24.369246,"Iyer, Mysuru"
1529,2024-11-15T19:40:24.369393,2024-11-17T14:40:24.369393,"Natt Zila, Mysuru"
1530,2025-12-20T20:40:24.369639,2025-12-22T14:40:24.369639,"Joshi Circle, Ramanagara"
1531,2024-10-28T23:40:24.369809,2024-10-31T14:40:24.369809,"Grover Zila, Chamarajanagara"
1532,2024-11-22T23:40:24.369917,2024-11-25T14:40:24.369917,"Ram Marg, Bengaluru Urban"
1533,2025-05-15T12:40:24.370069,2025-05-17T14:40:24.370069,"Dhar Circle, Vijayapura"
1534,2025-10-29T10:40:24.370214,2025-10-29T14:40:24.370214,"Bail Street, Belagavi"
1535,2026-06-28T12:40:24.370332,2026-06-29T14:40:24.370332,"Nigam Circle, Belagavi"
1536,2026-05-21T12:40:24.370471,2026-05-21T14:40:24.370471,"Raj Ganj, Chikkamagaluru"
1537,2025-08-14T09:40:24.370595,2025-08-15T14:40:24.370595,"Sawhney Circle, Raichur"
1538,2026-04-03T08:40:24.370757,2026-04-05T14:40:24.370757,"Kannan Road, Mysuru"
1539,2025-12-19T14:40:24.370863,2025-12-22T14:40:24.370863,"Devan Street, Chikkaballapura"
1540,2025-08-24T05:40:24.371091,2025-08-25T14:40:24.371091,"Sant, Ramanagara"
1541,2026-06-15T18:40:24.371289,2026-06-17T14:40:24.371289,"Ravi Zila, Bengaluru Urban"
1542,2025-09-08T12:40:24.371452,2025-09-08T14:40:24.371452,"Ranganathan Zila, Shivamogga"
1543,2026-03-06T11:40:24.371786,2026-03-06T14:40:24.371786,"Nair Marg, Belagavi"
1544,2025-10-23T17:40:24.372002,2025-10-24T14:40:24.372002,"Doshi Chowk, Vijayapura"
1545,2025-10-15T11:40:24.372189,2025-10-17T14:40:24.372189,"Subramanian Path, Mysuru"
1546,2024-09-21T16:40:24.372345,2024-09-22T14:40:24.372345,"Baral Marg, Vijayapura"
1547,2026-05-09T14:40:24.372467,2026-05-12T14:40:24.372467,"Bawa Chowk, Belagavi"
1548,2026-01-26T18:40:24.372624,2026-01-28T14:40:24.372624,"Bhatt Nagar, Belagavi"
1549,2025-06-16T19:40:24.372737,2025-06-19T14:40:24.372737,"Padmanabhan Marg, Bidar"
1550,2026-04-28T21:40:24.373030,2026-04-29T14:40:24.373030,"Deshpande Nagar, Belagavi"
1551,2026-06-16T14:40:24.373115,2026-06-19T14:40:24.373115,"Seth, Bagalkote"
1552,2025-01-31T15:40:24.373297,2025-02-02T14:40:24.373297,"Rai Nagar, Tumakuru"
1553,2026-03-05T20:40:24.373429,2026-03-07T14:40:24.373429,"Yadav Marg, Kolar"
1554,2025-07-27T16:40:24.373698,2025-07-28T14:40:24.373698,"Ramanathan Marg, Kodagu"
1555,2026-02-04T04:40:24.373839,2026-02-06T14:40:24.373839,"Mannan, Bagalkote"
1556,2025-09-21T10:40:24.373915,2025-09-22T14:40:24.373915,"Kamdar, Bengaluru Urban"
1557,2025-11-18T14:40:24.374078,2025-11-21T14:40:24.374078,"Balay Path, Kodagu"
1558,2024-11-03T05:40:24.374176,2024-11-03T14:40:24.374176,"Shankar Nagar, Mandya"
1559,2025-12-19T10:40:24.374372,2025-12-19T14:40:24.374372,"Pandya Zila, Hassan"
1560,2026-03-19T14:40:24.374498,2026-03-22T14:40:24.374498,"Dewan Zila, Ramanagara"
1561,2024-11-29T11:40:24.374706,2024-11-30T14:40:24.374706,"Sharma Street, Belagavi"
1562,2024-12-30T05:40:24.374899,2025-01-01T14:40:24.374899,"Oommen Road, Kalaburagi"
1563,2024-09-17T17:40:24.375006,2024-09-18T14:40:24.375006,"Modi Chowk, Udupi"
1564,2025-11-17T23:40:24.375168,2025-11-19T14:40:24.375168,"Krishna Chowk, Chikkaballapura"
1565,2025-05-04T06:40:24.375379,2025-05-05T14:40:24.375379,"Samra Street, Chikkaballapura"
1566,2025-04-23T09:40:24.375492,2025-04-25T14:40:24.375492,"Kaur Marg, Belagavi"
1567,2026-02-07T22:40:24.375620,2026-02-10T14:40:24.375620,"Sarin Zila, Belagavi"
1568,2026-05-03T04:40:24.375713,2026-05-04T14:40:24.375713,"Zacharia, Gadag"
1569,2025-04-21T02:40:24.375939,2025-04-22T14:40:24.375939,"Chana Path, Udupi"
1570,2026-06-21T08:40:24.376153,2026-06-21T14:40:24.376153,"Prabhakar Path, Davanagere"
1571,2025-12-02T02:40:24.376311,2025-12-04T14:40:24.376311,"Verma Zila, Dakshina Kannada"
1572,2025-12-03T06:40:24.376431,2025-12-04T14:40:24.376431,"Nagi Zila, Mysuru"
1573,2025-05-27T22:40:24.376659,2025-05-29T14:40:24.376659,"Chacko, Belagavi"
1574,2026-01-12T04:40:24.376787,2026-01-13T14:40:24.376787,"Borra, Mysuru"
1575,2026-03-29T18:40:24.376885,2026-03-30T14:40:24.376885,"Bala Zila, Belagavi"
1576,2026-04-10T01:40:24.376993,2026-04-10T14:40:24.376993,"Buch, Belagavi"
1577,2024-08-26T10:40:24.377167,2024-08-26T14:40:24.377167,"Mukherjee Ganj, Mysuru"
1578,2025-01-28T01:40:24.377277,2025-01-29T14:40:24.377277,"Ranganathan Chowk, Shivamogga"
1579,2024-12-27T19:40:24.377449,2024-12-28T14:40:24.377449,"Deo Ganj, Kodagu"
1580,2026-06-10T10:40:24.377645,2026-06-11T14:40:24.377645,"Mukherjee Circle, Chitradurga"
1581,2025-07-17T17:40:24.377835,2025-07-18T14:40:24.377835,"Andra Marg, Belagavi"
1582,2024-10-23T04:40:24.378027,2024-10-23T14:40:24.378027,"Dayal Path, Chikkamagaluru"
1583,2026-06-06T14:40:24.378223,2026-06-07T14:40:24.378223,"Walia Nagar, Raichur"
1584,2025-05-01T06:40:24.378434,2025-05-02T14:40:24.378434,"Sodhi Marg, Bengaluru Urban"
1585,2026-05-30T11:40:24.378522,2026-05-30T14:40:24.378522,"Grewal, Belagavi"
1586,2024-09-09T17:40:24.378660,2024-09-11T14:40:24.378660,"Dada Chowk, Ramanagara"
1587,2025-10-13T05:40:24.378797,2025-10-15T14:40:24.378797,"Sastry Marg, Chikkaballapura"
1588,2026-03-16T04:40:24.379045,2026-03-18T14:40:24.379045,"Rai Road, Ramanagara"
1589,2024-09-25T23:40:24.379163,2024-09-28T14:40:24.379163,"Acharya Ganj, Ramanagara"
1590,2025-11-17T13:40:24.379331,2025-11-18T14:40:24.379331,"Sama Circle, Belagavi"
1591,2024-09-25T06:40:24.379426,2024-09-26T14:40:24.379426,"Munshi Marg, Bengaluru Urban"
1592,2025-08-26T20:40:24.379678,2025-08-29T14:40:24.379678,"Golla, Shivamogga"
1593,2025-10-17T12:40:24.379825,2025-10-17T14:40:24.379825,"Purohit Nagar, Belagavi"
1594,2026-02-13T15:40:24.380016,2026-02-15T14:40:24.380016,"Venkataraman Zila, Bidar"
1595,2025-08-31T07:40:24.380162,2025-08-31T14:40:24.380162,"Edwin Path, Belagavi"
1596,2025-05-02T17:40:24.380325,2025-05-03T14:40:24.380325,"Warrior Circle, Yadgir"
1597,2025-12-06T09:40:24.380512,2025-12-07T14:40:24.380512,"Sachdeva Street, Belagavi"
1598,2026-04-11T04:40:24.380633,2026-04-11T14:40:24.380633,"Tripathi Circle, Belagavi"
1599,2025-07-18T20:40:24.380753,2025-07-19T14:40:24.380753,"Arya Ganj, Udupi"
1600,2026-01-25T22:40:24.380919,2026-01-26T14:40:24.380919,"Khurana Zila, Belagavi"
1601,2024-12-18T20:40:24.381073,2024-12-20T14:40:24.381073,"Parikh, Belagavi"
1602,2025-07-14T23:40:24.381186,2025-07-17T14:40:24.381186,"Dasgupta, Chamarajanagara"
1603,2025-04-15T11:40:24.381345,2025-04-17T14:40:24.381345,"Magar Chowk, Chitradurga"
1604,2024-07-29T16:40:24.381528,2024-07-31T14:40:24.381528,"Dara Nagar, Bengaluru Urban"
1605,2024-10-10T11:40:24.381761,2024-10-12T14:40:24.381761,"Kalla Marg, Koppal"
1606,2024-10-03T05:40:24.381893,2024-10-05T14:40:24.381893,"Patil Road, Bengaluru Urban"
1607,2025-04-30T11:40:24.381983,2025-04-30T14:40:24.381983,"Sule Chowk, Belagavi"
1608,2025-07-04T14:40:24.382077,2025-07-07T14:40:24.382077,"Bhavsar Zila, Yadgir"
1609,2024-08-10T14:40:24.382278,2024-08-13T14:40:24.382278,"Deo Road, Kodagu"
1610,2026-03-14T16:40:24.382440,2026-03-16T14:40:24.382440,"Chaudhry Circle, Belagavi"
1611,2025-10-10T21:40:24.382670,2025-10-12T14:40:24.382670,"Morar Nagar, Belagavi"
1612,2026-02-06T18:40:24.382811,2026-02-08T14:40:24.382811,"Mane, Kalaburagi"
1613,2025-09-06T01:40:24.382907,2025-09-06T14:40:24.382907,"Bhattacharyya, Belagavi"
1614,2026-01-22T10:40:24.383013,2026-01-22T14:40:24.383013,"Bhalla, Kalaburagi"
1615,2026-01-07T23:40:24.383110,2026-01-10T14:40:24.383110,"Loke, Mandya"
1616,2025-07-21T16:40:24.383263,2025-07-24T14:40:24.383263,"Palan, Udupi"
1617,2025-02-19T13:40:24.383358,2025-02-20T14:40:24.383358,"Babu, Mysuru"
1618,2024-10-03T09:40:24.383586,2024-10-05T14:40:24.383586,"Varughese Road, Bengaluru Rural"
1619,2025-03-02T07:40:24.383683,2025-03-02T14:40:24.383683,"Vyas Zila, Belagavi"
1620,2026-05-30T21:40:24.383816,2026-06-01T14:40:24.383816,"Deol Marg, Bengaluru Urban"
1621,2026-07-09T14:40:24.384048,2026-07-10T14:40:24.384048,"Kadakia Path, Mysuru"
1622,2026-05-18T15:40:24.384219,2026-05-19T14:40:24.384219,"Oak, Raichur"
1623,2025-02-07T03:40:24.384410,2025-02-07T14:40:24.384410,"Chhabra Marg, Dakshina Kannada"
1624,2026-03-07T18:40:24.384521,2026-03-10T14:40:24.384521,"Sem Road, Belagavi"
1625,2026-03-19T03:40:24.384646,2026-03-19T14:40:24.384646,"Nanda Marg, Belagavi"
1626,2025-04-14T16:40:24.384853,2025-04-17T14:40:24.384853,"Mall Nagar, Belagavi"
1627,2026-06-23T10:40:24.385150,2026-06-25T14:40:24.385150,"Yadav Chowk, Belagavi"
1628,2025-03-08T22:40:24.385268,2025-03-11T14:40:24.385268,"Narayanan Street, Dakshina Kannada"
1629,2025-05-22T03:40:24.385413,2025-05-23T14:40:24.385413,"Bora Circle, Udupi"
1630,2026-06-14T23:40:24.385639,2026-06-17T14:40:24.385639,"Dhaliwal Zila, Dakshina Kannada"
1631,2026-06-11T21:40:24.385817,2026-06-12T14:40:24.385817,"Viswanathan Path, Belagavi"
1632,2026-02-05T00:40:24.385988,2026-02-05T14:40:24.385988,"Kuruvilla Ganj, Belagavi"
1633,2026-04-08T11:40:24.386069,2026-04-08T14:40:24.386069,"Dora Zila, Belagavi"
1634,2026-03-18T21:40:24.386233,2026-03-20T14:40:24.386233,"Mammen Road, Chikkamagaluru"
1635,2025-10-19T06:40:24.386397,2025-10-19T14:40:24.386397,"Prasad Chowk, Belagavi"
1636,2025-04-19T08:40:24.386511,2025-04-20T14:40:24.386511,"Sharaf Chowk, Belagavi"
1637,2024-10-24T11:40:24.386745,2024-10-26T14:40:24.386745,"Saxena Road, Dharwad"
1638,2025-01-20T06:40:24.386859,2025-01-21T14:40:24.386859,"Bhardwaj Nagar, Hassan"
1639,2026-01-02T03:40:24.386982,2026-01-02T14:40:24.386982,"Oza Road, Dakshina Kannada"
1640,2025-03-24T22:40:24.387119,2025-03-25T14:40:24.387119,"Bansal Nagar, Belagavi"
1641,2025-07-16T04:40:24.387281,2025-07-18T14:40:24.387281,"Chaudry Zila, Ramanagara"
1642,2026-04-25T20:40:24.387447,2026-04-27T14:40:24.387447,"Vaidya Marg, Bidar"
1643,2026-07-09T08:40:24.387651,2026-07-11T14:40:24.387651,"Vyas Nagar, Bengaluru Rural"
1644,2025-10-07T16:40:24.387801,2025-10-08T14:40:24.387801,"Warrior Ganj, Davanagere"
1645,2024-10-03T22:40:24.387926,2024-10-06T14:40:24.387926,"Bhavsar Path, Bengaluru Urban"
1646,2024-12-24T23:40:24.388102,2024-12-26T14:40:24.388102,"Nori Circle, Belagavi"
1647,2026-06-21T05:40:24.388255,2026-06-21T14:40:24.388255,"Lala, Udupi"
1648,2025-04-24T12:40:24.388385,2025-04-25T14:40:24.388385,"Taneja Road, Bagalkote"
1649,2026-02-06T15:40:24.388602,2026-02-08T14:40:24.388602,"Brar Circle, Shivamogga"
1650,2025-10-02T19:40:24.388702,2025-10-05T14:40:24.388702,"Narang Chowk, Gadag"
1651,2026-04-13T14:40:24.388906,2026-04-15T14:40:24.388906,"Jha Circle, Haveri"
1652,2026-07-07T08:40:24.389086,2026-07-09T14:40:24.389086,"Sheth, Bidar"
1653,2025-03-10T21:40:24.389207,2025-03-12T14:40:24.389207,"Merchant Ganj, Belagavi"
1654,2025-07-15T04:40:24.389301,2025-07-15T14:40:24.389301,"Patil Path, Bengaluru Rural"
1655,2026-06-25T03:40:24.389395,2026-06-27T14:40:24.389395,"Bhargava Ganj, Belagavi"
1656,2025-04-16T11:40:24.389620,2025-04-18T14:40:24.389620,"Nanda Road, Vijayapura"
1657,2026-07-06T10:40:24.389721,2026-07-07T14:40:24.389721,"Saha Nagar, Mysuru"
1658,2026-02-16T19:40:24.389892,2026-02-19T14:40:24.389892,"Dhaliwal Circle, Bengaluru Rural"
1659,2026-05-31T21:40:24.390033,2026-06-03T14:40:24.390033,"Wadhwa Nagar, Kodagu"
1660,2025-03-11T02:40:24.390119,2025-03-13T14:40:24.390119,"Karpe Path, Koppal"
1661,2026-02-19T15:40:24.390251,2026-02-22T14:40:24.390251,"Balasubramanian Street, Belagavi"
1662,2024-07-24T19:40:24.390341,2024-07-26T14:40:24.390341,"Dhillon Zila, Bagalkote"
1663,2026-01-16T09:40:24.390446,2026-01-16T14:40:24.390446,"Varty Street, Belagavi"
1664,2025-05-25T08:40:24.390642,2025-05-26T14:40:24.390642,"Sood Road, Belagavi"
1665,2026-06-15T15:40:24.390775,2026-06-18T14:40:24.390775,"Jayaraman Road, Tumakuru"
1666,2025-02-26T06:40:24.390966,2025-02-26T14:40:24.390966,"Saha Nagar, Dakshina Kannada"
1667,2024-08-06T15:40:24.391278,2024-08-08T14:40:24.391278,"Badal Circle, Mandya"
1668,2026-06-10T17:40:24.391478,2026-06-11T14:40:24.391478,"Kaul Path, Bengaluru Rural"
1669,2025-04-13T05:40:24.391674,2025-04-13T14:40:24.391674,"Kumer Nagar, Mysuru"
1670,2026-01-26T20:40:24.391819,2026-01-29T14:40:24.391819,"Kadakia Path, Bidar"
1671,2024-11-20T22:40:24.391982,2024-11-22T14:40:24.391982,"Sami Road, Udupi"
1672,2026-05-31T09:40:24.392168,2026-05-31T14:40:24.392168,"Mand Road, Belagavi"
1673,2026-03-24T04:40:24.392373,2026-03-25T14:40:24.392373,"Malhotra Chowk, Dakshina Kannada"
1674,2024-10-16T07:40:24.392630,2024-10-18T14:40:24.392630,"Bora Path, Hassan"
1675,2025-02-16T11:40:24.392884,2025-02-16T14:40:24.392884,"Jhaveri Nagar, Chikkaballapura"
1676,2025-12-26T23:40:24.393111,2025-12-27T14:40:24.393111,"Viswanathan Street, Belagavi"
1677,2026-03-08T23:40:24.393230,2026-03-09T14:40:24.393230,"Sarin Road, Chikkaballapura"
1678,2025-01-21T20:40:24.393389,2025-01-23T14:40:24.393389,"Sarna Ganj, Udupi"
1679,2026-04-05T06:40:24.393485,2026-04-06T14:40:24.393485,"Pal Zila, Shivamogga"
1680,2026-05-18T10:40:24.393647,2026-05-19T14:40:24.393647,"Rau Road, Chikkamagaluru"
1681,2026-04-02T12:40:24.393842,2026-04-04T14:40:24.393842,"Thaker Street, Belagavi"
1682,2024-12-05T02:40:24.393960,2024-12-06T14:40:24.393960,"Setty Chowk, Mysuru"
1683,2026-05-12T18:40:24.394076,2026-05-13T14:40:24.394076,"Prabhakar Ganj, Belagavi"
1684,2026-04-03T05:40:24.394298,2026-04-03T14:40:24.394298,"Malhotra, Belagavi"
1685,2024-10-01T05:40:24.394473,2024-10-03T14:40:24.394473,"Saxena Chowk, Belagavi"
1686,2026-01-20T21:40:24.394603,2026-01-22T14:40:24.394603,"Pathak Nagar, Belagavi"
1687,2025-10-21T18:40:24.394768,2025-10-24T14:40:24.394768,"Ghosh, Chikkaballapura"
1688,2025-03-11T17:40:24.394956,2025-03-14T14:40:24.394956,"Nath Zila, Kodagu"
1689,2025-08-10T08:40:24.395089,2025-08-11T14:40:24.395089,"Sule Circle, Vijayanagara"
1690,2025-04-27T02:40:24.395310,2025-04-28T14:40:24.395310,"Prasad Path, Koppal"
1691,2026-02-06T01:40:24.395470,2026-02-08T14:40:24.395470,"Badami Circle, Belagavi"
1692,2024-10-20T07:40:24.395654,2024-10-20T14:40:24.395654,"Dugal Nagar, Belagavi"
1693,2024-08-03T22:40:24.395881,2024-08-05T14:40:24.395881,"Saxena Marg, Kodagu"
1694,2026-06-11T11:40:24.396018,2026-06-11T14:40:24.396018,"Tata Ganj, Ramanagara"
1695,2026-01-17T23:40:24.396153,2026-01-19T14:40:24.396153,"Bahl Zila, Bidar"
1696,2026-06-29T23:40:24.396271,2026-06-30T14:40:24.396271,"Banik Chowk, Davanagere"
1697,2025-08-18T03:40:24.396358,2025-08-19T14:40:24.396358,"Gokhale, Bengaluru Urban"
1698,2024-10-09T16:40:24.396503,2024-10-10T14:40:24.396503,"Ratti Chowk, Gadag"
1699,2025-01-18T00:40:24.396647,2025-01-19T14:40:24.396647,"Parekh Path, Chikkaballapura"
1700,2025-05-01T14:40:24.396774,2025-05-03T14:40:24.396774,"Kala Zila, Hassan"
1701,2024-12-03T00:40:24.396999,2024-12-04T14:40:24.396999,"Bhatnagar Chowk, Koppal"
1702,2024-08-06T10:40:24.397132,2024-08-07T14:40:24.397132,"Dube Path, Mysuru"
1703,2026-03-07T07:40:24.397330,2026-03-08T14:40:24.397330,"Virk Circle, Belagavi"
1704,2025-06-01T03:40:24.397459,2025-06-02T14:40:24.397459,"Ganesan Road, Belagavi"
1705,2025-05-03T18:40:24.397574,2025-05-04T14:40:24.397574,"Din Circle, Chamarajanagara"
1706,2026-04-22T05:40:24.397798,2026-04-24T14:40:24.397798,"Walia Zila, Belagavi"
1707,2025-07-02T10:40:24.397931,2025-07-02T14:40:24.397931,"Kalita Zila, Bengaluru Urban"
1708,2024-12-01T01:40:24.398063,2024-12-01T14:40:24.398063,"Raja Road, Mysuru"
1709,2024-10-18T06:40:24.398163,2024-10-18T14:40:24.398163,"Issac Ganj, Belagavi"
1710,2024-08-24T16:40:24.398340,2024-08-25T14:40:24.398340,"Agarwal Ganj, Gadag"
1711,2024-12-04T03:40:24.398489,2024-12-04T14:40:24.398489,"Prakash, Belagavi"
1712,2026-02-06T12:40:24.398645,2026-02-07T14:40:24.398645,"Barman Street, Belagavi"
1713,2025-02-05T14:40:24.398760,2025-02-06T14:40:24.398760,"Kapadia Marg, Vijayanagara"
1714,2024-11-21T10:40:24.398973,2024-11-21T14:40:24.398973,"Krishna Marg, Chikkamagaluru"
1715,2024-07-22T01:40:24.399106,2024-07-23T14:40:24.399106,"Chaudhry Path, Kodagu"
1716,2025-06-12T17:40:24.399315,2025-06-13T14:40:24.399315,"Aggarwal Marg, Kalaburagi"
1717,2025-02-02T08:40:24.399425,2025-02-04T14:40:24.399425,"Pillai Ganj, Bengaluru Urban"
1718,2026-03-02T07:40:24.399630,2026-03-03T14:40:24.399630,"Mukhopadhyay Chowk, Haveri"
1719,2026-04-29T08:40:24.399726,2026-05-01T14:40:24.399726,"Gaba Nagar, Belagavi"
1720,2025-02-11T08:40:24.399889,2025-02-13T14:40:24.399889,"Varghese Path, Bengaluru Urban"
1721,2024-12-25T12:40:24.400061,2024-12-26T14:40:24.400061,"Seth Circle, Kodagu"
1722,2025-10-01T12:40:24.400192,2025-10-01T14:40:24.400192,"Kulkarni Marg, Belagavi"
1723,2026-07-09T06:40:24.400332,2026-07-10T14:40:24.400332,"Bhat Marg, Bagalkote"
1724,2025-04-02T15:40:24.400451,2025-04-03T14:40:24.400451,"Khalsa Chowk, Tumakuru"
1725,2026-02-05T12:40:24.400639,2026-02-05T14:40:24.400639,"Oak Road, Belagavi"
1726,2025-08-04T06:40:24.400844,2025-08-04T14:40:24.400844,"Sule Street, Mandya"
1727,2025-07-07T13:40:24.400982,2025-07-08T14:40:24.400982,"Mohanty Marg, Vijayanagara"
1728,2026-03-17T00:40:24.401078,2026-03-18T14:40:24.401078,"Doctor Chowk, Belagavi"
1729,2025-12-01T20:40:24.401275,2025-12-04T14:40:24.401275,"Saha Path, Belagavi"
1730,2025-06-26T22:40:24.401419,2025-06-27T14:40:24.401419,"Shan Chowk, Kodagu"
1731,2026-02-07T21:40:24.401572,2026-02-08T14:40:24.401572,"Sidhu Chowk, Bidar"
1732,2026-05-26T22:40:24.401760,2026-05-29T14:40:24.401760,"Bali Street, Belagavi"
1733,2026-03-01T05:40:24.401943,2026-03-01T14:40:24.401943,"Kuruvilla Marg, Belagavi"
1734,2025-05-25T02:40:24.402179,2025-05-27T14:40:24.402179,"Kulkarni Road, Bagalkote"
1735,2025-03-11T11:40:24.402390,2025-03-13T14:40:24.402390,"Mittal Marg, Belagavi"
1736,2026-04-12T04:40:24.402495,2026-04-13T14:40:24.402495,"Wagle Circle, Dakshina Kannada"
1737,2026-07-09T15:40:24.402704,2026-07-10T14:40:24.402704,"Chander Nagar, Belagavi"
1738,2025-10-29T12:40:24.402834,2025-10-31T14:40:24.402834,"Dugar Road, Bidar"
1739,2026-04-01T12:40:24.403025,2026-04-01T14:40:24.403025,"Naik Nagar, Belagavi"
1740,2026-07-03T23:40:24.403204,2026-07-06T14:40:24.403204,"Peri Road, Belagavi"
1741,2025-02-16T17:40:24.403279,2025-02-19T14:40:24.403279,"Bhakta Zila, Belagavi"
1742,2026-05-13T02:40:24.403501,2026-05-15T14:40:24.403501,"Majumdar Road, Dharwad"
1743,2026-05-03T12:40:24.403690,2026-05-05T14:40:24.403690,"Kalita Circle, Kalaburagi"
1744,2024-07-30T02:40:24.403966,2024-07-30T14:40:24.403966,"Oommen Circle, Mysuru"
1745,2025-10-14T14:40:24.404199,2025-10-17T14:40:24.404199,"Dubey Circle, Bengaluru Urban"
1746,2025-12-03T00:40:24.404304,2025-12-05T14:40:24.404304,"Oak Chowk, Chitradurga"
1747,2026-01-07T17:40:24.404505,2026-01-09T14:40:24.404505,"Mukherjee Zila, Bengaluru Urban"
1748,2025-10-18T21:40:24.404756,2025-10-20T14:40:24.404756,"Srinivasan Chowk, Mysuru"
1749,2025-12-21T13:40:24.404905,2025-12-22T14:40:24.404905,"Ravi Path, Udupi"
1750,2024-10-22T16:40:24.405033,2024-10-25T14:40:24.405033,"Minhas Nagar, Chitradurga"
1751,2024-10-03T06:40:24.405127,2024-10-03T14:40:24.405127,"Mangat Nagar, Bengaluru Urban"
1752,2026-03-12T07:40:24.405335,2026-03-12T14:40:24.405335,"Kant Nagar, Dakshina Kannada"
1753,2025-07-10T16:40:24.405480,2025-07-13T14:40:24.405480,"Sharma Zila, Koppal"
1754,2025-07-15T18:40:24.405678,2025-07-18T14:40:24.405678,"Arya, Belagavi"
1755,2025-07-23T01:40:24.405882,2025-07-23T14:40:24.405882,"Naidu Ganj, Mysuru"
1756,2026-05-25T02:40:24.406072,2026-05-25T14:40:24.406072,"Nair Marg, Raichur"
1757,2026-03-11T00:40:24.406148,2026-03-11T14:40:24.406148,"Sankaran Nagar, Hassan"
1758,2024-11-05T21:40:24.406341,2024-11-07T14:40:24.406341,"Goda Road, Belagavi"
1759,2026-03-28T02:40:24.406597,2026-03-29T14:40:24.406597,"Goswami Ganj, Belagavi"
1760,2026-01-23T04:40:24.406702,2026-01-23T14:40:24.406702,"Hora Chowk, Belagavi"
1761,2024-11-22T23:40:24.406830,2024-11-25T14:40:24.406830,"Kothari Path, Belagavi"
1762,2024-08-15T20:40:24.407003,2024-08-18T14:40:24.407003,"Karpe Ganj, Hassan"
1763,2025-08-12T17:40:24.407154,2025-08-13T14:40:24.407154,"Chakraborty Chowk, Belagavi"
1764,2025-05-01T09:40:24.407332,2025-05-03T14:40:24.407332,"Dugar Zila, Belagavi"
1765,2026-06-26T12:40:24.407523,2026-06-27T14:40:24.407523,"Mukherjee Ganj, Chitradurga"
1766,2025-11-16T06:40:24.407709,2025-11-16T14:40:24.407709,"Ghose Ganj, Belagavi"
1767,2024-07-24T06:40:24.407972,2024-07-24T14:40:24.407972,"Bora Marg, Belagavi"
1768,2025-01-28T02:40:24.408154,2025-01-30T14:40:24.408154,"Basak Circle, Bengaluru Urban"
1769,2025-11-14T09:40:24.408392,2025-11-15T14:40:24.408392,"Kibe Marg, Belagavi"
1770,2025-02-06T03:40:24.408510,2025-02-06T14:40:24.408510,"Ratta Path, Raichur"
1771,2025-10-31T09:40:24.408722,2025-10-31T14:40:24.408722,"Shanker Ganj, Dakshina Kannada"
1772,2026-02-03T11:40:24.408857,2026-02-05T14:40:24.408857,"Sawhney, Chamarajanagara"
1773,2024-09-18T18:40:24.409009,2024-09-20T14:40:24.409009,"Banik Road, Mysuru"
1774,2026-06-13T20:40:24.409156,2026-06-14T14:40:24.409156,"Panchal Nagar, Belagavi"
1775,2025-04-02T13:40:24.409251,2025-04-03T14:40:24.409251,"Din, Yadgir"
1776,2026-04-28T16:40:24.409374,2026-04-29T14:40:24.409374,"Sood Chowk, Yadgir"
1777,2024-12-10T02:40:24.409653,2024-12-11T14:40:24.409653,"Arora Street, Chitradurga"
1778,2025-06-29T22:40:24.409818,2025-06-30T14:40:24.409818,"Joshi Nagar, Belagavi"
1779,2024-07-10T07:40:24.409984,2024-07-11T14:40:24.409984,"Bhargava Ganj, Bengaluru Urban"
1780,2024-11-12T01:40:24.410077,2024-11-12T14:40:24.410077,"Swamy Nagar, Belagavi"
1781,2025-01-15T05:40:24.410225,2025-01-16T14:40:24.410225,"Vig Zila, Udupi"
1782,2025-07-02T20:40:24.410379,2025-07-04T14:40:24.410379,"Barad Ganj, Gadag"
1783,2025-09-16T10:40:24.410482,2025-09-16T14:40:24.410482,"Venkataraman Path, Tumakuru"
1784,2026-06-26T19:40:24.410637,2026-06-27T14:40:24.410637,"Sankar Marg, Raichur"
1785,2025-04-15T23:40:24.410806,2025-04-17T14:40:24.410806,"Som Street, Tumakuru"
1786,2026-04-04T18:40:24.410963,2026-04-07T14:40:24.410963,"Shenoy Ganj, Bengaluru Urban"
1787,2026-06-30T07:40:24.411181,2026-06-30T14:40:24.411181,"Rajagopal Nagar, Ballari"
1788,2026-05-25T03:40:24.411296,2026-05-26T14:40:24.411296,"Radhakrishnan Path, Bengaluru Urban"
1789,2024-11-09T07:40:24.411464,2024-11-10T14:40:24.411464,"Chawla Circle, Haveri"
1790,2026-02-03T11:40:24.411723,2026-02-04T14:40:24.411723,"Agarwal Marg, Udupi"
1791,2025-07-09T00:40:24.411931,2025-07-11T14:40:24.411931,"Pandya Road, Dharwad"
1792,2026-01-19T01:40:24.412046,2026-01-20T14:40:24.412046,"Luthra, Belagavi"
1793,2025-10-09T16:40:24.412132,2025-10-10T14:40:24.412132,"Lanka Chowk, Kodagu"
1794,2026-04-02T10:40:24.412334,2026-04-04T14:40:24.412334,"Sandhu Street, Belagavi"
1795,2026-02-11T21:40:24.412452,2026-02-13T14:40:24.412452,"Bansal Zila, Mysuru"
1796,2025-10-03T08:40:24.412568,2025-10-03T14:40:24.412568,"Kara Path, Kalaburagi"
1797,2025-03-25T19:40:24.412784,2025-03-27T14:40:24.412784,"Arora Chowk, Kalaburagi"
1798,2025-10-28T00:40:24.412987,2025-10-28T14:40:24.412987,"Wable Chowk, Yadgir"
1799,2025-11-22T22:40:24.413135,2025-11-25T14:40:24.413135,"Mangat Road, Bidar"
1800,2025-06-23T08:40:24.413327,2025-06-25T14:40:24.413327,"Ray, Dharwad"
1801,2026-07-05T15:40:24.413471,2026-07-07T14:40:24.413471,"Mukhopadhyay Nagar, Ballari"
1802,2026-04-12T03:40:24.413702,2026-04-14T14:40:24.413702,"Mahajan Street, Mysuru"
1803,2024-07-13T03:40:24.413849,2024-07-15T14:40:24.413849,"Brar Road, Kodagu"
1804,2025-06-21T13:40:24.413995,2025-06-22T14:40:24.413995,"Chaudhuri Circle, Kodagu"
1805,2025-05-10T01:40:24.414129,2025-05-12T14:40:24.414129,"Guha, Vijayapura"
1806,2026-02-06T19:40:24.414291,2026-02-07T14:40:24.414291,"Narang Road, Raichur"
1807,2025-04-04T03:40:24.414466,2025-04-05T14:40:24.414466,"Bhakta, Belagavi"
1808,2025-10-30T22:40:24.414623,2025-11-01T14:40:24.414623,"Chacko Nagar, Belagavi"
1809,2025-04-11T19:40:24.414807,2025-04-13T14:40:24.414807,"Agarwal Ganj, Mysuru"
1810,2025-02-04T10:40:24.414924,2025-02-05T14:40:24.414924,"Kamdar Ganj, Belagavi"
1811,2025-10-19T21:40:24.415036,2025-10-20T14:40:24.415036,"Nadig Path, Belagavi"
1812,2026-04-12T19:40:24.415205,2026-04-15T14:40:24.415205,"Rao Circle, Belagavi"
1813,2025-04-07T03:40:24.415345,2025-04-09T14:40:24.415345,"Gulati Circle, Mysuru"
1814,2025-02-20T13:40:24.415528,2025-02-22T14:40:24.415528,"Dixit Circle, Belagavi"
1815,2025-09-16T22:40:24.415987,2025-09-19T14:40:24.415987,"Kothari Road, Ramanagara"
1816,2025-03-09T16:40:24.416132,2025-03-10T14:40:24.416132,"Venkatesh Nagar, Tumakuru"
1817,2025-08-20T13:40:24.416325,2025-08-20T14:40:24.416325,"Lata Nagar, Hassan"
1818,2024-08-29T02:40:24.416533,2024-08-29T14:40:24.416533,"Suri Path, Mandya"
1819,2025-06-17T01:40:24.416756,2025-06-18T14:40:24.416756,"Srinivas Zila, Ballari"
1820,2025-11-07T11:40:24.416943,2025-11-09T14:40:24.416943,"Manne Path, Dharwad"
1821,2025-01-07T21:40:24.417048,2025-01-10T14:40:24.417048,"Trivedi Nagar, Mysuru"
1822,2025-02-19T04:40:24.417229,2025-02-20T14:40:24.417229,"Sastry Street, Bidar"
1823,2025-03-13T15:40:24.417312,2025-03-14T14:40:24.417312,"Agate Street, Shivamogga"
1824,2025-04-26T17:40:24.417426,2025-04-27T14:40:24.417426,"Boase Road, Bengaluru Rural"
1825,2025-12-20T08:40:24.417656,2025-12-22T14:40:24.417656,"Buch Path, Bagalkote"
1826,2024-09-24T13:40:24.417815,2024-09-26T14:40:24.417815,"Sahota Ganj, Vijayanagara"
1827,2025-02-01T05:40:24.417950,2025-02-03T14:40:24.417950,"Dhar Road, Mysuru"
1828,2026-01-05T19:40:24.418090,2026-01-08T14:40:24.418090,"Dasgupta Ganj, Bengaluru Urban"
1829,2025-09-04T12:40:24.418225,2025-09-05T14:40:24.418225,"Bhatt Road, Ramanagara"
1830,2024-11-26T08:40:24.418455,2024-11-28T14:40:24.418455,"Varty Street, Yadgir"
1831,2025-01-26T04:40:24.418607,2025-01-26T14:40:24.418607,"Reddy, Bengaluru Rural"
1832,2026-02-04T16:40:24.418700,2026-02-07T14:40:24.418700,"Pradhan Path, Mysuru"
1833,2024-10-15T16:40:24.418801,2024-10-18T14:40:24.418801,"Keer Road, Bengaluru Rural"
1834,2024-09-16T09:40:24.418990,2024-09-17T14:40:24.418990,"Nair Street, Tumakuru"
1835,2025-08-09T22:40:24.419138,2025-08-11T14:40:24.419138,"Kumar Nagar, Yadgir"
1836,2025-08-19T00:40:24.419301,2025-08-20T14:40:24.419301,"Merchant Path, Belagavi"
1837,2025-12-17T05:40:24.419402,2025-12-19T14:40:24.419402,"Chakrabarti Chowk, Belagavi"
1838,2025-02-22T18:40:24.419485,2025-02-24T14:40:24.419485,"Sibal Path, Udupi"
1839,2026-03-16T18:40:24.419790,2026-03-19T14:40:24.419790,"Prashad, Belagavi"
1840,2024-07-09T23:40:24.419987,2024-07-12T14:40:24.419987,"Ramakrishnan Road, Bengaluru Urban"
1841,2026-03-23T10:40:24.420195,2026-03-23T14:40:24.420195,"Varghese Street, Belagavi"
1842,2026-01-19T02:40:24.420369,2026-01-21T14:40:24.420369,"Anand Nagar, Belagavi"
1843,2024-09-11T06:40:24.420470,2024-09-13T14:40:24.420470,"Mukherjee Road, Chikkaballapura"
1844,2024-07-23T22:40:24.420628,2024-07-25T14:40:24.420628,"Mane Path, Belagavi"
1845,2025-08-30T11:40:24.420846,2025-09-01T14:40:24.420846,"Taneja Ganj, Hassan"
1846,2024-11-15T15:40:24.420977,2024-11-17T14:40:24.420977,"Savant Nagar, Bagalkote"
1847,2026-06-25T20:40:24.421133,2026-06-28T14:40:24.421133,"Thaker Ganj, Belagavi"
1848,2026-01-01T13:40:24.421275,2026-01-01T14:40:24.421275,"Devi Zila, Koppal"
1849,2025-10-27T00:40:24.421375,2025-10-28T14:40:24.421375,"Seshadri Road, Raichur"
1850,2025-06-09T10:40:24.421521,2025-06-09T14:40:24.421521,"Narayan Marg, Mysuru"
1851,2024-08-15T08:40:24.421824,2024-08-15T14:40:24.421824,"Hayer Zila, Koppal"
1852,2026-05-10T12:40:24.421998,2026-05-12T14:40:24.421998,"Nair Marg, Shivamogga"
1853,2025-09-07T01:40:24.422198,2025-09-08T14:40:24.422198,"Pingle Path, Belagavi"
1854,2026-06-30T09:40:24.422380,2026-06-30T14:40:24.422380,"Devan Ganj, Chikkaballapura"
1855,2025-05-16T03:40:24.422529,2025-05-16T14:40:24.422529,"Purohit, Ballari"
1856,2025-04-30T09:40:24.422764,2025-04-30T14:40:24.422764,"Shankar Zila, Bidar"
1857,2025-10-11T12:40:24.422889,2025-10-12T14:40:24.422889,"More Road, Chitradurga"
1858,2025-09-01T23:40:24.423065,2025-09-03T14:40:24.423065,"Din, Tumakuru"
1859,2025-09-02T21:40:24.423249,2025-09-05T14:40:24.423249,"Dass Circle, Belagavi"
1860,2025-03-31T04:40:24.423454,2025-04-01T14:40:24.423454,"Ratta Nagar, Haveri"
1861,2025-02-07T16:40:24.423608,2025-02-10T14:40:24.423608,"Sagar Road, Hassan"
1862,2026-01-12T07:40:24.423768,2026-01-14T14:40:24.423768,"Saha, Belagavi"
1863,2024-10-03T05:40:24.423910,2024-10-05T14:40:24.423910,"Goel Path, Ramanagara"
1864,2024-10-15T22:40:24.424045,2024-10-16T14:40:24.424045,"Mahajan Nagar, Belagavi"
1865,2026-04-15T15:40:24.424211,2026-04-18T14:40:24.424211,"Rastogi Street, Bidar"
1866,2026-04-07T11:40:24.424430,2026-04-08T14:40:24.424430,"Hayre Path, Belagavi"
1867,2026-01-21T02:40:24.424530,2026-01-23T14:40:24.424530,"Jaggi Nagar, Kalaburagi"
1868,2026-03-01T10:40:24.424822,2026-03-03T14:40:24.424822,"Prakash Ganj, Ballari"
1869,2025-12-05T23:40:24.424995,2025-12-08T14:40:24.424995,"Agarwal Chowk, Belagavi"
1870,2025-12-13T17:40:24.425158,2025-12-16T14:40:24.425158,"Samra Ganj, Udupi"
1871,2025-01-31T22:40:24.425264,2025-02-01T14:40:24.425264,"Bhavsar Path, Gadag"
1872,2025-11-04T02:40:24.425359,2025-11-06T14:40:24.425359,"Goda Nagar, Bengaluru Urban"
1873,2025-07-09T15:40:24.425528,2025-07-12T14:40:24.425528,"Gera Nagar, Raichur"
1874,2024-07-11T06:40:24.425756,2024-07-11T14:40:24.425756,"Seth, Belagavi"
1875,2026-05-06T00:40:24.425861,2026-05-07T14:40:24.425861,"Kuruvilla, Belagavi"
1876,2026-03-24T21:40:24.426055,2026-03-27T14:40:24.426055,"Sampath Chowk, Belagavi"
1877,2025-05-08T08:40:24.426226,2025-05-08T14:40:24.426226,"Raman Road, Mandya"
1878,2026-03-11T21:40:24.426412,2026-03-12T14:40:24.426412,"Narayanan Road, Shivamogga"
1879,2026-01-22T03:40:24.426512,2026-01-24T14:40:24.426512,"Chopra Chowk, Koppal"
1880,2026-06-18T04:40:24.426698,2026-06-18T14:40:24.426698,"Kibe Zila, Belagavi"
1881,2025-03-24T22:40:24.426781,2025-03-26T14:40:24.426781,"Maharaj Ganj, Tumakuru"
1882,2026-02-05T07:40:24.426916,2026-02-06T14:40:24.426916,"Minhas Path, Koppal"
1883,2024-08-28T10:40:24.427127,2024-08-28T14:40:24.427127,"Gole Chowk, Hassan"
1884,2024-10-29T12:40:24.427325,2024-10-30T14:40:24.427325,"Sangha Chowk, Ballari"
1885,2024-08-12T17:40:24.427531,2024-08-14T14:40:24.427531,"Deshpande, Belagavi"
1886,2025-03-30T01:40:24.427805,2025-04-01T14:40:24.427805,"Menon Road, Mysuru"
1887,2024-11-15T01:40:24.428108,2024-11-17T14:40:24.428108,"Sahota Nagar, Vijayanagara"
1888,2025-02-07T17:40:24.428306,2025-02-08T14:40:24.428306,"Khurana Road, Ramanagara"
1889,2026-05-16T16:40:24.428435,2026-05-17T14:40:24.428435,"Misra Road, Bagalkote"
1890,2025-10-26T21:40:24.428684,2025-10-27T14:40:24.428684,"Sura Circle, Belagavi"
1891,2024-08-02T22:40:24.428878,2024-08-04T14:40:24.428878,"Sant Path, Vijayapura"
1892,2025-01-19T11:40:24.429018,2025-01-20T14:40:24.429018,"Raj Circle, Belagavi"
1893,2025-08-02T13:40:24.429163,2025-08-02T14:40:24.429163,"Dugar Circle, Chikkaballapura"
1894,2025-01-21T12:40:24.429361,2025-01-23T14:40:24.429361,"Virk Marg, Belagavi"
1895,2025-01-15T13:40:24.429533,2025-01-17T14:40:24.429533,"Shere Circle, Mysuru"
1896,2024-09-11T23:40:24.429801,2024-09-14T14:40:24.429801,"Pillay Path, Udupi"
1897,2026-06-22T21:40:24.429958,2026-06-24T14:40:24.429958,"Bhalla Nagar, Ramanagara"
1898,2025-06-02T23:40:24.430183,2025-06-05T14:40:24.430183,"Garde Street, Shivamogga"
1899,2025-12-09T16:40:24.430380,2025-12-12T14:40:24.430380,"Verma Marg, Vijayapura"
1900,2025-01-08T03:40:24.430516,2025-01-08T14:40:24.430516,"Ratta Road, Belagavi"
1901,2026-02-19T12:40:24.430747,2026-02-19T14:40:24.430747,"Johal Ganj, Udupi"
1902,2026-04-05T10:40:24.430993,2026-04-07T14:40:24.430993,"Mallick Path, Belagavi"
1903,2024-08-26T14:40:24.431178,2024-08-27T14:40:24.431178,"Kar Nagar, Dakshina Kannada"
1904,2025-12-16T22:40:24.431343,2025-12-18T14:40:24.431343,"Kapur Circle, Mysuru"
1905,2025-12-08T21:40:24.431484,2025-12-10T14:40:24.431484,"Kamdar Path, Belagavi"
1906,2025-11-24T03:40:24.431779,2025-11-26T14:40:24.431779,"Sharma Circle, Belagavi"
1907,2025-09-21T06:40:24.431977,2025-09-22T14:40:24.431977,"Merchant Chowk, Udupi"
1908,2026-01-11T18:40:24.432137,2026-01-12T14:40:24.432137,"Butala, Yadgir"
1909,2026-05-12T01:40:24.432308,2026-05-14T14:40:24.432308,"Bhatia Street, Bengaluru Rural"
1910,2026-05-14T17:40:24.432410,2026-05-16T14:40:24.432410,"Mistry Zila, Belagavi"
1911,2024-10-02T09:40:24.432580,2024-10-02T14:40:24.432580,"Lala, Belagavi"
1912,2025-04-06T20:40:24.432686,2025-04-07T14:40:24.432686,"Patil Ganj, Kalaburagi"
1913,2025-05-27T22:40:24.432874,2025-05-28T14:40:24.432874,"Chakrabarti Street, Kodagu"
1914,2026-05-21T03:40:24.432974,2026-05-21T14:40:24.432974,"Krishnan Chowk, Mandya"
1915,2025-01-22T11:40:24.433154,2025-01-23T14:40:24.433154,"Peri Circle, Hassan"
1916,2025-04-04T21:40:24.433266,2025-04-05T14:40:24.433266,"Grewal Zila, Belagavi"
1917,2026-04-17T03:40:24.433417,2026-04-18T14:40:24.433417,"Mann Zila, Belagavi"
1918,2025-05-21T15:40:24.433613,2025-05-22T14:40:24.433613,"Boase Street, Belagavi"
1919,2024-10-09T04:40:24.433778,2024-10-11T14:40:24.433778,"Chada Chowk, Bengaluru Rural"
1920,2026-02-24T11:40:24.433876,2026-02-24T14:40:24.433876,"Banik Road, Belagavi"
1921,2025-03-13T03:40:24.434090,2025-03-14T14:40:24.434090,"Pillai Road, Belagavi"
1922,2024-09-16T00:40:24.434266,2024-09-18T14:40:24.434266,"Doshi Chowk, Chamarajanagara"
1923,2026-05-11T00:40:24.434392,2026-05-13T14:40:24.434392,"Bose Circle, Chamarajanagara"
1924,2025-10-21T04:40:24.434616,2025-10-22T14:40:24.434616,"Mand, Hassan"
1925,2026-03-07T10:40:24.434817,2026-03-09T14:40:24.434817,"Salvi Nagar, Mysuru"
1926,2025-10-23T23:40:24.435029,2025-10-24T14:40:24.435029,"Nayak Chowk, Yadgir"
1927,2025-11-03T03:40:24.435190,2025-11-05T14:40:24.435190,"Contractor Ganj, Shivamogga"
1928,2024-08-29T15:40:24.435329,2024-08-31T14:40:24.435329,"Hans, Koppal"
1929,2025-06-09T03:40:24.435430,2025-06-11T14:40:24.435430,"Patla Chowk, Vijayapura"
1930,2026-06-27T08:40:24.435522,2026-06-29T14:40:24.435522,"Lata Chowk, Belagavi"
1931,2025-03-26T02:40:24.435620,2025-03-26T14:40:24.435620,"Chakrabarti Chowk, Raichur"
1932,2024-11-05T15:40:24.435772,2024-11-07T14:40:24.435772,"Dara Nagar, Koppal"
1933,2025-05-23T02:40:24.435974,2025-05-23T14:40:24.435974,"Buch Road, Belagavi"
1934,2025-01-11T22:40:24.436132,2025-01-12T14:40:24.436132,"Biswas Marg, Hassan"
1935,2025-11-14T03:40:24.436366,2025-11-14T14:40:24.436366,"Madan Path, Belagavi"
1936,2025-08-01T08:40:24.436603,2025-08-03T14:40:24.436603,"Murty Road, Belagavi"
1937,2024-07-15T05:40:24.436767,2024-07-15T14:40:24.436767,"Kannan Street, Vijayanagara"
1938,2026-01-31T10:40:24.436916,2026-02-02T14:40:24.436916,"Warrior Ganj, Belagavi"
1939,2025-02-02T03:40:24.437016,2025-02-03T14:40:24.437016,"Patel Marg, Dakshina Kannada"
1940,2025-08-27T15:40:24.437131,2025-08-29T14:40:24.437131,"Krishnamurthy Circle, Belagavi"
1941,2026-05-27T09:40:24.437349,2026-05-27T14:40:24.437349,"Mane Road, Chikkaballapura"
1942,2025-05-14T11:40:24.437462,2025-05-15T14:40:24.437462,"Pandya Chowk, Bengaluru Urban"
1943,2025-08-03T07:40:24.437636,2025-08-04T14:40:24.437636,"Bhavsar Marg, Mysuru"
1944,2026-04-17T02:40:24.437858,2026-04-17T14:40:24.437858,"Sur, Belagavi"
1945,2025-10-06T10:40:24.438039,2025-10-07T14:40:24.438039,"Madan Nagar, Belagavi"
1946,2024-08-10T01:40:24.438144,2024-08-10T14:40:24.438144,"Panchal Path, Davanagere"
1947,2026-05-25T19:40:24.438333,2026-05-27T14:40:24.438333,"Sodhi Chowk, Yadgir"
1948,2026-05-02T10:40:24.438451,2026-05-04T14:40:24.438451,"Dara Chowk, Belagavi"
1949,2024-09-21T13:40:24.438709,2024-09-22T14:40:24.438709,"Mitter Path, Belagavi"
1950,2024-09-06T10:40:24.438838,2024-09-06T14:40:24.438838,"Tandon Road, Mysuru"
1951,2025-06-05T18:40:24.438967,2025-06-06T14:40:24.438967,"Chandran Path, Mysuru"
1952,2025-04-16T21:40:24.439136,2025-04-19T14:40:24.439136,"Kale Ganj, Kolar"
1953,2024-11-11T09:40:24.439389,2024-11-12T14:40:24.439389,"Gulati Nagar, Bengaluru Rural"
1954,2025-12-25T14:40:24.439595,2025-12-27T14:40:24.439595,"Bansal Street, Belagavi"
1955,2025-10-03T14:40:24.439810,2025-10-04T14:40:24.439810,"Mangat Chowk, Belagavi"
1956,2024-12-14T04:40:24.440055,2024-12-14T14:40:24.440055,"Majumdar Path, Koppal"
1957,2026-01-14T01:40:24.440267,2026-01-14T14:40:24.440267,"Gola Marg, Belagavi"
1958,2024-07-21T10:40:24.440366,2024-07-21T14:40:24.440366,"Savant Path, Davanagere"
1959,2025-01-04T16:40:24.440615,2025-01-06T14:40:24.440615,"Shroff Road, Mysuru"
1960,2026-02-26T16:40:24.440819,2026-02-27T14:40:24.440819,"Deshpande Ganj, Bagalkote"
1961,2026-05-06T17:40:24.440907,2026-05-09T14:40:24.440907,"Walia Street, Belagavi"
1962,2025-07-12T14:40:24.441099,2025-07-15T14:40:24.441099,"Muni Nagar, Dharwad"
1963,2026-04-24T22:40:24.441246,2026-04-26T14:40:24.441246,"Yogi Zila, Hassan"
1964,2025-07-24T05:40:24.441357,2025-07-26T14:40:24.441357,"Shetty Road, Dakshina Kannada"
1965,2025-01-08T13:40:24.441531,2025-01-09T14:40:24.441531,"Dhawan Road, Belagavi"
1966,2025-04-18T20:40:24.441770,2025-04-19T14:40:24.441770,"Hora Chowk, Vijayapura"
1967,2026-01-16T00:40:24.441980,2026-01-16T14:40:24.441980,"Bajaj Path, Belagavi"
1968,2025-08-06T11:40:24.442081,2025-08-06T14:40:24.442081,"Narula Street, Belagavi"
1969,2026-03-23T03:40:24.442249,2026-03-24T14:40:24.442249,"Wali Road, Dharwad"
1970,2026-02-04T23:40:24.442368,2026-02-05T14:40:24.442368,"Din Road, Bidar"
1971,2025-01-04T12:40:24.442619,2025-01-04T14:40:24.442619,"Sachdeva, Belagavi"
1972,2025-11-17T18:40:24.442816,2025-11-18T14:40:24.442816,"Bhardwaj Chowk, Haveri"
1973,2026-02-23T01:40:24.443010,2026-02-25T14:40:24.443010,"Ganesh Ganj, Belagavi"
1974,2024-11-03T21:40:24.443235,2024-11-05T14:40:24.443235,"Char Nagar, Bidar"
1975,2024-09-19T15:40:24.443406,2024-09-22T14:40:24.443406,"Varkey Chowk, Tumakuru"
1976,2025-07-18T10:40:24.443531,2025-07-18T14:40:24.443531,"Chatterjee Chowk, Raichur"
1977,2026-02-19T05:40:24.443753,2026-02-20T14:40:24.443753,"Mital, Belagavi"
1978,2025-03-17T15:40:24.444036,2025-03-20T14:40:24.444036,"Savant Chowk, Kolar"
1979,2026-03-17T02:40:24.444206,2026-03-17T14:40:24.444206,"Rau, Udupi"
1980,2026-01-25T23:40:24.444442,2026-01-28T14:40:24.444442,"Gandhi, Belagavi"
1981,2025-03-02T00:40:24.444773,2025-03-02T14:40:24.444773,"Ahluwalia Zila, Belagavi"
1982,2026-02-02T01:40:24.444872,2026-02-04T14:40:24.444872,"Sane Marg, Koppal"
1983,2026-06-07T02:40:24.445006,2026-06-08T14:40:24.445006,"Sani Chowk, Vijayapura"
1984,2026-03-14T06:40:24.445231,2026-03-14T14:40:24.445231,"Das Road, Dharwad"
1985,2024-11-28T13:40:24.445538,2024-11-29T14:40:24.445538,"Ganesh Nagar, Yadgir"
1986,2025-04-05T04:40:24.445835,2025-04-07T14:40:24.445835,"D’Alia, Chikkaballapura"
1987,2024-07-14T14:40:24.446098,2024-07-16T14:40:24.446098,"Yadav Nagar, Bengaluru Urban"
1988,2026-04-25T21:40:24.446263,2026-04-27T14:40:24.446263,"Hayer Zila, Ramanagara"
1989,2025-07-29T15:40:24.446445,2025-08-01T14:40:24.446445,"Patil Chowk, Dakshina Kannada"
1990,2025-11-16T10:40:24.446638,2025-11-17T14:40:24.446638,"Bhargava Ganj, Raichur"
1991,2025-08-29T00:40:24.446854,2025-08-29T14:40:24.446854,"Karpe Street, Bengaluru Urban"
1992,2024-10-14T04:40:24.447039,2024-10-16T14:40:24.447039,"Ram Nagar, Mysuru"
1993,2025-10-18T22:40:24.447203,2025-10-20T14:40:24.447203,"Sami Ganj, Chitradurga"
1994,2024-09-03T07:40:24.447309,2024-09-03T14:40:24.447309,"Basak Marg, Bengaluru Urban"
1995,2024-11-06T14:40:24.447427,2024-11-08T14:40:24.447427,"Raval Nagar, Belagavi"
1996,2026-02-04T07:40:24.447588,2026-02-04T14:40:24.447588,"Pall, Bengaluru Urban"
1997,2025-10-13T16:40:24.447683,2025-10-14T14:40:24.447683,"Dhar Road, Belagavi"
1998,2024-09-22T00:40:24.447939,2024-09-24T14:40:24.447939,"Mangal Marg, Yadgir"
1999,2025-02-21T17:40:24.448049,2025-02-23T14:40:24.448049,"Atwal Path, Belagavi"
2000,2025-12-05T16:40:24.448144,2025-12-07T14:40:24.448144,"Zachariah Street, Chamarajanagara"
2001,2026-03-14T17:40:24.448308,2026-03-15T14:40:24.448308,"Randhawa Zila, Mysuru"
2002,2024-10-12T18:40:24.448403,2024-10-13T14:40:24.448403,"Dugar Nagar, Ballari"
2003,2025-01-07T20:40:24.448532,2025-01-10T14:40:24.448532,"Doshi Path, Chikkamagaluru"
2004,2025-09-22T02:40:24.448827,2025-09-24T14:40:24.448827,"Anand Street, Hassan"
2005,2025-11-26T16:40:24.448998,2025-11-29T14:40:24.448998,"Karpe, Bidar"
2006,2026-02-01T04:40:24.449095,2026-02-03T14:40:24.449095,"Chada Nagar, Belagavi"
2007,2026-03-17T23:40:24.449258,2026-03-20T14:40:24.449258,"Hegde Road, Belagavi"
2008,2026-03-06T03:40:24.449374,2026-03-06T14:40:24.449374,"Din Circle, Belagavi"
2009,2026-04-28T14:40:24.449613,2026-04-30T14:40:24.449613,"Natarajan Ganj, Raichur"
2010,2025-09-01T18:40:24.449807,2025-09-03T14:40:24.449807,"Dhawan Circle, Mysuru"
2011,2026-06-14T17:40:24.449965,2026-06-16T14:40:24.449965,"Shukla Zila, Belagavi"
2012,2025-02-14T03:40:24.450160,2025-02-14T14:40:24.450160,"Solanki Marg, Gadag"
2013,2025-04-09T18:40:24.450284,2025-04-11T14:40:24.450284,"Sekhon Circle, Kolar"
2014,2026-06-28T12:40:24.450437,2026-06-30T14:40:24.450437,"Parsa Circle, Ramanagara"
2015,2024-12-27T11:40:24.450637,2024-12-29T14:40:24.450637,"Kannan Road, Mysuru"
2016,2024-09-10T22:40:24.450869,2024-09-11T14:40:24.450869,"Kala Ganj, Belagavi"
2017,2025-05-02T05:40:24.451036,2025-05-02T14:40:24.451036,"Sibal, Chikkaballapura"
2018,2025-01-15T01:40:24.451170,2025-01-15T14:40:24.451170,"Taneja, Belagavi"
2019,2025-11-05T23:40:24.451323,2025-11-08T14:40:24.451323,"De Nagar, Mysuru"
2020,2025-10-14T13:40:24.451664,2025-10-14T14:40:24.451664,"Bath, Mandya"
2021,2025-04-14T15:40:24.451966,2025-04-15T14:40:24.451966,"Seshadri Road, Kolar"
2022,2025-05-01T16:40:24.452150,2025-05-02T14:40:24.452150,"Rajan Marg, Belagavi"
2023,2026-02-08T05:40:24.452341,2026-02-10T14:40:24.452341,"Datta Circle, Vijayanagara"
2024,2025-05-18T00:40:24.452437,2025-05-19T14:40:24.452437,"Lal Circle, Udupi"
2025,2025-01-04T02:40:24.452615,2025-01-05T14:40:24.452615,"Sankar Path, Bengaluru Urban"
2026,2026-07-01T11:40:24.452775,2026-07-02T14:40:24.452775,"Gopal Zila, Bengaluru Urban"
2027,2024-08-16T03:40:24.452968,2024-08-17T14:40:24.452968,"Dani Street, Ballari"
2028,2025-04-25T02:40:24.453119,2025-04-25T14:40:24.453119,"Chacko Zila, Gadag"
2029,2025-01-23T05:40:24.453351,2025-01-23T14:40:24.453351,"Nayar Marg, Belagavi"
2030,2025-01-06T06:40:24.453540,2025-01-06T14:40:24.453540,"Chakraborty Road, Shivamogga"
2031,2026-03-11T19:40:24.453703,2026-03-13T14:40:24.453703,"Mishra Circle, Belagavi"
2032,2025-08-30T02:40:24.453936,2025-09-01T14:40:24.453936,"Morar Path, Belagavi"
2033,2024-09-05T11:40:24.454055,2024-09-07T14:40:24.454055,"Lal Zila, Bengaluru Urban"
2034,2024-10-28T11:40:24.454287,2024-10-28T14:40:24.454287,"Seth Marg, Chitradurga"
2035,2025-10-18T17:40:24.454396,2025-10-20T14:40:24.454396,"Mody Marg, Yadgir"
2036,2024-10-23T18:40:24.454461,2024-10-24T14:40:24.454461,"Upadhyay Path, Yadgir"
2037,2024-12-21T08:40:24.454713,2024-12-22T14:40:24.454713,"Char Road, Belagavi"
2038,2025-09-09T20:40:24.454884,2025-09-12T14:40:24.454884,"Salvi Circle, Bidar"
2039,2026-02-25T09:40:24.455024,2026-02-26T14:40:24.455024,"Roy Ganj, Mandya"
2040,2026-01-24T13:40:24.455127,2026-01-25T14:40:24.455127,"Tailor Marg, Vijayanagara"
2041,2026-05-02T01:40:24.455369,2026-05-02T14:40:24.455369,"Nagarajan Road, Belagavi"
2042,2025-09-24T03:40:24.455518,2025-09-24T14:40:24.455518,"Rao, Bagalkote"
2043,2025-11-23T01:40:24.455687,2025-11-24T14:40:24.455687,"Bali Circle, Belagavi"
2044,2025-02-15T09:40:24.455804,2025-02-15T14:40:24.455804,"Dara Street, Belagavi"
2045,2025-08-24T09:40:24.456118,2025-08-26T14:40:24.456118,"Raju Nagar, Raichur"
2046,2025-02-09T23:40:24.456371,2025-02-11T14:40:24.456371,"Mand Chowk, Kodagu"
2047,2026-04-24T20:40:24.456496,2026-04-27T14:40:24.456496,"Nayak Zila, Belagavi"
2048,2024-12-02T17:40:24.456705,2024-12-05T14:40:24.456705,"Choudhary Circle, Belagavi"
2049,2026-04-12T09:40:24.456909,2026-04-12T14:40:24.456909,"Kale Road, Belagavi"
2050,2025-11-01T11:40:24.457023,2025-11-02T14:40:24.457023,"Goswami Path, Tumakuru"
2051,2026-03-02T09:40:24.457166,2026-03-03T14:40:24.457166,"Bhasin Chowk, Belagavi"
2052,2026-02-07T18:40:24.457262,2026-02-09T14:40:24.457262,"Chandran Marg, Gadag"
2053,2026-05-11T15:40:24.457450,2026-05-13T14:40:24.457450,"Sehgal Circle, Belagavi"
2054,2026-03-06T13:40:24.457717,2026-03-06T14:40:24.457717,"Baria Road, Belagavi"
2055,2025-04-14T16:40:24.457925,2025-04-17T14:40:24.457925,"Manne Nagar, Yadgir"
2056,2024-09-20T02:40:24.458075,2024-09-22T14:40:24.458075,"Sangha Zila, Vijayapura"
2057,2024-11-08T18:40:24.458261,2024-11-11T14:40:24.458261,"Ahluwalia Marg, Udupi"
2058,2026-01-13T17:40:24.458419,2026-01-16T14:40:24.458419,"Kanda Ganj, Mysuru"
2059,2025-02-04T05:40:24.458636,2025-02-05T14:40:24.458636,"Sheth Street, Davanagere"
2060,2025-01-10T12:40:24.458737,2025-01-10T14:40:24.458737,"Bains Nagar, Belagavi"
2061,2025-01-14T22:40:24.458939,2025-01-17T14:40:24.458939,"Wali Road, Mysuru"
2062,2024-09-14T07:40:24.459122,2024-09-14T14:40:24.459122,"Khalsa Path, Bengaluru Rural"
2063,2025-10-23T13:40:24.459322,2025-10-23T14:40:24.459322,"Sahota Chowk, Bengaluru Urban"
2064,2025-02-06T08:40:24.459516,2025-02-06T14:40:24.459516,"Manda Circle, Belagavi"
2065,2025-06-14T13:40:24.459740,2025-06-14T14:40:24.459740,"Natarajan Path, Belagavi"
2066,2026-01-04T02:40:24.459991,2026-01-05T14:40:24.459991,"Gole, Mysuru"
2067,2026-03-09T04:40:24.460120,2026-03-09T14:40:24.460120,"Barad, Belagavi"
2068,2024-08-15T03:40:24.460258,2024-08-17T14:40:24.460258,"Lanka Chowk, Mysuru"
2069,2025-02-28T20:40:24.460354,2025-03-02T14:40:24.460354,"Narayan Street, Mysuru"
2070,2025-05-06T14:40:24.460534,2025-05-08T14:40:24.460534,"Patel Marg, Belagavi"
2071,2025-03-04T22:40:24.460758,2025-03-05T14:40:24.460758,"Patla Road, Kodagu"
2072,2026-02-25T06:40:24.460915,2026-02-26T14:40:24.460915,"Samra Zila, Belagavi"
2073,2025-07-23T13:40:24.461064,2025-07-24T14:40:24.461064,"Sahni Circle, Bidar"
2074,2024-11-28T23:40:24.461271,2024-12-01T14:40:24.461271,"Kibe, Yadgir"
2075,2026-03-06T23:40:24.461435,2026-03-07T14:40:24.461435,"Bassi Street, Belagavi"
2076,2026-03-29T02:40:24.461654,2026-03-30T14:40:24.461654,"Agate Street, Mandya"
2077,2025-08-18T12:40:24.461798,2025-08-19T14:40:24.461798,"Venkatesh Chowk, Raichur"
2078,2025-06-26T18:40:24.461912,2025-06-28T14:40:24.461912,"Deshmukh Road, Chikkaballapura"
2079,2025-10-12T21:40:24.462124,2025-10-14T14:40:24.462124,"Hari Chowk, Haveri"
2080,2025-11-29T23:40:24.462223,2025-11-30T14:40:24.462223,"Narang, Bidar"
2081,2025-04-20T21:40:24.462403,2025-04-22T14:40:24.462403,"Narayanan Path, Mandya"
2082,2024-12-27T22:40:24.462514,2024-12-29T14:40:24.462514,"Rama, Ramanagara"
2083,2026-06-18T20:40:24.462725,2026-06-19T14:40:24.462725,"Swaminathan Marg, Belagavi"
2084,2025-01-22T07:40:24.462886,2025-01-24T14:40:24.462886,"Mitra Chowk, Bengaluru Urban"
2085,2024-10-10T17:40:24.463011,2024-10-13T14:40:24.463011,"Sengupta Path, Belagavi"
2086,2026-06-23T01:40:24.463211,2026-06-24T14:40:24.463211,"Gandhi Ganj, Chikkamagaluru"
2087,2025-12-13T23:40:24.463315,2025-12-14T14:40:24.463315,"Kulkarni Road, Raichur"
2088,2025-06-19T02:40:24.463421,2025-06-20T14:40:24.463421,"Chaudhry Chowk, Shivamogga"
2089,2025-12-19T11:40:24.463603,2025-12-19T14:40:24.463603,"Keer Zila, Kolar"
2090,2026-03-21T16:40:24.463879,2026-03-24T14:40:24.463879,"Tella, Belagavi"
2091,2025-01-15T15:40:24.464074,2025-01-17T14:40:24.464074,"Ratti Nagar, Belagavi"
2092,2026-06-13T21:40:24.464277,2026-06-15T14:40:24.464277,"Bail Path, Ballari"
2093,2024-11-03T18:40:24.464365,2024-11-04T14:40:24.464365,"Sanghvi, Koppal"
2094,2025-11-04T05:40:24.464599,2025-11-04T14:40:24.464599,"Dua Nagar, Belagavi"
2095,2025-04-25T11:40:24.464741,2025-04-26T14:40:24.464741,"Sekhon Road, Yadgir"
2096,2025-11-28T22:40:24.464929,2025-12-01T14:40:24.464929,"Kant Street, Kolar"
2097,2025-07-18T13:40:24.465019,2025-07-18T14:40:24.465019,"Bains Circle, Hassan"
2098,2026-05-02T05:40:24.465125,2026-05-04T14:40:24.465125,"Dewan Chowk, Mysuru"
2099,2026-03-05T20:40:24.465314,2026-03-07T14:40:24.465314,"Agate Marg, Chikkamagaluru"
2100,2026-01-26T15:40:24.465524,2026-01-28T14:40:24.465524,"Sahota Zila, Ramanagara"
2101,2026-04-20T01:40:24.465658,2026-04-20T14:40:24.465658,"Chokshi Street, Belagavi"
2102,2026-03-27T00:40:24.465849,2026-03-28T14:40:24.465849,"Mody Path, Belagavi"
2103,2025-02-07T07:40:24.465946,2025-02-08T14:40:24.465946,"Kapur Ganj, Mysuru"
2104,2024-09-29T13:40:24.466042,2024-09-30T14:40:24.466042,"Bera Chowk, Belagavi"
2105,2024-10-23T10:40:24.466196,2024-10-24T14:40:24.466196,"Char Street, Bengaluru Rural"
2106,2025-09-05T01:40:24.466418,2025-09-06T14:40:24.466418,"Setty Zila, Hassan"
2107,2025-03-18T08:40:24.466509,2025-03-18T14:40:24.466509,"Khalsa Chowk, Yadgir"
2108,2025-05-31T05:40:24.466711,2025-06-02T14:40:24.466711,"Kakar, Chikkaballapura"
2109,2026-06-13T14:40:24.466918,2026-06-15T14:40:24.466918,"Bail Chowk, Belagavi"
2110,2025-09-11T13:40:24.467094,2025-09-12T14:40:24.467094,"Dutta, Yadgir"
2111,2026-01-24T22:40:24.467197,2026-01-26T14:40:24.467197,"Bala Zila, Belagavi"
2112,2026-07-04T08:40:24.467336,2026-07-04T14:40:24.467336,"Ravi Chowk, Belagavi"
2113,2026-05-06T06:40:24.467483,2026-05-06T14:40:24.467483,"Toor Marg, Belagavi"
2114,2025-03-11T09:40:24.467718,2025-03-12T14:40:24.467718,"Pathak Path, Bengaluru Urban"
2115,2025-02-04T10:40:24.467999,2025-02-06T14:40:24.467999,"Cherian Path, Dakshina Kannada"
2116,2025-11-19T23:40:24.468212,2025-11-21T14:40:24.468212,"Tata Road, Bagalkote"
2117,2026-02-08T23:40:24.468350,2026-02-11T14:40:24.468350,"Singh, Tumakuru"
2118,2025-12-29T10:40:24.468513,2025-12-29T14:40:24.468513,"Raj Street, Raichur"
2119,2024-12-18T13:40:24.468692,2024-12-19T14:40:24.468692,"Bose Ganj, Chamarajanagara"
2120,2025-05-05T20:40:24.468918,2025-05-07T14:40:24.468918,"Bera Street, Mandya"
2121,2024-12-18T20:40:24.469063,2024-12-19T14:40:24.469063,"Pillay Road, Koppal"
2122,2025-01-18T23:40:24.469188,2025-01-21T14:40:24.469188,"Anand Path, Kalaburagi"
2123,2026-06-16T11:40:24.469363,2026-06-18T14:40:24.469363,"Mitra Street, Belagavi"
2124,2026-02-25T15:40:24.469477,2026-02-28T14:40:24.469477,"Pandey Chowk, Belagavi"
2125,2026-01-30T05:40:24.469730,2026-02-01T14:40:24.469730,"Iyengar Ganj, Belagavi"
2126,2025-07-10T08:40:24.469927,2025-07-12T14:40:24.469927,"Magar Marg, Bidar"
2127,2025-05-19T02:40:24.470042,2025-05-21T14:40:24.470042,"Som Chowk, Chitradurga"
2128,2026-03-14T00:40:24.470291,2026-03-15T14:40:24.470291,"Thakkar Road, Mysuru"
2129,2026-07-09T05:40:24.470382,2026-07-09T14:40:24.470382,"Mistry Ganj, Kolar"
2130,2024-07-31T14:40:24.470478,2024-08-02T14:40:24.470478,"Edwin Road, Shivamogga"
2131,2026-04-23T07:40:24.470660,2026-04-25T14:40:24.470660,"Krishna Path, Belagavi"
2132,2024-10-06T03:40:24.470858,2024-10-07T14:40:24.470858,"Oak Nagar, Bengaluru Urban"
2133,2025-06-28T20:40:24.471064,2025-07-01T14:40:24.471064,"Borde Street, Belagavi"
2134,2025-10-31T22:40:24.471252,2025-11-02T14:40:24.471252,"Nazareth, Belagavi"
2135,2025-09-29T01:40:24.471365,2025-10-01T14:40:24.471365,"Dey Nagar, Belagavi"
2136,2025-11-24T14:40:24.471452,2025-11-27T14:40:24.471452,"Chaudhary Chowk, Chikkamagaluru"
2137,2025-08-17T06:40:24.471641,2025-08-19T14:40:24.471641,"Chowdhury Circle, Vijayanagara"
2138,2024-08-19T04:40:24.471824,2024-08-19T14:40:24.471824,"Dara Nagar, Belagavi"
2139,2026-03-03T01:40:24.472066,2026-03-05T14:40:24.472066,"Thakur, Bengaluru Urban"
2140,2025-09-22T06:40:24.472213,2025-09-23T14:40:24.472213,"Chaudry Path, Udupi"
2141,2025-07-24T19:40:24.472346,2025-07-26T14:40:24.472346,"Chaudhari Zila, Kodagu"
2142,2024-12-12T19:40:24.472485,2024-12-14T14:40:24.472485,"Krishna Street, Belagavi"
2143,2024-08-29T03:40:24.472615,2024-08-29T14:40:24.472615,"Sood Marg, Chamarajanagara"
2144,2024-09-24T06:40:24.472758,2024-09-26T14:40:24.472758,"Yadav Ganj, Bengaluru Rural"
2145,2026-01-02T11:40:24.472930,2026-01-02T14:40:24.472930,"Singhal Marg, Bengaluru Urban"
2146,2026-04-30T06:40:24.473037,2026-05-02T14:40:24.473037,"Gokhale Path, Belagavi"
2147,2026-04-20T04:40:24.473212,2026-04-21T14:40:24.473212,"Devan Chowk, Chikkaballapura"
2148,2025-03-18T13:40:24.473304,2025-03-18T14:40:24.473304,"Sarkar Zila, Kolar"
2149,2026-02-11T05:40:24.473436,2026-02-12T14:40:24.473436,"Handa Marg, Bengaluru Urban"
2150,2024-12-28T03:40:24.473622,2024-12-28T14:40:24.473622,"Buch Zila, Chikkamagaluru"
2151,2025-02-04T04:40:24.473762,2025-02-04T14:40:24.473762,"Tandon Nagar, Belagavi"
2152,2026-06-12T18:40:24.473946,2026-06-14T14:40:24.473946,"Apte Ganj, Belagavi"
2153,2024-11-02T07:40:24.474092,2024-11-03T14:40:24.474092,"Hayre Zila, Dakshina Kannada"
2154,2026-02-04T03:40:24.474292,2026-02-05T14:40:24.474292,"Oommen Road, Belagavi"
2155,2025-03-11T07:40:24.474502,2025-03-13T14:40:24.474502,"Saini Street, Hassan"
2156,2024-10-02T07:40:24.474686,2024-10-04T14:40:24.474686,"Karpe Circle, Chikkaballapura"
2157,2026-06-25T19:40:24.474859,2026-06-26T14:40:24.474859,"Kalla Chowk, Belagavi"
2158,2024-11-29T14:40:24.474959,2024-12-01T14:40:24.474959,"Khosla Street, Mysuru"
2159,2024-09-06T04:40:24.475145,2024-09-08T14:40:24.475145,"Tella Zila, Dharwad"
2160,2026-02-13T23:40:24.475325,2026-02-15T14:40:24.475325,"Handa Chowk, Bidar"
2161,2026-02-27T02:40:24.475490,2026-03-01T14:40:24.475490,"Kala Road, Ballari"
2162,2024-12-06T08:40:24.475730,2024-12-07T14:40:24.475730,"Master Nagar, Hassan"
2163,2024-09-20T00:40:24.475828,2024-09-22T14:40:24.475828,"Shah Path, Ballari"
2164,2026-05-19T10:40:24.476114,2026-05-21T14:40:24.476114,"Soni Marg, Belagavi"
2165,2024-11-04T09:40:24.476275,2024-11-04T14:40:24.476275,"Bose Chowk, Bengaluru Urban"
2166,2026-04-30T06:40:24.476486,2026-05-02T14:40:24.476486,"Krishnan, Vijayanagara"
2167,2024-10-13T17:40:24.476663,2024-10-15T14:40:24.476663,"Balasubramanian Circle, Belagavi"
2168,2024-07-24T04:40:24.476809,2024-07-24T14:40:24.476809,"Nanda Circle, Vijayanagara"
2169,2025-03-31T13:40:24.476913,2025-04-01T14:40:24.476913,"Goswami, Mandya"
2170,2024-09-21T14:40:24.477066,2024-09-24T14:40:24.477066,"Sidhu Nagar, Mysuru"
2171,2026-03-26T18:40:24.477219,2026-03-29T14:40:24.477219,"Loke Path, Mandya"
2172,2026-07-03T02:40:24.477394,2026-07-04T14:40:24.477394,"Mukherjee Nagar, Kodagu"
2173,2026-05-30T13:40:24.477501,2026-05-31T14:40:24.477501,"Yogi Chowk, Udupi"
2174,2026-03-11T23:40:24.477663,2026-03-12T14:40:24.477663,"Sant Street, Vijayapura"
2175,2024-11-24T12:40:24.477768,2024-11-25T14:40:24.477768,"Babu Zila, Hassan"
2176,2025-12-30T12:40:24.477951,2025-12-31T14:40:24.477951,"Kapur Road, Udupi"
2177,2025-04-15T02:40:24.478053,2025-04-17T14:40:24.478053,"Wagle Marg, Ballari"
2178,2025-12-10T02:40:24.478224,2025-12-12T14:40:24.478224,"Dyal, Belagavi"
2179,2024-12-23T09:40:24.478431,2024-12-25T14:40:24.478431,"Chatterjee Path, Belagavi"
2180,2026-03-27T08:40:24.478676,2026-03-29T14:40:24.478676,"Raj Path, Chitradurga"
2181,2025-02-05T04:40:24.478815,2025-02-06T14:40:24.478815,"Nayar Zila, Belagavi"
2182,2025-08-21T13:40:24.479078,2025-08-23T14:40:24.479078,"Gade Road, Belagavi"
2183,2025-08-18T07:40:24.479255,2025-08-19T14:40:24.479255,"Munshi Zila, Kalaburagi"
2184,2026-06-12T15:40:24.479381,2026-06-13T14:40:24.479381,"Sarna Ganj, Davanagere"
2185,2024-10-13T23:40:24.479483,2024-10-16T14:40:24.479483,"Chhabra Circle, Yadgir"
2186,2024-11-13T06:40:24.479637,2024-11-15T14:40:24.479637,"Karpe, Dharwad"
2187,2025-04-14T00:40:24.479804,2025-04-16T14:40:24.479804,"Trivedi Chowk, Chikkamagaluru"
2188,2026-05-02T14:40:24.480107,2026-05-05T14:40:24.480107,"Subramanian Chowk, Dharwad"
2189,2026-01-27T09:40:24.480300,2026-01-29T14:40:24.480300,"Wali, Mandya"
2190,2025-09-08T17:40:24.480515,2025-09-09T14:40:24.480515,"Bains Zila, Chikkaballapura"
2191,2025-07-21T09:40:24.480705,2025-07-21T14:40:24.480705,"Kapadia Nagar, Chamarajanagara"
2192,2025-01-16T01:40:24.480860,2025-01-18T14:40:24.480860,"Sood Zila, Belagavi"
2193,2024-09-04T23:40:24.480991,2024-09-07T14:40:24.480991,"Mishra Ganj, Chikkaballapura"
2194,2026-01-07T17:40:24.481170,2026-01-08T14:40:24.481170,"Nayar Road, Chitradurga"
2195,2024-09-01T11:40:24.481385,2024-09-03T14:40:24.481385,"Karnik Circle, Belagavi"
2196,2025-08-18T15:40:24.481588,2025-08-21T14:40:24.481588,"Malhotra Nagar, Mandya"
2197,2024-10-08T11:40:24.481840,2024-10-09T14:40:24.481840,"Edwin Circle, Chitradurga"
2198,2025-04-26T00:40:24.482083,2025-04-26T14:40:24.482083,"Shan Ganj, Belagavi"
2199,2025-04-05T12:40:24.482307,2025-04-06T14:40:24.482307,"Hari Road, Ballari"
2200,2026-05-24T14:40:24.482487,2026-05-27T14:40:24.482487,"Parekh Nagar, Belagavi"
2201,2025-05-31T02:40:24.482661,2025-06-02T14:40:24.482661,"Kadakia Chowk, Belagavi"
2202,2025-07-12T13:40:24.482792,2025-07-12T14:40:24.482792,"Mukhopadhyay Zila, Mandya"
2203,2024-10-06T21:40:24.482881,2024-10-07T14:40:24.482881,"Bhargava Nagar, Gadag"
2204,2025-10-05T06:40:24.483082,2025-10-05T14:40:24.483082,"Deep Nagar, Mysuru"
2205,2024-12-14T02:40:24.483247,2024-12-14T14:40:24.483247,"Vora Nagar, Belagavi"
2206,2024-08-25T19:40:24.483356,2024-08-27T14:40:24.483356,"Dara Road, Chikkaballapura"
2207,2025-06-17T08:40:24.483533,2025-06-17T14:40:24.483533,"Nigam, Chamarajanagara"
2208,2025-01-07T04:40:24.483722,2025-01-08T14:40:24.483722,"Sehgal Street, Shivamogga"
2209,2025-05-07T14:40:24.483820,2025-05-08T14:40:24.483820,"Mani Zila, Ballari"
2210,2026-02-13T14:40:24.484073,2026-02-15T14:40:24.484073,"Jaggi Road, Chitradurga"
2211,2026-01-16T05:40:24.484228,2026-01-18T14:40:24.484228,"Vaidya, Belagavi"
2212,2024-12-15T14:40:24.484346,2024-12-18T14:40:24.484346,"Chand Road, Belagavi"
2213,2024-12-04T09:40:24.484608,2024-12-04T14:40:24.484608,"Sarna Ganj, Belagavi"
2214,2024-09-29T15:40:24.484759,2024-10-02T14:40:24.484759,"Prakash Chowk, Davanagere"
2215,2025-10-13T03:40:24.484940,2025-10-13T14:40:24.484940,"Patla Street, Mandya"
2216,2026-05-13T02:40:24.485049,2026-05-15T14:40:24.485049,"Toor Chowk, Bengaluru Urban"
2217,2026-04-30T11:40:24.485245,2026-04-30T14:40:24.485245,"Kala Circle, Belagavi"
2218,2026-05-15T14:40:24.485419,2026-05-18T14:40:24.485419,"Sawhney Road, Belagavi"
2219,2025-05-30T01:40:24.485514,2025-05-30T14:40:24.485514,"Chaudhary Marg, Bengaluru Urban"
2220,2025-09-21T10:40:24.485678,2025-09-22T14:40:24.485678,"Sarma Marg, Ramanagara"
2221,2026-06-02T13:40:24.485811,2026-06-04T14:40:24.485811,"Kumer Path, Belagavi"
2222,2024-07-19T18:40:24.485910,2024-07-20T14:40:24.485910,"Mannan Street, Belagavi"
2223,2026-05-31T01:40:24.486197,2026-06-02T14:40:24.486197,"Kuruvilla Ganj, Shivamogga"
2224,2025-03-02T14:40:24.486395,2025-03-03T14:40:24.486395,"Kakar Zila, Belagavi"
2225,2025-05-23T10:40:24.486598,2025-05-25T14:40:24.486598,"Shetty Zila, Mysuru"
2226,2024-10-02T03:40:24.486716,2024-10-02T14:40:24.486716,"Mukherjee Marg, Yadgir"
2227,2025-05-17T21:40:24.486827,2025-05-18T14:40:24.486827,"Rattan Marg, Yadgir"
2228,2024-11-06T00:40:24.486975,2024-11-06T14:40:24.486975,"Nagi Path, Bengaluru Urban"
2229,2025-10-13T04:40:24.487215,2025-10-15T14:40:24.487215,"Bose Marg, Vijayapura"
2230,2025-12-19T16:40:24.487358,2025-12-22T14:40:24.487358,"Mody Street, Dharwad"
2231,2025-10-27T23:40:24.487499,2025-10-29T14:40:24.487499,"Gupta Circle, Belagavi"
2232,2025-11-06T18:40:24.487639,2025-11-09T14:40:24.487639,"Lall Circle, Mysuru"
2233,2026-02-06T16:40:24.487750,2026-02-08T14:40:24.487750,"Nagarajan Chowk, Belagavi"
2234,2026-03-23T18:40:24.488007,2026-03-24T14:40:24.488007,"Virk Chowk, Belagavi"
2235,2025-07-12T14:40:24.488196,2025-07-14T14:40:24.488196,"Sankaran Marg, Chikkaballapura"
2236,2024-09-28T04:40:24.488314,2024-09-29T14:40:24.488314,"Batra Marg, Chikkaballapura"
2237,2025-04-06T12:40:24.488439,2025-04-08T14:40:24.488439,"Hayre Street, Bengaluru Urban"
2238,2024-08-27T17:40:24.488613,2024-08-28T14:40:24.488613,"Srivastava Marg, Bengaluru Urban"
2239,2025-10-17T10:40:24.488727,2025-10-18T14:40:24.488727,"Guha Nagar, Gadag"
2240,2024-09-16T06:40:24.488864,2024-09-18T14:40:24.488864,"Madan Road, Vijayanagara"
2241,2024-07-29T02:40:24.489007,2024-07-30T14:40:24.489007,"Bansal Path, Belagavi"
2242,2024-09-11T17:40:24.489162,2024-09-12T14:40:24.489162,"Bera Ganj, Bengaluru Urban"
2243,2026-06-26T23:40:24.489346,2026-06-29T14:40:24.489346,"Mammen Chowk, Ramanagara"
2244,2025-09-26T04:40:24.489472,2025-09-26T14:40:24.489472,"Lanka Street, Belagavi"
2245,2025-06-25T17:40:24.489685,2025-06-28T14:40:24.489685,"Khurana Path, Bengaluru Urban"
2246,2025-09-16T10:40:24.489892,2025-09-17T14:40:24.489892,"Nagi Path, Belagavi"
2247,2026-02-28T07:40:24.490023,2026-03-01T14:40:24.490023,"Nori Zila, Belagavi"
2248,2025-08-15T01:40:24.490228,2025-08-15T14:40:24.490228,"Bedi Ganj, Dakshina Kannada"
2249,2025-07-09T19:40:24.490374,2025-07-11T14:40:24.490374,"Bassi Street, Ballari"
2250,2026-05-02T12:40:24.490493,2026-05-03T14:40:24.490493,"Kibe Path, Tumakuru"
2251,2024-10-27T12:40:24.490699,2024-10-27T14:40:24.490699,"Nanda Marg, Hassan"
2252,2024-07-13T21:40:24.490882,2024-07-15T14:40:24.490882,"Kade Road, Belagavi"
2253,2025-11-24T01:40:24.491110,2025-11-24T14:40:24.491110,"Batta Circle, Chikkamagaluru"
2254,2026-03-03T14:40:24.491286,2026-03-06T14:40:24.491286,"Bassi, Koppal"
2255,2026-04-12T23:40:24.491438,2026-04-14T14:40:24.491438,"Gandhi Chowk, Hassan"
2256,2025-03-01T01:40:24.491699,2025-03-03T14:40:24.491699,"Roy Road, Ballari"
2257,2026-02-14T10:40:24.491981,2026-02-15T14:40:24.491981,"Arora Marg, Gadag"
2258,2025-08-27T12:40:24.492251,2025-08-28T14:40:24.492251,"Rana Street, Chikkamagaluru"
2259,2025-09-17T19:40:24.492465,2025-09-19T14:40:24.492465,"Lanka Zila, Belagavi"
2260,2025-04-13T20:40:24.492605,2025-04-15T14:40:24.492605,"Karpe Street, Kodagu"
2261,2024-10-09T01:40:24.492728,2024-10-10T14:40:24.492728,"Kala Road, Ballari"
2262,2026-06-09T07:40:24.492893,2026-06-10T14:40:24.492893,"Iyer, Chikkaballapura"
2263,2024-11-23T09:40:24.493039,2024-11-23T14:40:24.493039,"Lad Circle, Hassan"
2264,2025-09-07T07:40:24.493247,2025-09-08T14:40:24.493247,"Dugal Circle, Dharwad"
2265,2024-08-04T07:40:24.493415,2024-08-06T14:40:24.493415,"Babu Path, Mandya"
2266,2025-12-21T04:40:24.493511,2025-12-23T14:40:24.493511,"Sood, Chamarajanagara"
2267,2024-07-18T12:40:24.493642,2024-07-18T14:40:24.493642,"Sem Path, Kolar"
2268,2025-05-29T13:40:24.493790,2025-05-31T14:40:24.493790,"Khosla Ganj, Ballari"
2269,2026-05-08T22:40:24.493948,2026-05-11T14:40:24.493948,"Raju Road, Belagavi"
2270,2026-02-03T19:40:24.494074,2026-02-04T14:40:24.494074,"Gara Chowk, Belagavi"
2271,2024-11-03T19:40:24.494205,2024-11-04T14:40:24.494205,"Mahajan Road, Belagavi"
2272,2026-06-06T12:40:24.494341,2026-06-07T14:40:24.494341,"Singh Road, Mysuru"
2273,2024-11-18T15:40:24.494465,2024-11-21T14:40:24.494465,"Dutta Street, Vijayapura"
2274,2026-03-28T11:40:24.494691,2026-03-30T14:40:24.494691,"Bora Ganj, Bengaluru Urban"
2275,2025-08-03T17:40:24.494803,2025-08-05T14:40:24.494803,"Sundaram Street, Belagavi"
2276,2026-05-02T18:40:24.494991,2026-05-04T14:40:24.494991,"Chaudhari Ganj, Belagavi"
2277,2025-09-29T04:40:24.495128,2025-10-01T14:40:24.495128,"Ghosh Ganj, Kalaburagi"
2278,2025-04-16T01:40:24.495250,2025-04-16T14:40:24.495250,"Modi Chowk, Dakshina Kannada"
2279,2026-06-04T08:40:24.495446,2026-06-04T14:40:24.495446,"Khanna, Belagavi"
2280,2025-12-07T07:40:24.495626,2025-12-09T14:40:24.495626,"Kala, Ramanagara"
2281,2025-05-19T20:40:24.495816,2025-05-21T14:40:24.495816,"Choudhury Ganj, Mysuru"
2282,2026-02-11T19:40:24.496051,2026-02-14T14:40:24.496051,"Rattan Zila, Bengaluru Rural"
2283,2024-12-24T14:40:24.496168,2024-12-25T14:40:24.496168,"Gulati Path, Bengaluru Rural"
2284,2026-04-28T07:40:24.496271,2026-04-29T14:40:24.496271,"Garde Nagar, Belagavi"
2285,2026-06-09T21:40:24.496498,2026-06-11T14:40:24.496498,"Vig Zila, Chikkamagaluru"
2286,2026-06-09T00:40:24.496663,2026-06-09T14:40:24.496663,"Lad Circle, Mandya"
2287,2024-09-10T00:40:24.496911,2024-09-10T14:40:24.496911,"Mahajan Marg, Gadag"
2288,2026-03-06T05:40:24.497037,2026-03-07T14:40:24.497037,"Sathe Street, Raichur"
2289,2024-09-24T22:40:24.497136,2024-09-27T14:40:24.497136,"Bal, Bengaluru Rural"
2290,2026-03-05T07:40:24.497354,2026-03-05T14:40:24.497354,"Balan Path, Raichur"
2291,2025-10-15T03:40:24.497464,2025-10-16T14:40:24.497464,"Brahmbhatt Chowk, Kodagu"
2292,2025-11-19T11:40:24.497722,2025-11-19T14:40:24.497722,"Buch Road, Haveri"
2293,2024-09-16T08:40:24.497919,2024-09-18T14:40:24.497919,"Loyal Street, Udupi"
2294,2025-12-05T05:40:24.498130,2025-12-06T14:40:24.498130,"Dua Street, Shivamogga"
2295,2024-11-02T18:40:24.498429,2024-11-03T14:40:24.498429,"Pandit Nagar, Chitradurga"
2296,2026-01-19T04:40:24.498704,2026-01-19T14:40:24.498704,"Kumer Street, Raichur"
2297,2025-10-09T23:40:24.498886,2025-10-10T14:40:24.498886,"Ramaswamy Path, Belagavi"
2298,2025-10-07T04:40:24.499076,2025-10-09T14:40:24.499076,"Ramakrishnan Nagar, Mandya"
2299,2025-05-29T14:40:24.499262,2025-06-01T14:40:24.499262,"Lala Zila, Belagavi"
2300,2025-01-12T05:40:24.499467,2025-01-13T14:40:24.499467,"Saini Circle, Chamarajanagara"
2301,2025-05-21T08:40:24.499673,2025-05-21T14:40:24.499673,"Din Road, Dharwad"
2302,2024-11-15T09:40:24.499784,2024-11-15T14:40:24.499784,"Lanka, Mysuru"
2303,2025-02-11T09:40:24.499949,2025-02-12T14:40:24.499949,"Khanna Marg, Belagavi"
2304,2026-05-31T16:40:24.500110,2026-06-03T14:40:24.500110,"Gokhale Road, Belagavi"
2305,2024-07-20T17:40:24.500291,2024-07-21T14:40:24.500291,"Bhat Nagar, Belagavi"
2306,2025-09-08T02:40:24.500402,2025-09-09T14:40:24.500402,"Goel, Belagavi"
2307,2025-02-01T14:40:24.500470,2025-02-04T14:40:24.500470,"Garg Chowk, Gadag"
2308,2025-08-06T09:40:24.500660,2025-08-08T14:40:24.500660,"Warrior Chowk, Bengaluru Urban"
2309,2025-04-26T18:40:24.500798,2025-04-28T14:40:24.500798,"Salvi Marg, Dharwad"
2310,2025-12-31T05:40:24.500985,2026-01-02T14:40:24.500985,"Andra Path, Bengaluru Urban"
2311,2026-06-16T04:40:24.501194,2026-06-17T14:40:24.501194,"Basu Marg, Bengaluru Urban"
2312,2025-08-03T06:40:24.501298,2025-08-03T14:40:24.501298,"Sagar Circle, Chitradurga"
2313,2026-02-06T20:40:24.501504,2026-02-09T14:40:24.501504,"Bali Street, Raichur"
2314,2024-07-31T14:40:24.501700,2024-08-01T14:40:24.501700,"Gara Chowk, Gadag"
2315,2025-09-23T04:40:24.501887,2025-09-24T14:40:24.501887,"Suri Ganj, Chikkamagaluru"
2316,2026-02-05T17:40:24.502086,2026-02-08T14:40:24.502086,"Kamdar Path, Hassan"
2317,2026-04-09T21:40:24.502361,2026-04-11T14:40:24.502361,"Parikh Ganj, Belagavi"
2318,2025-03-16T03:40:24.502577,2025-03-17T14:40:24.502577,"Devan Street, Belagavi"
2319,2024-12-01T01:40:24.502797,2024-12-02T14:40:24.502797,"Malhotra Street, Yadgir"
2320,2026-06-28T19:40:24.502913,2026-07-01T14:40:24.502913,"Kapoor Chowk, Belagavi"
2321,2026-06-29T01:40:24.503095,2026-07-01T14:40:24.503095,"Gara Path, Tumakuru"
2322,2026-04-23T01:40:24.503318,2026-04-24T14:40:24.503318,"Nori Circle, Belagavi"
2323,2026-07-09T00:40:24.503576,2026-07-09T14:40:24.503576,"Nagarajan Marg, Kalaburagi"
2324,2024-10-21T17:40:24.503754,2024-10-22T14:40:24.503754,"Dyal Path, Yadgir"
2325,2026-03-22T13:40:24.504024,2026-03-22T14:40:24.504024,"Lall Ganj, Bengaluru Urban"
2326,2026-04-06T08:40:24.504219,2026-04-08T14:40:24.504219,"Gulati, Bengaluru Urban"
2327,2026-04-26T04:40:24.504347,2026-04-26T14:40:24.504347,"Chada Chowk, Vijayapura"
2328,2025-12-17T04:40:24.504668,2025-12-18T14:40:24.504668,"Sani Marg, Mysuru"
2329,2026-03-17T16:40:24.504905,2026-03-18T14:40:24.504905,"Khatri Chowk, Belagavi"
2330,2025-02-24T12:40:24.505048,2025-02-26T14:40:24.505048,"Choudhry Circle, Mysuru"
2331,2025-06-02T22:40:24.505192,2025-06-03T14:40:24.505192,"Jayaraman, Chitradurga"
2332,2026-02-10T22:40:24.505349,2026-02-11T14:40:24.505349,"Murty Circle, Shivamogga"
2333,2025-08-28T13:40:24.505492,2025-08-29T14:40:24.505492,"Sarraf Marg, Mysuru"
2334,2026-03-13T00:40:24.505733,2026-03-13T14:40:24.505733,"Ghosh Nagar, Belagavi"
2335,2025-12-14T20:40:24.505903,2025-12-15T14:40:24.505903,"Jhaveri Circle, Ramanagara"
2336,2026-01-25T12:40:24.506006,2026-01-27T14:40:24.506006,"Lalla Circle, Belagavi"
2337,2024-07-23T08:40:24.506214,2024-07-23T14:40:24.506214,"Khanna Street, Tumakuru"
2338,2025-08-19T21:40:24.506334,2025-08-20T14:40:24.506334,"Tandon Marg, Mysuru"
2339,2024-11-23T16:40:24.506413,2024-11-26T14:40:24.506413,"Andra Chowk, Davanagere"
2340,2024-08-27T15:40:24.506619,2024-08-30T14:40:24.506619,"Bassi Chowk, Bengaluru Urban"
2341,2025-02-04T05:40:24.506836,2025-02-04T14:40:24.506836,"Basak Marg, Hassan"
2342,2025-02-05T22:40:24.507150,2025-02-08T14:40:24.507150,"Sura Street, Mysuru"
2343,2025-01-09T01:40:24.507287,2025-01-10T14:40:24.507287,"Pant Zila, Gadag"
2344,2026-02-21T02:40:24.507440,2026-02-23T14:40:24.507440,"Mitra Circle, Haveri"
2345,2025-09-20T17:40:24.507712,2025-09-21T14:40:24.507712,"Guha Marg, Davanagere"
2346,2025-10-18T14:40:24.507988,2025-10-19T14:40:24.507988,"Seshadri, Chikkamagaluru"
2347,2026-04-17T13:40:24.508178,2026-04-19T14:40:24.508178,"Edwin Path, Udupi"
2348,2026-06-20T08:40:24.508328,2026-06-22T14:40:24.508328,"Krishna Marg, Yadgir"
2349,2025-07-29T22:40:24.508468,2025-07-30T14:40:24.508468,"Chokshi Ganj, Kodagu"
2350,2026-02-23T09:40:24.508750,2026-02-23T14:40:24.508750,"Sahni Path, Belagavi"
2351,2025-02-24T16:40:24.508873,2025-02-27T14:40:24.508873,"Verma, Bidar"
2352,2025-03-19T01:40:24.508986,2025-03-20T14:40:24.508986,"Badami Ganj, Gadag"
2353,2026-07-01T05:40:24.509130,2026-07-03T14:40:24.509130,"Buch Marg, Raichur"
2354,2026-04-09T00:40:24.509386,2026-04-10T14:40:24.509386,"Gade Zila, Belagavi"
2355,2025-11-28T13:40:24.509490,2025-11-30T14:40:24.509490,"Rajan Marg, Bengaluru Urban"
2356,2024-10-12T15:40:24.509761,2024-10-15T14:40:24.509761,"Iyer Ganj, Ballari"
2357,2026-02-19T00:40:24.509958,2026-02-20T14:40:24.509958,"Date Path, Chitradurga"
2358,2026-05-14T06:40:24.510117,2026-05-14T14:40:24.510117,"Dass Zila, Mysuru"
2359,2026-06-11T16:40:24.510343,2026-06-13T14:40:24.510343,"Sibal, Chamarajanagara"
2360,2026-05-26T17:40:24.510503,2026-05-29T14:40:24.510503,"Sastry Path, Chitradurga"
2361,2025-05-12T17:40:24.510812,2025-05-15T14:40:24.510812,"Nagarajan Road, Mandya"
2362,2025-05-21T14:40:24.510928,2025-05-23T14:40:24.510928,"Wason Circle, Raichur"
2363,2025-10-18T09:40:24.511084,2025-10-18T14:40:24.511084,"Aurora Marg, Belagavi"
2364,2025-11-12T02:40:24.511292,2025-11-12T14:40:24.511292,"Sarma Nagar, Belagavi"
2365,2024-12-15T01:40:24.511438,2024-12-15T14:40:24.511438,"Sangha Chowk, Koppal"
2366,2026-02-26T17:40:24.511585,2026-02-28T14:40:24.511585,"Kapur Circle, Belagavi"
2367,2026-05-25T03:40:24.511749,2026-05-27T14:40:24.511749,"Nanda Marg, Belagavi"
2368,2024-11-22T15:40:24.511991,2024-11-23T14:40:24.511991,"Ahluwalia Road, Chikkaballapura"
2369,2026-04-29T18:40:24.512205,2026-05-02T14:40:24.512205,"Datta Marg, Koppal"
2370,2025-09-10T19:40:24.512352,2025-09-13T14:40:24.512352,"Memon Zila, Davanagere"
2371,2026-01-23T16:40:24.512507,2026-01-25T14:40:24.512507,"Toor Circle, Belagavi"
2372,2024-07-12T10:40:24.512753,2024-07-14T14:40:24.512753,"Wali Zila, Mandya"
2373,2026-01-30T12:40:24.512911,2026-01-30T14:40:24.512911,"Kulkarni Circle, Belagavi"
2374,2026-04-21T13:40:24.513050,2026-04-23T14:40:24.513050,"Mandal, Ramanagara"
2375,2025-01-23T05:40:24.513177,2025-01-24T14:40:24.513177,"Koshy Street, Dakshina Kannada"
2376,2025-11-27T15:40:24.513286,2025-11-29T14:40:24.513286,"Nagarajan, Belagavi"
2377,2025-12-04T21:40:24.513503,2025-12-07T14:40:24.513503,"Sem, Belagavi"
2378,2024-10-07T17:40:24.513687,2024-10-09T14:40:24.513687,"Buch Circle, Shivamogga"
2379,2025-05-21T12:40:24.513908,2025-05-22T14:40:24.513908,"Kari Nagar, Dakshina Kannada"
2380,2025-10-14T07:40:24.514059,2025-10-15T14:40:24.514059,"Grewal Circle, Bagalkote"
2381,2025-02-03T10:40:24.514209,2025-02-03T14:40:24.514209,"Sodhi Road, Mandya"
2382,2025-07-07T15:40:24.514368,2025-07-08T14:40:24.514368,"Chandran Path, Ballari"
2383,2025-01-07T19:40:24.514640,2025-01-08T14:40:24.514640,"Choudhury Zila, Chitradurga"
2384,2025-02-01T22:40:24.514754,2025-02-04T14:40:24.514754,"Mangat Marg, Tumakuru"
2385,2026-01-15T21:40:24.514877,2026-01-18T14:40:24.514877,"Saraf Road, Chikkaballapura"
2386,2024-07-17T19:40:24.515050,2024-07-19T14:40:24.515050,"Dora Circle, Chamarajanagara"
2387,2026-05-11T10:40:24.515196,2026-05-13T14:40:24.515196,"Nadig Zila, Belagavi"
2388,2026-05-13T09:40:24.515313,2026-05-13T14:40:24.515313,"Purohit Zila, Chikkamagaluru"
2389,2024-08-15T05:40:24.515566,2024-08-17T14:40:24.515566,"Dubey Zila, Vijayanagara"
2390,2025-06-12T23:40:24.515910,2025-06-15T14:40:24.515910,"Bhatt Road, Belagavi"
2391,2024-07-31T08:40:24.516355,2024-08-02T14:40:24.516355,"Narain Ganj, Yadgir"
2392,2024-11-02T06:40:24.516828,2024-11-03T14:40:24.516828,"Vohra Nagar, Mandya"
2393,2024-11-22T04:40:24.517035,2024-11-24T14:40:24.517035,"Raju Chowk, Kolar"
2394,2026-06-18T11:40:24.517293,2026-06-20T14:40:24.517293,"Ramaswamy Ganj, Belagavi"
2395,2026-07-05T09:40:24.517598,2026-07-07T14:40:24.517598,"Doshi Marg, Mysuru"
2396,2026-06-13T17:40:24.517928,2026-06-16T14:40:24.517928,"Kumar Ganj, Yadgir"
2397,2026-06-08T22:40:24.518098,2026-06-09T14:40:24.518098,"Sabharwal Marg, Haveri"
2398,2025-05-04T10:40:24.518463,2025-05-05T14:40:24.518463,"Radhakrishnan, Tumakuru"
2399,2026-04-05T22:40:24.518873,2026-04-06T14:40:24.518873,"Bhasin Nagar, Belagavi"
2400,2026-01-26T21:40:24.519270,2026-01-29T14:40:24.519270,"Mall Road, Belagavi"
2401,2026-04-30T03:40:24.519609,2026-04-30T14:40:24.519609,"Dua Road, Belagavi"
2402,2025-10-26T00:40:24.519740,2025-10-27T14:40:24.519740,"Shetty Nagar, Belagavi"
2403,2024-07-27T22:40:24.520002,2024-07-29T14:40:24.520002,"Dara Ganj, Bengaluru Urban"
2404,2024-11-08T19:40:24.520215,2024-11-11T14:40:24.520215,"Bora Circle, Mysuru"
2405,2026-03-26T14:40:24.520408,2026-03-28T14:40:24.520408,"Narang Nagar, Belagavi"
2406,2025-06-09T13:40:24.520633,2025-06-10T14:40:24.520633,"Krishna Chowk, Mysuru"
2407,2026-02-10T18:40:24.520754,2026-02-12T14:40:24.520754,"Ramaswamy Chowk, Bengaluru Urban"
2408,2025-06-11T05:40:24.520898,2025-06-13T14:40:24.520898,"Mani Zila, Mysuru"
2409,2025-08-12T06:40:24.520999,2025-08-13T14:40:24.520999,"Natarajan Nagar, Belagavi"
2410,2025-03-19T20:40:24.521195,2025-03-21T14:40:24.521195,"Ben Nagar, Kolar"
2411,2024-10-19T23:40:24.521381,2024-10-20T14:40:24.521381,"Balan Nagar, Belagavi"
2412,2024-09-18T02:40:24.521489,2024-09-18T14:40:24.521489,"Srinivas Ganj, Vijayanagara"
2413,2026-06-18T03:40:24.521727,2026-06-18T14:40:24.521727,"Singhal Road, Belagavi"
2414,2025-01-24T18:40:24.521831,2025-01-25T14:40:24.521831,"Sarin Ganj, Mysuru"
2415,2025-05-10T01:40:24.521930,2025-05-10T14:40:24.521930,"Manda, Raichur"
2416,2024-12-18T22:40:24.522112,2024-12-21T14:40:24.522112,"Sahota Marg, Chikkamagaluru"
2417,2025-05-29T02:40:24.522266,2025-05-30T14:40:24.522266,"Sharaf Zila, Chamarajanagara"
2418,2025-11-15T23:40:24.522384,2025-11-17T14:40:24.522384,"Sura Ganj, Bengaluru Urban"
2419,2024-07-11T00:40:24.522495,2024-07-12T14:40:24.522495,"Peri, Belagavi"
2420,2026-05-15T22:40:24.522639,2026-05-18T14:40:24.522639,"Sidhu, Belagavi"
2421,2024-10-31T16:40:24.522940,2024-11-01T14:40:24.522940,"Sahni, Bengaluru Urban"
2422,2026-03-03T06:40:24.523133,2026-03-05T14:40:24.523133,"Krishna Ganj, Belagavi"
2423,2026-04-07T04:40:24.523274,2026-04-09T14:40:24.523274,"Choudhary Road, Bagalkote"
2424,2026-04-20T15:40:24.523472,2026-04-23T14:40:24.523472,"Chaudhuri Marg, Belagavi"
2425,2026-01-05T10:40:24.523949,2026-01-06T14:40:24.523949,"Yogi Road, Haveri"
2426,2026-05-02T13:40:24.524093,2026-05-04T14:40:24.524093,"Choudhry Chowk, Tumakuru"
2427,2024-09-24T17:40:24.524201,2024-09-25T14:40:24.524201,"Dutta Chowk, Belagavi"
2428,2025-03-19T04:40:24.524502,2025-03-21T14:40:24.524502,"Kala Road, Bengaluru Urban"
2429,2026-04-28T01:40:24.524762,2026-04-29T14:40:24.524762,"Mody Road, Bengaluru Urban"
2430,2025-12-14T02:40:24.524905,2025-12-14T14:40:24.524905,"Khare Street, Haveri"
2431,2025-09-30T00:40:24.525063,2025-10-02T14:40:24.525063,"Mody Path, Kolar"
2432,2025-09-03T09:40:24.525303,2025-09-03T14:40:24.525303,"Kohli Chowk, Dakshina Kannada"
2433,2024-12-15T07:40:24.525416,2024-12-17T14:40:24.525416,"Sharaf Chowk, Mandya"
2434,2025-11-18T00:40:24.525526,2025-11-18T14:40:24.525526,"Kurian Nagar, Kalaburagi"
2435,2025-07-22T06:40:24.525766,2025-07-23T14:40:24.525766,"Shroff Chowk, Belagavi"
2436,2026-05-20T05:40:24.525944,2026-05-21T14:40:24.525944,"Nanda Ganj, Belagavi"
2437,2025-04-16T21:40:24.526048,2025-04-17T14:40:24.526048,"Chaudhuri Circle, Yadgir"
2438,2024-12-16T18:40:24.526156,2024-12-19T14:40:24.526156,"Muni Path, Mandya"
2439,2025-07-04T12:40:24.526294,2025-07-04T14:40:24.526294,"Date Chowk, Bengaluru Urban"
2440,2025-03-08T02:40:24.526498,2025-03-08T14:40:24.526498,"Goyal Nagar, Kodagu"
2441,2026-01-28T02:40:24.526657,2026-01-29T14:40:24.526657,"Chander Ganj, Belagavi"
2442,2026-01-29T19:40:24.526781,2026-01-30T14:40:24.526781,"Agrawal Road, Belagavi"
2443,2025-07-04T07:40:24.527006,2025-07-04T14:40:24.527006,"Arora Circle, Hassan"
2444,2025-06-08T17:40:24.527228,2025-06-10T14:40:24.527228,"Pradhan Path, Belagavi"
2445,2025-09-15T01:40:24.527379,2025-09-16T14:40:24.527379,"Dugar Path, Belagavi"
2446,2024-11-04T09:40:24.527467,2024-11-04T14:40:24.527467,"Date Zila, Bengaluru Urban"
2447,2026-06-28T22:40:24.527735,2026-07-01T14:40:24.527735,"Pal Path, Kolar"
2448,2026-02-24T11:40:24.527995,2026-02-26T14:40:24.527995,"Gera Zila, Belagavi"
2449,2026-02-03T14:40:24.528139,2026-02-05T14:40:24.528139,"Dutta Marg, Belagavi"
2450,2024-11-09T14:40:24.528282,2024-11-11T14:40:24.528282,"Dixit Path, Bagalkote"
2451,2025-12-19T09:40:24.528415,2025-12-19T14:40:24.528415,"Chandran Circle, Belagavi"
2452,2025-08-29T07:40:24.528493,2025-08-30T14:40:24.528493,"Wason Zila, Belagavi"
2453,2026-02-20T01:40:24.528738,2026-02-21T14:40:24.528738,"Atwal Nagar, Belagavi"
2454,2026-04-20T18:40:24.529058,2026-04-23T14:40:24.529058,"Chowdhury Nagar, Belagavi"
2455,2026-01-08T19:40:24.529315,2026-01-11T14:40:24.529315,"Mitter, Mysuru"
2456,2025-08-27T04:40:24.529513,2025-08-28T14:40:24.529513,"Dixit Zila, Bagalkote"
2457,2025-10-01T14:40:24.529693,2025-10-04T14:40:24.529693,"Upadhyay Road, Mysuru"
2458,2024-10-02T17:40:24.529845,2024-10-03T14:40:24.529845,"Dixit, Dakshina Kannada"
2459,2024-09-02T06:40:24.529984,2024-09-04T14:40:24.529984,"Sahni Path, Belagavi"
2460,2026-05-04T13:40:24.530240,2026-05-05T14:40:24.530240,"Randhawa Circle, Vijayanagara"
2461,2025-10-13T23:40:24.530474,2025-10-16T14:40:24.530474,"Madan Street, Belagavi"
2462,2025-04-07T06:40:24.530791,2025-04-08T14:40:24.530791,"Korpal Ganj, Dakshina Kannada"
2463,2025-02-25T06:40:24.530977,2025-02-27T14:40:24.530977,"Gera, Belagavi"
2464,2026-02-15T07:40:24.531117,2026-02-15T14:40:24.531117,"Shanker Street, Belagavi"
2465,2026-07-01T03:40:24.531393,2026-07-03T14:40:24.531393,"Bali Chowk, Belagavi"
2466,2024-07-17T03:40:24.531693,2024-07-19T14:40:24.531693,"Kapoor Chowk, Ballari"
2467,2026-03-09T12:40:24.531995,2026-03-11T14:40:24.531995,"Bedi, Belagavi"
2468,2024-10-11T03:40:24.532198,2024-10-11T14:40:24.532198,"Karpe Nagar, Ballari"
2469,2024-09-03T12:40:24.532380,2024-09-04T14:40:24.532380,"Pal Chowk, Belagavi"
2470,2025-11-12T13:40:24.532637,2025-11-13T14:40:24.532637,"Tailor Path, Dakshina Kannada"
2471,2026-03-27T19:40:24.532809,2026-03-28T14:40:24.532809,"Vora Circle, Chikkamagaluru"
2472,2025-02-26T18:40:24.532953,2025-02-28T14:40:24.532953,"Karpe Circle, Udupi"
2473,2024-07-26T21:40:24.533196,2024-07-27T14:40:24.533196,"Goel, Bengaluru Urban"
2474,2026-01-03T16:40:24.533341,2026-01-06T14:40:24.533341,"Som Marg, Bagalkote"
2475,2026-06-07T22:40:24.533533,2026-06-09T14:40:24.533533,"Kar Zila, Ballari"
2476,2025-01-15T23:40:24.533859,2025-01-18T14:40:24.533859,"Natarajan Ganj, Chitradurga"
2477,2024-11-29T21:40:24.534193,2024-12-01T14:40:24.534193,"Dube Chowk, Mysuru"
2478,2025-09-11T00:40:24.534395,2025-09-12T14:40:24.534395,"Nagy Zila, Shivamogga"
2479,2026-04-24T17:40:24.534699,2026-04-25T14:40:24.534699,"Sule Circle, Belagavi"
2480,2026-01-13T06:40:24.534841,2026-01-15T14:40:24.534841,"Mishra Street, Belagavi"
2481,2025-10-27T10:40:24.534953,2025-10-29T14:40:24.534953,"Gole Zila, Belagavi"
2482,2025-12-04T16:40:24.535305,2025-12-07T14:40:24.535305,"Rama Street, Kalaburagi"
2483,2026-04-10T07:40:24.535476,2026-04-11T14:40:24.535476,"Chanda, Udupi"
2484,2026-03-28T00:40:24.535699,2026-03-30T14:40:24.535699,"Ramaswamy Marg, Belagavi"
2485,2024-12-10T12:40:24.536025,2024-12-10T14:40:24.536025,"Pall Street, Belagavi"
2486,2025-06-06T08:40:24.536179,2025-06-06T14:40:24.536179,"Nagarajan Ganj, Yadgir"
2487,2025-11-21T00:40:24.536348,2025-11-21T14:40:24.536348,"Goswami Zila, Kodagu"
2488,2025-04-16T20:40:24.536446,2025-04-19T14:40:24.536446,"Rana Zila, Chitradurga"
2489,2024-12-08T01:40:24.536731,2024-12-08T14:40:24.536731,"Ramesh Nagar, Kalaburagi"
2490,2024-10-27T12:40:24.536939,2024-10-28T14:40:24.536939,"Bhakta Chowk, Mandya"
2491,2026-06-07T04:40:24.537193,2026-06-09T14:40:24.537193,"Bhat Chowk, Belagavi"
2492,2025-10-15T06:40:24.537352,2025-10-16T14:40:24.537352,"Kota Street, Belagavi"
2493,2024-10-09T07:40:24.537470,2024-10-11T14:40:24.537470,"Krish Zila, Bengaluru Urban"
2494,2025-12-10T12:40:24.537626,2025-12-12T14:40:24.537626,"Lata Circle, Bagalkote"
2495,2026-03-28T18:40:24.537763,2026-03-30T14:40:24.537763,"Dugar Path, Yadgir"
2496,2026-03-05T00:40:24.537924,2026-03-07T14:40:24.537924,"Ahluwalia Ganj, Raichur"
2497,2026-06-30T11:40:24.538066,2026-06-30T14:40:24.538066,"Panchal Ganj, Davanagere"
2498,2026-05-19T14:40:24.538230,2026-05-21T14:40:24.538230,"Bandi Path, Belagavi"
2499,2026-03-16T12:40:24.538329,2026-03-17T14:40:24.538329,"Bawa Circle, Davanagere"
2500,2024-12-29T14:40:24.538527,2024-12-30T14:40:24.538527,"Salvi Nagar, Belagavi"
2501,2024-10-26T06:40:24.538695,2024-10-26T14:40:24.538695,"Sane Circle, Kalaburagi"
2502,2024-09-14T12:40:24.538842,2024-09-14T14:40:24.538842,"Rege Road, Hassan"
2503,2024-07-26T13:40:24.538987,2024-07-27T14:40:24.538987,"Borde, Chamarajanagara"
2504,2026-01-24T10:40:24.539103,2026-01-25T14:40:24.539103,"Munshi Road, Gadag"
2505,2024-10-07T09:40:24.539262,2024-10-09T14:40:24.539262,"Borra Street, Chamarajanagara"
2506,2026-02-07T23:40:24.539365,2026-02-09T14:40:24.539365,"Contractor Path, Tumakuru"
2507,2024-10-18T20:40:24.539472,2024-10-21T14:40:24.539472,"Sastry, Belagavi"
2508,2024-11-01T09:40:24.539624,2024-11-01T14:40:24.539624,"Wason, Belagavi"
2509,2026-05-12T06:40:24.539918,2026-05-14T14:40:24.539918,"Khalsa Road, Mysuru"
2510,2026-05-15T15:40:24.540236,2026-05-16T14:40:24.540236,"Date Ganj, Belagavi"
2511,2024-11-04T20:40:24.540362,2024-11-06T14:40:24.540362,"Sarma Zila, Shivamogga"
2512,2026-03-01T04:40:24.540497,2026-03-02T14:40:24.540497,"Mitter Road, Mandya"
2513,2024-12-10T08:40:24.540747,2024-12-11T14:40:24.540747,"Khalsa Path, Dharwad"
2514,2024-11-29T04:40:24.540984,2024-11-30T14:40:24.540984,"Dhingra Circle, Belagavi"
2515,2025-09-26T22:40:24.541120,2025-09-29T14:40:24.541120,"Varma, Kodagu"
2516,2026-03-11T23:40:24.541512,2026-03-12T14:40:24.541512,"Badal Zila, Belagavi"
2517,2026-04-09T14:40:24.541688,2026-04-10T14:40:24.541688,"Pai Street, Bengaluru Urban"
2518,2024-11-16T21:40:24.541803,2024-11-17T14:40:24.541803,"Panchal Zila, Belagavi"
2519,2025-03-12T13:40:24.542040,2025-03-14T14:40:24.542040,"Agate Circle, Bengaluru Urban"
2520,2025-12-06T13:40:24.542178,2025-12-08T14:40:24.542178,"Setty Nagar, Davanagere"
2521,2026-01-16T15:40:24.542427,2026-01-18T14:40:24.542427,"Sule Street, Belagavi"
2522,2025-05-27T00:40:24.542708,2025-05-27T14:40:24.542708,"Solanki Ganj, Belagavi"
2523,2026-02-26T15:40:24.542832,2026-02-27T14:40:24.542832,"Banik, Belagavi"
2524,2026-02-05T21:40:24.542965,2026-02-07T14:40:24.542965,"Issac Street, Raichur"
2525,2025-12-02T00:40:24.543099,2025-12-02T14:40:24.543099,"Parekh Path, Kolar"
2526,2025-10-28T10:40:24.543243,2025-10-28T14:40:24.543243,"Baral Road, Chitradurga"
2527,2025-08-08T21:40:24.543351,2025-08-11T14:40:24.543351,"Dora Chowk, Dakshina Kannada"
2528,2026-01-19T09:40:24.543579,2026-01-19T14:40:24.543579,"Mitter Chowk, Mysuru"
2529,2025-05-01T01:40:24.543823,2025-05-03T14:40:24.543823,"Sastry Road, Dharwad"
2530,2024-11-21T11:40:24.543993,2024-11-21T14:40:24.543993,"Sridhar Street, Mysuru"
2531,2025-06-04T14:40:24.544204,2025-06-06T14:40:24.544204,"Dey Chowk, Koppal"
2532,2024-08-19T01:40:24.544325,2024-08-20T14:40:24.544325,"Barad Chowk, Kodagu"
2533,2025-01-05T22:40:24.544585,2025-01-08T14:40:24.544585,"Banerjee Nagar, Belagavi"
2534,2024-12-12T22:40:24.544804,2024-12-15T14:40:24.544804,"Puri, Ramanagara"
2535,2025-08-02T05:40:24.545059,2025-08-03T14:40:24.545059,"Menon Ganj, Ramanagara"
2536,2025-11-07T16:40:24.545180,2025-11-09T14:40:24.545180,"Lal Path, Bengaluru Rural"
2537,2026-05-21T05:40:24.545329,2026-05-22T14:40:24.545329,"Sastry Street, Mysuru"
2538,2025-10-23T11:40:24.545616,2025-10-24T14:40:24.545616,"Seth, Kodagu"
2539,2026-04-11T12:40:24.545747,2026-04-11T14:40:24.545747,"Chandra Chowk, Chikkamagaluru"
2540,2026-03-22T18:40:24.545935,2026-03-24T14:40:24.545935,"Lanka Nagar, Chikkaballapura"
2541,2024-08-10T23:40:24.546145,2024-08-11T14:40:24.546145,"Kurian Path, Ballari"
2542,2024-07-30T01:40:24.546357,2024-07-31T14:40:24.546357,"Gala Path, Dakshina Kannada"
2543,2026-06-27T10:40:24.546462,2026-06-29T14:40:24.546462,"Lal Marg, Vijayapura"
2544,2025-08-09T22:40:24.546586,2025-08-11T14:40:24.546586,"Halder Path, Chitradurga"
2545,2025-07-02T04:40:24.546738,2025-07-04T14:40:24.546738,"Dua Marg, Belagavi"
2546,2025-01-11T12:40:24.546989,2025-01-13T14:40:24.546989,"Thakur Marg, Haveri"
2547,2025-06-19T09:40:24.547094,2025-06-21T14:40:24.547094,"Sinha Street, Belagavi"
2548,2026-05-11T22:40:24.547386,2026-05-13T14:40:24.547386,"Dutt Chowk, Bidar"
2549,2025-09-10T07:40:24.547508,2025-09-12T14:40:24.547508,"Sekhon Chowk, Shivamogga"
2550,2024-11-22T10:40:24.547701,2024-11-24T14:40:24.547701,"Sekhon Circle, Belagavi"
2551,2024-11-26T00:40:24.548055,2024-11-26T14:40:24.548055,"Thaker Chowk, Belagavi"
2552,2025-05-24T03:40:24.548234,2025-05-24T14:40:24.548234,"Kohli Path, Ballari"
2553,2024-10-04T07:40:24.548347,2024-10-06T14:40:24.548347,"Nagar Zila, Belagavi"
2554,2025-02-26T13:40:24.548506,2025-02-26T14:40:24.548506,"Bhardwaj Circle, Haveri"
2555,2025-02-08T04:40:24.548651,2025-02-08T14:40:24.548651,"Pandya Zila, Dakshina Kannada"
2556,2026-02-07T07:40:24.548906,2026-02-08T14:40:24.548906,"Pandit Marg, Belagavi"
2557,2026-01-26T17:40:24.549138,2026-01-29T14:40:24.549138,"Chaudhary Marg, Belagavi"
2558,2024-09-29T08:40:24.549297,2024-09-29T14:40:24.549297,"Naidu Zila, Bengaluru Urban"
2559,2025-10-06T03:40:24.549412,2025-10-08T14:40:24.549412,"Barad Zila, Mysuru"
2560,2026-05-10T20:40:24.549657,2026-05-13T14:40:24.549657,"Sinha Ganj, Kolar"
2561,2025-10-16T00:40:24.549843,2025-10-18T14:40:24.549843,"Anne, Mysuru"
2562,2026-05-05T16:40:24.550028,2026-05-06T14:40:24.550028,"Goel Nagar, Hassan"
2563,2025-10-16T09:40:24.550218,2025-10-16T14:40:24.550218,"Dalal Circle, Bengaluru Rural"
2564,2026-04-30T18:40:24.550463,2026-05-02T14:40:24.550463,"Pillai Chowk, Belagavi"
2565,2026-05-22T00:40:24.550753,2026-05-23T14:40:24.550753,"Sangha Road, Belagavi"
2566,2024-10-11T06:40:24.551009,2024-10-11T14:40:24.551009,"Tata Nagar, Bagalkote"
2567,2026-06-26T20:40:24.551160,2026-06-29T14:40:24.551160,"Patil Ganj, Tumakuru"
2568,2026-01-21T10:40:24.551376,2026-01-23T14:40:24.551376,"Chacko Nagar, Belagavi"
2569,2026-04-13T01:40:24.551736,2026-04-14T14:40:24.551736,"Rama Zila, Belagavi"
2570,2026-02-07T05:40:24.551991,2026-02-07T14:40:24.551991,"Cheema Ganj, Chikkaballapura"
2571,2025-11-14T01:40:24.552133,2025-11-15T14:40:24.552133,"Batra Road, Mysuru"
2572,2025-12-16T18:40:24.552380,2025-12-19T14:40:24.552380,"Sankaran Chowk, Dakshina Kannada"
2573,2025-06-25T06:40:24.552534,2025-06-26T14:40:24.552534,"Puri Circle, Bengaluru Urban"
2574,2026-05-31T18:40:24.552928,2026-06-03T14:40:24.552928,"Bassi Road, Belagavi"
2575,2025-12-24T12:40:24.553167,2025-12-24T14:40:24.553167,"Krish Circle, Belagavi"
2576,2024-09-27T10:40:24.553535,2024-09-29T14:40:24.553535,"Mody Path, Ramanagara"
2577,2025-04-05T18:40:24.553842,2025-04-07T14:40:24.553842,"Bera Path, Bagalkote"
2578,2026-05-16T06:40:24.554027,2026-05-17T14:40:24.554027,"Chakraborty Marg, Belagavi"
2579,2026-03-13T14:40:24.554202,2026-03-15T14:40:24.554202,"Chana Ganj, Yadgir"
2580,2025-08-26T10:40:24.554328,2025-08-26T14:40:24.554328,"Lad Marg, Belagavi"
2581,2024-11-02T19:40:24.554510,2024-11-03T14:40:24.554510,"Dixit Chowk, Kolar"
2582,2026-02-02T18:40:24.554708,2026-02-03T14:40:24.554708,"Gera Road, Belagavi"
2583,2026-05-12T02:40:24.554904,2026-05-12T14:40:24.554904,"Maharaj Street, Davanagere"
2584,2025-02-24T00:40:24.555195,2025-02-26T14:40:24.555195,"Pall, Chitradurga"
2585,2026-04-01T12:40:24.555435,2026-04-01T14:40:24.555435,"Kaur Ganj, Ramanagara"
2586,2025-12-13T22:40:24.555742,2025-12-14T14:40:24.555742,"Arora Zila, Mysuru"
2587,2026-03-31T20:40:24.556102,2026-04-03T14:40:24.556102,"Kapoor Road, Belagavi"
2588,2026-01-26T13:40:24.556314,2026-01-28T14:40:24.556314,"Bava Path, Belagavi"
2589,2025-11-02T18:40:24.556456,2025-11-04T14:40:24.556456,"Parmer, Bengaluru Urban"
2590,2024-07-21T01:40:24.556623,2024-07-23T14:40:24.556623,"Wali Zila, Davanagere"
2591,2025-04-02T03:40:24.556797,2025-04-04T14:40:24.556797,"Gera, Kolar"
2592,2024-08-05T05:40:24.556897,2024-08-06T14:40:24.556897,"Banik Road, Belagavi"
2593,2024-12-02T19:40:24.557088,2024-12-03T14:40:24.557088,"Natarajan, Belagavi"
2594,2025-12-01T12:40:24.557197,2025-12-02T14:40:24.557197,"Narayan Street, Gadag"
2595,2026-05-03T13:40:24.557289,2026-05-04T14:40:24.557289,"Venkataraman Ganj, Belagavi"
2596,2025-07-08T19:40:24.557401,2025-07-11T14:40:24.557401,"Mallick Ganj, Ballari"
2597,2025-03-17T22:40:24.557598,2025-03-18T14:40:24.557598,"Kumar Chowk, Koppal"
2598,2025-01-20T23:40:24.557811,2025-01-23T14:40:24.557811,"Pingle Zila, Vijayapura"
2599,2024-09-23T21:40:24.558000,2024-09-25T14:40:24.558000,"Kapur, Belagavi"
2600,2025-01-08T20:40:24.558149,2025-01-09T14:40:24.558149,"Datta Zila, Bengaluru Urban"
2601,2025-01-08T05:40:24.558357,2025-01-10T14:40:24.558357,"Ravel Road, Belagavi"
2602,2026-05-12T04:40:24.558586,2026-05-12T14:40:24.558586,"Cheema, Yadgir"
2603,2024-12-10T01:40:24.558808,2024-12-11T14:40:24.558808,"Kadakia Nagar, Vijayapura"
2604,2025-08-29T13:40:24.558903,2025-08-31T14:40:24.558903,"Mitra Chowk, Bidar"
2605,2024-09-30T19:40:24.559009,2024-10-01T14:40:24.559009,"Dasgupta Circle, Bagalkote"
2606,2026-05-23T12:40:24.559193,2026-05-25T14:40:24.559193,"Balasubramanian Road, Belagavi"
2607,2024-07-21T21:40:24.559315,2024-07-23T14:40:24.559315,"Chaudhuri Circle, Mysuru"
2608,2025-01-28T08:40:24.559442,2025-01-29T14:40:24.559442,"Gandhi, Ballari"
2609,2025-06-21T10:40:24.559814,2025-06-22T14:40:24.559814,"Babu Chowk, Chamarajanagara"
2610,2024-11-16T11:40:24.560116,2024-11-16T14:40:24.560116,"Kaul Ganj, Davanagere"
2611,2025-03-10T06:40:24.560319,2025-03-11T14:40:24.560319,"Comar Ganj, Kodagu"
2612,2025-05-31T06:40:24.560617,2025-06-01T14:40:24.560617,"Prabhakar Road, Belagavi"
2613,2026-05-23T02:40:24.560822,2026-05-23T14:40:24.560822,"Madan Marg, Belagavi"
2614,2025-07-10T15:40:24.561032,2025-07-12T14:40:24.561032,"Sastry Marg, Belagavi"
2615,2025-04-20T12:40:24.561202,2025-04-22T14:40:24.561202,"Murthy Ganj, Bengaluru Urban"
2616,2026-02-24T22:40:24.561300,2026-02-25T14:40:24.561300,"Sachdeva Zila, Belagavi"
2617,2026-05-22T20:40:24.561534,2026-05-25T14:40:24.561534,"Chad Path, Belagavi"
2618,2025-12-08T21:40:24.561913,2025-12-10T14:40:24.561913,"Kapur Zila, Belagavi"
2619,2024-12-03T22:40:24.562102,2024-12-06T14:40:24.562102,"Bora Nagar, Hassan"
2620,2025-11-24T09:40:24.562235,2025-11-26T14:40:24.562235,"Baria Nagar, Ramanagara"
2621,2025-09-20T01:40:24.562420,2025-09-21T14:40:24.562420,"Sastry Circle, Belagavi"
2622,2026-01-06T18:40:24.562665,2026-01-07T14:40:24.562665,"Sami Chowk, Chikkamagaluru"
2623,2024-08-14T23:40:24.562917,2024-08-17T14:40:24.562917,"Bhasin Path, Mysuru"
2624,2024-09-05T07:40:24.563239,2024-09-05T14:40:24.563239,"Bobal Road, Chamarajanagara"
2625,2025-09-30T20:40:24.563628,2025-10-02T14:40:24.563628,"Shanker, Belagavi"
2626,2024-10-16T22:40:24.564078,2024-10-18T14:40:24.564078,"Morar Road, Hassan"
2627,2026-03-24T09:40:24.564339,2026-03-26T14:40:24.564339,"Mistry Road, Belagavi"
2628,2025-03-30T04:40:24.564746,2025-03-31T14:40:24.564746,"Sridhar Ganj, Chitradurga"
2629,2026-06-23T19:40:24.565091,2026-06-24T14:40:24.565091,"Sha Circle, Davanagere"
2630,2025-11-30T01:40:24.565398,2025-11-30T14:40:24.565398,"Bumb, Bengaluru Urban"
2631,2024-12-20T07:40:24.565684,2024-12-20T14:40:24.565684,"Salvi Path, Bidar"
2632,2026-07-05T09:40:24.565950,2026-07-05T14:40:24.565950,"Sood Chowk, Hassan"
2633,2025-01-12T10:40:24.566094,2025-01-12T14:40:24.566094,"Badami Path, Gadag"
2634,2026-04-29T03:40:24.566267,2026-04-29T14:40:24.566267,"Kalita Marg, Kodagu"
2635,2025-09-16T09:40:24.566492,2025-09-16T14:40:24.566492,"Nath Nagar, Belagavi"
2636,2024-09-12T01:40:24.566727,2024-09-14T14:40:24.566727,"Narain, Udupi"
2637,2026-05-28T07:40:24.566837,2026-05-28T14:40:24.566837,"Keer Nagar, Mysuru"
2638,2026-03-02T06:40:24.567001,2026-03-03T14:40:24.567001,"Gera Circle, Belagavi"
2639,2026-02-08T07:40:24.567231,2026-02-09T14:40:24.567231,"Cherian Chowk, Vijayapura"
2640,2026-07-07T08:40:24.567355,2026-07-09T14:40:24.567355,"Goda, Ballari"
2641,2026-05-10T07:40:24.567659,2026-05-11T14:40:24.567659,"Srinivasan Nagar, Belagavi"
2642,2024-10-16T02:40:24.568130,2024-10-17T14:40:24.568130,"Srinivasan Ganj, Mandya"
2643,2026-04-01T07:40:24.568477,2026-04-03T14:40:24.568477,"Raghavan Zila, Belagavi"
2644,2025-03-08T03:40:24.568974,2025-03-08T14:40:24.568974,"Butala Zila, Yadgir"
2645,2025-07-02T20:40:24.569179,2025-07-03T14:40:24.569179,"Mannan, Vijayapura"
2646,2024-10-15T16:40:24.569344,2024-10-18T14:40:24.569344,"Nair Road, Haveri"
2647,2026-06-21T00:40:24.569598,2026-06-22T14:40:24.569598,"Samra Street, Haveri"
2648,2026-07-05T06:40:24.569796,2026-07-05T14:40:24.569796,"Khosla Chowk, Belagavi"
2649,2026-01-28T22:40:24.570046,2026-01-29T14:40:24.570046,"Menon Nagar, Bagalkote"
2650,2024-11-02T18:40:24.570155,2024-11-04T14:40:24.570155,"Goswami Path, Hassan"
2651,2025-01-07T07:40:24.570398,2025-01-07T14:40:24.570398,"Biswas Zila, Belagavi"
2652,2025-01-13T02:40:24.570505,2025-01-14T14:40:24.570505,"Sami Street, Raichur"
2653,2026-02-05T21:40:24.570751,2026-02-08T14:40:24.570751,"Brar Nagar, Tumakuru"
2654,2026-05-26T01:40:24.571039,2026-05-28T14:40:24.571039,"Bhatti Nagar, Chikkamagaluru"
2655,2025-09-27T00:40:24.571295,2025-09-27T14:40:24.571295,"Srivastava, Chikkamagaluru"
2656,2026-03-16T19:40:24.571599,2026-03-19T14:40:24.571599,"Natt Marg, Bengaluru Rural"
2657,2025-08-25T19:40:24.571780,2025-08-28T14:40:24.571780,"Barman Path, Tumakuru"
2658,2026-01-23T22:40:24.572118,2026-01-26T14:40:24.572118,"Chowdhury Zila, Belagavi"
2659,2025-06-17T19:40:24.572338,2025-06-18T14:40:24.572338,"Natarajan Circle, Shivamogga"
2660,2026-01-12T09:40:24.572458,2026-01-13T14:40:24.572458,"Rattan Road, Belagavi"
2661,2024-11-11T12:40:24.572649,2024-11-12T14:40:24.572649,"Cherian Road, Tumakuru"
2662,2024-09-17T17:40:24.572793,2024-09-20T14:40:24.572793,"Chatterjee Circle, Mandya"
2663,2026-01-24T07:40:24.572916,2026-01-25T14:40:24.572916,"Garde Nagar, Belagavi"
2664,2025-08-11T12:40:24.573136,2025-08-13T14:40:24.573136,"Bhat Circle, Koppal"
2665,2026-03-15T13:40:24.573262,2026-03-17T14:40:24.573262,"Roy Street, Kolar"
2666,2026-03-28T00:40:24.573425,2026-03-28T14:40:24.573425,"Saxena Nagar, Belagavi"
2667,2024-10-13T09:40:24.573600,2024-10-15T14:40:24.573600,"Parsa Marg, Belagavi"
2668,2026-04-03T15:40:24.573852,2026-04-04T14:40:24.573852,"Talwar Nagar, Koppal"
2669,2026-03-15T03:40:24.573980,2026-03-17T14:40:24.573980,"Mander Circle, Belagavi"
2670,2026-07-09T13:40:24.574181,2026-07-11T14:40:24.574181,"Dutta, Raichur"
2671,2025-03-13T12:40:24.574385,2025-03-14T14:40:24.574385,"Kapadia Circle, Belagavi"
2672,2025-09-11T14:40:24.574531,2025-09-13T14:40:24.574531,"Raman Chowk, Belagavi"
2673,2025-08-16T02:40:24.574702,2025-08-18T14:40:24.574702,"Bhat Street, Belagavi"
2674,2025-11-11T06:40:24.574826,2025-11-12T14:40:24.574826,"Raval Zila, Belagavi"
2675,2026-02-21T22:40:24.574980,2026-02-23T14:40:24.574980,"Pandey, Haveri"
2676,2026-05-07T18:40:24.575165,2026-05-08T14:40:24.575165,"Ranganathan Circle, Bengaluru Rural"
2677,2024-10-17T10:40:24.575274,2024-10-19T14:40:24.575274,"Varghese Marg, Vijayapura"
2678,2025-08-05T06:40:24.575515,2025-08-07T14:40:24.575515,"Sheth Circle, Belagavi"
2679,2025-03-26T16:40:24.575707,2025-03-29T14:40:24.575707,"Ramachandran Marg, Vijayanagara"
2680,2026-01-04T04:40:24.575882,2026-01-06T14:40:24.575882,"Sachdeva Path, Mysuru"
2681,2026-03-17T06:40:24.576080,2026-03-19T14:40:24.576080,"Pradhan Chowk, Chikkamagaluru"
2682,2025-08-03T18:40:24.576214,2025-08-05T14:40:24.576214,"Aurora Chowk, Davanagere"
2683,2026-05-30T13:40:24.576415,2026-05-30T14:40:24.576415,"Narang Zila, Belagavi"
2684,2026-04-23T01:40:24.576674,2026-04-23T14:40:24.576674,"Dutta Marg, Belagavi"
2685,2024-09-09T09:40:24.576823,2024-09-10T14:40:24.576823,"Arya Street, Mysuru"
2686,2026-01-26T03:40:24.576930,2026-01-28T14:40:24.576930,"Narayan Ganj, Mysuru"
2687,2026-04-17T14:40:24.577123,2026-04-18T14:40:24.577123,"Dara, Belagavi"
2688,2026-01-16T04:40:24.577348,2026-01-17T14:40:24.577348,"Bir Path, Bidar"
2689,2026-03-23T07:40:24.577631,2026-03-25T14:40:24.577631,"Bava Ganj, Bengaluru Rural"
2690,2024-07-17T09:40:24.577817,2024-07-19T14:40:24.577817,"Sood Ganj, Vijayanagara"
2691,2025-09-10T00:40:24.578139,2025-09-10T14:40:24.578139,"Palla Marg, Belagavi"
2692,2025-05-31T17:40:24.578320,2025-06-02T14:40:24.578320,"Raj Road, Haveri"
2693,2026-06-01T03:40:24.578520,2026-06-01T14:40:24.578520,"Kapadia Ganj, Belagavi"
2694,2024-09-18T13:40:24.578782,2024-09-18T14:40:24.578782,"Kuruvilla Nagar, Belagavi"
2695,2026-06-15T01:40:24.578918,2026-06-15T14:40:24.578918,"Baria Chowk, Kolar"
2696,2025-12-20T06:40:24.579089,2025-12-20T14:40:24.579089,"Jha Path, Kodagu"
2697,2025-06-08T00:40:24.579328,2025-06-10T14:40:24.579328,"Gara, Chikkaballapura"
2698,2024-07-15T20:40:24.579588,2024-07-16T14:40:24.579588,"Guha Marg, Dharwad"
2699,2025-08-29T22:40:24.579964,2025-08-31T14:40:24.579964,"Garg Path, Bagalkote"
2700,2026-02-02T19:40:24.580241,2026-02-04T14:40:24.580241,"Savant, Belagavi"
2701,2024-11-21T17:40:24.580471,2024-11-23T14:40:24.580471,"Nadkarni Marg, Belagavi"
2702,2026-06-23T23:40:24.580644,2026-06-25T14:40:24.580644,"Kalita Zila, Ballari"
2703,2026-03-03T11:40:24.580875,2026-03-04T14:40:24.580875,"Saxena Ganj, Vijayanagara"
2704,2024-07-11T06:40:24.581019,2024-07-13T14:40:24.581019,"Buch Road, Mysuru"
2705,2026-02-11T05:40:24.581184,2026-02-13T14:40:24.581184,"Dar Street, Belagavi"
2706,2026-07-09T14:40:24.581448,2026-07-11T14:40:24.581448,"Saran Marg, Mysuru"
2707,2024-12-24T16:40:24.581622,2024-12-25T14:40:24.581622,"Contractor Nagar, Belagavi"
2708,2026-07-05T08:40:24.581774,2026-07-07T14:40:24.581774,"Nadig Circle, Koppal"
2709,2025-04-17T06:40:24.582017,2025-04-19T14:40:24.582017,"Edwin Chowk, Haveri"
2710,2026-02-03T07:40:24.582137,2026-02-05T14:40:24.582137,"Chawla Road, Mysuru"
2711,2025-06-05T15:40:24.582274,2025-06-07T14:40:24.582274,"Kamdar Circle, Bagalkote"
2712,2025-08-01T09:40:24.582488,2025-08-03T14:40:24.582488,"Patel Ganj, Bidar"
2713,2024-08-01T23:40:24.582688,2024-08-03T14:40:24.582688,"Dyal Road, Davanagere"
2714,2025-05-28T04:40:24.582876,2025-05-29T14:40:24.582876,"Mangal Marg, Chamarajanagara"
2715,2025-10-13T09:40:24.582984,2025-10-14T14:40:24.582984,"Cherian, Bengaluru Urban"
2716,2026-03-28T02:40:24.583103,2026-03-30T14:40:24.583103,"Char Nagar, Ramanagara"
2717,2024-10-12T22:40:24.583214,2024-10-14T14:40:24.583214,"Agrawal Street, Bengaluru Rural"
2718,2025-01-26T01:40:24.583366,2025-01-27T14:40:24.583366,"Dugar Ganj, Chikkaballapura"
2719,2026-01-30T07:40:24.583630,2026-01-31T14:40:24.583630,"Chander Chowk, Koppal"
2720,2026-03-19T07:40:24.583888,2026-03-21T14:40:24.583888,"Kurian Marg, Belagavi"
2721,2024-07-11T12:40:24.584042,2024-07-11T14:40:24.584042,"Hans Path, Belagavi"
2722,2025-08-30T11:40:24.584216,2025-08-31T14:40:24.584216,"Buch Road, Haveri"
2723,2026-01-12T02:40:24.584416,2026-01-14T14:40:24.584416,"Grover, Belagavi"
2724,2025-12-18T23:40:24.584642,2025-12-20T14:40:24.584642,"Bahri Ganj, Davanagere"
2725,2026-01-29T18:40:24.584779,2026-01-30T14:40:24.584779,"More Street, Chamarajanagara"
2726,2026-03-14T03:40:24.585021,2026-03-14T14:40:24.585021,"Chauhan Road, Davanagere"
2727,2024-09-15T06:40:24.585142,2024-09-16T14:40:24.585142,"Trivedi Street, Bengaluru Urban"
2728,2025-11-20T20:40:24.585365,2025-11-22T14:40:24.585365,"Bora, Mandya"
2729,2026-03-13T00:40:24.585531,2026-03-13T14:40:24.585531,"Din Zila, Belagavi"
2730,2024-12-30T15:40:24.585787,2024-12-31T14:40:24.585787,"Master, Shivamogga"
2731,2024-12-26T16:40:24.585904,2024-12-29T14:40:24.585904,"Virk Street, Kalaburagi"
2732,2025-02-09T12:40:24.586151,2025-02-10T14:40:24.586151,"Sura Nagar, Belagavi"
2733,2026-01-10T17:40:24.586360,2026-01-11T14:40:24.586360,"Natt Marg, Mysuru"
2734,2026-04-14T23:40:24.586496,2026-04-15T14:40:24.586496,"Talwar Chowk, Belagavi"
2735,2025-03-29T05:40:24.586722,2025-03-30T14:40:24.586722,"Malhotra Path, Bengaluru Urban"
2736,2026-01-01T07:40:24.586942,2026-01-03T14:40:24.586942,"Murthy, Chitradurga"
2737,2024-11-25T14:40:24.587127,2024-11-26T14:40:24.587127,"Kari Chowk, Belagavi"
2738,2026-03-05T08:40:24.587360,2026-03-06T14:40:24.587360,"Bahri Nagar, Belagavi"
2739,2026-01-19T18:40:24.587632,2026-01-22T14:40:24.587632,"Sama Nagar, Belagavi"
2740,2024-12-13T18:40:24.587923,2024-12-15T14:40:24.587923,"Rana Street, Bengaluru Urban"
2741,2025-09-05T21:40:24.588185,2025-09-08T14:40:24.588185,"Krishnamurthy Road, Chamarajanagara"
2742,2025-06-07T11:40:24.588355,2025-06-07T14:40:24.588355,"Seshadri Path, Bagalkote"
2743,2025-03-05T18:40:24.588632,2025-03-07T14:40:24.588632,"Bahl Street, Chikkamagaluru"
2744,2026-07-02T18:40:24.588851,2026-07-03T14:40:24.588851,"Bhagat Path, Belagavi"
2745,2026-05-22T21:40:24.589044,2026-05-23T14:40:24.589044,"Rana Marg, Belagavi"
2746,2025-06-24T22:40:24.589198,2025-06-25T14:40:24.589198,"Nair Circle, Belagavi"
2747,2026-03-20T23:40:24.589398,2026-03-22T14:40:24.589398,"Kannan Path, Bengaluru Urban"
2748,2025-04-10T09:40:24.589652,2025-04-12T14:40:24.589652,"Choudhury Chowk, Tumakuru"
2749,2025-07-22T13:40:24.589797,2025-07-24T14:40:24.589797,"Narula Nagar, Belagavi"
2750,2026-06-05T13:40:24.589902,2026-06-06T14:40:24.589902,"Sankar Chowk, Bengaluru Urban"
2751,2024-09-20T11:40:24.590119,2024-09-21T14:40:24.590119,"Badami Ganj, Udupi"
2752,2026-01-12T10:40:24.590433,2026-01-14T14:40:24.590433,"Yogi Marg, Ramanagara"
2753,2025-08-10T19:40:24.590682,2025-08-13T14:40:24.590682,"Sura Road, Koppal"
2754,2025-08-25T20:40:24.590827,2025-08-28T14:40:24.590827,"Bhatti Zila, Mysuru"
2755,2025-06-23T02:40:24.591063,2025-06-25T14:40:24.591063,"Mallick, Bengaluru Urban"
2756,2024-11-11T20:40:24.591212,2024-11-13T14:40:24.591212,"Bhatnagar Zila, Kolar"
2757,2025-01-25T10:40:24.591336,2025-01-27T14:40:24.591336,"Bava Chowk, Mysuru"
2758,2026-02-02T20:40:24.591475,2026-02-03T14:40:24.591475,"Kapoor Zila, Mysuru"
2759,2026-04-11T07:40:24.591777,2026-04-12T14:40:24.591777,"Char Marg, Belagavi"
2760,2026-01-15T00:40:24.592027,2026-01-16T14:40:24.592027,"Padmanabhan Circle, Belagavi"
2761,2026-05-23T21:40:24.592214,2026-05-25T14:40:24.592214,"Pau Zila, Belagavi"
2762,2025-04-30T08:40:24.592346,2025-05-01T14:40:24.592346,"Lalla Marg, Bidar"
2763,2026-05-18T11:40:24.592527,2026-05-19T14:40:24.592527,"Kala Ganj, Bengaluru Rural"
2764,2026-03-24T04:40:24.592805,2026-03-24T14:40:24.592805,"Keer Street, Bengaluru Rural"
2765,2025-09-23T23:40:24.592974,2025-09-26T14:40:24.592974,"Malhotra Marg, Chitradurga"
2766,2026-03-09T10:40:24.593234,2026-03-09T14:40:24.593234,"Shere Zila, Belagavi"
2767,2024-12-17T10:40:24.593458,2024-12-18T14:40:24.593458,"Sarkar Path, Davanagere"
2768,2026-07-09T01:40:24.593643,2026-07-10T14:40:24.593643,"Arora Nagar, Belagavi"
2769,2024-08-26T12:40:24.593816,2024-08-27T14:40:24.593816,"Grover Marg, Shivamogga"
2770,2024-10-28T22:40:24.594051,2024-10-29T14:40:24.594051,"Yohannan Path, Yadgir"
2771,2025-09-06T13:40:24.594297,2025-09-08T14:40:24.594297,"Bakshi Chowk, Mysuru"
2772,2024-08-10T09:40:24.594523,2024-08-10T14:40:24.594523,"Yogi, Vijayapura"
2773,2026-01-14T10:40:24.594674,2026-01-15T14:40:24.594674,"Gour Circle, Belagavi"
2774,2026-04-09T13:40:24.594923,2026-04-09T14:40:24.594923,"Gara Street, Bengaluru Rural"
2775,2026-01-21T05:40:24.595178,2026-01-22T14:40:24.595178,"Puri Circle, Belagavi"
2776,2026-03-20T12:40:24.595290,2026-03-21T14:40:24.595290,"Rajagopalan Nagar, Vijayanagara"
2777,2025-03-03T21:40:24.595441,2025-03-05T14:40:24.595441,"Prakash Circle, Chikkamagaluru"
2778,2025-01-10T12:40:24.595596,2025-01-10T14:40:24.595596,"Nath, Bengaluru Rural"
2779,2024-10-04T20:40:24.595809,2024-10-06T14:40:24.595809,"Agarwal Circle, Hassan"
2780,2025-03-04T17:40:24.596062,2025-03-06T14:40:24.596062,"Konda Nagar, Mandya"
2781,2025-06-08T16:40:24.596302,2025-06-09T14:40:24.596302,"Kapur Ganj, Udupi"
2782,2025-04-28T05:40:24.596655,2025-04-29T14:40:24.596655,"Vala Marg, Koppal"
2783,2025-12-24T05:40:24.596785,2025-12-24T14:40:24.596785,"Dara Circle, Raichur"
2784,2026-05-27T16:40:24.596905,2026-05-28T14:40:24.596905,"Chand Street, Belagavi"
2785,2024-12-31T00:40:24.597037,2025-01-02T14:40:24.597037,"Kalla Nagar, Kalaburagi"
2786,2025-02-23T06:40:24.597147,2025-02-25T14:40:24.597147,"Morar Nagar, Belagavi"
2787,2026-06-11T03:40:24.597398,2026-06-11T14:40:24.597398,"Dada Road, Belagavi"
2788,2025-10-03T10:40:24.597685,2025-10-05T14:40:24.597685,"Golla Chowk, Dakshina Kannada"
2789,2025-05-26T15:40:24.597849,2025-05-29T14:40:24.597849,"Balan Street, Davanagere"
2790,2026-02-14T07:40:24.597983,2026-02-15T14:40:24.597983,"Dhar Chowk, Bengaluru Urban"
2791,2026-06-12T12:40:24.598192,2026-06-13T14:40:24.598192,"Ratti Zila, Kodagu"
2792,2025-04-29T18:40:24.598347,2025-05-02T14:40:24.598347,"Sundaram Zila, Shivamogga"
2793,2024-11-02T17:40:24.598497,2024-11-05T14:40:24.598497,"Randhawa Nagar, Haveri"
2794,2025-10-26T14:40:24.598652,2025-10-27T14:40:24.598652,"Nigam Ganj, Ramanagara"
2795,2025-04-01T01:40:24.598816,2025-04-02T14:40:24.598816,"Kant Ganj, Koppal"
2796,2025-05-22T06:40:24.599059,2025-05-24T14:40:24.599059,"Dara Ganj, Mysuru"
2797,2024-07-12T09:40:24.599205,2024-07-12T14:40:24.599205,"Mannan Circle, Mandya"
2798,2026-06-12T14:40:24.599363,2026-06-15T14:40:24.599363,"Prashad Zila, Belagavi"
2799,2026-03-22T06:40:24.599496,2026-03-22T14:40:24.599496,"Edwin Zila, Belagavi"
2800,2026-03-08T00:40:24.599726,2026-03-09T14:40:24.599726,"Hayre Road, Bengaluru Rural"
2801,2024-11-04T11:40:24.599887,2024-11-05T14:40:24.599887,"Sunder Circle, Belagavi"
2802,2026-06-06T16:40:24.600124,2026-06-08T14:40:24.600124,"Sarma Zila, Belagavi"
2803,2024-08-04T04:40:24.600311,2024-08-04T14:40:24.600311,"Badami, Belagavi"
2804,2026-04-10T14:40:24.600606,2026-04-11T14:40:24.600606,"Lal Street, Mysuru"
2805,2026-02-02T06:40:24.600821,2026-02-04T14:40:24.600821,"Swamy Zila, Belagavi"
2806,2025-04-12T16:40:24.600942,2025-04-15T14:40:24.600942,"Nayak Street, Ramanagara"
2807,2025-01-31T09:40:24.601195,2025-02-02T14:40:24.601195,"Rama Zila, Raichur"
2808,2025-06-19T05:40:24.601399,2025-06-19T14:40:24.601399,"Sampath, Shivamogga"
2809,2024-08-08T06:40:24.601686,2024-08-08T14:40:24.601686,"Gara Marg, Ballari"
2810,2025-08-23T17:40:24.601930,2025-08-25T14:40:24.601930,"Natt Path, Chikkaballapura"
2811,2026-04-02T13:40:24.602226,2026-04-04T14:40:24.602226,"Jha Circle, Kolar"
2812,2025-10-16T22:40:24.602488,2025-10-18T14:40:24.602488,"Bahl Road, Bengaluru Urban"
2813,2025-02-06T19:40:24.602786,2025-02-07T14:40:24.602786,"Pall Road, Raichur"
2814,2025-03-05T23:40:24.603033,2025-03-07T14:40:24.603033,"Murty, Vijayapura"
2815,2026-01-17T14:40:24.603124,2026-01-18T14:40:24.603124,"Soni Street, Belagavi"
2816,2025-12-26T20:40:24.603402,2025-12-28T14:40:24.603402,"Bail Ganj, Haveri"
2817,2025-06-24T16:40:24.603620,2025-06-26T14:40:24.603620,"Bandi Marg, Bengaluru Urban"
2818,2025-03-08T06:40:24.603734,2025-03-10T14:40:24.603734,"Grewal Road, Koppal"
2819,2026-06-24T23:40:24.603825,2026-06-27T14:40:24.603825,"Krish Chowk, Belagavi"
2820,2025-01-06T18:40:24.604119,2025-01-07T14:40:24.604119,"Shenoy Road, Belagavi"
2821,2024-09-27T21:40:24.604325,2024-09-29T14:40:24.604325,"Naik Road, Chitradurga"
2822,2025-04-11T02:40:24.604472,2025-04-12T14:40:24.604472,"Kashyap Marg, Koppal"
2823,2025-04-22T00:40:24.604736,2025-04-24T14:40:24.604736,"Batta Circle, Tumakuru"
2824,2026-03-28T03:40:24.604893,2026-03-30T14:40:24.604893,"Vyas Circle, Dharwad"
2825,2024-12-25T16:40:24.605037,2024-12-28T14:40:24.605037,"Saraf Ganj, Chikkaballapura"
2826,2025-08-07T10:40:24.605149,2025-08-08T14:40:24.605149,"Doshi Street, Belagavi"
2827,2026-05-09T08:40:24.605357,2026-05-10T14:40:24.605357,"Suri Road, Belagavi"
2828,2026-06-02T18:40:24.605580,2026-06-03T14:40:24.605580,"Chauhan Chowk, Belagavi"
2829,2026-04-06T09:40:24.605799,2026-04-08T14:40:24.605799,"Khare Nagar, Chikkaballapura"
2830,2026-06-25T03:40:24.605905,2026-06-27T14:40:24.605905,"Raval Chowk, Hassan"
2831,2025-05-24T13:40:24.606065,2025-05-24T14:40:24.606065,"Chakrabarti, Belagavi"
2832,2025-05-10T03:40:24.606184,2025-05-12T14:40:24.606184,"Zachariah, Kalaburagi"
2833,2026-05-02T10:40:24.606353,2026-05-02T14:40:24.606353,"Sama Ganj, Kalaburagi"
2834,2026-04-25T08:40:24.606475,2026-04-26T14:40:24.606475,"Kashyap Street, Haveri"
2835,2026-04-17T00:40:24.606723,2026-04-19T14:40:24.606723,"Sarma Road, Belagavi"
2836,2025-06-27T12:40:24.606883,2025-06-29T14:40:24.606883,"Narayan Circle, Chitradurga"
2837,2025-04-25T19:40:24.606984,2025-04-28T14:40:24.606984,"Kant Chowk, Belagavi"
2838,2026-03-09T21:40:24.607188,2026-03-10T14:40:24.607188,"Borde Road, Kolar"
2839,2026-03-26T16:40:24.607384,2026-03-28T14:40:24.607384,"Pandya Road, Belagavi"
2840,2026-06-03T21:40:24.607484,2026-06-04T14:40:24.607484,"Pathak Circle, Bagalkote"
2841,2025-02-19T00:40:24.607797,2025-02-21T14:40:24.607797,"Agrawal Path, Belagavi"
2842,2026-01-19T02:40:24.607984,2026-01-21T14:40:24.607984,"Natarajan Street, Dakshina Kannada"
2843,2026-03-13T19:40:24.608109,2026-03-15T14:40:24.608109,"Manne, Belagavi"
2844,2024-08-23T03:40:24.608365,2024-08-23T14:40:24.608365,"Chaudry Marg, Udupi"
2845,2025-05-28T12:40:24.608471,2025-05-28T14:40:24.608471,"Datta Ganj, Tumakuru"
2846,2025-03-11T06:40:24.608785,2025-03-13T14:40:24.608785,"Patla Chowk, Bidar"
2847,2026-02-09T07:40:24.608999,2026-02-10T14:40:24.608999,"Bhargava Marg, Belagavi"
2848,2025-08-13T08:40:24.609254,2025-08-13T14:40:24.609254,"Hari Path, Dakshina Kannada"
2849,2024-10-07T01:40:24.609375,2024-10-08T14:40:24.609375,"Sheth Marg, Ballari"
2850,2024-11-09T15:40:24.609622,2024-11-12T14:40:24.609622,"Halder Marg, Chitradurga"
2851,2025-12-15T05:40:24.609889,2025-12-16T14:40:24.609889,"Bansal Circle, Bengaluru Urban"
2852,2026-01-04T01:40:24.610154,2026-01-06T14:40:24.610154,"Joshi, Chikkaballapura"
2853,2025-02-19T03:40:24.610477,2025-02-21T14:40:24.610477,"Bhandari Ganj, Belagavi"
2854,2026-07-07T09:40:24.610736,2026-07-07T14:40:24.610736,"Sunder Marg, Belagavi"
2855,2024-07-26T09:40:24.610884,2024-07-26T14:40:24.610884,"Rajagopal, Kodagu"
2856,2025-08-17T18:40:24.611133,2025-08-19T14:40:24.611133,"Wadhwa Circle, Chitradurga"
2857,2026-05-30T07:40:24.611282,2026-06-01T14:40:24.611282,"Madan Chowk, Bengaluru Urban"
2858,2025-04-27T11:40:24.611386,2025-04-27T14:40:24.611386,"Samra Circle, Belagavi"
2859,2026-03-05T10:40:24.611605,2026-03-05T14:40:24.611605,"Mallick Chowk, Vijayanagara"
2860,2024-10-29T03:40:24.611716,2024-10-30T14:40:24.611716,"Mahajan Road, Shivamogga"
2861,2026-07-10T18:40:24.611936,2026-07-11T14:40:24.611936,"Shan Nagar, Belagavi"
2862,2025-11-30T13:40:24.612136,2025-12-01T14:40:24.612136,"Sachdev Path, Bagalkote"
2863,2025-01-23T17:40:24.612352,2025-01-24T14:40:24.612352,"Kale, Ramanagara"
2864,2024-12-31T16:40:24.612465,2025-01-02T14:40:24.612465,"Konda Marg, Raichur"
2865,2025-11-17T10:40:24.612811,2025-11-18T14:40:24.612811,"Walla Ganj, Bidar"
2866,2026-04-13T20:40:24.613025,2026-04-14T14:40:24.613025,"Krishnan, Belagavi"
2867,2026-01-07T16:40:24.613230,2026-01-09T14:40:24.613230,"Kunda Ganj, Chitradurga"
2868,2026-03-19T04:40:24.613476,2026-03-21T14:40:24.613476,"Walia Street, Mandya"
2869,2024-08-28T05:40:24.613698,2024-08-28T14:40:24.613698,"Pant Road, Belagavi"
2870,2026-06-23T19:40:24.613947,2026-06-26T14:40:24.613947,"Das Road, Belagavi"
2871,2026-06-07T00:40:24.614139,2026-06-09T14:40:24.614139,"Hora, Belagavi"
2872,2025-02-06T00:40:24.614291,2025-02-07T14:40:24.614291,"Loyal Circle, Koppal"
2873,2025-05-25T08:40:24.614586,2025-05-27T14:40:24.614586,"Korpal Chowk, Bagalkote"
2874,2025-03-22T23:40:24.614829,2025-03-24T14:40:24.614829,"Pingle Marg, Ballari"
2875,2024-08-07T02:40:24.614961,2024-08-08T14:40:24.614961,"Mand Ganj, Vijayanagara"
2876,2025-10-29T15:40:24.615179,2025-10-30T14:40:24.615179,"Nori Ganj, Mandya"
2877,2024-08-28T07:40:24.615366,2024-08-30T14:40:24.615366,"Sha Road, Belagavi"
2878,2026-06-30T15:40:24.615633,2026-07-01T14:40:24.615633,"Murty Path, Udupi"
2879,2025-11-23T23:40:24.615896,2025-11-25T14:40:24.615896,"Sha, Belagavi"
2880,2026-04-17T12:40:24.616181,2026-04-18T14:40:24.616181,"Badal Road, Chamarajanagara"
2881,2025-02-16T11:40:24.616294,2025-02-17T14:40:24.616294,"Taneja Chowk, Belagavi"
2882,2026-06-14T10:40:24.616422,2026-06-15T14:40:24.616422,"Magar Ganj, Belagavi"
2883,2025-09-21T08:40:24.616712,2025-09-23T14:40:24.616712,"Pai Marg, Ballari"
2884,2025-12-23T22:40:24.616881,2025-12-24T14:40:24.616881,"Saxena Path, Davanagere"
2885,2026-04-14T10:40:24.617037,2026-04-16T14:40:24.617037,"Sankaran Circle, Yadgir"
2886,2024-12-11T01:40:24.617157,2024-12-13T14:40:24.617157,"Saini Path, Dharwad"
2887,2026-06-01T09:40:24.617361,2026-06-02T14:40:24.617361,"Narasimhan Chowk, Belagavi"
2888,2026-02-25T04:40:24.617470,2026-02-26T14:40:24.617470,"Bath Street, Raichur"
2889,2026-03-31T12:40:24.617761,2026-03-31T14:40:24.617761,"Misra Street, Bengaluru Rural"
2890,2025-12-31T17:40:24.617927,2026-01-02T14:40:24.617927,"Bir Zila, Yadgir"
2891,2026-05-11T03:40:24.618112,2026-05-12T14:40:24.618112,"Sagar Marg, Belagavi"
2892,2026-02-24T10:40:24.618386,2026-02-24T14:40:24.618386,"Buch Marg, Belagavi"
2893,2025-12-17T11:40:24.618629,2025-12-18T14:40:24.618629,"Purohit Circle, Mysuru"
2894,2025-10-22T01:40:24.618836,2025-10-22T14:40:24.618836,"Mand Road, Tumakuru"
2895,2024-12-26T10:40:24.618996,2024-12-26T14:40:24.618996,"Wali Circle, Gadag"
2896,2024-09-25T07:40:24.619267,2024-09-25T14:40:24.619267,"Sangha Chowk, Chamarajanagara"
2897,2026-05-07T01:40:24.619427,2026-05-07T14:40:24.619427,"Chacko Chowk, Vijayanagara"
2898,2025-06-03T02:40:24.619627,2025-06-05T14:40:24.619627,"Hari Ganj, Mandya"
2899,2025-11-28T15:40:24.619788,2025-11-30T14:40:24.619788,"Dube Nagar, Yadgir"
2900,2024-07-30T11:40:24.620048,2024-07-31T14:40:24.620048,"Wadhwa Ganj, Hassan"
2901,2024-08-09T06:40:24.620224,2024-08-09T14:40:24.620224,"Soman Zila, Bengaluru Urban"
2902,2025-12-12T19:40:24.620380,2025-12-15T14:40:24.620380,"Pillai Street, Ballari"
2903,2024-10-04T17:40:24.620727,2024-10-07T14:40:24.620727,"Kaul Marg, Chitradurga"
2904,2024-08-24T09:40:24.621014,2024-08-26T14:40:24.621014,"Ahuja Chowk, Ramanagara"
2905,2025-05-02T23:40:24.621233,2025-05-04T14:40:24.621233,"Keer Chowk, Kalaburagi"
2906,2024-09-03T16:40:24.621402,2024-09-04T14:40:24.621402,"Nadkarni Street, Belagavi"
2907,2025-12-08T18:40:24.621607,2025-12-09T14:40:24.621607,"Bandi Marg, Kodagu"
2908,2025-03-15T21:40:24.621744,2025-03-17T14:40:24.621744,"Sarraf Nagar, Vijayanagara"
2909,2024-11-07T12:40:24.621923,2024-11-08T14:40:24.621923,"Pathak Zila, Yadgir"
2910,2025-12-08T20:40:24.622188,2025-12-11T14:40:24.622188,"Bala Ganj, Yadgir"
2911,2026-01-01T03:40:24.622507,2026-01-02T14:40:24.622507,"Chandra Road, Belagavi"
2912,2025-12-10T04:40:24.622759,2025-12-10T14:40:24.622759,"Ray Nagar, Tumakuru"
2913,2024-11-28T10:40:24.623034,2024-11-30T14:40:24.623034,"Baria Street, Belagavi"
2914,2025-01-30T16:40:24.623163,2025-01-31T14:40:24.623163,"Sood Chowk, Ramanagara"
2915,2026-05-24T12:40:24.623456,2026-05-26T14:40:24.623456,"Sibal Road, Kalaburagi"
2916,2026-02-15T18:40:24.623634,2026-02-17T14:40:24.623634,"Sachar Zila, Chikkaballapura"
2917,2024-08-22T23:40:24.623896,2024-08-24T14:40:24.623896,"Sha Road, Belagavi"
2918,2025-06-25T02:40:24.624101,2025-06-26T14:40:24.624101,"Muni Marg, Kalaburagi"
2919,2025-10-26T04:40:24.624268,2025-10-26T14:40:24.624268,"Batra Marg, Vijayanagara"
2920,2025-02-12T07:40:24.624601,2025-02-14T14:40:24.624601,"Patla Ganj, Chikkamagaluru"
2921,2025-06-23T22:40:24.624840,2025-06-26T14:40:24.624840,"Shere Road, Dharwad"
2922,2024-08-21T22:40:24.625054,2024-08-24T14:40:24.625054,"Borah Chowk, Davanagere"
2923,2024-09-05T19:40:24.625267,2024-09-06T14:40:24.625267,"Vora Nagar, Raichur"
2924,2026-04-24T09:40:24.625389,2026-04-24T14:40:24.625389,"Ramachandran, Belagavi"
2925,2026-06-10T04:40:24.625531,2026-06-11T14:40:24.625531,"Sagar Street, Chikkaballapura"
2926,2026-01-05T12:40:24.625801,2026-01-06T14:40:24.625801,"Bal, Kolar"
2927,2026-05-25T19:40:24.625912,2026-05-26T14:40:24.625912,"Hayer Path, Belagavi"
2928,2024-09-26T21:40:24.626156,2024-09-28T14:40:24.626156,"Raman Marg, Chamarajanagara"
2929,2025-06-21T00:40:24.626299,2025-06-21T14:40:24.626299,"Ganesan Street, Davanagere"
2930,2026-06-13T09:40:24.626454,2026-06-15T14:40:24.626454,"Iyer Marg, Belagavi"
2931,2026-07-11T00:40:24.626598,2026-07-11T14:40:24.626598,"Patil Path, Belagavi"
2932,2024-10-31T16:40:24.626824,2024-11-03T14:40:24.626824,"Badami Ganj, Dakshina Kannada"
2933,2026-01-09T19:40:24.627200,2026-01-12T14:40:24.627200,"Buch Road, Belagavi"
2934,2024-10-11T23:40:24.627363,2024-10-14T14:40:24.627363,"Kurian, Hassan"
2935,2026-01-27T16:40:24.627489,2026-01-29T14:40:24.627489,"Tak Nagar, Chikkamagaluru"
2936,2026-02-20T14:40:24.627748,2026-02-21T14:40:24.627748,"Sama Path, Dharwad"
2937,2025-12-28T20:40:24.627975,2025-12-30T14:40:24.627975,"Grover Road, Chamarajanagara"
2938,2025-08-31T19:40:24.628267,2025-09-02T14:40:24.628267,"Luthra Road, Chikkaballapura"
2939,2026-04-25T15:40:24.628576,2026-04-27T14:40:24.628576,"Nath Ganj, Chikkaballapura"
2940,2026-04-08T23:40:24.628781,2026-04-09T14:40:24.628781,"Sharma Road, Belagavi"
2941,2025-02-21T02:40:24.629058,2025-02-21T14:40:24.629058,"Padmanabhan Marg, Belagavi"
2942,2024-12-09T03:40:24.629247,2024-12-09T14:40:24.629247,"Loke Marg, Belagavi"
2943,2024-10-04T01:40:24.629356,2024-10-06T14:40:24.629356,"Kapur Zila, Bagalkote"
2944,2024-08-29T21:40:24.629523,2024-08-30T14:40:24.629523,"Deshpande Path, Dakshina Kannada"
2945,2025-08-31T15:40:24.629737,2025-09-02T14:40:24.629737,"Narasimhan Nagar, Vijayapura"
2946,2026-04-26T02:40:24.630022,2026-04-27T14:40:24.630022,"Gokhale Street, Bengaluru Urban"
2947,2026-04-27T03:40:24.630468,2026-04-28T14:40:24.630468,"Behl Marg, Dharwad"
2948,2026-02-08T23:40:24.630732,2026-02-10T14:40:24.630732,"Madan Marg, Belagavi"
2949,2026-03-11T20:40:24.630965,2026-03-13T14:40:24.630965,"Mutti Road, Belagavi"
2950,2026-05-02T00:40:24.631146,2026-05-03T14:40:24.631146,"Bansal, Hassan"
2951,2026-06-06T06:40:24.631278,2026-06-07T14:40:24.631278,"Mistry Chowk, Kodagu"
2952,2025-10-17T08:40:24.631382,2025-10-19T14:40:24.631382,"Sathe Circle, Belagavi"
2953,2024-12-26T07:40:24.631528,2024-12-28T14:40:24.631528,"Vasa Chowk, Belagavi"
2954,2026-07-01T19:40:24.631654,2026-07-04T14:40:24.631654,"Venkatesh Zila, Mysuru"
2955,2026-02-21T08:40:24.632221,2026-02-23T14:40:24.632221,"Shroff Street, Vijayapura"
2956,2025-08-15T19:40:24.632741,2025-08-17T14:40:24.632741,"Bhakta Chowk, Bidar"
2957,2025-10-30T12:40:24.633133,2025-10-30T14:40:24.633133,"Kata Marg, Hassan"
2958,2026-01-27T08:40:24.633256,2026-01-28T14:40:24.633256,"Golla Nagar, Belagavi"
2959,2026-01-11T02:40:24.633378,2026-01-12T14:40:24.633378,"Raval Zila, Kalaburagi"
2960,2025-01-29T00:40:24.633514,2025-01-30T14:40:24.633514,"Soman Zila, Vijayanagara"
2961,2025-03-11T05:40:24.633904,2025-03-13T14:40:24.633904,"Dube Chowk, Dharwad"
2962,2025-01-14T13:40:24.634111,2025-01-14T14:40:24.634111,"Kara Zila, Mandya"
2963,2026-02-23T10:40:24.634390,2026-02-23T14:40:24.634390,"Kar Marg, Tumakuru"
2964,2025-10-01T20:40:24.634648,2025-10-03T14:40:24.634648,"Sarna, Belagavi"
2965,2025-11-11T22:40:24.634819,2025-11-12T14:40:24.634819,"Joshi Chowk, Chikkaballapura"
2966,2025-04-03T15:40:24.635031,2025-04-04T14:40:24.635031,"Murty Chowk, Mysuru"
2967,2026-05-10T03:40:24.635207,2026-05-12T14:40:24.635207,"Jaggi Street, Dharwad"
2968,2026-05-13T20:40:24.635453,2026-05-14T14:40:24.635453,"Koshy Zila, Yadgir"
2969,2024-07-23T07:40:24.635705,2024-07-23T14:40:24.635705,"Kalita Street, Yadgir"
2970,2025-04-13T18:40:24.636024,2025-04-15T14:40:24.636024,"Bains Ganj, Ballari"
2971,2024-09-08T00:40:24.636265,2024-09-10T14:40:24.636265,"Suresh Nagar, Koppal"
2972,2026-05-03T00:40:24.636482,2026-05-05T14:40:24.636482,"Mangal Marg, Vijayanagara"
2973,2026-03-06T13:40:24.636764,2026-03-06T14:40:24.636764,"Khanna Ganj, Mysuru"
2974,2025-12-14T14:40:24.636875,2025-12-15T14:40:24.636875,"Sampath Path, Chikkaballapura"
2975,2026-05-31T23:40:24.637036,2026-06-03T14:40:24.637036,"Sha Chowk, Davanagere"
2976,2025-12-03T02:40:24.637270,2025-12-03T14:40:24.637270,"Hegde Zila, Mysuru"
2977,2024-11-27T08:40:24.637523,2024-11-29T14:40:24.637523,"Dyal Path, Kodagu"
2978,2024-10-07T00:40:24.637836,2024-10-09T14:40:24.637836,"Pandey Zila, Belagavi"
2979,2024-08-28T22:40:24.638068,2024-08-30T14:40:24.638068,"Pai Path, Kolar"
2980,2025-01-14T03:40:24.638206,2025-01-15T14:40:24.638206,"Ahluwalia Nagar, Udupi"
2981,2025-02-03T08:40:24.638319,2025-02-04T14:40:24.638319,"Misra Circle, Raichur"
2982,2024-11-16T14:40:24.638637,2024-11-18T14:40:24.638637,"Raj Nagar, Dakshina Kannada"
2983,2025-10-01T15:40:24.638825,2025-10-03T14:40:24.638825,"Pant Path, Shivamogga"
2984,2026-03-28T04:40:24.638973,2026-03-29T14:40:24.638973,"Bal Circle, Chitradurga"
2985,2026-05-04T23:40:24.639214,2026-05-05T14:40:24.639214,"Madan Path, Kodagu"
2986,2026-07-08T07:40:24.639422,2026-07-08T14:40:24.639422,"Lata Street, Mandya"
2987,2025-12-13T08:40:24.639620,2025-12-15T14:40:24.639620,"Brahmbhatt Ganj, Kolar"
2988,2026-06-13T14:40:24.639935,2026-06-16T14:40:24.639935,"Gade Road, Bagalkote"
2989,2025-11-15T05:40:24.640124,2025-11-17T14:40:24.640124,"Mann Road, Kodagu"
2990,2025-07-02T00:40:24.640292,2025-07-04T14:40:24.640292,"Boase Road, Vijayanagara"
2991,2025-04-08T17:40:24.640463,2025-04-11T14:40:24.640463,"Chada Road, Bengaluru Rural"
2992,2026-02-09T17:40:24.640709,2026-02-12T14:40:24.640709,"Prabhakar Path, Belagavi"
2993,2025-03-18T03:40:24.640804,2025-03-18T14:40:24.640804,"Vig Path, Bengaluru Rural"
2994,2026-02-01T00:40:24.641087,2026-02-01T14:40:24.641087,"Natarajan Zila, Belagavi"
2995,2025-04-28T04:40:24.641223,2025-04-28T14:40:24.641223,"Som Chowk, Tumakuru"
2996,2024-07-12T19:40:24.641433,2024-07-14T14:40:24.641433,"Char Chowk, Belagavi"
2997,2025-01-31T23:40:24.641631,2025-02-02T14:40:24.641631,"Nanda Marg, Dakshina Kannada"
2998,2026-02-12T05:40:24.641768,2026-02-12T14:40:24.641768,"Iyengar Chowk, Ballari"
2999,2025-12-09T06:40:24.641944,2025-12-11T14:40:24.641944,"Banerjee Marg, Mandya"
3000,2024-11-20T02:40:24.642224,2024-11-20T14:40:24.642224,"Tiwari, Shivamogga"
3001,2026-01-24T01:40:24.642438,2026-01-24T14:40:24.642438,"Lanka Path, Vijayanagara"
3002,2026-02-15T12:40:24.642774,2026-02-16T14:40:24.642774,"Bhatnagar Road, Belagavi"
3003,2025-10-07T18:40:24.642966,2025-10-10T14:40:24.642966,"Sinha Chowk, Belagavi"
3004,2024-10-06T14:40:24.643277,2024-10-09T14:40:24.643277,"Chacko Path, Dakshina Kannada"
3005,2025-09-29T15:40:24.643411,2025-09-30T14:40:24.643411,"Rajan Marg, Chamarajanagara"
3006,2025-04-16T01:40:24.643531,2025-04-16T14:40:24.643531,"Raj Street, Mysuru"
3007,2025-04-12T02:40:24.643879,2025-04-12T14:40:24.643879,"Sahni Circle, Vijayapura"
3008,2025-10-27T23:40:24.644038,2025-10-30T14:40:24.644038,"Bahri Path, Bengaluru Rural"
3009,2025-08-01T00:40:24.644146,2025-08-03T14:40:24.644146,"Bava Path, Bagalkote"
3010,2025-10-31T23:40:24.644354,2025-11-02T14:40:24.644354,"Bhatti Marg, Davanagere"
3011,2025-04-07T03:40:24.644745,2025-04-08T14:40:24.644745,"Vig Chowk, Ramanagara"
3012,2025-08-23T11:40:24.644915,2025-08-23T14:40:24.644915,"Sridhar Zila, Mysuru"
3013,2024-09-25T23:40:24.645149,2024-09-26T14:40:24.645149,"Goel Street, Mysuru"
3014,2024-10-04T22:40:24.645409,2024-10-07T14:40:24.645409,"Sodhi Marg, Kolar"
3015,2026-03-14T15:40:24.645534,2026-03-15T14:40:24.645534,"Deshpande Ganj, Belagavi"
3016,2025-11-04T20:40:24.645693,2025-11-07T14:40:24.645693,"Tailor Ganj, Mysuru"
3017,2025-04-06T08:40:24.645896,2025-04-08T14:40:24.645896,"Andra Marg, Bagalkote"
3018,2026-07-02T00:40:24.646144,2026-07-04T14:40:24.646144,"Bava, Belagavi"
3019,2026-04-02T19:40:24.646398,2026-04-04T14:40:24.646398,"Raj Street, Koppal"
3020,2025-05-21T16:40:24.646607,2025-05-23T14:40:24.646607,"Rattan Circle, Belagavi"
3021,2026-02-27T01:40:24.646841,2026-02-28T14:40:24.646841,"Kapur Road, Chamarajanagara"
3022,2026-06-06T20:40:24.647035,2026-06-08T14:40:24.647035,"Ramanathan Chowk, Ballari"
3023,2026-01-21T21:40:24.647150,2026-01-22T14:40:24.647150,"Gandhi Road, Belagavi"
3024,2024-09-02T07:40:24.647329,2024-09-03T14:40:24.647329,"Rau Chowk, Raichur"
3025,2025-01-20T11:40:24.647479,2025-01-22T14:40:24.647479,"Dayal Road, Udupi"
3026,2026-02-16T23:40:24.647779,2026-02-18T14:40:24.647779,"Bajaj Marg, Mysuru"
3027,2026-02-04T22:40:24.647957,2026-02-07T14:40:24.647957,"Ravel, Belagavi"
3028,2026-05-09T08:40:24.648157,2026-05-09T14:40:24.648157,"Basak, Ramanagara"
3029,2025-08-11T11:40:24.648388,2025-08-12T14:40:24.648388,"Wable, Mandya"
3030,2025-06-14T19:40:24.648659,2025-06-16T14:40:24.648659,"Vora Ganj, Kalaburagi"
3031,2024-09-03T06:40:24.648770,2024-09-04T14:40:24.648770,"Trivedi Chowk, Dakshina Kannada"
3032,2024-12-01T18:40:24.648960,2024-12-02T14:40:24.648960,"Sule Path, Ramanagara"
3033,2025-06-26T12:40:24.649126,2025-06-26T14:40:24.649126,"Mand Chowk, Belagavi"
3034,2024-07-27T20:40:24.649344,2024-07-28T14:40:24.649344,"Sawhney Zila, Ramanagara"
3035,2026-03-27T16:40:24.649456,2026-03-28T14:40:24.649456,"Ram Nagar, Ballari"
3036,2025-05-06T07:40:24.649640,2025-05-08T14:40:24.649640,"Chadha Road, Bengaluru Urban"
3037,2024-12-05T08:40:24.649819,2024-12-05T14:40:24.649819,"Sehgal Street, Dakshina Kannada"
3038,2024-11-04T06:40:24.649979,2024-11-05T14:40:24.649979,"Mandal Zila, Mysuru"
3039,2026-05-06T04:40:24.650179,2026-05-06T14:40:24.650179,"Golla Path, Kodagu"
3040,2026-03-14T22:40:24.650437,2026-03-15T14:40:24.650437,"Parmar, Bidar"
3041,2024-07-25T23:40:24.650870,2024-07-26T14:40:24.650870,"Talwar Road, Tumakuru"
3042,2026-05-02T01:40:24.650982,2026-05-03T14:40:24.650982,"Apte Ganj, Bengaluru Urban"
3043,2025-03-01T08:40:24.651260,2025-03-03T14:40:24.651260,"Bakshi Ganj, Shivamogga"
3044,2025-03-17T15:40:24.651352,2025-03-19T14:40:24.651352,"Mand Street, Belagavi"
3045,2026-05-16T01:40:24.651651,2026-05-18T14:40:24.651651,"Mohanty Street, Vijayapura"
3046,2025-01-09T15:40:24.651801,2025-01-10T14:40:24.651801,"Chada Circle, Ramanagara"
3047,2024-10-30T03:40:24.652067,2024-10-31T14:40:24.652067,"Tandon Circle, Bengaluru Rural"
3048,2025-04-08T05:40:24.652326,2025-04-09T14:40:24.652326,"Virk, Yadgir"
3049,2024-08-30T09:40:24.652692,2024-08-31T14:40:24.652692,"Chanda Chowk, Chitradurga"
3050,2026-05-12T20:40:24.652930,2026-05-15T14:40:24.652930,"Khare Chowk, Raichur"
3051,2025-06-29T03:40:24.653105,2025-06-30T14:40:24.653105,"Bhatti Street, Gadag"
3052,2026-01-21T09:40:24.653251,2026-01-21T14:40:24.653251,"Hora, Belagavi"
3053,2025-07-17T06:40:24.653452,2025-07-19T14:40:24.653452,"Naidu Path, Udupi"
3054,2026-02-02T05:40:24.653594,2026-02-04T14:40:24.653594,"Bali Zila, Haveri"
3055,2025-06-16T10:40:24.653724,2025-06-18T14:40:24.653724,"Biswas Path, Belagavi"
3056,2026-07-01T12:40:24.653955,2026-07-03T14:40:24.653955,"Kalita Road, Mysuru"
3057,2024-09-22T18:40:24.654141,2024-09-23T14:40:24.654141,"Sarkar Ganj, Vijayanagara"
3058,2025-06-25T13:40:24.654268,2025-06-25T14:40:24.654268,"Tripathi, Davanagere"
3059,2025-01-30T05:40:24.654384,2025-01-30T14:40:24.654384,"Purohit Nagar, Belagavi"
3060,2025-05-19T14:40:24.654529,2025-05-21T14:40:24.654529,"Sekhon Road, Udupi"
3061,2024-12-22T11:40:24.654771,2024-12-24T14:40:24.654771,"Devi Zila, Dakshina Kannada"
3062,2024-12-05T22:40:24.654964,2024-12-07T14:40:24.654964,"Saran Zila, Haveri"
3063,2025-01-04T17:40:24.655143,2025-01-07T14:40:24.655143,"Mahal Zila, Bengaluru Rural"
3064,2025-11-13T11:40:24.655259,2025-11-13T14:40:24.655259,"Hayre Road, Belagavi"
3065,2026-04-11T13:40:24.655474,2026-04-13T14:40:24.655474,"Batta, Belagavi"
3066,2026-04-24T15:40:24.655728,2026-04-27T14:40:24.655728,"Bala, Kodagu"
3067,2026-06-01T05:40:24.656015,2026-06-01T14:40:24.656015,"Mistry Ganj, Belagavi"
3068,2024-11-17T20:40:24.656126,2024-11-20T14:40:24.656126,"Aggarwal Nagar, Belagavi"
3069,2025-07-20T00:40:24.656352,2025-07-20T14:40:24.656352,"Zacharia Circle, Belagavi"
3070,2026-05-08T23:40:24.656534,2026-05-11T14:40:24.656534,"Chatterjee Path, Belagavi"
3071,2025-01-16T10:40:24.656938,2025-01-17T14:40:24.656938,"Ratta Marg, Hassan"
3072,2026-06-14T14:40:24.657079,2026-06-15T14:40:24.657079,"Natarajan Circle, Koppal"
3073,2024-12-15T20:40:24.657214,2024-12-18T14:40:24.657214,"Dhar Circle, Belagavi"
3074,2026-05-17T16:40:24.657384,2026-05-20T14:40:24.657384,"Dube Zila, Kalaburagi"
3075,2026-02-21T00:40:24.657689,2026-02-21T14:40:24.657689,"Bhandari Path, Raichur"
3076,2025-06-27T19:40:24.657923,2025-06-29T14:40:24.657923,"Toor Road, Belagavi"
3077,2026-02-24T02:40:24.658141,2026-02-24T14:40:24.658141,"Chaudhuri Road, Ramanagara"
3078,2026-05-22T07:40:24.658399,2026-05-24T14:40:24.658399,"Char Zila, Bengaluru Urban"
3079,2024-10-09T09:40:24.658650,2024-10-11T14:40:24.658650,"Deep Zila, Belagavi"
3080,2024-11-04T10:40:24.658884,2024-11-04T14:40:24.658884,"Sha Marg, Chikkamagaluru"
3081,2026-07-04T17:40:24.659141,2026-07-07T14:40:24.659141,"Memon Zila, Hassan"
3082,2024-07-21T15:40:24.659398,2024-07-24T14:40:24.659398,"Madan Nagar, Mysuru"
3083,2026-01-11T08:40:24.659655,2026-01-13T14:40:24.659655,"Swaminathan Circle, Belagavi"
3084,2025-11-11T00:40:24.659938,2025-11-11T14:40:24.659938,"Parikh, Dharwad"
3085,2025-03-23T14:40:24.660155,2025-03-25T14:40:24.660155,"Mody Circle, Kalaburagi"
3086,2026-02-21T18:40:24.660273,2026-02-24T14:40:24.660273,"Edwin Nagar, Belagavi"
3087,2024-11-17T02:40:24.660458,2024-11-17T14:40:24.660458,"Dhingra Road, Belagavi"
3088,2024-07-26T03:40:24.660801,2024-07-26T14:40:24.660801,"Devi Nagar, Belagavi"
3089,2025-03-31T07:40:24.660947,2025-04-01T14:40:24.660947,"Kade Zila, Belagavi"
3090,2025-07-11T06:40:24.661177,2025-07-13T14:40:24.661177,"Devi, Udupi"
3091,2025-12-31T05:40:24.661377,2026-01-01T14:40:24.661377,"Gour Chowk, Belagavi"
3092,2026-06-30T12:40:24.661588,2026-07-01T14:40:24.661588,"Rai, Belagavi"
3093,2026-05-13T22:40:24.661853,2026-05-15T14:40:24.661853,"Dave Street, Belagavi"
3094,2024-11-29T04:40:24.662047,2024-12-01T14:40:24.662047,"Kade Street, Dharwad"
3095,2025-11-05T03:40:24.662194,2025-11-07T14:40:24.662194,"Sur Marg, Mandya"
3096,2025-07-06T06:40:24.662358,2025-07-08T14:40:24.662358,"Setty Chowk, Belagavi"
3097,2025-06-04T23:40:24.662700,2025-06-07T14:40:24.662700,"Nori Road, Udupi"
3098,2025-06-19T10:40:24.663031,2025-06-20T14:40:24.663031,"Sharaf Path, Mandya"
3099,2024-09-15T16:40:24.663168,2024-09-18T14:40:24.663168,"Lad Chowk, Belagavi"
3100,2026-03-24T07:40:24.663411,2026-03-25T14:40:24.663411,"Borra Circle, Belagavi"
3101,2024-10-12T13:40:24.663711,2024-10-14T14:40:24.663711,"Dass Path, Belagavi"
3102,2025-09-13T18:40:24.663976,2025-09-15T14:40:24.663976,"Kala Zila, Udupi"
3103,2025-04-17T20:40:24.664255,2025-04-20T14:40:24.664255,"Bala Ganj, Vijayanagara"
3104,2025-06-27T03:40:24.664354,2025-06-29T14:40:24.664354,"Chawla Ganj, Chikkamagaluru"
3105,2026-05-05T08:40:24.664512,2026-05-05T14:40:24.664512,"Gill, Belagavi"
3106,2024-08-30T08:40:24.664671,2024-08-31T14:40:24.664671,"Ben Road, Yadgir"
3107,2024-08-27T11:40:24.664850,2024-08-28T14:40:24.664850,"Pant Circle, Bengaluru Urban"
3108,2026-06-23T18:40:24.665021,2026-06-25T14:40:24.665021,"Dube Street, Belagavi"
3109,2024-07-28T11:40:24.665147,2024-07-29T14:40:24.665147,"Ravi, Davanagere"
3110,2026-03-10T23:40:24.665239,2026-03-13T14:40:24.665239,"Chhabra Nagar, Belagavi"
3111,2024-08-04T12:40:24.665391,2024-08-06T14:40:24.665391,"Prakash Street, Gadag"
3112,2026-02-05T13:40:24.665518,2026-02-05T14:40:24.665518,"Hayer Marg, Belagavi"
3113,2026-01-26T04:40:24.665730,2026-01-28T14:40:24.665730,"Nayak Zila, Belagavi"
3114,2025-12-11T21:40:24.665893,2025-12-14T14:40:24.665893,"Bali Street, Dakshina Kannada"
3115,2026-04-27T08:40:24.666024,2026-04-28T14:40:24.666024,"Char Street, Hassan"
3116,2026-07-09T02:40:24.666216,2026-07-09T14:40:24.666216,"Pandya Marg, Ballari"
3117,2025-04-04T19:40:24.666386,2025-04-07T14:40:24.666386,"Bath Zila, Belagavi"
3118,2025-10-22T02:40:24.666625,2025-10-23T14:40:24.666625,"Gala Road, Yadgir"
3119,2026-04-02T17:40:24.666866,2026-04-04T14:40:24.666866,"Wagle Ganj, Gadag"
3120,2026-01-27T01:40:24.667003,2026-01-29T14:40:24.667003,"Rao Nagar, Belagavi"
3121,2024-07-28T08:40:24.667157,2024-07-28T14:40:24.667157,"Randhawa Zila, Ramanagara"
3122,2025-08-15T05:40:24.667422,2025-08-16T14:40:24.667422,"Banerjee, Davanagere"
3123,2025-09-07T18:40:24.667684,2025-09-08T14:40:24.667684,"Bali Chowk, Kalaburagi"
3124,2025-04-01T18:40:24.667798,2025-04-02T14:40:24.667798,"Nagy Ganj, Tumakuru"
3125,2026-06-27T07:40:24.668116,2026-06-28T14:40:24.668116,"Balay, Belagavi"
3126,2025-07-23T12:40:24.668369,2025-07-24T14:40:24.668369,"Garg Path, Belagavi"
3127,2024-10-04T21:40:24.668672,2024-10-07T14:40:24.668672,"Ravel Chowk, Belagavi"
3128,2026-01-13T09:40:24.668761,2026-01-13T14:40:24.668761,"Kuruvilla Street, Vijayanagara"
3129,2025-05-26T18:40:24.669115,2025-05-27T14:40:24.669115,"Gopal Path, Raichur"
3130,2025-05-31T20:40:24.669254,2025-06-02T14:40:24.669254,"Bains Nagar, Belagavi"
3131,2024-11-14T22:40:24.669400,2024-11-15T14:40:24.669400,"Jaggi Nagar, Kolar"
3132,2024-11-11T20:40:24.669693,2024-11-13T14:40:24.669693,"Mani Chowk, Tumakuru"
3133,2025-02-12T16:40:24.669827,2025-02-14T14:40:24.669827,"Saha Chowk, Belagavi"
3134,2025-10-26T12:40:24.669945,2025-10-26T14:40:24.669945,"More Street, Bengaluru Rural"
3135,2026-02-19T07:40:24.670062,2026-02-19T14:40:24.670062,"Bal Circle, Bengaluru Urban"
3136,2026-07-07T18:40:24.670167,2026-07-09T14:40:24.670167,"Goel Marg, Kalaburagi"
3137,2025-05-15T01:40:24.670281,2025-05-16T14:40:24.670281,"Sule Street, Bengaluru Urban"
3138,2024-11-25T09:40:24.670390,2024-11-27T14:40:24.670390,"Divan Street, Bengaluru Rural"
3139,2026-01-28T02:40:24.670515,2026-01-28T14:40:24.670515,"Guha, Belagavi"
3140,2025-06-08T01:40:24.670802,2025-06-08T14:40:24.670802,"Kar Zila, Raichur"
3141,2025-10-03T02:40:24.671030,2025-10-03T14:40:24.671030,"Chander Zila, Haveri"
3142,2026-05-08T14:40:24.671267,2026-05-10T14:40:24.671267,"Sant Ganj, Belagavi"
3143,2026-05-04T04:40:24.671452,2026-05-06T14:40:24.671452,"Gour Nagar, Belagavi"
3144,2025-01-20T11:40:24.671653,2025-01-21T14:40:24.671653,"Agrawal Chowk, Mysuru"
3145,2026-04-08T17:40:24.671805,2026-04-09T14:40:24.671805,"Dar Ganj, Ramanagara"
3146,2025-04-13T17:40:24.671991,2025-04-14T14:40:24.671991,"Mitra Street, Chikkaballapura"
3147,2024-08-06T08:40:24.672161,2024-08-08T14:40:24.672161,"Jani Chowk, Davanagere"
3148,2025-09-30T01:40:24.672406,2025-10-02T14:40:24.672406,"Bajwa Zila, Chitradurga"
3149,2026-07-07T11:40:24.672607,2026-07-07T14:40:24.672607,"Kar Road, Chikkamagaluru"
3150,2025-08-06T03:40:24.672947,2025-08-07T14:40:24.672947,"Sundaram Zila, Udupi"
3151,2024-10-22T17:40:24.673143,2024-10-24T14:40:24.673143,"Pal Road, Bengaluru Urban"
3152,2024-11-05T19:40:24.673274,2024-11-08T14:40:24.673274,"Hayre Road, Belagavi"
3153,2024-11-20T23:40:24.673426,2024-11-22T14:40:24.673426,"Saraf Circle, Mysuru"
3154,2025-05-17T23:40:24.673657,2025-05-19T14:40:24.673657,"Apte Marg, Kodagu"
3155,2024-10-06T03:40:24.673792,2024-10-07T14:40:24.673792,"Brar Chowk, Chitradurga"
3156,2026-04-27T03:40:24.673902,2026-04-27T14:40:24.673902,"Prasad, Vijayapura"
3157,2025-01-09T12:40:24.674138,2025-01-11T14:40:24.674138,"Chakraborty Road, Shivamogga"
3158,2025-08-10T13:40:24.674372,2025-08-11T14:40:24.674372,"Dhawan, Bengaluru Rural"
3159,2025-03-19T06:40:24.674672,2025-03-19T14:40:24.674672,"Magar Circle, Mysuru"
3160,2026-02-02T06:40:24.674819,2026-02-03T14:40:24.674819,"Menon, Belagavi"
3161,2024-10-01T12:40:24.675083,2024-10-01T14:40:24.675083,"Virk Circle, Davanagere"
3162,2025-02-20T08:40:24.675389,2025-02-21T14:40:24.675389,"Jain Road, Mysuru"
3163,2024-12-27T17:40:24.675608,2024-12-30T14:40:24.675608,"Madan Path, Mysuru"
3164,2025-12-16T20:40:24.675878,2025-12-19T14:40:24.675878,"Sarkar Zila, Chamarajanagara"
3165,2026-04-14T18:40:24.676163,2026-04-16T14:40:24.676163,"Keer Marg, Tumakuru"
3166,2025-04-22T01:40:24.676364,2025-04-23T14:40:24.676364,"Dani Road, Vijayapura"
3167,2025-03-17T10:40:24.676457,2025-03-19T14:40:24.676457,"Din Marg, Chikkamagaluru"
3168,2025-06-10T08:40:24.676784,2025-06-10T14:40:24.676784,"Kata Marg, Shivamogga"
3169,2024-07-20T13:40:24.676903,2024-07-22T14:40:24.676903,"Bala Nagar, Gadag"
3170,2026-01-15T15:40:24.677064,2026-01-16T14:40:24.677064,"Chauhan Marg, Belagavi"
3171,2026-02-16T20:40:24.677269,2026-02-18T14:40:24.677269,"Chakrabarti Path, Gadag"
3172,2024-11-27T12:40:24.677389,2024-11-29T14:40:24.677389,"Kunda Chowk, Kalaburagi"
3173,2025-03-14T03:40:24.677697,2025-03-14T14:40:24.677697,"Munshi Road, Ramanagara"
3174,2024-11-02T06:40:24.677927,2024-11-02T14:40:24.677927,"Basak Zila, Kalaburagi"
3175,2025-07-03T23:40:24.678164,2025-07-06T14:40:24.678164,"Barman, Bagalkote"
3176,2026-01-27T04:40:24.678300,2026-01-29T14:40:24.678300,"Choudhry Chowk, Belagavi"
3177,2026-06-11T20:40:24.678584,2026-06-13T14:40:24.678584,"Puri Circle, Belagavi"
3178,2026-07-09T17:40:24.678849,2026-07-10T14:40:24.678849,"Parmar Ganj, Belagavi"
3179,2025-03-09T05:40:24.679037,2025-03-09T14:40:24.679037,"Ramanathan, Belagavi"
3180,2026-02-09T18:40:24.679275,2026-02-11T14:40:24.679275,"Anne Path, Belagavi"
3181,2024-08-16T21:40:24.679462,2024-08-17T14:40:24.679462,"Srivastava Marg, Gadag"
3182,2025-09-16T08:40:24.679683,2025-09-16T14:40:24.679683,"Ramachandran, Belagavi"
3183,2026-01-21T01:40:24.679909,2026-01-22T14:40:24.679909,"Choudhury Nagar, Belagavi"
3184,2025-11-18T06:40:24.680098,2025-11-19T14:40:24.680098,"Shukla Zila, Bidar"
3185,2024-12-03T23:40:24.680237,2024-12-04T14:40:24.680237,"Padmanabhan Street, Bengaluru Urban"
3186,2025-01-01T12:40:24.680500,2025-01-02T14:40:24.680500,"Doctor Nagar, Kodagu"
3187,2026-03-31T06:40:24.680688,2026-03-31T14:40:24.680688,"Sheth Ganj, Belagavi"
3188,2024-11-12T04:40:24.680861,2024-11-13T14:40:24.680861,"Sanghvi Marg, Belagavi"
3189,2025-12-25T04:40:24.681074,2025-12-27T14:40:24.681074,"Johal Zila, Kolar"
3190,2025-02-02T16:40:24.681394,2025-02-03T14:40:24.681394,"Nanda, Dharwad"
3191,2026-06-01T21:40:24.681770,2026-06-03T14:40:24.681770,"Sangha Circle, Belagavi"
3192,2025-08-29T11:40:24.682005,2025-08-31T14:40:24.682005,"Sachdev Chowk, Dharwad"
3193,2026-02-03T11:40:24.682127,2026-02-04T14:40:24.682127,"Thakur Marg, Belagavi"
3194,2025-07-03T19:40:24.682397,2025-07-06T14:40:24.682397,"Kannan Marg, Udupi"
3195,2026-04-06T02:40:24.682617,2026-04-07T14:40:24.682617,"Dugar Nagar, Hassan"
3196,2025-07-21T15:40:24.682891,2025-07-22T14:40:24.682891,"Raja Road, Bidar"
3197,2026-05-14T21:40:24.683037,2026-05-17T14:40:24.683037,"Sinha Road, Tumakuru"
3198,2024-09-16T21:40:24.683323,2024-09-18T14:40:24.683323,"Nori, Chikkamagaluru"
3199,2025-07-02T14:40:24.683528,2025-07-03T14:40:24.683528,"Shankar, Mandya"
3200,2025-05-11T21:40:24.683701,2025-05-14T14:40:24.683701,"Kadakia Ganj, Hassan"
3201,2025-08-05T16:40:24.683994,2025-08-06T14:40:24.683994,"Swaminathan, Mandya"
3202,2025-05-04T22:40:24.684129,2025-05-06T14:40:24.684129,"Mistry Nagar, Vijayanagara"
3203,2025-10-25T05:40:24.684365,2025-10-27T14:40:24.684365,"Savant Circle, Kalaburagi"
3204,2026-05-30T17:40:24.684601,2026-06-02T14:40:24.684601,"Sem Path, Belagavi"
3205,2026-05-09T06:40:24.684808,2026-05-10T14:40:24.684808,"Kakar Zila, Bagalkote"
3206,2025-04-14T01:40:24.684926,2025-04-14T14:40:24.684926,"Munshi, Belagavi"
3207,2024-09-27T19:40:24.685060,2024-09-29T14:40:24.685060,"Rama Path, Dharwad"
3208,2026-06-01T15:40:24.685350,2026-06-04T14:40:24.685350,"Rajagopal, Gadag"
3209,2026-05-18T00:40:24.685658,2026-05-20T14:40:24.685658,"Chada, Belagavi"
3210,2026-04-24T05:40:24.685820,2026-04-26T14:40:24.685820,"Kaur Ganj, Belagavi"
3211,2025-12-12T00:40:24.686026,2025-12-13T14:40:24.686026,"Shroff Nagar, Chikkamagaluru"
3212,2025-11-04T03:40:24.686198,2025-11-06T14:40:24.686198,"Baria, Bengaluru Rural"
3213,2024-11-12T00:40:24.686424,2024-11-13T14:40:24.686424,"Swaminathan Zila, Chitradurga"
3214,2024-07-10T14:40:24.686704,2024-07-12T14:40:24.686704,"Vaidya Street, Koppal"
3215,2026-04-10T06:40:24.686907,2026-04-10T14:40:24.686907,"Tailor Chowk, Belagavi"
3216,2024-10-01T20:40:24.687064,2024-10-04T14:40:24.687064,"Chand Path, Kalaburagi"
3217,2024-11-03T16:40:24.687291,2024-11-05T14:40:24.687291,"Sur, Chikkamagaluru"
3218,2026-03-01T09:40:24.687608,2026-03-01T14:40:24.687608,"Bassi Street, Haveri"
3219,2025-03-10T21:40:24.687807,2025-03-12T14:40:24.687807,"Natarajan Ganj, Belagavi"
3220,2026-02-17T15:40:24.688060,2026-02-18T14:40:24.688060,"Deo, Belagavi"
3221,2026-04-07T01:40:24.688236,2026-04-08T14:40:24.688236,"Menon Path, Bidar"
3222,2025-12-31T22:40:24.688473,2026-01-01T14:40:24.688473,"Mander Zila, Belagavi"
3223,2024-12-23T17:40:24.688747,2024-12-24T14:40:24.688747,"Ramesh Circle, Belagavi"
3224,2025-04-08T06:40:24.688892,2025-04-10T14:40:24.688892,"Khanna Zila, Koppal"
3225,2026-06-12T15:40:24.689013,2026-06-14T14:40:24.689013,"Sule Chowk, Bengaluru Rural"
3226,2026-04-24T07:40:24.689292,2026-04-24T14:40:24.689292,"Grewal Zila, Udupi"
3227,2025-10-16T08:40:24.689506,2025-10-18T14:40:24.689506,"Ben Nagar, Koppal"
3228,2024-07-23T21:40:24.689721,2024-07-24T14:40:24.689721,"Om Circle, Chikkamagaluru"
3229,2025-08-02T14:40:24.689855,2025-08-03T14:40:24.689855,"Mand Circle, Mysuru"
3230,2025-03-12T19:40:24.690081,2025-03-13T14:40:24.690081,"Keer Chowk, Mandya"
3231,2025-10-28T11:40:24.690328,2025-10-29T14:40:24.690328,"Madan Nagar, Belagavi"
3232,2025-05-06T20:40:24.690508,2025-05-08T14:40:24.690508,"Puri Zila, Bengaluru Urban"
3233,2025-06-25T20:40:24.690760,2025-06-26T14:40:24.690760,"Balakrishnan Ganj, Belagavi"
3234,2024-10-22T22:40:24.691056,2024-10-23T14:40:24.691056,"Parsa Road, Belagavi"
3235,2025-10-23T22:40:24.691424,2025-10-24T14:40:24.691424,"Warrior Zila, Kalaburagi"
3236,2025-04-24T08:40:24.691868,2025-04-26T14:40:24.691868,"Devan Marg, Chikkaballapura"
3237,2026-02-05T15:40:24.692130,2026-02-07T14:40:24.692130,"Khare Road, Belagavi"
3238,2024-09-24T10:40:24.692357,2024-09-26T14:40:24.692357,"Brahmbhatt, Davanagere"
3239,2025-05-13T18:40:24.692492,2025-05-14T14:40:24.692492,"Chowdhury Path, Belagavi"
3240,2026-06-08T18:40:24.692776,2026-06-10T14:40:24.692776,"Sha Marg, Belagavi"
3241,2026-05-05T06:40:24.692943,2026-05-07T14:40:24.692943,"Mallick Path, Mandya"
3242,2024-07-11T02:40:24.693122,2024-07-11T14:40:24.693122,"Bera, Shivamogga"
3243,2024-10-29T05:40:24.693309,2024-10-30T14:40:24.693309,"Kumer Street, Belagavi"
3244,2024-09-02T21:40:24.693417,2024-09-03T14:40:24.693417,"Subramaniam Marg, Bidar"
3245,2026-06-24T06:40:24.693783,2026-06-24T14:40:24.693783,"Mani Path, Belagavi"
3246,2026-01-31T05:40:24.693908,2026-01-31T14:40:24.693908,"Rao Zila, Ramanagara"
3247,2024-12-03T17:40:24.694127,2024-12-05T14:40:24.694127,"Keer Path, Belagavi"
3248,2025-07-17T08:40:24.694362,2025-07-17T14:40:24.694362,"Kala Road, Belagavi"
3249,2026-06-11T17:40:24.694689,2026-06-14T14:40:24.694689,"Sen Path, Belagavi"
3250,2026-01-15T16:40:24.694847,2026-01-18T14:40:24.694847,"Wagle Marg, Yadgir"
3251,2025-02-04T13:40:24.695116,2025-02-04T14:40:24.695116,"Wagle Path, Tumakuru"
3252,2025-05-12T20:40:24.695402,2025-05-15T14:40:24.695402,"Cherian Chowk, Belagavi"
3253,2026-04-08T20:40:24.695677,2026-04-11T14:40:24.695677,"Korpal Nagar, Belagavi"
3254,2026-01-08T00:40:24.695899,2026-01-10T14:40:24.695899,"Mani, Belagavi"
3255,2025-07-06T04:40:24.696082,2025-07-06T14:40:24.696082,"Viswanathan Street, Belagavi"
3256,2025-01-15T09:40:24.696279,2025-01-17T14:40:24.696279,"Wadhwa Zila, Hassan"
3257,2026-02-04T16:40:24.696455,2026-02-05T14:40:24.696455,"Saha Zila, Ballari"
3258,2026-02-12T03:40:24.696607,2026-02-13T14:40:24.696607,"Babu Nagar, Belagavi"
3259,2026-01-12T13:40:24.696758,2026-01-14T14:40:24.696758,"Raj Marg, Belagavi"
3260,2025-06-13T20:40:24.696980,2025-06-14T14:40:24.696980,"Doctor Nagar, Belagavi"
3261,2026-03-13T07:40:24.697220,2026-03-13T14:40:24.697220,"Choudhury Road, Shivamogga"
3262,2025-08-29T06:40:24.697366,2025-08-31T14:40:24.697366,"Sandal Zila, Haveri"
3263,2024-12-23T18:40:24.697577,2024-12-24T14:40:24.697577,"Sant Zila, Kodagu"
3264,2026-04-26T18:40:24.697825,2026-04-27T14:40:24.697825,"Dugar Road, Belagavi"
3265,2026-02-25T01:40:24.697959,2026-02-27T14:40:24.697959,"Pai Chowk, Mysuru"
3266,2026-06-28T00:40:24.698157,2026-06-30T14:40:24.698157,"Prasad Ganj, Belagavi"
3267,2026-06-21T22:40:24.698353,2026-06-22T14:40:24.698353,"Badal Street, Chitradurga"
3268,2025-01-15T05:40:24.698676,2025-01-17T14:40:24.698676,"Bhatia Ganj, Mandya"
3269,2026-03-08T06:40:24.698861,2026-03-08T14:40:24.698861,"Dugar Nagar, Belagavi"
3270,2026-03-08T16:40:24.698965,2026-03-09T14:40:24.698965,"Sachdeva Zila, Vijayanagara"
3271,2025-07-09T08:40:24.699211,2025-07-09T14:40:24.699211,"Seshadri Ganj, Yadgir"
3272,2025-11-17T05:40:24.699492,2025-11-17T14:40:24.699492,"Mann Circle, Ramanagara"
3273,2026-05-22T19:40:24.699988,2026-05-23T14:40:24.699988,"Gera Ganj, Chitradurga"
3274,2025-01-01T22:40:24.700241,2025-01-03T14:40:24.700241,"Mitter Path, Belagavi"
3275,2026-05-06T17:40:24.700413,2026-05-09T14:40:24.700413,"Brahmbhatt Zila, Belagavi"
3276,2026-01-19T20:40:24.700713,2026-01-20T14:40:24.700713,"Kohli Path, Haveri"
3277,2024-07-23T03:40:24.700885,2024-07-24T14:40:24.700885,"Sen, Chikkaballapura"
3278,2026-06-10T22:40:24.701056,2026-06-11T14:40:24.701056,"Chanda, Belagavi"
3279,2026-03-17T09:40:24.701370,2026-03-19T14:40:24.701370,"Mann Marg, Belagavi"
3280,2025-05-09T06:40:24.701634,2025-05-10T14:40:24.701634,"More Zila, Hassan"
3281,2025-11-24T05:40:24.701883,2025-11-24T14:40:24.701883,"Kant, Bengaluru Urban"
3282,2024-10-06T02:40:24.701993,2024-10-06T14:40:24.701993,"Toor Ganj, Mysuru"
3283,2025-04-08T23:40:24.702278,2025-04-11T14:40:24.702278,"Sule, Tumakuru"
3284,2026-02-20T06:40:24.702459,2026-02-22T14:40:24.702459,"Bala Road, Raichur"
3285,2024-08-11T02:40:24.702740,2024-08-11T14:40:24.702740,"Balay Ganj, Mysuru"
3286,2026-06-25T00:40:24.703115,2026-06-27T14:40:24.703115,"Pingle Street, Belagavi"
3287,2025-09-27T06:40:24.703296,2025-09-29T14:40:24.703296,"Balay Chowk, Ballari"
3288,2026-02-27T02:40:24.703628,2026-02-28T14:40:24.703628,"Goda Road, Chamarajanagara"
3289,2026-05-25T21:40:24.703966,2026-05-27T14:40:24.703966,"Kale, Kodagu"
3290,2026-04-08T14:40:24.704293,2026-04-11T14:40:24.704293,"Dash Ganj, Dakshina Kannada"
3291,2025-03-08T14:40:24.704599,2025-03-10T14:40:24.704599,"Sarraf Marg, Haveri"
3292,2024-09-22T12:40:24.704911,2024-09-24T14:40:24.704911,"Chahal Zila, Kalaburagi"
3293,2024-12-12T02:40:24.705031,2024-12-14T14:40:24.705031,"Barman Circle, Chikkamagaluru"
3294,2025-11-15T04:40:24.705194,2025-11-16T14:40:24.705194,"Nanda Circle, Mandya"
3295,2026-05-28T10:40:24.705405,2026-05-30T14:40:24.705405,"Brar Chowk, Mysuru"
3296,2026-03-07T19:40:24.705659,2026-03-08T14:40:24.705659,"Singh Chowk, Yadgir"
3297,2024-09-07T08:40:24.706091,2024-09-07T14:40:24.706091,"Tiwari Chowk, Mysuru"
3298,2025-04-01T15:40:24.706416,2025-04-02T14:40:24.706416,"Sandhu Street, Belagavi"
3299,2026-04-03T14:40:24.706534,2026-04-04T14:40:24.706534,"Deshpande Ganj, Udupi"
3300,2024-10-12T20:40:24.706869,2024-10-15T14:40:24.706869,"Amble Nagar, Haveri"
3301,2025-07-21T04:40:24.706994,2025-07-21T14:40:24.706994,"Ram Zila, Haveri"
3302,2024-09-09T13:40:24.707124,2024-09-09T14:40:24.707124,"Chandran, Belagavi"
3303,2026-05-12T21:40:24.707311,2026-05-13T14:40:24.707311,"Shan Path, Belagavi"
3304,2024-10-19T17:40:24.707587,2024-10-21T14:40:24.707587,"Kar Circle, Yadgir"
3305,2025-03-08T11:40:24.707942,2025-03-10T14:40:24.707942,"Devan Path, Koppal"
3306,2026-06-28T01:40:24.708139,2026-06-28T14:40:24.708139,"Nagi Street, Kalaburagi"
3307,2025-03-20T00:40:24.708267,2025-03-21T14:40:24.708267,"Chandran Chowk, Chikkamagaluru"
3308,2026-07-06T16:40:24.708608,2026-07-09T14:40:24.708608,"Ratti Road, Belagavi"
3309,2025-01-29T12:40:24.708736,2025-01-31T14:40:24.708736,"Sehgal Path, Dakshina Kannada"
3310,2025-05-20T17:40:24.709038,2025-05-22T14:40:24.709038,"Mammen Chowk, Ballari"
3311,2026-05-29T02:40:24.709213,2026-05-31T14:40:24.709213,"Prakash Marg, Belagavi"
3312,2025-11-18T13:40:24.709298,2025-11-20T14:40:24.709298,"Sanghvi Marg, Belagavi"
3313,2024-07-31T10:40:24.709508,2024-08-02T14:40:24.709508,"Venkataraman Ganj, Davanagere"
3314,2024-07-21T00:40:24.709790,2024-07-21T14:40:24.709790,"Dugar Marg, Kodagu"
3315,2024-12-31T13:40:24.709988,2025-01-02T14:40:24.709988,"Krishnamurthy Circle, Hassan"
3316,2026-04-12T12:40:24.710123,2026-04-12T14:40:24.710123,"Vaidya Path, Bengaluru Urban"
3317,2024-09-09T11:40:24.710338,2024-09-11T14:40:24.710338,"Manda Marg, Belagavi"
3318,2025-06-02T08:40:24.710462,2025-06-04T14:40:24.710462,"Vala Circle, Shivamogga"
3319,2026-01-26T04:40:24.710770,2026-01-27T14:40:24.710770,"Memon, Yadgir"
3320,2026-05-10T05:40:24.710880,2026-05-12T14:40:24.710880,"Pandya, Chikkaballapura"
3321,2024-12-20T11:40:24.711093,2024-12-20T14:40:24.711093,"Bail Nagar, Gadag"
3322,2025-07-04T19:40:24.711210,2025-07-05T14:40:24.711210,"Nadig Nagar, Dharwad"
3323,2026-04-15T04:40:24.711494,2026-04-15T14:40:24.711494,"Mandal, Vijayapura"
3324,2025-12-01T12:40:24.711792,2025-12-01T14:40:24.711792,"Vig Ganj, Bengaluru Rural"
3325,2024-09-10T08:40:24.712042,2024-09-10T14:40:24.712042,"Swaminathan Marg, Bengaluru Urban"
3326,2026-04-03T04:40:24.712358,2026-04-05T14:40:24.712358,"Balay Nagar, Bengaluru Urban"
3327,2025-04-17T10:40:24.712488,2025-04-18T14:40:24.712488,"Kale Nagar, Mysuru"
3328,2025-08-26T07:40:24.712720,2025-08-26T14:40:24.712720,"Master Zila, Belagavi"
3329,2024-10-23T21:40:24.712852,2024-10-25T14:40:24.712852,"Banerjee Zila, Udupi"
3330,2024-08-11T18:40:24.713018,2024-08-12T14:40:24.713018,"Oak Zila, Koppal"
3331,2025-08-09T12:40:24.713339,2025-08-09T14:40:24.713339,"Saini, Belagavi"
3332,2026-04-06T03:40:24.713692,2026-04-06T14:40:24.713692,"Shere Chowk, Belagavi"
3333,2025-07-21T15:40:24.713876,2025-07-24T14:40:24.713876,"Agarwal Nagar, Bagalkote"
3334,2024-08-01T01:40:24.714005,2024-08-01T14:40:24.714005,"Acharya Ganj, Mandya"
3335,2026-03-20T10:40:24.714329,2026-03-20T14:40:24.714329,"Amble Street, Udupi"
3336,2025-03-21T03:40:24.714677,2025-03-21T14:40:24.714677,"Dhar, Ballari"
3337,2025-02-11T08:40:24.714873,2025-02-13T14:40:24.714873,"Prabhakar Chowk, Yadgir"
3338,2026-05-06T11:40:24.715056,2026-05-08T14:40:24.715056,"Pingle Path, Belagavi"
3339,2025-07-21T22:40:24.715162,2025-07-22T14:40:24.715162,"Goel Marg, Chikkamagaluru"
3340,2026-07-05T11:40:24.715347,2026-07-05T14:40:24.715347,"Srivastava Nagar, Kolar"
3341,2026-06-07T09:40:24.715691,2026-06-09T14:40:24.715691,"Jain, Belagavi"
3342,2025-11-02T05:40:24.715918,2025-11-04T14:40:24.715918,"Wagle, Mysuru"
3343,2025-06-25T06:40:24.716048,2025-06-25T14:40:24.716048,"Saraf Circle, Udupi"
3344,2025-11-02T04:40:24.716201,2025-11-03T14:40:24.716201,"Parsa Ganj, Bagalkote"
3345,2025-12-20T12:40:24.716409,2025-12-20T14:40:24.716409,"Panchal Street, Vijayanagara"
3346,2024-10-20T15:40:24.716735,2024-10-21T14:40:24.716735,"Subramaniam Ganj, Bagalkote"
3347,2025-03-03T12:40:24.716908,2025-03-05T14:40:24.716908,"Bali Ganj, Belagavi"
3348,2026-03-30T10:40:24.717008,2026-03-31T14:40:24.717008,"Basak Road, Belagavi"
3349,2025-09-05T21:40:24.717231,2025-09-06T14:40:24.717231,"Guha Chowk, Belagavi"
3350,2026-06-25T04:40:24.717397,2026-06-26T14:40:24.717397,"Dhaliwal Ganj, Belagavi"
3351,2025-08-11T14:40:24.717614,2025-08-12T14:40:24.717614,"Jani Marg, Belagavi"
3352,2025-11-27T01:40:24.717762,2025-11-29T14:40:24.717762,"Mistry Circle, Kolar"
3353,2025-10-05T23:40:24.717929,2025-10-07T14:40:24.717929,"Munshi Road, Dakshina Kannada"
3354,2024-10-03T05:40:24.718179,2024-10-05T14:40:24.718179,"Sura, Chikkaballapura"
3355,2025-10-02T04:40:24.718419,2025-10-02T14:40:24.718419,"Doctor Street, Belagavi"
3356,2024-10-08T08:40:24.718747,2024-10-09T14:40:24.718747,"Saini Chowk, Dakshina Kannada"
3357,2024-09-09T18:40:24.718929,2024-09-11T14:40:24.718929,"Varty Marg, Ramanagara"
3358,2026-04-23T23:40:24.719050,2026-04-24T14:40:24.719050,"Bakshi Nagar, Kalaburagi"
3359,2026-01-03T07:40:24.719168,2026-01-04T14:40:24.719168,"Dugar, Mandya"
3360,2026-03-10T00:40:24.719381,2026-03-11T14:40:24.719381,"Wason Road, Vijayanagara"
3361,2026-06-08T12:40:24.719695,2026-06-10T14:40:24.719695,"Narain, Belagavi"
3362,2025-02-12T11:40:24.719926,2025-02-14T14:40:24.719926,"Dey Zila, Chikkamagaluru"
3363,2024-09-19T03:40:24.720124,2024-09-21T14:40:24.720124,"Murthy Road, Udupi"
3364,2025-05-03T21:40:24.720306,2025-05-04T14:40:24.720306,"Mangat Circle, Bidar"
3365,2026-04-14T09:40:24.720473,2026-04-16T14:40:24.720473,"Gupta Nagar, Chamarajanagara"
3366,2024-12-02T17:40:24.720696,2024-12-03T14:40:24.720696,"Magar Circle, Belagavi"
3367,2025-11-22T04:40:24.720927,2025-11-24T14:40:24.720927,"Behl Chowk, Kolar"
3368,2024-10-03T14:40:24.721132,2024-10-06T14:40:24.721132,"Bala Ganj, Bagalkote"
3369,2026-02-26T22:40:24.721252,2026-03-01T14:40:24.721252,"Chokshi Marg, Chamarajanagara"
3370,2025-06-15T22:40:24.721413,2025-06-17T14:40:24.721413,"Puri Path, Mysuru"
3371,2026-02-16T23:40:24.721666,2026-02-19T14:40:24.721666,"Kala Circle, Kodagu"
3372,2026-04-02T03:40:24.721969,2026-04-02T14:40:24.721969,"Shah Street, Bagalkote"
3373,2024-09-15T04:40:24.722267,2024-09-17T14:40:24.722267,"Chopra Circle, Bengaluru Urban"
3374,2026-01-30T16:40:24.722462,2026-02-01T14:40:24.722462,"Raju Road, Belagavi"
3375,2026-06-24T11:40:24.722682,2026-06-25T14:40:24.722682,"Ramaswamy Marg, Mysuru"
3376,2025-12-20T14:40:24.722882,2025-12-23T14:40:24.722882,"Bera Path, Bengaluru Rural"
3377,2025-07-31T02:40:24.723152,2025-08-02T14:40:24.723152,"Wali Road, Yadgir"
3378,2026-04-27T08:40:24.723395,2026-04-27T14:40:24.723395,"Banik Zila, Belagavi"
3379,2026-01-16T22:40:24.723620,2026-01-18T14:40:24.723620,"Keer Path, Belagavi"
3380,2025-06-24T23:40:24.723760,2025-06-27T14:40:24.723760,"Karnik Street, Bengaluru Urban"
3381,2025-10-12T23:40:24.724059,2025-10-15T14:40:24.724059,"Chokshi Road, Udupi"
3382,2026-03-09T10:40:24.724423,2026-03-09T14:40:24.724423,"Butala Path, Gadag"
3383,2026-06-21T09:40:24.724677,2026-06-21T14:40:24.724677,"Sundaram Street, Belagavi"
3384,2026-02-06T22:40:24.724874,2026-02-08T14:40:24.724874,"Rai Chowk, Belagavi"
3385,2025-01-16T16:40:24.724994,2025-01-18T14:40:24.724994,"Om Circle, Yadgir"
3386,2026-04-17T03:40:24.725158,2026-04-19T14:40:24.725158,"Mohanty Chowk, Raichur"
3387,2025-06-06T16:40:24.725295,2025-06-09T14:40:24.725295,"Palan Chowk, Bengaluru Urban"
3388,2024-09-07T18:40:24.725489,2024-09-08T14:40:24.725489,"Barad Circle, Chikkaballapura"
3389,2026-05-25T05:40:24.725784,2026-05-25T14:40:24.725784,"Bhavsar Nagar, Belagavi"
3390,2025-07-29T05:40:24.725990,2025-07-29T14:40:24.725990,"Palla Chowk, Dharwad"
3391,2025-04-03T02:40:24.726183,2025-04-03T14:40:24.726183,"Som Path, Kolar"
3392,2025-12-03T07:40:24.726318,2025-12-04T14:40:24.726318,"Swamy Zila, Kolar"
3393,2024-12-16T12:40:24.726443,2024-12-16T14:40:24.726443,"Chaudry Path, Dakshina Kannada"
3394,2025-01-20T13:40:24.726773,2025-01-22T14:40:24.726773,"Varughese Zila, Mysuru"
3395,2024-07-15T08:40:24.727043,2024-07-16T14:40:24.727043,"Rajan Road, Belagavi"
3396,2025-06-07T08:40:24.727292,2025-06-09T14:40:24.727292,"Batta, Koppal"
3397,2025-08-02T04:40:24.727602,2025-08-02T14:40:24.727602,"Taneja Ganj, Dharwad"
3398,2025-12-25T18:40:24.727787,2025-12-28T14:40:24.727787,"Bava Path, Chikkamagaluru"
3399,2025-08-04T14:40:24.727973,2025-08-07T14:40:24.727973,"Lad Path, Chitradurga"
3400,2025-06-12T05:40:24.728294,2025-06-13T14:40:24.728294,"Kumer Chowk, Belagavi"
3401,2025-01-12T02:40:24.728421,2025-01-12T14:40:24.728421,"Chakraborty Zila, Belagavi"
3402,2024-12-14T07:40:24.728703,2024-12-14T14:40:24.728703,"Goswami Circle, Belagavi"
3403,2025-07-01T01:40:24.728878,2025-07-01T14:40:24.728878,"Ganesh Circle, Belagavi"
3404,2026-04-10T15:40:24.729117,2026-04-13T14:40:24.729117,"Nath Circle, Bengaluru Rural"
3405,2025-04-15T05:40:24.729238,2025-04-17T14:40:24.729238,"Sampath Marg, Kolar"
3406,2025-02-08T07:40:24.729522,2025-02-10T14:40:24.729522,"Mani Road, Haveri"
3407,2026-03-27T13:40:24.729746,2026-03-29T14:40:24.729746,"Prabhu Street, Bagalkote"
3408,2024-07-29T07:40:24.729868,2024-07-29T14:40:24.729868,"Ghose Path, Ramanagara"
3409,2025-04-11T12:40:24.730109,2025-04-11T14:40:24.730109,"Nagi Chowk, Bengaluru Urban"
3410,2025-05-31T16:40:24.730465,2025-06-01T14:40:24.730465,"Gola Zila, Belagavi"
3411,2025-02-13T13:40:24.730813,2025-02-15T14:40:24.730813,"Merchant Zila, Belagavi"
3412,2025-09-14T01:40:24.731056,2025-09-14T14:40:24.731056,"Brar Nagar, Belagavi"
3413,2025-10-05T07:40:24.731190,2025-10-07T14:40:24.731190,"Ramaswamy Street, Dharwad"
3414,2024-12-10T05:40:24.731625,2024-12-12T14:40:24.731625,"Sha, Ballari"
3415,2025-12-19T23:40:24.731871,2025-12-20T14:40:24.731871,"Singh Chowk, Tumakuru"
3416,2026-04-08T21:40:24.732099,2026-04-11T14:40:24.732099,"Walla, Belagavi"
3417,2026-02-20T06:40:24.732283,2026-02-20T14:40:24.732283,"Chokshi Circle, Belagavi"
3418,2025-01-24T03:40:24.732584,2025-01-25T14:40:24.732584,"Chowdhury Path, Chikkamagaluru"
3419,2026-07-06T17:40:24.732781,2026-07-09T14:40:24.732781,"Gandhi Ganj, Belagavi"
3420,2026-03-12T06:40:24.732889,2026-03-14T14:40:24.732889,"Sant Circle, Belagavi"
3421,2024-07-16T17:40:24.733008,2024-07-18T14:40:24.733008,"Pant Marg, Chikkaballapura"
3422,2025-08-29T14:40:24.733192,2025-09-01T14:40:24.733192,"Badami Zila, Chitradurga"
3423,2026-06-23T14:40:24.733356,2026-06-24T14:40:24.733356,"Narayanan Chowk, Mandya"
3424,2026-03-08T04:40:24.733582,2026-03-10T14:40:24.733582,"Lala Zila, Belagavi"
3425,2024-10-23T23:40:24.733675,2024-10-25T14:40:24.733675,"Ganguly Zila, Ballari"
3426,2026-06-04T20:40:24.733868,2026-06-05T14:40:24.733868,"Mittal Zila, Chikkamagaluru"
3427,2025-03-08T19:40:24.733991,2025-03-11T14:40:24.733991,"Buch Nagar, Chikkaballapura"
3428,2025-10-17T03:40:24.734245,2025-10-18T14:40:24.734245,"Gokhale Ganj, Kolar"
3429,2024-12-18T13:40:24.734470,2024-12-19T14:40:24.734470,"Ratta Ganj, Kodagu"
3430,2026-06-03T18:40:24.734804,2026-06-06T14:40:24.734804,"Dutta Road, Chikkamagaluru"
3431,2026-05-20T23:40:24.734988,2026-05-22T14:40:24.734988,"Chaudhuri Path, Belagavi"
3432,2024-08-20T20:40:24.735242,2024-08-21T14:40:24.735242,"Khare Ganj, Gadag"
3433,2025-07-31T17:40:24.735360,2025-08-03T14:40:24.735360,"Sibal Ganj, Dharwad"
3434,2026-06-30T05:40:24.735573,2026-07-01T14:40:24.735573,"Karpe Path, Belagavi"
3435,2025-05-13T10:40:24.735660,2025-05-15T14:40:24.735660,"Raja Path, Chitradurga"
3436,2024-10-05T04:40:24.735813,2024-10-06T14:40:24.735813,"Boase Ganj, Tumakuru"
3437,2026-03-16T21:40:24.736126,2026-03-18T14:40:24.736126,"Chadha Ganj, Raichur"
3438,2024-11-05T22:40:24.736505,2024-11-07T14:40:24.736505,"Rattan Ganj, Yadgir"
3439,2026-02-21T08:40:24.736882,2026-02-22T14:40:24.736882,"Kakar, Belagavi"
3440,2025-01-12T14:40:24.737055,2025-01-15T14:40:24.737055,"Dar Street, Belagavi"
3441,2025-03-28T10:40:24.737197,2025-03-30T14:40:24.737197,"Bose Ganj, Chikkaballapura"
3442,2025-03-24T05:40:24.737425,2025-03-26T14:40:24.737425,"Dhar Ganj, Koppal"
3443,2026-05-15T06:40:24.737662,2026-05-15T14:40:24.737662,"Sachdev Ganj, Belagavi"
3444,2026-06-18T07:40:24.737798,2026-06-20T14:40:24.737798,"Jain Road, Vijayanagara"
3445,2024-09-13T00:40:24.738099,2024-09-13T14:40:24.738099,"Deshmukh, Mandya"
3446,2025-12-24T09:40:24.738283,2025-12-24T14:40:24.738283,"Mandal Road, Tumakuru"
3447,2025-12-11T23:40:24.738468,2025-12-13T14:40:24.738468,"Narain, Belagavi"
3448,2026-06-25T05:40:24.738769,2026-06-26T14:40:24.738769,"Gara Path, Mysuru"
3449,2024-10-30T03:40:24.738906,2024-11-01T14:40:24.738906,"Aurora, Chikkaballapura"
3450,2026-04-13T22:40:24.739083,2026-04-14T14:40:24.739083,"Dewan Nagar, Bengaluru Urban"
3451,2025-02-22T12:40:24.739333,2025-02-23T14:40:24.739333,"Doctor Circle, Bengaluru Urban"
3452,2026-06-18T20:40:24.739494,2026-06-19T14:40:24.739494,"Kohli Chowk, Bidar"
3453,2025-11-24T03:40:24.739700,2025-11-26T14:40:24.739700,"Rajagopal Street, Belagavi"
3454,2026-06-20T23:40:24.740094,2026-06-21T14:40:24.740094,"Dhaliwal Chowk, Belagavi"
3455,2025-02-15T08:40:24.740282,2025-02-17T14:40:24.740282,"Dar, Belagavi"
3456,2026-03-19T08:40:24.740412,2026-03-21T14:40:24.740412,"Agarwal Path, Belagavi"
3457,2026-04-12T19:40:24.740712,2026-04-15T14:40:24.740712,"Venkatesh Street, Belagavi"
3458,2026-06-08T19:40:24.740877,2026-06-11T14:40:24.740877,"Bhardwaj Road, Belagavi"
3459,2026-01-16T04:40:24.741068,2026-01-18T14:40:24.741068,"Chawla Circle, Belagavi"
3460,2024-12-10T08:40:24.741198,2024-12-11T14:40:24.741198,"Barad Zila, Dakshina Kannada"
3461,2024-07-13T02:40:24.741314,2024-07-14T14:40:24.741314,"Dave Path, Chitradurga"
3462,2026-02-08T10:40:24.741488,2026-02-08T14:40:24.741488,"Mall Road, Udupi"
3463,2025-11-21T06:40:24.741681,2025-11-22T14:40:24.741681,"Garde Ganj, Chikkaballapura"
3464,2024-09-14T01:40:24.741816,2024-09-14T14:40:24.741816,"Om Circle, Kodagu"
3465,2025-09-11T08:40:24.742050,2025-09-12T14:40:24.742050,"Krish Path, Ramanagara"
3466,2026-02-07T17:40:24.742330,2026-02-10T14:40:24.742330,"Rastogi Zila, Mysuru"
3467,2025-07-26T15:40:24.742712,2025-07-27T14:40:24.742712,"Issac, Bengaluru Urban"
3468,2025-02-12T18:40:24.743037,2025-02-15T14:40:24.743037,"Brar Zila, Dharwad"
3469,2024-07-12T17:40:24.743230,2024-07-15T14:40:24.743230,"Shetty, Chitradurga"
3470,2025-02-15T17:40:24.743608,2025-02-16T14:40:24.743608,"Amble Path, Bengaluru Urban"
3471,2024-12-06T03:40:24.743816,2024-12-06T14:40:24.743816,"Savant Nagar, Haveri"
3472,2026-02-22T07:40:24.744035,2026-02-22T14:40:24.744035,"Deshmukh Circle, Belagavi"
3473,2026-01-27T15:40:24.744183,2026-01-28T14:40:24.744183,"Dey, Belagavi"
3474,2026-07-10T05:40:24.744358,2026-07-11T14:40:24.744358,"Butala Street, Belagavi"
3475,2025-05-27T07:40:24.744646,2025-05-29T14:40:24.744646,"Dugar Chowk, Davanagere"
3476,2024-11-09T06:40:24.744963,2024-11-09T14:40:24.744963,"Behl Road, Belagavi"
3477,2024-09-25T07:40:24.745204,2024-09-26T14:40:24.745204,"Chaudhuri Road, Dharwad"
3478,2025-08-21T03:40:24.745424,2025-08-23T14:40:24.745424,"Barad Street, Belagavi"
3479,2024-08-16T01:40:24.745652,2024-08-16T14:40:24.745652,"Pathak Street, Hassan"
3480,2025-06-12T20:40:24.745856,2025-06-13T14:40:24.745856,"Wason Road, Belagavi"
3481,2026-02-15T12:40:24.746039,2026-02-16T14:40:24.746039,"Tandon Street, Dharwad"
3482,2026-06-27T16:40:24.746223,2026-06-30T14:40:24.746223,"Batta Nagar, Chikkaballapura"
3483,2024-12-02T18:40:24.746399,2024-12-04T14:40:24.746399,"Divan Nagar, Hassan"
3484,2025-09-17T09:40:24.746662,2025-09-18T14:40:24.746662,"Rana Ganj, Belagavi"
3485,2024-11-01T05:40:24.746962,2024-11-02T14:40:24.746962,"Shankar Chowk, Davanagere"
3486,2026-01-26T19:40:24.747203,2026-01-29T14:40:24.747203,"Devi Zila, Belagavi"
3487,2026-01-19T13:40:24.747463,2026-01-19T14:40:24.747463,"Lanka Street, Belagavi"
3488,2026-06-23T01:40:24.747717,2026-06-25T14:40:24.747717,"Shenoy Circle, Chikkamagaluru"
3489,2026-04-13T07:40:24.747990,2026-04-15T14:40:24.747990,"Yogi Road, Belagavi"
3490,2025-10-28T12:40:24.748195,2025-10-28T14:40:24.748195,"Soman Road, Bidar"
3491,2024-11-07T12:40:24.748485,2024-11-09T14:40:24.748485,"Tella Marg, Bidar"
3492,2025-04-27T02:40:24.748818,2025-04-29T14:40:24.748818,"Bhandari Ganj, Ballari"
3493,2026-06-04T20:40:24.749117,2026-06-06T14:40:24.749117,"Raval Path, Ramanagara"
3494,2026-02-01T13:40:24.749264,2026-02-02T14:40:24.749264,"Bal Circle, Belagavi"
3495,2024-10-24T11:40:24.749385,2024-10-25T14:40:24.749385,"Borah Road, Gadag"
3496,2025-01-13T10:40:24.749515,2025-01-13T14:40:24.749515,"Saraf Path, Tumakuru"
3497,2025-03-26T20:40:24.749759,2025-03-28T14:40:24.749759,"Balakrishnan Chowk, Vijayapura"
3498,2024-08-19T07:40:24.749981,2024-08-19T14:40:24.749981,"Hans, Belagavi"
3499,2026-01-21T01:40:24.750268,2026-01-23T14:40:24.750268,"Memon Zila, Bengaluru Urban"
3500,2024-08-01T06:40:24.750443,2024-08-02T14:40:24.750443,"Sarna Path, Mysuru"
3501,2026-03-25T08:40:24.750740,2026-03-27T14:40:24.750740,"Pal Marg, Belagavi"
3502,2026-01-03T08:40:24.751028,2026-01-03T14:40:24.751028,"Mital Chowk, Ballari"
3503,2025-08-22T22:40:24.751259,2025-08-23T14:40:24.751259,"Sahota Chowk, Shivamogga"
3504,2024-08-07T20:40:24.751588,2024-08-10T14:40:24.751588,"Chanda Path, Raichur"
3505,2024-08-11T10:40:24.751917,2024-08-11T14:40:24.751917,"Thaker Street, Mysuru"
3506,2025-08-24T10:40:24.752212,2025-08-24T14:40:24.752212,"Khalsa, Mysuru"
3507,2025-04-24T10:40:24.752346,2025-04-26T14:40:24.752346,"Brahmbhatt Road, Dakshina Kannada"
3508,2026-03-13T00:40:24.752632,2026-03-13T14:40:24.752632,"Gole Nagar, Haveri"
3509,2025-06-03T16:40:24.752780,2025-06-06T14:40:24.752780,"Mall Zila, Belagavi"
3510,2024-10-11T21:40:24.753052,2024-10-14T14:40:24.753052,"Bir Ganj, Mysuru"
3511,2025-10-24T18:40:24.753349,2025-10-25T14:40:24.753349,"Setty, Dharwad"
3512,2025-01-15T06:40:24.753709,2025-01-17T14:40:24.753709,"Mistry Road, Haveri"
3513,2024-07-22T05:40:24.754025,2024-07-24T14:40:24.754025,"Wali Circle, Mysuru"
3514,2025-06-27T06:40:24.754239,2025-06-29T14:40:24.754239,"Gera, Belagavi"
3515,2025-09-07T01:40:24.754387,2025-09-07T14:40:24.754387,"Dhar Zila, Tumakuru"
3516,2026-04-28T01:40:24.754740,2026-04-30T14:40:24.754740,"Gandhi Path, Belagavi"
3517,2026-03-13T03:40:24.755108,2026-03-14T14:40:24.755108,"Soni Nagar, Tumakuru"
3518,2025-03-21T18:40:24.755419,2025-03-22T14:40:24.755419,"Pandya Ganj, Tumakuru"
3519,2026-04-30T19:40:24.755599,2026-05-01T14:40:24.755599,"Ghosh Circle, Belagavi"
3520,2025-03-30T23:40:24.756005,2025-04-01T14:40:24.756005,"Thaker Circle, Vijayapura"
3521,2025-11-16T01:40:24.756332,2025-11-18T14:40:24.756332,"Kulkarni Road, Raichur"
3522,2025-04-22T08:40:24.756604,2025-04-22T14:40:24.756604,"De Nagar, Haveri"
3523,2024-11-14T08:40:24.756805,2024-11-15T14:40:24.756805,"Mangat Circle, Bidar"
3524,2025-12-05T18:40:24.757097,2025-12-07T14:40:24.757097,"Bobal Chowk, Belagavi"
3525,2025-01-24T02:40:24.757363,2025-01-25T14:40:24.757363,"Tak Road, Ramanagara"
3526,2025-03-27T02:40:24.757639,2025-03-28T14:40:24.757639,"Bora Street, Haveri"
3527,2024-11-08T08:40:24.757875,2024-11-08T14:40:24.757875,"Ganesan Street, Bengaluru Urban"
3528,2025-07-29T22:40:24.757999,2025-07-30T14:40:24.757999,"Wadhwa, Yadgir"
3529,2026-01-07T08:40:24.758298,2026-01-09T14:40:24.758298,"Handa Chowk, Chitradurga"
3530,2026-06-10T11:40:24.758596,2026-06-10T14:40:24.758596,"Khare Nagar, Bengaluru Urban"
3531,2025-11-15T10:40:24.758880,2025-11-17T14:40:24.758880,"Maharaj Street, Koppal"
3532,2025-03-03T14:40:24.759020,2025-03-05T14:40:24.759020,"Dar Marg, Gadag"
3533,2025-12-09T06:40:24.759293,2025-12-09T14:40:24.759293,"Suresh Road, Belagavi"
3534,2024-12-13T06:40:24.759479,2024-12-13T14:40:24.759479,"Sane Chowk, Mysuru"
3535,2026-04-24T03:40:24.759782,2026-04-26T14:40:24.759782,"Basak Zila, Shivamogga"
3536,2026-03-15T07:40:24.760019,2026-03-15T14:40:24.760019,"Raj Circle, Belagavi"
3537,2026-04-12T12:40:24.760228,2026-04-12T14:40:24.760228,"Ramachandran, Belagavi"
3538,2025-12-04T23:40:24.760505,2025-12-06T14:40:24.760505,"Kapoor Circle, Belagavi"
3539,2025-08-28T22:40:24.760778,2025-08-31T14:40:24.760778,"Peri Circle, Dakshina Kannada"
3540,2026-01-21T15:40:24.761061,2026-01-23T14:40:24.761061,"Sen Chowk, Belagavi"
3541,2025-07-04T17:40:24.761224,2025-07-06T14:40:24.761224,"Basu Marg, Belagavi"
3542,2025-10-30T11:40:24.761382,2025-10-30T14:40:24.761382,"Dugal Circle, Belagavi"
3543,2026-05-12T06:40:24.761688,2026-05-14T14:40:24.761688,"Parsa, Belagavi"
3544,2024-10-09T00:40:24.761860,2024-10-11T14:40:24.761860,"Thakkar Path, Chitradurga"
3545,2026-03-14T07:40:24.762088,2026-03-14T14:40:24.762088,"Reddy Circle, Bengaluru Urban"
3546,2026-03-10T22:40:24.762222,2026-03-11T14:40:24.762222,"Nadig Road, Gadag"
3547,2025-01-07T16:40:24.762363,2025-01-10T14:40:24.762363,"Dua Marg, Mandya"
3548,2026-03-23T16:40:24.762724,2026-03-24T14:40:24.762724,"Vasa Circle, Belagavi"
3549,2024-12-19T17:40:24.762916,2024-12-21T14:40:24.762916,"Batta Road, Kodagu"
3550,2025-12-04T06:40:24.763045,2025-12-04T14:40:24.763045,"Kara Nagar, Vijayapura"
3551,2026-06-10T06:40:24.763186,2026-06-10T14:40:24.763186,"Nagarajan Road, Bengaluru Urban"
3552,2025-10-31T18:40:24.763321,2025-11-03T14:40:24.763321,"Bala Nagar, Chikkamagaluru"
3553,2026-05-27T19:40:24.763619,2026-05-29T14:40:24.763619,"Anand Road, Mysuru"
3554,2026-04-08T15:40:24.764045,2026-04-10T14:40:24.764045,"Mani Marg, Mysuru"
3555,2026-05-08T00:40:24.764317,2026-05-10T14:40:24.764317,"Narasimhan Marg, Belagavi"
3556,2025-12-05T04:40:24.764611,2025-12-07T14:40:24.764611,"Vig Ganj, Mysuru"
3557,2024-12-29T19:40:24.764885,2024-12-30T14:40:24.764885,"Dani, Bengaluru Rural"
3558,2025-03-17T08:40:24.765079,2025-03-18T14:40:24.765079,"Minhas Chowk, Tumakuru"
3559,2025-05-27T13:40:24.765351,2025-05-28T14:40:24.765351,"Sabharwal Nagar, Yadgir"
3560,2026-05-09T13:40:24.765710,2026-05-09T14:40:24.765710,"Sekhon Nagar, Belagavi"
3561,2024-11-07T21:40:24.765847,2024-11-08T14:40:24.765847,"Deshmukh Ganj, Bengaluru Urban"
3562,2025-07-20T12:40:24.766128,2025-07-22T14:40:24.766128,"Kamdar Marg, Belagavi"
3563,2026-01-06T07:40:24.766434,2026-01-07T14:40:24.766434,"Brar, Yadgir"
3564,2025-05-01T22:40:24.766740,2025-05-02T14:40:24.766740,"Batta Path, Hassan"
3565,2025-01-01T01:40:24.766875,2025-01-03T14:40:24.766875,"Lata Street, Belagavi"
3566,2025-04-26T18:40:24.767239,2025-04-29T14:40:24.767239,"Sen Marg, Koppal"
3567,2026-05-01T23:40:24.767582,2026-05-03T14:40:24.767582,"Bains, Belagavi"
3568,2025-11-16T10:40:24.767716,2025-11-16T14:40:24.767716,"Munshi Nagar, Belagavi"
3569,2024-10-28T03:40:24.768017,2024-10-29T14:40:24.768017,"Mallick Zila, Ramanagara"
3570,2025-05-01T17:40:24.768308,2025-05-03T14:40:24.768308,"Bajwa Ganj, Belagavi"
3571,2025-04-11T13:40:24.768584,2025-04-11T14:40:24.768584,"Nadig Street, Belagavi"
3572,2026-04-02T07:40:24.768803,2026-04-04T14:40:24.768803,"Sane, Bengaluru Urban"
3573,2025-03-11T07:40:24.768932,2025-03-12T14:40:24.768932,"Mahal Street, Dharwad"
3574,2025-11-09T19:40:24.769064,2025-11-10T14:40:24.769064,"Hegde Road, Mysuru"
3575,2025-06-02T11:40:24.769266,2025-06-04T14:40:24.769266,"Bawa Zila, Bengaluru Urban"
3576,2025-08-19T01:40:24.769503,2025-08-21T14:40:24.769503,"Dutt, Chikkamagaluru"
3577,2024-11-01T22:40:24.769679,2024-11-04T14:40:24.769679,"Doshi Ganj, Ballari"
3578,2026-03-09T07:40:24.769985,2026-03-10T14:40:24.769985,"Kakar Circle, Bidar"
3579,2025-06-22T19:40:24.770244,2025-06-24T14:40:24.770244,"Sengupta Chowk, Bengaluru Urban"
3580,2025-03-20T05:40:24.770368,2025-03-20T14:40:24.770368,"Sodhi Zila, Belagavi"
3581,2026-06-07T12:40:24.770722,2026-06-09T14:40:24.770722,"Pandya Road, Raichur"
3582,2025-04-07T15:40:24.770938,2025-04-08T14:40:24.770938,"Yohannan, Belagavi"
3583,2026-05-16T18:40:24.771073,2026-05-17T14:40:24.771073,"Hayer Marg, Hassan"
3584,2025-04-25T22:40:24.771271,2025-04-27T14:40:24.771271,"Dewan Ganj, Belagavi"
3585,2025-06-26T09:40:24.771607,2025-06-26T14:40:24.771607,"Mammen Chowk, Chamarajanagara"
3586,2025-05-05T19:40:24.772028,2025-05-07T14:40:24.772028,"Padmanabhan Nagar, Bengaluru Rural"
3587,2024-12-31T21:40:24.772193,2025-01-02T14:40:24.772193,"Koshy, Belagavi"
3588,2026-01-17T17:40:24.772361,2026-01-19T14:40:24.772361,"Dani Path, Bengaluru Urban"
3589,2026-01-14T08:40:24.772667,2026-01-15T14:40:24.772667,"Sangha Nagar, Ballari"
3590,2026-01-14T23:40:24.772809,2026-01-15T14:40:24.772809,"Hayer Road, Bidar"
3591,2025-05-20T04:40:24.772976,2025-05-21T14:40:24.772976,"Dayal Road, Mysuru"
3592,2025-09-23T08:40:24.773381,2025-09-25T14:40:24.773381,"Agrawal Circle, Bengaluru Urban"
3593,2024-07-23T16:40:24.773731,2024-07-24T14:40:24.773731,"Swaminathan Road, Ballari"
3594,2025-11-03T00:40:24.773922,2025-11-05T14:40:24.773922,"Bajaj Zila, Chamarajanagara"
3595,2026-01-31T11:40:24.774246,2026-02-02T14:40:24.774246,"Agrawal Nagar, Belagavi"
3596,2025-06-19T11:40:24.774467,2025-06-20T14:40:24.774467,"Arya Marg, Belagavi"
3597,2026-03-31T11:40:24.774741,2026-03-31T14:40:24.774741,"Mand, Haveri"
3598,2025-06-22T07:40:24.775005,2025-06-24T14:40:24.775005,"Padmanabhan Street, Ballari"
3599,2025-02-05T02:40:24.775250,2025-02-07T14:40:24.775250,"Sandhu Circle, Dharwad"
3600,2025-07-20T10:40:24.775377,2025-07-22T14:40:24.775377,"Naik, Udupi"
3601,2024-08-01T16:40:24.775518,2024-08-02T14:40:24.775518,"Gulati Path, Tumakuru"
3602,2025-07-24T08:40:24.775927,2025-07-25T14:40:24.775927,"Magar Zila, Belagavi"
3603,2026-02-19T14:40:24.776145,2026-02-21T14:40:24.776145,"Nigam Circle, Hassan"
3604,2025-03-20T20:40:24.776287,2025-03-22T14:40:24.776287,"Ramesh Ganj, Dakshina Kannada"
3605,2024-08-05T08:40:24.776457,2024-08-05T14:40:24.776457,"Bajaj Road, Bengaluru Urban"
3606,2026-04-07T04:40:24.776752,2026-04-07T14:40:24.776752,"Lanka Path, Belagavi"
3607,2024-08-29T15:40:24.777047,2024-08-31T14:40:24.777047,"Khare Road, Raichur"
3608,2025-07-04T11:40:24.777350,2025-07-04T14:40:24.777350,"Zachariah Marg, Belagavi"
3609,2025-09-10T13:40:24.777481,2025-09-10T14:40:24.777481,"Mani Marg, Shivamogga"
3610,2025-07-20T18:40:24.777664,2025-07-22T14:40:24.777664,"Bail Road, Chikkamagaluru"
3611,2024-11-07T08:40:24.777807,2024-11-07T14:40:24.777807,"Chaudhari Path, Vijayanagara"
3612,2026-07-04T09:40:24.777988,2026-07-06T14:40:24.777988,"Hayre Circle, Belagavi"
3613,2025-11-06T17:40:24.778280,2025-11-08T14:40:24.778280,"Prashad Circle, Vijayanagara"
3614,2025-06-09T14:40:24.778615,2025-06-10T14:40:24.778615,"Comar Circle, Koppal"
3615,2025-04-12T23:40:24.778760,2025-04-15T14:40:24.778760,"Patil Zila, Mysuru"
3616,2025-11-21T07:40:24.778998,2025-11-23T14:40:24.778998,"Sawhney, Chitradurga"
3617,2024-07-24T08:40:24.779132,2024-07-25T14:40:24.779132,"Mitra Circle, Dharwad"
3618,2025-07-16T00:40:24.779265,2025-07-16T14:40:24.779265,"Badami, Belagavi"
3619,2026-06-19T09:40:24.779749,2026-06-21T14:40:24.779749,"Shan Ganj, Belagavi"
3620,2026-07-03T08:40:24.780077,2026-07-05T14:40:24.780077,"Khosla Nagar, Belagavi"
3621,2026-03-21T16:40:24.780358,2026-03-23T14:40:24.780358,"Kaur Circle, Haveri"
3622,2026-06-07T10:40:24.780644,2026-06-08T14:40:24.780644,"Sagar Marg, Kolar"
3623,2025-11-09T15:40:24.780936,2025-11-11T14:40:24.780936,"Jani Zila, Raichur"
3624,2025-10-23T18:40:24.781066,2025-10-26T14:40:24.781066,"Dave Zila, Yadgir"
3625,2024-07-28T21:40:24.781331,2024-07-31T14:40:24.781331,"Badal Road, Bengaluru Urban"
3626,2026-05-27T05:40:24.781695,2026-05-29T14:40:24.781695,"Sharma Circle, Dharwad"
3627,2026-06-11T09:40:24.781917,2026-06-11T14:40:24.781917,"Padmanabhan Zila, Koppal"
3628,2026-04-19T02:40:24.782180,2026-04-21T14:40:24.782180,"Varghese Marg, Koppal"
3629,2026-04-01T01:40:24.782459,2026-04-03T14:40:24.782459,"Mannan Ganj, Belagavi"
3630,2025-08-10T13:40:24.782724,2025-08-11T14:40:24.782724,"Padmanabhan Street, Tumakuru"
3631,2026-04-11T17:40:24.783038,2026-04-13T14:40:24.783038,"Batta Nagar, Yadgir"
3632,2025-11-10T10:40:24.783234,2025-11-11T14:40:24.783234,"Hans Ganj, Raichur"
3633,2025-10-02T12:40:24.783418,2025-10-03T14:40:24.783418,"Kala, Bengaluru Urban"
3634,2024-10-13T08:40:24.783744,2024-10-15T14:40:24.783744,"Contractor, Hassan"
3635,2026-05-30T01:40:24.784122,2026-05-30T14:40:24.784122,"Iyer Nagar, Kolar"
3636,2025-06-23T19:40:24.784488,2025-06-25T14:40:24.784488,"Sarin, Mysuru"
3637,2025-10-24T17:40:24.784809,2025-10-27T14:40:24.784809,"Oommen Road, Mysuru"
3638,2026-01-26T11:40:24.785002,2026-01-26T14:40:24.785002,"Dugar Circle, Kalaburagi"
3639,2025-02-21T20:40:24.785263,2025-02-24T14:40:24.785263,"Buch Path, Bagalkote"
3640,2026-05-31T07:40:24.785610,2026-05-31T14:40:24.785610,"Kanda Zila, Belagavi"
3641,2026-05-11T02:40:24.785898,2026-05-11T14:40:24.785898,"Din Path, Belagavi"
3642,2024-12-06T07:40:24.786082,2024-12-07T14:40:24.786082,"Bhasin Ganj, Mysuru"
3643,2025-07-03T17:40:24.786337,2025-07-06T14:40:24.786337,"Dugar Circle, Chamarajanagara"
3644,2024-07-27T09:40:24.786528,2024-07-29T14:40:24.786528,"Bansal Path, Hassan"
3645,2024-08-22T07:40:24.786730,2024-08-24T14:40:24.786730,"Thakkar Chowk, Dakshina Kannada"
3646,2026-03-20T15:40:24.786983,2026-03-23T14:40:24.786983,"Dasgupta Circle, Belagavi"
3647,2024-10-08T02:40:24.787106,2024-10-10T14:40:24.787106,"Banerjee Ganj, Chikkamagaluru"
3648,2025-03-13T06:40:24.787299,2025-03-15T14:40:24.787299,"Nath Road, Koppal"
3649,2025-12-10T01:40:24.787647,2025-12-10T14:40:24.787647,"Doshi Street, Mysuru"
3650,2025-10-22T23:40:24.787922,2025-10-24T14:40:24.787922,"Sen Marg, Vijayapura"
3651,2026-03-11T21:40:24.788081,2026-03-12T14:40:24.788081,"Rout, Mysuru"
3652,2026-04-16T04:40:24.788274,2026-04-17T14:40:24.788274,"Edwin Zila, Belagavi"
3653,2025-12-01T14:40:24.788489,2025-12-03T14:40:24.788489,"Narasimhan Chowk, Belagavi"
3654,2024-12-07T05:40:24.788665,2024-12-07T14:40:24.788665,"Varma Road, Gadag"
3655,2026-07-01T13:40:24.788923,2026-07-01T14:40:24.788923,"Gaba Ganj, Belagavi"
3656,2025-11-06T23:40:24.789037,2025-11-07T14:40:24.789037,"Ram Street, Bengaluru Rural"
3657,2026-06-26T00:40:24.789324,2026-06-27T14:40:24.789324,"Ray Circle, Belagavi"
3658,2026-04-18T14:40:24.789633,2026-04-21T14:40:24.789633,"Kakar Street, Belagavi"
3659,2026-01-09T10:40:24.789911,2026-01-11T14:40:24.789911,"Bera Path, Belagavi"
3660,2026-02-10T17:40:24.790162,2026-02-12T14:40:24.790162,"Chaudhry, Vijayanagara"
3661,2026-05-05T14:40:24.790297,2026-05-06T14:40:24.790297,"Sekhon Circle, Raichur"
3662,2026-04-21T01:40:24.790497,2026-04-22T14:40:24.790497,"Naik Zila, Bagalkote"
3663,2025-05-03T10:40:24.790693,2025-05-04T14:40:24.790693,"Viswanathan Circle, Mysuru"
3664,2026-06-22T10:40:24.791013,2026-06-22T14:40:24.791013,"Swaminathan Marg, Belagavi"
3665,2025-02-02T06:40:24.791130,2025-02-02T14:40:24.791130,"Sastry Marg, Belagavi"
3666,2025-09-26T10:40:24.791277,2025-09-28T14:40:24.791277,"Vasa Marg, Bengaluru Urban"
3667,2025-10-07T12:40:24.791495,2025-10-08T14:40:24.791495,"Gade Circle, Belagavi"
3668,2026-04-24T01:40:24.791952,2026-04-25T14:40:24.791952,"Virk Street, Belagavi"
3669,2024-09-02T21:40:24.792330,2024-09-05T14:40:24.792330,"Sarin Chowk, Chikkaballapura"
3670,2025-01-06T22:40:24.792477,2025-01-09T14:40:24.792477,"Nagy Road, Belagavi"
3671,2025-11-29T02:40:24.792818,2025-11-29T14:40:24.792818,"Gade Road, Bengaluru Urban"
3672,2025-09-23T16:40:24.793128,2025-09-26T14:40:24.793128,"Sule Nagar, Belagavi"
3673,2025-04-06T18:40:24.793379,2025-04-07T14:40:24.793379,"Sarraf Ganj, Chikkamagaluru"
3674,2024-07-31T14:40:24.793674,2024-08-01T14:40:24.793674,"Varughese Chowk, Mysuru"
3675,2025-11-19T03:40:24.793961,2025-11-20T14:40:24.793961,"Narain Chowk, Kalaburagi"
3676,2026-06-07T08:40:24.794177,2026-06-08T14:40:24.794177,"Gera Nagar, Yadgir"
3677,2025-05-28T15:40:24.794436,2025-05-29T14:40:24.794436,"Agrawal Ganj, Raichur"
3678,2025-09-25T04:40:24.794699,2025-09-25T14:40:24.794699,"Ghosh Ganj, Bengaluru Urban"
3679,2025-09-08T10:40:24.795102,2025-09-10T14:40:24.795102,"Ganesan Circle, Shivamogga"
3680,2025-05-06T13:40:24.795414,2025-05-06T14:40:24.795414,"Khatri Zila, Chitradurga"
3681,2025-03-07T05:40:24.795570,2025-03-07T14:40:24.795570,"Parikh Path, Kalaburagi"
3682,2026-01-25T12:40:24.795722,2026-01-25T14:40:24.795722,"Behl Nagar, Davanagere"
3683,2025-01-22T11:40:24.796088,2025-01-22T14:40:24.796088,"Vohra Nagar, Kolar"
3684,2025-01-12T04:40:24.796310,2025-01-14T14:40:24.796310,"Koshy Circle, Yadgir"
3685,2026-02-12T19:40:24.796603,2026-02-14T14:40:24.796603,"Chander Chowk, Belagavi"
3686,2025-01-31T03:40:24.796845,2025-01-31T14:40:24.796845,"Barad Chowk, Bidar"
3687,2026-01-15T04:40:24.796994,2026-01-15T14:40:24.796994,"Cheema Marg, Mysuru"
3688,2026-06-26T19:40:24.797193,2026-06-27T14:40:24.797193,"Dutta Street, Belagavi"
3689,2025-12-31T14:40:24.797486,2026-01-02T14:40:24.797486,"Sehgal Zila, Ballari"
3690,2024-11-13T22:40:24.797859,2024-11-14T14:40:24.797859,"Lad Road, Vijayanagara"
3691,2026-02-15T14:40:24.798111,2026-02-18T14:40:24.798111,"Agarwal Ganj, Belagavi"
3692,2026-02-28T22:40:24.798378,2026-03-02T14:40:24.798378,"Anne Circle, Dakshina Kannada"
3693,2026-03-26T13:40:24.798734,2026-03-27T14:40:24.798734,"Goel Street, Belagavi"
3694,2026-07-07T06:40:24.798882,2026-07-09T14:40:24.798882,"Chandra, Belagavi"
3695,2024-10-05T10:40:24.799064,2024-10-05T14:40:24.799064,"Bir Marg, Mysuru"
3696,2025-01-25T06:40:24.799304,2025-01-26T14:40:24.799304,"Panchal Circle, Belagavi"
3697,2026-04-29T15:40:24.799499,2026-04-30T14:40:24.799499,"Chaudry Nagar, Belagavi"
3698,2026-02-11T14:40:24.799893,2026-02-12T14:40:24.799893,"Sur Street, Vijayanagara"
3699,2025-07-06T18:40:24.800060,2025-07-08T14:40:24.800060,"Shere Marg, Kolar"
3700,2025-02-09T18:40:24.800216,2025-02-11T14:40:24.800216,"Reddy Road, Belagavi"
3701,2025-07-24T13:40:24.800352,2025-07-26T14:40:24.800352,"Raj, Bagalkote"
3702,2026-03-12T23:40:24.800644,2026-03-15T14:40:24.800644,"Ramachandran Ganj, Belagavi"
3703,2025-08-20T03:40:24.800831,2025-08-20T14:40:24.800831,"Sinha Chowk, Kalaburagi"
3704,2025-12-08T05:40:24.801030,2025-12-08T14:40:24.801030,"Varma Nagar, Gadag"
3705,2025-08-11T17:40:24.801291,2025-08-14T14:40:24.801291,"Venkataraman Chowk, Mysuru"
3706,2026-05-11T08:40:24.801525,2026-05-11T14:40:24.801525,"Ram Circle, Belagavi"
3707,2025-07-19T09:40:24.801831,2025-07-20T14:40:24.801831,"Jayaraman Path, Hassan"
3708,2025-04-28T10:40:24.802137,2025-04-28T14:40:24.802137,"Borde Chowk, Kolar"
3709,2025-12-15T05:40:24.802443,2025-12-15T14:40:24.802443,"Mani Circle, Bidar"
3710,2025-08-30T04:40:24.802608,2025-09-01T14:40:24.802608,"Bala Road, Kodagu"
3711,2026-07-07T07:40:24.802979,2026-07-09T14:40:24.802979,"Ranganathan, Udupi"
3712,2024-07-12T03:40:24.803241,2024-07-13T14:40:24.803241,"Sur Ganj, Belagavi"
3713,2026-02-20T19:40:24.803512,2026-02-23T14:40:24.803512,"Dube, Belagavi"
3714,2024-10-29T23:40:24.803924,2024-10-31T14:40:24.803924,"Mann Circle, Belagavi"
3715,2025-01-08T11:40:24.804126,2025-01-09T14:40:24.804126,"Patla Chowk, Belagavi"
3716,2024-08-21T11:40:24.804476,2024-08-22T14:40:24.804476,"Luthra Path, Chikkaballapura"
3717,2026-05-03T22:40:24.804778,2026-05-04T14:40:24.804778,"Sarraf Chowk, Dharwad"
3718,2026-04-18T00:40:24.805070,2026-04-18T14:40:24.805070,"Golla Marg, Kolar"
3719,2025-07-04T06:40:24.805277,2025-07-05T14:40:24.805277,"Choudhury Street, Mysuru"
3720,2025-09-29T06:40:24.805474,2025-09-30T14:40:24.805474,"Buch Street, Gadag"
3721,2024-11-17T01:40:24.805784,2024-11-19T14:40:24.805784,"Deol Nagar, Kodagu"
3722,2024-08-22T01:40:24.805930,2024-08-22T14:40:24.805930,"Sagar Ganj, Bengaluru Urban"
3723,2025-01-11T21:40:24.806205,2025-01-14T14:40:24.806205,"Sarma Zila, Ballari"
3724,2025-06-02T21:40:24.806480,2025-06-05T14:40:24.806480,"Bedi Path, Mysuru"
3725,2025-06-09T21:40:24.806831,2025-06-12T14:40:24.806831,"Hari Chowk, Belagavi"
3726,2025-02-17T21:40:24.807034,2025-02-19T14:40:24.807034,"Baral Marg, Belagavi"
3727,2025-06-14T12:40:24.807276,2025-06-14T14:40:24.807276,"Morar Path, Ballari"
3728,2026-01-18T20:40:24.807410,2026-01-19T14:40:24.807410,"Padmanabhan Zila, Bengaluru Urban"
3729,2024-09-12T02:40:24.807591,2024-09-13T14:40:24.807591,"Nanda Nagar, Raichur"
3730,2024-09-27T06:40:24.807987,2024-09-27T14:40:24.807987,"Narasimhan Path, Chikkaballapura"
3731,2024-07-14T15:40:24.808318,2024-07-17T14:40:24.808318,"Saran Marg, Tumakuru"
3732,2026-05-20T06:40:24.808455,2026-05-20T14:40:24.808455,"Yadav Street, Koppal"
3733,2026-05-17T00:40:24.808705,2026-05-18T14:40:24.808705,"Shukla Zila, Kolar"
3734,2025-07-08T19:40:24.809027,2025-07-11T14:40:24.809027,"Chada Nagar, Bengaluru Urban"
3735,2024-11-18T21:40:24.809158,2024-11-20T14:40:24.809158,"Dugar, Belagavi"
3736,2024-09-03T01:40:24.809464,2024-09-05T14:40:24.809464,"Shenoy Chowk, Belagavi"
3737,2026-01-14T04:40:24.809664,2026-01-15T14:40:24.809664,"Naik Chowk, Belagavi"
3738,2026-07-03T20:40:24.809846,2026-07-06T14:40:24.809846,"Mahajan Ganj, Belagavi"
3739,2025-11-20T09:40:24.810268,2025-11-20T14:40:24.810268,"Grover Circle, Raichur"
3740,2026-06-19T01:40:24.810622,2026-06-20T14:40:24.810622,"Bir Nagar, Kalaburagi"
3741,2024-08-02T14:40:24.810777,2024-08-03T14:40:24.810777,"Pau, Belagavi"
3742,2024-11-13T02:40:24.810909,2024-11-15T14:40:24.810909,"Sura, Belagavi"
3743,2025-04-28T08:40:24.811185,2025-04-29T14:40:24.811185,"Koshy Zila, Mysuru"
3744,2026-04-21T04:40:24.811479,2026-04-23T14:40:24.811479,"Mane Circle, Belagavi"
3745,2024-10-30T19:40:24.811667,2024-11-02T14:40:24.811667,"Goswami Street, Ramanagara"
3746,2025-10-01T08:40:24.811783,2025-10-02T14:40:24.811783,"Raja Path, Vijayapura"
3747,2026-05-07T09:40:24.812074,2026-05-08T14:40:24.812074,"Varty Road, Belagavi"
3748,2025-07-13T11:40:24.812320,2025-07-14T14:40:24.812320,"Subramanian Chowk, Gadag"
3749,2026-01-16T08:40:24.812717,2026-01-17T14:40:24.812717,"Datta Street, Tumakuru"
3750,2024-08-04T00:40:24.812848,2024-08-04T14:40:24.812848,"Shah Ganj, Davanagere"
3751,2024-10-21T04:40:24.813066,2024-10-22T14:40:24.813066,"Wagle Ganj, Shivamogga"
3752,2026-04-15T18:40:24.813275,2026-04-17T14:40:24.813275,"Bassi Zila, Tumakuru"
3753,2024-11-03T19:40:24.813398,2024-11-05T14:40:24.813398,"Patla Nagar, Ramanagara"
3754,2025-01-09T17:40:24.813571,2025-01-12T14:40:24.813571,"Vyas Road, Belagavi"
3755,2024-09-23T19:40:24.813859,2024-09-26T14:40:24.813859,"Saran Path, Belagavi"
3756,2025-12-01T10:40:24.814176,2025-12-03T14:40:24.814176,"Mammen Road, Hassan"
3757,2026-02-10T09:40:24.814376,2026-02-11T14:40:24.814376,"Upadhyay Ganj, Ramanagara"
3758,2025-10-12T16:40:24.814658,2025-10-15T14:40:24.814658,"Kannan, Mysuru"
3759,2026-03-25T02:40:24.814823,2026-03-26T14:40:24.814823,"Rajagopal Circle, Davanagere"
3760,2024-09-12T11:40:24.815076,2024-09-12T14:40:24.815076,"Subramanian Road, Belagavi"
3761,2024-10-22T16:40:24.815390,2024-10-24T14:40:24.815390,"Swamy Ganj, Mysuru"
3762,2025-12-25T11:40:24.815676,2025-12-27T14:40:24.815676,"Bail, Dakshina Kannada"
3763,2026-06-28T09:40:24.815938,2026-06-30T14:40:24.815938,"Chatterjee Path, Belagavi"
3764,2026-04-17T04:40:24.816164,2026-04-18T14:40:24.816164,"Wable Circle, Bengaluru Rural"
3765,2025-05-06T05:40:24.816357,2025-05-07T14:40:24.816357,"Shan Street, Raichur"
3766,2026-04-09T22:40:24.816588,2026-04-10T14:40:24.816588,"Lal Street, Belagavi"
3767,2025-05-20T11:40:24.816906,2025-05-20T14:40:24.816906,"Ravi Street, Yadgir"
3768,2025-04-13T00:40:24.817119,2025-04-13T14:40:24.817119,"Koshy Chowk, Bengaluru Urban"
3769,2026-05-21T02:40:24.817243,2026-05-23T14:40:24.817243,"Dey Path, Belagavi"
3770,2024-09-20T16:40:24.817484,2024-09-23T14:40:24.817484,"Devan Chowk, Belagavi"
3771,2026-01-19T01:40:24.817816,2026-01-20T14:40:24.817816,"Pathak Road, Belagavi"
3772,2026-06-22T09:40:24.817972,2026-06-23T14:40:24.817972,"Chauhan Road, Bengaluru Urban"
3773,2025-02-14T14:40:24.818102,2025-02-15T14:40:24.818102,"Choudhary Chowk, Yadgir"
3774,2024-10-18T15:40:24.818370,2024-10-20T14:40:24.818370,"Anand Circle, Yadgir"
3775,2026-07-01T06:40:24.818514,2026-07-02T14:40:24.818514,"Edwin Street, Chitradurga"
3776,2026-03-08T10:40:24.818777,2026-03-08T14:40:24.818777,"Sen Street, Belagavi"
3777,2026-03-23T06:40:24.819087,2026-03-24T14:40:24.819087,"Merchant Road, Belagavi"
3778,2026-01-11T14:40:24.819325,2026-01-12T14:40:24.819325,"Goyal Road, Belagavi"
3779,2024-08-02T11:40:24.819634,2024-08-04T14:40:24.819634,"Gandhi Ganj, Ramanagara"
3780,2026-01-25T08:40:24.819900,2026-01-25T14:40:24.819900,"Karpe Ganj, Chamarajanagara"
3781,2024-08-04T02:40:24.820131,2024-08-05T14:40:24.820131,"Gopal Street, Belagavi"
3782,2025-01-17T04:40:24.820471,2025-01-19T14:40:24.820471,"Bali Path, Bengaluru Urban"
3783,2026-05-17T02:40:24.820775,2026-05-17T14:40:24.820775,"Nigam Marg, Bagalkote"
3784,2026-03-11T07:40:24.820933,2026-03-11T14:40:24.820933,"Ramakrishnan Street, Belagavi"
3785,2025-03-13T19:40:24.821234,2025-03-15T14:40:24.821234,"Mistry Ganj, Belagavi"
3786,2025-12-31T11:40:24.821516,2026-01-02T14:40:24.821516,"Balay Road, Mandya"
3787,2025-05-25T00:40:24.821862,2025-05-26T14:40:24.821862,"Chaudhuri Path, Davanagere"
3788,2025-09-15T14:40:24.822047,2025-09-16T14:40:24.822047,"Nanda, Ballari"
3789,2025-04-07T21:40:24.822282,2025-04-08T14:40:24.822282,"Patla Marg, Mysuru"
3790,2024-12-06T13:40:24.822710,2024-12-08T14:40:24.822710,"Rajagopalan, Gadag"
3791,2026-06-24T10:40:24.823026,2026-06-25T14:40:24.823026,"Varma Marg, Belagavi"
3792,2026-03-09T13:40:24.823314,2026-03-10T14:40:24.823314,"Wali Zila, Belagavi"
3793,2024-12-18T15:40:24.823605,2024-12-21T14:40:24.823605,"Shere Ganj, Bagalkote"
3794,2026-02-13T17:40:24.823877,2026-02-14T14:40:24.823877,"Srivastava Zila, Belagavi"
3795,2025-06-02T03:40:24.824247,2025-06-03T14:40:24.824247,"Narasimhan Circle, Belagavi"
3796,2026-06-10T22:40:24.824384,2026-06-13T14:40:24.824384,"Sethi Path, Ballari"
3797,2026-03-11T01:40:24.824838,2026-03-13T14:40:24.824838,"Chaudhry Ganj, Belagavi"
3798,2025-05-27T07:40:24.825034,2025-05-28T14:40:24.825034,"Badami Chowk, Belagavi"
3799,2026-04-10T07:40:24.825232,2026-04-10T14:40:24.825232,"Tella Path, Belagavi"
3800,2024-10-31T21:40:24.825465,2024-11-03T14:40:24.825465,"Borra Road, Yadgir"
3801,2026-05-08T05:40:24.825764,2026-05-09T14:40:24.825764,"Natt Ganj, Bagalkote"
3802,2024-07-16T06:40:24.825923,2024-07-17T14:40:24.825923,"Korpal Zila, Kalaburagi"
3803,2026-06-09T05:40:24.826118,2026-06-09T14:40:24.826118,"Tripathi Street, Kolar"
3804,2026-04-28T22:40:24.826277,2026-04-30T14:40:24.826277,"Sabharwal Road, Ramanagara"
3805,2025-09-01T05:40:24.826414,2025-09-01T14:40:24.826414,"Pandey Circle, Bengaluru Urban"
3806,2024-07-17T02:40:24.826816,2024-07-17T14:40:24.826816,"Joshi Zila, Mysuru"
3807,2025-07-05T03:40:24.827097,2025-07-06T14:40:24.827097,"Kamdar Nagar, Belagavi"
3808,2026-03-27T00:40:24.827305,2026-03-27T14:40:24.827305,"Krishnamurthy Nagar, Yadgir"
3809,2025-04-08T07:40:24.827701,2025-04-10T14:40:24.827701,"Bhardwaj Ganj, Chamarajanagara"
3810,2024-11-29T01:40:24.828138,2024-12-01T14:40:24.828138,"Kalla Chowk, Vijayanagara"
3811,2025-02-22T11:40:24.828638,2025-02-22T14:40:24.828638,"Sodhi Nagar, Kodagu"
3812,2024-08-31T17:40:24.828920,2024-09-03T14:40:24.828920,"Divan Circle, Kolar"
3813,2026-01-07T17:40:24.829047,2026-01-08T14:40:24.829047,"Krish Ganj, Ramanagara"
3814,2026-02-25T13:40:24.829179,2026-02-26T14:40:24.829179,"Mistry Zila, Bengaluru Urban"
3815,2025-05-02T12:40:24.829351,2025-05-03T14:40:24.829351,"Borde Zila, Tumakuru"
3816,2026-01-20T10:40:24.829589,2026-01-22T14:40:24.829589,"Vasa Circle, Belagavi"
3817,2025-01-14T04:40:24.829824,2025-01-14T14:40:24.829824,"Chana Nagar, Udupi"
3818,2026-01-08T03:40:24.829953,2026-01-08T14:40:24.829953,"Mohanty Ganj, Belagavi"
3819,2026-04-10T01:40:24.830247,2026-04-12T14:40:24.830247,"Bassi Chowk, Davanagere"
3820,2025-03-20T10:40:24.830620,2025-03-22T14:40:24.830620,"Gill, Belagavi"
3821,2026-01-29T02:40:24.830915,2026-01-31T14:40:24.830915,"Bhalla Zila, Belagavi"
3822,2025-02-28T04:40:24.831223,2025-03-02T14:40:24.831223,"Sahni, Gadag"
3823,2026-06-04T08:40:24.831439,2026-06-04T14:40:24.831439,"Gola, Belagavi"
3824,2025-08-15T21:40:24.831741,2025-08-16T14:40:24.831741,"Tiwari Street, Ramanagara"
3825,2025-06-19T13:40:24.831957,2025-06-20T14:40:24.831957,"Sahota Road, Bengaluru Urban"
3826,2025-07-01T01:40:24.832107,2025-07-02T14:40:24.832107,"Atwal Chowk, Chitradurga"
3827,2025-11-10T20:40:24.832463,2025-11-11T14:40:24.832463,"Vig Street, Belagavi"
3828,2024-09-11T04:40:24.832880,2024-09-12T14:40:24.832880,"Sood Chowk, Chikkamagaluru"
3829,2026-05-07T18:40:24.833077,2026-05-10T14:40:24.833077,"Mukherjee Chowk, Bagalkote"
3830,2024-09-17T17:40:24.833351,2024-09-19T14:40:24.833351,"Rai Zila, Chamarajanagara"
3831,2024-08-12T11:40:24.833692,2024-08-12T14:40:24.833692,"Merchant Marg, Koppal"
3832,2025-12-18T04:40:24.833817,2025-12-19T14:40:24.833817,"Basu Ganj, Belagavi"
3833,2026-03-26T15:40:24.834121,2026-03-28T14:40:24.834121,"Majumdar Nagar, Udupi"
3834,2024-09-10T09:40:24.834441,2024-09-10T14:40:24.834441,"Dugar Nagar, Gadag"
3835,2025-02-14T05:40:24.834906,2025-02-15T14:40:24.834906,"Gour Ganj, Belagavi"
3836,2026-05-06T01:40:24.835283,2026-05-07T14:40:24.835283,"Badami Road, Belagavi"
3837,2025-10-28T15:40:24.835460,2025-10-30T14:40:24.835460,"Sastry Zila, Bengaluru Urban"
3838,2024-11-01T20:40:24.835784,2024-11-03T14:40:24.835784,"Chaudry Ganj, Gadag"
3839,2025-12-23T18:40:24.836070,2025-12-24T14:40:24.836070,"Hora Path, Shivamogga"
3840,2025-09-19T08:40:24.836239,2025-09-20T14:40:24.836239,"Wali Nagar, Dakshina Kannada"
3841,2026-06-22T04:40:24.836509,2026-06-23T14:40:24.836509,"Dewan, Belagavi"
3842,2025-10-10T16:40:24.836822,2025-10-12T14:40:24.836822,"Dora, Dakshina Kannada"
3843,2024-12-21T12:40:24.836962,2024-12-21T14:40:24.836962,"Kashyap Ganj, Dharwad"
3844,2024-07-12T14:40:24.837296,2024-07-13T14:40:24.837296,"Choudhury Ganj, Kolar"
3845,2025-04-26T09:40:24.837652,2025-04-26T14:40:24.837652,"Sidhu, Belagavi"
3846,2025-03-04T04:40:24.837826,2025-03-06T14:40:24.837826,"Mody Circle, Mysuru"
3847,2026-01-07T19:40:24.838083,2026-01-10T14:40:24.838083,"Karnik Street, Chitradurga"
3848,2024-11-16T09:40:24.838346,2024-11-18T14:40:24.838346,"Sundaram Street, Belagavi"
3849,2024-12-12T11:40:24.838719,2024-12-13T14:40:24.838719,"Iyengar Street, Bengaluru Urban"
3850,2026-06-01T13:40:24.838891,2026-06-01T14:40:24.838891,"Master Chowk, Belagavi"
3851,2025-03-11T03:40:24.839140,2025-03-11T14:40:24.839140,"Chaudhary Circle, Bengaluru Rural"
3852,2025-02-27T11:40:24.839330,2025-02-27T14:40:24.839330,"Keer Road, Belagavi"
3853,2026-03-18T03:40:24.839470,2026-03-19T14:40:24.839470,"Lad, Belagavi"
3854,2025-03-18T11:40:24.839639,2025-03-18T14:40:24.839639,"Bora Street, Dakshina Kannada"
3855,2026-03-18T11:40:24.839996,2026-03-19T14:40:24.839996,"Raman Path, Mysuru"
3856,2025-03-18T10:40:24.840142,2025-03-19T14:40:24.840142,"Bhalla Circle, Dakshina Kannada"
3857,2024-08-28T07:40:24.840299,2024-08-29T14:40:24.840299,"Pau Circle, Davanagere"
3858,2025-05-16T22:40:24.840503,2025-05-19T14:40:24.840503,"Doctor Path, Bengaluru Urban"
3859,2025-05-14T10:40:24.840901,2025-05-16T14:40:24.840901,"Jaggi Road, Hassan"
3860,2026-03-30T17:40:24.841232,2026-03-31T14:40:24.841232,"Bail Ganj, Gadag"
3861,2024-10-21T02:40:24.841612,2024-10-21T14:40:24.841612,"Iyengar, Belagavi"
3862,2026-02-11T17:40:24.841871,2026-02-12T14:40:24.841871,"Tripathi Street, Belagavi"
3863,2025-06-20T03:40:24.842048,2025-06-20T14:40:24.842048,"Hegde, Belagavi"
3864,2025-03-10T19:40:24.842237,2025-03-12T14:40:24.842237,"Deol Marg, Belagavi"
3865,2025-02-18T01:40:24.842477,2025-02-18T14:40:24.842477,"Ram Marg, Bengaluru Urban"
3866,2026-03-18T14:40:24.842839,2026-03-20T14:40:24.842839,"Misra Zila, Davanagere"
3867,2026-05-07T00:40:24.843116,2026-05-09T14:40:24.843116,"Rastogi Chowk, Belagavi"
3868,2026-03-30T12:40:24.843424,2026-03-31T14:40:24.843424,"Bose Ganj, Tumakuru"
3869,2026-02-16T08:40:24.843762,2026-02-16T14:40:24.843762,"Narasimhan Ganj, Haveri"
3870,2025-10-18T22:40:24.844174,2025-10-20T14:40:24.844174,"Chaudhary Marg, Belagavi"
3871,2025-07-12T21:40:24.844444,2025-07-13T14:40:24.844444,"Suri Marg, Kalaburagi"
3872,2025-04-22T12:40:24.844677,2025-04-23T14:40:24.844677,"Dave Path, Belagavi"
3873,2026-06-10T20:40:24.845014,2026-06-11T14:40:24.845014,"Hayre Zila, Belagavi"
3874,2024-10-01T15:40:24.845231,2024-10-03T14:40:24.845231,"Singh Nagar, Mysuru"
3875,2025-09-23T06:40:24.845468,2025-09-23T14:40:24.845468,"Aggarwal Circle, Mysuru"
3876,2025-02-18T08:40:24.845890,2025-02-20T14:40:24.845890,"Raval Street, Ramanagara"
3877,2026-05-11T00:40:24.846233,2026-05-13T14:40:24.846233,"Dani, Belagavi"
3878,2025-08-28T21:40:24.846362,2025-08-30T14:40:24.846362,"Pau, Kalaburagi"
3879,2026-01-07T03:40:24.846769,2026-01-09T14:40:24.846769,"Rama Road, Bengaluru Rural"
3880,2024-12-27T06:40:24.846999,2024-12-28T14:40:24.846999,"Rout Marg, Gadag"
3881,2024-09-09T03:40:24.847260,2024-09-10T14:40:24.847260,"Ben Nagar, Mysuru"
3882,2026-03-23T16:40:24.847612,2026-03-24T14:40:24.847612,"Gandhi Zila, Belagavi"
3883,2026-02-22T11:40:24.847764,2026-02-23T14:40:24.847764,"Gara Nagar, Chikkaballapura"
3884,2025-03-17T22:40:24.848099,2025-03-19T14:40:24.848099,"Munshi Path, Belagavi"
3885,2026-01-27T02:40:24.848378,2026-01-29T14:40:24.848378,"Swaminathan Path, Belagavi"
3886,2025-02-20T10:40:24.848594,2025-02-22T14:40:24.848594,"Khalsa Road, Mysuru"
3887,2025-03-25T23:40:24.848856,2025-03-27T14:40:24.848856,"Mitter Road, Davanagere"
3888,2025-09-05T23:40:24.849178,2025-09-06T14:40:24.849178,"Sharma Street, Kalaburagi"
3889,2025-10-04T19:40:24.849377,2025-10-05T14:40:24.849377,"Seth, Kalaburagi"
3890,2024-12-20T12:40:24.849729,2024-12-21T14:40:24.849729,"Dasgupta Road, Kodagu"
3891,2026-05-16T00:40:24.849946,2026-05-18T14:40:24.849946,"Lad Ganj, Chikkamagaluru"
3892,2025-11-09T03:40:24.850195,2025-11-10T14:40:24.850195,"Sur Path, Davanagere"
3893,2024-08-31T06:40:24.850396,2024-09-02T14:40:24.850396,"Mammen Street, Belagavi"
3894,2026-02-13T14:40:24.850529,2026-02-15T14:40:24.850529,"Mahal Chowk, Belagavi"
3895,2024-09-22T09:40:24.850801,2024-09-22T14:40:24.850801,"Suri Street, Shivamogga"
3896,2026-03-23T22:40:24.851074,2026-03-24T14:40:24.851074,"Thaman, Bidar"
3897,2026-06-06T09:40:24.851390,2026-06-06T14:40:24.851390,"Banerjee Ganj, Kolar"
3898,2026-05-15T07:40:24.851640,2026-05-16T14:40:24.851640,"Pingle, Belagavi"
3899,2025-01-02T08:40:24.852010,2025-01-02T14:40:24.852010,"Varghese Chowk, Belagavi"
3900,2024-09-09T02:40:24.852177,2024-09-09T14:40:24.852177,"Bhakta Circle, Shivamogga"
3901,2026-06-06T23:40:24.852330,2026-06-08T14:40:24.852330,"Rao Zila, Belagavi"
3902,2026-07-03T17:40:24.852709,2026-07-05T14:40:24.852709,"Kala Street, Belagavi"
3903,2026-01-10T09:40:24.852982,2026-01-11T14:40:24.852982,"Lal Path, Bidar"
3904,2025-07-24T20:40:24.853424,2025-07-25T14:40:24.853424,"Rama Street, Hassan"
3905,2024-11-20T01:40:24.853822,2024-11-20T14:40:24.853822,"Thakur Circle, Belagavi"
3906,2026-03-14T16:40:24.854012,2026-03-17T14:40:24.854012,"Sen Chowk, Bidar"
3907,2026-02-20T07:40:24.854198,2026-02-20T14:40:24.854198,"Sen Street, Belagavi"
3908,2026-03-23T16:40:24.854502,2026-03-26T14:40:24.854502,"Sami Zila, Davanagere"
3909,2024-08-25T10:40:24.854971,2024-08-27T14:40:24.854971,"Badami Zila, Shivamogga"
3910,2025-05-26T02:40:24.855367,2025-05-27T14:40:24.855367,"Gupta Chowk, Ballari"
3911,2026-04-18T07:40:24.855624,2026-04-19T14:40:24.855624,"Oommen Chowk, Udupi"
3912,2025-06-22T19:40:24.856000,2025-06-25T14:40:24.856000,"Babu, Ballari"
3913,2026-02-17T15:40:24.856307,2026-02-20T14:40:24.856307,"Raja Ganj, Haveri"
3914,2026-06-25T23:40:24.856603,2026-06-27T14:40:24.856603,"Modi Zila, Chikkamagaluru"
3915,2025-01-21T11:40:24.856852,2025-01-21T14:40:24.856852,"Kashyap Circle, Belagavi"
3916,2025-07-26T15:40:24.857182,2025-07-28T14:40:24.857182,"Krish Street, Mysuru"
3917,2025-09-05T18:40:24.857512,2025-09-06T14:40:24.857512,"Prabhakar Road, Ramanagara"
3918,2026-06-12T03:40:24.857891,2026-06-12T14:40:24.857891,"Gara Marg, Belagavi"
3919,2026-02-03T01:40:24.858060,2026-02-03T14:40:24.858060,"Din Road, Belagavi"
3920,2026-05-03T10:40:24.858344,2026-05-05T14:40:24.858344,"Raval Road, Bengaluru Rural"
3921,2025-09-14T23:40:24.858489,2025-09-16T14:40:24.858489,"Sheth Road, Hassan"
3922,2026-03-19T13:40:24.858802,2026-03-21T14:40:24.858802,"Puri Chowk, Kodagu"
3923,2024-11-23T18:40:24.859259,2024-11-24T14:40:24.859259,"Swamy Circle, Bengaluru Urban"
3924,2026-03-20T05:40:24.859631,2026-03-20T14:40:24.859631,"Muni Zila, Belagavi"
3925,2025-01-03T17:40:24.859957,2025-01-06T14:40:24.859957,"Guha Chowk, Hassan"
3926,2026-02-15T17:40:24.860116,2026-02-18T14:40:24.860116,"Bora Circle, Belagavi"
3927,2024-10-31T19:40:24.860341,2024-11-02T14:40:24.860341,"Hari, Mysuru"
3928,2025-03-12T08:40:24.860738,2025-03-13T14:40:24.860738,"Comar Nagar, Kodagu"
3929,2025-08-31T09:40:24.861026,2025-09-01T14:40:24.861026,"Sodhi Ganj, Bagalkote"
3930,2025-05-07T18:40:24.861248,2025-05-08T14:40:24.861248,"Bahl Street, Belagavi"
3931,2024-10-04T07:40:24.861590,2024-10-06T14:40:24.861590,"Rastogi Nagar, Bengaluru Urban"
3932,2024-07-12T21:40:24.861825,2024-07-14T14:40:24.861825,"Thakur, Gadag"
3933,2025-11-22T11:40:24.862127,2025-11-22T14:40:24.862127,"Gopal, Dharwad"
3934,2025-03-25T14:40:24.862447,2025-03-28T14:40:24.862447,"Purohit Ganj, Chitradurga"
3935,2025-01-16T18:40:24.862862,2025-01-18T14:40:24.862862,"Chopra Zila, Vijayapura"
3936,2025-04-03T11:40:24.863223,2025-04-04T14:40:24.863223,"Dugar Circle, Bengaluru Urban"
3937,2026-05-20T23:40:24.863382,2026-05-23T14:40:24.863382,"Shan Street, Belagavi"
3938,2025-07-30T04:40:24.863503,2025-08-01T14:40:24.863503,"Sane, Chitradurga"
3939,2026-06-27T01:40:24.863646,2026-06-29T14:40:24.863646,"Prabhu Road, Belagavi"
3940,2024-11-01T12:40:24.863927,2024-11-03T14:40:24.863927,"Bajaj Circle, Dakshina Kannada"
3941,2024-12-28T07:40:24.864187,2024-12-28T14:40:24.864187,"Wagle Street, Chamarajanagara"
3942,2026-03-28T00:40:24.864427,2026-03-30T14:40:24.864427,"Chana, Belagavi"
3943,2024-07-12T13:40:24.864673,2024-07-12T14:40:24.864673,"Rege, Udupi"
3944,2026-03-06T01:40:24.864878,2026-03-07T14:40:24.864878,"Comar Path, Mandya"
3945,2024-10-19T09:40:24.865073,2024-10-21T14:40:24.865073,"Dua Nagar, Ballari"
3946,2024-10-25T01:40:24.865591,2024-10-27T14:40:24.865591,"Raghavan Street, Koppal"
3947,2025-09-08T23:40:24.865952,2025-09-10T14:40:24.865952,"Solanki Marg, Belagavi"
3948,2025-09-24T02:40:24.866150,2025-09-24T14:40:24.866150,"Kakar Street, Chamarajanagara"
3949,2025-08-11T08:40:24.866483,2025-08-13T14:40:24.866483,"Bedi Ganj, Bidar"
3950,2026-04-26T12:40:24.866711,2026-04-27T14:40:24.866711,"Doshi Street, Belagavi"
3951,2024-08-22T08:40:24.866934,2024-08-23T14:40:24.866934,"Butala Nagar, Shivamogga"
3952,2025-03-27T04:40:24.867101,2025-03-29T14:40:24.867101,"Sibal Circle, Belagavi"
3953,2026-07-07T23:40:24.867433,2026-07-08T14:40:24.867433,"Keer Street, Yadgir"
3954,2026-07-04T23:40:24.867628,2026-07-06T14:40:24.867628,"Char Nagar, Belagavi"
3955,2026-02-09T06:40:24.867953,2026-02-09T14:40:24.867953,"Bala Zila, Udupi"
3956,2026-03-24T07:40:24.868304,2026-03-25T14:40:24.868304,"Mittal Chowk, Belagavi"
3957,2025-03-04T16:40:24.868442,2025-03-05T14:40:24.868442,"Puri Path, Belagavi"
3958,2026-05-05T15:40:24.868671,2026-05-08T14:40:24.868671,"Gole, Belagavi"
3959,2026-05-25T10:40:24.868920,2026-05-25T14:40:24.868920,"Soni Marg, Ramanagara"
3960,2025-11-10T12:40:24.869209,2025-11-10T14:40:24.869209,"Butala Street, Dharwad"
3961,2026-04-02T23:40:24.869612,2026-04-05T14:40:24.869612,"Grewal Chowk, Belagavi"
3962,2026-04-11T23:40:24.869765,2026-04-14T14:40:24.869765,"Dash Road, Hassan"
3963,2025-06-23T05:40:24.870039,2025-06-23T14:40:24.870039,"Sankaran Marg, Belagavi"
3964,2025-10-13T07:40:24.870291,2025-10-14T14:40:24.870291,"Raju Circle, Mysuru"
3965,2025-04-15T06:40:24.870415,2025-04-17T14:40:24.870415,"Kanda Road, Kalaburagi"
3966,2026-02-17T03:40:24.870531,2026-02-19T14:40:24.870531,"Bose Path, Belagavi"
3967,2026-06-06T20:40:24.870717,2026-06-07T14:40:24.870717,"Varghese Chowk, Belagavi"
3968,2026-04-30T20:40:24.870999,2026-05-01T14:40:24.870999,"Parmar Nagar, Bagalkote"
3969,2024-07-15T04:40:24.871182,2024-07-15T14:40:24.871182,"Dugar Chowk, Ramanagara"
3970,2025-01-10T17:40:24.871573,2025-01-13T14:40:24.871573,"Bora Marg, Bidar"
3971,2024-12-02T03:40:24.871972,2024-12-04T14:40:24.871972,"Jhaveri Circle, Belagavi"
3972,2025-07-19T14:40:24.872318,2025-07-20T14:40:24.872318,"Ganesh Circle, Gadag"
3973,2026-05-28T19:40:24.872515,2026-05-29T14:40:24.872515,"Shenoy Chowk, Belagavi"
3974,2026-03-19T13:40:24.872777,2026-03-20T14:40:24.872777,"Amble Nagar, Belagavi"
3975,2025-09-19T05:40:24.873366,2025-09-21T14:40:24.873366,"Viswanathan Ganj, Gadag"
3976,2025-01-11T16:40:24.873609,2025-01-13T14:40:24.873609,"Dara Path, Mysuru"
3977,2026-06-23T22:40:24.873812,2026-06-26T14:40:24.873812,"Pradhan Street, Belagavi"
3978,2026-02-03T20:40:24.873974,2026-02-04T14:40:24.873974,"Sethi Circle, Belagavi"
3979,2026-01-30T13:40:24.874386,2026-01-31T14:40:24.874386,"Dani Circle, Koppal"
3980,2026-06-28T16:40:24.874844,2026-06-29T14:40:24.874844,"Sane Zila, Ramanagara"
3981,2025-05-03T12:40:24.875196,2025-05-05T14:40:24.875196,"Chakrabarti Marg, Belagavi"
3982,2026-02-24T10:40:24.875468,2026-02-24T14:40:24.875468,"Puri, Belagavi"
3983,2026-06-11T18:40:24.875770,2026-06-14T14:40:24.875770,"Gade Road, Shivamogga"
3984,2025-06-12T17:40:24.876101,2025-06-15T14:40:24.876101,"Bakshi, Vijayapura"
3985,2026-02-11T07:40:24.876285,2026-02-11T14:40:24.876285,"Patel, Belagavi"
3986,2026-04-21T22:40:24.876611,2026-04-22T14:40:24.876611,"Sagar Road, Belagavi"
3987,2025-08-02T09:40:24.876863,2025-08-03T14:40:24.876863,"Karpe Road, Belagavi"
3988,2026-01-27T17:40:24.877002,2026-01-29T14:40:24.877002,"Prashad Zila, Mysuru"
3989,2025-06-06T19:40:24.877153,2025-06-07T14:40:24.877153,"Badami Road, Bengaluru Urban"
3990,2025-01-11T00:40:24.877382,2025-01-13T14:40:24.877382,"Mital Circle, Raichur"
3991,2025-09-09T20:40:24.877746,2025-09-10T14:40:24.877746,"Chaudhari Zila, Bidar"
3992,2025-08-25T00:40:24.878011,2025-08-26T14:40:24.878011,"Gala Chowk, Belagavi"
3993,2026-03-16T01:40:24.878137,2026-03-18T14:40:24.878137,"Sanghvi Circle, Belagavi"
3994,2026-06-04T12:40:24.878418,2026-06-05T14:40:24.878418,"Mukherjee Circle, Belagavi"
3995,2026-04-17T13:40:24.878825,2026-04-17T14:40:24.878825,"Pant Path, Belagavi"
3996,2025-08-16T14:40:24.879096,2025-08-19T14:40:24.879096,"Ghosh Circle, Vijayanagara"
3997,2026-05-12T17:40:24.879377,2026-05-15T14:40:24.879377,"Badami, Belagavi"
3998,2024-12-28T13:40:24.879642,2024-12-30T14:40:24.879642,"Kumer, Chikkamagaluru"
3999,2026-05-26T22:40:24.880078,2026-05-29T14:40:24.880078,"Sood Ganj, Mysuru"
4000,2025-06-06T09:40:24.880341,2025-06-06T14:40:24.880341,"Keer Street, Ballari"
4001,2025-01-19T06:40:24.880479,2025-01-21T14:40:24.880479,"Aggarwal Nagar, Mandya"
4002,2026-01-05T12:40:24.880835,2026-01-06T14:40:24.880835,"Sahni Marg, Hassan"
4003,2024-09-21T12:40:24.881106,2024-09-22T14:40:24.881106,"Nagi Ganj, Dakshina Kannada"
4004,2025-01-18T17:40:24.881395,2025-01-19T14:40:24.881395,"Kara Zila, Belagavi"
4005,2026-02-19T20:40:24.881666,2026-02-20T14:40:24.881666,"Mukhopadhyay Nagar, Belagavi"
4006,2024-12-25T20:40:24.881923,2024-12-26T14:40:24.881923,"Patel Chowk, Bengaluru Urban"
4007,2026-01-10T14:40:24.882262,2026-01-12T14:40:24.882262,"Parikh Zila, Udupi"
4008,2026-03-03T08:40:24.882467,2026-03-03T14:40:24.882467,"Basak Street, Belagavi"
4009,2025-10-07T12:40:24.882654,2025-10-09T14:40:24.882654,"Devan Circle, Bengaluru Urban"
4010,2026-06-25T02:40:24.882853,2026-06-25T14:40:24.882853,"Kakar Chowk, Belagavi"
4011,2024-09-06T14:40:24.883104,2024-09-07T14:40:24.883104,"Ramakrishnan Ganj, Haveri"
4012,2026-01-11T01:40:24.883407,2026-01-11T14:40:24.883407,"Oak Path, Ramanagara"
4013,2025-06-16T02:40:24.883883,2025-06-17T14:40:24.883883,"Vala Circle, Mysuru"
4014,2025-06-07T04:40:24.884069,2025-06-09T14:40:24.884069,"Bedi Path, Davanagere"
4015,2026-04-08T19:40:24.884374,2026-04-11T14:40:24.884374,"Nori, Belagavi"
4016,2025-12-29T11:40:24.884846,2025-12-31T14:40:24.884846,"Bhatia Circle, Koppal"
4017,2025-03-08T16:40:24.884993,2025-03-09T14:40:24.884993,"Balan Road, Belagavi"
4018,2025-08-29T02:40:24.885170,2025-08-29T14:40:24.885170,"Dash Nagar, Belagavi"
4019,2026-02-05T17:40:24.885434,2026-02-08T14:40:24.885434,"Chauhan Street, Belagavi"
4020,2025-06-19T07:40:24.885762,2025-06-21T14:40:24.885762,"Sampath Nagar, Ballari"
4021,2024-11-12T05:40:24.885970,2024-11-12T14:40:24.885970,"Baral Ganj, Gadag"
4022,2025-05-04T01:40:24.886248,2025-05-04T14:40:24.886248,"Dash Circle, Yadgir"
4023,2025-01-08T14:40:24.886384,2025-01-11T14:40:24.886384,"Bal Circle, Ballari"
4024,2025-10-30T03:40:24.886714,2025-11-01T14:40:24.886714,"Sant Zila, Mysuru"
4025,2026-06-07T11:40:24.886947,2026-06-09T14:40:24.886947,"Basu, Raichur"
4026,2025-07-09T16:40:24.887233,2025-07-10T14:40:24.887233,"Sur Ganj, Mysuru"
4027,2026-07-03T04:40:24.887649,2026-07-05T14:40:24.887649,"Deshmukh, Shivamogga"
4028,2026-07-10T07:40:24.888049,2026-07-11T14:40:24.888049,"Dutta Road, Belagavi"
4029,2026-05-17T03:40:24.888191,2026-05-18T14:40:24.888191,"Talwar Marg, Belagavi"
4030,2025-01-27T20:40:24.888330,2025-01-28T14:40:24.888330,"Baria Circle, Bengaluru Urban"
4031,2025-05-23T11:40:24.888614,2025-05-24T14:40:24.888614,"Prabhu Street, Hassan"
4032,2025-04-20T21:40:24.888902,2025-04-23T14:40:24.888902,"Rajan Path, Raichur"
4033,2025-05-18T18:40:24.889176,2025-05-21T14:40:24.889176,"Balasubramanian Nagar, Ramanagara"
4034,2024-08-18T04:40:24.889583,2024-08-20T14:40:24.889583,"Prabhakar, Hassan"
4035,2025-09-09T16:40:24.889743,2025-09-11T14:40:24.889743,"Thakur Street, Belagavi"
4036,2025-03-13T06:40:24.890112,2025-03-15T14:40:24.890112,"Mani Nagar, Belagavi"
4037,2025-06-01T20:40:24.890270,2025-06-04T14:40:24.890270,"Boase Marg, Koppal"
4038,2025-09-20T01:40:24.890353,2025-09-22T14:40:24.890353,"Wali Ganj, Mysuru"
4039,2024-08-02T18:40:24.890608,2024-08-04T14:40:24.890608,"Verma Nagar, Davanagere"
4040,2025-09-19T07:40:24.890800,2025-09-19T14:40:24.890800,"Mall Ganj, Raichur"
4041,2025-10-28T03:40:24.890951,2025-10-29T14:40:24.890951,"Chaudhari Ganj, Mandya"
4042,2025-09-08T17:40:24.891090,2025-09-11T14:40:24.891090,"Pant, Davanagere"
4043,2024-12-01T15:40:24.891279,2024-12-04T14:40:24.891279,"Trivedi Nagar, Chitradurga"
4044,2026-01-07T15:40:24.891585,2026-01-09T14:40:24.891585,"Bahl Chowk, Chamarajanagara"
4045,2025-01-03T00:40:24.891746,2025-01-04T14:40:24.891746,"Kala Zila, Bengaluru Urban"
4046,2024-11-04T06:40:24.892192,2024-11-06T14:40:24.892192,"Sarma Path, Mandya"
4047,2024-11-06T20:40:24.892372,2024-11-09T14:40:24.892372,"Hari Ganj, Mysuru"
4048,2025-04-06T01:40:24.892828,2025-04-06T14:40:24.892828,"Dhillon Chowk, Dakshina Kannada"
4049,2025-04-11T15:40:24.893030,2025-04-12T14:40:24.893030,"Modi Zila, Kodagu"
4050,2026-01-10T19:40:24.893253,2026-01-11T14:40:24.893253,"Chaudhary Ganj, Chitradurga"
4051,2026-06-30T11:40:24.893420,2026-07-01T14:40:24.893420,"Aurora Zila, Mysuru"
4052,2024-08-24T16:40:24.893731,2024-08-26T14:40:24.893731,"Barad Zila, Koppal"
4053,2024-07-16T23:40:24.893999,2024-07-17T14:40:24.893999,"Sem Path, Belagavi"
4054,2024-12-24T03:40:24.894166,2024-12-26T14:40:24.894166,"Warrior Chowk, Belagavi"
4055,2026-03-30T16:40:24.894334,2026-04-01T14:40:24.894334,"Pillai Circle, Mysuru"
4056,2024-08-31T21:40:24.894703,2024-09-02T14:40:24.894703,"Oak Circle, Mandya"
4057,2026-05-27T01:40:24.895088,2026-05-29T14:40:24.895088,"Prasad Chowk, Kolar"
4058,2025-12-30T15:40:24.895364,2026-01-02T14:40:24.895364,"Hegde Marg, Shivamogga"
4059,2025-12-19T12:40:24.895522,2025-12-20T14:40:24.895522,"Sami Zila, Mysuru"
4060,2026-01-27T15:40:24.895981,2026-01-29T14:40:24.895981,"Ramanathan Chowk, Dakshina Kannada"
4061,2026-01-20T02:40:24.896229,2026-01-21T14:40:24.896229,"Parikh Path, Belagavi"
4062,2025-02-03T11:40:24.896511,2025-02-03T14:40:24.896511,"Sheth Marg, Belagavi"
4063,2024-10-06T21:40:24.896824,2024-10-09T14:40:24.896824,"Prasad Road, Kodagu"
4064,2025-10-29T04:40:24.897042,2025-10-31T14:40:24.897042,"Saini Road, Kodagu"
4065,2025-12-13T21:40:24.897171,2025-12-14T14:40:24.897171,"Boase, Vijayapura"
4066,2024-11-06T10:40:24.897392,2024-11-06T14:40:24.897392,"Sarraf Circle, Belagavi"
4067,2026-02-12T18:40:24.897611,2026-02-15T14:40:24.897611,"Chahal Ganj, Vijayapura"
4068,2026-06-24T21:40:24.897914,2026-06-27T14:40:24.897914,"Taneja Street, Vijayanagara"
4069,2025-04-02T10:40:24.898234,2025-04-02T14:40:24.898234,"Bakshi Path, Kodagu"
4070,2024-08-10T08:40:24.898385,2024-08-10T14:40:24.898385,"Chatterjee Circle, Bengaluru Rural"
4071,2026-06-15T23:40:24.898710,2026-06-17T14:40:24.898710,"Kumar Marg, Kodagu"
4072,2025-04-18T01:40:24.899017,2025-04-19T14:40:24.899017,"Saran Marg, Belagavi"
4073,2026-04-16T09:40:24.899294,2026-04-16T14:40:24.899294,"Cheema Zila, Tumakuru"
4074,2025-08-07T11:40:24.899512,2025-08-09T14:40:24.899512,"Gaba, Bagalkote"
4075,2024-12-25T21:40:24.899751,2024-12-26T14:40:24.899751,"Raghavan Nagar, Belagavi"
4076,2025-05-22T14:40:24.900057,2025-05-23T14:40:24.900057,"Parikh Street, Tumakuru"
4077,2026-05-01T00:40:24.900383,2026-05-03T14:40:24.900383,"Devan Chowk, Bengaluru Urban"
4078,2026-01-21T02:40:24.900699,2026-01-22T14:40:24.900699,"Savant Ganj, Bengaluru Urban"
4079,2025-02-09T11:40:24.900867,2025-02-09T14:40:24.900867,"Sood Marg, Dakshina Kannada"
4080,2026-04-28T21:40:24.901179,2026-04-29T14:40:24.901179,"Sarkar Ganj, Belagavi"
4081,2024-08-15T09:40:24.901414,2024-08-17T14:40:24.901414,"Manne, Dharwad"
4082,2024-12-13T03:40:24.901671,2024-12-15T14:40:24.901671,"Mishra Marg, Mysuru"
4083,2024-12-19T22:40:24.901937,2024-12-21T14:40:24.901937,"Parsa, Belagavi"
4084,2024-11-17T14:40:24.902293,2024-11-19T14:40:24.902293,"Srivastava, Koppal"
4085,2025-10-21T13:40:24.902681,2025-10-21T14:40:24.902681,"Ravel Path, Kodagu"
4086,2025-12-14T17:40:24.903021,2025-12-16T14:40:24.903021,"Dhar Road, Bidar"
4087,2026-06-05T12:40:24.903166,2026-06-07T14:40:24.903166,"Dar Street, Belagavi"
4088,2024-11-11T12:40:24.903393,2024-11-12T14:40:24.903393,"Natt Nagar, Belagavi"
4089,2025-07-20T15:40:24.903474,2025-07-21T14:40:24.903474,"Borra Path, Belagavi"
4090,2026-01-18T09:40:24.903657,2026-01-18T14:40:24.903657,"Srivastava Ganj, Belagavi"
4091,2024-07-14T11:40:24.904132,2024-07-15T14:40:24.904132,"Kakar Nagar, Kolar"
4092,2025-04-07T02:40:24.904435,2025-04-09T14:40:24.904435,"Natarajan Nagar, Tumakuru"
4093,2024-07-24T08:40:24.904710,2024-07-24T14:40:24.904710,"Pillay, Chitradurga"
4094,2024-08-10T10:40:24.904998,2024-08-11T14:40:24.904998,"Chadha Zila, Ballari"
4095,2025-07-25T01:40:24.905223,2025-07-25T14:40:24.905223,"Yogi Ganj, Bengaluru Urban"
4096,2024-12-23T21:40:24.905583,2024-12-24T14:40:24.905583,"Menon Zila, Koppal"
4097,2026-07-07T02:40:24.905939,2026-07-09T14:40:24.905939,"Barman Path, Udupi"
4098,2025-08-29T08:40:24.906087,2025-08-31T14:40:24.906087,"Dalal Street, Kodagu"
4099,2026-07-07T21:40:24.906271,2026-07-10T14:40:24.906271,"Raghavan Marg, Vijayapura"
4100,2026-06-06T16:40:24.906493,2026-06-08T14:40:24.906493,"Saini Road, Belagavi"
4101,2025-11-27T14:40:24.906758,2025-11-30T14:40:24.906758,"Bala Nagar, Dakshina Kannada"
4102,2025-04-24T23:40:24.907038,2025-04-27T14:40:24.907038,"Sen Nagar, Belagavi"
4103,2026-05-09T12:40:24.907508,2026-05-11T14:40:24.907508,"Srinivas Nagar, Tumakuru"
4104,2025-09-01T03:40:24.907904,2025-09-02T14:40:24.907904,"Ravel Ganj, Gadag"
4105,2024-08-27T14:40:24.908081,2024-08-28T14:40:24.908081,"Dalal Nagar, Gadag"
4106,2025-01-31T16:40:24.908231,2025-02-01T14:40:24.908231,"Saxena Street, Shivamogga"
4107,2025-03-07T19:40:24.908436,2025-03-10T14:40:24.908436,"Bhagat Road, Tumakuru"
4108,2024-07-17T12:40:24.908626,2024-07-17T14:40:24.908626,"Brar Circle, Dharwad"
4109,2024-10-09T05:40:24.908875,2024-10-10T14:40:24.908875,"Varughese Marg, Shivamogga"
4110,2025-05-29T19:40:24.909013,2025-05-30T14:40:24.909013,"Divan Ganj, Bengaluru Urban"
4111,2026-02-17T05:40:24.909273,2026-02-18T14:40:24.909273,"Sabharwal Circle, Belagavi"
4112,2025-03-26T17:40:24.909408,2025-03-27T14:40:24.909408,"Nagy Road, Belagavi"
4113,2025-02-15T12:40:24.909735,2025-02-16T14:40:24.909735,"Lall, Hassan"
4114,2026-06-12T21:40:24.909892,2026-06-15T14:40:24.909892,"Thakkar Zila, Haveri"
4115,2026-06-15T05:40:24.910012,2026-06-15T14:40:24.910012,"Goel Nagar, Gadag"
4116,2026-03-28T11:40:24.910279,2026-03-29T14:40:24.910279,"Dalal Chowk, Belagavi"
4117,2026-02-23T01:40:24.910590,2026-02-24T14:40:24.910590,"Karnik Marg, Belagavi"
4118,2024-11-05T10:40:24.910796,2024-11-05T14:40:24.910796,"Gaba Zila, Chikkaballapura"
4119,2025-04-17T01:40:24.910946,2025-04-19T14:40:24.910946,"Dar Circle, Udupi"
4120,2026-03-23T04:40:24.911302,2026-03-24T14:40:24.911302,"Bhatnagar, Mysuru"
4121,2026-04-04T12:40:24.911681,2026-04-06T14:40:24.911681,"Dugar Street, Belagavi"
4122,2024-08-23T03:40:24.911974,2024-08-23T14:40:24.911974,"Keer Path, Belagavi"
4123,2025-04-13T20:40:24.912120,2025-04-16T14:40:24.912120,"Aggarwal Nagar, Kodagu"
4124,2024-09-23T20:40:24.912358,2024-09-26T14:40:24.912358,"Date Marg, Vijayanagara"
4125,2026-03-27T13:40:24.912492,2026-03-27T14:40:24.912492,"Taneja Ganj, Vijayapura"
4126,2026-04-06T16:40:24.912796,2026-04-07T14:40:24.912796,"Vaidya Marg, Koppal"
4127,2024-11-06T20:40:24.912960,2024-11-07T14:40:24.912960,"Nanda Circle, Hassan"
4128,2025-04-13T20:40:24.913386,2025-04-15T14:40:24.913386,"Acharya Zila, Hassan"
4129,2026-02-18T17:40:24.913781,2026-02-19T14:40:24.913781,"Nigam Road, Belagavi"
4130,2026-02-22T02:40:24.914047,2026-02-24T14:40:24.914047,"Mani Ganj, Belagavi"
4131,2025-09-29T19:40:24.914201,2025-10-02T14:40:24.914201,"Sarna Street, Haveri"
4132,2025-04-08T13:40:24.914664,2025-04-08T14:40:24.914664,"Naik, Bagalkote"
4133,2025-06-24T04:40:24.914896,2025-06-25T14:40:24.914896,"Sura Ganj, Belagavi"
4134,2025-05-30T17:40:24.915247,2025-06-01T14:40:24.915247,"Gokhale Ganj, Gadag"
4135,2025-05-06T12:40:24.915673,2025-05-06T14:40:24.915673,"Dhingra Ganj, Bengaluru Urban"
4136,2024-09-13T08:40:24.916063,2024-09-13T14:40:24.916063,"Pingle Marg, Chikkamagaluru"
4137,2026-03-25T14:40:24.916439,2026-03-26T14:40:24.916439,"Prasad Zila, Belagavi"
4138,2025-03-11T10:40:24.916834,2025-03-13T14:40:24.916834,"Kaur Street, Belagavi"
4139,2026-02-19T21:40:24.917147,2026-02-21T14:40:24.917147,"Tripathi Zila, Belagavi"
4140,2026-06-01T01:40:24.917442,2026-06-01T14:40:24.917442,"Aggarwal Chowk, Dharwad"
4141,2024-09-17T01:40:24.917734,2024-09-19T14:40:24.917734,"Narula Zila, Belagavi"
4142,2024-10-08T19:40:24.918033,2024-10-11T14:40:24.918033,"Saraf Road, Udupi"
4143,2026-01-01T12:40:24.918369,2026-01-01T14:40:24.918369,"Pillay Circle, Belagavi"
4144,2025-04-16T16:40:24.918762,2025-04-19T14:40:24.918762,"Sem Ganj, Mandya"
4145,2025-12-24T16:40:24.918921,2025-12-25T14:40:24.918921,"Nagar Chowk, Belagavi"
4146,2025-05-16T14:40:24.919176,2025-05-19T14:40:24.919176,"Sankar Road, Yadgir"
4147,2025-11-16T03:40:24.919698,2025-11-17T14:40:24.919698,"Pillay Street, Davanagere"
4148,2026-05-06T05:40:24.920097,2026-05-07T14:40:24.920097,"Singh Street, Chikkamagaluru"
4149,2024-12-05T06:40:24.920386,2024-12-07T14:40:24.920386,"Rajagopalan Street, Yadgir"
4150,2025-05-14T06:40:24.920655,2025-05-14T14:40:24.920655,"Ramesh Road, Kodagu"
4151,2026-06-19T06:40:24.920820,2026-06-20T14:40:24.920820,"Gulati Ganj, Bengaluru Urban"
4152,2025-11-15T06:40:24.921170,2025-11-17T14:40:24.921170,"Char Road, Bengaluru Urban"
4153,2026-04-03T05:40:24.921393,2026-04-04T14:40:24.921393,"Sastry Ganj, Belagavi"
4154,2025-07-26T11:40:24.921640,2025-07-27T14:40:24.921640,"Bail Marg, Chitradurga"
4155,2025-08-23T12:40:24.921847,2025-08-24T14:40:24.921847,"Tella Nagar, Gadag"
4156,2025-01-07T02:40:24.922087,2025-01-08T14:40:24.922087,"Doshi Street, Mysuru"
4157,2026-06-27T10:40:24.922324,2026-06-27T14:40:24.922324,"Wadhwa Nagar, Belagavi"
4158,2025-08-30T17:40:24.922691,2025-09-01T14:40:24.922691,"Subramanian Zila, Belagavi"
4159,2026-03-06T20:40:24.923035,2026-03-08T14:40:24.923035,"Murty Road, Mysuru"
4160,2025-10-15T05:40:24.923341,2025-10-15T14:40:24.923341,"Khurana Road, Mandya"
4161,2025-06-18T06:40:24.923811,2025-06-18T14:40:24.923811,"Radhakrishnan Marg, Chamarajanagara"
4162,2025-03-26T12:40:24.924108,2025-03-27T14:40:24.924108,"Jain, Belagavi"
4163,2025-01-10T09:40:24.924418,2025-01-11T14:40:24.924418,"Srinivasan Circle, Dakshina Kannada"
4164,2024-07-09T16:40:24.924833,2024-07-11T14:40:24.924833,"Narang Zila, Kalaburagi"
4165,2025-06-19T22:40:24.925176,2025-06-22T14:40:24.925176,"Dutta Ganj, Hassan"
4166,2025-08-09T12:40:24.925734,2025-08-09T14:40:24.925734,"Rajan Chowk, Belagavi"
4167,2024-07-27T21:40:24.926032,2024-07-30T14:40:24.926032,"Mannan Path, Belagavi"
4168,2025-05-28T22:40:24.926313,2025-05-30T14:40:24.926313,"Kakar Ganj, Mysuru"
4169,2025-04-04T04:40:24.926510,2025-04-05T14:40:24.926510,"Kohli Zila, Belagavi"
4170,2025-03-19T10:40:24.926720,2025-03-20T14:40:24.926720,"Goda Path, Davanagere"
4171,2025-04-14T18:40:24.926871,2025-04-15T14:40:24.926871,"Balan, Bengaluru Urban"
4172,2025-11-06T01:40:24.927070,2025-11-06T14:40:24.927070,"Varty Ganj, Chamarajanagara"
4173,2025-01-25T02:40:24.927416,2025-01-27T14:40:24.927416,"Vohra Path, Koppal"
4174,2026-04-01T13:40:24.927807,2026-04-02T14:40:24.927807,"Padmanabhan Ganj, Mysuru"
4175,2026-04-18T08:40:24.928113,2026-04-18T14:40:24.928113,"Baria, Belagavi"
4176,2026-05-01T18:40:24.928271,2026-05-04T14:40:24.928271,"Ram Chowk, Dakshina Kannada"
4177,2024-11-03T00:40:24.928446,2024-11-05T14:40:24.928446,"Upadhyay Path, Mysuru"
4178,2024-09-16T07:40:24.928771,2024-09-17T14:40:24.928771,"Guha Chowk, Shivamogga"
4179,2026-06-03T01:40:24.929052,2026-06-05T14:40:24.929052,"Purohit Path, Mandya"
4180,2024-11-21T16:40:24.929271,2024-11-23T14:40:24.929271,"Subramanian Nagar, Belagavi"
4181,2024-12-07T03:40:24.929714,2024-12-08T14:40:24.929714,"Pathak Street, Raichur"
4182,2024-11-16T23:40:24.930171,2024-11-19T14:40:24.930171,"Sarraf Path, Belagavi"
4183,2026-06-12T07:40:24.930518,2026-06-12T14:40:24.930518,"Banerjee, Shivamogga"
4184,2025-06-01T16:40:24.930780,2025-06-03T14:40:24.930780,"Shan Nagar, Ramanagara"
4185,2025-10-08T09:40:24.930944,2025-10-09T14:40:24.930944,"Jhaveri Ganj, Kodagu"
4186,2025-02-13T00:40:24.931104,2025-02-15T14:40:24.931104,"Char Ganj, Kolar"
4187,2025-12-30T17:40:24.931349,2026-01-02T14:40:24.931349,"Johal Marg, Belagavi"
4188,2026-02-17T06:40:24.931500,2026-02-17T14:40:24.931500,"Singh Path, Ramanagara"
4189,2025-12-16T13:40:24.931930,2025-12-16T14:40:24.931930,"Chana Zila, Dakshina Kannada"
4190,2026-01-21T17:40:24.932254,2026-01-22T14:40:24.932254,"Kunda Chowk, Bagalkote"
4191,2025-02-15T05:40:24.932494,2025-02-15T14:40:24.932494,"Yohannan Street, Raichur"
4192,2024-12-21T21:40:24.932714,2024-12-23T14:40:24.932714,"Sekhon Path, Belagavi"
4193,2026-06-24T12:40:24.933013,2026-06-25T14:40:24.933013,"Sen Street, Belagavi"
4194,2026-02-18T19:40:24.933250,2026-02-21T14:40:24.933250,"Chauhan Circle, Belagavi"
4195,2025-01-08T01:40:24.933465,2025-01-08T14:40:24.933465,"Seth, Dharwad"
4196,2025-04-07T14:40:24.933728,2025-04-08T14:40:24.933728,"Madan Marg, Mandya"
4197,2025-09-02T06:40:24.934077,2025-09-03T14:40:24.934077,"Lad Path, Tumakuru"
4198,2025-02-01T04:40:24.934233,2025-02-03T14:40:24.934233,"Nath Circle, Belagavi"
4199,2024-09-19T17:40:24.934459,2024-09-20T14:40:24.934459,"Grover, Mandya"
4200,2025-10-07T10:40:24.934789,2025-10-07T14:40:24.934789,"Vaidya, Chikkamagaluru"
4201,2025-05-06T00:40:24.935132,2025-05-08T14:40:24.935132,"Radhakrishnan Street, Chikkamagaluru"
4202,2025-09-22T06:40:24.935625,2025-09-22T14:40:24.935625,"Apte Circle, Kolar"
4203,2026-06-19T15:40:24.935814,2026-06-21T14:40:24.935814,"Dixit Circle, Belagavi"
4204,2025-03-22T08:40:24.936253,2025-03-23T14:40:24.936253,"Rau, Belagavi"
4205,2025-03-15T19:40:24.936433,2025-03-16T14:40:24.936433,"Devan Chowk, Vijayapura"
4206,2026-06-04T23:40:24.936772,2026-06-07T14:40:24.936772,"Ganguly Ganj, Kalaburagi"
4207,2026-01-20T23:40:24.936931,2026-01-23T14:40:24.936931,"Rege, Davanagere"
4208,2025-03-23T07:40:24.937072,2025-03-23T14:40:24.937072,"Sarna Nagar, Yadgir"
4209,2025-12-26T19:40:24.937289,2025-12-29T14:40:24.937289,"Baral Ganj, Chamarajanagara"
4210,2025-06-22T04:40:24.937509,2025-06-24T14:40:24.937509,"Raja Nagar, Haveri"
4211,2026-02-20T10:40:24.937797,2026-02-22T14:40:24.937797,"Pradhan Street, Tumakuru"
4212,2025-12-09T08:40:24.938137,2025-12-09T14:40:24.938137,"Tripathi Path, Belagavi"
4213,2026-02-11T22:40:24.938511,2026-02-14T14:40:24.938511,"Chanda Street, Bengaluru Urban"
4214,2026-01-30T10:40:24.938940,2026-02-01T14:40:24.938940,"Chauhan, Belagavi"
4215,2025-12-28T00:40:24.939251,2025-12-29T14:40:24.939251,"Lala Marg, Belagavi"
4216,2025-08-16T06:40:24.939527,2025-08-16T14:40:24.939527,"Radhakrishnan Path, Belagavi"
4217,2025-02-09T11:40:24.940045,2025-02-11T14:40:24.940045,"Jaggi Path, Belagavi"
4218,2025-05-26T20:40:24.940369,2025-05-27T14:40:24.940369,"Sarkar Circle, Mysuru"
4219,2025-12-23T20:40:24.940590,2025-12-25T14:40:24.940590,"Dhaliwal Nagar, Kolar"
4220,2024-08-22T20:40:24.940687,2024-08-25T14:40:24.940687,"Bhat Path, Belagavi"
4221,2026-03-06T06:40:24.940776,2026-03-06T14:40:24.940776,"Lala Circle, Belagavi"
4222,2024-09-22T03:40:24.940932,2024-09-22T14:40:24.940932,"Som Road, Udupi"
4223,2026-02-22T04:40:24.941088,2026-02-23T14:40:24.941088,"Ratta Street, Chikkamagaluru"
4224,2026-04-09T10:40:24.941380,2026-04-11T14:40:24.941380,"Hegde Circle, Belagavi"
4225,2025-03-25T00:40:24.941644,2025-03-27T14:40:24.941644,"Kumer Road, Raichur"
4226,2026-03-11T00:40:24.941818,2026-03-12T14:40:24.941818,"Krishnamurthy Nagar, Chitradurga"
4227,2026-04-05T06:40:24.942051,2026-04-06T14:40:24.942051,"Bora Ganj, Belagavi"
4228,2026-02-18T03:40:24.942257,2026-02-18T14:40:24.942257,"Nayak Street, Udupi"
4229,2026-07-08T13:40:24.942479,2026-07-09T14:40:24.942479,"Saraf Zila, Belagavi"
4230,2026-02-09T21:40:24.942745,2026-02-10T14:40:24.942745,"Cheema Street, Belagavi"
4231,2026-03-27T05:40:24.943074,2026-03-27T14:40:24.943074,"Acharya Ganj, Mysuru"
4232,2026-03-06T21:40:24.943349,2026-03-09T14:40:24.943349,"Narayan Path, Raichur"
4233,2024-12-08T16:40:24.943494,2024-12-11T14:40:24.943494,"Hayer Circle, Haveri"
4234,2025-06-12T00:40:24.943747,2025-06-12T14:40:24.943747,"Patla Marg, Kalaburagi"
4235,2026-05-20T06:40:24.944184,2026-05-22T14:40:24.944184,"Trivedi Path, Ballari"
4236,2025-06-07T09:40:24.944655,2025-06-08T14:40:24.944655,"Mukhopadhyay Ganj, Mandya"
4237,2025-02-21T17:40:24.944964,2025-02-24T14:40:24.944964,"Mane, Belagavi"
4238,2024-08-07T04:40:24.945351,2024-08-09T14:40:24.945351,"Bath Marg, Bengaluru Urban"
4239,2025-09-04T12:40:24.945837,2025-09-06T14:40:24.945837,"Tak Circle, Vijayanagara"
4240,2026-03-09T00:40:24.946227,2026-03-11T14:40:24.946227,"Tata Street, Chikkamagaluru"
4241,2024-12-17T22:40:24.946503,2024-12-20T14:40:24.946503,"Bhalla, Bidar"
4242,2026-02-20T09:40:24.946802,2026-02-20T14:40:24.946802,"Sehgal Path, Tumakuru"
4243,2026-06-16T03:40:24.947200,2026-06-18T14:40:24.947200,"Ghosh Chowk, Belagavi"
4244,2024-09-15T18:40:24.947345,2024-09-17T14:40:24.947345,"Gour Circle, Udupi"
4245,2024-07-30T06:40:24.947498,2024-07-31T14:40:24.947498,"Konda Circle, Davanagere"
4246,2025-07-01T12:40:24.947810,2025-07-03T14:40:24.947810,"Oak Nagar, Belagavi"
4247,2026-07-02T22:40:24.948245,2026-07-03T14:40:24.948245,"Rau Marg, Belagavi"
4248,2024-11-02T04:40:24.948668,2024-11-02T14:40:24.948668,"Bhakta Road, Tumakuru"
4249,2024-11-01T03:40:24.948879,2024-11-01T14:40:24.948879,"Ranganathan Nagar, Udupi"
4250,2025-07-28T11:40:24.949149,2025-07-28T14:40:24.949149,"Sridhar Path, Belagavi"
4251,2026-05-03T10:40:24.949594,2026-05-03T14:40:24.949594,"Nayar Road, Bengaluru Urban"
4252,2025-05-31T22:40:24.949833,2025-06-03T14:40:24.949833,"Malhotra Zila, Mysuru"
4253,2024-12-25T18:40:24.950118,2024-12-26T14:40:24.950118,"Chacko Circle, Bagalkote"
4254,2025-11-20T03:40:24.950277,2025-11-20T14:40:24.950277,"Kibe Chowk, Tumakuru"
4255,2025-11-26T22:40:24.950619,2025-11-28T14:40:24.950619,"Kibe Nagar, Vijayanagara"
4256,2025-03-09T07:40:24.950813,2025-03-09T14:40:24.950813,"Hayer Road, Mandya"
4257,2024-12-22T21:40:24.951164,2024-12-23T14:40:24.951164,"Sen Circle, Mysuru"
4258,2026-03-02T03:40:24.951523,2026-03-04T14:40:24.951523,"Sarin Circle, Koppal"
4259,2026-03-05T06:40:24.951824,2026-03-07T14:40:24.951824,"Sandal Path, Belagavi"
4260,2026-01-19T15:40:24.952235,2026-01-22T14:40:24.952235,"Rastogi Ganj, Belagavi"
4261,2025-06-15T00:40:24.952430,2025-06-15T14:40:24.952430,"Basak, Kodagu"
4262,2025-11-04T13:40:24.952621,2025-11-06T14:40:24.952621,"Ratta Nagar, Kodagu"
4263,2026-03-26T21:40:24.952797,2026-03-28T14:40:24.952797,"Sankar Zila, Bengaluru Urban"
4264,2025-10-12T12:40:24.953140,2025-10-12T14:40:24.953140,"Dave Circle, Chamarajanagara"
4265,2025-05-20T10:40:24.953447,2025-05-20T14:40:24.953447,"Om Circle, Tumakuru"
4266,2026-06-25T20:40:24.953853,2026-06-26T14:40:24.953853,"Vala Path, Vijayanagara"
4267,2026-06-18T05:40:24.954239,2026-06-19T14:40:24.954239,"Sidhu Nagar, Kolar"
4268,2024-10-03T19:40:24.954515,2024-10-04T14:40:24.954515,"Varma Nagar, Mysuru"
4269,2025-03-20T17:40:24.954730,2025-03-22T14:40:24.954730,"Sawhney Road, Belagavi"
4270,2024-11-04T23:40:24.954902,2024-11-07T14:40:24.954902,"Pall Road, Haveri"
4271,2024-07-26T21:40:24.955171,2024-07-29T14:40:24.955171,"Toor Zila, Yadgir"
4272,2024-10-08T20:40:24.955599,2024-10-11T14:40:24.955599,"Mammen Zila, Koppal"
4273,2026-06-27T18:40:24.956078,2026-06-30T14:40:24.956078,"Rattan Path, Yadgir"
4274,2025-07-26T14:40:24.956319,2025-07-27T14:40:24.956319,"Sachdeva Circle, Vijayapura"
4275,2025-09-22T04:40:24.956601,2025-09-22T14:40:24.956601,"Char Street, Bengaluru Urban"
4276,2026-05-05T02:40:24.956922,2026-05-07T14:40:24.956922,"Jani Circle, Belagavi"
4277,2026-05-24T10:40:24.957137,2026-05-26T14:40:24.957137,"Sahota, Belagavi"
4278,2024-10-20T11:40:24.957291,2024-10-22T14:40:24.957291,"Goswami Chowk, Koppal"
4279,2026-03-26T19:40:24.957531,2026-03-28T14:40:24.957531,"Bobal Path, Belagavi"
4280,2024-12-01T01:40:24.957692,2024-12-01T14:40:24.957692,"Jain Marg, Tumakuru"
4281,2026-01-19T08:40:24.957841,2026-01-20T14:40:24.957841,"Chander Zila, Kodagu"
4282,2025-08-15T11:40:24.958251,2025-08-16T14:40:24.958251,"Bhat Road, Davanagere"
4283,2026-05-09T00:40:24.958628,2026-05-10T14:40:24.958628,"Karan Path, Mysuru"
4284,2026-01-17T21:40:24.958921,2026-01-20T14:40:24.958921,"Jani Chowk, Belagavi"
4285,2026-05-30T00:40:24.959076,2026-05-30T14:40:24.959076,"Mistry Zila, Chikkaballapura"
4286,2025-10-31T03:40:24.959478,2025-11-01T14:40:24.959478,"Majumdar Road, Yadgir"
4287,2026-01-31T22:40:24.959744,2026-02-01T14:40:24.959744,"Banik Nagar, Belagavi"
4288,2025-01-20T02:40:24.960335,2025-01-21T14:40:24.960335,"Kanda Road, Koppal"
4289,2025-10-17T09:40:24.960671,2025-10-19T14:40:24.960671,"Bhagat Chowk, Chikkaballapura"
4290,2025-07-18T16:40:24.960933,2025-07-21T14:40:24.960933,"Wadhwa Circle, Dharwad"
4291,2024-12-10T23:40:24.961157,2024-12-11T14:40:24.961157,"Chhabra, Mysuru"
4292,2025-04-28T17:40:24.961320,2025-05-01T14:40:24.961320,"Parsa Zila, Ramanagara"
4293,2024-12-28T04:40:24.961773,2024-12-30T14:40:24.961773,"Goel Marg, Vijayapura"
4294,2025-01-18T07:40:24.962128,2025-01-19T14:40:24.962128,"Saha Circle, Bengaluru Urban"
4295,2025-10-04T10:40:24.962418,2025-10-05T14:40:24.962418,"Khalsa Street, Bagalkote"
4296,2026-05-17T04:40:24.962853,2026-05-19T14:40:24.962853,"Rama Marg, Bengaluru Rural"
4297,2026-05-22T19:40:24.963073,2026-05-24T14:40:24.963073,"Mann Ganj, Belagavi"
4298,2024-09-02T18:40:24.963289,2024-09-03T14:40:24.963289,"Deep Marg, Raichur"
4299,2025-01-17T09:40:24.963502,2025-01-18T14:40:24.963502,"Grover Circle, Chitradurga"
4300,2025-10-20T06:40:24.963728,2025-10-21T14:40:24.963728,"Kalita Zila, Mysuru"
4301,2026-03-04T08:40:24.964020,2026-03-05T14:40:24.964020,"Venkataraman Circle, Bidar"
4302,2026-01-27T18:40:24.964296,2026-01-29T14:40:24.964296,"Mangal Path, Gadag"
4303,2026-06-09T14:40:24.964499,2026-06-10T14:40:24.964499,"Chowdhury Road, Belagavi"
4304,2025-11-10T22:40:24.964728,2025-11-11T14:40:24.964728,"Arora Zila, Haveri"
4305,2024-12-10T02:40:24.964981,2024-12-10T14:40:24.964981,"Acharya Nagar, Mandya"
4306,2024-10-24T00:40:24.965140,2024-10-25T14:40:24.965140,"Shukla Ganj, Dakshina Kannada"
4307,2025-09-16T06:40:24.965455,2025-09-18T14:40:24.965455,"Soni, Belagavi"
4308,2025-09-16T17:40:24.965941,2025-09-18T14:40:24.965941,"Char, Belagavi"
4309,2024-12-14T06:40:24.966253,2024-12-16T14:40:24.966253,"Banerjee Road, Belagavi"
4310,2025-09-21T10:40:24.966631,2025-09-22T14:40:24.966631,"Rao Road, Haveri"
4311,2025-10-17T19:40:24.966927,2025-10-18T14:40:24.966927,"Mane, Chikkaballapura"
4312,2026-03-16T07:40:24.967129,2026-03-18T14:40:24.967129,"Kibe Nagar, Belagavi"
4313,2025-05-28T22:40:24.967296,2025-05-30T14:40:24.967296,"Badami Zila, Belagavi"
4314,2025-11-10T01:40:24.967683,2025-11-10T14:40:24.967683,"Char Street, Gadag"
4315,2025-05-27T03:40:24.968163,2025-05-28T14:40:24.968163,"Wadhwa Ganj, Belagavi"
4316,2025-12-13T07:40:24.968402,2025-12-13T14:40:24.968402,"Sagar Circle, Belagavi"
4317,2026-07-07T13:40:24.968727,2026-07-08T14:40:24.968727,"Ray Chowk, Bengaluru Urban"
4318,2026-05-19T15:40:24.968888,2026-05-22T14:40:24.968888,"Bansal Nagar, Belagavi"
4319,2026-01-16T06:40:24.969249,2026-01-18T14:40:24.969249,"Chad Marg, Belagavi"
4320,2025-02-22T03:40:24.969450,2025-02-22T14:40:24.969450,"Dube Road, Ramanagara"
4321,2024-08-13T00:40:24.969780,2024-08-15T14:40:24.969780,"Gour Street, Raichur"
4322,2025-07-26T03:40:24.970177,2025-07-27T14:40:24.970177,"Biswas Nagar, Belagavi"
4323,2025-08-28T06:40:24.970367,2025-08-28T14:40:24.970367,"Ganesan Street, Belagavi"
4324,2025-12-12T00:40:24.970718,2025-12-13T14:40:24.970718,"Balay Zila, Gadag"
4325,2025-03-25T08:40:24.970983,2025-03-27T14:40:24.970983,"Prabhu Circle, Chamarajanagara"
4326,2025-05-07T02:40:24.971332,2025-05-08T14:40:24.971332,"Narula Chowk, Chikkamagaluru"
4327,2026-03-16T21:40:24.971692,2026-03-17T14:40:24.971692,"Chander Zila, Bengaluru Urban"
4328,2024-10-05T08:40:24.972004,2024-10-05T14:40:24.972004,"Palla, Bengaluru Urban"
4329,2025-12-02T00:40:24.972293,2025-12-04T14:40:24.972293,"Solanki Road, Belagavi"
4330,2026-03-20T22:40:24.972519,2026-03-23T14:40:24.972519,"Sama Path, Belagavi"
4331,2024-09-15T05:40:24.972864,2024-09-17T14:40:24.972864,"Soman Chowk, Bengaluru Urban"
4332,2026-03-02T20:40:24.973087,2026-03-03T14:40:24.973087,"Ramakrishnan Nagar, Bagalkote"
4333,2026-02-05T11:40:24.973330,2026-02-05T14:40:24.973330,"Dhawan Circle, Belagavi"
4334,2025-04-21T09:40:24.973648,2025-04-23T14:40:24.973648,"Narang Chowk, Mysuru"
4335,2025-09-05T21:40:24.974195,2025-09-06T14:40:24.974195,"Sachdeva Street, Hassan"
4336,2025-01-20T22:40:24.974437,2025-01-23T14:40:24.974437,"Gole Path, Belagavi"
4337,2024-07-13T01:40:24.974641,2024-07-15T14:40:24.974641,"Sabharwal, Belagavi"
4338,2024-12-10T10:40:24.974816,2024-12-12T14:40:24.974816,"Dada Zila, Dakshina Kannada"
4339,2026-06-10T07:40:24.975036,2026-06-11T14:40:24.975036,"Gandhi, Ramanagara"
4340,2024-11-18T04:40:24.975287,2024-11-19T14:40:24.975287,"Ahluwalia Nagar, Belagavi"
4341,2026-01-22T20:40:24.975449,2026-01-24T14:40:24.975449,"Agarwal Path, Belagavi"
4342,2025-11-08T13:40:24.976064,2025-11-10T14:40:24.976064,"Bala, Raichur"
4343,2024-12-28T00:40:24.976364,2024-12-30T14:40:24.976364,"Deshpande Chowk, Mysuru"
4344,2026-06-25T03:40:24.976843,2026-06-25T14:40:24.976843,"Kuruvilla Nagar, Belagavi"
4345,2026-04-21T19:40:24.977119,2026-04-23T14:40:24.977119,"Kamdar Nagar, Tumakuru"
4346,2026-05-23T20:40:24.977351,2026-05-26T14:40:24.977351,"Bhakta Street, Belagavi"
4347,2026-03-21T05:40:24.977686,2026-03-21T14:40:24.977686,"Shere Path, Belagavi"
4348,2024-11-06T21:40:24.977888,2024-11-09T14:40:24.977888,"Shukla, Dakshina Kannada"
4349,2025-10-09T21:40:24.978246,2025-10-10T14:40:24.978246,"Brar Ganj, Chamarajanagara"
4350,2025-06-01T14:40:24.978643,2025-06-03T14:40:24.978643,"Seshadri Zila, Davanagere"
4351,2025-09-03T06:40:24.979035,2025-09-04T14:40:24.979035,"Hegde Nagar, Raichur"
4352,2024-09-05T01:40:24.979200,2024-09-06T14:40:24.979200,"Munshi Path, Belagavi"
4353,2025-01-19T12:40:24.979378,2025-01-21T14:40:24.979378,"Koshy Marg, Ramanagara"
4354,2025-07-24T12:40:24.979726,2025-07-24T14:40:24.979726,"Jani Chowk, Bengaluru Urban"
4355,2025-01-17T07:40:24.980241,2025-01-17T14:40:24.980241,"Sharaf, Bidar"
4356,2026-04-07T04:40:24.980705,2026-04-08T14:40:24.980705,"Bains Zila, Yadgir"
4357,2026-02-14T10:40:24.981148,2026-02-15T14:40:24.981148,"Wagle Marg, Belagavi"
4358,2025-01-25T07:40:24.981322,2025-01-26T14:40:24.981322,"Krishna Path, Belagavi"
4359,2026-01-17T19:40:24.981504,2026-01-20T14:40:24.981504,"Samra Ganj, Kalaburagi"
4360,2026-02-25T22:40:24.981773,2026-02-27T14:40:24.981773,"Sehgal, Belagavi"
4361,2026-06-11T14:40:24.982229,2026-06-12T14:40:24.982229,"Seth, Chitradurga"
4362,2025-12-26T20:40:24.982630,2025-12-28T14:40:24.982630,"Mani Circle, Hassan"
4363,2024-07-18T19:40:24.982841,2024-07-20T14:40:24.982841,"Guha Chowk, Bengaluru Rural"
4364,2025-04-12T03:40:24.983184,2025-04-14T14:40:24.983184,"Ratti Chowk, Belagavi"
4365,2024-10-13T02:40:24.983412,2024-10-15T14:40:24.983412,"Rajan Zila, Ballari"
4366,2026-03-29T22:40:24.983785,2026-03-31T14:40:24.983785,"Ganesh Road, Belagavi"
4367,2025-09-20T23:40:24.984205,2025-09-22T14:40:24.984205,"Basak Circle, Kalaburagi"
4368,2024-07-16T19:40:24.984574,2024-07-18T14:40:24.984574,"Srinivasan Circle, Gadag"
4369,2026-06-08T01:40:24.984919,2026-06-09T14:40:24.984919,"Seth Marg, Belagavi"
4370,2025-01-27T16:40:24.985129,2025-01-30T14:40:24.985129,"Tara Ganj, Shivamogga"
4371,2025-08-26T14:40:24.985494,2025-08-27T14:40:24.985494,"Tripathi, Haveri"
4372,2026-05-25T15:40:24.986106,2026-05-26T14:40:24.986106,"Contractor Circle, Chikkaballapura"
4373,2025-12-26T02:40:24.986490,2025-12-27T14:40:24.986490,"Buch Zila, Kodagu"
4374,2026-06-25T19:40:24.986706,2026-06-26T14:40:24.986706,"Yadav Street, Ramanagara"
4375,2024-08-13T17:40:24.986960,2024-08-14T14:40:24.986960,"Srivastava Road, Kolar"
4376,2026-06-13T04:40:24.987339,2026-06-13T14:40:24.987339,"Doctor Street, Bidar"
4377,2025-10-17T11:40:24.987621,2025-10-17T14:40:24.987621,"Tripathi Nagar, Kalaburagi"
4378,2025-11-17T06:40:24.988027,2025-11-19T14:40:24.988027,"Varghese Street, Belagavi"
4379,2025-12-01T21:40:24.988188,2025-12-02T14:40:24.988188,"Kashyap, Bidar"
4380,2026-01-02T12:40:24.988619,2026-01-04T14:40:24.988619,"Guha Marg, Gadag"
4381,2024-11-15T17:40:24.988917,2024-11-16T14:40:24.988917,"Oak Circle, Bidar"
4382,2025-12-15T21:40:24.989259,2025-12-17T14:40:24.989259,"Pandey Chowk, Koppal"
4383,2024-09-22T14:40:24.989496,2024-09-25T14:40:24.989496,"Prabhu Street, Belagavi"
4384,2024-11-15T10:40:24.989856,2024-11-15T14:40:24.989856,"Sastry Ganj, Yadgir"
4385,2026-01-17T18:40:24.990140,2026-01-18T14:40:24.990140,"Ranganathan Nagar, Belagavi"
4386,2025-08-22T22:40:24.990588,2025-08-23T14:40:24.990588,"Buch, Kalaburagi"
4387,2026-04-29T22:40:24.990839,2026-04-30T14:40:24.990839,"Gupta Path, Mandya"
4388,2024-10-01T22:40:24.990990,2024-10-04T14:40:24.990990,"Randhawa Nagar, Mysuru"
4389,2026-04-10T19:40:24.991151,2026-04-13T14:40:24.991151,"Nori Zila, Belagavi"
4390,2024-08-11T14:40:24.991282,2024-08-14T14:40:24.991282,"Din, Hassan"
4391,2026-05-04T20:40:24.991693,2026-05-05T14:40:24.991693,"Dyal Street, Belagavi"
4392,2026-01-11T10:40:24.992049,2026-01-12T14:40:24.992049,"Kala Path, Haveri"
4393,2025-11-30T04:40:24.992575,2025-12-02T14:40:24.992575,"Swamy Nagar, Bidar"
4394,2026-06-08T04:40:24.992867,2026-06-10T14:40:24.992867,"Batta Marg, Belagavi"
4395,2025-01-06T23:40:24.993106,2025-01-07T14:40:24.993106,"Sandhu Marg, Belagavi"
4396,2024-08-15T23:40:24.993462,2024-08-17T14:40:24.993462,"Solanki Street, Chitradurga"
4397,2026-04-17T14:40:24.993832,2026-04-20T14:40:24.993832,"Mahajan, Ballari"
4398,2026-02-25T09:40:24.994176,2026-02-27T14:40:24.994176,"Sarin Zila, Belagavi"
4399,2025-06-23T17:40:24.994315,2025-06-25T14:40:24.994315,"Sundaram Nagar, Belagavi"
4400,2024-10-03T20:40:24.994775,2024-10-04T14:40:24.994775,"Kakar Zila, Kalaburagi"
4401,2024-11-18T16:40:24.995031,2024-11-20T14:40:24.995031,"Deshpande Marg, Haveri"
4402,2025-08-15T15:40:24.995408,2025-08-16T14:40:24.995408,"Handa Street, Bengaluru Rural"
4403,2025-09-21T07:40:24.995957,2025-09-23T14:40:24.995957,"Khanna Road, Vijayapura"
4404,2024-08-11T11:40:24.996420,2024-08-13T14:40:24.996420,"Anne Circle, Gadag"
4405,2026-02-23T04:40:24.996853,2026-02-24T14:40:24.996853,"Mittal Marg, Shivamogga"
4406,2026-05-11T23:40:24.997168,2026-05-14T14:40:24.997168,"Goswami Circle, Belagavi"
4407,2025-02-01T10:40:24.997484,2025-02-01T14:40:24.997484,"Vaidya Marg, Belagavi"
4408,2025-06-23T18:40:24.997728,2025-06-24T14:40:24.997728,"Karan Path, Vijayapura"
4409,2024-12-07T06:40:24.998070,2024-12-08T14:40:24.998070,"Handa Nagar, Chikkaballapura"
4410,2026-05-09T03:40:24.998298,2026-05-09T14:40:24.998298,"De Zila, Bengaluru Rural"
4411,2025-06-10T20:40:24.998437,2025-06-11T14:40:24.998437,"More Circle, Ramanagara"
4412,2026-05-20T00:40:24.998797,2026-05-21T14:40:24.998797,"Bhagat Circle, Belagavi"
4413,2025-09-19T20:40:24.998944,2025-09-21T14:40:24.998944,"Bhatnagar Path, Belagavi"
4414,2026-03-03T23:40:24.999099,2026-03-04T14:40:24.999099,"Barad Chowk, Bagalkote"
4415,2026-04-11T22:40:24.999377,2026-04-14T14:40:24.999377,"Ahuja Nagar, Bidar"
4416,2025-10-12T22:40:24.999642,2025-10-14T14:40:24.999642,"Grewal Zila, Bidar"
4417,2025-06-12T13:40:24.999967,2025-06-13T14:40:24.999967,"Bhalla Marg, Mandya"
4418,2024-07-18T03:40:25.000356,2024-07-19T14:40:25.000356,"Babu Marg, Belagavi"
4419,2025-01-16T07:40:25.000647,2025-01-16T14:40:25.000647,"Guha, Dakshina Kannada"
4420,2026-06-04T21:40:25.000834,2026-06-06T14:40:25.000834,"Doshi, Belagavi"
4421,2025-01-12T03:40:25.001171,2025-01-13T14:40:25.001171,"Kata Nagar, Raichur"
4422,2026-02-15T22:40:25.001335,2026-02-17T14:40:25.001335,"Korpal Zila, Belagavi"
4423,2025-01-20T07:40:25.001630,2025-01-21T14:40:25.001630,"Gulati Ganj, Chitradurga"
4424,2025-12-25T14:40:25.001752,2025-12-26T14:40:25.001752,"Loke Road, Vijayapura"
4425,2025-01-27T02:40:25.002252,2025-01-29T14:40:25.002252,"Badami Road, Koppal"
4426,2026-03-26T10:40:25.002707,2026-03-26T14:40:25.002707,"Sarma Circle, Belagavi"
4427,2024-08-22T01:40:25.002998,2024-08-22T14:40:25.002998,"Chowdhury Street, Mysuru"
4428,2024-07-27T09:40:25.003226,2024-07-29T14:40:25.003226,"Raval Zila, Bengaluru Rural"
4429,2025-01-29T04:40:25.003702,2025-01-31T14:40:25.003702,"Deshmukh Marg, Davanagere"
4430,2026-01-02T08:40:25.003828,2026-01-02T14:40:25.003828,"Vora Street, Haveri"
4431,2025-06-05T07:40:25.004283,2025-06-05T14:40:25.004283,"Barad Path, Chamarajanagara"
4432,2026-04-28T09:40:25.004723,2026-04-30T14:40:25.004723,"Thakkar Circle, Chitradurga"
4433,2026-05-20T04:40:25.005027,2026-05-21T14:40:25.005027,"Kumer Road, Tumakuru"
4434,2026-03-24T12:40:25.005355,2026-03-25T14:40:25.005355,"Mukhopadhyay Zila, Bidar"
4435,2024-10-23T22:40:25.005535,2024-10-25T14:40:25.005535,"Walla Road, Mysuru"
4436,2024-07-19T14:40:25.005835,2024-07-21T14:40:25.005835,"Malhotra Circle, Mysuru"
4437,2024-10-10T02:40:25.006154,2024-10-11T14:40:25.006154,"Sarma Nagar, Bengaluru Urban"
4438,2024-09-22T22:40:25.006505,2024-09-23T14:40:25.006505,"Sunder Circle, Bengaluru Urban"
4439,2025-04-17T15:40:25.006754,2025-04-20T14:40:25.006754,"Chahal Nagar, Dharwad"
4440,2025-11-02T01:40:25.006993,2025-11-02T14:40:25.006993,"Sheth Zila, Kolar"
4441,2025-04-24T04:40:25.007422,2025-04-25T14:40:25.007422,"Doctor Nagar, Belagavi"
4442,2025-12-30T11:40:25.007642,2025-12-31T14:40:25.007642,"Kaur Path, Belagavi"
4443,2026-01-25T06:40:25.008178,2026-01-25T14:40:25.008178,"Merchant Nagar, Koppal"
4444,2026-06-22T10:40:25.008484,2026-06-23T14:40:25.008484,"Pradhan Circle, Belagavi"
4445,2026-01-22T18:40:25.008867,2026-01-23T14:40:25.008867,"Nayar Zila, Kodagu"
4446,2025-07-07T19:40:25.009102,2025-07-08T14:40:25.009102,"Dixit Chowk, Belagavi"
4447,2024-11-11T14:40:25.009437,2024-11-14T14:40:25.009437,"Chokshi, Bagalkote"
4448,2024-09-20T01:40:25.009794,2024-09-21T14:40:25.009794,"Bhandari Zila, Mysuru"
4449,2025-08-04T01:40:25.009975,2025-08-05T14:40:25.009975,"Nanda Ganj, Gadag"
4450,2026-05-03T01:40:25.010270,2026-05-03T14:40:25.010270,"Hegde Marg, Belagavi"
4451,2025-05-09T22:40:25.010668,2025-05-12T14:40:25.010668,"Mitter Road, Belagavi"
4452,2024-09-23T03:40:25.010851,2024-09-25T14:40:25.010851,"Bhavsar Ganj, Mysuru"
4453,2026-05-27T22:40:25.011176,2026-05-29T14:40:25.011176,"Virk Road, Kalaburagi"
4454,2025-03-01T21:40:25.011441,2025-03-03T14:40:25.011441,"Tandon, Mysuru"
4455,2025-11-24T19:40:25.012029,2025-11-25T14:40:25.012029,"Dixit Ganj, Bagalkote"
4456,2025-03-18T10:40:25.012385,2025-03-18T14:40:25.012385,"Batta Zila, Bengaluru Urban"
4457,2025-06-28T22:40:25.012691,2025-06-29T14:40:25.012691,"Lad Chowk, Ramanagara"
4458,2025-06-27T03:40:25.012905,2025-06-28T14:40:25.012905,"Goel Nagar, Mysuru"
4459,2026-05-10T17:40:25.013275,2026-05-12T14:40:25.013275,"Dalal Street, Belagavi"
4460,2026-05-28T04:40:25.013523,2026-05-30T14:40:25.013523,"Walia Street, Dakshina Kannada"
4461,2025-11-17T13:40:25.013944,2025-11-19T14:40:25.013944,"Mani Path, Koppal"
4462,2025-11-24T16:40:25.014182,2025-11-25T14:40:25.014182,"Dar Ganj, Chamarajanagara"
4463,2025-02-07T19:40:25.014504,2025-02-09T14:40:25.014504,"Grewal Circle, Bagalkote"
4464,2024-10-25T06:40:25.014946,2024-10-26T14:40:25.014946,"Bath Circle, Belagavi"
4465,2026-04-12T13:40:25.015111,2026-04-14T14:40:25.015111,"Bains, Belagavi"
4466,2026-02-25T05:40:25.015334,2026-02-26T14:40:25.015334,"Shroff Nagar, Belagavi"
4467,2025-05-22T21:40:25.015616,2025-05-25T14:40:25.015616,"Ram Ganj, Chitradurga"
4468,2026-05-15T01:40:25.016117,2026-05-17T14:40:25.016117,"Sankar, Belagavi"
4469,2026-04-27T19:40:25.016361,2026-04-30T14:40:25.016361,"Sant Zila, Belagavi"
4470,2025-07-12T19:40:25.016871,2025-07-15T14:40:25.016871,"Rau Nagar, Ballari"
4471,2025-07-16T23:40:25.017309,2025-07-19T14:40:25.017309,"Pall Circle, Tumakuru"
4472,2025-01-01T07:40:25.017683,2025-01-01T14:40:25.017683,"Lata Road, Udupi"
4473,2025-04-19T05:40:25.017927,2025-04-19T14:40:25.017927,"Bose Ganj, Bengaluru Rural"
4474,2025-01-19T02:40:25.018154,2025-01-20T14:40:25.018154,"Deol Zila, Hassan"
4475,2026-04-18T11:40:25.018581,2026-04-19T14:40:25.018581,"Sibal Marg, Dharwad"
4476,2025-09-28T14:40:25.018846,2025-09-29T14:40:25.018846,"Bala Ganj, Dakshina Kannada"
4477,2026-06-03T14:40:25.019138,2026-06-04T14:40:25.019138,"Ravi Zila, Tumakuru"
4478,2024-07-10T21:40:25.019290,2024-07-12T14:40:25.019290,"Mohanty Circle, Belagavi"
4479,2024-07-31T03:40:25.019446,2024-08-01T14:40:25.019446,"Ratti Marg, Belagavi"
4480,2026-05-28T18:40:25.019725,2026-05-29T14:40:25.019725,"Roy Path, Kolar"
4481,2025-04-30T18:40:25.020192,2025-05-01T14:40:25.020192,"Soman Ganj, Mysuru"
4482,2024-11-07T23:40:25.020706,2024-11-10T14:40:25.020706,"Prashad Nagar, Haveri"
4483,2025-10-16T05:40:25.021045,2025-10-16T14:40:25.021045,"Mohan Marg, Shivamogga"
4484,2024-08-28T00:40:25.021459,2024-08-30T14:40:25.021459,"Sachdeva Chowk, Chitradurga"
4485,2025-10-12T04:40:25.021842,2025-10-13T14:40:25.021842,"Buch Path, Chikkaballapura"
4486,2024-09-23T22:40:25.022074,2024-09-26T14:40:25.022074,"Prashad Marg, Haveri"
4487,2024-09-10T22:40:25.022242,2024-09-11T14:40:25.022242,"Yogi Nagar, Dakshina Kannada"
4488,2026-07-02T22:40:25.022386,2026-07-05T14:40:25.022386,"Doshi, Tumakuru"
4489,2024-11-25T02:40:25.022803,2024-11-27T14:40:25.022803,"Krishna Nagar, Chikkamagaluru"
4490,2026-04-28T07:40:25.023165,2026-04-30T14:40:25.023165,"Subramaniam Path, Kodagu"
4491,2025-09-22T21:40:25.023406,2025-09-24T14:40:25.023406,"Nayak, Belagavi"
4492,2025-09-30T03:40:25.023608,2025-10-01T14:40:25.023608,"Gokhale Marg, Kalaburagi"
4493,2025-09-16T19:40:25.023949,2025-09-18T14:40:25.023949,"Bose Zila, Chamarajanagara"
4494,2025-12-28T00:40:25.024114,2025-12-28T14:40:25.024114,"Prashad Street, Shivamogga"
4495,2025-01-20T12:40:25.024356,2025-01-22T14:40:25.024356,"Ben Zila, Belagavi"
4496,2026-01-07T23:40:25.024638,2026-01-10T14:40:25.024638,"Nagi, Mandya"
4497,2025-08-06T20:40:25.024928,2025-08-09T14:40:25.024928,"Datta Zila, Mysuru"
4498,2026-01-12T01:40:25.025140,2026-01-14T14:40:25.025140,"Karnik Marg, Belagavi"
4499,2026-03-01T18:40:25.025294,2026-03-02T14:40:25.025294,"Loyal Path, Belagavi"
4500,2024-12-23T02:40:25.025518,2024-12-24T14:40:25.025518,"Mann Circle, Davanagere"
4501,2025-01-14T19:40:25.025762,2025-01-15T14:40:25.025762,"Bassi Marg, Shivamogga"
4502,2025-08-02T08:40:25.026031,2025-08-03T14:40:25.026031,"Jani Nagar, Belagavi"
4503,2026-01-18T02:40:25.026498,2026-01-20T14:40:25.026498,"Pathak Path, Bengaluru Urban"
4504,2025-05-02T16:40:25.026906,2025-05-04T14:40:25.026906,"Bhatnagar, Kodagu"
4505,2024-12-28T21:40:25.027073,2024-12-29T14:40:25.027073,"Bhat, Ballari"
4506,2024-12-27T05:40:25.027474,2024-12-27T14:40:25.027474,"Khare Nagar, Bidar"
4507,2024-12-30T06:40:25.027991,2024-12-30T14:40:25.027991,"Bera Circle, Chitradurga"
4508,2026-06-11T22:40:25.028426,2026-06-14T14:40:25.028426,"Bedi Zila, Belagavi"
4509,2025-06-07T23:40:25.028706,2025-06-09T14:40:25.028706,"Mand, Belagavi"
4510,2024-07-13T20:40:25.028851,2024-07-14T14:40:25.028851,"Nazareth Circle, Belagavi"
4511,2024-09-15T11:40:25.029012,2024-09-16T14:40:25.029012,"Sahota Path, Belagavi"
4512,2026-05-07T04:40:25.029236,2026-05-09T14:40:25.029236,"Pai Nagar, Belagavi"
4513,2026-01-22T19:40:25.029507,2026-01-24T14:40:25.029507,"Ray Path, Bengaluru Urban"
4514,2025-04-22T16:40:25.029867,2025-04-23T14:40:25.029867,"Swaminathan Marg, Mysuru"
4515,2025-03-02T20:40:25.030171,2025-03-04T14:40:25.030171,"Tandon, Kolar"
4516,2025-08-05T19:40:25.030343,2025-08-08T14:40:25.030343,"Chander Ganj, Vijayanagara"
4517,2024-09-07T11:40:25.030644,2024-09-09T14:40:25.030644,"Kar Street, Bengaluru Urban"
4518,2025-06-07T03:40:25.030984,2025-06-07T14:40:25.030984,"Dugal Road, Bengaluru Rural"
4519,2024-10-22T19:40:25.031137,2024-10-25T14:40:25.031137,"Saran Zila, Belagavi"
4520,2025-10-03T23:40:25.031444,2025-10-06T14:40:25.031444,"Majumdar Path, Kolar"
4521,2026-02-14T02:40:25.031973,2026-02-15T14:40:25.031973,"Tata Street, Haveri"
4522,2025-02-05T20:40:25.032287,2025-02-07T14:40:25.032287,"Gulati Circle, Bagalkote"
4523,2025-04-05T06:40:25.032789,2025-04-07T14:40:25.032789,"Kar, Kalaburagi"
4524,2025-04-30T06:40:25.033189,2025-05-02T14:40:25.033189,"Chana Ganj, Bidar"
4525,2025-05-12T02:40:25.033363,2025-05-12T14:40:25.033363,"Dugal Ganj, Raichur"
4526,2025-12-21T13:40:25.033709,2025-12-22T14:40:25.033709,"Nagi Road, Mysuru"
4527,2024-11-18T15:40:25.034030,2024-11-20T14:40:25.034030,"Rai Zila, Belagavi"
4528,2025-07-24T20:40:25.034283,2025-07-25T14:40:25.034283,"Oza Path, Shivamogga"
4529,2026-05-14T04:40:25.034437,2026-05-16T14:40:25.034437,"Chaudhari Path, Bidar"
4530,2024-09-23T13:40:25.035080,2024-09-25T14:40:25.035080,"Johal Circle, Mysuru"
4531,2026-05-18T01:40:25.035234,2026-05-20T14:40:25.035234,"Saini Chowk, Belagavi"
4532,2025-07-02T23:40:25.035473,2025-07-04T14:40:25.035473,"Sarkar Street, Udupi"
4533,2026-07-08T10:40:25.035782,2026-07-08T14:40:25.035782,"Kumer Path, Chitradurga"
4534,2024-09-26T11:40:25.036370,2024-09-27T14:40:25.036370,"Sanghvi Road, Dakshina Kannada"
4535,2025-09-24T17:40:25.036776,2025-09-26T14:40:25.036776,"Chahal Chowk, Davanagere"
4536,2025-01-15T03:40:25.037082,2025-01-17T14:40:25.037082,"Seth Street, Raichur"
4537,2025-09-03T16:40:25.037398,2025-09-05T14:40:25.037398,"Venkataraman Path, Belagavi"
4538,2025-11-17T07:40:25.037704,2025-11-19T14:40:25.037704,"Mahajan Ganj, Belagavi"
4539,2024-10-16T01:40:25.037864,2024-10-17T14:40:25.037864,"Shah Chowk, Vijayanagara"
4540,2026-02-09T06:40:25.038170,2026-02-09T14:40:25.038170,"Bali Path, Belagavi"
4541,2025-05-12T19:40:25.038498,2025-05-15T14:40:25.038498,"Doshi Marg, Chamarajanagara"
4542,2026-04-24T11:40:25.039032,2026-04-26T14:40:25.039032,"Thaker Zila, Belagavi"
4543,2025-12-03T05:40:25.039242,2025-12-04T14:40:25.039242,"Ramakrishnan, Vijayapura"
4544,2024-11-07T23:40:25.039766,2024-11-08T14:40:25.039766,"Behl Ganj, Vijayanagara"
4545,2024-08-11T13:40:25.040237,2024-08-13T14:40:25.040237,"Comar Street, Bagalkote"
4546,2025-03-11T12:40:25.040569,2025-03-12T14:40:25.040569,"Manne Nagar, Belagavi"
4547,2026-02-13T18:40:25.041057,2026-02-14T14:40:25.041057,"Dara Zila, Belagavi"
4548,2026-05-21T14:40:25.041445,2026-05-24T14:40:25.041445,"Bhat Zila, Chitradurga"
4549,2025-09-13T18:40:25.041910,2025-09-14T14:40:25.041910,"Upadhyay, Belagavi"
4550,2025-07-14T02:40:25.042207,2025-07-16T14:40:25.042207,"Saha Path, Kodagu"
4551,2026-05-06T04:40:25.042627,2026-05-08T14:40:25.042627,"Parmar Zila, Belagavi"
4552,2025-11-23T14:40:25.042797,2025-11-24T14:40:25.042797,"Din Path, Ramanagara"
4553,2025-02-08T00:40:25.043065,2025-02-10T14:40:25.043065,"Hegde Circle, Dakshina Kannada"
4554,2025-06-22T18:40:25.043224,2025-06-24T14:40:25.043224,"Taneja Nagar, Raichur"
4555,2024-07-20T01:40:25.043635,2024-07-22T14:40:25.043635,"Wason, Dharwad"
4556,2025-09-26T13:40:25.044145,2025-09-28T14:40:25.044145,"Bains Road, Belagavi"
4557,2025-07-21T04:40:25.044499,2025-07-22T14:40:25.044499,"Chaudhuri Circle, Ramanagara"
4558,2026-06-10T14:40:25.044993,2026-06-12T14:40:25.044993,"Choudhary Circle, Belagavi"
4559,2025-01-12T11:40:25.045445,2025-01-13T14:40:25.045445,"Samra Chowk, Belagavi"
4560,2025-01-17T18:40:25.045800,2025-01-18T14:40:25.045800,"Mander Zila, Ramanagara"
4561,2026-05-02T14:40:25.045972,2026-05-05T14:40:25.045972,"Thakur Path, Belagavi"
4562,2026-02-15T05:40:25.046164,2026-02-15T14:40:25.046164,"Prashad Zila, Bengaluru Rural"
4563,2025-12-11T18:40:25.046707,2025-12-14T14:40:25.046707,"Rai Ganj, Kalaburagi"
4564,2025-10-18T23:40:25.047087,2025-10-19T14:40:25.047087,"Prasad Path, Belagavi"
4565,2026-01-13T20:40:25.047326,2026-01-16T14:40:25.047326,"Chaudry Nagar, Mysuru"
4566,2024-09-22T13:40:25.047815,2024-09-23T14:40:25.047815,"Ramakrishnan, Belagavi"
4567,2025-06-01T18:40:25.048089,2025-06-03T14:40:25.048089,"Hayer, Kodagu"
4568,2026-04-12T16:40:25.048274,2026-04-14T14:40:25.048274,"Patil Path, Hassan"
4569,2026-05-28T02:40:25.048746,2026-05-29T14:40:25.048746,"Dora Street, Belagavi"
4570,2025-10-16T19:40:25.049126,2025-10-18T14:40:25.049126,"Doctor, Dakshina Kannada"
4571,2025-10-27T09:40:25.049380,2025-10-27T14:40:25.049380,"Boase Street, Bengaluru Urban"
4572,2026-05-15T10:40:25.049579,2026-05-15T14:40:25.049579,"Mane Street, Hassan"
4573,2026-03-02T14:40:25.050027,2026-03-04T14:40:25.050027,"Krishna Circle, Bidar"
4574,2024-10-13T00:40:25.050422,2024-10-13T14:40:25.050422,"Som Circle, Ballari"
4575,2025-05-17T05:40:25.050717,2025-05-18T14:40:25.050717,"Banerjee Street, Bidar"
4576,2026-02-24T00:40:25.050862,2026-02-25T14:40:25.050862,"Vohra Marg, Belagavi"
4577,2025-06-02T15:40:25.051258,2025-06-05T14:40:25.051258,"Buch Chowk, Ballari"
4578,2024-09-07T01:40:25.051448,2024-09-08T14:40:25.051448,"Agate Ganj, Kolar"
4579,2026-07-06T22:40:25.051964,2026-07-09T14:40:25.051964,"Sha Road, Belagavi"
4580,2024-12-29T13:40:25.052082,2024-12-29T14:40:25.052082,"Patla Road, Kodagu"
4581,2026-04-27T22:40:25.052383,2026-04-29T14:40:25.052383,"Sawhney Path, Ramanagara"
4582,2026-05-05T04:40:25.052780,2026-05-06T14:40:25.052780,"Issac Road, Chikkaballapura"
4583,2025-01-22T17:40:25.053033,2025-01-24T14:40:25.053033,"Dayal Road, Bagalkote"
4584,2025-06-11T13:40:25.053197,2025-06-11T14:40:25.053197,"Sankar Circle, Bengaluru Rural"
4585,2025-01-22T23:40:25.053443,2025-01-23T14:40:25.053443,"Mane Street, Chikkaballapura"
4586,2025-01-30T00:40:25.053807,2025-01-30T14:40:25.053807,"Handa Ganj, Bengaluru Urban"
4587,2026-06-01T05:40:25.054057,2026-06-02T14:40:25.054057,"Konda, Mysuru"
4588,2026-01-11T07:40:25.054228,2026-01-12T14:40:25.054228,"Viswanathan Path, Bengaluru Urban"
4589,2025-10-30T06:40:25.054618,2025-10-31T14:40:25.054618,"Sura Marg, Belagavi"
4590,2026-05-04T15:40:25.055047,2026-05-07T14:40:25.055047,"Viswanathan Road, Haveri"
4591,2025-08-26T12:40:25.055430,2025-08-28T14:40:25.055430,"Khatri Chowk, Shivamogga"
4592,2025-04-08T21:40:25.055970,2025-04-10T14:40:25.055970,"Sem Chowk, Bengaluru Urban"
4593,2025-05-15T17:40:25.056506,2025-05-18T14:40:25.056506,"Dixit Ganj, Mysuru"
4594,2024-12-26T03:40:25.056752,2024-12-27T14:40:25.056752,"Balan Marg, Mysuru"
4595,2025-10-21T13:40:25.057092,2025-10-22T14:40:25.057092,"Palla Road, Belagavi"
4596,2025-02-24T23:40:25.057616,2025-02-27T14:40:25.057616,"Bedi Zila, Bengaluru Rural"
4597,2026-02-16T04:40:25.057894,2026-02-18T14:40:25.057894,"Ganguly Chowk, Belagavi"
4598,2026-05-20T16:40:25.058068,2026-05-21T14:40:25.058068,"Brar, Mysuru"
4599,2025-03-07T15:40:25.058475,2025-03-09T14:40:25.058475,"Sachdev Street, Bidar"
4600,2026-01-21T00:40:25.058702,2026-01-21T14:40:25.058702,"Vora Path, Belagavi"
4601,2025-10-10T22:40:25.059011,2025-10-11T14:40:25.059011,"Wason Chowk, Dakshina Kannada"
4602,2026-05-30T13:40:25.059344,2026-05-31T14:40:25.059344,"Narasimhan Nagar, Mysuru"
4603,2025-11-17T03:40:25.059779,2025-11-17T14:40:25.059779,"Om Path, Kalaburagi"
4604,2026-01-13T04:40:25.060192,2026-01-14T14:40:25.060192,"Deshpande Road, Belagavi"
4605,2024-09-03T03:40:25.060455,2024-09-05T14:40:25.060455,"Borra Nagar, Chikkaballapura"
4606,2025-02-20T11:40:25.060884,2025-02-22T14:40:25.060884,"Bhattacharyya Street, Ramanagara"
4607,2026-05-23T07:40:25.061222,2026-05-24T14:40:25.061222,"Dass Nagar, Mysuru"
4608,2026-05-09T12:40:25.061627,2026-05-09T14:40:25.061627,"Gera Circle, Belagavi"
4609,2025-07-06T11:40:25.061905,2025-07-06T14:40:25.061905,"Lanka Chowk, Belagavi"
4610,2026-03-06T13:40:25.062080,2026-03-06T14:40:25.062080,"Seth Road, Mysuru"
4611,2024-08-16T12:40:25.062414,2024-08-18T14:40:25.062414,"Atwal Road, Chikkamagaluru"
4612,2025-05-17T07:40:25.062728,2025-05-19T14:40:25.062728,"Sharma Zila, Belagavi"
4613,2025-06-17T09:40:25.062971,2025-06-17T14:40:25.062971,"Gaba Chowk, Bengaluru Urban"
4614,2024-07-25T04:40:25.063309,2024-07-26T14:40:25.063309,"Bhalla Street, Koppal"
4615,2024-07-10T09:40:25.063725,2024-07-11T14:40:25.063725,"Minhas Ganj, Ballari"
4616,2024-11-08T17:40:25.063987,2024-11-11T14:40:25.063987,"Manda Path, Bengaluru Rural"
4617,2026-02-10T02:40:25.064219,2026-02-10T14:40:25.064219,"Wadhwa Ganj, Udupi"
4618,2025-02-12T15:40:25.064765,2025-02-15T14:40:25.064765,"Deo, Kodagu"
4619,2025-11-02T18:40:25.065182,2025-11-04T14:40:25.065182,"Thaker Circle, Belagavi"
4620,2024-11-20T04:40:25.065688,2024-11-20T14:40:25.065688,"Nazareth Chowk, Kolar"
4621,2026-02-05T01:40:25.066032,2026-02-06T14:40:25.066032,"Natt Chowk, Belagavi"
4622,2024-11-28T09:40:25.066346,2024-11-28T14:40:25.066346,"Bera Circle, Ramanagara"
4623,2026-01-16T10:40:25.066846,2026-01-18T14:40:25.066846,"Krishnamurthy Nagar, Belagavi"
4624,2026-05-07T17:40:25.067056,2026-05-09T14:40:25.067056,"Biswas Zila, Belagavi"
4625,2025-07-12T08:40:25.067525,2025-07-13T14:40:25.067525,"Venkataraman Circle, Bengaluru Urban"
4626,2026-04-18T22:40:25.068079,2026-04-21T14:40:25.068079,"Varty Road, Belagavi"
4627,2025-02-08T17:40:25.068467,2025-02-10T14:40:25.068467,"Pingle Circle, Chikkaballapura"
4628,2024-10-16T22:40:25.068783,2024-10-19T14:40:25.068783,"Rattan Chowk, Ramanagara"
4629,2025-12-31T01:40:25.069218,2026-01-02T14:40:25.069218,"Lalla Ganj, Mysuru"
4630,2025-10-26T15:40:25.069454,2025-10-29T14:40:25.069454,"Dugar, Haveri"
4631,2026-03-05T05:40:25.069865,2026-03-07T14:40:25.069865,"Prabhakar Nagar, Bengaluru Urban"
4632,2026-01-19T00:40:25.070029,2026-01-20T14:40:25.070029,"Ramachandran Street, Ballari"
4633,2026-03-08T08:40:25.070202,2026-03-08T14:40:25.070202,"Dash Chowk, Belagavi"
4634,2025-01-15T21:40:25.070582,2025-01-16T14:40:25.070582,"Desai Chowk, Belagavi"
4635,2025-08-16T22:40:25.070940,2025-08-19T14:40:25.070940,"Shah Marg, Belagavi"
4636,2024-10-05T04:40:25.071269,2024-10-07T14:40:25.071269,"Rajan Marg, Raichur"
4637,2026-06-04T18:40:25.071774,2026-06-07T14:40:25.071774,"Ganesan Marg, Raichur"
4638,2026-03-26T03:40:25.072156,2026-03-27T14:40:25.072156,"Apte Road, Belagavi"
4639,2024-10-05T08:40:25.072516,2024-10-06T14:40:25.072516,"Rajan Street, Belagavi"
4640,2026-06-08T14:40:25.072927,2026-06-09T14:40:25.072927,"Goda Zila, Belagavi"
4641,2026-01-02T13:40:25.073207,2026-01-03T14:40:25.073207,"Mukherjee Chowk, Hassan"
4642,2024-08-25T20:40:25.073459,2024-08-27T14:40:25.073459,"Mitter Circle, Chikkaballapura"
4643,2024-11-08T07:40:25.073842,2024-11-10T14:40:25.073842,"Wali, Bagalkote"
4644,2026-04-27T10:40:25.074159,2026-04-27T14:40:25.074159,"Bakshi Marg, Bengaluru Urban"
4645,2024-08-06T21:40:25.074508,2024-08-07T14:40:25.074508,"Gala Zila, Gadag"
4646,2025-01-01T05:40:25.074980,2025-01-02T14:40:25.074980,"Wali, Mysuru"
4647,2026-01-10T23:40:25.075342,2026-01-11T14:40:25.075342,"Bahl Circle, Belagavi"
4648,2024-12-30T07:40:25.075705,2025-01-01T14:40:25.075705,"Borah Marg, Bengaluru Rural"
4649,2026-04-27T09:40:25.076101,2026-04-27T14:40:25.076101,"Narain Nagar, Chikkaballapura"
4650,2025-07-10T08:40:25.076485,2025-07-10T14:40:25.076485,"Sarna Road, Davanagere"
4651,2026-05-27T23:40:25.076891,2026-05-29T14:40:25.076891,"Zacharia Marg, Yadgir"
4652,2025-05-16T23:40:25.077095,2025-05-19T14:40:25.077095,"Palan Zila, Chikkaballapura"
4653,2026-02-22T09:40:25.077309,2026-02-24T14:40:25.077309,"Pau, Belagavi"
4654,2024-07-21T07:40:25.077725,2024-07-21T14:40:25.077725,"Raj Zila, Bengaluru Urban"
4655,2026-03-13T18:40:25.077971,2026-03-14T14:40:25.077971,"Dada Path, Belagavi"
4656,2025-01-02T06:40:25.078122,2025-01-02T14:40:25.078122,"Bedi Street, Chamarajanagara"
4657,2025-07-19T19:40:25.078426,2025-07-21T14:40:25.078426,"Sathe Street, Bengaluru Urban"
4658,2025-07-17T10:40:25.078732,2025-07-19T14:40:25.078732,"Buch, Mysuru"
4659,2026-04-06T17:40:25.078913,2026-04-09T14:40:25.078913,"Konda Street, Chikkamagaluru"
4660,2026-04-11T00:40:25.079165,2026-04-13T14:40:25.079165,"Boase Zila, Tumakuru"
4661,2025-05-05T17:40:25.079460,2025-05-06T14:40:25.079460,"Dave Circle, Koppal"
4662,2025-06-22T02:40:25.079993,2025-06-23T14:40:25.079993,"Samra Street, Vijayanagara"
4663,2026-01-31T20:40:25.080334,2026-02-02T14:40:25.080334,"Andra Nagar, Bagalkote"
4664,2026-06-12T06:40:25.080575,2026-06-13T14:40:25.080575,"Ramachandran Ganj, Belagavi"
4665,2024-10-26T05:40:25.080792,2024-10-27T14:40:25.080792,"Kurian Circle, Mysuru"
4666,2025-03-15T08:40:25.081046,2025-03-16T14:40:25.081046,"Borra Chowk, Bengaluru Rural"
4667,2026-04-10T19:40:25.081331,2026-04-12T14:40:25.081331,"More Ganj, Haveri"
4668,2024-08-20T17:40:25.081963,2024-08-23T14:40:25.081963,"Wable Street, Ballari"
4669,2025-01-22T18:40:25.082184,2025-01-23T14:40:25.082184,"Bhatia Path, Kodagu"
4670,2024-12-19T01:40:25.082364,2024-12-20T14:40:25.082364,"Baral Circle, Belagavi"
4671,2025-04-24T18:40:25.082768,2025-04-27T14:40:25.082768,"Modi Ganj, Haveri"
4672,2025-10-08T21:40:25.083038,2025-10-11T14:40:25.083038,"Dass Road, Koppal"
4673,2025-06-08T04:40:25.083311,2025-06-10T14:40:25.083311,"Ravi Marg, Udupi"
4674,2024-11-15T01:40:25.083466,2024-11-17T14:40:25.083466,"Goda Path, Chamarajanagara"
4675,2024-07-14T03:40:25.084016,2024-07-14T14:40:25.084016,"Rana Street, Bengaluru Urban"
4676,2025-11-14T01:40:25.084348,2025-11-16T14:40:25.084348,"Tank Path, Mysuru"
4677,2026-02-13T01:40:25.084524,2026-02-14T14:40:25.084524,"Mandal Chowk, Belagavi"
4678,2026-07-04T00:40:25.084750,2026-07-04T14:40:25.084750,"Walia Zila, Hassan"
4679,2024-08-20T05:40:25.085149,2024-08-20T14:40:25.085149,"Date Chowk, Chitradurga"
4680,2026-07-08T11:40:25.085490,2026-07-09T14:40:25.085490,"Doshi Nagar, Belagavi"
4681,2024-12-03T07:40:25.085811,2024-12-04T14:40:25.085811,"Ghose Circle, Yadgir"
4682,2025-12-11T20:40:25.086004,2025-12-13T14:40:25.086004,"Saran Nagar, Kalaburagi"
4683,2026-05-21T22:40:25.086256,2026-05-22T14:40:25.086256,"Warrior Circle, Belagavi"
4684,2026-02-18T02:40:25.086361,2026-02-20T14:40:25.086361,"Trivedi, Ballari"
4685,2024-08-24T15:40:25.087168,2024-08-26T14:40:25.087168,"Pillai, Chikkaballapura"
4686,2025-10-09T14:40:25.087626,2025-10-11T14:40:25.087626,"Kamdar Zila, Vijayanagara"
4687,2026-03-07T06:40:25.088174,2026-03-08T14:40:25.088174,"Datta Chowk, Bengaluru Rural"
4688,2025-08-08T00:40:25.088673,2025-08-08T14:40:25.088673,"Palan Road, Bengaluru Urban"
4689,2026-07-01T02:40:25.088878,2026-07-03T14:40:25.088878,"Borra, Belagavi"
4690,2026-05-20T02:40:25.089034,2026-05-21T14:40:25.089034,"Vohra Road, Belagavi"
4691,2026-03-04T06:40:25.089482,2026-03-04T14:40:25.089482,"Walia Circle, Haveri"
4692,2024-09-06T19:40:25.089775,2024-09-07T14:40:25.089775,"Shan Road, Ramanagara"
4693,2025-10-23T14:40:25.090197,2025-10-24T14:40:25.090197,"Dora Marg, Belagavi"
4694,2025-11-13T23:40:25.090504,2025-11-16T14:40:25.090504,"Mukhopadhyay Street, Tumakuru"
4695,2024-10-13T18:40:25.090827,2024-10-14T14:40:25.090827,"Krish Circle, Chikkamagaluru"
4696,2026-05-01T03:40:25.091106,2026-05-01T14:40:25.091106,"Shanker, Chitradurga"
4697,2024-09-22T02:40:25.091482,2024-09-22T14:40:25.091482,"Chad Road, Bengaluru Rural"
4698,2025-11-17T08:40:25.091911,2025-11-18T14:40:25.091911,"Shere Street, Mysuru"
4699,2026-04-23T23:40:25.092268,2026-04-24T14:40:25.092268,"Dayal Ganj, Ramanagara"
4700,2025-04-05T15:40:25.092699,2025-04-06T14:40:25.092699,"Murthy Path, Mysuru"
4701,2026-01-20T01:40:25.092875,2026-01-21T14:40:25.092875,"Khalsa Chowk, Belagavi"
4702,2025-11-21T16:40:25.093109,2025-11-24T14:40:25.093109,"Sethi, Koppal"
4703,2026-05-01T15:40:25.093255,2026-05-04T14:40:25.093255,"Goda Circle, Udupi"
4704,2026-03-23T03:40:25.093651,2026-03-25T14:40:25.093651,"Yohannan Road, Tumakuru"
4705,2024-08-07T00:40:25.094110,2024-08-08T14:40:25.094110,"Sheth Chowk, Raichur"
4706,2026-02-04T12:40:25.094413,2026-02-05T14:40:25.094413,"Buch Circle, Belagavi"
4707,2026-02-12T07:40:25.094742,2026-02-14T14:40:25.094742,"Batta Chowk, Kodagu"
4708,2026-01-09T12:40:25.095135,2026-01-09T14:40:25.095135,"Devi Street, Mysuru"
4709,2026-05-21T19:40:25.095602,2026-05-24T14:40:25.095602,"Kota, Ramanagara"
4710,2025-06-16T22:40:25.095792,2025-06-19T14:40:25.095792,"Manda Circle, Bengaluru Urban"
4711,2024-09-11T03:40:25.096231,2024-09-11T14:40:25.096231,"Mand Marg, Kolar"
4712,2025-06-06T02:40:25.096529,2025-06-06T14:40:25.096529,"Sekhon Street, Ballari"
4713,2025-03-20T06:40:25.096852,2025-03-21T14:40:25.096852,"Gole Road, Bengaluru Urban"
4714,2025-05-01T16:40:25.097047,2025-05-03T14:40:25.097047,"Sankaran Ganj, Bidar"
4715,2026-02-19T13:40:25.097245,2026-02-20T14:40:25.097245,"Bobal Marg, Belagavi"
4716,2025-08-26T01:40:25.097608,2025-08-26T14:40:25.097608,"Chawla Path, Bidar"
4717,2026-02-21T18:40:25.097930,2026-02-23T14:40:25.097930,"Mukherjee Street, Belagavi"
4718,2026-02-28T01:40:25.098230,2026-03-01T14:40:25.098230,"Venkatesh Ganj, Bengaluru Urban"
4719,2024-10-05T06:40:25.098384,2024-10-05T14:40:25.098384,"Hari Marg, Udupi"
4720,2025-04-13T12:40:25.098753,2025-04-14T14:40:25.098753,"Chaudhry Circle, Davanagere"
4721,2026-05-19T17:40:25.099209,2026-05-20T14:40:25.099209,"Srivastava Marg, Raichur"
4722,2025-10-14T21:40:25.099483,2025-10-17T14:40:25.099483,"Ramesh Chowk, Yadgir"
4723,2025-11-15T02:40:25.099822,2025-11-16T14:40:25.099822,"Pau Marg, Raichur"
4724,2024-09-11T20:40:25.100170,2024-09-14T14:40:25.100170,"Krishnamurthy Circle, Gadag"
4725,2025-01-05T17:40:25.100390,2025-01-08T14:40:25.100390,"Ghosh Marg, Bagalkote"
4726,2024-07-16T13:40:25.100748,2024-07-17T14:40:25.100748,"Mangat Nagar, Kalaburagi"
4727,2025-02-04T04:40:25.101227,2025-02-04T14:40:25.101227,"Sachar Nagar, Dharwad"
4728,2025-09-29T16:40:25.101586,2025-09-30T14:40:25.101586,"Jain Marg, Mandya"
4729,2025-11-04T10:40:25.101862,2025-11-04T14:40:25.101862,"Saran Path, Belagavi"
4730,2026-02-01T06:40:25.102078,2026-02-01T14:40:25.102078,"Goyal Marg, Bengaluru Rural"
4731,2025-01-05T15:40:25.102427,2025-01-06T14:40:25.102427,"Bora Road, Belagavi"
4732,2026-01-08T18:40:25.102625,2026-01-09T14:40:25.102625,"Kapadia Street, Mysuru"
4733,2025-12-21T07:40:25.102827,2025-12-23T14:40:25.102827,"Kala Zila, Bengaluru Urban"
4734,2026-03-21T21:40:25.103300,2026-03-22T14:40:25.103300,"Kibe Nagar, Belagavi"
4735,2026-01-14T01:40:25.103655,2026-01-14T14:40:25.103655,"Handa Nagar, Tumakuru"
4736,2025-11-08T14:40:25.103977,2025-11-10T14:40:25.103977,"Choudhury Chowk, Belagavi"
4737,2025-06-04T03:40:25.104167,2025-06-06T14:40:25.104167,"Tiwari Road, Vijayapura"
4738,2025-11-08T00:40:25.104461,2025-11-09T14:40:25.104461,"Kota Marg, Dharwad"
4739,2025-10-11T10:40:25.104786,2025-10-11T14:40:25.104786,"Grewal, Belagavi"
4740,2025-10-29T14:40:25.105058,2025-10-31T14:40:25.105058,"Bora Zila, Koppal"
4741,2026-05-23T20:40:25.105356,2026-05-25T14:40:25.105356,"Wable Nagar, Belagavi"
4742,2026-04-06T08:40:25.105774,2026-04-06T14:40:25.105774,"Khosla Path, Belagavi"
4743,2025-03-05T15:40:25.106159,2025-03-08T14:40:25.106159,"Mandal Zila, Vijayanagara"
4744,2025-12-14T02:40:25.106524,2025-12-15T14:40:25.106524,"Raghavan Nagar, Haveri"
4745,2025-12-30T07:40:25.106786,2025-12-31T14:40:25.106786,"Bumb Zila, Tumakuru"
4746,2025-06-20T23:40:25.107173,2025-06-23T14:40:25.107173,"Sampath Path, Belagavi"
4747,2026-03-21T22:40:25.107422,2026-03-22T14:40:25.107422,"Bajwa Nagar, Belagavi"
4748,2026-04-20T16:40:25.107930,2026-04-22T14:40:25.107930,"Ahuja Ganj, Bengaluru Urban"
4749,2026-05-16T16:40:25.108351,2026-05-18T14:40:25.108351,"Bahri Nagar, Belagavi"
4750,2025-11-07T15:40:25.108508,2025-11-10T14:40:25.108508,"Grewal Nagar, Kodagu"
4751,2024-11-18T14:40:25.108840,2024-11-21T14:40:25.108840,"Lall Street, Yadgir"
4752,2024-09-22T10:40:25.109091,2024-09-23T14:40:25.109091,"Ghose Zila, Dakshina Kannada"
4753,2025-12-05T22:40:25.109481,2025-12-06T14:40:25.109481,"Sule Road, Gadag"
4754,2024-10-03T05:40:25.109704,2024-10-04T14:40:25.109704,"Arya Chowk, Belagavi"
4755,2026-06-28T17:40:25.110013,2026-06-29T14:40:25.110013,"Vala Chowk, Belagavi"
4756,2025-05-04T17:40:25.110350,2025-05-06T14:40:25.110350,"Kala Marg, Belagavi"
4757,2025-02-26T00:40:25.110697,2025-02-28T14:40:25.110697,"Keer Marg, Bengaluru Urban"
4758,2026-02-28T13:40:25.111073,2026-02-28T14:40:25.111073,"Sant Street, Belagavi"
4759,2025-09-18T20:40:25.111243,2025-09-21T14:40:25.111243,"De Marg, Mysuru"
4760,2026-04-25T12:40:25.111523,2026-04-27T14:40:25.111523,"Suresh Nagar, Belagavi"
4761,2025-06-17T02:40:25.112067,2025-06-19T14:40:25.112067,"Parmar Circle, Shivamogga"
4762,2024-08-13T22:40:25.112474,2024-08-16T14:40:25.112474,"Dhillon Street, Mysuru"
4763,2024-11-13T13:40:25.113016,2024-11-14T14:40:25.113016,"Mann Nagar, Vijayanagara"
4764,2024-12-03T20:40:25.113389,2024-12-04T14:40:25.113389,"Sethi Nagar, Dakshina Kannada"
4765,2025-05-16T06:40:25.113597,2025-05-16T14:40:25.113597,"Ramaswamy Path, Kolar"
4766,2025-07-22T00:40:25.113828,2025-07-24T14:40:25.113828,"Khurana Road, Chitradurga"
4767,2025-08-18T12:40:25.114113,2025-08-20T14:40:25.114113,"Saini Path, Gadag"
4768,2025-12-08T18:40:25.114285,2025-12-09T14:40:25.114285,"Suri, Belagavi"
4769,2024-10-13T03:40:25.114601,2024-10-13T14:40:25.114601,"Chandra Ganj, Kodagu"
4770,2024-11-28T23:40:25.115068,2024-11-30T14:40:25.115068,"Wable Ganj, Belagavi"
4771,2026-06-12T01:40:25.115472,2026-06-13T14:40:25.115472,"Arora Road, Kalaburagi"
4772,2025-07-18T07:40:25.116067,2025-07-18T14:40:25.116067,"Ravi Path, Gadag"
4773,2025-12-22T00:40:25.116352,2025-12-24T14:40:25.116352,"Gala Road, Dakshina Kannada"
4774,2024-10-06T12:40:25.116529,2024-10-07T14:40:25.116529,"Zachariah Marg, Ballari"
4775,2024-10-15T00:40:25.116919,2024-10-17T14:40:25.116919,"Patla Path, Belagavi"
4776,2025-11-19T00:40:25.117367,2025-11-19T14:40:25.117367,"Pandit Nagar, Belagavi"
4777,2026-02-20T15:40:25.117743,2026-02-23T14:40:25.117743,"Saini Nagar, Vijayapura"
4778,2024-09-25T13:40:25.118167,2024-09-25T14:40:25.118167,"Minhas Marg, Bengaluru Urban"
4779,2025-02-16T17:40:25.118756,2025-02-19T14:40:25.118756,"Gole Zila, Belagavi"
4780,2026-05-28T10:40:25.118942,2026-05-28T14:40:25.118942,"Som Zila, Belagavi"
4781,2025-11-04T14:40:25.119111,2025-11-05T14:40:25.119111,"Ray Ganj, Bengaluru Urban"
4782,2025-08-26T15:40:25.119401,2025-08-27T14:40:25.119401,"Sodhi Chowk, Belagavi"
4783,2025-04-04T03:40:25.119596,2025-04-04T14:40:25.119596,"Comar Circle, Davanagere"
4784,2025-09-27T20:40:25.119959,2025-09-28T14:40:25.119959,"Gala Ganj, Belagavi"
4785,2025-06-01T19:40:25.120434,2025-06-02T14:40:25.120434,"Mohanty Chowk, Hassan"
4786,2026-02-17T06:40:25.120695,2026-02-18T14:40:25.120695,"Chopra, Belagavi"
4787,2025-06-11T15:40:25.121002,2025-06-13T14:40:25.121002,"Divan Circle, Belagavi"
4788,2026-03-03T07:40:25.121179,2026-03-05T14:40:25.121179,"Kamdar Road, Vijayanagara"
4789,2026-02-22T14:40:25.121462,2026-02-24T14:40:25.121462,"Borde Road, Mandya"
4790,2025-11-25T11:40:25.121940,2025-11-26T14:40:25.121940,"Borde Chowk, Belagavi"
4791,2026-06-07T22:40:25.122504,2026-06-09T14:40:25.122504,"Ghose Road, Bengaluru Urban"
4792,2026-04-04T06:40:25.122928,2026-04-04T14:40:25.122928,"Gaba Path, Vijayapura"
4793,2024-08-31T21:40:25.123046,2024-09-02T14:40:25.123046,"Bajwa Nagar, Kolar"
4794,2024-12-10T04:40:25.123288,2024-12-12T14:40:25.123288,"Madan, Koppal"
4795,2025-12-12T13:40:25.123430,2025-12-13T14:40:25.123430,"Suri, Kodagu"
4796,2025-11-19T00:40:25.123727,2025-11-21T14:40:25.123727,"Rastogi Circle, Mandya"
4797,2025-01-27T02:40:25.124032,2025-01-27T14:40:25.124032,"Dutta Marg, Hassan"
4798,2024-11-25T10:40:25.124200,2024-11-26T14:40:25.124200,"Bhavsar Circle, Bagalkote"
4799,2026-02-08T00:40:25.124418,2026-02-08T14:40:25.124418,"Mani Path, Belagavi"
4800,2024-09-03T03:40:25.124751,2024-09-05T14:40:25.124751,"Suresh Street, Belagavi"
4801,2025-08-22T13:40:25.124967,2025-08-22T14:40:25.124967,"Jayaraman Circle, Ballari"
4802,2024-09-30T14:40:25.125234,2024-10-03T14:40:25.125234,"D’Alia Chowk, Dharwad"
4803,2026-01-14T20:40:25.125575,2026-01-17T14:40:25.125575,"Sangha Nagar, Belagavi"
4804,2025-05-04T01:40:25.126087,2025-05-06T14:40:25.126087,"Dubey Road, Belagavi"
4805,2026-04-13T18:40:25.126381,2026-04-15T14:40:25.126381,"Borde Road, Belagavi"
4806,2025-08-27T03:40:25.126579,2025-08-27T14:40:25.126579,"Dhillon Path, Belagavi"
4807,2025-12-07T00:40:25.126850,2025-12-08T14:40:25.126850,"Srinivas Chowk, Bidar"
4808,2024-10-24T23:40:25.127295,2024-10-25T14:40:25.127295,"Shenoy Nagar, Ballari"
4809,2024-11-17T12:40:25.127485,2024-11-17T14:40:25.127485,"Toor Marg, Belagavi"
4810,2026-03-25T06:40:25.127998,2026-03-25T14:40:25.127998,"Palla Marg, Chitradurga"
4811,2025-12-05T00:40:25.128378,2025-12-06T14:40:25.128378,"Sane, Kalaburagi"
4812,2026-03-22T22:40:25.128606,2026-03-25T14:40:25.128606,"Gandhi Circle, Udupi"
4813,2025-02-04T06:40:25.128933,2025-02-05T14:40:25.128933,"Deo, Belagavi"
4814,2026-06-22T08:40:25.129300,2026-06-22T14:40:25.129300,"Shroff Chowk, Belagavi"
4815,2025-04-01T13:40:25.129793,2025-04-03T14:40:25.129793,"Natt, Belagavi"
4816,2025-04-22T09:40:25.130099,2025-04-23T14:40:25.130099,"Bhatti Marg, Kalaburagi"
4817,2025-04-04T16:40:25.130480,2025-04-05T14:40:25.130480,"Chakrabarti Nagar, Belagavi"
4818,2025-01-25T03:40:25.131074,2025-01-27T14:40:25.131074,"Narasimhan Path, Mandya"
4819,2024-08-22T07:40:25.131397,2024-08-23T14:40:25.131397,"Vaidya Chowk, Belagavi"
4820,2025-12-22T03:40:25.132016,2025-12-23T14:40:25.132016,"Amble Road, Bengaluru Urban"
4821,2024-12-30T12:40:25.132235,2024-12-31T14:40:25.132235,"Taneja Path, Mysuru"
4822,2024-07-13T11:40:25.132532,2024-07-14T14:40:25.132532,"Bawa Zila, Belagavi"
4823,2025-08-28T16:40:25.133119,2025-08-29T14:40:25.133119,"Lad Zila, Udupi"
4824,2026-06-29T08:40:25.133623,2026-06-30T14:40:25.133623,"Parmer Nagar, Davanagere"
4825,2025-01-05T08:40:25.133922,2025-01-05T14:40:25.133922,"Kalla Path, Bagalkote"
4826,2026-02-11T03:40:25.134217,2026-02-11T14:40:25.134217,"Thakur, Kalaburagi"
4827,2026-03-02T09:40:25.134636,2026-03-03T14:40:25.134636,"Wali Zila, Kodagu"
4828,2025-01-16T15:40:25.135060,2025-01-19T14:40:25.135060,"Sheth Path, Dakshina Kannada"
4829,2026-04-22T08:40:25.135321,2026-04-23T14:40:25.135321,"Pau Nagar, Belagavi"
4830,2025-07-08T18:40:25.136050,2025-07-10T14:40:25.136050,"Nagarajan Circle, Koppal"
4831,2026-02-18T05:40:25.136251,2026-02-18T14:40:25.136251,"Lad Path, Davanagere"
4832,2024-10-04T04:40:25.136666,2024-10-05T14:40:25.136666,"Brar, Belagavi"
4833,2026-03-06T17:40:25.137082,2026-03-08T14:40:25.137082,"Naidu Street, Haveri"
4834,2025-10-21T09:40:25.137689,2025-10-21T14:40:25.137689,"Bahl Chowk, Kalaburagi"
4835,2026-01-17T20:40:25.137982,2026-01-18T14:40:25.137982,"Koshy Ganj, Belagavi"
4836,2025-07-11T19:40:25.138259,2025-07-12T14:40:25.138259,"Dugal Marg, Chamarajanagara"
4837,2025-06-12T01:40:25.138651,2025-06-12T14:40:25.138651,"Balan Road, Shivamogga"
4838,2024-07-25T03:40:25.138834,2024-07-26T14:40:25.138834,"Basu Path, Davanagere"
4839,2026-04-03T10:40:25.139211,2026-04-03T14:40:25.139211,"Natt Chowk, Belagavi"
4840,2026-01-04T09:40:25.139533,2026-01-06T14:40:25.139533,"Grewal Marg, Mysuru"
4841,2024-11-26T21:40:25.139997,2024-11-27T14:40:25.139997,"Sekhon Path, Tumakuru"
4842,2024-12-15T12:40:25.140485,2024-12-16T14:40:25.140485,"Bassi Path, Vijayapura"
4843,2025-12-19T08:40:25.141032,2025-12-19T14:40:25.141032,"Nazareth Road, Chamarajanagara"
4844,2025-06-07T03:40:25.141492,2025-06-07T14:40:25.141492,"Aurora, Gadag"
4845,2025-01-10T01:40:25.142012,2025-01-10T14:40:25.142012,"Sane Marg, Haveri"
4846,2025-09-23T09:40:25.142507,2025-09-23T14:40:25.142507,"Baral Circle, Chikkamagaluru"
4847,2024-12-17T21:40:25.142969,2024-12-19T14:40:25.142969,"Pant Road, Belagavi"
4848,2024-12-25T05:40:25.143411,2024-12-27T14:40:25.143411,"Nagar Street, Belagavi"
4849,2026-03-01T00:40:25.143762,2026-03-03T14:40:25.143762,"Kala Chowk, Belagavi"
4850,2026-06-24T07:40:25.144008,2026-06-25T14:40:25.144008,"Deep Ganj, Chikkamagaluru"
4851,2025-03-23T03:40:25.144221,2025-03-25T14:40:25.144221,"Aurora Ganj, Tumakuru"
4852,2026-01-01T01:40:25.144500,2026-01-03T14:40:25.144500,"Choudhary Path, Belagavi"
4853,2025-12-07T09:40:25.144727,2025-12-08T14:40:25.144727,"Kaul Ganj, Yadgir"
4854,2026-04-15T00:40:25.145063,2026-04-17T14:40:25.145063,"Sachar Chowk, Bengaluru Rural"
4855,2024-11-04T05:40:25.145326,2024-11-05T14:40:25.145326,"Char Nagar, Vijayapura"
4856,2024-07-24T04:40:25.145504,2024-07-24T14:40:25.145504,"Viswanathan Ganj, Bengaluru Rural"
4857,2025-06-29T08:40:25.146044,2025-06-29T14:40:25.146044,"Bora, Tumakuru"
4858,2024-11-19T06:40:25.146382,2024-11-21T14:40:25.146382,"D’Alia Chowk, Bengaluru Urban"
4859,2025-12-29T23:40:25.146951,2025-12-30T14:40:25.146951,"Mangal Chowk, Mysuru"
4860,2026-02-15T09:40:25.147406,2026-02-16T14:40:25.147406,"Golla Zila, Belagavi"
4861,2025-07-21T01:40:25.147768,2025-07-23T14:40:25.147768,"Ramakrishnan Street, Kolar"
4862,2025-03-24T19:40:25.148388,2025-03-27T14:40:25.148388,"Krishnamurthy Marg, Ballari"
4863,2025-12-21T20:40:25.148649,2025-12-23T14:40:25.148649,"Chaudhary Path, Belagavi"
4864,2026-01-09T02:40:25.148857,2026-01-11T14:40:25.148857,"Bandi Nagar, Chikkaballapura"
4865,2024-12-03T14:40:25.149275,2024-12-05T14:40:25.149275,"Chahal Zila, Belagavi"
4866,2025-03-05T13:40:25.149619,2025-03-06T14:40:25.149619,"Subramanian, Belagavi"
4867,2025-06-11T23:40:25.149957,2025-06-14T14:40:25.149957,"Morar Path, Mysuru"
4868,2026-03-07T18:40:25.150216,2026-03-08T14:40:25.150216,"Srinivas Street, Belagavi"
4869,2026-02-25T16:40:25.150599,2026-02-27T14:40:25.150599,"Dyal Road, Belagavi"
4870,2025-05-27T21:40:25.151044,2025-05-29T14:40:25.151044,"Bahri Road, Yadgir"
4871,2025-12-07T16:40:25.151526,2025-12-09T14:40:25.151526,"Subramanian Ganj, Hassan"
4872,2024-09-04T06:40:25.151786,2024-09-05T14:40:25.151786,"Mutti Street, Chikkamagaluru"
4873,2024-11-29T14:40:25.152393,2024-12-02T14:40:25.152393,"Mangat Circle, Yadgir"
4874,2025-07-22T09:40:25.152938,2025-07-24T14:40:25.152938,"Master Circle, Koppal"
4875,2024-09-23T21:40:25.153342,2024-09-26T14:40:25.153342,"Madan Path, Belagavi"
4876,2026-02-05T10:40:25.153526,2026-02-06T14:40:25.153526,"Dora Zila, Vijayanagara"
4877,2025-10-16T11:40:25.154098,2025-10-17T14:40:25.154098,"Goswami Circle, Bengaluru Urban"
4878,2025-05-01T00:40:25.154687,2025-05-03T14:40:25.154687,"Kadakia Zila, Chitradurga"
4879,2024-07-09T09:40:25.155150,2024-07-11T14:40:25.155150,"Sibal Circle, Mandya"
4880,2025-03-28T20:40:25.155351,2025-03-29T14:40:25.155351,"Prashad Zila, Vijayapura"
4881,2024-11-10T20:40:25.155820,2024-11-13T14:40:25.155820,"Singh Street, Ballari"
4882,2025-04-28T11:40:25.156286,2025-04-30T14:40:25.156286,"Kala Ganj, Davanagere"
4883,2026-06-18T20:40:25.156688,2026-06-21T14:40:25.156688,"Hari Zila, Udupi"
4884,2025-12-16T13:40:25.156881,2025-12-16T14:40:25.156881,"Lad Circle, Tumakuru"
4885,2025-10-13T03:40:25.157198,2025-10-15T14:40:25.157198,"Tripathi Ganj, Hassan"
4886,2026-06-03T09:40:25.157815,2026-06-04T14:40:25.157815,"Puri Road, Raichur"
4887,2025-07-23T05:40:25.158115,2025-07-23T14:40:25.158115,"Contractor Street, Tumakuru"
4888,2026-01-18T09:40:25.158246,2026-01-18T14:40:25.158246,"Bedi Circle, Belagavi"
4889,2025-04-23T08:40:25.158481,2025-04-24T14:40:25.158481,"Devan Zila, Yadgir"
4890,2025-11-05T21:40:25.159007,2025-11-08T14:40:25.159007,"Hegde Ganj, Bengaluru Urban"
4891,2025-12-07T18:40:25.159282,2025-12-08T14:40:25.159282,"Kalita Road, Tumakuru"
4892,2026-06-04T20:40:25.159598,2026-06-06T14:40:25.159598,"Ganesan, Belagavi"
4893,2026-06-25T15:40:25.160058,2026-06-26T14:40:25.160058,"Narayan Ganj, Kalaburagi"
4894,2026-02-27T20:40:25.160342,2026-03-01T14:40:25.160342,"Madan Marg, Belagavi"
4895,2024-07-21T22:40:25.160425,2024-07-22T14:40:25.160425,"Walia Road, Chikkaballapura"
4896,2026-01-26T17:40:25.160754,2026-01-28T14:40:25.160754,"Savant, Mysuru"
4897,2026-02-27T02:40:25.161078,2026-03-01T14:40:25.161078,"Datta Road, Ballari"
4898,2025-04-04T19:40:25.161362,2025-04-05T14:40:25.161362,"Grover Path, Bidar"
4899,2024-09-02T00:40:25.161739,2024-09-02T14:40:25.161739,"Kashyap Marg, Bagalkote"
4900,2026-05-09T05:40:25.161923,2026-05-09T14:40:25.161923,"Viswanathan Road, Belagavi"
4901,2024-10-21T16:40:25.162142,2024-10-22T14:40:25.162142,"Ghosh Zila, Vijayanagara"
4902,2026-05-21T20:40:25.162534,2026-05-24T14:40:25.162534,"Panchal Path, Yadgir"
4903,2025-10-04T18:40:25.162901,2025-10-06T14:40:25.162901,"Sur Zila, Dharwad"
4904,2025-08-25T00:40:25.163194,2025-08-25T14:40:25.163194,"Chowdhury Circle, Ramanagara"
4905,2025-08-08T00:40:25.163691,2025-08-08T14:40:25.163691,"Kadakia Road, Belagavi"
4906,2024-07-14T02:40:25.164032,2024-07-15T14:40:25.164032,"Mital Nagar, Belagavi"
4907,2026-03-11T19:40:25.164522,2026-03-12T14:40:25.164522,"Buch Path, Bengaluru Urban"
4908,2026-05-14T00:40:25.164976,2026-05-15T14:40:25.164976,"Rege Zila, Kalaburagi"
4909,2026-06-02T13:40:25.165338,2026-06-02T14:40:25.165338,"Ravi Path, Belagavi"
4910,2024-10-10T10:40:25.165755,2024-10-12T14:40:25.165755,"Palla Zila, Bagalkote"
4911,2024-09-04T19:40:25.166142,2024-09-06T14:40:25.166142,"Chaudhry Road, Belagavi"
4912,2025-07-23T14:40:25.166603,2025-07-24T14:40:25.166603,"Nadig Ganj, Yadgir"
4913,2025-09-10T17:40:25.167031,2025-09-12T14:40:25.167031,"Karan, Belagavi"
4914,2025-07-14T13:40:25.167644,2025-07-14T14:40:25.167644,"Ahuja Zila, Tumakuru"
4915,2024-07-30T13:40:25.168151,2024-07-30T14:40:25.168151,"Bahri Circle, Tumakuru"
4916,2026-04-27T05:40:25.168527,2026-04-28T14:40:25.168527,"Kulkarni Street, Belagavi"
4917,2024-09-22T02:40:25.169052,2024-09-22T14:40:25.169052,"Krishnan Ganj, Shivamogga"
4918,2024-09-01T03:40:25.169233,2024-09-02T14:40:25.169233,"Desai, Belagavi"
4919,2025-02-07T10:40:25.169422,2025-02-09T14:40:25.169422,"Chawla Chowk, Shivamogga"
4920,2026-01-05T00:40:25.169760,2026-01-05T14:40:25.169760,"Soman Circle, Belagavi"
4921,2026-02-24T01:40:25.170174,2026-02-26T14:40:25.170174,"Sami Chowk, Belagavi"
4922,2026-03-20T07:40:25.170575,2026-03-21T14:40:25.170575,"Nair Marg, Belagavi"
4923,2026-05-18T22:40:25.170923,2026-05-19T14:40:25.170923,"Gopal Ganj, Belagavi"
4924,2026-06-13T08:40:25.171206,2026-06-13T14:40:25.171206,"Rajagopal Path, Haveri"
4925,2025-02-28T22:40:25.171727,2025-03-02T14:40:25.171727,"Sheth Path, Yadgir"
4926,2026-05-21T21:40:25.172043,2026-05-23T14:40:25.172043,"Date Road, Ballari"
4927,2025-02-26T10:40:25.172458,2025-02-28T14:40:25.172458,"Ben Nagar, Chikkaballapura"
4928,2026-02-05T14:40:25.173110,2026-02-07T14:40:25.173110,"Ray Marg, Kolar"
4929,2025-09-10T04:40:25.173600,2025-09-11T14:40:25.173600,"Rau Street, Belagavi"
4930,2025-04-27T10:40:25.174013,2025-04-28T14:40:25.174013,"Sharaf Road, Bidar"
4931,2026-05-13T19:40:25.174347,2026-05-14T14:40:25.174347,"Vasa Street, Shivamogga"
4932,2025-07-08T11:40:25.174850,2025-07-09T14:40:25.174850,"Dutt Ganj, Mysuru"
4933,2026-03-09T23:40:25.175136,2026-03-12T14:40:25.175136,"Wali Marg, Mysuru"
4934,2026-05-03T21:40:25.175412,2026-05-04T14:40:25.175412,"Varughese Zila, Belagavi"
4935,2026-06-08T10:40:25.175827,2026-06-08T14:40:25.175827,"Mannan, Belagavi"
4936,2026-03-02T18:40:25.176187,2026-03-04T14:40:25.176187,"Bava, Mysuru"
4937,2024-11-22T18:40:25.176356,2024-11-25T14:40:25.176356,"Apte Road, Belagavi"
4938,2025-05-17T19:40:25.176785,2025-05-19T14:40:25.176785,"Prabhu Marg, Kalaburagi"
4939,2025-07-26T04:40:25.177071,2025-07-28T14:40:25.177071,"Dewan, Bidar"
4940,2025-02-03T18:40:25.177241,2025-02-06T14:40:25.177241,"Chakrabarti Marg, Belagavi"
4941,2026-05-08T09:40:25.177495,2026-05-10T14:40:25.177495,"Patel Path, Bengaluru Urban"
4942,2025-02-14T15:40:25.177752,2025-02-15T14:40:25.177752,"Aggarwal Nagar, Bengaluru Rural"
4943,2025-03-04T14:40:25.178057,2025-03-06T14:40:25.178057,"Chadha Chowk, Vijayapura"
4944,2026-01-16T03:40:25.178428,2026-01-18T14:40:25.178428,"Nagar Road, Belagavi"
4945,2025-03-01T14:40:25.178637,2025-03-04T14:40:25.178637,"Soman Marg, Mandya"
4946,2025-12-26T21:40:25.179256,2025-12-29T14:40:25.179256,"Yogi Road, Raichur"
4947,2024-12-02T06:40:25.179434,2024-12-04T14:40:25.179434,"Gupta Chowk, Belagavi"
4948,2025-06-14T20:40:25.179769,2025-06-17T14:40:25.179769,"Om Ganj, Belagavi"
4949,2025-03-01T18:40:25.180049,2025-03-03T14:40:25.180049,"Magar Ganj, Belagavi"
4950,2025-10-02T18:40:25.180261,2025-10-05T14:40:25.180261,"Lall Marg, Kolar"
4951,2025-06-28T06:40:25.180329,2025-06-29T14:40:25.180329,"Shan Chowk, Yadgir"
4952,2024-07-13T06:40:25.180797,2024-07-14T14:40:25.180797,"Bandi Nagar, Mysuru"
4953,2025-07-10T22:40:25.181105,2025-07-11T14:40:25.181105,"Gokhale Street, Dharwad"
4954,2024-09-18T19:40:25.181364,2024-09-20T14:40:25.181364,"Bhatti, Belagavi"
4955,2026-02-11T18:40:25.181829,2026-02-14T14:40:25.181829,"Ganguly Nagar, Udupi"
4956,2026-03-13T01:40:25.182032,2026-03-15T14:40:25.182032,"Dada Nagar, Ramanagara"
4957,2024-12-26T13:40:25.182432,2024-12-27T14:40:25.182432,"Iyer Zila, Chikkamagaluru"
4958,2026-05-07T09:40:25.182963,2026-05-07T14:40:25.182963,"Gulati Marg, Chitradurga"
4959,2025-06-29T19:40:25.183174,2025-07-02T14:40:25.183174,"Nair Zila, Mysuru"
4960,2025-08-27T04:40:25.183371,2025-08-27T14:40:25.183371,"Gaba Nagar, Bengaluru Urban"
4961,2025-01-27T16:40:25.183812,2025-01-29T14:40:25.183812,"Menon Chowk, Belagavi"
4962,2024-11-18T17:40:25.184261,2024-11-19T14:40:25.184261,"Morar Road, Chitradurga"
4963,2026-06-11T11:40:25.184466,2026-06-13T14:40:25.184466,"Srinivas Street, Yadgir"
4964,2025-07-31T05:40:25.184716,2025-08-02T14:40:25.184716,"Narain Marg, Belagavi"
4965,2024-12-19T00:40:25.185012,2024-12-20T14:40:25.185012,"Tripathi, Kodagu"
4966,2025-04-30T22:40:25.185532,2025-05-01T14:40:25.185532,"Tank Nagar, Koppal"
4967,2026-03-17T13:40:25.186017,2026-03-18T14:40:25.186017,"Murty Nagar, Bengaluru Urban"
4968,2026-04-10T01:40:25.186227,2026-04-10T14:40:25.186227,"Bahl Path, Belagavi"
4969,2024-08-17T11:40:25.186494,2024-08-17T14:40:25.186494,"Tara Road, Belagavi"
4970,2026-05-26T00:40:25.186736,2026-05-28T14:40:25.186736,"More Road, Kolar"
4971,2026-03-17T01:40:25.186938,2026-03-17T14:40:25.186938,"Srinivasan Street, Dakshina Kannada"
4972,2026-07-08T01:40:25.187409,2026-07-10T14:40:25.187409,"Chawla Path, Bengaluru Urban"
4973,2026-04-09T18:40:25.187975,2026-04-10T14:40:25.187975,"Kar Zila, Belagavi"
4974,2026-06-30T23:40:25.188301,2026-07-03T14:40:25.188301,"Mittal Nagar, Shivamogga"
4975,2025-07-02T21:40:25.188514,2025-07-05T14:40:25.188514,"Chaudhuri Path, Ramanagara"
4976,2024-09-17T11:40:25.188876,2024-09-19T14:40:25.188876,"Sahni Chowk, Bagalkote"
4977,2026-06-21T04:40:25.189069,2026-06-21T14:40:25.189069,"Dixit Street, Dharwad"
4978,2024-10-06T02:40:25.189445,2024-10-07T14:40:25.189445,"Sarin, Raichur"
4979,2026-07-08T02:40:25.189807,2026-07-08T14:40:25.189807,"Savant Path, Haveri"
4980,2026-02-08T08:40:25.189998,2026-02-09T14:40:25.189998,"Gala Marg, Bengaluru Urban"
4981,2025-07-20T16:40:25.190295,2025-07-22T14:40:25.190295,"Krish Path, Chamarajanagara"
4982,2025-02-06T15:40:25.190493,2025-02-09T14:40:25.190493,"Bora Chowk, Gadag"
4983,2025-08-31T17:40:25.190843,2025-09-02T14:40:25.190843,"Chad Road, Koppal"
4984,2026-05-18T06:40:25.191260,2026-05-19T14:40:25.191260,"Sharma Road, Hassan"
4985,2026-06-29T20:40:25.191596,2026-07-01T14:40:25.191596,"Rout Zila, Belagavi"
4986,2024-11-29T23:40:25.192067,2024-11-30T14:40:25.192067,"Goda Chowk, Belagavi"
4987,2025-07-04T04:40:25.192423,2025-07-06T14:40:25.192423,"Sachdev Street, Udupi"
4988,2025-07-05T20:40:25.192931,2025-07-08T14:40:25.192931,"Chauhan Path, Bengaluru Urban"
4989,2024-10-15T06:40:25.193216,2024-10-15T14:40:25.193216,"Oza Ganj, Chamarajanagara"
4990,2025-06-12T07:40:25.193337,2025-06-14T14:40:25.193337,"Sankaran Chowk, Vijayapura"
4991,2024-12-21T07:40:25.193450,2024-12-21T14:40:25.193450,"Shanker Nagar, Kalaburagi"
4992,2025-11-28T07:40:25.193912,2025-11-28T14:40:25.193912,"Bhakta Circle, Hassan"
4993,2024-12-23T11:40:25.194097,2024-12-25T14:40:25.194097,"Sahni Street, Chikkaballapura"
4994,2026-05-18T17:40:25.194398,2026-05-21T14:40:25.194398,"Dora Marg, Belagavi"
4995,2025-01-28T18:40:25.194940,2025-01-30T14:40:25.194940,"Gulati Path, Mysuru"
4996,2026-04-29T04:40:25.195131,2026-04-30T14:40:25.195131,"Raman Zila, Belagavi"
4997,2025-10-04T00:40:25.195291,2025-10-04T14:40:25.195291,"Cherian Road, Ramanagara"
4998,2025-12-24T12:40:25.195617,2025-12-25T14:40:25.195617,"Mannan Path, Tumakuru"
4999,2026-02-11T20:40:25.195882,2026-02-14T14:40:25.195882,"Uppal Road, Belagavi"
5000,2026-05-06T06:40:25.196178,2026-05-08T14:40:25.196178,"Sood Zila, Bengaluru Rural"
5001,2024-10-23T17:40:25.196443,2024-10-26T14:40:25.196443,"Dutta Chowk, Ramanagara"
5002,2026-03-09T11:40:25.196650,2026-03-09T14:40:25.196650,"Golla Circle, Davanagere"
5003,2026-05-15T18:40:25.196878,2026-05-16T14:40:25.196878,"Chaudry Nagar, Kalaburagi"
5004,2025-03-26T23:40:25.197244,2025-03-27T14:40:25.197244,"Goda Chowk, Raichur"
5005,2026-06-18T05:40:25.197602,2026-06-20T14:40:25.197602,"Garg Nagar, Chikkaballapura"
5006,2025-04-14T07:40:25.197941,2025-04-16T14:40:25.197941,"Swaminathan Path, Chikkamagaluru"
5007,2025-11-30T11:40:25.198231,2025-12-01T14:40:25.198231,"Bansal Ganj, Kolar"
5008,2026-04-01T16:40:25.198409,2026-04-04T14:40:25.198409,"Ghose Chowk, Belagavi"
5009,2025-03-25T09:40:25.198595,2025-03-27T14:40:25.198595,"Roy Ganj, Mandya"
5010,2024-07-22T04:40:25.198998,2024-07-23T14:40:25.198998,"Ramakrishnan Road, Kodagu"
5011,2025-03-08T15:40:25.199182,2025-03-11T14:40:25.199182,"Sani Zila, Mysuru"
5012,2026-01-16T10:40:25.199672,2026-01-16T14:40:25.199672,"Mitter Marg, Koppal"
5013,2025-12-09T13:40:25.199936,2025-12-10T14:40:25.199936,"Nadkarni Nagar, Ramanagara"
5014,2024-08-19T16:40:25.200375,2024-08-20T14:40:25.200375,"Basak Circle, Hassan"
5015,2024-07-23T20:40:25.200724,2024-07-24T14:40:25.200724,"Wali Ganj, Bengaluru Urban"
5016,2026-04-24T03:40:25.201062,2026-04-26T14:40:25.201062,"Bhavsar Nagar, Belagavi"
5017,2024-12-08T19:40:25.201717,2024-12-10T14:40:25.201717,"Bandi Nagar, Yadgir"
5018,2026-06-29T21:40:25.202106,2026-07-02T14:40:25.202106,"Ganesh Marg, Belagavi"
5019,2026-02-10T11:40:25.202258,2026-02-11T14:40:25.202258,"Ramaswamy Zila, Bengaluru Urban"
5020,2026-01-29T23:40:25.202656,2026-02-01T14:40:25.202656,"Krishnan Zila, Belagavi"
5021,2024-12-07T10:40:25.203045,2024-12-09T14:40:25.203045,"Rajagopalan Chowk, Tumakuru"
5022,2025-02-19T19:40:25.203220,2025-02-20T14:40:25.203220,"Borra Marg, Hassan"
5023,2025-11-05T01:40:25.203914,2025-11-05T14:40:25.203914,"Oak Road, Ramanagara"
5024,2025-05-18T23:40:25.204237,2025-05-19T14:40:25.204237,"Patel Zila, Belagavi"
5025,2026-04-29T22:40:25.204491,2026-05-02T14:40:25.204491,"Dhillon, Tumakuru"
5026,2025-08-24T15:40:25.204840,2025-08-26T14:40:25.204840,"Chanda Zila, Kalaburagi"
5027,2026-04-14T08:40:25.205031,2026-04-15T14:40:25.205031,"Chandran Street, Hassan"
5028,2025-05-12T19:40:25.205306,2025-05-14T14:40:25.205306,"Mandal Path, Udupi"
5029,2025-03-13T04:40:25.205605,2025-03-15T14:40:25.205605,"Majumdar Street, Bidar"
5030,2025-11-11T05:40:25.205820,2025-11-12T14:40:25.205820,"Madan Nagar, Belagavi"
5031,2026-06-11T01:40:25.206079,2026-06-13T14:40:25.206079,"Kalla Chowk, Ballari"
5032,2024-11-04T13:40:25.206681,2024-11-05T14:40:25.206681,"Hayre Marg, Kolar"
5033,2025-12-15T08:40:25.206962,2025-12-15T14:40:25.206962,"Randhawa Nagar, Mandya"
5034,2025-03-26T15:40:25.207204,2025-03-27T14:40:25.207204,"Ram Ganj, Bengaluru Urban"
5035,2026-03-01T10:40:25.207477,2026-03-03T14:40:25.207477,"Mutti Circle, Haveri"
5036,2026-05-31T12:40:25.208104,2026-05-31T14:40:25.208104,"Ahluwalia, Mysuru"
5037,2026-01-22T18:40:25.208284,2026-01-24T14:40:25.208284,"Cherian Road, Belagavi"
5038,2026-05-11T11:40:25.208704,2026-05-12T14:40:25.208704,"Ray Marg, Chamarajanagara"
5039,2025-01-22T14:40:25.209083,2025-01-23T14:40:25.209083,"Dugal Circle, Chitradurga"
5040,2026-02-09T22:40:25.209347,2026-02-11T14:40:25.209347,"Dewan Street, Ballari"
5041,2026-06-11T22:40:25.209840,2026-06-13T14:40:25.209840,"Sahota Zila, Belagavi"
5042,2025-04-04T18:40:25.210169,2025-04-06T14:40:25.210169,"Nayar Ganj, Chikkamagaluru"
5043,2024-08-26T06:40:25.210530,2024-08-27T14:40:25.210530,"Raval Circle, Chikkaballapura"
5044,2025-02-08T22:40:25.211082,2025-02-09T14:40:25.211082,"Dhar Marg, Bidar"
5045,2026-04-30T03:40:25.211512,2026-04-30T14:40:25.211512,"Divan Circle, Bagalkote"
5046,2024-08-16T02:40:25.211753,2024-08-18T14:40:25.211753,"Sarna Zila, Belagavi"
5047,2024-12-07T08:40:25.212195,2024-12-07T14:40:25.212195,"Basak Nagar, Dharwad"
5048,2025-09-29T18:40:25.212371,2025-09-30T14:40:25.212371,"Bahl Street, Chikkaballapura"
5049,2026-03-22T06:40:25.212669,2026-03-22T14:40:25.212669,"Pandya Street, Belagavi"
5050,2026-03-30T20:40:25.212906,2026-04-02T14:40:25.212906,"Kibe Chowk, Belagavi"
5051,2025-02-25T07:40:25.213268,2025-02-26T14:40:25.213268,"Vig Nagar, Vijayanagara"
5052,2026-03-03T18:40:25.213476,2026-03-04T14:40:25.213476,"Ahuja Marg, Belagavi"
5053,2024-09-29T10:40:25.213973,2024-09-29T14:40:25.213973,"Bassi Circle, Belagavi"
5054,2026-05-03T04:40:25.214440,2026-05-03T14:40:25.214440,"Garde Marg, Belagavi"
5055,2025-04-26T22:40:25.215012,2025-04-29T14:40:25.215012,"Bhandari Ganj, Davanagere"
5056,2025-11-21T16:40:25.215369,2025-11-23T14:40:25.215369,"Lall Path, Vijayapura"
5057,2025-09-20T05:40:25.215931,2025-09-21T14:40:25.215931,"Shukla, Belagavi"
5058,2026-05-09T19:40:25.216408,2026-05-11T14:40:25.216408,"Patla Road, Belagavi"
5059,2024-12-25T17:40:25.216765,2024-12-28T14:40:25.216765,"Tara Nagar, Chitradurga"
5060,2026-03-17T05:40:25.217179,2026-03-17T14:40:25.217179,"Kothari, Hassan"
5061,2024-09-11T23:40:25.217586,2024-09-12T14:40:25.217586,"Bassi Marg, Mandya"
5062,2025-06-14T16:40:25.218143,2025-06-16T14:40:25.218143,"Barad Circle, Kodagu"
5063,2025-04-21T01:40:25.218333,2025-04-23T14:40:25.218333,"Wason Marg, Belagavi"
5064,2025-05-10T08:40:25.218684,2025-05-10T14:40:25.218684,"Kapoor Marg, Koppal"
5065,2026-03-14T19:40:25.218893,2026-03-15T14:40:25.218893,"Memon, Belagavi"
5066,2025-02-27T03:40:25.219260,2025-03-01T14:40:25.219260,"Kalita Path, Bengaluru Rural"
5067,2024-10-15T00:40:25.219464,2024-10-15T14:40:25.219464,"Baral Chowk, Mysuru"
5068,2025-08-22T00:40:25.219931,2025-08-22T14:40:25.219931,"Luthra Circle, Mysuru"
5069,2025-05-04T08:40:25.220406,2025-05-04T14:40:25.220406,"Merchant Zila, Yadgir"
5070,2025-07-08T01:40:25.220754,2025-07-08T14:40:25.220754,"Chana, Koppal"
5071,2026-04-29T15:40:25.221127,2026-05-01T14:40:25.221127,"Sane Zila, Mysuru"
5072,2026-02-25T22:40:25.221414,2026-02-27T14:40:25.221414,"Mital, Mysuru"
5073,2025-11-07T03:40:25.221745,2025-11-07T14:40:25.221745,"D’Alia Street, Chamarajanagara"
5074,2024-10-18T11:40:25.222158,2024-10-18T14:40:25.222158,"Tella Circle, Davanagere"
5075,2024-12-03T09:40:25.233459,2024-12-04T14:40:25.233459,"Sunder Road, Ramanagara"
5076,2026-06-20T08:40:25.233939,2026-06-22T14:40:25.233939,"Dara, Belagavi"
5077,2024-08-18T07:40:25.234507,2024-08-19T14:40:25.234507,"Shroff Nagar, Belagavi"
5078,2024-09-04T19:40:25.234985,2024-09-05T14:40:25.234985,"Kalita Marg, Bidar"
5079,2024-09-23T22:40:25.235371,2024-09-26T14:40:25.235371,"Pradhan Road, Belagavi"
5080,2026-01-17T23:40:25.235681,2026-01-18T14:40:25.235681,"Munshi Road, Davanagere"
5081,2025-09-21T17:40:25.236249,2025-09-24T14:40:25.236249,"Nair Chowk, Ballari"
5082,2026-05-27T15:40:25.236488,2026-05-28T14:40:25.236488,"Khatri Circle, Vijayapura"
5083,2024-12-17T04:40:25.236800,2024-12-17T14:40:25.236800,"Bobal Circle, Belagavi"
5084,2024-07-23T09:40:25.237311,2024-07-24T14:40:25.237311,"Comar Street, Chikkamagaluru"
5085,2025-10-27T11:40:25.237737,2025-10-28T14:40:25.237737,"Mahajan Circle, Belagavi"
5086,2025-02-26T12:40:25.238111,2025-02-27T14:40:25.238111,"Dyal Chowk, Kodagu"
5087,2024-07-20T21:40:25.238297,2024-07-22T14:40:25.238297,"Lanka Chowk, Ramanagara"
5088,2025-07-16T21:40:25.238802,2025-07-17T14:40:25.238802,"Hayre Nagar, Mysuru"
5089,2025-03-24T17:40:25.239185,2025-03-25T14:40:25.239185,"Chadha Road, Kolar"
5090,2024-11-01T23:40:25.239607,2024-11-02T14:40:25.239607,"Garde, Davanagere"
5091,2025-11-06T23:40:25.240003,2025-11-07T14:40:25.240003,"Sibal Street, Belagavi"
5092,2025-07-21T16:40:25.240214,2025-07-24T14:40:25.240214,"Datta Road, Belagavi"
5093,2025-01-18T13:40:25.240414,2025-01-19T14:40:25.240414,"Koshy Ganj, Mandya"
5094,2024-12-02T10:40:25.240825,2024-12-02T14:40:25.240825,"Chaudhuri Zila, Chikkamagaluru"
5095,2025-09-19T06:40:25.241087,2025-09-21T14:40:25.241087,"Oommen Path, Mandya"
5096,2024-08-04T00:40:25.241274,2024-08-04T14:40:25.241274,"Malhotra Path, Belagavi"
5097,2025-12-01T06:40:25.241534,2025-12-01T14:40:25.241534,"Sampath Road, Bengaluru Urban"
5098,2026-04-20T15:40:25.242011,2026-04-22T14:40:25.242011,"Srinivasan, Belagavi"
5099,2025-11-12T04:40:25.242153,2025-11-12T14:40:25.242153,"Samra Chowk, Belagavi"
5100,2024-09-01T19:40:25.244968,2024-09-03T14:40:25.244968,"Patla Ganj, Udupi"
5101,2025-11-30T22:40:25.245308,2025-12-02T14:40:25.245308,"Wason Marg, Mysuru"
5102,2026-03-31T18:40:25.245859,2026-04-01T14:40:25.245859,"Chanda Circle, Belagavi"
5103,2024-11-30T11:40:25.246263,2024-12-01T14:40:25.246263,"Bhattacharyya Zila, Ballari"
5104,2026-03-21T16:40:25.246460,2026-03-24T14:40:25.246460,"Divan Zila, Belagavi"
5105,2025-04-18T01:40:25.246988,2025-04-18T14:40:25.246988,"Cherian Path, Dharwad"
5106,2024-08-28T17:40:25.247275,2024-08-29T14:40:25.247275,"Boase Zila, Ramanagara"
5107,2026-04-03T08:40:25.247795,2026-04-03T14:40:25.247795,"Sridhar Zila, Ballari"
5108,2025-08-23T23:40:25.248286,2025-08-24T14:40:25.248286,"Oommen, Bidar"
5109,2025-12-14T14:40:25.248738,2025-12-15T14:40:25.248738,"Iyer, Belagavi"
5110,2025-06-07T01:40:25.248925,2025-06-07T14:40:25.248925,"Khare Nagar, Belagavi"
5111,2025-03-07T03:40:25.249116,2025-03-07T14:40:25.249116,"Tara Street, Ballari"
5112,2024-08-26T00:40:25.249293,2024-08-26T14:40:25.249293,"Bhalla Chowk, Shivamogga"
5113,2025-10-14T14:40:25.249689,2025-10-16T14:40:25.249689,"Choudhury Chowk, Belagavi"
5114,2025-08-18T17:40:25.249864,2025-08-21T14:40:25.249864,"Buch, Davanagere"
5115,2025-08-13T10:40:25.250029,2025-08-14T14:40:25.250029,"Lall Street, Belagavi"
5116,2025-04-13T16:40:25.250386,2025-04-14T14:40:25.250386,"Narayanan Road, Bengaluru Urban"
5117,2026-05-28T06:40:25.250818,2026-05-30T14:40:25.250818,"Bhargava Circle, Belagavi"
5118,2025-05-20T05:40:25.251105,2025-05-22T14:40:25.251105,"Kale Street, Belagavi"
5119,2026-02-07T12:40:25.251479,2026-02-07T14:40:25.251479,"Dugar Chowk, Belagavi"
5120,2025-11-28T17:40:25.252152,2025-12-01T14:40:25.252152,"Ramaswamy Ganj, Belagavi"
5121,2025-02-28T11:40:25.252505,2025-02-28T14:40:25.252505,"Soni Zila, Bengaluru Urban"
5122,2025-03-06T07:40:25.252868,2025-03-07T14:40:25.252868,"Sundaram Circle, Bengaluru Urban"
5123,2026-04-23T19:40:25.253209,2026-04-26T14:40:25.253209,"Chadha Street, Chikkamagaluru"
5124,2025-02-09T16:40:25.253616,2025-02-10T14:40:25.253616,"Singh Circle, Dakshina Kannada"
5125,2026-02-18T15:40:25.253916,2026-02-19T14:40:25.253916,"Gulati Zila, Bengaluru Urban"
5126,2024-12-20T10:40:25.254358,2024-12-21T14:40:25.254358,"Jayaraman Nagar, Chamarajanagara"
5127,2025-08-26T15:40:25.254677,2025-08-28T14:40:25.254677,"Dutt Zila, Belagavi"
5128,2025-01-22T19:40:25.254889,2025-01-25T14:40:25.254889,"Gill Circle, Vijayapura"
5129,2026-02-17T14:40:25.255076,2026-02-18T14:40:25.255076,"Bala, Belagavi"
5130,2025-04-19T23:40:25.255505,2025-04-20T14:40:25.255505,"Kapoor Chowk, Vijayapura"
5131,2025-07-09T03:40:25.255758,2025-07-11T14:40:25.255758,"Pillay Circle, Gadag"
5132,2026-03-08T15:40:25.256009,2026-03-09T14:40:25.256009,"Datta Street, Hassan"
5133,2025-11-08T18:40:25.256391,2025-11-09T14:40:25.256391,"Verma, Gadag"
5134,2025-12-31T15:40:25.256618,2026-01-02T14:40:25.256618,"Boase Path, Mysuru"
5135,2025-05-09T13:40:25.256867,2025-05-10T14:40:25.256867,"Kadakia Road, Bengaluru Urban"
5136,2024-11-29T07:40:25.257129,2024-12-01T14:40:25.257129,"Kalla Nagar, Belagavi"
5137,2025-05-09T22:40:25.257323,2025-05-11T14:40:25.257323,"Sem Street, Raichur"
5138,2025-09-21T16:40:25.257488,2025-09-23T14:40:25.257488,"Sha Nagar, Chamarajanagara"
5139,2025-08-11T03:40:25.257798,2025-08-12T14:40:25.257798,"Das, Mandya"
5140,2026-07-04T06:40:25.258004,2026-07-06T14:40:25.258004,"Kota Ganj, Kolar"
5141,2024-09-11T12:40:25.258172,2024-09-12T14:40:25.258172,"Kapoor, Chitradurga"
5142,2025-06-10T20:40:25.258653,2025-06-11T14:40:25.258653,"Bhakta Zila, Vijayanagara"
5143,2025-09-09T05:40:25.259041,2025-09-09T14:40:25.259041,"Shanker Zila, Kolar"
5144,2026-05-29T09:40:25.259209,2026-05-30T14:40:25.259209,"Sahota Circle, Yadgir"
5145,2025-03-26T18:40:25.259594,2025-03-27T14:40:25.259594,"Varghese Circle, Belagavi"
5146,2024-12-19T23:40:25.259809,2024-12-21T14:40:25.259809,"Ganesh Nagar, Hassan"
5147,2026-03-30T09:40:25.260320,2026-03-31T14:40:25.260320,"Bakshi Marg, Chamarajanagara"
5148,2025-03-19T17:40:25.260771,2025-03-21T14:40:25.260771,"Dua Nagar, Kalaburagi"
5149,2026-05-10T09:40:25.261214,2026-05-10T14:40:25.261214,"Vala, Vijayapura"
5150,2025-02-06T20:40:25.261699,2025-02-09T14:40:25.261699,"Gara Nagar, Raichur"
5151,2025-07-10T06:40:25.261874,2025-07-12T14:40:25.261874,"Kala Path, Belagavi"
5152,2026-07-05T04:40:25.262277,2026-07-06T14:40:25.262277,"Sabharwal Nagar, Chikkamagaluru"
5153,2025-07-25T21:40:25.262779,2025-07-28T14:40:25.262779,"Khanna Chowk, Davanagere"
5154,2025-01-29T12:40:25.263180,2025-01-31T14:40:25.263180,"Gopal Path, Koppal"
5155,2025-08-25T19:40:25.263360,2025-08-26T14:40:25.263360,"Aurora Street, Belagavi"
5156,2025-06-23T14:40:25.263524,2025-06-25T14:40:25.263524,"Jaggi Chowk, Belagavi"
5157,2025-07-30T23:40:25.264098,2025-08-02T14:40:25.264098,"Garg Nagar, Bagalkote"
5158,2024-08-10T13:40:25.264534,2024-08-12T14:40:25.264534,"Balakrishnan Chowk, Hassan"
5159,2026-02-20T20:40:25.264816,2026-02-23T14:40:25.264816,"Arora, Gadag"
5160,2024-11-14T23:40:25.265271,2024-11-16T14:40:25.265271,"Cheema Road, Vijayapura"
5161,2025-06-28T12:40:25.265802,2025-06-30T14:40:25.265802,"Sridhar Nagar, Mysuru"
5162,2026-01-30T00:40:25.266010,2026-01-30T14:40:25.266010,"Karan Circle, Belagavi"
5163,2024-07-22T23:40:25.266275,2024-07-25T14:40:25.266275,"Ramanathan Road, Belagavi"
5164,2025-08-02T06:40:25.266673,2025-08-02T14:40:25.266673,"Baral Zila, Bengaluru Urban"
5165,2026-02-03T20:40:25.267017,2026-02-05T14:40:25.267017,"Apte Ganj, Belagavi"
5166,2024-12-14T18:40:25.267358,2024-12-16T14:40:25.267358,"Tata Path, Bagalkote"
5167,2024-11-05T10:40:25.267572,2024-11-07T14:40:25.267572,"Goel Road, Vijayapura"
5168,2025-01-28T02:40:25.267795,2025-01-28T14:40:25.267795,"Cherian Chowk, Chitradurga"
5169,2026-01-14T12:40:25.268068,2026-01-14T14:40:25.268068,"Mittal Circle, Mysuru"
5170,2025-05-27T00:40:25.268645,2025-05-28T14:40:25.268645,"Issac Chowk, Belagavi"
5171,2025-02-18T06:40:25.269060,2025-02-20T14:40:25.269060,"Bail Chowk, Chitradurga"
5172,2024-08-21T08:40:25.269336,2024-08-23T14:40:25.269336,"Tailor Chowk, Udupi"
5173,2026-03-22T22:40:25.269840,2026-03-24T14:40:25.269840,"Nagy Path, Belagavi"
5174,2025-05-24T22:40:25.270223,2025-05-26T14:40:25.270223,"Bhavsar Street, Belagavi"
5175,2025-01-03T09:40:25.270401,2025-01-04T14:40:25.270401,"Goyal Zila, Belagavi"
5176,2025-09-24T03:40:25.270850,2025-09-24T14:40:25.270850,"Samra Circle, Dakshina Kannada"
5177,2025-11-20T04:40:25.271144,2025-11-21T14:40:25.271144,"Modi Path, Belagavi"
5178,2026-07-06T06:40:25.271427,2026-07-08T14:40:25.271427,"D’Alia Marg, Belagavi"
5179,2024-08-31T11:40:25.271656,2024-09-02T14:40:25.271656,"Shenoy Ganj, Vijayanagara"
5180,2025-05-20T09:40:25.272168,2025-05-22T14:40:25.272168,"Hora Nagar, Vijayapura"
5181,2026-07-01T09:40:25.272707,2026-07-02T14:40:25.272707,"Nori Marg, Kalaburagi"
5182,2024-11-14T08:40:25.273156,2024-11-15T14:40:25.273156,"Kunda Marg, Haveri"
5183,2026-02-07T17:40:25.273701,2026-02-09T14:40:25.273701,"Dutt Circle, Belagavi"
5184,2025-12-01T04:40:25.273979,2025-12-02T14:40:25.273979,"Karpe Circle, Udupi"
5185,2026-05-07T06:40:25.274238,2026-05-09T14:40:25.274238,"Doctor Zila, Yadgir"
5186,2025-01-03T22:40:25.274404,2025-01-06T14:40:25.274404,"Morar Circle, Belagavi"
5187,2025-05-03T06:40:25.274728,2025-05-04T14:40:25.274728,"Comar Street, Chitradurga"
5188,2025-09-13T16:40:25.274970,2025-09-15T14:40:25.274970,"Kota Circle, Chikkaballapura"
5189,2026-03-23T19:40:25.275398,2026-03-26T14:40:25.275398,"Ganguly Street, Shivamogga"
5190,2026-06-09T10:40:25.275973,2026-06-11T14:40:25.275973,"Bhakta Circle, Ramanagara"
5191,2025-10-20T15:40:25.276263,2025-10-22T14:40:25.276263,"Nagarajan Chowk, Mysuru"
5192,2026-06-20T17:40:25.276442,2026-06-23T14:40:25.276442,"Keer Road, Bengaluru Urban"
5193,2025-08-10T06:40:25.277176,2025-08-11T14:40:25.277176,"Parikh, Koppal"
5194,2026-06-19T17:40:25.277430,2026-06-20T14:40:25.277430,"Buch Zila, Tumakuru"
5195,2025-01-24T03:40:25.278099,2025-01-26T14:40:25.278099,"Hans Zila, Bengaluru Urban"
5196,2026-04-28T00:40:25.278674,2026-04-28T14:40:25.278674,"Apte, Belagavi"
5197,2025-09-12T06:40:25.279221,2025-09-12T14:40:25.279221,"Thakkar Marg, Belagavi"
5198,2026-05-14T02:40:25.279333,2026-05-14T14:40:25.279333,"Ravi Street, Belagavi"
5199,2025-06-09T20:40:25.279977,2025-06-11T14:40:25.279977,"Sur Path, Koppal"
5200,2025-02-14T07:40:25.280370,2025-02-15T14:40:25.280370,"Bhalla Marg, Belagavi"
5201,2025-06-21T21:40:25.280820,2025-06-24T14:40:25.280820,"Yadav Road, Haveri"
5202,2026-07-05T05:40:25.281117,2026-07-07T14:40:25.281117,"Sandhu Street, Belagavi"
5203,2026-03-12T01:40:25.281793,2026-03-14T14:40:25.281793,"Loyal Road, Dharwad"
5204,2025-05-22T06:40:25.282155,2025-05-24T14:40:25.282155,"Saxena, Belagavi"
5205,2026-05-24T13:40:25.282858,2026-05-26T14:40:25.282858,"Viswanathan, Bengaluru Urban"
5206,2026-04-14T10:40:25.283361,2026-04-14T14:40:25.283361,"Dalal, Raichur"
5207,2024-08-04T21:40:25.283729,2024-08-05T14:40:25.283729,"Vora Road, Ballari"
5208,2025-08-29T21:40:25.284380,2025-09-01T14:40:25.284380,"Bala Circle, Mysuru"
5209,2025-04-04T08:40:25.284641,2025-04-05T14:40:25.284641,"Sharma Circle, Belagavi"
5210,2026-03-17T18:40:25.284920,2026-03-20T14:40:25.284920,"Memon, Belagavi"
5211,2025-05-15T06:40:25.285380,2025-05-15T14:40:25.285380,"Devi, Raichur"
5212,2025-03-13T04:40:25.285630,2025-03-14T14:40:25.285630,"Mannan Path, Belagavi"
5213,2024-11-06T19:40:25.286075,2024-11-09T14:40:25.286075,"Kumar Zila, Ramanagara"
5214,2026-05-10T05:40:25.286275,2026-05-11T14:40:25.286275,"Zachariah, Belagavi"
5215,2024-09-11T05:40:25.286447,2024-09-13T14:40:25.286447,"Raghavan Street, Belagavi"
5216,2026-04-28T00:40:25.286916,2026-04-29T14:40:25.286916,"Chaudhry Path, Belagavi"
5217,2026-03-26T19:40:25.287380,2026-03-29T14:40:25.287380,"Shere Zila, Udupi"
5218,2026-04-09T15:40:25.287957,2026-04-11T14:40:25.287957,"Deshpande Circle, Belagavi"
5219,2025-11-08T01:40:25.288171,2025-11-08T14:40:25.288171,"Verma, Davanagere"
5220,2025-08-01T23:40:25.288527,2025-08-04T14:40:25.288527,"Sagar Circle, Bidar"
5221,2024-10-20T15:40:25.289054,2024-10-23T14:40:25.289054,"Misra Ganj, Vijayapura"
5222,2024-11-29T12:40:25.289627,2024-11-29T14:40:25.289627,"Dasgupta Circle, Chikkaballapura"
5223,2024-10-23T15:40:25.289884,2024-10-24T14:40:25.289884,"Kurian Chowk, Kalaburagi"
5224,2026-02-08T16:40:25.290307,2026-02-11T14:40:25.290307,"Bansal, Belagavi"
5225,2026-04-20T19:40:25.290584,2026-04-21T14:40:25.290584,"Sawhney Nagar, Koppal"
5226,2025-01-29T07:40:25.290908,2025-01-30T14:40:25.290908,"Garg Street, Belagavi"
5227,2025-08-03T22:40:25.291160,2025-08-06T14:40:25.291160,"Ram, Bengaluru Urban"
5228,2024-10-18T00:40:25.291515,2024-10-19T14:40:25.291515,"Tripathi Street, Bengaluru Urban"
5229,2025-07-10T07:40:25.291829,2025-07-10T14:40:25.291829,"Parekh Zila, Bengaluru Rural"
5230,2025-09-24T23:40:25.292353,2025-09-25T14:40:25.292353,"Bhavsar Ganj, Bengaluru Urban"
5231,2024-08-10T19:40:25.292571,2024-08-11T14:40:25.292571,"Gokhale Ganj, Hassan"
5232,2024-11-06T18:40:25.293017,2024-11-09T14:40:25.293017,"Chokshi Circle, Chamarajanagara"
5233,2025-01-26T04:40:25.293322,2025-01-26T14:40:25.293322,"Nori Zila, Dharwad"
5234,2024-09-21T06:40:25.293698,2024-09-22T14:40:25.293698,"Narasimhan Nagar, Bidar"
5235,2026-02-21T15:40:25.293903,2026-02-23T14:40:25.293903,"Varughese, Ballari"
5236,2025-01-26T01:40:25.294248,2025-01-26T14:40:25.294248,"Mohanty Chowk, Chikkaballapura"
5237,2025-11-10T02:40:25.294442,2025-11-10T14:40:25.294442,"Dani Road, Mysuru"
5238,2024-10-17T09:40:25.294887,2024-10-17T14:40:25.294887,"Ramaswamy Marg, Belagavi"
5239,2025-06-24T07:40:25.295358,2025-06-26T14:40:25.295358,"Dixit Chowk, Belagavi"
5240,2026-06-06T05:40:25.295514,2026-06-06T14:40:25.295514,"Shetty Path, Dharwad"
5241,2024-09-15T02:40:25.296041,2024-09-16T14:40:25.296041,"Butala Zila, Chamarajanagara"
5242,2025-02-14T21:40:25.296388,2025-02-17T14:40:25.296388,"Sant Street, Chikkamagaluru"
5243,2024-07-20T10:40:25.296790,2024-07-21T14:40:25.296790,"Din Circle, Chamarajanagara"
5244,2024-12-09T17:40:25.296985,2024-12-12T14:40:25.296985,"Rai Chowk, Haveri"
5245,2026-02-28T22:40:25.297312,2026-03-03T14:40:25.297312,"Agate Path, Bengaluru Urban"
5246,2026-04-12T15:40:25.297788,2026-04-14T14:40:25.297788,"Baria Circle, Shivamogga"
5247,2025-08-31T01:40:25.297999,2025-09-02T14:40:25.297999,"Chander Road, Udupi"
5248,2026-05-23T11:40:25.298262,2026-05-25T14:40:25.298262,"Natt Marg, Belagavi"
5249,2025-11-03T22:40:25.298839,2025-11-06T14:40:25.298839,"Mukhopadhyay Chowk, Bengaluru Urban"
5250,2025-10-27T20:40:25.299208,2025-10-28T14:40:25.299208,"Singhal Ganj, Bengaluru Urban"
5251,2025-03-20T17:40:25.299477,2025-03-22T14:40:25.299477,"Raval Road, Belagavi"
5252,2024-08-10T07:40:25.300083,2024-08-11T14:40:25.300083,"Merchant Ganj, Chamarajanagara"
5253,2026-03-25T17:40:25.300435,2026-03-26T14:40:25.300435,"Ganguly Path, Dharwad"
5254,2025-07-05T11:40:25.300927,2025-07-07T14:40:25.300927,"Sur Circle, Tumakuru"
5255,2025-12-06T03:40:25.301103,2025-12-07T14:40:25.301103,"Hayer, Belagavi"
5256,2026-05-22T04:40:25.301289,2026-05-22T14:40:25.301289,"Maharaj Path, Belagavi"
5257,2026-06-17T08:40:25.301451,2026-06-17T14:40:25.301451,"Venkataraman Road, Vijayanagara"
5258,2026-01-17T10:40:25.301667,2026-01-18T14:40:25.301667,"Shenoy Nagar, Ballari"
5259,2026-06-17T16:40:25.302059,2026-06-18T14:40:25.302059,"Sahota Nagar, Belagavi"
5260,2025-02-07T02:40:25.302376,2025-02-07T14:40:25.302376,"Choudhary Nagar, Bengaluru Rural"
5261,2024-07-12T18:40:25.302946,2024-07-13T14:40:25.302946,"Vala Road, Mysuru"
5262,2024-11-02T07:40:25.303130,2024-11-04T14:40:25.303130,"Rattan Ganj, Haveri"
5263,2025-11-24T17:40:25.303707,2025-11-27T14:40:25.303707,"Devan Road, Udupi"
5264,2025-07-11T02:40:25.304078,2025-07-13T14:40:25.304078,"Chakraborty Marg, Gadag"
5265,2026-02-04T22:40:25.304615,2026-02-05T14:40:25.304615,"Kunda Road, Koppal"
5266,2026-01-17T23:40:25.305137,2026-01-19T14:40:25.305137,"Dutt Marg, Bengaluru Urban"
5267,2025-09-05T05:40:25.305412,2025-09-06T14:40:25.305412,"Bali Ganj, Ballari"
5268,2026-03-01T03:40:25.305881,2026-03-01T14:40:25.305881,"Bhattacharyya Circle, Belagavi"
5269,2024-07-16T06:40:25.306060,2024-07-16T14:40:25.306060,"Chaudhari, Belagavi"
5270,2025-10-30T06:40:25.306314,2025-10-30T14:40:25.306314,"Purohit Marg, Udupi"
5271,2025-04-30T14:40:25.306620,2025-05-01T14:40:25.306620,"Yohannan Marg, Mysuru"
5272,2024-12-17T01:40:25.307092,2024-12-17T14:40:25.307092,"Prabhu Path, Vijayanagara"
5273,2024-10-04T00:40:25.307588,2024-10-05T14:40:25.307588,"Parmar Zila, Belagavi"
5274,2024-11-29T17:40:25.307959,2024-11-30T14:40:25.307959,"Sankar, Chikkamagaluru"
5275,2026-01-18T06:40:25.308350,2026-01-20T14:40:25.308350,"Contractor Road, Chikkaballapura"
5276,2025-05-08T18:40:25.308534,2025-05-09T14:40:25.308534,"Keer Circle, Belagavi"
5277,2025-03-16T15:40:25.309077,2025-03-18T14:40:25.309077,"Tripathi Chowk, Udupi"
5278,2024-08-14T13:40:25.309386,2024-08-15T14:40:25.309386,"Dave Street, Belagavi"
5279,2025-04-19T12:40:25.309737,2025-04-21T14:40:25.309737,"Sunder Road, Belagavi"
5280,2025-12-11T14:40:25.309949,2025-12-13T14:40:25.309949,"Srinivasan Path, Bengaluru Urban"
5281,2026-03-20T07:40:25.310409,2026-03-21T14:40:25.310409,"Mann Ganj, Haveri"
5282,2024-10-25T01:40:25.310921,2024-10-27T14:40:25.310921,"Divan Ganj, Bengaluru Urban"
5283,2024-09-25T06:40:25.311259,2024-09-25T14:40:25.311259,"Baria Zila, Bengaluru Urban"
5284,2026-01-24T09:40:25.311666,2026-01-24T14:40:25.311666,"Sane Zila, Belagavi"
5285,2026-02-06T02:40:25.311920,2026-02-08T14:40:25.311920,"Garg Street, Belagavi"
5286,2026-05-29T03:40:25.312219,2026-05-31T14:40:25.312219,"Narula Nagar, Mandya"
5287,2025-04-11T13:40:25.312521,2025-04-13T14:40:25.312521,"Tiwari Ganj, Udupi"
5288,2026-04-26T01:40:25.312766,2026-04-27T14:40:25.312766,"Wadhwa Zila, Chitradurga"
5289,2025-10-29T20:40:25.313026,2025-11-01T14:40:25.313026,"Parmar Road, Mysuru"
5290,2025-01-28T00:40:25.313508,2025-01-29T14:40:25.313508,"Ravel Ganj, Belagavi"
5291,2026-01-16T14:40:25.314068,2026-01-18T14:40:25.314068,"Bansal Ganj, Belagavi"
5292,2025-10-27T17:40:25.314240,2025-10-28T14:40:25.314240,"Chhabra Path, Belagavi"
5293,2025-09-22T21:40:25.314519,2025-09-23T14:40:25.314519,"Kant Path, Dakshina Kannada"
5294,2025-02-09T01:40:25.315157,2025-02-09T14:40:25.315157,"Tripathi Zila, Chikkamagaluru"
5295,2025-04-02T22:40:25.315446,2025-04-04T14:40:25.315446,"Doshi, Belagavi"
5296,2025-05-05T16:40:25.315788,2025-05-06T14:40:25.315788,"Bhakta Ganj, Davanagere"
5297,2024-10-11T10:40:25.316299,2024-10-13T14:40:25.316299,"Saraf, Udupi"
5298,2025-07-14T06:40:25.316855,2025-07-15T14:40:25.316855,"Uppal, Bidar"
5299,2025-11-22T07:40:25.317039,2025-11-24T14:40:25.317039,"Bail Road, Yadgir"
5300,2026-03-25T03:40:25.317483,2026-03-27T14:40:25.317483,"Kota Marg, Hassan"
5301,2024-11-17T19:40:25.317847,2024-11-20T14:40:25.317847,"Dayal Zila, Chamarajanagara"
5302,2024-10-25T08:40:25.318026,2024-10-25T14:40:25.318026,"Merchant Road, Gadag"
5303,2025-11-20T12:40:25.318309,2025-11-22T14:40:25.318309,"Gaba, Bengaluru Urban"
5304,2026-04-12T23:40:25.318480,2026-04-13T14:40:25.318480,"Wadhwa Ganj, Belagavi"
5305,2025-02-16T15:40:25.318854,2025-02-19T14:40:25.318854,"Nadig Zila, Mysuru"
5306,2025-07-28T23:40:25.319083,2025-07-29T14:40:25.319083,"Devi Chowk, Chikkaballapura"
5307,2025-11-25T10:40:25.319437,2025-11-26T14:40:25.319437,"Deshpande Nagar, Chikkamagaluru"
5308,2024-09-30T23:40:25.319940,2024-10-03T14:40:25.319940,"Prashad Street, Mysuru"
5309,2025-07-21T07:40:25.320145,2025-07-22T14:40:25.320145,"Gokhale Ganj, Chitradurga"
5310,2024-11-05T02:40:25.320495,2024-11-05T14:40:25.320495,"Balasubramanian Street, Bengaluru Urban"
5311,2025-02-22T09:40:25.321145,2025-02-24T14:40:25.321145,"Tak Zila, Bengaluru Urban"
5312,2026-07-06T12:40:25.321406,2026-07-07T14:40:25.321406,"Bail Street, Belagavi"
5313,2025-10-27T03:40:25.321849,2025-10-29T14:40:25.321849,"Ram, Belagavi"
5314,2024-12-15T14:40:25.322199,2024-12-18T14:40:25.322199,"Din Marg, Bidar"
5315,2025-06-04T17:40:25.322479,2025-06-07T14:40:25.322479,"Rajagopal Marg, Belagavi"
5316,2026-07-07T16:40:25.322839,2026-07-09T14:40:25.322839,"Munshi Road, Belagavi"
5317,2025-01-14T15:40:25.323097,2025-01-17T14:40:25.323097,"Nath Circle, Mandya"
5318,2025-06-02T00:40:25.323451,2025-06-03T14:40:25.323451,"Panchal Chowk, Chitradurga"
5319,2024-09-03T08:40:25.323899,2024-09-05T14:40:25.323899,"Pradhan Zila, Ramanagara"
5320,2024-09-16T21:40:25.324100,2024-09-17T14:40:25.324100,"Pandey Path, Bengaluru Urban"
5321,2025-01-01T01:40:25.324512,2025-01-03T14:40:25.324512,"Bassi, Belagavi"
5322,2025-10-09T21:40:25.324772,2025-10-11T14:40:25.324772,"Deep Road, Haveri"
5323,2025-03-11T05:40:25.325083,2025-03-11T14:40:25.325083,"Misra Street, Bengaluru Urban"
5324,2024-11-11T13:40:25.325494,2024-11-11T14:40:25.325494,"Talwar Ganj, Belagavi"
5325,2025-06-01T23:40:25.325942,2025-06-03T14:40:25.325942,"Badal Path, Kalaburagi"
5326,2025-09-17T03:40:25.326173,2025-09-17T14:40:25.326173,"Gade, Belagavi"
5327,2026-04-09T05:40:25.326427,2026-04-09T14:40:25.326427,"Bumb Street, Gadag"
5328,2025-07-31T05:40:25.326656,2025-08-01T14:40:25.326656,"Deshpande Road, Chitradurga"
5329,2025-02-19T09:40:25.326856,2025-02-19T14:40:25.326856,"Chander Zila, Raichur"
5330,2026-03-09T13:40:25.327490,2026-03-10T14:40:25.327490,"Khatri Zila, Vijayanagara"
5331,2024-09-22T06:40:25.328036,2024-09-23T14:40:25.328036,"Dua Nagar, Bengaluru Rural"
5332,2025-07-05T09:40:25.328486,2025-07-05T14:40:25.328486,"Thakkar Zila, Shivamogga"
5333,2025-03-31T12:40:25.328820,2025-04-02T14:40:25.328820,"Baria Chowk, Bengaluru Urban"
5334,2025-06-12T20:40:25.329249,2025-06-13T14:40:25.329249,"Seshadri Street, Chamarajanagara"
5335,2024-11-08T19:40:25.329501,2024-11-10T14:40:25.329501,"Kakar Nagar, Mysuru"
5336,2026-05-21T12:40:25.329863,2026-05-23T14:40:25.329863,"Bobal, Belagavi"
5337,2026-01-14T22:40:25.330244,2026-01-15T14:40:25.330244,"Deshmukh Circle, Hassan"
5338,2026-03-10T19:40:25.330628,2026-03-12T14:40:25.330628,"Gopal Marg, Belagavi"
5339,2026-02-23T16:40:25.330819,2026-02-24T14:40:25.330819,"Memon Circle, Bengaluru Rural"
5340,2024-09-24T03:40:25.331192,2024-09-25T14:40:25.331192,"Vasa Ganj, Bengaluru Urban"
5341,2025-07-20T17:40:25.331699,2025-07-22T14:40:25.331699,"Kapur Road, Belagavi"
5342,2026-01-06T00:40:25.332033,2026-01-08T14:40:25.332033,"Aurora, Chamarajanagara"
5343,2026-05-31T05:40:25.332423,2026-06-02T14:40:25.332423,"Deo Path, Ramanagara"
5344,2025-09-14T07:40:25.332983,2025-09-14T14:40:25.332983,"Chahal Zila, Bagalkote"
5345,2025-03-18T20:40:25.333209,2025-03-21T14:40:25.333209,"Kala, Belagavi"
5346,2025-06-30T03:40:25.333790,2025-07-02T14:40:25.333790,"Bahri Zila, Hassan"
5347,2024-11-11T11:40:25.333986,2024-11-11T14:40:25.333986,"Bath Zila, Belagavi"
5348,2026-05-04T04:40:25.334346,2026-05-05T14:40:25.334346,"Halder Path, Kalaburagi"
5349,2026-02-28T07:40:25.334534,2026-03-01T14:40:25.334534,"Sankaran Path, Belagavi"
5350,2026-03-18T01:40:25.335038,2026-03-18T14:40:25.335038,"Tak Path, Belagavi"
5351,2024-11-30T19:40:25.335211,2024-12-03T14:40:25.335211,"Lata Marg, Chikkamagaluru"
5352,2026-05-20T18:40:25.335378,2026-05-22T14:40:25.335378,"Loke Nagar, Hassan"
5353,2026-02-18T17:40:25.335719,2026-02-19T14:40:25.335719,"Bala Chowk, Kodagu"
5354,2026-01-15T00:40:25.336104,2026-01-15T14:40:25.336104,"Swamy Circle, Belagavi"
5355,2026-05-28T13:40:25.336378,2026-05-30T14:40:25.336378,"Mander Path, Mandya"
5356,2024-09-19T03:40:25.336583,2024-09-19T14:40:25.336583,"Puri, Belagavi"
5357,2024-07-13T14:40:25.336919,2024-07-16T14:40:25.336919,"Kaur Ganj, Mysuru"
5358,2026-02-28T07:40:25.337169,2026-03-02T14:40:25.337169,"Chaudhuri Circle, Davanagere"
5359,2026-07-07T13:40:25.337345,2026-07-09T14:40:25.337345,"Nath, Belagavi"
5360,2025-12-18T04:40:25.337603,2025-12-18T14:40:25.337603,"Rastogi Ganj, Chitradurga"
5361,2025-07-12T02:40:25.337822,2025-07-12T14:40:25.337822,"Ratti Street, Chikkamagaluru"
5362,2025-12-23T04:40:25.338289,2025-12-23T14:40:25.338289,"Khosla Zila, Ramanagara"
5363,2026-05-19T13:40:25.338776,2026-05-21T14:40:25.338776,"Narayanan Ganj, Belagavi"
5364,2026-05-01T23:40:25.338974,2026-05-03T14:40:25.338974,"Kade Chowk, Belagavi"
5365,2024-11-23T20:40:25.339278,2024-11-25T14:40:25.339278,"Kanda Road, Shivamogga"
5366,2025-06-26T13:40:25.339723,2025-06-26T14:40:25.339723,"Ganesh Road, Dakshina Kannada"
5367,2026-02-22T15:40:25.340195,2026-02-23T14:40:25.340195,"Bumb, Belagavi"
5368,2024-12-06T10:40:25.340478,2024-12-07T14:40:25.340478,"Kumar Path, Bengaluru Urban"
5369,2025-05-31T16:40:25.340906,2025-06-02T14:40:25.340906,"Dayal Marg, Kodagu"
5370,2025-09-26T10:40:25.341249,2025-09-28T14:40:25.341249,"Choudhury Chowk, Belagavi"
5371,2024-08-23T19:40:25.341649,2024-08-25T14:40:25.341649,"Dhingra Nagar, Kolar"
5372,2024-12-12T13:40:25.342039,2024-12-14T14:40:25.342039,"Narayanan Nagar, Raichur"
5373,2026-05-04T08:40:25.342325,2026-05-06T14:40:25.342325,"Dewan Road, Belagavi"
5374,2026-02-13T00:40:25.342851,2026-02-15T14:40:25.342851,"Arya Road, Belagavi"
5375,2025-05-06T19:40:25.343226,2025-05-08T14:40:25.343226,"Sharma Zila, Davanagere"
5376,2025-04-25T08:40:25.343493,2025-04-27T14:40:25.343493,"Sodhi Path, Ramanagara"
5377,2025-05-23T06:40:25.343756,2025-05-24T14:40:25.343756,"Hans Nagar, Yadgir"
5378,2025-11-03T06:40:25.344180,2025-11-05T14:40:25.344180,"Doshi Chowk, Bagalkote"
5379,2025-09-10T20:40:25.344805,2025-09-11T14:40:25.344805,"Chokshi, Chamarajanagara"
5380,2026-07-02T02:40:25.345102,2026-07-04T14:40:25.345102,"Maharaj Ganj, Belagavi"
5381,2025-02-19T20:40:25.345274,2025-02-20T14:40:25.345274,"Karpe Path, Raichur"
5382,2026-05-02T13:40:25.345705,2026-05-03T14:40:25.345705,"Manda, Belagavi"
5383,2025-11-17T23:40:25.345829,2025-11-18T14:40:25.345829,"Toor, Belagavi"
5384,2025-05-04T07:40:25.346042,2025-05-04T14:40:25.346042,"Sarna Zila, Belagavi"
5385,2025-10-24T06:40:25.346414,2025-10-25T14:40:25.346414,"Saha Chowk, Dakshina Kannada"
5386,2024-07-18T18:40:25.346632,2024-07-21T14:40:25.346632,"Sarkar, Kodagu"
5387,2026-02-25T09:40:25.346845,2026-02-26T14:40:25.346845,"Narula Circle, Belagavi"
5388,2024-08-03T21:40:25.347214,2024-08-05T14:40:25.347214,"Mand Nagar, Vijayapura"
5389,2026-02-14T18:40:25.347383,2026-02-15T14:40:25.347383,"Roy Street, Belagavi"
5390,2025-12-25T04:40:25.347645,2025-12-25T14:40:25.347645,"Rana Nagar, Bengaluru Rural"
5391,2025-03-04T05:40:25.348184,2025-03-05T14:40:25.348184,"Chhabra, Chamarajanagara"
5392,2026-01-27T16:40:25.348719,2026-01-28T14:40:25.348719,"Shah, Chikkaballapura"
5393,2026-06-08T23:40:25.348910,2026-06-10T14:40:25.348910,"Gour Ganj, Udupi"
5394,2024-09-14T20:40:25.349259,2024-09-15T14:40:25.349259,"Sidhu Path, Chamarajanagara"
5395,2025-12-04T15:40:25.349781,2025-12-07T14:40:25.349781,"Dani, Belagavi"
5396,2026-01-01T00:40:25.350248,2026-01-02T14:40:25.350248,"Bhatti Zila, Chikkaballapura"
5397,2025-03-22T15:40:25.350677,2025-03-25T14:40:25.350677,"Badal, Belagavi"
5398,2025-08-01T09:40:25.351061,2025-08-03T14:40:25.351061,"Upadhyay, Belagavi"
5399,2025-11-10T06:40:25.351439,2025-11-10T14:40:25.351439,"Chandran Path, Haveri"
5400,2026-05-20T02:40:25.351933,2026-05-20T14:40:25.351933,"Sagar Zila, Bengaluru Urban"
5401,2025-08-03T08:40:25.352216,2025-08-03T14:40:25.352216,"Dey Circle, Raichur"
5402,2025-01-25T06:40:25.352405,2025-01-26T14:40:25.352405,"Dixit Circle, Bengaluru Urban"
5403,2024-11-24T19:40:25.352633,2024-11-27T14:40:25.352633,"Vora Circle, Tumakuru"
5404,2025-09-11T00:40:25.353094,2025-09-12T14:40:25.353094,"Dhar Ganj, Tumakuru"
5405,2025-09-22T11:40:25.353571,2025-09-23T14:40:25.353571,"Kala Ganj, Chikkaballapura"
5406,2025-12-27T06:40:25.353790,2025-12-27T14:40:25.353790,"Desai Chowk, Belagavi"
5407,2024-10-20T06:40:25.354246,2024-10-22T14:40:25.354246,"Atwal, Hassan"
5408,2026-06-18T21:40:25.354531,2026-06-21T14:40:25.354531,"Kala Ganj, Vijayapura"
5409,2025-03-04T06:40:25.354888,2025-03-04T14:40:25.354888,"Minhas Circle, Ballari"
5410,2026-05-30T23:40:25.355169,2026-06-02T14:40:25.355169,"Kar Zila, Bengaluru Urban"
5411,2024-08-07T05:40:25.355527,2024-08-09T14:40:25.355527,"Deol Chowk, Haveri"
5412,2026-01-27T06:40:25.356063,2026-01-29T14:40:25.356063,"Brahmbhatt Street, Belagavi"
5413,2025-11-09T07:40:25.356633,2025-11-11T14:40:25.356633,"Pant, Belagavi"
5414,2025-12-29T20:40:25.357063,2026-01-01T14:40:25.357063,"Gill Nagar, Ramanagara"
5415,2024-11-26T15:40:25.357354,2024-11-28T14:40:25.357354,"Master Circle, Mandya"
5416,2024-08-24T10:40:25.357997,2024-08-26T14:40:25.357997,"Ravel Circle, Hassan"
5417,2026-06-26T08:40:25.358352,2026-06-26T14:40:25.358352,"Kumer Zila, Ramanagara"
5418,2025-04-03T11:40:25.358801,2025-04-03T14:40:25.358801,"Sahota Marg, Belagavi"
5419,2025-01-07T21:40:25.359229,2025-01-10T14:40:25.359229,"Bedi Circle, Belagavi"
5420,2025-07-02T18:40:25.359728,2025-07-04T14:40:25.359728,"Vora Road, Belagavi"
5421,2025-10-31T04:40:25.360186,2025-10-31T14:40:25.360186,"Ratta Nagar, Bengaluru Rural"
5422,2025-11-21T13:40:25.360461,2025-11-21T14:40:25.360461,"Virk Road, Belagavi"
5423,2025-02-19T18:40:25.361007,2025-02-20T14:40:25.361007,"Kadakia, Belagavi"
5424,2025-12-29T14:40:25.361374,2025-12-30T14:40:25.361374,"Ravel Marg, Bengaluru Urban"
5425,2026-06-19T17:40:25.361694,2026-06-20T14:40:25.361694,"Swamy, Belagavi"
5426,2025-02-03T16:40:25.362151,2025-02-04T14:40:25.362151,"Parmer Nagar, Koppal"
5427,2025-05-02T05:40:25.362342,2025-05-03T14:40:25.362342,"Yadav Street, Chikkamagaluru"
5428,2025-10-27T20:40:25.362503,2025-10-29T14:40:25.362503,"Rama Road, Hassan"
5429,2025-09-17T21:40:25.363142,2025-09-19T14:40:25.363142,"Parmar Road, Tumakuru"
5430,2026-04-15T12:40:25.363334,2026-04-16T14:40:25.363334,"Bhatia Circle, Belagavi"
5431,2025-12-25T00:40:25.363776,2025-12-26T14:40:25.363776,"Sama Circle, Udupi"
5432,2025-01-02T22:40:25.364194,2025-01-05T14:40:25.364194,"Mand, Kodagu"
5433,2026-03-05T07:40:25.364407,2026-03-07T14:40:25.364407,"Roy Road, Belagavi"
5434,2025-05-18T10:40:25.364783,2025-05-18T14:40:25.364783,"Koshy Street, Koppal"
5435,2026-01-11T11:40:25.364973,2026-01-11T14:40:25.364973,"Yohannan, Belagavi"
5436,2026-07-02T00:40:25.365242,2026-07-04T14:40:25.365242,"Raval Path, Belagavi"
5437,2026-01-26T23:40:25.365800,2026-01-28T14:40:25.365800,"Gupta Nagar, Gadag"
5438,2025-01-16T04:40:25.366190,2025-01-17T14:40:25.366190,"Choudhary Chowk, Belagavi"
5439,2025-09-06T21:40:25.366379,2025-09-08T14:40:25.366379,"Pandya Zila, Tumakuru"
5440,2026-05-01T03:40:25.366948,2026-05-03T14:40:25.366948,"Ratta Circle, Belagavi"
5441,2025-01-16T00:40:25.367112,2025-01-18T14:40:25.367112,"Brahmbhatt Road, Kalaburagi"
5442,2026-01-03T01:40:25.367374,2026-01-04T14:40:25.367374,"Hegde Street, Belagavi"
5443,2026-02-03T08:40:25.368140,2026-02-03T14:40:25.368140,"Bakshi Circle, Gadag"
5444,2025-11-02T15:40:25.368607,2025-11-03T14:40:25.368607,"Dubey Chowk, Udupi"
5445,2025-06-05T09:40:25.369317,2025-06-07T14:40:25.369317,"Kara Circle, Belagavi"
5446,2024-09-11T13:40:25.369788,2024-09-12T14:40:25.369788,"Parekh Zila, Ramanagara"
5447,2025-07-14T00:40:25.370177,2025-07-14T14:40:25.370177,"Buch, Raichur"
5448,2025-05-09T05:40:25.370377,2025-05-11T14:40:25.370377,"Peri Road, Bagalkote"
5449,2026-01-01T08:40:25.370835,2026-01-03T14:40:25.370835,"Sule Nagar, Bidar"
5450,2025-01-11T03:40:25.371287,2025-01-11T14:40:25.371287,"Dhar Circle, Mysuru"
5451,2025-08-22T11:40:25.371940,2025-08-24T14:40:25.371940,"Chaudhary, Belagavi"
5452,2025-12-14T18:40:25.372158,2025-12-15T14:40:25.372158,"Jayaraman Road, Bidar"
5453,2026-05-23T08:40:25.372418,2026-05-25T14:40:25.372418,"Konda Street, Bagalkote"
5454,2026-01-05T02:40:25.372890,2026-01-06T14:40:25.372890,"Ghose, Mysuru"
5455,2025-12-12T01:40:25.373307,2025-12-12T14:40:25.373307,"Manne Path, Belagavi"
5456,2024-12-14T10:40:25.373824,2024-12-15T14:40:25.373824,"Kannan Road, Belagavi"
5457,2025-09-03T21:40:25.374020,2025-09-05T14:40:25.374020,"Morar Path, Chikkaballapura"
5458,2025-01-09T12:40:25.374474,2025-01-09T14:40:25.374474,"Menon, Belagavi"
5459,2024-11-25T10:40:25.374851,2024-11-25T14:40:25.374851,"Upadhyay Street, Bengaluru Urban"
5460,2024-10-04T13:40:25.375156,2024-10-05T14:40:25.375156,"Sachdev Path, Davanagere"
5461,2026-03-27T06:40:25.375571,2026-03-28T14:40:25.375571,"Jayaraman Ganj, Dakshina Kannada"
5462,2026-04-25T23:40:25.375693,2026-04-27T14:40:25.375693,"Seth Ganj, Belagavi"
5463,2025-09-03T09:40:25.376158,2025-09-04T14:40:25.376158,"Bhatt, Belagavi"
5464,2026-06-22T03:40:25.376687,2026-06-24T14:40:25.376687,"Chaudhry Street, Belagavi"
5465,2026-02-15T17:40:25.376899,2026-02-16T14:40:25.376899,"Doshi Street, Belagavi"
5466,2024-10-08T08:40:25.377181,2024-10-10T14:40:25.377181,"Dhar Road, Bengaluru Urban"
5467,2025-07-29T10:40:25.377479,2025-07-31T14:40:25.377479,"Dua Chowk, Belagavi"
5468,2026-05-10T07:40:25.378006,2026-05-10T14:40:25.378006,"Arora Circle, Belagavi"
5469,2025-01-05T08:40:25.378403,2025-01-05T14:40:25.378403,"Jhaveri Path, Chikkamagaluru"
5470,2025-03-20T17:40:25.378612,2025-03-22T14:40:25.378612,"Tiwari Zila, Belagavi"
5471,2025-08-20T05:40:25.379029,2025-08-21T14:40:25.379029,"Bhat Chowk, Dharwad"
5472,2025-09-24T07:40:25.379304,2025-09-25T14:40:25.379304,"Hegde, Kodagu"
5473,2025-07-26T02:40:25.379927,2025-07-26T14:40:25.379927,"Dave Chowk, Bengaluru Urban"
5474,2024-10-02T07:40:25.380033,2024-10-04T14:40:25.380033,"Gulati Ganj, Ramanagara"
5475,2025-12-20T03:40:25.380506,2025-12-20T14:40:25.380506,"Saraf Zila, Hassan"
5476,2025-03-02T22:40:25.380766,2025-03-03T14:40:25.380766,"Muni Marg, Belagavi"
5477,2025-03-15T12:40:25.381404,2025-03-16T14:40:25.381404,"Jhaveri Zila, Dakshina Kannada"
5478,2026-06-26T12:40:25.381822,2026-06-28T14:40:25.381822,"Kibe, Belagavi"
5479,2025-01-29T18:40:25.382292,2025-02-01T14:40:25.382292,"Dora Path, Belagavi"
5480,2026-05-13T05:40:25.382766,2026-05-14T14:40:25.382766,"Seshadri Chowk, Belagavi"
5481,2024-09-30T05:40:25.383145,2024-09-30T14:40:25.383145,"Nori Circle, Dakshina Kannada"
5482,2025-11-22T19:40:25.383509,2025-11-25T14:40:25.383509,"Kale Street, Belagavi"
5483,2025-02-01T15:40:25.383787,2025-02-03T14:40:25.383787,"Khanna Zila, Ballari"
5484,2024-12-30T14:40:25.384219,2025-01-01T14:40:25.384219,"Iyengar Street, Tumakuru"
5485,2026-06-07T03:40:25.384470,2026-06-07T14:40:25.384470,"Kar Nagar, Chikkamagaluru"
5486,2024-08-10T19:40:25.385050,2024-08-13T14:40:25.385050,"Dutt, Bagalkote"
5487,2024-12-25T09:40:25.385337,2024-12-25T14:40:25.385337,"Jayaraman Marg, Belagavi"
5488,2025-09-29T08:40:25.385692,2025-09-30T14:40:25.385692,"Gara Street, Mandya"
5489,2025-06-10T21:40:25.386275,2025-06-11T14:40:25.386275,"Sama Path, Chikkaballapura"
5490,2025-07-02T10:40:25.386666,2025-07-02T14:40:25.386666,"Mital Ganj, Chamarajanagara"
5491,2026-04-22T06:40:25.387018,2026-04-24T14:40:25.387018,"Dube Ganj, Belagavi"
5492,2026-03-16T13:40:25.387445,2026-03-18T14:40:25.387445,"Sama Chowk, Bengaluru Rural"
5493,2026-05-13T14:40:25.387697,2026-05-14T14:40:25.387697,"Mohanty Chowk, Belagavi"
5494,2025-09-24T02:40:25.387930,2025-09-26T14:40:25.387930,"Sabharwal Chowk, Belagavi"
5495,2025-02-06T12:40:25.388295,2025-02-08T14:40:25.388295,"Upadhyay Chowk, Chamarajanagara"
5496,2024-12-24T17:40:25.388848,2024-12-26T14:40:25.388848,"Kalita Path, Bengaluru Urban"
5497,2026-02-07T16:40:25.389239,2026-02-08T14:40:25.389239,"Manne Street, Belagavi"
5498,2024-07-24T10:40:25.389468,2024-07-25T14:40:25.389468,"Chaudhuri Marg, Chamarajanagara"
5499,2024-10-20T15:40:25.389838,2024-10-23T14:40:25.389838,"Pillai Path, Mysuru"
5500,2026-03-16T20:40:25.390027,2026-03-19T14:40:25.390027,"Devi Marg, Mysuru"
5501,2025-05-24T11:40:25.390217,2025-05-24T14:40:25.390217,"Kannan Road, Bengaluru Rural"
5502,2025-04-17T08:40:25.390514,2025-04-19T14:40:25.390514,"Jani Circle, Dakshina Kannada"
5503,2025-04-21T12:40:25.391000,2025-04-23T14:40:25.391000,"Vohra Zila, Mysuru"
5504,2026-05-06T01:40:25.391260,2026-05-06T14:40:25.391260,"Shankar Zila, Ballari"
5505,2026-03-30T14:40:25.391688,2026-03-31T14:40:25.391688,"Mallick Zila, Bengaluru Rural"
5506,2024-11-12T12:40:25.392247,2024-11-14T14:40:25.392247,"Shanker Road, Ramanagara"
5507,2025-10-07T07:40:25.392753,2025-10-07T14:40:25.392753,"Nagar Nagar, Raichur"
5508,2025-09-16T09:40:25.393240,2025-09-17T14:40:25.393240,"Raman Street, Ballari"
5509,2025-10-01T10:40:25.393797,2025-10-03T14:40:25.393797,"Bassi, Belagavi"
5510,2025-12-16T05:40:25.393997,2025-12-18T14:40:25.393997,"Sibal Street, Belagavi"
5511,2025-05-20T07:40:25.394523,2025-05-22T14:40:25.394523,"Nori Circle, Gadag"
5512,2025-09-06T01:40:25.394789,2025-09-08T14:40:25.394789,"Soman Marg, Kalaburagi"
5513,2025-12-31T21:40:25.395284,2026-01-03T14:40:25.395284,"Bhagat Street, Mysuru"
5514,2024-11-19T21:40:25.395960,2024-11-22T14:40:25.395960,"Chopra Zila, Belagavi"
5515,2024-09-24T14:40:25.396481,2024-09-27T14:40:25.396481,"Bora Ganj, Bidar"
5516,2025-02-08T11:40:25.396839,2025-02-08T14:40:25.396839,"Verma, Shivamogga"
5517,2026-05-04T05:40:25.397178,2026-05-05T14:40:25.397178,"Dewan Marg, Kolar"
5518,2026-05-05T21:40:25.397568,2026-05-08T14:40:25.397568,"Bumb Path, Belagavi"
5519,2025-03-09T04:40:25.397778,2025-03-09T14:40:25.397778,"Sabharwal Road, Kalaburagi"
5520,2024-10-07T23:40:25.398061,2024-10-08T14:40:25.398061,"Buch Zila, Bengaluru Rural"
5521,2026-03-31T02:40:25.398478,2026-04-02T14:40:25.398478,"Varughese Ganj, Belagavi"
5522,2025-10-03T21:40:25.398932,2025-10-04T14:40:25.398932,"Varkey Road, Belagavi"
5523,2024-11-11T22:40:25.399340,2024-11-12T14:40:25.399340,"Puri Nagar, Dakshina Kannada"
5524,2024-07-14T05:40:25.399798,2024-07-14T14:40:25.399798,"Bhavsar Zila, Davanagere"
5525,2026-05-07T08:40:25.400181,2026-05-08T14:40:25.400181,"Shah, Vijayapura"
5526,2025-07-05T17:40:25.400736,2025-07-07T14:40:25.400736,"Bhat Chowk, Dharwad"
5527,2025-01-15T21:40:25.401197,2025-01-18T14:40:25.401197,"Ahluwalia Path, Ballari"
5528,2025-06-18T02:40:25.401734,2025-06-19T14:40:25.401734,"Rama Ganj, Kalaburagi"
5529,2026-01-14T20:40:25.402010,2026-01-15T14:40:25.402010,"Vyas Chowk, Belagavi"
5530,2025-01-11T11:40:25.402179,2025-01-11T14:40:25.402179,"Deep Nagar, Chamarajanagara"
5531,2026-05-16T04:40:25.402389,2026-05-18T14:40:25.402389,"Bhandari Nagar, Kolar"
5532,2026-02-21T19:40:25.402916,2026-02-23T14:40:25.402916,"Bali Road, Kodagu"
5533,2025-12-12T07:40:25.403287,2025-12-14T14:40:25.403287,"Hans Nagar, Vijayapura"
5534,2024-12-10T02:40:25.403686,2024-12-10T14:40:25.403686,"Kara Chowk, Belagavi"
5535,2025-12-18T16:40:25.403967,2025-12-20T14:40:25.403967,"Swamy, Belagavi"
5536,2025-12-13T03:40:25.404179,2025-12-13T14:40:25.404179,"Uppal Street, Gadag"
5537,2025-02-15T15:40:25.404407,2025-02-16T14:40:25.404407,"Bumb, Belagavi"
5538,2024-09-11T23:40:25.404898,2024-09-12T14:40:25.404898,"Chandran, Davanagere"
5539,2026-01-15T12:40:25.405209,2026-01-15T14:40:25.405209,"Purohit, Belagavi"
5540,2025-11-29T15:40:25.405381,2025-11-30T14:40:25.405381,"Mane, Mysuru"
5541,2026-02-08T16:40:25.405619,2026-02-11T14:40:25.405619,"Lata Street, Mysuru"
5542,2025-07-28T02:40:25.405832,2025-07-30T14:40:25.405832,"Hari Street, Belagavi"
5543,2025-08-12T02:40:25.406118,2025-08-12T14:40:25.406118,"Rajagopal Circle, Belagavi"
5544,2024-07-12T21:40:25.406483,2024-07-15T14:40:25.406483,"Raju Road, Bengaluru Urban"
5545,2025-07-13T13:40:25.406948,2025-07-15T14:40:25.406948,"Ravel Street, Udupi"
5546,2026-06-20T18:40:25.407421,2026-06-22T14:40:25.407421,"Prabhu Zila, Belagavi"
5547,2025-05-30T05:40:25.407905,2025-05-31T14:40:25.407905,"Bose Chowk, Bagalkote"
5548,2025-08-25T06:40:25.408260,2025-08-27T14:40:25.408260,"Khosla Marg, Bengaluru Urban"
5549,2025-11-05T21:40:25.408464,2025-11-08T14:40:25.408464,"Char Ganj, Udupi"
5550,2024-10-09T03:40:25.408697,2024-10-11T14:40:25.408697,"Vasa Marg, Bengaluru Urban"
5551,2025-10-15T17:40:25.409028,2025-10-18T14:40:25.409028,"Brahmbhatt Zila, Raichur"
5552,2025-05-27T18:40:25.409230,2025-05-29T14:40:25.409230,"Dhaliwal Circle, Mysuru"
5553,2026-02-22T06:40:25.409868,2026-02-23T14:40:25.409868,"Basak, Belagavi"
5554,2025-02-19T08:40:25.410389,2025-02-20T14:40:25.410389,"Rau Path, Kalaburagi"
5555,2026-03-17T12:40:25.410613,2026-03-19T14:40:25.410613,"Amble Path, Dakshina Kannada"
5556,2025-11-08T20:40:25.411479,2025-11-09T14:40:25.411479,"Mannan Road, Bengaluru Urban"
5557,2025-10-24T08:40:25.412660,2025-10-26T14:40:25.412660,"Arora Path, Mysuru"
5558,2026-06-28T08:40:25.413447,2026-06-30T14:40:25.413447,"Dugar Road, Bengaluru Urban"
5559,2026-04-21T17:40:25.413733,2026-04-23T14:40:25.413733,"Sheth Circle, Tumakuru"
5560,2026-06-06T18:40:25.414171,2026-06-07T14:40:25.414171,"Shankar, Mandya"
5561,2025-09-14T17:40:25.414678,2025-09-16T14:40:25.414678,"Vaidya, Belagavi"
5562,2026-03-30T03:40:25.414897,2026-04-01T14:40:25.414897,"Shroff Circle, Mysuru"
5563,2026-03-23T04:40:25.415204,2026-03-24T14:40:25.415204,"Lanka Street, Belagavi"
5564,2025-04-12T20:40:25.415647,2025-04-14T14:40:25.415647,"Prashad Ganj, Belagavi"
5565,2026-05-08T02:40:25.416096,2026-05-10T14:40:25.416096,"Rajan Chowk, Mysuru"
5566,2026-01-05T02:40:25.416433,2026-01-06T14:40:25.416433,"Bajaj, Belagavi"
5567,2025-01-26T12:40:25.416844,2025-01-27T14:40:25.416844,"Khurana Marg, Dharwad"
5568,2026-06-16T02:40:25.417503,2026-06-17T14:40:25.417503,"Rai, Belagavi"
5569,2026-06-20T21:40:25.417926,2026-06-21T14:40:25.417926,"Nagi Zila, Dharwad"
5570,2024-10-15T19:40:25.418423,2024-10-16T14:40:25.418423,"Khare Zila, Belagavi"
5571,2025-01-13T15:40:25.418512,2025-01-14T14:40:25.418512,"Bobal Path, Belagavi"
5572,2025-08-19T09:40:25.419036,2025-08-19T14:40:25.419036,"Sarna Marg, Belagavi"
5573,2026-02-06T04:40:25.419531,2026-02-08T14:40:25.419531,"Ghosh Circle, Belagavi"
5574,2025-09-25T18:40:25.420172,2025-09-28T14:40:25.420172,"Ramesh Marg, Kodagu"
5575,2026-06-07T12:40:25.420700,2026-06-09T14:40:25.420700,"Bakshi Nagar, Kolar"
5576,2024-09-23T04:40:25.421126,2024-09-24T14:40:25.421126,"Dara Circle, Hassan"
5577,2024-11-14T16:40:25.421699,2024-11-16T14:40:25.421699,"Magar Chowk, Mysuru"
5578,2026-02-17T14:40:25.422079,2026-02-20T14:40:25.422079,"Gandhi Chowk, Ramanagara"
5579,2025-09-06T20:40:25.422273,2025-09-07T14:40:25.422273,"Bhalla Zila, Chitradurga"
5580,2025-02-14T03:40:25.422690,2025-02-14T14:40:25.422690,"Shankar Zila, Chikkaballapura"
5581,2025-10-11T11:40:25.422907,2025-10-11T14:40:25.422907,"Ramakrishnan Road, Raichur"
5582,2026-05-10T10:40:25.423282,2026-05-10T14:40:25.423282,"Singh Chowk, Belagavi"
5583,2025-05-27T09:40:25.423644,2025-05-27T14:40:25.423644,"Cheema, Mysuru"
5584,2026-02-18T03:40:25.424009,2026-02-18T14:40:25.424009,"Edwin Zila, Vijayapura"
5585,2026-06-30T11:40:25.424650,2026-07-01T14:40:25.424650,"Kade Circle, Kolar"
5586,2024-10-08T05:40:25.425045,2024-10-10T14:40:25.425045,"Ramakrishnan, Chikkamagaluru"
5587,2025-05-18T02:40:25.425248,2025-05-19T14:40:25.425248,"Date Path, Chikkaballapura"
5588,2025-02-12T16:40:25.425525,2025-02-13T14:40:25.425525,"Jain Ganj, Vijayanagara"
5589,2026-01-01T21:40:25.425816,2026-01-02T14:40:25.425816,"Bose Chowk, Belagavi"
5590,2026-05-25T14:40:25.426028,2026-05-26T14:40:25.426028,"Shukla Circle, Belagavi"
5591,2026-06-29T12:40:25.426199,2026-07-01T14:40:25.426199,"Lanka Circle, Raichur"
5592,2025-11-28T16:40:25.426488,2025-12-01T14:40:25.426488,"Ganesh, Vijayapura"
5593,2026-04-27T11:40:25.426854,2026-04-29T14:40:25.426854,"Kapur Nagar, Koppal"
5594,2024-12-27T01:40:25.427141,2024-12-29T14:40:25.427141,"Sen, Belagavi"
5595,2025-06-06T09:40:25.427342,2025-06-08T14:40:25.427342,"Modi Street, Belagavi"
5596,2024-12-22T20:40:25.427818,2024-12-25T14:40:25.427818,"Sanghvi Nagar, Belagavi"
5597,2025-03-16T00:40:25.428157,2025-03-18T14:40:25.428157,"Rout Circle, Gadag"
5598,2026-05-26T12:40:25.428848,2026-05-26T14:40:25.428848,"Venkataraman, Belagavi"
5599,2025-05-19T05:40:25.429062,2025-05-19T14:40:25.429062,"Bhasin Path, Koppal"
5600,2025-11-05T01:40:25.429378,2025-11-07T14:40:25.429378,"Divan Path, Belagavi"
5601,2025-08-16T10:40:25.429672,2025-08-17T14:40:25.429672,"Dhar Zila, Kalaburagi"
5602,2026-04-07T22:40:25.430030,2026-04-10T14:40:25.430030,"Batta, Belagavi"
5603,2025-06-11T17:40:25.430508,2025-06-13T14:40:25.430508,"Oak Marg, Mysuru"
5604,2025-11-23T02:40:25.430902,2025-11-23T14:40:25.430902,"Lala Chowk, Chamarajanagara"
5605,2024-10-16T02:40:25.431198,2024-10-16T14:40:25.431198,"Buch Zila, Mysuru"
5606,2024-09-18T05:40:25.431389,2024-09-19T14:40:25.431389,"Saha, Bidar"
5607,2026-05-05T12:40:25.431739,2026-05-07T14:40:25.431739,"Hayre, Belagavi"
5608,2026-02-23T11:40:25.432150,2026-02-23T14:40:25.432150,"Bal Street, Belagavi"
5609,2026-04-17T00:40:25.432584,2026-04-19T14:40:25.432584,"Salvi Chowk, Belagavi"
5610,2025-07-06T06:40:25.432895,2025-07-07T14:40:25.432895,"Agarwal Marg, Belagavi"
5611,2024-08-23T07:40:25.433180,2024-08-24T14:40:25.433180,"Chandran Road, Mysuru"
5612,2026-02-01T01:40:25.433656,2026-02-03T14:40:25.433656,"Devan Nagar, Belagavi"
5613,2026-05-04T19:40:25.434176,2026-05-07T14:40:25.434176,"Samra, Ballari"
5614,2025-11-04T03:40:25.434627,2025-11-05T14:40:25.434627,"Dora Circle, Chikkaballapura"
5615,2025-09-14T09:40:25.435023,2025-09-16T14:40:25.435023,"Kar Path, Ballari"
5616,2026-06-03T10:40:25.435354,2026-06-03T14:40:25.435354,"Virk Road, Kodagu"
5617,2025-12-12T08:40:25.435935,2025-12-13T14:40:25.435935,"Grover Road, Belagavi"
5618,2026-05-09T12:40:25.436357,2026-05-10T14:40:25.436357,"Mann Ganj, Belagavi"
5619,2025-10-08T08:40:25.436669,2025-10-08T14:40:25.436669,"Bali Chowk, Vijayapura"
5620,2026-05-04T07:40:25.436906,2026-05-06T14:40:25.436906,"Dua Marg, Belagavi"
5621,2024-08-12T02:40:25.437400,2024-08-12T14:40:25.437400,"Datta Zila, Belagavi"
5622,2025-09-19T18:40:25.437761,2025-09-22T14:40:25.437761,"Venkatesh Street, Tumakuru"
5623,2025-08-24T15:40:25.437994,2025-08-26T14:40:25.437994,"Nazareth Nagar, Bengaluru Rural"
5624,2025-07-15T17:40:25.438359,2025-07-18T14:40:25.438359,"Merchant Marg, Belagavi"
5625,2025-11-28T06:40:25.438632,2025-11-28T14:40:25.438632,"Nagarajan Chowk, Yadgir"
5626,2026-02-14T17:40:25.439148,2026-02-17T14:40:25.439148,"Wason Ganj, Dakshina Kannada"
5627,2024-12-06T08:40:25.439319,2024-12-06T14:40:25.439319,"Bora Nagar, Chikkamagaluru"
5628,2024-11-08T01:40:25.439673,2024-11-10T14:40:25.439673,"Sahota Marg, Belagavi"
5629,2025-05-21T03:40:25.440343,2025-05-23T14:40:25.440343,"Hans Marg, Belagavi"
5630,2026-06-13T17:40:25.440939,2026-06-16T14:40:25.440939,"Baria, Chamarajanagara"
5631,2025-07-15T17:40:25.441378,2025-07-18T14:40:25.441378,"Rajan, Chamarajanagara"
5632,2025-02-09T12:40:25.441840,2025-02-10T14:40:25.441840,"Balay Path, Chamarajanagara"
5633,2026-04-17T06:40:25.442367,2026-04-18T14:40:25.442367,"Gill Chowk, Davanagere"
5634,2024-11-10T12:40:25.442926,2024-11-10T14:40:25.442926,"Bedi Path, Ballari"
5635,2026-03-13T18:40:25.443473,2026-03-15T14:40:25.443473,"Bhakta Zila, Belagavi"
5636,2024-09-11T06:40:25.443719,2024-09-13T14:40:25.443719,"Natt Road, Yadgir"
5637,2024-11-18T12:40:25.443992,2024-11-19T14:40:25.443992,"Chaudhari, Dharwad"
5638,2024-08-14T07:40:25.444488,2024-08-15T14:40:25.444488,"Tata Street, Belagavi"
5639,2026-03-24T05:40:25.444936,2026-03-24T14:40:25.444936,"Dhar Road, Bengaluru Urban"
5640,2025-02-04T00:40:25.445371,2025-02-04T14:40:25.445371,"Ramesh Circle, Yadgir"
5641,2025-10-30T00:40:25.445932,2025-11-01T14:40:25.445932,"Jain Street, Belagavi"
5642,2024-10-15T00:40:25.446245,2024-10-15T14:40:25.446245,"Mammen Path, Kolar"
5643,2025-08-09T05:40:25.446830,2025-08-10T14:40:25.446830,"Edwin Marg, Mandya"
5644,2024-08-07T16:40:25.447344,2024-08-10T14:40:25.447344,"Lata Zila, Chikkaballapura"
5645,2025-02-10T11:40:25.447571,2025-02-11T14:40:25.447571,"Manne Street, Chitradurga"
5646,2026-02-04T01:40:25.448115,2026-02-06T14:40:25.448115,"Handa Circle, Belagavi"
5647,2026-02-21T10:40:25.448614,2026-02-21T14:40:25.448614,"Trivedi Path, Koppal"
5648,2024-12-08T07:40:25.448856,2024-12-10T14:40:25.448856,"Verma Zila, Belagavi"
5649,2025-04-13T18:40:25.449167,2025-04-16T14:40:25.449167,"Atwal, Hassan"
5650,2025-05-27T10:40:25.449472,2025-05-27T14:40:25.449472,"Dass Street, Mysuru"
5651,2026-06-07T14:40:25.450086,2026-06-10T14:40:25.450086,"Randhawa Nagar, Belagavi"
5652,2025-02-08T19:40:25.450659,2025-02-10T14:40:25.450659,"Nazareth, Bengaluru Urban"
5653,2026-06-13T03:40:25.450922,2026-06-14T14:40:25.450922,"Sha Road, Kodagu"
5654,2026-06-13T11:40:25.451366,2026-06-15T14:40:25.451366,"Cheema Marg, Belagavi"
5655,2025-07-28T13:40:25.451898,2025-07-30T14:40:25.451898,"Parmer Ganj, Hassan"
5656,2025-09-05T19:40:25.452128,2025-09-06T14:40:25.452128,"Kumar Path, Ballari"
5657,2025-12-04T13:40:25.452714,2025-12-06T14:40:25.452714,"Grover, Belagavi"
5658,2025-03-08T21:40:25.453154,2025-03-09T14:40:25.453154,"Murthy Marg, Udupi"
5659,2024-08-23T07:40:25.453752,2024-08-23T14:40:25.453752,"Palan Ganj, Bengaluru Urban"
5660,2026-06-15T19:40:25.454295,2026-06-16T14:40:25.454295,"Tiwari Zila, Raichur"
5661,2026-04-07T21:40:25.454665,2026-04-10T14:40:25.454665,"Taneja Path, Belagavi"
5662,2025-05-06T20:40:25.455204,2025-05-09T14:40:25.455204,"Khurana Marg, Bengaluru Urban"
5663,2026-02-15T21:40:25.455517,2026-02-18T14:40:25.455517,"Pandit Road, Koppal"
5664,2026-02-26T21:40:25.456087,2026-03-01T14:40:25.456087,"Ganguly Path, Belagavi"
5665,2026-03-30T18:40:25.456315,2026-04-02T14:40:25.456315,"Sodhi Street, Belagavi"
5666,2025-07-17T02:40:25.456908,2025-07-18T14:40:25.456908,"Nadig Marg, Bagalkote"
5667,2026-04-05T05:40:25.457416,2026-04-07T14:40:25.457416,"Gala Marg, Belagavi"
5668,2026-02-23T05:40:25.457765,2026-02-23T14:40:25.457765,"Nanda Marg, Bidar"
5669,2024-08-22T04:40:25.458257,2024-08-24T14:40:25.458257,"Balay Street, Belagavi"
5670,2026-03-24T05:40:25.458478,2026-03-25T14:40:25.458478,"Sangha Zila, Belagavi"
5671,2025-09-28T18:40:25.458936,2025-09-29T14:40:25.458936,"Patla Path, Ballari"
5672,2025-01-22T05:40:25.459512,2025-01-24T14:40:25.459512,"Rau Zila, Davanagere"
5673,2026-03-08T00:40:25.460228,2026-03-10T14:40:25.460228,"Uppal Zila, Belagavi"
5674,2024-09-27T03:40:25.460426,2024-09-29T14:40:25.460426,"Palan Circle, Ramanagara"
5675,2024-09-06T00:40:25.460676,2024-09-08T14:40:25.460676,"Palla Zila, Mysuru"
5676,2025-12-25T23:40:25.461130,2025-12-28T14:40:25.461130,"Bhatt Chowk, Belagavi"
5677,2025-07-26T03:40:25.461718,2025-07-28T14:40:25.461718,"Dewan Chowk, Raichur"
5678,2026-01-03T15:40:25.462175,2026-01-05T14:40:25.462175,"Shenoy Street, Belagavi"
5679,2026-01-20T22:40:25.462634,2026-01-23T14:40:25.462634,"Brar, Kolar"
5680,2024-07-22T03:40:25.462979,2024-07-24T14:40:25.462979,"Kakar Ganj, Haveri"
5681,2025-10-14T22:40:25.463181,2025-10-17T14:40:25.463181,"Hari Road, Belagavi"
5682,2025-09-02T06:40:25.463379,2025-09-04T14:40:25.463379,"Murthy Road, Belagavi"
5683,2025-03-25T08:40:25.463907,2025-03-26T14:40:25.463907,"Sethi Circle, Bagalkote"
5684,2025-02-17T09:40:25.464436,2025-02-17T14:40:25.464436,"Bhalla Circle, Bengaluru Rural"
5685,2024-08-15T10:40:25.464687,2024-08-16T14:40:25.464687,"Parekh Zila, Belagavi"
5686,2026-03-11T15:40:25.465115,2026-03-14T14:40:25.465115,"Thakkar Street, Belagavi"
5687,2024-12-14T15:40:25.465496,2024-12-16T14:40:25.465496,"Dass Circle, Belagavi"
5688,2025-11-08T21:40:25.466085,2025-11-09T14:40:25.466085,"Gole Street, Mysuru"
5689,2025-06-11T08:40:25.466682,2025-06-13T14:40:25.466682,"Sood Path, Belagavi"
5690,2026-02-03T18:40:25.467092,2026-02-04T14:40:25.467092,"Varma Chowk, Belagavi"
5691,2026-05-07T16:40:25.467276,2026-05-09T14:40:25.467276,"Banerjee Street, Koppal"
5692,2026-03-21T00:40:25.467487,2026-03-23T14:40:25.467487,"Boase Circle, Belagavi"
5693,2024-11-08T07:40:25.468072,2024-11-10T14:40:25.468072,"Swaminathan Marg, Bengaluru Urban"
5694,2026-06-16T08:40:25.468281,2026-06-18T14:40:25.468281,"Chaudry Nagar, Mysuru"
5695,2026-06-27T11:40:25.468687,2026-06-29T14:40:25.468687,"Loyal Marg, Yadgir"
5696,2026-02-13T22:40:25.469165,2026-02-14T14:40:25.469165,"Kothari Path, Tumakuru"
5697,2025-12-23T05:40:25.469463,2025-12-25T14:40:25.469463,"Lad Path, Dakshina Kannada"
5698,2026-06-22T13:40:25.470143,2026-06-23T14:40:25.470143,"Ramaswamy Nagar, Belagavi"
5699,2025-10-20T06:40:25.470520,2025-10-21T14:40:25.470520,"Subramanian Street, Gadag"
5700,2026-06-25T14:40:25.470929,2026-06-26T14:40:25.470929,"Ranganathan Ganj, Belagavi"
5701,2025-07-26T13:40:25.471172,2025-07-26T14:40:25.471172,"Deep Chowk, Belagavi"
5702,2025-12-17T02:40:25.471351,2025-12-17T14:40:25.471351,"Bir Marg, Mandya"
5703,2025-01-12T11:40:25.471730,2025-01-14T14:40:25.471730,"Oza Street, Mysuru"
5704,2024-09-02T00:40:25.472262,2024-09-04T14:40:25.472262,"Garg Chowk, Ballari"
5705,2024-12-02T12:40:25.472656,2024-12-03T14:40:25.472656,"Shanker Chowk, Belagavi"
5706,2026-02-03T21:40:25.473033,2026-02-04T14:40:25.473033,"Chander Path, Belagavi"
5707,2025-10-12T07:40:25.473198,2025-10-13T14:40:25.473198,"Bhardwaj Chowk, Ballari"
5708,2026-04-30T08:40:25.473626,2026-05-02T14:40:25.473626,"Kaur Zila, Belagavi"
5709,2025-02-04T04:40:25.474113,2025-02-05T14:40:25.474113,"Balan Circle, Yadgir"
5710,2026-01-29T17:40:25.474512,2026-01-30T14:40:25.474512,"Bhatti Ganj, Mysuru"
5711,2025-07-28T09:40:25.474902,2025-07-28T14:40:25.474902,"Kumar Nagar, Belagavi"
5712,2026-04-25T08:40:25.475287,2026-04-25T14:40:25.475287,"Sule, Vijayapura"
5713,2024-07-13T08:40:25.475653,2024-07-15T14:40:25.475653,"Menon Circle, Belagavi"
5714,2024-07-29T10:40:25.475924,2024-07-30T14:40:25.475924,"Sem, Mysuru"
5715,2024-08-07T12:40:25.476155,2024-08-07T14:40:25.476155,"Aurora Ganj, Vijayanagara"
5716,2025-11-20T18:40:25.476372,2025-11-21T14:40:25.476372,"Butala Ganj, Bagalkote"
5717,2025-06-15T08:40:25.476776,2025-06-17T14:40:25.476776,"Warrior Nagar, Bagalkote"
5718,2026-01-15T06:40:25.477242,2026-01-17T14:40:25.477242,"Bora Street, Belagavi"
5719,2026-04-09T09:40:25.477686,2026-04-10T14:40:25.477686,"Naidu Circle, Belagavi"
5720,2025-02-10T11:40:25.478042,2025-02-10T14:40:25.478042,"Natt Ganj, Chamarajanagara"
5721,2025-06-15T19:40:25.478652,2025-06-17T14:40:25.478652,"Narula Street, Bengaluru Rural"
5722,2025-05-14T18:40:25.478940,2025-05-16T14:40:25.478940,"Edwin Circle, Dharwad"
5723,2024-08-04T11:40:25.479422,2024-08-06T14:40:25.479422,"Chaudhary Circle, Chikkaballapura"
5724,2026-05-02T08:40:25.479669,2026-05-02T14:40:25.479669,"Swaminathan Ganj, Belagavi"
5725,2025-12-09T06:40:25.480107,2025-12-10T14:40:25.480107,"Krish Path, Belagavi"
5726,2025-07-01T14:40:25.480440,2025-07-02T14:40:25.480440,"Tandon Nagar, Vijayapura"
5727,2026-03-14T12:40:25.480867,2026-03-16T14:40:25.480867,"Trivedi Nagar, Mysuru"
5728,2024-10-20T18:40:25.481321,2024-10-22T14:40:25.481321,"Wason Street, Belagavi"
5729,2024-12-10T12:40:25.481713,2024-12-10T14:40:25.481713,"Kanda Road, Chikkaballapura"
5730,2024-10-10T06:40:25.481939,2024-10-11T14:40:25.481939,"Bhatia Ganj, Belagavi"
5731,2025-11-12T06:40:25.482388,2025-11-13T14:40:25.482388,"Patel Road, Bengaluru Urban"
5732,2026-04-15T02:40:25.482780,2026-04-17T14:40:25.482780,"Munshi Street, Kalaburagi"
5733,2026-04-04T22:40:25.482992,2026-04-05T14:40:25.482992,"Randhawa Chowk, Shivamogga"
5734,2026-05-04T23:40:25.483466,2026-05-07T14:40:25.483466,"Khare Ganj, Bidar"
5735,2026-03-21T07:40:25.484160,2026-03-21T14:40:25.484160,"Vyas Road, Belagavi"
5736,2026-02-13T13:40:25.484808,2026-02-15T14:40:25.484808,"Pillai Marg, Ramanagara"
5737,2026-02-26T06:40:25.485274,2026-02-27T14:40:25.485274,"Raj, Bidar"
5738,2024-10-18T01:40:25.485891,2024-10-19T14:40:25.485891,"Kara Circle, Ramanagara"
5739,2025-12-21T05:40:25.486195,2025-12-23T14:40:25.486195,"Vaidya Street, Yadgir"
5740,2025-08-09T06:40:25.486506,2025-08-09T14:40:25.486506,"Kara Road, Mysuru"
5741,2025-07-27T07:40:25.486990,2025-07-27T14:40:25.486990,"Madan Chowk, Chikkamagaluru"
5742,2025-10-13T02:40:25.487231,2025-10-13T14:40:25.487231,"Keer Path, Haveri"
5743,2025-09-12T16:40:25.487449,2025-09-15T14:40:25.487449,"Raju Circle, Kolar"
5744,2024-11-21T18:40:25.488126,2024-11-23T14:40:25.488126,"Ranganathan Marg, Chamarajanagara"
5745,2024-08-27T21:40:25.488446,2024-08-30T14:40:25.488446,"Devan Circle, Bengaluru Urban"
5746,2026-01-27T11:40:25.489124,2026-01-29T14:40:25.489124,"Mahajan Circle, Mysuru"
5747,2026-06-12T04:40:25.489494,2026-06-12T14:40:25.489494,"Saha Path, Belagavi"
5748,2025-11-30T04:40:25.489847,2025-12-01T14:40:25.489847,"Contractor Marg, Belagavi"
5749,2024-09-22T07:40:25.490032,2024-09-24T14:40:25.490032,"Banerjee Nagar, Belagavi"
5750,2025-11-11T18:40:25.490278,2025-11-13T14:40:25.490278,"Sharma Circle, Chikkamagaluru"
5751,2026-02-17T18:40:25.490604,2026-02-18T14:40:25.490604,"Misra Street, Kolar"
5752,2026-06-22T15:40:25.490848,2026-06-24T14:40:25.490848,"Chadha Road, Bengaluru Rural"
5753,2026-06-10T18:40:25.491470,2026-06-11T14:40:25.491470,"Kumar Chowk, Belagavi"
5754,2024-10-06T11:40:25.492111,2024-10-08T14:40:25.492111,"Luthra Ganj, Bengaluru Urban"
5755,2025-08-29T06:40:25.492580,2025-08-30T14:40:25.492580,"Nanda Ganj, Bengaluru Rural"
5756,2024-10-20T19:40:25.493077,2024-10-23T14:40:25.493077,"Shan Street, Belagavi"
5757,2025-05-04T21:40:25.493465,2025-05-05T14:40:25.493465,"Kanda Path, Belagavi"
5758,2025-12-16T05:40:25.493955,2025-12-16T14:40:25.493955,"Memon Street, Belagavi"
5759,2025-04-28T07:40:25.494332,2025-04-30T14:40:25.494332,"Patel Road, Gadag"
5760,2025-03-21T12:40:25.494695,2025-03-21T14:40:25.494695,"Nair Chowk, Yadgir"
5761,2025-04-15T06:40:25.495045,2025-04-15T14:40:25.495045,"Sanghvi Marg, Udupi"
5762,2025-09-24T15:40:25.495592,2025-09-27T14:40:25.495592,"Saxena Marg, Belagavi"
5763,2026-05-12T14:40:25.496174,2026-05-14T14:40:25.496174,"Puri Nagar, Belagavi"
5764,2024-07-10T04:40:25.496370,2024-07-11T14:40:25.496370,"Jani Nagar, Belagavi"
5765,2025-10-18T00:40:25.496602,2025-10-20T14:40:25.496602,"Sethi Chowk, Dakshina Kannada"
5766,2024-10-19T09:40:25.497040,2024-10-20T14:40:25.497040,"Dua Path, Bengaluru Rural"
5767,2026-01-10T22:40:25.497361,2026-01-11T14:40:25.497361,"Loyal Path, Davanagere"
5768,2024-12-17T10:40:25.497854,2024-12-18T14:40:25.497854,"Bose Zila, Bengaluru Urban"
5769,2025-03-14T19:40:25.498283,2025-03-15T14:40:25.498283,"Sant, Chikkaballapura"
5770,2025-08-18T19:40:25.498496,2025-08-20T14:40:25.498496,"Ravel Zila, Belagavi"
5771,2026-05-29T00:40:25.499110,2026-05-30T14:40:25.499110,"Rastogi Nagar, Dharwad"
5772,2025-02-17T23:40:25.499370,2025-02-20T14:40:25.499370,"Das Road, Mysuru"
5773,2026-02-24T03:40:25.500043,2026-02-24T14:40:25.500043,"Pant Road, Belagavi"
5774,2025-01-01T23:40:25.500518,2025-01-02T14:40:25.500518,"Kaur Zila, Bengaluru Rural"
5775,2025-09-03T11:40:25.501117,2025-09-03T14:40:25.501117,"Samra Zila, Mysuru"
5776,2025-09-05T13:40:25.501420,2025-09-06T14:40:25.501420,"Balay, Kodagu"
5777,2024-10-03T04:40:25.501735,2024-10-03T14:40:25.501735,"Arya Zila, Bagalkote"
5778,2026-05-28T00:40:25.502068,2026-05-29T14:40:25.502068,"Chawla Nagar, Belagavi"
5779,2025-08-28T22:40:25.502379,2025-08-30T14:40:25.502379,"Sahota Circle, Tumakuru"
5780,2025-03-20T03:40:25.502843,2025-03-21T14:40:25.502843,"Andra, Belagavi"
5781,2025-07-22T02:40:25.503362,2025-07-23T14:40:25.503362,"Jayaraman Marg, Belagavi"
5782,2026-04-23T05:40:25.504053,2026-04-24T14:40:25.504053,"Sundaram Nagar, Belagavi"
5783,2026-06-29T12:40:25.504668,2026-06-29T14:40:25.504668,"Khosla Road, Tumakuru"
5784,2024-07-28T03:40:25.505118,2024-07-29T14:40:25.505118,"Kala Zila, Davanagere"
5785,2025-09-13T20:40:25.505473,2025-09-14T14:40:25.505473,"Dayal Nagar, Bidar"
5786,2024-10-29T07:40:25.506028,2024-10-31T14:40:25.506028,"Chacko Circle, Dakshina Kannada"
5787,2025-11-02T09:40:25.506250,2025-11-02T14:40:25.506250,"Behl Ganj, Yadgir"
5788,2024-10-01T17:40:25.506465,2024-10-02T14:40:25.506465,"Warrior Nagar, Ballari"
5789,2025-04-25T21:40:25.506715,2025-04-27T14:40:25.506715,"Nori Road, Mysuru"
5790,2025-04-13T19:40:25.507174,2025-04-16T14:40:25.507174,"Saran Circle, Gadag"
5791,2026-04-13T20:40:25.507352,2026-04-14T14:40:25.507352,"Zacharia Circle, Gadag"
5792,2025-03-15T06:40:25.507585,2025-03-17T14:40:25.507585,"Samra Street, Kalaburagi"
5793,2025-08-31T06:40:25.507799,2025-09-02T14:40:25.507799,"Sen, Davanagere"
5794,2025-07-01T16:40:25.508193,2025-07-03T14:40:25.508193,"Madan Path, Shivamogga"
5795,2024-12-06T12:40:25.508371,2024-12-08T14:40:25.508371,"Ramakrishnan, Kalaburagi"
5796,2026-05-19T20:40:25.508597,2026-05-22T14:40:25.508597,"Ratti Zila, Belagavi"
5797,2026-03-15T16:40:25.509049,2026-03-17T14:40:25.509049,"Memon Marg, Shivamogga"
5798,2024-10-16T08:40:25.509446,2024-10-18T14:40:25.509446,"Shetty Zila, Belagavi"
5799,2025-12-05T13:40:25.509730,2025-12-07T14:40:25.509730,"Pall, Chitradurga"
5800,2026-01-11T01:40:25.510350,2026-01-13T14:40:25.510350,"Kalita Road, Belagavi"
5801,2026-06-12T03:40:25.510878,2026-06-12T14:40:25.510878,"Aurora Path, Kodagu"
5802,2026-04-28T18:40:25.511414,2026-04-30T14:40:25.511414,"Magar Circle, Belagavi"
5803,2026-06-01T04:40:25.511881,2026-06-02T14:40:25.511881,"Shan Circle, Chitradurga"
5804,2024-12-08T00:40:25.512246,2024-12-10T14:40:25.512246,"Sarraf Zila, Belagavi"
5805,2026-05-25T06:40:25.512840,2026-05-26T14:40:25.512840,"Kulkarni Zila, Belagavi"
5806,2025-07-06T07:40:25.513259,2025-07-08T14:40:25.513259,"Shukla Path, Belagavi"
5807,2026-03-27T21:40:25.513618,2026-03-30T14:40:25.513618,"Chatterjee Nagar, Belagavi"
5808,2024-07-16T02:40:25.514055,2024-07-18T14:40:25.514055,"Krishnan Road, Bengaluru Urban"
5809,2026-06-07T01:40:25.514378,2026-06-09T14:40:25.514378,"Pant Road, Belagavi"
5810,2026-06-08T13:40:25.514732,2026-06-10T14:40:25.514732,"Swaminathan Road, Bagalkote"
5811,2026-05-31T04:40:25.515141,2026-06-02T14:40:25.515141,"Gole Ganj, Belagavi"
5812,2026-04-21T22:40:25.515667,2026-04-24T14:40:25.515667,"Sant Ganj, Chitradurga"
5813,2025-01-03T21:40:25.515958,2025-01-04T14:40:25.515958,"Rastogi Zila, Bengaluru Urban"
5814,2025-02-14T04:40:25.516359,2025-02-14T14:40:25.516359,"Sethi Road, Hassan"
5815,2025-12-12T21:40:25.516867,2025-12-14T14:40:25.516867,"Warrior Chowk, Kalaburagi"
5816,2026-02-18T00:40:25.517033,2026-02-19T14:40:25.517033,"Bumb Circle, Belagavi"
5817,2025-06-21T20:40:25.517413,2025-06-24T14:40:25.517413,"Deol Street, Belagavi"
5818,2026-04-22T19:40:25.518057,2026-04-23T14:40:25.518057,"Dalal, Raichur"
5819,2026-04-28T11:40:25.518504,2026-04-28T14:40:25.518504,"Raman Ganj, Bagalkote"
5820,2024-10-18T11:40:25.519098,2024-10-20T14:40:25.519098,"Trivedi Ganj, Belagavi"
5821,2024-08-12T06:40:25.519344,2024-08-13T14:40:25.519344,"Narayan Chowk, Bengaluru Rural"
5822,2026-01-09T08:40:25.519738,2026-01-11T14:40:25.519738,"Mohan Street, Belagavi"
5823,2026-05-09T19:40:25.520151,2026-05-11T14:40:25.520151,"Prakash Road, Belagavi"
5824,2025-01-18T17:40:25.520355,2025-01-20T14:40:25.520355,"Bhatt Street, Bengaluru Rural"
5825,2025-11-01T00:40:25.521010,2025-11-03T14:40:25.521010,"Nagy Zila, Tumakuru"
5826,2026-03-28T22:40:25.521344,2026-03-30T14:40:25.521344,"Pandey Marg, Belagavi"
5827,2026-01-11T09:40:25.521671,2026-01-12T14:40:25.521671,"Gokhale Circle, Tumakuru"
5828,2026-03-25T13:40:25.521992,2026-03-26T14:40:25.521992,"Dutt Path, Tumakuru"
5829,2025-11-21T05:40:25.522165,2025-11-22T14:40:25.522165,"Sant Road, Kalaburagi"
5830,2024-07-27T03:40:25.522480,2024-07-29T14:40:25.522480,"Kumer Nagar, Belagavi"
5831,2025-12-05T11:40:25.522743,2025-12-06T14:40:25.522743,"Prashad Zila, Chamarajanagara"
5832,2024-12-31T07:40:25.523202,2025-01-02T14:40:25.523202,"Samra Street, Udupi"
5833,2024-07-12T20:40:25.523701,2024-07-14T14:40:25.523701,"Sankaran Chowk, Gadag"
5834,2026-04-25T15:40:25.524238,2026-04-27T14:40:25.524238,"Pau Road, Dharwad"
5835,2024-08-11T04:40:25.524750,2024-08-13T14:40:25.524750,"Kumar Marg, Belagavi"
5836,2024-07-10T21:40:25.525179,2024-07-12T14:40:25.525179,"Borra Circle, Vijayanagara"
5837,2026-02-22T12:40:25.525290,2026-02-23T14:40:25.525290,"Narayanan Nagar, Belagavi"
5838,2024-07-19T11:40:25.525645,2024-07-21T14:40:25.525645,"Chadha Path, Mysuru"
5839,2026-04-10T00:40:25.526137,2026-04-10T14:40:25.526137,"Hayer Nagar, Shivamogga"
5840,2026-05-27T02:40:25.526603,2026-05-27T14:40:25.526603,"Sarraf Road, Belagavi"
5841,2025-05-08T08:40:25.527008,2025-05-08T14:40:25.527008,"Rai Chowk, Haveri"
5842,2024-12-08T03:40:25.527326,2024-12-10T14:40:25.527326,"Wagle Circle, Vijayanagara"
5843,2025-09-15T22:40:25.528171,2025-09-18T14:40:25.528171,"Sami Circle, Bengaluru Rural"
5844,2026-03-14T03:40:25.528511,2026-03-14T14:40:25.528511,"Radhakrishnan Zila, Belagavi"
5845,2026-05-07T04:40:25.528789,2026-05-08T14:40:25.528789,"Merchant Zila, Bidar"
5846,2026-03-30T13:40:25.529386,2026-03-30T14:40:25.529386,"Kunda Nagar, Hassan"
5847,2025-05-11T11:40:25.529926,2025-05-11T14:40:25.529926,"Pillay Zila, Raichur"
5848,2025-05-26T19:40:25.530053,2025-05-27T14:40:25.530053,"Saini Zila, Belagavi"
5849,2025-11-12T10:40:25.530346,2025-11-13T14:40:25.530346,"Ahluwalia Zila, Shivamogga"
5850,2026-05-24T07:40:25.530787,2026-05-24T14:40:25.530787,"Kalla Circle, Belagavi"
5851,2026-04-30T21:40:25.531138,2026-05-02T14:40:25.531138,"Mukherjee Road, Belagavi"
5852,2025-07-28T16:40:25.531616,2025-07-29T14:40:25.531616,"Nair, Belagavi"
5853,2024-08-28T20:40:25.531909,2024-08-31T14:40:25.531909,"Toor Zila, Bagalkote"
5854,2025-08-21T02:40:25.532267,2025-08-21T14:40:25.532267,"Prashad Ganj, Vijayanagara"
5855,2024-08-16T03:40:25.532830,2024-08-17T14:40:25.532830,"Dey Chowk, Bengaluru Rural"
5856,2025-02-19T08:40:25.533174,2025-02-20T14:40:25.533174,"Muni, Kodagu"
5857,2026-06-30T06:40:25.533793,2026-07-01T14:40:25.533793,"Wable Street, Belagavi"
5858,2026-03-08T03:40:25.534050,2026-03-09T14:40:25.534050,"Pillai Ganj, Chikkaballapura"
5859,2026-05-11T18:40:25.534636,2026-05-12T14:40:25.534636,"Atwal Path, Koppal"
5860,2024-11-14T17:40:25.534853,2024-11-17T14:40:25.534853,"Merchant Road, Yadgir"
5861,2025-02-07T14:40:25.535205,2025-02-09T14:40:25.535205,"Barman Circle, Bagalkote"
5862,2025-08-29T14:40:25.535945,2025-09-01T14:40:25.535945,"Merchant Zila, Bengaluru Urban"
5863,2025-04-22T15:40:25.536531,2025-04-24T14:40:25.536531,"Gola Ganj, Bengaluru Urban"
5864,2025-07-16T23:40:25.537142,2025-07-19T14:40:25.537142,"Raman Circle, Belagavi"
5865,2025-05-22T05:40:25.537633,2025-05-22T14:40:25.537633,"Sura Road, Hassan"
5866,2026-04-09T12:40:25.538111,2026-04-11T14:40:25.538111,"Raju Path, Belagavi"
5867,2025-06-21T23:40:25.538673,2025-06-22T14:40:25.538673,"Tandon, Dharwad"
5868,2025-04-22T11:40:25.538904,2025-04-22T14:40:25.538904,"Kibe Street, Belagavi"
5869,2025-06-13T16:40:25.539155,2025-06-14T14:40:25.539155,"Sura Street, Koppal"
5870,2026-05-24T02:40:25.539362,2026-05-24T14:40:25.539362,"Nayar Chowk, Belagavi"
5871,2026-05-01T16:40:25.540215,2026-05-04T14:40:25.540215,"Ganesh Zila, Belagavi"
5872,2025-03-01T11:40:25.540436,2025-03-03T14:40:25.540436,"Sengupta, Chitradurga"
5873,2026-04-11T07:40:25.541071,2026-04-13T14:40:25.541071,"Chaudhry Ganj, Kolar"
5874,2025-03-02T21:40:25.541232,2025-03-05T14:40:25.541232,"Kashyap Nagar, Bengaluru Urban"
5875,2026-02-22T04:40:25.541465,2026-02-24T14:40:25.541465,"Chowdhury Chowk, Kolar"
5876,2025-12-22T14:40:25.541875,2025-12-24T14:40:25.541875,"Gour Ganj, Udupi"
5877,2024-08-10T10:40:25.542518,2024-08-12T14:40:25.542518,"Krishnamurthy Nagar, Mysuru"
5878,2025-07-01T13:40:25.543146,2025-07-01T14:40:25.543146,"Ramakrishnan Marg, Belagavi"
5879,2025-02-25T18:40:25.543729,2025-02-28T14:40:25.543729,"Dube Road, Bengaluru Urban"
5880,2026-06-28T00:40:25.544251,2026-06-29T14:40:25.544251,"Ahuja Ganj, Bengaluru Urban"
5881,2026-03-02T00:40:25.544800,2026-03-04T14:40:25.544800,"Sekhon Path, Koppal"
5882,2026-04-07T04:40:25.545236,2026-04-08T14:40:25.545236,"Raval Nagar, Belagavi"
5883,2025-11-09T16:40:25.545960,2025-11-11T14:40:25.545960,"Bhat Marg, Belagavi"
5884,2026-06-17T07:40:25.546202,2026-06-17T14:40:25.546202,"Shan Road, Vijayapura"
5885,2025-06-30T05:40:25.546429,2025-07-02T14:40:25.546429,"Barman Circle, Bengaluru Rural"
5886,2025-11-02T17:40:25.546705,2025-11-03T14:40:25.546705,"Shroff, Bidar"
5887,2024-12-17T03:40:25.546940,2024-12-19T14:40:25.546940,"Jain, Kolar"
5888,2025-10-29T11:40:25.547475,2025-10-30T14:40:25.547475,"Wali Road, Belagavi"
5889,2025-04-18T00:40:25.547752,2025-04-19T14:40:25.547752,"Arora Nagar, Kolar"
5890,2025-05-06T20:40:25.548213,2025-05-08T14:40:25.548213,"Jaggi Ganj, Davanagere"
5891,2025-12-14T22:40:25.548407,2025-12-16T14:40:25.548407,"Upadhyay Marg, Davanagere"
5892,2024-11-11T01:40:25.548800,2024-11-11T14:40:25.548800,"Bala Ganj, Chikkaballapura"
5893,2025-08-22T16:40:25.549041,2025-08-23T14:40:25.549041,"Kamdar Chowk, Udupi"
5894,2026-01-03T06:40:25.549361,2026-01-05T14:40:25.549361,"Goel, Belagavi"
5895,2025-05-16T05:40:25.549628,2025-05-17T14:40:25.549628,"Ghose Nagar, Ballari"
5896,2025-03-15T12:40:25.550208,2025-03-15T14:40:25.550208,"Borah Chowk, Ballari"
5897,2026-03-11T14:40:25.550685,2026-03-13T14:40:25.550685,"Sen Road, Bengaluru Urban"
5898,2026-05-10T16:40:25.551144,2026-05-12T14:40:25.551144,"Bava Path, Davanagere"
5899,2024-08-01T09:40:25.551641,2024-08-01T14:40:25.551641,"Purohit Ganj, Bengaluru Urban"
5900,2026-05-13T09:40:25.552386,2026-05-14T14:40:25.552386,"Comar Zila, Bengaluru Rural"
5901,2025-11-23T21:40:25.552668,2025-11-25T14:40:25.552668,"Mital Chowk, Vijayapura"
5902,2026-06-25T04:40:25.553002,2026-06-26T14:40:25.553002,"Venkataraman Ganj, Dakshina Kannada"
5903,2026-04-02T15:40:25.553223,2026-04-05T14:40:25.553223,"Nagi Ganj, Belagavi"
5904,2025-06-23T02:40:25.553533,2025-06-25T14:40:25.553533,"Palan Chowk, Mysuru"
5905,2026-03-20T09:40:25.554166,2026-03-20T14:40:25.554166,"Bandi Chowk, Belagavi"
5906,2025-01-28T01:40:25.554588,2025-01-29T14:40:25.554588,"Saraf Marg, Ballari"
5907,2025-01-23T09:40:25.555069,2025-01-25T14:40:25.555069,"Samra Street, Belagavi"
5908,2026-05-30T09:40:25.555261,2026-05-30T14:40:25.555261,"Peri Chowk, Raichur"
5909,2025-05-08T08:40:25.555736,2025-05-09T14:40:25.555736,"Ben Nagar, Dharwad"
5910,2024-10-09T03:40:25.556190,2024-10-10T14:40:25.556190,"Sunder Path, Chikkamagaluru"
5911,2024-07-26T05:40:25.556413,2024-07-27T14:40:25.556413,"Wable Road, Chamarajanagara"
5912,2025-02-01T13:40:25.556943,2025-02-01T14:40:25.556943,"Sarraf Chowk, Tumakuru"
5913,2025-11-14T00:40:25.557456,2025-11-16T14:40:25.557456,"Chahal Path, Chikkamagaluru"
5914,2026-02-25T10:40:25.558057,2026-02-25T14:40:25.558057,"Mammen Ganj, Bidar"
5915,2026-02-08T14:40:25.558323,2026-02-09T14:40:25.558323,"Viswanathan Ganj, Belagavi"
5916,2025-06-27T15:40:25.558529,2025-06-30T14:40:25.558529,"Sethi Nagar, Mandya"
5917,2025-09-18T17:40:25.558849,2025-09-20T14:40:25.558849,"Thakkar Chowk, Bengaluru Urban"
5918,2026-02-06T01:40:25.559052,2026-02-06T14:40:25.559052,"Madan Street, Belagavi"
5919,2025-05-01T07:40:25.559239,2025-05-01T14:40:25.559239,"Balasubramanian Road, Vijayapura"
5920,2026-01-20T02:40:25.559971,2026-01-22T14:40:25.559971,"Ravel Nagar, Bengaluru Urban"
5921,2026-06-12T22:40:25.560205,2026-06-15T14:40:25.560205,"Tak Marg, Chitradurga"
5922,2024-09-20T01:40:25.560406,2024-09-20T14:40:25.560406,"Pillay Ganj, Belagavi"
5923,2024-07-10T15:40:25.561004,2024-07-11T14:40:25.561004,"Sem Nagar, Mysuru"
5924,2025-01-22T11:40:25.561228,2025-01-22T14:40:25.561228,"Mishra Ganj, Mysuru"
5925,2026-06-05T05:40:25.561832,2026-06-05T14:40:25.561832,"Deshmukh Zila, Chikkamagaluru"
5926,2025-03-31T20:40:25.562130,2025-04-03T14:40:25.562130,"Kara Ganj, Belagavi"
5927,2025-10-12T18:40:25.562524,2025-10-14T14:40:25.562524,"Sheth Marg, Koppal"
5928,2026-03-30T11:40:25.562792,2026-04-01T14:40:25.562792,"Kale Road, Mandya"
5929,2026-04-03T06:40:25.563233,2026-04-04T14:40:25.563233,"Brahmbhatt Path, Dakshina Kannada"
5930,2026-01-26T11:40:25.563603,2026-01-26T14:40:25.563603,"Chauhan Ganj, Yadgir"
5931,2026-04-09T20:40:25.564379,2026-04-11T14:40:25.564379,"Amble, Vijayanagara"
5932,2026-02-24T01:40:25.564643,2026-02-24T14:40:25.564643,"Pathak Nagar, Kolar"
5933,2025-07-14T00:40:25.565203,2025-07-16T14:40:25.565203,"Maharaj Ganj, Belagavi"
5934,2025-11-18T22:40:25.565524,2025-11-20T14:40:25.565524,"Dubey Nagar, Belagavi"
5935,2025-01-25T21:40:25.565794,2025-01-26T14:40:25.565794,"Goswami Chowk, Belagavi"
5936,2025-07-01T09:40:25.566394,2025-07-03T14:40:25.566394,"Kar Ganj, Chikkamagaluru"
5937,2026-02-17T13:40:25.566521,2026-02-18T14:40:25.566521,"Anne Road, Kolar"
5938,2026-06-15T09:40:25.566938,2026-06-15T14:40:25.566938,"Kala Ganj, Dakshina Kannada"
5939,2025-10-16T15:40:25.567123,2025-10-19T14:40:25.567123,"Om Nagar, Shivamogga"
5940,2024-08-15T08:40:25.567442,2024-08-15T14:40:25.567442,"Dhar Nagar, Belagavi"
5941,2026-01-11T06:40:25.568179,2026-01-13T14:40:25.568179,"Rana Ganj, Belagavi"
5942,2024-07-21T19:40:25.568643,2024-07-23T14:40:25.568643,"Borde Ganj, Belagavi"
5943,2026-05-22T10:40:25.569208,2026-05-22T14:40:25.569208,"Prashad Road, Mandya"
5944,2025-10-08T11:40:25.569848,2025-10-09T14:40:25.569848,"Murthy Zila, Yadgir"
5945,2024-11-13T09:40:25.570196,2024-11-14T14:40:25.570196,"Tank Marg, Chitradurga"
5946,2025-04-23T00:40:25.570524,2025-04-24T14:40:25.570524,"Bhagat Circle, Bagalkote"
5947,2025-10-31T11:40:25.571197,2025-11-02T14:40:25.571197,"Pandit Circle, Belagavi"
5948,2026-05-08T15:40:25.571513,2026-05-10T14:40:25.571513,"Saini, Belagavi"
5949,2025-07-30T23:40:25.572230,2025-07-31T14:40:25.572230,"Suresh Road, Chamarajanagara"
5950,2025-01-09T13:40:25.572596,2025-01-11T14:40:25.572596,"Bakshi Street, Belagavi"
5951,2026-05-24T05:40:25.572939,2026-05-25T14:40:25.572939,"Ramachandran Ganj, Bengaluru Urban"
5952,2025-06-17T14:40:25.573352,2025-06-18T14:40:25.573352,"Chokshi Zila, Mandya"
5953,2026-03-18T05:40:25.573717,2026-03-18T14:40:25.573717,"Sidhu Marg, Mysuru"
5954,2024-11-03T16:40:25.574049,2024-11-04T14:40:25.574049,"Soni Circle, Dakshina Kannada"
5955,2025-02-05T03:40:25.574240,2025-02-05T14:40:25.574240,"Krishna Path, Chikkamagaluru"
5956,2025-11-15T15:40:25.574439,2025-11-16T14:40:25.574439,"Biswas Road, Belagavi"
5957,2026-06-01T02:40:25.574973,2026-06-03T14:40:25.574973,"Ramaswamy Circle, Belagavi"
5958,2024-10-24T12:40:25.575179,2024-10-25T14:40:25.575179,"Mutti Zila, Belagavi"
5959,2026-01-25T21:40:25.575717,2026-01-26T14:40:25.575717,"Kakar Chowk, Bengaluru Urban"
5960,2026-03-28T06:40:25.576106,2026-03-29T14:40:25.576106,"Kade Chowk, Hassan"
5961,2025-02-27T18:40:25.576450,2025-03-02T14:40:25.576450,"Sridhar, Bidar"
5962,2026-02-23T01:40:25.577125,2026-02-24T14:40:25.577125,"Misra Ganj, Vijayanagara"
5963,2024-09-25T00:40:25.577467,2024-09-27T14:40:25.577467,"Goswami Nagar, Vijayapura"
5964,2025-07-03T00:40:25.577740,2025-07-03T14:40:25.577740,"Dave Nagar, Dharwad"
5965,2025-04-19T06:40:25.577973,2025-04-19T14:40:25.577973,"Nadig Path, Tumakuru"
5966,2024-12-01T11:40:25.578255,2024-12-03T14:40:25.578255,"Pathak Circle, Udupi"
5967,2024-08-19T03:40:25.578456,2024-08-21T14:40:25.578456,"Sani Circle, Gadag"
5968,2024-10-26T11:40:25.578703,2024-10-28T14:40:25.578703,"D’Alia Ganj, Davanagere"
5969,2025-07-16T14:40:25.579199,2025-07-17T14:40:25.579199,"Chakraborty Zila, Ramanagara"
5970,2025-10-16T06:40:25.579517,2025-10-16T14:40:25.579517,"Singh, Belagavi"
5971,2025-03-20T22:40:25.580070,2025-03-23T14:40:25.580070,"Dara Nagar, Mysuru"
5972,2026-03-30T05:40:25.580418,2026-03-30T14:40:25.580418,"Lala Circle, Chitradurga"
5973,2026-01-07T06:40:25.581079,2026-01-07T14:40:25.581079,"Karnik Chowk, Ramanagara"
5974,2026-03-20T00:40:25.581531,2026-03-21T14:40:25.581531,"Sharaf Circle, Belagavi"
5975,2026-05-09T02:40:25.581818,2026-05-09T14:40:25.581818,"Batta Zila, Belagavi"
5976,2025-05-17T05:40:25.582169,2025-05-19T14:40:25.582169,"Rana, Yadgir"
5977,2026-04-19T16:40:25.582773,2026-04-22T14:40:25.582773,"Randhawa Ganj, Yadgir"
5978,2026-05-28T08:40:25.583007,2026-05-29T14:40:25.583007,"Subramaniam, Belagavi"
5979,2026-06-13T00:40:25.583312,2026-06-15T14:40:25.583312,"Gade, Tumakuru"
5980,2026-01-20T15:40:25.583524,2026-01-22T14:40:25.583524,"Bawa Nagar, Belagavi"
5981,2025-11-09T06:40:25.583811,2025-11-11T14:40:25.583811,"Bava Marg, Belagavi"
5982,2025-10-14T18:40:25.584092,2025-10-15T14:40:25.584092,"Batra Circle, Bengaluru Urban"
5983,2026-04-09T14:40:25.584326,2026-04-10T14:40:25.584326,"Edwin Marg, Yadgir"
5984,2026-06-12T12:40:25.584612,2026-06-13T14:40:25.584612,"Chahal Ganj, Ballari"
5985,2026-01-28T13:40:25.585170,2026-01-28T14:40:25.585170,"Sathe Nagar, Gadag"
5986,2026-05-12T03:40:25.585807,2026-05-12T14:40:25.585807,"Kothari Ganj, Belagavi"
5987,2025-08-14T17:40:25.586194,2025-08-17T14:40:25.586194,"Tank Street, Shivamogga"
5988,2026-06-12T21:40:25.586769,2026-06-15T14:40:25.586769,"Lad Road, Belagavi"
5989,2025-09-11T22:40:25.587345,2025-09-14T14:40:25.587345,"Basak Circle, Davanagere"
5990,2024-09-30T03:40:25.588101,2024-10-01T14:40:25.588101,"Lad Ganj, Kolar"
5991,2024-11-11T16:40:25.588458,2024-11-13T14:40:25.588458,"Deol Nagar, Raichur"
5992,2025-04-08T19:40:25.588783,2025-04-09T14:40:25.588783,"Pingle Path, Belagavi"
5993,2024-09-20T00:40:25.589262,2024-09-22T14:40:25.589262,"Chana, Hassan"
5994,2026-05-18T05:40:25.589521,2026-05-18T14:40:25.589521,"Guha Ganj, Bengaluru Urban"
5995,2025-05-03T16:40:25.590216,2025-05-04T14:40:25.590216,"Ganesh Chowk, Chitradurga"
5996,2025-04-08T12:40:25.590636,2025-04-08T14:40:25.590636,"Sandal, Mandya"
5997,2024-08-18T09:40:25.591230,2024-08-20T14:40:25.591230,"Choudhry Path, Bengaluru Rural"
5998,2026-06-10T14:40:25.591672,2026-06-13T14:40:25.591672,"Bedi Marg, Gadag"
5999,2026-02-21T03:40:25.591990,2026-02-22T14:40:25.591990,"Sarna Ganj, Belagavi"
6000,2026-03-03T12:40:25.592270,2026-03-03T14:40:25.592270,"Desai Ganj, Dharwad"
6001,2026-02-27T02:40:25.592647,2026-03-01T14:40:25.592647,"Bansal Chowk, Bengaluru Urban"
6002,2025-03-24T01:40:25.593147,2025-03-25T14:40:25.593147,"Kibe Zila, Chikkaballapura"
6003,2025-09-19T01:40:25.593487,2025-09-21T14:40:25.593487,"Comar, Koppal"
6004,2025-02-19T10:40:25.593883,2025-02-20T14:40:25.593883,"Grewal Road, Koppal"
6005,2026-02-22T23:40:25.594083,2026-02-23T14:40:25.594083,"Grover Road, Haveri"
6006,2026-07-01T00:40:25.594399,2026-07-03T14:40:25.594399,"Rana Street, Gadag"
6007,2026-05-09T23:40:25.594961,2026-05-10T14:40:25.594961,"Srinivasan Chowk, Tumakuru"
6008,2026-05-18T23:40:25.595413,2026-05-19T14:40:25.595413,"Parmar Circle, Belagavi"
6009,2025-03-31T12:40:25.596640,2025-04-02T14:40:25.596640,"Dewan Chowk, Chikkaballapura"
6010,2026-03-27T21:40:25.597098,2026-03-29T14:40:25.597098,"Mander Ganj, Belagavi"
6011,2024-11-28T22:40:25.597903,2024-11-30T14:40:25.597903,"Dash, Chamarajanagara"
6012,2024-10-29T18:40:25.599071,2024-10-30T14:40:25.599071,"Sengupta Path, Davanagere"
6013,2025-06-21T10:40:25.600074,2025-06-22T14:40:25.600074,"Basu Marg, Bengaluru Urban"
6014,2025-11-14T09:40:25.601059,2025-11-16T14:40:25.601059,"Sandal Road, Chitradurga"
6015,2025-11-07T22:40:25.601809,2025-11-10T14:40:25.601809,"Mangal Ganj, Belagavi"
6016,2025-03-11T16:40:25.603005,2025-03-12T14:40:25.603005,"Shah Ganj, Belagavi"
6017,2025-05-19T11:40:25.604119,2025-05-19T14:40:25.604119,"Chaudhary Zila, Bidar"
6018,2024-09-26T12:40:25.605142,2024-09-27T14:40:25.605142,"Nagarajan Street, Gadag"
6019,2025-05-14T17:40:25.605607,2025-05-17T14:40:25.605607,"Kalita Zila, Belagavi"
6020,2024-11-15T01:40:25.605914,2024-11-17T14:40:25.605914,"Ganguly Zila, Kalaburagi"
6021,2025-04-14T11:40:25.606139,2025-04-16T14:40:25.606139,"Chokshi Road, Ballari"
6022,2024-10-04T22:40:25.606376,2024-10-05T14:40:25.606376,"Sachar Ganj, Bagalkote"
6023,2025-08-06T20:40:25.606636,2025-08-09T14:40:25.606636,"Buch Nagar, Belagavi"
6024,2024-09-15T04:40:25.607524,2024-09-17T14:40:25.607524,"Cherian Nagar, Raichur"
6025,2025-08-25T15:40:25.608417,2025-08-28T14:40:25.608417,"Contractor Marg, Mysuru"
6026,2025-11-23T09:40:25.608722,2025-11-23T14:40:25.608722,"Sankaran Marg, Belagavi"
6027,2026-01-26T00:40:25.609377,2026-01-27T14:40:25.609377,"Dani Chowk, Belagavi"
6028,2025-12-19T21:40:25.609676,2025-12-21T14:40:25.609676,"Mallick Nagar, Hassan"
6029,2025-06-19T11:40:25.609942,2025-06-19T14:40:25.609942,"Narayan Marg, Dharwad"
6030,2024-10-16T14:40:25.610324,2024-10-18T14:40:25.610324,"Chatterjee, Koppal"
6031,2024-12-31T22:40:25.610581,2025-01-02T14:40:25.610581,"Prakash Nagar, Shivamogga"
6032,2024-10-17T06:40:25.611189,2024-10-18T14:40:25.611189,"Mander Zila, Belagavi"
6033,2026-02-20T23:40:25.611635,2026-02-21T14:40:25.611635,"Lad Chowk, Belagavi"
6034,2025-09-19T08:40:25.611923,2025-09-21T14:40:25.611923,"Prashad Chowk, Belagavi"
6035,2026-06-16T09:40:25.612144,2026-06-16T14:40:25.612144,"Tella Ganj, Belagavi"
6036,2024-10-16T10:40:25.612632,2024-10-17T14:40:25.612632,"Jain Street, Kolar"
6037,2024-12-27T14:40:25.613306,2024-12-30T14:40:25.613306,"Morar Zila, Udupi"
6038,2024-08-16T02:40:25.613941,2024-08-18T14:40:25.613941,"Ramakrishnan Path, Shivamogga"
6039,2026-05-01T19:40:25.614380,2026-05-04T14:40:25.614380,"Behl Street, Belagavi"
6040,2025-02-18T16:40:25.614906,2025-02-19T14:40:25.614906,"Atwal Road, Haveri"
6041,2025-11-20T13:40:25.615118,2025-11-21T14:40:25.615118,"Palla Zila, Ballari"
6042,2025-06-19T08:40:25.615460,2025-06-19T14:40:25.615460,"Ratti, Bengaluru Rural"
6043,2024-12-23T23:40:25.615969,2024-12-25T14:40:25.615969,"Pal Circle, Belagavi"
6044,2026-01-24T10:40:25.616605,2026-01-26T14:40:25.616605,"Gala Road, Belagavi"
6045,2025-04-15T13:40:25.616853,2025-04-16T14:40:25.616853,"Saini Path, Belagavi"
6046,2025-05-05T07:40:25.617392,2025-05-05T14:40:25.617392,"Tandon Zila, Bengaluru Rural"
6047,2026-05-04T15:40:25.617835,2026-05-07T14:40:25.617835,"Sharaf Street, Belagavi"
6048,2026-05-09T11:40:25.618316,2026-05-11T14:40:25.618316,"Goel Road, Belagavi"
6049,2025-09-22T00:40:25.618842,2025-09-23T14:40:25.618842,"Parmar Path, Bagalkote"
6050,2025-09-19T15:40:25.619189,2025-09-21T14:40:25.619189,"Sanghvi Road, Yadgir"
6051,2025-03-26T17:40:25.619504,2025-03-28T14:40:25.619504,"Manda, Ballari"
6052,2025-08-27T09:40:25.619793,2025-08-29T14:40:25.619793,"Pillai Nagar, Bagalkote"
6053,2025-06-26T09:40:25.620250,2025-06-28T14:40:25.620250,"Vaidya Zila, Chikkamagaluru"
6054,2025-10-20T12:40:25.620478,2025-10-22T14:40:25.620478,"Shetty Road, Tumakuru"
6055,2025-06-13T13:40:25.621103,2025-06-15T14:40:25.621103,"Thaman Road, Belagavi"
6056,2026-03-05T10:40:25.621331,2026-03-06T14:40:25.621331,"Ramanathan Chowk, Belagavi"
6057,2026-03-27T15:40:25.621673,2026-03-30T14:40:25.621673,"Viswanathan Zila, Kolar"
6058,2024-11-22T09:40:25.622026,2024-11-24T14:40:25.622026,"Balakrishnan Path, Bengaluru Urban"
6059,2025-08-05T15:40:25.622379,2025-08-07T14:40:25.622379,"Vasa Road, Belagavi"
6060,2024-09-29T18:40:25.622903,2024-10-02T14:40:25.622903,"Master Path, Udupi"
6061,2025-12-02T11:40:25.623359,2025-12-04T14:40:25.623359,"Kothari Marg, Koppal"
6062,2024-08-01T17:40:25.623485,2024-08-02T14:40:25.623485,"Chawla Path, Dakshina Kannada"
6063,2026-06-12T04:40:25.623950,2026-06-14T14:40:25.623950,"Khosla Nagar, Belagavi"
6064,2025-11-23T23:40:25.624423,2025-11-26T14:40:25.624423,"Dass Road, Bidar"
6065,2026-05-20T07:40:25.624993,2026-05-22T14:40:25.624993,"Bal Nagar, Yadgir"
6066,2026-06-15T13:40:25.625154,2026-06-15T14:40:25.625154,"Ravi Marg, Bengaluru Urban"
6067,2026-03-09T11:40:25.625854,2026-03-10T14:40:25.625854,"Bobal Circle, Belagavi"
6068,2025-06-19T08:40:25.626063,2025-06-20T14:40:25.626063,"Radhakrishnan Marg, Belagavi"
6069,2026-02-09T21:40:25.626518,2026-02-11T14:40:25.626518,"Sarraf, Koppal"
6070,2026-06-04T10:40:25.626952,2026-06-04T14:40:25.626952,"Kashyap Nagar, Belagavi"
6071,2025-12-16T00:40:25.627160,2025-12-18T14:40:25.627160,"Dewan Circle, Belagavi"
6072,2026-01-20T19:40:25.627623,2026-01-22T14:40:25.627623,"Chatterjee Path, Belagavi"
6073,2025-05-29T10:40:25.628080,2025-05-29T14:40:25.628080,"Chopra Circle, Ballari"
6074,2025-01-27T23:40:25.628423,2025-01-28T14:40:25.628423,"Jain Nagar, Belagavi"
6075,2025-06-19T05:40:25.628926,2025-06-19T14:40:25.628926,"Mahajan Path, Belagavi"
6076,2026-06-24T03:40:25.629274,2026-06-24T14:40:25.629274,"Bajwa Path, Belagavi"
6077,2025-02-27T21:40:25.629798,2025-03-01T14:40:25.629798,"Nayar Chowk, Chikkaballapura"
6078,2026-07-02T22:40:25.630244,2026-07-05T14:40:25.630244,"Rege Street, Belagavi"
6079,2025-04-25T15:40:25.630740,2025-04-27T14:40:25.630740,"Chaudhary Circle, Davanagere"
6080,2024-11-24T21:40:25.631062,2024-11-26T14:40:25.631062,"Bajwa Ganj, Yadgir"
6081,2026-03-06T06:40:25.631695,2026-03-07T14:40:25.631695,"Singh Zila, Ramanagara"
6082,2024-08-06T21:40:25.632316,2024-08-09T14:40:25.632316,"Lalla Road, Bengaluru Urban"
6083,2026-06-15T00:40:25.632894,2026-06-15T14:40:25.632894,"Prabhakar Street, Belagavi"
6084,2025-02-10T02:40:25.633424,2025-02-12T14:40:25.633424,"Contractor Nagar, Raichur"
6085,2024-10-30T13:40:25.633614,2024-10-30T14:40:25.633614,"Bir Zila, Vijayapura"
6086,2025-09-18T12:40:25.634180,2025-09-18T14:40:25.634180,"Ray Chowk, Tumakuru"
6087,2024-10-16T17:40:25.634908,2024-10-18T14:40:25.634908,"Nayak Chowk, Tumakuru"
6088,2025-04-23T18:40:25.635279,2025-04-26T14:40:25.635279,"More Circle, Shivamogga"
6089,2026-02-02T03:40:25.636119,2026-02-04T14:40:25.636119,"Karpe Zila, Belagavi"
6090,2025-07-26T07:40:25.636460,2025-07-27T14:40:25.636460,"Luthra Road, Mysuru"
6091,2026-05-12T00:40:25.637135,2026-05-14T14:40:25.637135,"Majumdar Zila, Belagavi"
6092,2026-04-02T09:40:25.637480,2026-04-02T14:40:25.637480,"Bir Ganj, Bengaluru Urban"
6093,2026-06-28T06:40:25.637861,2026-06-30T14:40:25.637861,"Narang Path, Belagavi"
6094,2025-01-15T16:40:25.638446,2025-01-18T14:40:25.638446,"Mann Ganj, Mysuru"
6095,2026-01-21T12:40:25.639045,2026-01-21T14:40:25.639045,"Ranganathan Marg, Bengaluru Urban"
6096,2026-06-14T05:40:25.639662,2026-06-14T14:40:25.639662,"Reddy Nagar, Belagavi"
6097,2025-02-02T16:40:25.640253,2025-02-03T14:40:25.640253,"Aurora Nagar, Mysuru"
6098,2026-04-23T11:40:25.640635,2026-04-23T14:40:25.640635,"Dasgupta Circle, Belagavi"
6099,2026-03-21T22:40:25.641226,2026-03-24T14:40:25.641226,"Mital, Belagavi"
6100,2026-06-02T22:40:25.641741,2026-06-05T14:40:25.641741,"Dubey, Belagavi"
6101,2025-01-07T12:40:25.642097,2025-01-09T14:40:25.642097,"Varma Street, Koppal"
6102,2025-12-28T21:40:25.642340,2025-12-29T14:40:25.642340,"Korpal Marg, Udupi"
6103,2025-12-20T23:40:25.642594,2025-12-21T14:40:25.642594,"Thakur Street, Bidar"
6104,2025-09-06T08:40:25.643115,2025-09-07T14:40:25.643115,"Batta Path, Bengaluru Urban"
6105,2025-07-05T07:40:25.643608,2025-07-06T14:40:25.643608,"Bava Road, Davanagere"
6106,2026-01-22T10:40:25.644321,2026-01-23T14:40:25.644321,"Kumer Chowk, Dharwad"
6107,2025-11-06T16:40:25.644780,2025-11-08T14:40:25.644780,"Seth Chowk, Ramanagara"
6108,2025-06-30T12:40:25.645255,2025-06-30T14:40:25.645255,"Viswanathan Chowk, Kodagu"
6109,2025-04-20T02:40:25.645800,2025-04-22T14:40:25.645800,"Koshy, Kodagu"
6110,2025-03-23T03:40:25.646270,2025-03-24T14:40:25.646270,"Yogi Chowk, Mysuru"
6111,2026-03-17T02:40:25.646607,2026-03-19T14:40:25.646607,"Shukla Path, Haveri"
6112,2026-04-11T03:40:25.647137,2026-04-13T14:40:25.647137,"Butala Path, Koppal"
6113,2025-05-01T19:40:25.647751,2025-05-02T14:40:25.647751,"Koshy, Chikkamagaluru"
6114,2024-07-15T20:40:25.647939,2024-07-18T14:40:25.647939,"Chacko Path, Belagavi"
6115,2025-04-19T22:40:25.648500,2025-04-22T14:40:25.648500,"Grewal Marg, Belagavi"
6116,2026-01-24T18:40:25.648803,2026-01-27T14:40:25.648803,"Borde Road, Belagavi"
6117,2025-05-06T07:40:25.649134,2025-05-08T14:40:25.649134,"Bala Circle, Dharwad"
6118,2025-12-23T09:40:25.649474,2025-12-25T14:40:25.649474,"Mody, Belagavi"
6119,2026-06-14T04:40:25.649909,2026-06-14T14:40:25.649909,"Sha Path, Yadgir"
6120,2026-06-11T06:40:25.650692,2026-06-11T14:40:25.650692,"Murthy Zila, Chitradurga"
6121,2026-07-08T23:40:25.651237,2026-07-09T14:40:25.651237,"Gulati Zila, Belagavi"
6122,2025-03-20T22:40:25.652004,2025-03-22T14:40:25.652004,"Srivastava Marg, Kalaburagi"
6123,2024-08-09T20:40:25.652373,2024-08-11T14:40:25.652373,"Raj Chowk, Bengaluru Rural"
6124,2024-09-27T02:40:25.652566,2024-09-29T14:40:25.652566,"Prasad Zila, Bengaluru Urban"
6125,2024-09-08T07:40:25.653060,2024-09-09T14:40:25.653060,"Vyas Chowk, Belagavi"
6126,2025-02-09T09:40:25.653624,2025-02-10T14:40:25.653624,"Mane Street, Vijayapura"
6127,2026-03-30T06:40:25.654228,2026-03-31T14:40:25.654228,"Dhar Nagar, Belagavi"
6128,2026-06-17T22:40:25.654736,2026-06-18T14:40:25.654736,"Gara Ganj, Belagavi"
6129,2026-06-04T08:40:25.655201,2026-06-04T14:40:25.655201,"Comar Chowk, Bengaluru Urban"
6130,2026-03-13T10:40:25.655385,2026-03-15T14:40:25.655385,"Konda Zila, Belagavi"
6131,2025-06-22T11:40:25.656136,2025-06-24T14:40:25.656136,"Dhar Zila, Yadgir"
6132,2026-03-27T23:40:25.656470,2026-03-30T14:40:25.656470,"Sahni Circle, Belagavi"
6133,2025-03-04T06:40:25.656901,2025-03-04T14:40:25.656901,"Hayre Marg, Udupi"
6134,2026-06-20T21:40:25.657479,2026-06-23T14:40:25.657479,"Basak Road, Belagavi"
6135,2026-02-03T18:40:25.658153,2026-02-05T14:40:25.658153,"Behl Chowk, Belagavi"
6136,2025-08-20T06:40:25.658794,2025-08-21T14:40:25.658794,"Pradhan Circle, Udupi"
6137,2025-09-05T02:40:25.659023,2025-09-05T14:40:25.659023,"Konda Street, Bengaluru Urban"
6138,2026-03-17T09:40:25.659507,2026-03-19T14:40:25.659507,"Mall Path, Bidar"
6139,2025-05-23T07:40:25.660161,2025-05-25T14:40:25.660161,"Barman Marg, Dharwad"
6140,2025-01-13T12:40:25.660517,2025-01-13T14:40:25.660517,"Vora Chowk, Haveri"
6141,2024-08-18T01:40:25.661060,2024-08-18T14:40:25.661060,"Mand Road, Belagavi"
6142,2025-07-06T02:40:25.661421,2025-07-08T14:40:25.661421,"Bath Path, Belagavi"
6143,2026-01-13T11:40:25.661912,2026-01-13T14:40:25.661912,"Aggarwal, Belagavi"
6144,2024-08-12T13:40:25.662614,2024-08-13T14:40:25.662614,"Aurora Circle, Mysuru"
6145,2024-07-23T22:40:25.663220,2024-07-24T14:40:25.663220,"Sabharwal Nagar, Belagavi"
6146,2025-11-14T09:40:25.663623,2025-11-15T14:40:25.663623,"Mody Path, Gadag"
6147,2025-05-17T18:40:25.664148,2025-05-19T14:40:25.664148,"Sem Path, Chikkamagaluru"
6148,2025-12-07T21:40:25.664378,2025-12-10T14:40:25.664378,"Baria Nagar, Chamarajanagara"
6149,2025-10-24T17:40:25.664944,2025-10-25T14:40:25.664944,"Aggarwal Zila, Mysuru"
6150,2024-08-31T04:40:25.665291,2024-08-31T14:40:25.665291,"Ram Zila, Kalaburagi"
6151,2024-11-03T03:40:25.665497,2024-11-04T14:40:25.665497,"Krishnan Street, Shivamogga"
6152,2026-02-01T23:40:25.666047,2026-02-02T14:40:25.666047,"Morar Road, Belagavi"
6153,2025-06-28T03:40:25.666673,2025-06-29T14:40:25.666673,"Kunda Road, Yadgir"
6154,2025-09-17T20:40:25.667292,2025-09-19T14:40:25.667292,"Ahluwalia Ganj, Belagavi"
6155,2025-03-02T01:40:25.667533,2025-03-04T14:40:25.667533,"Dugar Marg, Bengaluru Urban"
6156,2026-03-31T13:40:25.668274,2026-04-01T14:40:25.668274,"Ramakrishnan Road, Belagavi"
6157,2025-08-19T14:40:25.668921,2025-08-21T14:40:25.668921,"Deol Nagar, Chitradurga"
6158,2025-02-13T15:40:25.669285,2025-02-14T14:40:25.669285,"Sen Road, Belagavi"
6159,2026-01-01T11:40:25.669813,2026-01-03T14:40:25.669813,"Agrawal Zila, Belagavi"
6160,2026-02-25T09:40:25.670383,2026-02-25T14:40:25.670383,"Sibal Chowk, Belagavi"
6161,2024-10-28T12:40:25.671031,2024-10-30T14:40:25.671031,"Solanki, Chikkaballapura"
6162,2025-09-29T04:40:25.671639,2025-10-01T14:40:25.671639,"Grover, Mysuru"
6163,2024-12-16T01:40:25.672234,2024-12-18T14:40:25.672234,"Narayan Chowk, Bengaluru Rural"
6164,2025-04-14T10:40:25.672457,2025-04-14T14:40:25.672457,"Pandya Circle, Chamarajanagara"
6165,2024-08-20T11:40:25.673012,2024-08-22T14:40:25.673012,"Thakkar Street, Chamarajanagara"
6166,2025-09-10T09:40:25.673503,2025-09-12T14:40:25.673503,"Mahajan Nagar, Shivamogga"
6167,2024-11-08T13:40:25.674050,2024-11-08T14:40:25.674050,"Bhagat Ganj, Belagavi"
6168,2025-12-10T04:40:25.674252,2025-12-11T14:40:25.674252,"Dora Path, Belagavi"
6169,2025-03-21T10:40:25.675100,2025-03-23T14:40:25.675100,"Kashyap Path, Bengaluru Urban"
6170,2026-06-25T12:40:25.675343,2026-06-25T14:40:25.675343,"Munshi Marg, Mandya"
6171,2025-01-21T17:40:25.675451,2025-01-23T14:40:25.675451,"Vig Ganj, Mysuru"
6172,2025-08-15T01:40:25.676053,2025-08-15T14:40:25.676053,"Nori Ganj, Belagavi"
6173,2024-12-18T01:40:25.676604,2024-12-18T14:40:25.676604,"Kar Nagar, Dakshina Kannada"
6174,2024-09-03T05:40:25.677166,2024-09-03T14:40:25.677166,"Majumdar Circle, Bengaluru Urban"
6175,2024-12-04T05:40:25.677388,2024-12-06T14:40:25.677388,"Nigam Road, Shivamogga"
6176,2026-03-06T14:40:25.678043,2026-03-07T14:40:25.678043,"Rai Ganj, Belagavi"
6177,2024-09-15T04:40:25.678283,2024-09-15T14:40:25.678283,"Srivastava Nagar, Dharwad"
6178,2026-04-11T12:40:25.678691,2026-04-13T14:40:25.678691,"Rege Nagar, Belagavi"
6179,2025-03-23T16:40:25.678920,2025-03-26T14:40:25.678920,"Kari, Mandya"
6180,2024-10-22T04:40:25.679139,2024-10-24T14:40:25.679139,"Saran Chowk, Tumakuru"
6181,2025-10-10T04:40:25.679813,2025-10-10T14:40:25.679813,"De Chowk, Kolar"
6182,2025-09-10T16:40:25.680106,2025-09-13T14:40:25.680106,"Choudhury Ganj, Belagavi"
6183,2026-01-31T06:40:25.680323,2026-02-01T14:40:25.680323,"Guha Road, Bengaluru Urban"
6184,2026-02-24T02:40:25.680936,2026-02-25T14:40:25.680936,"Varughese Zila, Mandya"
6185,2024-07-22T08:40:25.681212,2024-07-24T14:40:25.681212,"Aurora Street, Kalaburagi"
6186,2025-01-08T02:40:25.681681,2025-01-08T14:40:25.681681,"Mannan Street, Mysuru"
6187,2026-02-26T07:40:25.682211,2026-02-26T14:40:25.682211,"Mand, Belagavi"
6188,2025-09-04T21:40:25.682420,2025-09-07T14:40:25.682420,"Jani Street, Bidar"
6189,2025-12-02T23:40:25.683087,2025-12-03T14:40:25.683087,"Mukhopadhyay Path, Dharwad"
6190,2024-07-17T16:40:25.683765,2024-07-18T14:40:25.683765,"Varma Street, Tumakuru"
6191,2026-03-29T11:40:25.684192,2026-03-31T14:40:25.684192,"Chaudry Nagar, Davanagere"
6192,2026-04-30T03:40:25.684781,2026-05-01T14:40:25.684781,"Dhingra Ganj, Belagavi"
6193,2026-05-27T18:40:25.684925,2026-05-30T14:40:25.684925,"Pandey Ganj, Chikkamagaluru"
6194,2025-02-23T20:40:25.685361,2025-02-24T14:40:25.685361,"Lalla Zila, Hassan"
6195,2025-07-10T11:40:25.685600,2025-07-12T14:40:25.685600,"Mane Path, Mysuru"
6196,2026-06-12T10:40:25.686225,2026-06-13T14:40:25.686225,"Kamdar Circle, Belagavi"
6197,2024-11-30T15:40:25.686865,2024-12-02T14:40:25.686865,"Panchal Zila, Bengaluru Urban"
6198,2026-02-21T23:40:25.687200,2026-02-23T14:40:25.687200,"Saha, Chamarajanagara"
6199,2025-03-20T20:40:25.687749,2025-03-21T14:40:25.687749,"Chandra Marg, Belagavi"
6200,2024-11-28T19:40:25.688440,2024-12-01T14:40:25.688440,"Sankar Path, Kolar"
6201,2026-05-30T22:40:25.689111,2026-05-31T14:40:25.689111,"Pau Street, Belagavi"
6202,2026-01-10T15:40:25.689304,2026-01-12T14:40:25.689304,"Karpe Road, Belagavi"
6203,2024-10-13T02:40:25.689511,2024-10-13T14:40:25.689511,"Mukhopadhyay, Chitradurga"
6204,2025-05-20T07:40:25.690164,2025-05-22T14:40:25.690164,"Johal Zila, Bidar"
6205,2025-05-03T18:40:25.690381,2025-05-06T14:40:25.690381,"Loke, Chikkamagaluru"
6206,2026-06-06T04:40:25.690836,2026-06-07T14:40:25.690836,"Aggarwal Ganj, Belagavi"
6207,2025-09-16T20:40:25.691203,2025-09-19T14:40:25.691203,"Verma Zila, Vijayapura"
6208,2026-01-28T04:40:25.691795,2026-01-30T14:40:25.691795,"Shetty Chowk, Belagavi"
6209,2024-12-02T03:40:25.692234,2024-12-04T14:40:25.692234,"Palan Ganj, Kodagu"
6210,2024-08-24T15:40:25.692819,2024-08-27T14:40:25.692819,"Tank Zila, Bengaluru Urban"
6211,2025-12-24T21:40:25.693302,2025-12-25T14:40:25.693302,"Choudhury Marg, Tumakuru"
6212,2026-02-27T13:40:25.693721,2026-03-01T14:40:25.693721,"Palla Ganj, Belagavi"
6213,2025-09-06T07:40:25.694312,2025-09-07T14:40:25.694312,"Khurana, Ramanagara"
6214,2024-09-22T15:40:25.694698,2024-09-24T14:40:25.694698,"Oza, Chikkaballapura"
6215,2025-12-04T08:40:25.695249,2025-12-06T14:40:25.695249,"Jayaraman Road, Vijayapura"
6216,2025-08-04T23:40:25.695468,2025-08-07T14:40:25.695468,"Thaker Marg, Bengaluru Rural"
6217,2026-01-09T00:40:25.696115,2026-01-11T14:40:25.696115,"Purohit Street, Belagavi"
6218,2025-03-01T14:40:25.696358,2025-03-03T14:40:25.696358,"Puri Road, Mysuru"
6219,2024-10-19T08:40:25.696771,2024-10-20T14:40:25.696771,"Bhargava Road, Dharwad"
6220,2026-04-05T17:40:25.697105,2026-04-07T14:40:25.697105,"Solanki Nagar, Kodagu"
6221,2026-04-14T08:40:25.697322,2026-04-15T14:40:25.697322,"Kari Path, Chitradurga"
6222,2025-06-13T20:40:25.697627,2025-06-16T14:40:25.697627,"Iyengar Marg, Vijayanagara"
6223,2026-06-24T00:40:25.698352,2026-06-26T14:40:25.698352,"Khalsa Circle, Haveri"
6224,2024-09-27T04:40:25.698913,2024-09-27T14:40:25.698913,"Loyal, Belagavi"
6225,2026-02-15T04:40:25.699271,2026-02-17T14:40:25.699271,"Sane Road, Belagavi"
6226,2026-07-10T09:40:25.699815,2026-07-11T14:40:25.699815,"Singh Road, Ramanagara"
6227,2025-05-26T10:40:25.700251,2025-05-28T14:40:25.700251,"Chana Street, Belagavi"
6228,2025-06-19T05:40:25.700629,2025-06-20T14:40:25.700629,"Din Zila, Haveri"
6229,2024-12-28T13:40:25.700898,2024-12-28T14:40:25.700898,"Dhingra Nagar, Belagavi"
6230,2025-12-23T17:40:25.701490,2025-12-26T14:40:25.701490,"Gopal Nagar, Belagavi"
6231,2026-02-24T16:40:25.702035,2026-02-25T14:40:25.702035,"Bal Zila, Belagavi"
6232,2025-07-04T03:40:25.702481,2025-07-04T14:40:25.702481,"Sethi Zila, Bengaluru Rural"
6233,2025-09-13T22:40:25.702771,2025-09-15T14:40:25.702771,"Baral Nagar, Kolar"
6234,2025-02-22T05:40:25.702997,2025-02-23T14:40:25.702997,"Toor Marg, Tumakuru"
6235,2025-12-07T16:40:25.703235,2025-12-08T14:40:25.703235,"Sawhney Circle, Bengaluru Urban"
6236,2026-05-14T13:40:25.703816,2026-05-16T14:40:25.703816,"Gole Nagar, Belagavi"
6237,2025-03-23T20:40:25.704480,2025-03-26T14:40:25.704480,"Gokhale Path, Koppal"
6238,2025-10-26T17:40:25.704763,2025-10-29T14:40:25.704763,"Mishra Street, Mysuru"
6239,2025-06-01T00:40:25.705258,2025-06-02T14:40:25.705258,"Chatterjee Path, Gadag"
6240,2026-01-03T11:40:25.705633,2026-01-05T14:40:25.705633,"Bir Marg, Haveri"
6241,2026-06-12T08:40:25.706293,2026-06-13T14:40:25.706293,"Golla Road, Belagavi"
6242,2024-07-09T22:40:25.706680,2024-07-12T14:40:25.706680,"Sem Zila, Ballari"
6243,2024-11-18T04:40:25.707037,2024-11-19T14:40:25.707037,"Kalla Street, Dakshina Kannada"
6244,2025-03-14T11:40:25.707255,2025-03-14T14:40:25.707255,"Ganesh Nagar, Vijayanagara"
6245,2026-04-22T02:40:25.707652,2026-04-23T14:40:25.707652,"Dara Circle, Belagavi"
6246,2026-07-03T15:40:25.708237,2026-07-06T14:40:25.708237,"Bawa Street, Chitradurga"
6247,2025-02-25T01:40:25.708752,2025-02-27T14:40:25.708752,"Dhar Zila, Mysuru"
6248,2024-11-30T10:40:25.708989,2024-12-01T14:40:25.708989,"Prabhakar Road, Belagavi"
6249,2026-01-15T08:40:25.709371,2026-01-15T14:40:25.709371,"Bhatnagar Ganj, Chikkaballapura"
6250,2026-03-20T12:40:25.709857,2026-03-22T14:40:25.709857,"Seshadri Marg, Koppal"
6251,2024-12-03T19:40:25.710244,2024-12-04T14:40:25.710244,"Buch Nagar, Bagalkote"
6252,2024-12-25T07:40:25.710903,2024-12-27T14:40:25.710903,"Palla Ganj, Shivamogga"
6253,2025-04-16T10:40:25.711126,2025-04-17T14:40:25.711126,"Venkataraman Path, Gadag"
6254,2026-05-04T09:40:25.711227,2026-05-04T14:40:25.711227,"Taneja Path, Chikkamagaluru"
6255,2026-01-14T19:40:25.711634,2026-01-17T14:40:25.711634,"Swamy Street, Belagavi"
6256,2024-10-25T09:40:25.711923,2024-10-26T14:40:25.711923,"Basak Street, Vijayanagara"
6257,2025-04-26T19:40:25.712188,2025-04-27T14:40:25.712188,"Sangha Chowk, Haveri"
6258,2026-02-19T16:40:25.712961,2026-02-21T14:40:25.712961,"Lanka Zila, Mysuru"
6259,2024-12-23T23:40:25.713384,2024-12-24T14:40:25.713384,"Madan, Davanagere"
6260,2026-05-30T06:40:25.713959,2026-06-01T14:40:25.713959,"Badami Ganj, Belagavi"
6261,2025-03-03T16:40:25.714529,2025-03-06T14:40:25.714529,"Merchant Chowk, Haveri"
6262,2024-12-21T15:40:25.715214,2024-12-23T14:40:25.715214,"Mallick Marg, Hassan"
6263,2025-09-12T22:40:25.715893,2025-09-13T14:40:25.715893,"Vohra Road, Kalaburagi"
6264,2024-12-02T21:40:25.716275,2024-12-03T14:40:25.716275,"Rajan Circle, Belagavi"
6265,2026-04-08T12:40:25.716933,2026-04-09T14:40:25.716933,"Ramanathan, Belagavi"
6266,2025-09-05T06:40:25.717422,2025-09-06T14:40:25.717422,"Bail Chowk, Belagavi"
6267,2025-03-28T12:40:25.717955,2025-03-30T14:40:25.717955,"Mammen Ganj, Chikkamagaluru"
6268,2024-12-25T09:40:25.718158,2024-12-25T14:40:25.718158,"Tailor, Belagavi"
6269,2025-02-08T04:40:25.718390,2025-02-08T14:40:25.718390,"Korpal Circle, Belagavi"
6270,2026-01-26T10:40:25.718913,2026-01-27T14:40:25.718913,"Prasad Circle, Hassan"
6271,2026-03-19T09:40:25.719143,2026-03-21T14:40:25.719143,"Banik Street, Belagavi"
6272,2025-02-12T20:40:25.719657,2025-02-15T14:40:25.719657,"Khatri Path, Mysuru"
6273,2025-03-11T01:40:25.720375,2025-03-13T14:40:25.720375,"Mahajan Ganj, Chikkamagaluru"
6274,2025-12-28T06:40:25.720922,2025-12-28T14:40:25.720922,"Narain Circle, Kolar"
6275,2026-03-29T04:40:25.721145,2026-03-31T14:40:25.721145,"Shere, Belagavi"
6276,2024-09-10T19:40:25.721839,2024-09-12T14:40:25.721839,"Edwin Circle, Udupi"
6277,2025-10-21T14:40:25.722278,2025-10-22T14:40:25.722278,"Subramanian Ganj, Belagavi"
6278,2025-07-04T08:40:25.722488,2025-07-05T14:40:25.722488,"Raman Street, Koppal"
6279,2024-07-29T17:40:25.722858,2024-07-30T14:40:25.722858,"Dave Road, Bengaluru Urban"
6280,2026-07-01T18:40:25.723153,2026-07-02T14:40:25.723153,"Desai Nagar, Belagavi"
6281,2025-03-13T17:40:25.723706,2025-03-15T14:40:25.723706,"Deol, Koppal"
6282,2026-06-14T14:40:25.724454,2026-06-15T14:40:25.724454,"Mammen Zila, Ballari"
6283,2025-08-29T01:40:25.725177,2025-08-29T14:40:25.725177,"Kala Marg, Mysuru"
6284,2026-04-23T03:40:25.725898,2026-04-23T14:40:25.725898,"Parmer Nagar, Dharwad"
6285,2026-01-19T22:40:25.726391,2026-01-21T14:40:25.726391,"Bhandari Chowk, Belagavi"
6286,2024-11-02T01:40:25.727074,2024-11-03T14:40:25.727074,"Palla Road, Ballari"
6287,2026-07-07T20:40:25.727606,2026-07-08T14:40:25.727606,"Trivedi Marg, Bengaluru Urban"
6288,2024-12-14T14:40:25.728211,2024-12-17T14:40:25.728211,"Bassi Road, Belagavi"
6289,2026-01-21T17:40:25.728633,2026-01-22T14:40:25.728633,"Gulati Circle, Belagavi"
6290,2024-12-21T22:40:25.729390,2024-12-22T14:40:25.729390,"Butala Circle, Kolar"
6291,2025-10-11T06:40:25.729838,2025-10-13T14:40:25.729838,"Nigam, Kalaburagi"
6292,2026-04-02T05:40:25.730315,2026-04-03T14:40:25.730315,"Raval Street, Belagavi"
6293,2025-01-16T14:40:25.730786,2025-01-18T14:40:25.730786,"De Zila, Davanagere"
6294,2025-09-12T12:40:25.731327,2025-09-13T14:40:25.731327,"Mistry Ganj, Vijayanagara"
6295,2026-05-03T11:40:25.731747,2026-05-03T14:40:25.731747,"Chandra Chowk, Udupi"
6296,2026-06-03T19:40:25.732040,2026-06-06T14:40:25.732040,"Minhas Nagar, Bengaluru Rural"
6297,2025-01-01T14:40:25.732567,2025-01-02T14:40:25.732567,"Deshpande Zila, Shivamogga"
6298,2025-05-14T06:40:25.733141,2025-05-14T14:40:25.733141,"Arya, Bengaluru Urban"
6299,2025-03-16T00:40:25.733826,2025-03-17T14:40:25.733826,"Kohli Zila, Dakshina Kannada"
6300,2026-02-19T13:40:25.734233,2026-02-21T14:40:25.734233,"Brar Ganj, Raichur"
6301,2025-01-08T23:40:25.734900,2025-01-11T14:40:25.734900,"Buch Chowk, Udupi"
6302,2026-05-28T06:40:25.735238,2026-05-29T14:40:25.735238,"Char Road, Chamarajanagara"
6303,2026-05-08T17:40:25.735713,2026-05-10T14:40:25.735713,"Madan Road, Bengaluru Rural"
6304,2025-01-25T01:40:25.736159,2025-01-25T14:40:25.736159,"Suresh, Belagavi"
6305,2026-06-21T20:40:25.736385,2026-06-23T14:40:25.736385,"Deshmukh Zila, Haveri"
6306,2026-03-10T10:40:25.736934,2026-03-10T14:40:25.736934,"Murty Ganj, Chitradurga"
6307,2025-08-22T10:40:25.737285,2025-08-22T14:40:25.737285,"Ravi Circle, Ballari"
6308,2025-07-26T16:40:25.737769,2025-07-29T14:40:25.737769,"Wable Zila, Koppal"
6309,2026-03-11T08:40:25.738355,2026-03-12T14:40:25.738355,"Purohit Chowk, Bengaluru Urban"
6310,2026-01-14T19:40:25.738954,2026-01-15T14:40:25.738954,"Radhakrishnan Path, Chamarajanagara"
6311,2025-03-03T05:40:25.739310,2025-03-04T14:40:25.739310,"Vohra Circle, Belagavi"
6312,2026-06-22T07:40:25.739575,2026-06-24T14:40:25.739575,"Bawa Circle, Belagavi"
6313,2025-08-19T19:40:25.739812,2025-08-22T14:40:25.739812,"Dalal Ganj, Mysuru"
6314,2025-06-06T02:40:25.740346,2025-06-08T14:40:25.740346,"Nagy Ganj, Shivamogga"
6315,2026-06-16T10:40:25.741060,2026-06-17T14:40:25.741060,"Konda Nagar, Chikkaballapura"
6316,2025-03-02T14:40:25.741857,2025-03-04T14:40:25.741857,"Sundaram, Ballari"
6317,2024-08-16T08:40:25.742450,2024-08-16T14:40:25.742450,"Agrawal Zila, Belagavi"
6318,2025-10-29T06:40:25.742892,2025-10-31T14:40:25.742892,"Thakkar Ganj, Koppal"
6319,2025-04-07T09:40:25.743506,2025-04-07T14:40:25.743506,"Tailor Ganj, Kolar"
6320,2026-04-26T20:40:25.743640,2026-04-27T14:40:25.743640,"Nadig Zila, Kalaburagi"
6321,2025-12-31T18:40:25.744288,2026-01-03T14:40:25.744288,"Vig Zila, Chikkaballapura"
6322,2026-04-14T03:40:25.744532,2026-04-16T14:40:25.744532,"Jani, Chikkaballapura"
6323,2025-05-12T10:40:25.745141,2025-05-14T14:40:25.745141,"Loyal Circle, Belagavi"
6324,2025-01-14T12:40:25.745349,2025-01-15T14:40:25.745349,"Halder Road, Chikkaballapura"
6325,2025-10-24T08:40:25.745908,2025-10-25T14:40:25.745908,"Sachdev Path, Dharwad"
6326,2025-12-08T19:40:25.746250,2025-12-11T14:40:25.746250,"Sachdeva Marg, Mysuru"
6327,2025-05-08T08:40:25.746639,2025-05-09T14:40:25.746639,"Gulati Chowk, Haveri"
6328,2025-07-15T10:40:25.747255,2025-07-17T14:40:25.747255,"Dave Marg, Ballari"
6329,2025-01-28T23:40:25.747775,2025-01-30T14:40:25.747775,"Bhargava, Mandya"
6330,2026-04-01T22:40:25.748243,2026-04-03T14:40:25.748243,"Mahajan Ganj, Yadgir"
6331,2025-07-29T13:40:25.748580,2025-07-31T14:40:25.748580,"Sani Zila, Shivamogga"
6332,2026-06-18T15:40:25.748843,2026-06-19T14:40:25.748843,"Sandhu Nagar, Belagavi"
6333,2026-05-11T17:40:25.749457,2026-05-13T14:40:25.749457,"Chokshi Street, Belagavi"
6334,2026-06-15T01:40:25.749910,2026-06-16T14:40:25.749910,"Salvi, Belagavi"
6335,2026-03-03T15:40:25.750140,2026-03-05T14:40:25.750140,"Krishnamurthy Ganj, Bengaluru Urban"
6336,2026-02-04T03:40:25.750828,2026-02-04T14:40:25.750828,"Grewal Ganj, Belagavi"
6337,2026-06-03T14:40:25.751192,2026-06-04T14:40:25.751192,"Karnik Street, Belagavi"
6338,2024-09-18T15:40:25.751883,2024-09-21T14:40:25.751883,"Solanki Street, Chikkaballapura"
6339,2025-11-15T15:40:25.752128,2025-11-17T14:40:25.752128,"Thaker Nagar, Mysuru"
6340,2025-07-29T18:40:25.752363,2025-07-30T14:40:25.752363,"Mane Road, Haveri"
6341,2026-05-20T09:40:25.752801,2026-05-22T14:40:25.752801,"Dash Zila, Koppal"
6342,2026-01-25T20:40:25.753385,2026-01-27T14:40:25.753385,"Rajagopalan Path, Chitradurga"
6343,2025-07-04T07:40:25.754149,2025-07-04T14:40:25.754149,"Sangha Nagar, Chamarajanagara"
6344,2025-11-28T09:40:25.754686,2025-11-30T14:40:25.754686,"Bhakta Street, Belagavi"
6345,2026-03-04T18:40:25.755061,2026-03-05T14:40:25.755061,"Shetty Circle, Belagavi"
6346,2026-04-18T17:40:25.755267,2026-04-20T14:40:25.755267,"Raja Ganj, Shivamogga"
6347,2024-12-09T17:40:25.755497,2024-12-11T14:40:25.755497,"Chaudry Path, Kodagu"
6348,2025-11-17T03:40:25.756266,2025-11-19T14:40:25.756266,"Sangha Nagar, Bengaluru Urban"
6349,2026-05-28T17:40:25.756493,2026-05-31T14:40:25.756493,"Saxena Ganj, Chikkamagaluru"
6350,2024-11-05T07:40:25.756912,2024-11-05T14:40:25.756912,"Sibal Path, Belagavi"
6351,2026-06-10T05:40:25.757139,2026-06-11T14:40:25.757139,"Lall Path, Belagavi"
6352,2025-12-10T13:40:25.757333,2025-12-12T14:40:25.757333,"Batta Path, Tumakuru"
6353,2025-08-09T03:40:25.757789,2025-08-09T14:40:25.757789,"Kala Street, Gadag"
6354,2024-07-17T13:40:25.758286,2024-07-18T14:40:25.758286,"Karnik Zila, Belagavi"
6355,2025-10-29T03:40:25.758662,2025-10-29T14:40:25.758662,"Sodhi Circle, Dakshina Kannada"
6356,2025-09-14T22:40:25.759153,2025-09-15T14:40:25.759153,"Sarraf Chowk, Belagavi"
6357,2025-01-17T00:40:25.759878,2025-01-19T14:40:25.759878,"Kibe Ganj, Bengaluru Urban"
6358,2025-01-30T09:40:25.760456,2025-01-30T14:40:25.760456,"Arora Nagar, Belagavi"
6359,2025-02-17T02:40:25.760747,2025-02-19T14:40:25.760747,"Ramesh Path, Kodagu"
6360,2025-10-28T06:40:25.761132,2025-10-29T14:40:25.761132,"Sankaran Circle, Dakshina Kannada"
6361,2025-03-22T14:40:25.761779,2025-03-23T14:40:25.761779,"Aurora Road, Vijayanagara"
6362,2026-04-24T12:40:25.762394,2026-04-26T14:40:25.762394,"Deo Road, Belagavi"
6363,2025-06-01T04:40:25.762747,2025-06-02T14:40:25.762747,"Bora Marg, Belagavi"
6364,2026-01-25T16:40:25.762968,2026-01-26T14:40:25.762968,"Nadkarni Zila, Shivamogga"
6365,2025-12-03T18:40:25.763414,2025-12-06T14:40:25.763414,"Hora, Belagavi"
6366,2025-07-28T23:40:25.764159,2025-07-29T14:40:25.764159,"Bali Marg, Raichur"
6367,2024-09-03T12:40:25.764581,2024-09-05T14:40:25.764581,"Misra Road, Dharwad"
6368,2024-12-20T08:40:25.764972,2024-12-22T14:40:25.764972,"Pillay Circle, Kalaburagi"
6369,2024-07-31T19:40:25.765439,2024-08-02T14:40:25.765439,"Thakkar Road, Shivamogga"
6370,2025-12-03T08:40:25.766239,2025-12-04T14:40:25.766239,"Shah, Belagavi"
6371,2024-09-20T12:40:25.766472,2024-09-22T14:40:25.766472,"Oommen Zila, Bengaluru Urban"
6372,2026-02-07T02:40:25.767037,2026-02-07T14:40:25.767037,"Patla Marg, Belagavi"
6373,2024-08-20T09:40:25.767421,2024-08-20T14:40:25.767421,"Bhalla Circle, Belagavi"
6374,2026-01-11T22:40:25.768376,2026-01-14T14:40:25.768376,"Arya Nagar, Belagavi"
6375,2025-11-22T15:40:25.769436,2025-11-25T14:40:25.769436,"Lall Zila, Kalaburagi"
6376,2026-01-14T23:40:25.770046,2026-01-15T14:40:25.770046,"Dash Circle, Belagavi"
6377,2026-03-27T15:40:25.771339,2026-03-29T14:40:25.771339,"Verma Nagar, Koppal"
6378,2026-04-19T20:40:25.771977,2026-04-21T14:40:25.771977,"Oak Chowk, Belagavi"
6379,2025-07-11T21:40:25.772381,2025-07-12T14:40:25.772381,"Trivedi Chowk, Belagavi"
6380,2026-05-30T00:40:25.773108,2026-05-30T14:40:25.773108,"Pathak, Haveri"
6381,2025-07-29T08:40:25.773672,2025-07-29T14:40:25.773672,"Tak Zila, Belagavi"
6382,2025-02-05T22:40:25.774052,2025-02-06T14:40:25.774052,"Nagar Zila, Bengaluru Urban"
6383,2026-01-09T04:40:25.774400,2026-01-09T14:40:25.774400,"Chawla, Mandya"
6384,2025-07-23T10:40:25.775113,2025-07-23T14:40:25.775113,"Sant Road, Vijayapura"
6385,2024-10-09T18:40:25.775339,2024-10-10T14:40:25.775339,"Sankar Street, Belagavi"
6386,2026-04-08T06:40:25.775743,2026-04-09T14:40:25.775743,"Ramachandran, Belagavi"
6387,2025-03-16T18:40:25.776345,2025-03-17T14:40:25.776345,"Butala Zila, Chitradurga"
6388,2026-05-22T19:40:25.776775,2026-05-25T14:40:25.776775,"Sarna Path, Belagavi"
6389,2026-01-12T23:40:25.777270,2026-01-13T14:40:25.777270,"Chhabra Nagar, Mandya"
6390,2026-04-14T17:40:25.778093,2026-04-17T14:40:25.778093,"Bhagat Street, Dharwad"
6391,2026-02-01T01:40:25.778679,2026-02-01T14:40:25.778679,"Dhawan Road, Tumakuru"
6392,2026-06-07T14:40:25.779002,2026-06-09T14:40:25.779002,"Mand Street, Ramanagara"
6393,2026-04-01T22:40:25.779211,2026-04-04T14:40:25.779211,"Nath Circle, Vijayanagara"
6394,2025-05-17T11:40:25.779959,2025-05-19T14:40:25.779959,"Nadig Road, Kalaburagi"
6395,2025-09-04T11:40:25.780278,2025-09-04T14:40:25.780278,"Munshi Street, Hassan"
6396,2026-03-01T12:40:25.781003,2026-03-03T14:40:25.781003,"Din Marg, Koppal"
6397,2025-02-04T00:40:25.781366,2025-02-04T14:40:25.781366,"Maharaj Street, Gadag"
6398,2025-08-15T12:40:25.781987,2025-08-15T14:40:25.781987,"Loyal Nagar, Belagavi"
6399,2025-07-27T14:40:25.782358,2025-07-28T14:40:25.782358,"Dada Marg, Chikkamagaluru"
6400,2026-05-14T09:40:25.782936,2026-05-15T14:40:25.782936,"Vasa Path, Bidar"
6401,2024-09-18T21:40:25.783628,2024-09-21T14:40:25.783628,"Dada Zila, Bengaluru Urban"
6402,2025-11-15T15:40:25.784318,2025-11-17T14:40:25.784318,"Bajwa Ganj, Kodagu"
6403,2025-12-29T16:40:25.784921,2026-01-01T14:40:25.784921,"Bakshi Street, Mysuru"
6404,2024-08-25T03:40:25.785392,2024-08-27T14:40:25.785392,"Parsa Zila, Bengaluru Urban"
6405,2025-06-12T07:40:25.786016,2025-06-13T14:40:25.786016,"Nori Circle, Shivamogga"
6406,2025-02-04T02:40:25.786510,2025-02-05T14:40:25.786510,"Nori Marg, Belagavi"
6407,2025-08-01T11:40:25.787225,2025-08-02T14:40:25.787225,"Chahal Nagar, Shivamogga"
6408,2026-04-22T06:40:25.787669,2026-04-24T14:40:25.787669,"Shere, Gadag"
6409,2026-04-21T22:40:25.787989,2026-04-22T14:40:25.787989,"Minhas Marg, Vijayapura"
6410,2026-05-14T10:40:25.788391,2026-05-14T14:40:25.788391,"Majumdar Ganj, Belagavi"
6411,2024-10-23T12:40:25.788833,2024-10-24T14:40:25.788833,"Borde Circle, Belagavi"
6412,2024-08-29T22:40:25.789209,2024-08-31T14:40:25.789209,"Ramakrishnan Street, Bengaluru Urban"
6413,2025-08-07T19:40:25.790018,2025-08-09T14:40:25.790018,"Yogi Ganj, Mysuru"
6414,2025-05-09T15:40:25.790368,2025-05-11T14:40:25.790368,"Mukherjee Ganj, Ballari"
6415,2024-10-30T10:40:25.790824,2024-10-31T14:40:25.790824,"Buch Road, Chikkaballapura"
6416,2025-12-14T13:40:25.791334,2025-12-14T14:40:25.791334,"Rajan Ganj, Koppal"
6417,2025-09-08T13:40:25.792096,2025-09-10T14:40:25.792096,"Andra Path, Kodagu"
6418,2025-02-22T23:40:25.792505,2025-02-25T14:40:25.792505,"Ratti Zila, Bidar"
6419,2025-11-24T19:40:25.793231,2025-11-27T14:40:25.793231,"Rege Marg, Bengaluru Urban"
6420,2025-03-19T22:40:25.793457,2025-03-22T14:40:25.793457,"Sem Circle, Shivamogga"
6421,2025-08-19T11:40:25.793877,2025-08-21T14:40:25.793877,"Mand, Udupi"
6422,2025-04-28T01:40:25.794233,2025-04-30T14:40:25.794233,"Bajaj Nagar, Kalaburagi"
6423,2026-05-10T13:40:25.794664,2026-05-11T14:40:25.794664,"Kata Circle, Koppal"
6424,2026-07-09T05:40:25.795051,2026-07-10T14:40:25.795051,"Maharaj Path, Belagavi"
6425,2024-12-29T23:40:25.795829,2025-01-01T14:40:25.795829,"Deshmukh Ganj, Belagavi"
6426,2026-03-15T15:40:25.796594,2026-03-16T14:40:25.796594,"Sinha Zila, Davanagere"
6427,2025-01-01T10:40:25.797148,2025-01-01T14:40:25.797148,"Ravi Street, Bengaluru Rural"
6428,2024-07-29T07:40:25.797687,2024-07-31T14:40:25.797687,"Sachdeva Chowk, Koppal"
6429,2024-12-28T23:40:25.798118,2024-12-30T14:40:25.798118,"Srinivas Zila, Davanagere"
6430,2026-05-19T06:40:25.798635,2026-05-20T14:40:25.798635,"Pradhan Street, Mandya"
6431,2024-08-13T02:40:25.799289,2024-08-15T14:40:25.799289,"Memon Street, Kodagu"
6432,2025-06-18T20:40:25.799876,2025-06-19T14:40:25.799876,"Sarma Street, Ballari"
6433,2026-03-16T23:40:25.800519,2026-03-19T14:40:25.800519,"Mammen Marg, Bengaluru Rural"
6434,2025-02-20T23:40:25.801109,2025-02-22T14:40:25.801109,"Gulati Marg, Kolar"
6435,2024-09-10T09:40:25.801905,2024-09-12T14:40:25.801905,"Kar Zila, Vijayapura"
6436,2025-04-14T01:40:25.802415,2025-04-14T14:40:25.802415,"Palla Nagar, Belagavi"
6437,2024-11-10T23:40:25.803171,2024-11-12T14:40:25.803171,"Sidhu Path, Shivamogga"
6438,2026-06-15T06:40:25.803449,2026-06-17T14:40:25.803449,"Dada Zila, Belagavi"
6439,2025-09-20T04:40:25.804177,2025-09-20T14:40:25.804177,"Raghavan Chowk, Bengaluru Urban"
6440,2024-11-21T23:40:25.804345,2024-11-23T14:40:25.804345,"Magar, Mysuru"
6441,2026-02-02T01:40:25.804806,2026-02-03T14:40:25.804806,"Bawa Zila, Belagavi"
6442,2025-07-28T20:40:25.805408,2025-07-29T14:40:25.805408,"Bhatti, Chikkaballapura"
6443,2024-08-02T05:40:25.805685,2024-08-03T14:40:25.805685,"Patla Road, Belagavi"
6444,2025-03-08T06:40:25.805943,2025-03-09T14:40:25.805943,"Golla, Dakshina Kannada"
6445,2024-08-17T20:40:25.806304,2024-08-18T14:40:25.806304,"Gulati Road, Bengaluru Urban"
6446,2025-05-05T19:40:25.806972,2025-05-07T14:40:25.806972,"Kumar Circle, Shivamogga"
6447,2026-04-29T07:40:25.807283,2026-04-29T14:40:25.807283,"Basak Chowk, Belagavi"
6448,2025-02-04T21:40:25.807681,2025-02-07T14:40:25.807681,"Chaudhary Road, Vijayapura"
6449,2026-06-13T23:40:25.808479,2026-06-16T14:40:25.808479,"Shah Ganj, Ramanagara"
6450,2025-10-01T20:40:25.808858,2025-10-03T14:40:25.808858,"Bobal Road, Koppal"
6451,2024-12-29T16:40:25.809462,2024-12-30T14:40:25.809462,"Sarma Circle, Mysuru"
6452,2025-05-26T09:40:25.809740,2025-05-27T14:40:25.809740,"Khare Zila, Yadgir"
6453,2026-05-10T14:40:25.810289,2026-05-12T14:40:25.810289,"Merchant Ganj, Belagavi"
6454,2025-07-31T09:40:25.810510,2025-08-01T14:40:25.810510,"Sahota Path, Bengaluru Urban"
6455,2026-05-31T04:40:25.811010,2026-06-02T14:40:25.811010,"Chaudry Marg, Shivamogga"
6456,2025-11-07T03:40:25.811361,2025-11-07T14:40:25.811361,"Zacharia Nagar, Chikkamagaluru"
6457,2025-04-15T22:40:25.812145,2025-04-16T14:40:25.812145,"Gola Ganj, Mandya"
6458,2026-02-24T02:40:25.812725,2026-02-26T14:40:25.812725,"Ganesh Street, Vijayapura"
6459,2024-09-13T04:40:25.813290,2024-09-13T14:40:25.813290,"Bose Ganj, Belagavi"
6460,2026-04-30T11:40:25.813693,2026-05-01T14:40:25.813693,"Savant Zila, Ballari"
6461,2026-01-06T23:40:25.814218,2026-01-08T14:40:25.814218,"Deol Marg, Dakshina Kannada"
6462,2025-09-13T06:40:25.814777,2025-09-13T14:40:25.814777,"Johal Nagar, Chikkamagaluru"
6463,2025-01-19T07:40:25.815291,2025-01-20T14:40:25.815291,"Anne Road, Belagavi"
6464,2025-12-27T17:40:25.816075,2025-12-28T14:40:25.816075,"Bahl Circle, Bengaluru Urban"
6465,2026-06-01T18:40:25.816438,2026-06-04T14:40:25.816438,"Hegde Chowk, Bengaluru Rural"
6466,2025-08-10T20:40:25.816689,2025-08-12T14:40:25.816689,"Shere Zila, Bengaluru Rural"
6467,2025-09-11T10:40:25.817064,2025-09-13T14:40:25.817064,"Anand Nagar, Bidar"
6468,2026-01-06T07:40:25.817297,2026-01-06T14:40:25.817297,"Mallick Ganj, Kalaburagi"
6469,2024-08-14T11:40:25.817990,2024-08-15T14:40:25.817990,"Ghose Circle, Udupi"
6470,2025-03-14T22:40:25.818229,2025-03-17T14:40:25.818229,"Dua Chowk, Ballari"
6471,2025-04-14T02:40:25.818960,2025-04-16T14:40:25.818960,"Sarraf Nagar, Bengaluru Urban"
6472,2025-12-30T11:40:25.819319,2026-01-01T14:40:25.819319,"Kala, Davanagere"
6473,2025-09-29T03:40:25.819897,2025-10-01T14:40:25.819897,"Keer Street, Bengaluru Urban"
6474,2024-10-22T03:40:25.820739,2024-10-24T14:40:25.820739,"Buch Road, Kolar"
6475,2025-09-27T05:40:25.821119,2025-09-29T14:40:25.821119,"Pal Path, Davanagere"
6476,2025-11-27T13:40:25.821468,2025-11-27T14:40:25.821468,"Kaur Ganj, Belagavi"
6477,2024-11-07T11:40:25.821899,2024-11-07T14:40:25.821899,"Venkatesh, Bengaluru Rural"
6478,2026-04-27T04:40:25.822167,2026-04-28T14:40:25.822167,"Seshadri Street, Bengaluru Urban"
6479,2024-11-19T13:40:25.822718,2024-11-21T14:40:25.822718,"Buch Ganj, Udupi"
6480,2025-08-09T14:40:25.823279,2025-08-12T14:40:25.823279,"Doshi Circle, Ballari"
6481,2024-08-24T00:40:25.823514,2024-08-26T14:40:25.823514,"Sharma Nagar, Mysuru"
6482,2026-03-06T23:40:25.824182,2026-03-09T14:40:25.824182,"Deshpande Street, Kolar"
6483,2026-01-26T06:40:25.824934,2026-01-26T14:40:25.824934,"Dugar Marg, Haveri"
6484,2025-05-15T06:40:25.825341,2025-05-17T14:40:25.825341,"Rao Ganj, Chamarajanagara"
6485,2026-05-10T20:40:25.826138,2026-05-13T14:40:25.826138,"Khurana Circle, Mandya"
6486,2025-08-09T06:40:25.826782,2025-08-11T14:40:25.826782,"Soman Zila, Ramanagara"
6487,2025-07-28T01:40:25.827160,2025-07-29T14:40:25.827160,"Dugar Street, Yadgir"
6488,2025-03-12T22:40:25.827719,2025-03-15T14:40:25.827719,"Karnik Ganj, Ramanagara"
6489,2025-01-08T10:40:25.828530,2025-01-09T14:40:25.828530,"Kamdar Path, Belagavi"
6490,2026-01-27T05:40:25.828909,2026-01-27T14:40:25.828909,"Bala Ganj, Belagavi"
6491,2025-03-15T04:40:25.829280,2025-03-15T14:40:25.829280,"Majumdar Chowk, Chamarajanagara"
6492,2024-12-31T02:40:25.829893,2025-01-02T14:40:25.829893,"Sunder Circle, Belagavi"
6493,2026-03-24T11:40:25.830247,2026-03-26T14:40:25.830247,"Lal Road, Belagavi"
6494,2025-08-22T02:40:25.830948,2025-08-22T14:40:25.830948,"Suresh Road, Chamarajanagara"
6495,2026-03-21T15:40:25.831649,2026-03-22T14:40:25.831649,"Keer Nagar, Belagavi"
6496,2026-07-01T17:40:25.832356,2026-07-03T14:40:25.832356,"Hora Marg, Tumakuru"
6497,2026-03-27T02:40:25.832951,2026-03-29T14:40:25.832951,"Mohanty Circle, Belagavi"
6498,2024-11-28T07:40:25.833653,2024-11-28T14:40:25.833653,"Anne Chowk, Bagalkote"
6499,2025-06-27T11:40:25.834119,2025-06-29T14:40:25.834119,"Aurora, Belagavi"
6500,2026-02-21T20:40:25.834774,2026-02-22T14:40:25.834774,"Balan Road, Belagavi"
6501,2026-05-24T06:40:25.835394,2026-05-26T14:40:25.835394,"Dyal Street, Belagavi"
6502,2025-03-26T06:40:25.835472,2025-03-27T14:40:25.835472,"Krishna Nagar, Belagavi"
6503,2025-06-12T10:40:25.836131,2025-06-13T14:40:25.836131,"Sathe Circle, Belagavi"
6504,2026-03-14T18:40:25.836517,2026-03-17T14:40:25.836517,"Shanker Street, Tumakuru"
6505,2025-09-03T12:40:25.837105,2025-09-04T14:40:25.837105,"Tiwari Nagar, Mandya"
6506,2025-10-26T17:40:25.837663,2025-10-28T14:40:25.837663,"Swaminathan Zila, Belagavi"
6507,2026-06-15T21:40:25.837942,2026-06-18T14:40:25.837942,"Sule Ganj, Belagavi"
6508,2026-06-03T17:40:25.838194,2026-06-06T14:40:25.838194,"Andra Road, Belagavi"
6509,2024-11-25T04:40:25.839063,2024-11-27T14:40:25.839063,"Kunda, Belagavi"
6510,2024-11-09T10:40:25.839594,2024-11-09T14:40:25.839594,"Bhat Circle, Chamarajanagara"
6511,2026-01-05T11:40:25.840216,2026-01-06T14:40:25.840216,"Raval Path, Belagavi"
6512,2025-06-15T04:40:25.840444,2025-06-16T14:40:25.840444,"Prasad Street, Dakshina Kannada"
6513,2025-01-27T16:40:25.840886,2025-01-30T14:40:25.840886,"Kothari Ganj, Gadag"
6514,2024-09-04T12:40:25.841103,2024-09-05T14:40:25.841103,"Solanki Marg, Shivamogga"
6515,2026-03-23T17:40:25.841793,2026-03-25T14:40:25.841793,"Narula Nagar, Belagavi"
6516,2026-04-08T17:40:25.842166,2026-04-11T14:40:25.842166,"Borah Marg, Belagavi"
6517,2024-07-09T13:40:25.842372,2024-07-11T14:40:25.842372,"Butala Road, Mysuru"
6518,2026-04-25T12:40:25.842815,2026-04-27T14:40:25.842815,"Goel Zila, Belagavi"
6519,2026-02-15T01:40:25.842922,2026-02-17T14:40:25.842922,"Suresh Path, Kalaburagi"
6520,2026-02-08T03:40:25.843321,2026-02-08T14:40:25.843321,"Chacko Chowk, Belagavi"
6521,2025-07-01T20:40:25.843703,2025-07-04T14:40:25.843703,"Devan Street, Yadgir"
6522,2026-04-10T03:40:25.844460,2026-04-12T14:40:25.844460,"Bhardwaj Zila, Shivamogga"
6523,2026-04-01T19:40:25.845115,2026-04-02T14:40:25.845115,"Setty Ganj, Belagavi"
6524,2026-01-21T15:40:25.845330,2026-01-23T14:40:25.845330,"Chatterjee Street, Chitradurga"
6525,2025-02-12T03:40:25.845583,2025-02-13T14:40:25.845583,"Vohra Nagar, Udupi"
6526,2025-02-14T11:40:25.845991,2025-02-14T14:40:25.845991,"Nadig Nagar, Koppal"
6527,2025-01-05T14:40:25.846461,2025-01-08T14:40:25.846461,"Randhawa Marg, Mysuru"
6528,2025-07-28T19:40:25.846895,2025-07-29T14:40:25.846895,"Saini Chowk, Gadag"
6529,2026-04-19T15:40:25.847396,2026-04-22T14:40:25.847396,"Luthra Nagar, Bengaluru Rural"
6530,2025-03-18T10:40:25.847811,2025-03-20T14:40:25.847811,"Rattan, Mandya"
6531,2025-02-07T06:40:25.848276,2025-02-08T14:40:25.848276,"Bhatt Ganj, Mysuru"
6532,2026-06-25T07:40:25.848587,2026-06-25T14:40:25.848587,"Bail Marg, Kalaburagi"
6533,2024-08-08T20:40:25.848851,2024-08-11T14:40:25.848851,"Rastogi Circle, Belagavi"
6534,2026-06-24T04:40:25.849481,2026-06-25T14:40:25.849481,"Rao Nagar, Haveri"
6535,2026-04-16T10:40:25.849903,2026-04-16T14:40:25.849903,"Barman, Belagavi"
6536,2026-06-28T17:40:25.850309,2026-07-01T14:40:25.850309,"Chakrabarti Road, Bagalkote"
6537,2026-02-26T18:40:25.850960,2026-03-01T14:40:25.850960,"Ganesh Chowk, Bidar"
6538,2025-04-26T06:40:25.851436,2025-04-26T14:40:25.851436,"Ghosh Zila, Davanagere"
6539,2025-01-27T02:40:25.851716,2025-01-29T14:40:25.851716,"Shanker Ganj, Ballari"
6540,2025-06-09T05:40:25.852026,2025-06-09T14:40:25.852026,"Walia Nagar, Chamarajanagara"
6541,2026-04-20T20:40:25.852713,2026-04-23T14:40:25.852713,"Baria Nagar, Davanagere"
6542,2024-10-24T03:40:25.853320,2024-10-24T14:40:25.853320,"Chada Street, Kalaburagi"
6543,2026-05-07T22:40:25.853900,2026-05-10T14:40:25.853900,"Varty Road, Raichur"
6544,2025-05-05T02:40:25.854411,2025-05-06T14:40:25.854411,"Shroff Chowk, Bengaluru Rural"
6545,2026-02-04T16:40:25.854987,2026-02-07T14:40:25.854987,"Sarin Zila, Belagavi"
6546,2026-01-04T19:40:25.855472,2026-01-05T14:40:25.855472,"Ahluwalia Street, Raichur"
6547,2026-01-02T22:40:25.856102,2026-01-05T14:40:25.856102,"Wali Zila, Chikkaballapura"
6548,2026-03-18T06:40:25.856341,2026-03-18T14:40:25.856341,"Goyal Ganj, Belagavi"
6549,2026-04-03T08:40:25.857194,2026-04-04T14:40:25.857194,"Gara, Belagavi"
6550,2026-06-10T07:40:25.857415,2026-06-10T14:40:25.857415,"Nadig, Kolar"
6551,2026-03-22T08:40:25.858113,2026-03-24T14:40:25.858113,"Pant Circle, Tumakuru"
6552,2024-08-06T13:40:25.858383,2024-08-08T14:40:25.858383,"Taneja Path, Belagavi"
6553,2026-05-26T00:40:25.858849,2026-05-28T14:40:25.858849,"Roy Nagar, Bagalkote"
6554,2026-02-20T02:40:25.859343,2026-02-22T14:40:25.859343,"Shukla Ganj, Koppal"
6555,2026-03-08T23:40:25.860163,2026-03-10T14:40:25.860163,"Chacko, Belagavi"
6556,2026-07-05T17:40:25.860510,2026-07-08T14:40:25.860510,"Mammen Zila, Belagavi"
6557,2026-03-21T01:40:25.861050,2026-03-22T14:40:25.861050,"Hari Path, Ramanagara"
6558,2024-10-26T04:40:25.861601,2024-10-26T14:40:25.861601,"Shankar Chowk, Belagavi"
6559,2026-01-10T22:40:25.862252,2026-01-13T14:40:25.862252,"Raval Road, Mysuru"
6560,2026-03-04T16:40:25.862607,2026-03-07T14:40:25.862607,"Ratti Marg, Belagavi"
6561,2025-05-01T19:40:25.863362,2025-05-02T14:40:25.863362,"Rai Zila, Bengaluru Urban"
6562,2025-06-16T10:40:25.864045,2025-06-16T14:40:25.864045,"Narayanan Marg, Vijayapura"
6563,2025-06-28T12:40:25.864668,2025-06-29T14:40:25.864668,"Nagarajan Street, Mysuru"
6564,2026-06-24T16:40:25.865301,2026-06-26T14:40:25.865301,"Mani Chowk, Belagavi"
6565,2026-04-04T22:40:25.865733,2026-04-05T14:40:25.865733,"Cherian Nagar, Haveri"
6566,2026-02-20T01:40:25.866367,2026-02-22T14:40:25.866367,"Jha Marg, Chikkamagaluru"
6567,2025-07-07T18:40:25.866623,2025-07-08T14:40:25.866623,"Yohannan, Chikkaballapura"
6568,2026-03-18T21:40:25.867279,2026-03-21T14:40:25.867279,"Kar Street, Chamarajanagara"
6569,2026-06-06T01:40:25.867892,2026-06-08T14:40:25.867892,"Ahuja Street, Belagavi"
6570,2026-06-09T14:40:25.868287,2026-06-10T14:40:25.868287,"Lad Nagar, Tumakuru"
6571,2024-10-28T04:40:25.868766,2024-10-28T14:40:25.868766,"Shere Path, Bengaluru Urban"
6572,2026-04-05T20:40:25.869278,2026-04-06T14:40:25.869278,"Apte, Belagavi"
6573,2025-05-18T03:40:25.869698,2025-05-20T14:40:25.869698,"Contractor Zila, Ramanagara"
6574,2026-02-15T10:40:25.870003,2026-02-16T14:40:25.870003,"Keer Zila, Bengaluru Urban"
6575,2025-07-24T04:40:25.870246,2025-07-25T14:40:25.870246,"Brahmbhatt Path, Tumakuru"
6576,2026-04-09T09:40:25.870688,2026-04-09T14:40:25.870688,"Thakur Ganj, Kolar"
6577,2025-08-27T14:40:25.871215,2025-08-30T14:40:25.871215,"Shere Road, Belagavi"
6578,2025-09-07T05:40:25.871615,2025-09-07T14:40:25.871615,"Dixit Road, Belagavi"
6579,2024-12-14T02:40:25.871940,2024-12-14T14:40:25.871940,"Pathak Street, Mysuru"
6580,2026-06-05T07:40:25.872353,2026-06-06T14:40:25.872353,"Nadig Chowk, Belagavi"
6581,2024-07-12T19:40:25.872850,2024-07-14T14:40:25.872850,"Iyengar Ganj, Mysuru"
6582,2026-03-26T14:40:25.873365,2026-03-28T14:40:25.873365,"Kata Path, Hassan"
6583,2025-01-01T05:40:25.873987,2025-01-02T14:40:25.873987,"Mukhopadhyay Road, Bagalkote"
6584,2024-09-30T07:40:25.874371,2024-10-01T14:40:25.874371,"Gulati Marg, Belagavi"
6585,2025-11-13T16:40:25.875067,2025-11-15T14:40:25.875067,"Rao Road, Bengaluru Urban"
6586,2025-04-24T16:40:25.875592,2025-04-27T14:40:25.875592,"Mangat Marg, Belagavi"
6587,2026-03-04T08:40:25.875927,2026-03-05T14:40:25.875927,"Mittal Chowk, Dakshina Kannada"
6588,2025-07-13T10:40:25.876479,2025-07-14T14:40:25.876479,"Mander Marg, Ramanagara"
6589,2026-06-21T22:40:25.877242,2026-06-23T14:40:25.877242,"Shere Ganj, Mysuru"
6590,2026-02-02T12:40:25.877972,2026-02-03T14:40:25.877972,"Pandey Street, Belagavi"
6591,2026-05-23T09:40:25.878685,2026-05-25T14:40:25.878685,"Balasubramanian Road, Chamarajanagara"
6592,2026-01-12T20:40:25.879239,2026-01-13T14:40:25.879239,"Mital Street, Koppal"
6593,2026-03-09T01:40:25.879880,2026-03-11T14:40:25.879880,"Loke Street, Belagavi"
6594,2024-11-03T09:40:25.880411,2024-11-04T14:40:25.880411,"Minhas Road, Yadgir"
6595,2026-04-16T10:40:25.881107,2026-04-16T14:40:25.881107,"Chandran Ganj, Belagavi"
6596,2026-03-19T14:40:25.882001,2026-03-22T14:40:25.882001,"Kulkarni Zila, Shivamogga"
6597,2025-08-07T03:40:25.882511,2025-08-07T14:40:25.882511,"Behl, Mysuru"
6598,2024-11-04T10:40:25.883246,2024-11-06T14:40:25.883246,"Kant Path, Chikkaballapura"
6599,2024-09-21T20:40:25.883979,2024-09-24T14:40:25.883979,"Zacharia Street, Yadgir"
6600,2025-11-08T07:40:25.884587,2025-11-09T14:40:25.884587,"Raja, Belagavi"
6601,2026-04-15T12:40:25.884847,2026-04-17T14:40:25.884847,"Ghosh Street, Belagavi"
6602,2024-09-15T05:40:25.885252,2024-09-15T14:40:25.885252,"Dubey Circle, Dakshina Kannada"
6603,2026-04-19T07:40:25.885479,2026-04-20T14:40:25.885479,"Dubey, Belagavi"
6604,2025-11-01T18:40:25.886151,2025-11-02T14:40:25.886151,"Sundaram Circle, Shivamogga"
6605,2024-10-16T02:40:25.886667,2024-10-17T14:40:25.886667,"Kari Road, Mandya"
6606,2024-10-16T22:40:25.887059,2024-10-19T14:40:25.887059,"Mahajan Nagar, Chikkaballapura"
6607,2025-02-04T18:40:25.887731,2025-02-05T14:40:25.887731,"Pingle, Belagavi"
6608,2025-08-12T17:40:25.888490,2025-08-14T14:40:25.888490,"Chad Path, Udupi"
6609,2026-04-07T19:40:25.889258,2026-04-09T14:40:25.889258,"Varghese Path, Belagavi"
6610,2024-11-23T01:40:25.889839,2024-11-25T14:40:25.889839,"Ramaswamy Ganj, Kalaburagi"
6611,2024-09-29T09:40:25.890366,2024-09-30T14:40:25.890366,"Devi Marg, Koppal"
6612,2025-01-10T02:40:25.890782,2025-01-12T14:40:25.890782,"Chaudhary Chowk, Belagavi"
6613,2026-02-21T00:40:25.891437,2026-02-23T14:40:25.891437,"Iyengar Path, Belagavi"
6614,2025-05-02T19:40:25.892088,2025-05-03T14:40:25.892088,"Chaudhary Path, Davanagere"
6615,2025-07-04T13:40:25.892477,2025-07-05T14:40:25.892477,"Baria Ganj, Gadag"
6616,2024-07-24T19:40:25.893266,2024-07-26T14:40:25.893266,"Batta Chowk, Chikkaballapura"
6617,2024-12-10T00:40:25.893630,2024-12-10T14:40:25.893630,"Bhargava Road, Kodagu"
6618,2024-12-27T14:40:25.894049,2024-12-29T14:40:25.894049,"Chahal Marg, Tumakuru"
6619,2025-07-05T08:40:25.894305,2025-07-07T14:40:25.894305,"Dayal Ganj, Chikkaballapura"
6620,2025-07-30T20:40:25.895215,2025-08-02T14:40:25.895215,"Sura, Chikkaballapura"
6621,2025-01-03T03:40:25.895718,2025-01-05T14:40:25.895718,"Varughese Marg, Kolar"
6622,2024-08-30T13:40:25.896114,2024-08-31T14:40:25.896114,"Bajwa Marg, Yadgir"
6623,2026-05-20T20:40:25.896919,2026-05-22T14:40:25.896919,"Kadakia, Koppal"
6624,2025-04-18T05:40:25.897618,2025-04-18T14:40:25.897618,"Dar Street, Belagavi"
6625,2025-07-31T01:40:25.898096,2025-08-02T14:40:25.898096,"Sharaf Circle, Bengaluru Urban"
6626,2025-09-05T03:40:25.898371,2025-09-07T14:40:25.898371,"Gole Road, Bidar"
6627,2025-08-07T01:40:25.898876,2025-08-09T14:40:25.898876,"Ranganathan Ganj, Ballari"
6628,2025-10-02T17:40:25.899612,2025-10-03T14:40:25.899612,"Handa, Bengaluru Urban"
6629,2024-11-26T04:40:25.900176,2024-11-27T14:40:25.900176,"Tara Marg, Belagavi"
6630,2026-06-12T04:40:25.900665,2026-06-12T14:40:25.900665,"Kunda Path, Belagavi"
6631,2024-10-14T19:40:25.900933,2024-10-15T14:40:25.900933,"Mitter Nagar, Davanagere"
6632,2024-08-13T09:40:25.901819,2024-08-14T14:40:25.901819,"Doctor Chowk, Chikkaballapura"
6633,2026-05-15T07:40:25.902504,2026-05-15T14:40:25.902504,"Verma, Mysuru"
6634,2025-12-29T23:40:25.903046,2026-01-01T14:40:25.903046,"Sachdeva Zila, Yadgir"
6635,2024-11-05T05:40:25.903670,2024-11-07T14:40:25.903670,"Naik, Mysuru"
6636,2024-11-22T03:40:25.904153,2024-11-24T14:40:25.904153,"Mall Path, Bengaluru Urban"
6637,2024-12-18T09:40:25.904635,2024-12-19T14:40:25.904635,"Lala Ganj, Chikkamagaluru"
6638,2024-09-15T01:40:25.905218,2024-09-15T14:40:25.905218,"Thaker Circle, Bagalkote"
6639,2025-08-14T12:40:25.905735,2025-08-15T14:40:25.905735,"Tata Street, Haveri"
6640,2026-04-01T16:40:25.906331,2026-04-03T14:40:25.906331,"Saran Circle, Belagavi"
6641,2025-07-06T04:40:25.906729,2025-07-06T14:40:25.906729,"Singhal Ganj, Ballari"
6642,2026-02-13T01:40:25.907000,2026-02-14T14:40:25.907000,"Gulati Chowk, Chikkaballapura"
6643,2026-05-11T02:40:25.907688,2026-05-13T14:40:25.907688,"Malhotra, Dharwad"
6644,2026-04-16T13:40:25.908062,2026-04-16T14:40:25.908062,"Lala, Belagavi"
6645,2026-04-11T23:40:25.908521,2026-04-13T14:40:25.908521,"Tailor Circle, Belagavi"
6646,2025-01-21T10:40:25.909398,2025-01-22T14:40:25.909398,"Desai Nagar, Mysuru"
6647,2025-11-16T05:40:25.909714,2025-11-18T14:40:25.909714,"Mohanty Nagar, Belagavi"
6648,2025-05-17T14:40:25.910300,2025-05-18T14:40:25.910300,"Jha Road, Vijayapura"
6649,2026-03-11T03:40:25.910794,2026-03-12T14:40:25.910794,"Din, Kalaburagi"
6650,2025-04-25T03:40:25.911438,2025-04-25T14:40:25.911438,"Bail Road, Shivamogga"
6651,2025-02-23T06:40:25.912227,2025-02-23T14:40:25.912227,"Narayan Path, Kalaburagi"
6652,2025-11-27T17:40:25.912479,2025-11-28T14:40:25.912479,"Gupta Marg, Belagavi"
6653,2026-02-05T04:40:25.913319,2026-02-06T14:40:25.913319,"Pingle Chowk, Belagavi"
6654,2026-04-29T03:40:25.914048,2026-04-30T14:40:25.914048,"Basu Circle, Belagavi"
6655,2026-03-17T00:40:25.914581,2026-03-19T14:40:25.914581,"Mahal Path, Mysuru"
6656,2025-05-18T15:40:25.915365,2025-05-20T14:40:25.915365,"Palan Circle, Bengaluru Urban"
6657,2024-10-21T19:40:25.915779,2024-10-22T14:40:25.915779,"Sani Circle, Belagavi"
6658,2025-03-27T20:40:25.916124,2025-03-30T14:40:25.916124,"Dugar Nagar, Chitradurga"
6659,2025-10-01T22:40:25.916470,2025-10-04T14:40:25.916470,"Parsa Ganj, Mysuru"
6660,2025-06-05T19:40:25.917066,2025-06-06T14:40:25.917066,"Tata Nagar, Bengaluru Urban"
6661,2026-02-28T15:40:25.917789,2026-03-02T14:40:25.917789,"Shan Zila, Shivamogga"
6662,2024-11-03T07:40:25.917982,2024-11-05T14:40:25.917982,"Sabharwal Street, Bidar"
6663,2026-05-09T16:40:25.918177,2026-05-12T14:40:25.918177,"Divan Chowk, Belagavi"
6664,2024-08-31T16:40:25.919091,2024-09-03T14:40:25.919091,"Sachdev Marg, Chikkaballapura"
6665,2025-08-18T13:40:25.919254,2025-08-18T14:40:25.919254,"Yogi Nagar, Mysuru"
6666,2025-03-21T00:40:25.919491,2025-03-23T14:40:25.919491,"Sunder Circle, Kodagu"
6667,2025-05-01T17:40:25.920190,2025-05-02T14:40:25.920190,"Bath Nagar, Bengaluru Urban"
6668,2024-11-02T06:40:25.920557,2024-11-04T14:40:25.920557,"Lad Marg, Vijayanagara"
6669,2024-11-02T19:40:25.920805,2024-11-03T14:40:25.920805,"Rao Zila, Belagavi"
6670,2025-10-11T09:40:25.921170,2025-10-13T14:40:25.921170,"Chander Road, Hassan"
6671,2025-01-23T03:40:25.921391,2025-01-24T14:40:25.921391,"Panchal Circle, Raichur"
6672,2025-05-02T19:40:25.922408,2025-05-03T14:40:25.922408,"Basak Road, Gadag"
6673,2025-03-21T09:40:25.923091,2025-03-22T14:40:25.923091,"Murthy Marg, Raichur"
6674,2026-03-15T15:40:25.923952,2026-03-17T14:40:25.923952,"Madan Marg, Raichur"
6675,2024-08-07T11:40:25.924580,2024-08-09T14:40:25.924580,"Sathe Circle, Bengaluru Urban"
6676,2025-01-08T18:40:25.925457,2025-01-11T14:40:25.925457,"Morar Path, Belagavi"
6677,2026-06-20T15:40:25.926410,2026-06-21T14:40:25.926410,"Chatterjee Road, Haveri"
6678,2025-02-02T21:40:25.927069,2025-02-05T14:40:25.927069,"Parikh, Mandya"
6679,2026-03-01T17:40:25.927373,2026-03-03T14:40:25.927373,"Divan Road, Vijayanagara"
6680,2024-10-13T12:40:25.928159,2024-10-15T14:40:25.928159,"Rajagopal Marg, Vijayanagara"
6681,2025-03-09T16:40:25.928636,2025-03-12T14:40:25.928636,"Pall Street, Dharwad"
6682,2025-03-13T07:40:25.929157,2025-03-14T14:40:25.929157,"Ratti Path, Chikkaballapura"
6683,2026-06-07T08:40:25.929300,2026-06-09T14:40:25.929300,"Zacharia Marg, Belagavi"
6684,2025-07-25T10:40:25.929706,2025-07-25T14:40:25.929706,"Desai, Raichur"
6685,2025-01-07T04:40:25.930219,2025-01-07T14:40:25.930219,"Kibe Road, Dharwad"
6686,2026-05-09T18:40:25.930935,2026-05-12T14:40:25.930935,"Radhakrishnan Street, Belagavi"
6687,2025-12-01T17:40:25.931800,2025-12-03T14:40:25.931800,"Kapur Path, Belagavi"
6688,2025-05-04T04:40:25.932345,2025-05-05T14:40:25.932345,"Chakraborty Path, Dharwad"
6689,2026-05-30T00:40:25.932819,2026-05-30T14:40:25.932819,"Reddy Zila, Mysuru"
6690,2025-08-05T01:40:25.933188,2025-08-05T14:40:25.933188,"Korpal Circle, Mysuru"
6691,2026-01-26T17:40:25.933431,2026-01-29T14:40:25.933431,"Karan Nagar, Belagavi"
6692,2025-04-26T12:40:25.933692,2025-04-27T14:40:25.933692,"Gola Street, Chitradurga"
6693,2025-11-17T22:40:25.934523,2025-11-19T14:40:25.934523,"Upadhyay Street, Mandya"
6694,2025-11-24T12:40:25.935316,2025-11-24T14:40:25.935316,"Nagy Path, Belagavi"
6695,2024-09-20T03:40:25.935579,2024-09-21T14:40:25.935579,"Khanna, Raichur"
6696,2025-09-21T22:40:25.935884,2025-09-23T14:40:25.935884,"Sha Chowk, Shivamogga"
6697,2025-02-16T03:40:25.936300,2025-02-18T14:40:25.936300,"Mann Road, Mandya"
6698,2026-03-09T21:40:25.937239,2026-03-11T14:40:25.937239,"Karnik Path, Yadgir"
6699,2025-03-20T17:40:25.937581,2025-03-22T14:40:25.937581,"Sankar Zila, Raichur"
6700,2026-05-26T14:40:25.938067,2026-05-29T14:40:25.938067,"Narula Chowk, Belagavi"
6701,2026-04-13T12:40:25.938841,2026-04-15T14:40:25.938841,"Dasgupta Chowk, Ballari"
6702,2026-05-16T22:40:25.939680,2026-05-18T14:40:25.939680,"Bedi Path, Bengaluru Urban"
6703,2025-01-28T09:40:25.940235,2025-01-29T14:40:25.940235,"Sachdeva, Koppal"
6704,2026-05-14T10:40:25.940800,2026-05-16T14:40:25.940800,"Deo Zila, Belagavi"
6705,2026-03-19T01:40:25.941326,2026-03-20T14:40:25.941326,"Sur Nagar, Belagavi"
6706,2025-09-29T15:40:25.941617,2025-10-01T14:40:25.941617,"Palan Chowk, Bidar"
6707,2026-04-01T14:40:25.942125,2026-04-04T14:40:25.942125,"Hayer Ganj, Yadgir"
6708,2024-12-28T02:40:25.943025,2024-12-28T14:40:25.943025,"Ratta Nagar, Belagavi"
6709,2025-11-10T04:40:25.943480,2025-11-11T14:40:25.943480,"Jayaraman Path, Bengaluru Rural"
6710,2026-02-26T10:40:25.944582,2026-02-28T14:40:25.944582,"Mohan Road, Belagavi"
6711,2026-05-28T22:40:25.945272,2026-05-31T14:40:25.945272,"De Nagar, Bagalkote"
6712,2025-10-21T20:40:25.946090,2025-10-23T14:40:25.946090,"Parmar Zila, Yadgir"
6713,2025-12-21T09:40:25.946969,2025-12-21T14:40:25.946969,"Bhagat Nagar, Belagavi"
6714,2026-06-07T19:40:25.947955,2026-06-10T14:40:25.947955,"Mani, Kalaburagi"
6715,2024-10-09T19:40:25.948212,2024-10-12T14:40:25.948212,"Malhotra Ganj, Kodagu"
6716,2026-03-29T06:40:25.949072,2026-03-30T14:40:25.949072,"Korpal Street, Belagavi"
6717,2025-12-24T02:40:25.949904,2025-12-25T14:40:25.949904,"Rajagopalan Marg, Gadag"
6718,2025-12-20T00:40:25.950362,2025-12-21T14:40:25.950362,"Bhakta Road, Davanagere"
6719,2026-03-09T10:40:25.951175,2026-03-10T14:40:25.951175,"Parekh Zila, Tumakuru"
6720,2025-02-04T16:40:25.951316,2025-02-07T14:40:25.951316,"Nanda Street, Belagavi"
6721,2026-05-30T23:40:25.951636,2026-06-02T14:40:25.951636,"Mahal Street, Belagavi"
6722,2026-01-29T01:40:25.952570,2026-01-31T14:40:25.952570,"Singhal Road, Bagalkote"
6723,2026-04-01T21:40:25.953148,2026-04-03T14:40:25.953148,"Hegde Circle, Belagavi"
6724,2026-04-08T23:40:25.953926,2026-04-10T14:40:25.953926,"Nagarajan Ganj, Belagavi"
6725,2026-05-12T12:40:25.954453,2026-05-12T14:40:25.954453,"Nigam Zila, Davanagere"
6726,2025-12-28T17:40:25.955000,2025-12-29T14:40:25.955000,"Vyas Chowk, Kolar"
6727,2025-03-30T09:40:25.955335,2025-03-30T14:40:25.955335,"Gola Marg, Kolar"
6728,2024-08-29T16:40:25.955891,2024-08-30T14:40:25.955891,"Dara Ganj, Chikkamagaluru"
6729,2026-05-03T21:40:25.956336,2026-05-05T14:40:25.956336,"Sarraf Ganj, Belagavi"
6730,2026-03-22T18:40:25.956899,2026-03-24T14:40:25.956899,"Wagle, Belagavi"
6731,2026-05-23T15:40:25.957602,2026-05-26T14:40:25.957602,"Naik Chowk, Yadgir"
6732,2025-04-20T17:40:25.958074,2025-04-21T14:40:25.958074,"Keer Marg, Bengaluru Urban"
6733,2026-05-11T06:40:25.958265,2026-05-11T14:40:25.958265,"Mallick Street, Belagavi"
6734,2026-05-27T09:40:25.959075,2026-05-29T14:40:25.959075,"Borra Path, Belagavi"
6735,2026-01-01T04:40:25.959905,2026-01-02T14:40:25.959905,"Ramaswamy Marg, Bengaluru Rural"
6736,2025-07-10T13:40:25.960478,2025-07-12T14:40:25.960478,"Butala Marg, Kolar"
6737,2025-11-27T05:40:25.961030,2025-11-28T14:40:25.961030,"Dhar Road, Kodagu"
6738,2026-01-20T23:40:25.961510,2026-01-23T14:40:25.961510,"Vyas Zila, Mysuru"
6739,2025-03-13T07:40:25.962261,2025-03-14T14:40:25.962261,"Yogi Street, Dharwad"
6740,2026-06-10T20:40:25.962676,2026-06-11T14:40:25.962676,"Bhatia Ganj, Davanagere"
6741,2025-05-29T05:40:25.963328,2025-05-31T14:40:25.963328,"Konda Street, Dakshina Kannada"
6742,2024-09-16T04:40:25.964297,2024-09-17T14:40:25.964297,"Bains Marg, Belagavi"
6743,2024-11-20T13:40:25.964673,2024-11-22T14:40:25.964673,"Cherian Marg, Belagavi"
6744,2025-03-28T01:40:25.965247,2025-03-29T14:40:25.965247,"Comar Marg, Kolar"
6745,2026-04-09T13:40:25.965599,2026-04-10T14:40:25.965599,"Das Path, Shivamogga"
6746,2024-10-24T15:40:25.966346,2024-10-27T14:40:25.966346,"Andra Path, Bidar"
6747,2026-02-21T21:40:25.967153,2026-02-23T14:40:25.967153,"Deshpande Marg, Belagavi"
6748,2025-01-15T19:40:25.967882,2025-01-18T14:40:25.967882,"Vala Path, Dharwad"
6749,2025-11-22T01:40:25.968129,2025-11-22T14:40:25.968129,"Chaudhuri Street, Gadag"
6750,2025-03-10T19:40:25.968710,2025-03-11T14:40:25.968710,"Gara Chowk, Ramanagara"
6751,2026-06-15T03:40:25.969343,2026-06-17T14:40:25.969343,"Sane Path, Belagavi"
6752,2025-04-24T22:40:25.970000,2025-04-25T14:40:25.970000,"Dalal Circle, Dakshina Kannada"
6753,2025-11-27T00:40:25.970231,2025-11-28T14:40:25.970231,"Sundaram Marg, Bengaluru Urban"
6754,2026-06-15T03:40:25.970883,2026-06-15T14:40:25.970883,"Modi Chowk, Kalaburagi"
6755,2026-06-16T06:40:25.971876,2026-06-18T14:40:25.971876,"Varughese Ganj, Tumakuru"
6756,2026-05-01T04:40:25.972317,2026-05-02T14:40:25.972317,"Dara Zila, Mysuru"
6757,2024-11-15T11:40:25.972950,2024-11-16T14:40:25.972950,"Bhatia Road, Mysuru"
6758,2025-05-03T00:40:25.973429,2025-05-05T14:40:25.973429,"Bains Street, Bidar"
6759,2024-09-02T22:40:25.973886,2024-09-04T14:40:25.973886,"Sastry Chowk, Hassan"
6760,2026-05-20T07:40:25.974680,2026-05-20T14:40:25.974680,"Kannan Ganj, Belagavi"
6761,2024-09-12T10:40:25.975377,2024-09-13T14:40:25.975377,"Som, Vijayanagara"
6762,2026-03-28T18:40:25.975979,2026-03-31T14:40:25.975979,"Garg, Mysuru"
6763,2025-12-25T16:40:25.976524,2025-12-27T14:40:25.976524,"Oak, Mysuru"
6764,2025-09-02T19:40:25.977381,2025-09-04T14:40:25.977381,"Dugal Nagar, Haveri"
6765,2025-07-30T05:40:25.977746,2025-08-01T14:40:25.977746,"Narain Marg, Chamarajanagara"
6766,2026-02-01T18:40:25.978088,2026-02-02T14:40:25.978088,"Bhavsar Zila, Bagalkote"
6767,2024-12-11T11:40:25.978982,2024-12-12T14:40:25.978982,"Amble, Shivamogga"
6768,2025-12-20T17:40:25.979687,2025-12-21T14:40:25.979687,"Tak Zila, Bengaluru Urban"
6769,2026-07-11T13:40:25.980461,2026-07-11T14:40:25.980461,"Dutt, Dakshina Kannada"
6770,2026-02-12T00:40:25.981155,2026-02-14T14:40:25.981155,"Dalal Marg, Belagavi"
6771,2025-11-01T13:40:25.982106,2025-11-01T14:40:25.982106,"Biswas Road, Belagavi"
6772,2025-08-12T14:40:25.982680,2025-08-15T14:40:25.982680,"Srinivas Street, Chikkaballapura"
6773,2025-12-18T04:40:25.983418,2025-12-18T14:40:25.983418,"Memon Nagar, Kalaburagi"
6774,2026-05-13T21:40:25.984207,2026-05-16T14:40:25.984207,"Mallick Circle, Vijayanagara"
6775,2024-09-04T06:40:25.984819,2024-09-06T14:40:25.984819,"Kannan Circle, Bengaluru Urban"
6776,2026-02-24T15:40:25.985627,2026-02-26T14:40:25.985627,"Amble Circle, Belagavi"
6777,2024-11-22T20:40:25.986420,2024-11-25T14:40:25.986420,"Sangha Street, Belagavi"
6778,2024-11-13T09:40:25.986981,2024-11-13T14:40:25.986981,"Nagar Marg, Chikkamagaluru"
6779,2024-09-21T20:40:25.987578,2024-09-23T14:40:25.987578,"Vora Zila, Udupi"
6780,2024-10-03T05:40:25.987910,2024-10-03T14:40:25.987910,"Ganesh Zila, Belagavi"
6781,2025-02-10T21:40:25.988469,2025-02-11T14:40:25.988469,"Chad Street, Tumakuru"
6782,2024-10-25T01:40:25.988841,2024-10-25T14:40:25.988841,"Shukla, Ramanagara"
6783,2025-06-02T05:40:25.989602,2025-06-02T14:40:25.989602,"Butala Circle, Kalaburagi"
6784,2025-01-13T16:40:25.990086,2025-01-14T14:40:25.990086,"Wagle Chowk, Kodagu"
6785,2025-09-16T22:40:25.990823,2025-09-18T14:40:25.990823,"Gupta Nagar, Haveri"
6786,2026-01-31T08:40:25.991643,2026-02-01T14:40:25.991643,"Prakash Ganj, Belagavi"
6787,2026-03-21T05:40:25.992135,2026-03-22T14:40:25.992135,"Hari Zila, Belagavi"
6788,2024-08-07T06:40:25.992673,2024-08-07T14:40:25.992673,"Badami Ganj, Yadgir"
6789,2026-02-28T19:40:25.992857,2026-03-02T14:40:25.992857,"Balan Marg, Belagavi"
6790,2024-09-10T17:40:25.993406,2024-09-12T14:40:25.993406,"Sant Nagar, Belagavi"
6791,2025-03-29T23:40:25.993820,2025-03-30T14:40:25.993820,"Naik Ganj, Belagavi"
6792,2025-09-08T00:40:25.994269,2025-09-10T14:40:25.994269,"Vasa Ganj, Belagavi"
6793,2026-03-03T17:40:25.994558,2026-03-04T14:40:25.994558,"Swaminathan Circle, Belagavi"
6794,2025-11-02T01:40:25.995169,2025-11-04T14:40:25.995169,"Magar Marg, Chamarajanagara"
6795,2024-10-15T06:40:25.995415,2024-10-16T14:40:25.995415,"Rama Road, Belagavi"
6796,2025-02-06T05:40:25.996425,2025-02-08T14:40:25.996425,"Bhatti Ganj, Belagavi"
6797,2026-07-03T13:40:25.996908,2026-07-04T14:40:25.996908,"Ramanathan Street, Bengaluru Urban"
6798,2026-05-16T09:40:25.997612,2026-05-16T14:40:25.997612,"Yadav, Belagavi"
6799,2025-01-25T23:40:25.998030,2025-01-28T14:40:25.998030,"Morar Circle, Ballari"
6800,2024-12-06T20:40:25.998702,2024-12-07T14:40:25.998702,"Karan Chowk, Chikkamagaluru"
6801,2026-05-26T13:40:25.999074,2026-05-26T14:40:25.999074,"Ahuja Road, Dakshina Kannada"
6802,2024-07-30T22:40:25.999580,2024-07-31T14:40:25.999580,"Chad Circle, Kolar"
6803,2025-06-03T12:40:26.000559,2025-06-04T14:40:26.000559,"Walia Road, Belagavi"
6804,2024-11-21T18:40:26.001063,2024-11-24T14:40:26.001063,"Kala, Ramanagara"
6805,2025-04-26T03:40:26.001376,2025-04-28T14:40:26.001376,"Parekh Chowk, Kalaburagi"
6806,2025-05-17T12:40:26.002142,2025-05-19T14:40:26.002142,"Char, Belagavi"
6807,2025-05-30T23:40:26.002760,2025-06-02T14:40:26.002760,"Bawa Nagar, Dharwad"
6808,2025-09-23T03:40:26.003077,2025-09-25T14:40:26.003077,"Basak Circle, Vijayanagara"
6809,2026-06-01T09:40:26.003676,2026-06-02T14:40:26.003676,"Gara Chowk, Dharwad"
6810,2025-01-03T05:40:26.004407,2025-01-05T14:40:26.004407,"Kuruvilla Ganj, Belagavi"
6811,2025-02-15T05:40:26.004782,2025-02-15T14:40:26.004782,"Gola Nagar, Bidar"
6812,2025-04-23T16:40:26.005201,2025-04-26T14:40:26.005201,"Krishnan Chowk, Yadgir"
6813,2025-09-30T21:40:26.005698,2025-10-03T14:40:26.005698,"Loyal Marg, Bengaluru Urban"
6814,2024-09-02T12:40:26.006295,2024-09-04T14:40:26.006295,"Chopra Chowk, Mysuru"
6815,2026-01-29T10:40:26.007077,2026-01-29T14:40:26.007077,"Loyal Circle, Belagavi"
6816,2024-10-09T02:40:26.007579,2024-10-09T14:40:26.007579,"Pant, Belagavi"
6817,2024-11-24T22:40:26.007931,2024-11-25T14:40:26.007931,"Sehgal Zila, Chikkamagaluru"
6818,2024-08-15T20:40:26.008414,2024-08-17T14:40:26.008414,"Iyer Nagar, Bagalkote"
6819,2024-09-16T08:40:26.009192,2024-09-16T14:40:26.009192,"Randhawa Zila, Dharwad"
6820,2026-02-24T17:40:26.009903,2026-02-27T14:40:26.009903,"Kohli Street, Chitradurga"
6821,2024-09-29T00:40:26.010276,2024-09-29T14:40:26.010276,"Zachariah Zila, Bengaluru Urban"
6822,2026-03-17T21:40:26.010850,2026-03-19T14:40:26.010850,"Gole Street, Ramanagara"
6823,2025-08-27T08:40:26.011309,2025-08-29T14:40:26.011309,"Goel, Raichur"
6824,2025-10-11T03:40:26.012336,2025-10-11T14:40:26.012336,"Boase, Vijayapura"
6825,2026-04-09T09:40:26.012526,2026-04-09T14:40:26.012526,"Baria Path, Hassan"
6826,2025-05-25T03:40:26.012759,2025-05-26T14:40:26.012759,"Mander Marg, Udupi"
6827,2026-04-19T20:40:26.013128,2026-04-20T14:40:26.013128,"Roy Street, Bengaluru Urban"
6828,2024-10-13T19:40:26.013842,2024-10-16T14:40:26.013842,"Nigam Ganj, Udupi"
6829,2026-03-02T19:40:26.014747,2026-03-03T14:40:26.014747,"Kannan Zila, Belagavi"
6830,2026-06-25T16:40:26.015462,2026-06-26T14:40:26.015462,"Dora Zila, Vijayanagara"
6831,2025-08-14T06:40:26.016334,2025-08-15T14:40:26.016334,"Palla Nagar, Chitradurga"
6832,2026-01-17T06:40:26.016620,2026-01-19T14:40:26.016620,"Bhakta Path, Davanagere"
6833,2025-10-29T08:40:26.017204,2025-10-30T14:40:26.017204,"Chada Marg, Chamarajanagara"
6834,2026-06-22T04:40:26.017783,2026-06-24T14:40:26.017783,"Sankaran Zila, Belagavi"
6835,2025-01-09T03:40:26.018015,2025-01-10T14:40:26.018015,"Suri Street, Belagavi"
6836,2025-12-20T00:40:26.018251,2025-12-20T14:40:26.018251,"Pandit Road, Belagavi"
6837,2026-03-27T00:40:26.018490,2026-03-28T14:40:26.018490,"Rai Zila, Belagavi"
6838,2025-11-12T09:40:26.019218,2025-11-12T14:40:26.019218,"Subramanian Ganj, Raichur"
6839,2026-03-03T17:40:26.019377,2026-03-04T14:40:26.019377,"Krishnamurthy Nagar, Bengaluru Urban"
6840,2025-10-14T09:40:26.020332,2025-10-14T14:40:26.020332,"Parmar Ganj, Ballari"
6841,2024-09-16T12:40:26.020839,2024-09-18T14:40:26.020839,"Narasimhan, Belagavi"
6842,2025-12-28T15:40:26.021409,2025-12-29T14:40:26.021409,"Trivedi Street, Bidar"
6843,2025-02-22T14:40:26.022004,2025-02-24T14:40:26.022004,"Hans Zila, Bengaluru Urban"
6844,2025-08-10T22:40:26.022734,2025-08-12T14:40:26.022734,"Mandal Chowk, Gadag"
6845,2024-07-17T10:40:26.023173,2024-07-19T14:40:26.023173,"Mukherjee Zila, Yadgir"
6846,2024-09-15T13:40:26.023499,2024-09-17T14:40:26.023499,"Raju Marg, Belagavi"
6847,2026-01-03T13:40:26.024237,2026-01-04T14:40:26.024237,"Chad Zila, Bidar"
6848,2024-11-16T15:40:26.025085,2024-11-17T14:40:26.025085,"Baria Circle, Bengaluru Urban"
6849,2025-10-19T22:40:26.025652,2025-10-21T14:40:26.025652,"Deol Zila, Udupi"
6850,2024-09-15T01:40:26.026448,2024-09-17T14:40:26.026448,"Narasimhan Path, Gadag"
6851,2026-04-13T07:40:26.026758,2026-04-15T14:40:26.026758,"Lanka Path, Kolar"
6852,2024-11-19T08:40:26.027037,2024-11-20T14:40:26.027037,"Gokhale Marg, Davanagere"
6853,2025-09-01T00:40:26.027240,2025-09-01T14:40:26.027240,"Boase Chowk, Dakshina Kannada"
6854,2026-03-27T13:40:26.027708,2026-03-28T14:40:26.027708,"Ahluwalia Zila, Belagavi"
6855,2025-02-17T19:40:26.028225,2025-02-19T14:40:26.028225,"Shroff Circle, Hassan"
6856,2025-09-01T04:40:26.029035,2025-09-03T14:40:26.029035,"Dixit Circle, Udupi"
6857,2026-01-20T11:40:26.029440,2026-01-21T14:40:26.029440,"Virk Zila, Belagavi"
6858,2026-04-02T00:40:26.029920,2026-04-02T14:40:26.029920,"Keer Circle, Chamarajanagara"
6859,2024-11-09T23:40:26.030227,2024-11-10T14:40:26.030227,"Sharaf, Tumakuru"
6860,2025-12-26T06:40:26.030490,2025-12-27T14:40:26.030490,"Uppal Road, Tumakuru"
6861,2026-05-31T03:40:26.030794,2026-06-01T14:40:26.030794,"Sachar Path, Belagavi"
6862,2026-02-05T08:40:26.031482,2026-02-06T14:40:26.031482,"Venkatesh Ganj, Kodagu"
6863,2024-12-06T04:40:26.032020,2024-12-07T14:40:26.032020,"Yogi Street, Chamarajanagara"
6864,2025-09-02T14:40:26.032748,2025-09-03T14:40:26.032748,"Deep Ganj, Bengaluru Urban"
6865,2024-12-06T08:40:26.033187,2024-12-08T14:40:26.033187,"Jani Marg, Bengaluru Urban"
6866,2025-06-06T22:40:26.033434,2025-06-07T14:40:26.033434,"Srinivasan, Belagavi"
6867,2025-08-27T00:40:26.034033,2025-08-27T14:40:26.034033,"Sekhon Path, Yadgir"
6868,2026-06-11T11:40:26.034302,2026-06-12T14:40:26.034302,"Rastogi Marg, Bengaluru Urban"
6869,2025-09-26T14:40:26.034960,2025-09-29T14:40:26.034960,"Mallick Path, Yadgir"
6870,2026-05-08T17:40:26.035648,2026-05-09T14:40:26.035648,"Murty Ganj, Belagavi"
6871,2024-07-11T18:40:26.036312,2024-07-13T14:40:26.036312,"Natarajan Circle, Haveri"
6872,2026-02-15T11:40:26.036936,2026-02-16T14:40:26.036936,"Mody Nagar, Vijayapura"
6873,2025-07-02T21:40:26.037627,2025-07-04T14:40:26.037627,"Deo Circle, Gadag"
6874,2024-09-01T23:40:26.038201,2024-09-03T14:40:26.038201,"Memon Road, Gadag"
6875,2025-07-10T08:40:26.038899,2025-07-12T14:40:26.038899,"Raval Ganj, Yadgir"
6876,2026-04-14T12:40:26.039159,2026-04-15T14:40:26.039159,"Kulkarni Circle, Vijayapura"
6877,2025-06-21T09:40:26.039872,2025-06-23T14:40:26.039872,"Ahuja Ganj, Chitradurga"
6878,2024-09-25T05:40:26.040739,2024-09-26T14:40:26.040739,"Batta Path, Mysuru"
6879,2025-01-30T11:40:26.041169,2025-01-31T14:40:26.041169,"Rajagopalan, Bengaluru Urban"
6880,2025-06-17T21:40:26.041605,2025-06-19T14:40:26.041605,"Sidhu Path, Davanagere"
6881,2025-06-02T07:40:26.041873,2025-06-03T14:40:26.041873,"Dhaliwal Road, Dakshina Kannada"
6882,2024-07-19T22:40:26.042412,2024-07-22T14:40:26.042412,"Rout Nagar, Ramanagara"
6883,2025-03-25T12:40:26.043186,2025-03-25T14:40:26.043186,"Chacko Zila, Mysuru"
6884,2025-03-03T23:40:26.044007,2025-03-04T14:40:26.044007,"Wason Road, Kolar"
6885,2025-08-13T17:40:26.044270,2025-08-15T14:40:26.044270,"Kar Path, Belagavi"
6886,2025-12-01T12:40:26.045121,2025-12-01T14:40:26.045121,"Mahal Street, Chikkamagaluru"
6887,2025-06-09T15:40:26.045779,2025-06-12T14:40:26.045779,"Thakur Path, Belagavi"
6888,2024-10-17T21:40:26.046638,2024-10-20T14:40:26.046638,"Agrawal Nagar, Belagavi"
6889,2025-11-07T11:40:26.047243,2025-11-09T14:40:26.047243,"Atwal, Gadag"
6890,2024-07-19T12:40:26.048095,2024-07-19T14:40:26.048095,"Bhandari Circle, Hassan"
6891,2025-02-08T04:40:26.048707,2025-02-09T14:40:26.048707,"Sharaf Ganj, Mandya"
6892,2025-09-08T17:40:26.049309,2025-09-11T14:40:26.049309,"Char Zila, Kolar"
6893,2024-09-21T02:40:26.049781,2024-09-22T14:40:26.049781,"Badami Nagar, Bidar"
6894,2025-06-13T01:40:26.050037,2025-06-13T14:40:26.050037,"Grewal Marg, Koppal"
6895,2026-03-18T19:40:26.050332,2026-03-19T14:40:26.050332,"Ahluwalia Nagar, Bengaluru Urban"
6896,2024-08-25T06:40:26.051292,2024-08-27T14:40:26.051292,"Sekhon Circle, Davanagere"
6897,2025-09-27T08:40:26.051750,2025-09-28T14:40:26.051750,"Sen Zila, Bidar"
6898,2024-09-15T10:40:26.052572,2024-09-16T14:40:26.052572,"Nagi Ganj, Bengaluru Urban"
6899,2026-06-06T15:40:26.052961,2026-06-07T14:40:26.052961,"Taneja Path, Koppal"
6900,2025-07-23T07:40:26.053474,2025-07-25T14:40:26.053474,"Rajagopal Zila, Chikkaballapura"
6901,2025-10-24T04:40:26.053773,2025-10-26T14:40:26.053773,"Baria Ganj, Belagavi"
6902,2025-06-28T19:40:26.054192,2025-06-29T14:40:26.054192,"Sarna Nagar, Belagavi"
6903,2025-06-03T20:40:26.054426,2025-06-05T14:40:26.054426,"Iyer, Bengaluru Rural"
6904,2025-04-10T00:40:26.055117,2025-04-10T14:40:26.055117,"Chatterjee Marg, Bidar"
6905,2025-02-26T18:40:26.055439,2025-02-27T14:40:26.055439,"Tella Circle, Haveri"
6906,2025-01-03T03:40:26.055714,2025-01-04T14:40:26.055714,"Devan Zila, Dharwad"
6907,2026-01-24T08:40:26.056523,2026-01-24T14:40:26.056523,"Issac Street, Belagavi"
6908,2024-07-16T11:40:26.057199,2024-07-18T14:40:26.057199,"Tata Circle, Tumakuru"
6909,2025-04-09T19:40:26.057816,2025-04-11T14:40:26.057816,"Chaudhary Marg, Belagavi"
6910,2025-05-20T07:40:26.058485,2025-05-21T14:40:26.058485,"Shetty Marg, Belagavi"
6911,2024-09-28T06:40:26.059026,2024-09-29T14:40:26.059026,"Gour Road, Bengaluru Urban"
6912,2026-05-21T07:40:26.059777,2026-05-21T14:40:26.059777,"Contractor Marg, Haveri"
6913,2026-05-07T05:40:26.060111,2026-05-08T14:40:26.060111,"Dara, Shivamogga"
6914,2026-03-31T09:40:26.060631,2026-03-31T14:40:26.060631,"Pillay Road, Belagavi"
6915,2024-08-31T10:40:26.060739,2024-09-02T14:40:26.060739,"Bora Road, Mandya"
6916,2025-04-20T16:40:26.061270,2025-04-23T14:40:26.061270,"Nagar Road, Vijayapura"
6917,2025-10-17T14:40:26.061709,2025-10-18T14:40:26.061709,"Salvi Zila, Chikkaballapura"
6918,2024-08-26T01:40:26.062279,2024-08-26T14:40:26.062279,"Kapur Zila, Belagavi"
6919,2025-07-23T15:40:26.063029,2025-07-26T14:40:26.063029,"Dada Marg, Kalaburagi"
6920,2025-10-29T16:40:26.063561,2025-10-31T14:40:26.063561,"Pillay Zila, Chikkaballapura"
6921,2026-01-16T19:40:26.064286,2026-01-19T14:40:26.064286,"Ganguly Ganj, Belagavi"
6922,2026-06-24T09:40:26.064941,2026-06-24T14:40:26.064941,"Sodhi Marg, Bagalkote"
6923,2024-09-08T17:40:26.065219,2024-09-10T14:40:26.065219,"Issac Zila, Yadgir"
6924,2025-09-22T04:40:26.065719,2025-09-23T14:40:26.065719,"Basu Marg, Gadag"
6925,2024-10-13T12:40:26.066307,2024-10-14T14:40:26.066307,"Tank, Davanagere"
6926,2025-01-11T13:40:26.066742,2025-01-13T14:40:26.066742,"Bahl Marg, Dakshina Kannada"
6927,2025-11-03T06:40:26.067174,2025-11-03T14:40:26.067174,"Dhawan Chowk, Mysuru"
6928,2024-12-20T20:40:26.067996,2024-12-23T14:40:26.067996,"Rajagopalan Path, Belagavi"
6929,2026-02-16T07:40:26.068581,2026-02-16T14:40:26.068581,"Sandal Street, Bidar"
6930,2024-08-09T05:40:26.069163,2024-08-09T14:40:26.069163,"Bains, Hassan"
6931,2025-12-05T20:40:26.069909,2025-12-06T14:40:26.069909,"Kunda Path, Belagavi"
6932,2026-02-24T14:40:26.070343,2026-02-25T14:40:26.070343,"Prabhu Street, Bengaluru Rural"
6933,2026-06-06T21:40:26.070866,2026-06-07T14:40:26.070866,"Nagar Path, Bidar"
6934,2025-05-16T04:40:26.071421,2025-05-16T14:40:26.071421,"Tiwari, Yadgir"
6935,2025-09-06T22:40:26.072294,2025-09-08T14:40:26.072294,"Baral, Kodagu"
6936,2026-03-10T22:40:26.072529,2026-03-11T14:40:26.072529,"Mishra Nagar, Mysuru"
6937,2026-07-09T00:40:26.072824,2026-07-11T14:40:26.072824,"Dugar Circle, Mysuru"
6938,2026-01-08T00:40:26.073088,2026-01-08T14:40:26.073088,"Gopal Chowk, Bidar"
6939,2024-08-20T13:40:26.073337,2024-08-21T14:40:26.073337,"Desai Chowk, Vijayanagara"
6940,2025-12-31T17:40:26.074076,2026-01-03T14:40:26.074076,"Choudhary, Kodagu"
6941,2024-11-05T20:40:26.074478,2024-11-07T14:40:26.074478,"Bhatt Circle, Belagavi"
6942,2026-02-22T09:40:26.074968,2026-02-22T14:40:26.074968,"Bobal Chowk, Haveri"
6943,2026-06-13T14:40:26.075928,2026-06-15T14:40:26.075928,"Ganesh Road, Belagavi"
6944,2025-12-26T18:40:26.076685,2025-12-28T14:40:26.076685,"Swaminathan Street, Chitradurga"
6945,2025-02-10T21:40:26.076969,2025-02-12T14:40:26.076969,"Cheema Road, Kalaburagi"
6946,2025-04-06T15:40:26.077362,2025-04-09T14:40:26.077362,"Nair Chowk, Belagavi"
6947,2025-11-20T13:40:26.077827,2025-11-22T14:40:26.077827,"Khanna Road, Mandya"
6948,2024-10-26T14:40:26.078526,2024-10-27T14:40:26.078526,"Misra Nagar, Mandya"
6949,2025-03-15T21:40:26.079162,2025-03-17T14:40:26.079162,"Srivastava Marg, Belagavi"
6950,2026-07-07T09:40:26.079829,2026-07-07T14:40:26.079829,"Sami Chowk, Belagavi"
6951,2024-08-31T07:40:26.080285,2024-09-01T14:40:26.080285,"Dar Road, Kalaburagi"
6952,2024-08-18T13:40:26.080789,2024-08-20T14:40:26.080789,"Memon Road, Belagavi"
6953,2024-07-09T05:40:26.081170,2024-07-11T14:40:26.081170,"Bobal Ganj, Belagavi"
6954,2025-02-08T21:40:26.081427,2025-02-10T14:40:26.081427,"Deep, Belagavi"
6955,2026-05-25T13:40:26.082328,2026-05-27T14:40:26.082328,"Dube Road, Dharwad"
6956,2026-01-17T06:40:26.082612,2026-01-17T14:40:26.082612,"Wadhwa Street, Bengaluru Rural"
6957,2025-11-07T06:40:26.083268,2025-11-07T14:40:26.083268,"Koshy Nagar, Mandya"
6958,2024-10-05T05:40:26.084226,2024-10-06T14:40:26.084226,"Patla Marg, Belagavi"
6959,2025-04-29T00:40:26.084507,2025-04-30T14:40:26.084507,"Srinivasan Road, Belagavi"
6960,2026-06-16T16:40:26.085010,2026-06-18T14:40:26.085010,"Bumb Chowk, Chikkamagaluru"
6961,2025-01-13T12:40:26.085823,2025-01-13T14:40:26.085823,"Kanda Zila, Kodagu"
6962,2025-01-19T15:40:26.086236,2025-01-22T14:40:26.086236,"Ahluwalia Chowk, Bengaluru Urban"
6963,2024-07-10T11:40:26.087027,2024-07-11T14:40:26.087027,"Bhatti Chowk, Udupi"
6964,2025-05-10T05:40:26.087401,2025-05-12T14:40:26.087401,"Dar Marg, Chamarajanagara"
6965,2024-11-14T19:40:26.088311,2024-11-17T14:40:26.088311,"Palla Circle, Belagavi"
6966,2024-11-10T15:40:26.089029,2024-11-13T14:40:26.089029,"Oza, Mysuru"
6967,2026-01-12T12:40:26.089255,2026-01-12T14:40:26.089255,"Sahota Marg, Belagavi"
6968,2025-02-25T22:40:26.090024,2025-02-27T14:40:26.090024,"Mody Ganj, Chikkamagaluru"
6969,2026-04-23T07:40:26.090435,2026-04-23T14:40:26.090435,"Mangat Path, Belagavi"
6970,2025-06-19T22:40:26.090763,2025-06-20T14:40:26.090763,"Deo Street, Mysuru"
6971,2026-07-03T05:40:26.091206,2026-07-04T14:40:26.091206,"Dhaliwal Ganj, Bengaluru Urban"
6972,2025-01-01T14:40:26.092086,2025-01-03T14:40:26.092086,"Chander Street, Udupi"
6973,2024-10-05T12:40:26.092500,2024-10-05T14:40:26.092500,"Gaba Street, Hassan"
6974,2025-11-27T18:40:26.093277,2025-11-30T14:40:26.093277,"De Circle, Mysuru"
6975,2025-08-15T23:40:26.094025,2025-08-17T14:40:26.094025,"Mody Zila, Belagavi"
6976,2026-05-07T21:40:26.094462,2026-05-09T14:40:26.094462,"Pal Ganj, Belagavi"
6977,2026-04-29T19:40:26.095077,2026-05-02T14:40:26.095077,"Swaminathan Nagar, Dakshina Kannada"
6978,2026-03-30T19:40:26.095332,2026-04-01T14:40:26.095332,"Palan Ganj, Chamarajanagara"
6979,2025-01-20T13:40:26.095899,2025-01-22T14:40:26.095899,"Kamdar Street, Belagavi"
6980,2026-01-11T07:40:26.096712,2026-01-13T14:40:26.096712,"Kade Chowk, Bengaluru Urban"
6981,2024-11-23T04:40:26.097484,2024-11-24T14:40:26.097484,"Saran Street, Davanagere"
6982,2024-12-04T21:40:26.098125,2024-12-06T14:40:26.098125,"Narang Marg, Belagavi"
6983,2026-07-01T01:40:26.099007,2026-07-02T14:40:26.099007,"Mohanty Chowk, Belagavi"
6984,2026-03-21T19:40:26.099229,2026-03-24T14:40:26.099229,"Thakur Circle, Kalaburagi"
6985,2026-06-22T16:40:26.100010,2026-06-24T14:40:26.100010,"Soman Chowk, Belagavi"
6986,2026-06-25T00:40:26.100261,2026-06-27T14:40:26.100261,"Prabhakar, Bengaluru Rural"
6987,2024-11-29T15:40:26.100944,2024-11-30T14:40:26.100944,"Swamy Zila, Bagalkote"
6988,2026-02-13T19:40:26.101859,2026-02-15T14:40:26.101859,"Ganguly Nagar, Belagavi"
6989,2025-12-01T18:40:26.102206,2025-12-02T14:40:26.102206,"Sundaram Street, Dakshina Kannada"
6990,2024-10-14T01:40:26.102980,2024-10-16T14:40:26.102980,"Zacharia Chowk, Belagavi"
6991,2025-11-12T17:40:26.103661,2025-11-13T14:40:26.103661,"Wali Nagar, Belagavi"
6992,2026-05-15T17:40:26.104379,2026-05-18T14:40:26.104379,"Pandya Chowk, Belagavi"
6993,2025-10-03T03:40:26.105192,2025-10-03T14:40:26.105192,"Gaba Ganj, Vijayapura"
6994,2025-04-04T12:40:26.105440,2025-04-06T14:40:26.105440,"Shroff Road, Dakshina Kannada"
6995,2025-05-02T14:40:26.105807,2025-05-04T14:40:26.105807,"Wali Ganj, Mysuru"
6996,2024-09-16T08:40:26.106722,2024-09-17T14:40:26.106722,"Bumb, Tumakuru"
6997,2026-04-14T01:40:26.106991,2026-04-16T14:40:26.106991,"Bhat Ganj, Tumakuru"
6998,2026-01-26T07:40:26.107519,2026-01-28T14:40:26.107519,"Sehgal Street, Mysuru"
6999,2026-01-28T04:40:26.107817,2026-01-29T14:40:26.107817,"Chawla Road, Bidar"
7000,2024-08-13T18:40:26.108320,2024-08-16T14:40:26.108320,"Mandal Chowk, Belagavi"
7001,2025-10-31T09:40:26.109068,2025-11-01T14:40:26.109068,"Menon Road, Belagavi"
7002,2025-05-19T08:40:26.109632,2025-05-20T14:40:26.109632,"Rajan Street, Mysuru"
7003,2025-03-16T08:40:26.110405,2025-03-16T14:40:26.110405,"Chahal Path, Belagavi"
7004,2025-02-02T14:40:26.111090,2025-02-05T14:40:26.111090,"Dhillon Chowk, Davanagere"
7005,2025-05-06T03:40:26.111368,2025-05-06T14:40:26.111368,"Tiwari Marg, Hassan"
7006,2026-02-24T23:40:26.112326,2026-02-26T14:40:26.112326,"Shah Circle, Belagavi"
7007,2025-05-25T22:40:26.112629,2025-05-28T14:40:26.112629,"Pant Path, Tumakuru"
7008,2025-05-05T04:40:26.113213,2025-05-07T14:40:26.113213,"Master Circle, Hassan"
7009,2024-12-25T13:40:26.113637,2024-12-26T14:40:26.113637,"Prabhakar Zila, Mysuru"
7010,2025-10-02T14:40:26.113912,2025-10-03T14:40:26.113912,"Bath Path, Tumakuru"
7011,2024-11-02T11:40:26.114619,2024-11-03T14:40:26.114619,"Kala Nagar, Shivamogga"
7012,2024-07-23T13:40:26.115209,2024-07-24T14:40:26.115209,"Pingle Nagar, Chikkamagaluru"
7013,2025-08-03T20:40:26.116050,2025-08-05T14:40:26.116050,"Lad Zila, Davanagere"
7014,2026-07-04T00:40:26.116863,2026-07-05T14:40:26.116863,"Dar Ganj, Bagalkote"
7015,2025-08-02T22:40:26.117407,2025-08-04T14:40:26.117407,"Mander Marg, Vijayanagara"
7016,2026-06-01T21:40:26.117826,2026-06-02T14:40:26.117826,"Saha Marg, Belagavi"
7017,2025-11-15T14:40:26.118139,2025-11-18T14:40:26.118139,"Narula Nagar, Chikkamagaluru"
7018,2026-02-03T02:40:26.118684,2026-02-04T14:40:26.118684,"Muni Circle, Bengaluru Urban"
7019,2025-03-12T03:40:26.119299,2025-03-13T14:40:26.119299,"Andra Zila, Tumakuru"
7020,2025-07-17T18:40:26.120145,2025-07-20T14:40:26.120145,"Bhatt Road, Chamarajanagara"
7021,2026-05-11T09:40:26.120408,2026-05-12T14:40:26.120408,"Saraf Chowk, Bengaluru Urban"
7022,2025-10-27T04:40:26.121072,2025-10-29T14:40:26.121072,"Sridhar Road, Kalaburagi"
7023,2025-02-23T15:40:26.121510,2025-02-26T14:40:26.121510,"Gaba Ganj, Haveri"
7024,2025-03-02T19:40:26.121810,2025-03-05T14:40:26.121810,"Wali Marg, Bagalkote"
7025,2026-03-05T07:40:26.122721,2026-03-07T14:40:26.122721,"Acharya Zila, Yadgir"
7026,2026-05-06T19:40:26.123012,2026-05-09T14:40:26.123012,"Choudhry Path, Shivamogga"
7027,2026-03-31T13:40:26.123271,2026-04-01T14:40:26.123271,"Chaudhuri Circle, Belagavi"
7028,2026-02-05T20:40:26.123431,2026-02-06T14:40:26.123431,"Kari Ganj, Gadag"
7029,2026-03-05T16:40:26.123710,2026-03-07T14:40:26.123710,"Dalal Zila, Udupi"
7030,2025-04-01T05:40:26.124816,2025-04-01T14:40:26.124816,"Vora Street, Mysuru"
7031,2025-02-21T13:40:26.125243,2025-02-23T14:40:26.125243,"Prabhakar Ganj, Davanagere"
7032,2024-08-13T20:40:26.126106,2024-08-15T14:40:26.126106,"Gupta Marg, Kalaburagi"
7033,2026-07-04T03:40:26.126686,2026-07-05T14:40:26.126686,"Andra Chowk, Kodagu"
7034,2026-02-23T20:40:26.127199,2026-02-25T14:40:26.127199,"Raja Road, Tumakuru"
7035,2026-03-12T21:40:26.127656,2026-03-13T14:40:26.127656,"Bhatti Circle, Belagavi"
7036,2024-08-11T00:40:26.128343,2024-08-12T14:40:26.128343,"Raghavan, Dharwad"
7037,2026-02-10T23:40:26.128525,2026-02-13T14:40:26.128525,"Dhingra Street, Haveri"
7038,2026-01-18T16:40:26.129130,2026-01-21T14:40:26.129130,"Das, Belagavi"
7039,2026-04-14T04:40:26.129360,2026-04-14T14:40:26.129360,"Walia Circle, Mysuru"
7040,2024-12-23T11:40:26.129640,2024-12-23T14:40:26.129640,"Madan Street, Raichur"
7041,2026-04-08T12:40:26.130270,2026-04-08T14:40:26.130270,"Soman Nagar, Belagavi"
7042,2025-03-04T04:40:26.130986,2025-03-05T14:40:26.130986,"Dada Chowk, Davanagere"
7043,2026-02-08T08:40:26.131635,2026-02-08T14:40:26.131635,"Mittal Street, Chamarajanagara"
7044,2026-06-11T21:40:26.131987,2026-06-13T14:40:26.131987,"Sahni Circle, Dharwad"
7045,2024-08-08T08:40:26.132584,2024-08-09T14:40:26.132584,"Bumb Circle, Bengaluru Urban"
7046,2024-12-27T00:40:26.132856,2024-12-29T14:40:26.132856,"Doshi, Vijayapura"
7047,2025-08-13T21:40:26.133578,2025-08-14T14:40:26.133578,"Chatterjee Zila, Shivamogga"
7048,2025-11-04T04:40:26.134190,2025-11-06T14:40:26.134190,"Saraf Circle, Bengaluru Urban"
7049,2025-11-10T00:40:26.134491,2025-11-10T14:40:26.134491,"Guha, Bengaluru Urban"
7050,2025-06-30T18:40:26.134960,2025-07-03T14:40:26.134960,"Mohan, Mandya"
7051,2024-10-03T12:40:26.135712,2024-10-03T14:40:26.135712,"Lall Zila, Mysuru"
7052,2026-02-26T10:40:26.136297,2026-02-27T14:40:26.136297,"Kade Circle, Belagavi"
7053,2026-05-23T04:40:26.136851,2026-05-25T14:40:26.136851,"Rattan Ganj, Belagavi"
7054,2024-08-14T05:40:26.137109,2024-08-15T14:40:26.137109,"Sankar Road, Dakshina Kannada"
7055,2025-08-27T23:40:26.137904,2025-08-30T14:40:26.137904,"Goda Path, Dharwad"
7056,2025-12-18T18:40:26.138449,2025-12-19T14:40:26.138449,"Bala Chowk, Belagavi"
7057,2024-10-11T00:40:26.139206,2024-10-12T14:40:26.139206,"Sodhi Marg, Chikkaballapura"
7058,2025-08-05T18:40:26.139712,2025-08-08T14:40:26.139712,"Aggarwal Path, Belagavi"
7059,2026-02-16T15:40:26.140415,2026-02-18T14:40:26.140415,"Sanghvi Marg, Dakshina Kannada"
7060,2025-03-25T05:40:26.140729,2025-03-25T14:40:26.140729,"Grover Street, Mysuru"
7061,2025-02-01T19:40:26.141137,2025-02-03T14:40:26.141137,"Pant Street, Belagavi"
7062,2024-11-13T02:40:26.141417,2024-11-14T14:40:26.141417,"Chaudhary Circle, Ramanagara"
7063,2026-04-27T19:40:26.141904,2026-04-28T14:40:26.141904,"Verma Marg, Mysuru"
7064,2026-04-01T00:40:26.142466,2026-04-03T14:40:26.142466,"Morar Circle, Vijayapura"
7065,2024-08-13T09:40:26.143346,2024-08-15T14:40:26.143346,"Varghese Chowk, Ramanagara"
7066,2026-02-01T20:40:26.143647,2026-02-03T14:40:26.143647,"Dugar, Belagavi"
7067,2025-09-24T04:40:26.144489,2025-09-25T14:40:26.144489,"Anne, Belagavi"
7068,2025-07-04T08:40:26.144789,2025-07-04T14:40:26.144789,"Chadha Street, Shivamogga"
7069,2026-02-26T02:40:26.145257,2026-02-26T14:40:26.145257,"Swaminathan, Mandya"
7070,2026-04-24T16:40:26.145888,2026-04-26T14:40:26.145888,"Mitter Chowk, Raichur"
7071,2025-06-20T18:40:26.146727,2025-06-23T14:40:26.146727,"Comar Chowk, Bengaluru Urban"
7072,2026-03-31T11:40:26.147442,2026-04-01T14:40:26.147442,"Deo Ganj, Belagavi"
7073,2026-02-09T06:40:26.148305,2026-02-09T14:40:26.148305,"Dhillon Path, Ramanagara"
7074,2026-05-22T13:40:26.149202,2026-05-23T14:40:26.149202,"Sami Circle, Hassan"
7075,2026-06-12T15:40:26.149683,2026-06-14T14:40:26.149683,"Vyas, Chamarajanagara"
7076,2026-05-06T10:40:26.150182,2026-05-06T14:40:26.150182,"Sha Road, Belagavi"
7077,2026-06-16T23:40:26.150815,2026-06-19T14:40:26.150815,"Vaidya Nagar, Belagavi"
7078,2026-04-14T19:40:26.151072,2026-04-16T14:40:26.151072,"Sant Ganj, Hassan"
7079,2025-07-16T10:40:26.151955,2025-07-18T14:40:26.151955,"Kadakia Path, Dakshina Kannada"
7080,2026-06-13T14:40:26.152209,2026-06-16T14:40:26.152209,"Ramesh Chowk, Chikkamagaluru"
7081,2025-10-19T22:40:26.152985,2025-10-22T14:40:26.152985,"Hans Street, Davanagere"
7082,2025-12-26T23:40:26.153733,2025-12-28T14:40:26.153733,"Suri Zila, Hassan"
7083,2025-07-03T01:40:26.154144,2025-07-05T14:40:26.154144,"Raja Nagar, Belagavi"
7084,2025-06-10T12:40:26.154749,2025-06-12T14:40:26.154749,"Savant Marg, Belagavi"
7085,2025-03-07T21:40:26.155680,2025-03-09T14:40:26.155680,"Dara Nagar, Bagalkote"
7086,2026-03-30T11:40:26.156293,2026-03-30T14:40:26.156293,"Korpal, Belagavi"
7087,2024-09-25T11:40:26.156785,2024-09-27T14:40:26.156785,"Brahmbhatt Street, Koppal"
7088,2025-07-17T13:40:26.157571,2025-07-17T14:40:26.157571,"Lata, Belagavi"
7089,2024-09-15T21:40:26.158207,2024-09-17T14:40:26.158207,"Kapur Nagar, Belagavi"
7090,2025-08-20T07:40:26.158461,2025-08-21T14:40:26.158461,"Dada Nagar, Ballari"
7091,2026-03-18T09:40:26.159249,2026-03-19T14:40:26.159249,"Dugal Street, Belagavi"
7092,2026-06-19T15:40:26.159914,2026-06-20T14:40:26.159914,"Nath, Belagavi"
7093,2026-07-02T06:40:26.160191,2026-07-03T14:40:26.160191,"Kanda Circle, Koppal"
7094,2024-07-20T17:40:26.160671,2024-07-21T14:40:26.160671,"Andra Path, Belagavi"
7095,2025-05-03T08:40:26.161113,2025-05-05T14:40:26.161113,"Sachar Circle, Gadag"
7096,2025-02-17T18:40:26.161725,2025-02-18T14:40:26.161725,"Prakash, Kodagu"
7097,2024-09-28T12:40:26.161871,2024-09-29T14:40:26.161871,"Karpe Nagar, Chikkamagaluru"
7098,2026-04-19T14:40:26.162130,2026-04-20T14:40:26.162130,"Chatterjee, Belagavi"
7099,2026-05-15T09:40:26.162905,2026-05-15T14:40:26.162905,"Kant Street, Belagavi"
7100,2025-07-28T04:40:26.163706,2025-07-28T14:40:26.163706,"Gole Street, Chitradurga"
7101,2026-03-18T23:40:26.164605,2026-03-19T14:40:26.164605,"Rao Path, Kodagu"
7102,2025-06-27T23:40:26.165211,2025-06-28T14:40:26.165211,"Bahl Circle, Dakshina Kannada"
7103,2025-06-29T01:40:26.165972,2025-06-30T14:40:26.165972,"Patla Street, Belagavi"
7104,2025-02-27T04:40:26.166638,2025-02-27T14:40:26.166638,"Bhasin Circle, Bengaluru Urban"
7105,2025-10-25T22:40:26.167081,2025-10-28T14:40:26.167081,"Gour Chowk, Gadag"
7106,2026-03-15T09:40:26.167407,2026-03-16T14:40:26.167407,"Nadkarni Circle, Belagavi"
7107,2025-09-14T15:40:26.168035,2025-09-16T14:40:26.168035,"Buch Street, Kolar"
7108,2025-12-08T20:40:26.168310,2025-12-10T14:40:26.168310,"Walla Nagar, Belagavi"
7109,2024-09-26T04:40:26.169129,2024-09-27T14:40:26.169129,"Batta Street, Bengaluru Rural"
7110,2026-01-02T06:40:26.169372,2026-01-02T14:40:26.169372,"Toor Path, Bengaluru Urban"
7111,2024-08-23T02:40:26.169664,2024-08-25T14:40:26.169664,"Parikh, Yadgir"
7112,2025-05-12T22:40:26.170272,2025-05-14T14:40:26.170272,"Oak Zila, Chamarajanagara"
7113,2024-09-26T16:40:26.170523,2024-09-29T14:40:26.170523,"Dani Road, Vijayanagara"
7114,2024-09-09T10:40:26.171041,2024-09-11T14:40:26.171041,"Sandal Road, Bengaluru Rural"
7115,2026-01-17T21:40:26.171695,2026-01-18T14:40:26.171695,"Gopal Road, Belagavi"
7116,2025-06-11T15:40:26.172334,2025-06-12T14:40:26.172334,"Nigam Ganj, Tumakuru"
7117,2025-09-05T05:40:26.172981,2025-09-07T14:40:26.172981,"Thakur, Mysuru"
7118,2025-11-17T15:40:26.173385,2025-11-18T14:40:26.173385,"Gupta, Chitradurga"
7119,2025-06-02T00:40:26.173953,2025-06-02T14:40:26.173953,"Sankaran Road, Chitradurga"
7120,2024-08-04T05:40:26.174737,2024-08-06T14:40:26.174737,"Dalal Path, Chamarajanagara"
7121,2025-11-16T08:40:26.174994,2025-11-16T14:40:26.174994,"Sagar Circle, Yadgir"
7122,2024-09-25T11:40:26.175584,2024-09-27T14:40:26.175584,"Parmar, Shivamogga"
7123,2026-03-29T21:40:26.176484,2026-04-01T14:40:26.176484,"Varkey Road, Belagavi"
7124,2024-09-24T01:40:26.176793,2024-09-25T14:40:26.176793,"Kanda Zila, Dakshina Kannada"
7125,2024-10-14T19:40:26.177382,2024-10-16T14:40:26.177382,"Jain Road, Shivamogga"
7126,2025-04-21T13:40:26.177889,2025-04-21T14:40:26.177889,"Krishna Ganj, Bengaluru Urban"
7127,2025-10-01T10:40:26.178152,2025-10-02T14:40:26.178152,"Bhandari Chowk, Koppal"
7128,2025-04-30T23:40:26.178777,2025-05-02T14:40:26.178777,"Sampath Chowk, Belagavi"
7129,2025-10-21T09:40:26.179489,2025-10-21T14:40:26.179489,"Babu Marg, Mysuru"
7130,2025-12-12T15:40:26.180301,2025-12-14T14:40:26.180301,"Arya, Kalaburagi"
7131,2025-11-23T01:40:26.180769,2025-11-23T14:40:26.180769,"Raghavan Road, Belagavi"
7132,2025-09-06T02:40:26.181036,2025-09-06T14:40:26.181036,"Raj Circle, Mysuru"
7133,2026-04-19T00:40:26.181746,2026-04-20T14:40:26.181746,"Raghavan Nagar, Chikkamagaluru"
7134,2024-10-29T07:40:26.182195,2024-10-31T14:40:26.182195,"Jani Nagar, Koppal"
7135,2026-03-30T01:40:26.182431,2026-04-01T14:40:26.182431,"Bhat Nagar, Chikkamagaluru"
7136,2025-09-20T20:40:26.182750,2025-09-23T14:40:26.182750,"Bath Zila, Chamarajanagara"
7137,2024-08-05T03:40:26.183183,2024-08-05T14:40:26.183183,"Bakshi, Bengaluru Urban"
7138,2025-10-30T08:40:26.183823,2025-10-31T14:40:26.183823,"Mall Road, Mandya"
7139,2025-01-11T17:40:26.184511,2025-01-14T14:40:26.184511,"Kade Nagar, Shivamogga"
7140,2026-05-11T13:40:26.185357,2026-05-11T14:40:26.185357,"Parmer Marg, Belagavi"
7141,2026-03-27T20:40:26.185815,2026-03-29T14:40:26.185815,"Palan Zila, Belagavi"
7142,2025-10-27T11:40:26.186337,2025-10-27T14:40:26.186337,"Khatri, Yadgir"
7143,2024-09-13T16:40:26.187183,2024-09-16T14:40:26.187183,"Nagar Ganj, Mysuru"
7144,2026-04-30T04:40:26.188170,2026-04-30T14:40:26.188170,"Mody Ganj, Belagavi"
7145,2025-04-21T06:40:26.188659,2025-04-22T14:40:26.188659,"Buch Chowk, Mysuru"
7146,2024-11-08T06:40:26.189251,2024-11-10T14:40:26.189251,"Raju Nagar, Koppal"
7147,2025-10-19T11:40:26.190053,2025-10-21T14:40:26.190053,"Kuruvilla Marg, Kalaburagi"
7148,2024-11-05T03:40:26.190849,2024-11-07T14:40:26.190849,"Panchal Road, Bengaluru Urban"
7149,2026-04-04T12:40:26.191583,2026-04-04T14:40:26.191583,"Butala Ganj, Belagavi"
7150,2026-06-23T20:40:26.192647,2026-06-25T14:40:26.192647,"Barman Road, Belagavi"
7151,2024-10-06T07:40:26.193250,2024-10-07T14:40:26.193250,"Gera Chowk, Mysuru"
7152,2024-09-16T03:40:26.193696,2024-09-16T14:40:26.193696,"Tiwari Ganj, Belagavi"
7153,2025-12-13T12:40:26.193968,2025-12-14T14:40:26.193968,"Rastogi Circle, Dakshina Kannada"
7154,2026-05-03T01:40:26.194577,2026-05-03T14:40:26.194577,"Kulkarni Ganj, Udupi"
7155,2025-09-16T06:40:26.195183,2025-09-16T14:40:26.195183,"Karnik Nagar, Chikkaballapura"
7156,2025-05-09T05:40:26.195613,2025-05-11T14:40:26.195613,"Raval Chowk, Chamarajanagara"
7157,2025-08-22T06:40:26.196471,2025-08-22T14:40:26.196471,"Upadhyay Chowk, Belagavi"
7158,2026-04-12T09:40:26.196872,2026-04-13T14:40:26.196872,"Narang Circle, Kodagu"
7159,2024-12-11T20:40:26.197318,2024-12-12T14:40:26.197318,"Grover, Chamarajanagara"
7160,2024-10-19T20:40:26.197599,2024-10-21T14:40:26.197599,"Yogi Path, Bagalkote"
7161,2025-10-20T14:40:26.198324,2025-10-21T14:40:26.198324,"Borde Zila, Belagavi"
7162,2025-06-07T19:40:26.198992,2025-06-08T14:40:26.198992,"Loyal Nagar, Chitradurga"
7163,2026-05-08T07:40:26.199411,2026-05-10T14:40:26.199411,"Apte Road, Shivamogga"
7164,2025-09-01T01:40:26.200144,2025-09-03T14:40:26.200144,"Baria Chowk, Davanagere"
7165,2026-04-02T20:40:26.200845,2026-04-05T14:40:26.200845,"Dar, Chikkaballapura"
7166,2025-02-04T00:40:26.201092,2025-02-05T14:40:26.201092,"Barman Street, Raichur"
7167,2025-04-08T09:40:26.201359,2025-04-09T14:40:26.201359,"Edwin Chowk, Bagalkote"
7168,2025-03-03T15:40:26.202059,2025-03-05T14:40:26.202059,"Mahajan, Udupi"
7169,2026-04-20T16:40:26.202328,2026-04-23T14:40:26.202328,"Sinha Path, Belagavi"
7170,2024-11-20T15:40:26.202832,2024-11-23T14:40:26.202832,"Grewal Street, Mandya"
7171,2025-03-17T08:40:26.203489,2025-03-19T14:40:26.203489,"Anand Chowk, Belagavi"
7172,2026-02-14T03:40:26.203812,2026-02-16T14:40:26.203812,"Desai Circle, Udupi"
7173,2024-12-16T01:40:26.204664,2024-12-16T14:40:26.204664,"Grover Chowk, Belagavi"
7174,2024-11-16T23:40:26.205104,2024-11-19T14:40:26.205104,"Dalal Street, Bengaluru Urban"
7175,2025-03-17T22:40:26.205511,2025-03-19T14:40:26.205511,"Ravel Circle, Ballari"
7176,2026-06-30T12:40:26.205829,2026-07-01T14:40:26.205829,"Arya Chowk, Belagavi"
7177,2026-03-28T15:40:26.206224,2026-03-30T14:40:26.206224,"Banerjee Street, Davanagere"
7178,2026-06-14T17:40:26.206702,2026-06-17T14:40:26.206702,"Tella Marg, Belagavi"
7179,2026-04-30T05:40:26.207377,2026-04-30T14:40:26.207377,"Dara Road, Davanagere"
7180,2025-12-24T21:40:26.208228,2025-12-27T14:40:26.208228,"Saini Street, Dharwad"
7181,2025-09-04T06:40:26.208639,2025-09-06T14:40:26.208639,"Khanna Path, Belagavi"
7182,2025-04-15T23:40:26.208926,2025-04-18T14:40:26.208926,"Savant Street, Bengaluru Rural"
7183,2024-08-03T23:40:26.209177,2024-08-05T14:40:26.209177,"Gupta Marg, Chamarajanagara"
7184,2025-11-29T20:40:26.209983,2025-12-02T14:40:26.209983,"Dada, Dharwad"
7185,2025-03-03T05:40:26.210476,2025-03-03T14:40:26.210476,"Agate Zila, Bengaluru Urban"
7186,2025-01-28T01:40:26.211082,2025-01-30T14:40:26.211082,"Shukla Circle, Belagavi"
7187,2025-04-24T08:40:26.211500,2025-04-25T14:40:26.211500,"Swamy Zila, Belagavi"
7188,2025-11-07T12:40:26.212476,2025-11-07T14:40:26.212476,"Lala Marg, Tumakuru"
7189,2025-08-18T16:40:26.213233,2025-08-20T14:40:26.213233,"Mandal Circle, Dharwad"
7190,2025-10-24T07:40:26.213700,2025-10-26T14:40:26.213700,"Nadkarni, Belagavi"
7191,2026-07-06T22:40:26.214464,2026-07-07T14:40:26.214464,"Chadha Path, Gadag"
7192,2026-02-28T23:40:26.215108,2026-03-02T14:40:26.215108,"Mitter Zila, Dharwad"
7193,2025-08-23T23:40:26.215763,2025-08-25T14:40:26.215763,"Atwal Nagar, Bagalkote"
7194,2025-05-24T08:40:26.216432,2025-05-26T14:40:26.216432,"Sarraf Chowk, Belagavi"
7195,2026-01-31T13:40:26.216854,2026-01-31T14:40:26.216854,"Om Circle, Chamarajanagara"
7196,2025-03-24T16:40:26.217673,2025-03-25T14:40:26.217673,"Nagar Road, Chikkaballapura"
7197,2025-05-26T05:40:26.218274,2025-05-28T14:40:26.218274,"Walla Chowk, Mysuru"
7198,2024-10-26T08:40:26.218517,2024-10-27T14:40:26.218517,"Badami Nagar, Belagavi"
7199,2024-10-21T19:40:26.218874,2024-10-23T14:40:26.218874,"Nazareth Nagar, Bengaluru Rural"
7200,2026-05-31T10:40:26.219295,2026-05-31T14:40:26.219295,"Sura Circle, Yadgir"
7201,2025-01-07T22:40:26.219586,2025-01-08T14:40:26.219586,"Sant Nagar, Mysuru"
7202,2025-05-12T08:40:26.220191,2025-05-13T14:40:26.220191,"Mall, Vijayapura"
7203,2024-10-20T20:40:26.220429,2024-10-23T14:40:26.220429,"Shukla Ganj, Raichur"
7204,2025-03-20T22:40:26.221098,2025-03-21T14:40:26.221098,"Lad Street, Bengaluru Rural"
7205,2025-10-01T21:40:26.221687,2025-10-04T14:40:26.221687,"Kala Road, Mysuru"
7206,2025-02-10T20:40:26.222321,2025-02-12T14:40:26.222321,"Kothari Circle, Chikkamagaluru"
7207,2024-11-03T13:40:26.222920,2024-11-05T14:40:26.222920,"Thaman Zila, Belagavi"
7208,2024-09-16T01:40:26.223789,2024-09-16T14:40:26.223789,"Iyer Circle, Ballari"
7209,2025-06-10T07:40:26.224350,2025-06-11T14:40:26.224350,"Chadha Marg, Bengaluru Urban"
7210,2025-07-21T15:40:26.224870,2025-07-24T14:40:26.224870,"De Ganj, Dharwad"
7211,2026-03-30T04:40:26.225677,2026-03-30T14:40:26.225677,"Bains Nagar, Vijayapura"
7212,2025-01-29T19:40:26.226444,2025-01-31T14:40:26.226444,"Bhasin Zila, Belagavi"
7213,2025-11-16T20:40:26.227139,2025-11-18T14:40:26.227139,"Bassi Chowk, Raichur"
7214,2026-05-02T12:40:26.228107,2026-05-03T14:40:26.228107,"Narula Path, Davanagere"
7215,2025-03-08T15:40:26.228374,2025-03-09T14:40:26.228374,"Parmar Street, Belagavi"
7216,2026-02-22T23:40:26.228695,2026-02-24T14:40:26.228695,"Natt Path, Belagavi"
7217,2024-10-30T12:40:26.229577,2024-10-31T14:40:26.229577,"Nagar, Belagavi"
7218,2026-06-21T09:40:26.230366,2026-06-22T14:40:26.230366,"Bhatti Marg, Kalaburagi"
7219,2025-03-21T18:40:26.230659,2025-03-23T14:40:26.230659,"Sharaf Street, Raichur"
7220,2025-04-04T16:40:26.231162,2025-04-07T14:40:26.231162,"Malhotra Circle, Ballari"
7221,2025-05-08T00:40:26.231439,2025-05-08T14:40:26.231439,"Amble Path, Belagavi"
7222,2026-03-15T06:40:26.232210,2026-03-15T14:40:26.232210,"Sami Chowk, Haveri"
7223,2025-02-15T10:40:26.233084,2025-02-15T14:40:26.233084,"Dora Road, Belagavi"
7224,2024-10-16T21:40:26.233349,2024-10-17T14:40:26.233349,"Choudhry Road, Belagavi"
7225,2024-11-22T23:40:26.234143,2024-11-23T14:40:26.234143,"Sachdeva, Vijayapura"
7226,2026-01-16T23:40:26.234637,2026-01-18T14:40:26.234637,"Patla Chowk, Belagavi"
7227,2025-10-05T04:40:26.234894,2025-10-07T14:40:26.234894,"Shankar Circle, Mysuru"
7228,2024-09-19T03:40:26.235519,2024-09-19T14:40:26.235519,"Majumdar Marg, Bengaluru Rural"
7229,2026-01-26T17:40:26.236064,2026-01-27T14:40:26.236064,"Shroff Street, Udupi"
7230,2026-02-05T00:40:26.236337,2026-02-06T14:40:26.236337,"Mital Road, Kodagu"
7231,2025-11-14T15:40:26.237252,2025-11-17T14:40:26.237252,"Dave Zila, Bengaluru Rural"
7232,2024-11-10T01:40:26.237578,2024-11-10T14:40:26.237578,"Zachariah Street, Raichur"
7233,2026-04-16T21:40:26.237859,2026-04-17T14:40:26.237859,"Lad Chowk, Belagavi"
7234,2024-11-28T11:40:26.238649,2024-11-29T14:40:26.238649,"Buch Chowk, Koppal"
7235,2026-01-21T06:40:26.239105,2026-01-22T14:40:26.239105,"Bali Ganj, Mandya"
7236,2025-02-28T20:40:26.239522,2025-03-03T14:40:26.239522,"Kohli, Davanagere"
7237,2026-03-22T18:40:26.240108,2026-03-23T14:40:26.240108,"Chacko Marg, Udupi"
7238,2025-01-20T23:40:26.240940,2025-01-21T14:40:26.240940,"Rege Road, Belagavi"
7239,2024-11-11T08:40:26.241320,2024-11-12T14:40:26.241320,"Dutta Ganj, Koppal"
7240,2026-04-24T02:40:26.241651,2026-04-24T14:40:26.241651,"Mahal Nagar, Dakshina Kannada"
7241,2026-05-27T23:40:26.242088,2026-05-28T14:40:26.242088,"Varma Ganj, Gadag"
7242,2026-05-30T05:40:26.242926,2026-05-31T14:40:26.242926,"Wadhwa Street, Yadgir"
7243,2025-03-17T20:40:26.243194,2025-03-19T14:40:26.243194,"Madan Circle, Chikkaballapura"
7244,2026-06-18T20:40:26.243452,2026-06-19T14:40:26.243452,"Agarwal Road, Belagavi"
7245,2026-06-02T23:40:26.243763,2026-06-03T14:40:26.243763,"Prabhakar, Belagavi"
7246,2024-11-13T00:40:26.244438,2024-11-15T14:40:26.244438,"Pillay, Mysuru"
7247,2024-09-01T03:40:26.245113,2024-09-01T14:40:26.245113,"Walla, Kodagu"
7248,2024-08-15T01:40:26.247787,2024-08-16T14:40:26.247787,"Shenoy Zila, Tumakuru"
7249,2026-03-31T15:40:26.248331,2026-04-01T14:40:26.248331,"Verma Path, Belagavi"
7250,2025-09-13T01:40:26.248815,2025-09-15T14:40:26.248815,"Luthra Ganj, Chikkaballapura"
7251,2026-01-11T22:40:26.249581,2026-01-13T14:40:26.249581,"Bahri Circle, Mysuru"
7252,2025-01-28T09:40:26.250353,2025-01-28T14:40:26.250353,"Pau Circle, Belagavi"
7253,2026-02-23T23:40:26.250655,2026-02-25T14:40:26.250655,"Bora Marg, Belagavi"
7254,2025-01-06T01:40:26.250906,2025-01-08T14:40:26.250906,"Murthy Street, Bengaluru Rural"
7255,2024-12-31T16:40:26.251158,2025-01-03T14:40:26.251158,"Lanka Zila, Ramanagara"
7256,2025-11-19T02:40:26.251818,2025-11-19T14:40:26.251818,"Chowdhury Ganj, Tumakuru"
7257,2026-06-17T15:40:26.252151,2026-06-19T14:40:26.252151,"Patla, Belagavi"
7258,2024-09-22T08:40:26.252459,2024-09-23T14:40:26.252459,"Misra Zila, Belagavi"
7259,2026-04-18T02:40:26.252807,2026-04-20T14:40:26.252807,"Patla Chowk, Belagavi"
7260,2024-08-01T03:40:26.253064,2024-08-03T14:40:26.253064,"Mangat Chowk, Chikkamagaluru"
7261,2024-11-13T17:40:26.253999,2024-11-14T14:40:26.253999,"Zachariah, Davanagere"
7262,2025-09-16T20:40:26.254253,2025-09-19T14:40:26.254253,"Mohan Circle, Chamarajanagara"
7263,2026-01-21T20:40:26.254749,2026-01-23T14:40:26.254749,"Balasubramanian, Bengaluru Urban"
7264,2024-12-06T12:40:26.255192,2024-12-06T14:40:26.255192,"Chander, Mysuru"
7265,2026-01-20T01:40:26.255883,2026-01-21T14:40:26.255883,"Varty Nagar, Belagavi"
7266,2024-07-18T15:40:26.256696,2024-07-19T14:40:26.256696,"Vig Road, Kalaburagi"
7267,2025-02-09T10:40:26.257003,2025-02-10T14:40:26.257003,"Aggarwal Nagar, Gadag"
7268,2025-12-02T04:40:26.257308,2025-12-04T14:40:26.257308,"Singh Path, Haveri"
7269,2026-01-20T08:40:26.258001,2026-01-21T14:40:26.258001,"Ganesh Circle, Belagavi"
7270,2025-11-20T07:40:26.258362,2025-11-21T14:40:26.258362,"Kalita Nagar, Mysuru"
7271,2026-05-01T17:40:26.259146,2026-05-02T14:40:26.259146,"Gara, Belagavi"
7272,2025-04-12T07:40:26.260006,2025-04-12T14:40:26.260006,"Gara Path, Belagavi"
7273,2025-09-07T11:40:26.260452,2025-09-07T14:40:26.260452,"Patil Nagar, Bengaluru Urban"
7274,2024-10-26T23:40:26.260961,2024-10-28T14:40:26.260961,"Agrawal, Kolar"
7275,2025-07-01T21:40:26.261805,2025-07-03T14:40:26.261805,"Kalita Nagar, Kodagu"
7276,2026-03-09T20:40:26.262660,2026-03-10T14:40:26.262660,"Vora Road, Belagavi"
7277,2025-09-19T00:40:26.262919,2025-09-20T14:40:26.262919,"Krish Street, Yadgir"
7278,2026-05-26T09:40:26.263189,2026-05-27T14:40:26.263189,"Ganguly Chowk, Mysuru"
7279,2025-10-18T02:40:26.263440,2025-10-20T14:40:26.263440,"Mangal Road, Belagavi"
7280,2024-10-30T23:40:26.263994,2024-11-01T14:40:26.263994,"Karan Circle, Haveri"
7281,2024-08-02T18:40:26.264364,2024-08-05T14:40:26.264364,"Lala Road, Yadgir"
7282,2025-08-04T04:40:26.264888,2025-08-05T14:40:26.264888,"Kale Circle, Raichur"
7283,2024-11-19T15:40:26.265473,2024-11-22T14:40:26.265473,"Walia Path, Chikkamagaluru"
7284,2024-12-30T04:40:26.265860,2024-12-30T14:40:26.265860,"Jhaveri Nagar, Tumakuru"
7285,2025-02-22T00:40:26.266484,2025-02-23T14:40:26.266484,"Kibe Road, Chikkamagaluru"
7286,2025-03-25T14:40:26.267140,2025-03-28T14:40:26.267140,"Bava, Bidar"
7287,2026-05-12T15:40:26.267280,2026-05-14T14:40:26.267280,"Mohanty Ganj, Belagavi"
7288,2025-05-15T05:40:26.267570,2025-05-17T14:40:26.267570,"Lad Street, Belagavi"
7289,2025-12-30T16:40:26.268291,2025-12-31T14:40:26.268291,"Sant Street, Bengaluru Urban"
7290,2024-08-29T06:40:26.269090,2024-08-30T14:40:26.269090,"Balasubramanian Nagar, Bengaluru Urban"
7291,2025-12-05T23:40:26.269527,2025-12-07T14:40:26.269527,"Sen Street, Vijayanagara"
7292,2026-01-18T23:40:26.270174,2026-01-20T14:40:26.270174,"Bedi Ganj, Belagavi"
7293,2025-11-10T16:40:26.270769,2025-11-11T14:40:26.270769,"Dugar Zila, Bagalkote"
7294,2025-09-04T23:40:26.271233,2025-09-07T14:40:26.271233,"Bhatt Ganj, Mandya"
7295,2024-11-28T11:40:26.271484,2024-11-29T14:40:26.271484,"Anand Zila, Davanagere"
7296,2025-10-14T15:40:26.272037,2025-10-15T14:40:26.272037,"Kalla Nagar, Mysuru"
7297,2024-10-22T06:40:26.272465,2024-10-24T14:40:26.272465,"Dugal Marg, Chitradurga"
7298,2026-03-08T13:40:26.273322,2026-03-08T14:40:26.273322,"Varty Chowk, Belagavi"
7299,2024-07-25T15:40:26.274177,2024-07-28T14:40:26.274177,"Taneja Chowk, Kalaburagi"
7300,2026-01-05T10:40:26.274429,2026-01-05T14:40:26.274429,"Thakkar Nagar, Kodagu"
7301,2026-06-22T02:40:26.274720,2026-06-23T14:40:26.274720,"Thakur Path, Bengaluru Urban"
7302,2024-12-14T01:40:26.275330,2024-12-15T14:40:26.275330,"Pillay Chowk, Chamarajanagara"
7303,2025-04-19T21:40:26.276182,2025-04-20T14:40:26.276182,"Soni Path, Bengaluru Urban"
7304,2024-08-19T02:40:26.276800,2024-08-19T14:40:26.276800,"Lala Ganj, Mysuru"
7305,2026-06-22T07:40:26.277418,2026-06-23T14:40:26.277418,"Dutt Street, Belagavi"
7306,2024-12-20T03:40:26.278348,2024-12-21T14:40:26.278348,"Tata Zila, Bengaluru Urban"
7307,2024-10-25T13:40:26.279187,2024-10-25T14:40:26.279187,"Bajaj Circle, Chikkaballapura"
7308,2026-02-09T03:40:26.279816,2026-02-10T14:40:26.279816,"Palla, Chamarajanagara"
7309,2024-08-21T14:40:26.280314,2024-08-22T14:40:26.280314,"Rao Chowk, Belagavi"
7310,2026-05-12T18:40:26.280622,2026-05-13T14:40:26.280622,"Chacko, Belagavi"
7311,2025-07-12T10:40:26.281315,2025-07-12T14:40:26.281315,"Bakshi, Bengaluru Urban"
7312,2025-11-08T21:40:26.282148,2025-11-10T14:40:26.282148,"Mandal Path, Dharwad"
7313,2025-09-24T17:40:26.282414,2025-09-27T14:40:26.282414,"Oza Street, Mysuru"
7314,2026-07-05T17:40:26.282731,2026-07-07T14:40:26.282731,"Singh Circle, Belagavi"
7315,2025-09-09T07:40:26.283213,2025-09-10T14:40:26.283213,"Iyengar Street, Mysuru"
7316,2025-10-06T08:40:26.283693,2025-10-07T14:40:26.283693,"Kakar Road, Haveri"
7317,2024-07-11T11:40:26.284309,2024-07-13T14:40:26.284309,"Wali Chowk, Davanagere"
7318,2024-08-31T04:40:26.284845,2024-08-31T14:40:26.284845,"Gokhale Nagar, Ramanagara"
7319,2025-07-14T20:40:26.285289,2025-07-17T14:40:26.285289,"Pillai Path, Bengaluru Rural"
7320,2025-07-09T11:40:26.285757,2025-07-09T14:40:26.285757,"Barman Chowk, Belagavi"
7321,2025-01-02T00:40:26.286011,2025-01-02T14:40:26.286011,"Patla Chowk, Belagavi"
7322,2025-06-21T18:40:26.286822,2025-06-22T14:40:26.286822,"Deep Nagar, Vijayanagara"
7323,2026-01-19T23:40:26.287071,2026-01-21T14:40:26.287071,"Viswanathan Road, Chitradurga"
7324,2025-03-11T06:40:26.287992,2025-03-12T14:40:26.287992,"Sama Zila, Chamarajanagara"
7325,2026-01-15T06:40:26.288280,2026-01-15T14:40:26.288280,"Mannan Street, Chamarajanagara"
7326,2026-04-18T21:40:26.288790,2026-04-19T14:40:26.288790,"Sengupta Zila, Belagavi"
7327,2026-06-10T14:40:26.289023,2026-06-12T14:40:26.289023,"Khatri Circle, Belagavi"
7328,2024-10-14T08:40:26.289821,2024-10-14T14:40:26.289821,"Deo Chowk, Bagalkote"
7329,2025-04-20T21:40:26.290089,2025-04-23T14:40:26.290089,"Viswanathan Street, Belagavi"
7330,2025-01-02T21:40:26.291055,2025-01-03T14:40:26.291055,"Goswami Path, Belagavi"
7331,2025-04-21T22:40:26.291312,2025-04-23T14:40:26.291312,"Wali Nagar, Kalaburagi"
7332,2024-08-24T00:40:26.291704,2024-08-25T14:40:26.291704,"Char, Belagavi"
7333,2025-09-04T20:40:26.292242,2025-09-07T14:40:26.292242,"Sule Street, Tumakuru"
7334,2025-07-28T22:40:26.293008,2025-07-30T14:40:26.293008,"Dalal Zila, Bengaluru Urban"
7335,2026-03-20T12:40:26.293235,2026-03-20T14:40:26.293235,"Shankar Path, Dakshina Kannada"
7336,2026-02-23T09:40:26.294051,2026-02-24T14:40:26.294051,"Walia Path, Belagavi"
7337,2026-02-04T12:40:26.294512,2026-02-06T14:40:26.294512,"Banerjee Street, Mysuru"
7338,2025-10-13T02:40:26.294842,2025-10-15T14:40:26.294842,"Manne Marg, Belagavi"
7339,2026-06-16T12:40:26.295631,2026-06-18T14:40:26.295631,"Balay Zila, Chamarajanagara"
7340,2026-02-16T14:40:26.296388,2026-02-17T14:40:26.296388,"Patla Ganj, Chamarajanagara"
7341,2025-10-11T21:40:26.296961,2025-10-14T14:40:26.296961,"Vaidya Ganj, Belagavi"
7342,2026-06-30T17:40:26.297780,2026-07-02T14:40:26.297780,"Sarraf Circle, Mysuru"
7343,2025-05-04T23:40:26.298056,2025-05-05T14:40:26.298056,"Sabharwal Chowk, Belagavi"
7344,2025-11-22T21:40:26.298907,2025-11-23T14:40:26.298907,"Sachdev Chowk, Belagavi"
7345,2026-05-13T16:40:26.299477,2026-05-14T14:40:26.299477,"Devan Path, Bengaluru Rural"
7346,2026-01-15T04:40:26.300030,2026-01-17T14:40:26.300030,"Hari Nagar, Belagavi"
7347,2026-01-16T18:40:26.300293,2026-01-18T14:40:26.300293,"Brahmbhatt Chowk, Belagavi"
7348,2025-08-05T06:40:26.300795,2025-08-07T14:40:26.300795,"Lanka Road, Belagavi"
7349,2025-10-14T01:40:26.301050,2025-10-14T14:40:26.301050,"Walla Nagar, Vijayapura"
7350,2026-04-09T10:40:26.301880,2026-04-11T14:40:26.301880,"Merchant Path, Mysuru"
7351,2025-12-31T08:40:26.302297,2026-01-01T14:40:26.302297,"Sundaram Path, Belagavi"
7352,2025-08-03T06:40:26.302681,2025-08-05T14:40:26.302681,"Mani Street, Hassan"
7353,2025-06-22T06:40:26.303404,2025-06-23T14:40:26.303404,"Patil Zila, Bidar"
7354,2025-09-30T06:40:26.303707,2025-09-30T14:40:26.303707,"Subramanian Circle, Udupi"
7355,2024-07-12T14:40:26.304123,2024-07-14T14:40:26.304123,"Krishnamurthy Ganj, Raichur"
7356,2024-08-24T02:40:26.304801,2024-08-24T14:40:26.304801,"Tripathi, Chikkamagaluru"
7357,2026-05-24T16:40:26.305508,2026-05-27T14:40:26.305508,"Kala Zila, Bengaluru Rural"
7358,2026-06-29T10:40:26.306064,2026-06-30T14:40:26.306064,"Srinivasan, Belagavi"
7359,2025-01-14T21:40:26.306325,2025-01-17T14:40:26.306325,"Natt Nagar, Bagalkote"
7360,2025-10-11T00:40:26.306827,2025-10-13T14:40:26.306827,"Ganguly Circle, Kodagu"
7361,2025-03-30T21:40:26.307651,2025-04-02T14:40:26.307651,"Pandit Zila, Belagavi"
7362,2026-03-01T05:40:26.308422,2026-03-01T14:40:26.308422,"Thaman Road, Mysuru"
7363,2026-05-30T10:40:26.309187,2026-05-30T14:40:26.309187,"Kar Street, Belagavi"
7364,2026-04-22T09:40:26.309910,2026-04-23T14:40:26.309910,"Devan Zila, Belagavi"
7365,2024-12-19T14:40:26.310342,2024-12-22T14:40:26.310342,"Ben Chowk, Koppal"
7366,2025-04-22T05:40:26.310651,2025-04-22T14:40:26.310651,"Salvi Circle, Belagavi"
7367,2024-10-08T11:40:26.311428,2024-10-09T14:40:26.311428,"Prashad Zila, Belagavi"
7368,2026-06-23T11:40:26.312175,2026-06-23T14:40:26.312175,"Manne, Belagavi"
7369,2025-01-03T08:40:26.312425,2025-01-04T14:40:26.312425,"Keer Chowk, Bengaluru Urban"
7370,2026-02-07T18:40:26.313176,2026-02-09T14:40:26.313176,"Om Ganj, Belagavi"
7371,2024-10-26T03:40:26.313838,2024-10-28T14:40:26.313838,"Pandya Road, Davanagere"
7372,2025-04-05T10:40:26.314422,2025-04-06T14:40:26.314422,"Parsa Ganj, Mysuru"
7373,2025-01-16T02:40:26.315192,2025-01-17T14:40:26.315192,"Mangat Circle, Belagavi"
7374,2026-04-29T06:40:26.315808,2026-04-29T14:40:26.315808,"Vyas Street, Chitradurga"
7375,2025-10-30T10:40:26.316150,2025-11-01T14:40:26.316150,"Saran Path, Ramanagara"
7376,2025-05-14T17:40:26.316634,2025-05-16T14:40:26.316634,"Pal Road, Belagavi"
7377,2026-03-23T08:40:26.316896,2026-03-24T14:40:26.316896,"Mody Circle, Belagavi"
7378,2024-09-13T23:40:26.317501,2024-09-16T14:40:26.317501,"Sundaram Ganj, Belagavi"
7379,2025-12-19T22:40:26.318230,2025-12-21T14:40:26.318230,"Gola Street, Yadgir"
7380,2026-07-07T06:40:26.318964,2026-07-08T14:40:26.318964,"Rao Road, Kodagu"
7381,2025-05-16T01:40:26.319254,2025-05-17T14:40:26.319254,"Krishnan Path, Davanagere"
7382,2025-01-09T08:40:26.319811,2025-01-09T14:40:26.319811,"Sahota Zila, Bidar"
7383,2026-02-08T21:40:26.320608,2026-02-10T14:40:26.320608,"Desai Path, Belagavi"
7384,2025-03-23T19:40:26.321358,2025-03-25T14:40:26.321358,"Batta Circle, Davanagere"
7385,2025-06-17T00:40:26.321874,2025-06-19T14:40:26.321874,"Shah Street, Dakshina Kannada"
7386,2025-11-11T06:40:26.322315,2025-11-12T14:40:26.322315,"Kumar Ganj, Hassan"
7387,2026-06-20T21:40:26.323060,2026-06-23T14:40:26.323060,"Rajagopalan Circle, Chikkamagaluru"
7388,2025-11-30T13:40:26.323731,2025-12-01T14:40:26.323731,"Bali, Gadag"
7389,2024-07-26T09:40:26.324263,2024-07-26T14:40:26.324263,"Palla Chowk, Mysuru"
7390,2024-12-29T03:40:26.324987,2024-12-29T14:40:26.324987,"Mane Path, Belagavi"
7391,2024-11-11T08:40:26.325591,2024-11-11T14:40:26.325591,"Pant Path, Mysuru"
7392,2025-08-23T17:40:26.326227,2025-08-26T14:40:26.326227,"Babu Nagar, Belagavi"
7393,2025-05-27T01:40:26.326901,2025-05-29T14:40:26.326901,"Choudhury Chowk, Chikkaballapura"
7394,2026-03-29T15:40:26.327255,2026-03-30T14:40:26.327255,"Iyer Path, Belagavi"
7395,2026-04-16T15:40:26.327741,2026-04-17T14:40:26.327741,"Mahal Circle, Belagavi"
7396,2024-08-28T18:40:26.328107,2024-08-29T14:40:26.328107,"Raval Street, Belagavi"
7397,2025-03-29T02:40:26.328367,2025-03-30T14:40:26.328367,"Hari Street, Yadgir"
7398,2025-08-30T15:40:26.329213,2025-09-01T14:40:26.329213,"Baria Marg, Chamarajanagara"
7399,2025-09-05T01:40:26.330057,2025-09-06T14:40:26.330057,"Kale Road, Kalaburagi"
7400,2026-07-06T10:40:26.330318,2026-07-07T14:40:26.330318,"Toor Chowk, Belagavi"
7401,2025-06-26T18:40:26.330789,2025-06-28T14:40:26.330789,"Seth Nagar, Belagavi"
7402,2025-06-02T21:40:26.331044,2025-06-05T14:40:26.331044,"Bera, Belagavi"
7403,2026-03-12T13:40:26.331809,2026-03-14T14:40:26.331809,"Choudhury Circle, Ballari"
7404,2025-07-17T06:40:26.332596,2025-07-18T14:40:26.332596,"Raval Nagar, Belagavi"
7405,2026-03-13T18:40:26.333595,2026-03-16T14:40:26.333595,"Anne Zila, Belagavi"
7406,2024-08-13T01:40:26.334202,2024-08-14T14:40:26.334202,"Edwin Circle, Belagavi"
7407,2025-04-12T17:40:26.335043,2025-04-14T14:40:26.335043,"Naidu Path, Shivamogga"
7408,2025-10-24T21:40:26.335669,2025-10-25T14:40:26.335669,"Goyal Chowk, Kolar"
7409,2025-05-10T16:40:26.336383,2025-05-12T14:40:26.336383,"Sharma Zila, Bengaluru Urban"
7410,2026-07-09T05:40:26.336686,2026-07-11T14:40:26.336686,"Bora Street, Belagavi"
7411,2026-05-17T17:40:26.337280,2026-05-18T14:40:26.337280,"Mane, Mandya"
7412,2024-07-31T09:40:26.337768,2024-08-01T14:40:26.337768,"Savant Zila, Tumakuru"
7413,2026-07-08T19:40:26.338640,2026-07-09T14:40:26.338640,"Choudhury Chowk, Belagavi"
7414,2026-01-07T11:40:26.339238,2026-01-07T14:40:26.339238,"Misra Marg, Bagalkote"
7415,2025-08-14T08:40:26.339879,2025-08-15T14:40:26.339879,"Hans Marg, Chikkamagaluru"
7416,2025-03-22T00:40:26.340702,2025-03-24T14:40:26.340702,"Chhabra Chowk, Yadgir"
7417,2026-03-12T08:40:26.341322,2026-03-14T14:40:26.341322,"Kanda Chowk, Chikkamagaluru"
7418,2025-10-30T15:40:26.341737,2025-10-31T14:40:26.341737,"Apte Ganj, Belagavi"
7419,2026-04-16T14:40:26.342191,2026-04-18T14:40:26.342191,"Sahni, Chikkamagaluru"
7420,2026-03-21T04:40:26.342450,2026-03-21T14:40:26.342450,"Badal Chowk, Belagavi"
7421,2026-06-09T08:40:26.343230,2026-06-11T14:40:26.343230,"Luthra Chowk, Belagavi"
7422,2024-09-09T00:40:26.343734,2024-09-10T14:40:26.343734,"Sundaram Zila, Mysuru"
7423,2026-04-20T11:40:26.344679,2026-04-20T14:40:26.344679,"Dar Marg, Belagavi"
7424,2026-02-24T01:40:26.345767,2026-02-25T14:40:26.345767,"Zacharia Path, Belagavi"
7425,2024-07-13T14:40:26.346193,2024-07-14T14:40:26.346193,"Samra Circle, Tumakuru"
7426,2026-05-29T14:40:26.346472,2026-05-30T14:40:26.346472,"Bhatnagar Road, Belagavi"
7427,2025-08-06T22:40:26.347002,2025-08-08T14:40:26.347002,"Dugal Street, Bidar"
7428,2025-11-16T22:40:26.347296,2025-11-17T14:40:26.347296,"Arya Chowk, Ramanagara"
7429,2024-09-14T19:40:26.347814,2024-09-17T14:40:26.347814,"Nayar Circle, Chikkamagaluru"
7430,2025-03-10T02:40:26.348192,2025-03-10T14:40:26.348192,"Handa Street, Bidar"
7431,2025-08-02T18:40:26.348743,2025-08-05T14:40:26.348743,"Gera Circle, Belagavi"
7432,2025-08-24T05:40:26.349189,2025-08-25T14:40:26.349189,"Khatri Chowk, Koppal"
7433,2025-04-01T10:40:26.349428,2025-04-02T14:40:26.349428,"Narula Ganj, Bengaluru Urban"
7434,2025-10-15T06:40:26.349808,2025-10-17T14:40:26.349808,"Chokshi Street, Davanagere"
7435,2025-09-30T02:40:26.350589,2025-10-02T14:40:26.350589,"Vora Path, Chitradurga"
7436,2025-08-06T17:40:26.351371,2025-08-08T14:40:26.351371,"Sunder Street, Chikkamagaluru"
7437,2025-01-15T19:40:26.352012,2025-01-17T14:40:26.352012,"Chandran Ganj, Vijayanagara"
7438,2025-12-05T04:40:26.352285,2025-12-05T14:40:26.352285,"Dasgupta, Raichur"
7439,2026-01-31T03:40:26.353101,2026-02-02T14:40:26.353101,"Madan Marg, Vijayanagara"
7440,2024-09-25T06:40:26.353424,2024-09-26T14:40:26.353424,"Sawhney, Tumakuru"
7441,2026-06-21T20:40:26.353958,2026-06-23T14:40:26.353958,"Wadhwa Road, Dakshina Kannada"
7442,2025-05-23T21:40:26.354384,2025-05-26T14:40:26.354384,"Tak Nagar, Ramanagara"
7443,2025-05-18T21:40:26.354880,2025-05-20T14:40:26.354880,"Yohannan Road, Mysuru"
7444,2026-02-05T17:40:26.355480,2026-02-08T14:40:26.355480,"Karpe Circle, Belagavi"
7445,2025-10-19T09:40:26.355902,2025-10-21T14:40:26.355902,"Samra Marg, Bengaluru Rural"
7446,2026-05-21T20:40:26.356781,2026-05-24T14:40:26.356781,"Varkey Zila, Belagavi"
7447,2024-12-19T14:40:26.357058,2024-12-20T14:40:26.357058,"Malhotra Road, Raichur"
7448,2025-09-18T23:40:26.357312,2025-09-20T14:40:26.357312,"Sehgal Road, Belagavi"
7449,2025-09-03T22:40:26.357604,2025-09-05T14:40:26.357604,"Bala Circle, Dharwad"
7450,2026-06-16T14:40:26.357870,2026-06-18T14:40:26.357870,"Lal Zila, Ballari"
7451,2025-11-28T20:40:26.358738,2025-11-30T14:40:26.358738,"Deo, Bengaluru Rural"
7452,2025-04-10T07:40:26.359006,2025-04-11T14:40:26.359006,"Lad Marg, Chikkaballapura"
7453,2025-09-01T10:40:26.359424,2025-09-03T14:40:26.359424,"Palan Nagar, Dharwad"
7454,2026-05-03T16:40:26.359974,2026-05-04T14:40:26.359974,"Wagle Street, Dakshina Kannada"
7455,2025-01-24T17:40:26.360250,2025-01-26T14:40:26.360250,"Wali Ganj, Mandya"
7456,2026-02-03T19:40:26.360925,2026-02-06T14:40:26.360925,"Goda, Belagavi"
7457,2025-06-24T03:40:26.361351,2025-06-24T14:40:26.361351,"Bhatia Street, Bengaluru Urban"
7458,2025-06-18T17:40:26.362137,2025-06-20T14:40:26.362137,"Kota Chowk, Kodagu"
7459,2025-04-10T05:40:26.362570,2025-04-10T14:40:26.362570,"Gola Zila, Belagavi"
7460,2024-07-25T12:40:26.363212,2024-07-27T14:40:26.363212,"Rastogi Circle, Bengaluru Rural"
7461,2025-06-22T15:40:26.364280,2025-06-25T14:40:26.364280,"Maharaj Path, Mandya"
7462,2025-11-14T13:40:26.364866,2025-11-14T14:40:26.364866,"Kara Ganj, Mysuru"
7463,2025-05-06T11:40:26.365131,2025-05-08T14:40:26.365131,"Dass Nagar, Bengaluru Urban"
7464,2024-11-26T16:40:26.365598,2024-11-28T14:40:26.365598,"Sibal Circle, Hassan"
7465,2025-10-27T12:40:26.366005,2025-10-29T14:40:26.366005,"Sant Nagar, Chikkamagaluru"
7466,2025-02-13T22:40:26.366784,2025-02-16T14:40:26.366784,"Deshmukh Circle, Chitradurga"
7467,2025-11-14T22:40:26.367270,2025-11-17T14:40:26.367270,"Pathak Circle, Bengaluru Rural"
7468,2025-12-23T22:40:26.368161,2025-12-25T14:40:26.368161,"Bahl Ganj, Hassan"
7469,2024-10-25T15:40:26.368640,2024-10-27T14:40:26.368640,"Pau Path, Belagavi"
7470,2024-12-25T00:40:26.369276,2024-12-27T14:40:26.369276,"Sehgal Nagar, Belagavi"
7471,2026-06-14T01:40:26.369571,2026-06-16T14:40:26.369571,"Muni Marg, Chitradurga"
7472,2024-09-21T11:40:26.370455,2024-09-22T14:40:26.370455,"Roy Nagar, Haveri"
7473,2026-06-05T10:40:26.371282,2026-06-06T14:40:26.371282,"Krishna Marg, Belagavi"
7474,2026-02-17T07:40:26.372009,2026-02-18T14:40:26.372009,"Roy Street, Belagavi"
7475,2025-03-22T05:40:26.372278,2025-03-24T14:40:26.372278,"Chowdhury, Koppal"
7476,2025-07-28T16:40:26.372609,2025-07-30T14:40:26.372609,"Lall, Belagavi"
7477,2025-09-01T15:40:26.373075,2025-09-03T14:40:26.373075,"Sachdev Ganj, Ballari"
7478,2024-11-14T20:40:26.373815,2024-11-15T14:40:26.373815,"Gokhale, Raichur"
7479,2025-04-30T06:40:26.375095,2025-04-30T14:40:26.375095,"Khatri Street, Bengaluru Urban"
7480,2025-08-29T05:40:26.375638,2025-08-29T14:40:26.375638,"Natt Chowk, Mandya"
7481,2025-09-26T13:40:26.376693,2025-09-27T14:40:26.376693,"Golla Marg, Belagavi"
7482,2024-10-26T17:40:26.377208,2024-10-28T14:40:26.377208,"Puri Path, Ramanagara"
7483,2025-09-23T11:40:26.378576,2025-09-24T14:40:26.378576,"Prashad Chowk, Ballari"
7484,2026-02-01T08:40:26.379196,2026-02-03T14:40:26.379196,"Chaudhry Marg, Belagavi"
7485,2026-04-11T07:40:26.380408,2026-04-11T14:40:26.380408,"Om Circle, Tumakuru"
7486,2026-03-19T21:40:26.380746,2026-03-22T14:40:26.380746,"Sekhon Chowk, Belagavi"
7487,2025-06-27T01:40:26.381206,2025-06-29T14:40:26.381206,"Bahl Nagar, Kodagu"
7488,2026-05-05T06:40:26.381587,2026-05-07T14:40:26.381587,"Morar Road, Belagavi"
7489,2024-10-26T04:40:26.382240,2024-10-26T14:40:26.382240,"Borde Zila, Mysuru"
7490,2025-09-18T18:40:26.383207,2025-09-20T14:40:26.383207,"Mittal Marg, Bagalkote"
7491,2025-11-25T16:40:26.383697,2025-11-26T14:40:26.383697,"Dixit Road, Ballari"
7492,2024-12-06T16:40:26.384251,2024-12-08T14:40:26.384251,"Divan Street, Mysuru"
7493,2026-06-11T07:40:26.385129,2026-06-13T14:40:26.385129,"Deshmukh Nagar, Koppal"
7494,2024-10-22T14:40:26.385805,2024-10-25T14:40:26.385805,"Deol Chowk, Belagavi"
7495,2025-02-13T02:40:26.386925,2025-02-15T14:40:26.386925,"Magar Zila, Belagavi"
7496,2025-10-29T19:40:26.387366,2025-10-31T14:40:26.387366,"Naidu Chowk, Haveri"
7497,2026-06-02T14:40:26.388144,2026-06-05T14:40:26.388144,"Memon Street, Belagavi"
7498,2025-06-08T15:40:26.388812,2025-06-10T14:40:26.388812,"Chatterjee Chowk, Mandya"
7499,2025-12-16T06:40:26.390274,2025-12-18T14:40:26.390274,"Hora Nagar, Belagavi"
7500,2024-11-26T23:40:26.390833,2024-11-29T14:40:26.390833,"Dube Circle, Mysuru"
7501,2025-10-05T07:40:26.391356,2025-10-06T14:40:26.391356,"Sachdeva Marg, Chamarajanagara"
7502,2025-11-22T00:40:26.392462,2025-11-24T14:40:26.392462,"Karpe Street, Shivamogga"
7503,2025-10-31T00:40:26.393155,2025-10-31T14:40:26.393155,"Sha Path, Belagavi"
7504,2025-03-12T17:40:26.394274,2025-03-15T14:40:26.394274,"Grover Circle, Chikkaballapura"
7505,2025-05-11T18:40:26.394623,2025-05-14T14:40:26.394623,"Pant Ganj, Mysuru"
7506,2025-08-23T20:40:26.395243,2025-08-24T14:40:26.395243,"Sehgal Road, Ballari"
7507,2024-12-28T05:40:26.396097,2024-12-29T14:40:26.396097,"Basak Road, Tumakuru"
7508,2025-02-17T12:40:26.396897,2025-02-17T14:40:26.396897,"Seth Chowk, Chikkamagaluru"
7509,2025-11-11T21:40:26.397800,2025-11-12T14:40:26.397800,"Tripathi, Belagavi"
7510,2025-01-25T07:40:26.398506,2025-01-25T14:40:26.398506,"Dhar Ganj, Davanagere"
7511,2025-05-22T20:40:26.399095,2025-05-23T14:40:26.399095,"Sehgal Path, Belagavi"
7512,2026-04-09T07:40:26.399377,2026-04-11T14:40:26.399377,"Jayaraman Street, Kalaburagi"
7513,2024-10-30T14:40:26.400343,2024-11-02T14:40:26.400343,"Mander Nagar, Chamarajanagara"
7514,2024-12-24T19:40:26.401783,2024-12-25T14:40:26.401783,"Savant Ganj, Ballari"
7515,2025-02-19T07:40:26.402287,2025-02-21T14:40:26.402287,"Kamdar Zila, Bengaluru Rural"
7516,2024-09-13T08:40:26.402817,2024-09-15T14:40:26.402817,"Padmanabhan, Hassan"
7517,2024-08-05T00:40:26.404219,2024-08-07T14:40:26.404219,"Grover Nagar, Kalaburagi"
7518,2026-03-24T20:40:26.405985,2026-03-27T14:40:26.405985,"Wali Ganj, Bengaluru Rural"
7519,2026-05-15T10:40:26.406928,2026-05-17T14:40:26.406928,"Srinivasan, Dakshina Kannada"
7520,2026-07-05T04:40:26.407585,2026-07-07T14:40:26.407585,"Manda Path, Belagavi"
7521,2026-04-09T20:40:26.408945,2026-04-10T14:40:26.408945,"Bajwa Path, Mandya"
7522,2025-10-15T16:40:26.409431,2025-10-16T14:40:26.409431,"Pall Nagar, Bengaluru Urban"
7523,2026-06-25T17:40:26.409947,2026-06-26T14:40:26.409947,"Manda Road, Ramanagara"
7524,2024-10-15T07:40:26.410224,2024-10-15T14:40:26.410224,"Bahri Road, Haveri"
7525,2024-09-15T02:40:26.410482,2024-09-15T14:40:26.410482,"Sura, Bengaluru Urban"
7526,2026-06-19T00:40:26.411332,2026-06-19T14:40:26.411332,"Mohanty, Raichur"
7527,2025-09-19T10:40:26.412358,2025-09-20T14:40:26.412358,"Srivastava Chowk, Raichur"
7528,2026-04-25T05:40:26.412897,2026-04-27T14:40:26.412897,"Rajan Street, Haveri"
7529,2026-01-13T17:40:26.413455,2026-01-14T14:40:26.413455,"Morar, Dakshina Kannada"
7530,2025-03-11T09:40:26.414232,2025-03-12T14:40:26.414232,"Jhaveri Road, Shivamogga"
7531,2025-11-02T09:40:26.414505,2025-11-02T14:40:26.414505,"Padmanabhan Marg, Dharwad"
7532,2026-04-15T20:40:26.415261,2026-04-18T14:40:26.415261,"Anand Chowk, Belagavi"
7533,2026-01-24T11:40:26.416726,2026-01-26T14:40:26.416726,"Iyer Street, Belagavi"
7534,2025-09-13T12:40:26.417233,2025-09-14T14:40:26.417233,"Chowdhury Ganj, Bagalkote"
7535,2026-03-29T07:40:26.418335,2026-03-30T14:40:26.418335,"Madan Marg, Kodagu"
7536,2025-04-27T14:40:26.418695,2025-04-30T14:40:26.418695,"Cheema Zila, Belagavi"
7537,2025-01-15T09:40:26.419694,2025-01-15T14:40:26.419694,"Behl Circle, Tumakuru"
7538,2024-11-19T01:40:26.420633,2024-11-20T14:40:26.420633,"Barman, Vijayanagara"
7539,2026-01-31T07:40:26.421131,2026-02-02T14:40:26.421131,"Patil Road, Belagavi"
7540,2025-05-16T03:40:26.421384,2025-05-17T14:40:26.421384,"Ranganathan Chowk, Chikkaballapura"
7541,2026-01-20T14:40:26.421707,2026-01-21T14:40:26.421707,"Sankaran, Raichur"
7542,2026-05-08T21:40:26.422172,2026-05-09T14:40:26.422172,"Rajagopal Nagar, Belagavi"
7543,2025-02-27T03:40:26.422594,2025-02-27T14:40:26.422594,"Kuruvilla, Belagavi"
7544,2024-09-18T02:40:26.424212,2024-09-18T14:40:26.424212,"Varughese, Bengaluru Rural"
7545,2026-05-17T17:40:26.425334,2026-05-18T14:40:26.425334,"Savant Chowk, Kodagu"
7546,2025-10-23T01:40:26.426357,2025-10-23T14:40:26.426357,"Choudhury, Raichur"
7547,2026-03-18T04:40:26.427042,2026-03-20T14:40:26.427042,"Sheth Path, Belagavi"
7548,2025-07-16T11:40:26.427303,2025-07-18T14:40:26.427303,"Som, Belagavi"
7549,2026-02-07T05:40:26.427638,2026-02-07T14:40:26.427638,"Gaba Road, Belagavi"
7550,2024-08-29T01:40:26.428190,2024-08-31T14:40:26.428190,"Mitra Road, Tumakuru"
7551,2025-03-18T09:40:26.429353,2025-03-20T14:40:26.429353,"Arora Path, Belagavi"
7552,2026-03-18T13:40:26.430700,2026-03-18T14:40:26.430700,"Oza Path, Ramanagara"
7553,2026-05-29T05:40:26.432598,2026-05-30T14:40:26.432598,"Sethi Chowk, Belagavi"
7554,2025-03-17T17:40:26.434271,2025-03-20T14:40:26.434271,"Sinha Zila, Belagavi"
7555,2025-07-19T15:40:26.435276,2025-07-21T14:40:26.435276,"Taneja Chowk, Chikkamagaluru"
7556,2025-04-05T11:40:26.436069,2025-04-05T14:40:26.436069,"Pant Street, Kalaburagi"
7557,2025-09-12T11:40:26.437351,2025-09-13T14:40:26.437351,"Aggarwal Marg, Shivamogga"
7558,2025-11-10T06:40:26.438412,2025-11-12T14:40:26.438412,"Joshi Nagar, Belagavi"
7559,2024-09-11T23:40:26.439160,2024-09-13T14:40:26.439160,"Gara Chowk, Bengaluru Urban"
7560,2026-06-13T14:40:26.440253,2026-06-15T14:40:26.440253,"Ranganathan Ganj, Mysuru"
7561,2026-01-05T11:40:26.440625,2026-01-07T14:40:26.440625,"Soman Path, Haveri"
7562,2024-08-07T22:40:26.441101,2024-08-10T14:40:26.441101,"Sinha Ganj, Belagavi"
7563,2024-12-14T05:40:26.442266,2024-12-15T14:40:26.442266,"Chakrabarti, Bengaluru Rural"
7564,2026-01-12T09:40:26.442703,2026-01-14T14:40:26.442703,"Bhatti Chowk, Mysuru"
7565,2025-02-07T05:40:26.443490,2025-02-08T14:40:26.443490,"Rajagopal Ganj, Vijayanagara"
7566,2024-09-28T03:40:26.444485,2024-09-29T14:40:26.444485,"Bakshi Chowk, Bidar"
7567,2025-11-18T12:40:26.444851,2025-11-20T14:40:26.444851,"Rajagopalan Path, Bengaluru Rural"
7568,2025-11-26T01:40:26.445173,2025-11-28T14:40:26.445173,"Vig, Davanagere"
7569,2024-09-15T07:40:26.446112,2024-09-17T14:40:26.446112,"Ganesan Marg, Mysuru"
7570,2024-08-20T15:40:26.446806,2024-08-22T14:40:26.446806,"Chadha Path, Udupi"
7571,2025-04-03T02:40:26.447083,2025-04-05T14:40:26.447083,"Mitra Circle, Kolar"
7572,2025-05-19T08:40:26.448034,2025-05-21T14:40:26.448034,"Peri Marg, Shivamogga"
7573,2025-09-29T08:40:26.448799,2025-09-30T14:40:26.448799,"Ray Zila, Koppal"
7574,2025-10-27T21:40:26.449289,2025-10-29T14:40:26.449289,"Verma Street, Belagavi"
7575,2025-05-26T13:40:26.450276,2025-05-27T14:40:26.450276,"Rajan Chowk, Shivamogga"
7576,2026-03-21T11:40:26.450509,2026-03-23T14:40:26.450509,"Sangha Zila, Chamarajanagara"
7577,2025-08-12T21:40:26.451088,2025-08-15T14:40:26.451088,"Lad Path, Belagavi"
7578,2024-08-10T04:40:26.451591,2024-08-12T14:40:26.451591,"Hans Marg, Bengaluru Urban"
7579,2024-10-24T05:40:26.452492,2024-10-24T14:40:26.452492,"Dora Marg, Koppal"
7580,2026-01-21T17:40:26.453299,2026-01-23T14:40:26.453299,"Rege Zila, Bengaluru Urban"
7581,2025-12-26T15:40:26.454265,2025-12-28T14:40:26.454265,"Tella Ganj, Mysuru"
7582,2025-05-29T23:40:26.454722,2025-06-01T14:40:26.454722,"Nath Road, Kolar"
7583,2025-12-18T08:40:26.455274,2025-12-18T14:40:26.455274,"Garde Marg, Vijayapura"
7584,2026-06-10T23:40:26.456046,2026-06-12T14:40:26.456046,"Kapur Marg, Belagavi"
7585,2024-10-23T07:40:26.456486,2024-10-23T14:40:26.456486,"Mitra Street, Dharwad"
7586,2025-11-09T05:40:26.456889,2025-11-09T14:40:26.456889,"Bhavsar Marg, Belagavi"
7587,2025-07-07T08:40:26.457507,2025-07-09T14:40:26.457507,"Majumdar, Ramanagara"
7588,2025-07-03T09:40:26.458023,2025-07-05T14:40:26.458023,"Purohit Nagar, Chikkaballapura"
7589,2026-06-01T20:40:26.458687,2026-06-04T14:40:26.458687,"Murty Path, Hassan"
7590,2024-11-27T12:40:26.458962,2024-11-28T14:40:26.458962,"Karnik Ganj, Koppal"
7591,2025-03-27T09:40:26.459405,2025-03-28T14:40:26.459405,"Babu Marg, Yadgir"
7592,2024-09-23T20:40:26.459724,2024-09-26T14:40:26.459724,"Bhatti Marg, Kalaburagi"
7593,2025-08-18T08:40:26.460063,2025-08-20T14:40:26.460063,"Kade Chowk, Mysuru"
7594,2026-07-01T10:40:26.460910,2026-07-01T14:40:26.460910,"Wable, Belagavi"
7595,2026-01-10T19:40:26.461436,2026-01-12T14:40:26.461436,"Jha Road, Belagavi"
7596,2026-02-09T02:40:26.462045,2026-02-09T14:40:26.462045,"Mannan Zila, Dharwad"
7597,2025-12-26T19:40:26.462633,2025-12-28T14:40:26.462633,"Raghavan Road, Bengaluru Urban"
7598,2025-01-26T09:40:26.463271,2025-01-27T14:40:26.463271,"Pandya Marg, Shivamogga"
7599,2025-02-01T07:40:26.463764,2025-02-01T14:40:26.463764,"Mand, Ramanagara"
7600,2026-06-05T17:40:26.464619,2026-06-06T14:40:26.464619,"Manne Path, Belagavi"
7601,2026-01-11T16:40:26.464910,2026-01-14T14:40:26.464910,"Chander Street, Shivamogga"
7602,2025-03-08T01:40:26.465268,2025-03-10T14:40:26.465268,"Nair Ganj, Tumakuru"
7603,2025-11-27T09:40:26.465497,2025-11-27T14:40:26.465497,"Kohli Ganj, Tumakuru"
7604,2025-04-30T23:40:26.465897,2025-05-01T14:40:26.465897,"Prasad, Kolar"
7605,2026-06-20T08:40:26.466700,2026-06-20T14:40:26.466700,"Lanka Circle, Bidar"
7606,2025-12-01T03:40:26.467181,2025-12-02T14:40:26.467181,"Devan Road, Udupi"
7607,2025-01-01T11:40:26.467469,2025-01-03T14:40:26.467469,"Shenoy Chowk, Belagavi"
7608,2025-01-18T02:40:26.468042,2025-01-18T14:40:26.468042,"Warrior Zila, Bidar"
7609,2025-08-02T14:40:26.468468,2025-08-03T14:40:26.468468,"Kothari Zila, Bengaluru Urban"
7610,2026-04-08T12:40:26.469051,2026-04-08T14:40:26.469051,"Malhotra Zila, Kodagu"
7611,2026-05-20T05:40:26.469891,2026-05-20T14:40:26.469891,"Kant Road, Yadgir"
7612,2025-11-09T00:40:26.470479,2025-11-10T14:40:26.470479,"Handa, Vijayapura"
7613,2025-08-15T19:40:26.470807,2025-08-17T14:40:26.470807,"Minhas Ganj, Belagavi"
7614,2025-01-30T01:40:26.471072,2025-02-01T14:40:26.471072,"Varughese Ganj, Davanagere"
7615,2026-06-30T11:40:26.471504,2026-07-02T14:40:26.471504,"Soni Marg, Mysuru"
7616,2026-01-23T03:40:26.472097,2026-01-25T14:40:26.472097,"Wadhwa Circle, Chitradurga"
7617,2026-05-28T19:40:26.472444,2026-05-30T14:40:26.472444,"Nayar Street, Belagavi"
7618,2026-06-28T23:40:26.473125,2026-07-01T14:40:26.473125,"Prakash Chowk, Belagavi"
7619,2026-01-17T00:40:26.473562,2026-01-18T14:40:26.473562,"Tailor Road, Chikkamagaluru"
7620,2026-02-25T19:40:26.474059,2026-02-26T14:40:26.474059,"Rege Path, Bengaluru Urban"
7621,2025-12-19T16:40:26.474317,2025-12-22T14:40:26.474317,"Sastry Circle, Gadag"
7622,2026-03-15T21:40:26.474705,2026-03-18T14:40:26.474705,"Wagle Nagar, Belagavi"
7623,2026-07-04T23:40:26.475169,2026-07-06T14:40:26.475169,"Rastogi Road, Belagavi"
7624,2026-05-07T15:40:26.475670,2026-05-09T14:40:26.475670,"Balay Marg, Chamarajanagara"
7625,2026-03-03T01:40:26.476220,2026-03-05T14:40:26.476220,"Nair Chowk, Belagavi"
7626,2025-04-26T01:40:26.476523,2025-04-26T14:40:26.476523,"Rout Street, Kolar"
7627,2026-02-12T13:40:26.476955,2026-02-12T14:40:26.476955,"Rau Ganj, Belagavi"
7628,2025-04-11T02:40:26.477523,2025-04-12T14:40:26.477523,"Nigam, Vijayapura"
7629,2024-12-30T19:40:26.477846,2025-01-01T14:40:26.477846,"Mane Path, Bidar"
7630,2025-03-01T02:40:26.478592,2025-03-01T14:40:26.478592,"De Chowk, Mysuru"
7631,2026-07-01T19:40:26.479044,2026-07-04T14:40:26.479044,"Dhingra Zila, Dharwad"
7632,2025-10-23T21:40:26.479503,2025-10-25T14:40:26.479503,"Bhavsar Street, Bengaluru Urban"
7633,2025-05-16T23:40:26.480125,2025-05-17T14:40:26.480125,"Kibe Path, Belagavi"
7634,2025-02-27T04:40:26.480933,2025-02-28T14:40:26.480933,"Pradhan Chowk, Belagavi"
7635,2025-05-04T02:40:26.481199,2025-05-06T14:40:26.481199,"Sidhu Street, Belagavi"
7636,2025-08-01T13:40:26.481913,2025-08-01T14:40:26.481913,"Pradhan, Bengaluru Urban"
7637,2025-11-15T04:40:26.482438,2025-11-16T14:40:26.482438,"Chauhan Street, Gadag"
7638,2024-11-10T20:40:26.482919,2024-11-12T14:40:26.482919,"Chaudhuri Circle, Belagavi"
7639,2025-03-09T19:40:26.483350,2025-03-12T14:40:26.483350,"Malhotra Road, Mysuru"
7640,2025-02-08T02:40:26.484160,2025-02-10T14:40:26.484160,"Dhar Marg, Bengaluru Urban"
7641,2025-06-16T00:40:26.484690,2025-06-17T14:40:26.484690,"Borde Ganj, Mysuru"
7642,2024-07-29T21:40:26.485509,2024-07-30T14:40:26.485509,"Bahri Chowk, Tumakuru"
7643,2026-04-09T01:40:26.485957,2026-04-10T14:40:26.485957,"Gandhi Zila, Belagavi"
7644,2026-03-10T19:40:26.486426,2026-03-12T14:40:26.486426,"Mital Path, Belagavi"
7645,2026-05-25T04:40:26.486741,2026-05-27T14:40:26.486741,"Sha, Chitradurga"
7646,2026-01-31T23:40:26.487133,2026-02-02T14:40:26.487133,"Comar Circle, Belagavi"
7647,2025-06-28T16:40:26.487596,2025-06-30T14:40:26.487596,"Tella Ganj, Kodagu"
7648,2026-03-17T18:40:26.488135,2026-03-19T14:40:26.488135,"Shankar Street, Belagavi"
7649,2025-01-10T14:40:26.488414,2025-01-13T14:40:26.488414,"Chokshi Chowk, Raichur"
7650,2024-08-06T11:40:26.489005,2024-08-06T14:40:26.489005,"Jayaraman Circle, Chamarajanagara"
7651,2025-01-07T23:40:26.489666,2025-01-09T14:40:26.489666,"Karpe Circle, Belagavi"
7652,2026-05-25T13:40:26.490423,2026-05-27T14:40:26.490423,"Biswas Ganj, Yadgir"
7653,2026-01-23T14:40:26.491110,2026-01-24T14:40:26.491110,"Shan Nagar, Hassan"
7654,2026-02-18T13:40:26.491781,2026-02-19T14:40:26.491781,"Sekhon Marg, Belagavi"
7655,2025-04-17T12:40:26.492476,2025-04-19T14:40:26.492476,"Chandran Chowk, Bengaluru Rural"
7656,2025-06-18T07:40:26.493317,2025-06-18T14:40:26.493317,"Menon, Belagavi"
7657,2024-08-19T23:40:26.493651,2024-08-22T14:40:26.493651,"Modi Chowk, Belagavi"
7658,2025-11-25T13:40:26.494287,2025-11-27T14:40:26.494287,"Krishnamurthy Road, Koppal"
7659,2024-08-27T19:40:26.494990,2024-08-30T14:40:26.494990,"Andra Marg, Bagalkote"
7660,2024-10-10T21:40:26.495820,2024-10-13T14:40:26.495820,"Varughese Road, Kalaburagi"
7661,2026-05-01T12:40:26.496709,2026-05-02T14:40:26.496709,"Dubey Road, Chikkamagaluru"
7662,2025-08-05T16:40:26.497275,2025-08-07T14:40:26.497275,"Babu Road, Tumakuru"
7663,2026-05-14T15:40:26.497945,2026-05-15T14:40:26.497945,"Dyal Street, Bengaluru Urban"
7664,2026-01-10T17:40:26.498314,2026-01-11T14:40:26.498314,"Shukla Marg, Raichur"
7665,2025-04-30T13:40:26.498676,2025-05-02T14:40:26.498676,"Chaudhary Marg, Mysuru"
7666,2026-05-31T20:40:26.499487,2026-06-03T14:40:26.499487,"Dey Path, Udupi"
7667,2026-05-01T14:40:26.499874,2026-05-02T14:40:26.499874,"Sura, Belagavi"
7668,2025-02-20T13:40:26.500723,2025-02-21T14:40:26.500723,"Dani Ganj, Belagavi"
7669,2025-08-07T19:40:26.500995,2025-08-10T14:40:26.500995,"Dar Circle, Raichur"
7670,2026-06-29T01:40:26.501850,2026-06-30T14:40:26.501850,"Shah Path, Belagavi"
7671,2025-07-20T12:40:26.502464,2025-07-20T14:40:26.502464,"Krishnan Zila, Belagavi"
7672,2024-07-11T13:40:26.503158,2024-07-11T14:40:26.503158,"Pandya Chowk, Bagalkote"
7673,2025-09-12T06:40:26.503453,2025-09-12T14:40:26.503453,"Balay Ganj, Mysuru"
7674,2026-05-13T03:40:26.503770,2026-05-15T14:40:26.503770,"Babu Nagar, Ramanagara"
7675,2025-08-07T23:40:26.504605,2025-08-08T14:40:26.504605,"Kumar Chowk, Bengaluru Urban"
7676,2025-04-25T05:40:26.505584,2025-04-27T14:40:26.505584,"Bahri Marg, Belagavi"
7677,2025-06-11T03:40:26.505892,2025-06-12T14:40:26.505892,"Dar Street, Davanagere"
7678,2026-05-30T08:40:26.506715,2026-05-30T14:40:26.506715,"Dhaliwal Road, Belagavi"
7679,2026-01-13T02:40:26.507148,2026-01-15T14:40:26.507148,"Mishra Zila, Bidar"
7680,2026-04-11T17:40:26.507626,2026-04-14T14:40:26.507626,"Minhas Ganj, Belagavi"
7681,2025-12-20T08:40:26.507757,2025-12-21T14:40:26.507757,"Shukla Chowk, Belagavi"
7682,2026-01-02T01:40:26.508246,2026-01-02T14:40:26.508246,"Agate Ganj, Vijayapura"
7683,2025-12-26T19:40:26.508941,2025-12-29T14:40:26.508941,"Joshi, Koppal"
7684,2026-06-05T16:40:26.509563,2026-06-07T14:40:26.509563,"Sridhar Marg, Mysuru"
7685,2025-10-20T03:40:26.510177,2025-10-22T14:40:26.510177,"Pau Nagar, Belagavi"
7686,2025-05-04T01:40:26.510413,2025-05-04T14:40:26.510413,"Sem Chowk, Haveri"
7687,2025-10-17T15:40:26.511233,2025-10-18T14:40:26.511233,"Bose Nagar, Davanagere"
7688,2025-06-02T20:40:26.512471,2025-06-04T14:40:26.512471,"Sharaf Nagar, Belagavi"
7689,2025-02-04T04:40:26.513711,2025-02-05T14:40:26.513711,"Ganesan, Chikkamagaluru"
7690,2025-04-08T02:40:26.514514,2025-04-10T14:40:26.514514,"Mitra Circle, Udupi"
7691,2026-03-25T07:40:26.515296,2026-03-25T14:40:26.515296,"Kari, Chamarajanagara"
7692,2025-09-08T05:40:26.516321,2025-09-10T14:40:26.516321,"Bose, Mandya"
7693,2026-01-24T08:40:26.517147,2026-01-24T14:40:26.517147,"Ganguly Ganj, Mysuru"
7694,2025-05-26T00:40:26.518156,2025-05-27T14:40:26.518156,"Aurora Ganj, Bengaluru Rural"
7695,2025-01-18T08:40:26.519518,2025-01-19T14:40:26.519518,"Ganguly, Dharwad"
7696,2025-02-11T03:40:26.520640,2025-02-12T14:40:26.520640,"Choudhary Road, Mysuru"
7697,2025-01-14T12:40:26.521613,2025-01-16T14:40:26.521613,"Rao Circle, Belagavi"
7698,2026-06-21T05:40:26.522146,2026-06-22T14:40:26.522146,"Parikh Road, Koppal"
7699,2026-06-11T01:40:26.522499,2026-06-11T14:40:26.522499,"Shah, Bengaluru Urban"
7700,2025-03-10T15:40:26.523269,2025-03-13T14:40:26.523269,"Lad Road, Bengaluru Urban"
7701,2026-03-27T02:40:26.523681,2026-03-27T14:40:26.523681,"Thaman Nagar, Belagavi"
7702,2026-02-05T13:40:26.524002,2026-02-07T14:40:26.524002,"Nazareth Chowk, Belagavi"
7703,2025-04-08T11:40:26.524632,2025-04-10T14:40:26.524632,"Bose Chowk, Vijayapura"
7704,2024-09-16T00:40:26.524943,2024-09-17T14:40:26.524943,"Bains Nagar, Mandya"
7705,2024-08-26T21:40:26.525755,2024-08-28T14:40:26.525755,"Panchal Zila, Haveri"
7706,2025-06-30T08:40:26.526423,2025-07-02T14:40:26.526423,"Dhaliwal Street, Mysuru"
7707,2026-04-27T03:40:26.527131,2026-04-29T14:40:26.527131,"Iyengar Nagar, Belagavi"
7708,2025-10-10T16:40:26.527599,2025-10-12T14:40:26.527599,"Puri Zila, Vijayapura"
7709,2026-03-08T07:40:26.528390,2026-03-09T14:40:26.528390,"Mall Circle, Yadgir"
7710,2025-04-09T22:40:26.528966,2025-04-10T14:40:26.528966,"Narang, Belagavi"
7711,2026-03-23T10:40:26.529245,2026-03-23T14:40:26.529245,"Agrawal Marg, Belagavi"
7712,2024-09-27T08:40:26.529614,2024-09-28T14:40:26.529614,"Sandhu Chowk, Ramanagara"
7713,2026-03-22T13:40:26.530194,2026-03-24T14:40:26.530194,"Dewan, Kodagu"
7714,2026-04-29T07:40:26.530454,2026-05-01T14:40:26.530454,"Suri Chowk, Chikkamagaluru"
7715,2025-11-21T03:40:26.531268,2025-11-21T14:40:26.531268,"Nanda Circle, Hassan"
7716,2026-01-08T13:40:26.531783,2026-01-10T14:40:26.531783,"Munshi Nagar, Bidar"
7717,2024-10-15T14:40:26.532099,2024-10-16T14:40:26.532099,"Arya Street, Belagavi"
7718,2024-08-29T15:40:26.533063,2024-09-01T14:40:26.533063,"Ben Path, Hassan"
7719,2025-03-31T05:40:26.533995,2025-03-31T14:40:26.533995,"Rau, Bengaluru Rural"
7720,2026-06-26T14:40:26.535101,2026-06-28T14:40:26.535101,"Karan Ganj, Belagavi"
7721,2025-07-06T14:40:26.536040,2025-07-09T14:40:26.536040,"Kunda Path, Kalaburagi"
7722,2024-08-28T22:40:26.536405,2024-08-31T14:40:26.536405,"Morar Ganj, Davanagere"
7723,2026-06-05T03:40:26.537315,2026-06-07T14:40:26.537315,"Mahajan Zila, Belagavi"
7724,2026-04-25T23:40:26.538168,2026-04-26T14:40:26.538168,"Sankar Street, Belagavi"
7725,2025-02-15T16:40:26.538799,2025-02-18T14:40:26.538799,"Bail Nagar, Kalaburagi"
7726,2024-09-25T03:40:26.539069,2024-09-25T14:40:26.539069,"Butala Circle, Davanagere"
7727,2025-06-05T08:40:26.539771,2025-06-07T14:40:26.539771,"Naidu Chowk, Davanagere"
7728,2026-06-10T15:40:26.540479,2026-06-12T14:40:26.540479,"Roy Circle, Ballari"
7729,2026-03-24T21:40:26.540985,2026-03-25T14:40:26.540985,"Dhaliwal Street, Chitradurga"
7730,2025-12-06T22:40:26.541714,2025-12-09T14:40:26.541714,"Parikh Street, Ballari"
7731,2026-03-29T05:40:26.542522,2026-03-29T14:40:26.542522,"Buch Zila, Bengaluru Urban"
7732,2026-06-24T22:40:26.543198,2026-06-27T14:40:26.543198,"Karnik Chowk, Raichur"
7733,2025-12-08T21:40:26.543770,2025-12-11T14:40:26.543770,"Raju Nagar, Dharwad"
7734,2024-08-01T14:40:26.545439,2024-08-03T14:40:26.545439,"Nayak Marg, Belagavi"
7735,2025-09-22T02:40:26.546432,2025-09-24T14:40:26.546432,"Lata Circle, Dakshina Kannada"
7736,2024-10-30T21:40:26.547823,2024-11-01T14:40:26.547823,"Tank Ganj, Bagalkote"
7737,2026-02-04T13:40:26.548874,2026-02-06T14:40:26.548874,"Srinivasan Chowk, Haveri"
7738,2025-05-20T17:40:26.549333,2025-05-22T14:40:26.549333,"Magar Chowk, Chikkamagaluru"
7739,2026-02-21T11:40:26.549894,2026-02-23T14:40:26.549894,"Anne Circle, Dakshina Kannada"
7740,2025-02-18T15:40:26.550778,2025-02-20T14:40:26.550778,"Kurian Road, Bidar"
7741,2026-05-31T21:40:26.551466,2026-06-01T14:40:26.551466,"Ganguly Ganj, Belagavi"
7742,2026-02-15T14:40:26.551815,2026-02-17T14:40:26.551815,"Hans Path, Belagavi"
7743,2026-03-05T06:40:26.552165,2026-03-07T14:40:26.552165,"Upadhyay Ganj, Shivamogga"
7744,2026-06-12T08:40:26.553122,2026-06-12T14:40:26.553122,"Ratti Nagar, Belagavi"
7745,2026-01-01T20:40:26.554471,2026-01-04T14:40:26.554471,"Bajwa Path, Bidar"
7746,2024-07-30T21:40:26.554822,2024-07-31T14:40:26.554822,"Mitra Marg, Raichur"
7747,2026-01-21T23:40:26.555503,2026-01-24T14:40:26.555503,"Pal Marg, Belagavi"
7748,2024-07-30T01:40:26.556442,2024-07-30T14:40:26.556442,"Bassi Chowk, Mysuru"
7749,2025-05-13T19:40:26.556771,2025-05-14T14:40:26.556771,"Singh Ganj, Belagavi"
7750,2025-07-01T19:40:26.557849,2025-07-02T14:40:26.557849,"Varty Circle, Vijayapura"
7751,2026-01-16T13:40:26.558525,2026-01-18T14:40:26.558525,"Arya Marg, Belagavi"
7752,2024-09-11T01:40:26.558842,2024-09-13T14:40:26.558842,"Tella, Mandya"
7753,2025-08-06T23:40:26.559132,2025-08-08T14:40:26.559132,"Sem Path, Bidar"
7754,2025-12-25T22:40:26.559404,2025-12-28T14:40:26.559404,"Ganguly Circle, Mysuru"
7755,2025-11-18T03:40:26.560526,2025-11-20T14:40:26.560526,"Badal Street, Haveri"
7756,2025-09-17T00:40:26.561173,2025-09-18T14:40:26.561173,"Chandran Marg, Koppal"
7757,2024-09-13T02:40:26.562440,2024-09-13T14:40:26.562440,"Shan Road, Bengaluru Urban"
7758,2025-08-21T05:40:26.563119,2025-08-23T14:40:26.563119,"Bakshi Ganj, Belagavi"
7759,2025-10-17T06:40:26.564464,2025-10-17T14:40:26.564464,"Dhar Circle, Dharwad"
7760,2026-06-07T17:40:26.565396,2026-06-09T14:40:26.565396,"Sani Road, Chikkaballapura"
7761,2026-03-24T18:40:26.566295,2026-03-27T14:40:26.566295,"Sangha Road, Belagavi"
7762,2025-03-08T21:40:26.567223,2025-03-09T14:40:26.567223,"Kara Road, Belagavi"
7763,2025-08-12T03:40:26.567711,2025-08-12T14:40:26.567711,"Badal Nagar, Belagavi"
7764,2025-10-15T05:40:26.568104,2025-10-17T14:40:26.568104,"Issac Marg, Tumakuru"
7765,2024-08-31T18:40:26.568521,2024-09-02T14:40:26.568521,"Sandal Ganj, Shivamogga"
7766,2024-08-12T15:40:26.569045,2024-08-15T14:40:26.569045,"D’Alia Marg, Chikkamagaluru"
7767,2025-02-07T00:40:26.569311,2025-02-09T14:40:26.569311,"Bajwa Road, Shivamogga"
7768,2025-07-04T17:40:26.570517,2025-07-07T14:40:26.570517,"Chaudhari Road, Koppal"
7769,2025-01-05T16:40:26.571095,2025-01-08T14:40:26.571095,"Dutta Ganj, Chikkamagaluru"
7770,2026-04-02T22:40:26.571875,2026-04-04T14:40:26.571875,"Wason Zila, Belagavi"
7771,2026-04-28T17:40:26.572826,2026-04-30T14:40:26.572826,"Rajagopalan Nagar, Bengaluru Rural"
7772,2026-04-05T08:40:26.573336,2026-04-06T14:40:26.573336,"Dey Street, Belagavi"
7773,2025-08-17T14:40:26.573875,2025-08-19T14:40:26.573875,"Devan Circle, Mysuru"
7774,2026-05-28T15:40:26.574324,2026-05-29T14:40:26.574324,"Sood Street, Belagavi"
7775,2025-07-04T19:40:26.574613,2025-07-05T14:40:26.574613,"Chaudry Chowk, Udupi"
7776,2024-08-20T18:40:26.575298,2024-08-22T14:40:26.575298,"Gandhi Nagar, Dakshina Kannada"
7777,2024-12-13T00:40:26.575584,2024-12-13T14:40:26.575584,"Bawa Path, Gadag"
7778,2025-10-04T09:40:26.576136,2025-10-06T14:40:26.576136,"Sathe Nagar, Raichur"
7779,2025-09-13T14:40:26.576668,2025-09-14T14:40:26.576668,"Patil Marg, Belagavi"
7780,2025-01-29T00:40:26.577015,2025-01-31T14:40:26.577015,"Karnik, Koppal"
7781,2024-08-29T12:40:26.577285,2024-08-29T14:40:26.577285,"Nayak Circle, Mysuru"
7782,2026-01-13T08:40:26.578172,2026-01-14T14:40:26.578172,"Ramesh Nagar, Mysuru"
7783,2026-04-14T07:40:26.578858,2026-04-15T14:40:26.578858,"Jani Path, Yadgir"
7784,2026-05-14T19:40:26.579346,2026-05-15T14:40:26.579346,"Arya Ganj, Mysuru"
7785,2025-11-17T02:40:26.579684,2025-11-17T14:40:26.579684,"Mitter Ganj, Udupi"
7786,2024-10-24T18:40:26.580380,2024-10-27T14:40:26.580380,"Arora Chowk, Belagavi"
7787,2026-01-31T08:40:26.580891,2026-02-02T14:40:26.580891,"Buch Zila, Mysuru"
7788,2025-11-14T21:40:26.581734,2025-11-17T14:40:26.581734,"Ramakrishnan Road, Mysuru"
7789,2026-05-14T17:40:26.582559,2026-05-16T14:40:26.582559,"Trivedi Nagar, Gadag"
7790,2025-01-29T13:40:26.583245,2025-01-30T14:40:26.583245,"Comar Road, Davanagere"
7791,2025-04-29T04:40:26.583515,2025-04-30T14:40:26.583515,"Bera Street, Ballari"
7792,2026-05-25T06:40:26.584559,2026-05-26T14:40:26.584559,"Rajagopal Chowk, Bengaluru Urban"
7793,2024-09-08T11:40:26.584854,2024-09-09T14:40:26.584854,"Doctor Chowk, Ramanagara"
7794,2024-07-14T08:40:26.585655,2024-07-14T14:40:26.585655,"Bava, Belagavi"
7795,2024-10-02T03:40:26.585918,2024-10-03T14:40:26.585918,"Halder Road, Bengaluru Urban"
7796,2026-06-01T19:40:26.586520,2026-06-02T14:40:26.586520,"Prasad Path, Chitradurga"
7797,2026-05-08T11:40:26.586854,2026-05-09T14:40:26.586854,"Magar Chowk, Belagavi"
7798,2026-01-03T19:40:26.587113,2026-01-06T14:40:26.587113,"Venkatesh Path, Belagavi"
7799,2024-12-14T03:40:26.587609,2024-12-15T14:40:26.587609,"Goda, Mysuru"
7800,2026-06-25T21:40:26.587984,2026-06-28T14:40:26.587984,"Mukhopadhyay Circle, Belagavi"
7801,2026-05-18T08:40:26.588663,2026-05-20T14:40:26.588663,"Dani Chowk, Belagavi"
7802,2025-04-29T00:40:26.589277,2025-05-01T14:40:26.589277,"Thaman Road, Kodagu"
7803,2026-05-19T14:40:26.589575,2026-05-22T14:40:26.589575,"Goel Path, Belagavi"
7804,2025-09-22T00:40:26.589862,2025-09-24T14:40:26.589862,"Mishra, Belagavi"
7805,2025-09-23T20:40:26.590077,2025-09-25T14:40:26.590077,"Jhaveri Circle, Vijayanagara"
7806,2026-04-16T03:40:26.590735,2026-04-16T14:40:26.590735,"Gera Ganj, Dharwad"
7807,2025-07-05T13:40:26.591723,2025-07-07T14:40:26.591723,"Taneja Street, Bidar"
7808,2026-01-24T18:40:26.592050,2026-01-27T14:40:26.592050,"Shah Path, Udupi"
7809,2026-02-19T02:40:26.593343,2026-02-19T14:40:26.593343,"Chacko Path, Koppal"
7810,2025-04-14T06:40:26.593875,2025-04-15T14:40:26.593875,"Chawla Chowk, Mysuru"
7811,2026-06-04T12:40:26.594510,2026-06-06T14:40:26.594510,"Nadig Marg, Belagavi"
7812,2025-03-15T05:40:26.594851,2025-03-16T14:40:26.594851,"Upadhyay Street, Yadgir"
7813,2026-06-29T08:40:26.595709,2026-06-29T14:40:26.595709,"Bhavsar Chowk, Koppal"
7814,2026-01-20T19:40:26.596020,2026-01-22T14:40:26.596020,"Prasad Chowk, Hassan"
7815,2026-02-25T03:40:26.596861,2026-02-26T14:40:26.596861,"Purohit Street, Chikkamagaluru"
7816,2025-01-14T16:40:26.597411,2025-01-15T14:40:26.597411,"Goswami Zila, Haveri"
7817,2026-04-22T14:40:26.598319,2026-04-25T14:40:26.598319,"Joshi Ganj, Belagavi"
7818,2026-05-11T00:40:26.598617,2026-05-11T14:40:26.598617,"More Circle, Kodagu"
7819,2025-02-19T09:40:26.599272,2025-02-21T14:40:26.599272,"Patel Road, Kolar"
7820,2025-12-17T03:40:26.600023,2025-12-17T14:40:26.600023,"Nair Nagar, Bengaluru Urban"
7821,2024-09-05T11:40:26.600305,2024-09-07T14:40:26.600305,"Khare Zila, Belagavi"
7822,2025-04-18T05:40:26.600907,2025-04-19T14:40:26.600907,"Pillay Circle, Belagavi"
7823,2026-06-20T18:40:26.601193,2026-06-21T14:40:26.601193,"Manne Zila, Mysuru"
7824,2026-06-22T11:40:26.601806,2026-06-22T14:40:26.601806,"Vaidya, Tumakuru"
7825,2024-09-20T09:40:26.602635,2024-09-20T14:40:26.602635,"Uppal Marg, Mysuru"
7826,2025-01-14T16:40:26.603031,2025-01-17T14:40:26.603031,"Konda Nagar, Tumakuru"
7827,2024-10-17T00:40:26.603372,2024-10-17T14:40:26.603372,"Rama Road, Kodagu"
7828,2026-03-17T21:40:26.604182,2026-03-18T14:40:26.604182,"Lall Road, Tumakuru"
7829,2024-10-14T13:40:26.604599,2024-10-16T14:40:26.604599,"Ghosh Zila, Mysuru"
7830,2025-04-14T14:40:26.605094,2025-04-16T14:40:26.605094,"Kaur Nagar, Mandya"
7831,2025-12-05T09:40:26.605940,2025-12-07T14:40:26.605940,"Mitter Marg, Belagavi"
7832,2025-10-11T17:40:26.606583,2025-10-12T14:40:26.606583,"Jhaveri, Udupi"
7833,2025-10-17T15:40:26.607447,2025-10-20T14:40:26.607447,"Shan, Mandya"
7834,2025-04-14T13:40:26.608018,2025-04-16T14:40:26.608018,"Dhaliwal Circle, Chitradurga"
7835,2026-03-26T07:40:26.609202,2026-03-27T14:40:26.609202,"Prakash Path, Belagavi"
7836,2026-02-28T17:40:26.609611,2026-03-01T14:40:26.609611,"Shetty Street, Belagavi"
7837,2026-05-08T16:40:26.609885,2026-05-09T14:40:26.609885,"Pingle Zila, Belagavi"
7838,2025-01-29T09:40:26.610366,2025-01-29T14:40:26.610366,"Gole Street, Bidar"
7839,2024-08-26T23:40:26.610729,2024-08-28T14:40:26.610729,"Narasimhan Chowk, Mandya"
7840,2026-05-21T19:40:26.611371,2026-05-24T14:40:26.611371,"Kala Marg, Belagavi"
7841,2025-01-31T00:40:26.611721,2025-01-31T14:40:26.611721,"Sur Nagar, Bengaluru Urban"
7842,2025-06-10T21:40:26.612091,2025-06-13T14:40:26.612091,"Sharma Ganj, Belagavi"
7843,2025-03-09T08:40:26.612913,2025-03-11T14:40:26.612913,"Sinha, Bengaluru Urban"
7844,2025-04-19T05:40:26.613770,2025-04-19T14:40:26.613770,"Dass, Chamarajanagara"
7845,2025-03-12T19:40:26.614243,2025-03-13T14:40:26.614243,"Walia Ganj, Belagavi"
7846,2024-08-10T21:40:26.614740,2024-08-13T14:40:26.614740,"Bhasin Path, Mysuru"
7847,2024-09-14T03:40:26.615026,2024-09-16T14:40:26.615026,"Swaminathan Chowk, Bagalkote"
7848,2025-07-30T21:40:26.615471,2025-07-31T14:40:26.615471,"Rastogi Zila, Kodagu"
7849,2026-05-14T08:40:26.616124,2026-05-14T14:40:26.616124,"Kadakia Street, Kodagu"
7850,2026-04-10T06:40:26.617034,2026-04-11T14:40:26.617034,"Jain Marg, Belagavi"
7851,2024-08-23T05:40:26.617621,2024-08-24T14:40:26.617621,"Kunda Ganj, Vijayanagara"
7852,2025-02-22T09:40:26.618331,2025-02-23T14:40:26.618331,"Wali Path, Chitradurga"
7853,2024-09-28T06:40:26.619201,2024-09-28T14:40:26.619201,"Nath Street, Bengaluru Urban"
7854,2025-02-03T17:40:26.619956,2025-02-06T14:40:26.619956,"Bora Ganj, Bengaluru Urban"
7855,2025-01-30T17:40:26.620434,2025-02-01T14:40:26.620434,"Sane Zila, Bengaluru Urban"
7856,2025-12-15T17:40:26.620954,2025-12-17T14:40:26.620954,"Divan Path, Ballari"
7857,2025-04-07T20:40:26.621614,2025-04-08T14:40:26.621614,"Srinivasan Circle, Koppal"
7858,2024-08-04T20:40:26.622199,2024-08-07T14:40:26.622199,"Morar Marg, Haveri"
7859,2024-08-03T17:40:26.622481,2024-08-05T14:40:26.622481,"Sehgal Marg, Raichur"
7860,2025-07-27T16:40:26.622887,2025-07-28T14:40:26.622887,"Shan Ganj, Mandya"
7861,2026-01-11T00:40:26.623161,2026-01-12T14:40:26.623161,"Rattan Road, Belagavi"
7862,2026-04-26T13:40:26.623915,2026-04-28T14:40:26.623915,"Rai Ganj, Belagavi"
7863,2025-03-30T08:40:26.624200,2025-03-31T14:40:26.624200,"Shan, Vijayanagara"
7864,2025-12-18T08:40:26.625159,2025-12-20T14:40:26.625159,"Sen, Bengaluru Rural"
7865,2025-04-07T19:40:26.625632,2025-04-09T14:40:26.625632,"Garg Chowk, Vijayanagara"
7866,2025-11-22T13:40:26.625942,2025-11-23T14:40:26.625942,"Bhatti Zila, Chikkaballapura"
7867,2025-08-06T02:40:26.626596,2025-08-06T14:40:26.626596,"Dhar Road, Dharwad"
7868,2024-12-08T05:40:26.627240,2024-12-09T14:40:26.627240,"Sibal Ganj, Dakshina Kannada"
7869,2026-01-29T08:40:26.627638,2026-01-31T14:40:26.627638,"Ravi, Belagavi"
7870,2025-03-14T13:40:26.628217,2025-03-16T14:40:26.628217,"Deol Zila, Kolar"
7871,2026-06-28T09:40:26.628506,2026-06-29T14:40:26.628506,"Venkataraman Street, Belagavi"
7872,2024-08-05T06:40:26.629067,2024-08-05T14:40:26.629067,"Mandal Nagar, Bengaluru Urban"
7873,2025-09-11T07:40:26.629583,2025-09-12T14:40:26.629583,"Mukherjee Road, Belagavi"
7874,2026-04-03T17:40:26.629879,2026-04-05T14:40:26.629879,"Kata Ganj, Belagavi"
7875,2025-11-23T00:40:26.630752,2025-11-24T14:40:26.630752,"Agate, Tumakuru"
7876,2025-07-08T13:40:26.631399,2025-07-09T14:40:26.631399,"Chatterjee Circle, Ballari"
7877,2024-07-19T21:40:26.632177,2024-07-20T14:40:26.632177,"Tandon Circle, Kalaburagi"
7878,2026-04-27T14:40:26.633088,2026-04-29T14:40:26.633088,"Dasgupta Road, Mandya"
7879,2024-09-13T23:40:26.633365,2024-09-14T14:40:26.633365,"Grewal Street, Mandya"
7880,2026-02-08T02:40:26.634213,2026-02-08T14:40:26.634213,"Divan Circle, Davanagere"
7881,2025-10-09T22:40:26.634921,2025-10-12T14:40:26.634921,"Chandra Circle, Belagavi"
7882,2026-06-11T13:40:26.635355,2026-06-11T14:40:26.635355,"Rout Ganj, Chikkamagaluru"
7883,2026-07-01T02:40:26.635617,2026-07-03T14:40:26.635617,"Suresh Ganj, Chikkamagaluru"
7884,2026-05-28T07:40:26.636307,2026-05-30T14:40:26.636307,"Goel Road, Hassan"
7885,2026-07-06T11:40:26.636799,2026-07-07T14:40:26.636799,"Iyer Street, Dakshina Kannada"
7886,2026-01-19T06:40:26.637497,2026-01-20T14:40:26.637497,"Ganesan, Belagavi"
7887,2025-02-10T06:40:26.637757,2025-02-10T14:40:26.637757,"Pandya Ganj, Belagavi"
7888,2024-12-08T19:40:26.638425,2024-12-09T14:40:26.638425,"Chakrabarti Road, Kodagu"
7889,2025-08-17T09:40:26.639134,2025-08-17T14:40:26.639134,"Borra Zila, Dakshina Kannada"
7890,2026-03-08T15:40:26.640180,2026-03-11T14:40:26.640180,"Sastry Marg, Belagavi"
7891,2025-02-22T02:40:26.640950,2025-02-22T14:40:26.640950,"Kapoor Street, Belagavi"
7892,2024-11-11T22:40:26.641443,2024-11-12T14:40:26.641443,"Subramanian Chowk, Bengaluru Urban"
7893,2026-02-15T13:40:26.642329,2026-02-17T14:40:26.642329,"Choudhary Road, Kolar"
7894,2025-09-03T15:40:26.642863,2025-09-04T14:40:26.642863,"Bhatt Path, Raichur"
7895,2025-04-08T11:40:26.643322,2025-04-10T14:40:26.643322,"Chakraborty Ganj, Belagavi"
7896,2026-06-06T15:40:26.644091,2026-06-08T14:40:26.644091,"Manne Street, Bagalkote"
7897,2026-05-21T04:40:26.645005,2026-05-23T14:40:26.645005,"Goel Street, Udupi"
7898,2026-06-29T14:40:26.645459,2026-07-02T14:40:26.645459,"Chaudry Road, Raichur"
7899,2025-10-26T18:40:26.645818,2025-10-28T14:40:26.645818,"Kashyap Ganj, Hassan"
7900,2025-06-27T02:40:26.646080,2025-06-28T14:40:26.646080,"Keer Nagar, Shivamogga"
7901,2026-06-04T14:40:26.646917,2026-06-05T14:40:26.646917,"Bhatti Street, Hassan"
7902,2025-08-05T17:40:26.647385,2025-08-07T14:40:26.647385,"Gill Street, Chamarajanagara"
7903,2026-05-19T10:40:26.647680,2026-05-19T14:40:26.647680,"Bhatnagar Zila, Raichur"
7904,2025-03-20T13:40:26.648238,2025-03-22T14:40:26.648238,"Munshi Path, Chitradurga"
7905,2026-04-11T15:40:26.648515,2026-04-13T14:40:26.648515,"Pathak Zila, Belagavi"
7906,2025-07-30T04:40:26.649002,2025-07-30T14:40:26.649002,"Pillay Street, Yadgir"
7907,2025-02-13T01:40:26.649419,2025-02-15T14:40:26.649419,"Barad Path, Shivamogga"
7908,2026-02-22T22:40:26.649806,2026-02-24T14:40:26.649806,"Sandal Ganj, Belagavi"
7909,2026-06-08T20:40:26.650222,2026-06-09T14:40:26.650222,"Ramaswamy Marg, Kalaburagi"
7910,2025-01-27T09:40:26.650716,2025-01-29T14:40:26.650716,"Sharaf, Belagavi"
7911,2024-11-26T11:40:26.650988,2024-11-27T14:40:26.650988,"Kaul Zila, Belagavi"
7912,2026-04-24T12:40:26.652126,2026-04-24T14:40:26.652126,"Bera Chowk, Belagavi"
7913,2025-04-20T14:40:26.652429,2025-04-22T14:40:26.652429,"Sachar Marg, Chikkamagaluru"
7914,2026-05-29T19:40:26.652859,2026-05-31T14:40:26.652859,"Kumar Circle, Haveri"
7915,2024-08-09T09:40:26.653745,2024-08-09T14:40:26.653745,"Naidu Zila, Ramanagara"
7916,2025-05-15T21:40:26.654038,2025-05-17T14:40:26.654038,"Palan Chowk, Bengaluru Urban"
7917,2025-10-24T16:40:26.654503,2025-10-25T14:40:26.654503,"Sarin Ganj, Davanagere"
7918,2026-04-19T22:40:26.655391,2026-04-20T14:40:26.655391,"Chanda Path, Raichur"
7919,2025-04-27T04:40:26.655979,2025-04-28T14:40:26.655979,"Natarajan Ganj, Belagavi"
7920,2024-09-08T04:40:26.656328,2024-09-09T14:40:26.656328,"Mand Nagar, Dharwad"
7921,2025-01-03T08:40:26.657065,2025-01-04T14:40:26.657065,"Raj Circle, Bagalkote"
7922,2025-06-19T16:40:26.657560,2025-06-20T14:40:26.657560,"Nigam Path, Chikkamagaluru"
7923,2024-10-16T22:40:26.657884,2024-10-17T14:40:26.657884,"Bhardwaj Road, Udupi"
7924,2025-09-16T22:40:26.658157,2025-09-19T14:40:26.658157,"Gara Street, Gadag"
7925,2024-11-16T15:40:26.658947,2024-11-18T14:40:26.658947,"Suresh Nagar, Dharwad"
7926,2026-03-09T18:40:26.659899,2026-03-11T14:40:26.659899,"Koshy Street, Vijayanagara"
7927,2026-05-16T18:40:26.660611,2026-05-19T14:40:26.660611,"Krish Ganj, Belagavi"
7928,2026-02-28T10:40:26.661074,2026-03-01T14:40:26.661074,"Pal Ganj, Belagavi"
7929,2025-03-26T17:40:26.661491,2025-03-29T14:40:26.661491,"Ganesh Ganj, Mysuru"
7930,2025-09-06T21:40:26.662064,2025-09-08T14:40:26.662064,"Ravi Street, Mysuru"
7931,2025-05-03T10:40:26.662983,2025-05-04T14:40:26.662983,"Wali Street, Chitradurga"
7932,2026-05-05T21:40:26.663941,2026-05-07T14:40:26.663941,"Mahajan Street, Belagavi"
7933,2026-01-31T12:40:26.664935,2026-02-02T14:40:26.664935,"Bhatt, Hassan"
7934,2025-12-04T18:40:26.665863,2025-12-06T14:40:26.665863,"Gokhale Path, Hassan"
7935,2026-06-30T15:40:26.666755,2026-07-01T14:40:26.666755,"Goda Zila, Belagavi"
7936,2025-10-15T12:40:26.667382,2025-10-16T14:40:26.667382,"Date Chowk, Raichur"
7937,2025-09-19T22:40:26.667707,2025-09-22T14:40:26.667707,"Sodhi Circle, Haveri"
7938,2025-06-10T09:40:26.668036,2025-06-11T14:40:26.668036,"Gulati Circle, Ramanagara"
7939,2025-10-18T11:40:26.668874,2025-10-18T14:40:26.668874,"Sibal Road, Dharwad"
7940,2025-11-23T15:40:26.669150,2025-11-25T14:40:26.669150,"Sibal Zila, Belagavi"
7941,2026-07-02T12:40:26.670069,2026-07-02T14:40:26.670069,"Bedi Ganj, Ballari"
7942,2026-04-21T05:40:26.670763,2026-04-21T14:40:26.670763,"Kumar Zila, Chikkamagaluru"
7943,2025-05-05T17:40:26.671330,2025-05-08T14:40:26.671330,"Mangal Street, Davanagere"
7944,2025-10-21T18:40:26.672308,2025-10-22T14:40:26.672308,"Goda Chowk, Hassan"
7945,2025-08-06T15:40:26.673227,2025-08-08T14:40:26.673227,"Karan Path, Hassan"
7946,2026-01-29T13:40:26.673746,2026-01-31T14:40:26.673746,"Lala, Chitradurga"
7947,2025-06-10T16:40:26.674589,2025-06-12T14:40:26.674589,"Memon Road, Haveri"
7948,2024-12-18T15:40:26.675079,2024-12-20T14:40:26.675079,"Chahal Ganj, Chitradurga"
7949,2026-02-22T08:40:26.676078,2026-02-23T14:40:26.676078,"Gupta Street, Belagavi"
7950,2026-03-20T22:40:26.676387,2026-03-22T14:40:26.676387,"Mani Road, Belagavi"
7951,2025-01-05T21:40:26.677310,2025-01-07T14:40:26.677310,"Pillai Zila, Bengaluru Urban"
7952,2026-06-02T12:40:26.678056,2026-06-04T14:40:26.678056,"Murthy, Bengaluru Urban"
7953,2026-04-24T05:40:26.678953,2026-04-26T14:40:26.678953,"Dyal Path, Yadgir"
7954,2024-11-26T08:40:26.679414,2024-11-27T14:40:26.679414,"Handa Nagar, Gadag"
7955,2026-02-08T10:40:26.679734,2026-02-09T14:40:26.679734,"Rao Zila, Ballari"
7956,2025-04-19T18:40:26.680103,2025-04-20T14:40:26.680103,"Char, Tumakuru"
7957,2024-09-16T05:40:26.680858,2024-09-16T14:40:26.680858,"Manda Street, Mandya"
7958,2025-08-12T20:40:26.681584,2025-08-13T14:40:26.681584,"Talwar Zila, Bengaluru Rural"
7959,2025-12-07T15:40:26.681921,2025-12-09T14:40:26.681921,"Prabhu, Mysuru"
7960,2024-07-27T06:40:26.682597,2024-07-29T14:40:26.682597,"Lala Marg, Belagavi"
7961,2025-09-11T06:40:26.683153,2025-09-11T14:40:26.683153,"Dhillon Zila, Vijayapura"
7962,2025-05-27T21:40:26.683676,2025-05-30T14:40:26.683676,"Dua Street, Vijayanagara"
7963,2026-02-01T02:40:26.684028,2026-02-03T14:40:26.684028,"Korpal Street, Belagavi"
7964,2024-11-01T22:40:26.684308,2024-11-04T14:40:26.684308,"Cherian Ganj, Bidar"
7965,2026-05-28T14:40:26.684875,2026-05-30T14:40:26.684875,"Srinivas, Belagavi"
7966,2026-01-22T13:40:26.685765,2026-01-23T14:40:26.685765,"Sachdeva Street, Kodagu"
7967,2026-04-17T11:40:26.686252,2026-04-18T14:40:26.686252,"Bose Nagar, Dharwad"
7968,2026-03-12T04:40:26.686968,2026-03-13T14:40:26.686968,"Sarma Nagar, Belagavi"
7969,2025-01-25T11:40:26.687654,2025-01-25T14:40:26.687654,"Prasad Nagar, Kolar"
7970,2025-03-30T01:40:26.688670,2025-03-30T14:40:26.688670,"Gupta Circle, Belagavi"
7971,2026-04-28T06:40:26.689242,2026-04-28T14:40:26.689242,"Chaudhuri Circle, Belagavi"
7972,2025-12-11T15:40:26.689576,2025-12-13T14:40:26.689576,"Balan Circle, Belagavi"
7973,2024-08-28T04:40:26.690084,2024-08-30T14:40:26.690084,"Rana Road, Mandya"
7974,2024-07-10T14:40:26.690853,2024-07-13T14:40:26.690853,"Sawhney Street, Dharwad"
7975,2026-06-05T17:40:26.691326,2026-06-07T14:40:26.691326,"Lal Circle, Belagavi"
7976,2025-08-12T12:40:26.692098,2025-08-14T14:40:26.692098,"Brar Road, Belagavi"
7977,2026-03-17T12:40:26.692630,2026-03-17T14:40:26.692630,"Srinivas, Belagavi"
7978,2026-03-12T20:40:26.693449,2026-03-14T14:40:26.693449,"Mittal Ganj, Kalaburagi"
7979,2024-09-06T20:40:26.693791,2024-09-08T14:40:26.693791,"Deol Road, Bengaluru Rural"
7980,2024-12-13T09:40:26.694267,2024-12-14T14:40:26.694267,"Contractor Road, Belagavi"
7981,2024-08-19T20:40:26.694810,2024-08-20T14:40:26.694810,"Sodhi Zila, Belagavi"
7982,2026-02-10T04:40:26.696023,2026-02-12T14:40:26.696023,"Grewal, Koppal"
7983,2025-05-05T02:40:26.696318,2025-05-06T14:40:26.696318,"Deshmukh Path, Chikkamagaluru"
7984,2026-05-28T17:40:26.696659,2026-05-30T14:40:26.696659,"Ganesan Ganj, Bengaluru Urban"
7985,2024-08-12T00:40:26.697506,2024-08-13T14:40:26.697506,"Minhas Chowk, Dakshina Kannada"
7986,2026-01-27T05:40:26.698222,2026-01-28T14:40:26.698222,"Samra Marg, Belagavi"
7987,2026-01-16T19:40:26.698742,2026-01-19T14:40:26.698742,"Peri Marg, Ramanagara"
7988,2025-01-27T19:40:26.699048,2025-01-28T14:40:26.699048,"Sanghvi Marg, Belagavi"
7989,2025-10-16T17:40:26.699605,2025-10-17T14:40:26.699605,"Thakkar Street, Ballari"
7990,2026-06-21T05:40:26.700513,2026-06-23T14:40:26.700513,"Date Road, Chikkamagaluru"
7991,2025-06-21T03:40:26.701572,2025-06-23T14:40:26.701572,"Thakkar Circle, Mysuru"
7992,2026-02-05T17:40:26.701900,2026-02-07T14:40:26.701900,"Ahuja, Belagavi"
7993,2024-08-03T20:40:26.702588,2024-08-04T14:40:26.702588,"Grewal Street, Mysuru"
7994,2025-03-04T23:40:26.703094,2025-03-07T14:40:26.703094,"Muni Marg, Ramanagara"
7995,2026-05-29T22:40:26.703407,2026-05-31T14:40:26.703407,"Chander Marg, Belagavi"
7996,2026-01-26T08:40:26.704261,2026-01-26T14:40:26.704261,"Majumdar, Gadag"
7997,2026-02-22T14:40:26.705061,2026-02-23T14:40:26.705061,"Kanda Ganj, Belagavi"
7998,2025-05-23T07:40:26.705347,2025-05-25T14:40:26.705347,"Agarwal Road, Kalaburagi"
7999,2024-10-10T04:40:26.706225,2024-10-11T14:40:26.706225,"Sani, Belagavi"
8000,2024-11-10T00:40:26.706758,2024-11-12T14:40:26.706758,"Chowdhury, Bengaluru Urban"
8001,2026-05-22T15:40:26.707523,2026-05-24T14:40:26.707523,"Shere Circle, Belagavi"
8002,2026-03-02T21:40:26.708214,2026-03-05T14:40:26.708214,"Chowdhury Circle, Bagalkote"
8003,2026-01-03T23:40:26.708516,2026-01-04T14:40:26.708516,"Mistry Circle, Gadag"
8004,2025-09-01T09:40:26.709308,2025-09-02T14:40:26.709308,"Sathe Street, Belagavi"
8005,2026-04-23T05:40:26.709656,2026-04-25T14:40:26.709656,"Date Nagar, Belagavi"
8006,2024-09-08T09:40:26.710512,2024-09-10T14:40:26.710512,"Mody Road, Dakshina Kannada"
8007,2026-04-14T23:40:26.711344,2026-04-15T14:40:26.711344,"Bhasin Circle, Belagavi"
8008,2025-03-03T04:40:26.712328,2025-03-05T14:40:26.712328,"Bawa Marg, Hassan"
8009,2025-03-02T13:40:26.712780,2025-03-04T14:40:26.712780,"Dada Street, Belagavi"
8010,2026-05-02T19:40:26.713088,2026-05-03T14:40:26.713088,"Sant Marg, Belagavi"
8011,2024-10-13T20:40:26.713813,2024-10-16T14:40:26.713813,"Yogi Chowk, Bengaluru Rural"
8012,2025-08-16T15:40:26.714324,2025-08-19T14:40:26.714324,"Tiwari Marg, Kalaburagi"
8013,2025-01-02T08:40:26.714661,2025-01-03T14:40:26.714661,"Korpal Marg, Ballari"
8014,2026-03-07T07:40:26.714965,2026-03-07T14:40:26.714965,"Menon Road, Belagavi"
8015,2025-08-25T15:40:26.715917,2025-08-27T14:40:26.715917,"Talwar Circle, Belagavi"
8016,2024-09-04T08:40:26.716219,2024-09-04T14:40:26.716219,"Rajan Circle, Bagalkote"
8017,2025-03-09T22:40:26.716405,2025-03-10T14:40:26.716405,"Sheth Zila, Bengaluru Urban"
8018,2024-11-09T00:40:26.716921,2024-11-11T14:40:26.716921,"Kota Zila, Hassan"
8019,2025-01-02T16:40:26.717620,2025-01-03T14:40:26.717620,"Deshpande Nagar, Kalaburagi"
8020,2025-12-18T09:40:26.718280,2025-12-19T14:40:26.718280,"Dhar Road, Belagavi"
8021,2026-03-24T11:40:26.718844,2026-03-26T14:40:26.718844,"Kata Marg, Belagavi"
8022,2026-06-28T23:40:26.719487,2026-07-01T14:40:26.719487,"Vasa Street, Hassan"
8023,2025-11-04T14:40:26.719940,2025-11-06T14:40:26.719940,"Raval Ganj, Mysuru"
8024,2026-05-04T18:40:26.720688,2026-05-06T14:40:26.720688,"Nair Street, Belagavi"
8025,2026-01-16T16:40:26.721403,2026-01-19T14:40:26.721403,"Mukhopadhyay Street, Belagavi"
8026,2026-02-26T05:40:26.721693,2026-02-28T14:40:26.721693,"Bhat Chowk, Belagavi"
8027,2026-01-02T11:40:26.722149,2026-01-04T14:40:26.722149,"Dua Chowk, Bengaluru Urban"
8028,2026-04-10T17:40:26.723063,2026-04-13T14:40:26.723063,"Cheema, Belagavi"
8029,2026-05-02T18:40:26.723806,2026-05-04T14:40:26.723806,"Bava Path, Belagavi"
8030,2026-06-17T15:40:26.724676,2026-06-18T14:40:26.724676,"Ravi Marg, Bidar"
8031,2025-04-09T04:40:26.725566,2025-04-10T14:40:26.725566,"Ahuja Street, Kolar"
8032,2025-04-03T05:40:26.726591,2025-04-03T14:40:26.726591,"Bandi Path, Haveri"
8033,2026-04-03T06:40:26.726900,2026-04-05T14:40:26.726900,"Bahri Ganj, Belagavi"
8034,2025-06-15T23:40:26.728044,2025-06-17T14:40:26.728044,"Mitter Road, Udupi"
8035,2026-04-17T21:40:26.728336,2026-04-19T14:40:26.728336,"Palan Zila, Belagavi"
8036,2024-09-17T09:40:26.729071,2024-09-18T14:40:26.729071,"Sarna Marg, Belagavi"
8037,2025-03-13T07:40:26.729361,2025-03-15T14:40:26.729361,"Sawhney, Chamarajanagara"
8038,2025-08-09T15:40:26.729690,2025-08-12T14:40:26.729690,"Nanda Path, Mysuru"
8039,2026-02-22T22:40:26.730380,2026-02-25T14:40:26.730380,"Brahmbhatt Chowk, Belagavi"
8040,2024-09-19T05:40:26.731325,2024-09-19T14:40:26.731325,"Viswanathan Ganj, Chikkamagaluru"
8041,2026-06-19T03:40:26.732354,2026-06-19T14:40:26.732354,"Patla Nagar, Belagavi"
8042,2025-06-12T13:40:26.732703,2025-06-13T14:40:26.732703,"Shenoy Street, Belagavi"
8043,2025-01-07T21:40:26.733109,2025-01-09T14:40:26.733109,"Tank Path, Chikkamagaluru"
8044,2025-03-02T07:40:26.734126,2025-03-03T14:40:26.734126,"D’Alia Road, Vijayanagara"
8045,2024-09-27T05:40:26.735082,2024-09-28T14:40:26.735082,"Prasad Street, Tumakuru"
8046,2025-11-22T15:40:26.736084,2025-11-23T14:40:26.736084,"Devan Nagar, Chamarajanagara"
8047,2026-05-07T12:40:26.737042,2026-05-09T14:40:26.737042,"Date Marg, Udupi"
8048,2025-07-16T19:40:26.737774,2025-07-17T14:40:26.737774,"Goel Chowk, Chitradurga"
8049,2026-04-16T00:40:26.738475,2026-04-16T14:40:26.738475,"Bahri Circle, Bengaluru Rural"
8050,2026-06-01T22:40:26.739373,2026-06-02T14:40:26.739373,"Morar Chowk, Chitradurga"
8051,2025-12-28T12:40:26.740433,2025-12-30T14:40:26.740433,"Gola Marg, Vijayapura"
8052,2026-03-03T13:40:26.740871,2026-03-03T14:40:26.740871,"Chauhan Street, Shivamogga"
8053,2024-08-13T18:40:26.741082,2024-08-14T14:40:26.741082,"Mutti Road, Belagavi"
8054,2025-06-20T18:40:26.741355,2025-06-22T14:40:26.741355,"Lalla Road, Bengaluru Urban"
8055,2025-10-14T13:40:26.741673,2025-10-16T14:40:26.741673,"Rana Chowk, Chikkamagaluru"
8056,2025-12-19T17:40:26.742459,2025-12-21T14:40:26.742459,"Balakrishnan Road, Bengaluru Urban"
8057,2025-09-07T06:40:26.743340,2025-09-07T14:40:26.743340,"Madan Circle, Mandya"
8058,2024-07-20T18:40:26.744806,2024-07-22T14:40:26.744806,"Sibal, Belagavi"
8059,2024-07-21T08:40:26.745491,2024-07-21T14:40:26.745491,"Narayanan Nagar, Ramanagara"
8060,2025-02-16T07:40:26.745837,2025-02-16T14:40:26.745837,"Sathe Circle, Kolar"
8061,2025-07-05T22:40:26.746113,2025-07-08T14:40:26.746113,"Mishra Circle, Yadgir"
8062,2024-11-05T21:40:26.746278,2024-11-07T14:40:26.746278,"Vyas Circle, Davanagere"
8063,2025-08-03T18:40:26.746953,2025-08-06T14:40:26.746953,"Mann Zila, Belagavi"
8064,2025-09-15T16:40:26.747313,2025-09-16T14:40:26.747313,"Panchal Chowk, Bengaluru Urban"
8065,2026-04-14T05:40:26.747927,2026-04-15T14:40:26.747927,"Chad Marg, Bengaluru Urban"
8066,2025-12-28T16:40:26.748578,2025-12-29T14:40:26.748578,"Sunder Zila, Bengaluru Urban"
8067,2025-11-22T05:40:26.749277,2025-11-23T14:40:26.749277,"Sagar Chowk, Gadag"
8068,2025-12-25T21:40:26.750312,2025-12-27T14:40:26.750312,"Prakash Street, Vijayanagara"
8069,2024-09-01T00:40:26.750658,2024-09-03T14:40:26.750658,"Pillai Street, Kodagu"
8070,2025-06-10T19:40:26.750949,2025-06-12T14:40:26.750949,"Aurora Ganj, Raichur"
8071,2025-09-10T04:40:26.751249,2025-09-11T14:40:26.751249,"Bains Zila, Tumakuru"
8072,2025-12-03T07:40:26.751800,2025-12-04T14:40:26.751800,"Srinivasan, Belagavi"
8073,2026-05-12T18:40:26.752757,2026-05-13T14:40:26.752757,"Lal Circle, Mysuru"
8074,2026-01-13T03:40:26.753283,2026-01-13T14:40:26.753283,"Samra Ganj, Belagavi"
8075,2025-05-15T04:40:26.753672,2025-05-15T14:40:26.753672,"Sama Ganj, Vijayapura"
8076,2026-01-04T04:40:26.754499,2026-01-05T14:40:26.754499,"Kanda Road, Vijayanagara"
8077,2024-10-26T08:40:26.755089,2024-10-27T14:40:26.755089,"Singh Street, Belagavi"
8078,2025-04-16T17:40:26.756102,2025-04-18T14:40:26.756102,"Jhaveri Street, Belagavi"
8079,2024-12-15T23:40:26.756497,2024-12-17T14:40:26.756497,"Kala Marg, Chikkaballapura"
8080,2025-07-23T20:40:26.756846,2025-07-25T14:40:26.756846,"Gala Chowk, Belagavi"
8081,2025-06-15T05:40:26.757137,2025-06-16T14:40:26.757137,"Goswami Ganj, Hassan"
8082,2025-11-12T18:40:26.757703,2025-11-14T14:40:26.757703,"Mukherjee Circle, Bidar"
8083,2025-04-22T23:40:26.758001,2025-04-24T14:40:26.758001,"Parmar Ganj, Tumakuru"
8084,2025-01-02T01:40:26.758926,2025-01-04T14:40:26.758926,"Krish Road, Chikkaballapura"
8085,2025-02-09T02:40:26.759913,2025-02-09T14:40:26.759913,"Tank Marg, Davanagere"
8086,2024-08-03T10:40:26.760023,2024-08-05T14:40:26.760023,"Pillay Nagar, Bengaluru Rural"
8087,2026-06-06T20:40:26.760969,2026-06-08T14:40:26.760969,"Bandi Chowk, Belagavi"
8088,2025-09-20T12:40:26.761874,2025-09-21T14:40:26.761874,"Vala Circle, Mysuru"
8089,2026-02-25T04:40:26.762449,2026-02-27T14:40:26.762449,"Chacko Circle, Gadag"
8090,2025-01-09T06:40:26.762867,2025-01-09T14:40:26.762867,"Halder Zila, Belagavi"
8091,2024-12-19T21:40:26.763351,2024-12-21T14:40:26.763351,"Zachariah, Raichur"
8092,2025-08-10T14:40:26.763930,2025-08-11T14:40:26.763930,"Baria Marg, Belagavi"
8093,2024-10-13T02:40:26.764231,2024-10-14T14:40:26.764231,"Keer Ganj, Yadgir"
8094,2025-07-18T19:40:26.765276,2025-07-21T14:40:26.765276,"Issac Marg, Belagavi"
8095,2026-03-29T17:40:26.765572,2026-03-31T14:40:26.765572,"Deol Road, Gadag"
8096,2025-10-24T21:40:26.766509,2025-10-27T14:40:26.766509,"Merchant Path, Kodagu"
8097,2026-06-06T14:40:26.766988,2026-06-09T14:40:26.766988,"Pillai Marg, Belagavi"
8098,2026-05-18T04:40:26.767972,2026-05-18T14:40:26.767972,"Seth Marg, Belagavi"
8099,2025-01-26T03:40:26.768719,2025-01-28T14:40:26.768719,"Bobal Nagar, Chikkamagaluru"
8100,2025-12-18T03:40:26.769108,2025-12-18T14:40:26.769108,"Menon Nagar, Raichur"
8101,2026-03-24T02:40:26.769391,2026-03-26T14:40:26.769391,"Kaur Zila, Davanagere"
8102,2024-12-20T23:40:26.769904,2024-12-21T14:40:26.769904,"Mallick Ganj, Ramanagara"
8103,2025-08-31T04:40:26.770184,2025-09-01T14:40:26.770184,"Ganesan, Belagavi"
8104,2025-01-24T19:40:26.770693,2025-01-27T14:40:26.770693,"Savant Circle, Raichur"
8105,2025-10-21T12:40:26.771070,2025-10-23T14:40:26.771070,"Pandya Street, Chikkamagaluru"
8106,2026-04-29T09:40:26.771623,2026-04-29T14:40:26.771623,"Raja Ganj, Belagavi"
8107,2025-04-07T04:40:26.772379,2025-04-07T14:40:26.772379,"Nagar Street, Belagavi"
8108,2025-11-06T21:40:26.773358,2025-11-08T14:40:26.773358,"Walia Ganj, Bengaluru Urban"
8109,2026-05-09T17:40:26.773909,2026-05-12T14:40:26.773909,"Dara Road, Gadag"
8110,2024-12-01T11:40:26.774501,2024-12-02T14:40:26.774501,"Palan Zila, Kolar"
8111,2026-01-16T03:40:26.775464,2026-01-16T14:40:26.775464,"Taneja Nagar, Belagavi"
8112,2026-01-05T18:40:26.776115,2026-01-06T14:40:26.776115,"Koshy Nagar, Koppal"
8113,2024-07-10T08:40:26.776460,2024-07-12T14:40:26.776460,"Shenoy Path, Belagavi"
8114,2025-07-31T14:40:26.777072,2025-08-02T14:40:26.777072,"Kant Chowk, Kalaburagi"
8115,2025-09-16T20:40:26.778197,2025-09-17T14:40:26.778197,"Chokshi Circle, Belagavi"
8116,2026-03-01T08:40:26.778670,2026-03-02T14:40:26.778670,"Setty Ganj, Belagavi"
8117,2025-07-20T05:40:26.779777,2025-07-22T14:40:26.779777,"Tailor, Yadgir"
8118,2025-07-06T06:40:26.780804,2025-07-08T14:40:26.780804,"Chokshi Road, Tumakuru"
8119,2025-07-26T08:40:26.782696,2025-07-27T14:40:26.782696,"Balasubramanian Ganj, Mysuru"
8120,2024-09-14T20:40:26.783281,2024-09-15T14:40:26.783281,"Ramakrishnan Zila, Dharwad"
8121,2026-01-30T15:40:26.785432,2026-01-31T14:40:26.785432,"Chowdhury Chowk, Belagavi"
8122,2025-05-24T16:40:26.787439,2025-05-25T14:40:26.787439,"Mani Circle, Belagavi"
8123,2025-04-01T02:40:26.789417,2025-04-01T14:40:26.789417,"Patel Path, Haveri"
8124,2024-09-27T02:40:26.790711,2024-09-29T14:40:26.790711,"Ahluwalia Nagar, Belagavi"
8125,2026-02-18T20:40:26.791896,2026-02-20T14:40:26.791896,"Shankar Circle, Belagavi"
8126,2026-03-09T05:40:26.793447,2026-03-11T14:40:26.793447,"Kibe Road, Bagalkote"
8127,2026-04-30T17:40:26.794571,2026-05-02T14:40:26.794571,"Konda Zila, Chamarajanagara"
8128,2025-02-10T15:40:26.795152,2025-02-11T14:40:26.795152,"Wagle Nagar, Belagavi"
8129,2025-01-16T13:40:26.796368,2025-01-16T14:40:26.796368,"Kumar, Mysuru"
8130,2025-08-09T08:40:26.797867,2025-08-09T14:40:26.797867,"Koshy Path, Kalaburagi"
8131,2025-05-06T08:40:26.799012,2025-05-08T14:40:26.799012,"Vohra Street, Bengaluru Urban"
8132,2026-06-05T02:40:26.800166,2026-06-06T14:40:26.800166,"Kar Ganj, Mysuru"
8133,2024-09-21T00:40:26.801771,2024-09-23T14:40:26.801771,"Divan Nagar, Belagavi"
8134,2024-11-30T11:40:26.803480,2024-11-30T14:40:26.803480,"Mody Zila, Belagavi"
8135,2026-04-29T06:40:26.805074,2026-05-01T14:40:26.805074,"Palla Chowk, Dharwad"
8136,2026-06-09T23:40:26.805619,2026-06-12T14:40:26.805619,"Chawla Circle, Hassan"
8137,2026-07-09T08:40:26.806753,2026-07-09T14:40:26.806753,"Suresh Circle, Belagavi"
8138,2026-04-11T10:40:26.808345,2026-04-11T14:40:26.808345,"Soni Path, Belagavi"
8139,2026-06-22T03:40:26.809062,2026-06-23T14:40:26.809062,"Chand Marg, Chitradurga"
8140,2025-09-23T21:40:26.811107,2025-09-25T14:40:26.811107,"Dhar Street, Tumakuru"
8141,2025-05-06T08:40:26.812574,2025-05-06T14:40:26.812574,"Rai Road, Koppal"
8142,2024-09-26T10:40:26.812851,2024-09-26T14:40:26.812851,"Hari Zila, Belagavi"
8143,2026-06-07T00:40:26.813274,2026-06-09T14:40:26.813274,"Setty Zila, Belagavi"
8144,2025-05-13T10:40:26.814281,2025-05-14T14:40:26.814281,"Gulati Path, Mysuru"
8145,2026-02-02T12:40:26.815361,2026-02-03T14:40:26.815361,"Wali Road, Belagavi"
8146,2025-07-18T23:40:26.815989,2025-07-21T14:40:26.815989,"Sathe Path, Belagavi"
8147,2025-12-11T09:40:26.816741,2025-12-13T14:40:26.816741,"Choudhury Chowk, Dakshina Kannada"
8148,2024-09-21T19:40:26.817463,2024-09-24T14:40:26.817463,"Sur Nagar, Yadgir"
8149,2025-09-20T03:40:26.817949,2025-09-22T14:40:26.817949,"Sankar Road, Belagavi"
8150,2025-04-22T07:40:26.818229,2025-04-22T14:40:26.818229,"Gokhale Circle, Mysuru"
8151,2025-11-19T10:40:26.818969,2025-11-20T14:40:26.818969,"Lal Circle, Chikkaballapura"
8152,2025-05-10T18:40:26.819445,2025-05-13T14:40:26.819445,"Nanda Street, Koppal"
8153,2026-03-17T10:40:26.820458,2026-03-18T14:40:26.820458,"Bali Path, Vijayapura"
8154,2026-02-04T11:40:26.821138,2026-02-04T14:40:26.821138,"Chauhan Chowk, Chitradurga"
8155,2026-04-15T04:40:26.821698,2026-04-16T14:40:26.821698,"Dhar Zila, Bidar"
8156,2026-04-20T03:40:26.822184,2026-04-20T14:40:26.822184,"Parsa Path, Mandya"
8157,2025-11-05T17:40:26.822908,2025-11-06T14:40:26.822908,"Chander Ganj, Ballari"
8158,2025-06-26T22:40:26.823603,2025-06-28T14:40:26.823603,"Dhingra Chowk, Gadag"
8159,2026-04-16T09:40:26.824400,2026-04-16T14:40:26.824400,"Pingle Path, Belagavi"
8160,2025-07-13T10:40:26.825128,2025-07-15T14:40:26.825128,"Sawhney Marg, Mysuru"
8161,2024-07-28T21:40:26.825876,2024-07-31T14:40:26.825876,"Pandit Nagar, Yadgir"
8162,2026-02-03T11:40:26.826753,2026-02-04T14:40:26.826753,"Subramaniam Nagar, Chikkamagaluru"
8163,2026-06-13T16:40:26.827353,2026-06-16T14:40:26.827353,"Ramanathan Chowk, Belagavi"
8164,2026-04-11T08:40:26.828397,2026-04-11T14:40:26.828397,"Radhakrishnan Road, Belagavi"
8165,2026-02-11T04:40:26.829171,2026-02-13T14:40:26.829171,"Nagi Chowk, Gadag"
8166,2024-12-02T14:40:26.829805,2024-12-04T14:40:26.829805,"Hari Ganj, Ballari"
8167,2024-11-07T14:40:26.830114,2024-11-10T14:40:26.830114,"Konda Ganj, Bengaluru Urban"
8168,2025-07-16T03:40:26.830856,2025-07-18T14:40:26.830856,"Minhas Ganj, Belagavi"
8169,2025-12-02T06:40:26.831135,2025-12-02T14:40:26.831135,"Pradhan Zila, Bidar"
8170,2026-06-22T12:40:26.832121,2026-06-22T14:40:26.832121,"De Marg, Mysuru"
8171,2026-03-15T14:40:26.832672,2026-03-18T14:40:26.832672,"Cheema Ganj, Belagavi"
8172,2024-11-21T03:40:26.833137,2024-11-21T14:40:26.833137,"Garg Chowk, Shivamogga"
8173,2025-10-27T04:40:26.833834,2025-10-27T14:40:26.833834,"Kohli Road, Bengaluru Urban"
8174,2026-04-15T23:40:26.834354,2026-04-17T14:40:26.834354,"Nanda Zila, Belagavi"
8175,2025-12-25T03:40:26.834668,2025-12-26T14:40:26.834668,"Bansal Road, Belagavi"
8176,2026-03-09T03:40:26.835392,2026-03-11T14:40:26.835392,"Khare Zila, Belagavi"
8177,2025-07-05T06:40:26.835695,2025-07-07T14:40:26.835695,"Bhatt Path, Belagavi"
8178,2024-07-15T08:40:26.836355,2024-07-16T14:40:26.836355,"Sandal Ganj, Chamarajanagara"
8179,2025-06-24T20:40:26.836922,2025-06-25T14:40:26.836922,"Dass Marg, Tumakuru"
8180,2025-04-29T06:40:26.837390,2025-04-29T14:40:26.837390,"Vora Road, Bengaluru Rural"
8181,2026-02-10T11:40:26.838018,2026-02-11T14:40:26.838018,"Thaker Road, Belagavi"
8182,2024-09-24T16:40:26.838850,2024-09-25T14:40:26.838850,"Kalita Ganj, Belagavi"
8183,2025-05-21T01:40:26.839419,2025-05-22T14:40:26.839419,"Bassi Road, Dakshina Kannada"
8184,2024-11-21T23:40:26.840232,2024-11-23T14:40:26.840232,"Kamdar, Vijayanagara"
8185,2026-03-17T23:40:26.840952,2026-03-18T14:40:26.840952,"Banik Zila, Belagavi"
8186,2024-12-05T08:40:26.841633,2024-12-05T14:40:26.841633,"Sharma Path, Belagavi"
8187,2026-02-25T07:40:26.841915,2026-02-26T14:40:26.841915,"Sarna Zila, Belagavi"
8188,2025-02-03T20:40:26.842594,2025-02-04T14:40:26.842594,"Prabhu Circle, Raichur"
8189,2026-06-18T07:40:26.843071,2026-06-18T14:40:26.843071,"Pradhan Path, Belagavi"
8190,2024-10-18T21:40:26.843354,2024-10-20T14:40:26.843354,"Jain, Bidar"
8191,2025-01-20T07:40:26.843944,2025-01-20T14:40:26.843944,"Dora Road, Belagavi"
8192,2024-10-13T12:40:26.844976,2024-10-15T14:40:26.844976,"Chana Path, Belagavi"
8193,2026-06-25T09:40:26.845563,2026-06-27T14:40:26.845563,"Narain Chowk, Belagavi"
8194,2025-10-15T16:40:26.846252,2025-10-16T14:40:26.846252,"Dutt Road, Koppal"
8195,2025-09-22T15:40:26.847213,2025-09-23T14:40:26.847213,"Bhatnagar Zila, Shivamogga"
8196,2026-02-01T06:40:26.847664,2026-02-02T14:40:26.847664,"Kale, Belagavi"
8197,2026-02-05T17:40:26.848016,2026-02-07T14:40:26.848016,"Mani Marg, Belagavi"
8198,2025-04-25T13:40:26.848311,2025-04-27T14:40:26.848311,"Bandi Street, Bagalkote"
8199,2026-06-26T03:40:26.849053,2026-06-27T14:40:26.849053,"Taneja Road, Belagavi"
8200,2024-12-16T00:40:26.849503,2024-12-18T14:40:26.849503,"Ramakrishnan Marg, Chikkamagaluru"
8201,2025-07-24T21:40:26.849848,2025-07-25T14:40:26.849848,"Bera Marg, Udupi"
8202,2024-12-02T15:40:26.850504,2024-12-03T14:40:26.850504,"Dubey Circle, Raichur"
8203,2025-07-05T20:40:26.851106,2025-07-08T14:40:26.851106,"Goyal Path, Bengaluru Urban"
8204,2024-10-16T18:40:26.851949,2024-10-19T14:40:26.851949,"Kulkarni Ganj, Belagavi"
8205,2025-05-05T18:40:26.852430,2025-05-08T14:40:26.852430,"Mangal Chowk, Udupi"
8206,2026-02-25T14:40:26.853370,2026-02-27T14:40:26.853370,"Nazareth Nagar, Belagavi"
8207,2025-09-27T20:40:26.853734,2025-09-30T14:40:26.853734,"Kaur Path, Belagavi"
8208,2025-03-25T23:40:26.854439,2025-03-27T14:40:26.854439,"Patel Path, Belagavi"
8209,2026-07-09T17:40:26.855050,2026-07-11T14:40:26.855050,"Bakshi Marg, Yadgir"
8210,2025-11-28T07:40:26.856082,2025-11-29T14:40:26.856082,"Srinivas Chowk, Koppal"
8211,2026-06-13T12:40:26.856407,2026-06-13T14:40:26.856407,"Shanker Road, Udupi"
8212,2026-03-14T11:40:26.857146,2026-03-14T14:40:26.857146,"Cheema Street, Chikkaballapura"
8213,2026-02-26T17:40:26.857973,2026-02-27T14:40:26.857973,"Minhas Chowk, Belagavi"
8214,2025-12-28T21:40:26.858442,2025-12-30T14:40:26.858442,"Sarin Street, Belagavi"
8215,2025-09-04T08:40:26.859000,2025-09-06T14:40:26.859000,"Som Marg, Bidar"
8216,2025-11-23T04:40:26.859886,2025-11-24T14:40:26.859886,"Bora Circle, Belagavi"
8217,2025-06-27T18:40:26.860256,2025-06-28T14:40:26.860256,"Munshi Circle, Belagavi"
8218,2026-06-23T19:40:26.860810,2026-06-24T14:40:26.860810,"Sur Ganj, Hassan"
8219,2025-05-05T13:40:26.861403,2025-05-07T14:40:26.861403,"Nagi Nagar, Vijayanagara"
8220,2026-04-21T03:40:26.861776,2026-04-21T14:40:26.861776,"Chakrabarti Circle, Belagavi"
8221,2024-11-17T04:40:26.862269,2024-11-18T14:40:26.862269,"Sanghvi Circle, Belagavi"
8222,2025-11-20T03:40:26.862989,2025-11-21T14:40:26.862989,"Virk Zila, Belagavi"
8223,2026-01-22T07:40:26.863486,2026-01-24T14:40:26.863486,"Singh Path, Belagavi"
8224,2025-01-12T13:40:26.864511,2025-01-12T14:40:26.864511,"Dar, Bengaluru Urban"
8225,2025-01-23T14:40:26.864878,2025-01-24T14:40:26.864878,"Konda Nagar, Belagavi"
8226,2024-10-27T21:40:26.865371,2024-10-29T14:40:26.865371,"Sen Road, Koppal"
8227,2026-02-01T10:40:26.865888,2026-02-03T14:40:26.865888,"Raval Ganj, Belagavi"
8228,2026-03-05T05:40:26.866175,2026-03-06T14:40:26.866175,"Radhakrishnan Nagar, Koppal"
8229,2024-10-19T23:40:26.866449,2024-10-22T14:40:26.866449,"Dugal Nagar, Kolar"
8230,2026-03-08T02:40:26.867230,2026-03-09T14:40:26.867230,"Sachdeva Road, Chikkamagaluru"
8231,2024-12-03T00:40:26.868281,2024-12-05T14:40:26.868281,"Pingle Path, Chikkaballapura"
8232,2025-03-11T17:40:26.868810,2025-03-12T14:40:26.868810,"Dugar Chowk, Bengaluru Urban"
8233,2025-07-13T01:40:26.869295,2025-07-14T14:40:26.869295,"Kara Marg, Kalaburagi"
8234,2026-01-18T17:40:26.869618,2026-01-20T14:40:26.869618,"Agarwal Chowk, Belagavi"
8235,2024-12-31T21:40:26.870655,2025-01-02T14:40:26.870655,"Konda Marg, Dharwad"
8236,2026-04-16T18:40:26.871161,2026-04-19T14:40:26.871161,"Sanghvi Nagar, Belagavi"
8237,2024-12-02T20:40:26.871420,2024-12-05T14:40:26.871420,"Badal Street, Vijayanagara"
8238,2026-06-11T02:40:26.871780,2026-06-11T14:40:26.871780,"Bhandari, Koppal"
8239,2024-08-08T14:40:26.872150,2024-08-11T14:40:26.872150,"Gole Chowk, Belagavi"
8240,2025-07-19T15:40:26.872426,2025-07-21T14:40:26.872426,"Kunda Road, Kolar"
8241,2026-04-04T16:40:26.872524,2026-04-06T14:40:26.872524,"Yogi Street, Bengaluru Urban"
8242,2024-08-29T19:40:26.873423,2024-09-01T14:40:26.873423,"Ahluwalia Ganj, Haveri"
8243,2026-04-20T08:40:26.873947,2026-04-21T14:40:26.873947,"Vyas Street, Belagavi"
8244,2026-02-08T14:40:26.874753,2026-02-10T14:40:26.874753,"Pandit Ganj, Chamarajanagara"
8245,2025-01-18T03:40:26.875506,2025-01-20T14:40:26.875506,"Handa Ganj, Tumakuru"
8246,2026-01-26T18:40:26.876517,2026-01-28T14:40:26.876517,"Lata Nagar, Gadag"
8247,2025-01-28T06:40:26.876878,2025-01-29T14:40:26.876878,"Dayal Circle, Belagavi"
8248,2025-05-14T11:40:26.877571,2025-05-15T14:40:26.877571,"Guha Marg, Mysuru"
8249,2025-04-06T02:40:26.877890,2025-04-06T14:40:26.877890,"Bora Zila, Belagavi"
8250,2026-05-31T07:40:26.878352,2026-06-02T14:40:26.878352,"Amble Path, Belagavi"
8251,2026-04-27T22:40:26.878884,2026-04-28T14:40:26.878884,"Dugal Nagar, Belagavi"
8252,2025-12-08T05:40:26.879347,2025-12-10T14:40:26.879347,"Golla Circle, Mandya"
8253,2024-12-21T11:40:26.880350,2024-12-21T14:40:26.880350,"Sachdev Path, Davanagere"
8254,2026-04-19T17:40:26.881092,2026-04-21T14:40:26.881092,"Bhattacharyya, Belagavi"
8255,2025-03-27T23:40:26.881993,2025-03-28T14:40:26.881993,"Kothari Chowk, Belagavi"
8256,2025-07-03T06:40:26.882935,2025-07-05T14:40:26.882935,"Gill Ganj, Belagavi"
8257,2026-02-16T17:40:26.883754,2026-02-19T14:40:26.883754,"Dasgupta Road, Belagavi"
8258,2024-09-02T16:40:26.884112,2024-09-05T14:40:26.884112,"Datta Road, Chitradurga"
8259,2025-03-11T12:40:26.884563,2025-03-11T14:40:26.884563,"Kapur Nagar, Kolar"
8260,2024-07-11T13:40:26.885020,2024-07-13T14:40:26.885020,"Narain Marg, Belagavi"
8261,2025-09-13T22:40:26.885798,2025-09-15T14:40:26.885798,"Pall Road, Belagavi"
8262,2025-12-19T13:40:26.886486,2025-12-19T14:40:26.886486,"Banerjee Path, Bagalkote"
8263,2026-01-30T10:40:26.887435,2026-02-01T14:40:26.887435,"Keer Path, Gadag"
8264,2025-02-06T10:40:26.888018,2025-02-06T14:40:26.888018,"Sampath Path, Bengaluru Rural"
8265,2025-09-28T04:40:26.888657,2025-09-29T14:40:26.888657,"Chacko, Koppal"
8266,2025-10-24T08:40:26.889579,2025-10-25T14:40:26.889579,"Nadkarni Zila, Kodagu"
8267,2025-02-26T09:40:26.890655,2025-02-27T14:40:26.890655,"Pradhan Road, Udupi"
8268,2026-01-12T03:40:26.891450,2026-01-12T14:40:26.891450,"Sunder Nagar, Belagavi"
8269,2024-08-22T04:40:26.891804,2024-08-23T14:40:26.891804,"Handa Road, Belagavi"
8270,2025-09-20T07:40:26.892867,2025-09-22T14:40:26.892867,"Vig Zila, Chamarajanagara"
8271,2024-09-16T23:40:26.893832,2024-09-18T14:40:26.893832,"Dhawan Road, Mysuru"
8272,2025-09-29T03:40:26.894627,2025-10-01T14:40:26.894627,"Rajagopalan, Gadag"
8273,2025-04-30T04:40:26.895625,2025-05-02T14:40:26.895625,"Oommen Marg, Belagavi"
8274,2026-03-13T08:40:26.896190,2026-03-14T14:40:26.896190,"Malhotra Nagar, Belagavi"
8275,2026-07-05T05:40:26.896485,2026-07-06T14:40:26.896485,"Suri Path, Chikkaballapura"
8276,2026-01-23T09:40:26.897024,2026-01-23T14:40:26.897024,"Dayal Ganj, Belagavi"
8277,2024-11-30T05:40:26.897746,2024-12-02T14:40:26.897746,"Kanda Road, Koppal"
8278,2026-01-14T16:40:26.898050,2026-01-15T14:40:26.898050,"Hora Zila, Belagavi"
8279,2025-01-14T06:40:26.898309,2025-01-16T14:40:26.898309,"Chandran Chowk, Kolar"
8280,2025-05-11T18:40:26.898992,2025-05-12T14:40:26.898992,"Sankar Road, Bengaluru Rural"
8281,2025-04-07T05:40:26.899938,2025-04-07T14:40:26.899938,"Rajan Circle, Tumakuru"
8282,2026-03-06T04:40:26.900440,2026-03-07T14:40:26.900440,"More Marg, Belagavi"
8283,2026-05-21T06:40:26.901069,2026-05-23T14:40:26.901069,"Sen Path, Belagavi"
8284,2025-11-29T09:40:26.901342,2025-11-29T14:40:26.901342,"Shetty Path, Davanagere"
8285,2026-04-20T17:40:26.902276,2026-04-22T14:40:26.902276,"Kant Circle, Belagavi"
8286,2025-05-20T23:40:26.902576,2025-05-21T14:40:26.902576,"Sundaram Street, Bagalkote"
8287,2025-10-04T03:40:26.902887,2025-10-05T14:40:26.902887,"Sama Road, Belagavi"
8288,2024-08-01T09:40:26.903385,2024-08-02T14:40:26.903385,"Cheema Street, Belagavi"
8289,2024-10-07T19:40:26.903704,2024-10-08T14:40:26.903704,"Nigam, Raichur"
8290,2026-02-05T01:40:26.904270,2026-02-07T14:40:26.904270,"Goyal Path, Bengaluru Urban"
8291,2026-03-30T10:40:26.905259,2026-03-31T14:40:26.905259,"Merchant Road, Davanagere"
8292,2025-02-09T14:40:26.905862,2025-02-12T14:40:26.905862,"Gala Zila, Belagavi"
8293,2024-09-26T08:40:26.906471,2024-09-26T14:40:26.906471,"Wali Marg, Bagalkote"
8294,2025-02-19T12:40:26.906897,2025-02-20T14:40:26.906897,"Pandya Nagar, Shivamogga"
8295,2026-03-31T21:40:26.907922,2026-04-02T14:40:26.907922,"Rattan Zila, Kalaburagi"
8296,2024-08-08T18:40:26.908207,2024-08-09T14:40:26.908207,"Goda Zila, Dharwad"
8297,2025-11-07T04:40:26.908786,2025-11-09T14:40:26.908786,"Nayak Ganj, Belagavi"
8298,2025-06-30T19:40:26.909260,2025-07-02T14:40:26.909260,"Hari, Kalaburagi"
8299,2024-12-23T23:40:26.909852,2024-12-26T14:40:26.909852,"Rattan Path, Raichur"
8300,2026-01-21T18:40:26.910518,2026-01-23T14:40:26.910518,"Agate Zila, Belagavi"
8301,2026-07-10T10:40:26.911049,2026-07-10T14:40:26.911049,"Biswas Nagar, Mysuru"
8302,2025-11-08T18:40:26.911672,2025-11-11T14:40:26.911672,"Manne, Shivamogga"
8303,2025-09-28T12:40:26.912453,2025-09-28T14:40:26.912453,"Patla Chowk, Hassan"
8304,2024-08-24T19:40:26.913373,2024-08-27T14:40:26.913373,"Kari Ganj, Belagavi"
8305,2024-09-07T02:40:26.913910,2024-09-08T14:40:26.913910,"Mammen Street, Kodagu"
8306,2025-10-28T23:40:26.914195,2025-10-31T14:40:26.914195,"Verma Road, Belagavi"
8307,2025-08-23T00:40:26.914712,2025-08-25T14:40:26.914712,"Agate Marg, Ballari"
8308,2026-02-06T13:40:26.915671,2026-02-08T14:40:26.915671,"Zacharia Marg, Vijayapura"
8309,2025-08-27T13:40:26.916570,2025-08-29T14:40:26.916570,"Loyal Circle, Belagavi"
8310,2025-01-27T11:40:26.917154,2025-01-28T14:40:26.917154,"Tiwari Marg, Mysuru"
8311,2026-01-19T04:40:26.917440,2026-01-19T14:40:26.917440,"Sha Path, Kolar"
8312,2026-01-29T19:40:26.917931,2026-01-31T14:40:26.917931,"Yadav Marg, Belagavi"
8313,2026-03-04T19:40:26.918630,2026-03-06T14:40:26.918630,"Chander Road, Belagavi"
8314,2024-09-09T09:40:26.919203,2024-09-09T14:40:26.919203,"Mitra Nagar, Bidar"
8315,2026-05-24T04:40:26.920038,2026-05-26T14:40:26.920038,"Prabhakar Chowk, Vijayapura"
8316,2025-02-16T08:40:26.921011,2025-02-16T14:40:26.921011,"Chaudhari Street, Udupi"
8317,2024-08-10T15:40:26.921283,2024-08-12T14:40:26.921283,"Sem Zila, Dharwad"
8318,2025-09-03T11:40:26.922225,2025-09-03T14:40:26.922225,"Parikh Path, Dharwad"
8319,2025-10-15T00:40:26.922986,2025-10-16T14:40:26.922986,"Mandal Ganj, Ballari"
8320,2025-07-10T01:40:26.923281,2025-07-11T14:40:26.923281,"Dora Nagar, Kalaburagi"
8321,2025-07-09T13:40:26.924075,2025-07-10T14:40:26.924075,"Shankar Ganj, Bidar"
8322,2025-06-10T01:40:26.924721,2025-06-10T14:40:26.924721,"Rastogi, Dakshina Kannada"
8323,2026-06-13T18:40:26.925417,2026-06-14T14:40:26.925417,"Muni Circle, Haveri"
8324,2025-02-11T17:40:26.926198,2025-02-12T14:40:26.926198,"Bhargava Chowk, Belagavi"
8325,2025-05-29T18:40:26.926461,2025-05-30T14:40:26.926461,"Babu Ganj, Vijayanagara"
8326,2025-03-18T06:40:26.927252,2025-03-19T14:40:26.927252,"Mallick Circle, Kodagu"
8327,2025-06-17T11:40:26.928065,2025-06-17T14:40:26.928065,"Peri Road, Belagavi"
8328,2025-10-21T14:40:26.928589,2025-10-24T14:40:26.928589,"Atwal Street, Ballari"
8329,2024-10-14T16:40:26.928714,2024-10-17T14:40:26.928714,"Loyal Nagar, Vijayanagara"
8330,2025-05-22T05:40:26.929556,2025-05-22T14:40:26.929556,"Mani Ganj, Bengaluru Urban"
8331,2026-04-14T16:40:26.930562,2026-04-15T14:40:26.930562,"Gala Path, Bengaluru Urban"
8332,2026-06-28T16:40:26.930963,2026-07-01T14:40:26.930963,"Misra Path, Bidar"
8333,2024-10-30T02:40:26.931738,2024-10-30T14:40:26.931738,"Hans Path, Vijayapura"
8334,2026-06-16T19:40:26.932228,2026-06-18T14:40:26.932228,"Chopra Ganj, Belagavi"
8335,2026-06-22T01:40:26.933127,2026-06-22T14:40:26.933127,"Halder Chowk, Kolar"
8336,2024-10-30T06:40:26.933435,2024-10-31T14:40:26.933435,"Mandal, Yadgir"
8337,2025-07-24T21:40:26.933755,2025-07-25T14:40:26.933755,"Bhatnagar Zila, Mandya"
8338,2025-12-08T21:40:26.934468,2025-12-11T14:40:26.934468,"Devi Ganj, Belagavi"
8339,2025-09-01T04:40:26.935206,2025-09-02T14:40:26.935206,"Sood Chowk, Mysuru"
8340,2026-02-12T23:40:26.935800,2026-02-13T14:40:26.935800,"Radhakrishnan Street, Belagavi"
8341,2025-07-06T23:40:26.936383,2025-07-07T14:40:26.936383,"Pau Ganj, Haveri"
8342,2026-01-25T22:40:26.937222,2026-01-27T14:40:26.937222,"Mander Ganj, Belagavi"
8343,2025-11-13T04:40:26.937827,2025-11-14T14:40:26.937827,"Bahl Nagar, Kodagu"
8344,2026-06-01T18:40:26.938309,2026-06-04T14:40:26.938309,"Palan Circle, Belagavi"
8345,2025-03-01T06:40:26.938822,2025-03-02T14:40:26.938822,"Bala Path, Mysuru"
8346,2026-03-09T22:40:26.939626,2026-03-10T14:40:26.939626,"Divan Path, Belagavi"
8347,2026-02-15T00:40:26.940702,2026-02-17T14:40:26.940702,"Dixit Marg, Dakshina Kannada"
8348,2025-09-04T05:40:26.941390,2025-09-06T14:40:26.941390,"Rout Street, Bengaluru Urban"
8349,2025-03-14T16:40:26.942154,2025-03-17T14:40:26.942154,"Sur, Belagavi"
8350,2025-08-19T07:40:26.943179,2025-08-20T14:40:26.943179,"Dada Marg, Belagavi"
8351,2025-05-24T18:40:26.944212,2025-05-25T14:40:26.944212,"Reddy Ganj, Vijayanagara"
8352,2024-09-22T00:40:26.945024,2024-09-24T14:40:26.945024,"Konda Road, Kalaburagi"
8353,2025-06-14T17:40:26.945506,2025-06-16T14:40:26.945506,"Morar Chowk, Belagavi"
8354,2026-03-05T17:40:26.946102,2026-03-07T14:40:26.946102,"Sanghvi Nagar, Chikkaballapura"
8355,2025-06-12T13:40:26.946970,2025-06-13T14:40:26.946970,"Verma Street, Vijayapura"
8356,2025-03-24T18:40:26.947764,2025-03-27T14:40:26.947764,"Dey Road, Udupi"
8357,2025-05-17T14:40:26.948118,2025-05-18T14:40:26.948118,"Buch Chowk, Mysuru"
8358,2025-10-01T13:40:26.948938,2025-10-01T14:40:26.948938,"Mand Ganj, Yadgir"
8359,2026-04-07T06:40:26.949681,2026-04-08T14:40:26.949681,"Prashad Zila, Belagavi"
8360,2025-06-09T19:40:26.950078,2025-06-12T14:40:26.950078,"Bedi, Belagavi"
8361,2025-02-25T02:40:26.950630,2025-02-25T14:40:26.950630,"Yohannan Ganj, Belagavi"
8362,2025-12-12T06:40:26.951517,2025-12-13T14:40:26.951517,"Agrawal Path, Udupi"
8363,2024-10-12T23:40:26.952382,2024-10-15T14:40:26.952382,"Bali Marg, Dharwad"
8364,2025-06-02T17:40:26.952721,2025-06-04T14:40:26.952721,"Arora Circle, Mysuru"
8365,2024-12-31T16:40:26.953649,2025-01-01T14:40:26.953649,"Vig Chowk, Koppal"
8366,2025-07-04T19:40:26.953968,2025-07-06T14:40:26.953968,"Nayak Zila, Bengaluru Rural"
8367,2026-02-22T05:40:26.954462,2026-02-23T14:40:26.954462,"Buch Zila, Gadag"
8368,2025-10-12T21:40:26.955113,2025-10-14T14:40:26.955113,"Mandal Street, Mysuru"
8369,2025-01-20T01:40:26.955697,2025-01-22T14:40:26.955697,"Sidhu Marg, Belagavi"
8370,2024-11-25T14:40:26.956285,2024-11-28T14:40:26.956285,"Chatterjee Ganj, Mysuru"
8371,2025-12-16T18:40:26.957077,2025-12-17T14:40:26.957077,"Chokshi Ganj, Mandya"
8372,2026-06-24T23:40:26.957951,2026-06-27T14:40:26.957951,"Lad Ganj, Udupi"
8373,2024-11-11T18:40:26.958703,2024-11-14T14:40:26.958703,"Mann Road, Shivamogga"
8374,2025-02-05T11:40:26.959205,2025-02-05T14:40:26.959205,"Loyal Chowk, Belagavi"
8375,2025-05-10T09:40:26.960189,2025-05-11T14:40:26.960189,"Mangal Road, Belagavi"
8376,2026-07-09T02:40:26.960463,2026-07-09T14:40:26.960463,"Sule Path, Belagavi"
8377,2025-08-29T18:40:26.960793,2025-08-31T14:40:26.960793,"Dugar Street, Belagavi"
8378,2025-04-23T12:40:26.961630,2025-04-25T14:40:26.961630,"Mohanty Street, Mandya"
8379,2026-06-28T17:40:26.961936,2026-06-29T14:40:26.961936,"Shanker Chowk, Dakshina Kannada"
8380,2026-06-29T13:40:26.962243,2026-06-30T14:40:26.962243,"Kunda Street, Belagavi"
8381,2024-11-19T05:40:26.962765,2024-11-19T14:40:26.962765,"Doctor Street, Belagavi"
8382,2025-12-12T10:40:26.963708,2025-12-12T14:40:26.963708,"Jhaveri Road, Chamarajanagara"
8383,2025-02-18T03:40:26.964483,2025-02-18T14:40:26.964483,"Sagar Marg, Chikkaballapura"
8384,2025-08-10T17:40:26.965226,2025-08-11T14:40:26.965226,"Walia Ganj, Mysuru"
8385,2025-11-26T02:40:26.965511,2025-11-26T14:40:26.965511,"Chanda Zila, Kolar"
8386,2025-11-05T04:40:26.965858,2025-11-06T14:40:26.965858,"Kota Zila, Bagalkote"
8387,2026-04-09T18:40:26.966185,2026-04-10T14:40:26.966185,"Walla Circle, Belagavi"
8388,2025-08-01T08:40:26.966947,2025-08-01T14:40:26.966947,"Palan Path, Belagavi"
8389,2025-04-25T13:40:26.967492,2025-04-27T14:40:26.967492,"Kashyap Nagar, Belagavi"
8390,2025-11-22T17:40:26.968301,2025-11-24T14:40:26.968301,"Parmar Path, Haveri"
8391,2025-09-01T10:40:26.969249,2025-09-03T14:40:26.969249,"Jani Marg, Mysuru"
8392,2026-07-11T12:40:26.970207,2026-07-11T14:40:26.970207,"Keer Ganj, Belagavi"
8393,2026-01-27T09:40:26.970926,2026-01-27T14:40:26.970926,"Anand Street, Bagalkote"
8394,2024-12-01T19:40:26.971642,2024-12-03T14:40:26.971642,"Kaur Circle, Mysuru"
8395,2025-07-07T21:40:26.972042,2025-07-09T14:40:26.972042,"Shah Marg, Belagavi"
8396,2025-09-23T11:40:26.972806,2025-09-25T14:40:26.972806,"Manne Nagar, Bengaluru Urban"
8397,2026-03-15T01:40:26.973114,2026-03-15T14:40:26.973114,"Talwar Road, Belagavi"
8398,2024-12-06T12:40:26.973991,2024-12-07T14:40:26.973991,"Bhatt Path, Hassan"
8399,2024-12-13T14:40:26.974288,2024-12-14T14:40:26.974288,"Dugar Circle, Davanagere"
8400,2026-05-26T18:40:26.975029,2026-05-28T14:40:26.975029,"Tailor Circle, Ramanagara"
8401,2024-12-11T14:40:26.975666,2024-12-12T14:40:26.975666,"Bera Ganj, Davanagere"
8402,2025-03-01T01:40:26.976501,2025-03-02T14:40:26.976501,"Mandal Street, Bengaluru Urban"
8403,2025-01-09T18:40:26.976845,2025-01-11T14:40:26.976845,"Bera Nagar, Dakshina Kannada"
8404,2026-03-05T04:40:26.977594,2026-03-06T14:40:26.977594,"Nazareth Circle, Belagavi"
8405,2026-06-04T20:40:26.978565,2026-06-07T14:40:26.978565,"Tank Marg, Belagavi"
8406,2024-12-17T05:40:26.980066,2024-12-19T14:40:26.980066,"Pathak Street, Belagavi"
8407,2026-04-03T03:40:26.981174,2026-04-04T14:40:26.981174,"Sem Zila, Kalaburagi"
8408,2025-11-20T06:40:26.981483,2025-11-22T14:40:26.981483,"Srinivasan Circle, Chikkaballapura"
8409,2025-04-10T17:40:26.982233,2025-04-12T14:40:26.982233,"Srinivas, Chikkaballapura"
8410,2025-09-13T14:40:26.983171,2025-09-16T14:40:26.983171,"Luthra Path, Ballari"
8411,2026-05-02T19:40:26.983795,2026-05-05T14:40:26.983795,"Lad Ganj, Ramanagara"
8412,2026-03-31T06:40:26.984892,2026-03-31T14:40:26.984892,"Singh Nagar, Raichur"
8413,2025-04-08T08:40:26.985691,2025-04-08T14:40:26.985691,"Borah Chowk, Belagavi"
8414,2026-05-09T15:40:26.986016,2026-05-12T14:40:26.986016,"Ratti Ganj, Raichur"
8415,2025-04-08T04:40:26.986363,2025-04-08T14:40:26.986363,"Sidhu Chowk, Mysuru"
8416,2026-04-11T10:40:26.986726,2026-04-12T14:40:26.986726,"Bakshi, Belagavi"
8417,2026-01-15T06:40:26.987439,2026-01-17T14:40:26.987439,"Jani Zila, Kolar"
8418,2025-06-25T23:40:26.988278,2025-06-28T14:40:26.988278,"Panchal Zila, Mysuru"
8419,2025-09-01T08:40:26.989030,2025-09-03T14:40:26.989030,"Kalita Ganj, Chikkaballapura"
8420,2025-10-17T17:40:26.989481,2025-10-20T14:40:26.989481,"Bir Chowk, Ramanagara"
8421,2025-08-13T09:40:26.989945,2025-08-14T14:40:26.989945,"Ahuja Nagar, Chikkaballapura"
8422,2026-07-05T14:40:26.990254,2026-07-07T14:40:26.990254,"Bora Street, Belagavi"
8423,2026-02-15T01:40:26.991412,2026-02-15T14:40:26.991412,"Wable Circle, Belagavi"
8424,2024-10-22T19:40:26.991910,2024-10-24T14:40:26.991910,"Kulkarni Nagar, Mysuru"
8425,2026-03-04T13:40:26.992876,2026-03-06T14:40:26.992876,"Comar Zila, Mandya"
8426,2026-04-04T12:40:26.993613,2026-04-05T14:40:26.993613,"Yadav Chowk, Bengaluru Urban"
8427,2025-12-25T05:40:26.994319,2025-12-26T14:40:26.994319,"Goel Path, Chikkamagaluru"
8428,2025-04-16T13:40:26.995077,2025-04-18T14:40:26.995077,"Tiwari Ganj, Belagavi"
8429,2024-12-24T23:40:26.995909,2024-12-26T14:40:26.995909,"Chakraborty Marg, Raichur"
8430,2024-11-11T08:40:26.996473,2024-11-13T14:40:26.996473,"Rattan Street, Kalaburagi"
8431,2025-07-19T12:40:26.996821,2025-07-21T14:40:26.996821,"Srinivas, Chikkamagaluru"
8432,2024-10-06T01:40:26.997322,2024-10-08T14:40:26.997322,"Bali Street, Belagavi"
8433,2025-05-17T00:40:26.998220,2025-05-19T14:40:26.998220,"Oommen Ganj, Raichur"
8434,2025-07-14T19:40:26.998957,2025-07-16T14:40:26.998957,"Shenoy Circle, Dharwad"
8435,2025-05-21T04:40:26.999800,2025-05-21T14:40:26.999800,"Maharaj Circle, Kalaburagi"
8436,2024-12-13T15:40:27.000609,2024-12-14T14:40:27.000609,"Rana Zila, Tumakuru"
8437,2025-02-27T21:40:27.000972,2025-02-28T14:40:27.000972,"Desai Road, Dakshina Kannada"
8438,2024-09-15T16:40:27.001454,2024-09-16T14:40:27.001454,"Ghose Marg, Chikkamagaluru"
8439,2026-01-06T16:40:27.001785,2026-01-08T14:40:27.001785,"Gade Street, Chamarajanagara"
8440,2025-08-11T20:40:27.002354,2025-08-14T14:40:27.002354,"Lall Marg, Mysuru"
8441,2025-09-27T02:40:27.002912,2025-09-27T14:40:27.002912,"Lall, Hassan"
8442,2026-05-16T08:40:27.003218,2026-05-16T14:40:27.003218,"Wadhwa Road, Bengaluru Urban"
8443,2026-01-19T15:40:27.004035,2026-01-22T14:40:27.004035,"Balay Chowk, Belagavi"
8444,2026-06-29T17:40:27.004831,2026-07-02T14:40:27.004831,"Venkatesh Street, Belagavi"
8445,2025-11-20T19:40:27.005124,2025-11-23T14:40:27.005124,"Taneja Circle, Chamarajanagara"
8446,2025-05-18T09:40:27.005409,2025-05-20T14:40:27.005409,"Gaba Zila, Hassan"
8447,2025-07-02T17:40:27.005748,2025-07-05T14:40:27.005748,"Chaudhuri Chowk, Belagavi"
8448,2026-06-03T10:40:27.006762,2026-06-05T14:40:27.006762,"Kurian Circle, Belagavi"
8449,2025-10-12T23:40:27.007777,2025-10-13T14:40:27.007777,"Kadakia Marg, Belagavi"
8450,2025-05-21T00:40:27.008150,2025-05-21T14:40:27.008150,"Chaudhary Road, Belagavi"
8451,2024-08-26T13:40:27.008445,2024-08-26T14:40:27.008445,"Wason Circle, Vijayapura"
8452,2025-09-15T06:40:27.008992,2025-09-17T14:40:27.008992,"Sem Street, Belagavi"
8453,2025-11-18T13:40:27.009734,2025-11-20T14:40:27.009734,"Doshi Chowk, Kodagu"
8454,2025-07-16T06:40:27.010339,2025-07-18T14:40:27.010339,"Barad Circle, Ballari"
8455,2024-09-05T14:40:27.010706,2024-09-06T14:40:27.010706,"Zacharia Road, Mandya"
8456,2025-10-20T20:40:27.011212,2025-10-22T14:40:27.011212,"Mitter Ganj, Dharwad"
8457,2024-11-10T10:40:27.011725,2024-11-12T14:40:27.011725,"Swaminathan Street, Belagavi"
8458,2025-11-03T03:40:27.012489,2025-11-03T14:40:27.012489,"Khanna Marg, Mysuru"
8459,2025-11-17T17:40:27.013001,2025-11-20T14:40:27.013001,"Shroff Nagar, Kalaburagi"
8460,2024-11-25T03:40:27.013478,2024-11-26T14:40:27.013478,"Baral Marg, Ramanagara"
8461,2026-02-02T13:40:27.014208,2026-02-02T14:40:27.014208,"Thaker Zila, Belagavi"
8462,2025-11-13T18:40:27.014964,2025-11-15T14:40:27.014964,"Soman Ganj, Mandya"
8463,2026-03-14T00:40:27.015482,2026-03-15T14:40:27.015482,"Venkatesh Road, Belagavi"
8464,2025-04-06T05:40:27.016641,2025-04-06T14:40:27.016641,"Palla Road, Chikkamagaluru"
8465,2025-08-21T08:40:27.017171,2025-08-22T14:40:27.017171,"Rau Zila, Ballari"
8466,2026-04-22T19:40:27.018112,2026-04-25T14:40:27.018112,"Sahota Street, Belagavi"
8467,2026-06-05T23:40:27.019053,2026-06-08T14:40:27.019053,"Khalsa Road, Kodagu"
8468,2026-02-11T15:40:27.019352,2026-02-13T14:40:27.019352,"Borde Circle, Kalaburagi"
8469,2025-03-16T04:40:27.020335,2025-03-18T14:40:27.020335,"Sarma Road, Belagavi"
8470,2025-05-20T09:40:27.020894,2025-05-20T14:40:27.020894,"Morar Circle, Yadgir"
8471,2025-11-19T22:40:27.021402,2025-11-21T14:40:27.021402,"Divan Path, Kolar"
8472,2025-08-11T18:40:27.021963,2025-08-12T14:40:27.021963,"Venkataraman Circle, Kalaburagi"
8473,2025-07-04T19:40:27.022624,2025-07-07T14:40:27.022624,"Garg Circle, Davanagere"
8474,2025-01-20T18:40:27.022976,2025-01-21T14:40:27.022976,"Subramaniam Road, Belagavi"
8475,2025-07-03T07:40:27.023734,2025-07-05T14:40:27.023734,"Luthra, Bengaluru Urban"
8476,2025-01-28T09:40:27.024314,2025-01-29T14:40:27.024314,"Chauhan Zila, Chikkaballapura"
8477,2025-10-22T20:40:27.024896,2025-10-24T14:40:27.024896,"Chandran Marg, Bagalkote"
8478,2026-07-08T07:40:27.025436,2026-07-09T14:40:27.025436,"Chakrabarti Street, Belagavi"
8479,2024-12-08T01:40:27.025761,2024-12-10T14:40:27.025761,"Agate Road, Vijayapura"
8480,2025-02-24T04:40:27.026077,2025-02-25T14:40:27.026077,"Grover Ganj, Belagavi"
8481,2025-07-23T16:40:27.026843,2025-07-26T14:40:27.026843,"Palan Zila, Belagavi"
8482,2026-05-14T20:40:27.027816,2026-05-15T14:40:27.027816,"Saraf Marg, Bengaluru Urban"
8483,2026-01-27T17:40:27.028361,2026-01-28T14:40:27.028361,"Devi Chowk, Belagavi"
8484,2025-07-16T15:40:27.029197,2025-07-19T14:40:27.029197,"Pau Marg, Kolar"
8485,2025-12-19T08:40:27.029954,2025-12-21T14:40:27.029954,"Chana Street, Shivamogga"
8486,2025-07-22T17:40:27.030452,2025-07-23T14:40:27.030452,"Pandey, Raichur"
8487,2026-07-03T07:40:27.030798,2026-07-05T14:40:27.030798,"Choudhary, Belagavi"
8488,2025-11-23T22:40:27.031292,2025-11-24T14:40:27.031292,"Mishra Road, Shivamogga"
8489,2025-02-25T21:40:27.032309,2025-02-26T14:40:27.032309,"Nori Ganj, Dharwad"
8490,2025-11-05T08:40:27.033090,2025-11-05T14:40:27.033090,"Kashyap Street, Chamarajanagara"
8491,2026-01-17T05:40:27.033566,2026-01-19T14:40:27.033566,"Sani Chowk, Bidar"
8492,2026-07-03T03:40:27.034494,2026-07-04T14:40:27.034494,"Minhas Zila, Davanagere"
8493,2025-05-02T12:40:27.035119,2025-05-03T14:40:27.035119,"Badami Marg, Mysuru"
8494,2024-08-19T04:40:27.036161,2024-08-20T14:40:27.036161,"Oza Road, Mysuru"
8495,2026-05-01T17:40:27.036481,2026-05-03T14:40:27.036481,"Khurana Circle, Yadgir"
8496,2026-02-17T18:40:27.037189,2026-02-18T14:40:27.037189,"Padmanabhan Chowk, Koppal"
8497,2025-05-23T01:40:27.037951,2025-05-25T14:40:27.037951,"Bobal Ganj, Kolar"
8498,2026-02-03T01:40:27.038171,2026-02-04T14:40:27.038171,"Balay Zila, Gadag"
8499,2025-05-01T09:40:27.039119,2025-05-03T14:40:27.039119,"Wali Nagar, Mysuru"
8500,2025-06-27T03:40:27.039642,2025-06-28T14:40:27.039642,"Batra Circle, Dakshina Kannada"
8501,2026-02-18T10:40:27.040166,2026-02-19T14:40:27.040166,"Ravel Chowk, Bengaluru Rural"
8502,2025-09-13T11:40:27.040643,2025-09-14T14:40:27.040643,"Dass Chowk, Mandya"
8503,2024-09-17T03:40:27.041870,2024-09-19T14:40:27.041870,"Guha Ganj, Ballari"
8504,2024-12-10T09:40:27.042894,2024-12-10T14:40:27.042894,"Mohanty Ganj, Belagavi"
8505,2026-03-03T08:40:27.044102,2026-03-05T14:40:27.044102,"Comar, Chamarajanagara"
8506,2025-01-01T20:40:27.044684,2025-01-02T14:40:27.044684,"Buch Circle, Davanagere"
8507,2024-09-29T00:40:27.045203,2024-10-01T14:40:27.045203,"Loyal Nagar, Haveri"
8508,2024-07-14T10:40:27.045791,2024-07-15T14:40:27.045791,"Pai Road, Ballari"
8509,2024-08-01T11:40:27.046095,2024-08-01T14:40:27.046095,"Narayanan, Dharwad"
8510,2026-02-26T10:40:27.046629,2026-02-27T14:40:27.046629,"Chaudhary Nagar, Chitradurga"
8511,2026-05-26T06:40:27.047289,2026-05-27T14:40:27.047289,"Bhalla Path, Belagavi"
8512,2026-06-05T09:40:27.047918,2026-06-05T14:40:27.047918,"Swaminathan, Belagavi"
8513,2024-07-25T21:40:27.048219,2024-07-28T14:40:27.048219,"Gole Road, Gadag"
8514,2024-07-25T21:40:27.049218,2024-07-28T14:40:27.049218,"Ram Road, Bengaluru Urban"
8515,2026-04-20T16:40:27.050094,2026-04-22T14:40:27.050094,"Doctor Path, Belagavi"
8516,2025-03-12T13:40:27.050398,2025-03-13T14:40:27.050398,"Rao Circle, Belagavi"
8517,2026-01-17T11:40:27.051002,2026-01-17T14:40:27.051002,"Bail Marg, Bidar"
8518,2026-05-31T02:40:27.051890,2026-06-01T14:40:27.051890,"Kar Street, Haveri"
8519,2026-07-08T22:40:27.052218,2026-07-09T14:40:27.052218,"Om Chowk, Belagavi"
8520,2024-10-29T10:40:27.053320,2024-10-30T14:40:27.053320,"Naik Path, Belagavi"
8521,2024-07-18T02:40:27.053975,2024-07-18T14:40:27.053975,"Kaur Road, Tumakuru"
8522,2025-08-25T14:40:27.054822,2025-08-27T14:40:27.054822,"Chaudhry Street, Kolar"
8523,2025-10-28T19:40:27.055324,2025-10-29T14:40:27.055324,"Dash, Bengaluru Urban"
8524,2025-02-11T20:40:27.056348,2025-02-14T14:40:27.056348,"Dara Ganj, Shivamogga"
8525,2025-03-04T14:40:27.057227,2025-03-07T14:40:27.057227,"Hari, Tumakuru"
8526,2026-03-25T15:40:27.057515,2026-03-26T14:40:27.057515,"Krishnan Path, Belagavi"
8527,2024-07-13T07:40:27.058102,2024-07-14T14:40:27.058102,"Dave Zila, Belagavi"
8528,2024-08-08T03:40:27.058713,2024-08-09T14:40:27.058713,"Dar Marg, Bagalkote"
8529,2024-11-16T02:40:27.060523,2024-11-18T14:40:27.060523,"D’Alia Zila, Bengaluru Urban"
8530,2025-09-19T14:40:27.061754,2025-09-22T14:40:27.061754,"Pall Ganj, Davanagere"
8531,2025-06-09T14:40:27.062452,2025-06-10T14:40:27.062452,"Kala Chowk, Shivamogga"
8532,2025-04-06T16:40:27.063057,2025-04-08T14:40:27.063057,"Krishnan Chowk, Gadag"
8533,2026-06-29T19:40:27.063635,2026-07-01T14:40:27.063635,"Mander Chowk, Shivamogga"
8534,2025-10-16T14:40:27.064240,2025-10-18T14:40:27.064240,"Shukla Path, Belagavi"
8535,2025-05-15T18:40:27.065332,2025-05-17T14:40:27.065332,"Hari Marg, Gadag"
8536,2026-04-13T05:40:27.066154,2026-04-14T14:40:27.066154,"Sekhon Circle, Belagavi"
8537,2025-05-24T01:40:27.067163,2025-05-25T14:40:27.067163,"Savant Street, Raichur"
8538,2025-08-17T21:40:27.067753,2025-08-20T14:40:27.067753,"Kurian Path, Yadgir"
8539,2024-09-29T00:40:27.068113,2024-10-01T14:40:27.068113,"Bahl Nagar, Udupi"
8540,2025-04-12T21:40:27.068675,2025-04-15T14:40:27.068675,"Khurana Road, Belagavi"
8541,2026-03-30T19:40:27.069227,2026-03-31T14:40:27.069227,"Murthy Circle, Kodagu"
8542,2025-02-14T11:40:27.069820,2025-02-15T14:40:27.069820,"Garde Circle, Belagavi"
8543,2025-09-29T06:40:27.070133,2025-09-29T14:40:27.070133,"Lal Road, Haveri"
8544,2026-03-07T04:40:27.070711,2026-03-09T14:40:27.070711,"Sarraf Nagar, Belagavi"
8545,2024-09-18T13:40:27.071564,2024-09-19T14:40:27.071564,"Parmar Road, Chamarajanagara"
8546,2025-06-10T04:40:27.071948,2025-06-12T14:40:27.071948,"Bakshi Chowk, Belagavi"
8547,2026-05-25T19:40:27.072851,2026-05-28T14:40:27.072851,"Kamdar Nagar, Belagavi"
8548,2025-10-13T20:40:27.073856,2025-10-14T14:40:27.073856,"Zacharia Nagar, Bengaluru Urban"
8549,2025-12-01T10:40:27.074855,2025-12-01T14:40:27.074855,"Upadhyay Nagar, Raichur"
8550,2026-02-05T22:40:27.075377,2026-02-08T14:40:27.075377,"Sunder Chowk, Raichur"
8551,2025-08-21T06:40:27.076463,2025-08-22T14:40:27.076463,"Nadkarni Nagar, Mysuru"
8552,2025-09-27T01:40:27.077270,2025-09-29T14:40:27.077270,"Sekhon Zila, Belagavi"
8553,2025-05-24T21:40:27.077838,2025-05-25T14:40:27.077838,"Sinha, Belagavi"
8554,2026-05-28T08:40:27.078833,2026-05-28T14:40:27.078833,"Aggarwal Ganj, Vijayanagara"
8555,2025-03-20T09:40:27.079610,2025-03-22T14:40:27.079610,"Babu Marg, Belagavi"
8556,2024-07-21T16:40:27.080218,2024-07-24T14:40:27.080218,"Nagar Street, Haveri"
8557,2025-10-11T21:40:27.080844,2025-10-13T14:40:27.080844,"Wable Circle, Kalaburagi"
8558,2025-03-16T13:40:27.081165,2025-03-17T14:40:27.081165,"Deep Road, Hassan"
8559,2025-08-04T04:40:27.081752,2025-08-05T14:40:27.081752,"Mishra Path, Haveri"
8560,2024-11-30T13:40:27.082665,2024-12-01T14:40:27.082665,"Nanda Road, Mysuru"
8561,2024-11-27T02:40:27.082993,2024-11-28T14:40:27.082993,"Dugar Nagar, Bengaluru Urban"
8562,2024-07-27T23:40:27.083569,2024-07-29T14:40:27.083569,"Modi Nagar, Bengaluru Urban"
8563,2025-01-26T10:40:27.084949,2025-01-26T14:40:27.084949,"Reddy Chowk, Dharwad"
8564,2025-02-08T18:40:27.085982,2025-02-09T14:40:27.085982,"Thaman Road, Mysuru"
8565,2026-05-02T14:40:27.086808,2026-05-05T14:40:27.086808,"Venkataraman Ganj, Kodagu"
8566,2025-07-23T13:40:27.087612,2025-07-23T14:40:27.087612,"Pal Ganj, Mandya"
8567,2026-02-19T02:40:27.088712,2026-02-19T14:40:27.088712,"Palla Marg, Belagavi"
8568,2024-08-01T21:40:27.089021,2024-08-02T14:40:27.089021,"Din Ganj, Bengaluru Rural"
8569,2025-04-14T02:40:27.089891,2025-04-15T14:40:27.089891,"Krishnamurthy Chowk, Bagalkote"
8570,2026-01-12T14:40:27.090456,2026-01-13T14:40:27.090456,"Sahota Street, Tumakuru"
8571,2025-12-22T21:40:27.091054,2025-12-24T14:40:27.091054,"Mani Zila, Belagavi"
8572,2024-11-25T11:40:27.092313,2024-11-27T14:40:27.092313,"Doshi Nagar, Belagavi"
8573,2025-02-06T07:40:27.093310,2025-02-08T14:40:27.093310,"Tara Circle, Tumakuru"
8574,2026-04-23T20:40:27.093663,2026-04-26T14:40:27.093663,"Bala Marg, Belagavi"
8575,2025-11-06T11:40:27.094408,2025-11-06T14:40:27.094408,"Sengupta Street, Koppal"
8576,2026-02-12T01:40:27.094768,2026-02-14T14:40:27.094768,"Kunda Circle, Belagavi"
8577,2025-07-17T03:40:27.095307,2025-07-19T14:40:27.095307,"Chadha Zila, Ramanagara"
8578,2025-11-18T06:40:27.096425,2025-11-18T14:40:27.096425,"Barad Road, Mysuru"
8579,2025-11-20T07:40:27.097079,2025-11-22T14:40:27.097079,"Lanka Road, Davanagere"
8580,2026-03-16T14:40:27.097638,2026-03-19T14:40:27.097638,"Choudhury Nagar, Bagalkote"
8581,2024-09-28T08:40:27.098634,2024-09-28T14:40:27.098634,"Bose Road, Chamarajanagara"
8582,2025-09-04T23:40:27.099227,2025-09-06T14:40:27.099227,"Dyal Circle, Bagalkote"
8583,2024-09-09T18:40:27.099490,2024-09-10T14:40:27.099490,"Ratti Street, Belagavi"
8584,2025-01-16T15:40:27.099870,2025-01-18T14:40:27.099870,"Nath Road, Bengaluru Rural"
8585,2025-02-14T13:40:27.100900,2025-02-14T14:40:27.100900,"Ghosh Chowk, Belagavi"
8586,2025-08-23T07:40:27.101595,2025-08-23T14:40:27.101595,"Amble Circle, Vijayanagara"
8587,2024-12-27T13:40:27.102560,2024-12-27T14:40:27.102560,"Das, Raichur"
8588,2026-01-24T11:40:27.103103,2026-01-24T14:40:27.103103,"Rege Chowk, Belagavi"
8589,2024-12-12T23:40:27.104050,2024-12-14T14:40:27.104050,"Narula Street, Chamarajanagara"
8590,2025-06-25T20:40:27.104901,2025-06-27T14:40:27.104901,"Sawhney Zila, Belagavi"
8591,2026-05-14T17:40:27.105460,2026-05-17T14:40:27.105460,"Dey Street, Belagavi"
8592,2025-04-18T11:40:27.105843,2025-04-18T14:40:27.105843,"Tara Chowk, Bidar"
8593,2026-02-24T00:40:27.106656,2026-02-24T14:40:27.106656,"Pall, Gadag"
8594,2026-06-02T06:40:27.107694,2026-06-02T14:40:27.107694,"Dixit, Belagavi"
8595,2026-03-29T18:40:27.108045,2026-03-31T14:40:27.108045,"Manda, Bengaluru Urban"
8596,2026-05-05T11:40:27.108940,2026-05-06T14:40:27.108940,"Banerjee Road, Mandya"
8597,2026-06-11T06:40:27.109466,2026-06-12T14:40:27.109466,"Lata Street, Vijayanagara"
8598,2025-05-02T04:40:27.109823,2025-05-03T14:40:27.109823,"Chowdhury Nagar, Belagavi"
8599,2025-06-29T00:40:27.110337,2025-06-29T14:40:27.110337,"Ganesh, Belagavi"
8600,2026-01-15T23:40:27.111345,2026-01-16T14:40:27.111345,"Trivedi Nagar, Ballari"
8601,2025-03-02T07:40:27.111717,2025-03-03T14:40:27.111717,"Suri Circle, Vijayanagara"
8602,2026-06-19T11:40:27.112483,2026-06-19T14:40:27.112483,"Ramakrishnan Street, Chikkamagaluru"
8603,2026-02-06T19:40:27.113320,2026-02-07T14:40:27.113320,"Ghose Nagar, Gadag"
8604,2024-09-12T15:40:27.114284,2024-09-14T14:40:27.114284,"Thaman Path, Hassan"
8605,2026-01-15T22:40:27.115102,2026-01-17T14:40:27.115102,"Dhillon Marg, Belagavi"
8606,2025-10-09T05:40:27.115942,2025-10-10T14:40:27.115942,"Badal Nagar, Chamarajanagara"
8607,2024-08-12T10:40:27.116947,2024-08-14T14:40:27.116947,"Kalla Ganj, Bengaluru Rural"
8608,2026-02-01T10:40:27.117234,2026-02-02T14:40:27.117234,"Deep Marg, Udupi"
8609,2024-08-07T05:40:27.118089,2024-08-07T14:40:27.118089,"Sha Road, Kolar"
8610,2025-05-25T21:40:27.119247,2025-05-28T14:40:27.119247,"Naidu Nagar, Belagavi"
8611,2024-09-03T18:40:27.120164,2024-09-06T14:40:27.120164,"Kapadia Marg, Hassan"
8612,2025-12-25T22:40:27.120574,2025-12-26T14:40:27.120574,"Oommen Street, Koppal"
8613,2024-12-01T07:40:27.120912,2024-12-02T14:40:27.120912,"Bakshi Road, Kolar"
8614,2026-03-29T15:40:27.121733,2026-03-31T14:40:27.121733,"Dhaliwal, Ballari"
8615,2026-07-04T16:40:27.122576,2026-07-07T14:40:27.122576,"Saini Ganj, Mysuru"
8616,2025-06-06T19:40:27.123942,2025-06-08T14:40:27.123942,"Khare Marg, Bagalkote"
8617,2025-09-10T16:40:27.124500,2025-09-13T14:40:27.124500,"Talwar Circle, Ballari"
8618,2024-09-26T06:40:27.124855,2024-09-28T14:40:27.124855,"Chana Ganj, Davanagere"
8619,2024-07-29T18:40:27.125378,2024-08-01T14:40:27.125378,"Raman Path, Belagavi"
8620,2025-04-18T14:40:27.126171,2025-04-19T14:40:27.126171,"Lall Nagar, Belagavi"
8621,2025-04-20T20:40:27.127255,2025-04-21T14:40:27.127255,"Dave Ganj, Bidar"
8622,2026-01-15T20:40:27.128456,2026-01-16T14:40:27.128456,"Mandal Path, Koppal"
8623,2025-12-18T07:40:27.129056,2025-12-20T14:40:27.129056,"Desai, Mandya"
8624,2025-10-21T20:40:27.129355,2025-10-23T14:40:27.129355,"Pall, Belagavi"
8625,2026-05-14T04:40:27.130376,2026-05-16T14:40:27.130376,"Kapadia, Ramanagara"
8626,2026-01-30T21:40:27.130754,2026-02-02T14:40:27.130754,"Srinivasan, Belagavi"
8627,2025-07-29T02:40:27.131065,2025-07-31T14:40:27.131065,"Bawa Ganj, Mysuru"
8628,2025-03-30T06:40:27.132090,2025-03-31T14:40:27.132090,"Mall Ganj, Mysuru"
8629,2026-06-18T21:40:27.132942,2026-06-21T14:40:27.132942,"Palla Nagar, Koppal"
8630,2026-02-14T20:40:27.133744,2026-02-15T14:40:27.133744,"Patel, Kalaburagi"
8631,2025-11-27T08:40:27.134048,2025-11-27T14:40:27.134048,"Badami Path, Kodagu"
8632,2025-08-28T16:40:27.134597,2025-08-29T14:40:27.134597,"Sura Zila, Gadag"
8633,2025-09-24T13:40:27.135372,2025-09-25T14:40:27.135372,"Subramaniam, Belagavi"
8634,2026-01-02T10:40:27.135717,2026-01-04T14:40:27.135717,"Sagar Nagar, Kolar"
8635,2024-10-07T18:40:27.136094,2024-10-10T14:40:27.136094,"Kapur Zila, Belagavi"
8636,2025-07-11T13:40:27.137138,2025-07-13T14:40:27.137138,"Apte Road, Mysuru"
8637,2024-09-23T03:40:27.137421,2024-09-25T14:40:27.137421,"Om Zila, Dakshina Kannada"
8638,2026-07-05T02:40:27.138031,2026-07-07T14:40:27.138031,"Grewal Path, Hassan"
8639,2025-11-29T07:40:27.138599,2025-11-30T14:40:27.138599,"Narula Circle, Kolar"
8640,2025-09-05T07:40:27.139708,2025-09-05T14:40:27.139708,"Nath Chowk, Belagavi"
8641,2025-03-10T20:40:27.140083,2025-03-11T14:40:27.140083,"Sandhu Marg, Bengaluru Urban"
8642,2025-11-29T08:40:27.140769,2025-11-29T14:40:27.140769,"Naik Zila, Bengaluru Urban"
8643,2026-01-27T03:40:27.141481,2026-01-28T14:40:27.141481,"Prabhu Zila, Raichur"
8644,2025-03-02T06:40:27.141861,2025-03-04T14:40:27.141861,"Prabhu Circle, Ballari"
8645,2024-08-22T17:40:27.143028,2024-08-23T14:40:27.143028,"Sampath Ganj, Bengaluru Urban"
8646,2024-11-25T07:40:27.143332,2024-11-27T14:40:27.143332,"Sanghvi Nagar, Bidar"
8647,2026-05-22T12:40:27.143696,2026-05-24T14:40:27.143696,"Basak Chowk, Belagavi"
8648,2025-04-06T05:40:27.144519,2025-04-06T14:40:27.144519,"Mani Road, Raichur"
8649,2026-02-15T14:40:27.145433,2026-02-18T14:40:27.145433,"Luthra Nagar, Belagavi"
8650,2025-10-10T18:40:27.145807,2025-10-12T14:40:27.145807,"Prasad Circle, Bidar"
8651,2025-03-10T05:40:27.146900,2025-03-10T14:40:27.146900,"Dara Road, Belagavi"
8652,2025-07-03T19:40:27.147976,2025-07-06T14:40:27.147976,"Kulkarni Ganj, Belagavi"
8653,2025-01-29T04:40:27.148818,2025-01-30T14:40:27.148818,"Bobal, Mysuru"
8654,2025-06-04T19:40:27.149650,2025-06-05T14:40:27.149650,"Dada Street, Belagavi"
8655,2026-03-14T03:40:27.150396,2026-03-16T14:40:27.150396,"Barad Circle, Mysuru"
8656,2025-01-06T20:40:27.150740,2025-01-08T14:40:27.150740,"Chopra Marg, Mysuru"
8657,2025-04-24T07:40:27.151888,2025-04-25T14:40:27.151888,"Ganesan Street, Kalaburagi"
8658,2026-03-25T10:40:27.152436,2026-03-26T14:40:27.152436,"Prakash Marg, Belagavi"
8659,2026-03-07T19:40:27.152787,2026-03-09T14:40:27.152787,"Dugal Nagar, Belagavi"
8660,2026-01-16T04:40:27.153334,2026-01-17T14:40:27.153334,"Dass Chowk, Haveri"
8661,2026-05-05T12:40:27.153693,2026-05-07T14:40:27.153693,"Ghosh Road, Mysuru"
8662,2024-12-03T17:40:27.154716,2024-12-04T14:40:27.154716,"Ganesh, Shivamogga"
8663,2026-02-01T16:40:27.155674,2026-02-03T14:40:27.155674,"Verma Nagar, Belagavi"
8664,2026-03-11T02:40:27.156757,2026-03-13T14:40:27.156757,"Vala Chowk, Belagavi"
8665,2026-04-19T11:40:27.156905,2026-04-19T14:40:27.156905,"Cherian Marg, Belagavi"
8666,2025-05-15T19:40:27.157757,2025-05-17T14:40:27.157757,"Savant Circle, Dakshina Kannada"
8667,2025-04-07T09:40:27.158110,2025-04-07T14:40:27.158110,"D’Alia Marg, Yadgir"
8668,2025-05-13T14:40:27.158963,2025-05-14T14:40:27.158963,"Chhabra Chowk, Bengaluru Urban"
8669,2025-10-29T09:40:27.159483,2025-10-30T14:40:27.159483,"Mohan Circle, Kolar"
8670,2024-10-27T15:40:27.160588,2024-10-28T14:40:27.160588,"Sangha Marg, Bengaluru Urban"
8671,2024-11-21T04:40:27.161168,2024-11-23T14:40:27.161168,"Rege, Belagavi"
8672,2024-11-23T10:40:27.161956,2024-11-23T14:40:27.161956,"Agate Marg, Gadag"
8673,2024-08-06T18:40:27.162957,2024-08-07T14:40:27.162957,"Kanda Circle, Belagavi"
8674,2025-10-21T13:40:27.163910,2025-10-22T14:40:27.163910,"Sachdev Circle, Shivamogga"
8675,2024-11-10T07:40:27.164939,2024-11-12T14:40:27.164939,"Konda, Bidar"
8676,2025-08-12T19:40:27.165831,2025-08-14T14:40:27.165831,"Chana Marg, Belagavi"
8677,2026-05-29T15:40:27.166803,2026-05-31T14:40:27.166803,"Behl Chowk, Belagavi"
8678,2025-12-14T00:40:27.167110,2025-12-14T14:40:27.167110,"Bhavsar Zila, Chikkaballapura"
8679,2026-07-05T19:40:27.167417,2026-07-08T14:40:27.167417,"Krish Ganj, Kolar"
8680,2025-03-13T03:40:27.167780,2025-03-13T14:40:27.167780,"Dhar Ganj, Belagavi"
8681,2026-05-25T00:40:27.168696,2026-05-26T14:40:27.168696,"Sinha Chowk, Belagavi"
8682,2026-01-12T05:40:27.168996,2026-01-13T14:40:27.168996,"Hayre Road, Shivamogga"
8683,2026-05-23T15:40:27.169640,2026-05-26T14:40:27.169640,"Kibe Street, Chikkaballapura"
8684,2026-06-21T20:40:27.169968,2026-06-23T14:40:27.169968,"Chandra Street, Chikkamagaluru"
8685,2026-06-26T09:40:27.170138,2026-06-26T14:40:27.170138,"Mand Street, Chikkamagaluru"
8686,2025-01-26T15:40:27.170904,2025-01-27T14:40:27.170904,"Thaman Ganj, Shivamogga"
8687,2026-02-17T11:40:27.171706,2026-02-19T14:40:27.171706,"Vasa Nagar, Belagavi"
8688,2025-01-15T00:40:27.172751,2025-01-17T14:40:27.172751,"Chokshi Ganj, Ballari"
8689,2026-06-07T04:40:27.173075,2026-06-08T14:40:27.173075,"Sarma Ganj, Belagavi"
8690,2025-12-29T06:40:27.174105,2025-12-31T14:40:27.174105,"Swaminathan Street, Belagavi"
8691,2026-04-03T20:40:27.174902,2026-04-04T14:40:27.174902,"Buch Nagar, Belagavi"
8692,2025-09-30T09:40:27.175766,2025-09-30T14:40:27.175766,"Sathe Road, Hassan"
8693,2024-10-31T21:40:27.176135,2024-11-03T14:40:27.176135,"Minhas, Bengaluru Urban"
8694,2024-12-07T02:40:27.176940,2024-12-07T14:40:27.176940,"Tripathi Ganj, Dharwad"
8695,2025-04-12T22:40:27.177437,2025-04-15T14:40:27.177437,"Samra Zila, Chikkamagaluru"
8696,2025-11-10T14:40:27.177815,2025-11-11T14:40:27.177815,"Rao Road, Belagavi"
8697,2026-01-02T19:40:27.178917,2026-01-05T14:40:27.178917,"Salvi Chowk, Raichur"
8698,2024-11-17T05:40:27.179299,2024-11-18T14:40:27.179299,"Tak Path, Haveri"
8699,2024-08-03T22:40:27.180392,2024-08-05T14:40:27.180392,"Chakrabarti Ganj, Dakshina Kannada"
8700,2025-07-30T09:40:27.181032,2025-07-30T14:40:27.181032,"Nigam Circle, Mysuru"
8701,2025-08-31T00:40:27.181404,2025-08-31T14:40:27.181404,"Konda Zila, Raichur"
8702,2025-03-12T10:40:27.182344,2025-03-13T14:40:27.182344,"Kothari Marg, Belagavi"
8703,2024-07-26T16:40:27.182709,2024-07-29T14:40:27.182709,"Bhatia, Kalaburagi"
8704,2026-03-05T20:40:27.183720,2026-03-07T14:40:27.183720,"Goda Ganj, Shivamogga"
8705,2025-11-23T11:40:27.184845,2025-11-24T14:40:27.184845,"Varma Path, Bengaluru Urban"
8706,2025-05-12T18:40:27.185618,2025-05-15T14:40:27.185618,"Natt Marg, Bidar"
8707,2025-05-09T00:40:27.185945,2025-05-09T14:40:27.185945,"Srinivasan Marg, Kalaburagi"
8708,2025-07-15T00:40:27.186247,2025-07-16T14:40:27.186247,"Chaudhari Ganj, Yadgir"
8709,2026-03-13T03:40:27.186816,2026-03-15T14:40:27.186816,"Balakrishnan Zila, Chitradurga"
8710,2024-08-31T06:40:27.187606,2024-09-02T14:40:27.187606,"Dash Street, Mysuru"
8711,2025-01-15T21:40:27.188592,2025-01-17T14:40:27.188592,"Gade Path, Belagavi"
8712,2026-04-27T22:40:27.189348,2026-04-30T14:40:27.189348,"Dara Road, Davanagere"
8713,2024-12-14T21:40:27.189932,2024-12-15T14:40:27.189932,"Balakrishnan, Mysuru"
8714,2024-08-27T05:40:27.190241,2024-08-27T14:40:27.190241,"Master Path, Chikkaballapura"
8715,2026-01-19T02:40:27.190803,2026-01-19T14:40:27.190803,"Sant Street, Yadgir"
8716,2026-04-26T11:40:27.192205,2026-04-28T14:40:27.192205,"Kala Street, Belagavi"
8717,2025-11-03T06:40:27.192520,2025-11-05T14:40:27.192520,"Sundaram Road, Yadgir"
8718,2025-04-05T16:40:27.193097,2025-04-06T14:40:27.193097,"Patel Nagar, Raichur"
8719,2025-09-03T12:40:27.193715,2025-09-03T14:40:27.193715,"Borah Road, Vijayapura"
8720,2025-09-28T01:40:27.194368,2025-09-29T14:40:27.194368,"Kari Zila, Udupi"
8721,2024-12-22T13:40:27.195561,2024-12-24T14:40:27.195561,"Bhagat Street, Belagavi"
8722,2024-08-22T13:40:27.195943,2024-08-22T14:40:27.195943,"Tailor Nagar, Belagavi"
8723,2026-06-17T07:40:27.196277,2026-06-19T14:40:27.196277,"Walla Marg, Belagavi"
8724,2026-05-26T19:40:27.196850,2026-05-28T14:40:27.196850,"Dewan Circle, Belagavi"
8725,2026-02-19T21:40:27.197886,2026-02-21T14:40:27.197886,"Ganguly, Bagalkote"
8726,2024-11-11T12:40:27.198217,2024-11-13T14:40:27.198217,"Dalal Marg, Bengaluru Urban"
8727,2026-07-09T16:40:27.198892,2026-07-10T14:40:27.198892,"Balasubramanian Circle, Ballari"
8728,2025-11-12T08:40:27.199959,2025-11-12T14:40:27.199959,"Upadhyay Zila, Haveri"
8729,2026-06-29T11:40:27.201102,2026-06-30T14:40:27.201102,"Hora Nagar, Ballari"
8730,2026-04-10T17:40:27.201920,2026-04-13T14:40:27.201920,"Gandhi Path, Bengaluru Urban"
8731,2026-06-29T14:40:27.202247,2026-07-02T14:40:27.202247,"Vora Street, Belagavi"
8732,2026-04-24T17:40:27.203132,2026-04-27T14:40:27.203132,"Mane Chowk, Mysuru"
8733,2026-01-16T18:40:27.203710,2026-01-19T14:40:27.203710,"Parikh Chowk, Chikkaballapura"
8734,2025-04-08T10:40:27.204341,2025-04-10T14:40:27.204341,"Randhawa Nagar, Chamarajanagara"
8735,2025-11-12T08:40:27.204986,2025-11-12T14:40:27.204986,"Bhavsar Path, Chitradurga"
8736,2026-03-05T01:40:27.206057,2026-03-05T14:40:27.206057,"Raghavan Street, Haveri"
8737,2026-05-26T15:40:27.206749,2026-05-27T14:40:27.206749,"Bhagat Path, Belagavi"
8738,2026-04-03T11:40:27.207485,2026-04-05T14:40:27.207485,"Rajagopalan, Belagavi"
8739,2024-07-29T13:40:27.207938,2024-07-31T14:40:27.207938,"Kant Street, Bagalkote"
8740,2025-04-06T11:40:27.208573,2025-04-08T14:40:27.208573,"Patel Street, Belagavi"
8741,2024-08-18T03:40:27.209323,2024-08-20T14:40:27.209323,"Dhar Marg, Belagavi"
8742,2025-11-03T07:40:27.210108,2025-11-05T14:40:27.210108,"Maharaj Nagar, Bidar"
8743,2025-08-29T15:40:27.210999,2025-08-30T14:40:27.210999,"Sama Road, Bagalkote"
8744,2025-02-05T00:40:27.211755,2025-02-07T14:40:27.211755,"Oommen Nagar, Yadgir"
8745,2025-08-10T07:40:27.212396,2025-08-10T14:40:27.212396,"Srinivas Zila, Vijayanagara"
8746,2025-07-06T14:40:27.213015,2025-07-07T14:40:27.213015,"Palla Zila, Dakshina Kannada"
8747,2026-05-11T21:40:27.213843,2026-05-12T14:40:27.213843,"Edwin Nagar, Bagalkote"
8748,2024-09-21T02:40:27.214150,2024-09-22T14:40:27.214150,"Koshy Chowk, Udupi"
8749,2025-05-15T21:40:27.214731,2025-05-16T14:40:27.214731,"Madan Path, Vijayapura"
8750,2025-10-06T08:40:27.215485,2025-10-06T14:40:27.215485,"Ram Chowk, Chikkamagaluru"
8751,2025-03-01T22:40:27.215930,2025-03-03T14:40:27.215930,"Bhakta Marg, Ballari"
8752,2026-03-20T20:40:27.216973,2026-03-23T14:40:27.216973,"Guha Chowk, Belagavi"
8753,2026-01-03T20:40:27.217999,2026-01-04T14:40:27.217999,"Kapoor Chowk, Kolar"
8754,2025-02-12T01:40:27.218791,2025-02-12T14:40:27.218791,"Bhatti Marg, Mandya"
8755,2024-07-09T09:40:27.219105,2024-07-11T14:40:27.219105,"Shan Path, Mysuru"
8756,2025-12-04T12:40:27.219955,2025-12-04T14:40:27.219955,"Sodhi Circle, Belagavi"
8757,2025-04-09T01:40:27.220268,2025-04-11T14:40:27.220268,"Keer Ganj, Ramanagara"
8758,2026-06-17T19:40:27.221300,2026-06-18T14:40:27.221300,"Majumdar Circle, Kalaburagi"
8759,2025-07-22T08:40:27.221892,2025-07-22T14:40:27.221892,"Prakash Road, Ramanagara"
8760,2026-06-11T20:40:27.222864,2026-06-14T14:40:27.222864,"Sagar Chowk, Raichur"
8761,2025-01-27T01:40:27.223175,2025-01-29T14:40:27.223175,"Raj Path, Hassan"
8762,2026-05-15T23:40:27.224278,2026-05-16T14:40:27.224278,"Thaman Circle, Udupi"
8763,2025-06-09T04:40:27.225318,2025-06-11T14:40:27.225318,"Varghese Marg, Bengaluru Urban"
8764,2024-11-27T13:40:27.226145,2024-11-29T14:40:27.226145,"Joshi Marg, Mysuru"
8765,2026-03-29T00:40:27.226763,2026-03-31T14:40:27.226763,"Nazareth Circle, Chikkaballapura"
8766,2025-03-05T14:40:27.227508,2025-03-06T14:40:27.227508,"Magar Zila, Mysuru"
8767,2024-08-11T18:40:27.227932,2024-08-13T14:40:27.227932,"Balasubramanian Marg, Belagavi"
8768,2026-03-29T11:40:27.229139,2026-03-31T14:40:27.229139,"Ganguly Zila, Belagavi"
8769,2025-01-19T08:40:27.229466,2025-01-20T14:40:27.229466,"Bhargava Chowk, Kodagu"
8770,2025-01-24T19:40:27.230484,2025-01-27T14:40:27.230484,"Dhaliwal, Ramanagara"
8771,2026-03-03T01:40:27.230840,2026-03-04T14:40:27.230840,"Zacharia, Ballari"
8772,2024-12-08T17:40:27.231896,2024-12-09T14:40:27.231896,"Baria Ganj, Mandya"
8773,2026-05-16T07:40:27.233002,2026-05-17T14:40:27.233002,"Rajan Path, Davanagere"
8774,2026-05-08T18:40:27.234052,2026-05-09T14:40:27.234052,"Chada Road, Bengaluru Urban"
8775,2025-01-01T22:40:27.235175,2025-01-04T14:40:27.235175,"Sankar Ganj, Koppal"
8776,2025-02-15T01:40:27.236294,2025-02-16T14:40:27.236294,"Walia Zila, Belagavi"
8777,2026-04-28T11:40:27.236675,2026-04-28T14:40:27.236675,"Arya Road, Belagavi"
8778,2025-08-30T13:40:27.237224,2025-08-31T14:40:27.237224,"Mohanty Marg, Belagavi"
8779,2026-01-13T11:40:27.238100,2026-01-15T14:40:27.238100,"Kakar Road, Bengaluru Rural"
8780,2024-12-14T13:40:27.238392,2024-12-16T14:40:27.238392,"Dhaliwal Zila, Vijayapura"
8781,2025-01-09T14:40:27.239015,2025-01-11T14:40:27.239015,"Boase, Ballari"
8782,2025-03-15T08:40:27.239592,2025-03-15T14:40:27.239592,"Ahluwalia Street, Mysuru"
8783,2025-12-04T10:40:27.239974,2025-12-04T14:40:27.239974,"Garde Path, Kodagu"
8784,2025-01-06T22:40:27.240199,2025-01-09T14:40:27.240199,"Lanka, Kodagu"
8785,2025-07-02T01:40:27.240627,2025-07-03T14:40:27.240627,"Sachar Path, Belagavi"
8786,2026-06-24T11:40:27.241293,2026-06-26T14:40:27.241293,"Bhakta Zila, Belagavi"
8787,2024-08-26T14:40:27.242121,2024-08-27T14:40:27.242121,"Krishna Marg, Chamarajanagara"
8788,2025-10-01T19:40:27.243215,2025-10-03T14:40:27.243215,"Suresh Road, Belagavi"
8789,2024-12-29T13:40:27.243818,2024-12-31T14:40:27.243818,"Yadav Street, Belagavi"
8790,2026-04-22T22:40:27.244656,2026-04-25T14:40:27.244656,"Bhardwaj Marg, Dharwad"
8791,2024-11-01T17:40:27.245461,2024-11-02T14:40:27.245461,"Gokhale Street, Raichur"
8792,2025-01-15T21:40:27.246625,2025-01-16T14:40:27.246625,"Gulati Circle, Belagavi"
8793,2026-07-08T13:40:27.247433,2026-07-10T14:40:27.247433,"Bir Zila, Shivamogga"
8794,2026-06-23T16:40:27.250660,2026-06-24T14:40:27.250660,"Mander Nagar, Yadgir"
8795,2025-01-28T09:40:27.251042,2025-01-28T14:40:27.251042,"Naik Circle, Chikkaballapura"
8796,2024-09-12T06:40:27.251629,2024-09-12T14:40:27.251629,"Thaman Zila, Hassan"
8797,2026-03-21T17:40:27.252569,2026-03-24T14:40:27.252569,"Dara Ganj, Hassan"
8798,2026-02-12T04:40:27.253350,2026-02-12T14:40:27.253350,"Chakrabarti Circle, Mysuru"
8799,2024-07-29T15:40:27.253678,2024-07-31T14:40:27.253678,"Sibal Ganj, Bengaluru Urban"
8800,2025-05-06T06:40:27.254711,2025-05-07T14:40:27.254711,"Kalla Street, Belagavi"
8801,2025-03-03T07:40:27.255294,2025-03-05T14:40:27.255294,"Vala, Belagavi"
8802,2026-01-14T00:40:27.256442,2026-01-16T14:40:27.256442,"Narasimhan Nagar, Belagavi"
8803,2025-11-04T15:40:27.257027,2025-11-07T14:40:27.257027,"Panchal, Bidar"
8804,2025-12-22T16:40:27.258074,2025-12-23T14:40:27.258074,"Krishna Ganj, Belagavi"
8805,2026-01-23T04:40:27.258396,2026-01-23T14:40:27.258396,"Parmer Nagar, Belagavi"
8806,2026-06-21T11:40:27.259346,2026-06-22T14:40:27.259346,"Pal Marg, Koppal"
8807,2025-10-23T12:40:27.260485,2025-10-25T14:40:27.260485,"Garg Circle, Belagavi"
8808,2026-01-11T08:40:27.261082,2026-01-13T14:40:27.261082,"Sridhar Ganj, Belagavi"
8809,2026-03-06T23:40:27.261885,2026-03-09T14:40:27.261885,"Balasubramanian Path, Bengaluru Rural"
8810,2026-02-16T23:40:27.262854,2026-02-19T14:40:27.262854,"Kari Ganj, Belagavi"
8811,2026-06-28T18:40:27.263164,2026-06-29T14:40:27.263164,"Singh Road, Belagavi"
8812,2024-12-22T05:40:27.263729,2024-12-24T14:40:27.263729,"Parmer Circle, Bengaluru Urban"
8813,2025-12-01T02:40:27.264859,2025-12-03T14:40:27.264859,"Kapur Street, Belagavi"
8814,2025-10-13T18:40:27.266004,2025-10-14T14:40:27.266004,"Borra, Ballari"
8815,2026-05-10T14:40:27.266585,2026-05-13T14:40:27.266585,"Kade, Belagavi"
8816,2026-06-12T03:40:27.267369,2026-06-14T14:40:27.267369,"Ahuja Marg, Ballari"
8817,2025-07-09T17:40:27.268004,2025-07-12T14:40:27.268004,"Mistry Road, Kodagu"
8818,2025-09-04T20:40:27.268333,2025-09-06T14:40:27.268333,"Bains, Belagavi"
8819,2026-05-15T20:40:27.268956,2026-05-18T14:40:27.268956,"Ganguly Chowk, Bagalkote"
8820,2024-10-07T20:40:27.269485,2024-10-09T14:40:27.269485,"Sharma Nagar, Mysuru"
8821,2026-05-18T18:40:27.270077,2026-05-19T14:40:27.270077,"Rajagopal Path, Belagavi"
8822,2026-07-05T06:40:27.270881,2026-07-06T14:40:27.270881,"Edwin Marg, Vijayapura"
8823,2025-02-22T11:40:27.271285,2025-02-24T14:40:27.271285,"Swaminathan, Ballari"
8824,2025-01-21T06:40:27.271661,2025-01-22T14:40:27.271661,"Soman Chowk, Haveri"
8825,2025-01-11T08:40:27.272033,2025-01-11T14:40:27.272033,"Parekh Ganj, Chikkaballapura"
8826,2025-07-30T19:40:27.273089,2025-07-31T14:40:27.273089,"Comar Circle, Belagavi"
8827,2026-04-09T07:40:27.273416,2026-04-11T14:40:27.273416,"Kala, Belagavi"
8828,2026-06-14T10:40:27.274097,2026-06-16T14:40:27.274097,"Tak Chowk, Belagavi"
8829,2026-07-08T21:40:27.274397,2026-07-11T14:40:27.274397,"Mand Zila, Mysuru"
8830,2025-01-25T06:40:27.275027,2025-01-27T14:40:27.275027,"Johal Ganj, Bengaluru Rural"
8831,2025-10-16T10:40:27.275722,2025-10-16T14:40:27.275722,"Balan Nagar, Belagavi"
8832,2025-01-23T11:40:27.276101,2025-01-25T14:40:27.276101,"Bala Zila, Mysuru"
8833,2026-03-09T03:40:27.276834,2026-03-11T14:40:27.276834,"Kant Ganj, Davanagere"
8834,2025-08-08T10:40:27.277141,2025-08-10T14:40:27.277141,"Lal Circle, Kalaburagi"
8835,2025-10-05T19:40:27.278059,2025-10-07T14:40:27.278059,"Lala Path, Udupi"
8836,2025-02-17T04:40:27.278759,2025-02-19T14:40:27.278759,"Buch Nagar, Chamarajanagara"
8837,2026-05-30T08:40:27.279376,2026-06-01T14:40:27.279376,"Koshy Ganj, Ballari"
8838,2026-05-25T18:40:27.281126,2026-05-26T14:40:27.281126,"Rout Ganj, Belagavi"
8839,2024-12-11T16:40:27.281968,2024-12-13T14:40:27.281968,"Subramanian Road, Belagavi"
8840,2025-03-30T12:40:27.282781,2025-03-30T14:40:27.282781,"Rajagopalan Circle, Chikkamagaluru"
8841,2026-03-17T17:40:27.283326,2026-03-19T14:40:27.283326,"Misra Road, Belagavi"
8842,2026-07-08T10:40:27.283952,2026-07-08T14:40:27.283952,"Sehgal Zila, Bengaluru Rural"
8843,2024-12-25T14:40:27.284497,2024-12-26T14:40:27.284497,"Saxena Path, Belagavi"
8844,2026-05-07T11:40:27.284865,2026-05-09T14:40:27.284865,"Thaker Street, Gadag"
8845,2026-03-17T16:40:27.285081,2026-03-18T14:40:27.285081,"Kamdar Circle, Ballari"
8846,2025-09-19T09:40:27.285922,2025-09-21T14:40:27.285922,"Biswas Marg, Dakshina Kannada"
8847,2025-05-15T16:40:27.286213,2025-05-17T14:40:27.286213,"Jhaveri Zila, Kalaburagi"
8848,2025-08-23T09:40:27.286812,2025-08-23T14:40:27.286812,"Dixit Road, Gadag"
8849,2024-08-12T23:40:27.287358,2024-08-15T14:40:27.287358,"Purohit Zila, Bidar"
8850,2024-08-15T21:40:27.288038,2024-08-16T14:40:27.288038,"Vyas Circle, Bagalkote"
8851,2025-11-17T22:40:27.288366,2025-11-19T14:40:27.288366,"Mann, Bengaluru Rural"
8852,2026-07-07T04:40:27.289183,2026-07-08T14:40:27.289183,"Deshpande Circle, Vijayanagara"
8853,2024-09-26T01:40:27.290379,2024-09-26T14:40:27.290379,"Anne Chowk, Belagavi"
8854,2025-11-26T13:40:27.290769,2025-11-26T14:40:27.290769,"Memon Street, Mysuru"
8855,2024-07-13T16:40:27.292251,2024-07-16T14:40:27.292251,"Walia Marg, Chitradurga"
8856,2025-04-21T08:40:27.293059,2025-04-21T14:40:27.293059,"Konda Nagar, Kolar"
8857,2025-11-09T06:40:27.293744,2025-11-11T14:40:27.293744,"Dalal Nagar, Kolar"
8858,2026-05-27T13:40:27.294334,2026-05-29T14:40:27.294334,"Rajan, Belagavi"
8859,2026-06-12T06:40:27.295137,2026-06-14T14:40:27.295137,"Iyer Ganj, Belagavi"
8860,2025-02-22T07:40:27.296335,2025-02-22T14:40:27.296335,"Ahluwalia Road, Bagalkote"
8861,2026-06-01T22:40:27.297387,2026-06-04T14:40:27.297387,"Dutta Road, Bengaluru Urban"
8862,2024-10-28T07:40:27.297749,2024-10-29T14:40:27.297749,"Dhawan, Bengaluru Urban"
8863,2025-01-28T16:40:27.298520,2025-01-29T14:40:27.298520,"Johal Street, Vijayapura"
8864,2026-05-10T09:40:27.299637,2026-05-12T14:40:27.299637,"Jaggi, Bengaluru Urban"
8865,2025-01-20T23:40:27.300770,2025-01-23T14:40:27.300770,"Sem Path, Mysuru"
8866,2025-01-02T06:40:27.301885,2025-01-02T14:40:27.301885,"Rau, Kalaburagi"
8867,2025-01-16T02:40:27.302221,2025-01-17T14:40:27.302221,"Dara Circle, Chikkaballapura"
8868,2025-06-14T13:40:27.302803,2025-06-15T14:40:27.302803,"Srinivasan Nagar, Belagavi"
8869,2025-11-14T06:40:27.303132,2025-11-15T14:40:27.303132,"Tata Road, Belagavi"
8870,2026-06-16T03:40:27.303709,2026-06-17T14:40:27.303709,"Dyal Nagar, Belagavi"
8871,2025-12-02T22:40:27.304351,2025-12-04T14:40:27.304351,"Mani Street, Belagavi"
8872,2024-07-22T05:40:27.304976,2024-07-24T14:40:27.304976,"Ben Circle, Bengaluru Rural"
8873,2026-05-01T18:40:27.305778,2026-05-03T14:40:27.305778,"Singh Chowk, Belagavi"
8874,2025-02-21T01:40:27.306798,2025-02-21T14:40:27.306798,"Keer Path, Belagavi"
8875,2025-11-29T02:40:27.307323,2025-11-29T14:40:27.307323,"Kulkarni Street, Chamarajanagara"
8876,2026-03-07T19:40:27.308458,2026-03-08T14:40:27.308458,"Sachar Zila, Chikkaballapura"
8877,2026-02-24T10:40:27.309047,2026-02-26T14:40:27.309047,"Sem Chowk, Chikkaballapura"
8878,2026-04-19T20:40:27.309916,2026-04-21T14:40:27.309916,"Barad Zila, Bengaluru Rural"
8879,2025-11-12T20:40:27.310745,2025-11-13T14:40:27.310745,"Bhardwaj Nagar, Udupi"
8880,2024-09-16T17:40:27.311286,2024-09-18T14:40:27.311286,"Rattan Nagar, Ballari"
8881,2024-07-20T08:40:27.312171,2024-07-22T14:40:27.312171,"Chahal, Belagavi"
8882,2025-08-15T01:40:27.312661,2025-08-17T14:40:27.312661,"Chad Circle, Koppal"
8883,2025-09-08T19:40:27.313612,2025-09-11T14:40:27.313612,"Mander Ganj, Hassan"
8884,2025-09-22T23:40:27.313937,2025-09-23T14:40:27.313937,"Shere Zila, Mysuru"
8885,2025-05-22T05:40:27.314637,2025-05-22T14:40:27.314637,"Sidhu Nagar, Kodagu"
8886,2025-09-04T06:40:27.315217,2025-09-06T14:40:27.315217,"Sundaram Street, Mysuru"
8887,2025-12-19T06:40:27.316154,2025-12-21T14:40:27.316154,"Pillai Chowk, Yadgir"
8888,2025-04-14T05:40:27.316496,2025-04-16T14:40:27.316496,"Nagarajan Marg, Chitradurga"
8889,2026-04-26T00:40:27.317123,2026-04-27T14:40:27.317123,"Vohra Road, Belagavi"
8890,2025-09-30T09:40:27.317425,2025-09-30T14:40:27.317425,"Suresh Street, Mysuru"
8891,2026-04-01T17:40:27.318011,2026-04-02T14:40:27.318011,"Chanda Road, Belagavi"
8892,2025-12-01T07:40:27.318793,2025-12-03T14:40:27.318793,"Datta Path, Belagavi"
8893,2025-05-29T17:40:27.320083,2025-05-31T14:40:27.320083,"Behl Nagar, Yadgir"
8894,2025-06-22T03:40:27.320397,2025-06-24T14:40:27.320397,"Dixit Circle, Davanagere"
8895,2026-06-17T13:40:27.321222,2026-06-18T14:40:27.321222,"Taneja Zila, Ballari"
8896,2024-11-11T23:40:27.322226,2024-11-14T14:40:27.322226,"Gala Path, Davanagere"
8897,2026-05-13T12:40:27.322596,2026-05-15T14:40:27.322596,"Agarwal Chowk, Belagavi"
8898,2025-03-12T20:40:27.323354,2025-03-15T14:40:27.323354,"Khurana Chowk, Koppal"
8899,2025-12-15T09:40:27.323948,2025-12-16T14:40:27.323948,"Ratti Zila, Belagavi"
8900,2026-04-07T13:40:27.324278,2026-04-07T14:40:27.324278,"Bahl Path, Belagavi"
8901,2025-10-03T14:40:27.324638,2025-10-06T14:40:27.324638,"Kumar Marg, Mysuru"
8902,2026-02-12T05:40:27.324976,2026-02-12T14:40:27.324976,"Sankaran Nagar, Gadag"
8903,2025-05-21T10:40:27.325670,2025-05-23T14:40:27.325670,"Palla Zila, Belagavi"
8904,2024-10-22T18:40:27.326693,2024-10-24T14:40:27.326693,"Ganesh Circle, Bengaluru Urban"
8905,2026-03-25T16:40:27.327709,2026-03-28T14:40:27.327709,"Bhatt Ganj, Bengaluru Urban"
8906,2025-12-25T13:40:27.328295,2025-12-25T14:40:27.328295,"Ram Street, Belagavi"
8907,2026-06-19T23:40:27.328659,2026-06-21T14:40:27.328659,"Choudhry Zila, Bagalkote"
8908,2025-11-29T14:40:27.329014,2025-12-01T14:40:27.329014,"Banik Street, Belagavi"
8909,2024-12-20T09:40:27.329316,2024-12-21T14:40:27.329316,"Mishra Marg, Haveri"
8910,2025-09-28T10:40:27.329975,2025-09-28T14:40:27.329975,"Gulati Street, Bengaluru Urban"
8911,2026-07-07T23:40:27.330293,2026-07-10T14:40:27.330293,"Chowdhury Zila, Belagavi"
8912,2025-05-19T06:40:27.330897,2025-05-21T14:40:27.330897,"Ghose Circle, Bengaluru Rural"
8913,2025-01-22T18:40:27.331811,2025-01-23T14:40:27.331811,"Sani Zila, Belagavi"
8914,2025-10-27T19:40:27.332658,2025-10-30T14:40:27.332658,"Dixit Marg, Belagavi"
8915,2024-11-16T20:40:27.333213,2024-11-18T14:40:27.333213,"Wagle Path, Kolar"
8916,2025-01-31T06:40:27.334215,2025-02-02T14:40:27.334215,"Bhardwaj Zila, Shivamogga"
8917,2024-12-20T12:40:27.334695,2024-12-20T14:40:27.334695,"Kata Zila, Mysuru"
8918,2025-03-08T01:40:27.335417,2025-03-10T14:40:27.335417,"Lala Ganj, Belagavi"
8919,2024-12-23T14:40:27.335818,2024-12-26T14:40:27.335818,"Narasimhan Street, Haveri"
8920,2025-04-04T16:40:27.336008,2025-04-07T14:40:27.336008,"Agate Street, Bengaluru Urban"
8921,2025-05-11T22:40:27.336849,2025-05-14T14:40:27.336849,"Johal Road, Bengaluru Urban"
8922,2025-08-27T03:40:27.337173,2025-08-28T14:40:27.337173,"Vasa Path, Chikkamagaluru"
8923,2026-05-26T09:40:27.337485,2026-05-28T14:40:27.337485,"Chopra Road, Udupi"
8924,2025-07-14T07:40:27.338364,2025-07-16T14:40:27.338364,"Minhas Path, Mysuru"
8925,2026-02-04T15:40:27.338723,2026-02-05T14:40:27.338723,"Narayanan Chowk, Belagavi"
8926,2024-07-18T23:40:27.339044,2024-07-21T14:40:27.339044,"Rege Circle, Bagalkote"
8927,2026-06-02T00:40:27.339647,2026-06-02T14:40:27.339647,"Tailor Circle, Belagavi"
8928,2024-08-12T03:40:27.340387,2024-08-12T14:40:27.340387,"Shenoy Chowk, Koppal"
8929,2025-11-22T17:40:27.341023,2025-11-23T14:40:27.341023,"Parmer Road, Belagavi"
8930,2026-05-07T12:40:27.341372,2026-05-08T14:40:27.341372,"Char Marg, Bengaluru Urban"
8931,2026-06-23T21:40:27.342163,2026-06-25T14:40:27.342163,"Sachdeva, Kolar"
8932,2025-03-26T05:40:27.342972,2025-03-26T14:40:27.342972,"Taneja Ganj, Mandya"
8933,2024-09-21T02:40:27.343295,2024-09-21T14:40:27.343295,"Garde Road, Udupi"
8934,2024-11-10T18:40:27.343991,2024-11-13T14:40:27.343991,"Ghosh Chowk, Belagavi"
8935,2025-04-21T04:40:27.344865,2025-04-22T14:40:27.344865,"Srivastava Nagar, Belagavi"
8936,2024-09-30T20:40:27.345456,2024-10-01T14:40:27.345456,"Baria Zila, Hassan"
8937,2024-09-11T18:40:27.346185,2024-09-12T14:40:27.346185,"Rege Chowk, Belagavi"
8938,2026-05-11T18:40:27.347186,2026-05-13T14:40:27.347186,"Barad Path, Vijayanagara"
8939,2024-11-12T04:40:27.347771,2024-11-14T14:40:27.347771,"More Path, Ramanagara"
8940,2026-01-23T17:40:27.348165,2026-01-24T14:40:27.348165,"Ghose Zila, Belagavi"
8941,2026-04-03T02:40:27.348745,2026-04-03T14:40:27.348745,"Ram Street, Shivamogga"
8942,2025-11-21T13:40:27.349062,2025-11-21T14:40:27.349062,"Kibe Circle, Chitradurga"
8943,2024-10-01T08:40:27.349249,2024-10-01T14:40:27.349249,"Muni Road, Belagavi"
8944,2025-10-16T23:40:27.349964,2025-10-17T14:40:27.349964,"Raman Chowk, Koppal"
8945,2025-05-16T06:40:27.350621,2025-05-17T14:40:27.350621,"Viswanathan Nagar, Belagavi"
8946,2024-11-19T03:40:27.350946,2024-11-20T14:40:27.350946,"Chaudry Path, Koppal"
8947,2026-05-03T14:40:27.351486,2026-05-04T14:40:27.351486,"Varty Ganj, Ballari"
8948,2026-05-08T14:40:27.351896,2026-05-11T14:40:27.351896,"Pandit Ganj, Mysuru"
8949,2025-01-02T15:40:27.352230,2025-01-03T14:40:27.352230,"Solanki Road, Haveri"
8950,2026-03-23T04:40:27.353130,2026-03-25T14:40:27.353130,"Murthy Marg, Belagavi"
8951,2026-02-07T02:40:27.353705,2026-02-08T14:40:27.353705,"Saha Path, Belagavi"
8952,2025-10-22T03:40:27.354244,2025-10-23T14:40:27.354244,"Dugar Marg, Belagavi"
8953,2025-12-11T18:40:27.354596,2025-12-12T14:40:27.354596,"Bajwa Circle, Mysuru"
8954,2025-01-27T06:40:27.354941,2025-01-29T14:40:27.354941,"Thakkar Marg, Mysuru"
8955,2025-01-11T10:40:27.355243,2025-01-13T14:40:27.355243,"Bora, Bagalkote"
8956,2025-07-13T11:40:27.356775,2025-07-14T14:40:27.356775,"Buch Ganj, Chikkamagaluru"
8957,2026-06-25T20:40:27.357889,2026-06-26T14:40:27.357889,"Raj Street, Belagavi"
8958,2024-11-25T13:40:27.358189,2024-11-27T14:40:27.358189,"Chaudhry Marg, Kalaburagi"
8959,2024-12-23T12:40:27.358831,2024-12-23T14:40:27.358831,"Hayre Street, Udupi"
8960,2024-11-29T16:40:27.359391,2024-12-01T14:40:27.359391,"Pant Path, Mysuru"
8961,2024-11-22T07:40:27.359737,2024-11-24T14:40:27.359737,"Venkatesh Circle, Chamarajanagara"
8962,2026-02-02T10:40:27.360198,2026-02-02T14:40:27.360198,"Korpal Circle, Shivamogga"
8963,2024-10-13T06:40:27.361059,2024-10-13T14:40:27.361059,"Butala Ganj, Kolar"
8964,2026-04-28T06:40:27.361643,2026-04-29T14:40:27.361643,"Patil Zila, Belagavi"
8965,2026-03-01T06:40:27.362268,2026-03-03T14:40:27.362268,"Buch Zila, Belagavi"
8966,2026-07-09T03:40:27.362651,2026-07-11T14:40:27.362651,"Bhargava Circle, Belagavi"
8967,2026-06-10T03:40:27.363435,2026-06-10T14:40:27.363435,"Mammen Ganj, Belagavi"
8968,2025-12-01T20:40:27.364340,2025-12-04T14:40:27.364340,"Contractor Nagar, Belagavi"
8969,2024-07-15T15:40:27.364731,2024-07-18T14:40:27.364731,"Krishna, Chitradurga"
8970,2026-02-11T08:40:27.365345,2026-02-12T14:40:27.365345,"Thaman Ganj, Kalaburagi"
8971,2026-02-12T21:40:27.365953,2026-02-15T14:40:27.365953,"Luthra, Belagavi"
8972,2025-01-15T13:40:27.366586,2025-01-15T14:40:27.366586,"Rajagopal Road, Belagavi"
8973,2025-10-25T09:40:27.367371,2025-10-25T14:40:27.367371,"Shroff Path, Gadag"
8974,2026-05-28T02:40:27.368220,2026-05-28T14:40:27.368220,"Bala Road, Belagavi"
8975,2026-02-01T13:40:27.368673,2026-02-02T14:40:27.368673,"Krishna Street, Belagavi"
8976,2026-02-23T14:40:27.369992,2026-02-26T14:40:27.369992,"Shetty Road, Belagavi"
8977,2024-08-01T11:40:27.370375,2024-08-02T14:40:27.370375,"Edwin Marg, Davanagere"
8978,2025-04-04T12:40:27.371026,2025-04-04T14:40:27.371026,"Rastogi Chowk, Koppal"
8979,2024-08-16T22:40:27.371939,2024-08-19T14:40:27.371939,"Nadig, Vijayanagara"
8980,2026-02-13T21:40:27.373012,2026-02-14T14:40:27.373012,"Kota Ganj, Hassan"
8981,2026-04-09T20:40:27.373330,2026-04-10T14:40:27.373330,"Yogi Zila, Belagavi"
8982,2026-01-15T06:40:27.373705,2026-01-17T14:40:27.373705,"Kanda Path, Belagavi"
8983,2026-06-05T07:40:27.374630,2026-06-05T14:40:27.374630,"Kari Road, Belagavi"
8984,2025-04-17T02:40:27.375134,2025-04-17T14:40:27.375134,"Minhas Circle, Shivamogga"
8985,2025-09-16T13:40:27.375722,2025-09-16T14:40:27.375722,"Suri Zila, Belagavi"
8986,2026-03-14T02:40:27.376861,2026-03-15T14:40:27.376861,"Kapur Road, Belagavi"
8987,2026-01-30T18:40:27.377398,2026-02-02T14:40:27.377398,"Jain Path, Belagavi"
8988,2026-02-19T21:40:27.378113,2026-02-21T14:40:27.378113,"Walla Marg, Belagavi"
8989,2024-12-04T08:40:27.379130,2024-12-05T14:40:27.379130,"Gill Road, Tumakuru"
8990,2026-01-26T01:40:27.380324,2026-01-28T14:40:27.380324,"Gade Street, Davanagere"
8991,2026-01-29T10:40:27.381255,2026-01-30T14:40:27.381255,"Toor Path, Shivamogga"
8992,2026-03-08T22:40:27.382376,2026-03-09T14:40:27.382376,"Swaminathan Chowk, Bidar"
8993,2025-01-15T08:40:27.382980,2025-01-16T14:40:27.382980,"Singh Chowk, Bengaluru Urban"
8994,2025-11-28T08:40:27.383666,2025-11-30T14:40:27.383666,"Mane Chowk, Bagalkote"
8995,2025-10-12T16:40:27.384681,2025-10-13T14:40:27.384681,"Naidu Ganj, Hassan"
8996,2024-12-19T10:40:27.385758,2024-12-19T14:40:27.385758,"Seth Street, Kodagu"
8997,2025-08-12T05:40:27.386350,2025-08-12T14:40:27.386350,"Morar Marg, Kalaburagi"
8998,2026-06-06T03:40:27.387428,2026-06-06T14:40:27.387428,"Sampath Marg, Belagavi"
8999,2025-01-22T00:40:27.388577,2025-01-24T14:40:27.388577,"Choudhry Chowk, Mysuru"
9000,2026-02-01T12:40:27.389292,2026-02-03T14:40:27.389292,"Pillay Nagar, Bagalkote"
9001,2025-03-11T03:40:27.389894,2025-03-11T14:40:27.389894,"Dhaliwal Ganj, Chikkaballapura"
9002,2024-09-09T11:40:27.390226,2024-09-09T14:40:27.390226,"Bal Road, Dakshina Kannada"
9003,2026-05-08T17:40:27.390553,2026-05-09T14:40:27.390553,"Gopal Zila, Belagavi"
9004,2025-02-12T03:40:27.390880,2025-02-12T14:40:27.390880,"Tailor Circle, Koppal"
9005,2025-05-09T02:40:27.392230,2025-05-11T14:40:27.392230,"Kant Ganj, Hassan"
9006,2026-05-24T05:40:27.393199,2026-05-26T14:40:27.393199,"Raval Street, Kodagu"
9007,2026-07-08T13:40:27.393636,2026-07-10T14:40:27.393636,"Nori Chowk, Belagavi"
9008,2025-09-01T13:40:27.394574,2025-09-01T14:40:27.394574,"Sant Marg, Raichur"
9009,2026-07-07T08:40:27.394909,2026-07-07T14:40:27.394909,"Ganguly Path, Belagavi"
9010,2025-08-24T13:40:27.395436,2025-08-25T14:40:27.395436,"Sandal, Bengaluru Urban"
9011,2025-09-21T07:40:27.396593,2025-09-22T14:40:27.396593,"Kulkarni Ganj, Mysuru"
9012,2025-12-05T16:40:27.396988,2025-12-07T14:40:27.396988,"Chander, Ballari"
9013,2025-12-08T15:40:27.398035,2025-12-11T14:40:27.398035,"Mahajan Nagar, Bagalkote"
9014,2025-04-21T08:40:27.398637,2025-04-22T14:40:27.398637,"Ramanathan Nagar, Kodagu"
9015,2026-02-05T01:40:27.399305,2026-02-05T14:40:27.399305,"Lad Ganj, Belagavi"
9016,2024-08-28T15:40:27.399780,2024-08-29T14:40:27.399780,"Kaur Road, Belagavi"
9017,2026-03-22T03:40:27.400891,2026-03-22T14:40:27.400891,"Patla Marg, Belagavi"
9018,2025-02-26T01:40:27.401432,2025-02-27T14:40:27.401432,"Sarma, Bagalkote"
9019,2025-01-14T20:40:27.401760,2025-01-17T14:40:27.401760,"Rout Marg, Chamarajanagara"
9020,2025-03-03T15:40:27.402591,2025-03-06T14:40:27.402591,"Dugar Ganj, Chikkamagaluru"
9021,2025-11-23T12:40:27.402920,2025-11-25T14:40:27.402920,"Lanka Road, Koppal"
9022,2025-05-17T02:40:27.403714,2025-05-17T14:40:27.403714,"Sridhar Road, Bengaluru Rural"
9023,2025-05-06T01:40:27.404629,2025-05-06T14:40:27.404629,"Behl Road, Belagavi"
9024,2025-02-03T05:40:27.405607,2025-02-05T14:40:27.405607,"Ganesh Chowk, Kalaburagi"
9025,2025-11-11T20:40:27.406416,2025-11-13T14:40:27.406416,"Dash Circle, Vijayapura"
9026,2024-12-15T18:40:27.407059,2024-12-18T14:40:27.407059,"Kari, Hassan"
9027,2025-07-26T02:40:27.407469,2025-07-28T14:40:27.407469,"Das Marg, Ramanagara"
9028,2025-09-25T08:40:27.407812,2025-09-27T14:40:27.407812,"Sheth Nagar, Bagalkote"
9029,2026-07-08T10:40:27.408740,2026-07-10T14:40:27.408740,"Hayre Marg, Yadgir"
9030,2026-02-01T01:40:27.409584,2026-02-03T14:40:27.409584,"Modi Street, Belagavi"
9031,2026-03-19T14:40:27.410631,2026-03-21T14:40:27.410631,"Nagi Chowk, Chamarajanagara"
9032,2026-02-20T13:40:27.410971,2026-02-22T14:40:27.410971,"Bhagat Path, Belagavi"
9033,2025-06-11T03:40:27.411682,2025-06-11T14:40:27.411682,"Kota Street, Chamarajanagara"
9034,2025-10-07T05:40:27.412579,2025-10-07T14:40:27.412579,"Dua Ganj, Haveri"
9035,2024-07-26T14:40:27.413670,2024-07-29T14:40:27.413670,"Lanka Path, Belagavi"
9036,2026-03-14T23:40:27.414072,2026-03-17T14:40:27.414072,"Tara, Belagavi"
9037,2026-06-04T22:40:27.414351,2026-06-05T14:40:27.414351,"Zacharia, Belagavi"
9038,2025-08-30T03:40:27.415164,2025-09-01T14:40:27.415164,"Doshi Chowk, Udupi"
9039,2024-08-06T08:40:27.415458,2024-08-07T14:40:27.415458,"Pant Street, Chikkamagaluru"
9040,2026-04-20T17:40:27.416618,2026-04-23T14:40:27.416618,"Amble Nagar, Chikkamagaluru"
9041,2025-12-06T06:40:27.417673,2025-12-06T14:40:27.417673,"Sandal Path, Kodagu"
9042,2025-08-07T15:40:27.418479,2025-08-10T14:40:27.418479,"Prabhakar Zila, Koppal"
9043,2024-07-25T13:40:27.418841,2024-07-26T14:40:27.418841,"Date, Bengaluru Urban"
9044,2025-04-22T15:40:27.419648,2025-04-23T14:40:27.419648,"Johal Chowk, Chitradurga"
9045,2026-06-10T14:40:27.420675,2026-06-11T14:40:27.420675,"Kanda Ganj, Belagavi"
9046,2024-10-06T17:40:27.421236,2024-10-07T14:40:27.421236,"Narayan Marg, Mandya"
9047,2025-09-25T23:40:27.421857,2025-09-28T14:40:27.421857,"Edwin Circle, Haveri"
9048,2026-02-27T00:40:27.422772,2026-03-01T14:40:27.422772,"Rajan Marg, Bidar"
9049,2026-05-15T23:40:27.423652,2026-05-17T14:40:27.423652,"Karnik Nagar, Belagavi"
9050,2025-08-02T23:40:27.424048,2025-08-04T14:40:27.424048,"Karan Path, Chitradurga"
9051,2025-08-07T12:40:27.425209,2025-08-09T14:40:27.425209,"Menon Chowk, Belagavi"
9052,2026-02-22T07:40:27.425564,2026-02-23T14:40:27.425564,"Buch Road, Chamarajanagara"
9053,2025-03-29T12:40:27.426329,2025-03-29T14:40:27.426329,"Ramaswamy Zila, Shivamogga"
9054,2026-06-07T01:40:27.427175,2026-06-08T14:40:27.427175,"Rana Marg, Dakshina Kannada"
9055,2024-07-27T02:40:27.428025,2024-07-28T14:40:27.428025,"Sarin Chowk, Udupi"
9056,2025-09-02T18:40:27.429099,2025-09-03T14:40:27.429099,"Arya Path, Shivamogga"
9057,2026-05-31T08:40:27.430255,2026-06-01T14:40:27.430255,"Hayre Path, Belagavi"
9058,2025-07-15T04:40:27.430694,2025-07-16T14:40:27.430694,"Patel Zila, Bagalkote"
9059,2025-12-17T14:40:27.431025,2025-12-20T14:40:27.431025,"Munshi Road, Belagavi"
9060,2025-04-09T15:40:27.431640,2025-04-10T14:40:27.431640,"Goda Marg, Belagavi"
9061,2025-08-30T04:40:27.432255,2025-08-30T14:40:27.432255,"Merchant Ganj, Bagalkote"
9062,2025-01-05T00:40:27.432617,2025-01-07T14:40:27.432617,"Pathak Ganj, Mysuru"
9063,2026-05-01T14:40:27.432925,2026-05-02T14:40:27.432925,"Mukhopadhyay Marg, Mysuru"
9064,2026-06-10T02:40:27.434017,2026-06-11T14:40:27.434017,"Kota Ganj, Gadag"
9065,2025-04-04T11:40:27.435084,2025-04-05T14:40:27.435084,"Koshy Chowk, Bidar"
9066,2025-03-06T12:40:27.435492,2025-03-06T14:40:27.435492,"Dyal Marg, Belagavi"
9067,2024-11-05T04:40:27.435954,2024-11-07T14:40:27.435954,"Pau Nagar, Haveri"
9068,2025-03-30T21:40:27.436333,2025-03-31T14:40:27.436333,"Kara Marg, Haveri"
9069,2024-08-08T14:40:27.436942,2024-08-09T14:40:27.436942,"Bhatt Path, Bidar"
9070,2025-01-17T01:40:27.437783,2025-01-18T14:40:27.437783,"Chaudhry Marg, Mysuru"
9071,2025-12-20T15:40:27.438119,2025-12-21T14:40:27.438119,"Manda Path, Belagavi"
9072,2026-02-20T15:40:27.438842,2026-02-21T14:40:27.438842,"Lalla Road, Gadag"
9073,2026-04-25T04:40:27.439977,2026-04-26T14:40:27.439977,"Balasubramanian Ganj, Belagavi"
9074,2025-02-18T19:40:27.440796,2025-02-19T14:40:27.440796,"Brar Road, Chamarajanagara"
9075,2025-04-21T06:40:27.441132,2025-04-23T14:40:27.441132,"Saxena Nagar, Bengaluru Urban"
9076,2026-04-26T19:40:27.441452,2026-04-29T14:40:27.441452,"Mukhopadhyay Zila, Belagavi"
9077,2025-06-23T18:40:27.442654,2025-06-24T14:40:27.442654,"Chaudhuri Zila, Bidar"
9078,2024-12-10T03:40:27.443006,2024-12-12T14:40:27.443006,"Golla Zila, Tumakuru"
9079,2026-03-08T14:40:27.443300,2026-03-09T14:40:27.443300,"Atwal Nagar, Bidar"
9080,2025-01-31T22:40:27.443935,2025-02-01T14:40:27.443935,"Bali Circle, Mysuru"
9081,2026-05-29T03:40:27.445158,2026-05-31T14:40:27.445158,"Pal Chowk, Belagavi"
9082,2026-05-15T07:40:27.445608,2026-05-17T14:40:27.445608,"Devan Ganj, Mysuru"
9083,2026-03-02T14:40:27.446162,2026-03-05T14:40:27.446162,"Kaul, Dharwad"
9084,2025-11-06T03:40:27.447303,2025-11-06T14:40:27.447303,"Mutti Nagar, Belagavi"
9085,2025-12-29T12:40:27.448388,2025-12-31T14:40:27.448388,"Kannan Nagar, Kalaburagi"
9086,2025-05-22T17:40:27.448763,2025-05-25T14:40:27.448763,"Walia Marg, Mandya"
9087,2025-10-25T06:40:27.449350,2025-10-25T14:40:27.449350,"Luthra Road, Chamarajanagara"
9088,2025-04-12T02:40:27.450236,2025-04-14T14:40:27.450236,"Varkey Street, Belagavi"
9089,2025-06-13T09:40:27.450841,2025-06-14T14:40:27.450841,"Sekhon Zila, Raichur"
9090,2025-09-10T07:40:27.451474,2025-09-12T14:40:27.451474,"Johal Path, Chitradurga"
9091,2026-03-23T11:40:27.452698,2026-03-24T14:40:27.452698,"Prabhakar Road, Belagavi"
9092,2025-05-29T02:40:27.453495,2025-05-31T14:40:27.453495,"Saxena Path, Belagavi"
9093,2025-06-20T04:40:27.453903,2025-06-20T14:40:27.453903,"Vora Path, Mysuru"
9094,2026-02-13T00:40:27.454926,2026-02-14T14:40:27.454926,"Issac Marg, Tumakuru"
9095,2025-11-07T17:40:27.455807,2025-11-08T14:40:27.455807,"Sandhu Nagar, Kalaburagi"
9096,2024-09-22T19:40:27.456486,2024-09-23T14:40:27.456486,"Tata Ganj, Belagavi"
9097,2025-03-09T15:40:27.457333,2025-03-10T14:40:27.457333,"Sahni Nagar, Mandya"
9098,2024-11-14T15:40:27.457710,2024-11-15T14:40:27.457710,"Khare, Ballari"
9099,2025-06-16T06:40:27.458302,2025-06-16T14:40:27.458302,"Khanna Zila, Belagavi"
9100,2026-06-06T12:40:27.458941,2026-06-07T14:40:27.458941,"Sabharwal Zila, Shivamogga"
9101,2024-11-26T22:40:27.459909,2024-11-27T14:40:27.459909,"Gill Chowk, Bengaluru Urban"
9102,2025-07-25T01:40:27.460650,2025-07-25T14:40:27.460650,"Mani Marg, Raichur"
9103,2024-12-21T12:40:27.461471,2024-12-22T14:40:27.461471,"Narula Circle, Gadag"
9104,2026-02-08T03:40:27.462630,2026-02-09T14:40:27.462630,"Khatri Chowk, Belagavi"
9105,2026-04-25T23:40:27.463304,2026-04-26T14:40:27.463304,"Iyer Nagar, Ramanagara"
9106,2025-05-23T19:40:27.464031,2025-05-26T14:40:27.464031,"Mahajan Nagar, Belagavi"
9107,2026-06-26T01:40:27.465187,2026-06-26T14:40:27.465187,"Chandra Nagar, Gadag"
9108,2026-07-01T09:40:27.466376,2026-07-03T14:40:27.466376,"Banik Ganj, Belagavi"
9109,2025-05-26T18:40:27.467426,2025-05-28T14:40:27.467426,"Bhatt Chowk, Belagavi"
9110,2025-08-23T22:40:27.468099,2025-08-25T14:40:27.468099,"Prabhakar Road, Tumakuru"
9111,2026-03-14T22:40:27.468449,2026-03-17T14:40:27.468449,"Basak Road, Belagavi"
9112,2026-04-26T16:40:27.468848,2026-04-27T14:40:27.468848,"Banik Nagar, Belagavi"
9113,2025-07-03T19:40:27.469419,2025-07-06T14:40:27.469419,"Sundaram, Mandya"
9114,2024-07-20T07:40:27.470500,2024-07-21T14:40:27.470500,"Tank Road, Belagavi"
9115,2025-09-09T22:40:27.471664,2025-09-12T14:40:27.471664,"Setty, Vijayapura"
9116,2024-09-14T00:40:27.472401,2024-09-14T14:40:27.472401,"Bora, Belagavi"
9117,2026-06-26T06:40:27.473551,2026-06-27T14:40:27.473551,"Tandon, Belagavi"
9118,2025-03-09T20:40:27.473951,2025-03-11T14:40:27.473951,"Datta Path, Hassan"
9119,2025-02-08T04:40:27.474298,2025-02-09T14:40:27.474298,"Murthy Road, Dakshina Kannada"
9120,2026-03-27T19:40:27.474656,2026-03-30T14:40:27.474656,"Borde, Belagavi"
9121,2026-05-25T13:40:27.475456,2026-05-26T14:40:27.475456,"Vasa, Dakshina Kannada"
9122,2025-12-24T11:40:27.475825,2025-12-25T14:40:27.475825,"Nath Road, Chamarajanagara"
9123,2025-01-28T04:40:27.476472,2025-01-29T14:40:27.476472,"Sheth Nagar, Shivamogga"
9124,2024-08-04T05:40:27.477325,2024-08-05T14:40:27.477325,"Dubey, Chikkamagaluru"
9125,2025-11-01T18:40:27.478237,2025-11-02T14:40:27.478237,"Saha, Mysuru"
9126,2024-11-30T14:40:27.479096,2024-12-01T14:40:27.479096,"Dhillon Street, Chikkamagaluru"
9127,2025-03-03T17:40:27.480249,2025-03-05T14:40:27.480249,"Boase Nagar, Davanagere"
9128,2025-02-27T02:40:27.481309,2025-03-01T14:40:27.481309,"Dyal Circle, Ballari"
9129,2025-08-11T20:40:27.481662,2025-08-13T14:40:27.481662,"Zacharia Circle, Davanagere"
9130,2026-06-07T00:40:27.482005,2026-06-07T14:40:27.482005,"Patil Circle, Chikkaballapura"
9131,2024-12-18T04:40:27.482888,2024-12-18T14:40:27.482888,"Sehgal Chowk, Ballari"
9132,2025-09-14T13:40:27.483195,2025-09-15T14:40:27.483195,"Wadhwa Road, Vijayapura"
9133,2026-03-14T02:40:27.484109,2026-03-15T14:40:27.484109,"Sankaran Marg, Raichur"
9134,2024-11-10T08:40:27.485053,2024-11-11T14:40:27.485053,"Samra Path, Bagalkote"
9135,2025-02-19T18:40:27.485400,2025-02-20T14:40:27.485400,"Gara Chowk, Chikkaballapura"
9136,2024-10-31T00:40:27.486068,2024-11-02T14:40:27.486068,"Chopra Path, Vijayapura"
9137,2026-05-26T03:40:27.486722,2026-05-27T14:40:27.486722,"Mangal Road, Kolar"
9138,2025-06-01T06:40:27.487822,2025-06-02T14:40:27.487822,"Sampath, Bengaluru Urban"
9139,2025-05-31T08:40:27.488717,2025-06-01T14:40:27.488717,"Sengupta Ganj, Gadag"
9140,2026-06-18T08:40:27.488925,2026-06-18T14:40:27.488925,"Kumar Street, Belagavi"
9141,2026-03-08T21:40:27.489435,2026-03-11T14:40:27.489435,"Jain Zila, Raichur"
9142,2025-03-30T13:40:27.490848,2025-03-30T14:40:27.490848,"Butala Path, Chitradurga"
9143,2026-01-25T05:40:27.492023,2026-01-25T14:40:27.492023,"Tailor Road, Chikkamagaluru"
9144,2025-03-24T03:40:27.492386,2025-03-25T14:40:27.492386,"Bajwa Chowk, Gadag"
9145,2026-02-13T10:40:27.493045,2026-02-15T14:40:27.493045,"Sharaf Street, Belagavi"
9146,2024-09-10T00:40:27.493671,2024-09-12T14:40:27.493671,"Panchal Circle, Belagavi"
9147,2026-05-18T23:40:27.493981,2026-05-20T14:40:27.493981,"Dave Road, Shivamogga"
9148,2024-11-10T15:40:27.494590,2024-11-11T14:40:27.494590,"Banerjee Circle, Belagavi"
9149,2025-09-17T12:40:27.495666,2025-09-19T14:40:27.495666,"Sura Ganj, Belagavi"
9150,2026-06-21T13:40:27.496310,2026-06-22T14:40:27.496310,"Bajaj Path, Belagavi"
9151,2024-12-29T21:40:27.497559,2025-01-01T14:40:27.497559,"Swamy, Tumakuru"
9152,2024-09-25T12:40:27.498379,2024-09-25T14:40:27.498379,"Comar Marg, Belagavi"
9153,2024-08-28T05:40:27.498775,2024-08-29T14:40:27.498775,"Natarajan Circle, Udupi"
9154,2025-08-27T12:40:27.499125,2025-08-28T14:40:27.499125,"Dave Path, Dharwad"
9155,2026-03-31T04:40:27.499725,2026-04-01T14:40:27.499725,"Subramanian Marg, Bagalkote"
9156,2026-06-03T20:40:27.500606,2026-06-04T14:40:27.500606,"Rastogi Marg, Belagavi"
9157,2026-02-24T20:40:27.501276,2026-02-27T14:40:27.501276,"Pandit Street, Kolar"
9158,2025-09-23T14:40:27.502136,2025-09-25T14:40:27.502136,"Yohannan Nagar, Kolar"
9159,2024-07-26T06:40:27.503278,2024-07-26T14:40:27.503278,"Sahni Chowk, Belagavi"
9160,2025-04-02T13:40:27.503649,2025-04-02T14:40:27.503649,"Lata Chowk, Bengaluru Rural"
9161,2026-06-02T12:40:27.504322,2026-06-03T14:40:27.504322,"Rama Marg, Kalaburagi"
9162,2025-03-28T09:40:27.505228,2025-03-28T14:40:27.505228,"Mannan Zila, Kolar"
9163,2026-01-20T23:40:27.505629,2026-01-23T14:40:27.505629,"Vyas Street, Belagavi"
9164,2026-06-20T08:40:27.506725,2026-06-21T14:40:27.506725,"Cherian Circle, Kalaburagi"
9165,2024-09-13T06:40:27.507589,2024-09-13T14:40:27.507589,"Nagarajan Nagar, Kalaburagi"
9166,2024-10-11T13:40:27.507995,2024-10-11T14:40:27.507995,"Hans Marg, Belagavi"
9167,2026-07-03T20:40:27.509119,2026-07-04T14:40:27.509119,"Vyas Circle, Bengaluru Urban"
9168,2025-09-13T19:40:27.509980,2025-09-16T14:40:27.509980,"Wason Path, Mysuru"
9169,2025-03-02T00:40:27.510558,2025-03-03T14:40:27.510558,"Luthra Circle, Belagavi"
9170,2025-07-31T21:40:27.511396,2025-08-03T14:40:27.511396,"Chad Circle, Bengaluru Urban"
9171,2025-07-03T06:40:27.512070,2025-07-05T14:40:27.512070,"Suresh Nagar, Belagavi"
9172,2025-08-14T20:40:27.512557,2025-08-16T14:40:27.512557,"Toor Marg, Chitradurga"
9173,2025-02-18T12:40:27.513174,2025-02-18T14:40:27.513174,"Borah Road, Kodagu"
9174,2026-01-02T12:40:27.514020,2026-01-02T14:40:27.514020,"Kalla Zila, Chikkaballapura"
9175,2025-10-20T04:40:27.514348,2025-10-22T14:40:27.514348,"Vala Ganj, Vijayanagara"
9176,2024-09-01T22:40:27.514673,2024-09-02T14:40:27.514673,"Mistry Nagar, Belagavi"
9177,2026-05-23T12:40:27.515020,2026-05-25T14:40:27.515020,"Balay Nagar, Belagavi"
9178,2024-09-02T15:40:27.516001,2024-09-04T14:40:27.516001,"Karan Ganj, Vijayanagara"
9179,2025-10-16T10:40:27.516636,2025-10-17T14:40:27.516636,"Sarraf Nagar, Belagavi"
9180,2024-11-03T08:40:27.517693,2024-11-05T14:40:27.517693,"Shan Ganj, Belagavi"
9181,2025-08-27T04:40:27.518501,2025-08-28T14:40:27.518501,"Roy Road, Mysuru"
9182,2026-05-07T10:40:27.518863,2026-05-09T14:40:27.518863,"Varma Circle, Belagavi"
9183,2025-05-24T04:40:27.520053,2025-05-24T14:40:27.520053,"Butala Nagar, Haveri"
9184,2025-01-09T15:40:27.521148,2025-01-10T14:40:27.521148,"Bose Road, Shivamogga"
9185,2025-09-17T14:40:27.522319,2025-09-18T14:40:27.522319,"Soman Street, Bengaluru Urban"
9186,2026-05-15T07:40:27.523314,2026-05-17T14:40:27.523314,"Parsa Path, Mysuru"
9187,2025-11-06T05:40:27.524096,2025-11-07T14:40:27.524096,"Shenoy Zila, Ramanagara"
9188,2026-03-27T02:40:27.524492,2026-03-27T14:40:27.524492,"Arora Circle, Belagavi"
9189,2025-08-08T14:40:27.524760,2025-08-09T14:40:27.524760,"Goel, Belagavi"
9190,2026-05-06T06:40:27.525082,2026-05-06T14:40:27.525082,"Natt Path, Belagavi"
9191,2025-01-11T15:40:27.525366,2025-01-13T14:40:27.525366,"Shetty Ganj, Dakshina Kannada"
9192,2026-02-21T17:40:27.526419,2026-02-22T14:40:27.526419,"Toor Road, Chamarajanagara"
9193,2024-12-30T05:40:27.526786,2024-12-30T14:40:27.526786,"Kunda Ganj, Kodagu"
9194,2026-07-02T07:40:27.527356,2026-07-03T14:40:27.527356,"Dhar Nagar, Belagavi"
9195,2026-04-04T11:40:27.528632,2026-04-06T14:40:27.528632,"Mann Street, Chikkamagaluru"
9196,2025-11-27T11:40:27.529717,2025-11-29T14:40:27.529717,"Raj Circle, Ballari"
9197,2025-04-27T09:40:27.530285,2025-04-27T14:40:27.530285,"Virk Zila, Bengaluru Urban"
9198,2026-05-22T12:40:27.530967,2026-05-24T14:40:27.530967,"Chahal Circle, Gadag"
9199,2025-02-13T01:40:27.531795,2025-02-14T14:40:27.531795,"Sachdev Marg, Hassan"
9200,2024-08-11T10:40:27.532858,2024-08-13T14:40:27.532858,"Chaudhuri Chowk, Belagavi"
9201,2025-08-26T05:40:27.534021,2025-08-28T14:40:27.534021,"Varghese Circle, Kolar"
9202,2025-04-13T22:40:27.535372,2025-04-14T14:40:27.535372,"Bumb, Ballari"
9203,2026-03-07T08:40:27.536062,2026-03-09T14:40:27.536062,"Kulkarni Street, Belagavi"
9204,2025-12-13T22:40:27.537222,2025-12-14T14:40:27.537222,"Barman Ganj, Koppal"
9205,2026-06-05T04:40:27.537856,2026-06-05T14:40:27.537856,"Uppal Circle, Bengaluru Urban"
9206,2025-07-27T04:40:27.538261,2025-07-27T14:40:27.538261,"Narain Street, Belagavi"
9207,2025-10-21T23:40:27.539143,2025-10-24T14:40:27.539143,"Mitter Nagar, Tumakuru"
9208,2024-07-13T04:40:27.539901,2024-07-13T14:40:27.539901,"Jaggi Zila, Hassan"
9209,2026-07-10T09:40:27.541057,2026-07-11T14:40:27.541057,"Chand Path, Shivamogga"
9210,2024-12-28T21:40:27.541395,2024-12-31T14:40:27.541395,"Bose Circle, Koppal"
9211,2024-12-06T08:40:27.542261,2024-12-06T14:40:27.542261,"Hayer Street, Shivamogga"
9212,2025-06-17T23:40:27.543386,2025-06-20T14:40:27.543386,"De Path, Chikkamagaluru"
9213,2026-02-13T06:40:27.543770,2026-02-14T14:40:27.543770,"Shenoy Ganj, Belagavi"
9214,2025-01-20T20:40:27.544394,2025-01-23T14:40:27.544394,"Varghese Street, Shivamogga"
9215,2025-02-11T21:40:27.545601,2025-02-12T14:40:27.545601,"Kamdar Chowk, Chikkaballapura"
9216,2025-01-28T12:40:27.546317,2025-01-30T14:40:27.546317,"Kalla Circle, Yadgir"
9217,2025-03-04T02:40:27.546714,2025-03-04T14:40:27.546714,"Nagarajan Ganj, Belagavi"
9218,2026-06-27T23:40:27.547309,2026-06-30T14:40:27.547309,"Kuruvilla, Mysuru"
9219,2025-02-12T11:40:27.548681,2025-02-12T14:40:27.548681,"Sawhney Chowk, Bidar"
9220,2025-07-19T15:40:27.549057,2025-07-21T14:40:27.549057,"Bose Marg, Belagavi"
9221,2025-05-13T11:40:27.549379,2025-05-14T14:40:27.549379,"Madan Zila, Belagavi"
9222,2025-05-30T08:40:27.550405,2025-06-01T14:40:27.550405,"Shah, Hassan"
9223,2025-06-09T12:40:27.550783,2025-06-09T14:40:27.550783,"Shere Zila, Mysuru"
9224,2025-05-16T12:40:27.551667,2025-05-18T14:40:27.551667,"Krishnamurthy Nagar, Kodagu"
9225,2025-02-18T22:40:27.552393,2025-02-21T14:40:27.552393,"Bose Path, Ballari"
9226,2025-07-24T12:40:27.553297,2025-07-25T14:40:27.553297,"Nadkarni Circle, Bidar"
9227,2025-05-08T12:40:27.554313,2025-05-10T14:40:27.554313,"Chada Chowk, Mysuru"
9228,2026-05-09T23:40:27.555341,2026-05-12T14:40:27.555341,"Pandit Street, Kalaburagi"
9229,2026-04-27T18:40:27.556502,2026-04-30T14:40:27.556502,"Kant Zila, Tumakuru"
9230,2025-11-10T04:40:27.557574,2025-11-12T14:40:27.557574,"Mohanty, Belagavi"
9231,2025-04-05T20:40:27.558475,2025-04-08T14:40:27.558475,"Mani Circle, Mysuru"
9232,2026-05-30T19:40:27.559121,2026-06-01T14:40:27.559121,"Bumb, Hassan"
9233,2025-03-19T11:40:27.559433,2025-03-19T14:40:27.559433,"Bera Ganj, Kodagu"
9234,2025-12-13T15:40:27.560100,2025-12-16T14:40:27.560100,"Wagle Zila, Belagavi"
9235,2024-11-01T05:40:27.561313,2024-11-03T14:40:27.561313,"Sachar Marg, Koppal"
9236,2026-03-28T18:40:27.562195,2026-03-31T14:40:27.562195,"Khosla Street, Belagavi"
9237,2026-06-24T14:40:27.562784,2026-06-27T14:40:27.562784,"Hora Ganj, Ramanagara"
9238,2025-05-21T09:40:27.563625,2025-05-21T14:40:27.563625,"Hari Ganj, Raichur"
9239,2024-08-25T14:40:27.564259,2024-08-26T14:40:27.564259,"Halder Road, Bengaluru Urban"
9240,2024-12-25T08:40:27.565214,2024-12-26T14:40:27.565214,"Pal Street, Chikkaballapura"
9241,2025-06-29T19:40:27.565755,2025-07-01T14:40:27.565755,"Sunder Chowk, Kolar"
9242,2025-05-11T16:40:27.566088,2025-05-13T14:40:27.566088,"Rajan Street, Mysuru"
9243,2026-07-02T04:40:27.566396,2026-07-02T14:40:27.566396,"Swamy Marg, Belagavi"
9244,2025-02-10T03:40:27.567610,2025-02-11T14:40:27.567610,"Brar Path, Kodagu"
9245,2025-11-11T06:40:27.568309,2025-11-12T14:40:27.568309,"Bandi Marg, Bagalkote"
9246,2024-10-17T13:40:27.569402,2024-10-17T14:40:27.569402,"Bir Street, Chikkamagaluru"
9247,2024-08-14T19:40:27.569797,2024-08-16T14:40:27.569797,"Kalla Street, Koppal"
9248,2024-11-04T14:40:27.570437,2024-11-07T14:40:27.570437,"Bhavsar Zila, Belagavi"
9249,2024-09-04T18:40:27.571401,2024-09-06T14:40:27.571401,"Tiwari Marg, Ballari"
9250,2025-11-06T17:40:27.572667,2025-11-08T14:40:27.572667,"Narayanan Chowk, Bagalkote"
9251,2026-05-02T22:40:27.573452,2026-05-04T14:40:27.573452,"Malhotra Road, Belagavi"
9252,2026-04-02T04:40:27.574575,2026-04-03T14:40:27.574575,"Bandi Ganj, Belagavi"
9253,2025-07-10T04:40:27.574907,2025-07-12T14:40:27.574907,"Dhawan Street, Haveri"
9254,2025-11-11T06:40:27.576074,2025-11-12T14:40:27.576074,"Roy Path, Kalaburagi"
9255,2026-06-20T07:40:27.577311,2026-06-21T14:40:27.577311,"Chad Marg, Belagavi"
9256,2024-09-18T17:40:27.578438,2024-09-19T14:40:27.578438,"Mistry Street, Ramanagara"
9257,2025-11-14T02:40:27.579600,2025-11-16T14:40:27.579600,"Bera Circle, Belagavi"
9258,2025-04-17T00:40:27.580559,2025-04-19T14:40:27.580559,"Khare Ganj, Bengaluru Urban"
9259,2024-10-17T03:40:27.581704,2024-10-17T14:40:27.581704,"Kannan Nagar, Belagavi"
9260,2024-08-06T06:40:27.582515,2024-08-07T14:40:27.582515,"Kulkarni Circle, Chamarajanagara"
9261,2026-06-07T20:40:27.583778,2026-06-10T14:40:27.583778,"Manne Chowk, Belagavi"
9262,2025-11-26T19:40:27.584930,2025-11-28T14:40:27.584930,"Hans Marg, Bengaluru Urban"
9263,2026-03-19T00:40:27.586030,2026-03-19T14:40:27.586030,"Soni Nagar, Gadag"
9264,2026-06-26T23:40:27.586855,2026-06-29T14:40:27.586855,"Barad Ganj, Belagavi"
9265,2025-06-12T20:40:27.587184,2025-06-15T14:40:27.587184,"Maharaj Zila, Kalaburagi"
9266,2026-06-18T19:40:27.588026,2026-06-19T14:40:27.588026,"Sahni Street, Belagavi"
9267,2026-02-27T11:40:27.588349,2026-03-01T14:40:27.588349,"Nadkarni Road, Belagavi"
9268,2025-02-27T01:40:27.589614,2025-03-01T14:40:27.589614,"Lata Chowk, Mysuru"
9269,2025-12-23T20:40:27.590180,2025-12-26T14:40:27.590180,"Yadav Chowk, Bidar"
9270,2025-12-15T15:40:27.591435,2025-12-17T14:40:27.591435,"Chakrabarti Ganj, Gadag"
9271,2025-05-21T20:40:27.591874,2025-05-24T14:40:27.591874,"Kumer Road, Koppal"
9272,2025-03-12T11:40:27.592218,2025-03-14T14:40:27.592218,"Mahal Path, Bengaluru Urban"
9273,2025-07-03T12:40:27.592918,2025-07-05T14:40:27.592918,"Dasgupta Street, Mysuru"
9274,2024-10-27T14:40:27.594028,2024-10-28T14:40:27.594028,"Oza Circle, Chikkamagaluru"
9275,2026-03-10T21:40:27.594916,2026-03-13T14:40:27.594916,"Barad Chowk, Belagavi"
9276,2026-03-13T04:40:27.595616,2026-03-15T14:40:27.595616,"Chopra Street, Chikkamagaluru"
9277,2026-01-21T01:40:27.596275,2026-01-21T14:40:27.596275,"Varughese Chowk, Yadgir"
9278,2024-09-27T14:40:27.597364,2024-09-29T14:40:27.597364,"Sheth Circle, Dharwad"
9279,2025-12-29T05:40:27.598433,2025-12-31T14:40:27.598433,"Mutti Chowk, Bagalkote"
9280,2026-03-14T09:40:27.599512,2026-03-16T14:40:27.599512,"Dyal Road, Hassan"
9281,2026-05-25T01:40:27.599942,2026-05-27T14:40:27.599942,"Soman Street, Belagavi"
9282,2024-11-22T06:40:27.600981,2024-11-23T14:40:27.600981,"Mistry Street, Vijayanagara"
9283,2026-05-10T19:40:27.601751,2026-05-13T14:40:27.601751,"Gopal Nagar, Belagavi"
9284,2026-03-14T13:40:27.602073,2026-03-16T14:40:27.602073,"Ghosh Ganj, Belagavi"
9285,2024-09-25T05:40:27.602929,2024-09-27T14:40:27.602929,"Mistry Ganj, Davanagere"
9286,2026-04-13T08:40:27.603268,2026-04-14T14:40:27.603268,"Joshi Circle, Udupi"
9287,2026-05-24T12:40:27.603639,2026-05-25T14:40:27.603639,"Naidu Zila, Belagavi"
9288,2025-06-27T13:40:27.604583,2025-06-27T14:40:27.604583,"Walia Marg, Ramanagara"
9289,2026-03-07T08:40:27.605400,2026-03-09T14:40:27.605400,"Singh Street, Chitradurga"
9290,2024-12-13T04:40:27.606476,2024-12-15T14:40:27.606476,"Subramanian Marg, Hassan"
9291,2026-05-15T23:40:27.606897,2026-05-18T14:40:27.606897,"Raman, Belagavi"
9292,2025-04-20T00:40:27.607872,2025-04-20T14:40:27.607872,"Lall Marg, Davanagere"
9293,2026-05-16T03:40:27.608871,2026-05-17T14:40:27.608871,"Narain Street, Belagavi"
9294,2024-10-24T00:40:27.609175,2024-10-25T14:40:27.609175,"Mitter Marg, Mysuru"
9295,2025-03-21T16:40:27.609982,2025-03-24T14:40:27.609982,"Mital Circle, Belagavi"
9296,2026-05-15T12:40:27.610969,2026-05-17T14:40:27.610969,"Murty Zila, Mysuru"
9297,2026-02-26T17:40:27.611898,2026-02-28T14:40:27.611898,"Vasa Zila, Belagavi"
9298,2025-10-22T06:40:27.612726,2025-10-22T14:40:27.612726,"Nagi Circle, Haveri"
9299,2025-10-26T22:40:27.613343,2025-10-28T14:40:27.613343,"Goda Circle, Raichur"
9300,2025-05-21T22:40:27.614277,2025-05-22T14:40:27.614277,"Korpal Nagar, Dharwad"
9301,2025-07-18T22:40:27.614907,2025-07-19T14:40:27.614907,"Goel Chowk, Vijayapura"
9302,2025-10-31T23:40:27.615797,2025-11-03T14:40:27.615797,"Majumdar Marg, Vijayanagara"
9303,2026-06-03T20:40:27.616733,2026-06-06T14:40:27.616733,"Cherian Nagar, Ramanagara"
9304,2024-07-20T05:40:27.617076,2024-07-20T14:40:27.617076,"Bora Marg, Chamarajanagara"
9305,2025-03-10T10:40:27.617428,2025-03-12T14:40:27.617428,"Bath Zila, Mysuru"
9306,2026-03-18T02:40:27.618504,2026-03-18T14:40:27.618504,"Borah Street, Belagavi"
9307,2026-07-02T08:40:27.619364,2026-07-04T14:40:27.619364,"Ben Road, Mandya"
9308,2025-05-06T10:40:27.620103,2025-05-07T14:40:27.620103,"Halder Marg, Bagalkote"
9309,2025-12-05T06:40:27.620731,2025-12-05T14:40:27.620731,"Uppal Path, Bagalkote"
9310,2025-06-16T05:40:27.621303,2025-06-18T14:40:27.621303,"Vohra Road, Bengaluru Urban"
9311,2025-08-03T12:40:27.621915,2025-08-03T14:40:27.621915,"Raju Marg, Kodagu"
9312,2026-05-29T01:40:27.623017,2026-05-30T14:40:27.623017,"Dave Chowk, Ballari"
9313,2026-05-23T12:40:27.623912,2026-05-25T14:40:27.623912,"Prabhakar Path, Shivamogga"
9314,2026-02-06T15:40:27.624506,2026-02-07T14:40:27.624506,"Iyer, Belagavi"
9315,2024-09-01T18:40:27.624900,2024-09-02T14:40:27.624900,"Dave Path, Gadag"
9316,2024-12-14T19:40:27.626076,2024-12-16T14:40:27.626076,"Raju Marg, Kolar"
9317,2025-05-31T13:40:27.626677,2025-05-31T14:40:27.626677,"Pai Nagar, Belagavi"
9318,2025-04-07T21:40:27.627029,2025-04-10T14:40:27.627029,"Seshadri Road, Belagavi"
9319,2025-08-23T18:40:27.627928,2025-08-24T14:40:27.627928,"Narula, Belagavi"
9320,2025-12-15T21:40:27.628224,2025-12-17T14:40:27.628224,"Ramanathan Marg, Haveri"
9321,2025-08-08T14:40:27.629109,2025-08-10T14:40:27.629109,"Garg Chowk, Chikkaballapura"
9322,2026-02-04T22:40:27.630120,2026-02-07T14:40:27.630120,"Dass Path, Udupi"
9323,2025-08-28T00:40:27.630462,2025-08-30T14:40:27.630462,"Wali Chowk, Chikkamagaluru"
9324,2025-09-23T00:40:27.631068,2025-09-25T14:40:27.631068,"Sankar Zila, Dharwad"
9325,2025-08-09T06:40:27.632022,2025-08-10T14:40:27.632022,"Bora Ganj, Bidar"
9326,2024-11-09T12:40:27.632900,2024-11-10T14:40:27.632900,"Mukhopadhyay Ganj, Kalaburagi"
9327,2024-09-27T20:40:27.633977,2024-09-29T14:40:27.633977,"Iyengar Road, Belagavi"
9328,2025-01-25T03:40:27.634624,2025-01-26T14:40:27.634624,"Kurian Zila, Belagavi"
9329,2026-02-06T00:40:27.635016,2026-02-06T14:40:27.635016,"Ganesh Circle, Belagavi"
9330,2025-12-21T00:40:27.636180,2025-12-22T14:40:27.636180,"Prabhu, Belagavi"
9331,2025-01-11T05:40:27.637072,2025-01-13T14:40:27.637072,"Menon Path, Belagavi"
9332,2025-11-27T04:40:27.638217,2025-11-28T14:40:27.638217,"Shah Circle, Belagavi"
9333,2026-05-03T03:40:27.638927,2026-05-04T14:40:27.638927,"Biswas Nagar, Bidar"
9334,2025-03-19T22:40:27.639574,2025-03-22T14:40:27.639574,"Gupta Marg, Bengaluru Urban"
9335,2025-01-17T12:40:27.640042,2025-01-17T14:40:27.640042,"Dube Path, Belagavi"
9336,2025-06-28T12:40:27.640906,2025-06-30T14:40:27.640906,"Mohan Marg, Dharwad"
9337,2026-01-13T02:40:27.641792,2026-01-14T14:40:27.641792,"Gole Zila, Belagavi"
9338,2025-10-03T12:40:27.642667,2025-10-04T14:40:27.642667,"Savant Chowk, Ramanagara"
9339,2024-09-07T07:40:27.643063,2024-09-09T14:40:27.643063,"Datta Road, Belagavi"
9340,2024-11-16T11:40:27.644285,2024-11-18T14:40:27.644285,"Behl Zila, Tumakuru"
9341,2024-12-10T01:40:27.644961,2024-12-11T14:40:27.644961,"Ratta Path, Shivamogga"
9342,2026-02-18T06:40:27.645595,2026-02-20T14:40:27.645595,"Singhal Path, Belagavi"
9343,2026-06-28T08:40:27.646188,2026-06-28T14:40:27.646188,"Bumb, Udupi"
9344,2024-08-31T18:40:27.646851,2024-09-02T14:40:27.646851,"Oommen Circle, Vijayapura"
9345,2024-08-04T07:40:27.648035,2024-08-06T14:40:27.648035,"Boase Road, Dharwad"
9346,2025-02-23T17:40:27.649275,2025-02-26T14:40:27.649275,"Mangal Marg, Kolar"
9347,2025-12-26T10:40:27.649957,2025-12-27T14:40:27.649957,"Wable Path, Bagalkote"
9348,2025-06-17T13:40:27.650383,2025-06-17T14:40:27.650383,"Ratta Zila, Yadgir"
9349,2026-04-29T19:40:27.650788,2026-05-01T14:40:27.650788,"Chad Ganj, Vijayanagara"
9350,2024-09-18T10:40:27.651310,2024-09-18T14:40:27.651310,"Ghosh Ganj, Raichur"
9351,2025-07-07T22:40:27.651690,2025-07-09T14:40:27.651690,"Sarna Marg, Mysuru"
9352,2026-05-18T12:40:27.652957,2026-05-20T14:40:27.652957,"Gandhi Circle, Belagavi"
9353,2025-09-28T09:40:27.653307,2025-09-28T14:40:27.653307,"Sankaran Chowk, Shivamogga"
9354,2025-03-05T13:40:27.654224,2025-03-07T14:40:27.654224,"Korpal Marg, Yadgir"
9355,2025-03-15T05:40:27.655155,2025-03-15T14:40:27.655155,"Dugal Nagar, Mandya"
9356,2026-06-17T06:40:27.656131,2026-06-17T14:40:27.656131,"Mandal Circle, Chikkaballapura"
9357,2025-03-13T06:40:27.656580,2025-03-13T14:40:27.656580,"Swamy Circle, Belagavi"
9358,2025-03-21T17:40:27.656913,2025-03-24T14:40:27.656913,"Bal Zila, Ramanagara"
9359,2026-05-21T12:40:27.657778,2026-05-21T14:40:27.657778,"Kibe Ganj, Bagalkote"
9360,2025-03-21T22:40:27.658634,2025-03-24T14:40:27.658634,"Balakrishnan Road, Belagavi"
9361,2025-01-20T00:40:27.659225,2025-01-22T14:40:27.659225,"Shanker Zila, Haveri"
9362,2024-12-18T03:40:27.660184,2024-12-18T14:40:27.660184,"Aurora Chowk, Koppal"
9363,2026-03-13T14:40:27.661117,2026-03-15T14:40:27.661117,"Garg Ganj, Belagavi"
9364,2026-05-27T04:40:27.661780,2026-05-28T14:40:27.661780,"Yogi Marg, Belagavi"
9365,2026-06-27T05:40:27.663071,2026-06-28T14:40:27.663071,"Brar Path, Mysuru"
9366,2026-03-02T22:40:27.664260,2026-03-03T14:40:27.664260,"Toor Circle, Belagavi"
9367,2025-10-06T15:40:27.664913,2025-10-08T14:40:27.664913,"Korpal Road, Belagavi"
9368,2026-03-15T04:40:27.665234,2026-03-15T14:40:27.665234,"Randhawa Chowk, Mysuru"
9369,2025-03-15T02:40:27.666081,2025-03-17T14:40:27.666081,"Jain Road, Bagalkote"
9370,2025-09-15T07:40:27.666420,2025-09-16T14:40:27.666420,"Bhakta Nagar, Mysuru"
9371,2026-03-31T20:40:27.667553,2026-04-03T14:40:27.667553,"Deo Chowk, Belagavi"
9372,2024-07-29T18:40:27.668193,2024-07-31T14:40:27.668193,"Mohan, Belagavi"
9373,2026-07-03T08:40:27.668902,2026-07-03T14:40:27.668902,"Khurana, Mysuru"
9374,2025-07-25T20:40:27.670124,2025-07-28T14:40:27.670124,"Sule Path, Bengaluru Urban"
9375,2025-02-17T23:40:27.671244,2025-02-18T14:40:27.671244,"Sethi Nagar, Hassan"
9376,2024-09-10T10:40:27.672416,2024-09-11T14:40:27.672416,"Mani Ganj, Belagavi"
9377,2025-12-17T00:40:27.672804,2025-12-18T14:40:27.672804,"Saha, Chamarajanagara"
9378,2026-03-03T04:40:27.673398,2026-03-05T14:40:27.673398,"Dewan Chowk, Bidar"
9379,2025-09-12T19:40:27.673769,2025-09-15T14:40:27.673769,"Shukla Zila, Hassan"
9380,2026-06-06T01:40:27.674676,2026-06-06T14:40:27.674676,"Sethi Zila, Belagavi"
9381,2026-02-20T23:40:27.675644,2026-02-23T14:40:27.675644,"Saxena Circle, Chikkamagaluru"
9382,2025-02-11T16:40:27.676596,2025-02-14T14:40:27.676596,"Kanda Marg, Belagavi"
9383,2024-12-18T07:40:27.677410,2024-12-20T14:40:27.677410,"Dutta Path, Belagavi"
9384,2024-09-05T17:40:27.677757,2024-09-07T14:40:27.677757,"Deep Path, Belagavi"
9385,2026-06-12T15:40:27.678936,2026-06-15T14:40:27.678936,"Sarkar Marg, Davanagere"
9386,2026-07-04T23:40:27.680041,2026-07-06T14:40:27.680041,"Bath, Mandya"
9387,2025-10-17T06:40:27.681015,2025-10-17T14:40:27.681015,"Shanker Marg, Bengaluru Urban"
9388,2026-06-10T05:40:27.681359,2026-06-12T14:40:27.681359,"Bobal Circle, Kalaburagi"
9389,2026-03-05T13:40:27.682250,2026-03-06T14:40:27.682250,"Patel Zila, Belagavi"
9390,2026-07-06T19:40:27.682884,2026-07-07T14:40:27.682884,"Sheth Zila, Chamarajanagara"
9391,2026-02-27T21:40:27.683227,2026-03-02T14:40:27.683227,"Malhotra Nagar, Bengaluru Urban"
9392,2024-12-21T06:40:27.684356,2024-12-23T14:40:27.684356,"Apte Ganj, Belagavi"
9393,2025-07-24T21:40:27.685480,2025-07-26T14:40:27.685480,"Srinivas Chowk, Ramanagara"
9394,2026-02-17T08:40:27.685857,2026-02-18T14:40:27.685857,"Datta Ganj, Chikkamagaluru"
9395,2024-08-12T20:40:27.686422,2024-08-13T14:40:27.686422,"Kadakia Path, Mysuru"
9396,2025-01-03T03:40:27.687161,2025-01-03T14:40:27.687161,"Chahal Street, Bengaluru Urban"
9397,2026-05-12T11:40:27.687758,2026-05-14T14:40:27.687758,"Wali Chowk, Chikkaballapura"
9398,2024-12-14T21:40:27.688459,2024-12-16T14:40:27.688459,"Ganguly Street, Yadgir"
9399,2025-05-16T21:40:27.689075,2025-05-18T14:40:27.689075,"Kara Circle, Raichur"
9400,2025-05-01T16:40:27.689405,2025-05-04T14:40:27.689405,"Dugar Road, Davanagere"
9401,2024-07-22T18:40:27.690304,2024-07-25T14:40:27.690304,"Bajaj Zila, Mysuru"
9402,2025-06-20T09:40:27.691081,2025-06-21T14:40:27.691081,"Ghose Path, Belagavi"
9403,2025-04-01T10:40:27.692117,2025-04-02T14:40:27.692117,"Kumer Nagar, Belagavi"
9404,2026-05-04T12:40:27.693150,2026-05-05T14:40:27.693150,"Palla Zila, Vijayapura"
9405,2026-01-08T05:40:27.693891,2026-01-08T14:40:27.693891,"Loyal, Kalaburagi"
9406,2024-11-13T10:40:27.694383,2024-11-15T14:40:27.694383,"Sule Zila, Udupi"
9407,2025-02-05T09:40:27.694761,2025-02-07T14:40:27.694761,"Ghose Ganj, Belagavi"
9408,2025-06-16T19:40:27.695340,2025-06-18T14:40:27.695340,"Solanki Ganj, Tumakuru"
9409,2025-04-09T09:40:27.696099,2025-04-09T14:40:27.696099,"Hari, Belagavi"
9410,2025-12-10T16:40:27.696721,2025-12-12T14:40:27.696721,"Sane Zila, Mandya"
9411,2025-08-01T19:40:27.697071,2025-08-03T14:40:27.697071,"Prasad, Mandya"
9412,2025-05-06T10:40:27.697659,2025-05-07T14:40:27.697659,"Nagar Zila, Bengaluru Urban"
9413,2026-02-17T16:40:27.697992,2026-02-19T14:40:27.697992,"Rana Road, Davanagere"
9414,2025-12-29T22:40:27.698120,2025-12-30T14:40:27.698120,"Bava, Vijayanagara"
9415,2025-08-30T19:40:27.699084,2025-09-02T14:40:27.699084,"Wali Circle, Dharwad"
9416,2025-11-27T21:40:27.699485,2025-11-28T14:40:27.699485,"Behl Chowk, Dakshina Kannada"
9417,2025-01-13T18:40:27.700708,2025-01-14T14:40:27.700708,"Sridhar Ganj, Kalaburagi"
9418,2025-11-09T22:40:27.701805,2025-11-12T14:40:27.701805,"Johal Street, Kolar"
9419,2025-04-06T12:40:27.702383,2025-04-08T14:40:27.702383,"Naidu Circle, Belagavi"
9420,2025-01-12T19:40:27.702782,2025-01-14T14:40:27.702782,"Mander Ganj, Kalaburagi"
9421,2025-09-09T03:40:27.703925,2025-09-10T14:40:27.703925,"Mann, Haveri"
9422,2026-02-15T22:40:27.704312,2026-02-17T14:40:27.704312,"Trivedi, Chitradurga"
9423,2024-12-22T02:40:27.705296,2024-12-24T14:40:27.705296,"Kuruvilla Chowk, Bidar"
9424,2025-01-10T12:40:27.705941,2025-01-12T14:40:27.705941,"Sant Path, Belagavi"
9425,2025-11-10T14:40:27.706254,2025-11-13T14:40:27.706254,"Nigam Zila, Dakshina Kannada"
9426,2025-01-28T07:40:27.706897,2025-01-29T14:40:27.706897,"Virk Circle, Chikkaballapura"
9427,2026-07-06T03:40:27.707725,2026-07-06T14:40:27.707725,"Bava Street, Chikkamagaluru"
9428,2026-02-04T04:40:27.708664,2026-02-04T14:40:27.708664,"Wable Zila, Belagavi"
9429,2024-08-26T15:40:27.709722,2024-08-27T14:40:27.709722,"Kuruvilla Chowk, Mandya"
9430,2024-11-07T03:40:27.710912,2024-11-09T14:40:27.710912,"Chaudhari Circle, Bengaluru Urban"
9431,2025-11-19T22:40:27.711259,2025-11-22T14:40:27.711259,"Mitra Path, Belagavi"
9432,2025-05-04T13:40:27.711642,2025-05-04T14:40:27.711642,"Tripathi Ganj, Yadgir"
9433,2026-03-02T14:40:27.712911,2026-03-05T14:40:27.712911,"Kapoor, Belagavi"
9434,2025-05-24T15:40:27.713250,2025-05-27T14:40:27.713250,"Biswas Circle, Kodagu"
9435,2025-01-13T20:40:27.714510,2025-01-14T14:40:27.714510,"Kunda Circle, Hassan"
9436,2025-10-24T00:40:27.714900,2025-10-25T14:40:27.714900,"Goswami Marg, Belagavi"
9437,2025-11-06T01:40:27.716053,2025-11-06T14:40:27.716053,"Palan Marg, Belagavi"
9438,2024-12-29T12:40:27.716676,2024-12-29T14:40:27.716676,"Wadhwa Zila, Belagavi"
9439,2025-01-29T06:40:27.717105,2025-01-29T14:40:27.717105,"Sachdeva Circle, Bengaluru Urban"
9440,2025-12-04T22:40:27.718073,2025-12-06T14:40:27.718073,"Sridhar Path, Davanagere"
9441,2026-04-01T18:40:27.718689,2026-04-04T14:40:27.718689,"Hayer, Chikkamagaluru"
9442,2025-12-29T10:40:27.719051,2025-12-30T14:40:27.719051,"Hans Circle, Kolar"
9443,2026-01-08T18:40:27.719658,2026-01-11T14:40:27.719658,"Luthra Street, Ballari"
9444,2026-05-06T00:40:27.720058,2026-05-07T14:40:27.720058,"Bhat Road, Chikkamagaluru"
9445,2025-05-17T09:40:27.720986,2025-05-18T14:40:27.720986,"Pradhan Marg, Chikkaballapura"
9446,2025-01-04T14:40:27.721559,2025-01-05T14:40:27.721559,"Vasa Ganj, Dakshina Kannada"
9447,2025-11-17T04:40:27.721926,2025-11-17T14:40:27.721926,"Khare Road, Bagalkote"
9448,2025-09-14T23:40:27.722762,2025-09-16T14:40:27.722762,"Iyer Path, Haveri"
9449,2024-12-14T15:40:27.724080,2024-12-16T14:40:27.724080,"Bhandari Circle, Tumakuru"
9450,2025-01-15T16:40:27.725007,2025-01-18T14:40:27.725007,"Pillai Zila, Haveri"
9451,2025-03-03T06:40:27.725878,2025-03-03T14:40:27.725878,"Chawla Path, Udupi"
9452,2026-02-03T07:40:27.726200,2026-02-05T14:40:27.726200,"Salvi Path, Belagavi"
9453,2026-02-24T18:40:27.726962,2026-02-26T14:40:27.726962,"Dhillon Circle, Belagavi"
9454,2025-09-27T21:40:27.727298,2025-09-30T14:40:27.727298,"Chaudhuri Marg, Mysuru"
9455,2025-01-20T19:40:27.727684,2025-01-23T14:40:27.727684,"Krishnamurthy, Belagavi"
9456,2025-01-03T04:40:27.728629,2025-01-03T14:40:27.728629,"Sharaf Marg, Koppal"
9457,2026-03-27T23:40:27.728973,2026-03-29T14:40:27.728973,"Dasgupta, Belagavi"
9458,2024-08-22T07:40:27.729980,2024-08-22T14:40:27.729980,"Modi Chowk, Mysuru"
9459,2025-08-15T07:40:27.730335,2025-08-15T14:40:27.730335,"Shere Circle, Belagavi"
9460,2024-08-08T13:40:27.730985,2024-08-09T14:40:27.730985,"Barad Zila, Belagavi"
9461,2024-08-10T23:40:27.731918,2024-08-13T14:40:27.731918,"Prashad, Udupi"
9462,2024-09-28T23:40:27.732819,2024-09-29T14:40:27.732819,"Taneja Road, Chamarajanagara"
9463,2024-12-12T20:40:27.733736,2024-12-13T14:40:27.733736,"Dasgupta Chowk, Kolar"
9464,2026-05-06T23:40:27.734412,2026-05-08T14:40:27.734412,"Prakash Zila, Belagavi"
9465,2024-08-30T07:40:27.735039,2024-08-31T14:40:27.735039,"Khanna Path, Belagavi"
9466,2024-12-18T13:40:27.736078,2024-12-18T14:40:27.736078,"Bail Ganj, Tumakuru"
9467,2026-01-17T14:40:27.737214,2026-01-18T14:40:27.737214,"Vaidya Nagar, Bengaluru Rural"
9468,2025-10-02T00:40:27.738100,2025-10-03T14:40:27.738100,"Kumar Road, Raichur"
9469,2025-03-20T23:40:27.739249,2025-03-23T14:40:27.739249,"Apte Ganj, Dharwad"
9470,2025-11-06T07:40:27.740204,2025-11-06T14:40:27.740204,"Bhat Street, Chitradurga"
9471,2026-03-09T12:40:27.741425,2026-03-11T14:40:27.741425,"Arora Nagar, Bengaluru Urban"
9472,2024-07-14T21:40:27.742230,2024-07-16T14:40:27.742230,"Apte Chowk, Belagavi"
9473,2025-12-06T02:40:27.742605,2025-12-07T14:40:27.742605,"Brar Chowk, Belagavi"
9474,2025-04-07T19:40:27.742968,2025-04-09T14:40:27.742968,"Kata Zila, Mysuru"
9475,2025-07-25T23:40:27.743501,2025-07-28T14:40:27.743501,"Thaker Circle, Haveri"
9476,2026-03-17T22:40:27.744063,2026-03-18T14:40:27.744063,"Bansal Path, Belagavi"
9477,2025-11-02T19:40:27.744415,2025-11-03T14:40:27.744415,"Pillay Circle, Belagavi"
9478,2025-03-05T16:40:27.745057,2025-03-06T14:40:27.745057,"Agate Ganj, Ballari"
9479,2024-09-21T12:40:27.745917,2024-09-23T14:40:27.745917,"Dara Circle, Ballari"
9480,2026-06-10T09:40:27.746740,2026-06-11T14:40:27.746740,"Vig Nagar, Kalaburagi"
9481,2024-12-28T00:40:27.747314,2024-12-28T14:40:27.747314,"Shan Marg, Bengaluru Rural"
9482,2026-03-15T15:40:27.748089,2026-03-18T14:40:27.748089,"Varma Chowk, Mandya"
9483,2026-02-23T11:40:27.748457,2026-02-25T14:40:27.748457,"Deshmukh Marg, Belagavi"
9484,2024-09-17T21:40:27.749093,2024-09-20T14:40:27.749093,"Din Road, Belagavi"
9485,2026-04-11T19:40:27.749821,2026-04-14T14:40:27.749821,"Bhargava Path, Shivamogga"
9486,2025-10-21T06:40:27.750681,2025-10-22T14:40:27.750681,"Bajaj Nagar, Mysuru"
9487,2025-06-11T07:40:27.751046,2025-06-13T14:40:27.751046,"Kade Street, Gadag"
9488,2026-07-10T10:40:27.751943,2026-07-11T14:40:27.751943,"Toor Chowk, Belagavi"
9489,2024-07-26T19:40:27.752843,2024-07-29T14:40:27.752843,"Dayal Ganj, Belagavi"
9490,2024-10-21T07:40:27.753193,2024-10-22T14:40:27.753193,"Basak Street, Shivamogga"
9491,2024-07-26T23:40:27.753930,2024-07-28T14:40:27.753930,"Gopal Chowk, Belagavi"
9492,2024-11-14T18:40:27.754807,2024-11-16T14:40:27.754807,"Trivedi, Mysuru"
9493,2026-04-09T09:40:27.755953,2026-04-11T14:40:27.755953,"Parekh Chowk, Mysuru"
9494,2025-11-14T19:40:27.757067,2025-11-16T14:40:27.757067,"Mital Road, Chikkamagaluru"
9495,2025-07-26T03:40:27.757931,2025-07-28T14:40:27.757931,"Dubey Zila, Belagavi"
9496,2026-04-11T13:40:27.758777,2026-04-11T14:40:27.758777,"Bhatt Ganj, Belagavi"
9497,2024-09-13T13:40:27.759726,2024-09-13T14:40:27.759726,"Ben Zila, Bagalkote"
9498,2026-06-06T13:40:27.760491,2026-06-07T14:40:27.760491,"Dass Road, Dharwad"
9499,2024-07-12T07:40:27.761370,2024-07-12T14:40:27.761370,"Dutta Road, Bengaluru Urban"
9500,2025-02-03T07:40:27.762027,2025-02-03T14:40:27.762027,"Behl Marg, Bengaluru Urban"
9501,2025-07-29T08:40:27.762334,2025-07-29T14:40:27.762334,"Sarma Street, Shivamogga"
9502,2026-04-25T11:40:27.762971,2026-04-26T14:40:27.762971,"Tak Zila, Belagavi"
9503,2024-10-02T19:40:27.764076,2024-10-04T14:40:27.764076,"Naidu Street, Tumakuru"
9504,2025-12-22T09:40:27.765004,2025-12-23T14:40:27.765004,"Gill Circle, Belagavi"
9505,2026-07-05T14:40:27.766218,2026-07-06T14:40:27.766218,"Lalla Marg, Haveri"
9506,2026-06-18T15:40:27.766868,2026-06-19T14:40:27.766868,"Sankaran Chowk, Belagavi"
9507,2025-09-23T19:40:27.768006,2025-09-26T14:40:27.768006,"Bajaj Circle, Tumakuru"
9508,2026-02-11T11:40:27.769020,2026-02-12T14:40:27.769020,"Walia Street, Chikkamagaluru"
9509,2026-04-23T17:40:27.770172,2026-04-26T14:40:27.770172,"Dhar Chowk, Belagavi"
9510,2026-06-17T12:40:27.770783,2026-06-18T14:40:27.770783,"Lata Nagar, Belagavi"
9511,2025-03-13T11:40:27.771917,2025-03-15T14:40:27.771917,"Kumar Zila, Haveri"
9512,2026-05-29T22:40:27.772619,2026-06-01T14:40:27.772619,"Sodhi Ganj, Belagavi"
9513,2025-06-28T09:40:27.772882,2025-06-30T14:40:27.772882,"Agate Circle, Bagalkote"
9514,2025-01-04T12:40:27.773748,2025-01-05T14:40:27.773748,"Bhattacharyya Marg, Udupi"
9515,2025-09-24T07:40:27.774072,2025-09-25T14:40:27.774072,"Naik Path, Bengaluru Urban"
9516,2026-05-23T17:40:27.774982,2026-05-26T14:40:27.774982,"Karpe Chowk, Belagavi"
9517,2025-05-21T06:40:27.775891,2025-05-23T14:40:27.775891,"Golla Zila, Gadag"
9518,2024-09-09T19:40:27.776464,2024-09-10T14:40:27.776464,"Jain Street, Gadag"
9519,2024-07-13T17:40:27.776840,2024-07-15T14:40:27.776840,"Bava Nagar, Gadag"
9520,2025-11-27T08:40:27.777429,2025-11-29T14:40:27.777429,"De Ganj, Vijayanagara"
9521,2026-04-27T15:40:27.777799,2026-04-28T14:40:27.777799,"Nanda Street, Dharwad"
9522,2026-04-25T14:40:27.778780,2026-04-26T14:40:27.778780,"Natt Street, Davanagere"
9523,2024-09-12T10:40:27.779396,2024-09-14T14:40:27.779396,"Ahuja, Bengaluru Urban"
9524,2025-09-26T07:40:27.779766,2025-09-26T14:40:27.779766,"Apte, Haveri"
9525,2025-05-08T21:40:27.780419,2025-05-11T14:40:27.780419,"Pillay, Bengaluru Urban"
9526,2025-02-09T16:40:27.781023,2025-02-10T14:40:27.781023,"Chandra Nagar, Mandya"
9527,2026-06-18T07:40:27.781877,2026-06-18T14:40:27.781877,"Das Marg, Belagavi"
9528,2025-08-20T08:40:27.782178,2025-08-22T14:40:27.782178,"Sharaf Chowk, Hassan"
9529,2024-08-08T09:40:27.782810,2024-08-10T14:40:27.782810,"Saha Chowk, Kodagu"
9530,2024-12-11T04:40:27.783169,2024-12-12T14:40:27.783169,"Oommen, Davanagere"
9531,2024-07-14T09:40:27.783795,2024-07-14T14:40:27.783795,"Mukherjee Circle, Belagavi"
9532,2025-04-09T19:40:27.784167,2025-04-11T14:40:27.784167,"Grover Circle, Belagavi"
9533,2026-04-05T06:40:27.785190,2026-04-06T14:40:27.785190,"Prabhu, Belagavi"
9534,2025-07-31T13:40:27.786100,2025-08-02T14:40:27.786100,"Chahal Marg, Ramanagara"
9535,2024-09-28T04:40:27.786446,2024-09-28T14:40:27.786446,"Rau Path, Ballari"
9536,2024-10-20T08:40:27.787060,2024-10-21T14:40:27.787060,"Raja Ganj, Bengaluru Urban"
9537,2025-12-19T04:40:27.787420,2025-12-19T14:40:27.787420,"Gade Chowk, Bengaluru Urban"
9538,2026-04-02T05:40:27.788402,2026-04-04T14:40:27.788402,"Sampath Circle, Belagavi"
9539,2026-06-03T02:40:27.789265,2026-06-05T14:40:27.789265,"Dora, Belagavi"
9540,2026-02-02T23:40:27.790189,2026-02-04T14:40:27.790189,"Trivedi Road, Belagavi"
9541,2026-05-29T06:40:27.791395,2026-05-30T14:40:27.791395,"Andra Nagar, Belagavi"
9542,2026-03-05T19:40:27.792644,2026-03-06T14:40:27.792644,"Nadkarni Marg, Belagavi"
9543,2024-08-15T03:40:27.793400,2024-08-16T14:40:27.793400,"Bhatia Path, Chikkaballapura"
9544,2024-09-01T04:40:27.793736,2024-09-01T14:40:27.793736,"Bir Nagar, Ramanagara"
9545,2024-08-01T03:40:27.794614,2024-08-02T14:40:27.794614,"Gara, Davanagere"
9546,2025-10-30T00:40:27.794985,2025-10-30T14:40:27.794985,"Rajan Ganj, Ramanagara"
9547,2026-02-09T01:40:27.796225,2026-02-10T14:40:27.796225,"Seth Chowk, Belagavi"
9548,2024-12-25T22:40:27.796658,2024-12-26T14:40:27.796658,"Dhingra Ganj, Ballari"
9549,2026-01-25T18:40:27.797487,2026-01-27T14:40:27.797487,"Sathe Road, Bengaluru Urban"
9550,2025-07-18T09:40:27.798632,2025-07-20T14:40:27.798632,"Sharma Marg, Kodagu"
9551,2024-09-15T03:40:27.799764,2024-09-17T14:40:27.799764,"Modi Street, Belagavi"
9552,2024-11-20T13:40:27.800380,2024-11-21T14:40:27.800380,"Golla Nagar, Belagavi"
9553,2026-06-02T07:40:27.801247,2026-06-04T14:40:27.801247,"Keer Street, Belagavi"
9554,2025-01-02T08:40:27.801616,2025-01-03T14:40:27.801616,"Wadhwa Street, Chikkaballapura"
9555,2026-03-03T19:40:27.801985,2026-03-06T14:40:27.801985,"Gokhale Circle, Bengaluru Urban"
9556,2026-06-07T04:40:27.802328,2026-06-07T14:40:27.802328,"Peri, Belagavi"
9557,2025-06-06T21:40:27.803080,2025-06-08T14:40:27.803080,"Varghese Circle, Belagavi"
9558,2026-03-14T11:40:27.803442,2026-03-14T14:40:27.803442,"Kapadia Ganj, Belagavi"
9559,2026-04-11T05:40:27.804157,2026-04-11T14:40:27.804157,"Gole Path, Belagavi"
9560,2026-04-30T02:40:27.805111,2026-05-02T14:40:27.805111,"Shankar, Belagavi"
9561,2026-05-19T08:40:27.806105,2026-05-20T14:40:27.806105,"Sama Zila, Belagavi"
9562,2025-04-17T14:40:27.806419,2025-04-19T14:40:27.806419,"Sekhon Circle, Belagavi"
9563,2026-04-12T02:40:27.807344,2026-04-12T14:40:27.807344,"Tara Zila, Davanagere"
9564,2024-08-04T18:40:27.808012,2024-08-07T14:40:27.808012,"Singhal Road, Vijayanagara"
9565,2025-05-30T04:40:27.809288,2025-06-01T14:40:27.809288,"Saxena Ganj, Kodagu"
9566,2025-08-31T14:40:27.809667,2025-09-03T14:40:27.809667,"Arya Road, Belagavi"
9567,2026-06-15T14:40:27.810035,2026-06-17T14:40:27.810035,"Bedi Nagar, Kodagu"
9568,2025-08-31T11:40:27.811183,2025-09-01T14:40:27.811183,"Ray Circle, Mandya"
9569,2025-04-10T09:40:27.812123,2025-04-10T14:40:27.812123,"Boase Nagar, Belagavi"
9570,2026-03-05T01:40:27.813290,2026-03-07T14:40:27.813290,"Char Nagar, Hassan"
9571,2025-01-04T00:40:27.814422,2025-01-05T14:40:27.814422,"Bhattacharyya Road, Ballari"
9572,2025-05-07T07:40:27.814799,2025-05-07T14:40:27.814799,"Loyal Zila, Udupi"
9573,2025-08-09T20:40:27.815234,2025-08-11T14:40:27.815234,"Doshi Chowk, Chitradurga"
9574,2024-08-12T20:40:27.816396,2024-08-13T14:40:27.816396,"Sampath Ganj, Chitradurga"
9575,2025-12-06T22:40:27.817040,2025-12-08T14:40:27.817040,"Nori Circle, Belagavi"
9576,2025-04-13T15:40:27.817893,2025-04-15T14:40:27.817893,"Kumer Nagar, Belagavi"
9577,2025-10-18T14:40:27.819021,2025-10-21T14:40:27.819021,"Rege Nagar, Dakshina Kannada"
9578,2026-06-29T09:40:27.819354,2026-06-30T14:40:27.819354,"Tak Path, Belagavi"
9579,2025-05-03T20:40:27.820035,2025-05-04T14:40:27.820035,"Naik Road, Koppal"
9580,2026-02-27T23:40:27.820936,2026-03-02T14:40:27.820936,"Chandran Path, Belagavi"
9581,2026-01-27T09:40:27.821899,2026-01-29T14:40:27.821899,"Dyal Ganj, Belagavi"
9582,2026-04-19T00:40:27.822469,2026-04-20T14:40:27.822469,"Solanki Street, Gadag"
9583,2025-05-25T16:40:27.823773,2025-05-28T14:40:27.823773,"Narayanan Nagar, Bengaluru Urban"
9584,2024-12-29T02:40:27.824414,2024-12-31T14:40:27.824414,"Bains Ganj, Bengaluru Urban"
9585,2024-12-15T00:40:27.825286,2024-12-17T14:40:27.825286,"Vora Zila, Kolar"
9586,2026-02-08T20:40:27.825927,2026-02-10T14:40:27.825927,"Gola Circle, Mysuru"
9587,2026-02-09T18:40:27.826989,2026-02-10T14:40:27.826989,"Parmar Chowk, Kalaburagi"
9588,2025-10-19T02:40:27.827425,2025-10-21T14:40:27.827425,"Chadha Chowk, Haveri"
9589,2024-08-10T04:40:27.828377,2024-08-11T14:40:27.828377,"Talwar Zila, Koppal"
9590,2026-03-23T10:40:27.828765,2026-03-23T14:40:27.828765,"Mander Path, Davanagere"
9591,2024-07-09T02:40:27.829684,2024-07-11T14:40:27.829684,"Karpe Road, Ballari"
9592,2024-11-12T04:40:27.830559,2024-11-13T14:40:27.830559,"Loyal, Koppal"
9593,2026-04-24T23:40:27.830846,2026-04-27T14:40:27.830846,"Dara Circle, Chamarajanagara"
9594,2026-04-20T10:40:27.831704,2026-04-20T14:40:27.831704,"Mallick Nagar, Belagavi"
9595,2026-05-01T03:40:27.832163,2026-05-03T14:40:27.832163,"Viswanathan Chowk, Dakshina Kannada"
9596,2026-05-03T07:40:27.832775,2026-05-03T14:40:27.832775,"Sur, Bengaluru Rural"
9597,2024-08-14T09:40:27.833112,2024-08-14T14:40:27.833112,"Mody Zila, Belagavi"
9598,2025-08-06T02:40:27.834104,2025-08-08T14:40:27.834104,"Mallick Nagar, Belagavi"
9599,2025-01-26T06:40:27.835005,2025-01-27T14:40:27.835005,"Bose Street, Davanagere"
9600,2025-02-27T00:40:27.835617,2025-02-28T14:40:27.835617,"Dara Circle, Belagavi"
9601,2026-07-09T13:40:27.836016,2026-07-10T14:40:27.836016,"Yogi Zila, Belagavi"
9602,2025-02-18T05:40:27.837134,2025-02-18T14:40:27.837134,"Sheth Circle, Belagavi"
9603,2025-03-20T02:40:27.837706,2025-03-22T14:40:27.837706,"Dhingra Nagar, Belagavi"
9604,2026-03-05T04:40:27.838057,2026-03-06T14:40:27.838057,"Kapur Chowk, Dharwad"
9605,2025-06-25T09:40:27.838379,2025-06-27T14:40:27.838379,"Sekhon Circle, Vijayanagara"
9606,2024-08-22T23:40:27.839613,2024-08-23T14:40:27.839613,"Sami Road, Belagavi"
9607,2024-12-29T07:40:27.839911,2024-12-29T14:40:27.839911,"Sidhu Chowk, Mandya"
9608,2025-11-16T13:40:27.840493,2025-11-18T14:40:27.840493,"Mand, Koppal"
9609,2025-12-07T20:40:27.840879,2025-12-09T14:40:27.840879,"Narayan Nagar, Belagavi"
9610,2024-12-23T07:40:27.841716,2024-12-23T14:40:27.841716,"Muni Street, Ballari"
9611,2025-04-30T15:40:27.842046,2025-05-02T14:40:27.842046,"Sarkar Marg, Belagavi"
9612,2025-12-10T02:40:27.842926,2025-12-11T14:40:27.842926,"Sengupta Marg, Davanagere"
9613,2025-04-28T03:40:27.844069,2025-04-30T14:40:27.844069,"Parmer Chowk, Mandya"
9614,2025-08-20T05:40:27.844429,2025-08-20T14:40:27.844429,"Viswanathan Street, Kolar"
9615,2024-12-20T23:40:27.844846,2024-12-23T14:40:27.844846,"Rajagopal Zila, Vijayanagara"
9616,2026-06-28T14:40:27.845261,2026-06-30T14:40:27.845261,"Keer Road, Yadgir"
9617,2025-02-13T14:40:27.846074,2025-02-16T14:40:27.846074,"Dubey Chowk, Bengaluru Urban"
9618,2025-01-04T15:40:27.846417,2025-01-05T14:40:27.846417,"Sibal Circle, Bengaluru Urban"
9619,2024-08-01T14:40:27.846815,2024-08-03T14:40:27.846815,"Goswami Path, Belagavi"
9620,2026-03-24T13:40:27.847978,2026-03-25T14:40:27.847978,"Wagle Marg, Raichur"
9621,2026-01-10T23:40:27.849138,2026-01-11T14:40:27.849138,"Nayak Road, Chikkamagaluru"
9622,2025-04-02T16:40:27.849481,2025-04-04T14:40:27.849481,"Mand Chowk, Haveri"
9623,2026-05-22T20:40:27.850148,2026-05-23T14:40:27.850148,"Deol Ganj, Belagavi"
9624,2024-12-26T18:40:27.851109,2024-12-28T14:40:27.851109,"Cheema Road, Vijayanagara"
9625,2026-01-05T19:40:27.852216,2026-01-06T14:40:27.852216,"Borde Street, Belagavi"
9626,2025-08-14T11:40:27.853211,2025-08-14T14:40:27.853211,"Acharya Marg, Belagavi"
9627,2025-10-23T12:40:27.853609,2025-10-23T14:40:27.853609,"Goyal Ganj, Chikkaballapura"
9628,2024-11-14T04:40:27.854726,2024-11-16T14:40:27.854726,"Sem Nagar, Chamarajanagara"
9629,2025-05-25T16:40:27.855335,2025-05-27T14:40:27.855335,"Bath Chowk, Davanagere"
9630,2024-12-09T22:40:27.856275,2024-12-11T14:40:27.856275,"Tak, Bengaluru Rural"
9631,2026-05-31T17:40:27.857428,2026-06-03T14:40:27.857428,"Bassi Ganj, Kalaburagi"
9632,2025-10-03T12:40:27.858146,2025-10-05T14:40:27.858146,"Bedi, Bidar"
9633,2024-09-17T08:40:27.859029,2024-09-18T14:40:27.859029,"Sawhney Street, Hassan"
9634,2025-09-22T10:40:27.859969,2025-09-23T14:40:27.859969,"Peri Road, Tumakuru"
9635,2025-11-19T23:40:27.860313,2025-11-21T14:40:27.860313,"Som Chowk, Ballari"
9636,2026-01-18T18:40:27.861459,2026-01-19T14:40:27.861459,"Panchal Nagar, Belagavi"
9637,2026-04-09T06:40:27.862105,2026-04-11T14:40:27.862105,"Subramaniam Marg, Belagavi"
9638,2024-09-10T17:40:27.862442,2024-09-11T14:40:27.862442,"Wason, Bengaluru Urban"
9639,2025-09-27T12:40:27.862850,2025-09-29T14:40:27.862850,"Krish Street, Bidar"
9640,2025-01-05T03:40:27.863351,2025-01-06T14:40:27.863351,"Ganguly Road, Davanagere"
9641,2026-04-16T01:40:27.864135,2026-04-16T14:40:27.864135,"Talwar Circle, Belagavi"
9642,2026-06-12T14:40:27.865121,2026-06-13T14:40:27.865121,"Srinivas Chowk, Dharwad"
9643,2025-08-01T23:40:27.865494,2025-08-02T14:40:27.865494,"Aurora Nagar, Belagavi"
9644,2026-01-24T08:40:27.866305,2026-01-26T14:40:27.866305,"Gill Marg, Belagavi"
9645,2025-03-07T18:40:27.867285,2025-03-09T14:40:27.867285,"Malhotra Path, Chitradurga"
9646,2024-11-07T08:40:27.868246,2024-11-07T14:40:27.868246,"Peri Nagar, Bengaluru Urban"
9647,2025-03-12T07:40:27.868620,2025-03-12T14:40:27.868620,"Bera Path, Belagavi"
9648,2025-01-10T16:40:27.869761,2025-01-13T14:40:27.869761,"Venkataraman Chowk, Vijayapura"
9649,2026-04-05T16:40:27.870195,2026-04-07T14:40:27.870195,"Tiwari, Bagalkote"
9650,2025-11-18T13:40:27.870585,2025-11-19T14:40:27.870585,"Bhalla Zila, Kolar"
9651,2026-05-03T09:40:27.871729,2026-05-05T14:40:27.871729,"Ramesh Zila, Belagavi"
9652,2024-12-24T22:40:27.872969,2024-12-26T14:40:27.872969,"Rau Nagar, Belagavi"
9653,2026-01-19T05:40:27.873589,2026-01-21T14:40:27.873589,"Batta Road, Belagavi"
9654,2025-01-05T16:40:27.873958,2025-01-07T14:40:27.873958,"Dutt Marg, Bengaluru Urban"
9655,2025-12-30T05:40:27.875093,2026-01-01T14:40:27.875093,"Sachdeva Ganj, Belagavi"
9656,2024-07-30T01:40:27.876366,2024-07-31T14:40:27.876366,"Yohannan Ganj, Mysuru"
9657,2025-05-30T16:40:27.877270,2025-06-02T14:40:27.877270,"Prakash Nagar, Vijayanagara"
9658,2025-03-12T19:40:27.878195,2025-03-14T14:40:27.878195,"Sachar Chowk, Ballari"
9659,2024-10-13T20:40:27.878879,2024-10-15T14:40:27.878879,"More Chowk, Belagavi"
9660,2026-03-08T06:40:27.879479,2026-03-10T14:40:27.879479,"Sarna Street, Belagavi"
9661,2026-02-19T01:40:27.880180,2026-02-19T14:40:27.880180,"Natarajan Marg, Davanagere"
9662,2026-02-04T08:40:27.880554,2026-02-06T14:40:27.880554,"Chadha Road, Belagavi"
9663,2026-01-29T10:40:27.881402,2026-01-31T14:40:27.881402,"Peri Path, Belagavi"
9664,2024-08-12T03:40:27.881786,2024-08-13T14:40:27.881786,"Devi Nagar, Belagavi"
9665,2025-12-24T18:40:27.882554,2025-12-26T14:40:27.882554,"Dar Road, Kalaburagi"
9666,2025-05-07T19:40:27.882919,2025-05-08T14:40:27.882919,"More Marg, Bengaluru Urban"
9667,2026-07-01T04:40:27.883757,2026-07-01T14:40:27.883757,"Pal, Chikkaballapura"
9668,2024-07-25T14:40:27.884168,2024-07-27T14:40:27.884168,"Gulati Circle, Yadgir"
9669,2025-11-06T01:40:27.885213,2025-11-06T14:40:27.885213,"Gade Circle, Dakshina Kannada"
9670,2024-10-22T23:40:27.886605,2024-10-25T14:40:27.886605,"Desai Zila, Davanagere"
9671,2026-05-22T20:40:27.887753,2026-05-25T14:40:27.887753,"Bhatnagar Zila, Mysuru"
9672,2024-08-09T14:40:27.888155,2024-08-12T14:40:27.888155,"Amble Path, Hassan"
9673,2025-05-18T04:40:27.888637,2025-05-19T14:40:27.888637,"Badami Marg, Hassan"
9674,2025-01-23T10:40:27.889507,2025-01-25T14:40:27.889507,"Khalsa, Raichur"
9675,2025-07-25T17:40:27.890795,2025-07-26T14:40:27.890795,"Malhotra Street, Gadag"
9676,2025-04-06T14:40:27.891897,2025-04-09T14:40:27.891897,"Comar Ganj, Vijayanagara"
9677,2024-08-01T18:40:27.892879,2024-08-04T14:40:27.892879,"Banerjee Chowk, Chikkamagaluru"
9678,2026-06-11T11:40:27.893209,2026-06-11T14:40:27.893209,"Sahota Street, Belagavi"
9679,2025-02-16T09:40:27.893800,2025-02-17T14:40:27.893800,"Kakar Nagar, Bengaluru Urban"
9680,2026-06-19T00:40:27.894447,2026-06-21T14:40:27.894447,"Talwar Zila, Vijayanagara"
9681,2024-08-25T17:40:27.894926,2024-08-26T14:40:27.894926,"Joshi Chowk, Kodagu"
9682,2026-06-02T17:40:27.895494,2026-06-03T14:40:27.895494,"Iyer Path, Belagavi"
9683,2024-12-21T12:40:27.895955,2024-12-21T14:40:27.895955,"Shukla Nagar, Mysuru"
9684,2025-12-07T15:40:27.896407,2025-12-09T14:40:27.896407,"Banerjee, Belagavi"
9685,2024-12-13T13:40:27.897034,2024-12-13T14:40:27.897034,"Kadakia Ganj, Dakshina Kannada"
9686,2026-02-07T02:40:27.897820,2026-02-07T14:40:27.897820,"Batta Street, Vijayanagara"
9687,2026-07-06T04:40:27.898959,2026-07-08T14:40:27.898959,"Mand Chowk, Davanagere"
9688,2025-03-23T19:40:27.899627,2025-03-26T14:40:27.899627,"Shanker Zila, Kalaburagi"
9689,2025-08-25T07:40:27.900898,2025-08-27T14:40:27.900898,"Chahal Street, Dharwad"
9690,2025-05-11T06:40:27.902121,2025-05-12T14:40:27.902121,"Setty Zila, Chitradurga"
9691,2025-05-23T00:40:27.903170,2025-05-23T14:40:27.903170,"Bir Circle, Ramanagara"
9692,2026-01-04T02:40:27.904576,2026-01-04T14:40:27.904576,"Kuruvilla Circle, Yadgir"
9693,2026-01-25T16:40:27.904950,2026-01-26T14:40:27.904950,"Kaur Zila, Bengaluru Urban"
9694,2026-02-15T15:40:27.905879,2026-02-17T14:40:27.905879,"Das Marg, Haveri"
9695,2026-06-08T05:40:27.906233,2026-06-08T14:40:27.906233,"Pai Ganj, Belagavi"
9696,2025-09-13T04:40:27.907224,2025-09-15T14:40:27.907224,"Sandhu Ganj, Belagavi"
9697,2025-05-08T19:40:27.907690,2025-05-11T14:40:27.907690,"Chaudhuri Zila, Belagavi"
9698,2026-03-08T21:40:27.908381,2026-03-09T14:40:27.908381,"Subramaniam Road, Belagavi"
9699,2026-03-08T00:40:27.909278,2026-03-08T14:40:27.909278,"Dutta Ganj, Shivamogga"
9700,2026-05-12T16:40:27.909920,2026-05-14T14:40:27.909920,"Palan Chowk, Belagavi"
9701,2025-07-29T05:40:27.910804,2025-07-30T14:40:27.910804,"Kumer Path, Chikkaballapura"
9702,2026-06-17T10:40:27.911378,2026-06-19T14:40:27.911378,"Aurora Zila, Raichur"
9703,2025-12-09T03:40:27.912142,2025-12-09T14:40:27.912142,"Walla Street, Kodagu"
9704,2025-06-23T16:40:27.913319,2025-06-26T14:40:27.913319,"Behl Marg, Mysuru"
9705,2025-10-31T07:40:27.913701,2025-11-02T14:40:27.913701,"Chacko Circle, Kolar"
9706,2026-02-21T19:40:27.914053,2026-02-23T14:40:27.914053,"Mand Nagar, Dharwad"
9707,2024-10-28T23:40:27.914407,2024-10-30T14:40:27.914407,"Randhawa, Ballari"
9708,2026-02-05T02:40:27.915054,2026-02-07T14:40:27.915054,"Hegde Chowk, Belagavi"
9709,2026-05-25T18:40:27.916246,2026-05-26T14:40:27.916246,"Murty Ganj, Belagavi"
9710,2026-04-20T18:40:27.917376,2026-04-21T14:40:27.917376,"Dua Chowk, Tumakuru"
9711,2025-09-26T00:40:27.918038,2025-09-27T14:40:27.918038,"Rajagopal Zila, Udupi"
9712,2026-02-25T15:40:27.918506,2026-02-26T14:40:27.918506,"Savant Nagar, Yadgir"
9713,2025-12-25T16:40:27.919588,2025-12-27T14:40:27.919588,"Chakrabarti Marg, Yadgir"
9714,2024-12-10T01:40:27.920256,2024-12-11T14:40:27.920256,"Merchant Circle, Mysuru"
9715,2025-09-24T23:40:27.921382,2025-09-26T14:40:27.921382,"Balasubramanian Marg, Mysuru"
9716,2026-02-14T23:40:27.922567,2026-02-15T14:40:27.922567,"Jhaveri Circle, Belagavi"
9717,2026-04-01T23:40:27.923147,2026-04-03T14:40:27.923147,"Bains Nagar, Belagavi"
9718,2025-10-19T07:40:27.923770,2025-10-19T14:40:27.923770,"Murthy Circle, Mandya"
9719,2026-06-23T23:40:27.924173,2026-06-26T14:40:27.924173,"Barman Ganj, Chikkaballapura"
9720,2025-09-09T05:40:27.925165,2025-09-11T14:40:27.925165,"Balan Nagar, Tumakuru"
9721,2026-05-01T23:40:27.926121,2026-05-03T14:40:27.926121,"Oommen Zila, Vijayapura"
9722,2025-05-20T10:40:27.927016,2025-05-21T14:40:27.927016,"Khare Zila, Koppal"
9723,2026-04-06T00:40:27.927348,2026-04-07T14:40:27.927348,"Hayre Street, Ramanagara"
9724,2024-11-02T22:40:27.928302,2024-11-03T14:40:27.928302,"Prabhu Zila, Udupi"
9725,2024-11-18T03:40:27.929145,2024-11-18T14:40:27.929145,"Dhingra Marg, Bengaluru Urban"
9726,2025-10-12T10:40:27.929800,2025-10-13T14:40:27.929800,"Kapur Path, Udupi"
9727,2025-10-24T10:40:27.930656,2025-10-24T14:40:27.930656,"Dora Marg, Mysuru"
9728,2026-04-22T03:40:27.931594,2026-04-22T14:40:27.931594,"Narang Zila, Koppal"
9729,2026-06-27T17:40:27.932295,2026-06-30T14:40:27.932295,"Char Path, Belagavi"
9730,2024-11-17T13:40:27.933190,2024-11-19T14:40:27.933190,"Sridhar Chowk, Ramanagara"
9731,2025-08-19T05:40:27.933556,2025-08-21T14:40:27.933556,"Rama Road, Belagavi"
9732,2026-05-03T08:40:27.934452,2026-05-05T14:40:27.934452,"Ramaswamy, Belagavi"
9733,2026-04-15T06:40:27.935610,2026-04-16T14:40:27.935610,"Upadhyay Ganj, Belagavi"
9734,2025-01-05T12:40:27.936336,2025-01-06T14:40:27.936336,"Modi Marg, Koppal"
9735,2024-12-01T03:40:27.937252,2024-12-01T14:40:27.937252,"Nori Zila, Belagavi"
9736,2026-02-09T12:40:27.937707,2026-02-10T14:40:27.937707,"Borra Path, Chamarajanagara"
9737,2025-03-13T01:40:27.938875,2025-03-15T14:40:27.938875,"Lata Marg, Kalaburagi"
9738,2025-02-12T22:40:27.940070,2025-02-15T14:40:27.940070,"Sane Chowk, Mysuru"
9739,2025-06-24T07:40:27.940391,2025-06-26T14:40:27.940391,"Korpal Ganj, Bengaluru Rural"
9740,2026-03-01T09:40:27.940769,2026-03-01T14:40:27.940769,"Ganesan, Mandya"
9741,2025-11-21T00:40:27.941666,2025-11-22T14:40:27.941666,"Master Circle, Belagavi"
9742,2026-05-11T05:40:27.942152,2026-05-11T14:40:27.942152,"Dayal, Davanagere"
9743,2025-06-01T00:40:27.942491,2025-06-02T14:40:27.942491,"Sinha Nagar, Mysuru"
9744,2024-11-21T02:40:27.943374,2024-11-23T14:40:27.943374,"Minhas Nagar, Kodagu"
9745,2026-02-12T00:40:27.944551,2026-02-13T14:40:27.944551,"Varma Circle, Yadgir"
9746,2025-11-19T11:40:27.944899,2025-11-21T14:40:27.944899,"Sankaran Circle, Bidar"
9747,2026-06-24T09:40:27.945797,2026-06-26T14:40:27.945797,"Tank Zila, Belagavi"
9748,2026-02-23T09:40:27.946386,2026-02-24T14:40:27.946386,"Misra Chowk, Bagalkote"
9749,2025-10-08T23:40:27.947278,2025-10-10T14:40:27.947278,"Mohan Marg, Belagavi"
9750,2025-08-25T01:40:27.948251,2025-08-27T14:40:27.948251,"Nanda Nagar, Bidar"
9751,2025-10-18T13:40:27.948635,2025-10-18T14:40:27.948635,"Borde, Bengaluru Rural"
9752,2026-02-16T03:40:27.949008,2026-02-18T14:40:27.949008,"Shanker Street, Bidar"
9753,2025-12-19T03:40:27.949335,2025-12-20T14:40:27.949335,"Chowdhury Path, Bengaluru Urban"
9754,2026-04-02T01:40:27.950151,2026-04-03T14:40:27.950151,"Memon Marg, Belagavi"
9755,2025-07-26T20:40:27.950892,2025-07-28T14:40:27.950892,"Koshy Marg, Belagavi"
9756,2025-05-06T03:40:27.951241,2025-05-07T14:40:27.951241,"Loyal Marg, Belagavi"
9757,2025-06-12T06:40:27.952418,2025-06-12T14:40:27.952418,"Sodhi Ganj, Chikkamagaluru"
9758,2025-02-09T05:40:27.953401,2025-02-09T14:40:27.953401,"Varghese Marg, Chikkamagaluru"
9759,2026-06-25T20:40:27.954369,2026-06-26T14:40:27.954369,"Mahal Circle, Kolar"
9760,2024-07-29T10:40:27.955290,2024-07-30T14:40:27.955290,"Varkey, Bengaluru Urban"
9761,2026-03-05T17:40:27.955988,2026-03-06T14:40:27.955988,"Bandi, Belagavi"
9762,2025-07-20T12:40:27.956625,2025-07-20T14:40:27.956625,"Venkatesh Zila, Belagavi"
9763,2025-03-09T10:40:27.957218,2025-03-10T14:40:27.957218,"Mohan Street, Kalaburagi"
9764,2026-02-24T21:40:27.958350,2026-02-26T14:40:27.958350,"Ravi Chowk, Raichur"
9765,2024-07-30T23:40:27.958997,2024-08-02T14:40:27.958997,"Banik Ganj, Bengaluru Urban"
9766,2025-04-25T03:40:27.959316,2025-04-26T14:40:27.959316,"Sen Street, Koppal"
9767,2025-01-06T16:40:27.960348,2025-01-07T14:40:27.960348,"Karnik Zila, Koppal"
9768,2026-07-05T06:40:27.960810,2026-07-06T14:40:27.960810,"Mani Chowk, Koppal"
9769,2025-04-01T20:40:27.961937,2025-04-03T14:40:27.961937,"Nazareth Chowk, Hassan"
9770,2026-04-25T07:40:27.963079,2026-04-27T14:40:27.963079,"Mangat Circle, Belagavi"
9771,2025-05-03T19:40:27.964318,2025-05-04T14:40:27.964318,"Chawla Path, Bengaluru Urban"
9772,2026-04-17T17:40:27.965271,2026-04-19T14:40:27.965271,"Amble Nagar, Yadgir"
9773,2026-01-10T06:40:27.965909,2026-01-12T14:40:27.965909,"Acharya Ganj, Mandya"
9774,2025-08-23T02:40:27.966944,2025-08-24T14:40:27.966944,"Mishra, Belagavi"
9775,2025-09-09T00:40:27.967433,2025-09-09T14:40:27.967433,"Mital Marg, Udupi"
9776,2025-06-17T23:40:27.967877,2025-06-18T14:40:27.967877,"Bath Ganj, Belagavi"
9777,2026-03-01T19:40:27.968238,2026-03-02T14:40:27.968238,"Yadav Street, Bagalkote"
9778,2026-04-27T14:40:27.969416,2026-04-30T14:40:27.969416,"Majumdar Path, Bengaluru Urban"
9779,2025-07-17T08:40:27.969799,2025-07-18T14:40:27.969799,"Bhardwaj Marg, Ballari"
9780,2026-01-21T04:40:27.970397,2026-01-22T14:40:27.970397,"Bassi, Belagavi"
9781,2025-06-11T14:40:27.971008,2025-06-14T14:40:27.971008,"Pillay Zila, Chikkaballapura"
9782,2026-01-01T04:40:27.971937,2026-01-02T14:40:27.971937,"Savant Chowk, Mysuru"
9783,2025-01-12T03:40:27.972373,2025-01-12T14:40:27.972373,"Saini Circle, Vijayanagara"
9784,2026-02-07T17:40:27.973092,2026-02-10T14:40:27.973092,"Butala Marg, Chitradurga"
9785,2024-09-24T23:40:27.973444,2024-09-27T14:40:27.973444,"Nayak, Mysuru"
9786,2025-03-13T04:40:27.974661,2025-03-15T14:40:27.974661,"Toor Chowk, Mysuru"
9787,2025-07-28T01:40:27.975568,2025-07-28T14:40:27.975568,"Lal Street, Mysuru"
9788,2025-11-29T01:40:27.976787,2025-11-30T14:40:27.976787,"Srinivas Street, Belagavi"
9789,2025-02-24T05:40:27.977003,2025-02-26T14:40:27.977003,"Kanda Zila, Hassan"
9790,2026-04-08T20:40:27.977310,2026-04-09T14:40:27.977310,"Hora Street, Haveri"
9791,2025-10-17T06:40:27.977681,2025-10-19T14:40:27.977681,"Chanda Marg, Chamarajanagara"
9792,2026-07-01T04:40:27.978389,2026-07-01T14:40:27.978389,"Dua Circle, Belagavi"
9793,2026-07-02T02:40:27.979610,2026-07-02T14:40:27.979610,"Shah, Belagavi"
9794,2024-07-09T05:40:27.980715,2024-07-11T14:40:27.980715,"Tiwari Ganj, Haveri"
9795,2025-03-17T15:40:27.981061,2025-03-20T14:40:27.981061,"Bakshi Street, Chikkaballapura"
9796,2026-03-27T01:40:27.982400,2026-03-28T14:40:27.982400,"Guha Road, Belagavi"
9797,2025-08-08T09:40:27.983080,2025-08-10T14:40:27.983080,"Balan Road, Bagalkote"
9798,2024-08-05T21:40:27.984066,2024-08-06T14:40:27.984066,"Som Road, Belagavi"
9799,2025-01-16T12:40:27.984585,2025-01-17T14:40:27.984585,"Sodhi Zila, Vijayapura"
9800,2026-03-15T01:40:27.984995,2026-03-15T14:40:27.984995,"Bumb Zila, Belagavi"
9801,2024-10-10T03:40:27.985645,2024-10-11T14:40:27.985645,"Sem Road, Belagavi"
9802,2026-02-06T05:40:27.986280,2026-02-07T14:40:27.986280,"Dhingra Ganj, Chikkamagaluru"
9803,2025-01-17T19:40:27.986652,2025-01-19T14:40:27.986652,"Nazareth, Belagavi"
9804,2025-04-08T13:40:27.987753,2025-04-08T14:40:27.987753,"Anand Circle, Belagavi"
9805,2026-05-03T04:40:27.988156,2026-05-05T14:40:27.988156,"Basu Road, Raichur"
9806,2024-11-04T11:40:27.989341,2024-11-05T14:40:27.989341,"Dass Marg, Belagavi"
9807,2026-03-12T01:40:27.990580,2026-03-14T14:40:27.990580,"Vora Road, Belagavi"
9808,2025-06-05T02:40:27.990961,2025-06-07T14:40:27.990961,"Chandran Marg, Bengaluru Rural"
9809,2024-12-14T06:40:27.992279,2024-12-14T14:40:27.992279,"Grewal Nagar, Koppal"
9810,2025-01-25T07:40:27.992671,2025-01-25T14:40:27.992671,"Saran Marg, Belagavi"
9811,2024-08-28T01:40:27.993577,2024-08-29T14:40:27.993577,"Morar Chowk, Bidar"
9812,2026-01-07T17:40:27.993957,2026-01-10T14:40:27.993957,"Sawhney Ganj, Mysuru"
9813,2026-04-27T00:40:27.995245,2026-04-28T14:40:27.995245,"Kata Nagar, Hassan"
9814,2026-02-23T02:40:27.996467,2026-02-25T14:40:27.996467,"Seshadri Zila, Bengaluru Urban"
9815,2026-03-22T06:40:27.996966,2026-03-22T14:40:27.996966,"Mutti Zila, Belagavi"
9816,2025-08-10T22:40:27.997294,2025-08-11T14:40:27.997294,"Chand Street, Chamarajanagara"
9817,2024-11-04T07:40:27.997691,2024-11-04T14:40:27.997691,"Walla Zila, Yadgir"
9818,2025-03-09T01:40:27.998300,2025-03-09T14:40:27.998300,"Sahota Street, Haveri"
9819,2025-05-11T16:40:27.999569,2025-05-14T14:40:27.999569,"Parmar Ganj, Davanagere"
9820,2026-01-25T01:40:28.000644,2026-01-27T14:40:28.000644,"Sibal Marg, Tumakuru"
9821,2025-03-21T12:40:28.001276,2025-03-21T14:40:28.001276,"Bhavsar Road, Belagavi"
9822,2025-09-24T23:40:28.001633,2025-09-26T14:40:28.001633,"Atwal, Bagalkote"
9823,2025-08-10T06:40:28.002611,2025-08-11T14:40:28.002611,"Dara Zila, Belagavi"
9824,2026-04-30T20:40:28.003054,2026-05-02T14:40:28.003054,"Sridhar Ganj, Yadgir"
9825,2025-04-09T22:40:28.004269,2025-04-11T14:40:28.004269,"Lalla Road, Gadag"
9826,2025-08-22T08:40:28.005236,2025-08-24T14:40:28.005236,"Nayak Zila, Belagavi"
9827,2025-02-09T17:40:28.005640,2025-02-12T14:40:28.005640,"Chana Street, Dharwad"
9828,2026-01-27T01:40:28.005979,2026-01-28T14:40:28.005979,"Bhavsar Zila, Belagavi"
9829,2026-04-01T22:40:28.006321,2026-04-02T14:40:28.006321,"Thakkar Chowk, Bengaluru Rural"
9830,2025-06-23T12:40:28.006719,2025-06-23T14:40:28.006719,"Krishna Road, Bidar"
9831,2025-02-15T05:40:28.007637,2025-02-15T14:40:28.007637,"Agate, Haveri"
9832,2026-03-29T16:40:28.008730,2026-03-31T14:40:28.008730,"Chaudry Ganj, Belagavi"
9833,2025-01-01T23:40:28.009747,2025-01-04T14:40:28.009747,"Sharaf Path, Vijayapura"
9834,2025-03-16T03:40:28.010099,2025-03-18T14:40:28.010099,"Verma Street, Chikkamagaluru"
9835,2026-07-03T17:40:28.011270,2026-07-04T14:40:28.011270,"Savant Ganj, Mysuru"
9836,2026-04-08T07:40:28.011962,2026-04-08T14:40:28.011962,"Shah Path, Udupi"
9837,2025-08-12T07:40:28.012613,2025-08-14T14:40:28.012613,"Seth Road, Mandya"
9838,2026-02-07T16:40:28.013243,2026-02-08T14:40:28.013243,"Magar Nagar, Yadgir"
9839,2025-02-05T08:40:28.014447,2025-02-06T14:40:28.014447,"Prashad Street, Davanagere"
9840,2025-06-22T22:40:28.015598,2025-06-24T14:40:28.015598,"Thaker Nagar, Belagavi"
9841,2026-02-22T14:40:28.016876,2026-02-23T14:40:28.016876,"Ahluwalia Chowk, Belagavi"
9842,2024-07-25T13:40:28.018021,2024-07-26T14:40:28.018021,"Gola Ganj, Dharwad"
9843,2025-05-18T14:40:28.018382,2025-05-21T14:40:28.018382,"Grover Circle, Kolar"
9844,2025-12-17T12:40:28.018816,2025-12-18T14:40:28.018816,"Tailor Street, Bengaluru Rural"
9845,2025-02-09T22:40:28.019406,2025-02-11T14:40:28.019406,"Dar Path, Kolar"
9846,2024-07-11T05:40:28.019806,2024-07-13T14:40:28.019806,"Kapadia Path, Chikkaballapura"
9847,2026-04-30T02:40:28.020296,2026-04-30T14:40:28.020296,"Bail Ganj, Belagavi"
9848,2025-10-31T12:40:28.020688,2025-10-31T14:40:28.020688,"Dyal Ganj, Gadag"
9849,2024-10-03T14:40:28.021592,2024-10-06T14:40:28.021592,"Toor Circle, Belagavi"
9850,2025-06-14T05:40:28.022460,2025-06-14T14:40:28.022460,"Sehgal Zila, Kalaburagi"
9851,2025-02-21T03:40:28.023146,2025-02-23T14:40:28.023146,"Ganesan Marg, Raichur"
9852,2025-08-28T18:40:28.024443,2025-08-31T14:40:28.024443,"Dhaliwal Chowk, Bagalkote"
9853,2025-03-25T11:40:28.025111,2025-03-25T14:40:28.025111,"Ghosh Ganj, Vijayapura"
9854,2025-03-06T05:40:28.026017,2025-03-08T14:40:28.026017,"Dewan Circle, Bengaluru Rural"
9855,2025-04-19T12:40:28.026458,2025-04-21T14:40:28.026458,"Tella, Davanagere"
9856,2025-09-20T07:40:28.027648,2025-09-20T14:40:28.027648,"Anand Zila, Belagavi"
9857,2024-11-01T09:40:28.028631,2024-11-03T14:40:28.028631,"Wable Circle, Vijayanagara"
9858,2026-03-26T18:40:28.029504,2026-03-29T14:40:28.029504,"Agate Ganj, Belagavi"
9859,2025-08-12T01:40:28.030144,2025-08-14T14:40:28.030144,"Anand Marg, Gadag"
9860,2026-04-08T11:40:28.031108,2026-04-08T14:40:28.031108,"Mohan Road, Kalaburagi"
9861,2025-10-06T01:40:28.032420,2025-10-06T14:40:28.032420,"Sen Ganj, Vijayapura"
9862,2026-04-15T00:40:28.033495,2026-04-16T14:40:28.033495,"Contractor Street, Belagavi"
9863,2025-12-24T01:40:28.034678,2025-12-26T14:40:28.034678,"Chaudhry Chowk, Davanagere"
9864,2026-01-22T02:40:28.035040,2026-01-23T14:40:28.035040,"Soman Ganj, Mandya"
9865,2025-07-15T06:40:28.035611,2025-07-16T14:40:28.035611,"Sachdev Circle, Ballari"
9866,2026-04-18T15:40:28.036834,2026-04-20T14:40:28.036834,"Dhillon, Belagavi"
9867,2024-09-30T04:40:28.037161,2024-09-30T14:40:28.037161,"Rege Marg, Ramanagara"
9868,2024-12-12T23:40:28.037884,2024-12-13T14:40:28.037884,"Gour Nagar, Vijayanagara"
9869,2026-02-20T20:40:28.038223,2026-02-22T14:40:28.038223,"Rana Chowk, Belagavi"
9870,2024-10-10T13:40:28.038692,2024-10-12T14:40:28.038692,"Raman Chowk, Vijayapura"
9871,2025-09-18T06:40:28.039373,2025-09-20T14:40:28.039373,"Jha Zila, Haveri"
9872,2026-01-07T14:40:28.039867,2026-01-09T14:40:28.039867,"Palan Nagar, Belagavi"
9873,2026-01-18T03:40:28.040805,2026-01-20T14:40:28.040805,"Soman Ganj, Shivamogga"
9874,2026-02-05T10:40:28.041732,2026-02-07T14:40:28.041732,"Krishna Marg, Belagavi"
9875,2025-06-01T00:40:28.042642,2025-06-02T14:40:28.042642,"Borde Chowk, Belagavi"
9876,2024-11-27T23:40:28.044279,2024-11-30T14:40:28.044279,"Sidhu Street, Kolar"
9877,2026-02-22T17:40:28.045500,2026-02-25T14:40:28.045500,"Mukhopadhyay Path, Belagavi"
9878,2026-03-07T13:40:28.046455,2026-03-07T14:40:28.046455,"Shukla Nagar, Belagavi"
9879,2025-10-21T14:40:28.046993,2025-10-22T14:40:28.046993,"Bala Road, Belagavi"
9880,2026-06-30T09:40:28.048085,2026-06-30T14:40:28.048085,"Mammen Street, Belagavi"
9881,2024-10-15T19:40:28.048748,2024-10-17T14:40:28.048748,"Chaudry Ganj, Hassan"
9882,2026-02-10T11:40:28.049188,2026-02-10T14:40:28.049188,"Madan Path, Belagavi"
9883,2025-05-28T11:40:28.050068,2025-05-28T14:40:28.050068,"Behl, Bengaluru Rural"
9884,2026-01-21T21:40:28.050228,2026-01-24T14:40:28.050228,"Chada Path, Belagavi"
9885,2025-08-29T16:40:28.051138,2025-08-30T14:40:28.051138,"Kannan Marg, Belagavi"
9886,2025-09-28T22:40:28.052231,2025-09-30T14:40:28.052231,"Kanda Marg, Tumakuru"
9887,2026-01-27T21:40:28.052662,2026-01-29T14:40:28.052662,"Mohanty Road, Chitradurga"
9888,2024-10-07T04:40:28.053616,2024-10-07T14:40:28.053616,"Mangat Zila, Yadgir"
9889,2025-08-08T12:40:28.054493,2025-08-08T14:40:28.054493,"Bobal, Belagavi"
9890,2026-03-02T14:40:28.054907,2026-03-05T14:40:28.054907,"Dutt Nagar, Belagavi"
9891,2026-05-06T01:40:28.055871,2026-05-07T14:40:28.055871,"Thaman Zila, Belagavi"
9892,2024-11-22T14:40:28.056771,2024-11-23T14:40:28.056771,"Gandhi Street, Dharwad"
9893,2024-10-30T20:40:28.057756,2024-11-02T14:40:28.057756,"Chand, Chamarajanagara"
9894,2025-09-13T20:40:28.058040,2025-09-16T14:40:28.058040,"Nagi, Hassan"
9895,2026-03-01T14:40:28.058382,2026-03-03T14:40:28.058382,"Chowdhury Ganj, Dharwad"
9896,2024-11-01T20:40:28.059023,2024-11-02T14:40:28.059023,"Chaudhuri Zila, Kodagu"
9897,2025-11-21T07:40:28.059776,2025-11-22T14:40:28.059776,"Chana Ganj, Dharwad"
9898,2025-09-08T12:40:28.060175,2025-09-09T14:40:28.060175,"Sood, Belagavi"
9899,2025-07-05T09:40:28.061101,2025-07-07T14:40:28.061101,"Sane Path, Tumakuru"
9900,2026-05-12T11:40:28.061761,2026-05-13T14:40:28.061761,"Raju Nagar, Belagavi"
9901,2025-07-30T13:40:28.062714,2025-08-01T14:40:28.062714,"Behl Ganj, Hassan"
9902,2024-11-05T22:40:28.063191,2024-11-06T14:40:28.063191,"Mane Chowk, Haveri"
9903,2025-01-12T04:40:28.064459,2025-01-12T14:40:28.064459,"Buch Ganj, Belagavi"
9904,2025-07-12T07:40:28.064869,2025-07-14T14:40:28.064869,"Goda Marg, Belagavi"
9905,2026-06-24T17:40:28.065217,2026-06-26T14:40:28.065217,"Sathe Street, Belagavi"
9906,2025-10-08T01:40:28.066169,2025-10-10T14:40:28.066169,"Behl, Bengaluru Rural"
9907,2025-04-22T21:40:28.066841,2025-04-25T14:40:28.066841,"Kara Marg, Belagavi"
9908,2025-10-04T17:40:28.067271,2025-10-06T14:40:28.067271,"Pal Nagar, Belagavi"
9909,2025-10-20T07:40:28.068560,2025-10-20T14:40:28.068560,"Khurana, Vijayapura"
9910,2025-11-26T01:40:28.069828,2025-11-28T14:40:28.069828,"Luthra Marg, Dharwad"
9911,2025-06-16T04:40:28.070757,2025-06-18T14:40:28.070757,"Munshi Ganj, Bagalkote"
9912,2024-12-23T13:40:28.071114,2024-12-23T14:40:28.071114,"Bahri Chowk, Bengaluru Urban"
9913,2024-10-02T05:40:28.071468,2024-10-02T14:40:28.071468,"Gara Ganj, Davanagere"
9914,2025-07-24T17:40:28.072474,2025-07-26T14:40:28.072474,"Sampath Street, Bengaluru Urban"
9915,2025-03-18T06:40:28.073408,2025-03-18T14:40:28.073408,"Mukherjee Zila, Davanagere"
9916,2025-08-03T09:40:28.074730,2025-08-04T14:40:28.074730,"Madan Road, Dakshina Kannada"
9917,2026-02-08T06:40:28.076006,2026-02-08T14:40:28.076006,"Mukherjee Path, Belagavi"
9918,2024-09-12T15:40:28.076690,2024-09-13T14:40:28.076690,"Nanda Chowk, Haveri"
9919,2025-10-17T12:40:28.077635,2025-10-18T14:40:28.077635,"Swaminathan Chowk, Bidar"
9920,2025-04-27T00:40:28.078792,2025-04-27T14:40:28.078792,"Sahni Nagar, Kalaburagi"
9921,2024-08-26T13:40:28.079995,2024-08-28T14:40:28.079995,"Sengupta Road, Koppal"
9922,2025-09-11T19:40:28.080367,2025-09-14T14:40:28.080367,"Bajwa Street, Bengaluru Urban"
9923,2026-03-09T19:40:28.081087,2026-03-12T14:40:28.081087,"Sahota Zila, Belagavi"
9924,2025-06-27T15:40:28.081718,2025-06-29T14:40:28.081718,"Wason Marg, Chamarajanagara"
9925,2024-11-24T09:40:28.081872,2024-11-26T14:40:28.081872,"Kaul Zila, Bengaluru Urban"
9926,2025-10-26T02:40:28.082991,2025-10-28T14:40:28.082991,"Chopra, Koppal"
9927,2025-04-13T11:40:28.083674,2025-04-15T14:40:28.083674,"Pau Path, Kalaburagi"
9928,2025-07-22T23:40:28.084084,2025-07-24T14:40:28.084084,"Dhar Street, Yadgir"
9929,2025-08-07T11:40:28.084463,2025-08-09T14:40:28.084463,"Wali Road, Hassan"
9930,2025-12-13T04:40:28.084856,2025-12-14T14:40:28.084856,"Lala Zila, Udupi"
9931,2026-06-09T08:40:28.085784,2026-06-09T14:40:28.085784,"Dara Road, Dakshina Kannada"
9932,2025-10-09T05:40:28.086862,2025-10-10T14:40:28.086862,"Sharma Circle, Belagavi"
9933,2025-10-11T06:40:28.087195,2025-10-13T14:40:28.087195,"Panchal Circle, Bidar"
9934,2026-03-06T08:40:28.088435,2026-03-08T14:40:28.088435,"Shan Ganj, Belagavi"
9935,2025-06-24T17:40:28.089420,2025-06-25T14:40:28.089420,"Bhasin Ganj, Hassan"
9936,2026-01-25T17:40:28.090091,2026-01-27T14:40:28.090091,"Wali Ganj, Belagavi"
9937,2026-03-14T11:40:28.090906,2026-03-15T14:40:28.090906,"Garg Circle, Mysuru"
9938,2025-05-05T16:40:28.091487,2025-05-07T14:40:28.091487,"Sant Nagar, Vijayanagara"
9939,2025-09-11T04:40:28.092042,2025-09-11T14:40:28.092042,"Bansal Path, Mysuru"
9940,2025-10-04T13:40:28.093128,2025-10-06T14:40:28.093128,"Lala Path, Belagavi"
9941,2025-05-30T05:40:28.094346,2025-05-30T14:40:28.094346,"Issac Chowk, Bengaluru Rural"
9942,2024-08-02T21:40:28.094709,2024-08-04T14:40:28.094709,"Bedi Marg, Belagavi"
9943,2024-11-17T04:40:28.095352,2024-11-18T14:40:28.095352,"Korpal Ganj, Tumakuru"
9944,2025-06-25T21:40:28.096079,2025-06-26T14:40:28.096079,"Nagarajan Ganj, Mysuru"
9945,2024-10-27T02:40:28.096949,2024-10-29T14:40:28.096949,"Babu Road, Bengaluru Urban"
9946,2025-12-27T15:40:28.098128,2025-12-29T14:40:28.098128,"Rama Zila, Davanagere"
9947,2025-05-25T17:40:28.099138,2025-05-28T14:40:28.099138,"Palla Circle, Kodagu"
9948,2025-10-18T19:40:28.100378,2025-10-20T14:40:28.100378,"Dora Road, Raichur"
9949,2025-12-07T23:40:28.101042,2025-12-08T14:40:28.101042,"Mander Circle, Bengaluru Rural"
9950,2026-01-25T10:40:28.101430,2026-01-27T14:40:28.101430,"Shan Zila, Belagavi"
9951,2026-01-01T06:40:28.102067,2026-01-02T14:40:28.102067,"Setty Ganj, Ramanagara"
9952,2024-12-26T13:40:28.102707,2024-12-28T14:40:28.102707,"Ganesan Marg, Belagavi"
9953,2026-02-18T09:40:28.103676,2026-02-19T14:40:28.103676,"Din Road, Dharwad"
9954,2026-05-06T22:40:28.104392,2026-05-07T14:40:28.104392,"Maharaj Circle, Dakshina Kannada"
9955,2026-06-14T04:40:28.105770,2026-06-16T14:40:28.105770,"Ranganathan Path, Belagavi"
9956,2024-11-23T12:40:28.107071,2024-11-24T14:40:28.107071,"Sahni Ganj, Vijayapura"
9957,2025-11-15T22:40:28.107426,2025-11-18T14:40:28.107426,"Munshi, Mysuru"
9958,2025-07-28T09:40:28.108183,2025-07-28T14:40:28.108183,"Kadakia Ganj, Belagavi"
9959,2025-09-29T14:40:28.108857,2025-10-02T14:40:28.108857,"Dhar Path, Belagavi"
9960,2026-06-03T23:40:28.109811,2026-06-04T14:40:28.109811,"Sankaran Circle, Haveri"
9961,2025-01-23T23:40:28.111074,2025-01-24T14:40:28.111074,"Aggarwal Zila, Koppal"
9962,2025-09-17T09:40:28.112576,2025-09-19T14:40:28.112576,"Raja Street, Bengaluru Urban"
9963,2025-02-20T19:40:28.113778,2025-02-22T14:40:28.113778,"Lall Road, Belagavi"
9964,2024-10-23T04:40:28.114973,2024-10-23T14:40:28.114973,"Bumb Marg, Belagavi"
9965,2024-12-21T10:40:28.115963,2024-12-21T14:40:28.115963,"Gour Nagar, Bengaluru Urban"
9966,2026-05-11T02:40:28.117207,2026-05-11T14:40:28.117207,"Nanda Zila, Udupi"
9967,2024-07-15T07:40:28.118213,2024-07-17T14:40:28.118213,"Kala Marg, Bagalkote"
9968,2026-06-09T17:40:28.119407,2026-06-10T14:40:28.119407,"Seshadri Zila, Belagavi"
9969,2025-11-29T11:40:28.120111,2025-11-30T14:40:28.120111,"Kadakia Circle, Belagavi"
9970,2026-03-12T03:40:28.120790,2026-03-12T14:40:28.120790,"Patla Circle, Mysuru"
9971,2024-09-15T15:40:28.120989,2024-09-16T14:40:28.120989,"Wadhwa Zila, Kolar"
9972,2024-12-26T23:40:28.121558,2024-12-28T14:40:28.121558,"Karnik Path, Mysuru"
9973,2024-11-29T12:40:28.122437,2024-11-29T14:40:28.122437,"Rout Chowk, Koppal"
9974,2026-02-13T11:40:28.123355,2026-02-14T14:40:28.123355,"Sarin Chowk, Belagavi"
9975,2025-10-29T09:40:28.124434,2025-10-29T14:40:28.124434,"Swamy Nagar, Tumakuru"
9976,2025-08-16T08:40:28.125110,2025-08-18T14:40:28.125110,"Shah Circle, Haveri"
9977,2024-09-13T21:40:28.125461,2024-09-16T14:40:28.125461,"Pal Road, Hassan"
9978,2026-03-04T16:40:28.125869,2026-03-07T14:40:28.125869,"Gola Chowk, Belagavi"
9979,2025-11-08T13:40:28.126769,2025-11-10T14:40:28.126769,"Dube Marg, Haveri"
9980,2026-01-26T00:40:28.127685,2026-01-28T14:40:28.127685,"Sibal Nagar, Belagavi"
9981,2025-08-14T06:40:28.128344,2025-08-14T14:40:28.128344,"Chada Street, Chikkamagaluru"
9982,2025-11-09T07:40:28.129271,2025-11-09T14:40:28.129271,"Dube Ganj, Belagavi"
9983,2024-10-25T10:40:28.130017,2024-10-26T14:40:28.130017,"Sachar Road, Yadgir"
9984,2026-03-12T13:40:28.130962,2026-03-14T14:40:28.130962,"Buch Path, Gadag"
9985,2026-01-30T01:40:28.132112,2026-01-30T14:40:28.132112,"Trivedi Ganj, Vijayanagara"
9986,2026-04-08T19:40:28.133380,2026-04-09T14:40:28.133380,"Setty Nagar, Koppal"
9987,2025-08-07T06:40:28.134063,2025-08-09T14:40:28.134063,"Sane Nagar, Gadag"
9988,2025-04-13T18:40:28.134420,2025-04-14T14:40:28.134420,"Dube Circle, Haveri"
9989,2026-05-03T15:40:28.135377,2026-05-04T14:40:28.135377,"Mane Ganj, Bidar"
9990,2026-02-12T08:40:28.136461,2026-02-12T14:40:28.136461,"Khosla Nagar, Ramanagara"
9991,2026-03-07T15:40:28.137142,2026-03-09T14:40:28.137142,"Kumer Zila, Belagavi"
9992,2024-11-19T06:40:28.137776,2024-11-19T14:40:28.137776,"Shanker, Bidar"
9993,2026-01-15T07:40:28.138109,2026-01-17T14:40:28.138109,"Shetty, Kodagu"
9994,2025-04-09T09:40:28.138447,2025-04-09T14:40:28.138447,"Arya Chowk, Belagavi"
9995,2025-06-15T20:40:28.138844,2025-06-16T14:40:28.138844,"Virk Ganj, Ballari"
9996,2026-06-12T20:40:28.139756,2026-06-13T14:40:28.139756,"Srinivasan Street, Koppal"
9997,2025-06-11T11:40:28.140433,2025-06-11T14:40:28.140433,"Oak, Belagavi"
9998,2026-05-24T00:40:28.141109,2026-05-25T14:40:28.141109,"Walia Ganj, Belagavi"
9999,2025-10-20T22:40:28.141850,2025-10-21T14:40:28.141850,"Viswanathan Zila, Ramanagara"
10000,2025-10-02T13:40:28.142860,2025-10-04T14:40:28.142860,"Dhawan Path, Hassan"
