ID,ArrestSurrenderID,AccusedMasterID
1,1,2
2,2,3
3,3,6
4,4,12
5,5,15
6,6,16
7,7,17
8,8,19
9,9,20
10,10,21
11,11,22
12,12,24
13,13,27
14,14,28
15,15,29
16,16,31
17,17,32
18,18,33
19,19,34
20,20,35
21,21,36
22,22,38
23,23,39
24,24,40
25,25,42
26,26,43
27,27,44
28,28,49
29,29,50
30,30,51
31,31,52
32,32,53
33,33,54
34,34,56
35,35,57
36,36,58
37,37,59
38,38,61
39,39,63
40,40,64
41,41,66
42,42,67
43,43,68
44,44,69
45,45,70
46,46,71
47,47,74
48,48,78
49,49,82
50,50,86
51,51,91
52,52,92
53,53,94
54,54,95
55,55,99
56,56,100
57,57,101
58,58,102
59,59,103
60,60,104
61,61,105
62,62,106
63,63,107
64,64,109
65,65,110
66,66,111
67,67,115
68,68,116
69,69,117
70,70,118
71,71,120
72,72,122
73,73,123
74,74,125
75,75,126
76,76,128
77,77,129
78,78,130
79,79,131
80,80,133
81,81,134
82,82,135
83,83,136
84,84,139
85,85,140
86,86,144
87,87,145
88,88,146
89,89,147
90,90,148
91,91,149
92,92,151
93,93,152
94,94,153
95,95,155
96,96,157
97,97,158
98,98,159
99,99,161
100,100,163
101,101,165
102,102,167
103,103,168
104,104,169
105,105,170
106,106,172
107,107,176
108,108,177
109,109,180
110,110,182
111,111,184
112,112,185
113,113,186
114,114,187
115,115,188
116,116,192
117,117,194
118,118,195
119,119,198
120,120,202
121,121,203
122,122,204
123,123,210
124,124,211
125,125,215
126,126,218
127,127,219
128,128,222
129,129,223
130,130,224
131,131,225
132,132,226
133,133,228
134,134,229
135,135,231
136,136,233
137,137,236
138,138,239
139,139,240
140,140,241
141,141,244
142,142,245
143,143,247
144,144,252
145,145,253
146,146,254
147,147,255
148,148,256
149,149,257
150,150,258
151,151,260
152,152,261
153,153,263
154,154,264
155,155,265
156,156,269
157,157,270
158,158,271
159,159,272
160,160,274
161,161,278
162,162,284
163,163,285
164,164,290
165,165,292
166,166,293
167,167,294
168,168,295
169,169,296
170,170,297
171,171,298
172,172,299
173,173,300
174,174,301
175,175,302
176,176,309
177,177,310
178,178,312
179,179,314
180,180,316
181,181,317
182,182,318
183,183,319
184,184,321
185,185,327
186,186,328
187,187,330
188,188,331
189,189,332
190,190,337
191,191,340
192,192,341
193,193,348
194,194,349
195,195,350
196,196,351
197,197,354
198,198,355
199,199,356
200,200,357
201,201,358
202,202,359
203,203,360
204,204,362
205,205,366
206,206,367
207,207,370
208,208,372
209,209,373
210,210,374
211,211,375
212,212,376
213,213,377
214,214,379
215,215,380
216,216,381
217,217,382
218,218,383
219,219,385
220,220,387
221,221,388
222,222,391
223,223,394
224,224,395
225,225,398
226,226,399
227,227,402
228,228,403
229,229,404
230,230,405
231,231,406
232,232,407
233,233,409
234,234,411
235,235,412
236,236,413
237,237,417
238,238,418
239,239,419
240,240,421
241,241,422
242,242,424
243,243,427
244,244,428
245,245,429
246,246,431
247,247,433
248,248,434
249,249,435
250,250,437
251,251,440
252,252,441
253,253,442
254,254,443
255,255,446
256,256,447
257,257,448
258,258,449
259,259,450
260,260,451
261,261,454
262,262,455
263,263,456
264,264,458
265,265,459
266,266,462
267,267,463
268,268,464
269,269,466
270,270,469
271,271,470
272,272,472
273,273,473
274,274,474
275,275,475
276,276,476
277,277,477
278,278,479
279,279,481
280,280,482
281,281,483
282,282,484
283,283,485
284,284,487
285,285,488
286,286,489
287,287,490
288,288,493
289,289,494
290,290,496
291,291,497
292,292,499
293,293,500
294,294,501
295,295,502
296,296,503
297,297,504
298,298,507
299,299,508
300,300,510
301,301,511
302,302,513
303,303,515
304,304,516
305,305,517
306,306,518
307,307,519
308,308,520
309,309,522
310,310,524
311,311,525
312,312,527
313,313,529
314,314,530
315,315,531
316,316,533
317,317,534
318,318,535
319,319,537
320,320,538
321,321,541
322,322,542
323,323,543
324,324,544
325,325,547
326,326,548
327,327,549
328,328,550
329,329,553
330,330,554
331,331,555
332,332,556
333,333,559
334,334,560
335,335,561
336,336,562
337,337,565
338,338,566
339,339,567
340,340,571
341,341,572
342,342,575
343,343,576
344,344,579
345,345,580
346,346,581
347,347,582
348,348,583
349,349,585
350,350,586
351,351,587
352,352,588
353,353,589
354,354,590
355,355,591
356,356,593
357,357,594
358,358,595
359,359,596
360,360,598
361,361,599
362,362,600
363,363,601
364,364,602
365,365,603
366,366,605
367,367,607
368,368,609
369,369,611
370,370,618
371,371,620
372,372,621
373,373,624
374,374,626
375,375,627
376,376,629
377,377,630
378,378,633
379,379,636
380,380,637
381,381,639
382,382,641
383,383,645
384,384,648
385,385,649
386,386,650
387,387,652
388,388,653
389,389,654
390,390,656
391,391,658
392,392,660
393,393,661
394,394,662
395,395,664
396,396,665
397,397,667
398,398,670
399,399,674
400,400,675
401,401,676
402,402,677
403,403,678
404,404,680
405,405,681
406,406,682
407,407,687
408,408,691
409,409,696
410,410,698
411,411,700
412,412,701
413,413,702
414,414,703
415,415,704
416,416,705
417,417,706
418,418,707
419,419,709
420,420,710
421,421,714
422,422,717
423,423,718
424,424,719
425,425,722
426,426,724
427,427,727
428,428,728
429,429,734
430,430,735
431,431,736
432,432,738
433,433,739
434,434,740
435,435,741
436,436,742
437,437,744
438,438,747
439,439,748
440,440,751
441,441,752
442,442,753
443,443,754
444,444,756
445,445,757
446,446,760
447,447,761
448,448,762
449,449,763
450,450,764
451,451,766
452,452,767
453,453,769
454,454,770
455,455,771
456,456,773
457,457,774
458,458,777
459,459,779
460,460,780
461,461,781
462,462,783
463,463,784
464,464,785
465,465,786
466,466,787
467,467,788
468,468,794
469,469,795
470,470,796
471,471,797
472,472,798
473,473,799
474,474,803
475,475,804
476,476,805
477,477,807
478,478,808
479,479,809
480,480,810
481,481,812
482,482,813
483,483,814
484,484,819
485,485,821
486,486,823
487,487,824
488,488,826
489,489,829
490,490,832
491,491,833
492,492,836
493,493,839
494,494,844
495,495,847
496,496,848
497,497,849
498,498,852
499,499,853
500,500,854
501,501,855
502,502,857
503,503,859
504,504,861
505,505,862
506,506,863
507,507,866
508,508,869
509,509,870
510,510,873
511,511,874
512,512,878
513,513,879
514,514,880
515,515,883
516,516,884
517,517,886
518,518,887
519,519,888
520,520,889
521,521,890
522,522,891
523,523,894
524,524,895
525,525,898
526,526,899
527,527,900
528,528,902
529,529,903
530,530,904
531,531,905
532,532,906
533,533,907
534,534,908
535,535,909
536,536,914
537,537,916
538,538,917
539,539,919
540,540,922
541,541,924
542,542,926
543,543,927
544,544,928
545,545,929
546,546,930
547,547,932
548,548,933
549,549,934
550,550,939
551,551,940
552,552,941
553,553,943
554,554,944
555,555,945
556,556,946
557,557,948
558,558,949
559,559,951
560,560,953
561,561,954
562,562,959
563,563,960
564,564,962
565,565,963
566,566,965
567,567,967
568,568,968
569,569,969
570,570,971
571,571,972
572,572,974
573,573,975
574,574,976
575,575,978
576,576,979
577,577,980
578,578,985
579,579,987
580,580,988
581,581,990
582,582,993
583,583,994
584,584,997
585,585,998
586,586,999
587,587,1000
588,588,1002
589,589,1009
590,590,1014
591,591,1015
592,592,1016
593,593,1019
594,594,1020
595,595,1022
596,596,1023
597,597,1024
598,598,1025
599,599,1028
600,600,1029
601,601,1030
602,602,1032
603,603,1034
604,604,1035
605,605,1037
606,606,1040
607,607,1044
608,608,1045
609,609,1046
610,610,1050
611,611,1051
612,612,1054
613,613,1055
614,614,1056
615,615,1057
616,616,1060
617,617,1063
618,618,1064
619,619,1067
620,620,1070
621,621,1072
622,622,1073
623,623,1075
624,624,1076
625,625,1078
626,626,1079
627,627,1080
628,628,1081
629,629,1082
630,630,1084
631,631,1085
632,632,1087
633,633,1088
634,634,1089
635,635,1092
636,636,1093
637,637,1094
638,638,1095
639,639,1099
640,640,1100
641,641,1105
642,642,1106
643,643,1108
644,644,1109
645,645,1110
646,646,1111
647,647,1114
648,648,1117
649,649,1120
650,650,1122
651,651,1124
652,652,1126
653,653,1128
654,654,1129
655,655,1132
656,656,1134
657,657,1135
658,658,1136
659,659,1137
660,660,1138
661,661,1141
662,662,1142
663,663,1147
664,664,1148
665,665,1150
666,666,1152
667,667,1153
668,668,1154
669,669,1155
670,670,1156
671,671,1158
672,672,1159
673,673,1160
674,674,1163
675,675,1164
676,676,1166
677,677,1167
678,678,1168
679,679,1169
680,680,1170
681,681,1171
682,682,1175
683,683,1177
684,684,1178
685,685,1183
686,686,1187
687,687,1189
688,688,1190
689,689,1192
690,690,1194
691,691,1195
692,692,1197
693,693,1198
694,694,1199
695,695,1203
696,696,1204
697,697,1205
698,698,1206
699,699,1210
700,700,1211
701,701,1213
702,702,1216
703,703,1218
704,704,1219
705,705,1222
706,706,1225
707,707,1226
708,708,1227
709,709,1230
710,710,1231
711,711,1232
712,712,1233
713,713,1234
714,714,1237
715,715,1238
716,716,1242
717,717,1243
718,718,1245
719,719,1246
720,720,1247
721,721,1248
722,722,1249
723,723,1250
724,724,1253
725,725,1254
726,726,1257
727,727,1258
728,728,1259
729,729,1260
730,730,1262
731,731,1264
732,732,1267
733,733,1269
734,734,1274
735,735,1275
736,736,1276
737,737,1278
738,738,1280
739,739,1282
740,740,1285
741,741,1286
742,742,1288
743,743,1289
744,744,1292
745,745,1293
746,746,1296
747,747,1297
748,748,1300
749,749,1301
750,750,1302
751,751,1304
752,752,1306
753,753,1307
754,754,1308
755,755,1311
756,756,1314
757,757,1315
758,758,1317
759,759,1321
760,760,1322
761,761,1324
762,762,1326
763,763,1327
764,764,1330
765,765,1331
766,766,1332
767,767,1333
768,768,1334
769,769,1337
770,770,1338
771,771,1339
772,772,1340
773,773,1341
774,774,1343
775,775,1348
776,776,1352
777,777,1355
778,778,1359
779,779,1360
780,780,1365
781,781,1366
782,782,1368
783,783,1369
784,784,1370
785,785,1373
786,786,1374
787,787,1375
788,788,1376
789,789,1378
790,790,1379
791,791,1380
792,792,1381
793,793,1382
794,794,1384
795,795,1385
796,796,1388
797,797,1389
798,798,1390
799,799,1391
800,800,1392
801,801,1393
802,802,1394
803,803,1395
804,804,1398
805,805,1399
806,806,1400
807,807,1401
808,808,1406
809,809,1407
810,810,1410
811,811,1411
812,812,1414
813,813,1416
814,814,1417
815,815,1418
816,816,1419
817,817,1420
818,818,1425
819,819,1427
820,820,1429
821,821,1430
822,822,1432
823,823,1435
824,824,1438
825,825,1441
826,826,1442
827,827,1444
828,828,1445
829,829,1446
830,830,1449
831,831,1452
832,832,1455
833,833,1458
834,834,1462
835,835,1463
836,836,1464
837,837,1466
838,838,1467
839,839,1469
840,840,1471
841,841,1472
842,842,1475
843,843,1477
844,844,1479
845,845,1481
846,846,1482
847,847,1483
848,848,1485
849,849,1486
850,850,1489
851,851,1490
852,852,1495
853,853,1496
854,854,1497
855,855,1499
856,856,1500
857,857,1502
858,858,1503
859,859,1505
860,860,1506
861,861,1507
862,862,1508
863,863,1509
864,864,1510
865,865,1511
866,866,1512
867,867,1513
868,868,1515
869,869,1518
870,870,1519
871,871,1521
872,872,1522
873,873,1524
874,874,1525
875,875,1526
876,876,1527
877,877,1529
878,878,1530
879,879,1532
880,880,1534
881,881,1536
882,882,1537
883,883,1538
884,884,1539
885,885,1542
886,886,1544
887,887,1545
888,888,1546
889,889,1547
890,890,1548
891,891,1549
892,892,1552
893,893,1553
894,894,1554
895,895,1555
896,896,1556
897,897,1561
898,898,1565
899,899,1569
900,900,1570
901,901,1573
902,902,1574
903,903,1575
904,904,1576
905,905,1577
906,906,1578
907,907,1580
908,908,1581
909,909,1582
910,910,1585
911,911,1587
912,912,1591
913,913,1592
914,914,1593
915,915,1595
916,916,1597
917,917,1599
918,918,1600
919,919,1604
920,920,1606
921,921,1607
922,922,1610
923,923,1611
924,924,1612
925,925,1613
926,926,1614
927,927,1615
928,928,1616
929,929,1617
930,930,1620
931,931,1622
932,932,1624
933,933,1632
934,934,1635
935,935,1638
936,936,1639
937,937,1640
938,938,1644
939,939,1646
940,940,1648
941,941,1652
942,942,1654
943,943,1656
944,944,1658
945,945,1659
946,946,1660
947,947,1661
948,948,1663
949,949,1664
950,950,1665
951,951,1666
952,952,1668
953,953,1669
954,954,1671
955,955,1672
956,956,1675
957,957,1677
958,958,1678
959,959,1681
960,960,1682
961,961,1683
962,962,1685
963,963,1686
964,964,1688
965,965,1689
966,966,1690
967,967,1692
968,968,1694
969,969,1696
970,970,1701
971,971,1704
972,972,1705
973,973,1706
974,974,1707
975,975,1708
976,976,1710
977,977,1712
978,978,1714
979,979,1716
980,980,1717
981,981,1720
982,982,1721
983,983,1722
984,984,1723
985,985,1726
986,986,1727
987,987,1730
988,988,1731
989,989,1733
990,990,1734
991,991,1736
992,992,1737
993,993,1738
994,994,1739
995,995,1740
996,996,1741
997,997,1742
998,998,1743
999,999,1746
1000,1000,1747
1001,1001,1749
1002,1002,1750
1003,1003,1752
1004,1004,1753
1005,1005,1756
1006,1006,1758
1007,1007,1759
1008,1008,1761
1009,1009,1762
1010,1010,1763
1011,1011,1765
1012,1012,1766
1013,1013,1767
1014,1014,1768
1015,1015,1769
1016,1016,1771
1017,1017,1774
1018,1018,1776
1019,1019,1778
1020,1020,1779
1021,1021,1780
1022,1022,1781
1023,1023,1782
1024,1024,1786
1025,1025,1787
1026,1026,1788
1027,1027,1789
1028,1028,1790
1029,1029,1792
1030,1030,1796
1031,1031,1797
1032,1032,1799
1033,1033,1801
1034,1034,1803
1035,1035,1804
1036,1036,1806
1037,1037,1807
1038,1038,1808
1039,1039,1809
1040,1040,1811
1041,1041,1812
1042,1042,1814
1043,1043,1816
1044,1044,1817
1045,1045,1818
1046,1046,1819
1047,1047,1821
1048,1048,1824
1049,1049,1826
1050,1050,1829
1051,1051,1830
1052,1052,1832
1053,1053,1834
1054,1054,1835
1055,1055,1836
1056,1056,1838
1057,1057,1841
1058,1058,1849
1059,1059,1850
1060,1060,1851
1061,1061,1855
1062,1062,1858
1063,1063,1859
1064,1064,1860
1065,1065,1861
1066,1066,1862
1067,1067,1865
1068,1068,1866
1069,1069,1867
1070,1070,1869
1071,1071,1870
1072,1072,1872
1073,1073,1873
1074,1074,1874
1075,1075,1876
1076,1076,1881
1077,1077,1883
1078,1078,1884
1079,1079,1885
1080,1080,1886
1081,1081,1887
1082,1082,1888
1083,1083,1893
1084,1084,1898
1085,1085,1899
1086,1086,1900
1087,1087,1901
1088,1088,1903
1089,1089,1904
1090,1090,1911
1091,1091,1913
1092,1092,1914
1093,1093,1915
1094,1094,1916
1095,1095,1918
1096,1096,1919
1097,1097,1921
1098,1098,1924
1099,1099,1926
1100,1100,1927
1101,1101,1929
1102,1102,1931
1103,1103,1933
1104,1104,1934
1105,1105,1935
1106,1106,1937
1107,1107,1938
1108,1108,1941
1109,1109,1942
1110,1110,1943
1111,1111,1944
1112,1112,1945
1113,1113,1947
1114,1114,1948
1115,1115,1949
1116,1116,1951
1117,1117,1952
1118,1118,1953
1119,1119,1954
1120,1120,1957
1121,1121,1959
1122,1122,1960
1123,1123,1961
1124,1124,1962
1125,1125,1966
1126,1126,1971
1127,1127,1974
1128,1128,1975
1129,1129,1976
1130,1130,1979
1131,1131,1981
1132,1132,1982
1133,1133,1984
1134,1134,1985
1135,1135,1987
1136,1136,1989
1137,1137,1990
1138,1138,1993
1139,1139,1995
1140,1140,1996
1141,1141,1997
1142,1142,1999
1143,1143,2001
1144,1144,2002
1145,1145,2004
1146,1146,2005
1147,1147,2007
1148,1148,2008
1149,1149,2009
1150,1150,2011
1151,1151,2012
1152,1152,2018
1153,1153,2019
1154,1154,2022
1155,1155,2023
1156,1156,2025
1157,1157,2026
1158,1158,2027
1159,1159,2028
1160,1160,2033
1161,1161,2034
1162,1162,2035
1163,1163,2036
1164,1164,2037
1165,1165,2040
1166,1166,2041
1167,1167,2042
1168,1168,2044
1169,1169,2045
1170,1170,2047
1171,1171,2048
1172,1172,2052
1173,1173,2053
1174,1174,2055
1175,1175,2056
1176,1176,2057
1177,1177,2058
1178,1178,2061
1179,1179,2063
1180,1180,2064
1181,1181,2066
1182,1182,2070
1183,1183,2071
1184,1184,2073
1185,1185,2074
1186,1186,2075
1187,1187,2078
1188,1188,2079
1189,1189,2080
1190,1190,2081
1191,1191,2088
1192,1192,2090
1193,1193,2093
1194,1194,2097
1195,1195,2099
1196,1196,2101
1197,1197,2104
1198,1198,2106
1199,1199,2107
1200,1200,2108
1201,1201,2109
1202,1202,2110
1203,1203,2111
1204,1204,2113
1205,1205,2114
1206,1206,2115
1207,1207,2117
1208,1208,2121
1209,1209,2122
1210,1210,2123
1211,1211,2124
1212,1212,2126
1213,1213,2127
1214,1214,2132
1215,1215,2133
1216,1216,2134
1217,1217,2135
1218,1218,2136
1219,1219,2138
1220,1220,2141
1221,1221,2142
1222,1222,2144
1223,1223,2147
1224,1224,2148
1225,1225,2149
1226,1226,2150
1227,1227,2152
1228,1228,2154
1229,1229,2156
1230,1230,2157
1231,1231,2159
1232,1232,2161
1233,1233,2162
1234,1234,2164
1235,1235,2165
1236,1236,2168
1237,1237,2171
1238,1238,2172
1239,1239,2174
1240,1240,2175
1241,1241,2176
1242,1242,2177
1243,1243,2179
1244,1244,2180
1245,1245,2183
1246,1246,2186
1247,1247,2187
1248,1248,2188
1249,1249,2190
1250,1250,2191
1251,1251,2192
1252,1252,2193
1253,1253,2194
1254,1254,2196
1255,1255,2197
1256,1256,2200
1257,1257,2201
1258,1258,2204
1259,1259,2205
1260,1260,2209
1261,1261,2211
1262,1262,2213
1263,1263,2214
1264,1264,2215
1265,1265,2217
1266,1266,2218
1267,1267,2221
1268,1268,2225
1269,1269,2226
1270,1270,2227
1271,1271,2228
1272,1272,2230
1273,1273,2232
1274,1274,2235
1275,1275,2237
1276,1276,2238
1277,1277,2243
1278,1278,2247
1279,1279,2250
1280,1280,2251
1281,1281,2252
1282,1282,2253
1283,1283,2254
1284,1284,2255
1285,1285,2258
1286,1286,2260
1287,1287,2261
1288,1288,2266
1289,1289,2268
1290,1290,2269
1291,1291,2271
1292,1292,2272
1293,1293,2273
1294,1294,2274
1295,1295,2275
1296,1296,2276
1297,1297,2277
1298,1298,2280
1299,1299,2281
1300,1300,2282
1301,1301,2283
1302,1302,2284
1303,1303,2286
1304,1304,2287
1305,1305,2291
1306,1306,2295
1307,1307,2296
1308,1308,2297
1309,1309,2300
1310,1310,2302
1311,1311,2303
1312,1312,2305
1313,1313,2306
1314,1314,2309
1315,1315,2313
1316,1316,2315
1317,1317,2316
1318,1318,2318
1319,1319,2321
1320,1320,2322
1321,1321,2323
1322,1322,2325
1323,1323,2327
1324,1324,2328
1325,1325,2329
1326,1326,2331
1327,1327,2332
1328,1328,2335
1329,1329,2336
1330,1330,2338
1331,1331,2339
1332,1332,2342
1333,1333,2344
1334,1334,2345
1335,1335,2347
1336,1336,2352
1337,1337,2353
1338,1338,2355
1339,1339,2356
1340,1340,2358
1341,1341,2359
1342,1342,2362
1343,1343,2363
1344,1344,2364
1345,1345,2366
1346,1346,2367
1347,1347,2368
1348,1348,2369
1349,1349,2370
1350,1350,2371
1351,1351,2374
1352,1352,2375
1353,1353,2378
1354,1354,2381
1355,1355,2383
1356,1356,2388
1357,1357,2390
1358,1358,2392
1359,1359,2395
1360,1360,2396
1361,1361,2397
1362,1362,2398
1363,1363,2400
1364,1364,2401
1365,1365,2404
1366,1366,2409
1367,1367,2411
1368,1368,2412
1369,1369,2415
1370,1370,2416
1371,1371,2419
1372,1372,2420
1373,1373,2421
1374,1374,2423
1375,1375,2425
1376,1376,2426
1377,1377,2429
1378,1378,2430
1379,1379,2432
1380,1380,2433
1381,1381,2435
1382,1382,2436
1383,1383,2438
1384,1384,2440
1385,1385,2441
1386,1386,2443
1387,1387,2445
1388,1388,2446
1389,1389,2447
1390,1390,2449
1391,1391,2454
1392,1392,2456
1393,1393,2457
1394,1394,2458
1395,1395,2459
1396,1396,2460
1397,1397,2462
1398,1398,2466
1399,1399,2467
1400,1400,2468
1401,1401,2470
1402,1402,2472
1403,1403,2473
1404,1404,2474
1405,1405,2475
1406,1406,2477
1407,1407,2478
1408,1408,2479
1409,1409,2480
1410,1410,2484
1411,1411,2485
1412,1412,2486
1413,1413,2487
1414,1414,2488
1415,1415,2489
1416,1416,2492
1417,1417,2493
1418,1418,2494
1419,1419,2496
1420,1420,2498
1421,1421,2501
1422,1422,2502
1423,1423,2505
1424,1424,2508
1425,1425,2509
1426,1426,2511
1427,1427,2512
1428,1428,2515
1429,1429,2519
1430,1430,2520
1431,1431,2521
1432,1432,2522
1433,1433,2526
1434,1434,2527
1435,1435,2528
1436,1436,2529
1437,1437,2531
1438,1438,2533
1439,1439,2534
1440,1440,2535
1441,1441,2536
1442,1442,2540
1443,1443,2541
1444,1444,2542
1445,1445,2543
1446,1446,2546
1447,1447,2547
1448,1448,2551
1449,1449,2552
1450,1450,2553
1451,1451,2555
1452,1452,2556
1453,1453,2558
1454,1454,2559
1455,1455,2563
1456,1456,2564
1457,1457,2566
1458,1458,2567
1459,1459,2569
1460,1460,2570
1461,1461,2571
1462,1462,2575
1463,1463,2576
1464,1464,2577
1465,1465,2579
1466,1466,2580
1467,1467,2586
1468,1468,2587
1469,1469,2589
1470,1470,2592
1471,1471,2595
1472,1472,2597
1473,1473,2598
1474,1474,2599
1475,1475,2600
1476,1476,2601
1477,1477,2607
1478,1478,2608
1479,1479,2609
1480,1480,2611
1481,1481,2612
1482,1482,2616
1483,1483,2618
1484,1484,2621
1485,1485,2622
1486,1486,2623
1487,1487,2624
1488,1488,2626
1489,1489,2627
1490,1490,2631
1491,1491,2634
1492,1492,2638
1493,1493,2639
1494,1494,2641
1495,1495,2642
1496,1496,2643
1497,1497,2644
1498,1498,2645
1499,1499,2646
1500,1500,2650
1501,1501,2652
1502,1502,2653
1503,1503,2658
1504,1504,2659
1505,1505,2660
1506,1506,2661
1507,1507,2667
1508,1508,2668
1509,1509,2669
1510,1510,2673
1511,1511,2675
1512,1512,2676
1513,1513,2677
1514,1514,2682
1515,1515,2684
1516,1516,2685
1517,1517,2686
1518,1518,2692
1519,1519,2693
1520,1520,2697
1521,1521,2700
1522,1522,2701
1523,1523,2702
1524,1524,2703
1525,1525,2704
1526,1526,2705
1527,1527,2706
1528,1528,2709
1529,1529,2710
1530,1530,2712
1531,1531,2714
1532,1532,2715
1533,1533,2716
1534,1534,2718
1535,1535,2719
1536,1536,2720
1537,1537,2721
1538,1538,2723
1539,1539,2724
1540,1540,2728
1541,1541,2729
1542,1542,2732
1543,1543,2734
1544,1544,2735
1545,1545,2738
1546,1546,2743
1547,1547,2744
1548,1548,2747
1549,1549,2749
1550,1550,2750
1551,1551,2754
1552,1552,2755
1553,1553,2756
1554,1554,2758
1555,1555,2759
1556,1556,2761
1557,1557,2762
1558,1558,2763
1559,1559,2766
1560,1560,2767
1561,1561,2769
1562,1562,2770
1563,1563,2771
1564,1564,2773
1565,1565,2774
1566,1566,2776
1567,1567,2777
1568,1568,2779
1569,1569,2783
1570,1570,2785
1571,1571,2786
1572,1572,2788
1573,1573,2789
1574,1574,2796
1575,1575,2797
1576,1576,2799
1577,1577,2801
1578,1578,2802
1579,1579,2803
1580,1580,2805
1581,1581,2806
1582,1582,2808
1583,1583,2809
1584,1584,2812
1585,1585,2815
1586,1586,2816
1587,1587,2818
1588,1588,2820
1589,1589,2825
1590,1590,2827
1591,1591,2828
1592,1592,2829
1593,1593,2830
1594,1594,2831
1595,1595,2832
1596,1596,2833
1597,1597,2834
1598,1598,2836
1599,1599,2837
1600,1600,2838
1601,1601,2839
1602,1602,2841
1603,1603,2842
1604,1604,2843
1605,1605,2844
1606,1606,2845
1607,1607,2846
1608,1608,2854
1609,1609,2856
1610,1610,2858
1611,1611,2859
1612,1612,2861
1613,1613,2863
1614,1614,2867
1615,1615,2868
1616,1616,2869
1617,1617,2877
1618,1618,2878
1619,1619,2879
1620,1620,2880
1621,1621,2881
1622,1622,2883
1623,1623,2884
1624,1624,2886
1625,1625,2888
1626,1626,2891
1627,1627,2894
1628,1628,2898
1629,1629,2899
1630,1630,2900
1631,1631,2901
1632,1632,2902
1633,1633,2903
1634,1634,2905
1635,1635,2906
1636,1636,2907
1637,1637,2908
1638,1638,2910
1639,1639,2912
1640,1640,2915
1641,1641,2916
1642,1642,2917
1643,1643,2918
1644,1644,2921
1645,1645,2922
1646,1646,2923
1647,1647,2924
1648,1648,2925
1649,1649,2926
1650,1650,2927
1651,1651,2930
1652,1652,2931
1653,1653,2934
1654,1654,2936
1655,1655,2937
1656,1656,2938
1657,1657,2939
1658,1658,2941
1659,1659,2942
1660,1660,2943
1661,1661,2944
1662,1662,2945
1663,1663,2949
1664,1664,2951
1665,1665,2953
1666,1666,2960
1667,1667,2961
1668,1668,2962
1669,1669,2963
1670,1670,2965
1671,1671,2966
1672,1672,2967
1673,1673,2968
1674,1674,2972
1675,1675,2973
1676,1676,2977
1677,1677,2978
1678,1678,2979
1679,1679,2980
1680,1680,2983
1681,1681,2986
1682,1682,2989
1683,1683,2990
1684,1684,2991
1685,1685,2995
1686,1686,2996
1687,1687,3000
1688,1688,3004
1689,1689,3005
1690,1690,3007
1691,1691,3008
1692,1692,3009
1693,1693,3010
1694,1694,3011
1695,1695,3012
1696,1696,3016
1697,1697,3017
1698,1698,3018
1699,1699,3019
1700,1700,3023
1701,1701,3024
1702,1702,3025
1703,1703,3027
1704,1704,3031
1705,1705,3032
1706,1706,3033
1707,1707,3039
1708,1708,3040
1709,1709,3041
1710,1710,3042
1711,1711,3043
1712,1712,3048
1713,1713,3051
1714,1714,3052
1715,1715,3053
1716,1716,3055
1717,1717,3056
1718,1718,3057
1719,1719,3060
1720,1720,3061
1721,1721,3062
1722,1722,3063
1723,1723,3066
1724,1724,3069
1725,1725,3071
1726,1726,3076
1727,1727,3077
1728,1728,3078
1729,1729,3079
1730,1730,3081
1731,1731,3082
1732,1732,3084
1733,1733,3087
1734,1734,3089
1735,1735,3091
1736,1736,3092
1737,1737,3093
1738,1738,3094
1739,1739,3095
1740,1740,3096
1741,1741,3097
1742,1742,3101
1743,1743,3102
1744,1744,3103
1745,1745,3104
1746,1746,3105
1747,1747,3106
1748,1748,3107
1749,1749,3108
1750,1750,3111
1751,1751,3112
1752,1752,3113
1753,1753,3115
1754,1754,3116
1755,1755,3117
1756,1756,3118
1757,1757,3119
1758,1758,3120
1759,1759,3121
1760,1760,3123
1761,1761,3124
1762,1762,3125
1763,1763,3127
1764,1764,3128
1765,1765,3129
1766,1766,3133
1767,1767,3134
1768,1768,3135
1769,1769,3136
1770,1770,3137
1771,1771,3138
1772,1772,3139
1773,1773,3140
1774,1774,3141
1775,1775,3143
1776,1776,3144
1777,1777,3145
1778,1778,3147
1779,1779,3148
1780,1780,3149
1781,1781,3150
1782,1782,3151
1783,1783,3152
1784,1784,3153
1785,1785,3154
1786,1786,3155
1787,1787,3157
1788,1788,3158
1789,1789,3159
1790,1790,3161
1791,1791,3162
1792,1792,3164
1793,1793,3167
1794,1794,3168
1795,1795,3169
1796,1796,3170
1797,1797,3171
1798,1798,3178
1799,1799,3179
1800,1800,3180
1801,1801,3182
1802,1802,3183
1803,1803,3184
1804,1804,3185
1805,1805,3189
1806,1806,3190
1807,1807,3195
1808,1808,3198
1809,1809,3199
1810,1810,3201
1811,1811,3207
1812,1812,3209
1813,1813,3211
1814,1814,3212
1815,1815,3217
1816,1816,3218
1817,1817,3219
1818,1818,3221
1819,1819,3223
1820,1820,3227
1821,1821,3228
1822,1822,3229
1823,1823,3230
1824,1824,3232
1825,1825,3234
1826,1826,3235
1827,1827,3236
1828,1828,3237
1829,1829,3240
1830,1830,3241
1831,1831,3243
1832,1832,3244
1833,1833,3247
1834,1834,3248
1835,1835,3253
1836,1836,3254
1837,1837,3255
1838,1838,3257
1839,1839,3258
1840,1840,3260
1841,1841,3261
1842,1842,3262
1843,1843,3263
1844,1844,3266
1845,1845,3268
1846,1846,3269
1847,1847,3270
1848,1848,3272
1849,1849,3274
1850,1850,3275
1851,1851,3277
1852,1852,3280
1853,1853,3282
1854,1854,3283
1855,1855,3287
1856,1856,3288
1857,1857,3289
1858,1858,3290
1859,1859,3291
1860,1860,3293
1861,1861,3294
1862,1862,3295
1863,1863,3298
1864,1864,3300
1865,1865,3303
1866,1866,3305
1867,1867,3306
1868,1868,3308
1869,1869,3309
1870,1870,3311
1871,1871,3313
1872,1872,3319
1873,1873,3320
1874,1874,3321
1875,1875,3322
1876,1876,3324
1877,1877,3325
1878,1878,3326
1879,1879,3329
1880,1880,3333
1881,1881,3334
1882,1882,3335
1883,1883,3336
1884,1884,3339
1885,1885,3341
1886,1886,3343
1887,1887,3347
1888,1888,3348
1889,1889,3349
1890,1890,3351
1891,1891,3352
1892,1892,3354
1893,1893,3355
1894,1894,3358
1895,1895,3359
1896,1896,3360
1897,1897,3363
1898,1898,3365
1899,1899,3366
1900,1900,3370
1901,1901,3371
1902,1902,3372
1903,1903,3373
1904,1904,3375
1905,1905,3376
1906,1906,3378
1907,1907,3380
1908,1908,3383
1909,1909,3384
1910,1910,3385
1911,1911,3386
1912,1912,3388
1913,1913,3392
1914,1914,3394
1915,1915,3395
1916,1916,3396
1917,1917,3397
1918,1918,3398
1919,1919,3404
1920,1920,3405
1921,1921,3407
1922,1922,3408
1923,1923,3409
1924,1924,3410
1925,1925,3413
1926,1926,3414
1927,1927,3415
1928,1928,3417
1929,1929,3418
1930,1930,3419
1931,1931,3421
1932,1932,3423
1933,1933,3425
1934,1934,3427
1935,1935,3428
1936,1936,3431
1937,1937,3433
1938,1938,3435
1939,1939,3439
1940,1940,3440
1941,1941,3441
1942,1942,3444
1943,1943,3446
1944,1944,3450
1945,1945,3452
1946,1946,3453
1947,1947,3456
1948,1948,3457
1949,1949,3464
1950,1950,3466
1951,1951,3467
1952,1952,3470
1953,1953,3472
1954,1954,3473
1955,1955,3474
1956,1956,3478
1957,1957,3481
1958,1958,3482
1959,1959,3483
1960,1960,3489
1961,1961,3492
1962,1962,3493
1963,1963,3495
1964,1964,3496
1965,1965,3497
1966,1966,3498
1967,1967,3499
1968,1968,3501
1969,1969,3502
1970,1970,3503
1971,1971,3504
1972,1972,3505
1973,1973,3506
1974,1974,3508
1975,1975,3510
1976,1976,3511
1977,1977,3512
1978,1978,3514
1979,1979,3515
1980,1980,3516
1981,1981,3517
1982,1982,3520
1983,1983,3523
1984,1984,3524
1985,1985,3526
1986,1986,3527
1987,1987,3528
1988,1988,3529
1989,1989,3534
1990,1990,3535
1991,1991,3540
1992,1992,3541
1993,1993,3542
1994,1994,3543
1995,1995,3544
1996,1996,3547
1997,1997,3548
1998,1998,3549
1999,1999,3550
2000,2000,3552
2001,2001,3554
2002,2002,3555
2003,2003,3557
2004,2004,3560
2005,2005,3561
2006,2006,3562
2007,2007,3563
2008,2008,3567
2009,2009,3568
2010,2010,3569
2011,2011,3570
2012,2012,3576
2013,2013,3578
2014,2014,3579
2015,2015,3580
2016,2016,3584
2017,2017,3585
2018,2018,3586
2019,2019,3587
2020,2020,3589
2021,2021,3590
2022,2022,3591
2023,2023,3592
2024,2024,3593
2025,2025,3594
2026,2026,3598
2027,2027,3599
2028,2028,3604
2029,2029,3608
2030,2030,3609
2031,2031,3610
2032,2032,3612
2033,2033,3615
2034,2034,3617
2035,2035,3618
2036,2036,3619
2037,2037,3621
2038,2038,3623
2039,2039,3625
2040,2040,3626
2041,2041,3628
2042,2042,3629
2043,2043,3630
2044,2044,3632
2045,2045,3633
2046,2046,3634
2047,2047,3635
2048,2048,3640
2049,2049,3641
2050,2050,3643
2051,2051,3644
2052,2052,3646
2053,2053,3649
2054,2054,3651
2055,2055,3654
2056,2056,3657
2057,2057,3661
2058,2058,3663
2059,2059,3664
2060,2060,3665
2061,2061,3666
2062,2062,3667
2063,2063,3668
2064,2064,3672
2065,2065,3673
2066,2066,3675
2067,2067,3677
2068,2068,3678
2069,2069,3681
2070,2070,3686
2071,2071,3687
2072,2072,3690
2073,2073,3691
2074,2074,3692
2075,2075,3693
2076,2076,3695
2077,2077,3702
2078,2078,3703
2079,2079,3704
2080,2080,3705
2081,2081,3706
2082,2082,3709
2083,2083,3712
2084,2084,3714
2085,2085,3715
2086,2086,3716
2087,2087,3717
2088,2088,3718
2089,2089,3721
2090,2090,3722
2091,2091,3723
2092,2092,3725
2093,2093,3727
2094,2094,3731
2095,2095,3732
2096,2096,3735
2097,2097,3736
2098,2098,3737
2099,2099,3740
2100,2100,3741
2101,2101,3742
2102,2102,3743
2103,2103,3744
2104,2104,3747
2105,2105,3749
2106,2106,3757
2107,2107,3758
2108,2108,3760
2109,2109,3761
2110,2110,3762
2111,2111,3763
2112,2112,3764
2113,2113,3765
2114,2114,3766
2115,2115,3767
2116,2116,3769
2117,2117,3771
2118,2118,3772
2119,2119,3777
2120,2120,3781
2121,2121,3782
2122,2122,3783
2123,2123,3784
2124,2124,3785
2125,2125,3786
2126,2126,3787
2127,2127,3788
2128,2128,3789
2129,2129,3790
2130,2130,3792
2131,2131,3793
2132,2132,3794
2133,2133,3795
2134,2134,3798
2135,2135,3801
2136,2136,3802
2137,2137,3805
2138,2138,3808
2139,2139,3811
2140,2140,3813
2141,2141,3817
2142,2142,3818
2143,2143,3820
2144,2144,3823
2145,2145,3824
2146,2146,3825
2147,2147,3827
2148,2148,3829
2149,2149,3831
2150,2150,3832
2151,2151,3833
2152,2152,3834
2153,2153,3836
2154,2154,3840
2155,2155,3842
2156,2156,3845
2157,2157,3848
2158,2158,3853
2159,2159,3854
2160,2160,3856
2161,2161,3857
2162,2162,3862
2163,2163,3864
2164,2164,3865
2165,2165,3866
2166,2166,3868
2167,2167,3870
2168,2168,3873
2169,2169,3874
2170,2170,3877
2171,2171,3878
2172,2172,3881
2173,2173,3882
2174,2174,3883
2175,2175,3885
2176,2176,3887
2177,2177,3890
2178,2178,3891
2179,2179,3895
2180,2180,3898
2181,2181,3899
2182,2182,3901
2183,2183,3902
2184,2184,3903
2185,2185,3905
2186,2186,3907
2187,2187,3910
2188,2188,3911
2189,2189,3912
2190,2190,3913
2191,2191,3914
2192,2192,3915
2193,2193,3916
2194,2194,3917
2195,2195,3918
2196,2196,3919
2197,2197,3920
2198,2198,3924
2199,2199,3927
2200,2200,3928
2201,2201,3929
2202,2202,3932
2203,2203,3935
2204,2204,3936
2205,2205,3937
2206,2206,3938
2207,2207,3939
2208,2208,3940
2209,2209,3941
2210,2210,3942
2211,2211,3944
2212,2212,3946
2213,2213,3948
2214,2214,3949
2215,2215,3950
2216,2216,3952
2217,2217,3957
2218,2218,3962
2219,2219,3963
2220,2220,3965
2221,2221,3966
2222,2222,3967
2223,2223,3969
2224,2224,3970
2225,2225,3971
2226,2226,3972
2227,2227,3973
2228,2228,3974
2229,2229,3977
2230,2230,3979
2231,2231,3981
2232,2232,3982
2233,2233,3983
2234,2234,3985
2235,2235,3986
2236,2236,3987
2237,2237,3988
2238,2238,3990
2239,2239,3996
2240,2240,3997
2241,2241,3998
2242,2242,4001
2243,2243,4002
2244,2244,4004
2245,2245,4005
2246,2246,4006
2247,2247,4007
2248,2248,4008
2249,2249,4009
2250,2250,4011
2251,2251,4012
2252,2252,4014
2253,2253,4015
2254,2254,4017
2255,2255,4018
2256,2256,4020
2257,2257,4022
2258,2258,4023
2259,2259,4025
2260,2260,4026
2261,2261,4029
2262,2262,4031
2263,2263,4034
2264,2264,4035
2265,2265,4036
2266,2266,4044
2267,2267,4046
2268,2268,4048
2269,2269,4049
2270,2270,4050
2271,2271,4052
2272,2272,4053
2273,2273,4054
2274,2274,4055
2275,2275,4056
2276,2276,4057
2277,2277,4058
2278,2278,4059
2279,2279,4060
2280,2280,4061
2281,2281,4064
2282,2282,4065
2283,2283,4067
2284,2284,4071
2285,2285,4072
2286,2286,4074
2287,2287,4077
2288,2288,4079
2289,2289,4080
2290,2290,4082
2291,2291,4083
2292,2292,4086
2293,2293,4088
2294,2294,4089
2295,2295,4090
2296,2296,4091
2297,2297,4094
2298,2298,4098
2299,2299,4099
2300,2300,4100
2301,2301,4101
2302,2302,4102
2303,2303,4103
2304,2304,4107
2305,2305,4109
2306,2306,4112
2307,2307,4115
2308,2308,4116
2309,2309,4118
2310,2310,4120
2311,2311,4123
2312,2312,4124
2313,2313,4126
2314,2314,4127
2315,2315,4129
2316,2316,4130
2317,2317,4131
2318,2318,4133
2319,2319,4134
2320,2320,4135
2321,2321,4136
2322,2322,4138
2323,2323,4139
2324,2324,4142
2325,2325,4143
2326,2326,4145
2327,2327,4146
2328,2328,4150
2329,2329,4153
2330,2330,4154
2331,2331,4159
2332,2332,4160
2333,2333,4161
2334,2334,4162
2335,2335,4164
2336,2336,4166
2337,2337,4169
2338,2338,4170
2339,2339,4172
2340,2340,4174
2341,2341,4176
2342,2342,4179
2343,2343,4181
2344,2344,4183
2345,2345,4184
2346,2346,4185
2347,2347,4186
2348,2348,4188
2349,2349,4189
2350,2350,4190
2351,2351,4191
2352,2352,4194
2353,2353,4195
2354,2354,4198
2355,2355,4199
2356,2356,4201
2357,2357,4203
2358,2358,4204
2359,2359,4205
2360,2360,4206
2361,2361,4207
2362,2362,4209
2363,2363,4211
2364,2364,4212
2365,2365,4217
2366,2366,4218
2367,2367,4219
2368,2368,4220
2369,2369,4221
2370,2370,4224
2371,2371,4225
2372,2372,4227
2373,2373,4230
2374,2374,4237
2375,2375,4238
2376,2376,4239
2377,2377,4241
2378,2378,4242
2379,2379,4243
2380,2380,4244
2381,2381,4245
2382,2382,4247
2383,2383,4248
2384,2384,4250
2385,2385,4251
2386,2386,4253
2387,2387,4254
2388,2388,4256
2389,2389,4257
2390,2390,4259
2391,2391,4262
2392,2392,4265
2393,2393,4266
2394,2394,4269
2395,2395,4270
2396,2396,4272
2397,2397,4274
2398,2398,4276
2399,2399,4278
2400,2400,4279
2401,2401,4280
2402,2402,4282
2403,2403,4283
2404,2404,4284
2405,2405,4285
2406,2406,4292
2407,2407,4293
2408,2408,4295
2409,2409,4296
2410,2410,4297
2411,2411,4298
2412,2412,4299
2413,2413,4301
2414,2414,4304
2415,2415,4305
2416,2416,4306
2417,2417,4308
2418,2418,4309
2419,2419,4310
2420,2420,4311
2421,2421,4312
2422,2422,4313
2423,2423,4318
2424,2424,4319
2425,2425,4321
2426,2426,4328
2427,2427,4330
2428,2428,4331
2429,2429,4332
2430,2430,4334
2431,2431,4335
2432,2432,4336
2433,2433,4343
2434,2434,4344
2435,2435,4345
2436,2436,4346
2437,2437,4348
2438,2438,4349
2439,2439,4351
2440,2440,4352
2441,2441,4354
2442,2442,4357
2443,2443,4358
2444,2444,4359
2445,2445,4361
2446,2446,4362
2447,2447,4363
2448,2448,4365
2449,2449,4366
2450,2450,4369
2451,2451,4371
2452,2452,4374
2453,2453,4376
2454,2454,4379
2455,2455,4380
2456,2456,4382
2457,2457,4383
2458,2458,4384
2459,2459,4389
2460,2460,4390
2461,2461,4391
2462,2462,4395
2463,2463,4397
2464,2464,4400
2465,2465,4401
2466,2466,4402
2467,2467,4404
2468,2468,4405
2469,2469,4408
2470,2470,4413
2471,2471,4414
2472,2472,4416
2473,2473,4420
2474,2474,4421
2475,2475,4422
2476,2476,4423
2477,2477,4428
2478,2478,4429
2479,2479,4431
2480,2480,4434
2481,2481,4436
2482,2482,4437
2483,2483,4438
2484,2484,4440
2485,2485,4441
2486,2486,4442
2487,2487,4443
2488,2488,4446
2489,2489,4449
2490,2490,4450
2491,2491,4455
2492,2492,4456
2493,2493,4457
2494,2494,4458
2495,2495,4459
2496,2496,4460
2497,2497,4461
2498,2498,4462
2499,2499,4463
2500,2500,4465
2501,2501,4466
2502,2502,4467
2503,2503,4468
2504,2504,4469
2505,2505,4470
2506,2506,4471
2507,2507,4472
2508,2508,4476
2509,2509,4477
2510,2510,4478
2511,2511,4479
2512,2512,4480
2513,2513,4481
2514,2514,4483
2515,2515,4484
2516,2516,4485
2517,2517,4486
2518,2518,4487
2519,2519,4491
2520,2520,4494
2521,2521,4495
2522,2522,4497
2523,2523,4501
2524,2524,4502
2525,2525,4504
2526,2526,4505
2527,2527,4506
2528,2528,4507
2529,2529,4508
2530,2530,4509
2531,2531,4514
2532,2532,4515
2533,2533,4516
2534,2534,4517
2535,2535,4518
2536,2536,4520
2537,2537,4521
2538,2538,4523
2539,2539,4524
2540,2540,4527
2541,2541,4530
2542,2542,4532
2543,2543,4533
2544,2544,4537
2545,2545,4539
2546,2546,4542
2547,2547,4548
2548,2548,4551
2549,2549,4552
2550,2550,4553
2551,2551,4554
2552,2552,4558
2553,2553,4559
2554,2554,4560
2555,2555,4561
2556,2556,4562
2557,2557,4563
2558,2558,4565
2559,2559,4567
2560,2560,4572
2561,2561,4576
2562,2562,4578
2563,2563,4579
2564,2564,4580
2565,2565,4582
2566,2566,4584
2567,2567,4585
2568,2568,4586
2569,2569,4592
2570,2570,4593
2571,2571,4594
2572,2572,4595
2573,2573,4596
2574,2574,4597
2575,2575,4598
2576,2576,4599
2577,2577,4601
2578,2578,4604
2579,2579,4605
2580,2580,4606
2581,2581,4611
2582,2582,4614
2583,2583,4616
2584,2584,4619
2585,2585,4621
2586,2586,4622
2587,2587,4628
2588,2588,4629
2589,2589,4630
2590,2590,4634
2591,2591,4636
2592,2592,4637
2593,2593,4639
2594,2594,4643
2595,2595,4646
2596,2596,4647
2597,2597,4648
2598,2598,4652
2599,2599,4655
2600,2600,4658
2601,2601,4659
2602,2602,4660
2603,2603,4661
2604,2604,4662
2605,2605,4663
2606,2606,4664
2607,2607,4666
2608,2608,4668
2609,2609,4670
2610,2610,4671
2611,2611,4673
2612,2612,4678
2613,2613,4679
2614,2614,4680
2615,2615,4681
2616,2616,4682
2617,2617,4684
2618,2618,4685
2619,2619,4690
2620,2620,4691
2621,2621,4692
2622,2622,4693
2623,2623,4695
2624,2624,4696
2625,2625,4697
2626,2626,4703
2627,2627,4704
2628,2628,4705
2629,2629,4709
2630,2630,4711
2631,2631,4712
2632,2632,4713
2633,2633,4714
2634,2634,4715
2635,2635,4719
2636,2636,4720
2637,2637,4721
2638,2638,4725
2639,2639,4726
2640,2640,4728
2641,2641,4729
2642,2642,4730
2643,2643,4731
2644,2644,4734
2645,2645,4735
2646,2646,4736
2647,2647,4737
2648,2648,4738
2649,2649,4740
2650,2650,4741
2651,2651,4742
2652,2652,4745
2653,2653,4746
2654,2654,4751
2655,2655,4754
2656,2656,4755
2657,2657,4756
2658,2658,4757
2659,2659,4758
2660,2660,4760
2661,2661,4761
2662,2662,4764
2663,2663,4765
2664,2664,4770
2665,2665,4778
2666,2666,4779
2667,2667,4780
2668,2668,4781
2669,2669,4782
2670,2670,4784
2671,2671,4787
2672,2672,4788
2673,2673,4789
2674,2674,4791
2675,2675,4792
2676,2676,4793
2677,2677,4794
2678,2678,4795
2679,2679,4796
2680,2680,4798
2681,2681,4802
2682,2682,4803
2683,2683,4805
2684,2684,4806
2685,2685,4807
2686,2686,4808
2687,2687,4809
2688,2688,4810
2689,2689,4811
2690,2690,4815
2691,2691,4818
2692,2692,4820
2693,2693,4821
2694,2694,4822
2695,2695,4823
2696,2696,4824
2697,2697,4827
2698,2698,4828
2699,2699,4829
2700,2700,4832
2701,2701,4834
2702,2702,4835
2703,2703,4839
2704,2704,4840
2705,2705,4841
2706,2706,4846
2707,2707,4847
2708,2708,4848
2709,2709,4849
2710,2710,4851
2711,2711,4852
2712,2712,4853
2713,2713,4854
2714,2714,4856
2715,2715,4857
2716,2716,4861
2717,2717,4863
2718,2718,4865
2719,2719,4866
2720,2720,4867
2721,2721,4869
2722,2722,4876
2723,2723,4880
2724,2724,4881
2725,2725,4884
2726,2726,4888
2727,2727,4890
2728,2728,4891
2729,2729,4893
2730,2730,4896
2731,2731,4897
2732,2732,4898
2733,2733,4902
2734,2734,4903
2735,2735,4904
2736,2736,4906
2737,2737,4907
2738,2738,4908
2739,2739,4910
2740,2740,4911
2741,2741,4913
2742,2742,4914
2743,2743,4915
2744,2744,4916
2745,2745,4918
2746,2746,4919
2747,2747,4920
2748,2748,4921
2749,2749,4924
2750,2750,4928
2751,2751,4930
2752,2752,4932
2753,2753,4936
2754,2754,4937
2755,2755,4938
2756,2756,4939
2757,2757,4941
2758,2758,4942
2759,2759,4943
2760,2760,4944
2761,2761,4946
2762,2762,4947
2763,2763,4948
2764,2764,4950
2765,2765,4951
2766,2766,4954
2767,2767,4956
2768,2768,4957
2769,2769,4958
2770,2770,4959
2771,2771,4962
2772,2772,4963
2773,2773,4964
2774,2774,4966
2775,2775,4967
2776,2776,4968
2777,2777,4970
2778,2778,4971
2779,2779,4972
2780,2780,4973
2781,2781,4974
2782,2782,4977
2783,2783,4983
2784,2784,4984
2785,2785,4986
2786,2786,4987
2787,2787,4988
2788,2788,4989
2789,2789,4992
2790,2790,4993
2791,2791,4994
2792,2792,4995
2793,2793,4996
2794,2794,4999
2795,2795,5000
2796,2796,5001
2797,2797,5002
2798,2798,5004
2799,2799,5005
2800,2800,5006
2801,2801,5007
2802,2802,5013
2803,2803,5014
2804,2804,5017
2805,2805,5018
2806,2806,5019
2807,2807,5020
2808,2808,5021
2809,2809,5027
2810,2810,5029
2811,2811,5030
2812,2812,5031
2813,2813,5033
2814,2814,5038
2815,2815,5039
2816,2816,5041
2817,2817,5042
2818,2818,5043
2819,2819,5046
2820,2820,5047
2821,2821,5049
2822,2822,5051
2823,2823,5053
2824,2824,5054
2825,2825,5055
2826,2826,5060
2827,2827,5066
2828,2828,5068
2829,2829,5070
2830,2830,5074
2831,2831,5077
2832,2832,5078
2833,2833,5079
2834,2834,5082
2835,2835,5087
2836,2836,5090
2837,2837,5094
2838,2838,5095
2839,2839,5097
2840,2840,5098
2841,2841,5100
2842,2842,5103
2843,2843,5104
2844,2844,5105
2845,2845,5106
2846,2846,5109
2847,2847,5113
2848,2848,5114
2849,2849,5118
2850,2850,5124
2851,2851,5125
2852,2852,5127
2853,2853,5129
2854,2854,5130
2855,2855,5132
2856,2856,5133
2857,2857,5137
2858,2858,5140
2859,2859,5141
2860,2860,5142
2861,2861,5144
2862,2862,5146
2863,2863,5149
2864,2864,5151
2865,2865,5157
2866,2866,5159
2867,2867,5160
2868,2868,5165
2869,2869,5166
2870,2870,5167
2871,2871,5169
2872,2872,5171
2873,2873,5172
2874,2874,5173
2875,2875,5175
2876,2876,5176
2877,2877,5180
2878,2878,5181
2879,2879,5182
2880,2880,5184
2881,2881,5185
2882,2882,5187
2883,2883,5188
2884,2884,5189
2885,2885,5191
2886,2886,5192
2887,2887,5194
2888,2888,5196
2889,2889,5197
2890,2890,5199
2891,2891,5201
2892,2892,5202
2893,2893,5203
2894,2894,5204
2895,2895,5205
2896,2896,5211
2897,2897,5214
2898,2898,5216
2899,2899,5217
2900,2900,5219
2901,2901,5220
2902,2902,5221
2903,2903,5223
2904,2904,5224
2905,2905,5228
2906,2906,5229
2907,2907,5231
2908,2908,5232
2909,2909,5235
2910,2910,5238
2911,2911,5239
2912,2912,5240
2913,2913,5241
2914,2914,5242
2915,2915,5245
2916,2916,5247
2917,2917,5248
2918,2918,5251
2919,2919,5252
2920,2920,5254
2921,2921,5258
2922,2922,5259
2923,2923,5260
2924,2924,5261
2925,2925,5262
2926,2926,5266
2927,2927,5270
2928,2928,5275
2929,2929,5276
2930,2930,5279
2931,2931,5281
2932,2932,5285
2933,2933,5287
2934,2934,5289
2935,2935,5292
2936,2936,5294
2937,2937,5296
2938,2938,5299
2939,2939,5300
2940,2940,5301
2941,2941,5303
2942,2942,5304
2943,2943,5305
2944,2944,5306
2945,2945,5310
2946,2946,5311
2947,2947,5312
2948,2948,5313
2949,2949,5315
2950,2950,5316
2951,2951,5317
2952,2952,5318
2953,2953,5319
2954,2954,5320
2955,2955,5321
2956,2956,5325
2957,2957,5326
2958,2958,5328
2959,2959,5330
2960,2960,5331
2961,2961,5332
2962,2962,5333
2963,2963,5334
2964,2964,5336
2965,2965,5337
2966,2966,5339
2967,2967,5340
2968,2968,5341
2969,2969,5342
2970,2970,5348
2971,2971,5351
2972,2972,5352
2973,2973,5353
2974,2974,5354
2975,2975,5356
2976,2976,5357
2977,2977,5358
2978,2978,5359
2979,2979,5360
2980,2980,5361
2981,2981,5366
2982,2982,5367
2983,2983,5368
2984,2984,5373
2985,2985,5376
2986,2986,5379
2987,2987,5382
2988,2988,5383
2989,2989,5384
2990,2990,5385
2991,2991,5386
2992,2992,5387
2993,2993,5388
2994,2994,5389
2995,2995,5390
2996,2996,5391
2997,2997,5393
2998,2998,5394
2999,2999,5396
3000,3000,5398
3001,3001,5399
3002,3002,5400
3003,3003,5403
3004,3004,5404
3005,3005,5405
3006,3006,5409
3007,3007,5410
3008,3008,5414
3009,3009,5417
3010,3010,5418
3011,3011,5420
3012,3012,5421
3013,3013,5422
3014,3014,5423
3015,3015,5424
3016,3016,5425
3017,3017,5427
3018,3018,5428
3019,3019,5430
3020,3020,5431
3021,3021,5432
3022,3022,5433
3023,3023,5434
3024,3024,5435
3025,3025,5436
3026,3026,5440
3027,3027,5444
3028,3028,5446
3029,3029,5447
3030,3030,5448
3031,3031,5449
3032,3032,5452
3033,3033,5454
3034,3034,5455
3035,3035,5457
3036,3036,5460
3037,3037,5461
3038,3038,5462
3039,3039,5463
3040,3040,5468
3041,3041,5469
3042,3042,5470
3043,3043,5471
3044,3044,5473
3045,3045,5474
3046,3046,5475
3047,3047,5477
3048,3048,5479
3049,3049,5480
3050,3050,5483
3051,3051,5485
3052,3052,5486
3053,3053,5489
3054,3054,5492
3055,3055,5493
3056,3056,5498
3057,3057,5499
3058,3058,5500
3059,3059,5501
3060,3060,5504
3061,3061,5505
3062,3062,5511
3063,3063,5514
3064,3064,5516
3065,3065,5518
3066,3066,5519
3067,3067,5520
3068,3068,5522
3069,3069,5524
3070,3070,5525
3071,3071,5529
3072,3072,5530
3073,3073,5531
3074,3074,5532
3075,3075,5536
3076,3076,5537
3077,3077,5539
3078,3078,5542
3079,3079,5543
3080,3080,5546
3081,3081,5547
3082,3082,5548
3083,3083,5549
3084,3084,5552
3085,3085,5553
3086,3086,5555
3087,3087,5559
3088,3088,5560
3089,3089,5562
3090,3090,5563
3091,3091,5564
3092,3092,5565
3093,3093,5567
3094,3094,5568
3095,3095,5569
3096,3096,5570
3097,3097,5571
3098,3098,5574
3099,3099,5577
3100,3100,5581
3101,3101,5582
3102,3102,5583
3103,3103,5588
3104,3104,5589
3105,3105,5590
3106,3106,5591
3107,3107,5592
3108,3108,5593
3109,3109,5597
3110,3110,5598
3111,3111,5600
3112,3112,5602
3113,3113,5603
3114,3114,5604
3115,3115,5605
3116,3116,5607
3117,3117,5608
3118,3118,5609
3119,3119,5613
3120,3120,5617
3121,3121,5619
3122,3122,5620
3123,3123,5621
3124,3124,5622
3125,3125,5625
3126,3126,5627
3127,3127,5630
3128,3128,5635
3129,3129,5636
3130,3130,5637
3131,3131,5638
3132,3132,5639
3133,3133,5640
3134,3134,5641
3135,3135,5642
3136,3136,5644
3137,3137,5645
3138,3138,5646
3139,3139,5651
3140,3140,5654
3141,3141,5656
3142,3142,5657
3143,3143,5658
3144,3144,5659
3145,3145,5661
3146,3146,5662
3147,3147,5663
3148,3148,5667
3149,3149,5668
3150,3150,5669
3151,3151,5670
3152,3152,5671
3153,3153,5673
3154,3154,5675
3155,3155,5677
3156,3156,5679
3157,3157,5681
3158,3158,5682
3159,3159,5683
3160,3160,5685
3161,3161,5686
3162,3162,5687
3163,3163,5688
3164,3164,5689
3165,3165,5690
3166,3166,5692
3167,3167,5694
3168,3168,5697
3169,3169,5699
3170,3170,5703
3171,3171,5705
3172,3172,5708
3173,3173,5709
3174,3174,5710
3175,3175,5711
3176,3176,5715
3177,3177,5716
3178,3178,5717
3179,3179,5718
3180,3180,5719
3181,3181,5720
3182,3182,5721
3183,3183,5722
3184,3184,5728
3185,3185,5729
3186,3186,5731
3187,3187,5736
3188,3188,5738
3189,3189,5739
3190,3190,5743
3191,3191,5749
3192,3192,5752
3193,3193,5755
3194,3194,5756
3195,3195,5758
3196,3196,5760
3197,3197,5761
3198,3198,5763
3199,3199,5767
3200,3200,5769
3201,3201,5770
3202,3202,5771
3203,3203,5772
3204,3204,5776
3205,3205,5777
3206,3206,5779
3207,3207,5780
3208,3208,5781
3209,3209,5782
3210,3210,5783
3211,3211,5786
3212,3212,5787
3213,3213,5788
3214,3214,5790
3215,3215,5793
3216,3216,5794
3217,3217,5795
3218,3218,5796
3219,3219,5797
3220,3220,5801
3221,3221,5802
3222,3222,5804
3223,3223,5805
3224,3224,5807
3225,3225,5808
3226,3226,5809
3227,3227,5810
3228,3228,5811
3229,3229,5812
3230,3230,5813
3231,3231,5814
3232,3232,5815
3233,3233,5817
3234,3234,5818
3235,3235,5819
3236,3236,5820
3237,3237,5821
3238,3238,5822
3239,3239,5823
3240,3240,5824
3241,3241,5826
3242,3242,5827
3243,3243,5830
3244,3244,5831
3245,3245,5833
3246,3246,5837
3247,3247,5838
3248,3248,5839
3249,3249,5841
3250,3250,5842
3251,3251,5848
3252,3252,5849
3253,3253,5850
3254,3254,5851
3255,3255,5853
3256,3256,5854
3257,3257,5857
3258,3258,5858
3259,3259,5859
3260,3260,5860
3261,3261,5862
3262,3262,5863
3263,3263,5866
3264,3264,5867
3265,3265,5869
3266,3266,5871
3267,3267,5873
3268,3268,5875
3269,3269,5877
3270,3270,5879
3271,3271,5891
3272,3272,5892
3273,3273,5893
3274,3274,5894
3275,3275,5895
3276,3276,5896
3277,3277,5900
3278,3278,5902
3279,3279,5903
3280,3280,5904
3281,3281,5905
3282,3282,5907
3283,3283,5908
3284,3284,5909
3285,3285,5911
3286,3286,5913
3287,3287,5914
3288,3288,5915
3289,3289,5917
3290,3290,5918
3291,3291,5919
3292,3292,5921
3293,3293,5923
3294,3294,5924
3295,3295,5926
3296,3296,5930
3297,3297,5931
3298,3298,5934
3299,3299,5936
3300,3300,5939
3301,3301,5940
3302,3302,5946
3303,3303,5948
3304,3304,5949
3305,3305,5950
3306,3306,5952
3307,3307,5953
3308,3308,5958
3309,3309,5959
3310,3310,5962
3311,3311,5963
3312,3312,5964
3313,3313,5965
3314,3314,5966
3315,3315,5968
3316,3316,5970
3317,3317,5973
3318,3318,5974
3319,3319,5975
3320,3320,5976
3321,3321,5978
3322,3322,5980
3323,3323,5981
3324,3324,5982
3325,3325,5983
3326,3326,5984
3327,3327,5986
3328,3328,5987
3329,3329,5990
3330,3330,5991
3331,3331,5994
3332,3332,5997
3333,3333,6000
3334,3334,6001
3335,3335,6002
3336,3336,6004
3337,3337,6005
3338,3338,6006
3339,3339,6008
3340,3340,6009
3341,3341,6010
3342,3342,6012
3343,3343,6013
3344,3344,6015
3345,3345,6016
3346,3346,6017
3347,3347,6019
3348,3348,6020
3349,3349,6021
3350,3350,6022
3351,3351,6024
3352,3352,6026
3353,3353,6029
3354,3354,6030
3355,3355,6032
3356,3356,6033
3357,3357,6035
3358,3358,6037
3359,3359,6038
3360,3360,6042
3361,3361,6045
3362,3362,6047
3363,3363,6048
3364,3364,6049
3365,3365,6052
3366,3366,6054
3367,3367,6057
3368,3368,6058
3369,3369,6060
3370,3370,6061
3371,3371,6062
3372,3372,6064
3373,3373,6065
3374,3374,6066
3375,3375,6067
3376,3376,6072
3377,3377,6073
3378,3378,6075
3379,3379,6076
3380,3380,6077
3381,3381,6079
3382,3382,6080
3383,3383,6084
3384,3384,6085
3385,3385,6086
3386,3386,6087
3387,3387,6088
3388,3388,6089
3389,3389,6090
3390,3390,6091
3391,3391,6092
3392,3392,6093
3393,3393,6099
3394,3394,6100
3395,3395,6102
3396,3396,6103
3397,3397,6104
3398,3398,6107
3399,3399,6108
3400,3400,6109
3401,3401,6111
3402,3402,6112
3403,3403,6115
3404,3404,6118
3405,3405,6119
3406,3406,6120
3407,3407,6122
3408,3408,6125
3409,3409,6126
3410,3410,6128
3411,3411,6131
3412,3412,6135
3413,3413,6136
3414,3414,6137
3415,3415,6140
3416,3416,6143
3417,3417,6144
3418,3418,6145
3419,3419,6146
3420,3420,6149
3421,3421,6156
3422,3422,6158
3423,3423,6159
3424,3424,6160
3425,3425,6162
3426,3426,6163
3427,3427,6166
3428,3428,6169
3429,3429,6171
3430,3430,6173
3431,3431,6177
3432,3432,6178
3433,3433,6180
3434,3434,6181
3435,3435,6186
3436,3436,6187
3437,3437,6190
3438,3438,6191
3439,3439,6193
3440,3440,6194
3441,3441,6195
3442,3442,6198
3443,3443,6199
3444,3444,6201
3445,3445,6203
3446,3446,6204
3447,3447,6206
3448,3448,6208
3449,3449,6209
3450,3450,6210
3451,3451,6211
3452,3452,6213
3453,3453,6214
3454,3454,6216
3455,3455,6218
3456,3456,6221
3457,3457,6222
3458,3458,6223
3459,3459,6225
3460,3460,6227
3461,3461,6230
3462,3462,6232
3463,3463,6234
3464,3464,6236
3465,3465,6238
3466,3466,6240
3467,3467,6243
3468,3468,6244
3469,3469,6248
3470,3470,6250
3471,3471,6251
3472,3472,6252
3473,3473,6253
3474,3474,6254
3475,3475,6255
3476,3476,6256
3477,3477,6257
3478,3478,6259
3479,3479,6261
3480,3480,6262
3481,3481,6263
3482,3482,6264
3483,3483,6266
3484,3484,6268
3485,3485,6269
3486,3486,6270
3487,3487,6271
3488,3488,6272
3489,3489,6274
3490,3490,6276
3491,3491,6277
3492,3492,6278
3493,3493,6281
3494,3494,6282
3495,3495,6285
3496,3496,6286
3497,3497,6287
3498,3498,6289
3499,3499,6291
3500,3500,6292
3501,3501,6293
3502,3502,6294
3503,3503,6300
3504,3504,6301
3505,3505,6302
3506,3506,6304
3507,3507,6307
3508,3508,6311
3509,3509,6315
3510,3510,6317
3511,3511,6319
3512,3512,6321
3513,3513,6322
3514,3514,6323
3515,3515,6324
3516,3516,6325
3517,3517,6326
3518,3518,6327
3519,3519,6328
3520,3520,6330
3521,3521,6333
3522,3522,6334
3523,3523,6335
3524,3524,6338
3525,3525,6339
3526,3526,6341
3527,3527,6344
3528,3528,6346
3529,3529,6347
3530,3530,6348
3531,3531,6349
3532,3532,6350
3533,3533,6351
3534,3534,6352
3535,3535,6354
3536,3536,6355
3537,3537,6356
3538,3538,6359
3539,3539,6363
3540,3540,6364
3541,3541,6365
3542,3542,6366
3543,3543,6369
3544,3544,6373
3545,3545,6376
3546,3546,6378
3547,3547,6380
3548,3548,6383
3549,3549,6384
3550,3550,6385
3551,3551,6386
3552,3552,6389
3553,3553,6391
3554,3554,6392
3555,3555,6393
3556,3556,6394
3557,3557,6395
3558,3558,6396
3559,3559,6397
3560,3560,6398
3561,3561,6400
3562,3562,6402
3563,3563,6403
3564,3564,6405
3565,3565,6406
3566,3566,6408
3567,3567,6411
3568,3568,6413
3569,3569,6414
3570,3570,6415
3571,3571,6416
3572,3572,6417
3573,3573,6419
3574,3574,6420
3575,3575,6421
3576,3576,6422
3577,3577,6425
3578,3578,6426
3579,3579,6427
3580,3580,6428
3581,3581,6432
3582,3582,6433
3583,3583,6434
3584,3584,6435
3585,3585,6436
3586,3586,6437
3587,3587,6438
3588,3588,6442
3589,3589,6443
3590,3590,6444
3591,3591,6445
3592,3592,6446
3593,3593,6447
3594,3594,6448
3595,3595,6449
3596,3596,6450
3597,3597,6452
3598,3598,6454
3599,3599,6457
3600,3600,6461
3601,3601,6467
3602,3602,6468
3603,3603,6469
3604,3604,6470
3605,3605,6471
3606,3606,6472
3607,3607,6473
3608,3608,6474
3609,3609,6475
3610,3610,6479
3611,3611,6480
3612,3612,6481
3613,3613,6482
3614,3614,6483
3615,3615,6484
3616,3616,6485
3617,3617,6487
3618,3618,6489
3619,3619,6490
3620,3620,6491
3621,3621,6493
3622,3622,6497
3623,3623,6499
3624,3624,6500
3625,3625,6502
3626,3626,6505
3627,3627,6507
3628,3628,6510
3629,3629,6511
3630,3630,6512
3631,3631,6513
3632,3632,6515
3633,3633,6516
3634,3634,6517
3635,3635,6518
3636,3636,6519
3637,3637,6520
3638,3638,6523
3639,3639,6526
3640,3640,6527
3641,3641,6528
3642,3642,6530
3643,3643,6531
3644,3644,6534
3645,3645,6536
3646,3646,6537
3647,3647,6538
3648,3648,6539
3649,3649,6540
3650,3650,6541
3651,3651,6544
3652,3652,6546
3653,3653,6547
3654,3654,6548
3655,3655,6549
3656,3656,6550
3657,3657,6553
3658,3658,6554
3659,3659,6555
3660,3660,6557
3661,3661,6558
3662,3662,6559
3663,3663,6560
3664,3664,6561
3665,3665,6564
3666,3666,6566
3667,3667,6567
3668,3668,6568
3669,3669,6569
3670,3670,6571
3671,3671,6572
3672,3672,6575
3673,3673,6577
3674,3674,6580
3675,3675,6582
3676,3676,6583
3677,3677,6584
3678,3678,6585
3679,3679,6586
3680,3680,6587
3681,3681,6589
3682,3682,6592
3683,3683,6593
3684,3684,6594
3685,3685,6595
3686,3686,6597
3687,3687,6598
3688,3688,6599
3689,3689,6601
3690,3690,6603
3691,3691,6605
3692,3692,6606
3693,3693,6608
3694,3694,6609
3695,3695,6610
3696,3696,6612
3697,3697,6613
3698,3698,6614
3699,3699,6618
3700,3700,6619
3701,3701,6620
3702,3702,6621
3703,3703,6624
3704,3704,6625
3705,3705,6626
3706,3706,6628
3707,3707,6630
3708,3708,6631
3709,3709,6632
3710,3710,6634
3711,3711,6635
3712,3712,6637
3713,3713,6640
3714,3714,6641
3715,3715,6646
3716,3716,6647
3717,3717,6648
3718,3718,6649
3719,3719,6652
3720,3720,6654
3721,3721,6655
3722,3722,6658
3723,3723,6660
3724,3724,6661
3725,3725,6662
3726,3726,6663
3727,3727,6665
3728,3728,6667
3729,3729,6668
3730,3730,6669
3731,3731,6672
3732,3732,6673
3733,3733,6674
3734,3734,6675
3735,3735,6676
3736,3736,6679
3737,3737,6682
3738,3738,6683
3739,3739,6686
3740,3740,6687
3741,3741,6689
3742,3742,6692
3743,3743,6693
3744,3744,6694
3745,3745,6695
3746,3746,6696
3747,3747,6701
3748,3748,6702
3749,3749,6704
3750,3750,6705
3751,3751,6707
3752,3752,6713
3753,3753,6715
3754,3754,6716
3755,3755,6717
3756,3756,6718
3757,3757,6719
3758,3758,6720
3759,3759,6723
3760,3760,6725
3761,3761,6727
3762,3762,6728
3763,3763,6729
3764,3764,6732
3765,3765,6733
3766,3766,6735
3767,3767,6739
3768,3768,6741
3769,3769,6744
3770,3770,6745
3771,3771,6747
3772,3772,6749
3773,3773,6750
3774,3774,6754
3775,3775,6755
3776,3776,6756
3777,3777,6759
3778,3778,6760
3779,3779,6761
3780,3780,6763
3781,3781,6764
3782,3782,6765
3783,3783,6766
3784,3784,6767
3785,3785,6770
3786,3786,6771
3787,3787,6773
3788,3788,6774
3789,3789,6775
3790,3790,6776
3791,3791,6778
3792,3792,6779
3793,3793,6782
3794,3794,6784
3795,3795,6785
3796,3796,6786
3797,3797,6788
3798,3798,6789
3799,3799,6791
3800,3800,6793
3801,3801,6794
3802,3802,6797
3803,3803,6798
3804,3804,6799
3805,3805,6801
3806,3806,6802
3807,3807,6804
3808,3808,6805
3809,3809,6807
3810,3810,6808
3811,3811,6809
3812,3812,6810
3813,3813,6811
3814,3814,6813
3815,3815,6815
3816,3816,6816
3817,3817,6818
3818,3818,6822
3819,3819,6827
3820,3820,6829
3821,3821,6830
3822,3822,6831
3823,3823,6832
3824,3824,6835
3825,3825,6836
3826,3826,6838
3827,3827,6839
3828,3828,6840
3829,3829,6843
3830,3830,6844
3831,3831,6846
3832,3832,6847
3833,3833,6848
3834,3834,6849
3835,3835,6850
3836,3836,6852
3837,3837,6855
3838,3838,6856
3839,3839,6857
3840,3840,6858
3841,3841,6860
3842,3842,6861
3843,3843,6866
3844,3844,6867
3845,3845,6868
3846,3846,6870
3847,3847,6873
3848,3848,6874
3849,3849,6876
3850,3850,6877
3851,3851,6878
3852,3852,6879
3853,3853,6880
3854,3854,6882
3855,3855,6884
3856,3856,6885
3857,3857,6889
3858,3858,6892
3859,3859,6894
3860,3860,6897
3861,3861,6898
3862,3862,6901
3863,3863,6903
3864,3864,6906
3865,3865,6907
3866,3866,6908
3867,3867,6909
3868,3868,6910
3869,3869,6911
3870,3870,6912
3871,3871,6913
3872,3872,6914
3873,3873,6916
3874,3874,6918
3875,3875,6921
3876,3876,6922
3877,3877,6927
3878,3878,6928
3879,3879,6929
3880,3880,6930
3881,3881,6931
3882,3882,6933
3883,3883,6934
3884,3884,6935
3885,3885,6937
3886,3886,6938
3887,3887,6940
3888,3888,6944
3889,3889,6946
3890,3890,6947
3891,3891,6948
3892,3892,6951
3893,3893,6953
3894,3894,6954
3895,3895,6955
3896,3896,6956
3897,3897,6957
3898,3898,6958
3899,3899,6961
3900,3900,6962
3901,3901,6963
3902,3902,6964
3903,3903,6965
3904,3904,6968
3905,3905,6969
3906,3906,6970
3907,3907,6971
3908,3908,6974
3909,3909,6975
3910,3910,6976
3911,3911,6981
3912,3912,6982
3913,3913,6984
3914,3914,6987
3915,3915,6988
3916,3916,6989
3917,3917,6990
3918,3918,6992
3919,3919,6993
3920,3920,6994
3921,3921,6998
3922,3922,6999
3923,3923,7001
3924,3924,7002
3925,3925,7003
3926,3926,7004
3927,3927,7005
3928,3928,7007
3929,3929,7017
3930,3930,7018
3931,3931,7021
3932,3932,7022
3933,3933,7023
3934,3934,7025
3935,3935,7026
3936,3936,7027
3937,3937,7029
3938,3938,7032
3939,3939,7033
3940,3940,7035
3941,3941,7037
3942,3942,7042
3943,3943,7043
3944,3944,7044
3945,3945,7045
3946,3946,7046
3947,3947,7047
3948,3948,7048
3949,3949,7049
3950,3950,7050
3951,3951,7051
3952,3952,7052
3953,3953,7056
3954,3954,7057
3955,3955,7058
3956,3956,7059
3957,3957,7060
3958,3958,7063
3959,3959,7064
3960,3960,7066
3961,3961,7067
3962,3962,7068
3963,3963,7070
3964,3964,7071
3965,3965,7072
3966,3966,7073
3967,3967,7076
3968,3968,7077
3969,3969,7079
3970,3970,7081
3971,3971,7082
3972,3972,7083
3973,3973,7084
3974,3974,7085
3975,3975,7086
3976,3976,7087
3977,3977,7088
3978,3978,7090
3979,3979,7092
3980,3980,7093
3981,3981,7094
3982,3982,7096
3983,3983,7099
3984,3984,7101
3985,3985,7103
3986,3986,7105
3987,3987,7106
3988,3988,7107
3989,3989,7110
3990,3990,7112
3991,3991,7115
3992,3992,7117
3993,3993,7118
3994,3994,7119
3995,3995,7120
3996,3996,7121
3997,3997,7123
3998,3998,7125
3999,3999,7126
4000,4000,7127
4001,4001,7129
4002,4002,7130
4003,4003,7132
4004,4004,7133
4005,4005,7134
4006,4006,7135
4007,4007,7136
4008,4008,7137
4009,4009,7138
4010,4010,7139
4011,4011,7141
4012,4012,7143
4013,4013,7144
4014,4014,7146
4015,4015,7149
4016,4016,7152
4017,4017,7156
4018,4018,7157
4019,4019,7159
4020,4020,7164
4021,4021,7167
4022,4022,7170
4023,4023,7171
4024,4024,7173
4025,4025,7174
4026,4026,7180
4027,4027,7181
4028,4028,7183
4029,4029,7184
4030,4030,7185
4031,4031,7187
4032,4032,7190
4033,4033,7193
4034,4034,7195
4035,4035,7198
4036,4036,7200
4037,4037,7201
4038,4038,7202
4039,4039,7206
4040,4040,7208
4041,4041,7209
4042,4042,7210
4043,4043,7212
4044,4044,7218
4045,4045,7219
4046,4046,7221
4047,4047,7222
4048,4048,7224
4049,4049,7227
4050,4050,7229
4051,4051,7230
4052,4052,7231
4053,4053,7232
4054,4054,7233
4055,4055,7234
4056,4056,7238
4057,4057,7241
4058,4058,7243
4059,4059,7245
4060,4060,7247
4061,4061,7249
4062,4062,7250
4063,4063,7251
4064,4064,7252
4065,4065,7253
4066,4066,7254
4067,4067,7255
4068,4068,7256
4069,4069,7258
4070,4070,7259
4071,4071,7260
4072,4072,7261
4073,4073,7262
4074,4074,7264
4075,4075,7265
4076,4076,7267
4077,4077,7269
4078,4078,7270
4079,4079,7274
4080,4080,7277
4081,4081,7278
4082,4082,7280
4083,4083,7281
4084,4084,7283
4085,4085,7284
4086,4086,7285
4087,4087,7286
4088,4088,7287
4089,4089,7288
4090,4090,7290
4091,4091,7294
4092,4092,7295
4093,4093,7298
4094,4094,7299
4095,4095,7300
4096,4096,7301
4097,4097,7302
4098,4098,7303
4099,4099,7305
4100,4100,7308
4101,4101,7309
4102,4102,7310
4103,4103,7311
4104,4104,7314
4105,4105,7315
4106,4106,7317
4107,4107,7318
4108,4108,7319
4109,4109,7320
4110,4110,7322
4111,4111,7323
4112,4112,7328
4113,4113,7329
4114,4114,7330
4115,4115,7331
4116,4116,7332
4117,4117,7333
4118,4118,7336
4119,4119,7339
4120,4120,7340
4121,4121,7343
4122,4122,7344
4123,4123,7346
4124,4124,7347
4125,4125,7348
4126,4126,7350
4127,4127,7357
4128,4128,7358
4129,4129,7359
4130,4130,7360
4131,4131,7361
4132,4132,7362
4133,4133,7365
4134,4134,7366
4135,4135,7367
4136,4136,7368
4137,4137,7369
4138,4138,7370
4139,4139,7373
4140,4140,7374
4141,4141,7378
4142,4142,7379
4143,4143,7380
4144,4144,7381
4145,4145,7388
4146,4146,7390
4147,4147,7391
4148,4148,7392
4149,4149,7394
4150,4150,7396
4151,4151,7398
4152,4152,7399
4153,4153,7402
4154,4154,7405
4155,4155,7409
4156,4156,7410
4157,4157,7413
4158,4158,7415
4159,4159,7416
4160,4160,7419
4161,4161,7420
4162,4162,7423
4163,4163,7424
4164,4164,7425
4165,4165,7428
4166,4166,7434
4167,4167,7435
4168,4168,7436
4169,4169,7438
4170,4170,7441
4171,4171,7443
4172,4172,7444
4173,4173,7445
4174,4174,7446
4175,4175,7447
4176,4176,7451
4177,4177,7452
4178,4178,7454
4179,4179,7457
4180,4180,7460
4181,4181,7463
4182,4182,7464
4183,4183,7465
4184,4184,7467
4185,4185,7468
4186,4186,7469
4187,4187,7470
4188,4188,7471
4189,4189,7472
4190,4190,7473
4191,4191,7475
4192,4192,7481
4193,4193,7486
4194,4194,7487
4195,4195,7488
4196,4196,7489
4197,4197,7491
4198,4198,7492
4199,4199,7493
4200,4200,7494
4201,4201,7495
4202,4202,7500
4203,4203,7501
4204,4204,7503
4205,4205,7504
4206,4206,7505
4207,4207,7506
4208,4208,7508
4209,4209,7511
4210,4210,7513
4211,4211,7514
4212,4212,7517
4213,4213,7518
4214,4214,7520
4215,4215,7521
4216,4216,7523
4217,4217,7526
4218,4218,7528
4219,4219,7529
4220,4220,7531
4221,4221,7538
4222,4222,7542
4223,4223,7546
4224,4224,7550
4225,4225,7551
4226,4226,7552
4227,4227,7553
4228,4228,7554
4229,4229,7555
4230,4230,7556
4231,4231,7557
4232,4232,7558
4233,4233,7561
4234,4234,7562
4235,4235,7563
4236,4236,7565
4237,4237,7567
4238,4238,7568
4239,4239,7569
4240,4240,7571
4241,4241,7572
4242,4242,7573
4243,4243,7574
4244,4244,7575
4245,4245,7577
4246,4246,7578
4247,4247,7579
4248,4248,7580
4249,4249,7582
4250,4250,7586
4251,4251,7587
4252,4252,7588
4253,4253,7589
4254,4254,7590
4255,4255,7591
4256,4256,7595
4257,4257,7599
4258,4258,7602
4259,4259,7604
4260,4260,7605
4261,4261,7606
4262,4262,7607
4263,4263,7609
4264,4264,7611
4265,4265,7614
4266,4266,7615
4267,4267,7617
4268,4268,7618
4269,4269,7622
4270,4270,7623
4271,4271,7624
4272,4272,7626
4273,4273,7629
4274,4274,7630
4275,4275,7631
4276,4276,7632
4277,4277,7633
4278,4278,7635
4279,4279,7637
4280,4280,7638
4281,4281,7640
4282,4282,7641
4283,4283,7642
4284,4284,7643
4285,4285,7645
4286,4286,7647
4287,4287,7648
4288,4288,7649
4289,4289,7652
4290,4290,7655
4291,4291,7657
4292,4292,7660
4293,4293,7661
4294,4294,7662
4295,4295,7665
4296,4296,7668
4297,4297,7669
4298,4298,7671
4299,4299,7673
4300,4300,7675
4301,4301,7680
4302,4302,7682
4303,4303,7686
4304,4304,7688
4305,4305,7689
4306,4306,7690
4307,4307,7693
4308,4308,7694
4309,4309,7704
4310,4310,7706
4311,4311,7708
4312,4312,7709
4313,4313,7711
4314,4314,7714
4315,4315,7715
4316,4316,7716
4317,4317,7718
4318,4318,7719
4319,4319,7721
4320,4320,7722
4321,4321,7723
4322,4322,7727
4323,4323,7731
4324,4324,7733
4325,4325,7734
4326,4326,7736
4327,4327,7740
4328,4328,7741
4329,4329,7742
4330,4330,7744
4331,4331,7745
4332,4332,7746
4333,4333,7748
4334,4334,7750
4335,4335,7751
4336,4336,7753
4337,4337,7754
4338,4338,7755
4339,4339,7756
4340,4340,7758
4341,4341,7759
4342,4342,7760
4343,4343,7762
4344,4344,7765
4345,4345,7766
4346,4346,7767
4347,4347,7768
4348,4348,7769
4349,4349,7770
4350,4350,7772
4351,4351,7773
4352,4352,7774
4353,4353,7777
4354,4354,7779
4355,4355,7780
4356,4356,7781
4357,4357,7782
4358,4358,7783
4359,4359,7786
4360,4360,7787
4361,4361,7788
4362,4362,7789
4363,4363,7791
4364,4364,7792
4365,4365,7794
4366,4366,7795
4367,4367,7797
4368,4368,7798
4369,4369,7799
4370,4370,7800
4371,4371,7801
4372,4372,7812
4373,4373,7813
4374,4374,7816
4375,4375,7818
4376,4376,7819
4377,4377,7823
4378,4378,7824
4379,4379,7829
4380,4380,7831
4381,4381,7832
4382,4382,7833
4383,4383,7835
4384,4384,7838
4385,4385,7839
4386,4386,7841
4387,4387,7842
4388,4388,7844
4389,4389,7846
4390,4390,7848
4391,4391,7849
4392,4392,7850
4393,4393,7851
4394,4394,7852
4395,4395,7854
4396,4396,7857
4397,4397,7861
4398,4398,7864
4399,4399,7865
4400,4400,7866
4401,4401,7867
4402,4402,7870
4403,4403,7874
4404,4404,7878
4405,4405,7879
4406,4406,7880
4407,4407,7882
4408,4408,7883
4409,4409,7884
4410,4410,7885
4411,4411,7886
4412,4412,7887
4413,4413,7888
4414,4414,7890
4415,4415,7892
4416,4416,7894
4417,4417,7896
4418,4418,7897
4419,4419,7898
4420,4420,7899
4421,4421,7900
4422,4422,7901
4423,4423,7902
4424,4424,7904
4425,4425,7906
4426,4426,7907
4427,4427,7909
4428,4428,7910
4429,4429,7911
4430,4430,7913
4431,4431,7914
4432,4432,7916
4433,4433,7917
4434,4434,7919
4435,4435,7920
4436,4436,7921
4437,4437,7925
4438,4438,7926
4439,4439,7928
4440,4440,7929
4441,4441,7930
4442,4442,7932
4443,4443,7933
4444,4444,7934
4445,4445,7941
4446,4446,7946
4447,4447,7948
4448,4448,7949
4449,4449,7950
4450,4450,7951
4451,4451,7953
4452,4452,7954
4453,4453,7955
4454,4454,7956
4455,4455,7957
4456,4456,7958
4457,4457,7961
4458,4458,7963
4459,4459,7964
4460,4460,7965
4461,4461,7966
4462,4462,7971
4463,4463,7973
4464,4464,7974
4465,4465,7975
4466,4466,7976
4467,4467,7978
4468,4468,7980
4469,4469,7982
4470,4470,7985
4471,4471,7988
4472,4472,7989
4473,4473,7990
4474,4474,7991
4475,4475,7993
4476,4476,7995
4477,4477,7996
4478,4478,7997
4479,4479,7998
4480,4480,7999
4481,4481,8001
4482,4482,8008
4483,4483,8010
4484,4484,8012
4485,4485,8017
4486,4486,8019
4487,4487,8020
4488,4488,8024
4489,4489,8025
4490,4490,8027
4491,4491,8029
4492,4492,8030
4493,4493,8033
4494,4494,8034
4495,4495,8035
4496,4496,8037
4497,4497,8038
4498,4498,8039
4499,4499,8040
4500,4500,8041
4501,4501,8043
4502,4502,8046
4503,4503,8047
4504,4504,8048
4505,4505,8053
4506,4506,8054
4507,4507,8059
4508,4508,8060
4509,4509,8062
4510,4510,8064
4511,4511,8065
4512,4512,8066
4513,4513,8070
4514,4514,8076
4515,4515,8079
4516,4516,8081
4517,4517,8086
4518,4518,8088
4519,4519,8090
4520,4520,8091
4521,4521,8092
4522,4522,8093
4523,4523,8094
4524,4524,8096
4525,4525,8097
4526,4526,8099
4527,4527,8100
4528,4528,8101
4529,4529,8102
4530,4530,8105
4531,4531,8107
4532,4532,8109
4533,4533,8114
4534,4534,8115
4535,4535,8117
4536,4536,8124
4537,4537,8126
4538,4538,8127
4539,4539,8128
4540,4540,8129
4541,4541,8131
4542,4542,8136
4543,4543,8137
4544,4544,8138
4545,4545,8140
4546,4546,8141
4547,4547,8143
4548,4548,8145
4549,4549,8146
4550,4550,8147
4551,4551,8148
4552,4552,8150
4553,4553,8151
4554,4554,8152
4555,4555,8153
4556,4556,8154
4557,4557,8158
4558,4558,8162
4559,4559,8163
4560,4560,8165
4561,4561,8166
4562,4562,8168
4563,4563,8169
4564,4564,8170
4565,4565,8173
4566,4566,8174
4567,4567,8176
4568,4568,8177
4569,4569,8178
4570,4570,8179
4571,4571,8181
4572,4572,8183
4573,4573,8185
4574,4574,8186
4575,4575,8187
4576,4576,8190
4577,4577,8192
4578,4578,8193
4579,4579,8194
4580,4580,8195
4581,4581,8197
4582,4582,8198
4583,4583,8200
4584,4584,8201
4585,4585,8202
4586,4586,8204
4587,4587,8205
4588,4588,8207
4589,4589,8208
4590,4590,8209
4591,4591,8210
4592,4592,8211
4593,4593,8212
4594,4594,8213
4595,4595,8215
4596,4596,8216
4597,4597,8218
4598,4598,8221
4599,4599,8222
4600,4600,8224
4601,4601,8225
4602,4602,8226
4603,4603,8227
4604,4604,8228
4605,4605,8231
4606,4606,8234
4607,4607,8238
4608,4608,8239
4609,4609,8240
4610,4610,8243
4611,4611,8245
4612,4612,8246
4613,4613,8248
4614,4614,8250
4615,4615,8252
4616,4616,8254
4617,4617,8255
4618,4618,8256
4619,4619,8258
4620,4620,8259
4621,4621,8262
4622,4622,8263
4623,4623,8265
4624,4624,8268
4625,4625,8269
4626,4626,8272
4627,4627,8273
4628,4628,8279
4629,4629,8280
4630,4630,8284
4631,4631,8286
4632,4632,8287
4633,4633,8290
4634,4634,8291
4635,4635,8292
4636,4636,8293
4637,4637,8294
4638,4638,8297
4639,4639,8300
4640,4640,8301
4641,4641,8302
4642,4642,8303
4643,4643,8304
4644,4644,8305
4645,4645,8307
4646,4646,8311
4647,4647,8313
4648,4648,8314
4649,4649,8315
4650,4650,8317
4651,4651,8319
4652,4652,8323
4653,4653,8326
4654,4654,8327
4655,4655,8328
4656,4656,8329
4657,4657,8330
4658,4658,8332
4659,4659,8335
4660,4660,8336
4661,4661,8338
4662,4662,8339
4663,4663,8341
4664,4664,8342
4665,4665,8343
4666,4666,8346
4667,4667,8347
4668,4668,8348
4669,4669,8350
4670,4670,8351
4671,4671,8353
4672,4672,8355
4673,4673,8359
4674,4674,8361
4675,4675,8362
4676,4676,8363
4677,4677,8366
4678,4678,8369
4679,4679,8371
4680,4680,8372
4681,4681,8373
4682,4682,8375
4683,4683,8380
4684,4684,8381
4685,4685,8382
4686,4686,8386
4687,4687,8390
4688,4688,8396
4689,4689,8397
4690,4690,8399
4691,4691,8400
4692,4692,8401
4693,4693,8404
4694,4694,8405
4695,4695,8408
4696,4696,8412
4697,4697,8414
4698,4698,8415
4699,4699,8418
4700,4700,8419
4701,4701,8420
4702,4702,8421
4703,4703,8423
4704,4704,8424
4705,4705,8428
4706,4706,8429
4707,4707,8430
4708,4708,8431
4709,4709,8436
4710,4710,8437
4711,4711,8441
4712,4712,8444
4713,4713,8446
4714,4714,8447
4715,4715,8448
4716,4716,8449
4717,4717,8451
4718,4718,8453
4719,4719,8454
4720,4720,8457
4721,4721,8458
4722,4722,8460
4723,4723,8463
4724,4724,8464
4725,4725,8465
4726,4726,8468
4727,4727,8469
4728,4728,8470
4729,4729,8474
4730,4730,8477
4731,4731,8478
4732,4732,8480
4733,4733,8482
4734,4734,8483
4735,4735,8486
4736,4736,8488
4737,4737,8489
4738,4738,8490
4739,4739,8495
4740,4740,8496
4741,4741,8500
4742,4742,8501
4743,4743,8502
4744,4744,8503
4745,4745,8504
4746,4746,8506
4747,4747,8508
4748,4748,8511
4749,4749,8513
4750,4750,8514
4751,4751,8515
4752,4752,8516
4753,4753,8517
4754,4754,8518
4755,4755,8519
4756,4756,8520
4757,4757,8522
4758,4758,8523
4759,4759,8527
4760,4760,8529
4761,4761,8531
4762,4762,8532
4763,4763,8533
4764,4764,8534
4765,4765,8535
4766,4766,8536
4767,4767,8539
4768,4768,8540
4769,4769,8542
4770,4770,8543
4771,4771,8544
4772,4772,8545
4773,4773,8550
4774,4774,8555
4775,4775,8556
4776,4776,8557
4777,4777,8563
4778,4778,8564
4779,4779,8565
4780,4780,8566
4781,4781,8570
4782,4782,8571
4783,4783,8572
4784,4784,8575
4785,4785,8576
4786,4786,8577
4787,4787,8581
4788,4788,8582
4789,4789,8583
4790,4790,8584
4791,4791,8587
4792,4792,8589
4793,4793,8590
4794,4794,8595
4795,4795,8596
4796,4796,8597
4797,4797,8600
4798,4798,8603
4799,4799,8604
4800,4800,8608
4801,4801,8610
4802,4802,8611
4803,4803,8612
4804,4804,8617
4805,4805,8618
4806,4806,8621
4807,4807,8622
4808,4808,8623
4809,4809,8628
4810,4810,8629
4811,4811,8632
4812,4812,8634
4813,4813,8635
4814,4814,8636
4815,4815,8637
4816,4816,8638
4817,4817,8642
4818,4818,8643
4819,4819,8646
4820,4820,8647
4821,4821,8650
4822,4822,8652
4823,4823,8654
4824,4824,8655
4825,4825,8656
4826,4826,8658
4827,4827,8661
4828,4828,8662
4829,4829,8663
4830,4830,8664
4831,4831,8666
4832,4832,8667
4833,4833,8669
4834,4834,8670
4835,4835,8671
4836,4836,8672
4837,4837,8673
4838,4838,8674
4839,4839,8677
4840,4840,8683
4841,4841,8688
4842,4842,8691
4843,4843,8692
4844,4844,8700
4845,4845,8702
4846,4846,8704
4847,4847,8706
4848,4848,8707
4849,4849,8709
4850,4850,8711
4851,4851,8712
4852,4852,8714
4853,4853,8717
4854,4854,8719
4855,4855,8720
4856,4856,8721
4857,4857,8725
4858,4858,8730
4859,4859,8731
4860,4860,8732
4861,4861,8733
4862,4862,8736
4863,4863,8737
4864,4864,8738
4865,4865,8739
4866,4866,8740
4867,4867,8741
4868,4868,8742
4869,4869,8745
4870,4870,8746
4871,4871,8748
4872,4872,8752
4873,4873,8754
4874,4874,8756
4875,4875,8762
4876,4876,8763
4877,4877,8766
4878,4878,8768
4879,4879,8769
4880,4880,8773
4881,4881,8775
4882,4882,8777
4883,4883,8779
4884,4884,8780
4885,4885,8782
4886,4886,8783
4887,4887,8784
4888,4888,8785
4889,4889,8791
4890,4890,8793
4891,4891,8795
4892,4892,8798
4893,4893,8799
4894,4894,8800
4895,4895,8802
4896,4896,8804
4897,4897,8805
4898,4898,8806
4899,4899,8807
4900,4900,8808
4901,4901,8810
4902,4902,8811
4903,4903,8813
4904,4904,8815
4905,4905,8817
4906,4906,8819
4907,4907,8820
4908,4908,8823
4909,4909,8824
4910,4910,8825
4911,4911,8828
4912,4912,8829
4913,4913,8831
4914,4914,8833
4915,4915,8838
4916,4916,8839
4917,4917,8841
4918,4918,8843
4919,4919,8844
4920,4920,8847
4921,4921,8849
4922,4922,8853
4923,4923,8854
4924,4924,8855
4925,4925,8856
4926,4926,8858
4927,4927,8860
4928,4928,8861
4929,4929,8862
4930,4930,8865
4931,4931,8866
4932,4932,8867
4933,4933,8869
4934,4934,8871
4935,4935,8877
4936,4936,8879
4937,4937,8881
4938,4938,8882
4939,4939,8883
4940,4940,8886
4941,4941,8891
4942,4942,8893
4943,4943,8896
4944,4944,8897
4945,4945,8899
4946,4946,8900
4947,4947,8901
4948,4948,8904
4949,4949,8905
4950,4950,8906
4951,4951,8909
4952,4952,8912
4953,4953,8913
4954,4954,8914
4955,4955,8916
4956,4956,8917
4957,4957,8920
4958,4958,8921
4959,4959,8923
4960,4960,8925
4961,4961,8926
4962,4962,8927
4963,4963,8928
4964,4964,8929
4965,4965,8931
4966,4966,8939
4967,4967,8941
4968,4968,8943
4969,4969,8944
4970,4970,8948
4971,4971,8949
4972,4972,8954
4973,4973,8956
4974,4974,8957
4975,4975,8960
4976,4976,8963
4977,4977,8964
4978,4978,8967
4979,4979,8970
4980,4980,8971
4981,4981,8973
4982,4982,8975
4983,4983,8976
4984,4984,8979
4985,4985,8980
4986,4986,8983
4987,4987,8984
4988,4988,8985
4989,4989,8986
4990,4990,8987
4991,4991,8988
4992,4992,8990
4993,4993,8993
4994,4994,8998
4995,4995,9002
4996,4996,9003
4997,4997,9004
4998,4998,9007
4999,4999,9008
5000,5000,9010
5001,5001,9011
5002,5002,9013
5003,5003,9014
5004,5004,9018
5005,5005,9019
5006,5006,9024
5007,5007,9026
5008,5008,9027
5009,5009,9029
5010,5010,9030
5011,5011,9031
5012,5012,9032
5013,5013,9033
5014,5014,9036
5015,5015,9039
5016,5016,9041
5017,5017,9044
5018,5018,9047
5019,5019,9049
5020,5020,9050
5021,5021,9051
5022,5022,9055
5023,5023,9056
5024,5024,9059
5025,5025,9060
5026,5026,9061
5027,5027,9062
5028,5028,9063
5029,5029,9065
5030,5030,9066
5031,5031,9067
5032,5032,9068
5033,5033,9069
5034,5034,9070
5035,5035,9071
5036,5036,9073
5037,5037,9074
5038,5038,9075
5039,5039,9077
5040,5040,9078
5041,5041,9080
5042,5042,9081
5043,5043,9082
5044,5044,9083
5045,5045,9084
5046,5046,9085
5047,5047,9086
5048,5048,9088
5049,5049,9089
5050,5050,9090
5051,5051,9092
5052,5052,9095
5053,5053,9098
5054,5054,9101
5055,5055,9102
5056,5056,9104
5057,5057,9105
5058,5058,9107
5059,5059,9108
5060,5060,9109
5061,5061,9114
5062,5062,9115
5063,5063,9116
5064,5064,9117
5065,5065,9124
5066,5066,9125
5067,5067,9126
5068,5068,9128
5069,5069,9129
5070,5070,9131
5071,5071,9132
5072,5072,9133
5073,5073,9137
5074,5074,9138
5075,5075,9140
5076,5076,9142
5077,5077,9143
5078,5078,9144
5079,5079,9145
5080,5080,9151
5081,5081,9153
5082,5082,9154
5083,5083,9155
5084,5084,9156
5085,5085,9158
5086,5086,9159
5087,5087,9162
5088,5088,9164
5089,5089,9165
5090,5090,9166
5091,5091,9167
5092,5092,9168
5093,5093,9169
5094,5094,9170
5095,5095,9173
5096,5096,9174
5097,5097,9175
5098,5098,9176
5099,5099,9177
5100,5100,9179
5101,5101,9180
5102,5102,9181
5103,5103,9183
5104,5104,9184
5105,5105,9185
5106,5106,9186
5107,5107,9187
5108,5108,9189
5109,5109,9192
5110,5110,9193
5111,5111,9194
5112,5112,9200
5113,5113,9201
5114,5114,9202
5115,5115,9204
5116,5116,9206
5117,5117,9210
5118,5118,9217
5119,5119,9218
5120,5120,9219
5121,5121,9221
5122,5122,9222
5123,5123,9223
5124,5124,9224
5125,5125,9225
5126,5126,9227
5127,5127,9228
5128,5128,9230
5129,5129,9231
5130,5130,9232
5131,5131,9234
5132,5132,9237
5133,5133,9238
5134,5134,9241
5135,5135,9242
5136,5136,9243
5137,5137,9244
5138,5138,9245
5139,5139,9247
5140,5140,9248
5141,5141,9251
5142,5142,9252
5143,5143,9253
5144,5144,9254
5145,5145,9255
5146,5146,9256
5147,5147,9257
5148,5148,9258
5149,5149,9259
5150,5150,9262
5151,5151,9264
5152,5152,9265
5153,5153,9267
5154,5154,9268
5155,5155,9270
5156,5156,9275
5157,5157,9276
5158,5158,9277
5159,5159,9278
5160,5160,9280
5161,5161,9281
5162,5162,9282
5163,5163,9284
5164,5164,9286
5165,5165,9287
5166,5166,9289
5167,5167,9290
5168,5168,9293
5169,5169,9294
5170,5170,9295
5171,5171,9296
5172,5172,9297
5173,5173,9299
5174,5174,9303
5175,5175,9304
5176,5176,9305
5177,5177,9307
5178,5178,9308
5179,5179,9309
5180,5180,9311
5181,5181,9314
5182,5182,9315
5183,5183,9316
5184,5184,9320
5185,5185,9321
5186,5186,9324
5187,5187,9325
5188,5188,9327
5189,5189,9328
5190,5190,9330
5191,5191,9332
5192,5192,9333
5193,5193,9334
5194,5194,9340
5195,5195,9343
5196,5196,9344
5197,5197,9345
5198,5198,9346
5199,5199,9347
5200,5200,9350
5201,5201,9351
5202,5202,9352
5203,5203,9354
5204,5204,9355
5205,5205,9356
5206,5206,9359
5207,5207,9362
5208,5208,9363
5209,5209,9365
5210,5210,9366
5211,5211,9368
5212,5212,9369
5213,5213,9372
5214,5214,9373
5215,5215,9374
5216,5216,9379
5217,5217,9380
5218,5218,9381
5219,5219,9382
5220,5220,9383
5221,5221,9387
5222,5222,9391
5223,5223,9392
5224,5224,9393
5225,5225,9394
5226,5226,9399
5227,5227,9400
5228,5228,9402
5229,5229,9403
5230,5230,9404
5231,5231,9406
5232,5232,9407
5233,5233,9408
5234,5234,9409
5235,5235,9410
5236,5236,9412
5237,5237,9414
5238,5238,9415
5239,5239,9417
5240,5240,9419
5241,5241,9423
5242,5242,9426
5243,5243,9428
5244,5244,9429
5245,5245,9430
5246,5246,9435
5247,5247,9436
5248,5248,9438
5249,5249,9440
5250,5250,9441
5251,5251,9442
5252,5252,9443
5253,5253,9445
5254,5254,9446
5255,5255,9447
5256,5256,9448
5257,5257,9449
5258,5258,9451
5259,5259,9452
5260,5260,9453
5261,5261,9456
5262,5262,9458
5263,5263,9461
5264,5264,9462
5265,5265,9464
5266,5266,9466
5267,5267,9469
5268,5268,9470
5269,5269,9471
5270,5270,9472
5271,5271,9473
5272,5272,9474
5273,5273,9475
5274,5274,9476
5275,5275,9477
5276,5276,9478
5277,5277,9482
5278,5278,9484
5279,5279,9485
5280,5280,9486
5281,5281,9491
5282,5282,9493
5283,5283,9498
5284,5284,9499
5285,5285,9501
5286,5286,9502
5287,5287,9503
5288,5288,9505
5289,5289,9509
5290,5290,9510
5291,5291,9511
5292,5292,9512
5293,5293,9513
5294,5294,9515
5295,5295,9516
5296,5296,9517
5297,5297,9518
5298,5298,9519
5299,5299,9520
5300,5300,9521
5301,5301,9522
5302,5302,9523
5303,5303,9524
5304,5304,9532
5305,5305,9533
5306,5306,9535
5307,5307,9536
5308,5308,9537
5309,5309,9538
5310,5310,9541
5311,5311,9543
5312,5312,9544
5313,5313,9545
5314,5314,9546
5315,5315,9548
5316,5316,9549
5317,5317,9550
5318,5318,9553
5319,5319,9555
5320,5320,9556
5321,5321,9557
5322,5322,9558
5323,5323,9559
5324,5324,9560
5325,5325,9562
5326,5326,9563
5327,5327,9564
5328,5328,9566
5329,5329,9567
5330,5330,9570
5331,5331,9572
5332,5332,9573
5333,5333,9574
5334,5334,9575
5335,5335,9578
5336,5336,9580
5337,5337,9584
5338,5338,9586
5339,5339,9590
5340,5340,9592
5341,5341,9595
5342,5342,9598
5343,5343,9599
5344,5344,9601
5345,5345,9602
5346,5346,9605
5347,5347,9607
5348,5348,9609
5349,5349,9612
5350,5350,9613
5351,5351,9614
5352,5352,9615
5353,5353,9616
5354,5354,9617
5355,5355,9618
5356,5356,9619
5357,5357,9621
5358,5358,9623
5359,5359,9626
5360,5360,9628
5361,5361,9629
5362,5362,9630
5363,5363,9631
5364,5364,9638
5365,5365,9640
5366,5366,9641
5367,5367,9642
5368,5368,9643
5369,5369,9644
5370,5370,9645
5371,5371,9647
5372,5372,9648
5373,5373,9649
5374,5374,9650
5375,5375,9651
5376,5376,9653
5377,5377,9660
5378,5378,9661
5379,5379,9663
5380,5380,9665
5381,5381,9667
5382,5382,9672
5383,5383,9673
5384,5384,9674
5385,5385,9675
5386,5386,9676
5387,5387,9679
5388,5388,9682
5389,5389,9683
5390,5390,9685
5391,5391,9687
5392,5392,9694
5393,5393,9696
5394,5394,9698
5395,5395,9699
5396,5396,9701
5397,5397,9702
5398,5398,9703
5399,5399,9705
5400,5400,9707
5401,5401,9708
5402,5402,9709
5403,5403,9713
5404,5404,9716
5405,5405,9719
5406,5406,9720
5407,5407,9721
5408,5408,9724
5409,5409,9725
5410,5410,9726
5411,5411,9727
5412,5412,9730
5413,5413,9733
5414,5414,9734
5415,5415,9736
5416,5416,9737
5417,5417,9739
5418,5418,9740
5419,5419,9741
5420,5420,9743
5421,5421,9745
5422,5422,9752
5423,5423,9753
5424,5424,9755
5425,5425,9756
5426,5426,9758
5427,5427,9759
5428,5428,9760
5429,5429,9761
5430,5430,9762
5431,5431,9765
5432,5432,9769
5433,5433,9772
5434,5434,9775
5435,5435,9776
5436,5436,9777
5437,5437,9780
5438,5438,9784
5439,5439,9789
5440,5440,9790
5441,5441,9795
5442,5442,9798
5443,5443,9800
5444,5444,9805
5445,5445,9806
5446,5446,9807
5447,5447,9811
5448,5448,9813
5449,5449,9815
5450,5450,9816
5451,5451,9821
5452,5452,9822
5453,5453,9823
5454,5454,9824
5455,5455,9825
5456,5456,9827
5457,5457,9834
5458,5458,9836
5459,5459,9837
5460,5460,9838
5461,5461,9839
5462,5462,9840
5463,5463,9842
5464,5464,9843
5465,5465,9845
5466,5466,9847
5467,5467,9849
5468,5468,9850
5469,5469,9852
5470,5470,9854
5471,5471,9855
5472,5472,9856
5473,5473,9857
5474,5474,9858
5475,5475,9859
5476,5476,9861
5477,5477,9862
5478,5478,9863
5479,5479,9864
5480,5480,9866
5481,5481,9873
5482,5482,9874
5483,5483,9875
5484,5484,9877
5485,5485,9880
5486,5486,9881
5487,5487,9882
5488,5488,9884
5489,5489,9885
5490,5490,9887
5491,5491,9888
5492,5492,9890
5493,5493,9891
5494,5494,9893
5495,5495,9894
5496,5496,9895
5497,5497,9896
5498,5498,9897
5499,5499,9900
5500,5500,9901
5501,5501,9902
5502,5502,9903
5503,5503,9905
5504,5504,9906
5505,5505,9908
5506,5506,9910
5507,5507,9911
5508,5508,9912
5509,5509,9913
5510,5510,9914
5511,5511,9915
5512,5512,9917
5513,5513,9918
5514,5514,9919
5515,5515,9924
5516,5516,9928
5517,5517,9931
5518,5518,9934
5519,5519,9937
5520,5520,9938
5521,5521,9939
5522,5522,9942
5523,5523,9946
5524,5524,9949
5525,5525,9952
5526,5526,9953
5527,5527,9957
5528,5528,9959
5529,5529,9963
5530,5530,9965
5531,5531,9969
5532,5532,9970
5533,5533,9974
5534,5534,9975
5535,5535,9976
5536,5536,9977
5537,5537,9978
5538,5538,9979
5539,5539,9981
5540,5540,9982
5541,5541,9984
5542,5542,9985
5543,5543,9986
5544,5544,9988
5545,5545,9990
5546,5546,9991
5547,5547,9992
5548,5548,9994
5549,5549,9995
5550,5550,9996
5551,5551,9997
5552,5552,9998
5553,5553,9999
5554,5554,10000
5555,5555,10001
5556,5556,10004
5557,5557,10005
5558,5558,10006
5559,5559,10009
5560,5560,10010
5561,5561,10012
5562,5562,10015
5563,5563,10021
5564,5564,10022
5565,5565,10023
5566,5566,10029
5567,5567,10032
5568,5568,10034
5569,5569,10035
5570,5570,10036
5571,5571,10037
5572,5572,10038
5573,5573,10039
5574,5574,10040
5575,5575,10043
5576,5576,10044
5577,5577,10050
5578,5578,10051
5579,5579,10052
5580,5580,10053
5581,5581,10054
5582,5582,10056
5583,5583,10058
5584,5584,10059
5585,5585,10060
5586,5586,10066
5587,5587,10068
5588,5588,10071
5589,5589,10073
5590,5590,10075
5591,5591,10077
5592,5592,10079
5593,5593,10080
5594,5594,10083
5595,5595,10084
5596,5596,10087
5597,5597,10088
5598,5598,10089
5599,5599,10090
5600,5600,10091
5601,5601,10092
5602,5602,10093
5603,5603,10094
5604,5604,10095
5605,5605,10098
5606,5606,10100
5607,5607,10103
5608,5608,10105
5609,5609,10109
5610,5610,10110
5611,5611,10112
5612,5612,10113
5613,5613,10114
5614,5614,10117
5615,5615,10118
5616,5616,10120
5617,5617,10122
5618,5618,10124
5619,5619,10126
5620,5620,10127
5621,5621,10138
5622,5622,10139
5623,5623,10140
5624,5624,10143
5625,5625,10144
5626,5626,10145
5627,5627,10146
5628,5628,10147
5629,5629,10148
5630,5630,10149
5631,5631,10151
5632,5632,10154
5633,5633,10155
5634,5634,10156
5635,5635,10157
5636,5636,10158
5637,5637,10160
5638,5638,10161
5639,5639,10164
5640,5640,10169
5641,5641,10170
5642,5642,10171
5643,5643,10173
5644,5644,10176
5645,5645,10178
5646,5646,10179
5647,5647,10180
5648,5648,10181
5649,5649,10185
5650,5650,10186
5651,5651,10187
5652,5652,10188
5653,5653,10191
5654,5654,10192
5655,5655,10196
5656,5656,10199
5657,5657,10200
5658,5658,10202
5659,5659,10203
5660,5660,10206
5661,5661,10207
5662,5662,10208
5663,5663,10211
5664,5664,10213
5665,5665,10214
5666,5666,10217
5667,5667,10220
5668,5668,10223
5669,5669,10224
5670,5670,10225
5671,5671,10226
5672,5672,10227
5673,5673,10229
5674,5674,10230
5675,5675,10231
5676,5676,10232
5677,5677,10233
5678,5678,10234
5679,5679,10235
5680,5680,10237
5681,5681,10238
5682,5682,10239
5683,5683,10240
5684,5684,10243
5685,5685,10244
5686,5686,10250
5687,5687,10254
5688,5688,10256
5689,5689,10257
5690,5690,10258
5691,5691,10259
5692,5692,10260
5693,5693,10261
5694,5694,10262
5695,5695,10263
5696,5696,10264
5697,5697,10265
5698,5698,10266
5699,5699,10267
5700,5700,10269
5701,5701,10270
5702,5702,10272
5703,5703,10275
5704,5704,10278
5705,5705,10279
5706,5706,10280
5707,5707,10283
5708,5708,10284
5709,5709,10285
5710,5710,10286
5711,5711,10288
5712,5712,10289
5713,5713,10290
5714,5714,10293
5715,5715,10294
5716,5716,10297
5717,5717,10300
5718,5718,10301
5719,5719,10302
5720,5720,10304
5721,5721,10305
5722,5722,10307
5723,5723,10308
5724,5724,10309
5725,5725,10310
5726,5726,10313
5727,5727,10314
5728,5728,10315
5729,5729,10316
5730,5730,10320
5731,5731,10323
5732,5732,10326
5733,5733,10327
5734,5734,10329
5735,5735,10331
5736,5736,10335
5737,5737,10336
5738,5738,10338
5739,5739,10339
5740,5740,10340
5741,5741,10343
5742,5742,10344
5743,5743,10345
5744,5744,10347
5745,5745,10348
5746,5746,10349
5747,5747,10351
5748,5748,10353
5749,5749,10354
5750,5750,10355
5751,5751,10356
5752,5752,10360
5753,5753,10361
5754,5754,10363
5755,5755,10364
5756,5756,10366
5757,5757,10367
5758,5758,10370
5759,5759,10372
5760,5760,10373
5761,5761,10374
5762,5762,10375
5763,5763,10376
5764,5764,10377
5765,5765,10378
5766,5766,10380
5767,5767,10381
5768,5768,10384
5769,5769,10385
5770,5770,10386
5771,5771,10389
5772,5772,10390
5773,5773,10391
5774,5774,10392
5775,5775,10393
5776,5776,10395
5777,5777,10397
5778,5778,10398
5779,5779,10401
5780,5780,10402
5781,5781,10405
5782,5782,10409
5783,5783,10410
5784,5784,10413
5785,5785,10414
5786,5786,10415
5787,5787,10417
5788,5788,10423
5789,5789,10424
5790,5790,10427
5791,5791,10428
5792,5792,10429
5793,5793,10431
5794,5794,10432
5795,5795,10433
5796,5796,10440
5797,5797,10441
5798,5798,10442
5799,5799,10444
5800,5800,10445
5801,5801,10446
5802,5802,10448
5803,5803,10449
5804,5804,10451
5805,5805,10452
5806,5806,10454
5807,5807,10456
5808,5808,10458
5809,5809,10459
5810,5810,10460
5811,5811,10461
5812,5812,10462
5813,5813,10463
5814,5814,10464
5815,5815,10466
5816,5816,10467
5817,5817,10471
5818,5818,10476
5819,5819,10477
5820,5820,10478
5821,5821,10482
5822,5822,10484
5823,5823,10485
5824,5824,10488
5825,5825,10491
5826,5826,10492
5827,5827,10494
5828,5828,10496
5829,5829,10499
5830,5830,10500
5831,5831,10501
5832,5832,10502
5833,5833,10505
5834,5834,10506
5835,5835,10509
5836,5836,10514
5837,5837,10516
5838,5838,10520
5839,5839,10522
5840,5840,10523
5841,5841,10524
5842,5842,10525
5843,5843,10527
5844,5844,10528
5845,5845,10529
5846,5846,10530
5847,5847,10531
5848,5848,10532
5849,5849,10533
5850,5850,10536
5851,5851,10540
5852,5852,10544
5853,5853,10545
5854,5854,10546
5855,5855,10550
5856,5856,10551
5857,5857,10552
5858,5858,10554
5859,5859,10556
5860,5860,10557
5861,5861,10558
5862,5862,10560
5863,5863,10561
5864,5864,10562
5865,5865,10563
5866,5866,10564
5867,5867,10567
5868,5868,10570
5869,5869,10574
5870,5870,10575
5871,5871,10577
5872,5872,10578
5873,5873,10579
5874,5874,10580
5875,5875,10581
5876,5876,10582
5877,5877,10583
5878,5878,10584
5879,5879,10586
5880,5880,10587
5881,5881,10588
5882,5882,10591
5883,5883,10592
5884,5884,10593
5885,5885,10594
5886,5886,10599
5887,5887,10600
5888,5888,10602
5889,5889,10603
5890,5890,10605
5891,5891,10606
5892,5892,10607
5893,5893,10608
5894,5894,10613
5895,5895,10615
5896,5896,10616
5897,5897,10619
5898,5898,10620
5899,5899,10621
5900,5900,10622
5901,5901,10623
5902,5902,10624
5903,5903,10625
5904,5904,10626
5905,5905,10627
5906,5906,10629
5907,5907,10632
5908,5908,10634
5909,5909,10635
5910,5910,10636
5911,5911,10637
5912,5912,10639
5913,5913,10641
5914,5914,10642
5915,5915,10643
5916,5916,10647
5917,5917,10648
5918,5918,10652
5919,5919,10653
5920,5920,10654
5921,5921,10655
5922,5922,10656
5923,5923,10660
5924,5924,10661
5925,5925,10663
5926,5926,10665
5927,5927,10666
5928,5928,10667
5929,5929,10669
5930,5930,10670
5931,5931,10674
5932,5932,10675
5933,5933,10676
5934,5934,10677
5935,5935,10678
5936,5936,10680
5937,5937,10683
5938,5938,10685
5939,5939,10687
5940,5940,10688
5941,5941,10690
5942,5942,10691
5943,5943,10692
5944,5944,10693
5945,5945,10694
5946,5946,10698
5947,5947,10699
5948,5948,10700
5949,5949,10701
5950,5950,10703
5951,5951,10704
5952,5952,10705
5953,5953,10709
5954,5954,10712
5955,5955,10713
5956,5956,10715
5957,5957,10716
5958,5958,10717
5959,5959,10718
5960,5960,10719
5961,5961,10723
5962,5962,10730
5963,5963,10735
5964,5964,10737
5965,5965,10739
5966,5966,10740
5967,5967,10742
5968,5968,10743
5969,5969,10744
5970,5970,10746
5971,5971,10747
5972,5972,10748
5973,5973,10749
5974,5974,10750
5975,5975,10751
5976,5976,10752
5977,5977,10753
5978,5978,10755
5979,5979,10756
5980,5980,10758
5981,5981,10759
5982,5982,10760
5983,5983,10763
5984,5984,10764
5985,5985,10766
5986,5986,10768
5987,5987,10769
5988,5988,10770
5989,5989,10771
5990,5990,10772
5991,5991,10774
5992,5992,10776
5993,5993,10777
5994,5994,10779
5995,5995,10781
5996,5996,10782
5997,5997,10783
5998,5998,10784
5999,5999,10785
6000,6000,10787
6001,6001,10790
6002,6002,10791
6003,6003,10792
6004,6004,10793
6005,6005,10795
6006,6006,10797
6007,6007,10798
6008,6008,10799
6009,6009,10802
6010,6010,10804
6011,6011,10805
6012,6012,10806
6013,6013,10808
6014,6014,10811
6015,6015,10814
6016,6016,10817
6017,6017,10819
6018,6018,10823
6019,6019,10824
6020,6020,10825
6021,6021,10827
6022,6022,10828
6023,6023,10829
6024,6024,10830
6025,6025,10831
6026,6026,10834
6027,6027,10835
6028,6028,10838
6029,6029,10842
6030,6030,10844
6031,6031,10845
6032,6032,10848
6033,6033,10849
6034,6034,10853
6035,6035,10854
6036,6036,10856
6037,6037,10858
6038,6038,10859
6039,6039,10860
6040,6040,10861
6041,6041,10863
6042,6042,10864
6043,6043,10866
6044,6044,10867
6045,6045,10868
6046,6046,10870
6047,6047,10872
6048,6048,10873
6049,6049,10876
6050,6050,10877
6051,6051,10878
6052,6052,10879
6053,6053,10880
6054,6054,10881
6055,6055,10882
6056,6056,10883
6057,6057,10887
6058,6058,10888
6059,6059,10890
6060,6060,10891
6061,6061,10893
6062,6062,10894
6063,6063,10895
6064,6064,10896
6065,6065,10897
6066,6066,10898
6067,6067,10899
6068,6068,10905
6069,6069,10909
6070,6070,10910
6071,6071,10911
6072,6072,10912
6073,6073,10913
6074,6074,10915
6075,6075,10918
6076,6076,10919
6077,6077,10920
6078,6078,10921
6079,6079,10922
6080,6080,10926
6081,6081,10928
6082,6082,10932
6083,6083,10933
6084,6084,10940
6085,6085,10942
6086,6086,10944
6087,6087,10945
6088,6088,10947
6089,6089,10948
6090,6090,10950
6091,6091,10952
6092,6092,10953
6093,6093,10958
6094,6094,10959
6095,6095,10960
6096,6096,10963
6097,6097,10965
6098,6098,10967
6099,6099,10970
6100,6100,10971
6101,6101,10973
6102,6102,10974
6103,6103,10975
6104,6104,10976
6105,6105,10977
6106,6106,10978
6107,6107,10981
6108,6108,10982
6109,6109,10983
6110,6110,10984
6111,6111,10985
6112,6112,10986
6113,6113,10993
6114,6114,10994
6115,6115,10995
6116,6116,10997
6117,6117,10998
6118,6118,11002
6119,6119,11004
6120,6120,11005
6121,6121,11007
6122,6122,11009
6123,6123,11012
6124,6124,11013
6125,6125,11014
6126,6126,11016
6127,6127,11018
6128,6128,11019
6129,6129,11020
6130,6130,11021
6131,6131,11023
6132,6132,11026
6133,6133,11027
6134,6134,11028
6135,6135,11029
6136,6136,11031
6137,6137,11035
6138,6138,11042
6139,6139,11044
6140,6140,11045
6141,6141,11046
6142,6142,11047
6143,6143,11048
6144,6144,11049
6145,6145,11051
6146,6146,11053
6147,6147,11055
6148,6148,11056
6149,6149,11057
6150,6150,11060
6151,6151,11063
6152,6152,11064
6153,6153,11065
6154,6154,11066
6155,6155,11070
6156,6156,11073
6157,6157,11076
6158,6158,11077
6159,6159,11079
6160,6160,11080
6161,6161,11081
6162,6162,11082
6163,6163,11084
6164,6164,11085
6165,6165,11088
6166,6166,11090
6167,6167,11092
6168,6168,11093
6169,6169,11098
6170,6170,11100
6171,6171,11101
6172,6172,11103
6173,6173,11104
6174,6174,11107
6175,6175,11108
6176,6176,11109
6177,6177,11110
6178,6178,11112
6179,6179,11114
6180,6180,11116
6181,6181,11117
6182,6182,11122
6183,6183,11124
6184,6184,11125
6185,6185,11126
6186,6186,11127
6187,6187,11128
6188,6188,11131
6189,6189,11133
6190,6190,11134
6191,6191,11135
6192,6192,11136
6193,6193,11137
6194,6194,11139
6195,6195,11140
6196,6196,11142
6197,6197,11144
6198,6198,11145
6199,6199,11146
6200,6200,11149
6201,6201,11151
6202,6202,11157
6203,6203,11158
6204,6204,11161
6205,6205,11163
6206,6206,11164
6207,6207,11165
6208,6208,11167
6209,6209,11168
6210,6210,11171
6211,6211,11172
6212,6212,11173
6213,6213,11179
6214,6214,11182
6215,6215,11183
6216,6216,11184
6217,6217,11185
6218,6218,11186
6219,6219,11187
6220,6220,11190
6221,6221,11191
6222,6222,11193
6223,6223,11194
6224,6224,11200
6225,6225,11202
6226,6226,11204
6227,6227,11206
6228,6228,11207
6229,6229,11208
6230,6230,11209
6231,6231,11211
6232,6232,11213
6233,6233,11215
6234,6234,11216
6235,6235,11217
6236,6236,11219
6237,6237,11220
6238,6238,11222
6239,6239,11223
6240,6240,11224
6241,6241,11226
6242,6242,11233
6243,6243,11235
6244,6244,11236
6245,6245,11240
6246,6246,11241
6247,6247,11242
6248,6248,11245
6249,6249,11246
6250,6250,11247
6251,6251,11248
6252,6252,11249
6253,6253,11252
6254,6254,11255
6255,6255,11256
6256,6256,11257
6257,6257,11258
6258,6258,11261
6259,6259,11263
6260,6260,11264
6261,6261,11265
6262,6262,11267
6263,6263,11270
6264,6264,11271
6265,6265,11272
6266,6266,11276
6267,6267,11279
6268,6268,11280
6269,6269,11283
6270,6270,11286
6271,6271,11287
6272,6272,11288
6273,6273,11289
6274,6274,11290
6275,6275,11292
6276,6276,11294
6277,6277,11295
6278,6278,11297
6279,6279,11299
6280,6280,11307
6281,6281,11310
6282,6282,11314
6283,6283,11315
6284,6284,11316
6285,6285,11317
6286,6286,11318
6287,6287,11319
6288,6288,11320
6289,6289,11321
6290,6290,11322
6291,6291,11323
6292,6292,11324
6293,6293,11325
6294,6294,11327
6295,6295,11329
6296,6296,11330
6297,6297,11331
6298,6298,11332
6299,6299,11333
6300,6300,11335
6301,6301,11336
6302,6302,11337
6303,6303,11341
6304,6304,11343
6305,6305,11345
6306,6306,11347
6307,6307,11349
6308,6308,11351
6309,6309,11359
6310,6310,11360
6311,6311,11364
6312,6312,11373
6313,6313,11374
6314,6314,11375
6315,6315,11377
6316,6316,11378
6317,6317,11379
6318,6318,11380
6319,6319,11385
6320,6320,11386
6321,6321,11387
6322,6322,11389
6323,6323,11390
6324,6324,11391
6325,6325,11392
6326,6326,11393
6327,6327,11394
6328,6328,11395
6329,6329,11396
6330,6330,11397
6331,6331,11398
6332,6332,11399
6333,6333,11400
6334,6334,11402
6335,6335,11407
6336,6336,11408
6337,6337,11412
6338,6338,11414
6339,6339,11419
6340,6340,11420
6341,6341,11422
6342,6342,11423
6343,6343,11424
6344,6344,11425
6345,6345,11426
6346,6346,11427
6347,6347,11428
6348,6348,11429
6349,6349,11430
6350,6350,11431
6351,6351,11439
6352,6352,11440
6353,6353,11441
6354,6354,11444
6355,6355,11445
6356,6356,11447
6357,6357,11448
6358,6358,11452
6359,6359,11453
6360,6360,11454
6361,6361,11458
6362,6362,11462
6363,6363,11466
6364,6364,11467
6365,6365,11472
6366,6366,11473
6367,6367,11476
6368,6368,11479
6369,6369,11481
6370,6370,11482
6371,6371,11484
6372,6372,11485
6373,6373,11488
6374,6374,11491
6375,6375,11492
6376,6376,11493
6377,6377,11495
6378,6378,11498
6379,6379,11501
6380,6380,11502
6381,6381,11504
6382,6382,11505
6383,6383,11506
6384,6384,11507
6385,6385,11508
6386,6386,11511
6387,6387,11512
6388,6388,11513
6389,6389,11514
6390,6390,11518
6391,6391,11519
6392,6392,11520
6393,6393,11523
6394,6394,11527
6395,6395,11529
6396,6396,11531
6397,6397,11532
6398,6398,11535
6399,6399,11536
6400,6400,11540
6401,6401,11541
6402,6402,11545
6403,6403,11546
6404,6404,11547
6405,6405,11550
6406,6406,11556
6407,6407,11557
6408,6408,11559
6409,6409,11560
6410,6410,11562
6411,6411,11565
6412,6412,11567
6413,6413,11568
6414,6414,11569
6415,6415,11574
6416,6416,11577
6417,6417,11579
6418,6418,11580
6419,6419,11581
6420,6420,11584
6421,6421,11587
6422,6422,11589
6423,6423,11591
6424,6424,11595
6425,6425,11596
6426,6426,11597
6427,6427,11600
6428,6428,11602
6429,6429,11603
6430,6430,11609
6431,6431,11610
6432,6432,11611
6433,6433,11613
6434,6434,11614
6435,6435,11616
6436,6436,11617
6437,6437,11619
6438,6438,11620
6439,6439,11622
6440,6440,11623
6441,6441,11625
6442,6442,11626
6443,6443,11627
6444,6444,11628
6445,6445,11630
6446,6446,11631
6447,6447,11634
6448,6448,11635
6449,6449,11636
6450,6450,11640
6451,6451,11641
6452,6452,11643
6453,6453,11644
6454,6454,11645
6455,6455,11646
6456,6456,11647
6457,6457,11648
6458,6458,11651
6459,6459,11652
6460,6460,11653
6461,6461,11656
6462,6462,11659
6463,6463,11660
6464,6464,11661
6465,6465,11665
6466,6466,11666
6467,6467,11667
6468,6468,11673
6469,6469,11675
6470,6470,11677
6471,6471,11678
6472,6472,11679
6473,6473,11680
6474,6474,11681
6475,6475,11682
6476,6476,11686
6477,6477,11688
6478,6478,11690
6479,6479,11691
6480,6480,11692
6481,6481,11695
6482,6482,11696
6483,6483,11698
6484,6484,11699
6485,6485,11700
6486,6486,11701
6487,6487,11702
6488,6488,11705
6489,6489,11706
6490,6490,11710
6491,6491,11714
6492,6492,11715
6493,6493,11716
6494,6494,11720
6495,6495,11722
6496,6496,11724
6497,6497,11725
6498,6498,11726
6499,6499,11727
6500,6500,11729
6501,6501,11731
6502,6502,11736
6503,6503,11740
6504,6504,11742
6505,6505,11743
6506,6506,11747
6507,6507,11753
6508,6508,11757
6509,6509,11759
6510,6510,11762
6511,6511,11764
6512,6512,11766
6513,6513,11767
6514,6514,11768
6515,6515,11770
6516,6516,11771
6517,6517,11772
6518,6518,11773
6519,6519,11776
6520,6520,11777
6521,6521,11779
6522,6522,11781
6523,6523,11782
6524,6524,11786
6525,6525,11787
6526,6526,11788
6527,6527,11790
6528,6528,11791
6529,6529,11792
6530,6530,11793
6531,6531,11794
6532,6532,11795
6533,6533,11796
6534,6534,11797
6535,6535,11798
6536,6536,11800
6537,6537,11801
6538,6538,11803
6539,6539,11806
6540,6540,11807
6541,6541,11810
6542,6542,11811
6543,6543,11815
6544,6544,11817
6545,6545,11818
6546,6546,11819
6547,6547,11820
6548,6548,11822
6549,6549,11824
6550,6550,11825
6551,6551,11827
6552,6552,11830
6553,6553,11832
6554,6554,11833
6555,6555,11834
6556,6556,11838
6557,6557,11839
6558,6558,11842
6559,6559,11843
6560,6560,11844
6561,6561,11845
6562,6562,11848
6563,6563,11849
6564,6564,11855
6565,6565,11857
6566,6566,11858
6567,6567,11861
6568,6568,11865
6569,6569,11866
6570,6570,11867
6571,6571,11868
6572,6572,11870
6573,6573,11871
6574,6574,11873
6575,6575,11875
6576,6576,11878
6577,6577,11879
6578,6578,11883
6579,6579,11885
6580,6580,11886
6581,6581,11887
6582,6582,11889
6583,6583,11891
6584,6584,11892
6585,6585,11897
6586,6586,11898
6587,6587,11900
6588,6588,11901
6589,6589,11902
6590,6590,11903
6591,6591,11905
6592,6592,11906
6593,6593,11907
6594,6594,11910
6595,6595,11911
6596,6596,11917
6597,6597,11918
6598,6598,11920
6599,6599,11922
6600,6600,11923
6601,6601,11924
6602,6602,11925
6603,6603,11928
6604,6604,11933
6605,6605,11935
6606,6606,11936
6607,6607,11937
6608,6608,11939
6609,6609,11940
6610,6610,11941
6611,6611,11942
6612,6612,11944
6613,6613,11945
6614,6614,11946
6615,6615,11949
6616,6616,11950
6617,6617,11951
6618,6618,11952
6619,6619,11953
6620,6620,11955
6621,6621,11956
6622,6622,11958
6623,6623,11964
6624,6624,11966
6625,6625,11967
6626,6626,11969
6627,6627,11970
6628,6628,11972
6629,6629,11973
6630,6630,11975
6631,6631,11976
6632,6632,11980
6633,6633,11981
6634,6634,11982
6635,6635,11983
6636,6636,11984
6637,6637,11986
6638,6638,11987
6639,6639,11988
6640,6640,11989
6641,6641,11990
6642,6642,11993
6643,6643,11997
6644,6644,11998
6645,6645,12000
6646,6646,12002
6647,6647,12005
6648,6648,12007
6649,6649,12009
6650,6650,12012
6651,6651,12013
6652,6652,12014
6653,6653,12016
6654,6654,12017
6655,6655,12018
6656,6656,12024
6657,6657,12025
6658,6658,12029
6659,6659,12031
6660,6660,12032
6661,6661,12033
6662,6662,12036
6663,6663,12039
6664,6664,12040
6665,6665,12041
6666,6666,12042
6667,6667,12043
6668,6668,12045
6669,6669,12046
6670,6670,12047
6671,6671,12048
6672,6672,12049
6673,6673,12050
6674,6674,12053
6675,6675,12054
6676,6676,12055
6677,6677,12058
6678,6678,12060
6679,6679,12061
6680,6680,12062
6681,6681,12063
6682,6682,12065
6683,6683,12066
6684,6684,12067
6685,6685,12068
6686,6686,12069
6687,6687,12071
6688,6688,12072
6689,6689,12074
6690,6690,12075
6691,6691,12077
6692,6692,12078
6693,6693,12079
6694,6694,12080
6695,6695,12081
6696,6696,12083
6697,6697,12089
6698,6698,12090
6699,6699,12091
6700,6700,12092
6701,6701,12096
6702,6702,12097
6703,6703,12098
6704,6704,12107
6705,6705,12114
6706,6706,12116
6707,6707,12117
6708,6708,12118
6709,6709,12122
6710,6710,12124
6711,6711,12125
6712,6712,12126
6713,6713,12127
6714,6714,12132
6715,6715,12135
6716,6716,12136
6717,6717,12137
6718,6718,12139
6719,6719,12140
6720,6720,12142
6721,6721,12146
6722,6722,12149
6723,6723,12150
6724,6724,12155
6725,6725,12158
6726,6726,12159
6727,6727,12161
6728,6728,12162
6729,6729,12164
6730,6730,12165
6731,6731,12169
6732,6732,12170
6733,6733,12172
6734,6734,12173
6735,6735,12176
6736,6736,12178
6737,6737,12183
6738,6738,12186
6739,6739,12188
6740,6740,12189
6741,6741,12190
6742,6742,12191
6743,6743,12192
6744,6744,12194
6745,6745,12203
6746,6746,12204
6747,6747,12207
6748,6748,12211
6749,6749,12212
6750,6750,12213
6751,6751,12214
6752,6752,12215
6753,6753,12216
6754,6754,12223
6755,6755,12226
6756,6756,12227
6757,6757,12228
6758,6758,12230
6759,6759,12232
6760,6760,12233
6761,6761,12235
6762,6762,12237
6763,6763,12238
6764,6764,12240
6765,6765,12241
6766,6766,12242
6767,6767,12243
6768,6768,12246
6769,6769,12248
6770,6770,12250
6771,6771,12254
6772,6772,12255
6773,6773,12256
6774,6774,12259
6775,6775,12260
6776,6776,12264
6777,6777,12266
6778,6778,12267
6779,6779,12268
6780,6780,12270
6781,6781,12271
6782,6782,12272
6783,6783,12273
6784,6784,12275
6785,6785,12277
6786,6786,12281
6787,6787,12282
6788,6788,12283
6789,6789,12287
6790,6790,12288
6791,6791,12289
6792,6792,12291
6793,6793,12292
6794,6794,12293
6795,6795,12294
6796,6796,12295
6797,6797,12299
6798,6798,12300
6799,6799,12301
6800,6800,12302
6801,6801,12304
6802,6802,12305
6803,6803,12306
6804,6804,12308
6805,6805,12309
6806,6806,12313
6807,6807,12314
6808,6808,12316
6809,6809,12323
6810,6810,12325
6811,6811,12328
6812,6812,12331
6813,6813,12335
6814,6814,12336
6815,6815,12337
6816,6816,12340
6817,6817,12343
6818,6818,12346
6819,6819,12347
6820,6820,12348
6821,6821,12349
6822,6822,12350
6823,6823,12351
6824,6824,12352
6825,6825,12354
6826,6826,12355
6827,6827,12356
6828,6828,12357
6829,6829,12359
6830,6830,12360
6831,6831,12361
6832,6832,12368
6833,6833,12369
6834,6834,12370
6835,6835,12373
6836,6836,12374
6837,6837,12375
6838,6838,12377
6839,6839,12378
6840,6840,12380
6841,6841,12382
6842,6842,12383
6843,6843,12385
6844,6844,12386
6845,6845,12388
6846,6846,12392
6847,6847,12395
6848,6848,12399
6849,6849,12404
6850,6850,12407
6851,6851,12410
6852,6852,12411
6853,6853,12412
6854,6854,12413
6855,6855,12414
6856,6856,12419
6857,6857,12420
6858,6858,12421
6859,6859,12425
6860,6860,12426
6861,6861,12428
6862,6862,12430
6863,6863,12431
6864,6864,12437
6865,6865,12438
6866,6866,12439
6867,6867,12440
6868,6868,12441
6869,6869,12442
6870,6870,12445
6871,6871,12446
6872,6872,12447
6873,6873,12452
6874,6874,12453
6875,6875,12454
6876,6876,12459
6877,6877,12462
6878,6878,12464
6879,6879,12467
6880,6880,12469
6881,6881,12470
6882,6882,12471
6883,6883,12473
6884,6884,12474
6885,6885,12476
6886,6886,12477
6887,6887,12479
6888,6888,12481
6889,6889,12485
6890,6890,12489
6891,6891,12490
6892,6892,12494
6893,6893,12498
6894,6894,12499
6895,6895,12502
6896,6896,12503
6897,6897,12505
6898,6898,12506
6899,6899,12511
6900,6900,12512
6901,6901,12517
6902,6902,12520
6903,6903,12521
6904,6904,12523
6905,6905,12524
6906,6906,12527
6907,6907,12530
6908,6908,12531
6909,6909,12532
6910,6910,12534
6911,6911,12535
6912,6912,12538
6913,6913,12540
6914,6914,12541
6915,6915,12543
6916,6916,12545
6917,6917,12549
6918,6918,12550
6919,6919,12554
6920,6920,12555
6921,6921,12557
6922,6922,12558
6923,6923,12559
6924,6924,12560
6925,6925,12562
6926,6926,12564
6927,6927,12568
6928,6928,12569
6929,6929,12570
6930,6930,12571
6931,6931,12572
6932,6932,12579
6933,6933,12582
6934,6934,12583
6935,6935,12584
6936,6936,12585
6937,6937,12586
6938,6938,12587
6939,6939,12590
6940,6940,12595
6941,6941,12596
6942,6942,12597
6943,6943,12598
6944,6944,12599
6945,6945,12602
6946,6946,12605
6947,6947,12607
6948,6948,12609
6949,6949,12614
6950,6950,12615
6951,6951,12618
6952,6952,12619
6953,6953,12620
6954,6954,12622
6955,6955,12624
6956,6956,12625
6957,6957,12626
6958,6958,12628
6959,6959,12629
6960,6960,12630
6961,6961,12633
6962,6962,12635
6963,6963,12636
6964,6964,12639
6965,6965,12643
6966,6966,12644
6967,6967,12647
6968,6968,12649
6969,6969,12650
6970,6970,12652
6971,6971,12653
6972,6972,12654
6973,6973,12657
6974,6974,12658
6975,6975,12659
6976,6976,12660
6977,6977,12662
6978,6978,12663
6979,6979,12666
6980,6980,12668
6981,6981,12669
6982,6982,12670
6983,6983,12671
6984,6984,12672
6985,6985,12675
6986,6986,12676
6987,6987,12677
6988,6988,12678
6989,6989,12680
6990,6990,12681
6991,6991,12682
6992,6992,12683
6993,6993,12684
6994,6994,12685
6995,6995,12689
6996,6996,12690
6997,6997,12695
6998,6998,12698
6999,6999,12701
7000,7000,12703
7001,7001,12704
7002,7002,12706
7003,7003,12710
7004,7004,12711
7005,7005,12713
7006,7006,12714
7007,7007,12715
7008,7008,12717
7009,7009,12718
7010,7010,12720
7011,7011,12721
7012,7012,12723
7013,7013,12725
7014,7014,12727
7015,7015,12729
7016,7016,12730
7017,7017,12732
7018,7018,12733
7019,7019,12734
7020,7020,12735
7021,7021,12736
7022,7022,12738
7023,7023,12739
7024,7024,12742
7025,7025,12745
7026,7026,12747
7027,7027,12749
7028,7028,12754
7029,7029,12756
7030,7030,12759
7031,7031,12760
7032,7032,12763
7033,7033,12764
7034,7034,12765
7035,7035,12766
7036,7036,12768
7037,7037,12771
7038,7038,12772
7039,7039,12773
7040,7040,12774
7041,7041,12776
7042,7042,12777
7043,7043,12778
7044,7044,12779
7045,7045,12780
7046,7046,12782
7047,7047,12783
7048,7048,12784
7049,7049,12785
7050,7050,12788
7051,7051,12789
7052,7052,12793
7053,7053,12798
7054,7054,12805
7055,7055,12806
7056,7056,12807
7057,7057,12809
7058,7058,12812
7059,7059,12814
7060,7060,12815
7061,7061,12816
7062,7062,12817
7063,7063,12818
7064,7064,12819
7065,7065,12821
7066,7066,12826
7067,7067,12828
7068,7068,12829
7069,7069,12831
7070,7070,12832
7071,7071,12833
7072,7072,12840
7073,7073,12843
7074,7074,12844
7075,7075,12846
7076,7076,12848
7077,7077,12849
7078,7078,12855
7079,7079,12856
7080,7080,12857
7081,7081,12858
7082,7082,12860
7083,7083,12862
7084,7084,12863
7085,7085,12864
7086,7086,12865
7087,7087,12866
7088,7088,12870
7089,7089,12873
7090,7090,12874
7091,7091,12881
7092,7092,12882
7093,7093,12883
7094,7094,12884
7095,7095,12885
7096,7096,12886
7097,7097,12887
7098,7098,12888
7099,7099,12889
7100,7100,12890
7101,7101,12891
7102,7102,12892
7103,7103,12893
7104,7104,12895
7105,7105,12897
7106,7106,12898
7107,7107,12899
7108,7108,12901
7109,7109,12906
7110,7110,12907
7111,7111,12908
7112,7112,12909
7113,7113,12910
7114,7114,12912
7115,7115,12913
7116,7116,12916
7117,7117,12917
7118,7118,12920
7119,7119,12921
7120,7120,12922
7121,7121,12923
7122,7122,12927
7123,7123,12928
7124,7124,12930
7125,7125,12931
7126,7126,12932
7127,7127,12935
7128,7128,12940
7129,7129,12941
7130,7130,12942
7131,7131,12943
7132,7132,12944
7133,7133,12948
7134,7134,12949
7135,7135,12953
7136,7136,12955
7137,7137,12957
7138,7138,12960
7139,7139,12962
7140,7140,12963
7141,7141,12964
7142,7142,12965
7143,7143,12966
7144,7144,12967
7145,7145,12970
7146,7146,12973
7147,7147,12975
7148,7148,12976
7149,7149,12977
7150,7150,12978
7151,7151,12979
7152,7152,12980
7153,7153,12982
7154,7154,12983
7155,7155,12984
7156,7156,12986
7157,7157,12989
7158,7158,12990
7159,7159,12993
7160,7160,12994
7161,7161,12995
7162,7162,12996
7163,7163,12999
7164,7164,13000
7165,7165,13001
7166,7166,13002
7167,7167,13003
7168,7168,13004
7169,7169,13006
7170,7170,13010
7171,7171,13012
7172,7172,13014
7173,7173,13015
7174,7174,13019
7175,7175,13020
7176,7176,13021
7177,7177,13023
7178,7178,13026
7179,7179,13027
7180,7180,13029
7181,7181,13032
7182,7182,13034
7183,7183,13036
7184,7184,13038
7185,7185,13039
7186,7186,13040
7187,7187,13041
7188,7188,13042
7189,7189,13043
7190,7190,13044
7191,7191,13048
7192,7192,13050
7193,7193,13051
7194,7194,13052
7195,7195,13054
7196,7196,13055
7197,7197,13057
7198,7198,13059
7199,7199,13061
7200,7200,13062
7201,7201,13067
7202,7202,13068
7203,7203,13069
7204,7204,13070
7205,7205,13071
7206,7206,13073
7207,7207,13075
7208,7208,13077
7209,7209,13079
7210,7210,13080
7211,7211,13083
7212,7212,13084
7213,7213,13086
7214,7214,13087
7215,7215,13089
7216,7216,13091
7217,7217,13093
7218,7218,13094
7219,7219,13095
7220,7220,13096
7221,7221,13097
7222,7222,13099
7223,7223,13105
7224,7224,13106
7225,7225,13111
7226,7226,13112
7227,7227,13115
7228,7228,13117
7229,7229,13119
7230,7230,13121
7231,7231,13123
7232,7232,13124
7233,7233,13126
7234,7234,13128
7235,7235,13130
7236,7236,13131
7237,7237,13132
7238,7238,13133
7239,7239,13135
7240,7240,13136
7241,7241,13137
7242,7242,13138
7243,7243,13140
7244,7244,13143
7245,7245,13146
7246,7246,13147
7247,7247,13148
7248,7248,13149
7249,7249,13150
7250,7250,13151
7251,7251,13153
7252,7252,13156
7253,7253,13157
7254,7254,13158
7255,7255,13159
7256,7256,13160
7257,7257,13161
7258,7258,13164
7259,7259,13166
7260,7260,13167
7261,7261,13168
7262,7262,13169
7263,7263,13171
7264,7264,13176
7265,7265,13177
7266,7266,13178
7267,7267,13181
7268,7268,13182
7269,7269,13183
7270,7270,13184
7271,7271,13185
7272,7272,13186
7273,7273,13187
7274,7274,13188
7275,7275,13189
7276,7276,13190
7277,7277,13191
7278,7278,13193
7279,7279,13194
7280,7280,13195
7281,7281,13196
7282,7282,13198
7283,7283,13199
7284,7284,13200
7285,7285,13202
7286,7286,13204
7287,7287,13205
7288,7288,13207
7289,7289,13209
7290,7290,13210
7291,7291,13213
7292,7292,13216
7293,7293,13220
7294,7294,13221
7295,7295,13224
7296,7296,13225
7297,7297,13226
7298,7298,13227
7299,7299,13231
7300,7300,13232
7301,7301,13233
7302,7302,13238
7303,7303,13244
7304,7304,13247
7305,7305,13248
7306,7306,13249
7307,7307,13250
7308,7308,13252
7309,7309,13253
7310,7310,13254
7311,7311,13255
7312,7312,13256
7313,7313,13258
7314,7314,13259
7315,7315,13260
7316,7316,13262
7317,7317,13263
7318,7318,13264
7319,7319,13265
7320,7320,13267
7321,7321,13268
7322,7322,13270
7323,7323,13276
7324,7324,13277
7325,7325,13282
7326,7326,13283
7327,7327,13285
7328,7328,13286
7329,7329,13287
7330,7330,13289
7331,7331,13290
7332,7332,13291
7333,7333,13292
7334,7334,13293
7335,7335,13295
7336,7336,13296
7337,7337,13299
7338,7338,13300
7339,7339,13301
7340,7340,13302
7341,7341,13306
7342,7342,13307
7343,7343,13310
7344,7344,13311
7345,7345,13313
7346,7346,13316
7347,7347,13317
7348,7348,13318
7349,7349,13321
7350,7350,13322
7351,7351,13324
7352,7352,13326
7353,7353,13327
7354,7354,13330
7355,7355,13331
7356,7356,13332
7357,7357,13333
7358,7358,13335
7359,7359,13339
7360,7360,13340
7361,7361,13341
7362,7362,13342
7363,7363,13346
7364,7364,13348
7365,7365,13349
7366,7366,13351
7367,7367,13352
7368,7368,13353
7369,7369,13354
7370,7370,13356
7371,7371,13358
7372,7372,13360
7373,7373,13365
7374,7374,13371
7375,7375,13373
7376,7376,13375
7377,7377,13376
7378,7378,13378
7379,7379,13379
7380,7380,13380
7381,7381,13384
7382,7382,13385
7383,7383,13387
7384,7384,13389
7385,7385,13391
7386,7386,13392
7387,7387,13393
7388,7388,13395
7389,7389,13399
7390,7390,13402
7391,7391,13406
7392,7392,13407
7393,7393,13409
7394,7394,13410
7395,7395,13413
7396,7396,13415
7397,7397,13417
7398,7398,13419
7399,7399,13421
7400,7400,13422
7401,7401,13423
7402,7402,13425
7403,7403,13428
7404,7404,13429
7405,7405,13430
7406,7406,13431
7407,7407,13433
7408,7408,13434
7409,7409,13437
7410,7410,13440
7411,7411,13442
7412,7412,13443
7413,7413,13450
7414,7414,13452
7415,7415,13455
7416,7416,13456
7417,7417,13457
7418,7418,13460
7419,7419,13461
7420,7420,13462
7421,7421,13463
7422,7422,13464
7423,7423,13465
7424,7424,13466
7425,7425,13467
7426,7426,13468
7427,7427,13470
7428,7428,13472
7429,7429,13473
7430,7430,13474
7431,7431,13477
7432,7432,13478
7433,7433,13481
7434,7434,13482
7435,7435,13483
7436,7436,13485
7437,7437,13486
7438,7438,13487
7439,7439,13488
7440,7440,13492
7441,7441,13493
7442,7442,13494
7443,7443,13496
7444,7444,13500
7445,7445,13501
7446,7446,13505
7447,7447,13506
7448,7448,13507
7449,7449,13508
7450,7450,13509
7451,7451,13510
7452,7452,13512
7453,7453,13513
7454,7454,13514
7455,7455,13517
7456,7456,13519
7457,7457,13520
7458,7458,13521
7459,7459,13522
7460,7460,13525
7461,7461,13526
7462,7462,13527
7463,7463,13528
7464,7464,13529
7465,7465,13531
7466,7466,13532
7467,7467,13533
7468,7468,13535
7469,7469,13536
7470,7470,13538
7471,7471,13540
7472,7472,13544
7473,7473,13546
7474,7474,13547
7475,7475,13553
7476,7476,13554
7477,7477,13555
7478,7478,13556
7479,7479,13557
7480,7480,13560
7481,7481,13561
7482,7482,13562
7483,7483,13563
7484,7484,13565
7485,7485,13566
7486,7486,13567
7487,7487,13568
7488,7488,13569
7489,7489,13570
7490,7490,13572
7491,7491,13574
7492,7492,13575
7493,7493,13577
7494,7494,13578
7495,7495,13580
7496,7496,13581
7497,7497,13582
7498,7498,13583
7499,7499,13586
7500,7500,13587
7501,7501,13589
7502,7502,13590
7503,7503,13592
7504,7504,13593
7505,7505,13594
7506,7506,13598
7507,7507,13599
7508,7508,13600
7509,7509,13601
7510,7510,13605
7511,7511,13607
7512,7512,13609
7513,7513,13612
7514,7514,13614
7515,7515,13615
7516,7516,13616
7517,7517,13617
7518,7518,13619
7519,7519,13623
7520,7520,13624
7521,7521,13625
7522,7522,13626
7523,7523,13627
7524,7524,13628
7525,7525,13630
7526,7526,13632
7527,7527,13633
7528,7528,13636
7529,7529,13637
7530,7530,13638
7531,7531,13639
7532,7532,13641
7533,7533,13642
7534,7534,13643
7535,7535,13652
7536,7536,13653
7537,7537,13654
7538,7538,13656
7539,7539,13657
7540,7540,13659
7541,7541,13660
7542,7542,13661
7543,7543,13662
7544,7544,13664
7545,7545,13669
7546,7546,13670
7547,7547,13672
7548,7548,13674
7549,7549,13679
7550,7550,13682
7551,7551,13684
7552,7552,13685
7553,7553,13686
7554,7554,13688
7555,7555,13689
7556,7556,13690
7557,7557,13691
7558,7558,13693
7559,7559,13694
7560,7560,13700
7561,7561,13703
7562,7562,13704
7563,7563,13706
7564,7564,13707
7565,7565,13708
7566,7566,13709
7567,7567,13710
7568,7568,13711
7569,7569,13716
7570,7570,13718
7571,7571,13719
7572,7572,13723
7573,7573,13726
7574,7574,13727
7575,7575,13728
7576,7576,13730
7577,7577,13732
7578,7578,13733
7579,7579,13734
7580,7580,13735
7581,7581,13736
7582,7582,13738
7583,7583,13740
7584,7584,13741
7585,7585,13743
7586,7586,13744
7587,7587,13746
7588,7588,13747
7589,7589,13748
7590,7590,13751
7591,7591,13752
7592,7592,13753
7593,7593,13754
7594,7594,13755
7595,7595,13760
7596,7596,13761
7597,7597,13764
7598,7598,13765
7599,7599,13767
7600,7600,13768
7601,7601,13769
7602,7602,13773
7603,7603,13774
7604,7604,13776
7605,7605,13779
7606,7606,13780
7607,7607,13782
7608,7608,13786
7609,7609,13788
7610,7610,13790
7611,7611,13793
7612,7612,13794
7613,7613,13795
7614,7614,13796
7615,7615,13797
7616,7616,13799
7617,7617,13800
7618,7618,13802
7619,7619,13804
7620,7620,13806
7621,7621,13807
7622,7622,13808
7623,7623,13811
7624,7624,13813
7625,7625,13817
7626,7626,13818
7627,7627,13820
7628,7628,13821
7629,7629,13823
7630,7630,13824
7631,7631,13825
7632,7632,13830
7633,7633,13832
7634,7634,13833
7635,7635,13834
7636,7636,13837
7637,7637,13838
7638,7638,13841
7639,7639,13842
7640,7640,13843
7641,7641,13844
7642,7642,13847
7643,7643,13848
7644,7644,13850
7645,7645,13851
7646,7646,13852
7647,7647,13855
7648,7648,13857
7649,7649,13858
7650,7650,13864
7651,7651,13866
7652,7652,13867
7653,7653,13872
7654,7654,13873
7655,7655,13874
7656,7656,13876
7657,7657,13877
7658,7658,13878
7659,7659,13880
7660,7660,13881
7661,7661,13882
7662,7662,13884
7663,7663,13887
7664,7664,13888
7665,7665,13889
7666,7666,13891
7667,7667,13892
7668,7668,13895
7669,7669,13897
7670,7670,13898
7671,7671,13900
7672,7672,13901
7673,7673,13902
7674,7674,13903
7675,7675,13904
7676,7676,13905
7677,7677,13907
7678,7678,13910
7679,7679,13912
7680,7680,13913
7681,7681,13916
7682,7682,13917
7683,7683,13924
7684,7684,13925
7685,7685,13927
7686,7686,13929
7687,7687,13932
7688,7688,13934
7689,7689,13935
7690,7690,13937
7691,7691,13938
7692,7692,13939
7693,7693,13940
7694,7694,13942
7695,7695,13943
7696,7696,13944
7697,7697,13945
7698,7698,13946
7699,7699,13947
7700,7700,13949
7701,7701,13952
7702,7702,13953
7703,7703,13955
7704,7704,13960
7705,7705,13961
7706,7706,13962
7707,7707,13963
7708,7708,13964
7709,7709,13965
7710,7710,13967
7711,7711,13969
7712,7712,13970
7713,7713,13971
7714,7714,13973
7715,7715,13977
7716,7716,13979
7717,7717,13980
7718,7718,13981
7719,7719,13982
7720,7720,13986
7721,7721,13987
7722,7722,13990
7723,7723,13991
7724,7724,13992
7725,7725,13993
7726,7726,13994
7727,7727,13995
7728,7728,13996
7729,7729,13999
7730,7730,14000
7731,7731,14004
7732,7732,14007
7733,7733,14008
7734,7734,14010
7735,7735,14012
7736,7736,14013
7737,7737,14015
7738,7738,14016
7739,7739,14017
7740,7740,14018
7741,7741,14026
7742,7742,14028
7743,7743,14034
7744,7744,14035
7745,7745,14037
7746,7746,14039
7747,7747,14041
7748,7748,14042
7749,7749,14043
7750,7750,14047
7751,7751,14049
7752,7752,14050
7753,7753,14051
7754,7754,14052
7755,7755,14053
7756,7756,14055
7757,7757,14058
7758,7758,14059
7759,7759,14061
7760,7760,14067
7761,7761,14068
7762,7762,14069
7763,7763,14071
7764,7764,14075
7765,7765,14078
7766,7766,14079
7767,7767,14081
7768,7768,14082
7769,7769,14083
7770,7770,14085
7771,7771,14086
7772,7772,14087
7773,7773,14088
7774,7774,14089
7775,7775,14093
7776,7776,14094
7777,7777,14095
7778,7778,14096
7779,7779,14097
7780,7780,14098
7781,7781,14099
7782,7782,14100
7783,7783,14103
7784,7784,14104
7785,7785,14107
7786,7786,14108
7787,7787,14109
7788,7788,14110
7789,7789,14111
7790,7790,14112
7791,7791,14114
7792,7792,14115
7793,7793,14116
7794,7794,14117
7795,7795,14118
7796,7796,14120
7797,7797,14122
7798,7798,14123
7799,7799,14127
7800,7800,14128
7801,7801,14129
7802,7802,14134
7803,7803,14135
7804,7804,14136
7805,7805,14137
7806,7806,14139
7807,7807,14141
7808,7808,14143
7809,7809,14146
7810,7810,14147
7811,7811,14148
7812,7812,14150
7813,7813,14151
7814,7814,14152
7815,7815,14155
7816,7816,14157
7817,7817,14160
7818,7818,14164
7819,7819,14165
7820,7820,14167
7821,7821,14168
7822,7822,14172
7823,7823,14173
7824,7824,14175
7825,7825,14176
7826,7826,14177
7827,7827,14182
7828,7828,14184
7829,7829,14186
7830,7830,14187
7831,7831,14188
7832,7832,14189
7833,7833,14190
7834,7834,14192
7835,7835,14193
7836,7836,14196
7837,7837,14197
7838,7838,14202
7839,7839,14205
7840,7840,14206
7841,7841,14207
7842,7842,14208
7843,7843,14209
7844,7844,14210
7845,7845,14211
7846,7846,14212
7847,7847,14213
7848,7848,14214
7849,7849,14215
7850,7850,14216
7851,7851,14219
7852,7852,14222
7853,7853,14228
7854,7854,14229
7855,7855,14230
7856,7856,14232
7857,7857,14234
7858,7858,14237
7859,7859,14241
7860,7860,14242
7861,7861,14243
7862,7862,14244
7863,7863,14247
7864,7864,14249
7865,7865,14254
7866,7866,14255
7867,7867,14257
7868,7868,14259
7869,7869,14260
7870,7870,14261
7871,7871,14265
7872,7872,14266
7873,7873,14272
7874,7874,14274
7875,7875,14275
7876,7876,14276
7877,7877,14277
7878,7878,14278
7879,7879,14279
7880,7880,14280
7881,7881,14281
7882,7882,14290
7883,7883,14291
7884,7884,14293
7885,7885,14294
7886,7886,14295
7887,7887,14297
7888,7888,14298
7889,7889,14299
7890,7890,14302
7891,7891,14303
7892,7892,14304
7893,7893,14305
7894,7894,14306
7895,7895,14308
7896,7896,14311
7897,7897,14314
7898,7898,14316
7899,7899,14317
7900,7900,14320
7901,7901,14321
7902,7902,14323
7903,7903,14325
7904,7904,14326
7905,7905,14327
7906,7906,14328
7907,7907,14329
7908,7908,14331
7909,7909,14334
7910,7910,14335
7911,7911,14337
7912,7912,14338
7913,7913,14339
7914,7914,14341
7915,7915,14343
7916,7916,14346
7917,7917,14347
7918,7918,14348
7919,7919,14349
7920,7920,14354
7921,7921,14356
7922,7922,14357
7923,7923,14361
7924,7924,14362
7925,7925,14363
7926,7926,14365
7927,7927,14366
7928,7928,14371
7929,7929,14373
7930,7930,14374
7931,7931,14375
7932,7932,14377
7933,7933,14378
7934,7934,14379
7935,7935,14380
7936,7936,14382
7937,7937,14384
7938,7938,14387
7939,7939,14388
7940,7940,14392
7941,7941,14393
7942,7942,14394
7943,7943,14395
7944,7944,14397
7945,7945,14398
7946,7946,14399
7947,7947,14400
7948,7948,14402
7949,7949,14403
7950,7950,14410
7951,7951,14411
7952,7952,14412
7953,7953,14413
7954,7954,14415
7955,7955,14416
7956,7956,14418
7957,7957,14419
7958,7958,14420
7959,7959,14424
7960,7960,14426
7961,7961,14429
7962,7962,14431
7963,7963,14432
7964,7964,14433
7965,7965,14435
7966,7966,14436
7967,7967,14438
7968,7968,14440
7969,7969,14441
7970,7970,14443
7971,7971,14444
7972,7972,14445
7973,7973,14446
7974,7974,14447
7975,7975,14448
7976,7976,14449
7977,7977,14450
7978,7978,14451
7979,7979,14453
7980,7980,14454
7981,7981,14455
7982,7982,14457
7983,7983,14458
7984,7984,14459
7985,7985,14460
7986,7986,14461
7987,7987,14462
7988,7988,14463
7989,7989,14468
7990,7990,14469
7991,7991,14471
7992,7992,14473
7993,7993,14475
7994,7994,14477
7995,7995,14478
7996,7996,14480
7997,7997,14482
7998,7998,14483
7999,7999,14487
8000,8000,14491
8001,8001,14492
8002,8002,14493
8003,8003,14494
8004,8004,14496
8005,8005,14499
8006,8006,14501
8007,8007,14502
8008,8008,14505
8009,8009,14506
8010,8010,14507
8011,8011,14509
8012,8012,14510
8013,8013,14512
8014,8014,14514
8015,8015,14515
8016,8016,14516
8017,8017,14520
8018,8018,14521
8019,8019,14528
8020,8020,14529
8021,8021,14530
8022,8022,14531
8023,8023,14532
8024,8024,14533
8025,8025,14536
8026,8026,14537
8027,8027,14542
8028,8028,14544
8029,8029,14545
8030,8030,14546
8031,8031,14547
8032,8032,14548
8033,8033,14549
8034,8034,14550
8035,8035,14553
8036,8036,14554
8037,8037,14555
8038,8038,14559
8039,8039,14561
8040,8040,14565
8041,8041,14566
8042,8042,14569
8043,8043,14570
8044,8044,14571
8045,8045,14574
8046,8046,14575
8047,8047,14578
8048,8048,14579
8049,8049,14580
8050,8050,14581
8051,8051,14584
8052,8052,14586
8053,8053,14588
8054,8054,14590
8055,8055,14591
8056,8056,14592
8057,8057,14593
8058,8058,14594
8059,8059,14595
8060,8060,14596
8061,8061,14599
8062,8062,14600
8063,8063,14602
8064,8064,14605
8065,8065,14606
8066,8066,14607
8067,8067,14609
8068,8068,14610
8069,8069,14612
8070,8070,14613
8071,8071,14614
8072,8072,14619
8073,8073,14623
8074,8074,14628
8075,8075,14631
8076,8076,14632
8077,8077,14633
8078,8078,14634
8079,8079,14635
8080,8080,14636
8081,8081,14638
8082,8082,14640
8083,8083,14642
8084,8084,14644
8085,8085,14646
8086,8086,14647
8087,8087,14649
8088,8088,14650
8089,8089,14651
8090,8090,14652
8091,8091,14656
8092,8092,14659
8093,8093,14662
8094,8094,14664
8095,8095,14665
8096,8096,14666
8097,8097,14668
8098,8098,14669
8099,8099,14670
8100,8100,14671
8101,8101,14675
8102,8102,14681
8103,8103,14683
8104,8104,14685
8105,8105,14687
8106,8106,14689
8107,8107,14694
8108,8108,14696
8109,8109,14697
8110,8110,14700
8111,8111,14701
8112,8112,14703
8113,8113,14704
8114,8114,14706
8115,8115,14707
8116,8116,14708
8117,8117,14711
8118,8118,14713
8119,8119,14715
8120,8120,14716
8121,8121,14717
8122,8122,14718
8123,8123,14720
8124,8124,14721
8125,8125,14722
8126,8126,14723
8127,8127,14725
8128,8128,14726
8129,8129,14727
8130,8130,14728
8131,8131,14731
8132,8132,14734
8133,8133,14736
8134,8134,14737
8135,8135,14739
8136,8136,14740
8137,8137,14743
8138,8138,14745
8139,8139,14749
8140,8140,14750
8141,8141,14752
8142,8142,14753
8143,8143,14756
8144,8144,14762
8145,8145,14763
8146,8146,14765
8147,8147,14766
8148,8148,14767
8149,8149,14768
8150,8150,14769
8151,8151,14770
8152,8152,14772
8153,8153,14773
8154,8154,14775
8155,8155,14777
8156,8156,14778
8157,8157,14779
8158,8158,14780
8159,8159,14781
8160,8160,14782
8161,8161,14783
8162,8162,14785
8163,8163,14786
8164,8164,14788
8165,8165,14789
8166,8166,14791
8167,8167,14794
8168,8168,14797
8169,8169,14798
8170,8170,14799
8171,8171,14800
8172,8172,14801
8173,8173,14804
8174,8174,14805
8175,8175,14806
8176,8176,14807
8177,8177,14808
8178,8178,14809
8179,8179,14811
8180,8180,14815
8181,8181,14818
8182,8182,14819
8183,8183,14820
8184,8184,14824
8185,8185,14826
8186,8186,14827
8187,8187,14828
8188,8188,14829
8189,8189,14830
8190,8190,14832
8191,8191,14833
8192,8192,14836
8193,8193,14838
8194,8194,14839
8195,8195,14840
8196,8196,14842
8197,8197,14843
8198,8198,14844
8199,8199,14845
8200,8200,14846
8201,8201,14847
8202,8202,14848
8203,8203,14850
8204,8204,14851
8205,8205,14852
8206,8206,14853
8207,8207,14854
8208,8208,14856
8209,8209,14857
8210,8210,14859
8211,8211,14862
8212,8212,14863
8213,8213,14866
8214,8214,14873
8215,8215,14877
8216,8216,14878
8217,8217,14880
8218,8218,14883
8219,8219,14888
8220,8220,14889
8221,8221,14893
8222,8222,14894
8223,8223,14895
8224,8224,14896
8225,8225,14897
8226,8226,14898
8227,8227,14899
8228,8228,14900
8229,8229,14901
8230,8230,14902
8231,8231,14904
8232,8232,14905
8233,8233,14907
8234,8234,14908
8235,8235,14914
8236,8236,14916
8237,8237,14920
8238,8238,14921
8239,8239,14923
8240,8240,14924
8241,8241,14925
8242,8242,14927
8243,8243,14928
8244,8244,14930
8245,8245,14931
8246,8246,14935
8247,8247,14937
8248,8248,14939
8249,8249,14941
8250,8250,14943
8251,8251,14944
8252,8252,14945
8253,8253,14946
8254,8254,14947
8255,8255,14948
8256,8256,14950
8257,8257,14952
8258,8258,14953
8259,8259,14958
8260,8260,14960
8261,8261,14962
8262,8262,14964
8263,8263,14966
8264,8264,14970
8265,8265,14972
8266,8266,14974
8267,8267,14975
8268,8268,14978
8269,8269,14981
8270,8270,14982
8271,8271,14983
8272,8272,14984
8273,8273,14988
8274,8274,14992
8275,8275,14993
8276,8276,14995
8277,8277,14996
8278,8278,14997
8279,8279,14999
8280,8280,15002
8281,8281,15003
8282,8282,15005
8283,8283,15006
8284,8284,15010
8285,8285,15013
8286,8286,15014
8287,8287,15015
8288,8288,15016
8289,8289,15019
8290,8290,15021
8291,8291,15022
8292,8292,15024
8293,8293,15026
8294,8294,15029
8295,8295,15030
8296,8296,15032
8297,8297,15035
8298,8298,15040
8299,8299,15043
8300,8300,15045
8301,8301,15046
8302,8302,15047
8303,8303,15049
8304,8304,15050
8305,8305,15053
8306,8306,15054
8307,8307,15055
8308,8308,15056
8309,8309,15058
8310,8310,15059
8311,8311,15060
8312,8312,15062
8313,8313,15063
8314,8314,15066
8315,8315,15067
8316,8316,15068
8317,8317,15069
8318,8318,15072
8319,8319,15073
8320,8320,15074
8321,8321,15077
8322,8322,15078
8323,8323,15079
8324,8324,15080
8325,8325,15082
8326,8326,15085
8327,8327,15087
8328,8328,15094
8329,8329,15095
8330,8330,15101
8331,8331,15105
8332,8332,15106
8333,8333,15107
8334,8334,15109
8335,8335,15110
8336,8336,15111
8337,8337,15114
8338,8338,15116
8339,8339,15121
8340,8340,15122
8341,8341,15127
8342,8342,15129
8343,8343,15130
8344,8344,15133
8345,8345,15136
8346,8346,15137
8347,8347,15138
8348,8348,15139
8349,8349,15140
8350,8350,15141
8351,8351,15142
8352,8352,15143
8353,8353,15145
8354,8354,15146
8355,8355,15147
8356,8356,15150
8357,8357,15151
8358,8358,15154
8359,8359,15156
8360,8360,15159
8361,8361,15163
8362,8362,15164
8363,8363,15165
8364,8364,15166
8365,8365,15167
8366,8366,15169
8367,8367,15170
8368,8368,15171
8369,8369,15172
8370,8370,15175
8371,8371,15176
8372,8372,15177
8373,8373,15178
8374,8374,15180
8375,8375,15181
8376,8376,15182
8377,8377,15183
8378,8378,15184
8379,8379,15187
8380,8380,15190
8381,8381,15191
8382,8382,15192
8383,8383,15194
8384,8384,15198
8385,8385,15201
8386,8386,15202
8387,8387,15204
8388,8388,15205
8389,8389,15207
8390,8390,15209
8391,8391,15210
8392,8392,15212
8393,8393,15215
8394,8394,15218
8395,8395,15219
8396,8396,15221
8397,8397,15223
8398,8398,15225
8399,8399,15226
8400,8400,15228
8401,8401,15229
8402,8402,15230
8403,8403,15231
8404,8404,15232
8405,8405,15235
8406,8406,15237
8407,8407,15238
8408,8408,15242
8409,8409,15243
8410,8410,15244
8411,8411,15246
8412,8412,15249
8413,8413,15250
8414,8414,15254
8415,8415,15255
8416,8416,15256
8417,8417,15257
8418,8418,15258
8419,8419,15260
8420,8420,15261
8421,8421,15262
8422,8422,15263
8423,8423,15264
8424,8424,15266
8425,8425,15269
8426,8426,15270
8427,8427,15271
8428,8428,15273
8429,8429,15274
8430,8430,15276
8431,8431,15279
8432,8432,15280
8433,8433,15282
8434,8434,15285
8435,8435,15287
8436,8436,15288
8437,8437,15289
8438,8438,15293
8439,8439,15296
8440,8440,15297
8441,8441,15301
8442,8442,15302
8443,8443,15305
8444,8444,15307
8445,8445,15310
8446,8446,15312
8447,8447,15313
8448,8448,15314
8449,8449,15315
8450,8450,15316
8451,8451,15317
8452,8452,15319
8453,8453,15320
8454,8454,15321
8455,8455,15323
8456,8456,15324
8457,8457,15325
8458,8458,15326
8459,8459,15327
8460,8460,15329
8461,8461,15330
8462,8462,15331
8463,8463,15332
8464,8464,15336
8465,8465,15339
8466,8466,15340
8467,8467,15343
8468,8468,15344
8469,8469,15346
8470,8470,15347
8471,8471,15348
8472,8472,15349
8473,8473,15352
8474,8474,15355
8475,8475,15356
8476,8476,15358
8477,8477,15359
8478,8478,15360
8479,8479,15362
8480,8480,15366
8481,8481,15367
8482,8482,15371
8483,8483,15373
8484,8484,15376
8485,8485,15380
8486,8486,15381
8487,8487,15382
8488,8488,15385
8489,8489,15386
8490,8490,15387
8491,8491,15388
8492,8492,15392
8493,8493,15394
8494,8494,15396
8495,8495,15397
8496,8496,15398
8497,8497,15400
8498,8498,15401
8499,8499,15405
8500,8500,15406
8501,8501,15409
8502,8502,15411
8503,8503,15412
8504,8504,15418
8505,8505,15419
8506,8506,15420
8507,8507,15423
8508,8508,15424
8509,8509,15425
8510,8510,15429
8511,8511,15430
8512,8512,15431
8513,8513,15432
8514,8514,15436
8515,8515,15437
8516,8516,15439
8517,8517,15441
8518,8518,15442
8519,8519,15443
8520,8520,15446
8521,8521,15447
8522,8522,15450
8523,8523,15452
8524,8524,15454
8525,8525,15456
8526,8526,15460
8527,8527,15462
8528,8528,15463
8529,8529,15465
8530,8530,15471
8531,8531,15472
8532,8532,15473
8533,8533,15474
8534,8534,15476
8535,8535,15477
8536,8536,15478
8537,8537,15480
8538,8538,15482
8539,8539,15485
8540,8540,15487
8541,8541,15488
8542,8542,15489
8543,8543,15493
8544,8544,15494
8545,8545,15497
8546,8546,15498
8547,8547,15499
8548,8548,15502
8549,8549,15505
8550,8550,15508
8551,8551,15509
8552,8552,15511
8553,8553,15512
8554,8554,15514
8555,8555,15520
8556,8556,15525
8557,8557,15526
8558,8558,15530
8559,8559,15532
8560,8560,15536
8561,8561,15538
8562,8562,15539
8563,8563,15540
8564,8564,15541
8565,8565,15543
8566,8566,15545
8567,8567,15546
8568,8568,15548
8569,8569,15550
8570,8570,15552
8571,8571,15553
8572,8572,15555
8573,8573,15556
8574,8574,15557
8575,8575,15558
8576,8576,15560
8577,8577,15565
8578,8578,15566
8579,8579,15569
8580,8580,15571
8581,8581,15572
8582,8582,15573
8583,8583,15575
8584,8584,15577
8585,8585,15582
8586,8586,15583
8587,8587,15585
8588,8588,15588
8589,8589,15589
8590,8590,15590
8591,8591,15591
8592,8592,15592
8593,8593,15599
8594,8594,15600
8595,8595,15602
8596,8596,15603
8597,8597,15604
8598,8598,15605
8599,8599,15606
8600,8600,15610
8601,8601,15618
8602,8602,15620
8603,8603,15621
8604,8604,15625
8605,8605,15627
8606,8606,15628
8607,8607,15630
8608,8608,15632
8609,8609,15633
8610,8610,15634
8611,8611,15637
8612,8612,15638
8613,8613,15641
8614,8614,15643
8615,8615,15647
8616,8616,15649
8617,8617,15650
8618,8618,15651
8619,8619,15655
8620,8620,15656
8621,8621,15657
8622,8622,15660
8623,8623,15661
8624,8624,15662
8625,8625,15663
8626,8626,15664
8627,8627,15665
8628,8628,15666
8629,8629,15668
8630,8630,15669
8631,8631,15670
8632,8632,15671
8633,8633,15673
8634,8634,15674
8635,8635,15676
8636,8636,15677
8637,8637,15680
8638,8638,15682
8639,8639,15685
8640,8640,15687
8641,8641,15689
8642,8642,15691
8643,8643,15694
8644,8644,15697
8645,8645,15698
8646,8646,15700
8647,8647,15701
8648,8648,15706
8649,8649,15707
8650,8650,15710
8651,8651,15711
8652,8652,15715
8653,8653,15718
8654,8654,15719
8655,8655,15720
8656,8656,15721
8657,8657,15725
8658,8658,15727
8659,8659,15728
8660,8660,15729
8661,8661,15731
8662,8662,15733
8663,8663,15734
8664,8664,15735
8665,8665,15736
8666,8666,15737
8667,8667,15738
8668,8668,15739
8669,8669,15740
8670,8670,15742
8671,8671,15743
8672,8672,15745
8673,8673,15746
8674,8674,15748
8675,8675,15750
8676,8676,15751
8677,8677,15752
8678,8678,15753
8679,8679,15756
8680,8680,15760
8681,8681,15763
8682,8682,15764
8683,8683,15765
8684,8684,15768
8685,8685,15769
8686,8686,15771
8687,8687,15772
8688,8688,15773
8689,8689,15774
8690,8690,15778
8691,8691,15779
8692,8692,15780
8693,8693,15781
8694,8694,15782
8695,8695,15786
8696,8696,15787
8697,8697,15789
8698,8698,15790
8699,8699,15792
8700,8700,15794
8701,8701,15795
8702,8702,15797
8703,8703,15798
8704,8704,15799
8705,8705,15800
8706,8706,15801
8707,8707,15803
8708,8708,15805
8709,8709,15808
8710,8710,15809
8711,8711,15810
8712,8712,15811
8713,8713,15813
8714,8714,15815
8715,8715,15816
8716,8716,15817
8717,8717,15820
8718,8718,15821
8719,8719,15825
8720,8720,15826
8721,8721,15827
8722,8722,15829
8723,8723,15830
8724,8724,15832
8725,8725,15833
8726,8726,15834
8727,8727,15836
8728,8728,15839
8729,8729,15840
8730,8730,15841
8731,8731,15842
8732,8732,15845
8733,8733,15846
8734,8734,15847
8735,8735,15848
8736,8736,15849
8737,8737,15850
8738,8738,15853
8739,8739,15854
8740,8740,15860
8741,8741,15861
8742,8742,15862
8743,8743,15864
8744,8744,15867
8745,8745,15869
8746,8746,15870
8747,8747,15871
8748,8748,15873
8749,8749,15874
8750,8750,15876
8751,8751,15878
8752,8752,15879
8753,8753,15880
8754,8754,15881
8755,8755,15883
8756,8756,15884
8757,8757,15885
8758,8758,15886
8759,8759,15890
8760,8760,15891
8761,8761,15893
8762,8762,15895
8763,8763,15896
8764,8764,15898
8765,8765,15899
8766,8766,15901
8767,8767,15902
8768,8768,15903
8769,8769,15905
8770,8770,15907
8771,8771,15908
8772,8772,15910
8773,8773,15912
8774,8774,15913
8775,8775,15914
8776,8776,15915
8777,8777,15916
8778,8778,15917
8779,8779,15919
8780,8780,15920
8781,8781,15921
8782,8782,15923
8783,8783,15924
8784,8784,15926
8785,8785,15929
8786,8786,15930
8787,8787,15932
8788,8788,15935
8789,8789,15936
8790,8790,15937
8791,8791,15939
8792,8792,15940
8793,8793,15941
8794,8794,15944
8795,8795,15945
8796,8796,15947
8797,8797,15950
8798,8798,15951
8799,8799,15952
8800,8800,15953
8801,8801,15955
8802,8802,15956
8803,8803,15957
8804,8804,15960
8805,8805,15961
8806,8806,15964
8807,8807,15965
8808,8808,15966
8809,8809,15967
8810,8810,15968
8811,8811,15970
8812,8812,15971
8813,8813,15975
8814,8814,15976
8815,8815,15981
8816,8816,15983
8817,8817,15985
8818,8818,15986
8819,8819,15989
8820,8820,15990
8821,8821,15992
8822,8822,15993
8823,8823,15997
8824,8824,15999
8825,8825,16001
8826,8826,16002
8827,8827,16003
8828,8828,16004
8829,8829,16007
8830,8830,16008
8831,8831,16009
8832,8832,16012
8833,8833,16016
8834,8834,16017
8835,8835,16018
8836,8836,16019
8837,8837,16021
8838,8838,16023
8839,8839,16027
8840,8840,16031
8841,8841,16032
8842,8842,16033
8843,8843,16034
8844,8844,16036
8845,8845,16039
8846,8846,16041
8847,8847,16044
8848,8848,16045
8849,8849,16046
8850,8850,16047
8851,8851,16055
8852,8852,16059
8853,8853,16060
8854,8854,16061
8855,8855,16062
8856,8856,16063
8857,8857,16064
8858,8858,16065
8859,8859,16067
8860,8860,16068
8861,8861,16069
8862,8862,16071
8863,8863,16072
8864,8864,16079
8865,8865,16080
8866,8866,16081
8867,8867,16082
8868,8868,16083
8869,8869,16085
8870,8870,16087
8871,8871,16090
8872,8872,16091
8873,8873,16095
8874,8874,16097
8875,8875,16098
8876,8876,16099
8877,8877,16100
8878,8878,16101
8879,8879,16102
8880,8880,16104
8881,8881,16109
8882,8882,16110
8883,8883,16113
8884,8884,16114
8885,8885,16115
8886,8886,16117
8887,8887,16118
8888,8888,16120
8889,8889,16121
8890,8890,16123
8891,8891,16124
8892,8892,16125
8893,8893,16126
8894,8894,16130
8895,8895,16132
8896,8896,16136
8897,8897,16137
8898,8898,16138
8899,8899,16143
8900,8900,16144
8901,8901,16145
8902,8902,16146
8903,8903,16149
8904,8904,16154
8905,8905,16155
8906,8906,16156
8907,8907,16159
8908,8908,16160
8909,8909,16164
8910,8910,16165
8911,8911,16168
8912,8912,16171
8913,8913,16175
8914,8914,16176
8915,8915,16179
8916,8916,16180
8917,8917,16181
8918,8918,16182
8919,8919,16183
8920,8920,16184
8921,8921,16185
8922,8922,16186
8923,8923,16187
8924,8924,16188
8925,8925,16189
8926,8926,16190
8927,8927,16193
8928,8928,16195
8929,8929,16196
8930,8930,16197
8931,8931,16200
8932,8932,16202
8933,8933,16203
8934,8934,16206
8935,8935,16207
8936,8936,16209
8937,8937,16210
8938,8938,16213
8939,8939,16214
8940,8940,16216
8941,8941,16218
8942,8942,16220
8943,8943,16223
8944,8944,16226
8945,8945,16228
8946,8946,16230
8947,8947,16231
8948,8948,16232
8949,8949,16235
8950,8950,16236
8951,8951,16238
8952,8952,16239
8953,8953,16241
8954,8954,16246
8955,8955,16249
8956,8956,16250
8957,8957,16251
8958,8958,16252
8959,8959,16253
8960,8960,16256
8961,8961,16257
8962,8962,16259
8963,8963,16260
8964,8964,16261
8965,8965,16264
8966,8966,16265
8967,8967,16267
8968,8968,16268
8969,8969,16270
8970,8970,16272
8971,8971,16276
8972,8972,16278
8973,8973,16284
8974,8974,16289
8975,8975,16290
8976,8976,16291
8977,8977,16293
8978,8978,16294
8979,8979,16295
8980,8980,16296
8981,8981,16297
8982,8982,16300
8983,8983,16301
8984,8984,16302
8985,8985,16303
8986,8986,16306
8987,8987,16307
8988,8988,16309
8989,8989,16310
8990,8990,16317
8991,8991,16318
8992,8992,16320
8993,8993,16321
8994,8994,16323
8995,8995,16324
8996,8996,16326
8997,8997,16327
8998,8998,16328
8999,8999,16329
9000,9000,16330
9001,9001,16333
9002,9002,16334
9003,9003,16335
9004,9004,16338
9005,9005,16339
9006,9006,16342
9007,9007,16345
9008,9008,16352
9009,9009,16356
9010,9010,16359
9011,9011,16362
9012,9012,16363
9013,9013,16365
9014,9014,16367
9015,9015,16369
9016,9016,16371
9017,9017,16373
9018,9018,16374
9019,9019,16376
9020,9020,16377
9021,9021,16378
9022,9022,16381
9023,9023,16382
9024,9024,16389
9025,9025,16392
9026,9026,16394
9027,9027,16395
9028,9028,16396
9029,9029,16397
9030,9030,16398
9031,9031,16399
9032,9032,16400
9033,9033,16401
9034,9034,16403
9035,9035,16404
9036,9036,16407
9037,9037,16412
9038,9038,16414
9039,9039,16415
9040,9040,16416
9041,9041,16417
9042,9042,16418
9043,9043,16419
9044,9044,16421
9045,9045,16422
9046,9046,16427
9047,9047,16428
9048,9048,16429
9049,9049,16430
9050,9050,16431
9051,9051,16434
9052,9052,16435
9053,9053,16436
9054,9054,16439
9055,9055,16442
9056,9056,16445
9057,9057,16448
9058,9058,16449
9059,9059,16450
9060,9060,16451
9061,9061,16456
9062,9062,16458
9063,9063,16459
9064,9064,16464
9065,9065,16469
9066,9066,16470
9067,9067,16471
9068,9068,16473
9069,9069,16475
9070,9070,16477
9071,9071,16478
9072,9072,16481
9073,9073,16482
9074,9074,16483
9075,9075,16484
9076,9076,16485
9077,9077,16486
9078,9078,16487
9079,9079,16492
9080,9080,16493
9081,9081,16497
9082,9082,16498
9083,9083,16502
9084,9084,16505
9085,9085,16507
9086,9086,16509
9087,9087,16510
9088,9088,16512
9089,9089,16513
9090,9090,16515
9091,9091,16519
9092,9092,16521
9093,9093,16526
9094,9094,16530
9095,9095,16534
9096,9096,16536
9097,9097,16537
9098,9098,16539
9099,9099,16542
9100,9100,16543
9101,9101,16547
9102,9102,16548
9103,9103,16551
9104,9104,16557
9105,9105,16558
9106,9106,16559
9107,9107,16561
9108,9108,16562
9109,9109,16563
9110,9110,16564
9111,9111,16565
9112,9112,16567
9113,9113,16568
9114,9114,16571
9115,9115,16574
9116,9116,16575
9117,9117,16577
9118,9118,16578
9119,9119,16579
9120,9120,16580
9121,9121,16583
9122,9122,16584
9123,9123,16585
9124,9124,16586
9125,9125,16587
9126,9126,16588
9127,9127,16589
9128,9128,16592
9129,9129,16593
9130,9130,16604
9131,9131,16605
9132,9132,16606
9133,9133,16607
9134,9134,16610
9135,9135,16611
9136,9136,16615
9137,9137,16616
9138,9138,16618
9139,9139,16620
9140,9140,16622
9141,9141,16623
9142,9142,16624
9143,9143,16627
9144,9144,16633
9145,9145,16636
9146,9146,16637
9147,9147,16638
9148,9148,16640
9149,9149,16641
9150,9150,16643
9151,9151,16645
9152,9152,16648
9153,9153,16650
9154,9154,16651
9155,9155,16656
9156,9156,16657
9157,9157,16658
9158,9158,16659
9159,9159,16660
9160,9160,16661
9161,9161,16662
9162,9162,16666
9163,9163,16667
9164,9164,16668
9165,9165,16669
9166,9166,16670
9167,9167,16671
9168,9168,16672
9169,9169,16676
9170,9170,16678
9171,9171,16679
9172,9172,16680
9173,9173,16681
9174,9174,16683
9175,9175,16684
9176,9176,16685
9177,9177,16688
9178,9178,16691
9179,9179,16692
9180,9180,16693
9181,9181,16694
9182,9182,16695
9183,9183,16696
9184,9184,16698
9185,9185,16699
9186,9186,16702
9187,9187,16705
9188,9188,16707
9189,9189,16710
9190,9190,16712
9191,9191,16714
9192,9192,16716
9193,9193,16717
9194,9194,16720
9195,9195,16721
9196,9196,16723
9197,9197,16726
9198,9198,16730
9199,9199,16731
9200,9200,16733
9201,9201,16734
9202,9202,16736
9203,9203,16739
9204,9204,16741
9205,9205,16743
9206,9206,16744
9207,9207,16745
9208,9208,16747
9209,9209,16749
9210,9210,16752
9211,9211,16753
9212,9212,16755
9213,9213,16758
9214,9214,16759
9215,9215,16763
9216,9216,16765
9217,9217,16766
9218,9218,16767
9219,9219,16768
9220,9220,16769
9221,9221,16770
9222,9222,16771
9223,9223,16772
9224,9224,16773
9225,9225,16774
9226,9226,16775
9227,9227,16777
9228,9228,16779
9229,9229,16783
9230,9230,16786
9231,9231,16787
9232,9232,16788
9233,9233,16794
9234,9234,16796
9235,9235,16798
9236,9236,16799
9237,9237,16800
9238,9238,16801
9239,9239,16802
9240,9240,16804
9241,9241,16805
9242,9242,16806
9243,9243,16808
9244,9244,16812
9245,9245,16814
9246,9246,16815
9247,9247,16816
9248,9248,16817
9249,9249,16819
9250,9250,16821
9251,9251,16826
9252,9252,16827
9253,9253,16829
9254,9254,16832
9255,9255,16834
9256,9256,16835
9257,9257,16836
9258,9258,16838
9259,9259,16839
9260,9260,16840
9261,9261,16841
9262,9262,16844
9263,9263,16845
9264,9264,16846
9265,9265,16847
9266,9266,16848
9267,9267,16849
9268,9268,16850
9269,9269,16851
9270,9270,16853
9271,9271,16854
9272,9272,16855
9273,9273,16857
9274,9274,16859
9275,9275,16860
9276,9276,16864
9277,9277,16866
9278,9278,16867
9279,9279,16868
9280,9280,16869
9281,9281,16870
9282,9282,16871
9283,9283,16873
9284,9284,16874
9285,9285,16875
9286,9286,16879
9287,9287,16881
9288,9288,16882
9289,9289,16883
9290,9290,16885
9291,9291,16893
9292,9292,16895
9293,9293,16896
9294,9294,16898
9295,9295,16899
9296,9296,16901
9297,9297,16902
9298,9298,16904
9299,9299,16905
9300,9300,16906
9301,9301,16910
9302,9302,16911
9303,9303,16913
9304,9304,16914
9305,9305,16918
9306,9306,16919
9307,9307,16920
9308,9308,16925
9309,9309,16927
9310,9310,16929
9311,9311,16930
9312,9312,16932
9313,9313,16933
9314,9314,16935
9315,9315,16938
9316,9316,16939
9317,9317,16941
9318,9318,16942
9319,9319,16947
9320,9320,16948
9321,9321,16951
9322,9322,16957
9323,9323,16959
9324,9324,16960
9325,9325,16961
9326,9326,16962
9327,9327,16963
9328,9328,16964
9329,9329,16965
9330,9330,16966
9331,9331,16968
9332,9332,16971
9333,9333,16972
9334,9334,16973
9335,9335,16975
9336,9336,16976
9337,9337,16977
9338,9338,16981
9339,9339,16983
9340,9340,16989
9341,9341,16991
9342,9342,16993
9343,9343,16996
9344,9344,16997
9345,9345,16998
9346,9346,16999
9347,9347,17003
9348,9348,17004
9349,9349,17008
9350,9350,17009
9351,9351,17012
9352,9352,17013
9353,9353,17014
9354,9354,17015
9355,9355,17016
9356,9356,17019
9357,9357,17021
9358,9358,17025
9359,9359,17027
9360,9360,17029
9361,9361,17031
9362,9362,17032
9363,9363,17034
9364,9364,17039
9365,9365,17040
9366,9366,17041
9367,9367,17044
9368,9368,17048
9369,9369,17050
9370,9370,17051
9371,9371,17057
9372,9372,17058
9373,9373,17060
9374,9374,17061
9375,9375,17062
9376,9376,17064
9377,9377,17065
9378,9378,17067
9379,9379,17068
9380,9380,17069
9381,9381,17071
9382,9382,17072
9383,9383,17073
9384,9384,17076
9385,9385,17077
9386,9386,17081
9387,9387,17086
9388,9388,17088
9389,9389,17092
9390,9390,17093
9391,9391,17094
9392,9392,17097
9393,9393,17098
9394,9394,17100
9395,9395,17103
9396,9396,17104
9397,9397,17105
9398,9398,17107
9399,9399,17108
9400,9400,17110
9401,9401,17111
9402,9402,17112
9403,9403,17113
9404,9404,17115
9405,9405,17116
9406,9406,17118
9407,9407,17119
9408,9408,17122
9409,9409,17123
9410,9410,17124
9411,9411,17125
9412,9412,17128
9413,9413,17129
9414,9414,17133
9415,9415,17134
9416,9416,17137
9417,9417,17140
9418,9418,17141
9419,9419,17142
9420,9420,17143
9421,9421,17144
9422,9422,17145
9423,9423,17147
9424,9424,17148
9425,9425,17152
9426,9426,17154
9427,9427,17156
9428,9428,17158
9429,9429,17159
9430,9430,17161
9431,9431,17164
9432,9432,17165
9433,9433,17168
9434,9434,17170
9435,9435,17171
9436,9436,17173
9437,9437,17174
9438,9438,17176
9439,9439,17177
9440,9440,17181
9441,9441,17185
9442,9442,17188
9443,9443,17190
9444,9444,17191
9445,9445,17192
9446,9446,17195
9447,9447,17199
9448,9448,17201
9449,9449,17203
9450,9450,17204
9451,9451,17205
9452,9452,17211
9453,9453,17212
9454,9454,17216
9455,9455,17217
9456,9456,17219
9457,9457,17220
9458,9458,17223
9459,9459,17229
9460,9460,17232
9461,9461,17235
9462,9462,17236
9463,9463,17238
9464,9464,17239
9465,9465,17240
9466,9466,17241
9467,9467,17243
9468,9468,17245
9469,9469,17247
9470,9470,17249
9471,9471,17250
9472,9472,17252
9473,9473,17254
9474,9474,17257
9475,9475,17258
9476,9476,17259
9477,9477,17260
9478,9478,17261
9479,9479,17263
9480,9480,17264
9481,9481,17265
9482,9482,17266
9483,9483,17267
9484,9484,17269
9485,9485,17270
9486,9486,17271
9487,9487,17272
9488,9488,17273
9489,9489,17274
9490,9490,17275
9491,9491,17276
9492,9492,17278
9493,9493,17279
9494,9494,17281
9495,9495,17285
9496,9496,17289
9497,9497,17291
9498,9498,17292
9499,9499,17296
9500,9500,17299
9501,9501,17302
9502,9502,17305
9503,9503,17307
9504,9504,17309
9505,9505,17312
9506,9506,17314
9507,9507,17315
9508,9508,17318
9509,9509,17319
9510,9510,17320
9511,9511,17322
9512,9512,17323
9513,9513,17330
9514,9514,17331
9515,9515,17333
9516,9516,17334
9517,9517,17337
9518,9518,17338
9519,9519,17341
9520,9520,17342
9521,9521,17343
9522,9522,17344
9523,9523,17345
9524,9524,17347
9525,9525,17351
9526,9526,17352
9527,9527,17353
9528,9528,17355
9529,9529,17357
9530,9530,17358
9531,9531,17359
9532,9532,17361
9533,9533,17364
9534,9534,17368
9535,9535,17370
9536,9536,17371
9537,9537,17372
9538,9538,17375
9539,9539,17376
9540,9540,17378
9541,9541,17379
9542,9542,17382
9543,9543,17383
9544,9544,17384
9545,9545,17386
9546,9546,17388
9547,9547,17389
9548,9548,17391
9549,9549,17392
9550,9550,17395
9551,9551,17396
9552,9552,17398
9553,9553,17399
9554,9554,17401
9555,9555,17402
9556,9556,17405
9557,9557,17408
9558,9558,17409
9559,9559,17412
9560,9560,17413
9561,9561,17414
9562,9562,17416
9563,9563,17417
9564,9564,17424
9565,9565,17426
9566,9566,17427
9567,9567,17430
9568,9568,17431
9569,9569,17434
9570,9570,17435
9571,9571,17436
9572,9572,17437
9573,9573,17438
9574,9574,17439
9575,9575,17443
9576,9576,17444
9577,9577,17446
9578,9578,17447
9579,9579,17451
9580,9580,17455
9581,9581,17456
9582,9582,17457
9583,9583,17458
9584,9584,17459
9585,9585,17460
9586,9586,17462
9587,9587,17463
9588,9588,17464
9589,9589,17470
9590,9590,17472
9591,9591,17474
9592,9592,17475
9593,9593,17479
9594,9594,17485
9595,9595,17486
9596,9596,17487
9597,9597,17488
9598,9598,17489
9599,9599,17495
9600,9600,17496
9601,9601,17497
9602,9602,17500
9603,9603,17502
9604,9604,17503
9605,9605,17508
9606,9606,17510
9607,9607,17511
9608,9608,17512
9609,9609,17513
9610,9610,17515
9611,9611,17517
9612,9612,17518
9613,9613,17520
9614,9614,17522
9615,9615,17526
9616,9616,17527
9617,9617,17528
9618,9618,17529
9619,9619,17530
9620,9620,17531
9621,9621,17532
9622,9622,17534
9623,9623,17535
9624,9624,17537
9625,9625,17538
9626,9626,17539
9627,9627,17544
9628,9628,17547
9629,9629,17548
9630,9630,17551
9631,9631,17552
9632,9632,17553
9633,9633,17555
9634,9634,17556
9635,9635,17557
9636,9636,17560
9637,9637,17561
9638,9638,17562
9639,9639,17565
9640,9640,17567
9641,9641,17569
9642,9642,17570
9643,9643,17572
9644,9644,17573
9645,9645,17574
9646,9646,17575
9647,9647,17576
9648,9648,17581
9649,9649,17583
9650,9650,17584
9651,9651,17585
9652,9652,17586
9653,9653,17588
9654,9654,17590
9655,9655,17595
9656,9656,17596
9657,9657,17597
9658,9658,17599
9659,9659,17600
9660,9660,17602
9661,9661,17604
9662,9662,17606
9663,9663,17608
9664,9664,17609
9665,9665,17610
9666,9666,17612
9667,9667,17613
9668,9668,17615
9669,9669,17617
9670,9670,17618
9671,9671,17620
9672,9672,17621
9673,9673,17622
9674,9674,17626
9675,9675,17627
9676,9676,17629
9677,9677,17630
9678,9678,17631
9679,9679,17632
9680,9680,17633
9681,9681,17635
9682,9682,17636
9683,9683,17638
9684,9684,17642
9685,9685,17643
9686,9686,17644
9687,9687,17646
9688,9688,17650
9689,9689,17651
9690,9690,17654
9691,9691,17655
9692,9692,17656
9693,9693,17657
9694,9694,17660
9695,9695,17661
9696,9696,17662
9697,9697,17663
9698,9698,17664
9699,9699,17666
9700,9700,17670
9701,9701,17674
9702,9702,17676
9703,9703,17677
9704,9704,17678
9705,9705,17679
9706,9706,17680
9707,9707,17681
9708,9708,17683
9709,9709,17684
9710,9710,17687
9711,9711,17689
9712,9712,17690
9713,9713,17691
9714,9714,17693
9715,9715,17694
9716,9716,17695
9717,9717,17696
9718,9718,17697
9719,9719,17702
9720,9720,17703
9721,9721,17706
9722,9722,17708
9723,9723,17710
9724,9724,17712
9725,9725,17713
9726,9726,17716
9727,9727,17717
9728,9728,17718
9729,9729,17719
9730,9730,17720
9731,9731,17722
9732,9732,17724
9733,9733,17727
9734,9734,17728
9735,9735,17732
9736,9736,17733
9737,9737,17736
9738,9738,17737
9739,9739,17739
9740,9740,17740
9741,9741,17742
9742,9742,17743
9743,9743,17745
9744,9744,17747
9745,9745,17748
9746,9746,17749
9747,9747,17750
9748,9748,17753
9749,9749,17755
9750,9750,17757
9751,9751,17758
9752,9752,17760
9753,9753,17761
9754,9754,17762
9755,9755,17763
9756,9756,17766
9757,9757,17767
9758,9758,17768
9759,9759,17771
9760,9760,17774
9761,9761,17778
9762,9762,17781
9763,9763,17784
9764,9764,17785
9765,9765,17787
9766,9766,17790
9767,9767,17793
9768,9768,17799
9769,9769,17801
9770,9770,17803
9771,9771,17804
9772,9772,17806
9773,9773,17807
9774,9774,17810
9775,9775,17811
9776,9776,17812
9777,9777,17814
9778,9778,17815
9779,9779,17819
9780,9780,17820
9781,9781,17821
9782,9782,17822
9783,9783,17825
9784,9784,17829
9785,9785,17830
9786,9786,17832
9787,9787,17839
9788,9788,17840
9789,9789,17841
9790,9790,17845
9791,9791,17846
9792,9792,17847
9793,9793,17848
9794,9794,17849
9795,9795,17850
9796,9796,17855
9797,9797,17858
9798,9798,17860
9799,9799,17861
9800,9800,17870
9801,9801,17872
9802,9802,17875
9803,9803,17876
9804,9804,17880
9805,9805,17882
9806,9806,17883
9807,9807,17885
9808,9808,17886
9809,9809,17890
9810,9810,17892
9811,9811,17893
9812,9812,17896
9813,9813,17905
9814,9814,17906
9815,9815,17907
9816,9816,17913
9817,9817,17914
9818,9818,17915
9819,9819,17916
9820,9820,17917
9821,9821,17918
9822,9822,17919
9823,9823,17920
9824,9824,17921
9825,9825,17922
9826,9826,17923
9827,9827,17924
9828,9828,17927
9829,9829,17929
9830,9830,17930
9831,9831,17931
9832,9832,17933
9833,9833,17938
9834,9834,17939
9835,9835,17942
9836,9836,17943
9837,9837,17945
9838,9838,17947
9839,9839,17950
9840,9840,17953
9841,9841,17954
9842,9842,17957
9843,9843,17959
9844,9844,17960
9845,9845,17961
9846,9846,17962
9847,9847,17963
9848,9848,17964
9849,9849,17966
9850,9850,17967
9851,9851,17968
9852,9852,17974
9853,9853,17980
9854,9854,17982
9855,9855,17984
9856,9856,17986
9857,9857,17987
9858,9858,17988
9859,9859,17989
9860,9860,17991
9861,9861,17995
9862,9862,17997
9863,9863,17998
9864,9864,18000
9865,9865,18004
9866,9866,18006
9867,9867,18011
9868,9868,18014
9869,9869,18015
9870,9870,18017
9871,9871,18019
9872,9872,18021
9873,9873,18022
9874,9874,18023
9875,9875,18024
9876,9876,18025
9877,9877,18026
9878,9878,18028
9879,9879,18031
9880,9880,18032
9881,9881,18033
9882,9882,18036
9883,9883,18037
9884,9884,18039
9885,9885,18041
9886,9886,18042
9887,9887,18044
9888,9888,18045
9889,9889,18047
9890,9890,18051
9891,9891,18053
9892,9892,18056
9893,9893,18058
9894,9894,18059
9895,9895,18060
9896,9896,18061
9897,9897,18062
9898,9898,18064
9899,9899,18065
9900,9900,18066
9901,9901,18068
9902,9902,18069
9903,9903,18070
9904,9904,18075
9905,9905,18077
9906,9906,18079
9907,9907,18083
9908,9908,18084
9909,9909,18086
9910,9910,18092
9911,9911,18093
9912,9912,18098
9913,9913,18099
9914,9914,18100
9915,9915,18101
9916,9916,18102
9917,9917,18103
9918,9918,18104
9919,9919,18105
9920,9920,18106
9921,9921,18108
9922,9922,18109
9923,9923,18110
9924,9924,18111
9925,9925,18112
9926,9926,18120
9927,9927,18125
9928,9928,18126
9929,9929,18127
9930,9930,18129
9931,9931,18130
9932,9932,18131
9933,9933,18136
9934,9934,18137
9935,9935,18141
9936,9936,18143
9937,9937,18144
9938,9938,18146
9939,9939,18147
9940,9940,18148
9941,9941,18149
9942,9942,18150
9943,9943,18156
9944,9944,18158
9945,9945,18159
9946,9946,18161
9947,9947,18164
9948,9948,18165
9949,9949,18166
9950,9950,18170
9951,9951,18171
9952,9952,18172
9953,9953,18173
9954,9954,18176
9955,9955,18178
9956,9956,18179
9957,9957,18180
9958,9958,18181
9959,9959,18182
9960,9960,18183
9961,9961,18184
9962,9962,18186
9963,9963,18187
9964,9964,18190
9965,9965,18191
9966,9966,18192
9967,9967,18194
9968,9968,18197
9969,9969,18198
9970,9970,18199
9971,9971,18201
9972,9972,18202
9973,9973,18203
9974,9974,18206
9975,9975,18208
9976,9976,18216
9977,9977,18217
9978,9978,18221
9979,9979,18223
9980,9980,18224
9981,9981,18225
9982,9982,18227
9983,9983,18230
9984,9984,18231
9985,9985,18232
9986,9986,18235
9987,9987,18236
9988,9988,18237
9989,9989,18239
9990,9990,18241
9991,9991,18243
9992,9992,18244
9993,9993,18245
9994,9994,18246
9995,9995,18249
9996,9996,18250
9997,9997,18251
9998,9998,18252
9999,9999,18253
10000,10000,18254
10001,10001,18256
10002,10002,18257
10003,10003,18261
10004,10004,18263
10005,10005,18267
10006,10006,18270
10007,10007,18271
10008,10008,18274
10009,10009,18275
10010,10010,18276
10011,10011,18277
10012,10012,18278
10013,10013,18283
10014,10014,18284
10015,10015,18285
10016,10016,18286
10017,10017,18287
10018,10018,18288
10019,10019,18289
10020,10020,18291
10021,10021,18292
10022,10022,18293
10023,10023,18295
10024,10024,18296
10025,10025,18297
10026,10026,18300
10027,10027,18301
10028,10028,18304
10029,10029,18305
10030,10030,18307
10031,10031,18310
10032,10032,18311
10033,10033,18312
10034,10034,18315
10035,10035,18316
10036,10036,18320
10037,10037,18321
10038,10038,18322
10039,10039,18323
10040,10040,18325
10041,10041,18329
10042,10042,18330
10043,10043,18331
10044,10044,18332
10045,10045,18334
10046,10046,18336
10047,10047,18337
10048,10048,18338
10049,10049,18339
10050,10050,18340
10051,10051,18341
10052,10052,18342
10053,10053,18343
10054,10054,18344
10055,10055,18349
10056,10056,18351
10057,10057,18352
10058,10058,18355
10059,10059,18356
10060,10060,18357
10061,10061,18358
10062,10062,18359
10063,10063,18360
10064,10064,18361
10065,10065,18362
10066,10066,18364
10067,10067,18365
10068,10068,18366
10069,10069,18367
10070,10070,18368
10071,10071,18370
10072,10072,18374
10073,10073,18375
10074,10074,18376
10075,10075,18379
10076,10076,18380
10077,10077,18383
10078,10078,18385
10079,10079,18386
10080,10080,18387
10081,10081,18388
10082,10082,18389
10083,10083,18391
10084,10084,18392
10085,10085,18396
10086,10086,18397
10087,10087,18398
10088,10088,18399
10089,10089,18402
10090,10090,18403
10091,10091,18405
10092,10092,18408
10093,10093,18409
10094,10094,18412
10095,10095,18413
10096,10096,18414
10097,10097,18415
10098,10098,18416
10099,10099,18418
10100,10100,18424
10101,10101,18427
10102,10102,18431
10103,10103,18432
10104,10104,18438
10105,10105,18440
10106,10106,18444
10107,10107,18446
10108,10108,18454
10109,10109,18455
10110,10110,18456
10111,10111,18457
10112,10112,18460
10113,10113,18462
10114,10114,18466
10115,10115,18467
10116,10116,18468
10117,10117,18469
10118,10118,18470
10119,10119,18472
10120,10120,18473
10121,10121,18476
10122,10122,18477
10123,10123,18481
10124,10124,18483
10125,10125,18484
10126,10126,18485
10127,10127,18487
10128,10128,18489
10129,10129,18490
10130,10130,18492
10131,10131,18493
10132,10132,18495
10133,10133,18497
10134,10134,18501
10135,10135,18504
10136,10136,18509
10137,10137,18511
10138,10138,18512
10139,10139,18513
10140,10140,18514
10141,10141,18516
10142,10142,18517
10143,10143,18521
10144,10144,18522
10145,10145,18523
10146,10146,18528
10147,10147,18529
10148,10148,18531
10149,10149,18533
10150,10150,18534
10151,10151,18535
10152,10152,18539
10153,10153,18540
10154,10154,18543
10155,10155,18545
10156,10156,18546
10157,10157,18547
10158,10158,18550
10159,10159,18551
10160,10160,18555
10161,10161,18558
10162,10162,18560
10163,10163,18566
10164,10164,18568
10165,10165,18571
10166,10166,18573
10167,10167,18575
10168,10168,18581
10169,10169,18582
10170,10170,18583
10171,10171,18584
10172,10172,18587
10173,10173,18589
10174,10174,18590
10175,10175,18591
10176,10176,18595
10177,10177,18598
10178,10178,18599
10179,10179,18602
10180,10180,18605
10181,10181,18606
10182,10182,18607
10183,10183,18615
10184,10184,18617
10185,10185,18618
10186,10186,18620
10187,10187,18622
10188,10188,18624
10189,10189,18625
10190,10190,18626
10191,10191,18627
10192,10192,18628
10193,10193,18630
10194,10194,18631
10195,10195,18634
10196,10196,18637
10197,10197,18639
10198,10198,18642
10199,10199,18644
10200,10200,18647
10201,10201,18648
10202,10202,18649
10203,10203,18650
10204,10204,18651
10205,10205,18652
10206,10206,18654
10207,10207,18655
10208,10208,18658
10209,10209,18663
10210,10210,18664
10211,10211,18667
10212,10212,18669
10213,10213,18670
10214,10214,18672
10215,10215,18675
10216,10216,18678
10217,10217,18681
10218,10218,18682
10219,10219,18683
10220,10220,18684
10221,10221,18686
10222,10222,18687
10223,10223,18688
10224,10224,18695
10225,10225,18696
10226,10226,18697
10227,10227,18699
10228,10228,18701
10229,10229,18702
10230,10230,18704
10231,10231,18705
10232,10232,18708
10233,10233,18709
10234,10234,18711
10235,10235,18713
10236,10236,18714
10237,10237,18716
10238,10238,18718
10239,10239,18719
10240,10240,18720
10241,10241,18722
10242,10242,18723
10243,10243,18725
10244,10244,18728
10245,10245,18729
10246,10246,18731
10247,10247,18732
10248,10248,18734
10249,10249,18735
10250,10250,18736
10251,10251,18737
10252,10252,18740
10253,10253,18741
10254,10254,18743
10255,10255,18744
10256,10256,18745
10257,10257,18746
10258,10258,18747
10259,10259,18748
10260,10260,18749
10261,10261,18751
10262,10262,18756
10263,10263,18758
10264,10264,18759
10265,10265,18762
10266,10266,18764
10267,10267,18765
10268,10268,18766
10269,10269,18768
10270,10270,18769
10271,10271,18770
10272,10272,18772
10273,10273,18775
10274,10274,18776
10275,10275,18777
10276,10276,18778
10277,10277,18781
10278,10278,18782
10279,10279,18783
10280,10280,18784
10281,10281,18785
10282,10282,18792
10283,10283,18797
10284,10284,18798
10285,10285,18799
10286,10286,18800
10287,10287,18801
10288,10288,18802
10289,10289,18806
10290,10290,18808
10291,10291,18811
10292,10292,18813
10293,10293,18814
10294,10294,18815
10295,10295,18816
10296,10296,18818
10297,10297,18819
10298,10298,18822
10299,10299,18823
10300,10300,18824
10301,10301,18825
10302,10302,18829
10303,10303,18831
10304,10304,18832
10305,10305,18834
10306,10306,18836
10307,10307,18838
10308,10308,18841
10309,10309,18844
10310,10310,18848
10311,10311,18849
10312,10312,18850
10313,10313,18852
10314,10314,18855
10315,10315,18856
10316,10316,18857
10317,10317,18859
10318,10318,18861
10319,10319,18863
10320,10320,18865
10321,10321,18866
10322,10322,18867
10323,10323,18869
10324,10324,18871
10325,10325,18874
10326,10326,18878
10327,10327,18880
10328,10328,18884
10329,10329,18886
10330,10330,18887
10331,10331,18888
10332,10332,18890
10333,10333,18891
10334,10334,18893
10335,10335,18894
10336,10336,18897
10337,10337,18900
10338,10338,18901
10339,10339,18902
10340,10340,18903
10341,10341,18905
10342,10342,18906
10343,10343,18908
10344,10344,18909
10345,10345,18911
10346,10346,18912
10347,10347,18913
10348,10348,18917
10349,10349,18919
10350,10350,18922
10351,10351,18923
10352,10352,18924
10353,10353,18925
10354,10354,18927
10355,10355,18928
10356,10356,18929
10357,10357,18931
10358,10358,18933
10359,10359,18934
10360,10360,18935
10361,10361,18939
10362,10362,18940
10363,10363,18943
10364,10364,18944
10365,10365,18945
10366,10366,18947
10367,10367,18950
10368,10368,18954
10369,10369,18958
10370,10370,18959
10371,10371,18961
10372,10372,18962
10373,10373,18963
10374,10374,18964
10375,10375,18968
10376,10376,18969
10377,10377,18971
10378,10378,18972
10379,10379,18974
10380,10380,18975
10381,10381,18979
10382,10382,18981
10383,10383,18982
10384,10384,18983
10385,10385,18985
10386,10386,18986
10387,10387,18988
10388,10388,18992
10389,10389,18994
10390,10390,18995
10391,10391,18996
10392,10392,18997
10393,10393,18998
10394,10394,19000
10395,10395,19001
10396,10396,19004
10397,10397,19007
10398,10398,19008
10399,10399,19013
10400,10400,19016
10401,10401,19019
10402,10402,19020
10403,10403,19021
10404,10404,19022
10405,10405,19024
10406,10406,19025
10407,10407,19030
10408,10408,19035
10409,10409,19036
10410,10410,19037
10411,10411,19039
10412,10412,19041
10413,10413,19042
10414,10414,19043
10415,10415,19044
10416,10416,19045
10417,10417,19046
10418,10418,19049
10419,10419,19050
10420,10420,19051
10421,10421,19053
10422,10422,19054
10423,10423,19057
10424,10424,19060
10425,10425,19062
10426,10426,19063
10427,10427,19065
10428,10428,19070
10429,10429,19071
10430,10430,19075
10431,10431,19079
10432,10432,19080
10433,10433,19085
10434,10434,19088
10435,10435,19090
10436,10436,19091
10437,10437,19092
10438,10438,19093
10439,10439,19094
10440,10440,19095
10441,10441,19098
10442,10442,19099
10443,10443,19100
10444,10444,19101
10445,10445,19104
10446,10446,19106
10447,10447,19107
10448,10448,19109
10449,10449,19110
10450,10450,19111
10451,10451,19112
10452,10452,19113
10453,10453,19115
10454,10454,19116
10455,10455,19118
10456,10456,19121
10457,10457,19122
10458,10458,19124
10459,10459,19126
10460,10460,19127
10461,10461,19129
10462,10462,19130
10463,10463,19132
10464,10464,19133
10465,10465,19134
10466,10466,19137
10467,10467,19138
10468,10468,19142
10469,10469,19150
10470,10470,19152
10471,10471,19153
10472,10472,19155
10473,10473,19157
10474,10474,19160
10475,10475,19162
10476,10476,19164
10477,10477,19165
10478,10478,19166
10479,10479,19167
10480,10480,19168
10481,10481,19169
10482,10482,19170
10483,10483,19172
10484,10484,19173
10485,10485,19174
10486,10486,19175
10487,10487,19176
10488,10488,19178
10489,10489,19180
10490,10490,19181
10491,10491,19182
10492,10492,19183
10493,10493,19184
10494,10494,19185
10495,10495,19186
10496,10496,19189
10497,10497,19190
10498,10498,19191
10499,10499,19192
10500,10500,19194
10501,10501,19196
10502,10502,19198
10503,10503,19199
10504,10504,19200
10505,10505,19201
10506,10506,19202
10507,10507,19203
10508,10508,19205
10509,10509,19208
10510,10510,19210
10511,10511,19211
10512,10512,19212
10513,10513,19213
10514,10514,19216
10515,10515,19217
10516,10516,19218
10517,10517,19220
10518,10518,19221
10519,10519,19229
10520,10520,19232
10521,10521,19233
10522,10522,19234
10523,10523,19235
10524,10524,19237
10525,10525,19238
10526,10526,19239
10527,10527,19240
10528,10528,19244
10529,10529,19247
10530,10530,19249
10531,10531,19251
10532,10532,19253
10533,10533,19254
10534,10534,19257
10535,10535,19259
10536,10536,19260
10537,10537,19261
10538,10538,19262
10539,10539,19264
10540,10540,19265
10541,10541,19266
10542,10542,19268
10543,10543,19270
10544,10544,19271
10545,10545,19276
10546,10546,19277
10547,10547,19279
10548,10548,19281
10549,10549,19282
10550,10550,19283
10551,10551,19285
10552,10552,19286
10553,10553,19293
10554,10554,19294
10555,10555,19298
10556,10556,19299
10557,10557,19300
10558,10558,19301
10559,10559,19305
10560,10560,19306
10561,10561,19307
10562,10562,19308
10563,10563,19312
10564,10564,19318
10565,10565,19319
10566,10566,19320
10567,10567,19321
10568,10568,19323
10569,10569,19326
10570,10570,19327
10571,10571,19330
10572,10572,19332
10573,10573,19333
10574,10574,19339
10575,10575,19341
10576,10576,19343
10577,10577,19344
10578,10578,19345
10579,10579,19346
10580,10580,19348
10581,10581,19349
10582,10582,19350
10583,10583,19352
10584,10584,19353
10585,10585,19354
10586,10586,19356
10587,10587,19357
10588,10588,19358
10589,10589,19359
10590,10590,19360
10591,10591,19363
10592,10592,19366
10593,10593,19368
10594,10594,19369
10595,10595,19371
10596,10596,19374
10597,10597,19376
10598,10598,19377
10599,10599,19380
10600,10600,19381
10601,10601,19382
10602,10602,19384
10603,10603,19389
10604,10604,19392
10605,10605,19394
10606,10606,19395
10607,10607,19396
10608,10608,19397
10609,10609,19398
10610,10610,19399
10611,10611,19400
10612,10612,19404
10613,10613,19406
10614,10614,19408
10615,10615,19410
10616,10616,19413
10617,10617,19415
10618,10618,19417
10619,10619,19419
10620,10620,19420
10621,10621,19421
10622,10622,19422
10623,10623,19425
10624,10624,19428
10625,10625,19430
10626,10626,19432
10627,10627,19433
10628,10628,19434
10629,10629,19435
10630,10630,19436
10631,10631,19438
10632,10632,19439
10633,10633,19440
10634,10634,19441
10635,10635,19442
10636,10636,19443
10637,10637,19444
10638,10638,19446
10639,10639,19447
10640,10640,19449
10641,10641,19451
10642,10642,19452
10643,10643,19453
10644,10644,19458
10645,10645,19459
10646,10646,19465
10647,10647,19467
10648,10648,19469
10649,10649,19470
10650,10650,19472
10651,10651,19474
10652,10652,19475
10653,10653,19477
10654,10654,19479
10655,10655,19480
10656,10656,19481
10657,10657,19482
10658,10658,19483
10659,10659,19484
10660,10660,19485
10661,10661,19486
10662,10662,19487
10663,10663,19492
10664,10664,19493
10665,10665,19494
10666,10666,19496
10667,10667,19498
10668,10668,19499
10669,10669,19501
10670,10670,19503
10671,10671,19504
10672,10672,19505
10673,10673,19506
10674,10674,19508
10675,10675,19509
10676,10676,19510
10677,10677,19511
10678,10678,19513
10679,10679,19514
10680,10680,19516
10681,10681,19520
10682,10682,19521
10683,10683,19523
10684,10684,19524
10685,10685,19526
10686,10686,19527
10687,10687,19528
10688,10688,19529
10689,10689,19532
10690,10690,19535
10691,10691,19537
10692,10692,19538
10693,10693,19539
10694,10694,19540
10695,10695,19541
10696,10696,19542
10697,10697,19544
10698,10698,19545
10699,10699,19546
10700,10700,19547
10701,10701,19548
10702,10702,19550
10703,10703,19551
10704,10704,19553
10705,10705,19554
10706,10706,19556
10707,10707,19557
10708,10708,19559
10709,10709,19560
10710,10710,19561
10711,10711,19562
10712,10712,19563
10713,10713,19564
10714,10714,19565
10715,10715,19568
10716,10716,19569
10717,10717,19570
10718,10718,19571
10719,10719,19574
10720,10720,19575
10721,10721,19576
10722,10722,19579
10723,10723,19580
10724,10724,19582
10725,10725,19585
10726,10726,19587
10727,10727,19588
10728,10728,19590
10729,10729,19592
10730,10730,19593
10731,10731,19595
10732,10732,19599
10733,10733,19601
10734,10734,19602
10735,10735,19604
10736,10736,19606
10737,10737,19607
10738,10738,19613
10739,10739,19614
10740,10740,19615
10741,10741,19616
10742,10742,19618
10743,10743,19620
10744,10744,19622
10745,10745,19630
10746,10746,19631
10747,10747,19633
10748,10748,19634
10749,10749,19635
10750,10750,19637
10751,10751,19638
10752,10752,19641
10753,10753,19642
10754,10754,19643
10755,10755,19644
10756,10756,19647
10757,10757,19649
10758,10758,19651
10759,10759,19652
10760,10760,19653
10761,10761,19655
10762,10762,19656
10763,10763,19658
10764,10764,19662
10765,10765,19665
10766,10766,19666
10767,10767,19668
10768,10768,19669
10769,10769,19670
10770,10770,19671
10771,10771,19674
10772,10772,19675
10773,10773,19677
10774,10774,19681
10775,10775,19682
10776,10776,19683
10777,10777,19685
10778,10778,19688
10779,10779,19689
10780,10780,19690
10781,10781,19691
10782,10782,19692
10783,10783,19693
10784,10784,19694
10785,10785,19695
10786,10786,19698
10787,10787,19699
10788,10788,19700
10789,10789,19705
10790,10790,19709
10791,10791,19711
10792,10792,19712
10793,10793,19714
10794,10794,19722
10795,10795,19725
10796,10796,19726
10797,10797,19728
10798,10798,19729
10799,10799,19730
10800,10800,19731
10801,10801,19732
10802,10802,19735
10803,10803,19736
10804,10804,19737
10805,10805,19738
10806,10806,19741
10807,10807,19743
10808,10808,19748
10809,10809,19749
10810,10810,19750
10811,10811,19752
10812,10812,19755
10813,10813,19757
10814,10814,19761
10815,10815,19762
10816,10816,19763
10817,10817,19765
10818,10818,19767
10819,10819,19769
10820,10820,19770
10821,10821,19771
10822,10822,19773
10823,10823,19774
10824,10824,19775
10825,10825,19776
10826,10826,19777
10827,10827,19779
10828,10828,19780
10829,10829,19784
10830,10830,19789
10831,10831,19791
10832,10832,19794
10833,10833,19800
10834,10834,19801
10835,10835,19803
10836,10836,19804
10837,10837,19806
10838,10838,19808
10839,10839,19813
10840,10840,19814
10841,10841,19818
10842,10842,19820
10843,10843,19821
10844,10844,19822
10845,10845,19823
10846,10846,19827
10847,10847,19829
10848,10848,19830
10849,10849,19832
10850,10850,19833
10851,10851,19835
10852,10852,19838
10853,10853,19839
10854,10854,19840
10855,10855,19843
10856,10856,19844
10857,10857,19846
10858,10858,19847
10859,10859,19848
10860,10860,19849
10861,10861,19850
10862,10862,19852
10863,10863,19853
10864,10864,19854
10865,10865,19855
10866,10866,19856
10867,10867,19857
10868,10868,19859
10869,10869,19861
10870,10870,19864
10871,10871,19865
10872,10872,19867
10873,10873,19868
10874,10874,19869
10875,10875,19870
10876,10876,19871
10877,10877,19872
10878,10878,19873
10879,10879,19874
10880,10880,19875
10881,10881,19876
10882,10882,19877
10883,10883,19880
10884,10884,19882
10885,10885,19885
10886,10886,19887
10887,10887,19888
10888,10888,19889
10889,10889,19890
10890,10890,19891
10891,10891,19894
10892,10892,19895
10893,10893,19897
10894,10894,19898
10895,10895,19899
10896,10896,19903
10897,10897,19904
10898,10898,19906
10899,10899,19908
10900,10900,19909
10901,10901,19911
10902,10902,19912
10903,10903,19913
10904,10904,19915
10905,10905,19916
10906,10906,19917
10907,10907,19918
10908,10908,19919
10909,10909,19920
10910,10910,19930
10911,10911,19931
10912,10912,19932
10913,10913,19933
10914,10914,19934
10915,10915,19936
10916,10916,19937
10917,10917,19939
10918,10918,19943
10919,10919,19944
10920,10920,19945
10921,10921,19946
10922,10922,19949
10923,10923,19950
10924,10924,19954
10925,10925,19955
10926,10926,19956
10927,10927,19957
10928,10928,19959
10929,10929,19960
10930,10930,19961
10931,10931,19962
10932,10932,19963
10933,10933,19965
10934,10934,19970
10935,10935,19971
10936,10936,19973
10937,10937,19975
10938,10938,19977
10939,10939,19979
10940,10940,19980
10941,10941,19981
10942,10942,19982
10943,10943,19984
10944,10944,19985
10945,10945,19986
10946,10946,19987
10947,10947,19989
10948,10948,19990
10949,10949,19991
10950,10950,19996
10951,10951,19997
10952,10952,20000
10953,10953,20001
10954,10954,20002
10955,10955,20003
10956,10956,20004
10957,10957,20007
10958,10958,20012
10959,10959,20013
10960,10960,20014
10961,10961,20015
10962,10962,20019
10963,10963,20020
10964,10964,20021
10965,10965,20022
10966,10966,20023
10967,10967,20024
10968,10968,20026
10969,10969,20028
10970,10970,20029
10971,10971,20032
10972,10972,20033
10973,10973,20039
10974,10974,20040
10975,10975,20041
10976,10976,20042
10977,10977,20043
10978,10978,20044
10979,10979,20046
10980,10980,20047
10981,10981,20048
10982,10982,20049
10983,10983,20050
10984,10984,20051
10985,10985,20053
10986,10986,20054
10987,10987,20055
10988,10988,20057
10989,10989,20058
10990,10990,20059
10991,10991,20063
10992,10992,20064
10993,10993,20066
10994,10994,20070
10995,10995,20071
10996,10996,20075
10997,10997,20078
10998,10998,20081
10999,10999,20082
11000,11000,20084
11001,11001,20088
11002,11002,20089
11003,11003,20090
11004,11004,20091
11005,11005,20092
11006,11006,20093
11007,11007,20094
11008,11008,20099
11009,11009,20100
11010,11010,20102
11011,11011,20103
11012,11012,20107
11013,11013,20109
11014,11014,20110
11015,11015,20112
11016,11016,20113
11017,11017,20114
11018,11018,20115
11019,11019,20116
11020,11020,20118
11021,11021,20119
11022,11022,20123
11023,11023,20124
11024,11024,20125
11025,11025,20126
11026,11026,20128
11027,11027,20129
11028,11028,20130
11029,11029,20133
11030,11030,20134
11031,11031,20135
11032,11032,20137
11033,11033,20138
11034,11034,20139
11035,11035,20142
11036,11036,20143
11037,11037,20144
11038,11038,20145
11039,11039,20149
11040,11040,20150
11041,11041,20153
11042,11042,20155
11043,11043,20156
11044,11044,20157
11045,11045,20158
11046,11046,20159
11047,11047,20160
11048,11048,20162
11049,11049,20163
11050,11050,20164
11051,11051,20168
11052,11052,20169
11053,11053,20170
11054,11054,20171
11055,11055,20174
11056,11056,20176
11057,11057,20179
11058,11058,20181
11059,11059,20183
11060,11060,20185
11061,11061,20186
11062,11062,20189
11063,11063,20190
11064,11064,20192
11065,11065,20193
11066,11066,20195
11067,11067,20197
11068,11068,20198
11069,11069,20204
11070,11070,20208
11071,11071,20209
11072,11072,20211
11073,11073,20212
11074,11074,20213
11075,11075,20214
11076,11076,20215
11077,11077,20216
11078,11078,20217
11079,11079,20218
11080,11080,20219
11081,11081,20222
11082,11082,20225
11083,11083,20228
11084,11084,20229
11085,11085,20230
11086,11086,20231
11087,11087,20233
11088,11088,20235
11089,11089,20238
11090,11090,20239
11091,11091,20242
11092,11092,20243
11093,11093,20249
11094,11094,20251
11095,11095,20252
11096,11096,20253
11097,11097,20254
11098,11098,20255
11099,11099,20256
11100,11100,20257
11101,11101,20258
11102,11102,20259
11103,11103,20267
11104,11104,20268
11105,11105,20269
11106,11106,20273
11107,11107,20274
11108,11108,20275
11109,11109,20277
11110,11110,20278
11111,11111,20279
11112,11112,20280
11113,11113,20281
11114,11114,20282
11115,11115,20284
11116,11116,20287
11117,11117,20288
11118,11118,20296
11119,11119,20297
11120,11120,20298
11121,11121,20299
11122,11122,20302
11123,11123,20304
11124,11124,20306
11125,11125,20309
11126,11126,20310
11127,11127,20312
11128,11128,20313
11129,11129,20316
11130,11130,20319
11131,11131,20321
11132,11132,20324
11133,11133,20325
11134,11134,20327
11135,11135,20328
11136,11136,20329
11137,11137,20330
11138,11138,20331
11139,11139,20336
11140,11140,20337
11141,11141,20338
11142,11142,20339
11143,11143,20340
11144,11144,20341
11145,11145,20342
11146,11146,20346
11147,11147,20347
11148,11148,20349
11149,11149,20351
11150,11150,20353
11151,11151,20355
11152,11152,20359
11153,11153,20361
11154,11154,20362
11155,11155,20364
11156,11156,20366
11157,11157,20370
11158,11158,20371
11159,11159,20373
11160,11160,20374
11161,11161,20375
11162,11162,20377
11163,11163,20380
11164,11164,20382
11165,11165,20383
11166,11166,20384
11167,11167,20385
11168,11168,20388
11169,11169,20389
11170,11170,20392
11171,11171,20394
11172,11172,20397
11173,11173,20398
11174,11174,20402
11175,11175,20403
11176,11176,20404
11177,11177,20407
11178,11178,20409
11179,11179,20410
11180,11180,20411
11181,11181,20412
11182,11182,20414
11183,11183,20415
11184,11184,20417
11185,11185,20418
11186,11186,20420
11187,11187,20423
11188,11188,20425
11189,11189,20426
11190,11190,20427
11191,11191,20432
11192,11192,20433
11193,11193,20435
11194,11194,20436
11195,11195,20438
11196,11196,20439
11197,11197,20444
11198,11198,20448
11199,11199,20449
11200,11200,20450
11201,11201,20453
11202,11202,20454
11203,11203,20455
11204,11204,20456
11205,11205,20458
11206,11206,20459
11207,11207,20460
11208,11208,20462
11209,11209,20465
11210,11210,20467
11211,11211,20468
11212,11212,20470
11213,11213,20471
11214,11214,20472
11215,11215,20474
11216,11216,20477
11217,11217,20479
11218,11218,20480
11219,11219,20482
11220,11220,20485
11221,11221,20486
11222,11222,20489
11223,11223,20491
11224,11224,20495
11225,11225,20499
11226,11226,20502
11227,11227,20505
11228,11228,20507
11229,11229,20508
11230,11230,20514
11231,11231,20515
11232,11232,20516
11233,11233,20521
11234,11234,20522
11235,11235,20524
11236,11236,20525
11237,11237,20527
11238,11238,20529
11239,11239,20532
11240,11240,20533
11241,11241,20535
11242,11242,20536
11243,11243,20539
11244,11244,20540
11245,11245,20541
11246,11246,20542
11247,11247,20543
11248,11248,20544
11249,11249,20548
11250,11250,20553
11251,11251,20555
11252,11252,20556
11253,11253,20557
11254,11254,20559
11255,11255,20560
11256,11256,20562
11257,11257,20565
11258,11258,20573
11259,11259,20574
11260,11260,20577
11261,11261,20581
11262,11262,20582
11263,11263,20583
11264,11264,20584
11265,11265,20585
11266,11266,20587
11267,11267,20588
11268,11268,20590
11269,11269,20591
11270,11270,20593
11271,11271,20594
11272,11272,20595
11273,11273,20596
11274,11274,20600
11275,11275,20606
11276,11276,20608
11277,11277,20609
11278,11278,20611
11279,11279,20612
11280,11280,20613
11281,11281,20614
11282,11282,20615
11283,11283,20616
11284,11284,20617
11285,11285,20618
11286,11286,20619
11287,11287,20621
11288,11288,20624
11289,11289,20625
11290,11290,20627
11291,11291,20630
11292,11292,20631
11293,11293,20633
11294,11294,20634
11295,11295,20635
11296,11296,20640
11297,11297,20641
11298,11298,20642
11299,11299,20643
11300,11300,20644
11301,11301,20646
11302,11302,20650
11303,11303,20654
11304,11304,20656
11305,11305,20657
11306,11306,20658
11307,11307,20659
11308,11308,20661
11309,11309,20662
11310,11310,20663
11311,11311,20667
11312,11312,20670
11313,11313,20673
11314,11314,20674
11315,11315,20677
11316,11316,20678
11317,11317,20679
11318,11318,20680
11319,11319,20681
11320,11320,20682
11321,11321,20686
11322,11322,20687
11323,11323,20691
11324,11324,20692
11325,11325,20693
11326,11326,20694
11327,11327,20696
11328,11328,20697
11329,11329,20698
11330,11330,20699
11331,11331,20700
11332,11332,20702
11333,11333,20703
11334,11334,20708
11335,11335,20709
11336,11336,20711
11337,11337,20712
11338,11338,20713
11339,11339,20714
11340,11340,20719
11341,11341,20721
11342,11342,20722
11343,11343,20726
11344,11344,20728
11345,11345,20731
11346,11346,20732
11347,11347,20733
11348,11348,20734
11349,11349,20736
11350,11350,20740
11351,11351,20742
11352,11352,20743
11353,11353,20744
11354,11354,20748
11355,11355,20752
11356,11356,20753
11357,11357,20755
11358,11358,20758
11359,11359,20762
11360,11360,20763
11361,11361,20765
11362,11362,20766
11363,11363,20767
11364,11364,20770
11365,11365,20771
11366,11366,20773
11367,11367,20774
11368,11368,20775
11369,11369,20776
11370,11370,20777
11371,11371,20778
11372,11372,20780
11373,11373,20781
11374,11374,20782
11375,11375,20785
11376,11376,20786
11377,11377,20789
11378,11378,20793
11379,11379,20797
11380,11380,20799
11381,11381,20802
11382,11382,20805
11383,11383,20806
11384,11384,20808
11385,11385,20810
11386,11386,20811
11387,11387,20812
11388,11388,20813
11389,11389,20814
11390,11390,20816
11391,11391,20819
11392,11392,20820
11393,11393,20821
11394,11394,20822
11395,11395,20823
11396,11396,20827
11397,11397,20831
11398,11398,20832
11399,11399,20833
11400,11400,20837
11401,11401,20840
11402,11402,20842
11403,11403,20843
11404,11404,20846
11405,11405,20847
11406,11406,20850
11407,11407,20851
11408,11408,20852
11409,11409,20853
11410,11410,20857
11411,11411,20858
11412,11412,20859
11413,11413,20860
11414,11414,20861
11415,11415,20863
11416,11416,20864
11417,11417,20865
11418,11418,20866
11419,11419,20868
11420,11420,20869
11421,11421,20870
11422,11422,20871
11423,11423,20872
11424,11424,20873
11425,11425,20874
11426,11426,20877
11427,11427,20878
11428,11428,20881
11429,11429,20882
11430,11430,20883
11431,11431,20884
11432,11432,20885
11433,11433,20887
11434,11434,20888
11435,11435,20889
11436,11436,20890
11437,11437,20893
11438,11438,20894
11439,11439,20895
11440,11440,20896
11441,11441,20897
11442,11442,20899
11443,11443,20900
11444,11444,20901
11445,11445,20905
11446,11446,20906
11447,11447,20907
11448,11448,20908
11449,11449,20909
11450,11450,20910
11451,11451,20912
11452,11452,20913
11453,11453,20915
11454,11454,20916
11455,11455,20919
11456,11456,20925
11457,11457,20928
11458,11458,20931
11459,11459,20932
11460,11460,20936
11461,11461,20937
11462,11462,20939
11463,11463,20941
11464,11464,20942
11465,11465,20943
11466,11466,20946
11467,11467,20947
11468,11468,20949
11469,11469,20951
11470,11470,20955
11471,11471,20956
11472,11472,20957
11473,11473,20959
11474,11474,20960
11475,11475,20961
11476,11476,20962
11477,11477,20964
11478,11478,20967
11479,11479,20970
11480,11480,20971
11481,11481,20972
11482,11482,20973
11483,11483,20979
11484,11484,20981
11485,11485,20982
11486,11486,20983
11487,11487,20984
11488,11488,20985
11489,11489,20986
11490,11490,20987
11491,11491,20988
11492,11492,20989
11493,11493,20990
11494,11494,20992
11495,11495,20995
11496,11496,20997
11497,11497,20999
11498,11498,21000
11499,11499,21001
11500,11500,21002
11501,11501,21004
11502,11502,21005
11503,11503,21007
11504,11504,21011
11505,11505,21014
11506,11506,21015
11507,11507,21017
11508,11508,21018
11509,11509,21020
11510,11510,21021
11511,11511,21022
11512,11512,21023
11513,11513,21024
11514,11514,21027
11515,11515,21029
11516,11516,21030
11517,11517,21031
11518,11518,21032
11519,11519,21036
11520,11520,21037
11521,11521,21038
11522,11522,21039
11523,11523,21040
11524,11524,21041
11525,11525,21043
11526,11526,21044
11527,11527,21045
11528,11528,21047
11529,11529,21050
11530,11530,21054
11531,11531,21055
11532,11532,21056
11533,11533,21057
11534,11534,21058
11535,11535,21059
11536,11536,21060
11537,11537,21062
11538,11538,21063
11539,11539,21065
11540,11540,21070
11541,11541,21071
11542,11542,21074
11543,11543,21075
11544,11544,21076
11545,11545,21078
11546,11546,21082
11547,11547,21084
11548,11548,21088
11549,11549,21089
11550,11550,21090
11551,11551,21091
11552,11552,21095
11553,11553,21097
11554,11554,21098
11555,11555,21099
11556,11556,21100
11557,11557,21101
11558,11558,21102
11559,11559,21104
11560,11560,21108
11561,11561,21109
11562,11562,21110
11563,11563,21113
11564,11564,21114
11565,11565,21117
11566,11566,21118
11567,11567,21120
11568,11568,21121
11569,11569,21122
11570,11570,21123
11571,11571,21125
11572,11572,21126
11573,11573,21128
11574,11574,21129
11575,11575,21136
11576,11576,21138
11577,11577,21140
11578,11578,21141
11579,11579,21145
11580,11580,21147
11581,11581,21148
11582,11582,21149
11583,11583,21150
11584,11584,21152
11585,11585,21154
11586,11586,21157
11587,11587,21158
11588,11588,21159
11589,11589,21160
11590,11590,21164
11591,11591,21166
11592,11592,21168
11593,11593,21170
11594,11594,21171
11595,11595,21172
11596,11596,21174
11597,11597,21175
11598,11598,21176
11599,11599,21177
11600,11600,21178
11601,11601,21182
11602,11602,21183
11603,11603,21184
11604,11604,21185
11605,11605,21187
11606,11606,21188
11607,11607,21189
11608,11608,21191
11609,11609,21194
11610,11610,21195
11611,11611,21196
11612,11612,21197
11613,11613,21198
11614,11614,21199
11615,11615,21206
11616,11616,21208
11617,11617,21210
11618,11618,21212
11619,11619,21213
11620,11620,21216
11621,11621,21218
11622,11622,21220
11623,11623,21222
11624,11624,21224
11625,11625,21225
11626,11626,21226
11627,11627,21228
11628,11628,21232
11629,11629,21234
11630,11630,21235
11631,11631,21236
11632,11632,21237
11633,11633,21238
11634,11634,21243
11635,11635,21244
11636,11636,21245
11637,11637,21246
11638,11638,21247
11639,11639,21248
11640,11640,21250
11641,11641,21254
11642,11642,21256
11643,11643,21257
11644,11644,21258
11645,11645,21259
11646,11646,21261
11647,11647,21262
11648,11648,21267
11649,11649,21268
11650,11650,21270
11651,11651,21271
11652,11652,21274
11653,11653,21275
11654,11654,21276
11655,11655,21277
11656,11656,21279
11657,11657,21280
11658,11658,21281
11659,11659,21282
11660,11660,21284
11661,11661,21285
11662,11662,21289
11663,11663,21290
11664,11664,21291
11665,11665,21292
11666,11666,21298
11667,11667,21299
11668,11668,21302
11669,11669,21304
11670,11670,21308
11671,11671,21310
11672,11672,21313
11673,11673,21318
11674,11674,21319
11675,11675,21320
11676,11676,21322
11677,11677,21323
11678,11678,21324
11679,11679,21328
11680,11680,21329
11681,11681,21331
11682,11682,21337
11683,11683,21342
11684,11684,21343
11685,11685,21345
11686,11686,21346
11687,11687,21347
11688,11688,21349
11689,11689,21350
11690,11690,21351
11691,11691,21352
11692,11692,21353
11693,11693,21356
11694,11694,21357
11695,11695,21358
11696,11696,21360
11697,11697,21361
11698,11698,21364
11699,11699,21365
11700,11700,21366
11701,11701,21367
11702,11702,21368
11703,11703,21372
11704,11704,21373
11705,11705,21377
11706,11706,21378
11707,11707,21380
11708,11708,21382
11709,11709,21385
11710,11710,21386
11711,11711,21387
11712,11712,21388
11713,11713,21389
11714,11714,21391
11715,11715,21393
11716,11716,21394
11717,11717,21395
11718,11718,21396
11719,11719,21398
11720,11720,21400
11721,11721,21401
11722,11722,21403
11723,11723,21408
11724,11724,21409
11725,11725,21412
11726,11726,21413
11727,11727,21414
11728,11728,21416
11729,11729,21419
11730,11730,21420
11731,11731,21421
11732,11732,21422
11733,11733,21423
11734,11734,21425
11735,11735,21429
11736,11736,21430
11737,11737,21431
11738,11738,21433
11739,11739,21435
11740,11740,21437
11741,11741,21438
11742,11742,21441
11743,11743,21443
11744,11744,21444
11745,11745,21445
11746,11746,21446
11747,11747,21447
11748,11748,21448
11749,11749,21449
11750,11750,21450
11751,11751,21451
11752,11752,21452
11753,11753,21455
11754,11754,21456
11755,11755,21458
11756,11756,21459
11757,11757,21460
11758,11758,21464
11759,11759,21465
11760,11760,21467
11761,11761,21468
11762,11762,21469
11763,11763,21470
11764,11764,21471
11765,11765,21472
11766,11766,21473
11767,11767,21483
11768,11768,21485
11769,11769,21486
11770,11770,21488
11771,11771,21489
11772,11772,21491
11773,11773,21497
11774,11774,21498
11775,11775,21500
11776,11776,21501
11777,11777,21503
11778,11778,21505
11779,11779,21506
11780,11780,21508
11781,11781,21509
11782,11782,21511
11783,11783,21512
11784,11784,21517
11785,11785,21519
11786,11786,21520
11787,11787,21525
11788,11788,21526
11789,11789,21527
11790,11790,21529
11791,11791,21533
11792,11792,21534
11793,11793,21536
11794,11794,21537
11795,11795,21538
11796,11796,21539
11797,11797,21540
11798,11798,21542
11799,11799,21543
11800,11800,21544
11801,11801,21545
11802,11802,21548
11803,11803,21549
11804,11804,21551
11805,11805,21553
11806,11806,21557
11807,11807,21558
11808,11808,21559
11809,11809,21560
11810,11810,21561
11811,11811,21562
11812,11812,21565
11813,11813,21568
11814,11814,21569
11815,11815,21570
11816,11816,21571
11817,11817,21572
11818,11818,21573
11819,11819,21575
11820,11820,21577
11821,11821,21578
11822,11822,21581
11823,11823,21582
11824,11824,21584
11825,11825,21586
11826,11826,21588
11827,11827,21589
11828,11828,21590
11829,11829,21592
11830,11830,21596
11831,11831,21597
11832,11832,21598
11833,11833,21599
11834,11834,21600
11835,11835,21601
11836,11836,21602
11837,11837,21603
11838,11838,21604
11839,11839,21606
11840,11840,21608
11841,11841,21610
11842,11842,21611
11843,11843,21613
11844,11844,21615
11845,11845,21616
11846,11846,21617
11847,11847,21620
11848,11848,21621
11849,11849,21624
11850,11850,21625
11851,11851,21628
11852,11852,21629
11853,11853,21630
11854,11854,21632
11855,11855,21633
11856,11856,21634
11857,11857,21638
11858,11858,21639
11859,11859,21640
11860,11860,21642
11861,11861,21643
11862,11862,21644
11863,11863,21645
11864,11864,21646
11865,11865,21648
11866,11866,21651
11867,11867,21652
11868,11868,21653
11869,11869,21655
11870,11870,21656
11871,11871,21657
11872,11872,21660
11873,11873,21661
11874,11874,21664
11875,11875,21665
11876,11876,21666
11877,11877,21671
11878,11878,21672
11879,11879,21674
11880,11880,21675
11881,11881,21677
11882,11882,21678
11883,11883,21679
11884,11884,21680
11885,11885,21686
11886,11886,21687
11887,11887,21688
11888,11888,21689
11889,11889,21692
11890,11890,21693
11891,11891,21694
11892,11892,21695
11893,11893,21696
11894,11894,21700
11895,11895,21703
11896,11896,21704
11897,11897,21705
11898,11898,21706
11899,11899,21707
11900,11900,21713
11901,11901,21715
11902,11902,21716
11903,11903,21717
11904,11904,21718
11905,11905,21719
11906,11906,21721
11907,11907,21722
11908,11908,21725
11909,11909,21727
11910,11910,21729
11911,11911,21731
11912,11912,21733
11913,11913,21734
11914,11914,21736
11915,11915,21737
11916,11916,21738
11917,11917,21740
11918,11918,21744
11919,11919,21745
11920,11920,21746
11921,11921,21748
11922,11922,21749
11923,11923,21750
11924,11924,21751
11925,11925,21752
11926,11926,21753
11927,11927,21754
11928,11928,21756
11929,11929,21757
11930,11930,21759
11931,11931,21760
11932,11932,21761
11933,11933,21762
11934,11934,21763
11935,11935,21764
11936,11936,21765
11937,11937,21767
11938,11938,21769
11939,11939,21770
11940,11940,21771
11941,11941,21772
11942,11942,21773
11943,11943,21774
11944,11944,21775
11945,11945,21776
11946,11946,21777
11947,11947,21778
11948,11948,21782
11949,11949,21785
11950,11950,21786
11951,11951,21788
11952,11952,21790
11953,11953,21791
11954,11954,21792
11955,11955,21795
11956,11956,21796
11957,11957,21797
11958,11958,21798
11959,11959,21799
11960,11960,21800
11961,11961,21802
11962,11962,21803
11963,11963,21804
11964,11964,21805
11965,11965,21809
11966,11966,21810
11967,11967,21811
11968,11968,21813
11969,11969,21816
11970,11970,21817
11971,11971,21818
11972,11972,21820
11973,11973,21824
11974,11974,21827
11975,11975,21829
11976,11976,21831
11977,11977,21832
11978,11978,21833
11979,11979,21834
11980,11980,21836
11981,11981,21838
11982,11982,21839
11983,11983,21843
11984,11984,21844
11985,11985,21845
11986,11986,21847
11987,11987,21849
11988,11988,21850
11989,11989,21851
11990,11990,21856
11991,11991,21857
11992,11992,21859
11993,11993,21861
11994,11994,21864
11995,11995,21866
11996,11996,21868
11997,11997,21870
11998,11998,21872
11999,11999,21873
12000,12000,21875
12001,12001,21876
12002,12002,21879
12003,12003,21880
12004,12004,21881
12005,12005,21882
12006,12006,21886
12007,12007,21887
12008,12008,21889
12009,12009,21893
12010,12010,21896
12011,12011,21897
12012,12012,21899
12013,12013,21900
12014,12014,21901
12015,12015,21907
12016,12016,21909
12017,12017,21911
12018,12018,21914
12019,12019,21915
12020,12020,21919
12021,12021,21922
12022,12022,21923
12023,12023,21926
12024,12024,21929
12025,12025,21931
12026,12026,21932
12027,12027,21935
12028,12028,21936
12029,12029,21937
12030,12030,21940
12031,12031,21941
12032,12032,21942
12033,12033,21944
12034,12034,21945
12035,12035,21946
12036,12036,21948
12037,12037,21950
12038,12038,21953
12039,12039,21954
12040,12040,21956
12041,12041,21958
12042,12042,21959
12043,12043,21961
12044,12044,21963
12045,12045,21964
12046,12046,21966
12047,12047,21967
12048,12048,21968
12049,12049,21969
12050,12050,21970
12051,12051,21974
12052,12052,21977
12053,12053,21978
12054,12054,21980
12055,12055,21982
12056,12056,21985
12057,12057,21988
12058,12058,21989
12059,12059,21990
12060,12060,21991
12061,12061,21992
12062,12062,21993
12063,12063,21994
12064,12064,21996
12065,12065,22000
12066,12066,22004
12067,12067,22005
12068,12068,22006
12069,12069,22008
12070,12070,22011
12071,12071,22012
12072,12072,22013
12073,12073,22014
12074,12074,22016
12075,12075,22017
12076,12076,22018
12077,12077,22019
12078,12078,22024
12079,12079,22027
12080,12080,22028
12081,12081,22029
12082,12082,22030
12083,12083,22032
12084,12084,22033
12085,12085,22035
12086,12086,22036
12087,12087,22037
12088,12088,22039
12089,12089,22041
12090,12090,22042
12091,12091,22043
12092,12092,22046
12093,12093,22049
12094,12094,22050
12095,12095,22051
12096,12096,22052
12097,12097,22053
12098,12098,22054
12099,12099,22055
12100,12100,22057
12101,12101,22059
12102,12102,22060
12103,12103,22063
12104,12104,22067
12105,12105,22068
12106,12106,22069
12107,12107,22071
12108,12108,22072
12109,12109,22073
12110,12110,22074
12111,12111,22077
12112,12112,22078
12113,12113,22080
12114,12114,22081
12115,12115,22083
12116,12116,22085
12117,12117,22086
12118,12118,22087
12119,12119,22090
12120,12120,22093
12121,12121,22094
12122,12122,22095
12123,12123,22096
12124,12124,22097
12125,12125,22098
12126,12126,22099
12127,12127,22100
12128,12128,22101
12129,12129,22102
12130,12130,22104
12131,12131,22106
12132,12132,22108
12133,12133,22109
12134,12134,22113
12135,12135,22114
12136,12136,22115
12137,12137,22118
12138,12138,22120
12139,12139,22121
12140,12140,22122
12141,12141,22123
12142,12142,22124
12143,12143,22127
12144,12144,22130
12145,12145,22131
12146,12146,22132
12147,12147,22133
12148,12148,22134
12149,12149,22135
12150,12150,22139
12151,12151,22140
12152,12152,22143
12153,12153,22144
12154,12154,22147
12155,12155,22148
12156,12156,22151
12157,12157,22152
12158,12158,22153
12159,12159,22156
12160,12160,22159
12161,12161,22161
12162,12162,22164
12163,12163,22165
12164,12164,22166
12165,12165,22168
12166,12166,22169
12167,12167,22170
12168,12168,22171
12169,12169,22174
12170,12170,22175
12171,12171,22177
12172,12172,22180
12173,12173,22181
12174,12174,22182
12175,12175,22184
12176,12176,22185
12177,12177,22187
12178,12178,22189
12179,12179,22190
12180,12180,22191
12181,12181,22198
12182,12182,22199
12183,12183,22200
12184,12184,22202
12185,12185,22208
12186,12186,22209
12187,12187,22210
12188,12188,22213
12189,12189,22214
12190,12190,22215
12191,12191,22216
12192,12192,22217
12193,12193,22218
12194,12194,22220
12195,12195,22222
12196,12196,22224
12197,12197,22230
12198,12198,22234
12199,12199,22237
12200,12200,22241
12201,12201,22243
12202,12202,22247
12203,12203,22248
12204,12204,22249
12205,12205,22251
12206,12206,22253
12207,12207,22254
12208,12208,22256
12209,12209,22257
12210,12210,22258
12211,12211,22261
12212,12212,22265
12213,12213,22266
12214,12214,22269
12215,12215,22271
12216,12216,22273
12217,12217,22274
12218,12218,22276
12219,12219,22278
12220,12220,22280
12221,12221,22281
12222,12222,22283
12223,12223,22287
12224,12224,22289
12225,12225,22291
12226,12226,22293
12227,12227,22294
12228,12228,22295
12229,12229,22296
12230,12230,22297
12231,12231,22298
12232,12232,22300
12233,12233,22301
12234,12234,22302
12235,12235,22303
12236,12236,22304
12237,12237,22305
12238,12238,22307
12239,12239,22308
12240,12240,22309
12241,12241,22313
12242,12242,22315
12243,12243,22316
12244,12244,22319
12245,12245,22326
12246,12246,22327
12247,12247,22330
12248,12248,22331
12249,12249,22332
12250,12250,22335
12251,12251,22337
12252,12252,22338
12253,12253,22344
12254,12254,22345
12255,12255,22347
12256,12256,22348
12257,12257,22349
12258,12258,22350
12259,12259,22352
12260,12260,22353
12261,12261,22354
12262,12262,22356
12263,12263,22357
12264,12264,22359
12265,12265,22361
12266,12266,22364
12267,12267,22365
12268,12268,22366
12269,12269,22367
12270,12270,22370
12271,12271,22372
12272,12272,22374
12273,12273,22375
12274,12274,22378
12275,12275,22379
12276,12276,22380
12277,12277,22382
12278,12278,22384
12279,12279,22386
12280,12280,22387
12281,12281,22389
12282,12282,22390
12283,12283,22392
12284,12284,22393
12285,12285,22395
12286,12286,22396
12287,12287,22397
12288,12288,22398
12289,12289,22399
12290,12290,22400
12291,12291,22401
12292,12292,22402
12293,12293,22403
12294,12294,22404
12295,12295,22406
12296,12296,22407
12297,12297,22408
12298,12298,22409
12299,12299,22410
12300,12300,22412
12301,12301,22413
12302,12302,22414
12303,12303,22416
12304,12304,22418
12305,12305,22419
12306,12306,22420
12307,12307,22421
12308,12308,22424
12309,12309,22425
12310,12310,22426
12311,12311,22428
12312,12312,22431
12313,12313,22432
12314,12314,22434
12315,12315,22435
12316,12316,22436
12317,12317,22438
12318,12318,22439
12319,12319,22441
12320,12320,22443
12321,12321,22446
12322,12322,22450
12323,12323,22453
12324,12324,22454
12325,12325,22457
12326,12326,22458
12327,12327,22461
12328,12328,22462
12329,12329,22465
12330,12330,22467
12331,12331,22469
12332,12332,22470
12333,12333,22471
12334,12334,22472
12335,12335,22473
12336,12336,22474
12337,12337,22477
12338,12338,22478
12339,12339,22479
12340,12340,22482
12341,12341,22485
12342,12342,22486
12343,12343,22487
12344,12344,22489
12345,12345,22490
12346,12346,22491
12347,12347,22492
12348,12348,22494
12349,12349,22496
12350,12350,22500
12351,12351,22503
12352,12352,22504
12353,12353,22505
12354,12354,22506
12355,12355,22507
12356,12356,22508
12357,12357,22509
12358,12358,22510
12359,12359,22511
12360,12360,22512
12361,12361,22513
12362,12362,22519
12363,12363,22521
12364,12364,22530
12365,12365,22532
12366,12366,22533
12367,12367,22535
12368,12368,22536
12369,12369,22537
12370,12370,22541
12371,12371,22543
12372,12372,22544
12373,12373,22546
12374,12374,22548
12375,12375,22552
12376,12376,22553
12377,12377,22556
12378,12378,22557
12379,12379,22558
12380,12380,22561
12381,12381,22562
12382,12382,22564
12383,12383,22566
12384,12384,22568
12385,12385,22570
12386,12386,22571
12387,12387,22572
12388,12388,22573
12389,12389,22574
12390,12390,22576
12391,12391,22577
12392,12392,22578
12393,12393,22580
12394,12394,22581
12395,12395,22583
12396,12396,22585
12397,12397,22589
12398,12398,22590
12399,12399,22591
12400,12400,22593
12401,12401,22596
12402,12402,22598
12403,12403,22601
12404,12404,22603
12405,12405,22605
12406,12406,22606
12407,12407,22607
12408,12408,22608
12409,12409,22610
12410,12410,22611
12411,12411,22613
12412,12412,22614
12413,12413,22615
12414,12414,22619
12415,12415,22621
12416,12416,22623
12417,12417,22624
12418,12418,22626
12419,12419,22629
12420,12420,22630
12421,12421,22631
12422,12422,22634
12423,12423,22635
12424,12424,22636
12425,12425,22638
12426,12426,22639
12427,12427,22640
12428,12428,22642
12429,12429,22643
12430,12430,22646
12431,12431,22647
12432,12432,22650
12433,12433,22651
12434,12434,22653
12435,12435,22654
12436,12436,22657
12437,12437,22659
12438,12438,22661
12439,12439,22663
12440,12440,22665
12441,12441,22666
12442,12442,22667
12443,12443,22671
12444,12444,22672
12445,12445,22675
12446,12446,22677
12447,12447,22679
12448,12448,22687
12449,12449,22689
12450,12450,22691
12451,12451,22692
12452,12452,22693
12453,12453,22694
12454,12454,22695
12455,12455,22696
12456,12456,22697
12457,12457,22701
12458,12458,22702
12459,12459,22704
12460,12460,22705
12461,12461,22708
12462,12462,22710
12463,12463,22711
12464,12464,22712
12465,12465,22713
12466,12466,22714
12467,12467,22715
12468,12468,22717
12469,12469,22720
12470,12470,22721
12471,12471,22723
12472,12472,22724
12473,12473,22725
12474,12474,22726
12475,12475,22728
12476,12476,22731
12477,12477,22732
12478,12478,22735
12479,12479,22736
12480,12480,22737
12481,12481,22738
12482,12482,22739
12483,12483,22740
12484,12484,22741
12485,12485,22743
12486,12486,22744
12487,12487,22746
12488,12488,22747
12489,12489,22749
12490,12490,22750
12491,12491,22752
12492,12492,22754
12493,12493,22755
12494,12494,22756
12495,12495,22757
12496,12496,22758
12497,12497,22759
12498,12498,22760
12499,12499,22764
12500,12500,22765
12501,12501,22768
12502,12502,22769
12503,12503,22771
12504,12504,22773
12505,12505,22774
12506,12506,22779
12507,12507,22780
12508,12508,22782
12509,12509,22783
12510,12510,22788
12511,12511,22791
12512,12512,22792
12513,12513,22793
12514,12514,22794
12515,12515,22795
12516,12516,22799
12517,12517,22803
12518,12518,22806
12519,12519,22807
12520,12520,22808
12521,12521,22811
12522,12522,22812
12523,12523,22814
12524,12524,22815
12525,12525,22816
12526,12526,22818
12527,12527,22819
12528,12528,22820
12529,12529,22825
12530,12530,22826
12531,12531,22827
12532,12532,22828
12533,12533,22829
12534,12534,22830
12535,12535,22831
12536,12536,22833
12537,12537,22834
12538,12538,22835
12539,12539,22837
12540,12540,22839
12541,12541,22840
12542,12542,22841
12543,12543,22842
12544,12544,22844
12545,12545,22848
12546,12546,22849
12547,12547,22850
12548,12548,22851
12549,12549,22852
12550,12550,22853
12551,12551,22854
12552,12552,22857
12553,12553,22858
12554,12554,22859
12555,12555,22860
12556,12556,22865
12557,12557,22868
12558,12558,22869
12559,12559,22870
12560,12560,22872
12561,12561,22873
12562,12562,22874
12563,12563,22875
12564,12564,22877
12565,12565,22881
12566,12566,22886
12567,12567,22887
12568,12568,22889
12569,12569,22892
12570,12570,22894
12571,12571,22897
12572,12572,22898
12573,12573,22899
12574,12574,22901
12575,12575,22903
12576,12576,22906
12577,12577,22907
12578,12578,22915
12579,12579,22916
12580,12580,22917
12581,12581,22918
12582,12582,22919
12583,12583,22921
12584,12584,22922
12585,12585,22924
12586,12586,22927
12587,12587,22928
12588,12588,22930
12589,12589,22931
12590,12590,22933
12591,12591,22936
12592,12592,22937
12593,12593,22939
12594,12594,22940
12595,12595,22942
12596,12596,22945
12597,12597,22947
12598,12598,22951
12599,12599,22952
12600,12600,22954
12601,12601,22956
12602,12602,22957
12603,12603,22958
12604,12604,22959
12605,12605,22960
12606,12606,22961
12607,12607,22964
12608,12608,22965
12609,12609,22967
12610,12610,22970
12611,12611,22971
12612,12612,22976
12613,12613,22977
12614,12614,22983
12615,12615,22984
12616,12616,22987
12617,12617,22989
12618,12618,22990
12619,12619,22991
12620,12620,22996
12621,12621,22997
12622,12622,22998
12623,12623,22999
12624,12624,23001
12625,12625,23004
12626,12626,23005
12627,12627,23006
12628,12628,23008
12629,12629,23009
12630,12630,23012
12631,12631,23013
12632,12632,23014
12633,12633,23015
12634,12634,23016
12635,12635,23017
12636,12636,23018
12637,12637,23020
12638,12638,23021
12639,12639,23023
12640,12640,23026
12641,12641,23027
12642,12642,23028
12643,12643,23030
12644,12644,23033
12645,12645,23038
12646,12646,23039
12647,12647,23040
12648,12648,23041
12649,12649,23042
12650,12650,23044
12651,12651,23045
12652,12652,23046
12653,12653,23047
12654,12654,23048
12655,12655,23049
12656,12656,23053
12657,12657,23054
12658,12658,23055
12659,12659,23056
12660,12660,23058
12661,12661,23060
12662,12662,23063
12663,12663,23064
12664,12664,23065
12665,12665,23066
12666,12666,23069
12667,12667,23072
12668,12668,23073
12669,12669,23075
12670,12670,23076
12671,12671,23077
12672,12672,23078
12673,12673,23079
12674,12674,23081
12675,12675,23082
12676,12676,23083
12677,12677,23084
12678,12678,23086
12679,12679,23088
12680,12680,23091
12681,12681,23092
12682,12682,23093
12683,12683,23094
12684,12684,23097
12685,12685,23099
12686,12686,23100
12687,12687,23101
12688,12688,23102
12689,12689,23104
12690,12690,23106
12691,12691,23107
12692,12692,23108
12693,12693,23110
12694,12694,23111
12695,12695,23112
12696,12696,23114
12697,12697,23117
12698,12698,23118
12699,12699,23124
12700,12700,23125
12701,12701,23126
12702,12702,23129
12703,12703,23130
12704,12704,23131
12705,12705,23133
12706,12706,23134
12707,12707,23135
12708,12708,23136
12709,12709,23141
12710,12710,23142
12711,12711,23143
12712,12712,23144
12713,12713,23146
12714,12714,23148
12715,12715,23150
12716,12716,23152
12717,12717,23153
12718,12718,23155
12719,12719,23159
12720,12720,23162
12721,12721,23165
12722,12722,23167
12723,12723,23169
12724,12724,23170
12725,12725,23171
12726,12726,23174
12727,12727,23177
12728,12728,23179
12729,12729,23181
12730,12730,23183
12731,12731,23185
12732,12732,23186
12733,12733,23187
12734,12734,23189
12735,12735,23190
12736,12736,23191
12737,12737,23193
12738,12738,23194
12739,12739,23195
12740,12740,23196
12741,12741,23197
12742,12742,23198
12743,12743,23199
12744,12744,23200
12745,12745,23201
12746,12746,23205
12747,12747,23206
12748,12748,23207
12749,12749,23212
12750,12750,23215
12751,12751,23216
12752,12752,23221
12753,12753,23222
12754,12754,23223
12755,12755,23224
12756,12756,23227
12757,12757,23228
12758,12758,23231
12759,12759,23232
12760,12760,23233
12761,12761,23235
12762,12762,23238
12763,12763,23241
12764,12764,23243
12765,12765,23244
12766,12766,23246
12767,12767,23247
12768,12768,23248
12769,12769,23249
12770,12770,23250
12771,12771,23254
12772,12772,23255
12773,12773,23257
12774,12774,23258
12775,12775,23264
12776,12776,23267
12777,12777,23268
12778,12778,23269
12779,12779,23270
12780,12780,23271
12781,12781,23274
12782,12782,23275
12783,12783,23278
12784,12784,23281
12785,12785,23282
12786,12786,23284
12787,12787,23285
12788,12788,23286
12789,12789,23287
12790,12790,23289
12791,12791,23290
12792,12792,23291
12793,12793,23293
12794,12794,23296
12795,12795,23300
12796,12796,23301
12797,12797,23302
12798,12798,23303
12799,12799,23304
12800,12800,23305
12801,12801,23306
12802,12802,23308
12803,12803,23309
12804,12804,23310
12805,12805,23312
12806,12806,23319
12807,12807,23320
12808,12808,23321
12809,12809,23325
12810,12810,23326
12811,12811,23327
12812,12812,23329
12813,12813,23330
12814,12814,23331
12815,12815,23332
12816,12816,23333
12817,12817,23337
12818,12818,23338
12819,12819,23339
12820,12820,23340
12821,12821,23341
12822,12822,23342
12823,12823,23345
12824,12824,23347
12825,12825,23348
12826,12826,23351
12827,12827,23356
12828,12828,23360
12829,12829,23361
12830,12830,23362
12831,12831,23364
12832,12832,23365
12833,12833,23367
12834,12834,23368
12835,12835,23369
12836,12836,23373
12837,12837,23374
12838,12838,23375
12839,12839,23376
12840,12840,23377
12841,12841,23378
12842,12842,23380
12843,12843,23381
12844,12844,23382
12845,12845,23383
12846,12846,23384
12847,12847,23390
12848,12848,23391
12849,12849,23398
12850,12850,23399
12851,12851,23401
12852,12852,23402
12853,12853,23408
12854,12854,23410
12855,12855,23411
12856,12856,23412
12857,12857,23413
12858,12858,23415
12859,12859,23416
12860,12860,23417
12861,12861,23418
12862,12862,23421
12863,12863,23428
12864,12864,23429
12865,12865,23431
12866,12866,23432
12867,12867,23433
12868,12868,23434
12869,12869,23435
12870,12870,23436
12871,12871,23437
12872,12872,23439
12873,12873,23445
12874,12874,23446
12875,12875,23447
12876,12876,23449
12877,12877,23450
12878,12878,23451
12879,12879,23452
12880,12880,23453
12881,12881,23457
12882,12882,23462
12883,12883,23463
12884,12884,23464
12885,12885,23467
12886,12886,23468
12887,12887,23469
12888,12888,23470
12889,12889,23471
12890,12890,23473
12891,12891,23475
12892,12892,23476
12893,12893,23477
12894,12894,23478
12895,12895,23479
12896,12896,23481
12897,12897,23482
12898,12898,23484
12899,12899,23485
12900,12900,23486
12901,12901,23490
12902,12902,23491
12903,12903,23492
12904,12904,23500
12905,12905,23501
12906,12906,23503
12907,12907,23508
12908,12908,23509
12909,12909,23510
12910,12910,23514
12911,12911,23516
12912,12912,23517
12913,12913,23519
12914,12914,23520
12915,12915,23521
12916,12916,23526
12917,12917,23530
12918,12918,23531
12919,12919,23533
12920,12920,23535
12921,12921,23539
12922,12922,23540
12923,12923,23541
12924,12924,23542
12925,12925,23543
12926,12926,23544
12927,12927,23545
12928,12928,23549
12929,12929,23551
12930,12930,23552
12931,12931,23553
12932,12932,23556
12933,12933,23557
12934,12934,23558
12935,12935,23559
12936,12936,23560
12937,12937,23561
12938,12938,23562
12939,12939,23566
12940,12940,23568
12941,12941,23570
12942,12942,23572
12943,12943,23573
12944,12944,23574
12945,12945,23575
12946,12946,23576
12947,12947,23577
12948,12948,23580
12949,12949,23582
12950,12950,23584
12951,12951,23586
12952,12952,23588
12953,12953,23589
12954,12954,23592
12955,12955,23593
12956,12956,23594
12957,12957,23598
12958,12958,23599
12959,12959,23600
12960,12960,23603
12961,12961,23604
12962,12962,23606
12963,12963,23607
12964,12964,23608
12965,12965,23609
12966,12966,23610
12967,12967,23611
12968,12968,23614
12969,12969,23615
12970,12970,23616
12971,12971,23617
12972,12972,23618
12973,12973,23621
12974,12974,23624
12975,12975,23627
12976,12976,23629
12977,12977,23631
12978,12978,23634
12979,12979,23637
12980,12980,23638
12981,12981,23641
12982,12982,23642
12983,12983,23647
12984,12984,23649
12985,12985,23651
12986,12986,23653
12987,12987,23654
12988,12988,23655
12989,12989,23657
12990,12990,23659
12991,12991,23660
12992,12992,23663
12993,12993,23666
12994,12994,23667
12995,12995,23669
12996,12996,23673
12997,12997,23677
12998,12998,23678
12999,12999,23679
13000,13000,23680
13001,13001,23683
13002,13002,23684
13003,13003,23685
13004,13004,23686
13005,13005,23687
13006,13006,23689
13007,13007,23695
13008,13008,23698
13009,13009,23699
13010,13010,23702
13011,13011,23704
13012,13012,23710
13013,13013,23712
13014,13014,23714
13015,13015,23715
13016,13016,23716
13017,13017,23719
13018,13018,23720
13019,13019,23722
13020,13020,23725
13021,13021,23729
13022,13022,23730
13023,13023,23732
13024,13024,23733
13025,13025,23734
13026,13026,23736
13027,13027,23737
13028,13028,23738
13029,13029,23741
13030,13030,23743
13031,13031,23745
13032,13032,23747
13033,13033,23749
13034,13034,23750
13035,13035,23753
13036,13036,23760
13037,13037,23761
13038,13038,23765
13039,13039,23766
13040,13040,23767
13041,13041,23768
13042,13042,23769
13043,13043,23771
13044,13044,23774
13045,13045,23776
13046,13046,23778
13047,13047,23779
13048,13048,23782
13049,13049,23784
13050,13050,23785
13051,13051,23787
13052,13052,23788
13053,13053,23789
13054,13054,23791
13055,13055,23793
13056,13056,23795
13057,13057,23797
13058,13058,23798
13059,13059,23803
13060,13060,23805
13061,13061,23806
13062,13062,23807
13063,13063,23808
13064,13064,23809
13065,13065,23812
13066,13066,23814
13067,13067,23817
13068,13068,23819
13069,13069,23820
13070,13070,23822
13071,13071,23823
13072,13072,23827
13073,13073,23829
13074,13074,23830
13075,13075,23831
13076,13076,23832
13077,13077,23834
13078,13078,23839
13079,13079,23843
13080,13080,23845
13081,13081,23848
13082,13082,23850
13083,13083,23851
13084,13084,23853
13085,13085,23854
13086,13086,23856
13087,13087,23857
13088,13088,23858
13089,13089,23862
13090,13090,23864
13091,13091,23867
13092,13092,23869
13093,13093,23870
13094,13094,23872
13095,13095,23874
13096,13096,23877
13097,13097,23878
13098,13098,23882
13099,13099,23886
13100,13100,23887
13101,13101,23890
13102,13102,23891
13103,13103,23892
13104,13104,23893
13105,13105,23894
13106,13106,23895
13107,13107,23896
13108,13108,23897
13109,13109,23905
13110,13110,23907
13111,13111,23910
13112,13112,23912
13113,13113,23914
13114,13114,23915
13115,13115,23917
13116,13116,23918
13117,13117,23919
13118,13118,23921
13119,13119,23922
13120,13120,23925
13121,13121,23926
13122,13122,23931
13123,13123,23933
13124,13124,23935
13125,13125,23936
13126,13126,23939
13127,13127,23940
13128,13128,23941
13129,13129,23942
13130,13130,23945
13131,13131,23946
13132,13132,23947
13133,13133,23949
13134,13134,23950
13135,13135,23951
13136,13136,23952
13137,13137,23953
13138,13138,23954
13139,13139,23955
13140,13140,23956
13141,13141,23957
13142,13142,23959
13143,13143,23960
13144,13144,23962
13145,13145,23964
13146,13146,23965
13147,13147,23966
13148,13148,23967
13149,13149,23972
13150,13150,23973
13151,13151,23974
13152,13152,23975
13153,13153,23980
13154,13154,23983
13155,13155,23985
13156,13156,23988
13157,13157,23990
13158,13158,23991
13159,13159,23992
13160,13160,23996
13161,13161,23997
13162,13162,23998
13163,13163,24000
13164,13164,24004
13165,13165,24005
13166,13166,24006
13167,13167,24007
13168,13168,24008
13169,13169,24009
13170,13170,24010
13171,13171,24013
13172,13172,24014
13173,13173,24015
13174,13174,24017
13175,13175,24018
13176,13176,24023
13177,13177,24028
13178,13178,24032
13179,13179,24034
13180,13180,24035
13181,13181,24037
13182,13182,24040
13183,13183,24048
13184,13184,24049
13185,13185,24050
13186,13186,24051
13187,13187,24052
13188,13188,24054
13189,13189,24055
13190,13190,24057
13191,13191,24060
13192,13192,24063
13193,13193,24065
13194,13194,24066
13195,13195,24068
13196,13196,24069
13197,13197,24071
13198,13198,24073
13199,13199,24076
13200,13200,24081
13201,13201,24082
13202,13202,24085
13203,13203,24086
13204,13204,24088
13205,13205,24091
13206,13206,24092
13207,13207,24093
13208,13208,24094
13209,13209,24095
13210,13210,24096
13211,13211,24103
13212,13212,24104
13213,13213,24106
13214,13214,24107
13215,13215,24108
13216,13216,24113
13217,13217,24114
13218,13218,24116
13219,13219,24118
13220,13220,24122
13221,13221,24123
13222,13222,24124
13223,13223,24128
13224,13224,24129
13225,13225,24131
13226,13226,24133
13227,13227,24135
13228,13228,24137
13229,13229,24138
13230,13230,24139
13231,13231,24141
13232,13232,24142
13233,13233,24143
13234,13234,24144
13235,13235,24145
13236,13236,24146
13237,13237,24147
13238,13238,24148
13239,13239,24149
13240,13240,24151
13241,13241,24152
13242,13242,24155
13243,13243,24156
13244,13244,24157
13245,13245,24161
13246,13246,24163
13247,13247,24164
13248,13248,24166
13249,13249,24167
13250,13250,24171
13251,13251,24172
13252,13252,24173
13253,13253,24174
13254,13254,24175
13255,13255,24179
13256,13256,24180
13257,13257,24182
13258,13258,24183
13259,13259,24184
13260,13260,24185
13261,13261,24186
13262,13262,24187
13263,13263,24188
13264,13264,24190
13265,13265,24191
13266,13266,24192
13267,13267,24193
13268,13268,24194
13269,13269,24195
13270,13270,24196
13271,13271,24197
13272,13272,24200
13273,13273,24203
13274,13274,24204
13275,13275,24208
13276,13276,24209
13277,13277,24210
13278,13278,24211
13279,13279,24213
13280,13280,24215
13281,13281,24216
13282,13282,24224
13283,13283,24227
13284,13284,24228
13285,13285,24232
13286,13286,24234
13287,13287,24236
13288,13288,24239
13289,13289,24240
13290,13290,24241
13291,13291,24242
13292,13292,24244
13293,13293,24247
13294,13294,24248
13295,13295,24253
13296,13296,24254
13297,13297,24257
13298,13298,24258
13299,13299,24259
13300,13300,24260
13301,13301,24263
13302,13302,24264
13303,13303,24265
13304,13304,24266
13305,13305,24268
13306,13306,24270
13307,13307,24271
13308,13308,24272
13309,13309,24274
13310,13310,24275
13311,13311,24277
13312,13312,24278
13313,13313,24280
13314,13314,24281
13315,13315,24283
13316,13316,24284
13317,13317,24285
13318,13318,24287
13319,13319,24288
13320,13320,24289
13321,13321,24290
13322,13322,24291
13323,13323,24292
13324,13324,24294
13325,13325,24295
13326,13326,24296
13327,13327,24297
13328,13328,24298
13329,13329,24301
13330,13330,24302
13331,13331,24303
13332,13332,24304
13333,13333,24305
13334,13334,24307
13335,13335,24310
13336,13336,24315
13337,13337,24317
13338,13338,24318
13339,13339,24319
13340,13340,24321
13341,13341,24322
13342,13342,24326
13343,13343,24328
13344,13344,24330
13345,13345,24335
13346,13346,24341
13347,13347,24344
13348,13348,24346
13349,13349,24348
13350,13350,24350
13351,13351,24351
13352,13352,24353
13353,13353,24354
13354,13354,24355
13355,13355,24356
13356,13356,24357
13357,13357,24359
13358,13358,24361
13359,13359,24364
13360,13360,24366
13361,13361,24369
13362,13362,24371
13363,13363,24372
13364,13364,24375
13365,13365,24376
13366,13366,24377
13367,13367,24380
13368,13368,24382
13369,13369,24383
13370,13370,24384
13371,13371,24385
13372,13372,24387
13373,13373,24388
13374,13374,24389
13375,13375,24390
13376,13376,24391
13377,13377,24393
13378,13378,24394
13379,13379,24397
13380,13380,24399
13381,13381,24400
13382,13382,24402
13383,13383,24403
13384,13384,24404
13385,13385,24405
13386,13386,24407
13387,13387,24408
13388,13388,24410
13389,13389,24412
13390,13390,24414
13391,13391,24415
13392,13392,24417
13393,13393,24418
13394,13394,24419
13395,13395,24421
13396,13396,24422
13397,13397,24425
13398,13398,24427
13399,13399,24430
13400,13400,24432
13401,13401,24433
13402,13402,24434
13403,13403,24438
13404,13404,24442
13405,13405,24443
13406,13406,24444
13407,13407,24445
13408,13408,24446
13409,13409,24448
13410,13410,24449
13411,13411,24450
13412,13412,24451
13413,13413,24453
13414,13414,24454
13415,13415,24457
13416,13416,24458
13417,13417,24459
13418,13418,24460
13419,13419,24463
13420,13420,24465
13421,13421,24467
13422,13422,24468
13423,13423,24469
13424,13424,24472
13425,13425,24475
13426,13426,24476
13427,13427,24477
13428,13428,24478
13429,13429,24479
13430,13430,24481
13431,13431,24483
13432,13432,24484
13433,13433,24485
13434,13434,24486
13435,13435,24487
13436,13436,24491
13437,13437,24492
13438,13438,24495
13439,13439,24496
13440,13440,24497
13441,13441,24498
13442,13442,24499
13443,13443,24503
13444,13444,24508
13445,13445,24509
13446,13446,24510
13447,13447,24513
13448,13448,24514
13449,13449,24515
13450,13450,24516
13451,13451,24518
13452,13452,24521
13453,13453,24523
13454,13454,24525
13455,13455,24526
13456,13456,24532
13457,13457,24533
13458,13458,24535
13459,13459,24536
13460,13460,24539
13461,13461,24540
13462,13462,24542
13463,13463,24546
13464,13464,24547
13465,13465,24550
13466,13466,24553
13467,13467,24555
13468,13468,24557
13469,13469,24559
13470,13470,24560
13471,13471,24562
13472,13472,24564
13473,13473,24565
13474,13474,24567
13475,13475,24568
13476,13476,24569
13477,13477,24572
13478,13478,24573
13479,13479,24574
13480,13480,24577
13481,13481,24581
13482,13482,24583
13483,13483,24586
13484,13484,24587
13485,13485,24588
13486,13486,24589
13487,13487,24590
13488,13488,24593
13489,13489,24594
13490,13490,24595
13491,13491,24598
13492,13492,24600
13493,13493,24601
13494,13494,24608
13495,13495,24609
13496,13496,24611
13497,13497,24615
13498,13498,24617
13499,13499,24620
13500,13500,24623
13501,13501,24625
13502,13502,24632
13503,13503,24633
13504,13504,24635
13505,13505,24636
13506,13506,24638
13507,13507,24640
13508,13508,24645
13509,13509,24647
13510,13510,24648
13511,13511,24650
13512,13512,24651
13513,13513,24653
13514,13514,24656
13515,13515,24660
13516,13516,24661
13517,13517,24663
13518,13518,24667
13519,13519,24668
13520,13520,24670
13521,13521,24671
13522,13522,24672
13523,13523,24674
13524,13524,24676
13525,13525,24679
13526,13526,24684
13527,13527,24686
13528,13528,24687
13529,13529,24688
13530,13530,24689
13531,13531,24690
13532,13532,24691
13533,13533,24693
13534,13534,24697
13535,13535,24698
13536,13536,24699
13537,13537,24702
13538,13538,24703
13539,13539,24704
13540,13540,24706
13541,13541,24707
13542,13542,24708
13543,13543,24711
13544,13544,24712
13545,13545,24715
13546,13546,24716
13547,13547,24717
13548,13548,24719
13549,13549,24720
13550,13550,24721
13551,13551,24722
13552,13552,24724
13553,13553,24726
13554,13554,24727
13555,13555,24728
13556,13556,24729
13557,13557,24732
13558,13558,24733
13559,13559,24734
13560,13560,24735
13561,13561,24736
13562,13562,24737
13563,13563,24738
13564,13564,24742
13565,13565,24744
13566,13566,24745
13567,13567,24746
13568,13568,24747
13569,13569,24748
13570,13570,24749
13571,13571,24753
13572,13572,24754
13573,13573,24755
13574,13574,24756
13575,13575,24757
13576,13576,24758
13577,13577,24759
13578,13578,24761
13579,13579,24762
13580,13580,24763
13581,13581,24764
13582,13582,24766
13583,13583,24768
13584,13584,24769
13585,13585,24772
13586,13586,24773
13587,13587,24776
13588,13588,24779
13589,13589,24780
13590,13590,24783
13591,13591,24787
13592,13592,24788
13593,13593,24789
13594,13594,24792
13595,13595,24797
13596,13596,24798
13597,13597,24799
13598,13598,24801
13599,13599,24803
13600,13600,24805
