VictimMasterID,CaseMasterID,VictimName,AgeYear,GenderID,VictimPolice
1,1,Nicholas Kala,37,F,False
2,2,Anvi Sampath,78,F,False
3,3,Harsh Amble,66,F,False
4,3,Barkha Misra,46,M,False
5,4,Dakshesh Raval,39,M,False
6,8,Luke Mutti,54,M,False
7,10,Baljiwan Walla,72,F,False
8,11,Hemangini Muni,65,M,False
9,12,Hema Suri,21,M,False
10,13,Jatin Peri,24,F,True
11,14,Omaja Sawhney,73,F,False
12,15,Ishaan Cherian,26,F,False
13,17,Vihaan Shan,47,F,False
14,17,Aishani Shetty,63,M,False
15,19,Kashish Oommen,79,M,False
16,19,Ishaan Rattan,24,F,False
17,21,Nisha Sastry,50,F,False
18,23,Kritika Rau,19,F,False
19,25,Harita Patla,76,F,False
20,26,Tristan Agate,38,M,False
21,28,Chakradhar Dasgupta,10,M,False
22,28,Tanvi Thaman,70,F,False
23,30,Sai Kadakia,70,M,False
24,31,Omisha Walla,74,F,False
25,32,Ryan Loke,55,M,False
26,35,Krishna Baria,25,M,False
27,37,Chaaya Kamdar,31,F,False
28,39,Samesh Yogi,36,M,False
29,40,Nidhi Sant,38,F,False
30,40,Anay Ramachandran,26,M,False
31,42,Laban Raman,54,F,False
32,43,Dalaja Kade,36,F,False
33,43,Siddharth Sachar,11,F,False
34,45,Ganga Parikh,31,F,False
35,49,Balhaar Lad,36,M,False
36,50,Nathaniel Gola,30,F,False
37,50,Veda Parmer,73,M,False
38,53,Zaitra Ravi,22,F,False
39,54,Jagat Karpe,53,M,False
40,55,Anthony Kohli,19,M,False
41,55,Joshua Dyal,75,M,False
42,56,Onkar Kanda,60,M,False
43,57,Yamini Saini,52,F,False
44,58,Raagini Vig,76,F,True
45,60,Diya Rege,59,F,False
46,61,Kamala Sule,30,F,False
47,67,Harinakshi Shanker,80,M,False
48,70,Abeer Basak,74,M,False
49,71,Chatura Vora,79,M,False
50,73,Janaki Lad,64,M,False
51,74,Kashish Patla,65,M,False
52,76,Oviya Tata,23,M,False
53,77,Jagvi Kurian,53,F,False
54,78,Bhavini Sheth,56,F,False
55,79,Anika Saxena,16,F,False
56,82,Bhanumati Savant,63,F,False
57,87,Amruta Sachar,38,M,False
58,90,Hema Salvi,28,M,True
59,92,Girindra Verma,69,F,False
60,93,Jalsa Ben,28,M,False
61,94,Kamya Chakraborty,60,M,False
62,95,Hredhaan Dass,33,M,False
63,98,Qasim Bahl,74,M,False
64,98,William Nagi,18,F,False
65,99,Hredhaan Sunder,66,F,False
66,100,Ojasvi Pillay,36,M,False
67,102,Ishita Shanker,66,M,False
68,103,Nitara Sani,66,F,False
69,103,Wridesh Kala,42,M,False
70,105,Yasti Dubey,38,F,False
71,106,Viraj Kunda,40,F,False
72,107,Daksh Natt,23,F,False
73,108,Maya Sehgal,16,F,False
74,109,Krishna Srivastava,21,F,False
75,110,Odika Sampath,33,M,False
76,111,Ridhi Basu,66,T,False
77,111,Ryan Prakash,5,M,False
78,112,Indrajit Mody,55,M,False
79,113,Aadhya Garde,64,F,False
80,114,Anirudh Master,21,F,False
81,114,Vihaan Rai,73,F,False
82,118,Gagan Raja,20,F,False
83,120,Max Guha,67,M,False
84,121,Kashvi Gour,41,M,True
85,122,Tristan Jain,59,M,False
86,123,Ikbal Seth,56,F,False
87,125,Shravya Bakshi,70,M,False
88,129,Nimrat Sathe,58,F,False
89,130,Ikshita Bansal,20,F,False
90,131,Girik Mistry,45,F,False
91,131,Jyoti Raghavan,11,M,False
92,132,Gagan Sule,41,F,False
93,133,Sarthak Sachdeva,38,F,False
94,134,Ayush Gill,70,F,False
95,135,Diya Wason,73,M,False
96,138,Ranveer Oak,61,F,False
97,141,Samuel Palla,73,M,False
98,144,Girik Sidhu,64,F,False
99,144,Tamanna Mukherjee,15,F,False
100,146,Onkar Mandal,40,M,False
101,147,Odika Khare,50,M,False
102,147,Nathan Subramaniam,72,M,False
103,149,Ikbal Raghavan,8,F,False
104,150,Manthan Sethi,10,M,False
105,151,Aadi Parmer,79,M,False
106,152,Omisha Dube,48,F,False
107,153,Laban Chad,55,M,True
108,154,Panini Amble,35,M,False
109,155,Jyoti Chowdhury,6,M,False
110,156,Sudiksha Vala,73,F,False
111,158,Yashasvi Bose,64,F,False
112,159,Vedhika Golla,7,F,False
113,159,Hemal Chad,67,T,False
114,160,Aishani D’Alia,64,F,False
115,161,Ladli Ramakrishnan,35,M,False
116,161,Adweta Dhillon,30,M,False
117,163,Abhiram Bir,61,F,False
118,164,Reyansh Bandi,33,M,False
119,165,Qasim Choudhry,36,M,False
120,166,Aradhana Bhatia,19,F,False
121,166,Lipika Natarajan,29,F,False
122,167,Aashi Chauhan,58,F,False
123,168,Aarush Varma,36,M,False
124,169,Gauri Mitter,7,F,False
125,173,Damyanti Chatterjee,57,M,False
126,174,Ekta Dara,28,F,False
127,175,Harish Puri,8,F,False
128,175,Amol Sur,34,F,False
129,178,Ucchal Joshi,58,M,False
130,178,Chatresh Hari,40,F,False
131,181,Vedhika Bhagat,36,F,False
132,183,Victor Chadha,20,M,False
133,183,Vrinda Kalita,56,F,False
134,187,Ubika Devi,14,F,False
135,188,Lekha Natarajan,57,F,False
136,188,Chaman Sandhu,57,M,False
137,191,Aradhana Bhagat,49,T,False
138,194,Vincent Venkatesh,7,F,False
139,196,Qabil Gill,36,M,False
140,197,Bakhshi Nadig,80,F,False
141,198,Tara Nagarajan,6,F,False
142,200,Christopher Hayer,59,F,False
143,200,Arunima Hayre,72,M,False
144,201,Jalsa Rao,15,F,False
145,202,Tanveer Sawhney,23,M,False
146,203,Gautami Bhatti,50,M,False
147,204,Ryan Grewal,54,F,False
148,204,Bimala Swaminathan,7,F,False
149,205,Adweta Mital,62,M,False
150,206,Kashvi Vala,59,F,False
151,207,Chanakya Mann,66,M,False
152,208,Maanas Arya,64,F,False
153,208,Zarna Manda,26,F,False
154,209,Omisha Sharma,24,F,False
155,209,Jackson Deep,29,F,False
156,210,Orinder Modi,54,M,False
157,210,Jagat Kapadia,80,F,False
158,211,Isaac Brahmbhatt,48,M,False
159,211,Veda Sankar,9,M,False
160,212,Indali Balakrishnan,60,M,False
161,213,Onveer Yogi,66,F,False
162,216,Priya Gulati,14,M,False
163,217,Om Bhattacharyya,31,F,False
164,218,Ishani Soni,7,F,False
165,218,Vedhika Vaidya,61,F,False
166,219,Krish Balan,37,M,False
167,220,Zinal Tailor,13,F,False
168,222,Lopa Sura,52,M,False
169,223,Ayaan Bath,23,M,False
170,224,Ishanvi Sabharwal,48,F,False
171,226,Chandani Patla,55,F,False
172,227,George Chandran,45,F,False
173,227,Anjali Bhavsar,60,M,False
174,228,Pranit Bahl,18,F,False
175,229,Manbir Khosla,9,F,False
176,229,Charita Saran,79,M,False
177,231,Balhaar Jaggi,7,F,False
178,231,Anjali Deshpande,16,T,False
179,233,Zayan Taneja,14,F,False
180,234,Nilima Kumar,56,F,False
181,235,Vaishnavi Pillai,37,F,False
182,237,Reva Nadig,33,M,False
183,237,Bahadurjit Mahal,40,F,False
184,238,Ayaan Ben,17,M,False
185,238,Sachi Deshpande,36,M,False
186,241,Manthan Chakraborty,53,F,False
187,243,Nilima Dhingra,45,M,False
188,245,Gaurangi Keer,27,F,False
189,246,Praneel Lad,42,F,False
190,247,Jalsa Sani,16,M,False
191,248,Abha Gade,65,F,False
192,249,Samar Mander,40,M,False
193,250,Faraj Koshy,16,F,False
194,251,Forum Bassi,77,F,False
195,255,Banjeet Varghese,14,F,False
196,255,Ubika Kapur,63,M,False
197,257,Zehaan Pant,42,F,False
198,258,Chakradev Chacko,71,F,False
199,259,Abdul Rana,33,F,False
200,261,Shaurya Srivastava,27,M,False
201,261,Wyatt Sarin,62,M,False
202,262,Ojas Dua,63,F,False
203,265,Idika Sen,24,F,False
204,265,Ansh Edwin,18,M,False
205,268,Ojasvi Tak,42,F,False
206,268,Wahab Kadakia,5,M,False
207,269,Ishaan Karan,28,F,False
208,270,Harsh Barman,46,F,False
209,275,Radha Bhat,80,M,False
210,276,Sanaya Jha,80,M,False
211,277,Tanay Chander,64,M,False
212,277,Harini Dutta,76,M,False
213,282,Tanish Sehgal,38,M,False
214,283,Ria Suri,71,F,False
215,284,Jai Pingle,10,F,False
216,285,Luke Dhar,18,M,False
217,285,Chanakya Mody,50,F,False
218,286,Yamini Sharma,43,F,False
219,287,Harinakshi Zachariah,57,F,False
220,287,Saanvi Mall,33,F,False
221,288,Samesh Korpal,11,M,False
222,289,Lavanya Kurian,48,F,False
223,289,Ishwar Chaudhary,55,F,False
224,290,Chanchal Ramakrishnan,61,F,False
225,290,Ekaja Dhar,39,M,False
226,291,Dominic Sule,24,F,False
227,292,Kashvi Zachariah,74,F,False
228,292,Yatan Yogi,34,M,False
229,294,Shivansh Thaman,23,M,False
230,296,Faras Yohannan,71,F,False
231,299,Onkar Hari,76,F,False
232,300,Sudiksha Agate,77,M,False
233,301,Osha Walia,32,F,False
234,302,Ronith Gala,15,M,False
235,303,Urvashi Khare,27,T,False
236,305,Lakshmi Ratti,77,F,False
237,305,Nirja Kaul,7,M,False
238,307,Isha Sama,47,F,False
239,308,Jyoti Anand,47,F,False
240,309,Gautami Mistry,32,F,False
241,311,Vasana Narula,43,M,False
242,312,Bina Sarraf,43,F,False
243,313,Rohan Bains,23,F,False
244,313,Adweta Chaudhuri,15,F,False
245,314,Rehaan Walia,13,M,False
246,321,Edhitha Mahajan,32,M,False
247,322,Vedant Chaudhari,37,F,False
248,325,Triya Oak,58,F,False
249,326,Isha Nori,49,M,False
250,327,Raghav Soman,11,F,False
251,331,Samaksh Thakkar,22,M,False
252,332,Falguni Swaminathan,26,M,False
253,333,Parth Sagar,11,M,False
254,334,Bishakha Bhavsar,70,M,False
255,334,Wakeeta Sabharwal,75,M,False
256,335,Zayyan Johal,28,M,False
257,336,Eta Shetty,31,M,False
258,337,Chaitaly Dash,53,M,False
259,337,Om Brahmbhatt,70,M,False
260,341,Sarthak Rana,36,F,False
261,343,Girish Nair,73,M,False
262,344,Viraj Bail,76,M,False
263,346,Oeshi Mani,80,F,False
264,347,Vyanjana Boase,9,M,False
265,347,Charles Dhaliwal,21,M,False
266,348,Bhavika Sen,25,M,False
267,349,Nachiket Subramaniam,61,F,False
268,350,Vasana Bora,44,M,False
269,352,Leena Suri,26,F,False
270,354,Neel Arora,45,M,False
271,355,Prisha Krishnan,12,F,False
272,355,Xiti Walia,64,M,False
273,356,Gunbir Boase,36,M,False
274,356,Omaja Mani,10,F,False
275,357,Simon Grewal,23,F,False
276,357,Daniel Goswami,22,F,False
277,358,Krishna Dash,49,M,False
278,358,Devansh Oommen,47,F,False
279,359,Siddharth Vig,6,F,False
280,360,Kamala Oza,13,M,False
281,360,Wriddhish Patel,68,F,False
282,361,Jyoti Seth,53,F,False
283,362,Lekha Memon,23,M,False
284,362,Luke Venkatesh,37,M,False
285,363,Hitesh Saran,76,M,False
286,364,Gautam Natarajan,44,F,False
287,365,Isaac Chakraborty,45,M,False
288,370,Nathaniel Bains,16,M,False
289,370,Geetika Sami,27,M,False
290,372,Manbir Puri,16,M,False
291,373,Jagat Khosla,56,M,False
292,375,Yashodhara Kar,17,F,False
293,379,Indira Yohannan,38,M,False
294,379,Hardik Basu,10,F,False
295,380,Tanmayi Chacko,76,F,False
296,381,Oni Dube,80,F,False
297,385,Aditya Varghese,58,F,False
298,392,Ubika Sura,55,M,False
299,393,Inaya Grewal,64,M,False
300,394,Jatin Sura,19,M,False
301,396,Banjeet Deol,34,F,False
302,398,Pushti Anand,15,F,False
303,400,Nandini Barad,46,M,False
304,402,Omya Koshy,56,M,False
305,403,Daksha Choudhury,47,T,False
306,405,Saumya Dalal,53,F,False
307,405,Ekansh Subramanian,24,F,False
308,408,Yochana Shah,33,F,False
309,409,Anamika Behl,73,M,False
310,411,Patrick Kunda,31,F,False
311,412,Sanaya Kata,21,M,False
312,412,Jyoti Divan,64,M,False
313,413,Pranit Manda,25,F,False
314,414,Pooja Korpal,13,M,False
315,415,Amrita Dhar,32,F,False
316,416,Nihal Mohanty,39,T,False
317,418,Ira Mangat,64,F,False
318,419,Priya Wali,32,F,False
319,419,Pratyush Sandal,77,T,False
320,420,Manan Nagarajan,46,F,False
321,421,Eiravati Talwar,11,M,False
322,425,Nakul Balan,5,F,False
323,427,Suhani Kuruvilla,79,M,False
324,427,Utkarsh Sampath,13,F,False
325,428,Chatura Prabhu,7,F,False
326,428,Robert Madan,24,M,False
327,431,Divya Raman,31,F,False
328,431,Kai Chatterjee,79,M,False
329,432,Baljiwan Mannan,16,F,False
330,434,Alexander Dhar,70,F,False
331,434,Gagan Tara,14,M,False
332,435,Logan Dasgupta,69,F,False
333,435,Balveer Patla,50,F,False
334,437,Ikbal Chada,57,M,False
335,437,Hritik Ranganathan,22,T,False
336,438,Suhani Barad,22,F,False
337,438,Upma Dhingra,11,M,False
338,439,Ekapad Mahal,66,M,False
339,440,Hema Mishra,73,M,False
340,440,Rushil Palla,6,F,False
341,442,Tarak Pall,38,F,False
342,443,Odika Roy,43,M,False
343,444,Bhanumati Chaudhary,39,M,False
344,445,Lakshmi Contractor,78,M,False
345,446,Udarsh Tripathi,78,M,False
346,447,Alexander Bal,36,F,False
347,447,Kavya Venkataraman,79,M,False
348,448,Madhavi Ghose,58,F,False
349,448,Eesha Varughese,74,T,False
350,449,Nathan Naidu,12,M,False
351,449,Girik Chander,17,F,False
352,450,Kritika Lad,47,M,False
353,453,Nathan Vig,23,M,False
354,454,Falak Devi,41,F,False
355,455,Chaitaly Sibal,49,F,False
356,455,Rajata Vala,80,F,False
357,456,Noah Jha,56,M,False
358,458,Chaaya Wali,28,F,False
359,460,Ekanta Kaul,50,F,False
360,460,Lekha Mander,62,F,False
361,462,Onveer Narain,70,M,False
362,463,Amol Boase,25,F,False
363,466,Onkar Chakrabarti,29,M,False
364,467,Daksha Borde,62,F,False
365,468,Sanya Das,42,M,False
366,468,Vanya Suri,72,F,False
367,469,Xavier Jha,66,M,False
368,471,Lekha Sethi,74,F,False
369,471,Mugdha Guha,59,F,False
370,473,Mekhala Thakkar,10,F,False
371,473,Yashoda Nath,53,F,False
372,474,Zilmil Sant,22,M,False
373,475,Anya Kara,51,M,False
374,481,Aarini Sur,38,M,False
375,483,Hritik Mahal,13,M,False
376,484,Imaran Anand,8,F,False
377,485,Barkha Dasgupta,34,F,False
378,485,Vrinda Mohan,64,F,False
379,486,Anika Dhar,15,M,False
380,487,Libni Sami,52,F,False
381,487,Guneet Lal,26,F,False
382,488,Omaja Iyengar,61,M,False
383,489,Dhriti Thakur,42,F,False
384,491,Chatura Chad,71,M,False
385,493,Deepa Ahuja,70,F,False
386,494,Charita Ravel,23,F,False
387,495,Vamakshi Srinivasan,70,M,False
388,496,Advay Mitter,26,M,False
389,496,Sai Basak,66,M,False
390,498,Harinakshi Sharaf,18,M,False
391,500,Zashil Contractor,34,F,False
392,500,Elijah Sathe,38,M,False
393,501,Saksham Edwin,8,F,False
394,503,Harrison Dalal,16,F,False
395,504,Ishita Bir,31,F,False
396,505,Advika Iyer,80,F,False
397,507,Inaya Sankar,65,F,False
398,508,Lila Purohit,47,M,False
399,510,Jonathan Sarna,8,M,False
400,512,Nirja Sunder,48,F,False
401,514,Frado Bhasin,45,F,False
402,515,Raagini Walia,12,T,False
403,516,Harita Saraf,56,M,False
404,517,Unni Khanna,48,M,False
405,518,Megha Barad,50,F,False
406,518,Janaki Luthra,53,F,False
407,520,Joshua Karan,35,M,False
408,521,Edhitha Barman,76,M,False
409,524,Jyoti Basu,44,F,False
410,525,Jairaj Wable,38,M,False
411,527,Nikita Devi,61,M,False
412,528,Ojas Dara,63,F,False
413,530,Ethan Pant,8,M,False
414,530,Nilima Sengupta,17,M,False
415,533,Bhavika Naidu,21,F,False
416,534,Dipta Chaudhary,62,M,False
417,537,Sudiksha Merchant,52,F,False
418,538,Anya Setty,20,M,False
419,541,Pranav Barad,57,F,False
420,543,Eshana Kota,29,F,False
421,544,Veda Suresh,36,F,False
422,545,Ekantika Lal,74,M,False
423,545,Nisha Raman,10,M,False
424,546,Nimrat Kant,44,M,False
425,547,Gautam Nath,56,M,False
426,547,Dev Bawa,45,F,False
427,548,Neel Prakash,47,M,False
428,549,Naksh Mandal,79,M,False
429,549,Arjun Karpe,18,M,False
430,550,Max Chandran,29,F,False
431,551,Bishakha Sanghvi,66,M,False
432,553,Fiyaz Chandran,23,F,False
433,554,Daniel Tak,78,M,False
434,554,Nisha Mukhopadhyay,34,F,False
435,557,Panini Tandon,19,M,False
436,559,Zilmil Krishnamurthy,16,F,False
437,561,Damini Pillai,24,M,False
438,564,Isha Muni,24,M,False
439,566,Hiral Samra,17,M,False
440,567,Anjali Bandi,16,F,False
441,568,Suhani Swaminathan,6,F,False
442,569,Michael Goel,8,M,False
443,570,Jeevika Varty,69,F,False
444,571,Anya Issac,48,M,False
445,572,Gaurang Dada,54,T,True
446,573,Kavya Sharma,78,F,False
447,574,Upkaar Guha,60,M,False
448,577,Unni Naidu,23,F,False
449,578,Quincy Bains,25,F,False
450,578,Tanmayi Saran,31,F,False
451,579,Banjeet Kaur,30,T,False
452,579,Oviya Sandhu,31,F,False
453,580,Dayamai Dhaliwal,17,F,False
454,580,Tara Randhawa,79,F,False
455,581,Rajeshri Chana,27,F,False
456,582,Urmi Puri,52,F,False
457,583,Vrinda Bala,70,M,False
458,584,Faras Karpe,74,F,False
459,586,Praneel Gade,47,M,False
460,588,Aarna D’Alia,47,F,False
461,588,Yadavi Pradhan,50,M,False
462,589,Chanakya Shetty,47,M,False
463,590,Chaaya Parikh,27,M,False
464,592,Manan Chaudhuri,32,F,False
465,593,Rehaan Lal,9,M,False
466,594,Sarthak Bahl,33,M,False
467,594,Kai Maharaj,79,M,False
468,596,Vidhi Pai,71,M,False
469,598,Vritti Keer,10,F,False
470,602,Ekta Krish,80,F,False
471,605,Abha Yogi,41,F,False
472,607,Gunbir Narayan,41,F,False
473,607,Tara Swamy,49,F,False
474,608,Manbir Vig,29,F,False
475,609,Mohammed Dave,22,F,False
476,613,Ishanvi Tara,56,F,False
477,614,Daksh Sekhon,74,F,False
478,616,Riya Chacko,16,T,False
479,616,Rudra Chaudhry,30,M,False
480,617,Patrick Narasimhan,9,F,False
481,617,Yoshita Mander,57,F,False
482,618,Ria Choudhury,50,F,False
483,618,Vinaya Ahuja,48,M,True
484,621,Eshana Varty,32,F,False
485,622,Pavani Ramaswamy,63,M,False
486,623,Aahana Menon,57,F,False
487,623,Arjun Nagy,57,M,False
488,624,Chakradhar Ramakrishnan,34,M,False
489,625,Ethan Nair,23,F,False
490,626,Abha Wali,78,F,False
491,631,Udant Narain,55,F,False
492,631,Sai Pant,26,M,False
493,632,Ijaya Biswas,45,F,False
494,633,Jatin Prashad,29,F,False
495,635,Shivansh Chana,21,F,False
496,637,Ekiya Bath,63,M,False
497,638,Chaaya Prabhu,20,F,False
498,639,Ekani Balakrishnan,71,F,False
499,640,Oni Bhatti,10,F,False
500,640,Vamakshi Shetty,19,M,False
501,641,Gopal Sridhar,28,M,False
502,643,Luke Bandi,11,F,False
503,644,Tanish Setty,44,F,False
504,646,Fitan Thaman,75,F,False
505,648,Panini Jain,33,F,False
506,649,Ekalinga Bhargava,57,F,False
507,650,Jatin Doshi,37,F,False
508,650,Sachi Dhar,21,M,False
509,653,Yashoda Narasimhan,28,F,False
510,654,Brijesh Chokshi,70,F,False
511,654,Girish Dalal,34,M,False
512,655,Arjun Narasimhan,59,F,False
513,656,Yuvraj Malhotra,31,F,False
514,657,Gaurav Nath,31,F,False
515,657,Vedant Nadig,24,M,False
516,658,Nathaniel Ganguly,79,F,False
517,659,Madhav Oak,20,M,False
518,660,Mohammed Mahal,8,F,False
519,661,Quincy Venkataraman,8,F,False
520,663,Gopal Tripathi,41,F,False
521,664,Triveni Sarma,76,M,False
522,665,Dhruv Majumdar,79,F,False
523,666,Maanas Zacharia,76,F,False
524,666,Abeer Bera,50,M,False
525,668,Gopal Mukhopadhyay,51,F,False
526,668,Peter Sani,21,F,False
527,669,Anmol Bhat,27,M,False
528,670,Tejas Pai,51,F,False
529,672,Harish Tank,9,F,False
530,673,Netra Barman,71,F,False
531,674,Rudra Master,5,F,False
532,676,Chanakya Warrior,70,M,False
533,676,Champak Mitter,68,F,False
534,677,Tanvi Grewal,47,F,False
535,678,Lakshmi Jha,46,F,False
536,679,Pahal Mukherjee,18,M,False
537,682,Ikbal Dar,30,M,False
538,684,Luke Sathe,63,F,False
539,685,Harita Krishna,23,F,False
540,688,Jagdish Kapur,53,F,False
541,689,Udarsh Dhawan,35,F,False
542,690,Nirja Karan,36,F,False
543,693,Ikbal Sethi,25,M,False
544,695,Vidhi Mutti,63,F,False
545,697,Chavvi Chaudhuri,41,F,False
546,698,Upasna Mand,31,M,False
547,698,Ishaan Din,24,M,False
548,699,Anmol Swamy,15,F,False
549,700,Isha Talwar,38,F,False
550,701,Charles Khare,7,F,False
551,702,Gaurangi Balay,12,M,False
552,704,Reyansh Suresh,17,M,False
553,705,Peter Prakash,49,M,False
554,707,Viraj Kade,51,M,False
555,710,Abhimanyu Krishnamurthy,13,F,False
556,711,Dominic Lala,47,F,False
557,712,Onkar Basak,9,T,False
558,714,Matthew Gour,51,F,False
559,715,Anthony Tank,55,M,False
560,715,Nathan Mitter,6,F,False
561,717,Deepa Sanghvi,14,F,False
562,717,Kai Wagle,74,M,False
563,722,Vasudha Dhingra,12,F,False
564,723,Advay Misra,16,M,False
565,723,Samarth Dhawan,37,M,False
566,725,Nicholas Dave,72,M,False
567,726,Keya Bal,45,M,False
568,727,Wahab Chanda,30,F,False
569,727,Ishanvi Nigam,64,F,False
570,728,Advika Karan,62,F,False
571,728,Daksh Bajwa,36,F,False
572,729,Oeshi Bir,39,M,False
573,729,Ryan Banik,74,M,False
574,734,Samuel Tata,75,M,False
575,735,Anusha Acharya,27,M,False
576,738,Wahab Shah,54,M,False
577,742,Kashish Sibal,44,F,False
578,744,Nathaniel Dewan,13,F,False
579,745,Eshana Prakash,22,F,False
580,746,Maanas Bora,33,F,False
581,746,Wyatt Ravi,76,F,False
582,747,Jagat Sami,5,M,False
583,749,Leela Yohannan,41,M,False
584,750,Fitan Korpal,37,M,False
585,752,Zehaan Dalal,15,M,False
586,753,Imaran Dubey,37,F,True
587,754,Caleb Mittal,9,F,False
588,755,Qushi Bail,10,F,False
589,757,Ekalinga Goyal,55,F,False
590,759,Tanay Gulati,8,F,False
591,759,Vanya Srinivas,32,M,False
592,760,Ekansh Sridhar,74,F,False
593,761,Megha Bala,76,F,False
594,762,Omisha Bhatti,8,M,False
595,763,Chavvi Wason,66,M,False
596,764,Vrishti Oommen,71,F,False
597,767,Samarth Shere,26,F,False
598,767,Jacob Manne,45,F,False
599,770,Rushil Lata,22,F,False
600,771,Logan Golla,69,F,False
601,773,Qushi Khosla,57,F,False
602,774,Anay Dyal,5,M,False
603,776,Anita Jha,63,F,False
604,779,Rajata Sehgal,35,M,False
605,782,George Ben,36,F,False
606,784,Yochana Bail,13,F,False
607,784,Meera Deshmukh,78,F,False
608,787,Nikita Ganesan,46,T,False
609,787,Jonathan Bansal,51,F,False
610,788,Vidhi Issac,24,F,False
611,791,Advay Chaudhuri,28,M,False
612,792,Jhalak Behl,5,M,False
613,793,Mitesh Purohit,70,F,False
614,793,Ria Loke,6,M,False
615,795,Shivansh Acharya,68,F,False
616,795,Nihal Barad,58,M,False
617,798,Hredhaan Divan,33,F,False
618,798,Theodore Kothari,40,M,False
619,799,Dipta Bhandari,23,M,False
620,800,Vidhi Swamy,80,F,False
621,806,Hritik Sen,70,F,False
622,807,Radhika Rout,16,T,False
623,807,Chasmum Kadakia,54,F,False
624,808,Azad Krishnan,52,M,False
625,809,Gaurika Divan,24,F,False
626,810,Aditya Patel,60,M,False
627,811,Tanmayi Basu,62,M,False
628,813,Tristan Sengupta,34,M,False
629,814,Watika Kala,65,F,False
630,816,Ojasvi Edwin,75,M,False
631,818,Andrew Chadha,73,F,False
632,819,Varenya Panchal,53,M,False
633,821,Kashish Nigam,68,F,False
634,825,Gauri Nadkarni,61,M,False
635,828,Nikita Ahluwalia,66,F,False
636,829,Laban Ravel,66,M,False
637,830,Zehaan Dave,63,F,False
638,831,Aradhana Chowdhury,31,M,False
639,832,Kritika Venkataraman,8,F,False
640,833,Ira Guha,66,T,False
641,834,Indrajit Mani,61,M,False
642,834,Bhanumati Mammen,31,M,False
643,836,Netra Bahri,79,F,True
644,838,Aarav Srivastava,45,M,False
645,838,Rachit Chopra,77,M,False
646,840,Raagini Babu,16,M,False
647,843,Chaitanya Soni,31,M,False
648,844,Yahvi Karnik,34,F,False
649,845,Reyansh Gera,7,M,False
650,846,Jacob Jayaraman,76,M,False
651,846,Chandani Sankaran,23,M,False
652,847,Ikbal Chad,60,M,False
653,849,Saumya Sandal,64,M,False
654,849,Sai Mallick,42,F,False
655,850,Isaiah Srinivas,17,F,False
656,851,Wyatt Yohannan,68,F,False
657,852,Samesh Dey,55,F,False
658,853,Azaan Chacko,60,F,False
659,854,Brinda Lal,39,F,True
660,857,Gaurang Pathak,17,F,False
661,858,Onkar Prashad,54,M,False
662,861,Yuvraj Varty,66,M,False
663,864,Tanish Chawla,11,F,False
664,865,Veer Pillay,22,F,False
665,865,Rachit Memon,23,F,False
666,869,Harsh Chana,9,F,False
667,871,Girish Shenoy,77,F,False
668,871,Abhiram Anne,65,M,False
669,872,Aishani Mander,33,M,False
670,873,Jatin Vora,52,M,False
671,874,Robert Garde,73,T,False
672,874,Tanveer Tiwari,33,F,False
673,875,Brijesh Peri,18,F,False
674,877,Mitali Chakrabarti,80,M,False
675,878,Ishani Ben,73,M,False
676,880,Harsh Prabhakar,38,M,False
677,881,Chaman Shan,30,F,False
678,882,Chaitaly Bail,43,F,False
679,884,Tarak More,45,F,False
680,884,Zinal Kannan,12,M,False
681,886,Tarak Aurora,33,M,False
682,887,Mohini Dixit,11,F,False
683,887,Deepa Upadhyay,8,M,False
684,888,Mahika Ramachandran,68,F,False
685,892,Adya Bajaj,11,F,False
686,895,Wazir Varghese,72,F,False
687,897,Mitali Singhal,73,F,False
688,897,Lucky Sheth,69,F,False
689,898,Harsh Hari,37,F,False
690,899,Ayush Nigam,23,M,False
691,903,Wahab Sani,57,F,False
692,906,Gavin Parikh,32,F,False
693,906,Wahab Ratti,33,F,False
694,908,Mitesh Dayal,33,M,False
695,909,Wazir Pillay,64,F,False
696,910,Garima Shan,17,M,False
697,910,Azaan Dash,8,F,False
698,911,Triveni Ramesh,18,M,False
699,912,Rachit Walia,54,F,False
700,913,Udant Thaman,42,M,False
701,914,Bhavna Lal,19,F,False
702,916,Amruta Barad,53,M,False
703,918,Amol Lata,49,F,False
704,919,Wahab Varkey,54,F,False
705,920,Oliver Devi,70,F,False
706,921,Atharv Deshpande,77,M,False
707,922,Warjas Deep,21,F,False
708,922,Eshana Nadig,67,F,False
709,924,Mason Ahuja,60,F,False
710,925,Oscar Cherian,74,F,False
711,926,Daniel Purohit,52,M,False
712,927,Netra Venkataraman,31,F,False
713,929,Lavanya Khosla,13,F,False
714,933,Theodore Edwin,6,F,False
715,933,Bimala Kota,59,M,False
716,934,Christopher Narula,73,F,False
717,935,Raghav Ghose,62,M,False
718,938,Yasti Hans,32,M,False
719,938,Ronith Ahluwalia,38,F,False
720,939,Unnati Dewan,24,M,False
721,939,Ishwar Chakraborty,34,M,False
722,940,Yuvraj Hora,34,F,False
723,941,Mason Manda,5,F,False
724,943,Tanish Pai,61,M,False
725,945,Atharv Dhaliwal,59,F,False
726,947,Baghyawati Wali,27,T,False
727,948,Anay Patil,58,F,False
728,950,Nitara Karpe,49,F,False
729,951,Jeevika Sem,71,F,False
730,953,Anya Swamy,20,M,False
731,955,Devansh Vohra,58,M,False
732,957,Anmol Lala,51,F,False
733,959,Tarak Sundaram,6,M,False
734,960,Rajeshri Goswami,41,F,False
735,961,Hitesh Chakraborty,8,F,False
736,962,Yashoda Balasubramanian,27,F,False
737,963,Ria Tripathi,66,M,False
738,964,Girik Gole,59,F,False
739,964,Lajita Chada,17,F,False
740,967,Mitali Gopal,9,F,False
741,967,Chakradev Sama,33,M,False
742,968,Hamsini Chaudry,55,M,False
743,971,Gaurav Mital,32,M,False
744,972,Viraj Kala,30,F,False
745,972,Nikita Acharya,43,M,False
746,973,Nandini Natarajan,14,M,False
747,974,Eesha Balay,15,F,False
748,975,Dhruv Varty,64,F,False
749,976,Anika Sachdev,57,M,False
750,976,Upkaar Narain,69,M,False
751,978,Jeet Deshmukh,22,M,False
752,979,Megha Johal,49,M,True
753,980,Kashish Bhalla,20,M,False
754,980,Vedika Amble,60,M,False
755,982,Akshay Mukhopadhyay,14,M,False
756,983,Kalpit Kibe,69,M,False
757,985,Jagat Gill,50,M,False
758,986,Krish Mutti,56,M,False
759,986,Madhavi Bala,69,M,False
760,987,Urvi Varty,32,M,False
761,988,Manan Choudhry,38,M,False
762,988,Chatresh Jani,11,M,False
763,993,Ladli Gara,16,F,False
764,993,Vaishnavi Pandya,68,F,False
765,995,Yoshita Bhavsar,66,F,False
766,995,Hemani Gera,5,M,False
767,996,Ekani Khosla,50,F,False
768,997,Pavani Wable,73,F,False
769,997,Darsh Mohan,59,F,False
770,998,Krisha Kaul,32,M,False
771,1000,Zansi Varma,76,M,False
772,1003,Ranbir Pradhan,23,F,False
773,1005,Nilima Mutti,30,M,False
774,1007,Amruta Chanda,27,F,False
775,1009,Benjamin Virk,74,F,False
776,1009,Jhalak Hayer,70,F,False
777,1012,Arin Khalsa,36,M,False
778,1013,Abdul Pillay,28,F,False
779,1014,Vidhi Shan,26,F,False
780,1015,Qasim Borde,6,M,False
781,1016,Shivani Bera,77,M,False
782,1018,Nimrat Maharaj,13,M,False
783,1018,Tripti Garg,68,F,False
784,1020,Laban Saini,31,M,False
785,1021,Quincy Sane,62,F,False
786,1023,Chaaya Karan,55,T,False
787,1023,Upadhriti Sachdev,65,F,False
788,1024,Urvi Jain,55,F,False
789,1025,Chaman Kala,40,M,False
790,1026,Theodore Krishnamurthy,16,F,False
791,1027,Aradhana Bedi,33,F,False
792,1028,Bahadurjit Zachariah,69,M,False
793,1029,Falguni Merchant,27,F,False
794,1029,Lopa Bhagat,80,F,False
795,1030,Krishna Gopal,13,F,False
796,1031,Aashi Sarraf,29,F,False
797,1032,Kai Sheth,14,F,False
798,1034,Yashawini Mane,35,F,False
799,1034,Ekbal Mital,63,F,False
800,1036,Wyatt Srinivas,64,M,False
801,1044,Upkaar Ahuja,47,F,False
802,1046,Dhriti Sheth,76,F,False
803,1046,Oliver Chandra,27,M,False
804,1047,Garima Mukhopadhyay,57,F,False
805,1047,Gopal Varkey,54,M,False
806,1048,Krishna Dugal,21,F,False
807,1049,Jonathan Arya,8,F,False
808,1049,Balendra Johal,17,F,False
809,1051,Omisha Nayak,76,M,False
810,1051,Niharika Kulkarni,45,F,False
811,1052,Kevin Bobal,50,F,False
812,1052,Neel Chakraborty,39,F,False
813,1053,Finn Jain,70,F,False
814,1056,Umang Saha,64,F,False
815,1057,Lekha Desai,70,F,False
816,1058,Guneet Reddy,43,F,False
817,1058,Wriddhish Mukhopadhyay,49,M,False
818,1060,Jasmit Wadhwa,11,F,False
819,1062,Maya Raju,54,M,False
820,1062,Devansh Sankar,21,M,False
821,1064,Chasmum Sekhon,48,F,False
822,1065,Charles Lanka,23,M,False
823,1066,Daksh Sethi,5,M,False
824,1066,Thomas Shankar,38,M,False
825,1068,Amara Tara,54,M,False
826,1070,Dev Bakshi,5,F,False
827,1071,Max Sule,64,M,False
828,1071,Kabir Bhatti,66,F,False
829,1072,Utkarsh Dasgupta,46,M,False
830,1074,Yatin Padmanabhan,27,F,False
831,1074,Kashvi Pandey,25,F,False
832,1075,Utkarsh Sampath,59,F,False
833,1076,Jai Tiwari,51,F,False
834,1079,Neel Trivedi,68,M,False
835,1080,Siddharth Prabhu,52,M,False
836,1081,Anita Ranganathan,31,F,False
837,1082,Agastya Bora,32,M,False
838,1083,Urvashi Pau,73,F,False
839,1084,Amrita Bora,6,F,False
840,1085,Andrew Kulkarni,36,F,False
841,1086,Saksham Kohli,11,M,False
842,1087,Tanveer Borah,63,M,True
843,1089,Osha Pandey,19,F,False
844,1090,Viraj Dash,12,M,False
845,1092,Aarav Dey,30,F,False
846,1092,Ucchal Randhawa,19,F,False
847,1093,Dayamai Chakraborty,64,F,False
848,1095,Ishita Devan,31,F,False
849,1096,Chandani Keer,9,M,False
850,1098,Nimrat Lalla,5,F,False
851,1099,Darsh Ghose,52,F,False
852,1099,Varenya Bassi,67,F,False
853,1100,Baljiwan Konda,30,T,False
854,1101,Udant Bhagat,71,F,False
855,1102,Ganga Nazareth,24,T,False
856,1102,Aarnav Sani,60,M,False
857,1103,Mekhala Rama,54,M,False
858,1105,Alka Ray,12,F,False
859,1106,Gaurav Sur,8,M,False
860,1107,Eiravati Bhardwaj,77,F,False
861,1107,Vedant Yadav,11,M,False
862,1108,Zinal Dua,11,F,False
863,1109,Samarth Anne,52,M,False
864,1111,Onkar Keer,24,F,False
865,1112,Brinda Ben,39,M,False
866,1113,Chandresh Raju,54,F,False
867,1113,Utkarsh Yadav,34,M,False
868,1114,Edhitha Baria,14,F,False
869,1115,Champak Dar,5,M,False
870,1115,Yochana Barman,16,F,False
871,1116,Imaran Tak,64,M,False
872,1117,Suhani Gopal,50,F,False
873,1117,Ansh Patel,11,F,False
874,1119,Ekbal Munshi,66,M,False
875,1123,Brijesh Doshi,50,F,False
876,1126,Kashish Yohannan,7,M,False
877,1128,Peter Thakkar,26,F,False
878,1129,Jagat Saran,73,M,False
879,1132,Om Agate,6,M,False
880,1132,Abdul Pall,68,F,False
881,1133,Wahab Agarwal,5,M,False
882,1134,Samar Kala,12,F,False
883,1136,Sai Kara,77,F,False
884,1137,Pahal Prabhakar,12,F,False
885,1138,Indira Saini,27,F,False
886,1140,Aditya Saxena,23,F,False
887,1141,Raksha Randhawa,21,F,False
888,1142,Nidra Majumdar,66,F,False
889,1143,Isaiah Roy,54,F,False
890,1143,Xavier Mani,17,F,False
891,1149,Chaitaly Sankaran,66,F,False
892,1151,Champak Kashyap,51,M,False
893,1152,Balvan Purohit,49,M,False
894,1152,Jonathan Dada,67,F,False
895,1153,Pratyush Dash,12,F,False
896,1154,Eta Garde,77,M,False
897,1156,Zaid Ramesh,54,F,False
898,1156,Qasim Chand,38,F,False
899,1157,Yatin Pal,8,F,False
900,1159,Ekalinga Bhakta,11,F,False
901,1160,Urishilla Karpe,48,F,False
902,1161,Tripti Iyengar,61,M,False
903,1161,Bimala Jani,19,M,False
904,1162,Baljiwan Varghese,39,M,False
905,1163,Radhika Gour,73,M,False
906,1164,Harrison Vala,53,F,False
907,1166,Krisha Sani,49,F,False
908,1170,Turvi Yohannan,76,F,False
909,1172,Nathaniel Virk,26,F,False
910,1173,Radha Yadav,74,F,False
911,1174,Pallavi Johal,42,F,False
912,1175,Megha Bahri,24,M,False
913,1178,Neelima Dey,35,M,False
914,1179,Yatin Chadha,38,M,False
915,1182,Peter Verma,56,M,False
916,1182,Krishna Kumer,60,M,False
917,1183,Samarth Natt,39,F,False
918,1190,Girindra Kaul,29,M,False
919,1191,Kiaan Palla,79,M,False
920,1191,Ojas Baral,34,M,False
921,1193,Vasudha More,7,F,False
922,1194,Maanas Goyal,64,F,False
923,1195,Reyansh Mody,13,M,False
924,1196,Mohini Sen,56,F,False
925,1197,Advaith Nori,47,F,False
926,1198,Triya Kalita,58,M,False
927,1198,Gaurav Gupta,76,F,False
928,1199,Benjamin Upadhyay,17,F,False
929,1200,Diya Mammen,54,F,False
930,1201,Karan Gour,65,M,False
931,1202,Anamika Butala,30,F,False
932,1203,Ira Mutti,63,M,False
933,1204,Krish Madan,64,M,False
934,1204,Jagrati Zachariah,16,M,False
935,1205,Gavin Garde,64,M,False
936,1206,Jonathan Kala,9,M,False
937,1207,Aashi Bajwa,80,F,False
938,1208,Vritti Manne,12,F,False
939,1209,Maya Datta,49,F,False
940,1210,Jacob Kapur,75,F,False
941,1211,Manbir Atwal,27,F,False
942,1212,Indrajit Agrawal,67,F,False
943,1212,Zaitra Verma,14,M,False
944,1214,Yash Baria,44,F,False
945,1215,Yash Sehgal,29,M,False
946,1217,Ekanta Prashad,60,M,False
947,1221,Chaitaly Chahal,28,M,False
948,1222,Azad Bhat,63,F,False
949,1222,Oscar Kanda,38,F,False
950,1223,Luke Shanker,7,T,False
951,1223,Ayushman Chakraborty,29,M,False
952,1224,Aishani Walia,31,F,False
953,1225,Lakshmi Batra,10,M,False
954,1226,Warjas Amble,51,F,False
955,1228,Riya Uppal,20,M,False
956,1229,Ikbal Uppal,21,F,False
957,1230,Michael Choudhry,72,M,False
958,1231,Orinder Badal,17,M,False
959,1232,Zaid Agate,53,M,False
960,1236,Dalbir Jain,58,M,False
961,1236,David Jaggi,34,F,False
962,1237,Hardik Shukla,47,M,False
963,1238,Falguni Patla,31,F,False
964,1239,Urishilla Devan,32,F,False
965,1241,Vedhika Nigam,21,M,False
966,1243,Nicholas Dara,64,T,False
967,1245,Lipika Bora,79,F,False
968,1247,Manan Chaudhuri,50,M,False
969,1248,Jagat Majumdar,76,F,False
970,1248,Osha Lad,67,M,False
971,1249,Faraj Sen,36,M,False
972,1250,Harita Pathak,31,F,False
973,1251,Mitesh Merchant,29,M,False
974,1252,Samar Bhat,66,F,False
975,1253,Eesha Mohanty,26,M,False
976,1254,Gaurangi Lad,67,F,False
977,1255,Omaja Sangha,69,M,False
978,1255,Laban Anne,43,F,False
979,1256,Yamini Soman,7,F,False
980,1256,Niharika Balan,49,M,False
981,1258,Nisha Seshadri,19,F,False
982,1258,Urvi Tella,55,F,False
983,1259,Wyatt Vyas,44,M,False
984,1260,Parth Din,17,F,False
985,1261,Vrishti Sandhu,15,F,False
986,1262,Netra Kaul,37,M,False
987,1263,Amaira Gour,29,F,False
988,1265,Qasim Sachdev,46,F,False
989,1267,Naksh Palla,69,F,False
990,1268,Jacob Ram,22,M,False
991,1270,Sneha Acharya,13,M,False
992,1271,Onveer Batra,66,M,False
993,1271,Quincy Brahmbhatt,72,F,False
994,1272,Abeer Ganesh,49,F,False
995,1277,Xavier Taneja,15,F,False
996,1278,Samar Sem,43,F,False
997,1279,Matthew Trivedi,50,M,False
998,1281,Irya Karpe,51,M,False
999,1281,Isha Anne,18,F,False
1000,1282,Wazir Bawa,12,F,False
1001,1283,Ekanta Zacharia,54,M,False
1002,1284,Irya Chandran,24,F,False
1003,1286,Nathan Gera,6,T,False
1004,1287,Nicholas Korpal,8,F,False
1005,1287,Gagan Mani,43,F,False
1006,1290,Girik Chadha,59,F,False
1007,1291,Rajata Dayal,22,F,False
1008,1291,Baghyawati Kamdar,6,M,False
1009,1293,Tripti Gokhale,35,M,False
1010,1294,Zayan Master,19,M,False
1011,1295,Om Mangat,79,F,False
1012,1302,Zansi Morar,40,F,False
1013,1303,Yashodhara Korpal,51,M,False
1014,1304,Jai Deshmukh,67,M,False
1015,1305,Urishilla Jha,60,F,False
1016,1306,Jacob Shah,80,F,False
1017,1307,Alexander Som,21,T,False
1018,1308,Ubika Chana,41,F,False
1019,1310,Barkha Parmer,49,F,False
1020,1311,Ranveer Agate,75,F,False
1021,1312,Yatan Bhagat,58,M,False
1022,1313,Krisha Madan,55,M,False
1023,1314,Ryan Sen,29,M,False
1024,1315,Zarna Bhatti,67,F,False
1025,1316,Chandani Vyas,78,F,False
1026,1318,Kevin Aurora,14,M,False
1027,1319,Zehaan Natt,43,M,False
1028,1321,Siya Ravel,35,F,False
1029,1322,Eesha Deol,19,F,False
1030,1324,Yashvi Din,39,M,False
1031,1325,Balvan Raj,52,F,False
1032,1325,Ubika Wadhwa,44,M,False
1033,1326,Qarin Gandhi,14,F,False
1034,1328,Yatin Kumar,56,F,False
1035,1329,Ayushman Agrawal,63,F,False
1036,1330,Manan Bhavsar,5,F,False
1037,1331,Kevin Bali,41,M,False
1038,1332,Pooja Sangha,79,M,False
1039,1334,Abeer Mukherjee,57,F,False
1040,1335,Nidhi Chatterjee,68,F,False
1041,1335,Charles Taneja,71,M,False
1042,1336,Zaitra Sule,24,F,False
1043,1336,Shivansh Sharaf,28,F,False
1044,1337,Aadi Madan,22,M,False
1045,1337,Raagini Bal,68,F,False
1046,1339,Irya Upadhyay,35,F,False
1047,1340,Manya Pau,54,M,False
1048,1341,Andrew Kothari,42,M,False
1049,1342,Mohini Mallick,11,F,False
1050,1343,Gautam Raja,33,F,False
1051,1344,Christopher Gupta,38,F,False
1052,1345,Brijesh Tiwari,15,F,False
1053,1348,Anjali Patla,24,F,False
1054,1349,Bimala Ramakrishnan,27,T,False
1055,1350,Vedika Ram,35,F,False
1056,1351,Amol Dayal,51,F,False
1057,1352,William Saraf,32,M,False
1058,1354,Vihaan Choudhury,32,F,False
1059,1355,Waida Merchant,6,M,False
1060,1356,Jeet Babu,66,M,False
1061,1357,Divya Reddy,48,M,False
1062,1359,Ekansh Sastry,37,F,False
1063,1360,Kashvi Dayal,48,F,False
1064,1362,Eiravati Sharma,31,M,False
1065,1363,Wahab Hayer,51,M,False
1066,1364,Quincy Kibe,19,F,False
1067,1364,Urvi Chakrabarti,43,M,False
1068,1365,Vrinda Khurana,46,F,False
1069,1366,Kiaan Nagy,70,M,False
1070,1371,Ekiya Sarin,51,F,False
1071,1373,Unni Sibal,29,F,False
1072,1375,Chameli Bera,6,F,False
1073,1376,Lakshit Prabhu,72,F,False
1074,1377,Divya Sunder,29,F,False
1075,1379,Naksh Walla,26,M,False
1076,1379,Hemang Narayan,42,M,False
1077,1380,Harita Rao,39,F,False
1078,1382,Anika Raman,36,M,False
1079,1384,Kevin Amble,44,M,False
1080,1385,Ganga Tata,54,M,False
1081,1386,Upma Sankar,45,F,False
1082,1386,Abdul Amble,18,M,False
1083,1388,Parth Kunda,67,F,False
1084,1389,Anmol Korpal,70,M,False
1085,1389,Rishi Bath,18,M,False
1086,1390,Simon Luthra,80,M,False
1087,1391,Anamika Vyas,40,M,False
1088,1394,Avni Badal,47,F,False
1089,1395,Dayamai Bhavsar,24,M,True
1090,1398,Gabriel Prabhu,6,F,False
1091,1402,Balveer Sethi,75,M,False
1092,1404,Nachiket Badal,42,M,False
1093,1405,Gaurang Chaudhry,11,T,False
1094,1407,Maanas Ram,46,F,False
1095,1407,Udarsh Maharaj,77,F,False
1096,1408,Rayaan Nigam,56,F,False
1097,1410,Yashodhara Yogi,44,F,False
1098,1411,Michael Karan,57,M,False
1099,1414,Krish Nagar,45,F,False
1100,1417,Arjun Shukla,52,M,False
1101,1418,Ishwar Samra,34,F,False
1102,1420,Vidhi Sengupta,27,M,False
1103,1421,Ayushman Rajagopalan,28,F,False
1104,1427,Leela Koshy,25,F,False
1105,1429,Lohit Gole,29,M,False
1106,1430,Dominic Krishnan,56,F,False
1107,1430,Anya Radhakrishnan,65,F,False
1108,1431,Bimala Atwal,42,M,False
1109,1433,Vasana Warrior,11,M,False
1110,1433,Onkar Chawla,41,M,False
1111,1434,Suhani Bera,63,M,False
1112,1437,Harshil Murty,32,F,False
1113,1438,Samesh Venkataraman,48,F,False
1114,1439,Chakradhar Borra,64,M,False
1115,1441,Yagnesh Kumar,18,M,False
1116,1442,Chanchal Misra,76,M,False
1117,1442,Priya Ahluwalia,74,F,False
1118,1443,Ishanvi Kota,74,M,False
1119,1444,Ishani Ravel,6,F,False
1120,1445,Charita Cheema,73,F,False
1121,1447,Ronith Kapur,17,M,False
1122,1450,Kalpit Raghavan,12,M,False
1123,1451,Anvi Johal,30,M,False
1124,1452,Chaman Padmanabhan,65,F,False
1125,1453,Imaran Golla,41,F,False
1126,1455,Inaya Bala,30,M,False
1127,1456,Vamakshi Saini,70,M,False
1128,1460,Gopal Sunder,52,T,False
1129,1464,Xalak Mitra,5,M,False
1130,1464,Ladli Das,10,F,False
1131,1465,Nirja Sant,70,M,False
1132,1467,Anya Verma,30,F,False
1133,1468,Sathvik Pau,53,F,False
1134,1469,Abhiram Soni,59,M,False
1135,1469,Brijesh Butala,25,F,False
1136,1470,Abha Baria,35,F,False
1137,1471,Abhimanyu Sodhi,29,M,False
1138,1471,Om Handa,44,M,False
1139,1472,Urishilla Narain,51,M,False
1140,1473,Jack Koshy,61,M,False
1141,1475,Joshua Zachariah,27,F,False
1142,1476,Bhavna Singh,13,M,False
1143,1477,Gunbir Kapadia,74,M,False
1144,1477,Zashil Khatri,53,M,False
1145,1478,Ansh Mall,79,M,False
1146,1478,Aadi Saini,70,M,False
1147,1479,Wridesh Kaur,14,F,False
1148,1480,Sachi Sachdeva,27,F,False
1149,1481,Anmol Vala,11,F,False
1150,1482,Lohit Krishna,64,M,False
1151,1482,Simon Mitra,7,F,False
1152,1484,Sneha Bhat,54,M,False
1153,1484,Tanay Kant,11,M,False
1154,1485,Upkaar Batra,76,F,False
1155,1488,Isha Bali,8,F,False
1156,1489,Hitesh Khatri,5,F,False
1157,1492,Teerth Deshpande,6,M,False
1158,1494,Rohan Chawla,44,T,False
1159,1496,Prisha Jayaraman,41,F,False
1160,1498,Yagnesh Bora,71,F,False
1161,1500,Shivansh Viswanathan,46,M,False
1162,1501,Priya Ramaswamy,57,M,False
1163,1502,Vrinda Pau,64,F,False
1164,1502,Dipta Raju,16,M,False
1165,1503,Jai Bains,34,M,False
1166,1504,Eta Rajagopal,72,M,False
1167,1504,Imaran Dhar,62,M,False
1168,1507,Charles Shanker,42,M,False
1169,1508,Devansh Rana,70,F,False
1170,1509,Max Bala,25,M,False
1171,1510,Wishi Chada,33,F,False
1172,1511,Raghav Dhingra,14,F,False
1173,1511,Kala Chander,71,M,False
1174,1513,Darsh Magar,13,F,False
1175,1514,Tara Nagarajan,11,M,False
1176,1514,Yashasvi Bedi,52,F,False
1177,1517,Jasmit Varty,54,F,False
1178,1517,Panini Varughese,63,F,False
1179,1519,Ijaya Sami,24,M,False
1180,1522,Kamala Bhat,36,F,False
1181,1525,Bina Suresh,77,M,False
1182,1526,Vaishnavi Chokshi,10,F,False
1183,1528,Joshua Chakrabarti,6,F,False
1184,1528,Aarna Kohli,32,M,False
1185,1529,Ishwar Butala,12,F,False
1186,1530,Upadhriti Nayar,71,F,False
1187,1531,Bhanumati Rau,30,T,False
1188,1532,Wriddhish Dugal,14,T,True
1189,1533,Maya Yohannan,6,M,False
1190,1536,Agastya Chakraborty,56,F,False
1191,1537,Aarush Mukherjee,48,F,False
1192,1538,Omisha Samra,76,M,False
1193,1538,Xavier Sahni,7,M,False
1194,1539,Zinal Bhavsar,25,M,False
1195,1541,Prisha Srinivas,42,M,False
1196,1543,Rachit Yogi,36,M,False
1197,1544,Ekantika Tandon,19,F,False
1198,1544,Chaman Bakshi,44,M,False
1199,1546,Jalsa Bassi,59,M,False
1200,1546,Qarin Lala,27,F,False
1201,1549,Pratyush Edwin,29,M,False
1202,1550,Orinder Rajan,30,F,False
1203,1551,William Singh,61,M,False
1204,1552,Sathvik Pathak,49,M,False
1205,1554,Zarna Munshi,42,F,False
1206,1558,Avni Gera,13,M,False
1207,1558,Chakradev Sibal,68,F,False
1208,1559,Kevin Agrawal,45,F,False
1209,1560,Alka Kaul,49,F,False
1210,1560,Vyanjana Narayanan,51,F,False
1211,1561,Manthan Saraf,68,M,False
1212,1562,Aashi Sankar,36,M,False
1213,1563,Ishita Munshi,13,M,False
1214,1568,Jeremiah Sahota,63,F,False
1215,1569,Max Bhandari,67,M,False
1216,1571,Chandani Kothari,49,M,False
1217,1571,Kashish Kar,78,M,False
1218,1575,Laksh Varkey,33,M,False
1219,1578,Wazir Batta,63,M,False
1220,1579,Orinder Bora,64,M,False
1221,1579,Dipta Chaudhry,35,F,False
1222,1580,Manthan Agate,54,F,False
1223,1582,Aarini Chaudhry,11,F,False
1224,1587,Aryan Pradhan,48,M,False
1225,1588,Chasmum Mishra,21,F,False
1226,1589,Indrajit Bora,78,F,False
1227,1591,Lila Uppal,9,F,False
1228,1592,Ishaan Ganesh,57,F,False
1229,1593,Girindra Bumb,51,F,True
1230,1594,Anmol Chahal,21,F,False
1231,1594,Sanya Rattan,75,M,False
1232,1596,Aditya Sant,79,M,False
1233,1598,Gaurang Kakar,48,F,False
1234,1600,Upma Vyas,9,F,False
1235,1601,Kamya Varty,44,F,False
1236,1604,Viraj Lal,60,F,False
1237,1609,Onkar Madan,40,F,False
1238,1611,Nisha Panchal,67,F,False
1239,1613,Unni Barad,9,F,False
1240,1614,Lekha Borra,64,F,False
1241,1614,Avi Iyengar,56,M,False
1242,1615,Parth Banik,53,F,False
1243,1616,Vincent Yogi,42,M,False
1244,1617,Dalaja Date,32,F,False
1245,1619,Rajata Kumar,12,F,False
1246,1619,Yashica Saran,54,F,False
1247,1620,Hemal Bail,40,M,False
1248,1620,Amruta Jayaraman,8,F,False
1249,1623,Anthony Sant,68,F,False
1250,1623,Frederick Lal,76,M,False
1251,1625,Hamsini Bose,12,F,False
1252,1626,Anay Nayak,32,M,False
1253,1628,Wridesh Yohannan,79,M,False
1254,1629,Zaid Varughese,69,M,False
1255,1634,Triya Shenoy,36,M,False
1256,1634,Oscar Sachdev,65,F,False
1257,1636,Ayaan Khatri,21,M,False
1258,1638,Chakradhar Mall,56,M,False
1259,1639,Gauri Sami,67,M,False
1260,1640,Unnati Balakrishnan,47,M,False
1261,1641,Yadavi Kale,63,F,False
1262,1642,Aadi Mand,17,F,False
1263,1643,Anya Gala,54,F,False
1264,1643,Vincent Aggarwal,34,M,False
1265,1644,Owen Dugal,55,M,False
1266,1645,Gaurang Wali,47,M,False
1267,1647,Harshil Badal,53,M,False
1268,1648,Chasmum Chandran,80,M,False
1269,1650,Dalbir Virk,22,F,False
1270,1651,Thomas Mukhopadhyay,78,M,False
1271,1653,Gagan Merchant,32,F,False
1272,1655,Chaman Anne,71,F,False
1273,1656,Jagdish Gour,11,M,False
1274,1657,Fitan Chauhan,56,F,False
1275,1661,Ubika Loke,45,M,False
1276,1662,Gaurang Merchant,7,F,False
1277,1664,Shravya Rastogi,50,M,False
1278,1665,Girindra Ramachandran,15,M,False
1279,1666,Lakshit Bajaj,72,M,False
1280,1667,Forum Dara,36,M,False
1281,1668,Ridhi Dave,7,M,False
1282,1669,Odika Narula,43,F,False
1283,1669,Manthan Ganesan,57,M,False
1284,1672,Vaishnavi Natt,64,F,False
1285,1673,Devansh Manne,15,M,False
1286,1674,Rajata Mukhopadhyay,24,M,False
1287,1676,Tanveer Mody,16,F,False
1288,1679,Advika Mahajan,42,F,False
1289,1679,Amol Pai,28,M,False
1290,1680,Warhi Deshpande,13,M,False
1291,1682,Ekaja Dewan,18,M,False
1292,1683,Vanya Vala,47,M,False
1293,1683,Bhavya Rana,38,F,False
1294,1684,Gopal Mohanty,6,F,False
1295,1687,Aarnav Lata,70,M,False
1296,1687,Vidhi Ravel,60,F,False
1297,1688,Turvi Sha,60,F,False
1298,1689,Oscar Pandey,27,M,False
1299,1690,Tanish Murthy,37,F,False
1300,1691,Vedika Mitra,68,F,False
1301,1692,Jacob Hari,56,M,False
1302,1693,Aachal Tailor,15,M,False
1303,1693,Yatan Mannan,78,F,False
1304,1699,Chakradev Suresh,8,F,True
1305,1700,Hemani Chhabra,26,F,False
1306,1700,Abhimanyu Borde,15,F,False
1307,1702,Aryan Varghese,17,F,False
1308,1702,Hema Golla,23,F,False
1309,1703,Pushti Chawla,5,M,False
1310,1705,Damini Ramesh,42,F,False
1311,1705,Siya Lalla,46,F,False
1312,1706,Frederick Kala,20,F,False
1313,1709,Ekiya Loke,39,F,False
1314,1710,Megha Manne,13,F,False
1315,1710,Vasudha Batra,51,F,False
1316,1711,Vasudha Sama,24,M,False
1317,1713,Upkaar Edwin,8,F,False
1318,1714,Vidhi Aurora,74,F,False
1319,1715,Mekhala Dhar,57,M,False
1320,1716,Owen Chowdhury,32,F,False
1321,1716,Aryan Uppal,73,M,False
1322,1717,Yahvi Misra,66,M,False
1323,1720,Advik Kannan,67,F,False
1324,1721,Chavvi Borah,21,F,False
1325,1722,Ekani Joshi,18,F,False
1326,1726,Suhani Parsa,19,M,False
1327,1726,Vansha Sachdev,75,F,False
1328,1728,Max Ganesan,27,F,False
1329,1729,Radha Raghavan,33,F,False
1330,1729,Nikita Bir,10,F,False
1331,1730,Kavya Sidhu,61,F,False
1332,1732,Oliver Mani,42,M,False
1333,1732,Nihal Kata,75,F,False
1334,1733,Aarnav Rastogi,51,F,False
1335,1733,Kalpit Halder,52,M,False
1336,1734,Bhavna Wali,22,F,False
1337,1734,Harini Korpal,63,M,False
1338,1737,Nandini Sachdeva,44,M,False
1339,1738,Janaki Rege,35,F,False
1340,1739,Benjamin Gola,57,F,False
1341,1740,Ekalinga Rao,69,M,False
1342,1741,Nidra Sagar,79,M,False
1343,1742,Charan Karpe,5,F,False
1344,1742,Christopher Srivastava,41,M,False
1345,1744,Triveni Amble,18,F,False
1346,1745,Jonathan Khanna,70,F,False
1347,1746,Harshil Oza,74,F,False
1348,1746,Ekantika Dash,12,F,False
1349,1747,Chandani Sibal,55,F,False
1350,1748,Aarna Mishra,9,F,False
1351,1748,Damini Hora,54,F,False
1352,1749,Udant Vasa,79,F,False
1353,1751,Dominic Saini,15,F,False
1354,1756,Brijesh Jain,7,F,False
1355,1758,Jeet Rattan,24,M,False
1356,1761,Chandresh Golla,39,M,False
1357,1761,Pallavi Mukherjee,70,F,False
1358,1762,Chaitanya Naik,79,F,False
1359,1763,Ishanvi Nair,21,F,False
1360,1765,Ekapad Singhal,11,M,False
1361,1766,Arunima Rout,76,M,False
1362,1766,Anay Sani,42,F,False
1363,1767,Benjamin Mann,24,F,False
1364,1767,Christopher Murthy,48,F,False
1365,1768,Ikbal Basu,50,F,False
1366,1769,Nikita Trivedi,10,M,False
1367,1769,Indira Chakrabarti,66,M,False
1368,1770,Lajita Srinivas,59,M,False
1369,1771,Indira Salvi,8,F,False
1370,1773,Ladli Vyas,20,F,False
1371,1774,Neelima Johal,47,F,False
1372,1776,Wyatt Badami,23,F,False
1373,1777,Maanas Lala,6,M,False
1374,1777,Lakshit Prasad,59,F,False
1375,1778,Neelima Shanker,76,F,False
1376,1778,Zinal Uppal,70,M,False
1377,1779,Ayushman Buch,46,M,False
1378,1782,Udarsh Mangat,19,F,False
1379,1782,Kashish Raja,60,M,False
1380,1784,Ishwar Gole,40,F,False
1381,1785,Ekantika Manda,46,M,False
1382,1786,Turvi Bose,17,F,False
1383,1787,Aryan Lalla,43,F,False
1384,1788,Daksha Sunder,16,F,False
1385,1788,Siddharth Mann,70,F,False
1386,1789,Hemang Muni,8,F,False
1387,1791,Anita Murty,11,M,False
1388,1793,Shivani Aggarwal,11,F,False
1389,1795,Avi Walla,18,M,False
1390,1796,Baljiwan Rama,57,F,False
1391,1797,Nidra Chhabra,73,F,False
1392,1798,Indrajit Borah,20,F,False
1393,1800,Kavya Edwin,77,M,False
1394,1801,Leena Raval,7,M,True
1395,1802,Max Hayre,65,M,False
1396,1804,Veer Nagarajan,5,M,False
1397,1804,Jeremiah Dani,33,F,False
1398,1806,Vedika Ahluwalia,59,F,False
1399,1806,Wazir Krishna,67,M,False
1400,1807,Arjun Ghose,66,M,False
1401,1812,Jairaj Srivastava,68,M,False
1402,1812,Dev Kapoor,35,F,False
1403,1813,Dominic Sachdev,9,F,False
1404,1814,Suhani Chaudry,79,F,False
1405,1815,Radhika Tripathi,50,M,False
1406,1816,Ekani Tata,49,M,False
1407,1816,Frederick Nath,31,F,False
1408,1817,Warinder Sidhu,55,F,False
1409,1817,Jackson Sachar,48,F,True
1410,1818,Utkarsh Shah,43,M,False
1411,1819,Mahika Shah,64,M,False
1412,1820,Samesh Johal,67,F,False
1413,1825,Yochana Contractor,10,M,False
1414,1826,Siya Desai,13,F,False
1415,1827,Rudra Shan,5,F,False
1416,1828,Pooja Rajan,31,F,False
1417,1829,Lopa Chaudhary,33,M,False
1418,1829,Mahika Lalla,49,F,False
1419,1832,Yash Gaba,64,F,False
1420,1834,Yashawini Saran,56,F,False
1421,1834,Ubika Sehgal,26,F,False
1422,1836,Pratyush Bath,35,M,False
1423,1838,Luke Sathe,63,M,False
1424,1838,Ekta Chawla,15,M,False
1425,1839,Abhimanyu Varkey,50,F,False
1426,1842,Upma Khalsa,63,F,False
1427,1844,Chameli Seth,50,F,False
1428,1844,Ikbal Raman,34,F,False
1429,1845,Omaja Bora,9,M,False
1430,1846,Unnati Shroff,52,M,False
1431,1847,Barkha Arya,45,F,False
1432,1848,Divya Hayre,43,F,False
1433,1849,Adweta Bera,51,F,False
1434,1849,Logan Dave,79,F,False
1435,1851,Dayamai Lanka,57,M,False
1436,1852,Raksha Ravel,22,F,False
1437,1856,Rachana Shere,5,F,False
1438,1857,Tanvi Sarin,57,F,False
1439,1860,Matthew Dutt,31,M,False
1440,1863,Triya Kalla,76,M,False
1441,1863,Udyati Krishna,7,M,False
1442,1864,Eesha Srinivas,63,F,False
1443,1866,Falan Varty,65,F,False
1444,1869,Vedika Chauhan,54,F,False
1445,1869,Onkar Baral,68,F,False
1446,1870,Saanvi Raghavan,62,F,False
1447,1871,Bakhshi Acharya,70,F,False
1448,1875,Daksh Manda,32,T,False
1449,1876,Sara Raghavan,45,F,False
1450,1878,Rajeshri Kadakia,55,M,False
1451,1879,Jackson Chana,28,F,False
1452,1881,Balveer Dugal,35,M,False
1453,1882,Zansi Sule,65,F,False
1454,1882,Lohit Bhatt,68,F,False
1455,1883,Adweta Sani,56,M,False
1456,1884,Triya Singhal,9,F,False
1457,1885,Ojasvi Aggarwal,11,F,False
1458,1886,Xavier Sami,12,F,False
1459,1889,Indira Sahota,75,T,False
1460,1890,Megha Saha,14,M,False
1461,1891,Chaman Buch,19,M,False
1462,1893,Saumya Banik,63,M,False
1463,1893,Mitesh Basu,71,F,False
1464,1895,Ayush Kohli,44,F,False
1465,1897,Ganga Kala,19,M,False
1466,1899,Shivani Shanker,21,F,False
1467,1899,Chaaya Chawla,42,F,False
1468,1902,Oviya Maharaj,45,M,False
1469,1909,Xiti Gade,69,M,False
1470,1910,Vyanjana Merchant,72,M,False
1471,1913,Janaki Gala,62,F,False
1472,1914,Laban Khalsa,67,F,False
1473,1915,Ekapad Jaggi,61,T,False
1474,1916,William Mannan,41,F,False
1475,1916,Jack Dada,51,T,False
1476,1917,Bakhshi Gaba,66,M,False
1477,1918,Rehaan Nagi,30,M,False
1478,1919,Teerth Chanda,67,F,False
1479,1921,Ayaan Tailor,80,M,False
1480,1923,Christopher Mutti,52,F,False
1481,1924,Mekhala Ranganathan,73,F,False
1482,1924,Laksh Kota,10,M,False
1483,1927,Arjun Kala,66,F,False
1484,1928,Wridesh Wali,62,F,False
1485,1931,Balvan Ratta,20,F,False
1486,1932,Ishita Varghese,22,M,False
1487,1934,Oeshi Yohannan,16,M,False
1488,1935,Indali Kuruvilla,32,M,False
1489,1936,Hamsini Pandya,25,F,False
1490,1936,Panini Balakrishnan,52,F,False
1491,1938,Christopher Nair,67,F,False
1492,1940,Ranbir Som,43,M,False
1493,1943,Samarth Madan,47,M,False
1494,1944,Chakradhar Bera,49,F,False
1495,1946,Saksham Kala,66,F,False
1496,1946,Omkaar Warrior,61,M,False
1497,1947,Fitan Om,54,M,False
1498,1947,Dhruv Vohra,28,M,False
1499,1948,Omaja Dar,18,F,False
1500,1949,Chasmum Suri,75,F,False
1501,1951,Gabriel Balasubramanian,56,F,False
1502,1953,Aditya Bail,60,F,False
1503,1954,Bakhshi Varma,51,M,False
1504,1956,Yashvi Dyal,38,F,False
1505,1956,Sanya Madan,25,F,False
1506,1957,Upkaar Bhardwaj,23,M,False
1507,1958,Wyatt Anne,78,F,False
1508,1959,Varenya Pillai,72,F,False
1509,1960,Radha Kashyap,40,M,True
1510,1961,Mugdha Dutta,50,M,False
1511,1961,Udyati Dey,47,M,False
1512,1962,Sarthak Krishnamurthy,58,M,False
1513,1963,Avni Peri,41,F,False
1514,1964,Ria Chaudhuri,60,F,False
1515,1965,Jhalak Suri,55,F,False
1516,1966,Janani Jayaraman,77,F,False
1517,1967,Nitesh Chandra,68,M,False
1518,1968,Meghana Sarin,17,M,False
1519,1969,Yatin Dhar,55,M,False
1520,1971,Aarini Nayar,56,F,False
1521,1972,Teerth Balay,65,F,False
1522,1973,Madhavi Shenoy,7,F,False
1523,1974,Bahadurjit Anne,31,F,False
1524,1975,Janani Mammen,30,F,False
1525,1976,Brinda Pau,46,T,False
1526,1977,Wakeeta Kala,71,F,False
1527,1978,Yadavi Khalsa,53,F,False
1528,1980,Tristan Misra,19,F,False
1529,1981,Shaurya Narayanan,57,F,False
1530,1982,Chandani Bhargava,8,F,False
1531,1983,Finn Sandhu,30,M,False
1532,1984,Timothy Kale,8,F,False
1533,1985,Vasatika Hans,32,M,False
1534,1986,Nandini Prakash,74,M,False
1535,1987,Deepa Divan,60,F,False
1536,1987,Nicholas Pau,14,M,False
1537,1988,Ira Gade,19,M,False
1538,1989,Lekha Dubey,18,M,False
1539,1989,Aadhya Zachariah,23,F,False
1540,1991,Rohan Bhargava,74,M,False
1541,1991,Ekta Parikh,60,M,False
1542,1993,Zilmil Das,44,F,False
1543,1994,Xalak Chaudry,63,M,False
1544,1994,Balvan Keer,25,F,False
1545,1995,Gaurangi Thaker,48,M,False
1546,1997,Bina Parmer,37,T,False
1547,1997,Saanvi Sankar,79,M,False
1548,1998,Liam Vohra,47,F,False
1549,1999,Lila Dayal,18,F,False
1550,2002,Januja Tank,79,F,False
1551,2003,Madhavi Bandi,43,M,False
1552,2005,Manthan Kibe,55,F,False
1553,2006,Anika Kuruvilla,53,F,False
1554,2007,Vasatika Dora,34,M,False
1555,2008,George Kalla,11,F,False
1556,2010,Wakeeta Dixit,24,F,False
1557,2011,Aryan Narula,7,F,False
1558,2012,Ladli Radhakrishnan,32,M,False
1559,2014,Harshil Prabhu,54,M,False
1560,2015,Jairaj Aurora,33,F,False
1561,2017,George Bakshi,8,F,False
1562,2021,Jacob Muni,33,F,False
1563,2026,Zayyan Lalla,10,F,False
1564,2026,Harini Verma,28,M,False
1565,2027,Lopa Keer,54,M,False
1566,2029,Peter Suresh,51,F,True
1567,2031,Rachana Swamy,42,F,False
1568,2032,Darika Mandal,45,F,False
1569,2033,Gagan Agate,10,M,False
1570,2033,Gunbir Rajagopalan,74,M,False
1571,2034,Balhaar Ramesh,25,F,False
1572,2036,Reva Dutt,43,M,False
1573,2037,Xalak Jha,10,M,True
1574,2038,Bakhshi Viswanathan,48,M,False
1575,2039,Anita Taneja,25,M,False
1576,2040,Indali Ramesh,21,F,False
1577,2041,Kai Kulkarni,38,F,False
1578,2042,Utkarsh Kuruvilla,19,F,False
1579,2043,Abhimanyu Prasad,35,M,False
1580,2044,Niharika Raghavan,64,F,False
1581,2045,Patrick Kurian,40,F,False
1582,2046,Amaira Ramesh,31,F,False
1583,2046,Baljiwan Kota,72,M,False
1584,2048,Ishwar Ramanathan,39,M,False
1585,2049,Sanya Prabhu,79,M,False
1586,2052,Imaran Datta,72,M,False
1587,2052,Vyanjana Shenoy,16,M,False
1588,2053,Gaurika Tiwari,80,F,False
1589,2054,Balendra Sha,9,T,False
1590,2055,Kai Srinivas,11,M,False
1591,2055,Yoshita Bhardwaj,12,F,False
1592,2056,Zilmil Nanda,60,F,False
1593,2058,Noah Korpal,12,F,False
1594,2059,Nihal Bal,25,M,False
1595,2060,Kabir Iyer,41,M,False
1596,2062,Kavya Chad,78,M,False
1597,2062,Vedika Dhillon,45,F,False
1598,2063,Gayathri Nigam,51,M,False
1599,2064,Eshana Balasubramanian,17,M,False
1600,2064,Aadhya Mani,67,F,False
1601,2066,Bhanumati Dalal,8,M,False
1602,2066,Teerth Varkey,57,F,False
1603,2068,Rajata Sandhu,50,F,False
1604,2069,Timothy Oza,69,F,True
1605,2069,Om Seshadri,69,M,False
1606,2073,Chaaya Iyer,60,F,True
1607,2074,Osha Banik,80,F,False
1608,2075,Nidra Mane,71,F,False
1609,2078,Viraj Mistry,70,F,False
1610,2080,Urvi Sawhney,10,F,False
1611,2080,Anjali Ganguly,56,M,False
1612,2081,Netra Mukhopadhyay,16,M,False
1613,2081,Rohan Mallick,39,F,False
1614,2083,Quincy Ben,26,F,False
1615,2085,Kamya Sharma,17,F,False
1616,2086,Balhaar Pillai,43,M,False
1617,2087,Brijesh Bhat,8,M,False
1618,2088,Laksh Bedi,57,F,False
1619,2089,Edhitha Nagarajan,18,F,False
1620,2090,Pallavi Roy,52,M,False
1621,2093,Isaiah Mann,14,M,False
1622,2093,Edhitha Thakur,79,M,False
1623,2095,Mohammed Bassi,12,F,False
1624,2095,Yatan Butala,56,M,False
1625,2097,Madhav Krishna,63,M,False
1626,2099,Turvi Borra,58,F,False
1627,2099,Pranav Chacko,78,M,False
1628,2100,Urvashi Bhalla,42,F,False
1629,2101,Azad Divan,50,F,False
1630,2101,Patrick Randhawa,14,M,False
1631,2102,Diya Chaudhari,37,F,False
1632,2103,Samaksh Khanna,34,M,False
1633,2104,Baghyawati Dar,74,F,False
1634,2105,Advaith Madan,68,F,False
1635,2109,Lavanya Pillay,14,F,False
1636,2110,Atharv Dave,67,M,False
1637,2111,Rajata Aggarwal,49,M,False
1638,2112,Arjun Padmanabhan,40,F,False
1639,2114,Isaac Ganesh,25,F,False
1640,2120,Aradhana Swaminathan,17,F,False
1641,2121,Siya Kashyap,70,M,False
1642,2121,Joshua Devan,76,F,False
1643,2122,Aradhana Sarna,80,F,False
1644,2123,Chasmum Nagar,54,F,False
1645,2125,Niharika Wason,42,M,False
1646,2126,Anjali Lata,24,M,False
1647,2127,Reyansh Palla,24,F,False
1648,2127,Mason Contractor,46,M,False
1649,2130,Rachit Mittal,59,M,False
1650,2131,Omkaar Dhawan,45,M,False
1651,2133,Frederick Goel,51,M,False
1652,2134,Zehaan Chada,13,F,False
1653,2134,Anamika Dara,68,M,False
1654,2136,Urvashi Garde,30,F,False
1655,2136,Forum Goel,51,F,False
1656,2137,Imaran Mane,52,F,False
1657,2138,Azaan Chokshi,28,F,False
1658,2139,Neha Patla,75,F,False
1659,2141,David Varughese,53,M,False
1660,2143,Xavier Dugar,32,F,False
1661,2145,Charles Zacharia,49,F,False
1662,2148,Pranav Sunder,60,M,False
1663,2149,Tripti Sandhu,26,M,False
1664,2149,Vanya Baral,77,F,False
1665,2150,Rachit Buch,69,F,False
1666,2151,Kavya Ahuja,24,M,False
1667,2153,Bakhshi Narang,65,F,False
1668,2154,Victor Sanghvi,48,F,False
1669,2155,Yadavi Shukla,18,M,False
1670,2157,Gagan Mohan,6,F,False
1671,2158,Rachana Natt,15,M,False
1672,2158,Atharv Bala,13,M,False
1673,2159,Daksha Borra,39,M,False
1674,2161,Damyanti Mody,71,M,False
1675,2163,Kiaan Batta,54,M,False
1676,2167,Neha Muni,38,M,False
1677,2168,Mahika Dey,80,M,False
1678,2169,Finn Mutti,40,F,False
1679,2170,Isha Hegde,31,M,False
1680,2171,Balendra Sengupta,41,F,False
1681,2172,Ekansh Dash,14,F,False
1682,2173,Ati Chandran,47,F,False
1683,2173,Deepa Sane,30,F,False
1684,2174,Brinda Mital,23,F,False
1685,2177,Aahana Bhasin,69,M,False
1686,2178,Unni Bains,32,F,False
1687,2179,Ojas Sheth,71,M,False
1688,2180,Chaman Balakrishnan,54,M,False
1689,2181,Ikbal Bhavsar,51,M,False
1690,2181,Avi Devan,44,F,False
1691,2185,Deepa Balay,71,M,False
1692,2186,Yasti Bhalla,52,M,False
1693,2188,Bhavika Mahal,32,M,False
1694,2189,Madhavi Mishra,34,M,False
1695,2190,Arjun Sidhu,24,F,False
1696,2193,Yashoda Wali,16,F,False
1697,2195,Maanav Mammen,72,M,False
1698,2196,Arunima Ramachandran,58,F,False
1699,2196,Jeevika Chaudhary,20,F,False
1700,2197,Vansha Manne,49,F,False
1701,2198,Kiaan Sastry,52,F,False
1702,2200,Aayush Hayer,23,F,False
1703,2202,Charan Dutta,62,T,False
1704,2202,Kashvi Bala,72,F,False
1705,2203,Matthew Gera,25,M,False
1706,2204,Shaurya Borra,56,M,False
1707,2204,Zaitra Shetty,28,M,False
1708,2205,Radha Aggarwal,14,F,False
1709,2207,Chavvi Nayak,9,M,False
1710,2209,Balveer Morar,28,F,False
1711,2211,Divya Sekhon,60,F,False
1712,2211,Faqid Chadha,24,M,False
1713,2212,Warinder Sengupta,79,F,False
1714,2213,Anamika Sarraf,8,M,False
1715,2215,Veda Goyal,57,M,False
1716,2216,Ishwar Pillai,77,M,False
1717,2217,Chakradhar Jha,43,M,False
1718,2218,Ayaan Tara,37,M,False
1719,2219,Wriddhish Kota,25,F,False
1720,2219,Azad Behl,72,M,False
1721,2220,Lakshmi Khare,43,M,False
1722,2220,Rajeshri Grewal,33,M,False
1723,2222,Damyanti Bhavsar,13,F,False
1724,2223,Fitan Dyal,6,F,False
1725,2225,Madhavi Amble,64,F,False
1726,2226,Ria Rattan,31,F,False
1727,2227,Vasana Ramesh,70,M,False
1728,2228,Ekavir Swaminathan,45,F,False
1729,2229,Banjeet Sachdeva,76,M,False
1730,2230,Rachana Jain,78,F,False
1731,2232,Nandini Pandya,12,M,False
1732,2233,Kiaan Mann,43,F,False
1733,2235,Samar Pant,77,M,False
1734,2238,Gautam Agrawal,44,M,False
1735,2239,Nathan Chaudhuri,43,F,False
1736,2240,Qadim Dora,62,F,False
1737,2241,Bhavna Gulati,26,M,False
1738,2241,Leela Dave,25,F,False
1739,2242,Dipta Munshi,32,F,False
1740,2242,Dominic Mahal,41,M,False
1741,2245,Vrinda Soman,16,F,False
1742,2245,Vrishti Sarin,65,F,False
1743,2246,Hredhaan Mani,31,F,False
1744,2248,Nakul Sodhi,52,F,False
1745,2252,Omya Chander,29,T,False
1746,2252,Manan Dugar,43,F,False
1747,2254,Pallavi Kakar,37,F,False
1748,2254,Hema Varkey,72,F,False
1749,2255,Turvi Bala,47,M,False
1750,2256,Gaurangi Dara,53,M,False
1751,2260,Mekhala Sachdev,70,F,False
1752,2262,Manthan Mukhopadhyay,68,M,False
1753,2264,Chavvi Rastogi,23,F,True
1754,2264,Manya Purohit,11,F,False
1755,2266,Krishna Rai,27,M,False
1756,2267,Vinaya Konda,20,F,False
1757,2268,Zayan Sani,37,F,False
1758,2269,Chanakya Radhakrishnan,55,F,False
1759,2270,Zashil Kumar,25,F,True
1760,2270,Yatan Parsa,52,F,False
1761,2273,Faraj Rajan,46,F,False
1762,2274,Xavier Rana,25,F,False
1763,2276,Vedika Nagarajan,8,F,False
1764,2277,Dayamai Wagle,48,F,False
1765,2277,Aarini Kamdar,30,F,False
1766,2278,Jack Comar,18,M,False
1767,2279,Saksham Mandal,27,M,False
1768,2280,Alka Borra,57,F,False
1769,2281,Rajeshri Sibal,52,F,False
1770,2282,Yashasvi Choudhry,26,F,False
1771,2282,Rachita Sidhu,57,F,False
1772,2285,Falan Bhat,33,M,False
1773,2286,Nihal Manne,42,M,False
1774,2286,Vrishti Sekhon,72,M,False
1775,2287,Banjeet Nori,56,M,False
1776,2289,Warinder De,80,F,False
1777,2290,Chavvi Barman,22,F,False
1778,2291,Triveni Bawa,35,M,False
1779,2292,Jai Bhatia,19,F,False
1780,2294,Aayush Krishnamurthy,68,M,False
1781,2296,Xavier Thakur,56,M,False
1782,2297,Karan Khatri,80,F,False
1783,2299,George Prasad,8,M,False
1784,2299,Rohan Kumer,46,F,False
1785,2300,Teerth Hayer,67,F,False
1786,2300,Tripti Balay,27,F,False
1787,2302,Gaurangi Sridhar,56,F,False
1788,2303,Jeevika Borde,55,F,False
1789,2305,Diya Dar,9,M,False
1790,2307,Ekta Hegde,73,F,False
1791,2308,Om Morar,69,M,False
1792,2309,Ishaan Bala,61,M,False
1793,2310,Faras Lata,62,M,False
1794,2310,Fiyaz Palla,17,F,False
1795,2312,Kiaan Chowdhury,9,F,False
1796,2313,Ekansh Mangal,20,F,False
1797,2315,Victor Balakrishnan,7,F,False
1798,2315,Dipta Tara,29,F,False
1799,2316,Harshil Nadig,26,M,False
1800,2317,Upadhriti Ramaswamy,26,M,False
1801,2318,Deepa Mangal,70,F,False
1802,2318,Arin De,60,F,False
1803,2319,Upma Setty,27,F,False
1804,2320,Zayyan Pandit,45,M,False
1805,2324,Omisha Bobal,66,F,False
1806,2327,Chanakya Korpal,11,F,False
1807,2328,Pratyush Babu,9,M,False
1808,2329,Hema Shan,69,F,False
1809,2331,Kamya Jha,22,T,False
1810,2331,Chandran Yogi,52,F,False
1811,2332,Ayush Shetty,41,F,False
1812,2333,Hitesh Nagarajan,24,F,False
1813,2333,Chameli Mohan,54,F,False
1814,2337,Ayushman Kuruvilla,55,F,False
1815,2340,Pallavi Suri,78,M,False
1816,2340,Hemal Basu,42,F,False
1817,2341,Hitesh Sachdev,12,M,False
1818,2343,Pallavi Raman,28,F,False
1819,2343,Idika Parmer,52,F,False
1820,2344,Wriddhish Salvi,11,M,False
1821,2345,Karan Lal,62,F,False
1822,2347,Charan Lad,27,M,False
1823,2348,Wahab Agrawal,35,M,False
1824,2349,Yadavi Sandal,44,M,False
1825,2350,Samuel Pandit,36,M,False
1826,2351,Dhruv Agarwal,73,M,False
1827,2352,Joshua Morar,24,F,False
1828,2356,Chandran Ghose,38,M,False
1829,2357,Forum Sachdeva,49,F,False
1830,2357,Guneet Oommen,19,F,False
1831,2358,Forum Doshi,8,F,False
1832,2360,Hiral Devan,38,F,False
1833,2362,Hemal Oak,42,F,False
1834,2362,Bahadurjit Chana,5,F,False
1835,2363,Bhavani Chahal,78,F,False
1836,2363,Tripti Balasubramanian,57,F,False
1837,2364,Aadi Dey,23,F,False
1838,2365,Saanvi Gade,46,F,False
1839,2367,Bhavini Hari,27,F,False
1840,2368,Anika Sandal,37,M,False
1841,2368,Wridesh Bedi,22,F,False
1842,2369,Anita Tandon,73,F,False
1843,2370,Jason Mutti,66,F,False
1844,2371,Aarini Ramanathan,19,M,False
1845,2372,Kritika Tank,21,F,False
1846,2373,Jagrati Bir,20,F,False
1847,2375,Omya Sidhu,16,F,False
1848,2376,Saksham Mukherjee,45,F,False
1849,2377,Pranit Rajan,71,F,False
1850,2378,Jacob Kapadia,76,F,False
1851,2379,Nachiket Wali,50,M,False
1852,2380,Agastya Kadakia,60,M,False
1853,2381,Kritika Naik,64,M,False
1854,2382,Diya Karnik,79,F,False
1855,2383,Rachita Soni,71,F,False
1856,2384,Warda Bansal,72,F,False
1857,2384,Darpan Sachdev,39,F,False
1858,2385,Darpan Goel,47,F,False
1859,2386,Charita Parsa,37,M,False
1860,2387,Upma Wali,15,M,False
1861,2387,Neha Handa,67,M,False
1862,2388,Madhavi Dyal,57,M,False
1863,2388,Turvi Krishna,63,M,False
1864,2389,Avni Chana,57,M,False
1865,2390,Eesha Yohannan,80,F,False
1866,2391,Aditya Morar,67,F,False
1867,2392,Orinder Zacharia,30,M,True
1868,2393,Parth Kade,76,M,False
1869,2394,Faras Ranganathan,36,F,False
1870,2397,Keya Sankar,35,F,False
1871,2399,Lopa Ahuja,76,M,False
1872,2400,Arjun Saha,79,F,False
1873,2401,Robert Pal,74,M,False
1874,2402,Zaitra Prasad,75,F,False
1875,2402,Om Kohli,50,F,False
1876,2403,Faris Kumar,19,M,False
1877,2404,Pratyush Batta,12,F,False
1878,2404,Liam Choudhry,63,M,False
1879,2405,Vansha Kari,20,F,False
1880,2406,Max Khatri,33,M,False
1881,2407,Aarini Kade,50,F,False
1882,2409,Anita Vaidya,65,F,False
1883,2410,Zehaan Mani,45,M,False
1884,2411,Aahana Parikh,45,M,False
1885,2415,Damini Kalita,6,M,False
1886,2418,Amrita Dugar,32,M,False
1887,2420,Bina Balan,27,M,False
1888,2420,Frado Kumar,32,F,False
1889,2421,Ekansh Mukherjee,39,M,False
1890,2423,Dipta Sanghvi,13,M,False
1891,2424,Ekaja Toor,6,F,False
1892,2427,Maanas Dalal,29,M,False
1893,2427,Vritti Walla,27,M,False
1894,2428,Omaja Jani,32,M,False
1895,2428,Ekani Pillay,25,M,False
1896,2430,Charan Sami,65,M,False
1897,2431,Sudiksha Jhaveri,30,M,False
1898,2432,Ekalinga Bhasin,9,M,False
1899,2433,Ekiya Hayer,80,M,False
1900,2436,Nirja Merchant,68,F,False
1901,2437,Niharika Shenoy,20,F,False
1902,2438,Ekbal Randhawa,50,M,False
1903,2441,Mohammed Bhakta,30,F,False
1904,2443,Ekansh Khatri,28,M,False
1905,2444,Nilima Choudhary,21,M,False
1906,2450,Gautami Kothari,18,M,False
1907,2451,Hredhaan Madan,64,M,False
1908,2452,Caleb Krishnamurthy,23,F,False
1909,2453,Ekiya Varma,64,F,False
1910,2454,Harinakshi Puri,74,M,False
1911,2460,Harish Rao,40,F,False
1912,2461,Lekha Kumar,23,M,False
1913,2462,Balhaar Vasa,14,F,False
1914,2463,Rachita Rajagopal,50,M,False
1915,2464,Nihal Dewan,35,M,False
1916,2465,Krish Varkey,48,F,False
1917,2466,Tanay Mall,22,M,False
1918,2469,Raghav Mandal,34,M,False
1919,2470,Shravya Golla,46,M,False
1920,2471,Rachit Chander,54,M,False
1921,2471,Baghyawati Vora,22,M,False
1922,2472,Vrinda Tiwari,79,F,False
1923,2472,Patrick Babu,49,F,False
1924,2473,Wyatt De,10,F,False
1925,2476,Gagan Mand,27,M,False
1926,2477,Anmol Basu,31,F,False
1927,2479,Anjali Dugar,38,F,False
1928,2480,Chaitanya Pai,44,M,False
1929,2481,Aahana Jha,53,F,False
1930,2483,Aarav Singhal,44,M,False
1931,2483,Falan Gopal,10,F,False
1932,2484,Widisha Mahajan,65,M,False
1933,2486,Urvi Chander,53,F,False
1934,2489,Madhavi Dhillon,43,M,False
1935,2490,Yachana Chokshi,48,M,False
1936,2491,Jalsa Misra,69,M,False
1937,2491,Urvi Chakraborty,16,M,False
1938,2492,Henry Kala,63,F,False
1939,2492,Mahika Upadhyay,15,M,False
1940,2493,Bhavna Borra,37,F,False
1941,2494,Kavya Bhatnagar,24,T,False
1942,2496,Manbir Goel,43,F,False
1943,2497,Charita Sundaram,65,F,False
1944,2498,Matthew Venkatesh,51,F,False
1945,2500,Vyanjana Lad,31,F,False
1946,2501,Rishi Rajagopalan,18,M,False
1947,2503,Aadi Golla,40,F,False
1948,2504,Ekantika Gala,18,M,False
1949,2504,Bimala Anand,16,F,False
1950,2505,Isha Sur,11,M,False
1951,2506,Reva Misra,60,F,False
1952,2507,Shravya Mistry,63,M,False
1953,2508,Adweta Lalla,58,F,False
1954,2508,Dhruv Saran,50,F,False
1955,2509,Nakul Buch,20,M,False
1956,2510,Banjeet Balakrishnan,43,M,False
1957,2513,Kamya Hayer,26,F,False
1958,2515,Rajeshri Rajan,63,F,False
1959,2515,Avi Tata,73,M,False
1960,2516,Vihaan Gopal,51,M,False
1961,2518,Xalak Dara,38,F,False
1962,2518,Tara Sathe,38,F,False
1963,2520,Ikshita Butala,24,M,False
1964,2523,Tanveer Bandi,34,F,False
1965,2523,Advika Thaker,7,M,False
1966,2524,Pavani Nayar,58,F,False
1967,2525,Yagnesh Narain,70,F,False
1968,2526,Falguni Walia,74,F,False
1969,2527,Hema Sundaram,80,F,False
1970,2527,Jagvi Sodhi,42,F,False
1971,2528,Jackson Ravi,11,F,False
1972,2528,Akshay Virk,59,M,False
1973,2529,Chakradev Basak,47,F,False
1974,2530,Nidra Barad,33,M,False
1975,2530,Dayita Morar,70,F,False
1976,2533,Ishanvi Kakar,53,M,False
1977,2535,Ikbal Gole,64,M,False
1978,2536,Lekha Dube,62,M,False
1979,2541,Ishwar Kanda,77,M,False
1980,2542,Oscar Soman,33,F,False
1981,2544,Mohammed Nanda,41,F,False
1982,2545,Sarthak Walla,76,F,False
1983,2547,Matthew Raman,57,M,False
1984,2549,Reva Manne,66,M,False
1985,2550,Chaitaly Dora,65,F,False
1986,2550,Amrita Hari,64,M,False
1987,2551,Rachit Balay,6,M,False
1988,2553,Yauvani Babu,24,F,False
1989,2555,Wridesh Sule,13,M,False
1990,2559,Irya Gour,14,M,False
1991,2559,Meghana Sahota,41,F,False
1992,2562,Waida Mangal,19,M,False
1993,2563,Owen Dua,54,F,False
1994,2568,Nidra Balasubramanian,8,F,False
1995,2569,Kalpit Raju,54,F,False
1996,2570,Devansh Soman,58,F,False
1997,2571,Imaran Pathak,42,M,False
1998,2571,Ethan Apte,5,M,False
1999,2572,Janaki Gopal,5,M,False
2000,2573,Guneet Bhagat,24,M,False
2001,2574,Urishilla Chada,25,M,False
2002,2574,Geetika Handa,59,F,False
2003,2576,Ria Kalla,72,M,False
2004,2578,Ayush Ram,56,F,False
2005,2579,Suhani Gaba,70,F,False
2006,2580,Azaan Bhatt,35,F,False
2007,2584,Hamsini Dixit,67,F,False
2008,2585,Rachita Madan,10,M,False
2009,2585,Aditya Sani,50,F,False
2010,2586,Chakradev Sule,43,M,False
2011,2586,Ekani Sethi,6,M,True
2012,2587,Upasna Kothari,27,M,False
2013,2588,Aayush Kala,50,F,False
2014,2589,Ansh Narang,29,M,False
2015,2590,Sanya Dua,40,M,False
2016,2592,Peter Sura,56,F,False
2017,2595,Pushti Dasgupta,55,F,False
2018,2598,Dominic Mani,77,M,False
2019,2599,Chakrika Gopal,26,M,False
2020,2600,Frederick Khatri,11,F,False
2021,2600,Hemang Chaudry,71,F,False
2022,2601,Bhavya Chawla,20,F,False
2023,2601,Siddharth Dewan,27,M,False
2024,2602,Varsha Arora,12,F,False
2025,2602,Ria Venkataraman,26,F,False
2026,2604,Yatin Zachariah,67,F,False
2027,2606,Vinaya Aurora,27,F,False
2028,2606,Ekani Kaul,40,M,False
2029,2607,Yasti Bala,53,M,False
2030,2607,Vincent Varughese,11,M,False
2031,2608,Yutika Sunder,59,F,False
2032,2610,Harish Biswas,20,F,False
2033,2611,Aadhya Bhandari,40,F,False
2034,2612,Chakradev Sood,11,M,False
2035,2614,Kai Bajwa,18,F,False
2036,2619,Anita Sant,50,M,False
2037,2621,Onkar Patel,24,M,False
2038,2622,Fiyaz Hans,42,F,False
2039,2622,Upma Narula,74,M,False
2040,2623,Jhalak Narayan,6,F,False
2041,2625,Urmi Bhardwaj,74,M,False
2042,2627,Anmol Ahluwalia,63,F,False
2043,2628,Vansha Sahota,60,F,False
2044,2630,Ranveer Patla,57,M,False
2045,2631,Eiravati Dada,71,F,False
2046,2632,Indrajit Magar,42,M,False
2047,2633,Jagvi Pillay,24,F,False
2048,2635,Harita Kale,70,M,False
2049,2638,Ronith Patel,66,M,False
2050,2639,Bhavna Bhattacharyya,33,M,False
2051,2639,Lopa Hans,37,F,False
2052,2641,Sathvik Bera,9,F,False
2053,2642,Vincent Gokhale,63,F,False
2054,2643,Jacob Dalal,38,F,False
2055,2645,Sarthak Subramaniam,14,M,False
2056,2646,Yagnesh Andra,48,M,False
2057,2646,Saumya Soman,49,F,False
2058,2650,Harish Nadig,57,M,False
2059,2653,Kala Kadakia,57,F,False
2060,2654,Anvi Halder,71,M,False
2061,2655,Fiyaz Ahluwalia,64,M,False
2062,2656,Pooja Rau,64,M,False
2063,2658,Niharika Bhardwaj,33,F,False
2064,2659,Mason Nadig,38,M,False
2065,2660,Dakshesh Ram,67,M,False
2066,2662,Christopher Pillay,23,F,False
2067,2663,Vyanjana Raj,10,M,False
2068,2664,Caleb Bhattacharyya,49,M,False
2069,2665,Sachi Bassi,53,F,False
2070,2668,Akshay Buch,46,F,False
2071,2668,Ijaya Choudhry,41,F,False
2072,2669,Janani Shan,77,M,False
2073,2670,Viraj Mistry,24,F,False
2074,2671,Pahal Sheth,77,M,False
2075,2673,Oeshi Char,70,M,False
2076,2675,Eesha Dasgupta,41,M,False
2077,2678,Widisha Chatterjee,36,M,False
2078,2679,Brinda Varma,71,F,False
2079,2679,Wridesh Kashyap,30,F,False
2080,2681,Bhavani Mandal,74,M,False
2081,2682,Vrinda Wagle,70,F,False
2082,2685,Logan Yadav,57,M,False
2083,2688,Priya Kala,27,M,False
2084,2689,Charan Peri,32,M,False
2085,2690,Chameli Chadha,70,M,False
2086,2691,Frado Mohan,62,F,False
2087,2692,Hritik Walla,9,M,False
2088,2694,Arjun Mukherjee,65,M,False
2089,2695,Michael Ramachandran,78,F,False
2090,2695,Naveen Shetty,5,M,False
2091,2697,Ucchal Tata,54,F,False
2092,2698,Triveni Wable,37,F,False
2093,2698,Yashasvi Bir,38,M,False
2094,2700,Teerth Dasgupta,5,F,False
2095,2702,Yamini Balan,42,M,False
2096,2702,Pahal Sachdeva,24,F,False
2097,2703,Gaurika Khosla,69,M,False
2098,2704,Ekaja Sur,65,F,False
2099,2705,Hamsini Rama,73,M,False
2100,2706,Azad Wable,18,M,False
2101,2707,Riya Sen,50,M,False
2102,2708,Hemal Dass,11,M,False
2103,2709,Osha Sodhi,73,M,False
2104,2711,Krishna Jain,76,F,False
2105,2712,Kashish Tank,9,M,False
2106,2714,Balhaar Saraf,59,M,False
2107,2715,Manya Parekh,54,M,False
2108,2720,Dayita Mohan,47,F,False
2109,2722,Nisha Aurora,27,T,False
2110,2723,Abha Boase,31,M,False
2111,2724,Krish Talwar,51,F,False
2112,2725,Tanmayi Vohra,46,F,False
2113,2726,Nimrat Seshadri,31,M,False
2114,2727,Yug Bhatti,46,F,False
2115,2727,Aashi Deep,20,F,False
2116,2728,Hema Patla,17,F,False
2117,2729,Bhavini Jayaraman,55,M,False
2118,2730,Ekantika Sengupta,61,M,False
2119,2731,Ethan Chaudhuri,23,F,False
2120,2732,Kala Bala,76,F,False
2121,2732,Aryan Prabhakar,42,M,False
2122,2733,Michael Aggarwal,22,M,False
2123,2733,Charles Kumer,14,F,False
2124,2734,Nicholas Halder,75,M,False
2125,2735,Hritik Kapur,12,M,False
2126,2738,Onveer Tara,22,F,False
2127,2740,Edhitha Hayer,80,F,False
2128,2741,Ishwar Prashad,49,F,False
2129,2741,Diya Rajagopalan,20,F,False
2130,2742,Odika Wable,10,M,False
2131,2743,Isha Cheema,30,F,False
2132,2744,Wahab Magar,72,M,False
2133,2745,Tanvi Hans,5,M,False
2134,2746,Max Khurana,24,F,False
2135,2747,Thomas Arora,80,F,False
2136,2747,Samar Minhas,62,F,False
2137,2750,Hemang Mane,29,F,False
2138,2750,Saanvi Bali,59,F,False
2139,2754,Lavanya Sehgal,41,F,False
2140,2755,Tarak Cherian,22,F,False
2141,2756,Hitesh Vala,69,F,False
2142,2758,Nachiket Talwar,33,M,False
2143,2759,Vansha Shukla,21,M,False
2144,2760,Ati Apte,51,T,False
2145,2760,Varsha Sundaram,68,M,False
2146,2761,Zinal Sachdev,30,F,False
2147,2761,Sara Palan,24,F,False
2148,2762,Anamika Pal,9,F,False
2149,2764,Kamala Lalla,71,M,True
2150,2764,Arunima Kunda,5,F,False
2151,2766,Ojas Nagarajan,7,F,False
2152,2768,Aashi Nanda,42,M,False
2153,2769,Idika Vig,76,M,False
2154,2773,Patrick Doctor,9,F,False
2155,2776,Zilmil Doshi,56,F,False
2156,2777,Hitesh Bhandari,5,F,False
2157,2780,Yasti Balan,64,T,False
2158,2780,Yashasvi Mangat,31,F,False
2159,2785,Karan Kala,12,M,False
2160,2786,Yash Dey,34,M,False
2161,2788,Devansh Kar,33,F,False
2162,2789,Devika Ahluwalia,9,F,False
2163,2789,Aradhana Rama,59,F,False
2164,2790,Naksh Bansal,36,M,False
2165,2793,Samaksh Bhakta,58,F,True
2166,2794,Oeshi Nazareth,72,F,False
2167,2795,Ekaja Thaman,67,M,False
2168,2796,Mahika Patil,30,F,False
2169,2797,Bhavna Edwin,65,M,False
2170,2798,Henry Vig,49,F,False
2171,2798,Nidra Babu,25,F,False
2172,2800,Hiral Sandal,8,F,False
2173,2801,Ayushman Karan,18,M,False
2174,2802,Geetika Kamdar,78,F,False
2175,2802,Chaman Patla,37,F,False
2176,2803,Inaya Mody,7,M,False
2177,2804,Dakshesh Vig,78,F,False
2178,2806,Samaksh Buch,74,M,False
2179,2807,Saumya Bansal,63,F,False
2180,2809,Champak Lal,33,M,False
2181,2810,Zashil Khare,34,M,False
2182,2812,Raagini Soman,42,M,False
2183,2812,Neelima Dhar,14,M,False
2184,2813,Aryan Sarin,64,M,False
2185,2814,Nihal Purohit,15,F,False
2186,2815,Oliver Lalla,45,M,False
2187,2817,Gabriel Chauhan,23,F,False
2188,2818,Priya Khosla,80,F,False
2189,2819,Ekalinga Kamdar,23,F,False
2190,2821,Omisha Mody,40,M,False
2191,2821,Rishi Bhatt,30,F,False
2192,2822,Anirudh Atwal,43,F,False
2193,2822,Udant Hayer,10,M,False
2194,2824,Rachana Bhatti,64,M,False
2195,2825,Farhan Lala,71,M,False
2196,2828,Januja Pai,15,F,False
2197,2830,Mohammed Vaidya,80,M,False
2198,2830,Dayita Atwal,37,M,False
2199,2831,Vasana Yadav,31,M,False
2200,2832,Udant Bhardwaj,55,F,False
2201,2833,Xavier Ghosh,32,F,False
2202,2833,Reva Ganesh,13,M,False
2203,2834,Lopa Tara,59,M,False
2204,2837,Siya Sharaf,17,M,False
2205,2837,Aryan Sagar,33,M,False
2206,2840,Aradhana Nori,62,F,False
2207,2841,Indali Ramakrishnan,22,F,False
2208,2842,Mitali Chopra,17,M,False
2209,2843,Udant Trivedi,63,F,False
2210,2845,Bachittar Ganesan,74,M,False
2211,2846,Ekaja Soman,36,F,False
2212,2848,Ridhi Radhakrishnan,41,M,False
2213,2849,Yashvi Chad,66,F,False
2214,2850,Pranit Sahni,55,M,False
2215,2851,Hritik Mann,58,M,True
2216,2851,Reyansh Saini,44,M,False
2217,2852,Bishakha Menon,18,M,False
2218,2852,Ekaraj Gade,33,F,False
2219,2853,Shaurya Saini,66,F,False
2220,2853,Sanya Vyas,5,F,False
2221,2855,Tejas Sidhu,38,F,False
2222,2855,Oviya Sinha,15,M,False
2223,2860,Matthew Srinivasan,38,M,False
2224,2861,Gautam Korpal,61,F,False
2225,2866,Mekhala Peri,68,M,False
2226,2867,Bhavna Chauhan,51,M,False
2227,2868,Arjun Gaba,13,F,False
2228,2870,Tanmayi Narain,49,F,False
2229,2871,Upkaar Khare,9,F,False
2230,2872,Ekani Sem,8,F,False
2231,2872,Kritika Chacko,21,F,False
2232,2875,Suhani Ghose,69,F,False
2233,2876,Pranit Oza,30,M,False
2234,2877,Elijah Konda,31,T,False
2235,2879,Ria Dugal,60,M,False
2236,2883,Theodore Karnik,76,F,False
2237,2884,Rachit Wagle,61,F,False
2238,2888,Mugdha Batta,21,M,False
2239,2889,Amruta Arya,68,F,False
2240,2891,Anvi Sule,28,F,False
2241,2891,Ayush Suresh,73,M,False
2242,2892,Pranav Chana,46,M,False
2243,2893,Chaman Divan,75,M,False
2244,2894,Jack Barad,61,F,False
2245,2895,Elijah Kumer,27,F,False
2246,2895,Jacob Baral,14,F,False
2247,2896,Kamala Sha,7,F,False
2248,2897,Teerth Subramanian,69,F,True
2249,2897,Neelima Murty,53,M,False
2250,2900,Harita Buch,28,F,False
2251,2901,Lipika Kar,15,M,False
2252,2901,Ayush Bera,49,F,False
2253,2902,Chasmum Modi,65,M,False
2254,2902,Darpan Rao,76,F,False
2255,2903,Kabir Chada,27,F,False
2256,2907,Naveen Krish,42,T,False
2257,2908,Indali Chatterjee,24,F,False
2258,2908,Tristan Dhaliwal,45,M,False
2259,2910,Indali Chacko,6,M,False
2260,2910,Adya Iyengar,78,F,False
2261,2914,Udant Chaudry,17,F,False
2262,2915,Harita Gopal,45,F,False
2263,2916,Ekalinga Sood,18,F,False
2264,2917,Eta Amble,22,M,False
2265,2918,Zarna Misra,50,M,False
2266,2920,Dayamai Chokshi,59,F,False
2267,2920,Panini Pandit,19,F,False
2268,2922,Saanvi Suri,25,T,False
2269,2923,Rehaan Balakrishnan,47,M,False
2270,2925,Sneha Dayal,25,F,False
2271,2927,Mitesh Ranganathan,36,M,False
2272,2928,Isaiah Peri,68,M,False
2273,2928,Ekapad Pall,48,F,False
2274,2930,Amruta Naik,48,F,False
2275,2931,Tamanna Dixit,72,F,False
2276,2932,Nimrat Chadha,7,F,False
2277,2934,Chaitanya Ghosh,36,F,False
2278,2935,Ansh Bhalla,41,M,False
2279,2935,Ishani Shan,62,F,False
2280,2936,Amrita Samra,45,M,False
2281,2937,Bhavika Sule,10,F,False
2282,2940,Faris Tiwari,22,M,False
2283,2940,Aishani Desai,48,M,False
2284,2941,Jagvi Parikh,76,M,False
2285,2943,Charan Bhagat,59,M,False
2286,2943,Hemal Pandey,19,M,False
2287,2945,Simon Hayre,8,F,False
2288,2946,Rayaan Koshy,79,M,False
2289,2948,Zayyan Jha,66,F,False
2290,2950,Ekani Hari,57,M,False
2291,2954,Ijaya Mohanty,47,F,False
2292,2954,Onveer Keer,55,F,True
2293,2957,Anusha Johal,51,M,False
2294,2959,Warhi Barad,51,M,False
2295,2959,Ganga Dora,39,M,False
2296,2962,Aayush Lata,20,M,False
2297,2963,Gaurika Pau,51,M,False
2298,2965,Aarush Sharma,6,M,False
2299,2965,Nidra Rama,73,M,False
2300,2966,Gauri Sachar,44,F,False
2301,2968,Wyatt Oak,62,M,False
2302,2970,Vihaan Deep,28,F,False
2303,2971,Viraj Nayak,23,M,False
2304,2972,Suhani Shanker,55,F,False
2305,2974,Nihal Sama,70,M,False
2306,2975,Qabil Mital,55,M,False
2307,2975,Yadavi Dugal,60,F,False
2308,2976,Patrick Gade,26,F,False
2309,2977,Mohammed Krishnamurthy,67,M,False
2310,2978,Hema Kaur,17,F,False
2311,2979,Yashoda Goyal,27,M,False
2312,2981,Tanmayi Mane,70,F,False
2313,2982,Liam Shanker,44,M,False
2314,2984,Chandran Munshi,57,F,False
2315,2984,Chasmum Sule,25,M,False
2316,2988,Viraj Bansal,27,M,False
2317,2989,Kamya Ramanathan,72,F,False
2318,2990,David Sarna,67,F,False
2319,2990,Rehaan Bora,20,M,False
2320,2991,Ethan Bhargava,69,F,False
2321,2993,Edhitha Barad,46,M,False
2322,2995,Nachiket Bhattacharyya,44,M,False
2323,2997,Aachal Tara,13,M,False
2324,2998,Falan Grover,63,F,False
2325,2998,Abhimanyu Sarna,77,M,False
2326,3000,Nitesh Seth,63,M,False
2327,3002,Baljiwan Natt,15,F,False
2328,3003,Zansi Kaur,50,F,False
2329,3003,Tamanna Shanker,57,M,False
2330,3004,Rayaan Chatterjee,50,F,False
2331,3005,Lila Gade,53,M,False
2332,3006,Dalbir Sahota,21,M,False
2333,3007,Samuel Kamdar,8,M,False
2334,3007,Chaitanya Raman,49,F,False
2335,3008,Balhaar Nori,22,M,False
2336,3008,Chatresh Kamdar,10,M,False
2337,3010,Chanakya Prabhu,62,M,False
2338,3014,Samar Nair,58,F,False
2339,3015,Aarav Vasa,14,M,False
2340,3018,Udant Mani,6,F,False
2341,3019,Pranit Virk,52,M,False
2342,3020,Teerth Handa,35,M,False
2343,3020,Anvi Pandey,60,M,False
2344,3022,Henry Wadhwa,14,F,False
2345,3023,Hema Dugar,41,M,False
2346,3024,Nilima Basu,8,F,False
2347,3025,Oviya Patel,11,M,False
2348,3028,Watika Varty,63,M,False
2349,3029,Zayan Palan,27,F,False
2350,3029,Gagan Trivedi,56,M,False
2351,3032,Darpan Kannan,27,M,False
2352,3033,Ishani Chander,28,F,False
2353,3033,Udarsh Doctor,6,M,False
2354,3036,Damini Bal,5,F,False
2355,3037,Urvi Sridhar,72,F,False
2356,3039,Krisha Srinivas,35,M,False
2357,3039,Lipika Gola,66,M,False
2358,3042,Upadhriti Rajan,73,F,False
2359,3043,Unnati Khatri,5,M,False
2360,3044,Nachiket Lad,14,F,False
2361,3045,Udyati Chawla,76,M,False
2362,3046,Niharika Das,36,F,False
2363,3047,Dev Manne,11,M,False
2364,3048,Varsha Ramaswamy,53,M,False
2365,3048,Faqid Thakkar,17,F,False
2366,3049,Zilmil Parmer,28,F,False
2367,3049,Lohit Nath,73,F,False
2368,3050,Harita Luthra,59,M,False
2369,3051,Gauri Chad,59,F,False
2370,3051,George Agarwal,66,M,False
2371,3055,Ishita Sen,70,M,False
2372,3055,Brijesh Kaul,11,F,False
2373,3058,Azaan Raval,27,F,True
2374,3059,Anvi Dey,67,F,False
2375,3060,Simon Om,31,M,False
2376,3061,Tanveer Vaidya,76,M,False
2377,3061,Yashasvi Handa,58,M,False
2378,3062,Lipika Varghese,66,M,False
2379,3062,Wazir Barad,42,F,False
2380,3064,Harsh Chokshi,48,M,False
2381,3065,Wahab Raghavan,52,F,False
2382,3068,Bahadurjit Dada,77,F,False
2383,3070,Shivansh Gaba,75,F,False
2384,3072,Brijesh Lal,15,M,False
2385,3073,Ekta Sule,65,F,False
2386,3074,Jyoti Rout,17,F,False
2387,3075,Harrison Kibe,59,M,False
2388,3076,Abhiram Mane,20,M,False
2389,3077,Sanaya Bhat,77,F,False
2390,3079,Lipika Sachar,65,M,False
2391,3081,Damyanti Manda,21,M,False
2392,3083,Unni Mangat,40,F,False
2393,3084,Oliver Samra,11,F,False
2394,3089,Baghyawati Samra,37,F,False
2395,3090,Vanya Som,71,M,False
2396,3091,Neha Sarin,8,M,False
2397,3092,Oliver Sekhon,21,F,False
2398,3094,Daksha Kata,8,F,False
2399,3094,Isaac Ray,42,F,False
2400,3096,Wriddhish Bhasin,62,M,False
2401,3098,Ekansh Tank,62,M,False
2402,3099,Onkar Majumdar,46,F,False
2403,3099,Vihaan Sathe,30,F,False
2404,3100,Ekansh Vora,33,M,False
2405,3104,Hemang Dora,75,T,False
2406,3107,Ekani Dugal,11,M,False
2407,3108,Qasim Datta,38,M,False
2408,3109,Tanvi Edwin,44,M,False
2409,3113,Anjali Panchal,47,F,False
2410,3114,Vyanjana Raval,14,M,False
2411,3115,Jagdish Shukla,40,T,False
2412,3116,Faris Madan,37,F,False
2413,3118,Bachittar Butala,56,F,False
2414,3118,Manya Sinha,27,F,False
2415,3119,Januja Gala,50,M,False
2416,3119,Shivansh Shroff,32,M,False
2417,3120,Rachit Lalla,57,M,False
2418,3121,Ekta Mukhopadhyay,45,F,False
2419,3122,Urvashi Rai,70,F,False
2420,3124,Om Khanna,52,M,False
2421,3126,Pranav Brahmbhatt,51,F,False
2422,3128,Zinal Keer,56,F,False
2423,3130,Kala Sahni,15,M,False
2424,3130,William Behl,26,M,False
2425,3131,Amol Mand,19,F,False
2426,3132,Patrick Tara,18,F,False
2427,3132,Parth Dhawan,34,M,False
2428,3134,Urishilla Ghosh,44,F,False
2429,3135,David Lall,36,M,False
2430,3137,Aashi Deshpande,8,M,False
2431,3138,Divya Pall,52,F,False
2432,3140,Pavani Sandhu,42,F,False
2433,3141,Simon Desai,8,F,False
2434,3142,Dev Radhakrishnan,79,F,False
2435,3144,Ronith Krishnamurthy,18,F,False
2436,3145,Upadhriti Singh,36,M,False
2437,3147,Sudiksha Narain,6,M,False
2438,3149,Ria Brahmbhatt,35,M,False
2439,3149,Lajita Karpe,28,F,False
2440,3150,Lohit Din,9,M,False
2441,3151,Jagat Sahni,10,F,False
2442,3152,Chasmum Nagy,63,F,False
2443,3154,Anjali Khosla,55,F,False
2444,3156,Faras Ghosh,56,M,False
2445,3157,Omkaar Hayre,53,M,False
2446,3159,Utkarsh Shukla,62,M,False
2447,3159,Kritika Sood,7,F,False
2448,3162,Janya Chokshi,16,F,False
2449,3165,Triya Dora,64,F,False
2450,3166,Nathan Bobal,40,M,False
2451,3166,Zayyan Mukherjee,27,F,False
2452,3167,Luke Patel,41,F,False
2453,3169,Irya Chaudhari,76,T,False
2454,3170,Benjamin Magar,76,M,False
2455,3171,Ayush Agrawal,59,T,False
2456,3173,Barkha Mander,72,F,False
2457,3174,Bina Iyengar,77,M,False
2458,3175,Jasmit Kibe,36,M,False
2459,3175,Jagat Sundaram,26,F,False
2460,3177,Ishaan Chad,52,M,False
2461,3178,Dayita Madan,30,F,False
2462,3179,Damini Badal,19,F,False
2463,3181,Thomas Kala,41,F,False
2464,3182,Onveer Keer,44,F,False
2465,3183,Dayita Mitter,55,F,False
2466,3184,Ranbir Desai,64,M,False
2467,3186,Orinder Om,75,M,False
2468,3187,Daksh Tak,40,M,False
2469,3190,Daksha Mishra,33,F,False
2470,3191,Widisha Sarkar,55,M,False
2471,3192,Geetika Bhavsar,14,M,False
2472,3194,Yamini Prabhu,8,F,False
2473,3196,Waida Radhakrishnan,53,F,False
2474,3197,Divya Chatterjee,53,T,False
2475,3200,Atharv Char,43,F,False
2476,3201,Zinal Johal,79,M,False
2477,3203,Ekta Narasimhan,46,M,False
2478,3206,Janya Yohannan,18,F,False
2479,3206,Vedhika Sheth,57,F,False
2480,3207,Ayush Saran,20,M,False
2481,3207,Pranav Tank,67,M,False
2482,3212,Rehaan Gera,26,F,False
2483,3214,Nitesh Deol,79,M,False
2484,3216,Udant Kapoor,9,F,False
2485,3216,Idika Verma,51,M,False
2486,3217,Jhalak Mani,21,M,False
2487,3218,Hitesh Deo,73,M,False
2488,3218,Advaith Shankar,18,M,False
2489,3221,Manan Bhakta,66,M,False
2490,3221,Vrishti Krishna,70,M,False
2491,3222,Aarna Mody,23,M,False
2492,3223,Ladli Nadkarni,19,M,False
2493,3223,Veer Bakshi,67,F,False
2494,3224,Udarsh Sarkar,24,F,False
2495,3226,Vaishnavi Devan,13,F,False
2496,3227,Warinder Edwin,47,F,False
2497,3228,Triveni Pau,57,M,False
2498,3230,Krishna Agate,75,F,False
2499,3230,Aadhya Gupta,68,F,False
2500,3231,Tanveer Goyal,70,F,False
2501,3233,Jagat Deshmukh,47,M,False
2502,3234,Baljiwan Sastry,20,F,False
2503,3237,Warjas Madan,44,M,False
2504,3239,Liam Verma,10,F,False
2505,3240,Owen Palla,80,M,False
2506,3244,Ethan Tailor,16,F,False
2507,3244,Ria Arora,69,M,False
2508,3247,Qasim Chanda,28,M,False
2509,3248,Darsh Vohra,66,M,False
2510,3249,Abha Deol,69,F,False
2511,3250,Vansha Narain,33,M,False
2512,3251,Netra Sarna,16,F,False
2513,3252,Abhiram Din,47,F,False
2514,3253,Faraj Kant,67,M,False
2515,3255,Balveer Bobal,5,F,False
2516,3255,Tanmayi Brahmbhatt,5,F,False
2517,3257,Sara Pai,74,F,False
2518,3258,Saanvi Singhal,60,M,False
2519,3258,Charan Agarwal,9,F,False
2520,3259,Abhiram Purohit,69,M,False
2521,3260,Kevin Dada,5,M,False
2522,3261,Lavanya Sheth,13,F,False
2523,3261,Zarna Sood,78,F,False
2524,3262,Praneel Doctor,73,F,False
2525,3263,Madhav Chopra,18,M,True
2526,3266,Utkarsh D’Alia,50,M,False
2527,3267,Gautam Jhaveri,13,F,False
2528,3268,Chandani Sankaran,36,F,False
2529,3271,Hemangini Hora,57,M,False
2530,3272,Xalak Mody,11,F,False
2531,3272,Priya Mody,28,M,False
2532,3273,Laban Kothari,17,F,False
2533,3276,Naveen Borah,54,F,False
2534,3279,Sanya Sachar,57,M,False
2535,3280,Fariq Bhat,68,F,False
2536,3282,Yashawini Bhatnagar,10,M,False
2537,3282,Widisha Mital,28,F,False
2538,3284,Max Das,20,M,False
2539,3285,Ria Rai,65,F,False
2540,3286,Samuel Sha,55,M,False
2541,3290,Fitan Dube,43,F,False
2542,3291,Champak Sarraf,25,M,False
2543,3291,Balendra Rajagopalan,69,F,False
2544,3292,Lakshmi Nadkarni,41,M,False
2545,3294,Maanav Chakraborty,15,M,False
2546,3296,Jairaj Memon,31,F,False
2547,3296,Hiral Chaudhry,55,M,False
2548,3297,Netra Bhalla,60,M,False
2549,3299,Aachal Taneja,47,F,False
2550,3302,Hitesh Warrior,36,M,False
2551,3303,Abhiram Chauhan,44,M,False
2552,3304,Yashvi Chhabra,34,F,False
2553,3305,Pooja Gopal,38,M,False
2554,3306,Panini Nazareth,64,M,False
2555,3309,Chakrika Sangha,30,F,False
2556,3312,Vritti Lata,5,F,False
2557,3314,Oviya Tara,7,M,False
2558,3314,Warinder Kaul,38,M,False
2559,3315,Upasna Dara,27,F,False
2560,3315,Zinal Grewal,12,F,False
2561,3316,Vansha Comar,11,F,False
2562,3317,Jagvi Char,6,M,False
2563,3321,Rachit Rajan,53,F,False
2564,3322,Advika Chandra,6,M,False
2565,3323,Vamakshi Sarkar,18,F,False
2566,3325,Max Comar,41,F,False
2567,3325,Gautami Mital,77,M,False
2568,3326,Brijesh Muni,45,F,False
2569,3327,Zayan Goswami,40,F,False
2570,3328,Jatin Vala,71,M,False
2571,3328,Maya Gaba,48,F,False
2572,3331,George Randhawa,45,M,False
2573,3331,Onveer Srivastava,74,F,False
2574,3332,Ubika Das,13,M,False
2575,3333,Onveer Sarna,23,F,False
2576,3333,Naveen Malhotra,32,M,False
2577,3335,Lohit Ganesan,19,M,False
2578,3335,Neha Thaker,30,M,False
2579,3336,Omya Mani,43,F,False
2580,3337,Aarna Borra,16,T,False
2581,3340,Darsh Bawa,22,F,False
2582,3343,Kritika Pall,80,M,False
2583,3343,Lucky Krish,42,F,False
2584,3344,Ishaan Virk,6,F,False
2585,3345,Megha Sheth,10,M,False
2586,3351,Vamakshi Din,61,M,False
2587,3353,Eta Bhattacharyya,15,F,False
2588,3354,Anjali Kara,24,M,False
2589,3355,Lohit Sanghvi,6,M,True
2590,3356,Rajeshri Kohli,52,M,False
2591,3359,Aarna Kunda,41,F,False
2592,3360,Ati Chacko,50,F,False
2593,3361,Vasatika Arya,45,F,False
2594,3362,Bishakha Barman,47,F,False
2595,3365,Gopal Doctor,24,F,False
2596,3367,Zehaan Uppal,59,M,False
2597,3369,Advaith Chatterjee,39,M,False
2598,3370,Christopher Parsa,36,F,False
2599,3371,Yuvraj Char,53,M,False
2600,3372,Anita Tank,21,M,False
2601,3372,Darika Grover,68,M,False
2602,3373,Zaid Amble,41,F,False
2603,3375,Bahadurjit Nath,14,M,False
2604,3376,Dipta Madan,16,M,False
2605,3377,Idika Comar,6,M,False
2606,3378,Niharika Patla,65,F,False
2607,3379,Thomas Tank,79,M,False
2608,3381,Gunbir Muni,41,M,False
2609,3383,Vaishnavi Guha,14,F,False
2610,3386,Anusha Bala,70,M,False
2611,3387,Harita Sarna,73,M,False
2612,3387,Christopher Rajan,8,F,False
2613,3388,Abha Nath,72,F,False
2614,3390,Anmol Char,51,F,False
2615,3391,Raghav Soman,7,F,False
2616,3392,Alexander Ahluwalia,39,F,False
2617,3393,Jagrati Chaudhary,64,F,False
2618,3396,Yochana Srinivas,63,F,False
2619,3398,Ucchal Kaur,41,M,False
2620,3399,Charles Padmanabhan,49,M,False
2621,3399,Upadhriti Gupta,32,M,False
2622,3400,Dipta Chakraborty,28,F,False
2623,3401,Radha Peri,75,M,False
2624,3402,Ranbir Verma,28,F,False
2625,3403,Eshana Bhatt,75,M,False
2626,3403,Arya Sunder,54,M,False
2627,3404,Saksham Wason,8,F,False
2628,3405,Sudiksha Bhardwaj,20,F,False
2629,3405,Faris Aggarwal,52,F,False
2630,3406,Gautami Mani,8,F,False
2631,3408,Indira Bhatnagar,50,M,False
2632,3409,Henry Badal,55,M,False
2633,3410,Omisha Vala,19,F,False
2634,3411,Ekaja Jain,63,M,False
2635,3411,Hitesh Nayar,32,F,False
2636,3412,Ira Chaudhry,79,F,False
2637,3413,Geetika Pant,12,F,False
2638,3415,Neel Raj,44,M,False
2639,3418,Eta Venkatesh,38,F,False
2640,3420,Amruta Kala,60,M,False
2641,3422,Irya Sarna,70,F,False
2642,3423,Benjamin Narayanan,48,F,False
2643,3425,Rachita Bath,31,M,False
2644,3427,Amaira Srinivas,54,F,False
2645,3427,Neel Ratti,72,F,True
2646,3428,Harini Kakar,22,F,False
2647,3428,Agastya Mann,17,M,False
2648,3433,Hemani Sharma,76,M,False
2649,3434,Utkarsh Bakshi,33,M,False
2650,3436,Ishanvi Chand,41,F,False
2651,3437,Chasmum Kala,68,F,False
2652,3438,Omya Hayre,15,F,False
2653,3440,Aadi Ram,46,M,False
2654,3441,Avni Baria,28,M,False
2655,3442,Ansh Gupta,29,F,False
2656,3443,Oliver Shetty,25,F,False
2657,3444,Vidhi Sahota,20,M,False
2658,3444,Rachita Srinivas,74,M,False
2659,3445,Sneha Agarwal,42,F,False
2660,3446,Indira Dar,53,M,False
2661,3447,Mitali Balakrishnan,63,F,False
2662,3447,Yutika Gour,21,F,False
2663,3448,Nakul Nazareth,38,F,False
2664,3449,Christopher Kapadia,16,M,False
2665,3450,Janani Narayanan,30,M,False
2666,3452,Nakul Sarna,35,F,False
2667,3452,Madhavi Sarma,49,M,False
2668,3453,Falguni Chawla,76,M,False
2669,3453,Aadhya Lad,57,M,False
2670,3454,Oscar Varkey,63,M,False
2671,3455,Frado D’Alia,16,F,False
2672,3460,Vamakshi Roy,50,F,False
2673,3460,Parth Sachdeva,50,F,False
2674,3461,Shivansh Vyas,13,M,False
2675,3466,Lavanya Rana,28,F,False
2676,3467,Damyanti Tara,42,F,False
2677,3468,Yasti Gera,38,M,False
2678,3471,Madhavi Bobal,77,M,False
2679,3471,Aayush Ram,15,M,False
2680,3472,Vrinda Date,33,M,False
2681,3473,Avni Kumar,24,M,False
2682,3475,Ekansh Balakrishnan,63,M,False
2683,3478,Andrew Cheema,45,F,False
2684,3479,Laksh Pai,24,F,False
2685,3480,Zaitra Sahni,79,F,False
2686,3481,Teerth De,40,M,False
2687,3482,Vrishti Salvi,22,F,False
2688,3484,Isaac Varty,28,M,False
2689,3487,Faris Yadav,75,M,False
2690,3490,Rohan Parmar,37,F,False
2691,3491,Yuvraj Gokhale,37,M,False
2692,3492,Aarush Borra,80,M,False
2693,3493,Eiravati Subramanian,77,F,False
2694,3494,Sudiksha Oza,6,M,False
2695,3495,Pooja Raja,10,F,False
2696,3496,Rachit Bains,28,F,False
2697,3498,Utkarsh Shroff,18,M,False
2698,3499,Nachiket Sahota,7,F,False
2699,3500,Meera Mistry,79,M,False
2700,3501,Qadim Verma,24,F,False
2701,3503,Nimrat Zacharia,22,M,False
2702,3503,Raksha Mandal,10,M,False
2703,3504,Eesha Comar,53,T,False
2704,3505,Champak Wali,46,F,False
2705,3506,Ubika Bansal,25,M,False
2706,3506,Gaurika Pingle,39,M,False
2707,3507,Adya Raju,65,M,False
2708,3508,Ubika Dash,73,M,False
2709,3510,Joshua Bhatti,67,M,False
2710,3512,Aradhana Pall,65,M,False
2711,3513,Peter Loyal,30,F,False
2712,3515,Baljiwan Gopal,18,M,False
2713,3516,Vrinda Anand,56,M,False
2714,3517,Bhavini Shetty,12,M,False
2715,3517,Wriddhish Dyal,26,F,False
2716,3518,Xavier Sekhon,17,F,False
2717,3519,Pahal Mall,22,M,False
2718,3520,Om Jha,31,F,False
2719,3521,Charita Singh,74,F,False
2720,3523,Yochana Kala,54,M,True
2721,3524,Lopa Mohan,26,M,False
2722,3525,Kritika Munshi,38,M,False
2723,3526,Jai Trivedi,27,M,False
2724,3528,Bishakha Samra,11,M,False
2725,3529,Manya Sahota,64,M,False
2726,3531,Prisha Kurian,36,F,False
2727,3531,Raagini Mistry,21,F,False
2728,3532,Noah Tiwari,18,M,False
2729,3533,Anay Soman,7,M,False
2730,3534,Lohit Kadakia,70,F,False
2731,3534,Amruta Narayan,34,F,False
2732,3536,Amrita Tata,5,F,False
2733,3537,Gabriel Nagarajan,46,F,False
2734,3538,Reyansh Swaminathan,59,F,False
2735,3538,Avni Maharaj,37,F,False
2736,3539,Ikbal More,80,F,False
2737,3540,Veer Sur,39,M,False
2738,3541,Chaitaly Sur,38,M,False
2739,3542,Nitesh Srivastava,28,F,False
2740,3543,Neha Chaudhry,32,F,False
2741,3544,Daksha Kanda,39,M,False
2742,3544,Wazir Bains,75,F,False
2743,3545,Zaitra Raval,19,F,False
2744,3547,Hemal Wadhwa,6,F,False
2745,3548,Viraj Mannan,23,F,False
2746,3549,Raghav Devan,37,M,False
2747,3549,Gaurav Raju,34,M,False
2748,3550,Caleb Ghosh,60,F,False
2749,3551,Advika Cherian,66,F,False
2750,3553,Girik Kota,22,M,False
2751,3555,Dayamai Sura,78,M,False
2752,3558,Kamya Sengupta,24,F,False
2753,3559,Rehaan Kothari,68,F,False
2754,3560,Jhalak Lal,11,F,False
2755,3561,Yuvraj Kamdar,47,M,False
2756,3562,Yauvani Virk,79,F,False
2757,3563,Dayita Sha,9,M,False
2758,3563,Bhavika Ranganathan,13,M,False
2759,3568,Rayaan Muni,38,M,False
2760,3569,Hemani Patla,10,M,False
2761,3569,Falak Chada,74,F,False
2762,3570,Lavanya Iyengar,24,M,False
2763,3571,Devansh Chahal,30,F,False
2764,3572,Vedika Tripathi,31,M,False
2765,3573,Rachita Maharaj,33,F,False
2766,3574,Faqid Verma,76,F,False
2767,3574,Balveer Radhakrishnan,18,M,False
2768,3577,Mahika Datta,63,M,False
2769,3578,Avi Sane,75,F,False
2770,3580,Manthan Khalsa,45,M,False
2771,3581,Anjali Bala,40,M,False
2772,3582,Faras Yadav,34,M,False
2773,3583,Kalpit Sura,24,F,False
2774,3584,Zayyan Dutt,40,F,False
2775,3586,Chandani Bandi,78,M,False
2776,3589,Pranav Pal,73,M,False
2777,3593,Siddharth Bawa,55,F,False
2778,3594,Oliver Gara,67,M,False
2779,3595,Urvashi Balay,66,F,False
2780,3595,Viraj Srivastava,23,M,False
2781,3596,Neel Bedi,35,F,False
2782,3596,Jackson Parmar,44,M,False
2783,3600,Finn Mittal,64,F,True
2784,3600,Watika Behl,77,F,False
2785,3601,Neelima Kapoor,70,F,False
2786,3601,Manthan Contractor,58,M,False
2787,3602,Unnati Bhalla,17,F,False
2788,3603,Ishwar Divan,22,F,False
2789,3605,Girik Bhardwaj,23,F,False
2790,3607,Banjeet Kala,51,F,False
2791,3608,Tarak Guha,34,F,False
2792,3609,Wazir Bava,55,M,False
2793,3610,Darpan Prashad,64,F,False
2794,3611,Eshana Gaba,78,F,False
2795,3612,Frederick Vohra,19,M,False
2796,3613,Patrick Bhargava,51,M,False
2797,3615,Ayushman Sengupta,51,M,False
2798,3616,Diya Taneja,6,F,False
2799,3619,Chanakya Shankar,76,M,False
2800,3620,Ekani Srivastava,25,F,False
2801,3621,Udarsh Narang,11,F,False
2802,3622,Samuel Karnik,6,M,False
2803,3623,Radhika Chaudhari,78,F,False
2804,3625,Girindra Pradhan,12,M,False
2805,3627,Oeshi Kulkarni,63,M,False
2806,3627,Unni Bhatnagar,19,F,False
2807,3628,Unnati Aggarwal,80,F,False
2808,3628,Yauvani Dugal,22,F,False
2809,3630,Nirja Seth,37,M,False
2810,3630,Harsh Sunder,69,F,False
2811,3631,Qasim Master,13,F,False
2812,3632,Frado Seth,49,T,False
2813,3633,Oviya Sinha,17,M,False
2814,3635,Shivansh Sodhi,62,F,False
2815,3635,Krishna Sharaf,35,M,False
2816,3636,Turvi Solanki,42,F,False
2817,3637,Aashi Setty,38,F,False
2818,3638,Nihal Kala,51,F,False
2819,3639,Peter Dalal,63,F,False
2820,3640,Frederick Madan,33,F,False
2821,3642,Avi Khosla,51,M,False
2822,3643,Yashvi Kade,43,F,False
2823,3644,Yashodhara Dani,76,F,False
2824,3645,Megha Ray,68,M,False
2825,3646,Amruta Patil,5,F,False
2826,3648,Gaurav Dass,54,M,False
2827,3649,Nitesh More,61,F,False
2828,3649,Xalak Sandhu,37,F,False
2829,3650,Darpan Badami,78,M,False
2830,3651,Jasmit Palla,32,F,False
2831,3656,Jhalak Atwal,29,F,False
2832,3656,Sathvik Ramanathan,67,M,False
2833,3657,Yashasvi Wadhwa,25,F,False
2834,3658,Harshil Kumar,25,F,False
2835,3661,Chaitanya Morar,43,F,False
2836,3662,Naveen Desai,56,M,False
2837,3663,Akshay Morar,48,F,False
2838,3664,Arunima Chaudry,77,F,False
2839,3665,Oni Jha,28,M,False
2840,3665,Harrison Purohit,66,M,False
2841,3666,Kamya Devi,67,F,False
2842,3668,Jacob Loyal,12,F,False
2843,3669,Anusha Dayal,35,M,False
2844,3672,Tripti Dixit,39,M,False
2845,3673,Chakradhar Gera,34,M,False
2846,3675,Hiral Keer,80,F,False
2847,3675,Ojas Rattan,38,F,False
2848,3677,Manthan Golla,24,M,False
2849,3678,Vedant Ganesan,51,M,False
2850,3678,Maanas Kar,78,M,False
2851,3679,Tanish Handa,53,M,False
2852,3686,Yatin Walla,60,F,False
2853,3687,Ubika Vohra,28,F,False
2854,3689,Ganga Natarajan,37,M,False
2855,3689,Suhani Sharaf,36,M,False
2856,3691,Tanish Kapur,62,F,False
2857,3692,Kala Luthra,54,F,False
2858,3692,Henry Krish,46,M,False
2859,3693,Vasana Vohra,16,F,False
2860,3694,Oni Gokhale,34,M,False
2861,3695,Maya Srinivasan,48,M,False
2862,3696,Brijesh Cherian,8,F,False
2863,3697,Warda Deshmukh,8,F,False
2864,3698,Wyatt Biswas,10,F,False
2865,3698,Amaira Kant,44,F,False
2866,3699,Jasmit Sarna,50,M,False
2867,3700,Indira Gulati,24,M,False
2868,3701,Aashi Walla,77,M,False
2869,3703,Jackson Vasa,46,M,False
2870,3703,Nilima Jani,6,M,False
2871,3704,Rushil Kashyap,75,M,False
2872,3706,Advika Dass,41,M,False
2873,3707,Waida Vasa,76,F,False
2874,3710,Oliver Pant,66,F,False
2875,3711,Raagini Shukla,68,M,False
2876,3712,Aarna Wali,23,F,False
2877,3713,Yashoda Magar,17,F,False
2878,3715,Sneha Som,65,M,False
2879,3715,Liam Nori,23,M,False
2880,3716,Jasmit Murty,19,F,False
2881,3717,Wazir Prashad,23,F,False
2882,3719,Madhavi Mahal,7,F,False
2883,3720,Lavanya Natarajan,65,M,False
2884,3721,Vivaan Parikh,50,M,False
2885,3722,Chakradhar Palla,70,F,False
2886,3723,Pahal Bhatti,32,F,False
2887,3724,Jagvi Nayak,61,M,False
2888,3724,Robert Solanki,61,M,False
2889,3725,Fiyaz Soman,19,F,False
2890,3727,Ekavir Nagy,5,F,False
2891,3728,Neel Ramakrishnan,72,M,False
2892,3728,Finn Zacharia,15,F,False
2893,3729,Mitali Khanna,40,F,False
2894,3731,Sarthak Kuruvilla,67,T,False
2895,3733,Yashoda Vaidya,55,M,False
2896,3734,Kiaan Dada,23,F,False
2897,3735,Elijah Shetty,53,M,False
2898,3736,Darika Randhawa,31,M,False
2899,3738,Krishna Ghose,57,F,False
2900,3740,Dominic Buch,43,F,False
2901,3742,Gayathri Mann,42,F,False
2902,3742,Jalsa Chaudhry,66,F,False
2903,3743,Anthony Mani,74,M,False
2904,3743,Ekalinga Dhaliwal,20,M,False
2905,3744,Dipta Mistry,38,F,False
2906,3745,Christopher Nagy,12,F,False
2907,3745,Bhanumati Chandra,42,M,False
2908,3747,Lucky Khosla,39,F,False
2909,3748,Balveer Mohan,57,F,False
2910,3748,Abhimanyu Sekhon,13,M,False
2911,3750,Laksh Kata,14,F,False
2912,3750,Ekbal Lad,71,M,False
2913,3752,Anmol Majumdar,63,M,False
2914,3753,Chatresh Khurana,40,F,False
2915,3753,Benjamin Rege,39,M,False
2916,3754,Kashvi Narang,55,F,False
2917,3755,Devika Dhaliwal,27,M,False
2918,3757,Anvi Sengupta,34,F,False
2919,3759,Keya Din,26,F,False
2920,3760,Rachana Kalla,7,M,False
2921,3761,Harshil Loyal,68,F,False
2922,3763,Wakeeta Mistry,33,M,False
2923,3767,Ekalinga Mishra,55,M,False
2924,3770,Dakshesh Mammen,54,M,False
2925,3770,Shaurya Bhavsar,54,M,False
2926,3771,Ikbal Chhabra,37,M,False
2927,3771,Girish Dixit,76,F,False
2928,3772,Ishita Bail,48,M,False
2929,3774,Kiaan Bajaj,72,F,False
2930,3774,Zashil Palan,73,M,False
2931,3775,Veda Radhakrishnan,49,F,False
2932,3776,Bhanumati Kumar,22,F,False
2933,3777,Vrishti Chauhan,19,M,False
2934,3779,Gaurangi Kant,25,F,False
2935,3780,Vyanjana Choudhry,78,F,False
2936,3781,Naveen Bath,8,F,False
2937,3783,Daksha Bobal,64,F,False
2938,3783,Ekani Comar,59,F,False
2939,3784,Widisha Gupta,48,F,False
2940,3785,Yauvani Banerjee,6,F,False
2941,3785,Gunbir Nori,20,M,False
2942,3786,Kamya Madan,65,F,False
2943,3788,Ganga Chopra,23,F,False
2944,3788,Mitesh Dubey,21,M,False
2945,3789,Fiyaz Ganesh,30,F,False
2946,3792,Gunbir Raval,12,F,False
2947,3794,Om Ramakrishnan,12,M,False
2948,3796,Udarsh Chahal,35,M,False
2949,3797,Charles Vala,42,M,False
2950,3800,Faris Dixit,34,F,False
2951,3800,Baghyawati Raghavan,65,F,False
2952,3803,Widisha Prakash,9,M,False
2953,3805,Chaitanya Das,62,F,False
2954,3805,Pahal Thakur,20,F,False
2955,3806,Kritika Bains,10,F,False
2956,3807,Fariq Sibal,43,M,False
2957,3808,Geetika Mittal,36,F,False
2958,3809,Qadim Chatterjee,54,M,False
2959,3810,Urishilla Palan,13,F,False
2960,3810,Faris Gola,76,F,False
2961,3814,Bhanumati Tara,15,M,False
2962,3814,Faraj Mani,14,F,False
2963,3815,Mitali Mani,35,M,False
2964,3815,Qarin Gala,75,F,False
2965,3816,Abhimanyu Srivastava,64,M,False
2966,3818,Zashil Doshi,11,M,False
2967,3822,Anmol Mitra,37,M,False
2968,3822,Waida Peri,61,M,False
2969,3827,Chakrika D’Alia,25,F,False
2970,3828,Ayaan Dhar,27,F,False
2971,3830,Devika Kar,36,M,False
2972,3833,Zayan Khatri,76,M,False
2973,3834,Aditya Wali,49,M,False
2974,3835,Meghana Nanda,68,F,False
2975,3838,Falak Deep,20,F,False
2976,3838,Harish Goyal,72,M,False
2977,3839,Gaurika Zacharia,79,F,False
2978,3839,Vedant Oza,70,T,False
2979,3840,Kamya Sura,54,F,False
2980,3842,Hiral Pillay,8,F,False
2981,3844,Advay Dhar,76,F,False
2982,3848,Damyanti Rai,41,F,False
2983,3849,Mohammed Date,62,F,False
2984,3850,Nathaniel Raghavan,19,M,False
2985,3853,Widisha Chand,5,F,False
2986,3854,Nilima Chandran,43,F,False
2987,3855,Bina Dar,38,M,False
2988,3856,Zayan Deshmukh,11,M,False
2989,3857,Aashi Cherian,29,F,False
2990,3859,Vihaan Tandon,78,M,False
2991,3860,Onveer Zacharia,39,M,False
2992,3861,Maya Swaminathan,52,M,False
2993,3864,Suhani Bumb,34,M,False
2994,3866,Vidhi Srinivas,31,F,False
2995,3868,Xiti Swaminathan,15,F,False
2996,3868,Janya Sahota,74,F,False
2997,3869,Chanakya Pandit,33,M,False
2998,3870,Nisha Dube,19,F,False
2999,3874,Widisha Subramanian,66,F,False
3000,3874,Jatin Varty,17,F,False
3001,3875,Atharv Dhillon,21,F,False
3002,3878,Sai Minhas,41,F,False
3003,3879,Lucky Sachar,37,M,False
3004,3880,Vrishti Kata,5,M,False
3005,3881,Nathaniel Atwal,14,F,False
3006,3881,Zaid Sani,71,F,False
3007,3883,Aarna Bal,49,M,False
3008,3884,Sai Ramachandran,67,M,False
3009,3885,Daniel Handa,72,M,False
3010,3886,Yashvi Tella,72,M,False
3011,3886,Bimala Sethi,27,M,False
3012,3887,Warda Char,25,F,False
3013,3888,Baljiwan Nayar,53,M,False
3014,3890,Aishani Deol,66,F,False
3015,3891,Ekalinga Karnik,37,M,True
3016,3892,Omkaar Nadig,75,F,False
3017,3893,Mason D’Alia,10,F,False
3018,3894,Vedant Narang,25,F,False
3019,3895,Anika Bhalla,43,F,False
3020,3895,Vritti Narayan,9,F,False
3021,3896,Chaitanya Doshi,56,F,False
3022,3896,Faqid Kapur,69,F,False
3023,3899,Rohan Minhas,39,F,False
3024,3900,Ijaya Nadkarni,12,F,False
3025,3901,Gaurika Raja,76,F,False
3026,3902,Pratyush Kulkarni,78,M,False
3027,3903,Yoshita Bassi,74,F,False
3028,3904,Jasmit Mohanty,14,F,False
3029,3908,Vedika Maharaj,18,M,False
3030,3909,Lopa Walla,49,F,False
3031,3910,Orinder Bhandari,27,F,False
3032,3910,Balveer Kohli,28,F,False
3033,3912,William Butala,46,F,False
3034,3913,Samuel Dora,45,M,False
3035,3914,Isaiah Varma,7,F,False
3036,3915,Dalaja Rama,45,M,False
3037,3916,Naksh Kumer,49,F,False
3038,3916,Noah Chadha,8,M,False
3039,3917,Jeevika Ray,7,M,False
3040,3918,Saanvi Madan,9,F,False
3041,3921,Lila Anne,32,M,False
3042,3923,Hitesh Deol,68,F,False
3043,3927,Edhitha Boase,32,F,False
3044,3928,Keya Devi,9,M,False
3045,3932,Gayathri Vyas,71,F,False
3046,3932,Nicholas Dubey,41,F,False
3047,3933,Aarini Toor,13,F,False
3048,3934,Dalaja Mane,64,M,False
3049,3935,Inaya Rastogi,6,M,False
3050,3936,Gopal Mane,50,F,False
3051,3938,Megha Pradhan,44,F,False
3052,3940,Anusha Cherian,43,F,False
3053,3940,Kashvi Shukla,28,M,False
3054,3941,Hemangini Samra,78,M,False
3055,3942,Bhanumati Tata,45,M,False
3056,3943,Xalak Chopra,15,M,False
3057,3943,Vasatika Parekh,38,M,False
3058,3944,Vedika Mutti,38,M,False
3059,3947,Nakul Sami,49,M,False
3060,3948,Ishanvi Master,37,M,False
3061,3949,Abha Narang,7,F,False
3062,3950,Charles Badami,69,F,False
3063,3952,Ekansh Tata,62,M,False
3064,3953,Alka Ramachandran,33,F,False
3065,3955,Harish Khanna,70,F,False
3066,3956,Upadhriti Mittal,39,F,False
3067,3957,Lekha Chakraborty,48,F,False
3068,3958,Advaith Contractor,51,F,False
3069,3958,Leena Butala,30,M,False
3070,3959,Garima Borra,58,F,False
3071,3959,Udarsh Viswanathan,66,M,False
3072,3960,Advaith Madan,16,F,False
3073,3961,Anvi Chokshi,58,F,False
3074,3964,Raghav Ganguly,20,F,False
3075,3965,Falan Contractor,59,F,False
3076,3965,Onkar Mammen,26,F,False
3077,3968,Daniel Kapoor,80,F,False
3078,3968,Januja Prasad,70,F,False
3079,3970,Vrinda Chanda,21,M,False
3080,3970,Vaishnavi Golla,52,F,False
3081,3972,Chatresh Subramaniam,56,F,False
3082,3974,Veda Shanker,14,M,False
3083,3975,Darika Bir,46,F,False
3084,3976,Zayyan Mand,12,F,False
3085,3977,Garima Bhatt,33,M,False
3086,3978,Ekta Kohli,16,M,False
3087,3981,Ethan Rama,8,F,False
3088,3982,Pratyush Khare,69,M,False
3089,3983,Neel Luthra,69,F,False
3090,3984,Ira Hans,22,M,False
3091,3986,Indali Parekh,73,M,False
3092,3988,Diya Saha,51,F,False
3093,3989,Amaira Sur,63,F,False
3094,3991,Parth Comar,42,F,False
3095,3992,Pushti Dasgupta,59,M,False
3096,3994,Chaman Tak,72,F,False
3097,3995,Udant Karpe,53,F,False
3098,3997,Gagan Lanka,48,F,False
3099,4000,Patrick Pau,66,F,False
3100,4001,Gaurav Deshpande,30,F,False
3101,4002,Shravya Basu,57,M,False
3102,4003,Adya Sangha,26,F,False
3103,4003,Jonathan Dua,16,F,False
3104,4005,Gautami Saran,39,F,False
3105,4006,Priya Bhavsar,23,M,False
3106,4007,Vasudha Sani,7,F,False
3107,4010,Indrajit Khatri,77,M,False
3108,4011,Yachana Saxena,29,M,False
3109,4012,Divya Madan,73,F,False
3110,4013,Nidhi Bali,52,M,False
3111,4014,Rehaan Kothari,59,M,False
3112,4016,Meghana Keer,49,F,False
3113,4017,Tanvi Patil,40,M,False
3114,4018,Peter Nori,12,F,False
3115,4019,Ayush Luthra,58,M,False
3116,4020,Rajeshri Hora,10,M,False
3117,4021,Jagrati Nayar,40,F,False
3118,4023,Sanaya Tata,57,T,False
3119,4025,Amruta Bhagat,34,M,False
3120,4026,Jhalak Varughese,46,M,False
3121,4026,Gautam Nayar,80,F,False
3122,4027,Mohini Bhasin,35,F,False
3123,4027,Vritti Karnik,37,F,False
3124,4030,Pranav Ramaswamy,35,M,False
3125,4031,Vyanjana Nigam,79,M,False
3126,4033,Om Krishna,38,M,False
3127,4037,Chaitaly Thakur,34,F,False
3128,4038,Siya Morar,20,M,False
3129,4039,Chakradhar Kapadia,60,F,False
3130,4039,Anusha Garde,49,F,False
3131,4040,Damini Ramakrishnan,79,M,False
3132,4040,Chaitaly Rajagopal,40,F,False
3133,4041,Akshay Bobal,61,F,False
3134,4043,Vincent Divan,36,F,False
3135,4045,Arunima Singhal,77,F,False
3136,4047,Ekalinga Ray,42,F,False
3137,4048,Zashil Dube,74,F,False
3138,4051,Amrita Anne,19,F,False
3139,4052,Pooja Narayan,66,F,False
3140,4053,Jai Sami,34,M,False
3141,4053,Ekalinga Sampath,7,F,False
3142,4057,Harish Rai,33,F,False
3143,4058,Hemangini Shenoy,29,M,False
3144,4059,Idika Bhatti,48,M,False
3145,4060,Anvi Agate,9,F,False
3146,4061,Riya Sandhu,27,M,False
3147,4062,Anusha Aurora,28,F,False
3148,4063,Yashawini Varty,56,M,False
3149,4065,Simon Seth,69,F,False
3150,4065,Balendra Luthra,77,M,False
3151,4067,Jonathan Kalla,7,M,False
3152,4068,Yutika Kale,14,M,False
3153,4068,Yoshita Dara,64,F,False
3154,4070,Ati Toor,26,F,False
3155,4071,Gaurika Anand,51,F,False
3156,4072,Mason Madan,13,M,False
3157,4073,Nimrat Bera,43,F,False
3158,4074,Pratyush Chanda,28,F,False
3159,4077,Sathvik Bir,58,M,False
3160,4083,Adya Dalal,76,M,False
3161,4085,Ishani Sahota,48,F,False
3162,4085,Kritika Sami,55,F,False
3163,4086,Indrajit Sampath,44,M,False
3164,4087,Mohini Chandran,41,F,False
3165,4090,Ira Jayaraman,16,M,False
3166,4093,Amrita Boase,7,F,False
3167,4095,Mekhala Bobal,63,M,False
3168,4097,Janani Nanda,48,M,False
3169,4099,Kabir Choudhry,80,M,False
3170,4099,Krishna Gokhale,61,F,False
3171,4100,Karan Andra,50,M,False
3172,4101,Chaman Varty,48,M,False
3173,4101,Saksham Gulati,5,F,False
3174,4102,Libni Pillai,78,M,False
3175,4103,Benjamin Bhatia,33,F,False
3176,4104,Zilmil Ranganathan,37,F,False
3177,4105,Pratyush Chacko,29,F,False
3178,4107,Ucchal Manda,71,F,False
3179,4108,Wriddhish Nazareth,32,M,False
3180,4109,Tanveer Kota,25,F,False
3181,4110,Imaran Devan,7,F,False
3182,4110,Upma Thakkar,9,F,False
3183,4111,Jalsa Goswami,78,F,False
3184,4112,Zinal De,61,F,False
3185,4113,Utkarsh Rastogi,24,T,False
3186,4116,Aishani Patel,56,M,False
3187,4117,Hema Dash,17,F,False
3188,4117,Upasna Bajwa,76,M,False
3189,4118,Arin Puri,47,M,False
3190,4119,Sai Narayanan,32,M,False
3191,4120,Ishita Dugar,68,M,False
3192,4121,Ekanta Menon,65,M,False
3193,4123,Ridhi Chada,39,M,False
3194,4125,Vyanjana Behl,5,F,False
3195,4126,Jackson Shan,62,F,False
3196,4126,Yadavi Kuruvilla,63,F,False
3197,4130,Hitesh Chatterjee,75,M,False
3198,4132,Indira Datta,20,M,False
3199,4133,Leela Sibal,37,F,False
3200,4133,David Rajagopalan,59,M,False
3201,4135,Rachita Chopra,40,M,False
3202,4135,Ishita Dugar,44,M,False
3203,4136,Falak Ghosh,65,M,False
3204,4136,Wriddhish Yadav,74,M,False
3205,4137,Pushti Narayanan,41,F,False
3206,4139,Sai Rege,42,M,False
3207,4140,Aradhana Kulkarni,34,F,False
3208,4141,Gabriel Amble,60,M,False
3209,4143,Pushti Gupta,80,M,False
3210,4144,Siya Koshy,57,F,False
3211,4146,Krish Karan,67,F,False
3212,4147,Raksha Sidhu,26,M,False
3213,4149,Pratyush Sridhar,52,F,False
3214,4150,Neha Toor,34,F,False
3215,4151,Arunima Mishra,34,M,False
3216,4151,Girish Sridhar,22,M,False
3217,4152,Tanveer Chand,62,F,False
3218,4156,Pallavi Raman,76,F,False
3219,4157,Ekantika Madan,22,F,False
3220,4159,Turvi Brar,13,M,False
3221,4160,Maanas Prabhu,32,F,False
3222,4161,Ayaan Bhatt,34,M,False
3223,4163,Dakshesh Karan,59,F,False
3224,4165,Jagrati Shenoy,63,F,False
3225,4165,Upadhriti Shenoy,78,F,False
3226,4167,Jeremiah Gara,62,M,False
3227,4169,Logan Jhaveri,61,M,False
3228,4172,Pahal Bail,70,M,False
3229,4172,Andrew Uppal,38,M,False
3230,4174,Anita Varkey,28,F,False
3231,4175,Kashish Kumer,44,M,False
3232,4177,Omaja Vohra,77,M,False
3233,4179,Gabriel Manne,47,M,False
3234,4180,Leena Dada,38,F,False
3235,4182,Ridhi Rau,7,F,False
3236,4182,Rachana Kala,17,F,False
3237,4183,Upadhriti Maharaj,80,M,False
3238,4185,Bina Karan,27,F,False
3239,4186,Wahab Kurian,21,F,False
3240,4189,Manya Uppal,46,F,False
3241,4189,Upma Gala,47,F,False
3242,4190,Falan Thakur,16,M,False
3243,4191,Unni Sachdeva,29,F,False
3244,4192,Neelima Yogi,69,F,False
3245,4193,Tamanna Jaggi,40,M,False
3246,4195,Anmol Madan,18,F,False
3247,4196,Matthew Kohli,47,F,False
3248,4197,Baljiwan Aurora,35,M,False
3249,4201,Megha Subramaniam,17,M,False
3250,4202,Garima Lala,69,M,False
3251,4203,Daksha Kant,64,M,False
3252,4204,Edhitha Swamy,54,F,False
3253,4204,Gayathri Kaur,62,M,False
3254,4206,Warjas Halder,56,F,False
3255,4209,Harrison Acharya,53,M,False
3256,4210,Guneet Prasad,23,M,False
3257,4211,Faras Bal,24,F,False
3258,4212,Barkha Grover,32,F,False
3259,4213,Falguni Srinivas,45,M,False
3260,4213,Praneel Zachariah,24,M,False
3261,4214,Ijaya Majumdar,6,M,False
3262,4215,Lajita Dhingra,6,M,False
3263,4215,Atharv Guha,20,F,False
3264,4216,Nisha Shetty,14,F,False
3265,4218,Qadim Bhat,51,M,True
3266,4219,George Sangha,49,F,False
3267,4220,Eiravati Sankaran,49,M,False
3268,4221,Andrew Reddy,29,F,False
3269,4222,Harita Saraf,48,F,False
3270,4223,Dipta Kohli,69,M,False
3271,4223,Anika Parmer,72,M,False
3272,4224,Jacob Bedi,70,M,False
3273,4224,Chandresh Thakur,12,M,True
3274,4225,Harini Yogi,23,F,False
3275,4225,Rajeshri Parikh,76,F,False
3276,4226,Charvi Dey,49,F,False
3277,4228,Chaman Dugal,29,M,False
3278,4228,Nirja Kanda,23,F,False
3279,4230,Yamini Mandal,64,F,False
3280,4232,Bhavika Chand,31,M,False
3281,4233,Manthan Pillay,66,M,False
3282,4234,Maya Mutti,80,F,False
3283,4238,Tanish Mandal,8,F,False
3284,4239,Abeer Virk,23,M,False
3285,4242,Falan Lad,30,M,False
3286,4242,Rachana Sabharwal,64,M,False
3287,4244,Gopal Mitra,80,T,False
3288,4245,Zilmil Badal,33,M,False
3289,4250,Vedhika Parsa,23,M,False
3290,4250,Chatresh Gara,14,F,False
3291,4252,Sai Vasa,60,F,False
3292,4252,Chakrika Pillai,46,M,False
3293,4255,Samarth Dar,25,M,False
3294,4255,Mitesh Goel,15,M,False
3295,4256,Kala Sekhon,9,M,False
3296,4257,Lucky Krishnan,8,M,False
3297,4258,Damini Lalla,57,F,False
3298,4260,Nathaniel Sane,32,F,False
3299,4262,Yashica Oza,31,M,False
3300,4263,Nathaniel Bora,50,F,False
3301,4264,Chatura Bal,71,F,False
3302,4266,Aachal Gera,40,F,False
3303,4268,Nisha Nayak,65,M,False
3304,4268,Charita Hegde,68,M,False
3305,4269,Lila Tandon,47,M,False
3306,4273,Rishi Dayal,61,F,False
3307,4274,Viraj Nayak,37,F,False
3308,4275,Ojas Malhotra,39,F,False
3309,4276,Vasana Saini,14,M,False
3310,4277,Nitesh Hora,25,F,False
3311,4278,Anjali Gupta,63,M,False
3312,4278,Diya Zachariah,55,M,False
3313,4279,Amrita Sathe,77,M,False
3314,4280,Diya Issac,80,F,False
3315,4282,Bina Dutt,36,T,False
3316,4283,Nilima Varughese,12,F,False
3317,4285,Bhavini Bhasin,53,M,False
3318,4286,Rachita Buch,54,M,False
3319,4288,Oeshi Dua,22,F,False
3320,4289,Ria Bava,61,M,False
3321,4290,Hema Sethi,50,M,False
3322,4292,Pushti Dewan,18,M,False
3323,4293,Aditya Bawa,64,M,False
3324,4294,Chasmum Sampath,42,M,False
3325,4298,Finn Badami,74,F,True
3326,4299,Zaid Tank,21,F,False
3327,4299,Sanya Vohra,79,M,False
3328,4301,Umang Goswami,55,F,False
3329,4302,Avi Nayak,11,T,False
3330,4303,Oviya Baria,33,F,True
3331,4305,Dhriti Modi,30,F,False
3332,4308,Hiral Vaidya,48,M,False
3333,4311,Falak Barad,19,F,False
3334,4314,Vasudha Lala,47,M,False
3335,4319,Fitan Balakrishnan,40,M,False
3336,4321,Upadhriti Wali,33,F,False
3337,4322,Hredhaan Goyal,49,M,False
3338,4324,Anjali Natarajan,61,T,False
3339,4324,Champak Pall,6,F,False
3340,4326,Qabil Rana,61,F,False
3341,4327,Anya Pingle,8,F,False
3342,4327,Chavvi Das,38,M,False
3343,4328,Chakrika Zacharia,51,F,False
3344,4329,Irya Goswami,40,F,False
3345,4331,Urishilla Bajaj,47,F,False
3346,4332,Bahadurjit Mane,67,M,False
3347,4333,Ekanta Sibal,33,M,False
3348,4334,Darsh Sarna,35,F,False
3349,4335,Hemangini Char,36,F,False
3350,4336,Turvi Shenoy,77,F,False
3351,4340,Rachit Narula,31,F,False
3352,4341,Zansi Bal,16,M,False
3353,4343,Wishi Sarraf,74,F,False
3354,4343,Azad Aurora,40,M,False
3355,4344,Eesha Bath,46,F,False
3356,4345,Hardik Naik,51,M,False
3357,4346,Luke Banerjee,37,M,False
3358,4348,Pallavi Oommen,19,F,False
3359,4349,Forum Shanker,47,M,False
3360,4350,Kevin Pant,72,F,False
3361,4351,Anjali Mohanty,19,M,False
3362,4352,Daksh Vaidya,31,M,False
3363,4355,Kiaan Lala,28,F,False
3364,4356,Karan Lal,14,M,False
3365,4358,Bhanumati Gour,5,F,False
3366,4359,Janani Sachdeva,6,F,False
3367,4360,Charvi Borde,74,M,False
3368,4361,Vedika Goda,9,F,False
3369,4362,Lohit Talwar,60,F,False
3370,4367,Lajita Golla,39,F,False
3371,4368,Charan Patil,41,F,False
3372,4369,Andrew Sami,9,F,False
3373,4370,Reva Ganguly,73,F,False
3374,4371,Anmol Choudhury,45,M,False
3375,4372,Girik Dora,48,F,False
3376,4372,Vedika Bajwa,18,M,False
3377,4373,Arunima Bath,43,M,False
3378,4374,Simon Ganesh,9,M,False
3379,4374,Vidhi Rajagopalan,75,F,False
3380,4375,Lakshit Dugar,34,F,False
3381,4376,Ganga Prashad,47,M,False
3382,4377,Yutika Chacko,20,M,False
3383,4377,Bhavya Dhar,67,F,False
3384,4378,Manthan Balasubramanian,69,F,False
3385,4379,Saanvi Sarna,66,F,False
3386,4380,Vihaan Jayaraman,67,F,False
3387,4381,Vincent Hayre,10,F,False
3388,4382,Bakhshi Pandya,6,F,False
3389,4382,Hredhaan Srinivas,66,F,False
3390,4385,Odika Sama,5,F,False
3391,4386,Andrew Dave,65,M,False
3392,4387,Lipika Mann,12,F,False
3393,4388,Ronith Jaggi,48,M,False
3394,4388,Warjas Ramanathan,26,M,False
3395,4389,Lekha Memon,76,F,False
3396,4390,Ojasvi Prasad,75,M,False
3397,4391,Banjeet Arya,35,M,False
3398,4393,Samuel Wali,16,M,False
3399,4396,Aarna Subramaniam,67,F,False
3400,4397,Aashi Varkey,17,F,False
3401,4400,Abeer Dhawan,62,F,False
3402,4402,Janani Raj,55,F,False
3403,4404,Manya Soman,41,F,False
3404,4406,Bina Munshi,35,F,False
3405,4407,Janaki Dutta,24,M,False
3406,4407,Wahab Sundaram,13,M,False
3407,4411,Hamsini Prabhakar,63,T,False
3408,4411,Advaith Sanghvi,8,F,False
3409,4412,Lopa Sengupta,78,M,False
3410,4413,Ijaya Chada,6,M,False
3411,4414,Nitesh Bhattacharyya,5,M,False
3412,4415,Anika Pal,51,F,False
3413,4416,Ekiya Mishra,80,M,False
3414,4418,Akshay Luthra,5,F,False
3415,4418,Raagini Bains,56,M,False
3416,4419,Amrita Bir,32,F,False
3417,4421,Viraj Lata,35,M,False
3418,4424,Yashvi Chandran,41,F,False
3419,4425,Zayyan Chandran,27,M,False
3420,4429,Parth Raja,25,F,False
3421,4430,Xalak Mangat,5,M,False
3422,4430,Vidhi Verma,71,F,False
3423,4431,Krish Sengupta,71,M,False
3424,4433,Ayaan Shukla,5,F,False
3425,4434,Umang Buch,25,F,False
3426,4435,Farhan Ghosh,51,F,False
3427,4435,Kritika Banik,67,M,False
3428,4437,Faris Lall,54,F,False
3429,4438,Omya Hegde,30,M,False
3430,4438,Manbir Magar,40,M,False
3431,4440,Azad Sha,59,F,False
3432,4441,Waida Butala,75,F,False
3433,4442,Aashi Kade,38,M,False
3434,4442,Priya Chandra,10,F,False
3435,4443,Maanav Dugar,43,F,False
3436,4443,Nitara Sidhu,24,M,False
3437,4444,Balhaar Bawa,9,M,False
3438,4445,Vasudha Gandhi,32,F,False
3439,4445,Rayaan Lanka,12,F,False
3440,4446,Onkar Padmanabhan,16,F,False
3441,4447,Qabil Mahajan,48,F,False
3442,4448,Ojas Bhardwaj,29,F,False
3443,4448,Harita Karpe,25,M,False
3444,4449,Mahika Comar,62,F,False
3445,4450,Hemangini Sridhar,76,M,False
3446,4450,Zarna Boase,65,M,False
3447,4453,Patrick Pradhan,77,F,False
3448,4454,Anya Seth,73,F,False
3449,4455,Ayush Devi,59,M,False
3450,4456,Yatin Misra,17,F,False
3451,4457,Parth Upadhyay,77,M,False
3452,4457,Logan Merchant,75,M,False
3453,4458,Devansh Borah,50,M,False
3454,4459,Parth Borah,74,M,False
3455,4462,Nihal Yadav,33,M,False
3456,4463,Warinder Dhillon,36,F,False
3457,4465,Finn Nagar,35,M,False
3458,4466,Pavani Butala,12,F,True
3459,4467,Yashawini Chandran,78,M,False
3460,4467,Fariq Chawla,48,T,False
3461,4468,Ekalinga Rai,72,F,False
3462,4469,Niharika Patla,21,M,False
3463,4470,Tara Kanda,17,M,False
3464,4470,Pushti Soman,43,F,False
3465,4471,Kabir Badal,5,F,False
3466,4472,Veda Chaudhuri,25,M,False
3467,4474,Ekalinga Amble,38,M,False
3468,4478,Ayaan Murty,63,F,False
3469,4480,Charles Borra,15,F,False
3470,4481,Anthony Nayak,45,F,False
3471,4482,Siya Nayak,43,M,False
3472,4483,Anthony Sachar,25,M,False
3473,4483,Dalaja Cherian,71,M,False
3474,4484,Damini Puri,33,M,False
3475,4484,Qadim Char,56,F,False
3476,4485,Pooja Bedi,32,F,False
3477,4486,Chasmum Karnik,7,F,False
3478,4489,Darika Som,73,F,False
3479,4489,Lila Minhas,70,F,False
3480,4490,Baghyawati Gour,80,F,False
3481,4491,Gautami Kala,80,F,False
3482,4492,Pavani Narain,34,F,False
3483,4495,Ishita Deshpande,70,M,False
3484,4495,Niharika Mannan,53,F,False
3485,4496,Lajita Bala,25,M,False
3486,4496,Ikbal Thaker,53,F,False
3487,4499,Sanya Narayan,46,F,False
3488,4501,Pranav Koshy,54,M,False
3489,4504,Geetika Shan,16,F,False
3490,4505,Krisha Badami,49,F,False
3491,4506,Aadi Gaba,70,M,False
3492,4507,Abhimanyu Singhal,79,F,False
3493,4507,Radha Tandon,36,M,False
3494,4509,Vinaya Mane,66,M,False
3495,4509,Kavya Bhargava,6,F,False
3496,4510,Qarin Tripathi,38,F,False
3497,4510,Samarth Prashad,25,M,False
3498,4513,Yug Bansal,33,F,False
3499,4514,Isaiah Sule,11,F,False
3500,4516,Wridesh Yohannan,48,F,False
3501,4517,Urmi Parekh,7,F,False
3502,4521,Qadim Andra,54,M,False
3503,4522,Yamini Mangal,31,F,False
3504,4523,Saumya Barman,22,F,False
3505,4523,Upma Dhillon,29,T,False
3506,4525,Noah Mishra,67,M,False
3507,4527,Aadhya Khurana,53,M,False
3508,4531,Ishanvi Chand,61,F,False
3509,4532,Lohit Tella,14,F,False
3510,4533,Balhaar Mahal,75,F,False
3511,4533,Chatresh Bhandari,6,F,False
3512,4534,Amara Mukhopadhyay,75,F,False
3513,4535,Qasim Bhandari,27,M,False
3514,4536,Harini Bandi,55,F,False
3515,4537,Kalpit Dhingra,24,M,False
3516,4537,Joshua Muni,74,M,False
3517,4539,Raghav Srivastava,35,F,False
3518,4540,Quincy Hans,14,M,False
3519,4542,Ladli Varma,80,M,False
3520,4543,Brinda Vyas,67,M,False
3521,4545,Xiti Kadakia,61,F,False
3522,4545,Sathvik Baral,61,F,False
3523,4546,Wyatt Ramanathan,6,F,False
3524,4546,Ishaan Sarna,49,F,False
3525,4547,Nihal Ray,20,M,False
3526,4549,Thomas Bhattacharyya,41,F,False
3527,4550,Wazir Khalsa,33,F,False
3528,4550,Warjas Choudhary,57,F,False
3529,4556,Girindra Palla,34,M,False
3530,4557,Yochana Krish,25,M,False
3531,4560,Fitan Bajaj,25,F,False
3532,4560,Jai Dara,19,M,False
3533,4561,Abeer Bakshi,39,M,False
3534,4563,Ria Bakshi,14,M,False
3535,4563,Samar Misra,62,F,False
3536,4565,Gavin Virk,44,F,False
3537,4566,Amara Sahota,41,M,False
3538,4568,Devika Balan,55,F,False
3539,4569,Manya Raju,56,M,False
3540,4571,Sarthak Zacharia,18,F,False
3541,4572,Guneet Oommen,62,F,False
3542,4574,Girik Narayan,69,M,False
3543,4576,Rachana Mahajan,9,M,False
3544,4580,Sudiksha Bhattacharyya,41,F,False
3545,4581,Sachi Reddy,11,M,False
3546,4581,Indrajit Gaba,24,M,False
3547,4582,Tara Dugar,18,M,False
3548,4582,Aditya Soman,46,M,False
3549,4583,Matthew Arora,17,F,False
3550,4583,Urishilla Bhatnagar,37,M,False
3551,4585,Tejas Tripathi,68,F,False
3552,4586,Harsh Narasimhan,76,M,False
3553,4587,Xavier Hegde,17,M,False
3554,4588,Eta Edwin,55,F,False
3555,4589,Netra Mitra,34,M,False
3556,4590,Darpan Memon,66,M,False
3557,4591,Aachal Sen,69,M,False
3558,4592,Harish Bahri,57,F,False
3559,4593,Krish Borah,44,F,False
3560,4595,Madhavi Trivedi,15,F,False
3561,4595,Balvan Palla,36,M,False
3562,4596,Vincent Madan,27,F,False
3563,4597,Suhani Mital,49,M,False
3564,4599,Pahal Choudhury,71,M,False
3565,4601,Jeevika Mukhopadhyay,14,M,False
3566,4602,Vinaya Mitter,16,M,False
3567,4603,Nidra Pingle,7,M,False
3568,4604,Bhavya Dutta,32,M,False
3569,4605,Netra Subramanian,71,M,False
3570,4607,Krish Bala,39,F,False
3571,4609,Neelima Thakkar,41,F,False
3572,4609,Jagdish Sem,23,F,False
3573,4612,Damyanti Savant,56,F,False
3574,4615,Vedika Salvi,26,F,False
3575,4616,Damyanti Kadakia,75,M,False
3576,4617,Janani Balasubramanian,43,F,False
3577,4618,Quincy Devan,18,F,False
3578,4619,Daniel Golla,73,T,False
3579,4620,Liam Kibe,41,M,False
3580,4621,Naveen Gara,38,M,False
3581,4622,Gaurang Butala,28,M,False
3582,4623,Bahadurjit Ghose,28,M,False
3583,4624,Jeremiah Swaminathan,78,M,False
3584,4626,Arin Kannan,47,M,False
3585,4628,Chandresh Shere,24,M,False
3586,4628,Libni Ray,69,M,False
3587,4629,Baghyawati Grewal,27,F,False
3588,4631,Geetika Wagle,24,M,False
3589,4632,Edhitha Saraf,58,M,False
3590,4634,Saksham Bose,48,M,False
3591,4635,Faris Jhaveri,55,F,False
3592,4636,Yug Sekhon,11,F,False
3593,4637,Frederick Dash,26,M,False
3594,4637,Idika Prakash,53,F,False
3595,4640,Ekalinga Borah,45,F,False
3596,4642,Aarush Venkataraman,56,F,False
3597,4642,Falan Bhatia,65,M,False
3598,4643,Lakshmi Mann,45,F,False
3599,4644,Gabriel Baral,63,F,False
3600,4645,Kala Srinivasan,6,F,False
3601,4646,Ishita Oak,31,F,False
3602,4648,Gavin Andra,20,M,False
3603,4650,Lopa Balakrishnan,52,F,False
3604,4651,Ronith Wadhwa,18,F,True
3605,4652,Unnati Ratti,37,F,False
3606,4653,Yauvani Singh,38,F,False
3607,4655,Yashasvi Mane,59,F,False
3608,4656,Wriddhish Nagy,11,M,False
3609,4656,Vamakshi Virk,47,F,False
3610,4658,Oliver Raval,16,M,False
3611,4658,Girindra Yohannan,42,M,False
3612,4659,Rishi Sankar,53,M,False
3613,4660,Onkar Bajaj,42,F,False
3614,4660,Ucchal Gara,73,M,False
3615,4661,Xavier Kapur,9,M,False
3616,4662,Udant Badal,56,F,False
3617,4663,Tristan Sodhi,51,F,False
3618,4663,Nimrat Bail,79,F,False
3619,4665,Ati Sathe,70,F,False
3620,4665,Finn Nayar,35,F,False
3621,4667,Devika Manne,24,M,False
3622,4669,Charles Bhandari,80,F,False
3623,4670,Ayaan Rajagopalan,61,F,False
3624,4671,Radha Zacharia,80,F,False
3625,4671,Watika Dixit,49,F,False
3626,4672,Amol Uppal,45,F,False
3627,4672,Ikbal Ranganathan,34,F,False
3628,4673,Tanmayi Kapur,42,M,False
3629,4674,Kavya Kibe,76,F,False
3630,4674,Robert Ranganathan,21,F,False
3631,4675,Omya Dhar,48,F,False
3632,4677,Eshana Zachariah,66,M,False
3633,4678,Pallavi Prasad,35,F,False
3634,4680,Manthan Baral,60,F,False
3635,4681,Warjas Lal,75,M,False
3636,4683,Radha Gour,19,F,False
3637,4685,Ekalinga Chacko,49,M,False
3638,4686,Veer Dora,31,F,False
3639,4688,Krish Thakkar,25,M,False
3640,4690,Mohammed Mutti,61,F,False
3641,4691,Yadavi Suresh,6,F,False
3642,4691,Mekhala Krishnan,6,F,False
3643,4692,Zilmil Balay,9,F,False
3644,4692,Laban Narayan,9,T,False
3645,4693,Teerth Saraf,48,M,False
3646,4695,Tristan Rao,80,T,False
3647,4696,Faqid Kuruvilla,55,M,False
3648,4697,Harshil Dhar,69,F,False
3649,4699,George Ratti,9,F,False
3650,4701,Logan Sahni,14,F,False
3651,4704,Ojasvi Tripathi,11,F,False
3652,4705,Om Srivastava,75,F,False
3653,4706,Aryan Raja,43,M,False
3654,4707,Adya Shukla,12,M,False
3655,4710,Anusha Bali,49,F,False
3656,4712,Mohini Sodhi,15,M,False
3657,4714,Chatresh Lad,17,M,False
3658,4714,Vihaan Ram,72,M,False
3659,4715,Elijah Kunda,9,F,True
3660,4716,Garima Thaman,48,M,False
3661,4716,Peter Ahuja,12,T,False
3662,4717,David Choudhury,45,F,False
3663,4719,Zashil Pal,24,F,False
3664,4721,Charvi Magar,53,F,False
3665,4723,Hemangini Prashad,6,F,False
3666,4725,Chameli Setty,18,M,False
3667,4726,Rachit Raghavan,20,F,False
3668,4728,Yadavi Magar,11,F,False
3669,4728,Panini Khurana,7,M,False
3670,4729,Tanvi Gaba,78,M,False
3671,4729,Maanav Tailor,12,F,False
3672,4730,Yashodhara Bansal,66,F,False
3673,4732,Ryan Dhillon,27,F,False
3674,4733,Vedika Dora,53,F,False
3675,4734,Vasana Mitra,60,F,False
3676,4736,Faqid Butala,26,T,False
3677,4737,Warjas Puri,63,F,False
3678,4738,Andrew Wason,79,M,False
3679,4738,Kalpit Taneja,15,F,False
3680,4739,Ucchal Ben,54,M,False
3681,4739,Matthew Kumer,53,M,False
3682,4741,Unni Bawa,18,F,False
3683,4744,Atharv Dara,36,F,False
3684,4746,Varsha Grewal,12,F,False
3685,4748,Rachana Narayanan,58,M,False
3686,4750,Charles Panchal,6,M,False
3687,4751,Umang Deep,20,M,False
3688,4752,Rushil Amble,19,F,False
3689,4753,Chanchal Taneja,43,F,False
3690,4754,Oni Rai,14,F,False
3691,4756,Eta Bajwa,34,F,False
3692,4763,Ganga Prashad,20,M,False
3693,4765,Fiyaz Vaidya,32,M,False
3694,4768,Veer Grewal,75,F,False
3695,4769,Madhav Anand,26,M,False
3696,4771,Nisha Kapadia,64,M,False
3697,4772,Vansha Balay,7,F,False
3698,4774,Pavani Boase,23,F,False
3699,4774,Hema Ramachandran,56,M,False
3700,4775,Jairaj Patla,10,F,False
3701,4775,Shravya Dave,56,M,False
3702,4777,Bina Tara,79,M,False
3703,4777,Pahal Suri,28,M,False
3704,4778,Maanav Hayer,71,F,False
3705,4779,Owen Dhawan,26,M,False
3706,4780,Dhriti Dhawan,63,M,False
3707,4782,Gaurika Saxena,50,F,False
3708,4783,Andrew Sant,65,F,False
3709,4784,Zilmil Choudhary,38,M,False
3710,4785,Nilima Golla,57,M,False
3711,4788,Hemani Bhat,23,M,False
3712,4789,Chavvi Devan,28,M,False
3713,4790,Varenya Randhawa,12,M,False
3714,4793,Nathaniel Sodhi,47,M,False
3715,4795,Urmi Virk,10,F,False
3716,4796,Libni Nigam,7,T,False
3717,4802,Ekavir Varghese,73,M,False
3718,4803,Barkha Ahuja,14,M,False
3719,4804,Tanveer Palan,66,M,False
3720,4804,Avni Barad,80,F,False
3721,4806,Vedant Sharaf,20,F,False
3722,4809,Isaiah Saraf,14,F,False
3723,4809,Vasana Khurana,50,F,False
3724,4812,Wriddhish Prakash,54,M,False
3725,4815,Yashoda Zachariah,28,T,False
3726,4816,Ishita Anand,28,M,False
3727,4817,Samarth Boase,41,F,False
3728,4818,Ekapad Majumdar,35,M,False
3729,4818,Riya Verma,16,M,False
3730,4819,Leena Pant,65,M,False
3731,4820,Wyatt Munshi,24,M,False
3732,4821,Vivaan Muni,9,M,False
3733,4821,Divya Pant,62,F,False
3734,4822,Mitesh Yohannan,23,M,False
3735,4822,Hiral Deshmukh,19,F,False
3736,4823,Manthan Mallick,78,M,False
3737,4825,Eiravati Reddy,50,M,False
3738,4826,Urvi Hari,7,M,False
3739,4827,Anvi Talwar,70,M,False
3740,4827,Ishanvi Doctor,28,T,False
3741,4828,Imaran Kakar,37,F,False
3742,4829,Sai Krishnan,58,F,False
3743,4832,Vasatika Uppal,9,F,False
3744,4833,Faqid Seth,77,M,False
3745,4835,Girish Dutta,27,F,False
3746,4837,Vaishnavi Verma,67,M,False
3747,4838,Tamanna Manne,8,M,False
3748,4838,Yagnesh D’Alia,76,F,False
3749,4840,Agastya Nagi,38,F,False
3750,4841,Mason Kapoor,65,M,False
3751,4842,Kamya Nagar,46,F,False
3752,4843,Owen Bora,11,F,False
3753,4844,Ekantika Lalla,49,M,False
3754,4846,Bachittar Gupta,5,F,False
3755,4846,Kashvi Pingle,26,F,False
3756,4847,Shravya Saraf,45,M,False
3757,4849,Advik Apte,12,F,False
3758,4850,Bhavya Deol,32,F,False
3759,4850,Aishani Chaudhry,70,M,False
3760,4853,Yug Hayer,44,F,False
3761,4853,Balendra Parekh,25,M,False
3762,4856,Anvi Dugar,19,F,False
3763,4858,Gayathri Ravel,23,M,False
3764,4858,Zilmil Narayan,78,F,False
3765,4859,Vasana Nayak,42,F,False
3766,4861,Bakhshi Sekhon,71,M,False
3767,4862,Ati Kakar,19,M,False
3768,4863,Aadhya Seshadri,65,F,False
3769,4865,Chaman Golla,21,F,False
3770,4866,Vritti Bal,33,M,False
3771,4867,Neelima Dhillon,27,M,False
3772,4868,Bina Gaba,25,M,False
3773,4869,Chatresh Kapur,49,F,False
3774,4872,Charles Seth,31,M,False
3775,4874,Hredhaan Gera,75,F,False
3776,4876,Ikbal Sachar,44,M,False
3777,4877,Warinder Mittal,58,M,False
3778,4879,Mohammed Sachar,57,M,False
3779,4880,Urmi Prasad,71,M,False
3780,4882,Mahika Bhatia,7,M,False
3781,4883,Charan Mukhopadhyay,69,M,False
3782,4883,Ekiya Dada,67,M,False
3783,4884,Kavya Vasa,8,F,False
3784,4885,Anamika Bains,51,M,False
3785,4886,Charles Wable,31,M,False
3786,4886,Harish Som,78,F,False
3787,4887,Brinda Gala,71,F,False
3788,4889,Janya Mukhopadhyay,58,M,False
3789,4889,Yatan Guha,27,M,False
3790,4891,Zashil Sani,40,F,False
3791,4892,Urvi Dash,47,M,False
3792,4893,Osha Bava,48,F,False
3793,4894,Max Munshi,13,T,False
3794,4895,Eiravati Morar,16,T,False
3795,4896,Anvi Ramakrishnan,22,M,False
3796,4897,Vincent Mital,63,F,False
3797,4898,Omaja Vala,47,M,False
3798,4899,Joshua Sule,44,F,False
3799,4901,Vasana Mody,78,F,False
3800,4902,Orinder Banerjee,51,F,False
3801,4902,Aarnav Krish,53,M,False
3802,4903,Pratyush Jayaraman,27,M,False
3803,4903,Azad Shah,47,M,False
3804,4907,Balhaar Batra,61,F,False
3805,4908,Jagat Sahota,50,M,False
3806,4908,Ojasvi Bhatti,36,T,False
3807,4912,Jairaj Bhatia,54,F,False
3808,4913,Ethan Kakar,48,F,False
3809,4913,Rushil Mani,61,M,False
3810,4914,Abeer Bobal,12,F,False
3811,4915,Balhaar Malhotra,61,M,False
3812,4916,Devansh Wable,75,F,False
3813,4917,Faraj Nigam,77,F,False
3814,4918,Naksh Johal,12,F,False
3815,4918,Neelima Kibe,16,F,False
3816,4920,Zayyan Anne,33,M,False
3817,4922,Radhika Master,26,M,False
3818,4923,Advik Khanna,52,M,False
3819,4924,Sai Bajaj,65,F,False
3820,4924,Kritika Sandhu,31,F,False
3821,4925,Vedika Doshi,80,F,False
3822,4926,Chaman Narula,63,M,False
3823,4927,Dhruv Aggarwal,53,M,False
3824,4928,Xiti Sankaran,61,F,False
3825,4929,Jagvi Shankar,41,F,False
3826,4930,Devansh Gola,33,M,False
3827,4932,Maanav Gour,43,F,False
3828,4932,Krishna Ratti,19,F,False
3829,4933,Oliver Bhasin,15,F,False
3830,4936,Jason Kibe,58,M,False
3831,4939,Chavvi Dada,32,F,False
3832,4940,Inaya Mitra,52,F,False
3833,4940,Udant Bhatia,5,M,False
3834,4942,Chaaya Dey,21,M,False
3835,4943,Lopa Bains,63,M,False
3836,4943,Frederick Kaul,62,F,False
3837,4947,Aayush Palla,10,F,False
3838,4948,Dev Patla,78,M,False
3839,4949,Anvi Narula,65,M,False
3840,4951,Qasim Loyal,17,M,False
3841,4951,Mugdha Lata,29,M,False
3842,4956,Anvi Bhasin,37,T,False
3843,4957,Vansha Srinivasan,66,M,False
3844,4958,Amrita Krish,78,F,False
3845,4959,Ekiya Krishnamurthy,37,F,False
3846,4965,Netra Keer,27,F,False
3847,4968,Bina Modi,45,M,False
3848,4970,Niharika Subramanian,75,M,False
3849,4973,Nachiket Pant,65,F,False
3850,4974,Onkar Chaudry,9,M,False
3851,4974,Dalaja Nadig,79,M,False
3852,4975,Luke Rastogi,16,T,False
3853,4977,Kamala Bassi,55,F,False
3854,4978,Tara Talwar,47,F,False
3855,4978,Jairaj Goel,33,M,False
3856,4979,Vincent Chawla,10,F,False
3857,4980,Samaksh Nayak,71,F,False
3858,4981,Karan Sridhar,19,M,False
3859,4981,Hardik Kalita,46,F,False
3860,4982,Zayan Soni,22,M,False
3861,4983,Qasim Kamdar,60,F,False
3862,4987,Simon Bhat,47,M,False
3863,4987,Bhanumati Sinha,18,M,False
3864,4989,Aarav Batta,58,M,False
3865,4990,Yatin Lanka,9,M,False
3866,4991,Avni Chahal,67,M,False
3867,4991,Mohammed Srinivasan,6,F,False
3868,4993,Aryan Edwin,8,F,False
3869,4995,David Kaur,54,F,False
3870,4996,Harinakshi Mishra,16,F,False
3871,4997,Baljiwan Sawhney,13,M,False
3872,4998,Mugdha Pillai,34,M,False
3873,4998,Ekantika Mistry,25,F,False
3874,5000,Jai Sridhar,5,M,False
3875,5001,Jagvi Patil,21,M,False
3876,5002,Girik Anne,21,F,False
3877,5003,Sara Kaul,46,M,False
3878,5004,Champak Gupta,64,F,False
3879,5006,Yashvi Kant,12,F,False
3880,5006,Dayamai Deep,12,F,False
3881,5009,Barkha Swaminathan,68,F,False
3882,5010,Chandani Varkey,64,F,False
3883,5011,Hitesh Sodhi,26,M,False
3884,5012,Chanchal Bandi,32,F,False
3885,5013,Yash Narayanan,11,F,False
3886,5014,Sanaya Prabhu,68,M,False
3887,5015,Advika Swaminathan,10,F,False
3888,5016,Anthony Nazareth,34,M,False
3889,5016,Warjas Narain,39,F,False
3890,5017,Megha Halder,17,F,False
3891,5019,Saanvi Bhat,60,M,False
3892,5020,Aryan Handa,68,F,False
3893,5023,Ranbir Choudhry,23,M,False
3894,5024,Gautam Issac,24,F,False
3895,5025,Madhavi Khosla,11,M,False
3896,5026,Yutika Ganguly,12,M,False
3897,5026,Chandresh Yohannan,5,F,False
3898,5029,Tanveer Goswami,71,M,False
3899,5030,Fitan Ravi,80,F,False
3900,5031,Dev Nadig,38,F,False
3901,5031,Bhavya Kala,48,M,True
3902,5034,Indrajit Pau,43,T,False
3903,5035,Sneha Balan,17,M,False
3904,5035,Triveni Prasad,6,M,False
3905,5037,Yashawini Dora,73,F,False
3906,5037,Fiyaz Ganesan,75,F,False
3907,5038,Upkaar Oommen,24,M,False
3908,5039,Veda Mohanty,10,M,False
3909,5042,Imaran Sant,17,M,False
3910,5044,Jhalak Ghose,42,F,False
3911,5046,Girik Kant,44,F,False
3912,5047,Devansh Bail,68,F,True
3913,5048,Ishani Date,37,M,False
3914,5049,Vincent Soman,21,M,False
3915,5051,Nitesh Gole,22,M,False
3916,5053,Om Vyas,21,F,False
3917,5054,Lajita Shere,27,F,False
3918,5056,Vihaan Thakur,8,F,False
3919,5057,Nisha Radhakrishnan,33,F,False
3920,5057,Harrison Seth,39,F,False
3921,5058,Chanakya Mishra,44,M,False
3922,5059,William Puri,31,M,False
3923,5059,Aradhana Vora,41,M,False
3924,5060,Ekbal Iyengar,75,F,False
3925,5060,Amol Savant,63,M,False
3926,5061,Oliver Buch,17,F,False
3927,5062,Balhaar Bhatnagar,19,T,False
3928,5062,Omya Agrawal,53,M,False
3929,5064,Ikshita Rattan,66,M,False
3930,5065,Indali Dhaliwal,18,F,False
3931,5067,Hema Setty,74,F,False
3932,5068,Fariq Sandhu,14,M,False
3933,5069,Tamanna Atwal,30,F,True
3934,5070,Onkar Vyas,6,M,True
3935,5071,Kala Mishra,17,M,False
3936,5072,Ayush Rama,10,F,False
3937,5073,Damini Sandhu,72,M,False
3938,5075,Sara Nori,44,M,False
3939,5076,Bahadurjit Thakkar,79,F,False
3940,5078,Ishita Thaman,42,M,False
3941,5079,Jalsa Wable,74,F,False
3942,5079,Udant Wali,39,F,False
3943,5080,Jatin Nath,22,F,False
3944,5081,Ubika Gera,23,F,False
3945,5082,Baljiwan Barman,14,M,False
3946,5085,Waida Mani,53,M,False
3947,5085,Gagan Seth,23,F,False
3948,5086,Bhavani Kalla,80,F,False
3949,5088,Viraj Pradhan,33,M,False
3950,5089,Pranav Tripathi,46,M,False
3951,5091,Aarnav Seshadri,6,F,False
3952,5092,Sudiksha Barad,5,M,False
3953,5093,Parth Tella,21,F,False
3954,5094,Krishna Dey,77,F,False
3955,5094,Shivani Madan,70,F,False
3956,5095,Janani Seth,25,F,False
3957,5096,Eiravati Andra,78,M,False
3958,5097,Tanveer Kunda,23,M,False
3959,5099,Rudra Johal,18,M,False
3960,5099,Nicholas Banik,24,M,False
3961,5101,Warinder Parikh,30,F,False
3962,5101,Jai Pai,5,M,False
3963,5102,Vedhika Dave,24,M,False
3964,5103,Yashodhara Loke,27,F,False
3965,5105,Ishaan Mistry,60,F,False
3966,5108,Aadhya Parsa,33,F,False
3967,5108,Suhani Solanki,54,M,False
3968,5109,Diya Badal,38,M,False
3969,5110,Aradhana Ravi,10,F,False
3970,5111,Ranveer Tara,38,F,False
3971,5112,Eiravati Gera,27,F,False
3972,5114,Charvi Lad,15,F,False
3973,5116,Vasatika Kalla,48,M,False
3974,5116,Qarin Bajaj,35,F,False
3975,5117,Lila Bahri,28,F,False
3976,5118,Charles Balasubramanian,54,M,False
3977,5119,Oliver Pandit,68,M,False
3978,5120,Avni Khatri,68,F,False
3979,5121,Advaith Behl,42,F,False
3980,5124,Urmi Kaul,20,M,False
3981,5125,Pushti Gera,65,M,False
3982,5125,Vanya Bhatia,60,M,False
3983,5126,Saanvi Kadakia,47,M,False
3984,5127,Ekbal Sathe,38,M,False
3985,5128,Advaith Mahal,60,M,False
3986,5129,Ati Uppal,23,F,False
3987,5131,Atharv Cheema,8,M,False
3988,5132,Nikita Yadav,69,M,False
3989,5133,David Deshmukh,70,M,False
3990,5135,Maya Sahota,64,F,False
3991,5136,Ishita Bahl,8,M,False
3992,5138,Yachana Oza,79,F,False
3993,5140,Ekaraj Ghosh,28,F,False
3994,5140,Odika Kannan,11,M,False
3995,5141,Unni Bhatia,79,F,False
3996,5142,Harini Raja,31,F,False
3997,5145,Agastya Bhargava,23,M,False
3998,5147,Manthan Wable,19,F,False
3999,5148,Onkar Naidu,17,M,False
4000,5148,Jagdish Dhaliwal,73,M,False
4001,5151,Vrishti Mann,47,M,False
4002,5151,Upkaar Sawhney,17,M,False
4003,5153,Falguni Mahajan,50,F,False
4004,5154,Azad Bir,61,M,False
4005,5155,Ishani Divan,27,M,False
4006,5158,Vasudha Halder,46,M,False
4007,5158,Viraj Venkataraman,46,F,False
4008,5160,Yahvi Dyal,75,F,False
4009,5161,Edhitha Mittal,73,F,False
4010,5162,Dev Prasad,68,M,False
4011,5163,Dalbir Muni,15,M,False
4012,5165,Anjali Chopra,66,F,False
4013,5167,Janaki Chacko,12,F,False
4014,5170,Veer Doshi,37,F,False
4015,5171,Mahika Dewan,39,M,False
4016,5172,Nakul Verma,10,F,False
4017,5174,Yashawini Nath,36,M,False
4018,5175,Kabir Brar,28,F,False
4019,5176,Aarush Dalal,59,M,False
4020,5176,Nandini Chauhan,16,F,False
4021,5177,Jacob Narayan,66,F,False
4022,5178,Chakrika Sridhar,33,M,False
4023,5179,Samesh Choudhry,19,F,False
4024,5180,Lekha Sankar,26,F,False
4025,5181,Hritik Narayanan,51,F,False
4026,5182,Timothy Bhatti,18,F,False
4027,5184,Gagan Mann,50,M,False
4028,5185,Ekalinga Subramanian,40,M,False
4029,5188,Imaran Dhar,74,M,False
4030,5188,Bachittar Nayak,74,F,False
4031,5189,Siya Chauhan,53,M,False
4032,5190,Ayaan Ramanathan,62,M,False
4033,5191,Ojasvi Sengupta,72,M,False
4034,5191,Faris Kaur,36,F,False
4035,5194,Aadhya Din,75,M,False
4036,5196,Zansi Jhaveri,80,M,False
4037,5197,Maanav Sidhu,80,M,False
4038,5198,Gaurang Behl,7,F,False
4039,5201,Sudiksha Chaudhary,53,M,False
4040,5204,David Sibal,23,F,False
4041,5206,Vansha Kaur,37,M,False
4042,5206,Girindra Venkataraman,37,F,False
4043,5207,Azad Seth,42,F,False
4044,5208,Vrishti Taneja,78,F,False
4045,5209,Gautam Krish,55,M,False
4046,5211,Amara Vohra,18,M,False
4047,5211,Upkaar Kota,9,F,False
4048,5217,Mitali Badal,16,F,False
4049,5218,Urishilla Dubey,55,F,False
4050,5221,Hiral Prasad,80,F,False
4051,5222,Rachit Basu,40,F,False
4052,5224,Peter Bala,8,F,False
4053,5225,Yachana Bhandari,72,F,False
4054,5226,Farhan Devi,12,F,False
4055,5227,Aayush Varghese,78,F,False
4056,5228,Yashoda Buch,61,F,False
4057,5229,Ranveer Sant,57,M,False
4058,5230,Bishakha Pant,41,F,False
4059,5231,Ishwar Baria,36,M,False
4060,5232,Nachiket Trivedi,76,M,False
4061,5234,Samar Badal,45,M,False
4062,5236,Yatan Singhal,71,M,False
4063,5236,Neelima Saha,48,M,False
4064,5238,Bahadurjit Gole,80,M,False
4065,5240,Hemang Krish,61,F,False
4066,5242,Eesha Wali,20,M,False
4067,5243,Robert Misra,63,T,False
4068,5245,Dayita Walla,79,M,False
4069,5246,Samuel Palla,28,F,False
4070,5247,Upadhriti Gera,28,F,False
4071,5247,Gopal Goel,29,M,True
4072,5248,Darpan Roy,10,M,False
4073,5248,Falan Bose,10,M,False
4074,5249,Yashawini Karan,49,F,False
4075,5250,Pratyush Cherian,21,M,False
4076,5255,Nimrat Rastogi,31,F,False
4077,5260,Yash Dewan,46,F,False
4078,5261,Ishani Khatri,17,F,False
4079,5263,Faqid Atwal,22,F,False
4080,5264,Girindra Shenoy,6,F,False
4081,5265,Chakradev Nigam,15,F,False
4082,5266,Gaurika Gupta,69,T,False
4083,5266,Alexander Nanda,43,F,False
4084,5267,Wahab Subramanian,77,M,False
4085,5267,Yasti Cheema,49,M,False
4086,5268,Aachal Comar,62,F,False
4087,5270,Abeer Goyal,17,M,False
4088,5271,Warda Warrior,37,M,False
4089,5272,Edhitha Sagar,67,F,False
4090,5275,Warhi Samra,40,M,False
4091,5276,Girish Agate,60,M,False
4092,5277,Anmol Thaman,25,F,False
4093,5277,Zashil Pal,6,F,False
4094,5278,Zaid Palan,39,M,False
4095,5280,Kala Chada,68,M,False
4096,5284,Christopher Rajagopalan,52,M,False
4097,5287,Gavin Pant,50,M,False
4098,5289,Prisha Cheema,47,M,False
4099,5289,Charles Bala,56,T,False
4100,5290,Sanaya Gopal,29,F,False
4101,5291,Zashil Gokhale,70,T,False
4102,5293,Bahadurjit Bansal,40,F,False
4103,5294,Nitara Chauhan,16,F,False
4104,5297,Vrishti Shan,61,M,False
4105,5298,Yatan Patil,25,M,False
4106,5299,Arjun Om,11,F,False
4107,5299,Damyanti Joshi,29,M,False
4108,5300,Onkar Dua,69,F,False
4109,5301,Diya Lata,23,F,False
4110,5302,Raagini Dugar,8,F,False
4111,5302,Amrita Grover,17,F,False
4112,5303,Hritik Upadhyay,47,F,False
4113,5305,Prisha Shah,26,F,False
4114,5306,Upadhriti Sundaram,66,F,False
4115,5307,Girish Devan,80,F,False
4116,5307,Advaith Pingle,80,F,False
4117,5309,Neel Handa,76,F,False
4118,5310,Chavvi Mani,47,F,False
4119,5312,Adya Mangat,60,M,False
4120,5314,Gautami Choudhary,31,F,False
4121,5317,Dayamai Misra,18,F,False
4122,5318,Chakrika Butala,74,F,False
4123,5318,Yauvani Shenoy,70,F,False
4124,5320,Isaiah Mukherjee,41,F,False
4125,5321,Mohammed Puri,9,F,False
4126,5322,Amruta Sengupta,9,F,False
4127,5322,Tanvi Nagi,30,M,False
4128,5323,Vrishti Dey,32,F,False
4129,5327,Jalsa Vig,52,F,False
4130,5327,Jasmit Hora,8,M,False
4131,5330,Liam Ghosh,46,M,False
4132,5330,Ekta Nadig,61,F,False
4133,5331,Ishaan Chauhan,70,F,False
4134,5331,Aahana Chakrabarti,29,F,False
4135,5332,Gayathri Gade,18,M,False
4136,5334,Siddharth Atwal,75,F,False
4137,5335,Isaac Upadhyay,14,F,False
4138,5335,Aradhana Mutti,46,M,False
4139,5336,Nidhi Buch,22,F,False
4140,5339,Oscar Mistry,70,M,False
4141,5339,Hiral Lata,42,M,False
4142,5342,Mason Rajan,39,M,False
4143,5343,Madhav Murty,10,M,False
4144,5344,Vrishti Badal,62,M,False
4145,5345,Yatan Bhagat,30,F,False
4146,5348,Gautam Dalal,7,M,False
4147,5348,Luke Sibal,50,M,False
4148,5349,Ranveer Sankaran,50,F,False
4149,5350,Warinder Lala,63,F,False
4150,5353,Aashi Dugal,11,F,False
4151,5353,Theodore Chacko,38,M,False
4152,5354,Sudiksha Trivedi,34,F,False
4153,5356,Isaiah Kade,37,M,False
4154,5356,Tanveer Narasimhan,60,M,False
4155,5357,Hamsini Buch,59,M,False
4156,5357,Ishanvi Chander,71,F,False
4157,5359,Benjamin Bawa,5,F,False
4158,5360,Megha Balakrishnan,38,M,False
4159,5361,Shravya Deo,80,F,False
4160,5365,Guneet Chawla,29,F,False
4161,5365,Pushti Sur,25,F,False
4162,5366,Prisha Prabhakar,47,M,False
4163,5370,Arya Radhakrishnan,25,F,False
4164,5370,Edhitha Kadakia,46,F,False
4165,5371,Mahika Sethi,45,F,True
4166,5374,Jyoti Chaudhuri,64,F,False
4167,5375,Meghana Krishnan,69,F,False
4168,5376,Amaira Rajagopalan,36,M,False
4169,5377,Omisha Gupta,27,M,False
4170,5377,Vidhi Mall,59,M,False
4171,5378,Omya Sha,6,F,False
4172,5378,Chaman Tank,59,F,False
4173,5379,Upadhriti Pillai,51,M,False
4174,5380,Omkaar Bhasin,47,F,False
4175,5381,Praneel Doctor,11,F,False
4176,5383,Chasmum Lad,14,F,False
4177,5383,Max Varma,32,F,False
4178,5384,Arin Chopra,66,F,False
4179,5384,Falan Palan,64,M,False
4180,5385,Rachita Kari,12,F,False
4181,5386,Odika Patla,28,M,False
4182,5389,Laban Mital,49,F,False
4183,5393,Upma Batta,52,F,False
4184,5394,Urishilla Pall,10,M,False
4185,5395,Amara Natarajan,49,F,False
4186,5398,Sai Sodhi,80,M,False
4187,5401,Janani Rajan,40,M,False
4188,5402,Kevin Sathe,64,M,False
4189,5403,Bahadurjit Kumer,54,M,False
4190,5404,Ishita Batra,55,F,False
4191,5404,Balvan Loke,8,M,False
4192,5406,Theodore Dugar,32,F,False
4193,5406,Forum Dayal,39,F,False
4194,5409,Rajata Roy,63,F,False
4195,5410,Rajeshri Patel,73,F,False
4196,5411,Deepa Balasubramanian,21,M,False
4197,5412,Jagdish Sawhney,66,M,False
4198,5413,Tejas Jani,6,T,False
4199,5414,Lipika Pall,40,F,False
4200,5414,Parth Agrawal,32,M,False
4201,5415,Vaishnavi Singh,35,M,False
4202,5417,Jasmit Saini,77,M,False
4203,5418,Dipta Issac,14,F,False
4204,5419,Chatresh Shetty,75,F,False
4205,5419,Wahab Bains,57,F,False
4206,5420,Jason Shankar,5,M,False
4207,5421,Ikbal Sha,43,F,False
4208,5422,Baljiwan Jani,59,F,False
4209,5423,Peter Karan,62,M,False
4210,5426,Max Parikh,52,F,False
4211,5426,Manbir Dayal,64,F,False
4212,5431,Chameli Chadha,26,F,False
4213,5432,Samaksh Malhotra,15,M,False
4214,5434,Hemang Korpal,68,M,False
4215,5435,Keya Nadkarni,38,F,False
4216,5436,Jason Tailor,5,M,False
4217,5437,Jhalak Vala,37,M,False
4218,5437,Krisha Hayer,33,F,False
4219,5438,Teerth Deshpande,17,M,False
4220,5438,Samesh Sinha,22,M,False
4221,5439,Tarak Kamdar,45,M,False
4222,5442,Sara Lad,48,M,False
4223,5443,Frederick Sinha,77,M,False
4224,5443,Vrishti Korpal,59,F,False
4225,5444,Jeevika Koshy,10,M,False
4226,5444,Diya Pillay,46,M,False
4227,5445,Qabil Dey,14,F,False
4228,5446,Eiravati Dugar,69,M,False
4229,5447,Imaran Chowdhury,52,F,False
4230,5447,Triveni Modi,30,M,False
4231,5448,Isha Walla,51,M,False
4232,5450,Abha Chana,37,M,False
4233,5453,Balveer Mukhopadhyay,62,M,False
4234,5453,Oni Misra,79,F,False
4235,5454,Pratyush Madan,22,F,False
4236,5455,Xavier Kalita,18,F,False
4237,5456,Laksh Krishnamurthy,36,F,False
4238,5457,Krisha Hegde,5,M,False
4239,5458,Chaman Basak,28,F,False
4240,5459,Rudra Kohli,74,M,False
4241,5461,Manbir Raghavan,77,M,False
4242,5466,Reva Dara,41,F,False
4243,5467,Manan Mane,30,M,False
4244,5467,Amruta Kurian,12,F,False
4245,5468,Ishita Sidhu,22,F,False
4246,5470,Hritik Prashad,27,M,False
4247,5470,Meghana Mangat,41,M,False
4248,5472,Chatresh Karnik,79,F,False
4249,5474,Avi Sampath,62,F,False
4250,5474,Hemani Bala,11,M,False
4251,5475,Kabir Reddy,36,M,False
4252,5476,Vaishnavi Chacko,5,F,False
4253,5477,Zilmil Madan,59,F,False
4254,5478,Neel Anne,79,M,False
4255,5479,George Badal,75,M,False
4256,5481,Vedant Goyal,69,T,False
4257,5483,Januja Sangha,44,M,False
4258,5484,Michael Vala,13,M,False
4259,5484,Yochana Ghose,47,M,False
4260,5485,Harish Gola,55,F,False
4261,5485,Krishna Kurian,57,T,False
4262,5486,Viraj Doshi,68,M,False
4263,5487,Jasmit Dash,43,F,False
4264,5487,Aarav Kaul,20,F,False
4265,5489,Tanish Hayer,5,F,False
4266,5492,Atharv Manda,41,T,False
4267,5494,Vasana Choudhury,11,F,False
4268,5494,Bhavna Dhillon,69,F,False
4269,5495,Kevin Pau,34,F,False
4270,5496,Leela Divan,38,M,False
4271,5496,Varsha Basak,60,F,False
4272,5497,Gaurangi Khosla,70,M,False
4273,5499,Max Chander,47,F,False
4274,5500,Neha Sarna,11,M,False
4275,5501,Chandani Mand,21,F,False
4276,5502,Guneet Sanghvi,35,M,False
4277,5503,Lohit Ravel,45,M,False
4278,5503,Upadhriti Suri,46,M,False
4279,5507,Lucky Jaggi,15,F,False
4280,5509,Gagan Pradhan,63,M,False
4281,5509,Zansi Virk,54,F,False
4282,5510,Eta Tripathi,48,F,False
4283,5511,Falguni Prasad,69,F,False
4284,5513,Kiaan Chakraborty,75,M,False
4285,5514,Bhavini Batra,24,M,False
4286,5514,Abdul Krishnamurthy,58,F,True
4287,5515,Aarini Goel,72,M,True
4288,5516,Arjun Sehgal,76,M,False
4289,5520,Kamala Badal,41,F,False
4290,5521,Rachita Lall,16,F,False
4291,5522,Chaaya Gupta,69,M,False
4292,5523,Charles Atwal,20,M,False
4293,5524,Radhika Dhingra,37,M,False
4294,5525,Varenya Barad,38,F,False
4295,5527,Varenya Barad,28,F,False
4296,5527,Chasmum Kakar,29,F,False
4297,5529,Tara Ahluwalia,60,F,False
4298,5530,Warinder Naidu,60,T,False
4299,5532,Frado Singh,78,F,False
4300,5533,Nimrat Chand,42,M,False
4301,5533,Zehaan Lal,35,F,False
4302,5534,Vasudha Bassi,31,F,False
4303,5535,Osha Deep,11,F,False
4304,5536,Vihaan Rama,74,F,False
4305,5537,Lakshit Srinivasan,23,F,False
4306,5537,Azaan Devi,31,M,False
4307,5538,Wridesh Bhatia,62,F,False
4308,5540,Hemang Modi,37,F,False
4309,5542,Upkaar Karan,9,F,False
4310,5543,Faraj Chander,52,F,False
4311,5545,Jeevika Lal,40,F,False
4312,5551,Maya Jayaraman,53,F,False
4313,5552,Veer Agrawal,62,F,False
4314,5554,Ira Kurian,39,M,False
4315,5555,Bhavna Sama,27,M,False
4316,5555,Lakshmi Sengupta,65,M,False
4317,5558,Finn Mittal,60,M,False
4318,5559,Indali Guha,42,F,False
4319,5560,Daniel Mittal,45,F,False
4320,5562,Udarsh Tella,58,M,False
4321,5563,Udant Balay,66,M,False
4322,5565,Laksh Varma,7,M,False
4323,5565,Anita Choudhary,21,M,False
4324,5567,Owen Thaker,71,M,False
4325,5568,Ishani Dubey,65,M,False
4326,5569,Ryan Bahl,41,M,False
4327,5569,Janya Devi,29,F,False
4328,5571,Ekiya Munshi,5,M,False
4329,5571,Upasna Dewan,23,M,False
4330,5574,Sara Kota,18,M,False
4331,5574,Joshua Hegde,68,M,False
4332,5575,Hemani Char,60,M,False
4333,5576,Arin Sawhney,11,T,False
4334,5576,Indali Pall,36,M,False
4335,5577,Idika Ram,33,F,False
4336,5577,Sachi Vasa,61,F,False
4337,5578,Ronith Mohan,31,M,False
4338,5580,Neha Varma,55,F,False
4339,5581,Gautam Roy,69,F,False
4340,5582,Fariq Narayan,65,M,False
4341,5585,Wahab Bera,7,M,False
4342,5585,Upma Minhas,28,M,False
4343,5586,Yauvani Tandon,33,M,False
4344,5586,Anvi Hegde,70,F,False
4345,5588,Omisha Borde,54,M,False
4346,5589,Veer Palla,39,M,False
4347,5591,Urishilla Mann,67,F,False
4348,5592,Yauvani Kara,44,F,False
4349,5594,Zehaan Kumer,44,M,False
4350,5597,Udarsh Iyer,8,F,False
4351,5598,Gunbir Bala,67,F,False
4352,5599,Upasna Dixit,16,M,False
4353,5603,Kashish Palla,6,F,False
4354,5604,Widisha Kala,51,F,False
4355,5605,Finn Gandhi,32,M,False
4356,5611,Christopher Shan,7,M,False
4357,5613,Omisha Lata,78,F,False
4358,5614,Jagat Keer,52,F,False
4359,5614,Hiral Vig,5,M,False
4360,5615,Meghana Cheema,65,M,False
4361,5615,Fiyaz Contractor,47,M,False
4362,5616,Mohammed Gala,79,M,False
4363,5616,Gayathri Varghese,17,M,True
4364,5617,Wriddhish Palla,24,M,False
4365,5619,Ekavir Talwar,31,F,False
4366,5619,Wazir Raja,77,M,False
4367,5620,Vyanjana Tiwari,42,F,False
4368,5621,Rajata Raval,18,F,False
4369,5622,Chameli Sabharwal,31,F,False
4370,5623,Yashasvi Kannan,68,F,False
4371,5624,Shivansh Nadig,64,M,False
4372,5625,Champak Raj,26,F,False
4373,5626,Owen Kara,76,M,False
4374,5630,Qarin Mall,60,M,False
4375,5631,Alka Tripathi,24,M,False
4376,5632,Henry Sarma,68,F,False
4377,5632,Yuvraj Kulkarni,28,M,False
4378,5634,Udyati Chand,64,F,False
4379,5634,Lavanya Dhar,67,M,False
4380,5637,Agastya Chawla,16,F,False
4381,5638,Christopher Deol,12,M,False
4382,5639,Darika Venkatesh,67,F,False
4383,5640,Liam Sabharwal,43,F,False
4384,5641,Gauri Rege,48,F,False
4385,5641,Zayyan Sankaran,11,F,False
4386,5643,Umang Shroff,25,M,False
4387,5644,Onveer Ramanathan,44,F,False
4388,5645,Gaurang Lata,15,F,False
4389,5647,Vasudha Kale,55,F,False
4390,5648,Rachit Balasubramanian,21,M,False
4391,5649,Aishani Raj,74,F,False
4392,5651,Rachana Buch,46,F,False
4393,5652,Tanvi Kalla,36,M,False
4394,5652,Vasana Mital,11,M,False
4395,5653,Anvi Devan,5,F,False
4396,5653,Ranveer Vohra,79,M,False
4397,5658,Yoshita Sem,79,M,False
4398,5659,Alexander Patla,41,M,False
4399,5659,Faraj Saran,26,F,False
4400,5660,Robert Wable,72,M,False
4401,5662,Kalpit Peri,27,M,False
4402,5662,Rajata Agrawal,53,F,False
4403,5664,Upasna Palla,15,M,False
4404,5665,Gaurang Mistry,78,F,False
4405,5666,Chakradhar Subramanian,9,F,False
4406,5669,Isaac Gokhale,62,M,False
4407,5670,Madhavi Basak,65,F,False
4408,5671,Zaid Gola,31,F,False
4409,5677,Jyoti Chaudhary,75,M,False
4410,5677,Rishi Grover,62,F,False
4411,5678,Bhavini Din,71,M,False
4412,5679,Janya Shah,71,F,False
4413,5680,Oni Rajagopalan,28,F,False
4414,5680,Jeremiah Parmar,18,M,False
4415,5681,Yagnesh Patil,14,M,False
4416,5681,Harinakshi Bhasin,13,M,False
4417,5682,Vasana Madan,33,F,False
4418,5684,Jacob Dey,61,M,False
4419,5685,Rohan Sagar,33,M,False
4420,5685,Brinda Acharya,21,F,False
4421,5687,Ria Naidu,69,F,False
4422,5690,Max Rai,5,F,False
4423,5691,Vanya Chaudhari,65,T,False
4424,5692,Shravya Dhillon,13,F,False
4425,5693,Panini Kapadia,45,M,False
4426,5694,Amaira Natarajan,20,F,False
4427,5694,Yagnesh Deo,8,F,False
4428,5695,Ayaan Kannan,25,M,False
4429,5696,Noah Andra,62,F,False
4430,5697,Ekantika Ganesh,50,M,False
4431,5699,Tanay Mahal,22,M,False
4432,5699,Alka Date,68,M,False
4433,5700,Fitan Pau,49,M,False
4434,5701,Shivani Sawhney,48,F,False
4435,5702,Dakshesh Ram,50,F,False
4436,5703,Ojasvi Dugal,10,M,False
4437,5703,Xalak Thaker,64,M,False
4438,5704,Mitesh Barad,19,F,False
4439,5705,George Oak,26,M,False
4440,5708,Janaki Dhar,40,F,False
4441,5709,Gaurav Sengupta,63,M,False
4442,5710,Urmi Gole,29,M,False
4443,5714,Nidra Dada,47,F,False
4444,5715,Isaac Parmer,72,M,False
4445,5716,Sai Kunda,44,F,False
4446,5716,Vidhi Murthy,9,M,False
4447,5717,Krishna Ramanathan,67,F,False
4448,5718,Nathan Acharya,41,M,False
4449,5721,Wriddhish Sane,67,F,False
4450,5721,Siya Chaudhry,20,M,False
4451,5722,Dev Sodhi,67,M,False
4452,5725,Hemangini Sampath,74,M,False
4453,5726,David Wable,45,F,False
4454,5727,Gavin Krishnamurthy,45,M,False
4455,5728,Karan Biswas,31,F,False
4456,5728,Dalbir Sur,25,M,False
4457,5730,Janaki Khanna,7,M,False
4458,5730,Lavanya Doctor,34,M,False
4459,5731,Riya Raval,22,M,False
4460,5732,Vrinda Prasad,22,F,True
4461,5733,Pratyush Mander,42,F,False
4462,5734,Aayush Gopal,39,F,False
4463,5736,Omaja Banerjee,26,F,False
4464,5738,Naveen Bhat,61,F,False
4465,5739,Frado Kothari,20,M,False
4466,5740,Robert Goyal,61,F,False
4467,5741,Nathan Purohit,69,M,False
4468,5742,Osha Varkey,11,T,False
4469,5744,Raghav Iyer,74,M,False
4470,5744,Manya Sarraf,69,F,False
4471,5745,Aashi Dugar,42,T,False
4472,5746,Ishita Sani,21,M,False
4473,5747,Christopher Nadig,23,M,False
4474,5749,Chandresh Rattan,11,M,False
4475,5750,Yash Tailor,14,F,False
4476,5753,Kai Sachdev,10,M,False
4477,5754,Shravya Tiwari,71,T,False
4478,5754,Aishani Gola,71,F,False
4479,5757,Lakshit Dar,16,F,False
4480,5758,Kala Rege,67,M,False
4481,5759,Bakhshi Buch,33,F,False
4482,5760,Raghav Chahal,48,M,False
4483,5761,Jeremiah Varughese,47,F,False
4484,5762,Amruta Bedi,52,M,False
4485,5762,Luke Ganesan,24,M,True
4486,5763,Leela Dyal,41,F,False
4487,5764,Hemang Hans,73,M,False
4488,5765,Sai Sarraf,45,M,False
4489,5766,Aishani Vohra,68,M,False
4490,5766,Yashasvi Reddy,58,F,False
4491,5767,Neelima Goyal,34,M,False
4492,5767,Jagvi Bhalla,66,M,False
4493,5769,Frederick Vora,56,M,False
4494,5771,Gautami Tella,64,F,False
4495,5772,William Mallick,37,M,False
4496,5774,Xalak Nagi,20,F,False
4497,5774,Vritti Chaudhry,14,M,False
4498,5777,Chatresh Ramakrishnan,15,F,False
4499,5779,Zayan Raman,59,M,False
4500,5780,Nimrat Borde,27,M,False
4501,5780,Gaurika Luthra,17,F,False
4502,5781,Eta Ramachandran,64,F,False
4503,5782,Meghana Sachar,13,F,False
4504,5783,Varsha Khatri,29,M,False
4505,5783,Urvi Saini,61,M,False
4506,5784,Triya Dugal,23,M,False
4507,5785,Nilima Varughese,27,F,False
4508,5786,Omisha Singhal,37,F,False
4509,5787,Widisha Gopal,74,M,False
4510,5787,Unni Vala,47,M,False
4511,5788,Umang Srinivas,52,F,False
4512,5789,Balhaar Patil,29,F,False
4513,5791,Utkarsh Pingle,41,M,False
4514,5791,Harrison Walia,54,F,False
4515,5793,Aayush Sem,50,M,False
4516,5796,Frado Lad,18,F,False
4517,5798,Gauri Sehgal,40,F,False
4518,5798,Pranit Venkataraman,19,M,False
4519,5799,Nakul Chaudhari,59,F,False
4520,5803,Wishi Raju,19,F,False
4521,5803,Faras Raju,44,M,True
4522,5805,Nisha Dora,24,F,False
4523,5808,Eta Mitter,6,F,False
4524,5810,Jason Vaidya,62,F,False
4525,5810,Vaishnavi Karan,28,M,False
4526,5812,Faras Dave,51,M,False
4527,5813,Varsha Solanki,5,M,False
4528,5813,Vamakshi Rai,64,M,False
4529,5815,Pranav Kata,65,M,False
4530,5816,Anay Gupta,68,F,False
4531,5817,Lohit Lanka,15,F,False
4532,5817,Nitara Mukhopadhyay,5,F,False
4533,5818,Irya Lad,35,M,False
4534,5818,Madhav Uppal,34,F,False
4535,5820,Advik Narain,9,F,False
4536,5822,Vasudha Prashad,69,M,False
4537,5824,Bhavani Patel,69,M,False
4538,5825,Qabil Sen,28,F,False
4539,5829,Om Barad,53,F,False
4540,5829,Gayathri Roy,35,M,False
4541,5830,Nitara Doshi,76,M,False
4542,5831,Nidra Bose,31,F,False
4543,5831,Ekalinga Aggarwal,33,M,False
4544,5832,Ati Solanki,28,M,False
4545,5833,Lila Ahluwalia,77,M,False
4546,5834,Nimrat Parsa,51,M,False
4547,5835,Falak Parmer,13,F,False
4548,5837,Samesh Mishra,48,M,False
4549,5838,Nisha Chandra,33,F,False
4550,5838,Janani Sani,66,F,False
4551,5840,Pavani Wable,69,M,False
4552,5842,Triya Pai,25,F,False
4553,5843,Chandresh Kunda,37,F,False
4554,5844,Parth Batta,24,M,False
4555,5845,Anirudh Yohannan,9,M,False
4556,5845,Lipika Nagi,53,M,False
4557,5846,Siddharth Mahajan,33,M,False
4558,5846,Divya Shah,19,M,False
4559,5847,Advaith Grewal,14,M,True
4560,5847,Yashodhara Bedi,31,F,False
4561,5849,Ekbal Desai,74,M,False
4562,5850,Anmol Walia,70,F,False
4563,5850,Hamsini Johal,76,M,False
4564,5851,Bhavya Bhat,35,M,False
4565,5852,Anirudh Andra,25,F,False
4566,5854,Orinder Ray,63,F,False
4567,5855,Krish Dasgupta,39,F,False
4568,5856,Madhavi Khatri,14,M,False
4569,5858,Zaid Morar,26,M,False
4570,5860,Chasmum Doctor,19,M,False
4571,5861,Yuvraj Koshy,77,M,False
4572,5863,Eesha Madan,59,M,False
4573,5864,Vaishnavi Krishnamurthy,68,F,False
4574,5865,Ansh Walia,28,F,False
4575,5865,Unni Dutt,55,M,False
4576,5866,Veer Sekhon,5,T,False
4577,5867,Patrick Garg,77,M,False
4578,5868,Amara Sawhney,77,M,False
4579,5870,Janaki Nazareth,49,M,False
4580,5870,Mason Kamdar,25,M,False
4581,5871,Janya Rama,57,F,False
4582,5872,Maanav Sangha,56,M,False
4583,5872,Ishwar Bobal,52,F,False
4584,5873,Hitesh Vig,47,M,False
4585,5874,Sathvik Borde,14,F,False
4586,5874,Alka Sen,30,F,False
4587,5875,Faris Vala,71,F,False
4588,5875,Lopa Bandi,64,M,False
4589,5876,Harsh Balan,78,F,False
4590,5879,Mekhala Mutti,24,M,False
4591,5880,Reyansh Mangat,27,F,False
4592,5881,Abdul Narayan,6,M,False
4593,5881,Jack Sethi,72,M,False
4594,5882,Gaurika Sangha,44,F,False
4595,5884,Nachiket Gour,9,M,False
4596,5885,Jagvi Zacharia,26,M,False
4597,5885,David Deo,29,F,False
4598,5886,Rudra Ramaswamy,68,M,False
4599,5887,Ria Jha,58,M,False
4600,5887,Leela Bandi,78,F,False
4601,5888,Lakshit Bhargava,38,F,False
4602,5889,Zayyan Chand,65,M,True
4603,5891,Vasudha Tailor,79,F,False
4604,5892,Janya Sama,11,F,False
4605,5892,Jyoti Tak,33,M,False
4606,5895,Oviya Kamdar,17,M,False
4607,5896,Dalaja Patel,42,F,False
4608,5897,Ekansh Bhandari,52,F,False
4609,5898,Wazir Kapoor,70,F,False
4610,5899,Chakradev Contractor,35,F,False
4611,5900,Onkar Dar,15,F,False
4612,5902,Bhavika Shah,9,F,False
4613,5904,Devika Sunder,21,F,False
4614,5906,Ishwar Kumar,27,M,False
4615,5906,Raagini Ramesh,53,M,False
4616,5907,Anirudh Murty,68,M,False
4617,5908,Manbir Chokshi,50,M,False
4618,5909,Kalpit Balasubramanian,51,M,False
4619,5910,Lohit Contractor,57,F,False
4620,5911,Charles Mannan,63,F,False
4621,5912,Fiyaz Sule,60,M,False
4622,5913,Balhaar Kanda,80,M,False
4623,5913,Samaksh Ramakrishnan,61,M,False
4624,5914,Bhavika Gole,22,M,False
4625,5914,Waida Magar,32,M,False
4626,5916,Amruta Wagle,23,M,False
4627,5918,Damini Pant,56,M,False
4628,5919,Raghav Vig,80,F,False
4629,5919,Yashasvi Morar,54,M,False
4630,5920,Ansh Nayar,23,F,False
4631,5922,Sneha Konda,69,M,False
4632,5923,Hemang Bhardwaj,33,M,False
4633,5923,Falak Dhillon,17,F,False
4634,5924,Saumya Dugal,30,M,False
4635,5926,Jhalak Behl,22,M,False
4636,5930,Aahana Kant,63,F,False
4637,5932,Gautami Karnik,44,M,False
4638,5933,William Saxena,45,F,False
4639,5933,Wriddhish Bhat,54,F,False
4640,5935,Riya Bora,66,F,False
4641,5936,Tanish Mangal,30,F,False
4642,5936,Maanas Gera,48,F,False
4643,5937,Henry Sule,49,F,False
4644,5938,Vamakshi Baria,76,M,False
4645,5940,Harini Tandon,47,F,False
4646,5941,Mugdha Kale,16,F,False
4647,5945,Lila Mangat,27,F,False
4648,5947,Eiravati Chana,36,F,False
4649,5948,Ekta Dewan,32,F,False
4650,5949,Pooja Baria,29,M,False
4651,5951,Eshana Sani,15,F,False
4652,5952,Chandran Solanki,63,M,False
4653,5953,Liam Lalla,53,F,False
4654,5956,Chandani Jhaveri,10,F,False
4655,5959,Vasudha Krish,69,F,False
4656,5960,Ekiya Sahota,61,F,False
4657,5961,Theodore Sastry,57,M,False
4658,5961,Sara Dugal,13,F,False
4659,5962,Bina Rattan,40,M,False
4660,5964,Manan Parikh,64,F,False
4661,5965,Udant Dani,45,M,False
4662,5965,Oscar Dey,59,F,False
4663,5966,Chandani Palla,60,F,False
4664,5968,Siddharth Shenoy,6,F,False
4665,5968,Andrew Chauhan,54,M,False
4666,5969,Jason Talwar,38,F,False
4667,5970,Rehaan Kanda,52,F,False
4668,5972,Pranit Sandhu,57,F,False
4669,5975,Harinakshi Rao,67,M,False
4670,5976,Kalpit Shukla,61,F,False
4671,5977,Ekta Naik,16,F,False
4672,5978,Oliver Raval,33,M,False
4673,5979,Raksha Raju,25,M,False
4674,5979,Andrew Pai,47,M,False
4675,5980,Balhaar Khanna,64,F,False
4676,5983,Nidra Ram,62,F,False
4677,5984,Utkarsh Kumer,15,F,False
4678,5985,Om Virk,38,M,False
4679,5986,Kamala Desai,14,M,False
4680,5987,Wridesh Brar,52,M,False
4681,5988,Wishi Sur,20,M,False
4682,5990,Yashica Dhar,7,M,False
4683,5990,Unnati Kalita,65,M,False
4684,5992,Harini Gandhi,11,M,False
4685,5993,Vanya Barad,72,M,False
4686,5993,Warda Desai,77,M,False
4687,5994,Ucchal Venkataraman,46,F,False
4688,5996,Rajata Bakshi,45,M,False
4689,5996,Nilima Menon,48,M,False
4690,5997,Vinaya Narasimhan,57,F,False
4691,5997,Yutika Purohit,57,M,False
4692,5998,Fiyaz Sankar,17,F,False
4693,5999,Simon Bansal,28,M,False
4694,5999,Darsh Dar,78,F,False
4695,6001,Alexander Kale,17,T,False
4696,6001,Vasudha Chandra,45,F,False
4697,6002,Vincent Apte,46,F,False
4698,6005,Henry Prasad,15,F,False
4699,6006,Mekhala Roy,44,F,False
4700,6008,Owen Bansal,80,F,False
4701,6011,Riya Koshy,12,M,False
4702,6016,Vedant Rastogi,62,M,False
4703,6017,Ganga Khurana,18,F,False
4704,6018,Mekhala Sethi,16,F,False
4705,6018,Nirja Chaudhari,55,F,False
4706,6019,Tarak Kala,44,M,False
4707,6019,Vidhi Patla,43,F,False
4708,6021,Darpan Rout,38,M,False
4709,6022,Maanas Banik,77,F,False
4710,6025,Arya Narang,79,M,False
4711,6025,Ira D’Alia,35,T,False
4712,6028,Jatin Mutti,70,M,False
4713,6029,Yashawini Pingle,36,M,False
4714,6030,Tripti Morar,10,M,False
4715,6031,Baljiwan Loyal,44,M,False
4716,6036,Chaman Baral,50,M,False
4717,6039,Pallavi Bal,59,F,False
4718,6040,Prisha Bhagat,31,M,False
4719,6041,Ishita Viswanathan,39,M,False
4720,6041,Vaishnavi Parikh,10,F,False
4721,6042,Januja Prabhu,60,M,False
4722,6043,Vivaan Yogi,38,M,False
4723,6044,Tejas Ram,17,M,False
4724,6046,Jagat Nagi,32,M,False
4725,6047,Keya Parikh,73,F,False
4726,6047,Pratyush Parsa,20,F,False
4727,6048,Hitesh Vig,8,F,False
4728,6049,Mason Menon,35,M,False
4729,6050,Anmol Verma,14,F,False
4730,6051,Ojasvi Sarkar,68,M,False
4731,6052,Lajita Doshi,29,F,False
4732,6053,Jagdish Nori,47,F,False
4733,6053,Ranbir Varghese,11,M,False
4734,6054,Lekha Om,70,M,False
4735,6055,Dakshesh Sekhon,52,F,False
4736,6057,Samuel Dua,26,M,False
4737,6057,Mitali Narain,11,F,False
4738,6058,Max Master,65,M,False
4739,6058,Samuel Bal,12,F,False
4740,6062,Megha Bahri,27,F,False
4741,6063,Damini Bir,29,F,False
4742,6065,Sanaya Panchal,10,M,False
4743,6066,Anya Hegde,54,M,False
4744,6067,Tara Kurian,10,F,False
4745,6068,Veda Khosla,41,M,False
4746,6069,Vasatika Chokshi,25,M,False
4747,6069,Mitesh Baral,65,F,False
4748,6070,Oscar Dani,63,F,False
4749,6072,Udarsh Kakar,33,M,False
4750,6075,Gaurangi Pathak,52,F,False
4751,6076,Nitesh Jhaveri,43,F,False
4752,6078,Yagnesh Bahri,78,F,False
4753,6081,Hemal Bhatia,41,F,False
4754,6081,Qushi Babu,68,M,False
4755,6082,Edhitha Deshmukh,45,F,False
4756,6082,Kevin Sandhu,36,M,False
4757,6084,Anmol Vohra,38,M,False
4758,6085,Robert Loke,5,F,False
4759,6086,Vamakshi Kalla,70,F,False
4760,6088,Anika Grewal,42,M,False
4761,6089,Thomas Soman,66,F,False
4762,6090,Sai Dara,52,F,False
4763,6091,Ryan Krish,19,M,False
4764,6092,Upadhriti Shenoy,48,F,False
4765,6093,Udarsh Raj,79,F,False
4766,6094,Azad Bumb,38,F,False
4767,6095,Anita Sabharwal,39,F,False
4768,6097,Janya Kalita,28,F,False
4769,6100,Udyati Handa,71,F,False
4770,6101,Matthew Nigam,33,F,False
4771,6103,Tarak Khatri,6,M,False
4772,6104,Ethan Kibe,18,F,False
4773,6105,Waida Modi,40,F,False
4774,6105,Pahal Choudhry,78,M,False
4775,6107,Azaan Lad,48,M,False
4776,6108,Isaiah Khosla,21,F,False
4777,6110,Shivansh Misra,79,F,False
4778,6110,Falguni Pandit,11,F,False
4779,6111,Ojasvi Narain,25,F,False
4780,6112,Pushti Patla,15,M,False
4781,6112,Zaitra Zacharia,54,M,True
4782,6113,Ishani Gokhale,31,F,True
4783,6114,Nirja Pandya,60,M,False
4784,6115,Theodore Dani,47,F,False
4785,6118,Sudiksha Mangal,38,M,False
4786,6118,Anvi Cherian,6,M,False
4787,6119,Priya Babu,42,M,False
4788,6119,Ucchal Thakkar,26,M,False
4789,6122,Lakshmi Sankaran,28,F,False
4790,6123,Faris Amble,67,M,False
4791,6125,Dayita Saha,55,F,False
4792,6126,Azaan Sarraf,29,F,False
4793,6128,Damini Vala,24,F,False
4794,6128,Robert Lanka,8,M,False
4795,6130,Gauri Ramaswamy,56,F,False
4796,6130,Jalsa Radhakrishnan,60,M,False
4797,6131,Yashvi Ramanathan,62,F,False
4798,6133,Pranav Natarajan,23,M,True
4799,6136,Chandran Pau,7,F,False
4800,6136,Champak Vasa,37,F,False
4801,6137,Aadhya Dash,46,M,False
4802,6138,Balveer Sankar,23,M,False
4803,6138,Adya Merchant,55,F,False
4804,6139,Yahvi Warrior,75,M,False
4805,6141,Benjamin Saha,33,F,False
4806,6141,Ladli Naidu,21,M,False
4807,6142,Ganga Kamdar,47,F,False
4808,6144,Gagan Chopra,67,F,False
4809,6145,Chanchal Bal,51,M,False
4810,6146,Sanaya Parekh,36,F,False
4811,6147,Tanvi Rajan,33,M,False
4812,6148,Aadhya Ramesh,33,F,False
4813,6149,Janya Ramesh,73,M,False
4814,6149,Kiaan Venkataraman,80,F,False
4815,6150,Tanay Deshpande,20,F,False
4816,6151,Aarini Gupta,73,F,False
4817,6151,Riya Saxena,28,F,False
4818,6152,Hemani Bhagat,32,M,False
4819,6154,Ayaan Keer,6,F,False
4820,6161,Mohammed Toor,28,M,False
4821,6161,Veda Bhattacharyya,37,M,False
4822,6162,Sudiksha Shukla,17,F,False
4823,6164,Anvi Rai,77,F,False
4824,6165,Patrick Narasimhan,48,M,False
4825,6168,Oni Desai,15,F,False
4826,6169,Dayita Badami,66,M,False
4827,6169,Pahal Thaman,22,F,False
4828,6172,Wazir Sundaram,36,M,False
4829,6173,Advik Narain,55,M,False
4830,6173,Warda Dalal,66,F,False
4831,6174,Zayyan Korpal,77,M,False
4832,6174,Fitan Patla,8,M,False
4833,6175,Unnati Kurian,57,M,False
4834,6176,Krish Ranganathan,26,M,False
4835,6177,Gunbir Garde,73,M,False
4836,6178,Laban Mahajan,47,F,False
4837,6179,Aachal Mohan,42,M,False
4838,6180,Meghana Bail,15,M,False
4839,6181,Bakhshi Sanghvi,28,F,False
4840,6184,Yashvi Rattan,73,F,False
4841,6184,Bimala Badami,9,T,False
4842,6185,Nidhi Murty,17,F,False
4843,6185,Lekha Mital,17,M,False
4844,6186,Kabir Gill,18,F,False
4845,6187,Edhitha Ganesan,41,M,False
4846,6189,Wridesh Raj,15,M,False
4847,6190,Jagrati Mody,64,M,False
4848,6191,Isaiah Master,20,M,False
4849,6192,Gunbir Thakur,60,M,False
4850,6193,Lucky Lall,43,M,False
4851,6193,Abdul Mall,78,M,False
4852,6195,Nitesh Dua,19,F,False
4853,6197,Neha Mukherjee,70,M,False
4854,6198,Fariq Bera,33,F,False
4855,6199,Edhitha Magar,37,M,False
4856,6199,Bachittar Bedi,62,M,False
4857,6200,Veer Kohli,67,F,False
4858,6200,Bhanumati Savant,61,F,False
4859,6203,Orinder Issac,33,M,False
4860,6204,Sneha Subramanian,56,M,False
4861,6204,Aradhana Dewan,5,M,False
4862,6205,Noah Dey,54,F,False
4863,6208,Balendra Om,45,F,False
4864,6210,Onveer Sami,51,F,False
4865,6212,Zilmil Chaudhry,54,M,False
4866,6214,Vamakshi Bhattacharyya,76,M,False
4867,6214,Ekavir Prakash,55,F,False
4868,6215,Unni Batta,11,M,False
4869,6216,Aarush Tailor,74,M,False
4870,6216,Chandani Balakrishnan,70,M,False
4871,6217,Lohit Sankar,15,M,False
4872,6220,Amara Khosla,69,M,False
4873,6222,Maya Kant,77,F,False
4874,6222,Gayathri Thaman,44,F,False
4875,6225,Daniel Loyal,49,F,False
4876,6226,Vasudha Raju,49,F,False
4877,6228,Charita Ratti,28,F,False
4878,6228,Dayita Wable,43,M,False
4879,6229,Aayush Chaudry,72,F,False
4880,6230,Unni Palla,38,F,False
4881,6231,Wakeeta Sidhu,48,M,False
4882,6232,Nandini Maharaj,32,M,False
4883,6232,Chatresh Sibal,79,F,False
4884,6234,Jagvi Bora,19,M,False
4885,6236,Urmi Sangha,67,F,False
4886,6238,Ekapad Gala,5,F,False
4887,6238,Hiral Nadig,5,M,False
4888,6240,Anay Majumdar,21,F,False
4889,6240,Damyanti Varghese,33,F,False
4890,6241,Bhanumati Bora,32,M,False
4891,6243,Manya Butala,33,M,False
4892,6244,Aashi Bhatia,75,F,False
4893,6246,Yadavi Palla,52,M,False
4894,6247,Bhanumati Basak,65,M,False
4895,6248,Darpan Dhillon,65,F,False
4896,6249,Lajita Kulkarni,58,M,False
4897,6250,Anmol Balan,14,F,False
4898,6250,Xavier Jaggi,16,M,False
4899,6251,Charan Dasgupta,12,F,False
4900,6253,Udant Cheema,29,F,False
4901,6254,Niharika Gole,66,F,False
4902,6256,Wishi Guha,76,M,False
4903,6256,Arjun Raja,64,M,False
4904,6257,Jack Sheth,58,F,False
4905,6257,Ayush Mann,6,F,False
4906,6258,Zarna Varkey,34,M,False
4907,6258,Dalaja Kurian,11,M,False
4908,6259,Ikbal Pall,76,M,False
4909,6259,Ethan Rai,8,M,False
4910,6262,Chakradhar Dass,52,M,False
4911,6263,Vanya Chandran,69,F,False
4912,6263,Utkarsh Chander,36,F,False
4913,6264,Isaac Doctor,7,M,False
4914,6264,Veer Bera,73,M,False
4915,6268,Veda Shroff,43,F,False
4916,6269,Libni Bose,75,M,False
4917,6270,Lopa Shroff,29,F,False
4918,6271,Chandran Mitra,58,M,False
4919,6273,Hiral Baral,33,F,False
4920,6274,Rachita Hegde,39,F,False
4921,6275,Yashica Zachariah,71,F,False
4922,6276,Krishna Sastry,12,M,False
4923,6277,Bhanumati Ganesh,11,F,False
4924,6278,Anusha Kapadia,35,F,False
4925,6280,Priya Bath,76,F,False
4926,6282,Veda Kibe,33,M,False
4927,6284,Vedika Sankar,80,F,False
4928,6286,Manya Nair,76,F,False
4929,6287,Nirja Sur,76,F,False
4930,6288,Radha Kapoor,34,M,False
4931,6289,Unni Magar,18,F,False
4932,6290,Forum Lad,7,F,False
4933,6291,Reva Bath,35,F,False
4934,6293,Ojasvi Khatri,18,M,False
4935,6294,Umang Jain,18,F,False
4936,6296,Chanchal Balan,20,F,False
4937,6298,Garima Pall,58,F,False
4938,6298,Sudiksha Bera,11,F,False
4939,6300,Chasmum Parekh,61,F,False
4940,6301,Nitara Taneja,40,T,False
4941,6302,Eesha Seth,74,F,False
4942,6302,Nimrat Thaman,24,M,False
4943,6304,Yashoda Hans,29,M,False
4944,6306,Vihaan Pall,29,M,False
4945,6307,Aarnav Lala,18,F,False
4946,6309,Ojasvi Singh,42,M,False
4947,6310,Faraj Raju,55,F,False
4948,6311,Tanay Dhawan,37,F,False
4949,6314,Yashica Tak,22,M,False
4950,6316,Chaaya Chaudhary,5,M,False
4951,6316,Nachiket Baral,11,M,False
4952,6318,Hardik Mammen,55,F,False
4953,6319,Vedhika Sodhi,45,M,False
4954,6320,Yuvraj Reddy,48,F,False
4955,6320,Janya Chawla,51,F,False
4956,6321,Saanvi Ramachandran,43,F,False
4957,6322,Yashasvi Narayan,41,F,False
4958,6322,Charles Madan,49,F,False
4959,6325,Wishi Johal,64,F,False
4960,6327,Kashvi Om,9,F,False
4961,6327,Saumya Contractor,44,F,False
4962,6328,Adya Bir,11,F,False
4963,6329,Triya Murthy,72,M,False
4964,6333,Shravya Gour,48,M,False
4965,6334,Triya Suresh,62,M,False
4966,6337,Chandani Menon,77,M,False
4967,6338,Yochana Rege,76,M,False
4968,6339,Lipika Bath,13,F,False
4969,6340,Lakshmi Keer,73,F,False
4970,6341,Janani Rattan,40,M,False
4971,6342,Rishi Nagarajan,43,F,False
4972,6343,Benjamin Hari,23,F,False
4973,6343,Charan Ganguly,41,F,False
4974,6344,Aarnav Kumar,7,F,False
4975,6346,Jack Kumar,11,F,False
4976,6346,Anika Sachar,22,M,False
4977,6348,Jatin Gera,8,F,False
4978,6349,Gabriel Loyal,49,F,False
4979,6350,Max Rege,69,F,False
4980,6353,Lohit Dube,17,M,False
4981,6353,Krisha Bhandari,33,F,False
4982,6356,Triveni Chahal,15,F,False
4983,6356,Yatan Nanda,25,F,False
4984,6357,Zayyan Bala,27,F,False
4985,6357,Aarini Anand,57,M,False
4986,6358,Indrajit Dutt,60,M,True
4987,6359,Victor Pau,14,F,False
4988,6360,Vyanjana Dewan,52,F,False
4989,6361,Vrinda Rajagopal,63,M,False
4990,6361,Theodore Bassi,57,M,False
4991,6365,Leena Dhillon,76,M,False
4992,6365,Hemal Prasad,6,M,False
4993,6366,Gauri Morar,77,M,False
4994,6367,Tanveer Kunda,16,F,False
4995,6368,Onveer Sengupta,45,M,False
4996,6370,Tejas Wagle,32,F,False
4997,6370,Charvi Khare,9,T,False
4998,6371,Manbir Kumar,10,F,False
4999,6372,Warinder Thakur,49,F,False
5000,6375,Yahvi Maharaj,74,F,False
5001,6376,Finn Sant,43,F,False
5002,6377,Ayush Taneja,54,M,False
5003,6379,Wyatt Kannan,50,M,False
5004,6382,Teerth Bandi,68,M,False
5005,6383,Rachita Nazareth,25,F,False
5006,6384,Manbir Sarraf,48,F,False
5007,6386,Bishakha Raman,22,F,False
5008,6387,Aarna Bedi,39,F,False
5009,6388,Mugdha Mannan,52,F,False
5010,6388,Eta Bala,28,F,False
5011,6390,Libni Dhingra,51,M,False
5012,6390,Gautami Kanda,14,M,False
5013,6393,Abhimanyu Balakrishnan,52,F,False
5014,6394,Deepa Chowdhury,24,M,False
5015,6396,Eshana Vasa,30,F,False
5016,6397,Kashish Nair,55,M,True
5017,6400,Gopal Buch,29,F,False
5018,6401,Eshana Virk,44,F,False
5019,6403,Upasna Raval,76,F,False
5020,6404,Janaki Kapadia,22,F,False
5021,6404,Varenya Dey,20,F,False
5022,6405,Rudra Dara,9,F,False
5023,6406,Radhika Ratti,59,M,False
5024,6406,Ansh Keer,44,M,False
5025,6409,Ethan Koshy,16,M,False
5026,6410,Aarav Raval,21,F,False
5027,6411,Eiravati Tripathi,77,M,False
5028,6411,Isaiah Chad,16,F,False
5029,6413,Nitesh Shukla,66,F,False
5030,6414,Anika Shroff,9,F,False
5031,6415,Ishwar Dugar,53,F,False
5032,6415,Maanav Venkatesh,11,M,False
5033,6417,Pranav Bandi,29,F,False
5034,6418,Yahvi Patel,75,M,False
5035,6419,Priya Gola,79,M,False
5036,6419,Jalsa Madan,17,F,False
5037,6420,Advay Dhar,55,F,False
5038,6420,Aadi Luthra,18,F,False
5039,6421,Jason Khosla,5,F,False
5040,6422,Maanas Yohannan,76,F,False
5041,6425,Faris Karan,23,M,False
5042,6426,Ojasvi Dayal,60,M,False
5043,6427,Ishita Verma,23,M,False
5044,6428,Chaitaly Krishnamurthy,8,M,False
5045,6430,Nihal Rege,74,F,False
5046,6433,Jeremiah Yadav,41,M,False
5047,6433,Nitesh Garde,66,F,False
5048,6434,Anmol Mishra,69,M,False
5049,6436,Gaurang Kapur,54,M,False
5050,6437,Jacob Behl,48,M,False
5051,6438,Abeer Wason,30,M,False
5052,6439,Dhriti Bali,50,F,False
5053,6439,Rushil Mammen,14,M,False
5054,6440,Chanchal Gokhale,52,M,False
5055,6441,Jairaj Ganesan,33,F,False
5056,6442,Lajita Chandran,24,M,False
5057,6443,Bhavika Bandi,49,M,False
5058,6445,Aishani Mangal,5,M,False
5059,6447,Farhan Lala,28,F,False
5060,6449,Eesha Singhal,33,M,False
5061,6450,Yashasvi Gokhale,62,F,False
5062,6451,Sara Morar,11,F,False
5063,6452,Anamika Buch,76,M,False
5064,6452,Vanya Dada,14,F,False
5065,6453,Gauri Dash,44,F,False
5066,6456,Bhavna Bora,54,F,False
5067,6457,Dayamai Krishnamurthy,33,M,False
5068,6458,Jyoti Raju,14,F,False
5069,6459,Mason D’Alia,24,F,False
5070,6460,Banjeet Agate,8,F,False
5071,6463,Watika Chacko,42,F,False
5072,6467,Qasim Oak,68,F,False
5073,6467,Aradhana Dugar,6,M,False
5074,6468,Lajita Borde,51,F,False
5075,6470,Chanchal Jaggi,61,M,False
5076,6470,Advik Randhawa,65,M,False
5077,6472,Megha Ramesh,29,F,False
5078,6473,Yashawini Dubey,21,M,False
5079,6473,Rudra Borah,39,F,False
5080,6477,Karan Shroff,17,F,False
5081,6478,Varsha Walla,20,M,False
5082,6478,Adya Narayan,32,F,False
5083,6480,Om Hans,69,F,False
5084,6481,Gavin Gopal,44,M,False
5085,6482,Rachit Subramanian,18,F,False
5086,6483,Vaishnavi Oza,48,M,False
5087,6484,Zaid Issac,13,M,False
5088,6485,Varenya Deep,40,F,False
5089,6485,Chaitaly Parmer,17,F,False
5090,6486,Gaurav Kapur,77,F,False
5091,6487,Zansi Gera,20,F,False
5092,6488,Girish Raj,26,M,False
5093,6489,Shaurya Kannan,30,M,False
5094,6490,Luke Soman,70,M,False
5095,6491,Mitesh Tella,78,F,False
5096,6493,Kabir Hans,73,F,False
5097,6494,Vedhika Varty,43,F,False
5098,6494,Osha Uppal,34,M,False
5099,6495,Jagvi Lata,24,F,False
5100,6497,Yashica Rastogi,40,M,False
5101,6502,Andrew Zacharia,38,M,False
5102,6504,Faras Choudhury,65,F,False
5103,6505,Vincent Gala,31,F,False
5104,6505,Maya Taneja,58,F,False
5105,6506,Madhav Doctor,8,F,False
5106,6506,Anirudh Mitra,27,M,False
5107,6508,Faqid Raghavan,59,F,False
5108,6509,Kevin Gaba,30,M,False
5109,6510,Balhaar Pillai,14,F,False
5110,6511,Yachana Babu,5,M,False
5111,6512,Nimrat Munshi,80,M,False
5112,6513,Kashvi Vyas,49,M,False
5113,6514,Ekani Ben,19,M,False
5114,6514,Saanvi Rattan,48,M,False
5115,6515,Omaja Yadav,77,F,False
5116,6516,Zayan Behl,69,M,False
5117,6517,Ishwar Anne,16,F,False
5118,6517,Gaurav Goel,72,M,False
5119,6518,Chaaya Thakkar,30,F,False
5120,6520,Yashawini Zacharia,27,F,False
5121,6520,Zayyan Gaba,32,T,False
5122,6521,Nandini Chowdhury,42,F,False
5123,6521,Hitesh Sekhon,60,M,False
5124,6524,Jagat Randhawa,26,F,False
5125,6525,Brijesh Mallick,54,F,False
5126,6526,Balveer Bath,56,F,False
5127,6527,Rushil Bath,29,M,False
5128,6531,Megha Rama,76,F,False
5129,6532,Avni Ramaswamy,75,F,False
5130,6533,Isaiah Ganguly,23,F,False
5131,6535,Luke Zachariah,54,F,False
5132,6535,Libni Atwal,7,M,False
5133,6537,Panini Handa,77,F,False
5134,6537,Girish Narasimhan,78,M,False
5135,6538,Hardik Hayre,21,M,False
5136,6539,Gaurangi Hegde,79,F,False
5137,6541,Arunima Mall,5,F,False
5138,6541,Bhavika Dugar,72,F,False
5139,6542,Bhavini Mitra,23,F,False
5140,6543,Faqid Apte,14,F,False
5141,6543,Harini Ramakrishnan,39,F,False
5142,6544,Gabriel Kaul,49,F,False
5143,6549,Ayushman Divan,26,M,False
5144,6551,Tanish Sharaf,34,M,False
5145,6552,Isaiah Lal,66,F,False
5146,6553,Tanvi Khatri,10,F,False
5147,6554,Megha Mittal,52,F,False
5148,6557,Devika Keer,78,F,False
5149,6558,Qarin Varma,23,M,False
5150,6559,Chaitaly Luthra,58,M,False
5151,6560,David Patla,26,M,False
5152,6561,Rudra Chauhan,32,M,False
5153,6562,Naksh Bansal,64,M,False
5154,6563,Pavani Agrawal,11,M,False
5155,6564,Siya Butala,10,F,False
5156,6566,Yahvi Jhaveri,28,F,False
5157,6572,Pahal Srivastava,66,M,False
5158,6573,Oliver Garde,38,F,False
5159,6573,Dayita Oommen,78,F,False
5160,6574,Idika Dara,26,F,False
5161,6575,Ishani Issac,14,F,False
5162,6576,Urvi Sheth,7,F,False
5163,6577,Yashoda Sachdev,65,M,False
5164,6578,Vedant Borde,27,F,False
5165,6579,Ranveer Swaminathan,8,F,False
5166,6579,Varenya Thaker,72,F,False
5167,6580,Yamini Kuruvilla,78,F,False
5168,6582,Xalak Bal,66,M,False
5169,6585,Frederick Parmer,65,F,False
5170,6586,Utkarsh Oak,16,F,False
5171,6587,Hardik Ramakrishnan,69,M,False
5172,6588,Charan Sibal,56,M,False
5173,6590,Ucchal Raja,15,F,False
5174,6591,Zaitra Mammen,37,M,False
5175,6592,Ekantika Mangat,26,M,False
5176,6593,Vansha Chanda,35,M,False
5177,6594,Ekaraj Mistry,42,F,False
5178,6596,Faras Seth,43,T,False
5179,6598,Yash Dixit,45,M,False
5180,6598,Veer Hayer,22,M,False
5181,6602,Yadavi Venkataraman,20,F,False
5182,6603,Ethan Kuruvilla,14,F,False
5183,6604,Damini Ravel,27,M,False
5184,6607,Lakshmi Arya,28,F,False
5185,6610,Eesha Chaudry,12,M,False
5186,6611,Ikshita Deol,33,M,False
5187,6612,Jagvi Gara,36,T,False
5188,6612,Girik Magar,10,M,False
5189,6614,Faris Ganesh,29,M,False
5190,6614,Balvan Kar,77,M,False
5191,6615,Champak Gaba,38,F,False
5192,6616,Janya Manda,37,M,False
5193,6617,Leela Balakrishnan,52,F,False
5194,6618,Indrajit Joshi,60,M,False
5195,6618,Veda Bakshi,34,M,False
5196,6621,Bhavani Sur,7,F,False
5197,6621,Baghyawati Kumar,59,F,False
5198,6623,Manan Dua,26,M,False
5199,6623,Simon Murty,79,M,False
5200,6624,Avi Bhasin,36,F,False
5201,6625,Anay Srivastava,36,M,False
5202,6626,Fariq Mander,16,F,False
5203,6629,Oliver Bahl,30,F,False
5204,6630,Maya Bandi,8,M,False
5205,6632,Aarush Bains,46,M,False
5206,6632,Andrew Varma,66,F,False
5207,6633,Kevin Dhawan,36,F,False
5208,6634,Faqid Balay,48,F,False
5209,6635,Qasim Chhabra,72,F,False
5210,6635,Zilmil Loke,24,F,False
5211,6638,Chandresh Batta,8,F,False
5212,6641,Oliver Walla,46,F,False
5213,6642,Udant Sharma,30,M,False
5214,6642,Hema Mane,51,M,False
5215,6643,Logan Desai,18,M,False
5216,6644,Nitara Balay,32,M,False
5217,6644,Saumya Virk,63,F,False
5218,6645,Tara Chaudhari,43,M,False
5219,6646,Pooja Baria,65,F,False
5220,6646,Balhaar Gera,64,M,False
5221,6649,Abha Rajagopal,68,F,False
5222,6652,Samaksh Brahmbhatt,34,F,False
5223,6653,Vincent Chaudhuri,20,M,False
5224,6655,Eshana Konda,26,F,False
5225,6659,Lucky Lata,51,F,False
5226,6661,Reyansh Goyal,8,F,False
5227,6662,Urvashi Ghose,25,F,False
5228,6663,Nathaniel Kala,20,F,False
5229,6664,Baljiwan Chauhan,55,M,False
5230,6665,Darpan Dhar,54,F,False
5231,6667,Netra Chanda,56,M,False
5232,6667,Rajeshri Panchal,9,F,False
5233,6668,Arjun Balakrishnan,34,M,False
5234,6669,Abhimanyu Som,49,M,False
5235,6670,Kavya Babu,7,F,False
5236,6671,Jhalak Bhattacharyya,25,F,False
5237,6672,Amrita Mannan,13,M,False
5238,6673,Yashoda Gole,15,M,False
5239,6675,Eiravati Deo,68,M,False
5240,6676,Ekta Nagi,61,F,False
5241,6677,Yasti Oommen,14,M,False
5242,6678,Udyati Chaudhuri,8,M,False
5243,6680,Harrison Goda,71,F,False
5244,6681,Sarthak Randhawa,6,F,False
5245,6683,Wridesh Chahal,15,T,False
5246,6685,Karan Agate,76,M,False
5247,6685,Onkar Muni,72,M,False
5248,6687,Gabriel Gulati,70,F,False
5249,6688,Omkaar Munshi,76,F,True
5250,6689,Robert Walia,30,F,False
5251,6692,Gauri Bhakta,62,F,False
5252,6692,Ekalinga Vora,15,M,False
5253,6695,Upkaar Prakash,74,F,False
5254,6696,Osha Dalal,20,M,False
5255,6698,Upkaar Agarwal,68,M,False
5256,6700,Maanav Chander,78,M,False
5257,6701,Agastya Panchal,79,M,False
5258,6701,Prisha Chopra,22,F,False
5259,6702,Yug Som,12,F,False
5260,6703,Abhiram Bava,31,T,False
5261,6706,Upkaar Merchant,67,M,False
5262,6707,Maanav Loke,56,F,False
5263,6708,Udarsh Prakash,21,M,False
5264,6708,Avni Cheema,14,M,False
5265,6709,Vedika Kamdar,5,F,False
5266,6710,Qasim Gera,7,F,False
5267,6711,Naveen Bobal,43,M,False
5268,6714,Rudra Bansal,8,M,False
5269,6717,Wakeeta Raj,74,M,False
5270,6718,Ekanta Sani,18,F,False
5271,6719,Chaitanya Banik,28,F,False
5272,6721,Ladli Mand,32,F,False
5273,6722,George Magar,72,F,False
5274,6722,Jeremiah Sekhon,40,F,False
5275,6723,Kala Hans,59,F,False
5276,6724,Michael Borah,67,F,False
5277,6725,Kamya Soman,37,F,False
5278,6725,Isaac Goswami,20,M,False
5279,6728,Charita Dugar,72,F,False
5280,6730,Vrinda Merchant,50,M,False
5281,6731,Mekhala Goswami,23,M,False
5282,6732,Ryan Hayer,50,F,False
5283,6733,Dominic Vora,6,F,False
5284,6734,Ekiya Gade,47,M,False
5285,6736,Abhimanyu Panchal,17,M,False
5286,6739,Jyoti Seth,36,M,False
5287,6740,Aarna Srinivasan,38,F,False
5288,6741,Balendra Gandhi,63,M,True
5289,6742,Mekhala Dugal,78,M,False
5290,6743,Kritika Khosla,23,M,False
5291,6744,Charan Sangha,46,F,False
5292,6746,Nikita Kara,72,F,False
5293,6746,Samaksh Sankar,11,F,False
5294,6749,Fitan Gill,70,F,False
5295,6750,Harini Dutt,41,F,False
5296,6753,Bakhshi Bassi,37,F,False
5297,6754,Jonathan Chakraborty,72,F,False
5298,6754,Hema Sant,7,M,False
5299,6755,Frado Swaminathan,66,F,False
5300,6756,Harita Dhingra,46,M,False
5301,6757,Sneha Gala,75,F,False
5302,6758,Ekta Oommen,12,M,False
5303,6758,Zehaan Samra,16,F,False
5304,6759,Nitesh Seshadri,69,F,False
5305,6761,Urishilla Saran,29,F,False
5306,6761,Barkha Issac,36,M,False
5307,6762,Aradhana Aggarwal,17,M,False
5308,6763,Raagini Kadakia,58,M,False
5309,6764,Hamsini Narayan,72,F,False
5310,6765,Mohini Kadakia,62,M,False
5311,6766,Upkaar Lall,13,F,True
5312,6767,Diya Dutt,32,F,False
5313,6768,Niharika Mani,73,M,False
5314,6768,Dayita Raghavan,79,M,False
5315,6771,Indali Ganguly,76,F,False
5316,6772,Zashil Srivastava,72,F,False
5317,6773,Rayaan Datta,25,F,False
5318,6773,Amol Deep,13,M,False
5319,6775,Samar Zacharia,31,F,False
5320,6776,Raagini Kale,57,F,False
5321,6777,Dhriti Sagar,73,F,False
5322,6777,Bhavani Dhillon,26,M,False
5323,6779,Aashi Shere,68,M,False
5324,6779,Yoshita Zachariah,80,M,False
5325,6782,Hitesh Nadig,26,M,False
5326,6783,Wriddhish Varkey,70,F,False
5327,6783,Pranav Lanka,54,F,False
5328,6784,Amara Chakraborty,6,F,False
5329,6785,Yahvi Bala,56,M,False
5330,6789,Samarth Kumer,48,F,False
5331,6790,Agastya Sahota,34,M,False
5332,6791,Faras Chander,23,F,False
5333,6791,Jeremiah Karnik,60,F,False
5334,6794,Vasudha Dayal,76,M,False
5335,6795,Brinda Rao,62,T,False
5336,6796,Hema Sant,55,F,False
5337,6798,Nidhi Comar,60,M,False
5338,6799,Pranit Thaman,24,M,True
5339,6799,Akshay Choudhry,22,F,False
5340,6800,Azaan Golla,57,F,False
5341,6801,Unni Walia,70,M,False
5342,6802,Victor Mangat,56,M,False
5343,6803,Falan Kala,6,M,False
5344,6803,Samaksh Mann,50,M,False
5345,6804,Wishi Pandit,18,M,False
5346,6805,Pushti Dutt,10,F,True
5347,6805,Robert Kakar,13,M,False
5348,6806,Chaman Sarkar,56,F,False
5349,6807,Manbir Murthy,54,F,False
5350,6808,Ayush Bhavsar,66,F,False
5351,6809,Agastya Arya,26,F,False
5352,6812,Priya Bawa,60,M,False
5353,6813,Anita Modi,34,M,False
5354,6816,Pranav Chawla,16,F,False
5355,6817,Ronith Kurian,51,F,False
5356,6818,Mitesh Saha,7,M,False
5357,6818,Quincy Mahal,35,F,False
5358,6820,Ayushman Kade,26,M,False
5359,6821,Leena Dube,46,M,False
5360,6821,Abdul Gandhi,54,M,False
5361,6823,Qadim Natt,18,M,False
5362,6824,Niharika Nagy,37,M,False
5363,6828,Madhav Kapur,42,F,False
5364,6836,Azad Andra,7,M,False
5365,6837,Anita Lad,70,F,False
5366,6838,Jonathan Narang,15,F,False
5367,6840,Teerth Deshpande,25,M,False
5368,6841,Vrishti Patel,16,F,False
5369,6844,Mitesh Kibe,35,F,False
5370,6845,Girindra Dhaliwal,69,M,False
5371,6845,Bishakha Sarna,7,F,False
5372,6851,Quincy Saha,71,M,False
5373,6851,Tanveer Ganesan,58,F,False
5374,6852,Urmi Khatri,7,F,False
5375,6853,Bhavini Sarkar,34,M,False
5376,6853,Gaurika Konda,77,M,False
5377,6854,Nandini Venkataraman,65,M,False
5378,6855,Wriddhish Jha,78,F,False
5379,6855,Hemang Soman,38,M,False
5380,6856,Mason Mand,65,F,False
5381,6856,Manya Halder,75,M,False
5382,6857,Vincent Munshi,74,F,False
5383,6858,Kiaan Tank,40,F,False
5384,6859,Vrinda Deep,22,M,False
5385,6859,Sanaya Atwal,5,F,False
5386,6861,Vritti Andra,46,M,False
5387,6862,Vedhika Shenoy,80,F,False
5388,6864,Anmol Seshadri,8,F,False
5389,6864,Krisha Natarajan,21,M,False
5390,6865,Vidhi Bhasin,15,M,False
5391,6865,Tamanna D’Alia,69,M,False
5392,6867,Aishani Garg,22,F,False
5393,6868,Barkha Pillay,80,F,False
5394,6869,Jagvi Taneja,54,M,False
5395,6872,Yadavi Vaidya,26,M,False
5396,6873,Bhavini Wali,44,F,False
5397,6874,Amara Menon,36,F,False
5398,6875,Vaishnavi Chawla,71,M,False
5399,6876,Chasmum Chokshi,20,M,False
5400,6876,Baghyawati Prashad,32,M,False
5401,6877,Frederick Kaur,22,F,False
5402,6877,Warda Apte,64,M,False
5403,6878,Gavin Gulati,25,M,False
5404,6882,Yochana Sabharwal,40,F,False
5405,6882,Panini Anne,58,F,False
5406,6883,Vrishti Shan,56,F,False
5407,6887,Inaya Dhawan,57,M,False
5408,6889,Abeer Tank,28,M,False
5409,6889,Jackson Garg,76,F,False
5410,6890,Tanay Bhakta,54,M,False
5411,6891,Vasudha Ravi,66,M,False
5412,6893,Yashoda Anand,40,M,False
5413,6895,George Madan,52,T,False
5414,6897,Darpan Contractor,23,F,False
5415,6899,Aadi Sur,23,M,False
5416,6904,Meera Barad,50,M,False
5417,6906,Chakrika Bose,68,F,False
5418,6908,Veda Goyal,25,M,False
5419,6911,Abdul Ramesh,27,F,False
5420,6916,Amaira Wadhwa,18,F,False
5421,6917,Sachi Dhillon,58,F,False
5422,6917,Jalsa Mani,53,F,False
5423,6920,Sudiksha Sura,65,M,False
5424,6921,Anita Kaul,79,M,False
5425,6922,Kamala Kota,33,F,False
5426,6924,Girik Natt,48,M,False
5427,6926,Pallavi Baral,36,F,False
5428,6931,Falak Kanda,37,F,False
5429,6932,Frado Sem,50,F,False
5430,6932,Eesha Hegde,10,M,False
5431,6933,Damini Pandey,21,M,False
5432,6934,Warhi Kalla,19,M,False
5433,6934,Gaurang Zachariah,56,M,False
5434,6937,Arjun Raju,20,F,False
5435,6937,Lekha Misra,18,F,False
5436,6938,Bimala Chaudry,21,T,False
5437,6943,Reyansh Shan,60,F,False
5438,6944,Kalpit Date,18,F,False
5439,6944,Zaid Behl,30,F,False
5440,6945,Noah Deshpande,32,F,False
5441,6946,Aashi Bal,11,F,False
5442,6947,Lipika Datta,13,F,False
5443,6948,Sneha Kuruvilla,34,M,False
5444,6949,Odika Hayre,70,M,False
5445,6949,Damini Gour,73,T,False
5446,6951,Bhavini Goswami,58,M,False
5447,6953,Aradhana Dyal,53,F,False
5448,6955,Falak Lad,41,F,False
5449,6956,Sathvik Badal,63,F,False
5450,6957,Unnati Kalita,7,F,False
5451,6957,Krishna Datta,32,M,False
5452,6958,Jeremiah Bhatti,60,F,False
5453,6959,Harinakshi Kota,34,F,False
5454,6960,Charita Goyal,32,F,False
5455,6964,Kavya Agate,59,F,False
5456,6965,Harish Dugar,25,M,False
5457,6967,Tanveer Srivastava,48,F,False
5458,6968,Aachal Issac,7,M,False
5459,6969,Chaitaly Khatri,24,F,False
5460,6971,Yash Chander,61,F,False
5461,6971,Arin Sibal,33,F,False
5462,6973,Jairaj Anand,68,M,False
5463,6974,Urishilla Mahal,32,F,False
5464,6975,Bhanumati Uppal,63,M,False
5465,6977,Dakshesh Mann,56,M,False
5466,6978,Zaid Biswas,39,F,False
5467,6980,Aayush Borde,58,M,False
5468,6981,Meghana Bir,20,F,False
5469,6982,Tanish Chander,25,F,False
5470,6984,Qadim Parikh,61,F,False
5471,6986,Bina Krishnamurthy,31,M,False
5472,6990,Eta Kakar,16,M,False
5473,6991,Nidra Majumdar,22,F,False
5474,6991,Manthan Mitra,77,F,False
5475,6992,Aarna Chowdhury,77,F,False
5476,6993,Chanchal Behl,15,F,False
5477,6994,Chaman Bhasin,20,M,False
5478,6995,Neha Sant,57,T,False
5479,6998,Hemangini Yadav,23,M,False
5480,6999,Pooja Toor,65,M,False
5481,6999,Ayush Kurian,43,F,False
5482,7002,Manthan Pandey,53,M,False
5483,7002,Gauri Mann,67,M,False
5484,7003,Peter Roy,39,M,False
5485,7004,Bina Bail,25,M,False
5486,7005,Tejas Dhawan,68,F,False
5487,7007,Darsh Bava,62,F,False
5488,7009,Zayan Dalal,5,M,False
5489,7010,Umang Hegde,11,F,False
5490,7011,Radha Dugar,37,F,False
5491,7012,Kamala Luthra,29,F,False
5492,7013,Advaith Nadkarni,34,M,False
5493,7015,Harish More,61,F,False
5494,7017,Yoshita Gara,74,M,False
5495,7018,Warda Bhakta,15,F,False
5496,7020,Ekiya Suri,27,F,False
5497,7020,Faras Garg,51,F,False
5498,7021,Anay Rana,48,F,False
5499,7022,Matthew Issac,17,M,False
5500,7025,Harinakshi Chaudhary,41,F,False
5501,7026,Radhika Prabhu,57,F,False
5502,7027,Vedhika Kanda,36,F,False
5503,7028,Faqid Deshpande,16,F,False
5504,7030,Ucchal Sule,29,F,False
5505,7031,Vrishti Mann,69,F,False
5506,7033,Harish Bobal,8,F,False
5507,7034,Saumya Ray,53,F,False
5508,7035,Tamanna Bhatnagar,6,M,False
5509,7036,Gagan Karnik,49,F,False
5510,7038,Vedhika Kaul,33,M,False
5511,7040,Gayathri Ravi,25,F,False
5512,7040,Krishna Bal,65,M,False
5513,7041,Nachiket Pathak,66,F,False
5514,7043,Yashodhara Barman,63,M,False
5515,7043,Bina Ravel,37,M,False
5516,7044,Sanya Sagar,36,M,False
5517,7044,Balendra Mallick,12,F,False
5518,7045,Bhavini Tella,34,M,False
5519,7046,Udant Chana,33,F,False
5520,7046,Faqid Bhatnagar,72,M,False
5521,7047,Dominic Chaudhuri,54,M,False
5522,7048,Tristan Pall,72,F,False
5523,7048,Gayathri Sura,58,M,False
5524,7050,Rehaan Rau,54,F,False
5525,7051,Karan Sawhney,74,M,False
5526,7051,Kalpit Sahni,73,M,False
5527,7053,Warinder Kalita,45,F,False
5528,7054,Jai Kara,55,F,False
5529,7054,Libni Dyal,44,F,False
5530,7057,Jagvi Sidhu,46,M,False
5531,7058,Yashoda Kota,55,F,False
5532,7060,Aarini Madan,79,F,False
5533,7062,Hemangini Goel,66,M,False
5534,7063,Hredhaan Nath,60,F,False
5535,7065,Anita Raval,48,F,False
5536,7066,Ansh Prabhakar,13,M,False
5537,7068,Samuel Bassi,77,M,False
5538,7070,Triveni Koshy,35,F,False
5539,7070,Aahana Mander,77,M,False
5540,7071,Theodore Buch,17,F,False
5541,7073,Ladli Dua,78,M,False
5542,7074,Ishaan Datta,14,M,False
5543,7075,Alka Bandi,75,F,False
5544,7077,Vrinda Agate,45,F,False
5545,7080,Bachittar Nigam,54,F,False
5546,7084,Gaurang Choudhary,78,F,False
5547,7085,Yochana Kaur,17,F,False
5548,7085,Gayathri Suri,40,M,False
5549,7086,Pavani Sodhi,41,M,False
5550,7087,Vyanjana Ramesh,45,M,False
5551,7088,Chandran Hari,69,F,False
5552,7089,Qabil Gulati,21,F,False
5553,7090,Zaid Keer,39,M,False
5554,7092,Tanveer Madan,61,F,False
5555,7092,Laksh Shanker,26,F,False
5556,7093,Nidra Yogi,58,T,False
5557,7094,Ikshita Shanker,39,F,False
5558,7096,Vihaan Hans,30,F,False
5559,7096,Sneha Chander,72,F,False
5560,7097,Geetika Swamy,64,F,False
5561,7100,Ekalinga Comar,52,F,False
5562,7100,Charan Agrawal,29,F,False
5563,7101,Sai Shenoy,46,F,False
5564,7102,Bimala Sathe,41,F,False
5565,7105,Girindra Sama,79,F,False
5566,7105,Hardik Anne,27,F,False
5567,7106,Vedant Soni,71,M,False
5568,7107,Yashica Dugal,33,M,False
5569,7108,Dhriti Kapadia,33,F,False
5570,7110,Barkha Setty,17,F,False
5571,7110,Nathaniel Zachariah,12,F,False
5572,7111,Karan Borra,54,F,False
5573,7112,Warhi Thakkar,30,F,False
5574,7113,Farhan Maharaj,53,F,False
5575,7113,Sai Dayal,35,F,False
5576,7116,Kala Mohan,67,F,True
5577,7117,Isaac Bhasin,57,M,False
5578,7117,Tamanna Singh,64,F,False
5579,7118,Peter Chawla,77,M,False
5580,7119,Nidra Barad,15,M,False
5581,7122,Anika Butala,68,F,False
5582,7124,Triveni Mangat,38,F,False
5583,7125,Wishi Roy,54,M,False
5584,7126,Rishi Venkatesh,40,M,False
5585,7127,Baghyawati Patla,57,F,False
5586,7128,Harrison Garde,66,M,False
5587,7129,Chandran Malhotra,77,M,False
5588,7130,Abeer Hans,18,F,False
5589,7131,Lucky Keer,52,F,False
5590,7132,Aishani Choudhry,21,F,False
5591,7132,Hardik Jain,10,F,False
5592,7135,Chandran Oommen,71,M,False
5593,7135,Krish Nath,56,F,False
5594,7136,Ijaya Yadav,32,M,False
5595,7137,Ucchal Date,56,M,False
5596,7138,Vamakshi Mukhopadhyay,69,M,False
5597,7139,Gaurangi Goda,66,M,False
5598,7139,Ekanta Natarajan,39,M,False
5599,7143,Ekta Wason,22,F,False
5600,7144,Eiravati Wadhwa,55,F,False
5601,7146,Parth Sarraf,80,M,False
5602,7146,Henry Dube,42,F,False
5603,7149,Max Kuruvilla,63,M,False
5604,7150,Veer Chokshi,34,M,False
5605,7152,Robert Samra,70,F,False
5606,7153,Madhav Naik,65,M,False
5607,7154,Kritika Kanda,78,F,False
5608,7156,Warjas Sachdev,52,M,False
5609,7158,Varsha Maharaj,47,F,False
5610,7159,Jagdish Khare,68,M,False
5611,7160,Balendra Sawhney,34,F,False
5612,7163,Arin Konda,40,M,False
5613,7163,Parth Sarma,7,F,False
5614,7164,Advay Mutti,46,F,False
5615,7165,Ekbal Ravi,56,M,False
5616,7166,Adya Kuruvilla,28,M,False
5617,7166,Lavanya Sandhu,33,F,False
5618,7167,Ekanta Patil,69,F,False
5619,7168,Garima Bajwa,73,M,False
5620,7170,Ekaraj Sodhi,75,F,False
5621,7171,Charan Sane,18,F,False
5622,7172,Manya Rastogi,54,F,False
5623,7173,Lakshmi Sane,78,F,False
5624,7175,Wyatt Kalla,25,M,False
5625,7178,Jatin Dasgupta,33,F,False
5626,7181,Lakshit Morar,46,M,False
5627,7182,Gaurav Sinha,38,M,False
5628,7183,Isha Kuruvilla,61,F,False
5629,7186,Indali Mannan,43,F,False
5630,7187,Chaman Kala,22,M,False
5631,7187,Mitali Doctor,59,M,False
5632,7188,Ojasvi Sha,78,F,False
5633,7188,Raagini Vaidya,80,M,False
5634,7189,Aarini Doctor,25,F,False
5635,7190,Rushil Kar,30,T,False
5636,7192,Aarav Gala,9,M,False
5637,7193,Rachita Pal,53,F,False
5638,7194,Unni Golla,26,M,False
5639,7195,Sachi Sachdev,11,M,False
5640,7197,Harsh Kibe,47,F,False
5641,7199,Yashica Varughese,57,F,False
5642,7200,Dalbir More,7,M,False
5643,7201,Chakradev Sangha,65,M,False
5644,7202,Sachi Kuruvilla,28,M,False
5645,7202,Janya Kala,31,F,False
5646,7203,Ekansh Pillai,23,F,False
5647,7203,Matthew Wagle,31,F,False
5648,7204,Aradhana Suri,45,M,False
5649,7204,Wyatt Yadav,41,M,False
5650,7206,Xalak Choudhry,62,F,False
5651,7206,Harsh Bhatnagar,41,M,False
5652,7207,Tanmayi Barad,40,F,False
5653,7208,Zaid Krishnan,41,F,False
5654,7208,Mohini Doctor,58,F,False
5655,7210,Avi Thaman,21,M,False
5656,7213,Chatura Sethi,65,M,False
5657,7213,Avni Narayan,74,F,False
5658,7214,Hardik Narain,37,M,False
5659,7214,Dalbir Kala,31,M,False
5660,7215,Osha Arya,80,M,False
5661,7217,Siddharth Magar,68,M,False
5662,7219,Banjeet Dutta,43,M,False
5663,7223,Farhan Gill,54,M,False
5664,7224,Jacob Goel,41,M,False
5665,7225,Frederick Nazareth,5,F,False
5666,7225,Mitali Dayal,29,F,False
5667,7228,Reyansh Panchal,57,F,False
5668,7229,Timothy Batta,26,M,False
5669,7229,Dhruv Nagar,60,M,False
5670,7230,Saksham Ram,29,M,False
5671,7230,Ayaan Murty,24,T,False
5672,7232,Jacob Sama,19,F,False
5673,7233,Janaki Agrawal,16,F,False
5674,7235,Faras Nair,55,F,False
5675,7235,Nidra Bera,54,F,False
5676,7237,Keya Mall,6,F,False
5677,7238,Nimrat Sibal,38,F,False
5678,7243,Neha Deshpande,78,M,False
5679,7244,Faraj Sami,54,M,False
5680,7245,Jeremiah Dara,73,F,False
5681,7246,Triya Soman,28,M,False
5682,7247,Hredhaan Ghosh,51,F,False
5683,7251,Ekaja Ganguly,16,F,False
5684,7252,Ekapad Mangat,53,F,False
5685,7253,Warinder Sinha,25,F,False
5686,7253,Hardik Gopal,49,M,False
5687,7254,Tanay Brar,71,M,False
5688,7255,Hardik Natt,22,M,False
5689,7258,Aarav Dubey,64,F,False
5690,7260,Ekbal Desai,20,M,False
5691,7261,Megha Shetty,42,M,False
5692,7262,Madhav Khatri,50,F,False
5693,7262,Oscar Garde,17,M,False
5694,7263,Shaurya Trivedi,9,F,False
5695,7264,Yutika Hayre,46,F,False
5696,7264,Peter Mitter,33,F,False
5697,7265,Chandani Mohan,39,F,False
5698,7266,Anusha Gill,75,M,False
5699,7266,Aishani Ganesan,67,F,False
5700,7267,Oeshi Bail,80,F,False
5701,7269,Xalak Bhagat,33,F,False
5702,7274,Aadi Natarajan,61,F,False
5703,7275,Wakeeta Bansal,63,M,False
5704,7277,Yagnesh Bhatti,50,M,False
5705,7278,Ranveer D’Alia,49,M,False
5706,7280,Warhi Dani,62,F,False
5707,7280,Ikshita Chokshi,17,F,False
5708,7282,Chakradev Sekhon,45,F,False
5709,7283,Kala Goel,11,F,False
5710,7285,Ishaan Upadhyay,17,F,False
5711,7286,Jagat Parsa,27,M,False
5712,7287,Dalaja Chakraborty,57,F,False
5713,7290,Baghyawati Golla,51,M,False
5714,7293,Pahal Kulkarni,49,F,False
5715,7294,Bhavini Chadha,74,F,False
5716,7297,Wakeeta Lata,51,M,False
5717,7298,Pranav Sha,36,F,False
5718,7298,Zayyan Borde,78,M,False
5719,7299,Reva Chauhan,16,F,False
5720,7301,Zansi Raman,69,F,False
5721,7309,Rushil Saran,75,F,False
5722,7309,Tripti Iyer,40,M,False
5723,7310,Vincent Doshi,77,M,False
5724,7312,Isha Halder,30,F,False
5725,7313,Harita Gola,5,F,False
5726,7314,Falan Sampath,76,M,False
5727,7315,Vedant Narasimhan,47,M,False
5728,7316,Advaith Sane,30,M,False
5729,7318,Harita Baral,39,M,False
5730,7319,Qushi Sethi,45,F,False
5731,7321,Devika Kamdar,50,F,False
5732,7324,Laksh Sankar,19,M,False
5733,7327,Xavier Guha,58,F,False
5734,7328,Abhiram Morar,20,F,False
5735,7329,Advaith Pai,76,F,False
5736,7330,Dhriti Malhotra,75,F,False
5737,7331,Harshil Chauhan,80,M,False
5738,7331,Tanish Bahl,76,M,False
5739,7332,Nikita Bawa,38,F,False
5740,7333,Rachita Padmanabhan,57,F,False
5741,7333,Unni Bumb,11,F,False
5742,7334,Waida Tank,52,M,False
5743,7335,Tamanna Parmer,36,F,False
5744,7337,Dev Merchant,58,F,False
5745,7338,Yug Sarin,70,M,False
5746,7342,Manya Sankaran,13,F,False
5747,7343,Vaishnavi Deshmukh,80,F,False
5748,7343,Bachittar Nanda,16,M,False
5749,7346,Keya Yohannan,30,F,False
5750,7348,Alka Dasgupta,16,F,False
5751,7349,Vamakshi Deep,80,F,False
5752,7349,Onkar Balan,5,F,False
5753,7350,Yamini Sangha,61,M,False
5754,7350,Alka Kumer,35,F,False
5755,7351,Chavvi Sharaf,69,M,False
5756,7351,Sai Palla,25,F,False
5757,7352,Banjeet Dewan,29,M,False
5758,7357,Orinder Panchal,54,M,False
5759,7357,Vasudha Sahni,77,M,False
5760,7360,Niharika Banerjee,8,M,False
5761,7362,Jalsa Minhas,57,M,False
5762,7363,Nidhi Chandra,77,F,False
5763,7365,Nimrat Madan,80,M,False
5764,7366,Pranit Kadakia,42,F,False
5765,7366,Rayaan Bandi,17,M,False
5766,7367,Raagini Pillai,56,M,False
5767,7369,Kai Shanker,34,F,False
5768,7370,Aishani Bose,11,F,False
5769,7372,Bakhshi Nadkarni,76,F,False
5770,7373,Darika D’Alia,76,M,False
5771,7374,Nicholas Subramanian,14,F,False
5772,7374,Simon Gala,52,F,False
5773,7379,Falak Sinha,37,M,False
5774,7380,Peter Chakrabarti,56,M,False
5775,7381,Nandini Pandya,23,M,False
5776,7381,Alexander Borah,78,F,False
5777,7383,Adya Kant,27,F,False
5778,7384,Vansha Rajagopalan,78,F,False
5779,7385,Abhiram Savant,54,F,False
5780,7386,Harrison Bora,17,M,False
5781,7386,Xavier Rattan,35,M,False
5782,7387,Ayaan Subramaniam,34,M,False
5783,7388,Warjas Dasgupta,28,F,False
5784,7389,Teerth Venkatesh,26,F,False
5785,7389,Bhavna Mangat,49,M,False
5786,7391,Laksh Choudhary,51,F,False
5787,7392,Falak Dubey,37,M,False
5788,7392,Michael Bhattacharyya,40,F,False
5789,7395,Daksh Shanker,62,F,False
5790,7397,Fariq Sandhu,40,F,False
5791,7397,Jagdish Dara,55,F,False
5792,7398,Ishanvi Bala,28,F,False
5793,7399,Amrita Bahl,6,M,False
5794,7401,Zayyan Bose,58,F,False
5795,7401,Samuel Walla,11,M,False
5796,7403,Anusha Kar,64,F,False
5797,7405,Vasatika Srinivas,70,F,False
5798,7406,Kalpit Dar,59,F,False
5799,7406,Gauri Virk,36,T,False
5800,7407,Yashvi Munshi,78,F,False
5801,7408,Ethan Natt,53,F,False
5802,7410,Urvashi Chaudry,8,M,False
5803,7411,Nidra Rau,45,M,False
5804,7412,Nirja Mand,73,F,False
5805,7412,Varenya Dar,10,F,False
5806,7415,Aarush Chand,41,M,False
5807,7416,Manya Gulati,29,F,False
5808,7417,Vasudha Buch,6,M,False
5809,7418,Akshay Grewal,32,F,False
5810,7419,Ishita Pandit,26,M,False
5811,7421,Yashoda Gara,7,M,False
5812,7422,Benjamin Bhandari,60,F,False
5813,7424,Hemang Oza,16,T,False
5814,7425,Sanaya Magar,40,F,False
5815,7426,Divya Bhakta,80,T,False
5816,7427,Anusha Om,37,M,False
5817,7427,Yashvi Agarwal,26,M,False
5818,7428,Agastya Oak,21,M,False
5819,7430,Priya Chaudry,68,F,False
5820,7431,Aashi Hari,61,M,False
5821,7433,Udarsh Dutt,61,M,False
5822,7433,Samar Mani,72,F,False
5823,7436,Yatin Chada,66,M,False
5824,7437,Chakradev Kala,74,M,False
5825,7439,Aishani Sen,6,M,False
5826,7442,Diya Hayer,26,F,False
5827,7443,Aryan Subramaniam,39,F,False
5828,7444,Dayamai Bobal,77,F,False
5829,7445,Priya Sehgal,44,F,False
5830,7445,Liam Mall,15,F,False
5831,7446,Bimala Rai,55,F,False
5832,7447,Girish Dara,53,F,False
5833,7448,Arjun Mangat,15,M,False
5834,7450,Janaki Narayanan,16,F,False
5835,7451,Alka Jaggi,28,F,False
5836,7456,Lakshmi Pandya,70,F,False
5837,7457,Warhi Prabhakar,8,F,False
5838,7459,Anmol Narang,27,M,False
5839,7460,Isaiah Karnik,43,F,False
5840,7461,Quincy Sankaran,53,F,False
5841,7461,Luke Sharaf,31,M,False
5842,7464,Harsh Lad,47,M,False
5843,7466,Agastya Dube,71,F,False
5844,7467,Karan Seshadri,13,F,False
5845,7467,Jai Ravel,55,M,False
5846,7468,Banjeet Kala,79,F,False
5847,7469,Harinakshi Kaul,38,F,False
5848,7469,Adya Dora,32,M,False
5849,7470,Oni Shukla,49,M,False
5850,7472,Gopal Oak,68,M,False
5851,7474,Triya Kamdar,27,F,False
5852,7475,Atharv Peri,52,M,False
5853,7477,Jai Narasimhan,43,F,False
5854,7479,Jason Sahota,26,M,False
5855,7482,Om Yohannan,76,F,False
5856,7484,Upadhriti Ram,65,M,False
5857,7486,Indrajit Ram,64,F,False
5858,7488,Ria Kara,58,F,False
5859,7489,Kashish Sood,65,M,False
5860,7491,Omisha Bhatnagar,31,M,False
5861,7495,Qadim Parsa,65,F,False
5862,7496,Laksh Gala,22,M,False
5863,7497,Balveer Kalla,30,F,False
5864,7498,Parth Dayal,21,F,False
5865,7499,Frederick Bhalla,73,M,False
5866,7500,Urishilla Jha,39,M,False
5867,7501,Suhani Ghose,19,F,False
5868,7501,Chandran Wali,15,M,False
5869,7503,Ishanvi Wali,37,M,False
5870,7506,Yahvi Dass,13,M,False
5871,7508,Pranav Rajagopalan,44,F,False
5872,7508,Ubika Khosla,54,F,False
5873,7509,Fiyaz Naidu,15,F,False
5874,7510,Henry Sarkar,27,T,False
5875,7510,Henry Kunda,33,F,False
5876,7516,Manya Saha,44,M,False
5877,7517,Gagan Mahal,13,F,False
5878,7518,Chaaya Oak,23,F,False
5879,7519,Patrick Morar,35,F,False
5880,7522,Zayan Panchal,37,M,False
5881,7522,Amol Rastogi,55,M,False
5882,7529,Rayaan Sachdev,11,F,False
5883,7530,Barkha Som,11,T,False
5884,7531,Kritika Kata,29,F,False
5885,7531,Aarini Chada,72,M,False
5886,7533,Fitan Sha,55,F,False
5887,7533,Sudiksha Ranganathan,8,M,False
5888,7534,Keya Cherian,27,F,False
5889,7535,Alexander Wadhwa,51,M,False
5890,7540,Nicholas Pandit,75,F,False
5891,7543,Chanchal Trivedi,40,M,False
5892,7545,Yashvi Bala,42,M,False
5893,7546,Vyanjana Rastogi,67,F,True
5894,7546,Hredhaan Contractor,7,M,False
5895,7548,Ekbal Hora,80,F,False
5896,7549,Lipika Dayal,65,M,False
5897,7552,Zashil Batta,19,M,False
5898,7552,Aadhya Swaminathan,73,F,False
5899,7554,Teerth Rao,10,T,False
5900,7555,Harsh Andra,32,F,False
5901,7556,Gautam Sen,10,F,False
5902,7557,Faris Aggarwal,39,F,False
5903,7557,Irya Prabhakar,53,F,False
5904,7558,Anamika Seth,62,M,False
5905,7558,Advik Lala,24,F,False
5906,7559,Sai Garde,53,M,False
5907,7560,Fiyaz Rau,43,M,False
5908,7561,Bhavika Nigam,19,F,False
5909,7562,Vinaya Iyer,21,F,False
5910,7565,Saumya Varkey,79,F,False
5911,7566,Jyoti Ganesh,77,M,False
5912,7566,Indrajit Warrior,38,M,False
5913,7567,Avi Gaba,56,F,False
5914,7568,Nicholas Chakraborty,16,F,False
5915,7570,Onveer Dayal,60,M,False
5916,7571,Isha Hora,65,F,False
5917,7572,Triveni Nagi,66,F,False
5918,7572,Dalaja De,9,M,False
5919,7573,Nitara Parsa,80,M,False
5920,7574,Gayathri Thakkar,56,M,False
5921,7577,Yauvani Zachariah,13,M,False
5922,7578,Rudra Prakash,25,M,False
5923,7579,Champak Prasad,75,M,False
5924,7581,Advik Tara,69,F,False
5925,7583,Sara Shere,62,M,False
5926,7585,Ucchal Mammen,10,F,False
5927,7586,Yauvani Chowdhury,61,M,True
5928,7587,Krish Bumb,46,M,False
5929,7588,Devansh Barad,76,F,False
5930,7588,Dipta Majumdar,24,F,False
5931,7590,Januja Sagar,72,F,False
5932,7590,Jeevika Mannan,50,M,False
5933,7591,Brinda Kari,16,M,False
5934,7594,Yashica Sarraf,73,F,False
5935,7597,Wahab Sachdeva,19,F,False
5936,7598,Harrison Chacko,65,F,False
5937,7599,Hemal Patel,28,F,False
5938,7601,Ayush Wagle,9,F,False
5939,7601,Manbir Choudhry,33,M,False
5940,7603,Abhiram Bhandari,61,F,False
5941,7604,Avni Pradhan,56,M,False
5942,7608,Vedhika Sarkar,72,F,False
5943,7609,Aachal Lall,48,M,False
5944,7610,Nirja Mani,15,M,False
5945,7611,Garima Ganesh,33,M,False
5946,7612,Ryan Srinivasan,80,F,False
5947,7613,Yashasvi Jaggi,78,F,False
5948,7614,Warinder Bhargava,11,M,False
5949,7615,Eiravati Balasubramanian,77,F,False
5950,7615,Suhani Sangha,51,F,False
5951,7617,George Mitra,5,F,False
5952,7618,Rohan Hegde,67,F,False
5953,7619,Hardik Minhas,58,T,False
5954,7622,Nathaniel Dubey,74,F,False
5955,7623,Samesh Yadav,23,F,False
5956,7624,Neha Hayer,21,M,False
5957,7624,Veda Golla,7,F,False
5958,7627,Qasim Kala,63,F,False
5959,7628,Qadim Khurana,77,F,False
5960,7630,Yadavi Kapur,7,M,False
5961,7633,Maya Konda,21,M,False
5962,7633,Rachit Das,60,M,False
5963,7634,Aryan Chakrabarti,30,M,False
5964,7635,Gavin Choudhary,53,F,False
5965,7636,Varenya Sehgal,10,M,False
5966,7638,Dakshesh Trivedi,40,M,False
5967,7639,Vidhi Krishna,31,M,False
5968,7641,Kalpit Basak,29,M,False
5969,7643,Anjali Tandon,18,F,False
5970,7645,Joshua Borah,36,F,False
5971,7645,Guneet Kurian,66,F,False
5972,7647,Jason Kara,24,M,False
5973,7648,Aahana Chakrabarti,36,F,False
5974,7649,Alexander Sridhar,68,M,False
5975,7650,Ekalinga Walla,25,F,False
5976,7650,Ekiya Sen,31,M,False
5977,7652,Varsha Dhaliwal,59,F,False
5978,7652,Girik Behl,65,F,False
5979,7653,Chameli Prabhu,44,F,False
5980,7654,Hardik Bath,62,F,False
5981,7655,Xiti Thaker,59,M,True
5982,7656,Chakrika Chad,40,F,False
5983,7656,Waida Johal,65,F,False
5984,7657,Manthan Din,58,F,False
5985,7657,Amol Boase,5,F,False
5986,7658,Jai Desai,22,M,False
5987,7660,Tejas Goel,44,F,False
5988,7662,Naksh Chaudhry,76,F,False
5989,7663,Indira Bajwa,21,M,False
5990,7664,Zilmil Manne,27,F,False
5991,7665,Vivaan Puri,79,F,False
5992,7666,Liam Suresh,50,F,False
5993,7667,Yagnesh Rege,52,F,False
5994,7668,Gaurang Pau,57,M,False
5995,7669,Balveer Rout,65,F,False
5996,7670,Anvi Palan,59,M,False
5997,7670,Frado Kari,38,M,False
5998,7671,Urvashi Sant,66,F,False
5999,7674,Rishi Dhaliwal,78,M,False
6000,7675,Qarin Sule,41,M,False
6001,7675,Aishani Keer,16,M,False
6002,7676,Chaman Tara,73,M,False
6003,7676,Banjeet Chhabra,12,M,False
6004,7678,Tristan Maharaj,36,M,False
6005,7679,Samar Kibe,35,F,False
6006,7680,Oni Halder,79,F,False
6007,7682,Krisha Thakur,11,T,False
6008,7687,Onkar Nagar,50,M,False
6009,7688,Bina Rana,17,M,False
6010,7688,Yahvi Chanda,11,F,False
6011,7690,Yauvani Bhattacharyya,42,F,False
6012,7691,Ethan Kota,16,F,False
6013,7692,Yochana Swaminathan,34,T,False
6014,7694,Nidhi Dewan,9,T,False
6015,7695,Manya Setty,14,M,False
6016,7702,Shaurya Patel,30,F,False
6017,7703,Hardik Khare,24,F,False
6018,7705,Kalpit Vyas,32,M,False
6019,7705,Victor Ganesh,47,M,False
6020,7706,Balveer Rama,9,F,False
6021,7707,Aishani Mitter,33,F,False
6022,7710,Nidra Talwar,67,F,False
6023,7712,Vasatika Sahota,21,M,False
6024,7712,Ishaan Ganguly,35,F,False
6025,7715,Krish Mohanty,16,F,False
6026,7717,Odika Chaudhary,52,M,False
6027,7718,Umang Din,60,M,False
6028,7720,Timothy Loyal,23,M,False
6029,7721,Tanish Mukherjee,51,M,False
6030,7721,Pavani Dubey,27,M,False
6031,7725,Qabil Wali,72,M,False
6032,7726,Tristan Varty,16,M,False
6033,7726,Quincy Mahajan,10,M,False
6034,7729,Udarsh Raja,15,M,False
6035,7731,Kiaan Kothari,9,F,False
6036,7731,Anmol Ghosh,10,F,False
6037,7732,Sneha Sahni,6,F,False
6038,7734,Rishi Kohli,23,M,False
6039,7734,Oscar Chadha,73,M,False
6040,7735,Xalak Mangal,43,M,False
6041,7737,Chavvi Bhardwaj,68,M,False
6042,7739,Ekbal Hans,19,F,False
6043,7740,Priya Bath,50,M,False
6044,7740,Samesh Barman,39,M,False
6045,7741,Samar Bath,59,M,False
6046,7742,Jhalak Ramachandran,50,F,False
6047,7744,Adya Handa,19,F,True
6048,7745,Urmi Mitter,28,M,False
6049,7746,Suhani Oak,9,F,False
6050,7747,Anmol Mishra,78,F,False
6051,7748,Mason Mukhopadhyay,42,M,False
6052,7749,Christopher Sodhi,55,F,False
6053,7750,Abeer Sant,40,F,False
6054,7750,Deepa Bora,78,M,False
6055,7752,Rajata Dave,38,F,False
6056,7752,Radha Oak,17,M,False
6057,7753,Farhan Chopra,46,F,False
6058,7753,Faris Amble,13,M,False
6059,7755,Ishani Shenoy,6,F,False
6060,7757,Lakshit Kurian,46,F,False
6061,7758,Vidhi Tiwari,49,F,False
6062,7758,Nachiket Sachdeva,8,M,False
6063,7760,Chaaya Pradhan,39,F,False
6064,7765,Wakeeta Singh,27,M,False
6065,7767,Aashi Chakraborty,62,M,False
6066,7767,Ekani Chatterjee,70,F,False
6067,7768,Anya Gole,67,F,False
6068,7771,Bhavika Bail,8,F,False
6069,7771,Zayyan Morar,40,F,False
6070,7772,Faris Dugar,38,F,False
6071,7772,Nisha Prakash,78,F,False
6072,7773,Vritti Solanki,36,M,False
6073,7775,Lajita Goel,36,F,False
6074,7777,Dakshesh Shah,21,M,False
6075,7778,Shaurya Master,24,M,False
6076,7781,Bishakha Sankar,8,F,False
6077,7782,Yagnesh Khare,42,F,False
6078,7782,Umang Hans,20,M,False
6079,7788,Jyoti Wagle,51,F,True
6080,7789,Ishwar Kulkarni,8,M,False
6081,7790,Osha Reddy,79,M,False
6082,7793,Oliver Deshpande,40,F,False
6083,7795,Aadhya Vala,48,F,False
6084,7798,Kevin Oak,17,F,False
6085,7799,Urvashi Bansal,15,M,False
6086,7799,Ekta Vyas,40,M,False
6087,7801,Oni Sinha,15,F,False
6088,7805,Vyanjana Seth,61,F,False
6089,7806,Harshil Bhat,25,F,False
6090,7809,Yuvraj Bora,7,F,False
6091,7810,Prisha Sami,38,M,False
6092,7811,Yashodhara Mannan,10,M,False
6093,7812,Yahvi Shanker,37,M,False
6094,7813,Gavin Murthy,79,F,False
6095,7813,Veer Kale,5,M,False
6096,7815,Samaksh Parekh,70,F,False
6097,7816,Neelima Kar,70,F,False
6098,7818,Elijah Dani,56,F,False
6099,7819,Victor Thaman,16,M,False
6100,7821,Qabil Bajaj,42,M,False
6101,7822,Upkaar Kala,61,F,False
6102,7822,Balveer Gole,49,F,False
6103,7823,Falan Chandra,51,M,False
6104,7824,Vrishti Chauhan,80,F,False
6105,7824,Om Malhotra,16,F,False
6106,7825,Chandran Seth,21,F,False
6107,7825,Mason Sastry,28,F,False
6108,7828,Wahab Sodhi,80,F,False
6109,7829,Aahana Master,32,F,False
6110,7830,Bhavini Date,36,F,False
6111,7833,Netra Dhawan,43,M,False
6112,7835,Bakhshi Raval,14,F,False
6113,7837,Harish Kamdar,40,M,False
6114,7837,Kabir Arya,36,F,False
6115,7840,Warda Nagy,63,T,False
6116,7841,Anirudh Zachariah,38,M,False
6117,7841,Krishna Gara,29,F,False
6118,7843,Chakrika Prashad,5,F,False
6119,7844,Max Setty,34,M,False
6120,7848,Farhan Vala,72,M,False
6121,7852,Yug Jaggi,65,M,False
6122,7853,Urvi Batta,5,F,False
6123,7855,Adweta Sagar,68,M,False
6124,7855,Omaja Gill,25,M,False
6125,7857,Mason Sarraf,25,F,False
6126,7860,Abha Ben,15,M,False
6127,7862,Onveer Bawa,40,F,False
6128,7865,Lakshmi Solanki,46,F,False
6129,7867,Damini Taneja,26,M,False
6130,7869,Osha Gade,57,M,False
6131,7871,Frederick Madan,19,F,False
6132,7872,Irya Chahal,14,M,False
6133,7873,Nakul Ray,57,M,False
6134,7875,Siddharth Mann,75,M,False
6135,7876,Vaishnavi Dora,64,M,False
6136,7877,Rehaan Dara,47,M,False
6137,7878,Diya Gade,6,T,False
6138,7879,Zansi Bala,60,F,False
6139,7880,Rohan Mutti,44,M,False
6140,7882,Vrishti Dewan,23,M,False
6141,7883,Anita Baral,74,F,False
6142,7883,Falak Palla,18,F,False
6143,7884,Yashvi Varughese,11,M,False
6144,7884,Ucchal Tata,5,M,False
6145,7887,Victor Dyal,31,F,False
6146,7887,Udant Sangha,30,F,False
6147,7890,Anusha Basak,43,M,False
6148,7891,Waida Bassi,45,F,False
6149,7892,Ekta Sarkar,78,M,False
6150,7893,Tanveer Sangha,8,F,False
6151,7895,Watika Butala,8,F,False
6152,7897,Nidra Panchal,5,F,False
6153,7898,Zilmil Virk,12,F,False
6154,7900,Arya Aggarwal,55,M,False
6155,7901,Anika Bala,54,F,False
6156,7903,Advik Dey,51,M,False
6157,7905,Riya Narain,18,F,False
6158,7907,Bhavna Bains,75,F,False
6159,7911,Arjun Sandal,21,F,False
6160,7912,Avni Tak,78,M,False
6161,7912,Girindra Bala,26,F,False
6162,7914,Reyansh Purohit,13,M,False
6163,7915,Arunima Sachdev,80,M,False
6164,7916,Gaurika Deol,43,M,False
6165,7917,Barkha Solanki,26,F,False
6166,7918,Raagini Subramaniam,55,M,False
6167,7921,Azaan Dasgupta,36,F,False
6168,7921,Falguni Bobal,56,M,False
6169,7922,Sudiksha Sheth,48,F,False
6170,7922,Ishanvi Hans,45,F,False
6171,7923,Ranbir Mani,7,F,False
6172,7924,Pooja Lad,33,M,False
6173,7925,Aditya Acharya,52,F,False
6174,7926,Wishi Nazareth,72,M,False
6175,7929,Avni Krish,50,F,False
6176,7930,Matthew Nagi,48,F,False
6177,7931,Ojas Narasimhan,43,M,False
6178,7933,Zayyan Handa,29,F,False
6179,7933,Faraj Mohanty,21,F,False
6180,7934,Tanish Karan,45,M,False
6181,7940,Yochana Cheema,59,M,False
6182,7941,Parth Pillai,14,M,False
6183,7943,Karan Zacharia,40,M,False
6184,7944,Vedhika Pingle,70,F,False
6185,7944,Ayush Lalla,17,M,False
6186,7945,Sara Gokhale,14,F,False
6187,7947,Aarnav Salvi,35,F,False
6188,7948,Neelima Puri,16,M,False
6189,7948,Reva Krishnamurthy,64,F,False
6190,7949,Joshua Mukherjee,35,M,False
6191,7950,Ekansh Loyal,37,M,False
6192,7951,Chaitaly Soni,11,M,False
6193,7952,Ati Ganguly,5,F,False
6194,7953,Vanya Sodhi,26,F,False
6195,7953,Irya Chandran,59,F,False
6196,7954,Devansh Mangal,80,M,False
6197,7955,Vinaya Narayan,62,F,False
6198,7956,Timothy Kata,19,M,False
6199,7957,Ranveer Mital,50,M,False
6200,7958,Hema Agarwal,76,M,False
6201,7958,Watika Kuruvilla,54,M,False
6202,7960,Mekhala Chokshi,57,F,False
6203,7961,Oliver Ghosh,80,F,False
6204,7962,Advika Cheema,71,F,False
6205,7964,Harrison Barad,34,M,False
6206,7965,Brijesh Pau,25,F,False
6207,7966,Anita Swamy,56,M,False
6208,7967,Anthony Srinivasan,41,F,False
6209,7968,Vincent Kurian,60,M,False
6210,7969,Zarna Bakshi,10,F,False
6211,7969,Bachittar Sridhar,72,M,False
6212,7971,Gautami Sen,47,M,False
6213,7972,Rachita Pradhan,55,F,False
6214,7973,Zarna Salvi,46,M,False
6215,7973,Falak Goda,52,M,False
6216,7974,Gavin Chand,11,F,False
6217,7976,Tanish Dash,73,F,False
6218,7976,Triya Mishra,58,F,False
6219,7977,Gunbir Behl,68,M,False
6220,7978,Orinder Batra,36,M,False
6221,7978,Zayyan Comar,15,M,False
6222,7979,Aarush Parikh,6,F,False
6223,7980,Charvi Apte,54,M,False
6224,7981,Atharv Chandran,39,F,False
6225,7982,Unnati Nayak,28,F,False
6226,7983,Vihaan Bhattacharyya,77,M,False
6227,7985,Divya Walia,62,M,False
6228,7986,Noah Baria,62,F,False
6229,7987,Vasana Nayak,21,M,False
6230,7987,Yadavi Kale,71,M,False
6231,7988,Krisha Chand,59,M,False
6232,7988,Arjun Chanda,29,F,False
6233,7989,Gauri Tara,6,F,False
6234,7991,Vyanjana Ravi,80,M,False
6235,7992,Agastya Rastogi,39,M,False
6236,7993,Geetika Setty,9,F,False
6237,7993,Leena Parekh,19,F,False
6238,7996,Sathvik Wable,9,F,False
6239,7999,Arin Soman,22,M,False
6240,7999,Chasmum Sachdev,48,M,False
6241,8000,Lavanya Behl,76,M,False
6242,8001,Yauvani Aggarwal,44,M,False
6243,8002,Unnati Rajagopalan,77,F,False
6244,8002,Amol Venkataraman,34,F,False
6245,8003,Azad Kaur,36,M,False
6246,8003,Madhavi Divan,55,F,False
6247,8004,Bhavani Iyer,8,M,False
6248,8004,Anya Sundaram,5,M,False
6249,8008,William Soni,29,M,True
6250,8009,Charan Parsa,45,F,False
6251,8010,Samuel Mani,57,F,False
6252,8013,Veer Khalsa,60,F,False
6253,8015,Bahadurjit Warrior,17,M,False
6254,8016,Henry Narasimhan,67,F,False
6255,8016,Jairaj Munshi,62,F,False
6256,8020,Mitali Setty,63,T,False
6257,8022,Ekaja Palla,80,M,False
6258,8023,Watika Edwin,69,F,False
6259,8027,Yahvi Tak,53,M,False
6260,8028,Indira Bobal,40,F,False
6261,8028,Tanay Ahuja,16,F,False
6262,8029,Gautami Bhakta,37,M,False
6263,8029,Manan Mallick,30,M,False
6264,8030,Nachiket Iyengar,71,T,False
6265,8031,Rohan Sachar,74,M,False
6266,8033,Ikshita Mammen,38,M,False
6267,8035,Chakrika Borde,68,M,False
6268,8036,Ridhi Subramanian,62,F,False
6269,8038,Udyati Sandal,66,F,False
6270,8038,Ekavir Merchant,37,F,False
6271,8042,Ekansh Suresh,36,M,False
6272,8043,Damini Dhar,35,F,False
6273,8043,Kai Mangat,68,F,False
6274,8047,Nikita Sankar,65,M,False
6275,8047,Frado Konda,16,M,False
6276,8048,Urmi Keer,29,F,False
6277,8049,Qarin Datta,38,F,False
6278,8050,Tanmayi Choudhary,50,M,False
6279,8053,Vansha Thaman,16,M,False
6280,8056,Tanay Maharaj,31,M,False
6281,8057,Omya Balakrishnan,48,F,False
6282,8058,Rayaan Malhotra,20,F,False
6283,8059,Qabil Din,39,M,False
6284,8059,Ishanvi Sengupta,53,M,False
6285,8062,Ayushman Dugar,37,F,False
6286,8063,Aachal Pathak,78,M,False
6287,8064,Zaitra Gera,18,M,False
6288,8064,Lekha Chowdhury,54,F,False
6289,8066,Leena Sarraf,36,M,False
6290,8066,Bachittar Rege,26,F,False
6291,8067,Vanya Memon,65,M,False
6292,8070,Jairaj Chada,21,F,False
6293,8071,Ishaan Menon,31,F,False
6294,8073,Kalpit Jaggi,44,F,False
6295,8073,Anvi Gopal,11,M,False
6296,8074,Krisha Kalla,68,F,False
6297,8075,Qadim Borde,73,F,True
6298,8076,Chaman Soni,32,F,False
6299,8077,Yasti Comar,45,M,False
6300,8078,Wahab Mistry,19,F,False
6301,8080,Sai Mangal,42,F,False
6302,8081,Ishita Yogi,65,M,False
6303,8082,Nitara Bail,56,F,False
6304,8084,Akshay Sharaf,79,M,False
6305,8085,Barkha Kunda,80,M,False
6306,8088,Brinda Dixit,47,M,False
6307,8088,Bhavika Ganguly,44,F,False
6308,8089,Veda Pandey,72,T,False
6309,8090,Peter Lad,16,T,False
6310,8093,Yatin Randhawa,24,M,False
6311,8093,Indrajit Nath,61,M,False
6312,8096,Zashil Jayaraman,50,M,False
6313,8096,Netra Kothari,43,F,False
6314,8099,George Salvi,72,M,False
6315,8100,Mahika Kannan,47,F,False
6316,8100,Dipta Keer,14,M,False
6317,8103,Ria Pandit,54,T,False
6318,8104,Robert Jain,70,F,False
6319,8105,Pavani Saraf,26,M,True
6320,8107,Udarsh Sule,44,F,False
6321,8108,Anusha Grover,28,F,False
6322,8112,Laksh Sekhon,7,F,False
6323,8112,Anmol Kohli,5,M,False
6324,8114,Matthew Edwin,72,M,False
6325,8117,Tejas Bhat,74,M,False
6326,8118,Neelima Toor,68,F,False
6327,8119,Arunima Oommen,67,M,False
6328,8120,Robert Chauhan,43,F,False
6329,8121,Amruta Sani,14,F,False
6330,8122,Tejas Shenoy,74,M,False
6331,8122,Krishna Sachar,75,M,True
6332,8123,Rushil Tailor,49,M,False
6333,8123,Meghana Patil,79,F,False
6334,8124,Aarnav Bera,11,T,False
6335,8124,Oliver Date,19,M,False
6336,8126,Frederick Randhawa,60,M,False
6337,8129,Brinda Om,55,F,False
6338,8130,Qarin Taneja,74,F,False
6339,8130,Xalak Shanker,68,M,False
6340,8131,Max Sabharwal,80,M,False
6341,8133,Anusha Yogi,18,F,False
6342,8133,Udyati Naidu,58,F,False
6343,8134,Aarna Mutti,58,F,False
6344,8136,Dalbir Naik,45,F,False
6345,8137,Diya Naidu,14,F,False
6346,8138,Tanish Anand,31,F,False
6347,8140,Nathaniel Mandal,70,M,False
6348,8140,Chasmum Basak,53,M,False
6349,8142,Sai Hegde,39,M,False
6350,8142,Ekbal Chawla,59,F,False
6351,8143,Bakhshi Agarwal,62,M,False
6352,8143,Odika Manda,26,M,False
6353,8144,Robert Badal,64,M,False
6354,8146,Onveer Issac,74,F,False
6355,8147,Varsha Tata,73,M,False
6356,8147,Rudra Dua,17,F,False
6357,8148,Eesha Mani,65,M,False
6358,8149,Vasana Deo,52,F,False
6359,8151,Kamala Viswanathan,43,F,False
6360,8152,Yasti Dua,74,M,False
6361,8152,Falak Chowdhury,47,M,False
6362,8153,Adweta Mandal,18,M,False
6363,8154,Reyansh Yohannan,76,F,False
6364,8156,Warinder Shroff,6,M,False
6365,8156,Mahika D’Alia,76,F,False
6366,8158,Yatin Master,48,F,False
6367,8158,Leela Tripathi,57,M,False
6368,8160,Bhavna Bhattacharyya,8,M,False
6369,8160,Samuel Kapur,76,F,False
6370,8162,Urishilla Tripathi,60,F,False
6371,8162,Amrita Srinivas,17,M,False
6372,8163,Rachit Datta,57,M,False
6373,8164,Chasmum Purohit,69,F,False
6374,8165,Warinder Brahmbhatt,28,F,False
6375,8166,Harsh Kala,37,F,False
6376,8166,Ekavir Master,42,F,False
6377,8171,Dakshesh Kaul,66,F,False
6378,8173,Ethan Date,32,F,False
6379,8174,Urishilla Sastry,12,F,False
6380,8175,Ati Mital,63,F,False
6381,8177,Charles Memon,70,M,False
6382,8177,Lekha Din,75,M,False
6383,8178,Reyansh Naidu,27,M,False
6384,8180,Amruta Ganesh,33,M,False
6385,8182,Maanav Baral,18,M,False
6386,8184,Harrison Samra,17,M,False
6387,8186,Michael Contractor,80,F,False
6388,8186,Shivansh Warrior,38,M,False
6389,8189,Ucchal Dhillon,47,F,False
6390,8190,Zaid Kata,28,F,False
6391,8191,Janaki Sarin,64,F,False
6392,8194,Gaurangi Bose,19,F,False
6393,8194,Qarin Mander,77,M,False
6394,8195,Alexander Sankaran,68,F,False
6395,8196,Dhruv Iyengar,47,M,False
6396,8197,Odika Roy,75,M,False
6397,8198,Ikshita Sha,57,M,False
6398,8199,Qabil Memon,74,M,False
6399,8202,Omaja Apte,77,F,False
6400,8203,Ekiya Mitter,40,F,False
6401,8203,Nidra Raja,18,M,False
6402,8205,Arjun Bansal,42,M,False
6403,8207,Chandresh Bhatia,76,F,False
6404,8208,Jagrati Karnik,18,F,False
6405,8208,Jeevika Swaminathan,17,F,False
6406,8209,Jalsa Mohan,56,F,False
6407,8210,Lakshmi Dhar,72,F,False
6408,8210,Urishilla Mander,53,F,False
6409,8214,Harita Zachariah,31,F,False
6410,8214,Hredhaan Rai,38,F,False
6411,8215,Jalsa Khanna,7,F,False
6412,8217,Zayan Desai,24,F,False
6413,8218,Qasim Kale,10,M,False
6414,8222,Fariq Saraf,44,F,False
6415,8222,Mitali Loke,18,M,False
6416,8224,Darpan Bhargava,76,F,False
6417,8224,Om Agate,33,F,False
6418,8225,Kala Bahri,17,M,False
6419,8227,Nisha Jhaveri,42,M,False
6420,8228,Keya Rao,35,M,False
6421,8229,Nitesh Dhaliwal,37,F,False
6422,8232,Vincent Ravel,77,F,False
6423,8233,Vrishti Shukla,79,M,False
6424,8234,Banjeet Kakar,11,M,False
6425,8234,Dhruv Babu,51,F,False
6426,8237,Patrick Sidhu,20,F,False
6427,8237,Patrick Bains,44,F,False
6428,8238,Yash Mann,42,F,False
6429,8240,Amol Tata,28,F,False
6430,8243,Krish Dutt,10,F,False
6431,8244,David Yogi,38,M,False
6432,8244,Vincent Barad,33,F,False
6433,8245,Rajata Naidu,21,M,False
6434,8246,Janya Mahajan,75,M,False
6435,8246,Lohit Bail,50,F,False
6436,8248,Jhalak Nori,68,F,False
6437,8248,Vrishti Salvi,26,M,False
6438,8250,Samesh Rastogi,14,M,False
6439,8252,Vasana Chada,11,M,False
6440,8258,Jonathan Kumer,23,F,False
6441,8259,Kiaan Kulkarni,17,F,False
6442,8260,Jeremiah Vig,38,F,False
6443,8260,Matthew Sekhon,51,M,False
6444,8262,Liam Chand,7,F,False
6445,8264,Vansha Tella,58,F,False
6446,8266,Pavani Modi,71,M,False
6447,8267,Warinder Mukhopadhyay,36,M,False
6448,8269,Hema Gade,43,F,False
6449,8269,Girish Chopra,18,M,False
6450,8270,Hemal Gola,41,F,False
6451,8270,Aashi Mangat,55,F,False
6452,8271,Harinakshi Sastry,9,F,False
6453,8272,Garima Kant,35,F,False
6454,8274,Panini Johal,28,F,False
6455,8276,Leena Sur,41,F,False
6456,8276,Bhavini Mohanty,69,F,False
6457,8277,Jackson Natarajan,26,M,False
6458,8279,Reva Raval,28,F,False
6459,8280,Saksham Jhaveri,60,F,False
6460,8281,Manya Kala,24,F,False
6461,8284,Chavvi Chatterjee,64,F,False
6462,8287,Ekapad Majumdar,16,F,False
6463,8287,Divya Misra,50,M,False
6464,8288,Dakshesh Rattan,52,F,False
6465,8289,Girindra Thaker,75,M,False
6466,8289,Alka Solanki,52,M,False
6467,8290,Faras Shan,80,F,False
6468,8291,Hamsini Andra,62,F,False
6469,8292,Amaira Randhawa,56,F,False
6470,8293,Ikbal Gopal,25,M,False
6471,8294,Vedika Hayer,54,F,False
6472,8296,Yauvani Dhaliwal,54,F,False
6473,8297,Viraj Subramaniam,48,M,False
6474,8299,Riya Vohra,64,F,False
6475,8300,Baghyawati Kar,19,M,False
6476,8301,Maya Radhakrishnan,10,F,False
6477,8301,Hemani Gour,31,F,False
6478,8302,Urvi Rama,23,F,False
6479,8302,Jhalak Devan,39,F,False
6480,8306,Gunbir Chopra,65,T,False
6481,8307,Yatan Das,13,M,False
6482,8308,Xiti Palan,23,M,False
6483,8309,Amol Sinha,24,M,False
6484,8309,Aditya Nayar,46,M,False
6485,8310,Tristan Pillai,16,F,False
6486,8310,Jagvi Dhingra,56,F,False
6487,8311,Yauvani Mandal,21,F,False
6488,8314,Urvashi Mall,17,F,False
6489,8315,Kritika Guha,17,F,False
6490,8315,Daksha Chandran,12,M,False
6491,8316,Anjali Sama,73,F,False
6492,8317,Azad Shanker,80,F,False
6493,8318,Urvashi Dalal,66,M,False
6494,8319,Arya Pillay,41,F,False
6495,8319,Ria Mahal,44,F,False
6496,8320,Ekani Kulkarni,29,M,False
6497,8321,Dhriti Lalla,40,F,False
6498,8322,Balvan Karnik,12,M,False
6499,8323,Mitesh Deshmukh,21,M,False
6500,8326,Aarav Banerjee,74,M,False
6501,8327,Luke Boase,47,M,False
6502,8327,Vivaan Morar,41,M,False
6503,8330,Jackson Chatterjee,41,M,False
6504,8334,Nisha Chadha,65,M,False
6505,8335,Oeshi Raman,37,F,False
6506,8335,Hema Shukla,54,M,False
6507,8337,Siya Ramesh,30,M,False
6508,8339,Hema Nori,68,M,False
6509,8340,Hiral Gulati,32,M,False
6510,8341,Azad Ramachandran,57,F,False
6511,8342,Mekhala Thaman,13,M,False
6512,8345,Theodore Luthra,55,M,False
6513,8348,Chaitanya Bhasin,6,M,False
6514,8348,Sathvik Kothari,62,F,False
6515,8350,Banjeet Majumdar,7,M,False
6516,8351,Urishilla Rana,77,F,False
6517,8351,Meera Yogi,69,F,False
6518,8352,Rudra Vyas,75,F,False
6519,8355,Indira Sarma,48,F,False
6520,8355,Ati Maharaj,69,F,False
6521,8356,Urmi Dave,43,M,False
6522,8357,Hemani Mand,12,M,False
6523,8358,Dev Bhasin,18,F,False
6524,8358,Gaurika Pau,42,M,False
6525,8360,Sudiksha Saini,45,M,False
6526,8360,Kevin Sridhar,41,M,False
6527,8361,Ekantika Natarajan,46,M,False
6528,8361,Mason Khare,29,F,False
6529,8362,Aayush Sharaf,8,M,False
6530,8363,Daksh Balan,58,M,False
6531,8365,Jason Rajan,25,F,False
6532,8366,Vedhika Mishra,41,F,False
6533,8366,Balveer Narayan,74,M,False
6534,8367,Mitali Ramachandran,70,M,False
6535,8368,Agastya Garg,67,F,False
6536,8368,Oni Varty,38,F,False
6537,8369,Chakradev Mall,65,M,False
6538,8370,Samar Dutt,50,M,False
6539,8370,Vrishti Issac,77,T,False
6540,8372,Warhi Mahal,59,M,False
6541,8377,Saumya Pai,48,F,False
6542,8378,Samar Atwal,39,M,False
6543,8379,Owen Mangat,65,F,False
6544,8380,Inaya Sarin,12,M,False
6545,8381,Dayita Lata,20,M,False
6546,8381,Christopher Ramakrishnan,66,F,False
6547,8384,Azaan Kurian,71,M,False
6548,8385,Mason Gade,72,F,False
6549,8387,Avni Prabhakar,24,F,False
6550,8388,Unni Bal,39,F,False
6551,8388,Vedika Kalla,24,F,False
6552,8390,Prisha Karan,79,F,False
6553,8390,Madhav Kapadia,45,M,False
6554,8391,Sathvik Warrior,54,M,False
6555,8392,Megha Varghese,42,F,False
6556,8393,Yadavi Kamdar,57,F,False
6557,8394,Tara Tella,23,F,False
6558,8394,Jyoti Sibal,16,F,False
6559,8395,Neha Sant,78,F,True
6560,8396,Gagan Dalal,24,M,False
6561,8398,Chameli Murthy,64,F,False
6562,8402,Meera Nagar,68,F,False
6563,8403,Jason Manda,53,F,False
6564,8404,Vrishti Yogi,79,F,False
6565,8405,Vritti Sahni,19,F,False
6566,8406,Quincy Wali,24,M,False
6567,8407,Deepa Naidu,31,F,False
6568,8408,Ojasvi De,13,M,False
6569,8411,Ekalinga Nayar,73,F,False
6570,8411,Oliver Srivastava,28,M,False
6571,8413,Kashvi Shenoy,64,F,False
6572,8413,Garima Sibal,64,M,False
6573,8414,Bahadurjit Konda,6,M,False
6574,8415,Pranit Pandya,24,F,False
6575,8415,Nitara Sarin,78,F,False
6576,8416,Ekantika Chopra,76,M,False
6577,8417,Tarak Kuruvilla,76,F,False
6578,8419,Upkaar Seshadri,76,F,False
6579,8419,Nakul Borah,16,M,False
6580,8420,Manan Sastry,39,F,False
6581,8421,Triya Kanda,14,F,False
6582,8422,Girish Sankar,52,F,False
6583,8423,Siya Nath,42,F,False
6584,8424,Mitesh Mukherjee,69,M,False
6585,8425,Nitesh Sodhi,76,F,False
6586,8426,Qadim Merchant,61,F,False
6587,8428,Wyatt Sarkar,70,M,False
6588,8428,Champak Manne,32,M,False
6589,8429,Urvashi Saxena,53,F,False
6590,8430,Joshua Golla,55,F,False
6591,8433,Daniel Vala,63,F,False
6592,8434,Ishanvi Sachdeva,74,M,False
6593,8434,Vidhi Bava,38,F,False
6594,8435,Garima Chopra,45,F,False
6595,8436,Oviya Raj,58,T,False
6596,8436,Rajata Wason,8,F,False
6597,8437,Teerth Jaggi,65,M,False
6598,8439,Pushti Krishnamurthy,37,F,False
6599,8440,Aachal Mukhopadhyay,44,F,False
6600,8442,Januja Borah,80,F,False
6601,8443,Avni Sahni,37,M,False
6602,8444,Umang Ramesh,7,M,False
6603,8445,Harsh Oak,29,M,False
6604,8446,Ishanvi Narain,63,M,False
6605,8446,Devansh Dua,46,M,False
6606,8447,Jhalak Manda,47,M,False
6607,8447,Maya Tak,46,F,False
6608,8448,Varsha Yogi,9,M,False
6609,8450,Jairaj Rao,30,M,False
6610,8451,Gaurang Madan,51,M,False
6611,8452,Madhav Jhaveri,37,M,False
6612,8453,Joshua Balan,30,F,False
6613,8454,Sachi Arora,21,F,False
6614,8454,Oviya Nazareth,46,M,False
6615,8458,Jagrati Bhakta,80,M,False
6616,8458,Aachal Grover,51,M,False
6617,8459,Utkarsh Ganesan,71,F,False
6618,8460,Gaurika Baral,10,M,False
6619,8462,Qushi Dube,63,M,False
6620,8464,Ira Tailor,50,F,False
6621,8464,Devika Balasubramanian,51,M,False
6622,8467,Neel Tailor,44,T,False
6623,8467,Tanish Cheema,22,F,False
6624,8468,Diya Sachdev,16,M,False
6625,8471,Ronith Patel,18,F,False
6626,8472,Hamsini Rau,6,M,False
6627,8473,Gaurang Goda,34,M,False
6628,8474,Balendra Verma,55,F,False
6629,8477,Gavin Dar,53,M,False
6630,8477,Sanaya Mander,42,M,False
6631,8478,Keya Srivastava,60,F,False
6632,8479,Adweta Brahmbhatt,27,M,False
6633,8480,Gopal Kunda,44,M,False
6634,8481,Arin Srinivas,53,F,False
6635,8483,Gautam Mahal,13,F,False
6636,8484,Aayush Sengupta,52,M,False
6637,8485,Kala D’Alia,58,F,False
6638,8485,Ijaya Gola,41,F,False
6639,8488,Radha Dyal,60,T,False
6640,8488,Darpan Narasimhan,52,F,False
6641,8489,Dakshesh Mishra,18,F,False
6642,8492,Zashil Dasgupta,56,M,False
6643,8493,Girik Tara,57,F,False
6644,8494,Reyansh Aurora,80,M,False
6645,8494,Veda Sule,39,M,False
6646,8495,Samuel Baria,66,T,False
6647,8496,Yug Rastogi,43,M,False
6648,8497,Gaurav Bassi,65,F,False
6649,8498,Balveer Banerjee,38,F,False
6650,8499,Ayush Singhal,9,F,False
6651,8500,Xiti Ram,78,F,False
6652,8501,Udyati Mitra,7,M,False
6653,8501,Ekaraj Pant,76,M,False
6654,8502,Vansha Mittal,72,M,False
6655,8502,Sarthak Bhattacharyya,57,F,False
6656,8504,Nitesh Joshi,78,M,False
6657,8504,Zarna Sachdeva,66,F,False
6658,8506,Ekaraj Acharya,40,M,False
6659,8507,Chasmum Patil,63,M,False
6660,8507,Nakul Vyas,76,F,False
6661,8508,Charita More,74,M,False
6662,8510,Advik Bakshi,43,F,False
6663,8511,Ria Khosla,77,M,False
6664,8513,Ekaraj Babu,61,F,False
6665,8515,Ikshita Jani,35,M,False
6666,8517,Manya Dara,71,M,False
6667,8517,Yug Venkataraman,33,F,False
6668,8519,Girindra Shetty,62,F,False
6669,8520,Chandresh Ramesh,79,M,False
6670,8521,George Rana,8,F,False
6671,8523,Harsh Kale,17,F,False
6672,8523,Gaurika Bora,12,F,False
6673,8524,Rachana Dubey,57,F,False
6674,8524,Pooja Purohit,34,F,False
6675,8526,Rajata Narasimhan,77,F,False
6676,8527,Simon Dass,31,M,False
6677,8529,Radhika Jayaraman,13,F,False
6678,8529,Zayyan Agate,30,F,False
6679,8531,Anjali Chaudhary,8,M,False
6680,8532,Owen Deshmukh,18,F,False
6681,8534,Sara Mane,34,M,False
6682,8537,Chandran Kala,28,M,False
6683,8541,Farhan Parikh,19,F,False
6684,8541,Radhika Arya,70,F,False
6685,8542,Hredhaan Mohanty,51,M,False
6686,8543,Advika Walia,55,M,False
6687,8543,Sudiksha Subramaniam,78,F,False
6688,8544,Janani Rau,66,M,False
6689,8545,Omkaar Saxena,17,M,False
6690,8547,Aishani Pathak,34,F,False
6691,8548,Chandresh Merchant,5,M,False
6692,8549,Shivani Patel,62,F,False
6693,8551,Chaitaly Basak,66,M,False
6694,8552,Mason Dugar,16,F,False
6695,8553,Anika Shah,69,F,False
6696,8555,Jagvi Parikh,31,T,False
6697,8556,Ucchal Nagar,7,F,False
6698,8557,Urishilla Hora,45,F,False
6699,8558,Vritti Mangal,41,F,False
6700,8560,Ayaan Upadhyay,48,F,False
6701,8561,Jagat Bava,78,M,False
6702,8561,Wyatt Desai,72,F,False
6703,8563,Vasana Ben,79,F,False
6704,8564,Manthan Dhillon,68,F,False
6705,8565,Amara Sathe,36,F,False
6706,8566,Daksh Sem,72,F,False
6707,8567,Jagat Gill,48,F,False
6708,8568,Manan Sur,79,F,False
6709,8569,Liam Buch,39,F,False
6710,8569,Hredhaan Sachar,19,M,False
6711,8570,Kala Ray,24,M,False
6712,8571,Anirudh Edwin,67,M,False
6713,8572,Samaksh Chopra,44,M,False
6714,8573,Ekani Raja,15,M,False
6715,8575,Wriddhish Ramanathan,39,F,False
6716,8576,Max Saini,18,M,False
6717,8577,Dayita Gola,27,F,False
6718,8577,Gavin Choudhary,72,F,False
6719,8582,Ekiya Chaudhry,40,F,False
6720,8585,Dipta Purohit,19,F,False
6721,8586,Chakradev Seshadri,26,F,False
6722,8588,Karan Talwar,9,F,False
6723,8590,Banjeet Ahuja,42,F,False
6724,8591,Gabriel Gandhi,19,M,False
6725,8591,Vivaan Bawa,45,F,False
6726,8592,Yashawini Sule,66,F,False
6727,8592,Devansh Bhatnagar,17,F,False
6728,8593,Balvan Rege,69,T,False
6729,8593,Yauvani Jayaraman,52,F,False
6730,8595,Dipta Garg,35,M,False
6731,8596,Oni Mitter,9,M,False
6732,8597,Chakradev Khosla,45,F,False
6733,8598,Alexander Samra,37,F,False
6734,8599,Advay Mander,39,F,False
6735,8599,Warhi Chaudhuri,24,M,False
6736,8600,Luke Dhaliwal,53,M,False
6737,8600,Varsha Bhatt,68,F,False
6738,8601,Lipika Balan,62,M,False
6739,8601,Gavin Tank,7,F,False
6740,8603,Rajata Chopra,9,M,False
6741,8608,Meera Grover,63,M,False
6742,8609,Gabriel Rajan,61,F,False
6743,8610,Yashvi Bala,18,M,False
6744,8610,Chanchal Bhandari,53,F,False
6745,8612,Rehaan Dhingra,16,F,False
6746,8614,Orinder Majumdar,16,F,False
6747,8614,Frederick Dasgupta,50,M,False
6748,8615,Girik Pal,17,F,False
6749,8618,Daksha Kapadia,62,M,False
6750,8619,Max Vig,9,F,False
6751,8620,Bahadurjit Apte,35,F,False
6752,8621,Praneel Bhatti,30,M,False
6753,8622,Mitesh Gala,73,F,False
6754,8624,Karan Kapur,50,M,False
6755,8625,Chakradev Dayal,65,F,False
6756,8625,Sarthak Sangha,27,M,False
6757,8626,Meera Pal,28,F,False
6758,8627,Aachal Dube,80,F,False
6759,8628,Kamya Choudhary,12,M,False
6760,8629,Vedika Karpe,26,F,False
6761,8632,Liam Balasubramanian,35,M,False
6762,8634,Samuel Mahal,25,F,False
6763,8635,Ira Kalita,75,F,False
6764,8637,Rishi Shankar,31,M,False
6765,8639,Adya Dara,71,M,False
6766,8640,Samesh Tella,73,F,False
6767,8642,Gaurang Purohit,25,M,False
6768,8642,Farhan Verma,64,F,False
6769,8643,Theodore Bedi,31,F,False
6770,8644,Balvan Dash,40,M,False
6771,8646,Yatan Dar,33,M,False
6772,8646,Bahadurjit Keer,57,F,False
6773,8649,Veda Soman,42,F,False
6774,8649,Chaitaly Shukla,63,M,False
6775,8650,Ekavir Nadig,14,M,False
6776,8651,Upkaar Nanda,46,M,False
6777,8652,Yoshita Mohan,46,M,False
6778,8653,Matthew Gulati,31,M,False
6779,8656,Maya Gopal,9,M,False
6780,8657,Jeevika Bakshi,5,F,False
6781,8659,Raghav Dube,48,M,False
6782,8659,Dayita Naidu,18,F,False
6783,8660,Tamanna Rattan,68,F,False
6784,8660,Zayyan Sridhar,71,F,False
6785,8661,Aayush Som,8,F,False
6786,8663,Kavya Chokshi,39,F,False
6787,8664,Janani Bhatnagar,26,F,False
6788,8666,Nidhi Agate,46,M,False
6789,8667,Krish Prabhu,30,M,False
6790,8668,Harinakshi Nayar,11,M,False
6791,8673,Gaurang Sarin,8,F,False
6792,8673,Warjas Pal,60,F,False
6793,8675,Anay Sachar,13,F,False
6794,8676,Jeremiah Walia,47,M,False
6795,8676,Tejas Sehgal,52,F,False
6796,8677,Darpan Mital,65,F,False
6797,8679,Bhavya Behl,30,F,False
6798,8680,Nikita Narasimhan,68,F,False
6799,8680,Farhan Choudhary,64,F,True
6800,8681,Reyansh Lata,67,F,False
6801,8682,Adweta Wason,34,M,False
6802,8683,Nimrat Nagar,69,M,False
6803,8684,Isha Arora,73,T,False
6804,8684,Inaya Gara,61,M,False
6805,8685,Daniel Dalal,25,F,False
6806,8688,Bhavini Rao,59,F,False
6807,8689,Samaksh Pal,27,M,False
6808,8691,Pavani Aurora,31,M,False
6809,8692,Daksha Thakur,27,F,False
6810,8693,Onkar Pau,22,F,False
6811,8695,Gavin Hora,13,F,False
6812,8695,Ucchal Bose,15,M,False
6813,8696,Naksh Chaudhari,18,F,False
6814,8696,Lakshmi Kala,51,M,False
6815,8697,Victor Chandra,34,F,False
6816,8698,Jonathan Pandya,6,F,False
6817,8698,Balvan Krish,59,F,False
6818,8699,Rajata Wagle,63,M,False
6819,8700,Urishilla Dar,11,F,False
6820,8701,Wyatt Lanka,13,M,False
6821,8702,Noah Chopra,51,M,False
6822,8702,Nitara Butala,26,F,False
6823,8703,Vamakshi Zachariah,14,F,False
6824,8704,Baghyawati Jha,9,F,False
6825,8705,Tanish Sethi,35,M,False
6826,8705,Joshua Chaudry,36,M,False
6827,8706,Ekalinga Contractor,11,F,False
6828,8710,Nidra Pradhan,12,F,False
6829,8711,Gaurika Dhar,43,F,False
6830,8712,Riya Konda,8,M,False
6831,8713,Kamala Munshi,31,M,False
6832,8715,Dalbir Banerjee,32,M,False
6833,8716,Amruta Swaminathan,54,M,False
6834,8718,Janya Dar,47,M,False
6835,8719,Upadhriti Morar,75,F,False
6836,8719,Aadhya Chopra,67,F,False
6837,8720,Vasana Dass,69,M,False
6838,8725,Chakrika Vig,61,M,False
6839,8725,Samar Kata,30,M,False
6840,8726,Falan Rajagopal,46,F,False
6841,8727,Robert Banerjee,53,M,False
6842,8727,Bahadurjit Mangat,72,F,False
6843,8728,Faris Rao,53,M,False
6844,8729,Indrajit Thaman,66,F,False
6845,8730,Charan Solanki,21,F,False
6846,8731,Xavier Chakrabarti,42,M,False
6847,8732,Gayathri Mittal,67,F,False
6848,8733,Meera Buch,54,F,False
6849,8733,Idika Ramakrishnan,71,F,False
6850,8734,Ethan Sani,47,M,False
6851,8735,Lakshit Raj,19,F,False
6852,8735,Balhaar Warrior,54,F,False
6853,8736,Hema Suresh,39,M,False
6854,8738,Onkar Parmer,8,F,False
6855,8739,Gaurika Bahri,48,F,False
6856,8742,Krishna Sama,73,F,False
6857,8743,Chandresh Hayer,28,F,False
6858,8744,William Batta,75,M,False
6859,8745,Upasna Palan,39,M,False
6860,8748,Aarna Sha,56,F,False
6861,8749,Manbir Bakshi,66,F,False
6862,8750,Chaitaly Bajwa,18,F,False
6863,8752,Vedhika Chahal,49,M,False
6864,8755,Ekaja Menon,15,M,False
6865,8757,Rushil Shah,58,M,False
6866,8758,Abha Shere,37,M,False
6867,8759,Amruta Taneja,76,F,False
6868,8760,Advay Bhandari,20,M,False
6869,8760,Rachita Bala,49,F,True
6870,8761,Yatan Seshadri,50,F,False
6871,8761,Arin Sheth,10,F,False
6872,8762,Falan Ben,42,M,False
6873,8762,Raghav Kota,22,F,False
6874,8763,Elijah Keer,34,F,False
6875,8764,Agastya Gole,6,F,False
6876,8764,Jagvi Wason,44,M,False
6877,8766,Sneha Srivastava,75,M,False
6878,8769,Rachana Gaba,73,F,False
6879,8771,Ranbir Muni,54,F,False
6880,8772,Joshua Thaman,9,F,False
6881,8773,Anthony Dhawan,23,M,False
6882,8775,Bimala Pillai,9,M,False
6883,8776,Yahvi Agrawal,28,F,False
6884,8778,Upkaar Master,36,F,False
6885,8780,Oliver Kalla,18,M,False
6886,8781,Ekiya Chhabra,70,M,False
6887,8782,Qabil Bhat,50,F,False
6888,8783,Watika Gaba,71,F,False
6889,8784,Dev Chanda,59,F,False
6890,8784,Nirja Saxena,30,F,False
6891,8785,Dev Palan,45,F,False
6892,8787,Lekha Khosla,58,F,False
6893,8790,Bhanumati Sarna,20,M,False
6894,8793,Lila Gara,35,M,False
6895,8793,Qarin Bhasin,76,T,False
6896,8796,Hritik Shan,49,M,False
6897,8797,Faris Mitter,73,F,False
6898,8797,Chasmum Singhal,70,F,False
6899,8799,Girik Narain,50,F,False
6900,8800,Peter Shere,15,M,False
6901,8804,Yash Mohanty,73,M,False
6902,8804,Jasmit Jhaveri,36,M,False
6903,8806,Chaman Agrawal,73,F,False
6904,8807,Abhimanyu Hans,10,F,False
6905,8807,Manthan Uppal,35,F,False
6906,8809,Ati Bhattacharyya,23,M,False
6907,8809,Girindra Puri,69,F,False
6908,8810,Rishi Agate,48,T,False
6909,8813,Sarthak Gour,54,M,False
6910,8814,Yatin Anand,74,F,False
6911,8815,Dayita Rajan,33,M,False
6912,8817,Harita Wadhwa,44,F,False
6913,8819,Manya Nagi,18,F,False
6914,8820,Inaya Rama,55,M,False
6915,8821,Faraj Thakur,15,F,False
6916,8822,Ria Manne,42,F,False
6917,8822,Krisha De,65,M,False
6918,8823,Om Swaminathan,14,F,False
6919,8824,Sai Sachdeva,69,F,False
6920,8825,Oscar Jaggi,14,M,False
6921,8826,Turvi Saxena,69,F,True
6922,8826,Imaran Biswas,54,F,False
6923,8827,Aahana Bhardwaj,35,F,False
6924,8829,Anay Koshy,17,F,False
6925,8830,Garima Dasgupta,27,M,False
6926,8831,Balveer Sankar,52,M,False
6927,8831,Lakshmi Manda,37,F,False
6928,8833,Mugdha Rai,70,M,False
6929,8835,Gopal Dhawan,39,M,False
6930,8837,Eesha Koshy,13,F,False
6931,8838,Daniel Bumb,47,F,False
6932,8839,Waida Srivastava,72,F,False
6933,8839,Diya Sehgal,11,M,False
6934,8840,Jackson Ghose,33,F,False
6935,8844,Elijah Wable,11,M,False
6936,8845,Maanav Maharaj,64,M,False
6937,8846,George Majumdar,66,M,False
6938,8847,Ekansh Kant,79,M,False
6939,8847,Andrew Mannan,17,M,False
6940,8848,Logan Bains,58,M,False
6941,8849,Osha Bhatti,72,F,False
6942,8850,Rohan Gokhale,44,F,False
6943,8850,Indira Rastogi,53,M,False
6944,8851,Viraj Nadig,29,M,False
6945,8852,Tanay Arora,39,F,False
6946,8853,Ekanta Edwin,35,F,False
6947,8856,Qadim Nadig,40,T,False
6948,8857,Janaki Nadkarni,65,F,False
6949,8858,Nisha Vala,59,F,False
6950,8860,Ubika Thaman,66,F,False
6951,8862,Yug Dass,19,M,False
6952,8862,Finn Gala,54,F,False
6953,8863,Eshana Manne,43,F,False
6954,8864,Wazir More,32,F,False
6955,8864,Yash Kohli,50,F,False
6956,8865,Kritika Choudhury,72,F,False
6957,8865,Netra Hayer,56,M,False
6958,8866,Rohan Sawhney,48,F,False
6959,8867,Aachal Mandal,28,F,False
6960,8868,Ranbir Chandra,44,F,False
6961,8868,Maanav Bhatt,40,M,False
6962,8869,Neel Boase,17,M,False
6963,8875,Mitesh Bhagat,29,F,False
6964,8877,Omaja Dugar,15,F,False
6965,8877,Yashodhara Pal,54,F,False
6966,8878,Ubika Deo,28,F,False
6967,8879,Lila Gole,11,F,False
6968,8880,Dev Chad,24,M,False
6969,8881,Naveen Sem,34,F,False
6970,8885,Tripti Mitra,48,M,False
6971,8887,Gunbir Ganesh,74,F,False
6972,8887,Qarin Dora,73,F,False
6973,8888,Urmi Mittal,18,M,False
6974,8888,Indira Bajwa,10,M,False
6975,8889,Ekavir Banerjee,16,M,False
6976,8896,Ryan Kalla,26,M,False
6977,8897,Nirja Jani,14,F,False
6978,8898,Jagvi Gade,40,F,False
6979,8900,Urmi Sarkar,20,F,False
6980,8901,Samuel Murty,56,F,False
6981,8902,Lakshit Badal,7,M,False
6982,8902,Ekiya Yogi,23,F,False
6983,8903,Omkaar Tank,15,F,False
6984,8904,Deepa Chahal,26,M,False
6985,8906,Ishaan Sheth,30,F,False
6986,8907,Chanakya Bhatti,33,F,False
6987,8908,Samaksh Yohannan,39,F,False
6988,8909,Ishani Gokhale,29,F,False
6989,8911,Vansha Kaul,49,M,False
6990,8912,Manthan Chaudhary,25,F,False
6991,8912,Damyanti Ganguly,34,M,False
6992,8914,Eshana Bhatia,17,M,False
6993,8917,Sudiksha Khanna,50,F,False
6994,8918,Max Brar,71,M,False
6995,8921,Chasmum Shere,27,T,False
6996,8921,Rajeshri Tank,16,M,False
6997,8922,Vritti Subramaniam,70,F,False
6998,8928,Yamini Sibal,67,M,False
6999,8928,Xiti Mahal,19,F,False
7000,8929,Dhruv Kade,26,F,False
7001,8930,Radha Krish,55,M,False
7002,8934,Veer Pillay,43,F,False
7003,8935,Balveer Deshmukh,35,F,False
7004,8936,Azad Soni,6,F,False
7005,8937,Manan Barad,7,M,False
7006,8937,Qarin Sanghvi,14,F,False
7007,8938,Baghyawati Manda,32,F,False
7008,8939,Pavani Barad,34,F,False
7009,8939,Chandran Samra,80,M,False
7010,8942,Arjun Suri,17,F,False
7011,8943,Kashvi Ramachandran,79,F,False
7012,8944,Udant Soman,15,M,False
7013,8945,Jonathan Gala,5,F,False
7014,8946,Veda Menon,30,F,False
7015,8947,Ikbal Varty,47,M,False
7016,8948,Falguni Loyal,44,T,False
7017,8949,Dalbir Tank,59,F,False
7018,8949,Yashvi Hayer,47,F,False
7019,8951,Thomas Dayal,14,M,False
7020,8952,Gunbir Edwin,57,F,False
7021,8953,Yashica Talwar,67,F,False
7022,8955,Gavin Chakraborty,36,F,False
7023,8956,Amaira Nanda,33,F,False
7024,8957,Nirja Puri,28,M,False
7025,8958,Hamsini Tiwari,42,F,False
7026,8959,Jhalak Kota,66,M,False
7027,8960,Kamala Edwin,33,M,False
7028,8961,Vritti Chaudhari,60,F,False
7029,8964,Widisha Majumdar,7,F,False
7030,8965,Upasna Ramakrishnan,50,F,False
7031,8967,Lajita Bhatti,41,F,False
7032,8968,Kala Misra,26,M,False
7033,8969,Chakradev Nagarajan,7,F,False
7034,8970,Januja Patil,32,F,False
7035,8970,Vrishti Pai,34,F,False
7036,8971,Tanvi Narang,25,M,False
7037,8972,Chaitaly Chandra,48,F,False
7038,8974,Reva Nayak,60,F,False
7039,8976,Manya Raghavan,7,F,False
7040,8977,Yasti Kade,66,F,False
7041,8978,Meera Pandey,76,F,False
7042,8979,Veda Cherian,23,M,False
7043,8980,Bakhshi Sani,12,F,False
7044,8981,Ekansh Baria,76,M,False
7045,8982,Eiravati Deshpande,16,F,False
7046,8983,Samesh Sharma,14,M,False
7047,8984,Abdul Mane,9,F,False
7048,8986,William Bandi,44,M,False
7049,8988,Balhaar Ahuja,80,M,False
7050,8989,Leela Shetty,33,M,False
7051,8992,Qushi Bumb,50,F,False
7052,8993,Jalsa Bhasin,58,M,False
7053,8994,Gaurika Chhabra,68,F,False
7054,8994,Sneha Dhar,53,M,False
7055,8995,Oeshi Dubey,79,M,False
7056,8996,Diya Dixit,6,F,False
7057,8996,Kavya Buch,17,M,False
7058,8998,Hemani Ratti,11,M,False
7059,9001,Alka Zachariah,39,M,False
7060,9001,Onkar Korpal,56,T,False
7061,9002,Hema Ramachandran,70,M,False
7062,9004,Niharika Sampath,52,M,False
7063,9005,Idika Jani,5,F,False
7064,9005,Gautam Rama,59,F,False
7065,9006,Ishanvi Loyal,58,F,False
7066,9006,Yagnesh Rama,38,F,False
7067,9009,Yagnesh Ghose,23,F,False
7068,9010,Anya Parekh,72,F,False
7069,9013,Ojasvi Sharma,66,M,False
7070,9013,Vasana Tara,65,F,True
7071,9014,Vrishti Sandhu,30,F,False
7072,9015,Netra Datta,72,M,False
7073,9016,Advik Prasad,36,M,False
7074,9016,Jasmit Sahota,10,M,False
7075,9017,Ria Iyengar,16,M,False
7076,9018,Yochana Sibal,29,F,False
7077,9018,Onkar Kohli,12,F,False
7078,9019,Omkaar Mander,45,F,False
7079,9020,Ranveer Hari,57,F,False
7080,9022,Champak Bedi,9,F,False
7081,9023,Janya Basu,37,F,False
7082,9025,Ayaan Datta,6,M,False
7083,9028,David Rege,45,F,False
7084,9028,Advik Setty,5,F,False
7085,9030,David Shan,19,M,False
7086,9031,Zilmil Lall,79,F,False
7087,9031,Victor Srinivasan,55,F,False
7088,9032,Yagnesh Puri,27,F,False
7089,9033,Nikita Kumar,38,F,False
7090,9034,Peter Taneja,45,T,False
7091,9035,Geetika Hora,37,F,False
7092,9035,Aarini Garg,68,M,True
7093,9036,Balendra Chauhan,26,F,False
7094,9037,Samuel Chandra,65,F,False
7095,9039,Logan Sankaran,44,F,False
7096,9039,Deepa Chadha,43,F,False
7097,9040,Irya Goda,17,F,False
7098,9041,Pratyush Varma,65,T,False
7099,9041,Fariq Tandon,29,M,False
7100,9044,Neel Ravel,73,M,False
7101,9045,Janaki Dass,13,M,False
7102,9046,Warjas Kata,10,F,False
7103,9046,Ayush Khatri,30,F,False
7104,9047,Gabriel Wadhwa,31,T,False
7105,9049,Omkaar Pant,6,M,False
7106,9051,Theodore Morar,17,M,False
7107,9052,Oviya Dewan,24,M,False
7108,9053,Ekapad Yogi,75,M,False
7109,9053,Shivansh Savant,16,M,False
7110,9056,Inaya Kalla,11,F,False
7111,9056,Ishita Shere,41,M,False
7112,9057,Ekansh Pandya,62,F,False
7113,9058,Xiti Mammen,55,F,False
7114,9059,Urvi Nair,18,M,False
7115,9059,Udyati Natt,8,M,False
7116,9060,Omya Contractor,42,M,False
7117,9061,Sara Kanda,21,F,False
7118,9063,Urvashi Tata,77,F,False
7119,9063,Nathaniel Goel,38,M,False
7120,9064,Ranbir Brar,67,F,False
7121,9065,Harita Memon,56,M,False
7122,9068,Advik Reddy,12,M,False
7123,9068,Ethan Garg,27,F,False
7124,9069,Harsh Tailor,75,F,False
7125,9070,Pahal Contractor,27,M,False
7126,9070,Jack Lalla,14,M,False
7127,9074,Netra Dave,57,M,False
7128,9074,Hamsini Kala,19,F,False
7129,9075,Jeevika Kashyap,51,F,False
7130,9076,Charles Hayre,55,F,False
7131,9079,Finn Mody,31,M,False
7132,9080,Advay Behl,80,F,False
7133,9080,Dev Narayan,40,M,False
7134,9081,Nidhi Bakshi,8,M,False
7135,9084,Jeevika Sarraf,71,F,False
7136,9085,Tanay Tella,5,M,False
7137,9087,Gunbir Kala,24,M,False
7138,9087,Neha Shere,50,M,False
7139,9088,Janaki Saxena,40,M,False
7140,9089,Adweta Venkatesh,32,M,False
7141,9092,Lipika Dhar,18,F,False
7142,9093,Qasim Gandhi,73,M,False
7143,9094,Gaurika Banerjee,17,M,False
7144,9096,Radha Sachdeva,61,F,False
7145,9099,Kamya Bala,13,M,False
7146,9099,Omaja Iyengar,35,M,False
7147,9100,Dhriti Ravel,43,F,False
7148,9100,Ronith Kala,77,F,False
7149,9102,Bahadurjit Bhandari,40,F,False
7150,9103,Lila Bawa,30,F,False
7151,9105,Ethan Saraf,52,F,False
7152,9105,Qadim Lall,54,F,False
7153,9106,Ladli Khatri,45,M,False
7154,9108,Gaurika Sengupta,12,F,False
7155,9110,Yug Bala,79,F,False
7156,9111,Meera Oza,17,F,False
7157,9114,Falak Vohra,6,F,False
7158,9114,Yashasvi Gokhale,50,M,False
7159,9116,Yashasvi Ranganathan,42,F,False
7160,9116,Alka Shah,71,M,False
7161,9117,Champak Chahal,28,M,True
7162,9118,Bhavna Seshadri,9,M,False
7163,9118,Omkaar Gaba,39,M,False
7164,9122,Falguni Sachdev,15,M,False
7165,9123,Vrinda Malhotra,14,M,False
7166,9124,Yagnesh Mittal,70,M,False
7167,9124,Gabriel Naik,38,M,False
7168,9128,Ikbal Halder,21,F,False
7169,9129,Yachana Basak,9,F,False
7170,9130,Saumya Saran,15,M,False
7171,9130,Nikita Shah,73,M,False
7172,9131,Faris Khanna,35,F,False
7173,9134,Girik Saraf,34,F,False
7174,9134,Guneet Mani,68,F,False
7175,9135,Manbir Sood,76,M,False
7176,9136,Karan Pingle,9,M,False
7177,9139,Rushil Nazareth,78,F,False
7178,9141,Rachit Patel,40,F,False
7179,9142,Pratyush Kota,31,F,False
7180,9143,Avni Tandon,52,F,False
7181,9143,Rushil Warrior,23,M,False
7182,9145,Omaja Cheema,78,F,False
7183,9146,Siya Balay,48,F,False
7184,9147,Vedant Rama,10,F,False
7185,9148,Mekhala Sampath,59,M,False
7186,9149,Ria Jha,62,F,False
7187,9150,Kiaan Mall,56,F,False
7188,9152,Nisha Sandal,59,M,False
7189,9152,Nimrat Baral,48,F,False
7190,9153,Bhavna Shah,17,M,False
7191,9154,Darpan Datta,50,F,False
7192,9155,Timothy Parmar,70,M,False
7193,9157,Aadi Prabhakar,67,M,False
7194,9157,Vihaan Deol,68,F,False
7195,9158,Jyoti Sura,41,M,False
7196,9159,Mitesh Kale,41,F,False
7197,9160,Vritti Anne,47,M,False
7198,9161,Ikshita Raju,40,M,False
7199,9163,Inaya Venkatesh,39,M,False
7200,9165,Anya Rana,76,F,False
7201,9165,Bimala Dara,51,F,False
7202,9166,Praneel Pai,69,M,False
7203,9166,Rehaan Pant,64,F,False
7204,9167,Girish Uppal,9,M,False
7205,9168,Aahana Karnik,11,F,False
7206,9168,Umang Purohit,47,M,False
7207,9170,Brinda Raj,14,F,False
7208,9172,Yatan Khatri,64,F,False
7209,9172,Nakul Thakur,31,F,False
7210,9174,Garima Sarkar,21,M,False
7211,9175,Nachiket Parsa,79,M,False
7212,9176,Sneha Wali,71,F,False
7213,9178,Lipika Shan,8,M,False
7214,9180,Qarin Sethi,69,M,False
7215,9186,Maanav Mittal,20,M,False
7216,9187,Anthony Korpal,80,M,False
7217,9188,Balvan Om,41,F,False
7218,9189,Janaki Raja,72,F,False
7219,9191,Isaac Ravi,22,M,False
7220,9192,Chandani Garg,78,F,False
7221,9193,Janani Bahri,64,F,False
7222,9195,Siddharth Goda,40,F,False
7223,9196,Upasna Gandhi,65,F,False
7224,9197,Jatin Buch,48,F,False
7225,9197,Tanveer Chaudry,48,F,False
7226,9198,Yagnesh Chada,72,M,False
7227,9199,Abdul Apte,67,M,False
7228,9201,Shravya Goswami,16,M,False
7229,9202,Netra Sachar,31,F,False
7230,9203,Wazir Mallick,78,F,False
7231,9204,Parth Rajan,12,M,False
7232,9207,Keya Swaminathan,23,F,False
7233,9209,Azad Tandon,37,M,False
7234,9210,Tanish Kale,64,F,False
7235,9211,Ridhi Pandey,16,M,False
7236,9214,Ati Bera,33,F,False
7237,9215,Orinder Sastry,12,M,False
7238,9216,Mohini Mahal,5,M,False
7239,9216,Dayita Bains,29,M,False
7240,9217,Chaitaly Pal,23,M,False
7241,9218,Raksha Kakar,58,F,False
7242,9219,Rehaan Kanda,23,F,False
7243,9219,Yasti Suri,9,F,False
7244,9223,Saksham Bassi,72,F,False
7245,9225,Aahana Kaur,67,F,False
7246,9226,Gautami Kunda,43,M,False
7247,9227,Anamika Saha,28,M,False
7248,9228,Ikshita Ratti,64,M,False
7249,9229,Kala Nigam,75,F,False
7250,9230,Amol Randhawa,26,M,False
7251,9231,Azad De,13,M,False
7252,9234,Dalbir Sura,25,M,False
7253,9234,Sai Sharma,15,M,False
7254,9237,Ethan Nigam,61,M,False
7255,9238,Deepa Tailor,77,F,False
7256,9245,Samesh Sengupta,53,F,False
7257,9246,Yashodhara Bahl,21,M,False
7258,9247,Girik Kapadia,50,F,False
7259,9248,Janaki Rana,45,M,False
7260,9249,Hemani Barad,68,M,False
7261,9249,Hemal Sethi,29,M,False
7262,9251,Gaurav Roy,16,M,False
7263,9252,Manan Chauhan,16,M,False
7264,9254,Krishna Mukhopadhyay,44,F,False
7265,9255,Rajeshri Nayar,61,M,False
7266,9256,Isaiah Sheth,51,M,False
7267,9256,Harini Krishnan,55,F,False
7268,9257,Pavani Pal,11,F,False
7269,9258,Chanakya Wason,72,F,False
7270,9258,Farhan Bora,30,M,False
7271,9259,Dakshesh Ratti,69,F,False
7272,9260,Atharv Srinivasan,9,M,False
7273,9261,Sara Wagle,54,M,False
7274,9262,Wriddhish Suri,8,M,False
7275,9264,Girik Sibal,72,M,False
7276,9266,Nachiket Contractor,49,F,False
7277,9267,Lopa Nayar,30,M,False
7278,9269,Ranveer Bose,68,F,False
7279,9270,Owen Char,39,M,False
7280,9272,Fitan Khosla,63,M,False
7281,9273,Ayaan Nigam,79,M,False
7282,9273,Yash Kadakia,9,F,False
7283,9274,Anamika Verma,28,M,False
7284,9275,Yashawini Kari,12,F,False
7285,9276,Eta Sen,7,F,False
7286,9279,Raksha Khatri,62,M,False
7287,9280,Triya Hayer,22,F,False
7288,9281,Vasana Kamdar,10,F,False
7289,9285,Ayush Deep,56,M,False
7290,9285,Dalbir Salvi,60,F,False
7291,9287,Zarna Oak,50,M,False
7292,9288,Jyoti Sarin,25,M,False
7293,9289,Dhruv Varghese,15,F,False
7294,9290,Tamanna Mammen,39,F,False
7295,9291,Nathan Char,49,F,False
7296,9292,Luke Oommen,65,F,False
7297,9292,Patrick Golla,20,M,False
7298,9294,Manya Luthra,14,M,False
7299,9294,Vinaya Bava,47,F,False
7300,9296,Frado Bhalla,42,M,False
7301,9298,Forum Kashyap,53,F,False
7302,9298,Gabriel Sampath,66,M,False
7303,9299,Gaurangi Pall,46,F,False
7304,9300,Champak Jhaveri,62,F,False
7305,9302,Aryan Iyer,52,F,False
7306,9303,Ekani Solanki,59,M,False
7307,9304,Bhavini Contractor,6,M,False
7308,9304,Chaaya Bajwa,47,M,False
7309,9305,Abdul Mangal,61,M,False
7310,9306,Krisha Khosla,46,M,False
7311,9306,Liam Ramesh,66,M,False
7312,9308,Qadim Pal,9,F,False
7313,9311,Timothy Chowdhury,24,F,False
7314,9312,Nihal Talwar,13,M,False
7315,9313,Thomas Nath,80,M,False
7316,9314,Matthew Thakur,9,F,False
7317,9314,Nirja Murty,50,M,False
7318,9315,Neel Kalla,80,M,False
7319,9317,Shivansh Panchal,16,F,False
7320,9319,Omya Saini,70,M,False
7321,9320,Ekapad Bhatti,9,T,False
7322,9322,Nitesh Butala,57,M,False
7323,9323,Sneha Deep,42,M,False
7324,9324,Oliver Bali,32,M,False
7325,9325,Januja Lad,54,F,False
7326,9325,Umang Bhandari,52,M,False
7327,9327,Ishani Dass,74,F,False
7328,9328,Tanay Kata,64,F,False
7329,9330,Edhitha Bhasin,17,M,False
7330,9331,Urvashi Dora,67,M,False
7331,9332,Meghana Gala,37,F,False
7332,9333,Priya Korpal,52,F,False
7333,9333,Ishanvi Manda,8,F,False
7334,9334,Jagrati Hora,62,M,False
7335,9336,Vidhi Pathak,70,F,False
7336,9337,Manan Chahal,38,M,False
7337,9337,Aryan Johal,78,M,False
7338,9338,Bachittar Thakkar,39,F,False
7339,9341,Ethan Balay,21,M,False
7340,9347,Daksha Vohra,41,F,False
7341,9349,Girindra Loke,57,M,False
7342,9349,Damyanti Chaudry,70,M,False
7343,9350,Peter Kala,39,F,False
7344,9354,Bahadurjit Master,41,F,False
7345,9355,Nirja Tailor,59,M,False
7346,9355,Adya Kara,46,F,False
7347,9356,Chatresh Wable,42,F,False
7348,9358,Dhruv Nagy,42,M,False
7349,9359,Hemal Balan,41,M,False
7350,9360,Viraj Gulati,76,F,False
7351,9364,Anmol Balay,31,F,False
7352,9366,Omya Bajaj,52,F,False
7353,9368,Ranbir Kurian,63,M,False
7354,9369,Sanaya Ghosh,36,M,False
7355,9370,Jagvi Patel,59,F,False
7356,9371,Lajita Pant,63,F,False
7357,9372,Aayush Barman,66,M,False
7358,9373,Gauri Prabhakar,25,M,False
7359,9373,Falak Sampath,41,F,False
7360,9374,Kiaan Basu,16,F,False
7361,9375,Vasana Agarwal,73,F,False
7362,9376,Kalpit Nagarajan,56,F,False
7363,9377,Idika Varty,23,F,False
7364,9377,Ranbir Bandi,44,F,False
7365,9378,Samarth Bakshi,46,F,False
7366,9379,Janaki Kata,77,F,False
7367,9381,Unnati Buch,69,F,False
7368,9381,Wishi Chawla,23,F,False
7369,9382,Gagan Parsa,38,M,False
7370,9384,Yuvraj Dube,35,F,False
7371,9385,Amol Om,39,M,False
7372,9386,Urmi Sabharwal,53,M,False
7373,9387,Aarav Verma,49,M,False
7374,9388,Neelima Seshadri,73,M,False
7375,9390,Patrick Kota,21,F,False
7376,9393,Ayaan Choudhary,24,F,False
7377,9396,Darsh Naidu,26,M,False
7378,9396,Lakshmi Chatterjee,66,F,False
7379,9397,Yadavi Nigam,10,M,False
7380,9399,Dakshesh Dey,26,F,False
7381,9400,Shivansh Gokhale,76,F,False
7382,9400,Sarthak Madan,68,F,False
7383,9401,Zinal Bail,35,M,False
7384,9402,Arya Sura,10,F,False
7385,9402,Warjas Khanna,51,F,False
7386,9403,Lipika Kala,10,M,False
7387,9405,Chakrika Mammen,58,M,False
7388,9406,Wyatt Mani,17,M,False
7389,9410,Aarini Gandhi,47,M,False
7390,9412,Pallavi Doctor,40,F,False
7391,9413,Aradhana Mody,42,F,False
7392,9413,Vivaan Sarin,28,M,False
7393,9415,Ranveer Hegde,28,M,False
7394,9415,Dipta Talwar,17,M,False
7395,9417,Anirudh Pal,65,M,False
7396,9418,Jeevika Hari,41,F,False
7397,9419,Manan Atwal,48,F,False
7398,9420,Ubika Jhaveri,67,F,False
7399,9422,Arin Ranganathan,66,M,False
7400,9423,Pranav Wason,16,M,False
7401,9425,Ekaraj Patla,43,F,False
7402,9425,Anusha Narayan,14,M,False
7403,9427,Vansha Jani,15,F,False
7404,9428,Aashi Barad,68,F,False
7405,9429,Bahadurjit Prakash,79,F,False
7406,9429,Imaran Bera,66,T,False
7407,9430,Lakshmi Sami,77,F,False
7408,9431,Sarthak Pillai,65,T,False
7409,9432,Amol Varghese,40,F,False
7410,9433,Charan Nagar,50,F,False
7411,9434,Aadhya Ratti,24,M,False
7412,9436,Bhavini Borah,5,M,False
7413,9436,Wazir Bhatnagar,20,F,False
7414,9437,Ranbir Kalla,31,M,False
7415,9438,Manan Nagy,26,F,False
7416,9441,Advaith Goel,32,F,False
7417,9442,Oviya Sabharwal,30,M,False
7418,9443,Ikshita Hari,76,F,False
7419,9443,Wridesh Zachariah,38,F,False
7420,9445,Alka Raval,26,F,False
7421,9446,Raagini Swamy,11,F,False
7422,9447,Ekanta Bandi,71,F,False
7423,9448,Hritik Shetty,26,F,False
7424,9449,Amruta Aurora,60,M,False
7425,9449,Fitan Sami,55,F,False
7426,9452,Quincy Patel,7,M,False
7427,9452,Upasna Sachar,50,M,False
7428,9454,Vidhi Kade,23,F,False
7429,9458,Watika Gokhale,21,F,False
7430,9458,Darika Uppal,24,M,False
7431,9459,Viraj Chahal,19,M,False
7432,9460,Omkaar Zachariah,27,F,False
7433,9461,Samarth Loke,55,F,False
7434,9462,Bhavna Ghose,6,F,False
7435,9462,Inaya Balay,35,M,False
7436,9463,Andrew Parmer,25,F,False
7437,9465,Devansh Hayre,29,F,False
7438,9465,Aarush Sarna,36,F,False
7439,9466,Yash Kumer,37,M,False
7440,9467,Isaiah Sahota,57,F,False
7441,9468,Megha Balasubramanian,78,F,False
7442,9468,Bimala Wason,39,F,False
7443,9470,Wyatt Mann,69,M,False
7444,9470,Barkha Majumdar,72,F,False
7445,9471,Neel Hari,43,F,False
7446,9472,Aradhana Prashad,38,M,False
7447,9473,Chaaya Gera,43,F,False
7448,9473,Eshana Keer,59,F,False
7449,9476,Krisha Gole,6,F,False
7450,9477,Dakshesh Prabhakar,58,M,False
7451,9478,Ekavir Misra,55,M,False
7452,9480,Yuvraj Nagar,65,F,False
7453,9481,Shivani Mohanty,44,F,False
7454,9482,Yoshita Andra,76,F,False
7455,9482,Zaid Bhatti,49,M,False
7456,9483,Azad Kade,57,F,False
7457,9486,Qadim Devan,44,M,False
7458,9486,Indira Koshy,75,M,False
7459,9489,Daniel Rattan,10,T,False
7460,9490,Guneet Chopra,43,M,False
7461,9490,Idika Issac,25,F,False
7462,9491,Kabir Sangha,45,M,False
7463,9498,Vasudha Radhakrishnan,39,F,False
7464,9499,Irya Kale,35,M,False
7465,9501,Vanya Golla,66,M,False
7466,9502,Janaki Som,65,M,False
7467,9505,Suhani Balay,40,M,False
7468,9506,Amaira Lata,26,F,False
7469,9507,Arjun Edwin,44,M,False
7470,9509,Jack Buch,65,M,False
7471,9511,Leela Chandra,27,M,False
7472,9512,Inaya Deol,63,M,False
7473,9513,Sneha Kale,78,F,False
7474,9513,Ekantika Bose,6,M,False
7475,9515,Aayush Magar,48,F,False
7476,9517,Jairaj Koshy,10,F,False
7477,9519,Gaurav Kothari,7,M,False
7478,9521,Charan Dube,68,M,False
7479,9522,Tanvi Srivastava,23,M,False
7480,9524,Janya Sangha,64,F,False
7481,9526,Urvi Bahl,31,F,False
7482,9529,Daksh Saran,75,M,False
7483,9529,Pooja Chatterjee,33,M,False
7484,9530,Yochana Dar,64,M,False
7485,9531,Zaid Butala,42,F,False
7486,9532,Charles Brahmbhatt,9,M,False
7487,9533,Chaaya D’Alia,38,F,False
7488,9533,Nikita Thakkar,54,M,False
7489,9534,Falak Ahluwalia,73,M,False
7490,9534,Gabriel Maharaj,13,F,False
7491,9536,Wridesh Dhillon,31,F,False
7492,9537,Krishna Sachdev,6,F,False
7493,9541,Mugdha Wadhwa,14,F,False
7494,9542,Ayushman Vasa,50,M,False
7495,9543,Arya Ganesh,78,M,False
7496,9544,Jatin Ratti,65,M,False
7497,9545,Reva Das,77,M,False
7498,9545,Omkaar Bajaj,58,M,False
7499,9546,Agastya Raman,36,F,False
7500,9546,Arin Chaudhuri,54,T,False
7501,9547,Sai Narasimhan,9,F,False
7502,9548,Amrita Dugal,10,M,False
7503,9549,Joshua Chatterjee,40,M,False
7504,9550,Naksh Master,30,F,False
7505,9550,Indali Soman,38,F,False
7506,9553,Chatresh Karpe,76,M,False
7507,9554,Nirja Chanda,65,M,False
7508,9554,Falan Sarma,41,M,False
7509,9555,Mohammed Kothari,73,M,False
7510,9555,Nitesh Kibe,14,F,False
7511,9556,Patrick Kadakia,24,F,False
7512,9557,Quincy Gade,62,F,False
7513,9557,Jonathan Yohannan,40,M,False
7514,9558,Utkarsh Dasgupta,77,M,False
7515,9560,Rajata Bhatt,79,F,False
7516,9561,Qarin Boase,10,F,False
7517,9562,Ganga Narayan,20,F,False
7518,9564,Jagat Nori,55,M,False
7519,9565,Gauri Sibal,66,M,False
7520,9566,Waida Dash,17,M,False
7521,9566,Balhaar Keer,50,F,False
7522,9567,Shravya Manne,53,M,False
7523,9567,Libni Prasad,9,F,False
7524,9568,Qasim Char,52,F,False
7525,9569,Pallavi Varty,77,F,False
7526,9570,Aashi Yogi,50,F,False
7527,9572,Ojas Chander,21,F,False
7528,9574,Pahal Kade,29,F,False
7529,9575,Ekalinga Konda,53,M,False
7530,9576,Andrew Bath,48,F,False
7531,9577,Kamala Pingle,25,M,False
7532,9578,Hiral Goda,54,M,False
7533,9579,Vasana Rout,62,M,False
7534,9579,Lila Mody,6,F,False
7535,9582,Dhruv Wason,9,M,False
7536,9585,Jack Shukla,42,M,False
7537,9586,Atharv Tata,36,M,False
7538,9587,Faras Chakraborty,68,F,False
7539,9588,Ishani Halder,46,M,False
7540,9588,Tara Narain,50,F,False
7541,9589,Harsh Ghosh,15,F,False
7542,9591,Varenya Suresh,30,M,False
7543,9594,Udant Chander,32,F,False
7544,9598,Baljiwan Bala,22,F,False
7545,9598,Ekapad Amble,56,F,False
7546,9601,Krisha Maharaj,48,F,False
7547,9602,Nilima Goyal,77,M,False
7548,9603,Oni Acharya,22,F,False
7549,9605,Maanav Reddy,67,F,False
7550,9606,Saumya Dash,50,F,False
7551,9607,Chaitanya Dua,80,M,False
7552,9607,Gavin Gole,22,M,False
7553,9608,Aryan Palla,57,M,False
7554,9611,Chavvi Balay,42,F,False
7555,9611,Urvi Savant,64,F,False
7556,9612,Meera Suri,70,F,False
7557,9613,Jeremiah Raghavan,39,F,False
7558,9614,Jonathan Barman,62,M,False
7559,9614,Ekaja Sathe,64,F,False
7560,9615,Deepa Chaudhari,51,F,False
7561,9615,Waida Deshpande,14,M,False
7562,9616,Kashish Agate,52,M,False
7563,9617,Pooja Subramanian,16,T,False
7564,9618,Jacob Guha,62,M,False
7565,9618,Eta Bedi,68,F,False
7566,9620,Omaja Halder,67,M,False
7567,9620,Damyanti Tella,7,F,False
7568,9621,Pratyush Choudhury,60,F,False
7569,9624,Tarak Aggarwal,79,M,False
7570,9627,Zehaan Hayre,12,F,False
7571,9628,Ronith Tripathi,58,F,False
7572,9630,Christopher Ahluwalia,26,F,False
7573,9630,Kritika Chokshi,34,M,False
7574,9632,Amrita Pandya,16,F,False
7575,9633,Ladli Mallick,79,F,False
7576,9633,Aahana Korpal,37,F,False
7577,9634,Harsh Luthra,41,M,False
7578,9635,Wishi Hayre,5,F,False
7579,9635,Raghav Devi,66,M,False
7580,9637,Gunbir Wable,15,F,False
7581,9640,Ekansh Krishnamurthy,10,F,False
7582,9642,Reva Mukhopadhyay,17,F,False
7583,9642,Yachana Ramanathan,31,M,False
7584,9644,Ayaan Puri,42,F,False
7585,9645,Zayyan Srinivasan,48,M,False
7586,9645,Vansha Ray,47,F,False
7587,9647,Hemangini Parmer,60,M,False
7588,9647,Andrew Shanker,5,T,False
7589,9648,Robert Sarkar,48,F,False
7590,9648,Naksh Pant,22,F,False
7591,9649,Aarna Batra,27,F,False
7592,9651,Rayaan Tripathi,55,F,False
7593,9652,Harita Bhargava,57,F,False
7594,9655,Balendra Rama,73,M,False
7595,9655,Vritti Yogi,12,M,False
7596,9657,Chaman Som,52,F,False
7597,9658,Mitesh Dayal,7,M,False
7598,9660,Karan Hari,61,F,False
7599,9662,Joshua Shan,71,F,False
7600,9663,Urmi Ganguly,53,M,False
7601,9664,Harinakshi Nayak,77,M,False
7602,9665,Logan Palla,6,F,False
7603,9666,Gabriel Bhakta,20,M,False
7604,9668,Qarin Kade,14,F,False
7605,9669,Chaaya Grewal,57,F,False
7606,9669,Jai Sarna,47,M,False
7607,9670,Chakrika Kulkarni,63,M,False
7608,9671,Bishakha Kumer,47,F,False
7609,9672,Oeshi Prasad,22,M,False
7610,9673,Kamala Murthy,67,F,False
7611,9675,Faras Korpal,62,F,False
7612,9675,Kashvi Hari,12,F,False
7613,9676,Quincy Gupta,44,M,False
7614,9676,Robert Kurian,20,T,False
7615,9679,Nathaniel Solanki,31,F,False
7616,9680,Falak Batta,51,F,False
7617,9680,Nandini Bhalla,77,M,False
7618,9682,Zaitra Goda,6,F,False
7619,9682,Gabriel Wagle,44,F,False
7620,9683,Zilmil Banerjee,79,F,False
7621,9683,Aayush Subramanian,53,M,False
7622,9686,Vanya Devi,77,M,False
7623,9686,Jai Ratti,67,F,False
7624,9687,Megha Bawa,39,F,False
7625,9689,Jyoti Shan,59,F,False
7626,9690,Maya Sathe,33,M,False
7627,9690,Nikita Lanka,39,M,False
7628,9692,Unnati Rajan,73,F,False
7629,9692,Vrinda Pandya,71,M,False
7630,9694,Falan Sani,66,M,False
7631,9695,Kritika Sabharwal,25,F,False
7632,9696,Dayita Andra,6,F,False
7633,9697,Chaaya Patla,71,M,False
7634,9698,Gaurang Chawla,65,F,False
7635,9699,Lajita Nayar,48,M,False
7636,9699,Rachita Dyal,51,M,False
7637,9700,Alexander Vyas,16,F,False
7638,9702,Frado Arora,22,F,False
7639,9703,Jatin Bajwa,14,M,False
7640,9704,Chandran Chakraborty,17,F,False
7641,9705,Omya Singh,24,F,False
7642,9706,Bachittar Chopra,54,F,False
7643,9707,Saumya Buch,12,M,False
7644,9708,Guneet Misra,64,F,False
7645,9709,Arya Amble,19,T,False
7646,9710,Anvi Mistry,13,M,False
7647,9710,Radha Bandi,35,F,False
7648,9711,Bhavna Zacharia,49,F,False
7649,9712,Rajata Kota,40,F,False
7650,9713,Manbir Gera,49,F,False
7651,9714,Tamanna Kant,11,M,False
7652,9715,Indrajit Gokhale,52,F,False
7653,9717,Tara Sampath,43,F,False
7654,9719,Eshana Zacharia,28,M,False
7655,9721,Ridhi Ganesan,19,M,False
7656,9721,Vasudha Dhar,28,M,False
7657,9723,Luke Sehgal,45,M,False
7658,9724,Ishaan Subramanian,60,F,False
7659,9725,Girik Dash,9,F,False
7660,9727,Vivaan Rastogi,77,M,False
7661,9728,Manthan Yadav,10,M,False
7662,9728,Orinder Sachdeva,8,F,False
7663,9730,Mitesh Rajan,14,F,False
7664,9731,Tanay Morar,41,F,False
7665,9733,Jason Karnik,79,F,False
7666,9734,Girik Hayre,19,F,False
7667,9736,Devansh Sekhon,60,F,False
7668,9736,Andrew Chauhan,55,M,False
7669,9737,Caleb Sanghvi,59,F,False
7670,9740,Veer Patla,17,M,False
7671,9741,Shivansh Dara,15,F,False
7672,9742,Bhavya Bala,56,M,False
7673,9743,Falguni Babu,42,F,False
7674,9746,Mason Om,10,F,False
7675,9748,Qarin Narula,74,M,False
7676,9749,Farhan Bhatia,69,M,False
7677,9750,Guneet Mody,80,M,False
7678,9751,Zinal Arya,74,F,False
7679,9751,Gauri Walia,59,F,False
7680,9753,Bishakha Wali,35,F,False
7681,9753,Yasti Thaker,31,F,False
7682,9754,Krishna Bumb,30,M,False
7683,9755,Ishaan Varty,27,M,False
7684,9756,Nirja Nagar,8,F,False
7685,9757,Indali Chawla,48,F,False
7686,9757,Indrajit Buch,56,M,False
7687,9758,Arunima Doctor,52,F,False
7688,9759,Neelima Sachdeva,66,F,False
7689,9760,Aryan Sule,34,F,False
7690,9761,Zaid Hayre,55,M,False
7691,9764,Wridesh Shah,78,M,False
7692,9766,Rudra Apte,7,F,False
7693,9768,Sai Walla,63,M,False
7694,9770,Abhimanyu Tak,70,M,False
7695,9771,Tanay Hegde,37,M,False
7696,9773,Maanas Ganguly,51,M,False
7697,9774,Fiyaz Loyal,71,F,False
7698,9775,Priya Bath,45,M,False
7699,9776,Raagini Dasgupta,21,F,False
7700,9777,Riya Rao,45,M,False
7701,9781,Abhiram Kala,16,F,False
7702,9782,Yashodhara Sachar,42,M,False
7703,9783,Chasmum Bhalla,6,F,False
7704,9783,Nitesh Ramesh,68,F,False
7705,9784,Wyatt Varty,21,M,False
7706,9785,Ekanta Walla,34,F,False
7707,9786,Vedant Devi,72,F,False
7708,9787,Ati Brahmbhatt,33,M,False
7709,9788,Jairaj Dixit,72,F,True
7710,9789,Abha Bhargava,21,M,True
7711,9790,Gautami Sunder,43,F,False
7712,9791,Vedant Suresh,68,M,False
7713,9792,Nidra Atwal,63,M,False
7714,9793,Anamika Majumdar,25,F,False
7715,9794,Janani Talwar,44,M,False
7716,9795,Pranav Venkatesh,60,F,False
7717,9795,Ria Patla,11,F,False
7718,9796,Mugdha Sura,65,F,False
7719,9797,Tamanna Goda,68,M,False
7720,9797,Rayaan Pandey,51,F,False
7721,9798,Dipta Tella,62,F,False
7722,9799,Ridhi Bajwa,56,M,False
7723,9800,Vedhika Dube,64,F,False
7724,9801,Bhavika Sahni,25,M,True
7725,9802,Mason Vig,23,F,False
7726,9803,Chatura Devan,75,F,False
7727,9804,Nathan Purohit,47,F,False
7728,9806,Harita Sandhu,23,F,False
7729,9807,Kashvi Chaudhuri,57,M,False
7730,9808,Indrajit Goda,58,F,False
7731,9808,Yashodhara Chhabra,47,F,False
7732,9809,Chandani Das,64,M,False
7733,9810,Tanish Goyal,44,F,False
7734,9811,Fiyaz Kota,50,M,False
7735,9812,Ishwar Ramachandran,29,M,False
7736,9813,Ojas Khurana,72,M,False
7737,9814,Zansi Baral,75,F,False
7738,9815,Damini Chandra,60,F,False
7739,9816,Falan Bhavsar,32,F,False
7740,9817,Balhaar Kapur,6,M,False
7741,9819,Raghav Oza,10,M,False
7742,9820,Nathaniel Sengupta,26,F,False
7743,9823,Banjeet Chana,19,M,False
7744,9824,Watika Issac,58,F,False
7745,9825,Brinda Gole,80,F,False
7746,9826,Reyansh Grewal,73,F,False
7747,9827,Harish Bhasin,57,F,False
7748,9829,Henry Ramanathan,26,M,False
7749,9829,Ayushman Dhillon,53,M,False
7750,9830,Aarnav Chawla,40,M,False
7751,9831,Unni Thaman,63,F,False
7752,9833,Adweta Puri,68,F,False
7753,9834,Anjali Doshi,79,M,False
7754,9836,Wyatt Sane,31,F,False
7755,9837,Waida Purohit,14,F,False
7756,9839,Yutika Halder,28,M,False
7757,9840,Ayaan Garde,32,M,False
7758,9840,Chandani Banerjee,10,M,False
7759,9842,Zayyan Mandal,56,M,False
7760,9842,Yashawini Mangat,25,F,False
7761,9843,Tanay Chhabra,50,M,False
7762,9845,Yachana Memon,19,M,False
7763,9845,Wridesh Shenoy,66,F,False
7764,9847,Triya Hegde,18,M,False
7765,9848,Anamika Desai,59,F,False
7766,9848,Anmol Badami,64,F,False
7767,9849,Balhaar Upadhyay,71,F,False
7768,9850,Anjali Solanki,50,F,False
7769,9850,Libni Bail,43,F,False
7770,9855,Udant Dara,80,M,False
7771,9856,Theodore Chacko,15,F,False
7772,9856,Yashoda Natt,46,M,False
7773,9857,Yauvani Amble,33,F,False
7774,9858,Aadhya Tella,48,M,False
7775,9859,Parth Munshi,70,M,False
7776,9860,Vasudha Doshi,28,F,False
7777,9861,Bimala Apte,9,M,False
7778,9862,Faris Goel,10,F,True
7779,9863,Jeet Sant,49,F,False
7780,9865,Warjas Vohra,24,M,False
7781,9867,Yahvi Pal,51,M,False
7782,9869,Karan Ratta,38,M,False
7783,9870,Ishaan Mistry,28,F,False
7784,9871,Yashica Kale,41,M,False
7785,9872,Urmi Sawhney,10,F,False
7786,9873,Chandresh Kalla,76,M,False
7787,9874,Raksha Saxena,27,M,False
7788,9875,Aishani Srinivasan,78,M,False
7789,9875,Triveni Bedi,48,M,False
7790,9876,Kamya Rao,17,F,False
7791,9876,Oeshi Sahni,21,F,False
7792,9879,Daksha Amble,44,F,False
7793,9881,Ishwar Contractor,36,M,False
7794,9885,Sachi Khare,34,M,False
7795,9886,Michael Sami,7,F,False
7796,9887,Isha Badal,57,M,False
7797,9889,Laban Swamy,59,M,False
7798,9889,Kamala Deshpande,30,F,False
7799,9893,Vincent Date,77,F,False
7800,9894,Arya Prasad,26,M,False
7801,9894,Wriddhish Devi,76,F,False
7802,9896,Neel Nazareth,76,M,False
7803,9897,Lila Butala,7,F,False
7804,9898,Jalsa Bose,20,F,True
7805,9901,Urishilla Pradhan,29,M,False
7806,9903,Jagdish Vaidya,21,M,False
7807,9904,Panini Saraf,42,F,False
7808,9905,Aarnav Dhar,7,M,False
7809,9906,Ronith Anand,73,M,False
7810,9906,Champak Badami,6,F,False
7811,9908,Aadhya Gera,38,F,False
7812,9909,Neha Goyal,65,F,False
7813,9909,Geetika Khalsa,5,M,False
7814,9910,Gaurika De,71,M,False
7815,9910,Yoshita Gala,74,F,False
7816,9911,Ekansh Chakraborty,23,F,False
7817,9912,Umang Sarna,8,F,False
7818,9913,Manthan Sathe,48,M,False
7819,9913,Nidra Chaudhari,28,M,False
7820,9914,Waida Saraf,28,M,False
7821,9916,Lopa Pau,78,F,False
7822,9917,Anusha Karan,34,F,False
7823,9918,Kevin Varghese,76,M,False
7824,9920,Yug Ghosh,52,M,False
7825,9921,Yachana Kade,15,F,False
7826,9923,Barkha Sethi,45,M,False
7827,9924,Kevin Madan,19,M,False
7828,9926,Kamala Mani,54,M,False
7829,9927,Jason Divan,24,F,False
7830,9928,Peter Mangal,8,M,False
7831,9928,Wazir Koshy,8,F,False
7832,9929,Wakeeta Konda,8,F,False
7833,9930,Teerth Merchant,45,M,False
7834,9931,Shivani Swaminathan,50,F,False
7835,9934,Kala Arya,52,M,False
7836,9935,Darpan Butala,39,F,False
7837,9935,Vivaan Naik,25,M,False
7838,9936,Ijaya Shetty,41,F,False
7839,9937,Pooja Baral,28,F,False
7840,9937,Niharika Edwin,31,F,False
7841,9938,Nandini Dewan,80,M,False
7842,9939,Balvan Patla,71,M,False
7843,9940,Unni Mangat,70,F,False
7844,9942,Chavvi Upadhyay,70,F,False
7845,9945,Jeremiah Kala,38,M,False
7846,9947,Banjeet Bains,9,M,False
7847,9948,Naveen Dhar,49,F,False
7848,9953,Xavier Sathe,60,F,False
7849,9954,Osha Dhar,33,M,False
7850,9954,Isaiah Pal,74,F,False
7851,9955,Chanchal Nayak,33,M,False
7852,9957,Adya Ravel,65,M,False
7853,9960,Ethan Mital,65,F,False
7854,9960,Fiyaz Muni,10,M,False
7855,9961,Ekaraj Kapoor,59,F,False
7856,9962,Radha Deshmukh,12,M,False
7857,9964,Chandani Jaggi,74,M,False
7858,9964,David Dhillon,5,M,False
7859,9965,Gaurika Choudhry,57,M,False
7860,9965,Balendra Kothari,62,M,False
7861,9966,Gavin Anand,10,F,False
7862,9969,Yashasvi Choudhry,77,F,False
7863,9969,Kevin Garde,41,F,False
7864,9970,Indira Divan,5,M,False
7865,9972,Darika Ramakrishnan,17,M,False
7866,9975,Zaitra Krish,21,F,False
7867,9976,Hritik Atwal,41,F,False
7868,9977,Azaan Kale,73,F,False
7869,9978,Logan Butala,14,F,False
7870,9979,Hemang Dhingra,80,F,False
7871,9984,Farhan Nori,34,M,False
7872,9984,Qushi Vala,33,F,False
7873,9985,Avi Puri,63,F,False
7874,9986,Rachita Shukla,26,M,False
7875,9987,Ansh Nagi,38,M,False
7876,9988,Jack Kapadia,13,F,False
7877,9989,Vanya Bhandari,53,F,False
7878,9989,Widisha Solanki,13,M,False
7879,9990,Nitara Wagle,35,F,False
7880,9991,Lavanya Raghavan,19,F,False
7881,9993,Tara Varty,79,F,False
7882,9994,Noah Setty,24,F,False
7883,9995,Oviya Madan,12,F,False
7884,9995,Yochana Peri,5,M,False
7885,9998,Zinal Sachdev,77,M,False
7886,9999,Dhruv Kaul,15,F,False
7887,9999,Amruta Karnik,22,M,False
